stock_name,primary_sector,sub_sector,classification_confidence,source_combination,momentum_score,momentum_rank,market_excess_return_1d,market_excess_return_3d,market_excess_return_5d,market_down_day_outperformance_count_5d,market_down_day_outperformance_count_10d,market_down_days_5d,market_down_days_10d,rs_market_pct_day0,rs_market_pct_day_minus_3,rs_market_pct_day_minus_5,rs_slope_3d,rs_slope_5d,momentum_rank_change_1d,momentum_rank_change_3d,trend_efficiency_5d,trend_efficiency_10d,max_drawdown_prior_5d,max_drawdown_prior_10d,institution_buy_days_5d,institution_buy_days_10d,institution_flow_3d,institution_flow_previous_3d,institution_flow_acceleration,flow_support_on_market_down_days,return_1d,return_3d,return_5d,volume_ratio_1d_20d,production_market_regime,market_path_state,down_survival_ratio,institution_flow_persistence,down_survival_ratio_top120_percentile,down_survival_ratio_state_percentile,momentum_rank_change_3d_top120_percentile,momentum_rank_change_3d_state_percentile,trend_efficiency_10d_top120_percentile,trend_efficiency_10d_state_percentile,institution_flow_persistence_top120_percentile,institution_flow_persistence_state_percentile,primary_pocket_state,primary_pocket_strength_streak,sub_pocket_state,sub_pocket_strength_streak,pocket_state,down_survival_ratio_pocket_percentile,bundle_A,bundle_B,bundle_C,stock_id,evaluation_date,episode_start_date,episode_kind,missing_top120_sessions_before_entry,comparable_phase3e_cohort,dataset,entry_close,outcome,policy0,policy0_data_source,policy1,policy2,policy3,policy3_bundle_chosen_on_dataset_a,cohort_source,future_trade_date_1d,future_trade_date_3d,future_trade_date_5d,future_trade_date_10d,future_return_1d,future_return_3d,future_return_5d,future_return_10d,episode_outcome,mfe_10d,mae_10d,observed_mfe_to_date,observed_mae_to_date,barrier_outcome,available_forward_sessions,maturity_status,branch_r_eligible,branch_exclusion_state,outcome_maturity_status,branch_maturity_status,missing_required_feature,survival_threshold,survival_pass,market_threshold,market_gate_pass,r1_market_plus_survival_pass,r2_survival_only_pass,shadow_state,decision_date,feature_as_of_date,max_source_date,point_in_time_valid,predicate_trace
大統益,FOOD,原物料,HIGH,A,68.9,76.0,3.72294112892444,3.2884532022433244,6.06457839167941,3,4,3,4,52.73775216138328,35.30685920577617,41.40173410404624,5.810297651869038,2.267203611467409,88.0,94.0,0.391304347826087,0.5555555555555556,-2.348993288590606,-2.348993288590606,2,3,42966866.0,28604866.5,14361999.5,0.25,3.7800687285223455,3.0716723549488067,3.0716723549488067,2.466696495377177,VOLATILE_RANGE,RISK_OFF,1.0,0.3,92.5,92.5,93.33333333333331,93.33333333333331,78.33333333333333,78.33333333333333,7.916666666666666,7.916666666666666,EMERGING_POCKET,0.0,EMERGING_POCKET,1.0,EMERGING_POCKET,88.29787234042553,True,True,False,1232,2026-07-13,2026-07-13,WINDOW_FIRST_SEEN,,True,C,151.0,,1.0,RECONSTRUCTED_TOP120_FIRST_SEEN_PROXY,1.0,0.0,0.0,bundle_A,EXISTING_PENDING,2026-07-14,2026-07-16,2026-07-20,2026-07-27,0.3311258278145601,7.284768211920523,5.629139072847678,1.655629139072845,NEUTRAL,17.88079470198676,-0.6622516556291425,17.88079470198676,-0.6622516556291425,HIT_WINNER_FIRST,10,MATURED,True,ELIGIBLE_WEAK_MARKET,MATURED,MATURED,False,70.0,True,90.0,True,True,True,RISK_CONTROL_PRIMARY_SHADOW,2026-07-13,2026-07-13,2026-07-13,True,"[{""predicate"": ""BRANCH_R_MARKET_STATE"", ""feature"": ""market_path_state"", ""raw"": ""RISK_OFF"", ""pass"": true}, {""predicate"": ""MARKET_PUBLISHING"", ""feature"": ""down_survival_ratio_top120_percentile"", ""raw"": 92.5, ""comparison"": "">="", ""threshold"": 90.0, ""pass"": true}, {""predicate"": ""SURVIVAL_BUNDLE_A"", ""feature"": ""down_survival_ratio_top120_percentile"", ""raw"": 92.5, ""comparison"": "">="", ""threshold"": 70.0, ""pass"": true}]"
亞聚,PETROCHEMICAL,工業用合成樹脂,HIGH,A,69.7,69.0,0.9667631853850224,-1.7699741195928875,-3.631699641502829,0,1,3,4,86.23919308357348,87.50902527075812,88.4393063583815,-0.423277395728211,-0.4400226549616036,,,0.7777777777777772,0.2957746478873244,-7.57097791798107,-7.57097791798107,3,6,-2010126.299999999,6073281.649999999,-8083407.949999999,0.75,1.0238907849829282,-1.9867549668874052,-6.624605678233431,0.6047568920270749,VOLATILE_RANGE,RISK_OFF,0.25,0.6,12.083333333333334,12.083333333333334,,,38.333333333333336,38.333333333333336,56.666666666666664,56.666666666666664,EMERGING_POCKET,0.0,,,EMERGING_POCKET,10.638297872340424,False,False,False,1308,2026-07-13,2026-07-13,WINDOW_FIRST_SEEN,,True,C,14.8,,1.0,RECONSTRUCTED_TOP120_FIRST_SEEN_PROXY,0.0,0.0,0.0,bundle_A,EXISTING_PENDING,2026-07-14,2026-07-16,2026-07-20,2026-07-27,-1.6891891891891886,1.6891891891891886,-5.067567567567566,-10.135135135135132,LOSER,3.716216216216206,-11.148648648648651,3.716216216216206,-11.148648648648651,HIT_LOSER_FIRST,10,MATURED,True,ELIGIBLE_WEAK_MARKET,MATURED,MATURED,False,70.0,False,90.0,False,False,False,FILTERED_BY_RISK_CONTROL_SHADOW,2026-07-13,2026-07-13,2026-07-13,True,"[{""predicate"": ""BRANCH_R_MARKET_STATE"", ""feature"": ""market_path_state"", ""raw"": ""RISK_OFF"", ""pass"": true}, {""predicate"": ""MARKET_PUBLISHING"", ""feature"": ""down_survival_ratio_top120_percentile"", ""raw"": 12.083333333333334, ""comparison"": "">="", ""threshold"": 90.0, ""pass"": false}, {""predicate"": ""SURVIVAL_BUNDLE_A"", ""feature"": ""down_survival_ratio_top120_percentile"", ""raw"": 12.083333333333334, ""comparison"": "">="", ""threshold"": 70.0, ""pass"": false}]"
南港,AUTOMOTIVE,輪胎,HIGH,D,71.2,59.0,1.5605194592256175,1.5364289411361365,6.436019809185678,3,4,3,4,72.91066282420749,78.19494584837545,69.14739884393063,-1.761427674722654,0.7526527960553722,,,0.5609756097560996,0.6071428571428575,-1.317715959004384,-2.0408163265306145,4,8,33735881.0,145006832.25,-111270951.25,1.0,1.6176470588235237,1.3196480938416189,3.4431137724550753,0.7385633381619456,VOLATILE_RANGE,RISK_OFF,1.0,0.8,92.5,92.5,,,89.16666666666667,89.16666666666667,85.83333333333333,85.83333333333333,NO_POCKET,0.0,,,NO_POCKET,95.0,True,False,False,2101,2026-07-13,2026-07-13,WINDOW_FIRST_SEEN,,True,C,34.55,,1.0,RECONSTRUCTED_TOP120_FIRST_SEEN_PROXY,1.0,0.0,0.0,bundle_A,EXISTING_PENDING,2026-07-14,2026-07-16,2026-07-20,2026-07-27,-1.0130246020260358,0.0,-3.039073806078141,-4.052098408104188,NEUTRAL,2.170767004341534,-5.209840810419674,2.170767004341534,-5.209840810419674,NO_BARRIER_HIT,10,MATURED,True,ELIGIBLE_WEAK_MARKET,MATURED,MATURED,False,70.0,True,90.0,True,True,True,RISK_CONTROL_PRIMARY_SHADOW,2026-07-13,2026-07-13,2026-07-13,True,"[{""predicate"": ""BRANCH_R_MARKET_STATE"", ""feature"": ""market_path_state"", ""raw"": ""RISK_OFF"", ""pass"": true}, {""predicate"": ""MARKET_PUBLISHING"", ""feature"": ""down_survival_ratio_top120_percentile"", ""raw"": 92.5, ""comparison"": "">="", ""threshold"": 90.0, ""pass"": true}, {""predicate"": ""SURVIVAL_BUNDLE_A"", ""feature"": ""down_survival_ratio_top120_percentile"", ""raw"": 92.5, ""comparison"": "">="", ""threshold"": 70.0, ""pass"": true}]"
東訊,COMMUNICATION_NETWORK,無線通訊設備(如行動電話、衛星定位系統、衛星通訊設備、微波通訊設備、數位機上盒),HIGH,AC,63.7,113.0,9.690164819174662,12.809373439887096,,2,2,3,4,90.92219020172912,,0.0,,18.18443804034582,64.0,,0.4444444444444443,0.333333333333333,-7.352941176470584,-9.35251798561152,1,1,2112.7999999999997,0.0,2112.7999999999997,0.0,9.747292418772568,12.592592592592576,,4.937197984111479,VOLATILE_RANGE,RISK_OFF,0.5,0.1,36.666666666666664,36.666666666666664,,,45.83333333333333,45.83333333333333,1.6666666666666667,1.6666666666666667,EMERGING_POCKET,0.0,EMERGING_POCKET,0.0,EMERGING_POCKET,29.78723404255319,False,False,False,2321,2026-07-13,2026-07-13,WINDOW_FIRST_SEEN,,True,C,15.2,,1.0,RECONSTRUCTED_TOP120_FIRST_SEEN_PROXY,0.0,0.0,0.0,bundle_A,EXISTING_PENDING,2026-07-14,2026-07-16,2026-07-20,2026-07-27,2.3026315789473673,2.3026315789473673,0.0,-1.3157894736842035,NEUTRAL,9.868421052631572,-100.0,9.868421052631572,-100.0,HIT_LOSER_FIRST,10,MATURED,True,ELIGIBLE_WEAK_MARKET,MATURED,MATURED,False,70.0,False,90.0,False,False,False,FILTERED_BY_RISK_CONTROL_SHADOW,2026-07-13,2026-07-13,2026-07-13,True,"[{""predicate"": ""BRANCH_R_MARKET_STATE"", ""feature"": ""market_path_state"", ""raw"": ""RISK_OFF"", ""pass"": true}, {""predicate"": ""MARKET_PUBLISHING"", ""feature"": ""down_survival_ratio_top120_percentile"", ""raw"": 36.666666666666664, ""comparison"": "">="", ""threshold"": 90.0, ""pass"": false}, {""predicate"": ""SURVIVAL_BUNDLE_A"", ""feature"": ""down_survival_ratio_top120_percentile"", ""raw"": 36.666666666666664, ""comparison"": "">="", ""threshold"": 70.0, ""pass"": false}]"
佳能,COMPUTER_PERIPHERALS,光學鏡片、鏡頭,HIGH,A,62.0,120.0,0.6095390670687539,1.15260972429988,0.9176790587798966,2,3,3,4,76.44092219020173,60.0,27.023121387283236,5.48030739673391,9.883560160583698,13.0,,0.44444444444444,0.0560000000000001,-3.3591731266150004,-3.3591731266150004,3,6,63293445.5,9894828.599999994,53398616.900000006,0.75,0.6666666666666599,0.9358288770053624,-2.075226977950706,1.0377941016819408,VOLATILE_RANGE,RISK_OFF,0.75,0.6,68.33333333333333,68.33333333333333,,,2.5,2.5,56.666666666666664,56.666666666666664,EMERGING_POCKET,0.0,EMERGING_POCKET,1.0,EMERGING_POCKET,58.51063829787234,False,False,False,2374,2026-07-13,2026-07-13,WINDOW_FIRST_SEEN,,True,C,75.5,,1.0,RECONSTRUCTED_TOP120_FIRST_SEEN_PROXY,0.0,0.0,0.0,bundle_A,EXISTING_PENDING,2026-07-14,2026-07-16,2026-07-20,2026-07-27,-4.238410596026498,-4.635761589403975,-13.642384105960259,-9.801324503311271,LOSER,0.7947019867549532,-15.629139072847675,0.7947019867549532,-15.629139072847675,HIT_LOSER_FIRST,10,MATURED,True,ELIGIBLE_WEAK_MARKET,MATURED,MATURED,False,70.0,False,90.0,False,False,False,FILTERED_BY_RISK_CONTROL_SHADOW,2026-07-13,2026-07-13,2026-07-13,True,"[{""predicate"": ""BRANCH_R_MARKET_STATE"", ""feature"": ""market_path_state"", ""raw"": ""RISK_OFF"", ""pass"": true}, {""predicate"": ""MARKET_PUBLISHING"", ""feature"": ""down_survival_ratio_top120_percentile"", ""raw"": 68.33333333333333, ""comparison"": "">="", ""threshold"": 90.0, ""pass"": false}, {""predicate"": ""SURVIVAL_BUNDLE_A"", ""feature"": ""down_survival_ratio_top120_percentile"", ""raw"": 68.33333333333333, ""comparison"": "">="", ""threshold"": 70.0, ""pass"": false}]"
連宇,COMMUNICATION_NETWORK,網通線材,HIGH,A,66.1,91.0,3.0590197091839633,3.332928156076387,10.051729566142363,3,4,3,4,87.7521613832853,70.97472924187726,44.94219653179191,5.592477380469347,8.561992970298679,,,0.7500000000000006,0.5185185185185175,-1.1331444759206777,-2.3809523809523947,4,8,2093627.8000000005,2648294.499999999,-554666.6999999988,1.0,3.116147308781869,3.116147308781869,7.058823529411762,2.7767088402157767,VOLATILE_RANGE,RISK_OFF,1.0,0.8,92.5,92.5,,,74.16666666666667,74.16666666666667,85.83333333333333,85.83333333333333,EMERGING_POCKET,0.0,,,EMERGING_POCKET,88.29787234042553,True,True,True,2482,2026-07-13,2026-07-13,WINDOW_FIRST_SEEN,,True,C,18.2,,1.0,RECONSTRUCTED_TOP120_FIRST_SEEN_PROXY,1.0,0.0,0.0,bundle_A,EXISTING_PENDING,2026-07-14,2026-07-16,2026-07-20,2026-07-27,0.0,5.494505494505497,0.8241758241758435,-1.098901098901095,NEUTRAL,15.1098901098901,-4.945054945054938,15.1098901098901,-4.945054945054938,HIT_WINNER_FIRST,10,MATURED,True,ELIGIBLE_WEAK_MARKET,MATURED,MATURED,False,70.0,True,90.0,True,True,True,RISK_CONTROL_PRIMARY_SHADOW,2026-07-13,2026-07-13,2026-07-13,True,"[{""predicate"": ""BRANCH_R_MARKET_STATE"", ""feature"": ""market_path_state"", ""raw"": ""RISK_OFF"", ""pass"": true}, {""predicate"": ""MARKET_PUBLISHING"", ""feature"": ""down_survival_ratio_top120_percentile"", ""raw"": 92.5, ""comparison"": "">="", ""threshold"": 90.0, ""pass"": true}, {""predicate"": ""SURVIVAL_BUNDLE_A"", ""feature"": ""down_survival_ratio_top120_percentile"", ""raw"": 92.5, ""comparison"": "">="", ""threshold"": 70.0, ""pass"": true}]"
智易,COMMUNICATION_NETWORK,網路設備(如數據機、網路卡、閘道器、路由器、網路電話),HIGH,A,69.3,72.0,1.4892641529794082,2.0255663770102905,2.739741479768576,3,3,3,4,84.65417867435158,75.45126353790614,77.16763005780346,3.067638378815147,1.497309723309624,,,0.0476190476190476,0.5081967213114754,-2.0253164556962022,-2.0253164556962022,5,9,74704039.0,38518523.5,36185515.5,0.75,1.546391752577314,1.8087855297157729,-0.2531645569620266,0.3464966453351006,VOLATILE_RANGE,RISK_OFF,0.75,0.9,68.33333333333333,68.33333333333333,,,72.5,72.5,94.16666666666669,94.16666666666669,EMERGING_POCKET,0.0,NO_POCKET,0.0,EMERGING_POCKET,58.51063829787234,False,False,False,3596,2026-07-13,2026-07-13,WINDOW_FIRST_SEEN,,True,C,197.0,,1.0,RECONSTRUCTED_TOP120_FIRST_SEEN_PROXY,0.0,0.0,0.0,bundle_A,EXISTING_PENDING,2026-07-14,2026-07-16,2026-07-20,2026-07-27,-3.8071065989847663,-4.060913705583758,-9.644670050761416,-6.091370558375631,LOSER,0.0,-13.451776649746193,0.0,-13.451776649746193,HIT_LOSER_FIRST,10,MATURED,True,ELIGIBLE_WEAK_MARKET,MATURED,MATURED,False,70.0,False,90.0,False,False,False,FILTERED_BY_RISK_CONTROL_SHADOW,2026-07-13,2026-07-13,2026-07-13,True,"[{""predicate"": ""BRANCH_R_MARKET_STATE"", ""feature"": ""market_path_state"", ""raw"": ""RISK_OFF"", ""pass"": true}, {""predicate"": ""MARKET_PUBLISHING"", ""feature"": ""down_survival_ratio_top120_percentile"", ""raw"": 68.33333333333333, ""comparison"": "">="", ""threshold"": 90.0, ""pass"": false}, {""predicate"": ""SURVIVAL_BUNDLE_A"", ""feature"": ""down_survival_ratio_top120_percentile"", ""raw"": 68.33333333333333, ""comparison"": "">="", ""threshold"": 70.0, ""pass"": false}]"
海華,COMMUNICATION_NETWORK,網路設備(如數據機、網路卡、閘道器、路由器、網路電話),HIGH,A,71.5,57.0,3.942872400402075,10.31450071700134,3.8884284247903023,1,1,3,4,90.27377521613832,35.5956678700361,41.97976878612717,18.22603578203408,9.658801286002234,,,0.0508474576271181,0.4423791821561334,-8.358208955223878,-8.358208955223878,3,5,5930219.200000007,-34668003.5,40598222.7,0.5,3.999999999999982,10.097719869706822,0.8955223880596996,2.1912934453713997,VOLATILE_RANGE,RISK_OFF,0.25,0.5,12.083333333333334,12.083333333333334,,,60.0,60.0,39.58333333333333,39.58333333333333,EMERGING_POCKET,0.0,NO_POCKET,0.0,EMERGING_POCKET,10.638297872340424,False,False,False,3694,2026-07-13,2026-07-13,WINDOW_FIRST_SEEN,,True,C,67.6,,1.0,RECONSTRUCTED_TOP120_FIRST_SEEN_PROXY,0.0,0.0,0.0,bundle_A,EXISTING_PENDING,2026-07-14,2026-07-16,2026-07-20,2026-07-27,-2.810650887573951,-4.733727810650867,-10.798816568047332,-12.130177514792894,LOSER,6.360946745562157,-13.165680473372765,6.360946745562157,-13.165680473372765,HIT_LOSER_FIRST,10,MATURED,True,ELIGIBLE_WEAK_MARKET,MATURED,MATURED,False,70.0,False,90.0,False,False,False,FILTERED_BY_RISK_CONTROL_SHADOW,2026-07-13,2026-07-13,2026-07-13,True,"[{""predicate"": ""BRANCH_R_MARKET_STATE"", ""feature"": ""market_path_state"", ""raw"": ""RISK_OFF"", ""pass"": true}, {""predicate"": ""MARKET_PUBLISHING"", ""feature"": ""down_survival_ratio_top120_percentile"", ""raw"": 12.083333333333334, ""comparison"": "">="", ""threshold"": 90.0, ""pass"": false}, {""predicate"": ""SURVIVAL_BUNDLE_A"", ""feature"": ""down_survival_ratio_top120_percentile"", ""raw"": 12.083333333333334, ""comparison"": "">="", ""threshold"": 70.0, ""pass"": false}]"
元翎,ELECTRICAL_MACHINERY,金屬加工處理,HIGH,B,73.2,47.0,8.751162555842495,19.874900505414175,18.061399187415528,2,3,3,4,97.47838616714698,87.2202166064982,89.378612716763,3.419389853549594,1.6199546900767956,,,0.4621848739495802,0.6363636363636367,-8.355091383811997,-8.355091383811997,2,5,13060670.5,-23854700.199999988,36915370.69999999,0.0,8.808290155440401,19.658119658119656,15.068493150684926,4.097865008435272,VOLATILE_RANGE,RISK_OFF,0.75,0.5,68.33333333333333,68.33333333333333,,,90.0,90.0,39.58333333333333,39.58333333333333,EMERGING_POCKET,1.0,EMERGING_POCKET,0.0,EMERGING_POCKET,58.51063829787234,False,False,False,4564,2026-07-13,2026-07-13,WINDOW_FIRST_SEEN,,True,C,21.0,,1.0,RECONSTRUCTED_TOP120_FIRST_SEEN_PROXY,0.0,0.0,0.0,bundle_A,EXISTING_PENDING,2026-07-14,2026-07-16,2026-07-20,2026-07-27,2.857142857142869,-4.761904761904767,-8.333333333333337,-17.619047619047613,LOSER,7.14285714285714,-19.523809523809533,7.14285714285714,-19.523809523809533,HIT_LOSER_FIRST,10,MATURED,True,ELIGIBLE_WEAK_MARKET,MATURED,MATURED,False,70.0,False,90.0,False,False,False,FILTERED_BY_RISK_CONTROL_SHADOW,2026-07-13,2026-07-13,2026-07-13,True,"[{""predicate"": ""BRANCH_R_MARKET_STATE"", ""feature"": ""market_path_state"", ""raw"": ""RISK_OFF"", ""pass"": true}, {""predicate"": ""MARKET_PUBLISHING"", ""feature"": ""down_survival_ratio_top120_percentile"", ""raw"": 68.33333333333333, ""comparison"": "">="", ""threshold"": 90.0, ""pass"": false}, {""predicate"": ""SURVIVAL_BUNDLE_A"", ""feature"": ""down_survival_ratio_top120_percentile"", ""raw"": 68.33333333333333, ""comparison"": "">="", ""threshold"": 70.0, ""pass"": false}]"
雙鍵,AGRI_TECH,農業科技業,MEDIUM,A,74.6,38.0,-10.027365694836,2.0686326991463777,3.826239370063933,2,3,3,4,92.36311239193084,82.8158844765343,76.58959537572254,3.1824093051321825,3.1547034032416605,,,0.0273224043715847,0.2195121951219512,-9.970238095238091,-9.970238095238091,2,5,-89787686.5,-23809934.0,-65977752.5,0.25,-9.970238095238091,1.85185185185186,0.8333333333333304,1.2553907841003111,VOLATILE_RANGE,RISK_OFF,0.75,0.5,68.33333333333333,68.33333333333333,,,29.166666666666668,29.166666666666668,39.58333333333333,39.58333333333333,NARROW_LEADERSHIP,0.0,NARROW_LEADERSHIP,0.0,NARROW_LEADERSHIP,73.68421052631578,False,False,False,4764,2026-07-13,2026-07-13,WINDOW_FIRST_SEEN,,True,C,302.5,,1.0,RECONSTRUCTED_TOP120_FIRST_SEEN_PROXY,0.0,0.0,0.0,bundle_A,EXISTING_PENDING,2026-07-14,2026-07-16,2026-07-20,2026-07-27,9.58677685950413,8.595041322314056,-11.900826446280988,-2.6446280991735516,NEUTRAL,23.636363636363633,-11.900826446280988,23.636363636363633,-11.900826446280988,HIT_WINNER_FIRST,10,MATURED,True,ELIGIBLE_WEAK_MARKET,MATURED,MATURED,False,70.0,False,90.0,False,False,False,FILTERED_BY_RISK_CONTROL_SHADOW,2026-07-13,2026-07-13,2026-07-13,True,"[{""predicate"": ""BRANCH_R_MARKET_STATE"", ""feature"": ""market_path_state"", ""raw"": ""RISK_OFF"", ""pass"": true}, {""predicate"": ""MARKET_PUBLISHING"", ""feature"": ""down_survival_ratio_top120_percentile"", ""raw"": 68.33333333333333, ""comparison"": "">="", ""threshold"": 90.0, ""pass"": false}, {""predicate"": ""SURVIVAL_BUNDLE_A"", ""feature"": ""down_survival_ratio_top120_percentile"", ""raw"": 68.33333333333333, ""comparison"": "">="", ""threshold"": 70.0, ""pass"": false}]"
友勁,COMMUNICATION_NETWORK,網路設備(如數據機、網路卡、閘道器、路由器、網路電話),HIGH,A,67.3,81.0,-5.39046093293124,14.487167113388944,9.599512643337215,1,2,3,4,96.39769452449568,85.05415162454874,88.94508670520231,3.78118096664898,1.4905215638586724,,,0.2062500000000001,0.3449781659388646,-6.706706706706711,-6.706706706706711,2,6,1526838.9000000004,2246190.26,-719351.3599999994,0.5,-5.333333333333334,14.270386266094429,6.606606606606613,6.007975148482683,VOLATILE_RANGE,RISK_OFF,0.5,0.6,36.666666666666664,36.666666666666664,,,47.5,47.5,56.666666666666664,56.666666666666664,EMERGING_POCKET,0.0,NO_POCKET,0.0,EMERGING_POCKET,29.78723404255319,False,False,False,6142,2026-07-13,2026-07-13,WINDOW_FIRST_SEEN,,True,C,10.65,,1.0,RECONSTRUCTED_TOP120_FIRST_SEEN_PROXY,0.0,0.0,0.0,bundle_A,EXISTING_PENDING,2026-07-14,2026-07-16,2026-07-20,2026-07-27,-5.164319248826299,-5.633802816901401,-12.863849765258228,-1.8779342723004744,NEUTRAL,-0.46948356807512415,-14.084507042253524,-0.46948356807512415,-14.084507042253524,HIT_LOSER_FIRST,10,MATURED,True,ELIGIBLE_WEAK_MARKET,MATURED,MATURED,False,70.0,False,90.0,False,False,False,FILTERED_BY_RISK_CONTROL_SHADOW,2026-07-13,2026-07-13,2026-07-13,True,"[{""predicate"": ""BRANCH_R_MARKET_STATE"", ""feature"": ""market_path_state"", ""raw"": ""RISK_OFF"", ""pass"": true}, {""predicate"": ""MARKET_PUBLISHING"", ""feature"": ""down_survival_ratio_top120_percentile"", ""raw"": 36.666666666666664, ""comparison"": "">="", ""threshold"": 90.0, ""pass"": false}, {""predicate"": ""SURVIVAL_BUNDLE_A"", ""feature"": ""down_survival_ratio_top120_percentile"", ""raw"": 36.666666666666664, ""comparison"": "">="", ""threshold"": 70.0, ""pass"": false}]"
天瀚,RETAIL_TRADE,製造商,HIGH,D,65.7,96.0,3.805533344608092,4.752417996322588,4.036747372847504,2,2,3,4,73.4149855907781,29.458483754512635,74.78323699421965,14.652167278755156,-0.2736502806883095,94.0,125.0,0.1162790697674419,0.2967032967032969,-3.966597077244261,-8.837209302325578,2,4,3572.6,23950.0,-20377.4,0.25,3.862660944205998,4.535637149028071,1.043841336116902,0.7927174357192647,VOLATILE_RANGE,RISK_OFF,0.5,0.4,36.666666666666664,36.666666666666664,97.77777777777776,97.77777777777776,39.166666666666664,39.166666666666664,22.5,22.5,NARROW_LEADERSHIP,0.0,EMERGING_POCKET,0.0,NARROW_LEADERSHIP,31.57894736842105,False,False,False,6225,2026-07-13,2026-07-13,WINDOW_FIRST_SEEN,,True,C,24.2,,1.0,RECONSTRUCTED_TOP120_FIRST_SEEN_PROXY,0.0,0.0,0.0,bundle_A,EXISTING_PENDING,2026-07-14,2026-07-16,2026-07-20,2026-07-27,1.8595041322313932,5.578512396694224,5.578512396694224,-0.619834710743794,NEUTRAL,12.396694214876035,-1.8595041322314043,12.396694214876035,-1.8595041322314043,HIT_WINNER_FIRST,10,MATURED,True,ELIGIBLE_WEAK_MARKET,MATURED,MATURED,False,70.0,False,90.0,False,False,False,FILTERED_BY_RISK_CONTROL_SHADOW,2026-07-13,2026-07-13,2026-07-13,True,"[{""predicate"": ""BRANCH_R_MARKET_STATE"", ""feature"": ""market_path_state"", ""raw"": ""RISK_OFF"", ""pass"": true}, {""predicate"": ""MARKET_PUBLISHING"", ""feature"": ""down_survival_ratio_top120_percentile"", ""raw"": 36.666666666666664, ""comparison"": "">="", ""threshold"": 90.0, ""pass"": false}, {""predicate"": ""SURVIVAL_BUNDLE_A"", ""feature"": ""down_survival_ratio_top120_percentile"", ""raw"": 36.666666666666664, ""comparison"": "">="", ""threshold"": 70.0, ""pass"": false}]"
晶心科,SEMICONDUCTOR,IP設計/IC設計代工服務,HIGH,CD,62.1,119.0,9.864543418678863,9.852197513961192,8.242906036730602,2,3,3,4,81.55619596541787,17.76173285198556,10.693641618497107,21.264821037810773,14.172510869384151,,,0.3684210526315789,0.3978494623655914,-4.249999999999998,-5.198019801980203,1,4,17881881.0,-17857336.0,35739217.0,0.25,9.921671018276768,9.635416666666677,5.249999999999999,1.6765083687852342,VOLATILE_RANGE,RISK_OFF,0.75,0.4,68.33333333333333,68.33333333333333,,,54.166666666666664,54.166666666666664,22.5,22.5,NO_POCKET,0.0,NARROW_LEADERSHIP,0.0,NARROW_LEADERSHIP,73.68421052631578,False,False,False,6533,2026-07-13,2026-07-13,WINDOW_FIRST_SEEN,,True,C,210.5,,1.0,RECONSTRUCTED_TOP120_FIRST_SEEN_PROXY,0.0,0.0,0.0,bundle_A,EXISTING_PENDING,2026-07-14,2026-07-16,2026-07-20,2026-07-27,6.888361045130642,8.313539192399055,9.738717339667469,1.4251781472684133,NEUTRAL,17.339667458432295,-1.6627078384798155,17.339667458432295,-1.6627078384798155,HIT_WINNER_FIRST,10,MATURED,True,ELIGIBLE_WEAK_MARKET,MATURED,MATURED,False,70.0,False,90.0,False,False,False,FILTERED_BY_RISK_CONTROL_SHADOW,2026-07-13,2026-07-13,2026-07-13,True,"[{""predicate"": ""BRANCH_R_MARKET_STATE"", ""feature"": ""market_path_state"", ""raw"": ""RISK_OFF"", ""pass"": true}, {""predicate"": ""MARKET_PUBLISHING"", ""feature"": ""down_survival_ratio_top120_percentile"", ""raw"": 68.33333333333333, ""comparison"": "">="", ""threshold"": 90.0, ""pass"": false}, {""predicate"": ""SURVIVAL_BUNDLE_A"", ""feature"": ""down_survival_ratio_top120_percentile"", ""raw"": 68.33333333333333, ""comparison"": "">="", ""threshold"": 70.0, ""pass"": false}]"
永道-KY,DIVERSIFIED_OTHER,,LOW,C,65.7,95.0,9.856665503850383,11.814155026725592,14.104017147841718,3,4,3,4,83.21325648414985,12.707581227436824,7.369942196531792,23.50189175223768,15.16866285752361,,,0.7727272727272728,0.7375000000000005,-1.6146393972012896,-1.6146393972012896,3,8,7742786.0,2494714.1,5248071.9,0.75,9.913793103448288,11.597374179431077,11.111111111111116,1.210485515521435,VOLATILE_RANGE,RISK_OFF,1.0,0.8,92.5,92.5,,,93.33333333333331,93.33333333333331,85.83333333333333,85.83333333333333,EMERGING_POCKET,0.0,,,EMERGING_POCKET,88.29787234042553,True,True,True,6863,2026-07-13,2026-07-13,WINDOW_FIRST_SEEN,,True,C,102.0,,1.0,RECONSTRUCTED_TOP120_FIRST_SEEN_PROXY,1.0,0.0,0.0,bundle_A,EXISTING_PENDING,2026-07-14,2026-07-16,2026-07-20,2026-07-27,2.941176470588225,2.941176470588225,-2.1568627450980427,23.039215686274517,WINNER,23.529411764705888,-3.8235294117647145,23.529411764705888,-3.8235294117647145,HIT_WINNER_FIRST,10,MATURED,True,ELIGIBLE_WEAK_MARKET,MATURED,MATURED,False,70.0,True,90.0,True,True,True,RISK_CONTROL_PRIMARY_SHADOW,2026-07-13,2026-07-13,2026-07-13,True,"[{""predicate"": ""BRANCH_R_MARKET_STATE"", ""feature"": ""market_path_state"", ""raw"": ""RISK_OFF"", ""pass"": true}, {""predicate"": ""MARKET_PUBLISHING"", ""feature"": ""down_survival_ratio_top120_percentile"", ""raw"": 92.5, ""comparison"": "">="", ""threshold"": 90.0, ""pass"": true}, {""predicate"": ""SURVIVAL_BUNDLE_A"", ""feature"": ""down_survival_ratio_top120_percentile"", ""raw"": 92.5, ""comparison"": "">="", ""threshold"": 70.0, ""pass"": true}]"
AMAX-KY,COMPUTER_PERIPHERALS,,HIGH,C,63.8,112.0,9.784142241671944,21.1958018263155,16.808695510414807,1,2,3,4,91.85878962536025,12.563176895306858,8.670520231213873,26.431870910017793,16.637653878829273,23.0,,0.5384615384615384,0.5772357723577236,-5.921052631578949,-7.741935483870965,3,7,17073139.0,-3646785.0,20719924.0,0.5,9.84126984126985,20.97902097902098,13.815789473684204,2.1671350026572447,VOLATILE_RANGE,RISK_OFF,0.5,0.7,36.666666666666664,36.666666666666664,,,85.0,85.0,73.33333333333333,73.33333333333333,EMERGING_POCKET,0.0,,,EMERGING_POCKET,29.78723404255319,False,False,False,6933,2026-07-13,2026-07-13,WINDOW_FIRST_SEEN,,True,C,173.0,,1.0,RECONSTRUCTED_TOP120_FIRST_SEEN_PROXY,0.0,0.0,0.0,bundle_A,EXISTING_PENDING,2026-07-14,2026-07-16,2026-07-20,2026-07-27,-5.780346820809246,-6.647398843930641,-5.491329479768781,-6.936416184971095,LOSER,3.7572254335260125,-15.606936416184968,3.7572254335260125,-15.606936416184968,HIT_LOSER_FIRST,10,MATURED,True,ELIGIBLE_WEAK_MARKET,MATURED,MATURED,False,70.0,False,90.0,False,False,False,FILTERED_BY_RISK_CONTROL_SHADOW,2026-07-13,2026-07-13,2026-07-13,True,"[{""predicate"": ""BRANCH_R_MARKET_STATE"", ""feature"": ""market_path_state"", ""raw"": ""RISK_OFF"", ""pass"": true}, {""predicate"": ""MARKET_PUBLISHING"", ""feature"": ""down_survival_ratio_top120_percentile"", ""raw"": 36.666666666666664, ""comparison"": "">="", ""threshold"": 90.0, ""pass"": false}, {""predicate"": ""SURVIVAL_BUNDLE_A"", ""feature"": ""down_survival_ratio_top120_percentile"", ""raw"": 36.666666666666664, ""comparison"": "">="", ""threshold"": 70.0, ""pass"": false}]"
威宏-KY,DIVERSIFIED_OTHER,,LOW,A,64.3,109.0,-3.353830896301202,4.8541173514562335,5.437609179920344,1,1,3,4,86.09510086455332,61.805054151624546,82.94797687861272,8.096682237642923,0.6294247971881191,,,0.1428571428571423,0.309734513274336,-4.86486486486486,-4.86486486486486,2,5,-6660130.75,409443.65,-7069574.4,0.25,-3.296703296703296,4.637336504161715,2.4447031431897415,0.996788725870876,VOLATILE_RANGE,RISK_OFF,0.25,0.5,12.083333333333334,12.083333333333334,,,40.833333333333336,40.833333333333336,39.58333333333333,39.58333333333333,EMERGING_POCKET,0.0,,,EMERGING_POCKET,10.638297872340424,False,False,False,8442,2026-07-13,2026-07-13,WINDOW_FIRST_SEEN,,True,C,44.0,,1.0,RECONSTRUCTED_TOP120_FIRST_SEEN_PROXY,0.0,0.0,0.0,bundle_A,EXISTING_PENDING,2026-07-14,2026-07-16,2026-07-20,2026-07-27,3.6363636363636376,3.6363636363636376,1.931818181818179,4.318181818181821,NEUTRAL,5.227272727272725,-1.1363636363636354,5.227272727272725,-1.1363636363636354,NO_BARRIER_HIT,10,MATURED,True,ELIGIBLE_WEAK_MARKET,MATURED,MATURED,False,70.0,False,90.0,False,False,False,FILTERED_BY_RISK_CONTROL_SHADOW,2026-07-13,2026-07-13,2026-07-13,True,"[{""predicate"": ""BRANCH_R_MARKET_STATE"", ""feature"": ""market_path_state"", ""raw"": ""RISK_OFF"", ""pass"": true}, {""predicate"": ""MARKET_PUBLISHING"", ""feature"": ""down_survival_ratio_top120_percentile"", ""raw"": 12.083333333333334, ""comparison"": "">="", ""threshold"": 90.0, ""pass"": false}, {""predicate"": ""SURVIVAL_BUNDLE_A"", ""feature"": ""down_survival_ratio_top120_percentile"", ""raw"": 12.083333333333334, ""comparison"": "">="", ""threshold"": 70.0, ""pass"": false}]"
新保,SECURITY_SERVICES,保全服務,HIGH,A,69.6,70.0,-0.0571275995979059,1.5664740988282522,4.094497224001092,3,4,3,4,57.27665706051873,49.31407942238267,56.57514450867052,2.6541925460453535,0.1403025103696421,,,0.6923076923076873,0.8095238095238063,-0.2447980416156681,-0.2447980416156681,4,8,33353448.34999999,4704007.300000001,28649441.049999993,0.75,0.0,1.3496932515337343,1.1015911872704898,1.6251511624947217,VOLATILE_RANGE,RISK_OFF,1.0,0.8,92.5,92.5,,,97.5,97.5,85.83333333333333,85.83333333333333,,,,,NO_POCKET,95.0,True,True,True,9925,2026-07-13,2026-07-13,WINDOW_FIRST_SEEN,,True,C,41.3,,1.0,RECONSTRUCTED_TOP120_FIRST_SEEN_PROXY,1.0,0.0,0.0,bundle_A,EXISTING_PENDING,2026-07-14,2026-07-16,2026-07-20,2026-07-27,-0.6053268765133124,0.2421307506053294,0.1210653753026758,-2.663438256658579,NEUTRAL,0.7263922518159882,-3.9951573849878907,0.7263922518159882,-3.9951573849878907,NO_BARRIER_HIT,10,MATURED,True,ELIGIBLE_WEAK_MARKET,MATURED,MATURED,False,70.0,True,90.0,True,True,True,RISK_CONTROL_PRIMARY_SHADOW,2026-07-13,2026-07-13,2026-07-13,True,"[{""predicate"": ""BRANCH_R_MARKET_STATE"", ""feature"": ""market_path_state"", ""raw"": ""RISK_OFF"", ""pass"": true}, {""predicate"": ""MARKET_PUBLISHING"", ""feature"": ""down_survival_ratio_top120_percentile"", ""raw"": 92.5, ""comparison"": "">="", ""threshold"": 90.0, ""pass"": true}, {""predicate"": ""SURVIVAL_BUNDLE_A"", ""feature"": ""down_survival_ratio_top120_percentile"", ""raw"": 92.5, ""comparison"": "">="", ""threshold"": 70.0, ""pass"": true}]"
百和,TEXTILE_FIBER,織帶/尼龍拉鍊,HIGH,A,62.8,116.0,-0.4904970470518521,2.2145610914676817,3.101838498604248,2,2,3,4,57.06051873198847,41.08303249097473,53.395953757225435,5.325828747004581,0.7329129949526078,,,0.0232558139534903,0.4500000000000004,-1.85185185185186,-1.85185185185186,3,6,48198114.55,6636700.8999999985,41561413.65,0.25,-0.4333694474539462,1.997780244173164,0.1089324618736453,1.157227237135161,VOLATILE_RANGE,RISK_OFF,0.5,0.6,36.666666666666664,36.666666666666664,,,61.66666666666667,61.66666666666667,56.666666666666664,56.666666666666664,NO_POCKET,0.0,,,NO_POCKET,55.00000000000001,False,False,False,9938,2026-07-13,2026-07-13,WINDOW_FIRST_SEEN,,True,C,45.95,,1.0,RECONSTRUCTED_TOP120_FIRST_SEEN_PROXY,0.0,0.0,0.0,bundle_A,EXISTING_PENDING,2026-07-14,2026-07-16,2026-07-20,2026-07-27,-0.9793253536452773,1.4145810663764857,1.5233949945592906,2.6115342763873617,NEUTRAL,4.243743199129479,-1.8498367791077275,4.243743199129479,-1.8498367791077275,NO_BARRIER_HIT,10,MATURED,True,ELIGIBLE_WEAK_MARKET,MATURED,MATURED,False,70.0,False,90.0,False,False,False,FILTERED_BY_RISK_CONTROL_SHADOW,2026-07-13,2026-07-13,2026-07-13,True,"[{""predicate"": ""BRANCH_R_MARKET_STATE"", ""feature"": ""market_path_state"", ""raw"": ""RISK_OFF"", ""pass"": true}, {""predicate"": ""MARKET_PUBLISHING"", ""feature"": ""down_survival_ratio_top120_percentile"", ""raw"": 36.666666666666664, ""comparison"": "">="", ""threshold"": 90.0, ""pass"": false}, {""predicate"": ""SURVIVAL_BUNDLE_A"", ""feature"": ""down_survival_ratio_top120_percentile"", ""raw"": 36.666666666666664, ""comparison"": "">="", ""threshold"": 70.0, ""pass"": false}]"
南染,TEXTILE_FIBER,染整,HIGH,A,62.1,118.0,3.975015093888412,-0.0726100267929297,3.3333679489383816,2,4,3,5,84.90974729241877,78.12949640287769,55.94808940158616,2.2600836298470264,5.7923315781665226,,,0.0491803278688519,0.0852713178294573,-5.9259259259259345,-5.9259259259259345,1,2,-567950.0,-617450.0,49500.0,0.4,2.559055118110254,-2.251407129455907,-0.5725190839694583,0.306411237067573,RISK_OFF,RISK_OFF,0.8,0.2,70.41666666666667,70.41666666666667,,,13.333333333333334,13.333333333333334,2.9166666666666665,2.9166666666666665,EMERGING_POCKET,0.0,EMERGING_POCKET,1.0,EMERGING_POCKET,68.51851851851852,True,True,False,1410,2026-07-14,2026-07-14,WINDOW_FIRST_SEEN,,True,C,26.05,,1.0,RECONSTRUCTED_TOP120_FIRST_SEEN_PROXY,0.0,0.0,0.0,bundle_A,EXISTING_PENDING,2026-07-15,2026-07-17,2026-07-21,,3.8387715930902067,2.111324376199608,3.454894433781175,,,,,9.788867562380045,-1.3435700575815779,,9,PENDING_DAY10,True,ELIGIBLE_WEAK_MARKET,PENDING_DAY10,PENDING_DAY10,False,70.0,True,90.0,False,False,True,FILTERED_BY_RISK_CONTROL_SHADOW,2026-07-14,2026-07-14,2026-07-14,True,"[{""predicate"": ""BRANCH_R_MARKET_STATE"", ""feature"": ""market_path_state"", ""raw"": ""RISK_OFF"", ""pass"": true}, {""predicate"": ""MARKET_PUBLISHING"", ""feature"": ""down_survival_ratio_top120_percentile"", ""raw"": 70.41666666666667, ""comparison"": "">="", ""threshold"": 90.0, ""pass"": false}, {""predicate"": ""SURVIVAL_BUNDLE_A"", ""feature"": ""down_survival_ratio_top120_percentile"", ""raw"": 70.41666666666667, ""comparison"": "">="", ""threshold"": 70.0, ""pass"": true}]"
昶和,TEXTILE_FIBER,織布,HIGH,A,74.9,55.0,11.2925031856547,11.605026610859692,12.442472398761485,3,5,3,5,91.5523465703971,67.6978417266187,60.273972602739725,7.9515016145928,6.255674793531476,,,0.7241379310344833,0.7894736842105269,-1.2195121951219523,-1.2195121951219523,4,9,169950.0,159100.0,10850.0,0.8,9.876543209876544,9.426229508196716,8.536585365853643,1.1729489651249838,RISK_OFF,RISK_OFF,1.0,0.9,91.25,91.25,,,95.83333333333334,95.83333333333334,95.0,95.0,EMERGING_POCKET,0.0,EMERGING_POCKET,0.0,EMERGING_POCKET,91.66666666666666,True,True,True,1468,2026-07-14,2026-07-14,WINDOW_FIRST_SEEN,,True,C,13.35,,1.0,RECONSTRUCTED_TOP120_FIRST_SEEN_PROXY,1.0,0.0,0.0,bundle_A,EXISTING_PENDING,2026-07-15,2026-07-17,2026-07-21,,-4.1198501872659055,1.8726591760299671,5.617977528089879,,,,,11.985018726591768,-7.86516853932584,,9,PENDING_DAY10,True,ELIGIBLE_WEAK_MARKET,PENDING_DAY10,PENDING_DAY10,False,70.0,True,90.0,True,True,True,RISK_CONTROL_PRIMARY_SHADOW,2026-07-14,2026-07-14,2026-07-14,True,"[{""predicate"": ""BRANCH_R_MARKET_STATE"", ""feature"": ""market_path_state"", ""raw"": ""RISK_OFF"", ""pass"": true}, {""predicate"": ""MARKET_PUBLISHING"", ""feature"": ""down_survival_ratio_top120_percentile"", ""raw"": 91.25, ""comparison"": "">="", ""threshold"": 90.0, ""pass"": true}, {""predicate"": ""SURVIVAL_BUNDLE_A"", ""feature"": ""down_survival_ratio_top120_percentile"", ""raw"": 91.25, ""comparison"": "">="", ""threshold"": 70.0, ""pass"": true}]"
儒鴻,TEXTILE_FIBER,織布,HIGH,A,68.1,82.0,2.149097805690181,4.410939959805837,10.252636258914038,3,5,3,5,57.40072202166065,28.992805755395683,11.463590483056958,9.469305422088322,9.187426307720738,,,0.6507936507936508,0.3103448275862069,-1.6152716593245242,-4.3010752688172005,5,8,375904631.5,597996489.0,-222091857.5,1.0,0.7331378299120228,2.2321428571428603,6.346749226006199,0.7066711851716099,RISK_OFF,RISK_OFF,1.0,0.8,91.25,91.25,,,47.5,47.5,84.58333333333333,84.58333333333333,EMERGING_POCKET,0.0,EMERGING_POCKET,0.0,EMERGING_POCKET,91.66666666666666,True,True,True,1476,2026-07-14,2026-07-14,WINDOW_FIRST_SEEN,,True,C,343.5,,1.0,RECONSTRUCTED_TOP120_FIRST_SEEN_PROXY,1.0,0.0,0.0,bundle_A,EXISTING_PENDING,2026-07-15,2026-07-17,2026-07-21,,-3.639010189228531,-2.911208151382827,0.0,,,,,1.1644832605531397,-4.8034934497816595,,9,PENDING_DAY10,True,ELIGIBLE_WEAK_MARKET,PENDING_DAY10,PENDING_DAY10,False,70.0,True,90.0,True,True,True,RISK_CONTROL_PRIMARY_SHADOW,2026-07-14,2026-07-14,2026-07-14,True,"[{""predicate"": ""BRANCH_R_MARKET_STATE"", ""feature"": ""market_path_state"", ""raw"": ""RISK_OFF"", ""pass"": true}, {""predicate"": ""MARKET_PUBLISHING"", ""feature"": ""down_survival_ratio_top120_percentile"", ""raw"": 91.25, ""comparison"": "">="", ""threshold"": 90.0, ""pass"": true}, {""predicate"": ""SURVIVAL_BUNDLE_A"", ""feature"": ""down_survival_ratio_top120_percentile"", ""raw"": 91.25, ""comparison"": "">="", ""threshold"": 70.0, ""pass"": true}]"
五鼎,MEDICAL_DEVICE,體溫計、血壓計,HIGH,A,78.5,30.0,1.2528278387471723,4.519934226408817,5.062911826296279,3,5,3,5,83.75451263537906,74.60431654676259,36.770007209805335,3.050065362872156,9.396901085114743,,,0.3043478260869581,0.4468085106382986,-1.1570247933884392,-1.1570247933884392,3,7,7653287.0,-421420.8999999999,8074707.9,0.8,-0.1631321370309857,2.34113712374584,1.1570247933884392,2.1051276464067645,RISK_OFF,RISK_OFF,1.0,0.7,91.25,91.25,,,65.0,65.0,67.5,67.5,EMERGING_POCKET,0.0,EMERGING_POCKET,0.0,EMERGING_POCKET,91.66666666666666,True,True,True,1733,2026-07-14,2026-07-14,WINDOW_FIRST_SEEN,,True,C,30.6,,1.0,RECONSTRUCTED_TOP120_FIRST_SEEN_PROXY,1.0,0.0,0.0,bundle_A,EXISTING_PENDING,2026-07-15,2026-07-17,2026-07-21,,2.941176470588225,1.7973856209150263,4.411764705882337,,,,,6.5359477124183,-0.326797385620925,,9,PENDING_DAY10,True,ELIGIBLE_WEAK_MARKET,PENDING_DAY10,PENDING_DAY10,False,70.0,True,90.0,True,True,True,RISK_CONTROL_PRIMARY_SHADOW,2026-07-14,2026-07-14,2026-07-14,True,"[{""predicate"": ""BRANCH_R_MARKET_STATE"", ""feature"": ""market_path_state"", ""raw"": ""RISK_OFF"", ""pass"": true}, {""predicate"": ""MARKET_PUBLISHING"", ""feature"": ""down_survival_ratio_top120_percentile"", ""raw"": 91.25, ""comparison"": "">="", ""threshold"": 90.0, ""pass"": true}, {""predicate"": ""SURVIVAL_BUNDLE_A"", ""feature"": ""down_survival_ratio_top120_percentile"", ""raw"": 91.25, ""comparison"": "">="", ""threshold"": 70.0, ""pass"": true}]"
杏輝,PHARMACEUTICAL,中、西藥製劑,HIGH,A,67.6,88.0,0.8089797026370249,0.5271454510113349,0.7993781571682068,3,5,3,5,81.66064981949458,82.01438848920863,80.02883922134103,-0.1179128899046825,0.3263621196307099,,,1.0,0.0222222222222209,-3.106508875739633,-3.106508875739633,4,8,3924955.4,27397283.85,-23472328.45,0.8,-0.6069802731411333,-1.6516516516516422,-3.106508875739633,0.7435737590040179,RISK_OFF,RISK_OFF,1.0,0.8,91.25,91.25,,,5.833333333333333,5.833333333333333,84.58333333333333,84.58333333333333,EMERGING_POCKET,0.0,NARROW_LEADERSHIP,0.0,NARROW_LEADERSHIP,92.22222222222224,True,False,False,1734,2026-07-14,2026-07-14,WINDOW_FIRST_SEEN,,True,C,32.75,,1.0,RECONSTRUCTED_TOP120_FIRST_SEEN_PROXY,1.0,0.0,0.0,bundle_A,EXISTING_PENDING,2026-07-15,2026-07-17,2026-07-21,,0.3053435114503955,-1.526717557251911,-0.15267175572518665,,,,,0.6106870229007688,-6.106870229007633,,9,PENDING_DAY10,True,ELIGIBLE_WEAK_MARKET,PENDING_DAY10,PENDING_DAY10,False,70.0,True,90.0,True,True,True,RISK_CONTROL_PRIMARY_SHADOW,2026-07-14,2026-07-14,2026-07-14,True,"[{""predicate"": ""BRANCH_R_MARKET_STATE"", ""feature"": ""market_path_state"", ""raw"": ""RISK_OFF"", ""pass"": true}, {""predicate"": ""MARKET_PUBLISHING"", ""feature"": ""down_survival_ratio_top120_percentile"", ""raw"": 91.25, ""comparison"": "">="", ""threshold"": 90.0, ""pass"": true}, {""predicate"": ""SURVIVAL_BUNDLE_A"", ""feature"": ""down_survival_ratio_top120_percentile"", ""raw"": 91.25, ""comparison"": "">="", ""threshold"": 70.0, ""pass"": true}]"
東和鋼鐵,STEEL,鋼胚,HIGH,A,72.9,63.0,1.4159599757781582,4.213680823593213,6.238248548942837,3,4,3,5,74.8014440433213,67.76978417266187,61.28334534967556,2.3438866235531415,2.703619738729148,,,0.888888888888881,0.027777777777778,-0.1451378809869452,-3.7142857142857033,3,5,277861779.0,-82656461.39999998,360518240.4,0.6,0.0,2.034883720930236,2.3323615160349975,0.5387802685244408,RISK_OFF,RISK_OFF,0.8,0.5,70.41666666666667,70.41666666666667,,,7.5,7.5,27.916666666666668,27.916666666666668,EMERGING_POCKET,0.0,EMERGING_POCKET,0.0,EMERGING_POCKET,68.51851851851852,True,True,False,2006,2026-07-14,2026-07-14,WINDOW_FIRST_SEEN,,True,C,70.2,,1.0,RECONSTRUCTED_TOP120_FIRST_SEEN_PROXY,0.0,0.0,0.0,bundle_A,EXISTING_PENDING,2026-07-15,2026-07-17,2026-07-21,,2.2792022792022637,0.0,1.8518518518518379,,,,,4.131054131054124,-0.9971509971509973,,9,PENDING_DAY10,True,ELIGIBLE_WEAK_MARKET,PENDING_DAY10,PENDING_DAY10,False,70.0,True,90.0,False,False,True,FILTERED_BY_RISK_CONTROL_SHADOW,2026-07-14,2026-07-14,2026-07-14,True,"[{""predicate"": ""BRANCH_R_MARKET_STATE"", ""feature"": ""market_path_state"", ""raw"": ""RISK_OFF"", ""pass"": true}, {""predicate"": ""MARKET_PUBLISHING"", ""feature"": ""down_survival_ratio_top120_percentile"", ""raw"": 70.41666666666667, ""comparison"": "">="", ""threshold"": 90.0, ""pass"": false}, {""predicate"": ""SURVIVAL_BUNDLE_A"", ""feature"": ""down_survival_ratio_top120_percentile"", ""raw"": 70.41666666666667, ""comparison"": "">="", ""threshold"": 70.0, ""pass"": true}]"
燁輝,STEEL,冷熱軋鋼板捲,HIGH,A,69.1,81.0,0.7117346236654831,2.893082816948689,7.202590329611125,3,4,3,5,71.5523465703971,66.0431654676259,34.82335976928623,1.836393700923736,7.345797360222176,,,0.5294117647058828,0.3103448275862066,-0.7142857142857117,-1.465201465201471,5,7,18089022.799999997,31167762.5,-13078739.700000005,0.8,-0.7042253521126751,0.7142857142857117,3.296703296703285,1.2391144402877252,RISK_OFF,RISK_OFF,0.8,0.7,70.41666666666667,70.41666666666667,,,46.666666666666664,46.666666666666664,67.5,67.5,EMERGING_POCKET,0.0,,,EMERGING_POCKET,68.51851851851852,True,True,True,2023,2026-07-14,2026-07-14,WINDOW_FIRST_SEEN,,True,C,14.1,,1.0,RECONSTRUCTED_TOP120_FIRST_SEEN_PROXY,0.0,0.0,0.0,bundle_A,EXISTING_PENDING,2026-07-15,2026-07-17,2026-07-21,,-0.35460992907800915,-3.546099290780147,-2.4822695035460973,,,,,0.7092198581560183,-3.900709219858145,,9,PENDING_DAY10,True,ELIGIBLE_WEAK_MARKET,PENDING_DAY10,PENDING_DAY10,False,70.0,True,90.0,False,False,True,FILTERED_BY_RISK_CONTROL_SHADOW,2026-07-14,2026-07-14,2026-07-14,True,"[{""predicate"": ""BRANCH_R_MARKET_STATE"", ""feature"": ""market_path_state"", ""raw"": ""RISK_OFF"", ""pass"": true}, {""predicate"": ""MARKET_PUBLISHING"", ""feature"": ""down_survival_ratio_top120_percentile"", ""raw"": 70.41666666666667, ""comparison"": "">="", ""threshold"": 90.0, ""pass"": false}, {""predicate"": ""SURVIVAL_BUNDLE_A"", ""feature"": ""down_survival_ratio_top120_percentile"", ""raw"": 70.41666666666667, ""comparison"": "">="", ""threshold"": 70.0, ""pass"": true}]"
和泰車,EV_BATTERY,電動汽車、電動機車、電動自行車,HIGH,C,66.7,93.0,2.46859155472553,2.0747388300302982,4.640409593243611,2,4,3,5,82.16606498194946,46.47482014388489,26.532083633741887,11.89708161268819,11.126796269641511,,,0.1372549019607843,0.029126213592233,-1.1542497376705096,-2.925809822361547,5,7,63166474.0,148851655.0,-85685181.0,0.8,1.0526315789473717,-0.1040582726326788,0.7345225603357708,0.3706640129936163,RISK_OFF,RISK_OFF,0.8,0.7,70.41666666666667,70.41666666666667,,,8.333333333333332,8.333333333333332,67.5,67.5,NARROW_LEADERSHIP,0.0,EMERGING_POCKET,0.0,NARROW_LEADERSHIP,70.0,True,True,True,2207,2026-07-14,2026-07-14,WINDOW_FIRST_SEEN,,True,C,480.0,,1.0,RECONSTRUCTED_TOP120_FIRST_SEEN_PROXY,0.0,0.0,0.0,bundle_A,EXISTING_PENDING,2026-07-15,2026-07-17,2026-07-21,,0.0,1.2499999999999956,2.499999999999991,,,,,5.624999999999991,-0.6249999999999978,,9,PENDING_DAY10,True,ELIGIBLE_WEAK_MARKET,PENDING_DAY10,PENDING_DAY10,False,70.0,True,90.0,False,False,True,FILTERED_BY_RISK_CONTROL_SHADOW,2026-07-14,2026-07-14,2026-07-14,True,"[{""predicate"": ""BRANCH_R_MARKET_STATE"", ""feature"": ""market_path_state"", ""raw"": ""RISK_OFF"", ""pass"": true}, {""predicate"": ""MARKET_PUBLISHING"", ""feature"": ""down_survival_ratio_top120_percentile"", ""raw"": 70.41666666666667, ""comparison"": "">="", ""threshold"": 90.0, ""pass"": false}, {""predicate"": ""SURVIVAL_BUNDLE_A"", ""feature"": ""down_survival_ratio_top120_percentile"", ""raw"": 70.41666666666667, ""comparison"": "">="", ""threshold"": 70.0, ""pass"": true}]"
國賓,LEISURE_TOURISM,旅館服務業,HIGH,A,75.0,53.0,1.3063108529711265,3.852904245520117,4.903669738007599,3,5,3,5,84.11552346570397,77.19424460431655,76.27974044700792,2.307092953795807,1.5671566037392095,,,0.3913043478260789,0.3424657534246557,-0.6651884700665245,-1.903695408734607,4,6,2965010.0,-2604700.0,5569710.0,0.6,-0.1096491228070317,1.6741071428571397,0.997782705099759,0.9456652766810104,RISK_OFF,RISK_OFF,1.0,0.6,91.25,91.25,,,52.5,52.5,47.5,47.5,EMERGING_POCKET,0.0,NARROW_LEADERSHIP,0.0,NARROW_LEADERSHIP,92.22222222222224,True,True,False,2704,2026-07-14,2026-07-14,WINDOW_FIRST_SEEN,,True,C,45.55,,1.0,RECONSTRUCTED_TOP120_FIRST_SEEN_PROXY,1.0,0.0,0.0,bundle_A,EXISTING_PENDING,2026-07-15,2026-07-17,2026-07-21,,0.3293084522502765,0.0,2.414928649835346,,,,,4.720087815587282,-3.5126234906695863,,9,PENDING_DAY10,True,ELIGIBLE_WEAK_MARKET,PENDING_DAY10,PENDING_DAY10,False,70.0,True,90.0,True,True,True,RISK_CONTROL_PRIMARY_SHADOW,2026-07-14,2026-07-14,2026-07-14,True,"[{""predicate"": ""BRANCH_R_MARKET_STATE"", ""feature"": ""market_path_state"", ""raw"": ""RISK_OFF"", ""pass"": true}, {""predicate"": ""MARKET_PUBLISHING"", ""feature"": ""down_survival_ratio_top120_percentile"", ""raw"": 91.25, ""comparison"": "">="", ""threshold"": 90.0, ""pass"": true}, {""predicate"": ""SURVIVAL_BUNDLE_A"", ""feature"": ""down_survival_ratio_top120_percentile"", ""raw"": 91.25, ""comparison"": "">="", ""threshold"": 70.0, ""pass"": true}]"
大聯大,SEMICONDUCTOR,IC通路,HIGH,C,63.6,105.0,3.5527121125302874,15.448939282757769,12.542250669271482,3,4,3,5,92.85198555956678,25.53956834532374,25.594808940158615,22.43747240474768,13.451435323881634,,,0.5135135135135135,0.5357142857142857,-4.09090909090909,-4.09090909090909,2,2,11971447.5,-366781664.0,378753111.5,0.2,2.136752136752129,13.27014218009479,8.636363636363642,2.10695062657753,RISK_OFF,RISK_OFF,0.8,0.2,70.41666666666667,70.41666666666667,,,78.33333333333333,78.33333333333333,2.9166666666666665,2.9166666666666665,NO_POCKET,0.0,NARROW_LEADERSHIP,0.0,NARROW_LEADERSHIP,70.0,True,True,False,3702,2026-07-14,2026-07-14,WINDOW_FIRST_SEEN,,True,C,119.5,,1.0,RECONSTRUCTED_TOP120_FIRST_SEEN_PROXY,0.0,0.0,0.0,bundle_A,EXISTING_PENDING,2026-07-15,2026-07-17,2026-07-21,,-2.5104602510460206,-8.368200836820083,-6.694560669456062,,,,,2.9288702928870203,-12.133891213389125,,9,PENDING_DAY10,True,ELIGIBLE_WEAK_MARKET,PENDING_DAY10,PENDING_DAY10,False,70.0,True,90.0,False,False,True,FILTERED_BY_RISK_CONTROL_SHADOW,2026-07-14,2026-07-14,2026-07-14,True,"[{""predicate"": ""BRANCH_R_MARKET_STATE"", ""feature"": ""market_path_state"", ""raw"": ""RISK_OFF"", ""pass"": true}, {""predicate"": ""MARKET_PUBLISHING"", ""feature"": ""down_survival_ratio_top120_percentile"", ""raw"": 70.41666666666667, ""comparison"": "">="", ""threshold"": 90.0, ""pass"": false}, {""predicate"": ""SURVIVAL_BUNDLE_A"", ""feature"": ""down_survival_ratio_top120_percentile"", ""raw"": 70.41666666666667, ""comparison"": "">="", ""threshold"": 70.0, ""pass"": true}]"
佳醫,MEDICAL_DEVICE,醫療院所、醫療器材專賣店、藥局等通路,HIGH,A,63.2,111.0,2.264616269978992,5.064799988665869,6.201439400196218,3,5,3,5,73.93501805054152,36.97841726618705,33.38139870223504,12.318866928118156,8.110723869661296,,,0.6666666666666627,0.5384615384615362,-0.5738880918221057,-0.7225433526011571,5,9,32346725.9,14553501.8,17793224.099999998,1.0,0.8486562942008335,2.886002886002892,2.295552367288378,1.5508955986079735,RISK_OFF,RISK_OFF,1.0,0.9,91.25,91.25,,,79.16666666666666,79.16666666666666,95.0,95.0,EMERGING_POCKET,0.0,NARROW_LEADERSHIP,0.0,NARROW_LEADERSHIP,92.22222222222224,True,True,True,4104,2026-07-14,2026-07-14,WINDOW_FIRST_SEEN,,True,C,71.3,,1.0,RECONSTRUCTED_TOP120_FIRST_SEEN_PROXY,1.0,0.0,0.0,bundle_A,EXISTING_PENDING,2026-07-15,2026-07-17,2026-07-21,,1.4025245441795287,-0.8415147265077083,0.28050490883591017,,,,,1.4025245441795287,-1.6830294530154277,,9,PENDING_DAY10,True,ELIGIBLE_WEAK_MARKET,PENDING_DAY10,PENDING_DAY10,False,70.0,True,90.0,True,True,True,RISK_CONTROL_PRIMARY_SHADOW,2026-07-14,2026-07-14,2026-07-14,True,"[{""predicate"": ""BRANCH_R_MARKET_STATE"", ""feature"": ""market_path_state"", ""raw"": ""RISK_OFF"", ""pass"": true}, {""predicate"": ""MARKET_PUBLISHING"", ""feature"": ""down_survival_ratio_top120_percentile"", ""raw"": 91.25, ""comparison"": "">="", ""threshold"": 90.0, ""pass"": true}, {""predicate"": ""SURVIVAL_BUNDLE_A"", ""feature"": ""down_survival_ratio_top120_percentile"", ""raw"": 91.25, ""comparison"": "">="", ""threshold"": 70.0, ""pass"": true}]"
雃博,MEDICAL_DEVICE,其他,HIGH,A,75.0,52.0,0.419944039523179,7.92347795372681,8.758207708013344,3,5,3,5,87.14801444043322,36.906474820143885,40.014419610670515,16.747179873429776,9.42671896595254,,,0.5609756097560984,0.5555555555555565,-0.9960159362549792,-0.9960159362549792,3,7,5993218.2,1519405.7,4473812.5,0.6,-0.9960159362549792,5.7446808510638325,4.852320675105504,2.8255109412847617,RISK_OFF,RISK_OFF,1.0,0.7,91.25,91.25,,,80.0,80.0,67.5,67.5,EMERGING_POCKET,0.0,NARROW_LEADERSHIP,0.0,NARROW_LEADERSHIP,92.22222222222224,True,True,True,4106,2026-07-14,2026-07-14,WINDOW_FIRST_SEEN,,True,C,24.85,,1.0,RECONSTRUCTED_TOP120_FIRST_SEEN_PROXY,1.0,0.0,0.0,bundle_A,EXISTING_PENDING,2026-07-15,2026-07-17,2026-07-21,,0.6036217303822866,0.6036217303822866,0.6036217303822866,,,,,2.2132796780683917,-1.2072434607645954,,9,PENDING_DAY10,True,ELIGIBLE_WEAK_MARKET,PENDING_DAY10,PENDING_DAY10,False,70.0,True,90.0,True,True,True,RISK_CONTROL_PRIMARY_SHADOW,2026-07-14,2026-07-14,2026-07-14,True,"[{""predicate"": ""BRANCH_R_MARKET_STATE"", ""feature"": ""market_path_state"", ""raw"": ""RISK_OFF"", ""pass"": true}, {""predicate"": ""MARKET_PUBLISHING"", ""feature"": ""down_survival_ratio_top120_percentile"", ""raw"": 91.25, ""comparison"": "">="", ""threshold"": 90.0, ""pass"": true}, {""predicate"": ""SURVIVAL_BUNDLE_A"", ""feature"": ""down_survival_ratio_top120_percentile"", ""raw"": 91.25, ""comparison"": "">="", ""threshold"": 70.0, ""pass"": true}]"
泰博,MEDICAL_DEVICE,體溫計、血壓計,HIGH,A,63.2,112.0,1.8112168927742032,2.972447896313768,5.101106156413815,3,5,3,5,72.20216606498195,54.96402877697842,44.41240086517664,5.746045762667845,5.5579530399610615,,,0.6,0.4666666666666667,-0.3952569169960451,-0.8032128514056214,4,8,16244624.5,12833800.0,3410824.5,0.8,0.3952569169960451,0.7936507936507908,1.195219123505975,1.2317770242912691,RISK_OFF,RISK_OFF,1.0,0.8,91.25,91.25,,,70.0,70.0,84.58333333333333,84.58333333333333,EMERGING_POCKET,0.0,EMERGING_POCKET,0.0,EMERGING_POCKET,91.66666666666666,True,True,True,4736,2026-07-14,2026-07-14,WINDOW_FIRST_SEEN,,True,C,127.0,,1.0,RECONSTRUCTED_TOP120_FIRST_SEEN_PROXY,1.0,0.0,0.0,bundle_A,EXISTING_PENDING,2026-07-15,2026-07-17,2026-07-21,,0.7874015748031482,1.5748031496062964,2.3622047244094446,,,,,4.724409448818889,-0.3937007874015741,,9,PENDING_DAY10,True,ELIGIBLE_WEAK_MARKET,PENDING_DAY10,PENDING_DAY10,False,70.0,True,90.0,True,True,True,RISK_CONTROL_PRIMARY_SHADOW,2026-07-14,2026-07-14,2026-07-14,True,"[{""predicate"": ""BRANCH_R_MARKET_STATE"", ""feature"": ""market_path_state"", ""raw"": ""RISK_OFF"", ""pass"": true}, {""predicate"": ""MARKET_PUBLISHING"", ""feature"": ""down_survival_ratio_top120_percentile"", ""raw"": 91.25, ""comparison"": "">="", ""threshold"": 90.0, ""pass"": true}, {""predicate"": ""SURVIVAL_BUNDLE_A"", ""feature"": ""down_survival_ratio_top120_percentile"", ""raw"": 91.25, ""comparison"": "">="", ""threshold"": 70.0, ""pass"": true}]"
桂盟,STEEL,金屬製品,HIGH,A,72.5,66.0,1.979023038841221,5.895405697320366,6.667682199766278,3,4,3,5,66.13718411552347,63.381294964028775,60.8507570295602,0.9186297171648974,1.0572854171926536,,,0.5999999999999958,0.5294117647058806,-0.9205983889528312,-0.9205983889528312,4,8,14724505.8,132410.90000000014,14592094.9,0.8,0.5630630630630629,3.716608594657389,2.7617951668584384,1.98720750975136,RISK_OFF,RISK_OFF,0.8,0.8,70.41666666666667,70.41666666666667,,,77.5,77.5,84.58333333333333,84.58333333333333,EMERGING_POCKET,0.0,EMERGING_POCKET,0.0,EMERGING_POCKET,68.51851851851852,True,True,True,5306,2026-07-14,2026-07-14,WINDOW_FIRST_SEEN,,True,C,89.3,,1.0,RECONSTRUCTED_TOP120_FIRST_SEEN_PROXY,0.0,0.0,0.0,bundle_A,EXISTING_PENDING,2026-07-15,2026-07-17,2026-07-21,,1.2318029115341744,7.3908174692049355,3.5834266517357216,,,,,11.982082866741317,-0.5599104143337086,,9,PENDING_DAY10,True,ELIGIBLE_WEAK_MARKET,PENDING_DAY10,PENDING_DAY10,False,70.0,True,90.0,False,False,True,FILTERED_BY_RISK_CONTROL_SHADOW,2026-07-14,2026-07-14,2026-07-14,True,"[{""predicate"": ""BRANCH_R_MARKET_STATE"", ""feature"": ""market_path_state"", ""raw"": ""RISK_OFF"", ""pass"": true}, {""predicate"": ""MARKET_PUBLISHING"", ""feature"": ""down_survival_ratio_top120_percentile"", ""raw"": 70.41666666666667, ""comparison"": "">="", ""threshold"": 90.0, ""pass"": false}, {""predicate"": ""SURVIVAL_BUNDLE_A"", ""feature"": ""down_survival_ratio_top120_percentile"", ""raw"": 70.41666666666667, ""comparison"": "">="", ""threshold"": 70.0, ""pass"": true}]"
順天,BUILDING_MATERIALS_CONSTRUCTION,建設業,HIGH,D,63.0,114.0,0.7402843001024895,3.325586093488675,4.821218840688157,3,4,3,5,52.27436823104693,58.1294964028777,24.945926459985586,-1.951709390610257,5.465688354212269,28.0,,0.2499999999999989,0.4193548387096766,-0.6864988558352492,-0.6944444444444531,3,7,1043000.0,781.0,1042219.0,0.4,-0.6756756756756688,1.146788990825698,0.9153318077803174,0.997369520179459,RISK_OFF,RISK_OFF,0.8,0.7,70.41666666666667,70.41666666666667,,,62.5,62.5,67.5,67.5,EMERGING_POCKET,0.0,NARROW_LEADERSHIP,0.0,NARROW_LEADERSHIP,70.0,True,False,False,5525,2026-07-14,2026-07-14,WINDOW_FIRST_SEEN,,True,C,22.05,,1.0,RECONSTRUCTED_TOP120_FIRST_SEEN_PROXY,0.0,0.0,0.0,bundle_A,EXISTING_PENDING,2026-07-15,2026-07-17,2026-07-21,,0.22675736961450532,-1.13378684807256,5.668934240362811,,,,,8.39002267573694,-2.4943310657596363,,9,PENDING_DAY10,True,ELIGIBLE_WEAK_MARKET,PENDING_DAY10,PENDING_DAY10,False,70.0,True,90.0,False,False,True,FILTERED_BY_RISK_CONTROL_SHADOW,2026-07-14,2026-07-14,2026-07-14,True,"[{""predicate"": ""BRANCH_R_MARKET_STATE"", ""feature"": ""market_path_state"", ""raw"": ""RISK_OFF"", ""pass"": true}, {""predicate"": ""MARKET_PUBLISHING"", ""feature"": ""down_survival_ratio_top120_percentile"", ""raw"": 70.41666666666667, ""comparison"": "">="", ""threshold"": 90.0, ""pass"": false}, {""predicate"": ""SURVIVAL_BUNDLE_A"", ""feature"": ""down_survival_ratio_top120_percentile"", ""raw"": 70.41666666666667, ""comparison"": "">="", ""threshold"": 70.0, ""pass"": true}]"
東明-KY,STEEL,螺絲螺帽,HIGH,AC,67.2,90.0,2.017463735176672,4.472375084314351,4.9632888455966695,3,4,3,5,77.9783393501805,65.89928057553956,19.033886085075704,4.026352924880314,11.78889065302096,,,0.2121212121212131,0.2839506172839522,-1.9490254872563728,-3.539823008849541,3,7,700750.0000000001,731499.9999999999,-30749.999999999767,0.8,0.601503759398514,2.2935779816513735,1.0574018126888296,0.4499238173683872,RISK_OFF,RISK_OFF,0.8,0.7,70.41666666666667,70.41666666666667,,,41.66666666666667,41.66666666666667,67.5,67.5,EMERGING_POCKET,0.0,,,EMERGING_POCKET,68.51851851851852,True,True,True,5538,2026-07-14,2026-07-14,WINDOW_FIRST_SEEN,,True,C,33.45,,1.0,RECONSTRUCTED_TOP120_FIRST_SEEN_PROXY,0.0,0.0,0.0,bundle_A,EXISTING_PENDING,2026-07-15,2026-07-17,2026-07-21,,4.932735426008961,4.035874439461873,5.231689088191338,,,,,7.473841554559035,-3.288490284005985,,9,PENDING_DAY10,True,ELIGIBLE_WEAK_MARKET,PENDING_DAY10,PENDING_DAY10,False,70.0,True,90.0,False,False,True,FILTERED_BY_RISK_CONTROL_SHADOW,2026-07-14,2026-07-14,2026-07-14,True,"[{""predicate"": ""BRANCH_R_MARKET_STATE"", ""feature"": ""market_path_state"", ""raw"": ""RISK_OFF"", ""pass"": true}, {""predicate"": ""MARKET_PUBLISHING"", ""feature"": ""down_survival_ratio_top120_percentile"", ""raw"": 70.41666666666667, ""comparison"": "">="", ""threshold"": 90.0, ""pass"": false}, {""predicate"": ""SURVIVAL_BUNDLE_A"", ""feature"": ""down_survival_ratio_top120_percentile"", ""raw"": 70.41666666666667, ""comparison"": "">="", ""threshold"": 70.0, ""pass"": true}]"
正瀚-創,PETROCHEMICAL,農藥,HIGH,A,64.5,100.0,1.9535943843803083,3.259878183744047,7.564423618273697,3,5,3,5,82.52707581227436,72.23021582733813,43.403028118240805,3.4322866616454113,7.824809538806711,74.0,,1.0,0.5925925925925909,0.0,-1.2101210121012174,3,6,960392.0,6070929.6,-5110537.6,0.6,0.5376344086021501,1.08108108108107,3.658536585365857,1.6093293147517724,RISK_OFF,RISK_OFF,1.0,0.6,91.25,91.25,,,85.0,85.0,47.5,47.5,EMERGING_POCKET,0.0,,,EMERGING_POCKET,91.66666666666666,True,True,False,6534,2026-07-14,2026-07-14,WINDOW_FIRST_SEEN,,True,C,93.5,,1.0,RECONSTRUCTED_TOP120_FIRST_SEEN_PROXY,1.0,0.0,0.0,bundle_A,EXISTING_PENDING,2026-07-15,2026-07-17,2026-07-21,,0.21390374331551332,-1.8181818181818188,0.0,,,,,1.6042780748663166,-2.887700534759363,,9,PENDING_DAY10,True,ELIGIBLE_WEAK_MARKET,PENDING_DAY10,PENDING_DAY10,False,70.0,True,90.0,True,True,True,RISK_CONTROL_PRIMARY_SHADOW,2026-07-14,2026-07-14,2026-07-14,True,"[{""predicate"": ""BRANCH_R_MARKET_STATE"", ""feature"": ""market_path_state"", ""raw"": ""RISK_OFF"", ""pass"": true}, {""predicate"": ""MARKET_PUBLISHING"", ""feature"": ""down_survival_ratio_top120_percentile"", ""raw"": 91.25, ""comparison"": "">="", ""threshold"": 90.0, ""pass"": true}, {""predicate"": ""SURVIVAL_BUNDLE_A"", ""feature"": ""down_survival_ratio_top120_percentile"", ""raw"": 91.25, ""comparison"": "">="", ""threshold"": 70.0, ""pass"": true}]"
福貞-KY,STEEL,金屬製品,HIGH,A,70.3,77.0,3.022385678589401,4.194926134921051,5.922016065165914,3,5,3,5,80.72202166064982,61.007194244604314,62.07642393655372,6.571609138681834,3.72911954481922,,,0.7142857142857186,0.7777777777777817,-0.4016064257028051,-0.4098360655737654,3,4,556450.0,-185950.0,742400.0,0.6,1.6064257028112428,2.016129032258074,2.016129032258074,1.8905283096523864,RISK_OFF,RISK_OFF,1.0,0.4,91.25,91.25,,,93.33333333333331,93.33333333333331,11.666666666666666,11.666666666666666,EMERGING_POCKET,0.0,EMERGING_POCKET,0.0,EMERGING_POCKET,91.66666666666666,True,True,False,8411,2026-07-14,2026-07-14,WINDOW_FIRST_SEEN,,True,C,12.65,,1.0,RECONSTRUCTED_TOP120_FIRST_SEEN_PROXY,1.0,0.0,0.0,bundle_A,EXISTING_PENDING,2026-07-15,2026-07-17,2026-07-21,,0.0,-1.1857707509881465,0.39525691699604515,,,,,3.9525691699604737,-2.766798418972327,,9,PENDING_DAY10,True,ELIGIBLE_WEAK_MARKET,PENDING_DAY10,PENDING_DAY10,False,70.0,True,90.0,True,True,True,RISK_CONTROL_PRIMARY_SHADOW,2026-07-14,2026-07-14,2026-07-14,True,"[{""predicate"": ""BRANCH_R_MARKET_STATE"", ""feature"": ""market_path_state"", ""raw"": ""RISK_OFF"", ""pass"": true}, {""predicate"": ""MARKET_PUBLISHING"", ""feature"": ""down_survival_ratio_top120_percentile"", ""raw"": 91.25, ""comparison"": "">="", ""threshold"": 90.0, ""pass"": true}, {""predicate"": ""SURVIVAL_BUNDLE_A"", ""feature"": ""down_survival_ratio_top120_percentile"", ""raw"": 91.25, ""comparison"": "">="", ""threshold"": 70.0, ""pass"": true}]"
柏文,LEISURE_TOURISM,娛樂服務業,HIGH,A,90.7,1.0,5.790959975778154,9.230079153945026,14.501913522974077,3,5,3,5,93.5740072202166,87.84172661870504,81.75919250180245,1.910760200503854,2.362962943682831,,,1.0,1.0,0.0,0.0,5,10,107846881.0,30596732.0,77250149.0,1.0,4.374999999999996,7.051282051282048,10.596026490066237,4.120996224765809,RISK_OFF,RISK_OFF,1.0,1.0,91.25,91.25,,,100.0,100.0,100.0,100.0,EMERGING_POCKET,0.0,EMERGING_POCKET,0.0,EMERGING_POCKET,91.66666666666666,True,True,True,8462,2026-07-14,2026-07-14,WINDOW_FIRST_SEEN,,True,C,167.0,,1.0,RECONSTRUCTED_TOP120_FIRST_SEEN_PROXY,1.0,0.0,0.0,bundle_A,EXISTING_PENDING,2026-07-15,2026-07-17,2026-07-21,,-3.59281437125748,-6.287425149700598,-5.988023952095811,,,,,0.5988023952095745,-8.383233532934131,,9,PENDING_DAY10,True,ELIGIBLE_WEAK_MARKET,PENDING_DAY10,PENDING_DAY10,False,70.0,True,90.0,True,True,True,RISK_CONTROL_PRIMARY_SHADOW,2026-07-14,2026-07-14,2026-07-14,True,"[{""predicate"": ""BRANCH_R_MARKET_STATE"", ""feature"": ""market_path_state"", ""raw"": ""RISK_OFF"", ""pass"": true}, {""predicate"": ""MARKET_PUBLISHING"", ""feature"": ""down_survival_ratio_top120_percentile"", ""raw"": 91.25, ""comparison"": "">="", ""threshold"": 90.0, ""pass"": true}, {""predicate"": ""SURVIVAL_BUNDLE_A"", ""feature"": ""down_survival_ratio_top120_percentile"", ""raw"": 91.25, ""comparison"": "">="", ""threshold"": 70.0, ""pass"": true}]"
政伸,LEISURE_TOURISM,高爾夫球具業,HIGH,A,63.6,106.0,1.7709895615769633,2.4152037220483313,4.6184761065420465,3,5,3,5,67.5812274368231,70.93525179856115,59.336697909156456,-1.1180081205793515,1.6489059055333286,,,0.6000000000000114,0.8000000000000085,-0.236406619385332,-0.236406619385332,3,7,170050.0,41300.00000000006,128749.99999999994,1.0,0.355029585798805,0.2364066193853542,0.7125890736342066,1.1598639929120451,RISK_OFF,RISK_OFF,1.0,0.7,91.25,91.25,,,96.66666666666669,96.66666666666669,67.5,67.5,EMERGING_POCKET,0.0,,,EMERGING_POCKET,91.66666666666666,True,False,False,8481,2026-07-14,2026-07-14,WINDOW_FIRST_SEEN,,True,C,42.4,,1.0,RECONSTRUCTED_TOP120_FIRST_SEEN_PROXY,1.0,0.0,0.0,bundle_A,EXISTING_PENDING,2026-07-15,2026-07-17,2026-07-21,,3.5377358490566113,-1.8867924528301772,-5.07075471698113,,,,,4.952830188679247,-7.783018867924518,,9,PENDING_DAY10,True,ELIGIBLE_WEAK_MARKET,PENDING_DAY10,PENDING_DAY10,False,70.0,True,90.0,True,True,True,RISK_CONTROL_PRIMARY_SHADOW,2026-07-14,2026-07-14,2026-07-14,True,"[{""predicate"": ""BRANCH_R_MARKET_STATE"", ""feature"": ""market_path_state"", ""raw"": ""RISK_OFF"", ""pass"": true}, {""predicate"": ""MARKET_PUBLISHING"", ""feature"": ""down_survival_ratio_top120_percentile"", ""raw"": 91.25, ""comparison"": "">="", ""threshold"": 90.0, ""pass"": true}, {""predicate"": ""SURVIVAL_BUNDLE_A"", ""feature"": ""down_survival_ratio_top120_percentile"", ""raw"": 91.25, ""comparison"": "">="", ""threshold"": 70.0, ""pass"": true}]"
康師傅-DR,FOOD,食品飲料集團,HIGH,C,65.4,98.0,3.41595997577816,4.178797102662979,1.7736908708609334,2,4,3,5,86.28158844765343,19.85611510791367,18.16870944484499,22.14182444657992,13.622575800561687,24.0,,0.3571428571428575,0.4095238095238092,-4.051172707889128,-4.051172707889128,4,6,1651500.0,1927350.0,-275850.0,0.6,2.0000000000000018,2.0000000000000018,-2.1321961620469065,2.0520060401969293,RISK_OFF,RISK_OFF,0.8,0.6,70.41666666666667,70.41666666666667,,,60.0,60.0,47.5,47.5,NARROW_LEADERSHIP,0.0,,,NARROW_LEADERSHIP,70.0,True,True,False,910322,2026-07-14,2026-07-14,WINDOW_FIRST_SEEN,,True,C,22.95,,1.0,RECONSTRUCTED_TOP120_FIRST_SEEN_PROXY,0.0,0.0,0.0,bundle_A,EXISTING_PENDING,2026-07-15,2026-07-17,2026-07-21,,-0.21786492374727962,2.178649237472774,1.7429193899782147,,,,,5.664488017429203,-0.21786492374727962,,9,PENDING_DAY10,True,ELIGIBLE_WEAK_MARKET,PENDING_DAY10,PENDING_DAY10,False,70.0,True,90.0,False,False,True,FILTERED_BY_RISK_CONTROL_SHADOW,2026-07-14,2026-07-14,2026-07-14,True,"[{""predicate"": ""BRANCH_R_MARKET_STATE"", ""feature"": ""market_path_state"", ""raw"": ""RISK_OFF"", ""pass"": true}, {""predicate"": ""MARKET_PUBLISHING"", ""feature"": ""down_survival_ratio_top120_percentile"", ""raw"": 70.41666666666667, ""comparison"": "">="", ""threshold"": 90.0, ""pass"": false}, {""predicate"": ""SURVIVAL_BUNDLE_A"", ""feature"": ""down_survival_ratio_top120_percentile"", ""raw"": 70.41666666666667, ""comparison"": "">="", ""threshold"": 70.0, ""pass"": true}]"
豐興,STEEL,鋼胚,HIGH,A,65.0,119.0,-0.5711913193301665,3.4543419805249,3.0572938483408807,1,4,2,5,57.03971119133574,39.66882649388049,51.33574007220216,5.790294899151751,1.1407942238267157,16.0,,0.538461538461539,0.5593220338983054,-1.4423076923076872,-1.4423076923076872,4,7,58021978.7,771517.7000000002,57250461.0,0.6,1.4263074484944571,4.065040650406515,3.392568659127626,1.2190370551333,RISK_OFF,RISK_OFF,0.8,0.7,69.16666666666667,69.16666666666667,,,80.0,80.0,68.33333333333333,68.33333333333333,EMERGING_POCKET,1.0,EMERGING_POCKET,1.0,EMERGING_POCKET,68.42105263157895,False,False,False,2015,2026-07-15,2026-07-15,WINDOW_FIRST_SEEN,,True,C,64.0,,1.0,RECONSTRUCTED_TOP120_FIRST_SEEN_PROXY,0.0,0.0,0.0,bundle_A,EXISTING_PENDING,2026-07-16,2026-07-20,2026-07-22,,0.46874999999999556,-0.46874999999999556,-2.0312499999999956,,,,,1.2499999999999956,-2.0312499999999956,,8,PENDING_DAY10,True,ELIGIBLE_WEAK_MARKET,PENDING_DAY10,PENDING_DAY10,False,70.0,False,90.0,False,False,False,FILTERED_BY_RISK_CONTROL_SHADOW,2026-07-15,2026-07-15,2026-07-15,True,"[{""predicate"": ""BRANCH_R_MARKET_STATE"", ""feature"": ""market_path_state"", ""raw"": ""RISK_OFF"", ""pass"": true}, {""predicate"": ""MARKET_PUBLISHING"", ""feature"": ""down_survival_ratio_top120_percentile"", ""raw"": 69.16666666666667, ""comparison"": "">="", ""threshold"": 90.0, ""pass"": false}, {""predicate"": ""SURVIVAL_BUNDLE_A"", ""feature"": ""down_survival_ratio_top120_percentile"", ""raw"": 69.16666666666667, ""comparison"": "">="", ""threshold"": 70.0, ""pass"": false}]"
台數科,COMMUNICATION_NETWORK,有線電視/電信服務,HIGH,A,66.9,106.0,-1.1000628703887294,0.8068271033142782,0.5621610866491489,2,5,2,5,64.62093862815884,39.956803455723545,39.711191335740075,8.221378390811765,4.9819494584837525,,,0.4666666666666641,0.1555555555555557,-0.5128205128205221,-1.6666666666666607,5,5,9257390.0,3650500.0,5606890.0,0.4,0.8974358974358942,1.4175257731958937,0.8974358974358942,4.501950396088426,RISK_OFF,RISK_OFF,1.0,0.5,92.08333333333331,92.08333333333331,,,18.333333333333332,18.333333333333332,28.749999999999996,28.749999999999996,NO_POCKET,0.0,,,NO_POCKET,90.0,True,True,False,6464,2026-07-15,2026-07-15,WINDOW_FIRST_SEEN,,True,C,78.7,,1.0,RECONSTRUCTED_TOP120_FIRST_SEEN_PROXY,1.0,0.0,0.0,bundle_A,EXISTING_PENDING,2026-07-16,2026-07-20,2026-07-22,,-0.3811944091486663,0.3811944091486552,0.7623888182973326,,,,,2.414231257941535,-5.20965692503178,,8,PENDING_DAY10,True,ELIGIBLE_WEAK_MARKET,PENDING_DAY10,PENDING_DAY10,False,70.0,True,90.0,True,True,True,RISK_CONTROL_PRIMARY_SHADOW,2026-07-15,2026-07-15,2026-07-15,True,"[{""predicate"": ""BRANCH_R_MARKET_STATE"", ""feature"": ""market_path_state"", ""raw"": ""RISK_OFF"", ""pass"": true}, {""predicate"": ""MARKET_PUBLISHING"", ""feature"": ""down_survival_ratio_top120_percentile"", ""raw"": 92.08333333333331, ""comparison"": "">="", ""threshold"": 90.0, ""pass"": true}, {""predicate"": ""SURVIVAL_BUNDLE_A"", ""feature"": ""down_survival_ratio_top120_percentile"", ""raw"": 92.08333333333331, ""comparison"": "">="", ""threshold"": 70.0, ""pass"": true}]"
ABC-KY,MEDICAL_DEVICE,醫療院所、醫療器材專賣店、藥局等通路,HIGH,AC,77.6,26.0,7.876450812007295,13.831314459221211,13.60808030903895,1,4,2,5,82.74368231046931,10.367170626349893,14.945848375451265,24.125503894706473,13.55956678700361,150.0,,0.5614035087719298,0.4647887323943657,-4.225352112676061,-4.225352112676061,3,4,8161438.0,-1607814.5,9769252.5,0.4,9.87394957983192,14.442013129102826,13.943355119825696,4.36789485025803,RISK_OFF,RISK_OFF,0.8,0.4,69.16666666666667,69.16666666666667,,,67.5,67.5,15.416666666666668,15.416666666666668,EMERGING_POCKET,0.0,EMERGING_POCKET,0.0,EMERGING_POCKET,68.42105263157895,False,False,False,6598,2026-07-15,2026-07-15,WINDOW_FIRST_SEEN,,True,C,26.15,,1.0,RECONSTRUCTED_TOP120_FIRST_SEEN_PROXY,0.0,0.0,0.0,bundle_A,EXISTING_PENDING,2026-07-16,2026-07-20,2026-07-22,,-3.632887189292544,2.103250478011476,6.5009560229445595,,,,,16.44359464627152,-5.927342256214141,,8,PENDING_DAY10,True,ELIGIBLE_WEAK_MARKET,PENDING_DAY10,PENDING_DAY10,False,70.0,False,90.0,False,False,False,FILTERED_BY_RISK_CONTROL_SHADOW,2026-07-15,2026-07-15,2026-07-15,True,"[{""predicate"": ""BRANCH_R_MARKET_STATE"", ""feature"": ""market_path_state"", ""raw"": ""RISK_OFF"", ""pass"": true}, {""predicate"": ""MARKET_PUBLISHING"", ""feature"": ""down_survival_ratio_top120_percentile"", ""raw"": 69.16666666666667, ""comparison"": "">="", ""threshold"": 90.0, ""pass"": false}, {""predicate"": ""SURVIVAL_BUNDLE_A"", ""feature"": ""down_survival_ratio_top120_percentile"", ""raw"": 69.16666666666667, ""comparison"": "">="", ""threshold"": 70.0, ""pass"": false}]"
緯穎,AI,運算設備,HIGH,AC,71.3,75.0,1.8760996011865985,0.4805711713882221,1.2599395461424745,2,4,2,5,80.50541516245487,40.028797696184306,18.050541516245488,13.492205822090186,12.490974729241875,,87.0,0.2162162162162162,0.368,-2.871287128712874,-6.8376068376068355,4,8,1298478120.0,3732517320.0,-2434039200.0,0.8,3.873598369011222,1.0912698412698374,1.59521435692922,0.5435212333898137,RISK_OFF,RISK_OFF,0.8,0.8,69.16666666666667,69.16666666666667,95.23809523809524,95.23809523809524,50.83333333333333,50.83333333333333,82.08333333333333,82.08333333333333,EMERGING_POCKET,1.0,,,EMERGING_POCKET,68.42105263157895,False,False,False,6669,2026-07-15,2026-07-15,WINDOW_FIRST_SEEN,,True,C,5095.0,,1.0,RECONSTRUCTED_TOP120_FIRST_SEEN_PROXY,0.0,0.0,0.0,bundle_A,EXISTING_PENDING,2026-07-16,2026-07-20,2026-07-22,,0.39254170755642637,-8.047105004906774,7.948969578017673,,,,,14.524043179587842,-9.322865554465166,,8,PENDING_DAY10,True,ELIGIBLE_WEAK_MARKET,PENDING_DAY10,PENDING_DAY10,False,70.0,False,90.0,False,False,False,FILTERED_BY_RISK_CONTROL_SHADOW,2026-07-15,2026-07-15,2026-07-15,True,"[{""predicate"": ""BRANCH_R_MARKET_STATE"", ""feature"": ""market_path_state"", ""raw"": ""RISK_OFF"", ""pass"": true}, {""predicate"": ""MARKET_PUBLISHING"", ""feature"": ""down_survival_ratio_top120_percentile"", ""raw"": 69.16666666666667, ""comparison"": "">="", ""threshold"": 90.0, ""pass"": false}, {""predicate"": ""SURVIVAL_BUNDLE_A"", ""feature"": ""down_survival_ratio_top120_percentile"", ""raw"": 69.16666666666667, ""comparison"": "">="", ""threshold"": 70.0, ""pass"": false}]"
寶綠特-KY,ENVIRONMENTAL_SERVICES,,HIGH,C,67.2,103.0,7.974800401150439,16.844922631893546,17.120346490988414,1,3,2,5,93.28519855595668,18.430525557955363,30.830324909747297,24.95155766600044,12.49097472924188,,,0.7195121951219516,0.3773584905660374,-2.826379542395685,-5.980528511821992,4,6,1947472.2,-338700.0,2286172.2,0.6,9.972299168975065,17.45562130177516,17.45562130177516,2.8286251482269553,RISK_OFF,RISK_OFF,0.6,0.6,39.166666666666664,39.166666666666664,,,52.5,52.5,47.5,47.5,EMERGING_POCKET,0.0,,,EMERGING_POCKET,36.84210526315789,False,False,False,6887,2026-07-15,2026-07-15,WINDOW_FIRST_SEEN,,True,C,39.7,,1.0,RECONSTRUCTED_TOP120_FIRST_SEEN_PROXY,0.0,0.0,0.0,bundle_A,EXISTING_PENDING,2026-07-16,2026-07-20,2026-07-22,,-5.41561712846349,-9.697732997481111,-4.785894206549135,,,,,2.896725440806036,-11.838790931989928,,8,PENDING_DAY10,True,ELIGIBLE_WEAK_MARKET,PENDING_DAY10,PENDING_DAY10,False,70.0,False,90.0,False,False,False,FILTERED_BY_RISK_CONTROL_SHADOW,2026-07-15,2026-07-15,2026-07-15,True,"[{""predicate"": ""BRANCH_R_MARKET_STATE"", ""feature"": ""market_path_state"", ""raw"": ""RISK_OFF"", ""pass"": true}, {""predicate"": ""MARKET_PUBLISHING"", ""feature"": ""down_survival_ratio_top120_percentile"", ""raw"": 39.166666666666664, ""comparison"": "">="", ""threshold"": 90.0, ""pass"": false}, {""predicate"": ""SURVIVAL_BUNDLE_A"", ""feature"": ""down_survival_ratio_top120_percentile"", ""raw"": 39.166666666666664, ""comparison"": "">="", ""threshold"": 70.0, ""pass"": false}]"
東哥遊艇,HOME_APPLIANCE_CONSUMER,遊艇製造,HIGH,A,65.8,114.0,-1.026624981416857,0.6880026288196728,-0.9722174859459808,1,3,2,5,79.49458483754513,12.16702663786897,31.263537906137184,22.442519399892053,9.646209386281589,,,0.1111111111111111,0.1836734693877551,-1.9108280254777064,-4.938271604938271,3,7,23157545.0,-8778154.0,31935699.0,0.6,0.9708737864077666,1.298701298701288,-0.6369426751592355,0.5090866503076678,RISK_OFF,RISK_OFF,0.6,0.7,39.166666666666664,39.166666666666664,,,24.166666666666668,24.166666666666668,68.33333333333333,68.33333333333333,EMERGING_POCKET,1.0,,,EMERGING_POCKET,36.84210526315789,False,False,False,8478,2026-07-15,2026-07-15,WINDOW_FIRST_SEEN,,True,C,156.0,,1.0,RECONSTRUCTED_TOP120_FIRST_SEEN_PROXY,0.0,0.0,0.0,bundle_A,EXISTING_PENDING,2026-07-16,2026-07-20,2026-07-22,,-0.3205128205128194,-3.205128205128205,-2.564102564102566,,,,,1.2820512820512775,-4.807692307692313,,8,PENDING_DAY10,True,ELIGIBLE_WEAK_MARKET,PENDING_DAY10,PENDING_DAY10,False,70.0,False,90.0,False,False,False,FILTERED_BY_RISK_CONTROL_SHADOW,2026-07-15,2026-07-15,2026-07-15,True,"[{""predicate"": ""BRANCH_R_MARKET_STATE"", ""feature"": ""market_path_state"", ""raw"": ""RISK_OFF"", ""pass"": true}, {""predicate"": ""MARKET_PUBLISHING"", ""feature"": ""down_survival_ratio_top120_percentile"", ""raw"": 39.166666666666664, ""comparison"": "">="", ""threshold"": 90.0, ""pass"": false}, {""predicate"": ""SURVIVAL_BUNDLE_A"", ""feature"": ""down_survival_ratio_top120_percentile"", ""raw"": 39.166666666666664, ""comparison"": "">="", ""threshold"": 70.0, ""pass"": false}]"
鼎炫-KY,DIVERSIFIED_OTHER,,LOW,A,65.4,117.0,3.2289820684123116,1.2442760350087625,0.6680696708186051,1,2,2,5,82.31046931407943,85.24118070554356,81.80505415162455,-0.9769037971547098,0.1010830324909761,,,0.0638297872340425,0.0869565217391304,-7.177814029363782,-12.596006144393249,1,3,11864829.0,-9159926.0,21024755.0,0.2,5.226480836236935,1.8549747048903775,1.0033444816053505,1.3862647229331335,RISK_OFF,RISK_OFF,0.4,0.3,15.0,15.0,,,9.166666666666666,9.166666666666666,5.0,5.0,EMERGING_POCKET,0.0,,,EMERGING_POCKET,13.157894736842104,False,False,False,8499,2026-07-15,2026-07-15,WINDOW_FIRST_SEEN,,True,C,302.0,,1.0,RECONSTRUCTED_TOP120_FIRST_SEEN_PROXY,0.0,0.0,0.0,bundle_A,EXISTING_PENDING,2026-07-16,2026-07-20,2026-07-22,,-3.31125827814569,-10.927152317880795,-10.761589403973515,,,,,-2.3178807947019875,-14.735099337748348,,8,PENDING_DAY10,True,ELIGIBLE_WEAK_MARKET,PENDING_DAY10,PENDING_DAY10,False,70.0,False,90.0,False,False,False,FILTERED_BY_RISK_CONTROL_SHADOW,2026-07-15,2026-07-15,2026-07-15,True,"[{""predicate"": ""BRANCH_R_MARKET_STATE"", ""feature"": ""market_path_state"", ""raw"": ""RISK_OFF"", ""pass"": true}, {""predicate"": ""MARKET_PUBLISHING"", ""feature"": ""down_survival_ratio_top120_percentile"", ""raw"": 15.0, ""comparison"": "">="", ""threshold"": 90.0, ""pass"": false}, {""predicate"": ""SURVIVAL_BUNDLE_A"", ""feature"": ""down_survival_ratio_top120_percentile"", ""raw"": 15.0, ""comparison"": "">="", ""threshold"": 70.0, ""pass"": false}]"
泰銘,HOME_APPLIANCE_CONSUMER,其他,LOW,A,66.5,110.0,-1.1304467447032396,1.5854945951257138,1.2658896724738078,2,5,2,5,59.27797833935018,37.94096472282217,38.772563176895304,7.112337872176002,4.101083032490974,,,0.4399999999999977,0.2631578947368433,-0.727802037845704,-1.3024602026049048,3,6,6278270.0,-6332479.5,12610749.5,0.6,0.8670520231213841,2.196193265007329,1.6011644832605532,1.3325891731416448,RISK_OFF,RISK_OFF,1.0,0.6,92.08333333333331,92.08333333333331,,,35.833333333333336,35.833333333333336,47.5,47.5,EMERGING_POCKET,1.0,,,EMERGING_POCKET,92.63157894736842,True,True,False,9927,2026-07-15,2026-07-15,WINDOW_FIRST_SEEN,,True,C,69.8,,1.0,RECONSTRUCTED_TOP120_FIRST_SEEN_PROXY,1.0,0.0,0.0,bundle_A,EXISTING_PENDING,2026-07-16,2026-07-20,2026-07-22,,0.8595988538682153,-1.7191977077363974,-0.5730659025787843,,,,,1.1461318051575908,-2.005730659025773,,8,PENDING_DAY10,True,ELIGIBLE_WEAK_MARKET,PENDING_DAY10,PENDING_DAY10,False,70.0,True,90.0,True,True,True,RISK_CONTROL_PRIMARY_SHADOW,2026-07-15,2026-07-15,2026-07-15,True,"[{""predicate"": ""BRANCH_R_MARKET_STATE"", ""feature"": ""market_path_state"", ""raw"": ""RISK_OFF"", ""pass"": true}, {""predicate"": ""MARKET_PUBLISHING"", ""feature"": ""down_survival_ratio_top120_percentile"", ""raw"": 92.08333333333331, ""comparison"": "">="", ""threshold"": 90.0, ""pass"": true}, {""predicate"": ""SURVIVAL_BUNDLE_A"", ""feature"": ""down_survival_ratio_top120_percentile"", ""raw"": 92.08333333333331, ""comparison"": "">="", ""threshold"": 70.0, ""pass"": true}]"
期街口布蘭特正2,,,,C,70.6,66.0,-2.021713516062995,9.639427760519473,18.512968504184535,2,4,3,6,78.39195979899498,0.6484149855907781,0.5755395683453237,25.9145149378014,15.563284046129931,75.0,,0.7879858657243806,0.606455617628801,-2.0361990950226394,-6.412168207575308,3,6,446233086.82,6068347.790000007,440164739.03,0.5,-2.0361990950226394,10.178117048346058,18.27369571155422,0.8501439796926495,RISK_OFF,RISK_OFF,0.6666666666666666,0.6,47.91666666666667,47.91666666666667,,,86.66666666666667,86.66666666666667,52.916666666666664,52.916666666666664,,,,,NO_POCKET,50.0,False,False,False,00715L,2026-07-16,2026-07-16,WINDOW_FIRST_SEEN,,True,C,43.3,,1.0,RECONSTRUCTED_TOP120_FIRST_SEEN_PROXY,0.0,0.0,0.0,bundle_A,EXISTING_PENDING,2026-07-17,2026-07-21,2026-07-23,,1.616628175519641,9.307159353348737,21.362586605080836,,,,,28.86836027713626,1.4549653579676747,,7,PENDING_DAY10,True,ELIGIBLE_WEAK_MARKET,PENDING_DAY10,PENDING_DAY10,False,70.0,False,90.0,False,False,False,FILTERED_BY_RISK_CONTROL_SHADOW,2026-07-16,2026-07-16,2026-07-16,True,"[{""predicate"": ""BRANCH_R_MARKET_STATE"", ""feature"": ""market_path_state"", ""raw"": ""RISK_OFF"", ""pass"": true}, {""predicate"": ""MARKET_PUBLISHING"", ""feature"": ""down_survival_ratio_top120_percentile"", ""raw"": 47.91666666666667, ""comparison"": "">="", ""threshold"": 90.0, ""pass"": false}, {""predicate"": ""SURVIVAL_BUNDLE_A"", ""feature"": ""down_survival_ratio_top120_percentile"", ""raw"": 47.91666666666667, ""comparison"": "">="", ""threshold"": 70.0, ""pass"": false}]"
國泰全球品牌50,,,,C,66.3,95.0,1.6469836807060378,2.10701623364582,2.297984191791591,3,6,3,6,77.67408470926058,22.118155619596543,13.309352517985612,18.518643029888015,12.872946438254994,,,0.5869565217391284,0.804123711340205,-0.7243614182234182,-0.7243614182234182,5,10,123984226.17000002,89752912.30000001,34231313.870000005,1.0,1.6324981017463935,2.645705521472408,2.0587113991612727,0.6085471641235006,RISK_OFF,RISK_OFF,1.0,1.0,94.16666666666669,94.16666666666669,,,95.0,95.0,99.58333333333331,99.58333333333331,,,,,NO_POCKET,96.15384615384616,True,True,True,00916,2026-07-16,2026-07-16,WINDOW_FIRST_SEEN,,True,C,26.77,,1.0,RECONSTRUCTED_TOP120_FIRST_SEEN_PROXY,1.0,0.0,0.0,bundle_A,EXISTING_PENDING,2026-07-17,2026-07-21,2026-07-23,,-0.7097497198356395,-0.7844602166604431,-2.241314904744107,,,,,-0.07471049682480357,-4.557340306313029,,7,PENDING_DAY10,True,ELIGIBLE_WEAK_MARKET,PENDING_DAY10,PENDING_DAY10,False,70.0,True,90.0,True,True,True,RISK_CONTROL_PRIMARY_SHADOW,2026-07-16,2026-07-16,2026-07-16,True,"[{""predicate"": ""BRANCH_R_MARKET_STATE"", ""feature"": ""market_path_state"", ""raw"": ""RISK_OFF"", ""pass"": true}, {""predicate"": ""MARKET_PUBLISHING"", ""feature"": ""down_survival_ratio_top120_percentile"", ""raw"": 94.16666666666669, ""comparison"": "">="", ""threshold"": 90.0, ""pass"": true}, {""predicate"": ""SURVIVAL_BUNDLE_A"", ""feature"": ""down_survival_ratio_top120_percentile"", ""raw"": 94.16666666666669, ""comparison"": "">="", ""threshold"": 70.0, ""pass"": true}]"
台泥,CEMENT,預拌混凝土,HIGH,A,63.3,115.0,1.7129993793842724,4.275315088541021,3.918926472283979,2,5,3,6,43.287867910983486,17.07492795389049,29.20863309352518,8.737646652364331,2.815846963491661,,,0.4358974358974333,0.2923076923076917,-1.7316017316017396,-4.2194092827004255,2,3,462387234.75,-1177020100.15,1639407334.9,0.1666666666666666,1.698513800424628,4.814004376367609,3.679653679653661,0.9018658842299204,RISK_OFF,RISK_OFF,0.8333333333333334,0.3,74.58333333333333,74.58333333333333,,,45.0,45.0,6.666666666666667,6.666666666666667,EMERGING_POCKET,1.0,NO_POCKET,0.0,EMERGING_POCKET,82.85714285714286,True,True,False,1101,2026-07-16,2026-07-16,WINDOW_FIRST_SEEN,,True,C,23.95,,1.0,RECONSTRUCTED_TOP120_FIRST_SEEN_PROXY,0.0,0.0,0.0,bundle_A,EXISTING_PENDING,2026-07-17,2026-07-21,2026-07-23,,-1.8789144050104345,0.41753653444676075,0.20876826722338038,,,,,2.2964509394572064,-1.8789144050104345,,7,PENDING_DAY10,True,ELIGIBLE_WEAK_MARKET,PENDING_DAY10,PENDING_DAY10,False,70.0,True,90.0,False,False,True,FILTERED_BY_RISK_CONTROL_SHADOW,2026-07-16,2026-07-16,2026-07-16,True,"[{""predicate"": ""BRANCH_R_MARKET_STATE"", ""feature"": ""market_path_state"", ""raw"": ""RISK_OFF"", ""pass"": true}, {""predicate"": ""MARKET_PUBLISHING"", ""feature"": ""down_survival_ratio_top120_percentile"", ""raw"": 74.58333333333333, ""comparison"": "">="", ""threshold"": 90.0, ""pass"": false}, {""predicate"": ""SURVIVAL_BUNDLE_A"", ""feature"": ""down_survival_ratio_top120_percentile"", ""raw"": 74.58333333333333, ""comparison"": "">="", ""threshold"": 70.0, ""pass"": true}]"
嘉泥,SHIPPING_CONTAINER,貨櫃運輸集散及倉儲,HIGH,A,63.3,117.0,0.3821326377831724,0.1993180922472026,1.7262616402139663,3,6,3,6,56.4967695620962,50.648414985590776,52.0863309352518,1.9494515255018072,0.8820877253688792,63.0,111.0,0.3333333333333353,0.2307692307692312,-1.1070110701107083,-2.5454545454545396,3,6,5501133.199999999,-2912500.0,8413633.2,0.6666666666666666,0.3676470588235281,0.7380073800737907,1.486988847583648,0.6370622039182369,RISK_OFF,RISK_OFF,1.0,0.6,94.16666666666669,94.16666666666669,93.75,93.75,32.5,32.5,52.916666666666664,52.916666666666664,EMERGING_POCKET,0.0,NARROW_LEADERSHIP,0.0,NARROW_LEADERSHIP,93.33333333333331,True,True,True,1103,2026-07-16,2026-07-16,WINDOW_FIRST_SEEN,,True,C,13.65,,1.0,RECONSTRUCTED_TOP120_FIRST_SEEN_PROXY,1.0,0.0,0.0,bundle_A,EXISTING_PENDING,2026-07-17,2026-07-21,2026-07-23,,-0.3663003663003761,0.0,-4.029304029304037,,,,,1.098901098901095,-4.395604395604391,,7,PENDING_DAY10,True,ELIGIBLE_WEAK_MARKET,PENDING_DAY10,PENDING_DAY10,False,70.0,True,90.0,True,True,True,RISK_CONTROL_PRIMARY_SHADOW,2026-07-16,2026-07-16,2026-07-16,True,"[{""predicate"": ""BRANCH_R_MARKET_STATE"", ""feature"": ""market_path_state"", ""raw"": ""RISK_OFF"", ""pass"": true}, {""predicate"": ""MARKET_PUBLISHING"", ""feature"": ""down_survival_ratio_top120_percentile"", ""raw"": 94.16666666666669, ""comparison"": "">="", ""threshold"": 90.0, ""pass"": true}, {""predicate"": ""SURVIVAL_BUNDLE_A"", ""feature"": ""down_survival_ratio_top120_percentile"", ""raw"": 94.16666666666669, ""comparison"": "">="", ""threshold"": 70.0, ""pass"": true}]"
東泥,CEMENT,水泥成品,HIGH,A,71.4,62.0,-0.2951119442601513,2.009081412810376,1.1797116641036889,1,4,3,6,71.5721464465183,59.221902017291065,71.22302158273381,4.116748143075746,0.0698249727568992,,,0.1578947368421082,0.3529411764705907,-2.19435736677116,-2.19435736677116,3,7,7614549.999999999,-1103694.2000000002,8718244.2,0.6666666666666666,-0.3095975232197956,2.5477707006369643,0.9404388714733702,0.7043910055831424,RISK_OFF,RISK_OFF,0.6666666666666666,0.7,47.91666666666667,47.91666666666667,,,54.166666666666664,54.166666666666664,69.58333333333333,69.58333333333333,EMERGING_POCKET,1.0,,,EMERGING_POCKET,55.714285714285715,False,False,False,1110,2026-07-16,2026-07-16,WINDOW_FIRST_SEEN,,True,C,16.1,,1.0,RECONSTRUCTED_TOP120_FIRST_SEEN_PROXY,0.0,0.0,0.0,bundle_A,EXISTING_PENDING,2026-07-17,2026-07-21,2026-07-23,,-2.484472049689457,-0.31055900621118626,-0.31055900621118626,,,,,0.9316770186335255,-2.795031055900632,,7,PENDING_DAY10,True,ELIGIBLE_WEAK_MARKET,PENDING_DAY10,PENDING_DAY10,False,70.0,False,90.0,False,False,False,FILTERED_BY_RISK_CONTROL_SHADOW,2026-07-16,2026-07-16,2026-07-16,True,"[{""predicate"": ""BRANCH_R_MARKET_STATE"", ""feature"": ""market_path_state"", ""raw"": ""RISK_OFF"", ""pass"": true}, {""predicate"": ""MARKET_PUBLISHING"", ""feature"": ""down_survival_ratio_top120_percentile"", ""raw"": 47.91666666666667, ""comparison"": "">="", ""threshold"": 90.0, ""pass"": false}, {""predicate"": ""SURVIVAL_BUNDLE_A"", ""feature"": ""down_survival_ratio_top120_percentile"", ""raw"": 47.91666666666667, ""comparison"": "">="", ""threshold"": 70.0, ""pass"": false}]"
華友聯,BUILDING_MATERIALS_CONSTRUCTION,建設業,HIGH,A,63.8,113.0,2.464374220385035,1.9111993535988023,2.2348382028298808,3,6,3,6,60.01435750179469,34.36599423631124,50.143884892086334,8.549454421827816,1.97409452194167,,,0.4090909090909092,0.3134328358208952,-1.4412416851441234,-2.5219298245613975,3,5,24378561.25,-5261500.0,29640061.25,0.5,2.44988864142539,2.44988864142539,1.9955654101995624,1.3680545386750882,RISK_OFF,RISK_OFF,1.0,0.5,94.16666666666669,94.16666666666669,,,46.666666666666664,46.666666666666664,32.5,32.5,CONFIRMED_POCKET,2.0,CONFIRMED_POCKET,2.0,CONFIRMED_POCKET,93.10344827586206,True,True,False,1436,2026-07-16,2026-07-16,WINDOW_FIRST_SEEN,,True,C,46.0,,1.0,RECONSTRUCTED_TOP120_FIRST_SEEN_PROXY,1.0,1.0,1.0,bundle_A,EXISTING_PENDING,2026-07-17,2026-07-21,2026-07-23,,-2.2826086956521663,-2.717391304347827,-15.54347826086956,,,,,0.21739130434783593,-19.67391304347825,,7,PENDING_DAY10,True,ELIGIBLE_WEAK_MARKET,PENDING_DAY10,PENDING_DAY10,False,70.0,True,90.0,True,True,True,RISK_CONTROL_PRIMARY_SHADOW,2026-07-16,2026-07-16,2026-07-16,True,"[{""predicate"": ""BRANCH_R_MARKET_STATE"", ""feature"": ""market_path_state"", ""raw"": ""RISK_OFF"", ""pass"": true}, {""predicate"": ""MARKET_PUBLISHING"", ""feature"": ""down_survival_ratio_top120_percentile"", ""raw"": 94.16666666666669, ""comparison"": "">="", ""threshold"": 90.0, ""pass"": true}, {""predicate"": ""SURVIVAL_BUNDLE_A"", ""feature"": ""down_survival_ratio_top120_percentile"", ""raw"": 94.16666666666669, ""comparison"": "">="", ""threshold"": 70.0, ""pass"": true}]"
雋揚,BUILDING_MATERIALS_CONSTRUCTION,建設業,HIGH,A,74.0,41.0,6.667711385411246,6.114536518625013,11.84264832005648,1,3,3,6,82.62742282842785,37.46397694524496,26.546762589928058,15.054481961060963,11.21613204769996,,,0.5555555555555552,0.3884297520661153,-3.629032258064524,-3.629032258064524,4,8,1245450.0,2800.0,1242650.0,0.6666666666666666,6.653225806451601,6.653225806451601,11.603375527426165,3.892283378339701,RISK_OFF,RISK_OFF,0.5,0.8,24.583333333333332,24.583333333333332,,,61.66666666666667,61.66666666666667,83.33333333333334,83.33333333333334,CONFIRMED_POCKET,2.0,CONFIRMED_POCKET,2.0,CONFIRMED_POCKET,13.79310344827586,False,False,False,1439,2026-07-16,2026-07-16,WINDOW_FIRST_SEEN,,True,C,26.45,,1.0,RECONSTRUCTED_TOP120_FIRST_SEEN_PROXY,0.0,1.0,0.0,bundle_A,EXISTING_PENDING,2026-07-17,2026-07-21,2026-07-23,,-3.402646502835538,-0.7561436672967825,-0.3780718336483857,,,,,2.835538752362954,-4.725897920604916,,7,PENDING_DAY10,True,ELIGIBLE_WEAK_MARKET,PENDING_DAY10,PENDING_DAY10,False,70.0,False,90.0,False,False,False,FILTERED_BY_RISK_CONTROL_SHADOW,2026-07-16,2026-07-16,2026-07-16,True,"[{""predicate"": ""BRANCH_R_MARKET_STATE"", ""feature"": ""market_path_state"", ""raw"": ""RISK_OFF"", ""pass"": true}, {""predicate"": ""MARKET_PUBLISHING"", ""feature"": ""down_survival_ratio_top120_percentile"", ""raw"": 24.583333333333332, ""comparison"": "">="", ""threshold"": 90.0, ""pass"": false}, {""predicate"": ""SURVIVAL_BUNDLE_A"", ""feature"": ""down_survival_ratio_top120_percentile"", ""raw"": 24.583333333333332, ""comparison"": "">="", ""threshold"": 70.0, ""pass"": false}]"
名軒,BUILDING_MATERIALS_CONSTRUCTION,建設業,HIGH,A,67.5,89.0,1.3937959237872333,1.7221802773907946,3.0364755898331097,3,6,3,6,87.22182340272792,81.05187319884726,85.32374100719424,2.05665006796022,0.3796164791067354,,,0.7272727272727237,0.714285714285713,-0.5244755244755317,-1.0452961672473893,3,6,4628870.0,3266286.05,1362583.9500000002,0.6666666666666666,1.379310344827589,2.2608695652173827,2.7972027972027913,2.6218508506261395,RISK_OFF,RISK_OFF,1.0,0.6,94.16666666666669,94.16666666666669,,,92.5,92.5,52.916666666666664,52.916666666666664,CONFIRMED_POCKET,2.0,CONFIRMED_POCKET,2.0,CONFIRMED_POCKET,93.10344827586206,True,True,True,1442,2026-07-16,2026-07-16,WINDOW_FIRST_SEEN,,True,C,29.4,,1.0,RECONSTRUCTED_TOP120_FIRST_SEEN_PROXY,1.0,1.0,1.0,bundle_A,EXISTING_PENDING,2026-07-17,2026-07-21,2026-07-23,,0.5102040816326703,2.2108843537415046,0.6802721088435382,,,,,3.571428571428581,-1.3605442176870652,,7,PENDING_DAY10,True,ELIGIBLE_WEAK_MARKET,PENDING_DAY10,PENDING_DAY10,False,70.0,True,90.0,True,True,True,RISK_CONTROL_PRIMARY_SHADOW,2026-07-16,2026-07-16,2026-07-16,True,"[{""predicate"": ""BRANCH_R_MARKET_STATE"", ""feature"": ""market_path_state"", ""raw"": ""RISK_OFF"", ""pass"": true}, {""predicate"": ""MARKET_PUBLISHING"", ""feature"": ""down_survival_ratio_top120_percentile"", ""raw"": 94.16666666666669, ""comparison"": "">="", ""threshold"": 90.0, ""pass"": true}, {""predicate"": ""SURVIVAL_BUNDLE_A"", ""feature"": ""down_survival_ratio_top120_percentile"", ""raw"": 94.16666666666669, ""comparison"": "">="", ""threshold"": 70.0, ""pass"": true}]"
毛寶,PETROCHEMICAL,清潔用品,HIGH,A,68.7,76.0,0.3932734577475338,1.5807712131368,-0.5097908777816684,3,5,3,6,64.96769562096195,38.976945244956774,57.84172661870504,8.663583458668391,1.4251938004513818,76.0,201.0,0.1052631578947363,0.068965517241379,-3.888888888888886,-3.888888888888886,4,7,4413750.0,-3394200.0,7807950.0,0.6666666666666666,0.3787878787878895,2.119460500963388,-0.7490636704119868,1.2638580286916046,RISK_OFF,RISK_OFF,0.8333333333333334,0.7,74.58333333333333,74.58333333333333,98.4375,98.4375,8.333333333333332,8.333333333333332,69.58333333333333,69.58333333333333,CONFIRMED_POCKET,2.0,,,CONFIRMED_POCKET,62.06896551724138,True,True,True,1732,2026-07-16,2026-07-16,WINDOW_FIRST_SEEN,,True,C,26.5,,1.0,RECONSTRUCTED_TOP120_FIRST_SEEN_PROXY,0.0,1.0,1.0,bundle_A,EXISTING_PENDING,2026-07-17,2026-07-21,2026-07-23,,-0.5660377358490565,0.37735849056603765,4.150943396226414,,,,,11.698113207547166,-0.9433962264150941,,7,PENDING_DAY10,True,ELIGIBLE_WEAK_MARKET,PENDING_DAY10,PENDING_DAY10,False,70.0,True,90.0,False,False,True,FILTERED_BY_RISK_CONTROL_SHADOW,2026-07-16,2026-07-16,2026-07-16,True,"[{""predicate"": ""BRANCH_R_MARKET_STATE"", ""feature"": ""market_path_state"", ""raw"": ""RISK_OFF"", ""pass"": true}, {""predicate"": ""MARKET_PUBLISHING"", ""feature"": ""down_survival_ratio_top120_percentile"", ""raw"": 74.58333333333333, ""comparison"": "">="", ""threshold"": 90.0, ""pass"": false}, {""predicate"": ""SURVIVAL_BUNDLE_A"", ""feature"": ""down_survival_ratio_top120_percentile"", ""raw"": 74.58333333333333, ""comparison"": "">="", ""threshold"": 70.0, ""pass"": true}]"
敦吉,ELECTRICAL_CABLE,高/低壓輸電設施,HIGH,C,72.4,50.0,4.362311665916163,3.6473572238013174,6.40041023338862,3,6,3,6,77.02799712849963,17.65129682997118,16.33093525179856,19.792233432842817,12.139412375340214,,,0.795918367346939,0.4687499999999996,-0.7751937984496138,-1.5552099533437058,3,3,16822307.200000003,-2230400.0,19052707.200000003,0.1666666666666666,4.347826086956519,4.1860465116279055,6.161137440758302,5.195272660645411,RISK_OFF,RISK_OFF,1.0,0.3,94.16666666666669,94.16666666666669,,,74.16666666666667,74.16666666666667,6.666666666666667,6.666666666666667,NARROW_LEADERSHIP,0.0,NARROW_LEADERSHIP,0.0,NARROW_LEADERSHIP,93.33333333333331,True,True,False,2459,2026-07-16,2026-07-16,WINDOW_FIRST_SEEN,,True,C,67.2,,1.0,RECONSTRUCTED_TOP120_FIRST_SEEN_PROXY,1.0,0.0,0.0,bundle_A,EXISTING_PENDING,2026-07-17,2026-07-21,2026-07-23,,-2.8273809523809645,-2.529761904761907,-2.529761904761907,,,,,-0.29761904761904656,-4.017857142857151,,7,PENDING_DAY10,True,ELIGIBLE_WEAK_MARKET,PENDING_DAY10,PENDING_DAY10,False,70.0,True,90.0,True,True,True,RISK_CONTROL_PRIMARY_SHADOW,2026-07-16,2026-07-16,2026-07-16,True,"[{""predicate"": ""BRANCH_R_MARKET_STATE"", ""feature"": ""market_path_state"", ""raw"": ""RISK_OFF"", ""pass"": true}, {""predicate"": ""MARKET_PUBLISHING"", ""feature"": ""down_survival_ratio_top120_percentile"", ""raw"": 94.16666666666669, ""comparison"": "">="", ""threshold"": 90.0, ""pass"": true}, {""predicate"": ""SURVIVAL_BUNDLE_A"", ""feature"": ""down_survival_ratio_top120_percentile"", ""raw"": 94.16666666666669, ""comparison"": "">="", ""threshold"": 70.0, ""pass"": true}]"
京城,BUILDING_MATERIALS_CONSTRUCTION,建設業,HIGH,A,67.5,88.0,5.069130387702825,7.92393412543153,10.096415649773194,3,5,3,6,76.9562096195262,38.112391930835734,66.2589928057554,12.94793922956349,2.139443362754162,,,0.9718309859154944,0.44,-0.1408450704225239,-4.632152588555871,4,6,9063800.0,-273900.0,9337700.0,0.6666666666666666,5.054644808743181,8.462623413258118,9.857142857142875,2.12848069365948,RISK_OFF,RISK_OFF,0.8333333333333334,0.6,74.58333333333333,74.58333333333333,,,66.66666666666666,66.66666666666666,52.916666666666664,52.916666666666664,CONFIRMED_POCKET,2.0,CONFIRMED_POCKET,2.0,CONFIRMED_POCKET,62.06896551724138,True,True,True,2524,2026-07-16,2026-07-16,WINDOW_FIRST_SEEN,,True,C,38.45,,1.0,RECONSTRUCTED_TOP120_FIRST_SEEN_PROXY,0.0,1.0,1.0,bundle_A,EXISTING_PENDING,2026-07-17,2026-07-21,2026-07-23,,-3.2509752925877766,-2.4707412223667125,-6.892067620286102,,,,,0.0,-9.62288686605982,,7,PENDING_DAY10,True,ELIGIBLE_WEAK_MARKET,PENDING_DAY10,PENDING_DAY10,False,70.0,True,90.0,False,False,True,FILTERED_BY_RISK_CONTROL_SHADOW,2026-07-16,2026-07-16,2026-07-16,True,"[{""predicate"": ""BRANCH_R_MARKET_STATE"", ""feature"": ""market_path_state"", ""raw"": ""RISK_OFF"", ""pass"": true}, {""predicate"": ""MARKET_PUBLISHING"", ""feature"": ""down_survival_ratio_top120_percentile"", ""raw"": 74.58333333333333, ""comparison"": "">="", ""threshold"": 90.0, ""pass"": false}, {""predicate"": ""SURVIVAL_BUNDLE_A"", ""feature"": ""down_survival_ratio_top120_percentile"", ""raw"": 74.58333333333333, ""comparison"": "">="", ""threshold"": 70.0, ""pass"": true}]"
昇陽,BUILDING_MATERIALS_CONSTRUCTION,建設業,HIGH,A,65.6,97.0,0.3729085180277591,2.402487182761659,4.716884732928817,3,5,3,6,79.03804737975592,60.80691642651297,80.50359712230215,6.077043651080984,-0.293109948509246,,,0.7500000000000006,0.2857142857142866,-0.7352941176470562,-1.4705882352941124,4,8,1183500.0,363.40000000000146,1183136.6,0.6666666666666666,0.3584229390681148,2.941176470588247,4.477611940298498,1.358450835301796,RISK_OFF,RISK_OFF,0.8333333333333334,0.8,74.58333333333333,74.58333333333333,,,44.166666666666664,44.166666666666664,83.33333333333334,83.33333333333334,CONFIRMED_POCKET,2.0,CONFIRMED_POCKET,2.0,CONFIRMED_POCKET,62.06896551724138,True,True,True,3266,2026-07-16,2026-07-16,WINDOW_FIRST_SEEN,,True,C,14.0,,1.0,RECONSTRUCTED_TOP120_FIRST_SEEN_PROXY,0.0,1.0,1.0,bundle_A,EXISTING_PENDING,2026-07-17,2026-07-21,2026-07-23,,0.3571428571428559,-0.357142857142867,-3.214285714285714,,,,,1.4285714285714235,-5.35714285714286,,7,PENDING_DAY10,True,ELIGIBLE_WEAK_MARKET,PENDING_DAY10,PENDING_DAY10,False,70.0,True,90.0,False,False,True,FILTERED_BY_RISK_CONTROL_SHADOW,2026-07-16,2026-07-16,2026-07-16,True,"[{""predicate"": ""BRANCH_R_MARKET_STATE"", ""feature"": ""market_path_state"", ""raw"": ""RISK_OFF"", ""pass"": true}, {""predicate"": ""MARKET_PUBLISHING"", ""feature"": ""down_survival_ratio_top120_percentile"", ""raw"": 74.58333333333333, ""comparison"": "">="", ""threshold"": 90.0, ""pass"": false}, {""predicate"": ""SURVIVAL_BUNDLE_A"", ""feature"": ""down_survival_ratio_top120_percentile"", ""raw"": 74.58333333333333, ""comparison"": "">="", ""threshold"": 70.0, ""pass"": true}]"
采鈺,SEMICONDUCTOR,生產製程及檢測設備,HIGH,A,69.5,73.0,-0.1752677417234727,-2.2209322784807917,2.7733858530591737,1,1,3,6,88.51399856424982,92.507204610951,70.57553956834532,-1.33106868223373,3.5876917991808996,,,0.1074380165289256,0.0532544378698224,-9.906542056074764,-9.906542056074764,4,7,159200590.0,338974262.0,-179773672.0,0.6666666666666666,-0.189753320683117,-1.6822429906542036,2.5341130604288553,0.789039144580311,RISK_OFF,RISK_OFF,0.1666666666666666,0.7,1.6666666666666667,1.6666666666666667,,,5.833333333333333,5.833333333333333,69.58333333333333,69.58333333333333,NO_POCKET,0.0,EMERGING_POCKET,0.0,EMERGING_POCKET,4.285714285714286,False,False,False,6789,2026-07-16,2026-07-16,WINDOW_FIRST_SEEN,,True,C,526.0,,1.0,RECONSTRUCTED_TOP120_FIRST_SEEN_PROXY,0.0,0.0,0.0,bundle_A,EXISTING_PENDING,2026-07-17,2026-07-21,2026-07-23,,-9.980988593155892,-8.460076045627375,-6.8441064638783295,,,,,-3.6121673003802313,-17.680608365019012,,7,PENDING_DAY10,True,ELIGIBLE_WEAK_MARKET,PENDING_DAY10,PENDING_DAY10,False,70.0,False,90.0,False,False,False,FILTERED_BY_RISK_CONTROL_SHADOW,2026-07-16,2026-07-16,2026-07-16,True,"[{""predicate"": ""BRANCH_R_MARKET_STATE"", ""feature"": ""market_path_state"", ""raw"": ""RISK_OFF"", ""pass"": true}, {""predicate"": ""MARKET_PUBLISHING"", ""feature"": ""down_survival_ratio_top120_percentile"", ""raw"": 1.6666666666666667, ""comparison"": "">="", ""threshold"": 90.0, ""pass"": false}, {""predicate"": ""SURVIVAL_BUNDLE_A"", ""feature"": ""down_survival_ratio_top120_percentile"", ""raw"": 1.6666666666666667, ""comparison"": "">="", ""threshold"": 70.0, ""pass"": false}]"
百和興業-KY,TEXTILE_FIBER,成衣及其它家居紡織類品,HIGH,A,64.7,107.0,0.0144855789596443,0.3488846766704689,2.335081175863851,3,5,3,6,68.98779612347451,33.93371757925072,27.985611510791365,11.684692848074596,8.200436922536628,60.0,,0.5384615384615419,0.2727272727272731,-0.8875739644970349,-2.35294117647058,4,8,6356158.25,647020.9000000004,5709137.35,0.8333333333333334,0.0,0.887573964497057,2.095808383233533,1.2153979596672817,RISK_OFF,RISK_OFF,0.8333333333333334,0.8,74.58333333333333,74.58333333333333,,,40.0,40.0,83.33333333333334,83.33333333333334,EMERGING_POCKET,0.0,EMERGING_POCKET,1.0,EMERGING_POCKET,82.85714285714286,True,True,True,8404,2026-07-16,2026-07-16,WINDOW_FIRST_SEEN,,True,C,17.05,,1.0,RECONSTRUCTED_TOP120_FIRST_SEEN_PROXY,0.0,0.0,0.0,bundle_A,EXISTING_PENDING,2026-07-17,2026-07-21,2026-07-23,,-1.4662756598240456,0.586510263929596,-0.5865102639296293,,,,,1.7595307917888547,-4.985337243401766,,7,PENDING_DAY10,True,ELIGIBLE_WEAK_MARKET,PENDING_DAY10,PENDING_DAY10,False,70.0,True,90.0,False,False,True,FILTERED_BY_RISK_CONTROL_SHADOW,2026-07-16,2026-07-16,2026-07-16,True,"[{""predicate"": ""BRANCH_R_MARKET_STATE"", ""feature"": ""market_path_state"", ""raw"": ""RISK_OFF"", ""pass"": true}, {""predicate"": ""MARKET_PUBLISHING"", ""feature"": ""down_survival_ratio_top120_percentile"", ""raw"": 74.58333333333333, ""comparison"": "">="", ""threshold"": 90.0, ""pass"": false}, {""predicate"": ""SURVIVAL_BUNDLE_A"", ""feature"": ""down_survival_ratio_top120_percentile"", ""raw"": 74.58333333333333, ""comparison"": "">="", ""threshold"": 70.0, ""pass"": true}]"
油電燃氣類指數,,,,B,63.0,118.0,8.406861589337854,21.72605632225897,27.593007110838784,2,4,3,6,98.27709978463749,92.43515850144092,88.99280575539568,1.947313761065516,1.8568588058483584,31.0,,0.9313373253493016,0.839472237493128,-1.008324539805372,-2.401212262501462,0,0,0.0,0.0,0.0,0.0,8.39237601037821,22.264745610085555,27.353734318208467,3.120281430958906,RISK_OFF,RISK_OFF,0.6666666666666666,0.0,47.91666666666667,47.91666666666667,,,97.5,97.5,1.25,1.25,,,,,NO_POCKET,50.0,False,False,False,OilGasElectricity,2026-07-16,2026-07-16,WINDOW_FIRST_SEEN,,True,C,108.62,,1.0,RECONSTRUCTED_TOP120_FIRST_SEEN_PROXY,0.0,0.0,0.0,bundle_A,EXISTING_PENDING,2026-07-17,2026-07-21,2026-07-23,,1.2796906647026374,5.744798379672256,14.122629350027616,,,,,18.22868716626771,-3.5904989872951654,,7,PENDING_DAY10,True,ELIGIBLE_WEAK_MARKET,PENDING_DAY10,PENDING_DAY10,False,70.0,False,90.0,False,False,False,FILTERED_BY_RISK_CONTROL_SHADOW,2026-07-16,2026-07-16,2026-07-16,True,"[{""predicate"": ""BRANCH_R_MARKET_STATE"", ""feature"": ""market_path_state"", ""raw"": ""RISK_OFF"", ""pass"": true}, {""predicate"": ""MARKET_PUBLISHING"", ""feature"": ""down_survival_ratio_top120_percentile"", ""raw"": 47.91666666666667, ""comparison"": "">="", ""threshold"": 90.0, ""pass"": false}, {""predicate"": ""SURVIVAL_BUNDLE_A"", ""feature"": ""down_survival_ratio_top120_percentile"", ""raw"": 47.91666666666667, ""comparison"": "">="", ""threshold"": 70.0, ""pass"": false}]"
元大台灣50反1,,,,AC,70.2,83.0,13.278621497186126,9.25720440534461,11.988833543834986,2,5,3,6,91.2230215827338,47.148014440433215,17.20662347012239,14.69166904743353,14.803279622522282,,97.0,0.5961538461538469,0.6503496503496519,-2.0289855072463725,-2.0289855072463725,2,6,1308965605.16,1022391151.8699998,286574453.2900003,0.6666666666666666,6.804733727810652,4.637681159420293,6.072477962781586,1.7018420668165253,RISK_OFF,RISK_OFF,0.8333333333333334,0.6,58.333333333333336,58.333333333333336,83.82352941176471,83.82352941176471,89.16666666666667,89.16666666666667,39.166666666666664,39.166666666666664,,,,,NO_POCKET,66.66666666666666,False,False,False,00632R,2026-07-17,2026-07-17,WINDOW_FIRST_SEEN,,True,C,10.83,,1.0,RECONSTRUCTED_TOP120_FIRST_SEEN_PROXY,0.0,0.0,0.0,bundle_A,EXISTING_PENDING,2026-07-20,2026-07-22,2026-07-24,,0.6463527239150446,-4.062788550323171,-2.4007386888273308,,,,,1.1080332409972193,-5.540166204986141,,6,PENDING_DAY10,True,ELIGIBLE_WEAK_MARKET,PENDING_DAY10,PENDING_DAY10,False,70.0,False,90.0,False,False,False,FILTERED_BY_RISK_CONTROL_SHADOW,2026-07-17,2026-07-17,2026-07-17,True,"[{""predicate"": ""BRANCH_R_MARKET_STATE"", ""feature"": ""market_path_state"", ""raw"": ""RISK_OFF"", ""pass"": true}, {""predicate"": ""MARKET_PUBLISHING"", ""feature"": ""down_survival_ratio_top120_percentile"", ""raw"": 58.333333333333336, ""comparison"": "">="", ""threshold"": 90.0, ""pass"": false}, {""predicate"": ""SURVIVAL_BUNDLE_A"", ""feature"": ""down_survival_ratio_top120_percentile"", ""raw"": 58.333333333333336, ""comparison"": "">="", ""threshold"": 70.0, ""pass"": false}]"
期元大S&P石油,,,,C,72.1,71.0,6.6285668103654105,4.388398438528318,12.588513735913352,2,4,3,6,90.93525179856115,26.642599277978334,3.4557235421166306,21.430884173527605,17.495905651288904,,,0.8901098901098886,0.8983050847457623,-0.3852080123266654,-0.4869411243913157,4,7,132468062.24,-75026808.72,207494870.96,0.6666666666666666,0.1546790409899356,-0.2311248073959992,6.672158154859953,0.5807082468716195,RISK_OFF,RISK_OFF,0.6666666666666666,0.7,35.833333333333336,35.833333333333336,,,98.33333333333331,98.33333333333331,57.49999999999999,57.49999999999999,,,,,NO_POCKET,50.0,False,False,False,00642U,2026-07-17,2026-07-17,WINDOW_FIRST_SEEN,,True,C,25.9,,1.0,RECONSTRUCTED_TOP120_FIRST_SEEN_PROXY,0.0,0.0,0.0,bundle_A,EXISTING_PENDING,2026-07-20,2026-07-22,2026-07-24,,6.023166023166038,8.301158301158317,16.370656370656377,,,,,17.065637065637063,3.7837837837837895,,6,PENDING_DAY10,True,ELIGIBLE_WEAK_MARKET,PENDING_DAY10,PENDING_DAY10,False,70.0,False,90.0,False,False,False,FILTERED_BY_RISK_CONTROL_SHADOW,2026-07-17,2026-07-17,2026-07-17,True,"[{""predicate"": ""BRANCH_R_MARKET_STATE"", ""feature"": ""market_path_state"", ""raw"": ""RISK_OFF"", ""pass"": true}, {""predicate"": ""MARKET_PUBLISHING"", ""feature"": ""down_survival_ratio_top120_percentile"", ""raw"": 35.833333333333336, ""comparison"": "">="", ""threshold"": 90.0, ""pass"": false}, {""predicate"": ""SURVIVAL_BUNDLE_A"", ""feature"": ""down_survival_ratio_top120_percentile"", ""raw"": 35.833333333333336, ""comparison"": "">="", ""threshold"": 70.0, ""pass"": false}]"
國泰臺灣加權反1,,,,C,71.4,76.0,12.571448744985236,8.811140012391384,11.370901035598868,3,6,3,6,90.64748201438849,48.15884476534296,16.990640748740102,14.162879083015175,14.731368253129675,,,0.6,0.6999999999999996,-1.7964071856287456,-1.7964071856287456,3,6,47160847.4,64677721.099999994,-17516873.699999996,0.6666666666666666,6.0975609756097615,4.191616766467066,5.4545454545454675,1.8481899820191705,RISK_OFF,RISK_OFF,1.0,0.6,84.58333333333333,84.58333333333333,,,90.83333333333331,90.83333333333331,39.166666666666664,39.166666666666664,,,,,NO_POCKET,88.09523809523809,True,True,False,00664R,2026-07-17,2026-07-17,WINDOW_FIRST_SEEN,,True,C,1.74,,1.0,RECONSTRUCTED_TOP120_FIRST_SEEN_PROXY,0.0,0.0,0.0,bundle_A,EXISTING_PENDING,2026-07-20,2026-07-22,2026-07-24,,0.5747126436781658,-2.8735632183908066,-1.7241379310344862,,,,,1.724137931034475,-5.1724137931034475,,6,PENDING_DAY10,True,ELIGIBLE_WEAK_MARKET,PENDING_DAY10,PENDING_DAY10,False,70.0,True,90.0,False,False,True,FILTERED_BY_RISK_CONTROL_SHADOW,2026-07-17,2026-07-17,2026-07-17,True,"[{""predicate"": ""BRANCH_R_MARKET_STATE"", ""feature"": ""market_path_state"", ""raw"": ""RISK_OFF"", ""pass"": true}, {""predicate"": ""MARKET_PUBLISHING"", ""feature"": ""down_survival_ratio_top120_percentile"", ""raw"": 84.58333333333333, ""comparison"": "">="", ""threshold"": 90.0, ""pass"": false}, {""predicate"": ""SURVIVAL_BUNDLE_A"", ""feature"": ""down_survival_ratio_top120_percentile"", ""raw"": 84.58333333333333, ""comparison"": "">="", ""threshold"": 70.0, ""pass"": true}]"
富邦臺灣加權反1,,,,C,71.2,78.0,12.891000068840697,9.356365351187469,11.76741941084064,3,6,3,6,91.00719424460432,47.292418772563174,19.29445644348452,14.571591824013716,14.34254756022396,,,0.622641509433961,0.6986301369863007,-1.7543859649122862,-1.7543859649122862,2,6,68800329.07,651926.4599999972,68148402.61,0.6666666666666666,6.417112299465222,4.73684210526315,5.85106382978724,2.055412768239105,RISK_OFF,RISK_OFF,1.0,0.6,84.58333333333333,84.58333333333333,,,90.0,90.0,39.166666666666664,39.166666666666664,,,,,NO_POCKET,88.09523809523809,True,True,False,00676R,2026-07-17,2026-07-17,WINDOW_FIRST_SEEN,,True,C,5.97,,1.0,RECONSTRUCTED_TOP120_FIRST_SEEN_PROXY,0.0,0.0,0.0,bundle_A,EXISTING_PENDING,2026-07-20,2026-07-22,2026-07-24,,0.8375209380234505,-4.187604690117253,-2.010050251256279,,,,,1.1725293132328396,-5.192629815745386,,6,PENDING_DAY10,True,ELIGIBLE_WEAK_MARKET,PENDING_DAY10,PENDING_DAY10,False,70.0,True,90.0,False,False,True,FILTERED_BY_RISK_CONTROL_SHADOW,2026-07-17,2026-07-17,2026-07-17,True,"[{""predicate"": ""BRANCH_R_MARKET_STATE"", ""feature"": ""market_path_state"", ""raw"": ""RISK_OFF"", ""pass"": true}, {""predicate"": ""MARKET_PUBLISHING"", ""feature"": ""down_survival_ratio_top120_percentile"", ""raw"": 84.58333333333333, ""comparison"": "">="", ""threshold"": 90.0, ""pass"": false}, {""predicate"": ""SURVIVAL_BUNDLE_A"", ""feature"": ""down_survival_ratio_top120_percentile"", ""raw"": 84.58333333333333, ""comparison"": "">="", ""threshold"": 70.0, ""pass"": true}]"
味全,FOOD,冷凍、罐頭、脫水、醃漬食品,HIGH,A,73.2,63.0,5.686486194572327,5.017929620426309,7.121174858161827,3,6,3,6,77.9136690647482,62.59927797833935,45.5003599712023,5.104797028802952,6.482661818709181,,,0.42857142857143,0.2727272727272718,-0.7874015748031482,-1.9685039370078703,4,7,7410956.6,-1797378.85,9208335.45,0.6666666666666666,-0.7874015748031482,0.3984063745019917,1.2048192771084263,1.3454120549547826,RISK_OFF,RISK_OFF,1.0,0.7,84.58333333333333,84.58333333333333,,,50.0,50.0,57.49999999999999,57.49999999999999,EMERGING_POCKET,0.0,EMERGING_POCKET,0.0,EMERGING_POCKET,75.0,True,True,True,1201,2026-07-17,2026-07-17,WINDOW_FIRST_SEEN,,True,C,12.6,,1.0,RECONSTRUCTED_TOP120_FIRST_SEEN_PROXY,0.0,0.0,0.0,bundle_A,EXISTING_PENDING,2026-07-20,2026-07-22,2026-07-24,,0.7936507936507908,0.3968253968253954,-1.1904761904761973,,,,,1.1904761904761862,-2.777777777777779,,6,PENDING_DAY10,True,ELIGIBLE_WEAK_MARKET,PENDING_DAY10,PENDING_DAY10,False,70.0,True,90.0,False,False,True,FILTERED_BY_RISK_CONTROL_SHADOW,2026-07-17,2026-07-17,2026-07-17,True,"[{""predicate"": ""BRANCH_R_MARKET_STATE"", ""feature"": ""market_path_state"", ""raw"": ""RISK_OFF"", ""pass"": true}, {""predicate"": ""MARKET_PUBLISHING"", ""feature"": ""down_survival_ratio_top120_percentile"", ""raw"": 84.58333333333333, ""comparison"": "">="", ""threshold"": 90.0, ""pass"": false}, {""predicate"": ""SURVIVAL_BUNDLE_A"", ""feature"": ""down_survival_ratio_top120_percentile"", ""raw"": 84.58333333333333, ""comparison"": "">="", ""threshold"": 70.0, ""pass"": true}]"
聯華食,FOOD,冷凍、罐頭、脫水、醃漬食品,HIGH,A,81.3,18.0,5.059306702998967,10.2139288403299,10.777466692164497,3,6,3,6,87.76978417266187,37.328519855595665,38.66090712742981,16.813754772355402,9.821775409046412,,,0.5121951219512171,0.2231404958677677,-1.414581066376508,-3.703703703703698,3,5,43702728.70000001,-31334625.3,75037354.00000001,0.5,-1.414581066376508,5.594405594405583,4.861111111111094,2.1395695759905435,RISK_OFF,RISK_OFF,1.0,0.5,84.58333333333333,84.58333333333333,,,45.0,45.0,25.0,25.0,EMERGING_POCKET,0.0,EMERGING_POCKET,0.0,EMERGING_POCKET,75.0,True,True,False,1231,2026-07-17,2026-07-17,WINDOW_FIRST_SEEN,,True,C,90.6,,1.0,RECONSTRUCTED_TOP120_FIRST_SEEN_PROXY,0.0,0.0,0.0,bundle_A,EXISTING_PENDING,2026-07-20,2026-07-22,2026-07-24,,0.0,0.22075055187638082,1.4348785871964864,,,,,3.2008830022075108,-1.655629139072845,,6,PENDING_DAY10,True,ELIGIBLE_WEAK_MARKET,PENDING_DAY10,PENDING_DAY10,False,70.0,True,90.0,False,False,True,FILTERED_BY_RISK_CONTROL_SHADOW,2026-07-17,2026-07-17,2026-07-17,True,"[{""predicate"": ""BRANCH_R_MARKET_STATE"", ""feature"": ""market_path_state"", ""raw"": ""RISK_OFF"", ""pass"": true}, {""predicate"": ""MARKET_PUBLISHING"", ""feature"": ""down_survival_ratio_top120_percentile"", ""raw"": 84.58333333333333, ""comparison"": "">="", ""threshold"": 90.0, ""pass"": false}, {""predicate"": ""SURVIVAL_BUNDLE_A"", ""feature"": ""down_survival_ratio_top120_percentile"", ""raw"": 84.58333333333333, ""comparison"": "">="", ""threshold"": 70.0, ""pass"": true}]"
永裕,PETROCHEMICAL,塑膠製品,HIGH,A,66.1,112.0,6.473887769375475,5.872656078004512,4.935963424190659,3,6,3,6,81.36690647482014,65.34296028880867,69.25845932325414,5.3413153953371575,2.4216894303131995,21.0,80.0,0.285714285714285,0.2195121951219508,-2.2058823529411686,-2.682926829268295,4,5,844670.2,-200987.99999999988,1045658.1999999998,0.5,0.0,1.2531328320801949,-0.9803921568627416,0.4490260997651715,RISK_OFF,RISK_OFF,1.0,0.5,84.58333333333333,84.58333333333333,79.41176470588235,79.41176470588235,43.333333333333336,43.333333333333336,25.0,25.0,NO_POCKET,0.0,NARROW_LEADERSHIP,0.0,NARROW_LEADERSHIP,92.72727272727272,True,True,False,1323,2026-07-17,2026-07-17,WINDOW_FIRST_SEEN,,True,C,20.2,,1.0,RECONSTRUCTED_TOP120_FIRST_SEEN_PROXY,0.0,0.0,0.0,bundle_A,EXISTING_PENDING,2026-07-20,2026-07-22,2026-07-24,,0.0,-1.732673267326723,-0.990099009900991,,,,,0.0,-2.4752475247524774,,6,PENDING_DAY10,True,ELIGIBLE_WEAK_MARKET,PENDING_DAY10,PENDING_DAY10,False,70.0,True,90.0,False,False,True,FILTERED_BY_RISK_CONTROL_SHADOW,2026-07-17,2026-07-17,2026-07-17,True,"[{""predicate"": ""BRANCH_R_MARKET_STATE"", ""feature"": ""market_path_state"", ""raw"": ""RISK_OFF"", ""pass"": true}, {""predicate"": ""MARKET_PUBLISHING"", ""feature"": ""down_survival_ratio_top120_percentile"", ""raw"": 84.58333333333333, ""comparison"": "">="", ""threshold"": 90.0, ""pass"": false}, {""predicate"": ""SURVIVAL_BUNDLE_A"", ""feature"": ""down_survival_ratio_top120_percentile"", ""raw"": 84.58333333333333, ""comparison"": "">="", ""threshold"": 70.0, ""pass"": true}]"
高興昌,STEEL,製管,HIGH,A,71.1,81.0,6.635178091956129,8.814154118407536,9.936456083565956,3,4,3,6,80.50359712230215,54.94584837545126,52.69978401727862,8.51924958228363,5.560762621004708,50.0,52.0,0.5217391304347822,0.0649350649350649,-1.8425460636515956,-4.870129870129869,5,8,2470950.0,385400.0,2085550.0,0.8333333333333334,0.1612903225806539,4.194630872483218,4.020100502512558,1.791833748780752,RISK_OFF,RISK_OFF,0.6666666666666666,0.8,35.833333333333336,35.833333333333336,72.05882352941177,72.05882352941177,16.666666666666664,16.666666666666664,73.75,73.75,EMERGING_POCKET,0.0,NARROW_LEADERSHIP,0.0,NARROW_LEADERSHIP,46.36363636363636,False,False,False,2008,2026-07-17,2026-07-17,WINDOW_FIRST_SEEN,,True,C,31.05,,1.0,RECONSTRUCTED_TOP120_FIRST_SEEN_PROXY,0.0,0.0,0.0,bundle_A,EXISTING_PENDING,2026-07-20,2026-07-22,2026-07-24,,0.8051529790660261,-2.898550724637683,-0.16103059581320522,,,,,2.7375201288244666,-3.3816425120772986,,6,PENDING_DAY10,True,ELIGIBLE_WEAK_MARKET,PENDING_DAY10,PENDING_DAY10,False,70.0,False,90.0,False,False,False,FILTERED_BY_RISK_CONTROL_SHADOW,2026-07-17,2026-07-17,2026-07-17,True,"[{""predicate"": ""BRANCH_R_MARKET_STATE"", ""feature"": ""market_path_state"", ""raw"": ""RISK_OFF"", ""pass"": true}, {""predicate"": ""MARKET_PUBLISHING"", ""feature"": ""down_survival_ratio_top120_percentile"", ""raw"": 35.833333333333336, ""comparison"": "">="", ""threshold"": 90.0, ""pass"": false}, {""predicate"": ""SURVIVAL_BUNDLE_A"", ""feature"": ""down_survival_ratio_top120_percentile"", ""raw"": 35.833333333333336, ""comparison"": "">="", ""threshold"": 70.0, ""pass"": false}]"
志聯,STEEL,鋼線鋼纜,HIGH,A,65.2,119.0,6.118015883254468,4.619523245924317,8.857532051641648,3,6,3,6,67.9136690647482,50.541516245487365,30.669546436285096,5.79071760642028,7.448824525692622,17.0,54.0,0.5714285714285711,0.1538461538461536,-0.7142857142857117,-2.8673835125447966,4,6,195650.0,43050.0,152600.0,0.8333333333333334,-0.3558718861210064,0.0,2.941176470588247,0.9423810359513914,RISK_OFF,RISK_OFF,1.0,0.6,84.58333333333333,84.58333333333333,73.52941176470588,73.52941176470588,30.0,30.0,39.166666666666664,39.166666666666664,EMERGING_POCKET,0.0,NARROW_LEADERSHIP,0.0,NARROW_LEADERSHIP,92.72727272727272,True,True,False,2024,2026-07-17,2026-07-17,WINDOW_FIRST_SEEN,,True,C,14.0,,1.0,RECONSTRUCTED_TOP120_FIRST_SEEN_PROXY,0.0,0.0,0.0,bundle_A,EXISTING_PENDING,2026-07-20,2026-07-22,2026-07-24,,0.3571428571428559,-3.214285714285714,-1.4285714285714235,,,,,1.4285714285714235,-3.928571428571437,,6,PENDING_DAY10,True,ELIGIBLE_WEAK_MARKET,PENDING_DAY10,PENDING_DAY10,False,70.0,True,90.0,False,False,True,FILTERED_BY_RISK_CONTROL_SHADOW,2026-07-17,2026-07-17,2026-07-17,True,"[{""predicate"": ""BRANCH_R_MARKET_STATE"", ""feature"": ""market_path_state"", ""raw"": ""RISK_OFF"", ""pass"": true}, {""predicate"": ""MARKET_PUBLISHING"", ""feature"": ""down_survival_ratio_top120_percentile"", ""raw"": 84.58333333333333, ""comparison"": "">="", ""threshold"": 90.0, ""pass"": false}, {""predicate"": ""SURVIVAL_BUNDLE_A"", ""feature"": ""down_survival_ratio_top120_percentile"", ""raw"": 84.58333333333333, ""comparison"": "">="", ""threshold"": 70.0, ""pass"": true}]"
正新,PETROCHEMICAL,橡膠製品,HIGH,AC,81.9,15.0,6.622919065947763,7.529171025403647,9.62005928475712,3,6,3,6,94.67625899280576,32.34657039711191,14.974802015838732,20.77656286523128,15.940291395393404,127.0,170.0,0.7499999999999978,0.6333333333333347,-0.6088280060882911,-1.075268817204289,5,10,759307802.55,325130478.95,434177323.6,1.0,0.1490312965722884,2.9096477794793296,3.70370370370372,1.8530926865555235,RISK_OFF,RISK_OFF,1.0,1.0,84.58333333333333,84.58333333333333,97.05882352941175,97.05882352941175,87.5,87.5,97.5,97.5,NO_POCKET,0.0,EMERGING_POCKET,0.0,EMERGING_POCKET,75.0,True,True,True,2105,2026-07-17,2026-07-17,WINDOW_FIRST_SEEN,,True,C,33.6,,1.0,RECONSTRUCTED_TOP120_FIRST_SEEN_PROXY,0.0,0.0,0.0,bundle_A,EXISTING_PENDING,2026-07-20,2026-07-22,2026-07-24,,-1.1904761904761862,-6.9940476190476275,-6.9940476190476275,,,,,1.636904761904745,-8.630952380952383,,6,PENDING_DAY10,True,ELIGIBLE_WEAK_MARKET,PENDING_DAY10,PENDING_DAY10,False,70.0,True,90.0,False,False,True,FILTERED_BY_RISK_CONTROL_SHADOW,2026-07-17,2026-07-17,2026-07-17,True,"[{""predicate"": ""BRANCH_R_MARKET_STATE"", ""feature"": ""market_path_state"", ""raw"": ""RISK_OFF"", ""pass"": true}, {""predicate"": ""MARKET_PUBLISHING"", ""feature"": ""down_survival_ratio_top120_percentile"", ""raw"": 84.58333333333333, ""comparison"": "">="", ""threshold"": 90.0, ""pass"": false}, {""predicate"": ""SURVIVAL_BUNDLE_A"", ""feature"": ""down_survival_ratio_top120_percentile"", ""raw"": 84.58333333333333, ""comparison"": "">="", ""threshold"": 70.0, ""pass"": true}]"
六暉-KY,PETROCHEMICAL,橡膠製品,HIGH,A,73.0,68.0,5.787388913540226,5.315578930379061,7.3182247399319,2,5,3,6,87.12230215827338,33.57400722021661,29.08567314614831,17.849431646018925,11.607325802425017,127.0,142.0,0.2727272727272739,0.5555555555555565,-0.919540229885052,-0.919540229885052,3,5,2246900.0,266000.0,1980900.0,0.3333333333333333,-0.6864988558352492,0.6960556844547439,1.4018691588784993,1.5174491786170832,RISK_OFF,RISK_OFF,0.8333333333333334,0.5,58.333333333333336,58.333333333333336,92.64705882352942,92.64705882352942,81.66666666666667,81.66666666666667,25.0,25.0,NO_POCKET,0.0,EMERGING_POCKET,0.0,EMERGING_POCKET,39.77272727272727,False,False,False,2115,2026-07-17,2026-07-17,WINDOW_FIRST_SEEN,,True,C,21.7,,1.0,RECONSTRUCTED_TOP120_FIRST_SEEN_PROXY,0.0,0.0,0.0,bundle_A,EXISTING_PENDING,2026-07-20,2026-07-22,2026-07-24,,1.382488479262678,1.382488479262678,1.6129032258064502,,,,,3.686635944700467,0.0,,6,PENDING_DAY10,True,ELIGIBLE_WEAK_MARKET,PENDING_DAY10,PENDING_DAY10,False,70.0,False,90.0,False,False,False,FILTERED_BY_RISK_CONTROL_SHADOW,2026-07-17,2026-07-17,2026-07-17,True,"[{""predicate"": ""BRANCH_R_MARKET_STATE"", ""feature"": ""market_path_state"", ""raw"": ""RISK_OFF"", ""pass"": true}, {""predicate"": ""MARKET_PUBLISHING"", ""feature"": ""down_survival_ratio_top120_percentile"", ""raw"": 58.333333333333336, ""comparison"": "">="", ""threshold"": 90.0, ""pass"": false}, {""predicate"": ""SURVIVAL_BUNDLE_A"", ""feature"": ""down_survival_ratio_top120_percentile"", ""raw"": 58.333333333333336, ""comparison"": "">="", ""threshold"": 70.0, ""pass"": false}]"
嘉里大榮,SHIPPING_CONTAINER,海陸空貨運承攬,HIGH,A,68.4,88.0,6.644245520653147,5.65045108097586,5.746576294126404,2,5,3,6,77.9136690647482,37.68953068592058,26.5658747300216,13.408046126275876,10.26955886694532,47.0,152.0,0.0666666666666685,0.3793103448275872,-1.1884550084889534,-1.1884550084889534,4,9,13434360.8,-1027852.9,14462213.7,1.0,0.1703577512776721,1.0309278350515427,-0.1697792869269965,1.6036593959258618,RISK_OFF,RISK_OFF,0.8333333333333334,0.9,58.333333333333336,58.333333333333336,94.11764705882352,94.11764705882352,66.66666666666666,66.66666666666666,87.08333333333333,87.08333333333333,EMERGING_POCKET,0.0,NARROW_LEADERSHIP,0.0,NARROW_LEADERSHIP,71.81818181818181,False,False,False,2608,2026-07-17,2026-07-17,WINDOW_FIRST_SEEN,,True,C,29.4,,1.0,RECONSTRUCTED_TOP120_FIRST_SEEN_PROXY,0.0,0.0,0.0,bundle_A,EXISTING_PENDING,2026-07-20,2026-07-22,2026-07-24,,-0.170068027210879,-1.0204081632652962,-0.340136054421758,,,,,1.0204081632653184,-1.1904761904761862,,6,PENDING_DAY10,True,ELIGIBLE_WEAK_MARKET,PENDING_DAY10,PENDING_DAY10,False,70.0,False,90.0,False,False,False,FILTERED_BY_RISK_CONTROL_SHADOW,2026-07-17,2026-07-17,2026-07-17,True,"[{""predicate"": ""BRANCH_R_MARKET_STATE"", ""feature"": ""market_path_state"", ""raw"": ""RISK_OFF"", ""pass"": true}, {""predicate"": ""MARKET_PUBLISHING"", ""feature"": ""down_survival_ratio_top120_percentile"", ""raw"": 58.333333333333336, ""comparison"": "">="", ""threshold"": 90.0, ""pass"": false}, {""predicate"": ""SURVIVAL_BUNDLE_A"", ""feature"": ""down_survival_ratio_top120_percentile"", ""raw"": 58.333333333333336, ""comparison"": "">="", ""threshold"": 70.0, ""pass"": false}]"
淘帝-KY,RETAIL_TRADE,製造商,HIGH,A,67.3,97.0,7.158819276224793,6.8803928111417,7.470759726131126,2,4,3,6,78.70503597122303,51.84115523465704,39.38084953203744,8.954626912188663,7.864837287837117,,,0.3599999999999994,0.3142857142857138,-1.03270223752151,-2.5423728813559365,5,8,968120.0,217120.0,751000.0,0.6666666666666666,0.6849315068493178,2.2608695652173827,1.5544041450777255,1.1694386001861088,RISK_OFF,RISK_OFF,0.6666666666666666,0.8,35.833333333333336,35.833333333333336,,,55.833333333333336,55.833333333333336,73.75,73.75,EMERGING_POCKET,0.0,EMERGING_POCKET,0.0,EMERGING_POCKET,18.181818181818183,False,False,False,2929,2026-07-17,2026-07-17,WINDOW_FIRST_SEEN,,True,C,5.88,,1.0,RECONSTRUCTED_TOP120_FIRST_SEEN_PROXY,0.0,0.0,0.0,bundle_A,EXISTING_PENDING,2026-07-20,2026-07-22,2026-07-24,,0.1700680272108901,2.0408163265306145,-0.8503401360544172,,,,,3.401360544217691,-3.0612244897959107,,6,PENDING_DAY10,True,ELIGIBLE_WEAK_MARKET,PENDING_DAY10,PENDING_DAY10,False,70.0,False,90.0,False,False,False,FILTERED_BY_RISK_CONTROL_SHADOW,2026-07-17,2026-07-17,2026-07-17,True,"[{""predicate"": ""BRANCH_R_MARKET_STATE"", ""feature"": ""market_path_state"", ""raw"": ""RISK_OFF"", ""pass"": true}, {""predicate"": ""MARKET_PUBLISHING"", ""feature"": ""down_survival_ratio_top120_percentile"", ""raw"": 35.833333333333336, ""comparison"": "">="", ""threshold"": 90.0, ""pass"": false}, {""predicate"": ""SURVIVAL_BUNDLE_A"", ""feature"": ""down_survival_ratio_top120_percentile"", ""raw"": 35.833333333333336, ""comparison"": "">="", ""threshold"": 70.0, ""pass"": false}]"
憶聲,OPTOELECTRONICS,顯示器模組,HIGH,A,66.9,104.0,10.50319179867949,17.317935944337016,20.432484613311452,3,6,3,6,95.10791366906474,70.46931407942239,51.47588192944564,8.212866529880785,8.72640634792382,,,0.9000000000000002,0.7454545454545465,-0.8064516129032251,-1.5999999999999903,2,4,-10857547.6,-2187626.5999999996,-8669921.000000002,0.3333333333333333,4.029304029304015,12.698412698412698,14.516129032258052,4.520774199721549,RISK_OFF,RISK_OFF,1.0,0.4,84.58333333333333,84.58333333333333,,,93.33333333333331,93.33333333333331,13.333333333333334,13.333333333333334,NO_POCKET,0.0,NARROW_LEADERSHIP,0.0,NARROW_LEADERSHIP,92.72727272727272,True,True,False,3024,2026-07-17,2026-07-17,WINDOW_FIRST_SEEN,,True,C,14.2,,1.0,RECONSTRUCTED_TOP120_FIRST_SEEN_PROXY,0.0,0.0,0.0,bundle_A,EXISTING_PENDING,2026-07-20,2026-07-22,2026-07-24,,-2.464788732394363,-7.042253521126762,-6.338028169014076,,,,,7.7464788732394485,-10.563380281690138,,6,PENDING_DAY10,True,ELIGIBLE_WEAK_MARKET,PENDING_DAY10,PENDING_DAY10,False,70.0,True,90.0,False,False,True,FILTERED_BY_RISK_CONTROL_SHADOW,2026-07-17,2026-07-17,2026-07-17,True,"[{""predicate"": ""BRANCH_R_MARKET_STATE"", ""feature"": ""market_path_state"", ""raw"": ""RISK_OFF"", ""pass"": true}, {""predicate"": ""MARKET_PUBLISHING"", ""feature"": ""down_survival_ratio_top120_percentile"", ""raw"": 84.58333333333333, ""comparison"": "">="", ""threshold"": 90.0, ""pass"": false}, {""predicate"": ""SURVIVAL_BUNDLE_A"", ""feature"": ""down_survival_ratio_top120_percentile"", ""raw"": 84.58333333333333, ""comparison"": "">="", ""threshold"": 70.0, ""pass"": true}]"
聚恆-創,ELECTRICAL_MACHINERY,機電系統工程,HIGH,C,66.1,111.0,5.759602055089763,7.965248152987514,11.619777634285333,3,5,3,6,91.72661870503596,79.63898916967509,19.22246220302376,4.029209845120296,14.500831300402444,,,0.7894736842105269,0.2380952380952383,-0.7142857142857117,-5.05415162454873,4,8,6939537.2,-674116.2999999999,7613653.5,0.8333333333333334,-0.7142857142857117,3.3457249070631967,5.703422053231932,1.2688298464219354,RISK_OFF,RISK_OFF,0.8333333333333334,0.8,58.333333333333336,58.333333333333336,,,47.5,47.5,73.75,73.75,NO_POCKET,0.0,NARROW_LEADERSHIP,0.0,NARROW_LEADERSHIP,71.81818181818181,False,False,False,4582,2026-07-17,2026-07-17,WINDOW_FIRST_SEEN,,True,C,27.8,,1.0,RECONSTRUCTED_TOP120_FIRST_SEEN_PROXY,0.0,0.0,0.0,bundle_A,EXISTING_PENDING,2026-07-20,2026-07-22,2026-07-24,,-1.9784172661870492,2.1582733812949506,2.517985611510798,,,,,5.755395683453224,-2.158273381294973,,6,PENDING_DAY10,True,ELIGIBLE_WEAK_MARKET,PENDING_DAY10,PENDING_DAY10,False,70.0,False,90.0,False,False,False,FILTERED_BY_RISK_CONTROL_SHADOW,2026-07-17,2026-07-17,2026-07-17,True,"[{""predicate"": ""BRANCH_R_MARKET_STATE"", ""feature"": ""market_path_state"", ""raw"": ""RISK_OFF"", ""pass"": true}, {""predicate"": ""MARKET_PUBLISHING"", ""feature"": ""down_survival_ratio_top120_percentile"", ""raw"": 58.333333333333336, ""comparison"": "">="", ""threshold"": 90.0, ""pass"": false}, {""predicate"": ""SURVIVAL_BUNDLE_A"", ""feature"": ""down_survival_ratio_top120_percentile"", ""raw"": 58.333333333333336, ""comparison"": "">="", ""threshold"": 70.0, ""pass"": false}]"
天虹,OPTOELECTRONICS,生產製程及檢測設備,HIGH,A,65.9,113.0,-0.2852110174529461,11.365554991956062,9.978251132310644,2,3,3,6,69.56834532374101,17.689530685920577,18.718502519798417,17.292938212606813,10.16996856078852,14.0,,0.168,0.2356020942408377,-6.759098786828421,-13.550600343053176,3,3,69591840.0,-33695140.0,103286980.0,0.3333333333333333,-6.759098786828421,6.746031746031744,4.061895551257244,1.7851725910897165,RISK_OFF,RISK_OFF,0.5,0.3,18.333333333333332,18.333333333333332,,,45.83333333333333,45.83333333333333,5.833333333333333,5.833333333333333,NO_POCKET,0.0,NARROW_LEADERSHIP,0.0,NARROW_LEADERSHIP,26.36363636363636,False,False,False,6937,2026-07-17,2026-07-17,WINDOW_FIRST_SEEN,,True,C,269.0,,1.0,RECONSTRUCTED_TOP120_FIRST_SEEN_PROXY,0.0,0.0,0.0,bundle_A,EXISTING_PENDING,2026-07-20,2026-07-22,2026-07-24,,-0.9293680297397744,7.063197026022294,7.806691449814118,,,,,12.825278810408914,-3.903345724907059,,6,PENDING_DAY10,True,ELIGIBLE_WEAK_MARKET,PENDING_DAY10,PENDING_DAY10,False,70.0,False,90.0,False,False,False,FILTERED_BY_RISK_CONTROL_SHADOW,2026-07-17,2026-07-17,2026-07-17,True,"[{""predicate"": ""BRANCH_R_MARKET_STATE"", ""feature"": ""market_path_state"", ""raw"": ""RISK_OFF"", ""pass"": true}, {""predicate"": ""MARKET_PUBLISHING"", ""feature"": ""down_survival_ratio_top120_percentile"", ""raw"": 18.333333333333332, ""comparison"": "">="", ""threshold"": 90.0, ""pass"": false}, {""predicate"": ""SURVIVAL_BUNDLE_A"", ""feature"": ""down_survival_ratio_top120_percentile"", ""raw"": 18.333333333333332, ""comparison"": "">="", ""threshold"": 70.0, ""pass"": false}]"
富邦恒生國企正2,,,,C,75.7,41.0,8.468557421197321,12.01784136036582,15.28526717680404,3,5,4,7,95.39236861051116,32.63537906137184,25.864553314121036,20.91899651637977,13.905563059278023,,,0.3518518518518514,0.4704049844236759,-7.462686567164189,-7.462686567164189,4,9,400448744.76,231988436.8,168460307.96,0.8571428571428571,7.949308755760365,5.044843049327352,8.826945412311261,1.0071243283273734,RISK_OFF,RISK_OFF,0.7142857142857143,0.9,43.333333333333336,43.333333333333336,,,77.5,77.5,86.25,86.25,,,,,NO_POCKET,32.142857142857146,False,False,False,00665L,2026-07-20,2026-07-20,WINDOW_FIRST_SEEN,,True,C,9.37,,1.0,RECONSTRUCTED_TOP120_FIRST_SEEN_PROXY,0.0,0.0,0.0,bundle_A,EXISTING_PENDING,2026-07-21,2026-07-23,2026-07-27,,-0.32017075773744796,-0.640341515474907,-0.640341515474907,,,,,1.067235859124871,-3.735325506937026,,5,PENDING_DAY10,True,ELIGIBLE_WEAK_MARKET,PENDING_DAY10,PENDING_DAY10,False,70.0,False,90.0,False,False,False,FILTERED_BY_RISK_CONTROL_SHADOW,2026-07-20,2026-07-20,2026-07-20,True,"[{""predicate"": ""BRANCH_R_MARKET_STATE"", ""feature"": ""market_path_state"", ""raw"": ""RISK_OFF"", ""pass"": true}, {""predicate"": ""MARKET_PUBLISHING"", ""feature"": ""down_survival_ratio_top120_percentile"", ""raw"": 43.333333333333336, ""comparison"": "">="", ""threshold"": 90.0, ""pass"": false}, {""predicate"": ""SURVIVAL_BUNDLE_A"", ""feature"": ""down_survival_ratio_top120_percentile"", ""raw"": 43.333333333333336, ""comparison"": "">="", ""threshold"": 70.0, ""pass"": false}]"
群益臺灣加權反1,,,,C,61.9,118.0,0.5192486654369555,13.903691380345409,13.389014833799717,4,6,4,7,92.44060475161989,50.541516245487365,17.507204610951007,13.966362835377502,14.986680028133772,28.0,,0.6363636363636364,0.625,-1.9417475728155331,-1.9417475728155331,1,2,-7207449.999999999,-1102483.2999999998,-6104966.699999999,0.2857142857142857,0.0,6.930693069306937,6.930693069306937,1.7418020678360115,RISK_OFF,RISK_OFF,0.8571428571428571,0.2,65.41666666666667,65.41666666666667,,,89.16666666666667,89.16666666666667,3.3333333333333335,3.3333333333333335,,,,,NO_POCKET,53.57142857142857,False,False,False,00686R,2026-07-20,2026-07-20,WINDOW_FIRST_SEEN,,True,C,1.08,,1.0,RECONSTRUCTED_TOP120_FIRST_SEEN_PROXY,0.0,0.0,0.0,bundle_A,EXISTING_PENDING,2026-07-21,2026-07-23,2026-07-27,,-3.703703703703709,-5.555555555555558,-2.777777777777779,,,,,-0.92592592592593,-6.481481481481488,,5,PENDING_DAY10,True,ELIGIBLE_WEAK_MARKET,PENDING_DAY10,PENDING_DAY10,False,70.0,False,90.0,False,False,False,FILTERED_BY_RISK_CONTROL_SHADOW,2026-07-20,2026-07-20,2026-07-20,True,"[{""predicate"": ""BRANCH_R_MARKET_STATE"", ""feature"": ""market_path_state"", ""raw"": ""RISK_OFF"", ""pass"": true}, {""predicate"": ""MARKET_PUBLISHING"", ""feature"": ""down_survival_ratio_top120_percentile"", ""raw"": 65.41666666666667, ""comparison"": "">="", ""threshold"": 90.0, ""pass"": false}, {""predicate"": ""SURVIVAL_BUNDLE_A"", ""feature"": ""down_survival_ratio_top120_percentile"", ""raw"": 65.41666666666667, ""comparison"": "">="", ""threshold"": 70.0, ""pass"": false}]"
台榮,RETAIL_TRADE,貿易商、代理商、經銷商,HIGH,A,63.2,110.0,0.9597772997981924,6.97299831103847,6.0216405417853665,3,6,4,7,63.78689704823614,40.7942238267148,37.96829971181556,7.664224407173781,5.163719467284116,43.0,92.0,0.1999999999999971,0.6923076923076927,-1.3100436681222627,-4.641350210970452,5,10,761250.0,971800.0,-210550.0,1.0,0.4405286343612369,0.0,-0.4366812227074135,0.9261430060856513,RISK_OFF,RISK_OFF,0.8571428571428571,1.0,65.41666666666667,65.41666666666667,75.35211267605634,75.35211267605634,91.66666666666666,91.66666666666666,96.66666666666669,96.66666666666669,EMERGING_POCKET,1.0,NARROW_LEADERSHIP,0.0,NARROW_LEADERSHIP,82.43243243243244,False,False,False,1220,2026-07-20,2026-07-20,WINDOW_FIRST_SEEN,,True,C,11.4,,1.0,RECONSTRUCTED_TOP120_FIRST_SEEN_PROXY,0.0,0.0,0.0,bundle_A,EXISTING_PENDING,2026-07-21,2026-07-23,2026-07-27,,-0.43859649122807154,0.0,-0.877192982456132,,,,,0.43859649122806044,-1.3157894736842146,,5,PENDING_DAY10,True,ELIGIBLE_WEAK_MARKET,PENDING_DAY10,PENDING_DAY10,False,70.0,False,90.0,False,False,False,FILTERED_BY_RISK_CONTROL_SHADOW,2026-07-20,2026-07-20,2026-07-20,True,"[{""predicate"": ""BRANCH_R_MARKET_STATE"", ""feature"": ""market_path_state"", ""raw"": ""RISK_OFF"", ""pass"": true}, {""predicate"": ""MARKET_PUBLISHING"", ""feature"": ""down_survival_ratio_top120_percentile"", ""raw"": 65.41666666666667, ""comparison"": "">="", ""threshold"": 90.0, ""pass"": false}, {""predicate"": ""SURVIVAL_BUNDLE_A"", ""feature"": ""down_survival_ratio_top120_percentile"", ""raw"": 65.41666666666667, ""comparison"": "">="", ""threshold"": 70.0, ""pass"": false}]"
天仁,FOOD,餐飲連鎖,HIGH,A,67.3,87.0,2.452464834154,8.727384275950756,9.661168739581749,4,7,4,7,86.53707703383729,70.18050541516246,47.69452449567723,5.452190539558278,7.768510507632011,85.0,,0.8181818181818158,0.3199999999999998,-0.350262697022774,-2.4561403508771895,2,3,206250.0,-450350.0,656600.0,0.4285714285714285,1.9332161687170448,1.7543859649122862,3.2028469750889688,1.1732040261329446,RISK_OFF,RISK_OFF,1.0,0.3,89.16666666666667,89.16666666666667,,,60.0,60.0,7.5,7.5,EMERGING_POCKET,1.0,EMERGING_POCKET,1.0,EMERGING_POCKET,87.12121212121212,True,True,False,1233,2026-07-20,2026-07-20,WINDOW_FIRST_SEEN,,True,C,29.0,,1.0,RECONSTRUCTED_TOP120_FIRST_SEEN_PROXY,0.0,0.0,0.0,bundle_A,EXISTING_PENDING,2026-07-21,2026-07-23,2026-07-27,,-0.34482758620689724,0.5172413793103292,0.17241379310344307,,,,,2.0689655172413834,-1.0344827586206917,,5,PENDING_DAY10,True,ELIGIBLE_WEAK_MARKET,PENDING_DAY10,PENDING_DAY10,False,70.0,True,90.0,False,False,True,FILTERED_BY_RISK_CONTROL_SHADOW,2026-07-20,2026-07-20,2026-07-20,True,"[{""predicate"": ""BRANCH_R_MARKET_STATE"", ""feature"": ""market_path_state"", ""raw"": ""RISK_OFF"", ""pass"": true}, {""predicate"": ""MARKET_PUBLISHING"", ""feature"": ""down_survival_ratio_top120_percentile"", ""raw"": 89.16666666666667, ""comparison"": "">="", ""threshold"": 90.0, ""pass"": false}, {""predicate"": ""SURVIVAL_BUNDLE_A"", ""feature"": ""down_survival_ratio_top120_percentile"", ""raw"": 89.16666666666667, ""comparison"": "">="", ""threshold"": 70.0, ""pass"": true}]"
興泰,FOOD,原物料,HIGH,A,62.9,113.0,2.287956148430159,8.05407939211954,10.636594744994175,4,7,4,7,70.6983441324694,31.263537906137184,17.795389048991353,13.144935408777403,10.58059101669561,31.0,,0.5769230769230782,0.1052631578947367,-0.8097165991902799,-3.648648648648656,5,8,2008480.0,1163650.0,844830.0,0.7142857142857143,1.7687074829932037,1.08108108108107,4.178272980501396,0.7044144827141958,RISK_OFF,RISK_OFF,1.0,0.8,89.16666666666667,89.16666666666667,,,30.0,30.0,73.33333333333333,73.33333333333333,EMERGING_POCKET,1.0,EMERGING_POCKET,1.0,EMERGING_POCKET,87.12121212121212,True,True,True,1235,2026-07-20,2026-07-20,WINDOW_FIRST_SEEN,,True,C,37.4,,1.0,RECONSTRUCTED_TOP120_FIRST_SEEN_PROXY,0.0,0.0,0.0,bundle_A,EXISTING_PENDING,2026-07-21,2026-07-23,2026-07-27,,-0.5347593582887611,-4.278074866310167,-1.0695187165775333,,,,,0.8021390374331583,-5.88235294117646,,5,PENDING_DAY10,True,ELIGIBLE_WEAK_MARKET,PENDING_DAY10,PENDING_DAY10,False,70.0,True,90.0,False,False,True,FILTERED_BY_RISK_CONTROL_SHADOW,2026-07-20,2026-07-20,2026-07-20,True,"[{""predicate"": ""BRANCH_R_MARKET_STATE"", ""feature"": ""market_path_state"", ""raw"": ""RISK_OFF"", ""pass"": true}, {""predicate"": ""MARKET_PUBLISHING"", ""feature"": ""down_survival_ratio_top120_percentile"", ""raw"": 89.16666666666667, ""comparison"": "">="", ""threshold"": 90.0, ""pass"": false}, {""predicate"": ""SURVIVAL_BUNDLE_A"", ""feature"": ""down_survival_ratio_top120_percentile"", ""raw"": 89.16666666666667, ""comparison"": "">="", ""threshold"": 70.0, ""pass"": true}]"
三洋電,OPTOELECTRONICS,電視,HIGH,A,67.3,86.0,-0.4361653473018867,2.960652632026129,3.645821764492784,2,4,4,7,63.93088552915767,69.09747292418773,51.080691642651296,-1.7221957983433522,2.570038777301275,46.0,,0.500000000000002,0.3898305084745763,-4.012345679012341,-4.012345679012341,4,6,1219016.9,6013300.0,-4794283.1,0.7142857142857143,-0.9554140127388422,-4.012345679012341,-2.8124999999999956,1.3126796898068287,RISK_OFF,RISK_OFF,0.5714285714285714,0.6,25.0,25.0,,,70.0,70.0,42.5,42.5,EMERGING_POCKET,0.0,NARROW_LEADERSHIP,0.0,NARROW_LEADERSHIP,39.189189189189186,False,False,False,1614,2026-07-20,2026-07-20,WINDOW_FIRST_SEEN,,True,C,31.1,,1.0,RECONSTRUCTED_TOP120_FIRST_SEEN_PROXY,0.0,0.0,0.0,bundle_A,EXISTING_PENDING,2026-07-21,2026-07-23,2026-07-27,,0.1607717041800516,0.0,-0.1607717041800627,,,,,0.4823151125401992,-0.9646302250803873,,5,PENDING_DAY10,True,ELIGIBLE_WEAK_MARKET,PENDING_DAY10,PENDING_DAY10,False,70.0,False,90.0,False,False,False,FILTERED_BY_RISK_CONTROL_SHADOW,2026-07-20,2026-07-20,2026-07-20,True,"[{""predicate"": ""BRANCH_R_MARKET_STATE"", ""feature"": ""market_path_state"", ""raw"": ""RISK_OFF"", ""pass"": true}, {""predicate"": ""MARKET_PUBLISHING"", ""feature"": ""down_survival_ratio_top120_percentile"", ""raw"": 25.0, ""comparison"": "">="", ""threshold"": 90.0, ""pass"": false}, {""predicate"": ""SURVIVAL_BUNDLE_A"", ""feature"": ""down_survival_ratio_top120_percentile"", ""raw"": 25.0, ""comparison"": "">="", ""threshold"": 70.0, ""pass"": false}]"
世界健身-KY,SPORTING_GOODS,,HIGH,C,78.9,28.0,2.426280846605011,7.7984700091516705,10.726614447419614,4,7,4,7,73.72210223182145,34.72924187725632,10.014409221902016,12.997620118188378,12.741538601983889,,,0.36842105263158,0.2032520325203254,-2.5551684088269355,-2.6378896882494063,4,4,9835350.0,1816800.0,8018550.0,0.4285714285714285,1.9070321811680555,0.8254716981132004,4.268292682926833,0.7991532419022435,RISK_OFF,RISK_OFF,1.0,0.4,89.16666666666667,89.16666666666667,,,46.666666666666664,46.666666666666664,15.416666666666668,15.416666666666668,EMERGING_POCKET,0.0,,,EMERGING_POCKET,87.12121212121212,True,True,False,2762,2026-07-20,2026-07-20,WINDOW_FIRST_SEEN,,True,C,85.5,,1.0,RECONSTRUCTED_TOP120_FIRST_SEEN_PROXY,0.0,0.0,0.0,bundle_A,EXISTING_PENDING,2026-07-21,2026-07-23,2026-07-27,,1.403508771929829,-1.520467836257311,2.3391812865497075,,,,,3.6257309941520433,-1.871345029239757,,5,PENDING_DAY10,True,ELIGIBLE_WEAK_MARKET,PENDING_DAY10,PENDING_DAY10,False,70.0,True,90.0,False,False,True,FILTERED_BY_RISK_CONTROL_SHADOW,2026-07-20,2026-07-20,2026-07-20,True,"[{""predicate"": ""BRANCH_R_MARKET_STATE"", ""feature"": ""market_path_state"", ""raw"": ""RISK_OFF"", ""pass"": true}, {""predicate"": ""MARKET_PUBLISHING"", ""feature"": ""down_survival_ratio_top120_percentile"", ""raw"": 89.16666666666667, ""comparison"": "">="", ""threshold"": 90.0, ""pass"": false}, {""predicate"": ""SURVIVAL_BUNDLE_A"", ""feature"": ""down_survival_ratio_top120_percentile"", ""raw"": 89.16666666666667, ""comparison"": "">="", ""threshold"": 70.0, ""pass"": true}]"
新至陞,COMPUTER_PERIPHERALS,金屬、塑膠模具,HIGH,A,63.7,108.0,0.0626276608707399,5.1711965092366645,5.549230855401876,2,5,4,7,66.66666666666667,43.82671480144404,7.636887608069165,7.613317288407544,11.8059558117195,,,0.125,0.0434782608695652,-2.2727272727272707,-2.2727272727272707,5,7,4418151.0,3931000.0,487151.0,0.5714285714285714,-0.4566210045662155,-1.8018018018018056,-0.9090909090909038,0.6247075730231937,RISK_OFF,RISK_OFF,0.7142857142857143,0.7,43.333333333333336,43.333333333333336,,,12.5,12.5,58.75,58.75,EMERGING_POCKET,0.0,NARROW_LEADERSHIP,0.0,NARROW_LEADERSHIP,62.16216216216216,False,False,False,3679,2026-07-20,2026-07-20,WINDOW_FIRST_SEEN,,True,C,109.0,,1.0,RECONSTRUCTED_TOP120_FIRST_SEEN_PROXY,0.0,0.0,0.0,bundle_A,EXISTING_PENDING,2026-07-21,2026-07-23,2026-07-27,,0.4587155963302836,0.917431192660545,0.4587155963302836,,,,,0.917431192660545,-0.917431192660545,,5,PENDING_DAY10,True,ELIGIBLE_WEAK_MARKET,PENDING_DAY10,PENDING_DAY10,False,70.0,False,90.0,False,False,False,FILTERED_BY_RISK_CONTROL_SHADOW,2026-07-20,2026-07-20,2026-07-20,True,"[{""predicate"": ""BRANCH_R_MARKET_STATE"", ""feature"": ""market_path_state"", ""raw"": ""RISK_OFF"", ""pass"": true}, {""predicate"": ""MARKET_PUBLISHING"", ""feature"": ""down_survival_ratio_top120_percentile"", ""raw"": 43.333333333333336, ""comparison"": "">="", ""threshold"": 90.0, ""pass"": false}, {""predicate"": ""SURVIVAL_BUNDLE_A"", ""feature"": ""down_survival_ratio_top120_percentile"", ""raw"": 43.333333333333336, ""comparison"": "">="", ""threshold"": 70.0, ""pass"": false}]"
上品,OPTOELECTRONICS,生產製程及檢測設備,HIGH,A,63.0,111.0,3.322986983193954,6.520509623255666,8.07494994001242,3,6,4,7,82.00143988480922,77.1841155234657,53.674351585014406,1.605774787114503,5.665417659958962,17.0,,0.0958904109589041,0.0,-5.518763796909488,-5.518763796909488,3,4,48723034.5,35077293.5,13645741.0,0.4285714285714285,2.8037383177569986,-0.4524886877828038,1.616628175519641,1.058887695795197,RISK_OFF,RISK_OFF,0.8571428571428571,0.4,65.41666666666667,65.41666666666667,,,2.5,2.5,15.416666666666668,15.416666666666668,EMERGING_POCKET,0.0,NARROW_LEADERSHIP,0.0,NARROW_LEADERSHIP,82.43243243243244,False,False,False,4770,2026-07-20,2026-07-20,WINDOW_FIRST_SEEN,,True,C,220.0,,1.0,RECONSTRUCTED_TOP120_FIRST_SEEN_PROXY,0.0,0.0,0.0,bundle_A,EXISTING_PENDING,2026-07-21,2026-07-23,2026-07-27,,0.2272727272727204,4.318181818181821,1.3636363636363669,,,,,6.363636363636371,-0.9090909090909038,,5,PENDING_DAY10,True,ELIGIBLE_WEAK_MARKET,PENDING_DAY10,PENDING_DAY10,False,70.0,False,90.0,False,False,False,FILTERED_BY_RISK_CONTROL_SHADOW,2026-07-20,2026-07-20,2026-07-20,True,"[{""predicate"": ""BRANCH_R_MARKET_STATE"", ""feature"": ""market_path_state"", ""raw"": ""RISK_OFF"", ""pass"": true}, {""predicate"": ""MARKET_PUBLISHING"", ""feature"": ""down_survival_ratio_top120_percentile"", ""raw"": 65.41666666666667, ""comparison"": "">="", ""threshold"": 90.0, ""pass"": false}, {""predicate"": ""SURVIVAL_BUNDLE_A"", ""feature"": ""down_survival_ratio_top120_percentile"", ""raw"": 65.41666666666667, ""comparison"": "">="", ""threshold"": 70.0, ""pass"": false}]"
全國電,RETAIL_TRADE,零售通路,HIGH,A,65.4,100.0,1.106332814164945,6.2007975388376995,7.242635489982973,3,6,4,7,72.21022318214543,63.32129963898917,41.71469740634006,2.96297451438542,6.099105155161074,38.0,99.0,0.2222222222222226,0.1794871794871806,-1.3513513513513489,-2.111324376199619,5,7,4179198.8,-1040600.0,5219798.8,0.8571428571428571,0.5870841487279899,-0.7722007722007707,0.7843137254901933,0.929858585120854,RISK_OFF,RISK_OFF,0.8571428571428571,0.7,65.41666666666667,65.41666666666667,77.46478873239437,77.46478873239437,41.66666666666667,41.66666666666667,58.75,58.75,EMERGING_POCKET,1.0,EMERGING_POCKET,1.0,EMERGING_POCKET,60.60606060606061,False,False,False,6281,2026-07-20,2026-07-20,WINDOW_FIRST_SEEN,,True,C,51.4,,1.0,RECONSTRUCTED_TOP120_FIRST_SEEN_PROXY,0.0,0.0,0.0,bundle_A,EXISTING_PENDING,2026-07-21,2026-07-23,2026-07-27,,0.7782101167315147,0.1945525291828787,1.5564202334630517,,,,,3.112840466926081,-0.5836575875486361,,5,PENDING_DAY10,True,ELIGIBLE_WEAK_MARKET,PENDING_DAY10,PENDING_DAY10,False,70.0,False,90.0,False,False,False,FILTERED_BY_RISK_CONTROL_SHADOW,2026-07-20,2026-07-20,2026-07-20,True,"[{""predicate"": ""BRANCH_R_MARKET_STATE"", ""feature"": ""market_path_state"", ""raw"": ""RISK_OFF"", ""pass"": true}, {""predicate"": ""MARKET_PUBLISHING"", ""feature"": ""down_survival_ratio_top120_percentile"", ""raw"": 65.41666666666667, ""comparison"": "">="", ""threshold"": 90.0, ""pass"": false}, {""predicate"": ""SURVIVAL_BUNDLE_A"", ""feature"": ""down_survival_ratio_top120_percentile"", ""raw"": 65.41666666666667, ""comparison"": "">="", ""threshold"": 70.0, ""pass"": false}]"
成信實業*-創,BUILDING_MATERIALS_CONSTRUCTION,,LOW,C,66.0,96.0,10.51924866543694,9.100657885506546,13.775394935224472,2,2,4,7,72.35421166306695,38.26714801444043,12.17579250720461,11.362354549542172,12.035683831172468,,,0.3272727272727267,0.0468085106382976,-7.156673114119927,-12.727272727272732,3,5,1618268.0,267529.69999999995,1350738.3,0.4285714285714285,9.999999999999986,2.127659574468077,7.317073170731692,8.786660471694656,RISK_OFF,RISK_OFF,0.2857142857142857,0.5,5.833333333333333,5.833333333333333,,,13.333333333333334,13.333333333333334,27.500000000000004,27.500000000000004,EMERGING_POCKET,1.0,,,EMERGING_POCKET,3.787878787878788,False,False,False,6969,2026-07-20,2026-07-20,WINDOW_FIRST_SEEN,,True,C,26.4,,1.0,RECONSTRUCTED_TOP120_FIRST_SEEN_PROXY,0.0,0.0,0.0,bundle_A,EXISTING_PENDING,2026-07-21,2026-07-23,2026-07-27,,9.848484848484862,32.765151515151516,31.439393939393966,,,,,50.75757575757576,6.060606060606055,,5,PENDING_DAY10,True,ELIGIBLE_WEAK_MARKET,PENDING_DAY10,PENDING_DAY10,False,70.0,False,90.0,False,False,False,FILTERED_BY_RISK_CONTROL_SHADOW,2026-07-20,2026-07-20,2026-07-20,True,"[{""predicate"": ""BRANCH_R_MARKET_STATE"", ""feature"": ""market_path_state"", ""raw"": ""RISK_OFF"", ""pass"": true}, {""predicate"": ""MARKET_PUBLISHING"", ""feature"": ""down_survival_ratio_top120_percentile"", ""raw"": 5.833333333333333, ""comparison"": "">="", ""threshold"": 90.0, ""pass"": false}, {""predicate"": ""SURVIVAL_BUNDLE_A"", ""feature"": ""down_survival_ratio_top120_percentile"", ""raw"": 5.833333333333333, ""comparison"": "">="", ""threshold"": 70.0, ""pass"": false}]"
熙特爾-創,DIVERSIFIED_OTHER,能源管理服務,LOW,CD,68.6,79.0,4.767614678508858,4.82575904723479,8.701911508082516,2,4,4,7,82.7933765298776,47.00361010830325,12.896253602305476,11.929922140524786,13.979424585514426,107.0,117.0,0.0909090909090909,0.1743119266055046,-6.134969325153373,-6.134969325153373,4,8,9429371.5,31211653.0,-21782281.5,0.7142857142857143,4.2483660130719025,-2.1472392638036797,2.2435897435897356,0.8312503871385534,RISK_OFF,RISK_OFF,0.5714285714285714,0.8,25.0,25.0,85.91549295774648,85.91549295774648,40.833333333333336,40.833333333333336,73.33333333333333,73.33333333333333,EMERGING_POCKET,0.0,,,EMERGING_POCKET,20.454545454545457,False,False,False,7740,2026-07-20,2026-07-20,WINDOW_FIRST_SEEN,,True,C,159.5,,1.0,RECONSTRUCTED_TOP120_FIRST_SEEN_PROXY,0.0,0.0,0.0,bundle_A,EXISTING_PENDING,2026-07-21,2026-07-23,2026-07-27,,1.5673981191222541,-1.5673981191222541,-8.463949843260188,,,,,4.0752351097178785,-11.91222570532915,,5,PENDING_DAY10,True,ELIGIBLE_WEAK_MARKET,PENDING_DAY10,PENDING_DAY10,False,70.0,False,90.0,False,False,False,FILTERED_BY_RISK_CONTROL_SHADOW,2026-07-20,2026-07-20,2026-07-20,True,"[{""predicate"": ""BRANCH_R_MARKET_STATE"", ""feature"": ""market_path_state"", ""raw"": ""RISK_OFF"", ""pass"": true}, {""predicate"": ""MARKET_PUBLISHING"", ""feature"": ""down_survival_ratio_top120_percentile"", ""raw"": 25.0, ""comparison"": "">="", ""threshold"": 90.0, ""pass"": false}, {""predicate"": ""SURVIVAL_BUNDLE_A"", ""feature"": ""down_survival_ratio_top120_percentile"", ""raw"": 25.0, ""comparison"": "">="", ""threshold"": 70.0, ""pass"": false}]"
建新國際,SHIPPING_CONTAINER,貨櫃航運,HIGH,A,68.5,80.0,1.5118044967024735,6.97299831103847,6.952148924986623,3,6,4,7,77.68178545716343,65.1985559566787,50.720461095100866,4.161076500161575,5.392264872412513,47.0,90.0,0.1428571428571428,0.1698113207547167,-0.982800982801002,-0.987654320987652,5,7,1177100.0,1502900.0,-325800.0,0.7142857142857143,0.992555831265518,0.0,0.4938271604938427,0.5968491422054172,RISK_OFF,RISK_OFF,0.8571428571428571,0.7,65.41666666666667,65.41666666666667,73.23943661971832,73.23943661971832,40.0,40.0,58.75,58.75,EMERGING_POCKET,1.0,EMERGING_POCKET,1.0,EMERGING_POCKET,60.60606060606061,False,False,False,8367,2026-07-20,2026-07-20,WINDOW_FIRST_SEEN,,True,C,40.7,,1.0,RECONSTRUCTED_TOP120_FIRST_SEEN_PROXY,0.0,0.0,0.0,bundle_A,EXISTING_PENDING,2026-07-21,2026-07-23,2026-07-27,,0.0,-0.49140049140049546,-0.7371007371007487,,,,,0.0,-1.3513513513513598,,5,PENDING_DAY10,True,ELIGIBLE_WEAK_MARKET,PENDING_DAY10,PENDING_DAY10,False,70.0,False,90.0,False,False,False,FILTERED_BY_RISK_CONTROL_SHADOW,2026-07-20,2026-07-20,2026-07-20,True,"[{""predicate"": ""BRANCH_R_MARKET_STATE"", ""feature"": ""market_path_state"", ""raw"": ""RISK_OFF"", ""pass"": true}, {""predicate"": ""MARKET_PUBLISHING"", ""feature"": ""down_survival_ratio_top120_percentile"", ""raw"": 65.41666666666667, ""comparison"": "">="", ""threshold"": 90.0, ""pass"": false}, {""predicate"": ""SURVIVAL_BUNDLE_A"", ""feature"": ""down_survival_ratio_top120_percentile"", ""raw"": 65.41666666666667, ""comparison"": "">="", ""threshold"": 70.0, ""pass"": false}]"
宏全,PETROCHEMICAL,塑膠製品,HIGH,A,63.7,107.0,2.9096869124489055,9.772998311038473,10.087354022557305,4,6,4,7,56.371490280777536,24.259927797833935,16.21037463976945,10.7038541609812,8.032223128201617,74.0,131.0,1.0,0.6190476190476191,0.0,-1.6064257028112428,4,7,144956812.5,235941768.0,-90984955.5,0.7142857142857143,2.39043824701195,2.8000000000000025,3.629032258064524,1.2783556916381384,RISK_OFF,RISK_OFF,0.8571428571428571,0.7,65.41666666666667,65.41666666666667,88.73239436619718,88.73239436619718,87.5,87.5,58.75,58.75,EMERGING_POCKET,0.0,NO_POCKET,0.0,EMERGING_POCKET,60.60606060606061,False,False,False,9939,2026-07-20,2026-07-20,WINDOW_FIRST_SEEN,,True,C,128.5,,1.0,RECONSTRUCTED_TOP120_FIRST_SEEN_PROXY,0.0,0.0,0.0,bundle_A,EXISTING_PENDING,2026-07-21,2026-07-23,2026-07-27,,3.112840466926059,1.1673151750972721,0.3891050583657574,,,,,4.280155642023353,-0.7782101167315147,,5,PENDING_DAY10,True,ELIGIBLE_WEAK_MARKET,PENDING_DAY10,PENDING_DAY10,False,70.0,False,90.0,False,False,False,FILTERED_BY_RISK_CONTROL_SHADOW,2026-07-20,2026-07-20,2026-07-20,True,"[{""predicate"": ""BRANCH_R_MARKET_STATE"", ""feature"": ""market_path_state"", ""raw"": ""RISK_OFF"", ""pass"": true}, {""predicate"": ""MARKET_PUBLISHING"", ""feature"": ""down_survival_ratio_top120_percentile"", ""raw"": 65.41666666666667, ""comparison"": "">="", ""threshold"": 90.0, ""pass"": false}, {""predicate"": ""SURVIVAL_BUNDLE_A"", ""feature"": ""down_survival_ratio_top120_percentile"", ""raw"": 65.41666666666667, ""comparison"": "">="", ""threshold"": 70.0, ""pass"": false}]"
中信中國50正2,,,,C,73.2,49.0,-3.88553967866625,1.403415549665343,7.122315126741762,2,4,3,6,90.53084648493544,78.46374730796842,30.252707581227437,4.02236639232234,12.0556277807416,,,0.2547169811320756,0.3088235294117644,-8.135942327497435,-8.135942327497435,4,9,86495815.55000001,261675243.59,-175179428.04,0.8333333333333334,0.3151260504201891,-1.6477857878475777,5.9933407325194255,0.4988931196264711,RISK_OFF,RISK_OFF,0.6666666666666666,0.9,44.166666666666664,44.166666666666664,,,65.0,65.0,89.58333333333334,89.58333333333334,,,,,NO_POCKET,62.0,False,False,False,00753L,2026-07-21,2026-07-21,WINDOW_FIRST_SEEN,,True,C,9.55,,1.0,RECONSTRUCTED_TOP120_FIRST_SEEN_PROXY,0.0,0.0,0.0,bundle_A,EXISTING_PENDING,2026-07-22,2026-07-24,,,-2.408376963350789,-3.874345549738234,,,,,,-0.3141361256544628,-4.607329842931951,,4,PENDING_DAY10,True,ELIGIBLE_WEAK_MARKET,PENDING_DAY10,PENDING_DAY10,False,70.0,False,90.0,False,False,False,FILTERED_BY_RISK_CONTROL_SHADOW,2026-07-21,2026-07-21,2026-07-21,True,"[{""predicate"": ""BRANCH_R_MARKET_STATE"", ""feature"": ""market_path_state"", ""raw"": ""RISK_OFF"", ""pass"": true}, {""predicate"": ""MARKET_PUBLISHING"", ""feature"": ""down_survival_ratio_top120_percentile"", ""raw"": 44.166666666666664, ""comparison"": "">="", ""threshold"": 90.0, ""pass"": false}, {""predicate"": ""SURVIVAL_BUNDLE_A"", ""feature"": ""down_survival_ratio_top120_percentile"", ""raw"": 44.166666666666664, ""comparison"": "">="", ""threshold"": 70.0, ""pass"": false}]"
盛餘,STEEL,建築工程,HIGH,A,70.2,72.0,-3.4725103892806253,3.53546283872358,3.598110196691484,3,5,3,6,67.79053084648494,50.323043790380474,33.285198555956676,5.822495685368156,6.901066458105653,,68.0,0.5555555555555565,0.0810810810810805,-0.9685230024213064,-3.3412887828162208,5,7,6123971.6,2723927.1,3400044.4999999995,0.6666666666666666,0.7281553398058138,0.4842615012106588,2.4691358024691468,1.256022003911471,RISK_OFF,RISK_OFF,0.8333333333333334,0.7,71.25,71.25,77.6595744680851,77.6595744680851,25.833333333333336,25.833333333333336,55.833333333333336,55.833333333333336,EMERGING_POCKET,0.0,,,EMERGING_POCKET,67.3913043478261,True,True,True,2029,2026-07-21,2026-07-21,WINDOW_FIRST_SEEN,,True,C,20.75,,1.0,RECONSTRUCTED_TOP120_FIRST_SEEN_PROXY,0.0,0.0,0.0,bundle_A,EXISTING_PENDING,2026-07-22,2026-07-24,,,-1.2048192771084376,0.0,,,,,,1.2048192771084265,-1.2048192771084376,,4,PENDING_DAY10,True,ELIGIBLE_WEAK_MARKET,PENDING_DAY10,PENDING_DAY10,False,70.0,True,90.0,False,False,True,FILTERED_BY_RISK_CONTROL_SHADOW,2026-07-21,2026-07-21,2026-07-21,True,"[{""predicate"": ""BRANCH_R_MARKET_STATE"", ""feature"": ""market_path_state"", ""raw"": ""RISK_OFF"", ""pass"": true}, {""predicate"": ""MARKET_PUBLISHING"", ""feature"": ""down_survival_ratio_top120_percentile"", ""raw"": 71.25, ""comparison"": "">="", ""threshold"": 90.0, ""pass"": false}, {""predicate"": ""SURVIVAL_BUNDLE_A"", ""feature"": ""down_survival_ratio_top120_percentile"", ""raw"": 71.25, ""comparison"": "">="", ""threshold"": 70.0, ""pass"": true}]"
聯強,SEMICONDUCTOR,IC通路,HIGH,A,64.2,107.0,-2.653046681467397,0.760250592953926,3.776387149938343,2,4,3,6,36.22668579626973,26.489590811198852,24.259927797833935,3.2456983283569585,2.3933515996871586,,,0.2500000000000004,0.4106280193236717,-3.7800687285223344,-12.04690831556503,5,7,355099932.4999999,826359016.0,-471259083.5000001,0.6666666666666666,1.547619047619042,-2.290950744558995,2.6474127557160054,0.7094890458323347,RISK_OFF,RISK_OFF,0.6666666666666666,0.7,44.166666666666664,44.166666666666664,,,77.5,77.5,55.833333333333336,55.833333333333336,NO_POCKET,0.0,NO_POCKET,0.0,NO_POCKET,62.0,False,False,False,2347,2026-07-21,2026-07-21,WINDOW_FIRST_SEEN,,True,C,85.3,,1.0,RECONSTRUCTED_TOP120_FIRST_SEEN_PROXY,0.0,0.0,0.0,bundle_A,EXISTING_PENDING,2026-07-22,2026-07-24,,,3.399765533411503,3.86869871043376,,,,,,5.275498241500576,0.3516998827667095,,4,PENDING_DAY10,True,ELIGIBLE_WEAK_MARKET,PENDING_DAY10,PENDING_DAY10,False,70.0,False,90.0,False,False,False,FILTERED_BY_RISK_CONTROL_SHADOW,2026-07-21,2026-07-21,2026-07-21,True,"[{""predicate"": ""BRANCH_R_MARKET_STATE"", ""feature"": ""market_path_state"", ""raw"": ""RISK_OFF"", ""pass"": true}, {""predicate"": ""MARKET_PUBLISHING"", ""feature"": ""down_survival_ratio_top120_percentile"", ""raw"": 44.166666666666664, ""comparison"": "">="", ""threshold"": 90.0, ""pass"": false}, {""predicate"": ""SURVIVAL_BUNDLE_A"", ""feature"": ""down_survival_ratio_top120_percentile"", ""raw"": 44.166666666666664, ""comparison"": "">="", ""threshold"": 70.0, ""pass"": false}]"
達運光電,COMMUNICATION_NETWORK,光通訊設備(如光纖電纜、光傳輸設備),HIGH,AC,69.1,78.0,4.282205396525307,12.968556709413736,19.878974394222336,2,3,3,6,90.74605451936873,48.24120603015076,14.873646209386282,14.168282829739324,15.17448166199649,58.0,131.0,0.5276381909547737,0.1827956989247312,-7.768595041322324,-9.12052117263844,2,4,-7641521.099999999,-1286099.0,-6355422.099999999,0.3333333333333333,8.482871125611746,9.917355371900817,18.75,6.9169686920438425,RISK_OFF,RISK_OFF,0.5,0.4,22.5,22.5,90.42553191489364,90.42553191489364,43.333333333333336,43.333333333333336,12.5,12.5,EMERGING_POCKET,0.0,NO_POCKET,0.0,EMERGING_POCKET,21.014492753623188,False,False,False,8045,2026-07-21,2026-07-21,WINDOW_FIRST_SEEN,,True,C,66.5,,1.0,RECONSTRUCTED_TOP120_FIRST_SEEN_PROXY,0.0,0.0,0.0,bundle_A,EXISTING_PENDING,2026-07-22,2026-07-24,,,-6.015037593984962,-8.270676691729328,,,,,,1.8045112781954975,-10.37593984962406,,4,PENDING_DAY10,True,ELIGIBLE_WEAK_MARKET,PENDING_DAY10,PENDING_DAY10,False,70.0,False,90.0,False,False,False,FILTERED_BY_RISK_CONTROL_SHADOW,2026-07-21,2026-07-21,2026-07-21,True,"[{""predicate"": ""BRANCH_R_MARKET_STATE"", ""feature"": ""market_path_state"", ""raw"": ""RISK_OFF"", ""pass"": true}, {""predicate"": ""MARKET_PUBLISHING"", ""feature"": ""down_survival_ratio_top120_percentile"", ""raw"": 22.5, ""comparison"": "">="", ""threshold"": 90.0, ""pass"": false}, {""predicate"": ""SURVIVAL_BUNDLE_A"", ""feature"": ""down_survival_ratio_top120_percentile"", ""raw"": 22.5, ""comparison"": "">="", ""threshold"": 70.0, ""pass"": false}]"
美德醫療-DR,MEDICAL_DEVICE,醫療耗材代工,MEDIUM,C,66.7,92.0,-2.0771136055343087,7.390451830609568,9.30893349442684,1,2,3,6,72.52510760401722,35.46302943287868,8.808664259927799,12.354026057046182,12.743288668817886,,,0.5882352941176463,0.1047619047619049,-1.8939393939394031,-5.598455598455598,4,6,4204801.36,139905.0400000004,4064896.32,0.5,2.1235521235521304,4.339250493096647,8.179959100204503,0.7559466632255277,RISK_OFF,RISK_OFF,0.3333333333333333,0.6,9.166666666666666,9.166666666666666,,,35.0,35.0,36.666666666666664,36.666666666666664,EMERGING_POCKET,1.0,,,EMERGING_POCKET,7.971014492753622,False,False,False,9103,2026-07-21,2026-07-21,WINDOW_FIRST_SEEN,,True,C,5.29,,1.0,RECONSTRUCTED_TOP120_FIRST_SEEN_PROXY,0.0,0.0,0.0,bundle_A,EXISTING_PENDING,2026-07-22,2026-07-24,,,3.969754253308122,1.7013232514177634,,,,,,14.366729678638945,-0.3780718336483968,,4,PENDING_DAY10,True,ELIGIBLE_WEAK_MARKET,PENDING_DAY10,PENDING_DAY10,False,70.0,False,90.0,False,False,False,FILTERED_BY_RISK_CONTROL_SHADOW,2026-07-21,2026-07-21,2026-07-21,True,"[{""predicate"": ""BRANCH_R_MARKET_STATE"", ""feature"": ""market_path_state"", ""raw"": ""RISK_OFF"", ""pass"": true}, {""predicate"": ""MARKET_PUBLISHING"", ""feature"": ""down_survival_ratio_top120_percentile"", ""raw"": 9.166666666666666, ""comparison"": "">="", ""threshold"": 90.0, ""pass"": false}, {""predicate"": ""SURVIVAL_BUNDLE_A"", ""feature"": ""down_survival_ratio_top120_percentile"", ""raw"": 9.166666666666666, ""comparison"": "">="", ""threshold"": 70.0, ""pass"": false}]"
福興,STEEL,金屬製品,HIGH,A,63.1,111.0,-4.695103306342318,1.9455502318618032,1.1289743942223374,2,5,3,6,68.00573888091822,61.95262024407753,50.25270758122743,2.017706212280229,3.5506062599381565,,59.0,0.0,0.0434782608695657,-1.3480392156862695,-1.3480392156862695,4,7,5117152.0,2068849.9999999995,3048302.0000000005,0.5,-0.4944375772558795,-1.1056511056511176,0.0,1.179017622099271,RISK_OFF,RISK_OFF,0.8333333333333334,0.7,71.25,71.25,71.27659574468085,71.27659574468085,15.0,15.0,55.833333333333336,55.833333333333336,EMERGING_POCKET,0.0,EMERGING_POCKET,0.0,EMERGING_POCKET,67.3913043478261,True,True,True,9924,2026-07-21,2026-07-21,WINDOW_FIRST_SEEN,,True,C,40.25,,1.0,RECONSTRUCTED_TOP120_FIRST_SEEN_PROXY,0.0,0.0,0.0,bundle_A,EXISTING_PENDING,2026-07-22,2026-07-24,,,-1.3664596273291862,-1.1180124223602594,,,,,,0.6211180124223503,-2.360248447204971,,4,PENDING_DAY10,True,ELIGIBLE_WEAK_MARKET,PENDING_DAY10,PENDING_DAY10,False,70.0,True,90.0,False,False,True,FILTERED_BY_RISK_CONTROL_SHADOW,2026-07-21,2026-07-21,2026-07-21,True,"[{""predicate"": ""BRANCH_R_MARKET_STATE"", ""feature"": ""market_path_state"", ""raw"": ""RISK_OFF"", ""pass"": true}, {""predicate"": ""MARKET_PUBLISHING"", ""feature"": ""down_survival_ratio_top120_percentile"", ""raw"": 71.25, ""comparison"": "">="", ""threshold"": 90.0, ""pass"": false}, {""predicate"": ""SURVIVAL_BUNDLE_A"", ""feature"": ""down_survival_ratio_top120_percentile"", ""raw"": 71.25, ""comparison"": "">="", ""threshold"": 70.0, ""pass"": true}]"
國泰中國A50,,,,A,69.5,89.0,-0.43890285057957,-0.221998726057393,1.8346796307834312,2,4,3,5,70.47413793103448,56.18705035971223,60.86642599277978,4.762362523774082,1.921542387650939,,,0.0075187969924823,0.213675213675214,-4.539202200825299,-4.539202200825299,3,7,28480105.25,-955143.2900000048,29435248.540000007,0.6,0.9015256588072118,4.827089337175794,0.0687757909216157,1.5736262594177293,RISK_OFF,RISK_OFF,0.8,0.7,59.166666666666664,59.166666666666664,,,33.33333333333333,33.33333333333333,47.083333333333336,47.083333333333336,,,,,NO_POCKET,42.72727272727273,False,False,False,00636,2026-07-22,2026-07-22,WINDOW_FIRST_SEEN,,True,C,29.1,,1.0,RECONSTRUCTED_TOP120_FIRST_SEEN_PROXY,0.0,0.0,0.0,bundle_A,EXISTING_PENDING,2026-07-23,2026-07-27,,,-0.27491408934708916,-1.1683848797250818,,,,,,0.0,-1.6838487972508642,,3,PENDING_DAY10,True,ELIGIBLE_WEAK_MARKET,PENDING_DAY10,PENDING_DAY10,False,70.0,False,90.0,False,False,False,FILTERED_BY_RISK_CONTROL_SHADOW,2026-07-22,2026-07-22,2026-07-22,True,"[{""predicate"": ""BRANCH_R_MARKET_STATE"", ""feature"": ""market_path_state"", ""raw"": ""RISK_OFF"", ""pass"": true}, {""predicate"": ""MARKET_PUBLISHING"", ""feature"": ""down_survival_ratio_top120_percentile"", ""raw"": 59.166666666666664, ""comparison"": "">="", ""threshold"": 90.0, ""pass"": false}, {""predicate"": ""SURVIVAL_BUNDLE_A"", ""feature"": ""down_survival_ratio_top120_percentile"", ""raw"": 59.166666666666664, ""comparison"": "">="", ""threshold"": 70.0, ""pass"": false}]"
國泰美國道瓊反1,,,,A,65.7,118.0,-1.714960344592764,-5.236705324021173,2.7146704432773783,3,5,3,5,64.00862068965517,77.55395683453237,50.974729241877256,-4.515112048292399,2.606778289555584,,,0.5555555555555644,0.4736842105263162,-0.3745318352059823,-0.5660377358490565,5,7,8189490.3999999985,1799236.3499999996,6390254.049999999,1.0,-0.3745318352059823,-0.1876172607879866,0.9487666034155628,0.4964622171513236,RISK_OFF,RISK_OFF,1.0,0.7,89.16666666666667,89.16666666666667,,,80.0,80.0,47.083333333333336,47.083333333333336,,,,,NO_POCKET,82.72727272727273,True,False,False,00669R,2026-07-22,2026-07-22,WINDOW_FIRST_SEEN,,True,C,5.32,,1.0,RECONSTRUCTED_TOP120_FIRST_SEEN_PROXY,0.0,0.0,0.0,bundle_A,EXISTING_PENDING,2026-07-23,2026-07-27,,,0.3759398496240518,-0.1879699248120481,,,,,,1.1278195488721776,-0.1879699248120481,,3,PENDING_DAY10,True,ELIGIBLE_WEAK_MARKET,PENDING_DAY10,PENDING_DAY10,False,70.0,True,90.0,False,False,True,FILTERED_BY_RISK_CONTROL_SHADOW,2026-07-22,2026-07-22,2026-07-22,True,"[{""predicate"": ""BRANCH_R_MARKET_STATE"", ""feature"": ""market_path_state"", ""raw"": ""RISK_OFF"", ""pass"": true}, {""predicate"": ""MARKET_PUBLISHING"", ""feature"": ""down_survival_ratio_top120_percentile"", ""raw"": 89.16666666666667, ""comparison"": "">="", ""threshold"": 90.0, ""pass"": false}, {""predicate"": ""SURVIVAL_BUNDLE_A"", ""feature"": ""down_survival_ratio_top120_percentile"", ""raw"": 89.16666666666667, ""comparison"": "">="", ""threshold"": 70.0, ""pass"": true}]"
期街口S&P黃豆,,,,A,79.3,20.0,-1.2509830711041392,-2.152536339095268,4.332356635462187,3,5,3,5,90.51724137931036,85.68345323741008,85.84837545126354,1.611262713966757,0.9337731856093626,,,0.5600000000000007,0.3664596273291934,-1.0013654984069142,-1.0013654984069142,5,10,85784415.05,33599172.39,52185242.66,1.0,0.0894454382826426,2.896551724137919,2.5664527956003713,0.8392192079334213,RISK_OFF,RISK_OFF,1.0,1.0,89.16666666666667,89.16666666666667,,,69.16666666666667,69.16666666666667,93.33333333333331,93.33333333333331,,,,,NO_POCKET,82.72727272727273,True,True,True,00693U,2026-07-22,2026-07-22,WINDOW_FIRST_SEEN,,True,C,22.38,,1.0,RECONSTRUCTED_TOP120_FIRST_SEEN_PROXY,0.0,0.0,0.0,bundle_A,EXISTING_PENDING,2026-07-23,2026-07-27,,,1.4298480786416379,1.2957998212689947,,,,,,2.2788203753351333,1.2957998212689947,,3,PENDING_DAY10,True,ELIGIBLE_WEAK_MARKET,PENDING_DAY10,PENDING_DAY10,False,70.0,True,90.0,False,False,True,FILTERED_BY_RISK_CONTROL_SHADOW,2026-07-22,2026-07-22,2026-07-22,True,"[{""predicate"": ""BRANCH_R_MARKET_STATE"", ""feature"": ""market_path_state"", ""raw"": ""RISK_OFF"", ""pass"": true}, {""predicate"": ""MARKET_PUBLISHING"", ""feature"": ""down_survival_ratio_top120_percentile"", ""raw"": 89.16666666666667, ""comparison"": "">="", ""threshold"": 90.0, ""pass"": false}, {""predicate"": ""SURVIVAL_BUNDLE_A"", ""feature"": ""down_survival_ratio_top120_percentile"", ""raw"": 89.16666666666667, ""comparison"": "">="", ""threshold"": 70.0, ""pass"": true}]"
富邦恒生國企,,,,A,74.0,51.0,-2.4925022421056764,-3.027684971675515,3.12443898457535,3,5,3,5,92.3132183908046,81.72661870503597,58.98916967509025,3.528866561922873,6.664809743142868,,,0.1204188481675394,0.3774834437086091,-3.1105990783410142,-3.1105990783410142,5,9,4100110.500000001,8852874.509999998,-4752764.009999998,0.8,-1.1520737327188946,2.021403091557672,1.3585351447135352,1.2106152690243477,RISK_OFF,RISK_OFF,1.0,0.9,89.16666666666667,89.16666666666667,,,70.83333333333334,70.83333333333334,80.83333333333333,80.83333333333333,,,,,NO_POCKET,82.72727272727273,True,True,True,00700,2026-07-22,2026-07-22,WINDOW_FIRST_SEEN,,True,C,17.16,,1.0,RECONSTRUCTED_TOP120_FIRST_SEEN_PROXY,0.0,0.0,0.0,bundle_A,EXISTING_PENDING,2026-07-23,2026-07-27,,,1.1655011655011593,1.5151515151515138,,,,,,1.631701631701632,-0.34965034965034336,,3,PENDING_DAY10,True,ELIGIBLE_WEAK_MARKET,PENDING_DAY10,PENDING_DAY10,False,70.0,True,90.0,False,False,True,FILTERED_BY_RISK_CONTROL_SHADOW,2026-07-22,2026-07-22,2026-07-22,True,"[{""predicate"": ""BRANCH_R_MARKET_STATE"", ""feature"": ""market_path_state"", ""raw"": ""RISK_OFF"", ""pass"": true}, {""predicate"": ""MARKET_PUBLISHING"", ""feature"": ""down_survival_ratio_top120_percentile"", ""raw"": 89.16666666666667, ""comparison"": "">="", ""threshold"": 90.0, ""pass"": false}, {""predicate"": ""SURVIVAL_BUNDLE_A"", ""feature"": ""down_survival_ratio_top120_percentile"", ""raw"": 89.16666666666667, ""comparison"": "">="", ""threshold"": 70.0, ""pass"": true}]"
國泰標普低波高息,,,,A,68.8,97.0,-2.6509924490214054,-4.928217797318601,-0.1290823425305953,2,4,3,5,79.45402298850574,77.62589928057554,74.07942238267148,0.6093745693100677,1.074920121166852,,,0.3582089552238792,0.144508670520232,-2.2897749703908343,-2.2897749703908343,4,7,658478.8800000004,361376.98,297101.9000000004,0.8,-1.3105639396346236,0.1208702659145855,-1.8949861823924108,1.356478020037169,RISK_OFF,RISK_OFF,0.8,0.7,59.166666666666664,59.166666666666664,,,20.0,20.0,47.083333333333336,47.083333333333336,,,,,NO_POCKET,42.72727272727273,False,False,False,00702,2026-07-22,2026-07-22,WINDOW_FIRST_SEEN,,True,C,24.85,,1.0,RECONSTRUCTED_TOP120_FIRST_SEEN_PROXY,0.0,0.0,0.0,bundle_A,EXISTING_PENDING,2026-07-23,2026-07-27,,,0.12072434607643956,0.8450704225352101,,,,,,1.0060362173038184,-0.6036217303822977,,3,PENDING_DAY10,True,ELIGIBLE_WEAK_MARKET,PENDING_DAY10,PENDING_DAY10,False,70.0,False,90.0,False,False,False,FILTERED_BY_RISK_CONTROL_SHADOW,2026-07-22,2026-07-22,2026-07-22,True,"[{""predicate"": ""BRANCH_R_MARKET_STATE"", ""feature"": ""market_path_state"", ""raw"": ""RISK_OFF"", ""pass"": true}, {""predicate"": ""MARKET_PUBLISHING"", ""feature"": ""down_survival_ratio_top120_percentile"", ""raw"": 59.166666666666664, ""comparison"": "">="", ""threshold"": 90.0, ""pass"": false}, {""predicate"": ""SURVIVAL_BUNDLE_A"", ""feature"": ""down_survival_ratio_top120_percentile"", ""raw"": 59.166666666666664, ""comparison"": "">="", ""threshold"": 70.0, ""pass"": false}]"
富邦歐洲,,,,A,75.4,42.0,-0.0802357740272707,-3.108789555770519,3.9094731319854414,3,5,3,5,86.70977011494253,78.56115107913669,62.31046931407942,2.716206345268612,4.879860160172622,,,0.4777777777777782,0.2332268370607027,-0.6871165644171784,-1.8132141082960684,5,7,2862168.5,1415726.32,1446442.18,0.8,1.260192735359511,1.9402985074626675,2.143569292123626,1.5562912404928515,RISK_OFF,RISK_OFF,1.0,0.7,89.16666666666667,89.16666666666667,,,38.333333333333336,38.333333333333336,47.083333333333336,47.083333333333336,,,,,NO_POCKET,82.72727272727273,True,True,False,00709,2026-07-22,2026-07-22,WINDOW_FIRST_SEEN,,True,C,40.98,,1.0,RECONSTRUCTED_TOP120_FIRST_SEEN_PROXY,0.0,0.0,0.0,bundle_A,EXISTING_PENDING,2026-07-23,2026-07-27,,,-0.5612493899463056,0.43923865300146137,,,,,,0.5368472425573589,-1.9033674963396585,,3,PENDING_DAY10,True,ELIGIBLE_WEAK_MARKET,PENDING_DAY10,PENDING_DAY10,False,70.0,True,90.0,False,False,True,FILTERED_BY_RISK_CONTROL_SHADOW,2026-07-22,2026-07-22,2026-07-22,True,"[{""predicate"": ""BRANCH_R_MARKET_STATE"", ""feature"": ""market_path_state"", ""raw"": ""RISK_OFF"", ""pass"": true}, {""predicate"": ""MARKET_PUBLISHING"", ""feature"": ""down_survival_ratio_top120_percentile"", ""raw"": 89.16666666666667, ""comparison"": "">="", ""threshold"": 90.0, ""pass"": false}, {""predicate"": ""SURVIVAL_BUNDLE_A"", ""feature"": ""down_survival_ratio_top120_percentile"", ""raw"": 89.16666666666667, ""comparison"": "">="", ""threshold"": 70.0, ""pass"": true}]"
復華彭博非投等債,,,,A,66.4,114.0,-1.2367478458305436,-4.7894826634408805,2.443693203782571,3,5,3,5,79.02298850574712,84.1726618705036,64.98194945848375,-1.7165577882521603,2.8082078094526737,,,0.7647058823529437,0.714285714285718,-0.1035732780942488,-0.1046572475143836,4,9,2242041.159999999,6118796.44,-3876755.280000001,1.0,0.1036806635562381,0.2596053997923064,0.6777893639207555,1.3486623653205398,RISK_OFF,RISK_OFF,1.0,0.9,89.16666666666667,89.16666666666667,,,94.16666666666669,94.16666666666669,80.83333333333333,80.83333333333333,,,,,NO_POCKET,82.72727272727273,True,False,False,00710B,2026-07-22,2026-07-22,WINDOW_FIRST_SEEN,,True,C,19.31,,1.0,RECONSTRUCTED_TOP120_FIRST_SEEN_PROXY,0.0,0.0,0.0,bundle_A,EXISTING_PENDING,2026-07-23,2026-07-27,,,-0.3625064733298822,-0.5178663904712444,,,,,,-0.1553599171413622,-0.6732263076126288,,3,PENDING_DAY10,True,ELIGIBLE_WEAK_MARKET,PENDING_DAY10,PENDING_DAY10,False,70.0,True,90.0,False,False,True,FILTERED_BY_RISK_CONTROL_SHADOW,2026-07-22,2026-07-22,2026-07-22,True,"[{""predicate"": ""BRANCH_R_MARKET_STATE"", ""feature"": ""market_path_state"", ""raw"": ""RISK_OFF"", ""pass"": true}, {""predicate"": ""MARKET_PUBLISHING"", ""feature"": ""down_survival_ratio_top120_percentile"", ""raw"": 89.16666666666667, ""comparison"": "">="", ""threshold"": 90.0, ""pass"": false}, {""predicate"": ""SURVIVAL_BUNDLE_A"", ""feature"": ""down_survival_ratio_top120_percentile"", ""raw"": 89.16666666666667, ""comparison"": "">="", ""threshold"": 70.0, ""pass"": true}]"
中信中國50,,,,A,67.8,106.0,-3.4644726895057265,-3.5959837039201137,1.8527848129287203,3,5,3,5,92.60057471264368,80.71942446043165,65.05415162454874,3.960383417404008,5.509284617618988,,,0.0066225165562912,0.2760180995475114,-3.974630021141645,-3.974630021141645,4,7,63812658.54000001,132578553.47,-68765894.92999999,0.8,-2.1240441801189447,1.4531043593130732,0.0868809730669051,0.7755297105057265,RISK_OFF,RISK_OFF,1.0,0.7,89.16666666666667,89.16666666666667,,,48.333333333333336,48.333333333333336,47.083333333333336,47.083333333333336,,,,,NO_POCKET,82.72727272727273,True,True,False,00752,2026-07-22,2026-07-22,WINDOW_FIRST_SEEN,,True,C,23.04,,1.0,RECONSTRUCTED_TOP120_FIRST_SEEN_PROXY,0.0,0.0,0.0,bundle_A,EXISTING_PENDING,2026-07-23,2026-07-27,,,0.868055555555558,0.08680555555555802,,,,,,0.998263888888884,-1.215277777777768,,3,PENDING_DAY10,True,ELIGIBLE_WEAK_MARKET,PENDING_DAY10,PENDING_DAY10,False,70.0,True,90.0,False,False,True,FILTERED_BY_RISK_CONTROL_SHADOW,2026-07-22,2026-07-22,2026-07-22,True,"[{""predicate"": ""BRANCH_R_MARKET_STATE"", ""feature"": ""market_path_state"", ""raw"": ""RISK_OFF"", ""pass"": true}, {""predicate"": ""MARKET_PUBLISHING"", ""feature"": ""down_survival_ratio_top120_percentile"", ""raw"": 89.16666666666667, ""comparison"": "">="", ""threshold"": 90.0, ""pass"": false}, {""predicate"": ""SURVIVAL_BUNDLE_A"", ""feature"": ""down_survival_ratio_top120_percentile"", ""raw"": 89.16666666666667, ""comparison"": "">="", ""threshold"": 70.0, ""pass"": true}]"
期街口道瓊銅,,,,A,73.6,54.0,0.2979565110930338,-0.0309502155910967,4.243779946056514,3,4,3,5,81.60919540229885,48.05755395683453,36.17328519855596,11.18388048182144,9.087182040748578,,,0.2916666666666668,0.3836477987421381,-2.9912023460410664,-2.9912023460410664,5,10,46695894.08,51219028.379999995,-4523134.299999997,1.0,1.6383850204798156,5.01813784764209,2.4778761061946986,1.667284626868213,RISK_OFF,RISK_OFF,0.8,1.0,59.166666666666664,59.166666666666664,,,73.33333333333333,73.33333333333333,93.33333333333331,93.33333333333331,,,,,NO_POCKET,42.72727272727273,False,False,False,00763U,2026-07-22,2026-07-22,WINDOW_FIRST_SEEN,,True,C,34.74,,1.0,RECONSTRUCTED_TOP120_FIRST_SEEN_PROXY,0.0,0.0,0.0,bundle_A,EXISTING_PENDING,2026-07-23,2026-07-27,,,-0.028785261945896146,-2.763385146804842,,,,,,0.17271157167528806,-3.2527345998848656,,3,PENDING_DAY10,True,ELIGIBLE_WEAK_MARKET,PENDING_DAY10,PENDING_DAY10,False,70.0,False,90.0,False,False,False,FILTERED_BY_RISK_CONTROL_SHADOW,2026-07-22,2026-07-22,2026-07-22,True,"[{""predicate"": ""BRANCH_R_MARKET_STATE"", ""feature"": ""market_path_state"", ""raw"": ""RISK_OFF"", ""pass"": true}, {""predicate"": ""MARKET_PUBLISHING"", ""feature"": ""down_survival_ratio_top120_percentile"", ""raw"": 59.166666666666664, ""comparison"": "">="", ""threshold"": 90.0, ""pass"": false}, {""predicate"": ""SURVIVAL_BUNDLE_A"", ""feature"": ""down_survival_ratio_top120_percentile"", ""raw"": 59.166666666666664, ""comparison"": "">="", ""threshold"": 70.0, ""pass"": false}]"
中信特選金融,,,,A,74.6,49.0,-0.9587491200737874,-5.720510639817311,1.808169266742632,3,4,3,5,86.99712643678161,89.49640287769785,85.27075812274369,-0.8330921469720778,0.3452736628075854,,,0.0117647058823547,0.2000000000000015,-1.750000000000007,-1.750000000000007,5,9,14379113.72,8374629.080000001,6004484.639999998,1.0,0.3816793893129944,-0.6714225765841242,0.0422654268808164,0.285631523293988,RISK_OFF,RISK_OFF,0.8,0.9,59.166666666666664,59.166666666666664,,,30.833333333333336,30.833333333333336,80.83333333333333,80.83333333333333,,,,,NO_POCKET,42.72727272727273,False,False,False,00917,2026-07-22,2026-07-22,WINDOW_FIRST_SEEN,,True,C,23.67,,1.0,RECONSTRUCTED_TOP120_FIRST_SEEN_PROXY,0.0,0.0,0.0,bundle_A,EXISTING_PENDING,2026-07-23,2026-07-27,,,0.3802281368821214,1.225179552175737,,,,,,1.4786649767638327,-0.42247570764681885,,3,PENDING_DAY10,True,ELIGIBLE_WEAK_MARKET,PENDING_DAY10,PENDING_DAY10,False,70.0,False,90.0,False,False,False,FILTERED_BY_RISK_CONTROL_SHADOW,2026-07-22,2026-07-22,2026-07-22,True,"[{""predicate"": ""BRANCH_R_MARKET_STATE"", ""feature"": ""market_path_state"", ""raw"": ""RISK_OFF"", ""pass"": true}, {""predicate"": ""MARKET_PUBLISHING"", ""feature"": ""down_survival_ratio_top120_percentile"", ""raw"": 59.166666666666664, ""comparison"": "">="", ""threshold"": 90.0, ""pass"": false}, {""predicate"": ""SURVIVAL_BUNDLE_A"", ""feature"": ""down_survival_ratio_top120_percentile"", ""raw"": 59.166666666666664, ""comparison"": "">="", ""threshold"": 70.0, ""pass"": false}]"
復華S&P500成長,,,,A,69.8,84.0,-0.7576064234972257,-4.1257270290688375,0.7994284547817809,3,5,3,5,78.30459770114942,73.88489208633094,74.15162454873646,1.4732352049394943,0.8305946304825909,,,0.2580645161290321,0.1135135135135138,-2.34586466165414,-2.34586466165414,5,10,132874640.6,55787763.720000006,77086876.88,1.0,0.5828220858895561,0.9233610341643494,-0.9664753850800344,0.3707844164129892,RISK_OFF,RISK_OFF,1.0,1.0,89.16666666666667,89.16666666666667,,,17.5,17.5,93.33333333333331,93.33333333333331,,,,,NO_POCKET,82.72727272727273,True,True,True,00924,2026-07-22,2026-07-22,WINDOW_FIRST_SEEN,,True,C,32.79,,1.0,RECONSTRUCTED_TOP120_FIRST_SEEN_PROXY,0.0,0.0,0.0,bundle_A,EXISTING_PENDING,2026-07-23,2026-07-27,,,-0.6404391582799707,-1.1893870082342217,,,,,,0.030497102775228768,-1.9518145776151297,,3,PENDING_DAY10,True,ELIGIBLE_WEAK_MARKET,PENDING_DAY10,PENDING_DAY10,False,70.0,True,90.0,False,False,True,FILTERED_BY_RISK_CONTROL_SHADOW,2026-07-22,2026-07-22,2026-07-22,True,"[{""predicate"": ""BRANCH_R_MARKET_STATE"", ""feature"": ""market_path_state"", ""raw"": ""RISK_OFF"", ""pass"": true}, {""predicate"": ""MARKET_PUBLISHING"", ""feature"": ""down_survival_ratio_top120_percentile"", ""raw"": 89.16666666666667, ""comparison"": "">="", ""threshold"": 90.0, ""pass"": false}, {""predicate"": ""SURVIVAL_BUNDLE_A"", ""feature"": ""down_survival_ratio_top120_percentile"", ""raw"": 89.16666666666667, ""comparison"": "">="", ""threshold"": 70.0, ""pass"": true}]"
凱基全球菁英55,,,,A,71.3,70.0,-0.6356516887133346,-3.669505879551682,2.4706806605352627,3,5,3,5,84.48275862068965,80.93525179856115,76.75090252707581,1.1825022740428324,1.5463712187227685,,,0.1874999999999995,0.5243902439024385,-1.513975155279501,-1.513975155279501,5,10,8996445.220000004,16066551.569999998,-7070106.349999994,1.0,0.7047768206734473,1.3795821836815048,0.7047768206734473,1.7750550969332486,RISK_OFF,RISK_OFF,1.0,1.0,89.16666666666667,89.16666666666667,,,85.0,85.0,93.33333333333331,93.33333333333331,,,,,NO_POCKET,82.72727272727273,True,True,True,00926,2026-07-22,2026-07-22,WINDOW_FIRST_SEEN,,True,C,25.72,,1.0,RECONSTRUCTED_TOP120_FIRST_SEEN_PROXY,0.0,0.0,0.0,bundle_A,EXISTING_PENDING,2026-07-23,2026-07-27,,,0.0,-0.27216174183515296,,,,,,0.5054432348367222,-1.3996889580093264,,3,PENDING_DAY10,True,ELIGIBLE_WEAK_MARKET,PENDING_DAY10,PENDING_DAY10,False,70.0,True,90.0,False,False,True,FILTERED_BY_RISK_CONTROL_SHADOW,2026-07-22,2026-07-22,2026-07-22,True,"[{""predicate"": ""BRANCH_R_MARKET_STATE"", ""feature"": ""market_path_state"", ""raw"": ""RISK_OFF"", ""pass"": true}, {""predicate"": ""MARKET_PUBLISHING"", ""feature"": ""down_survival_ratio_top120_percentile"", ""raw"": 89.16666666666667, ""comparison"": "">="", ""threshold"": 90.0, ""pass"": false}, {""predicate"": ""SURVIVAL_BUNDLE_A"", ""feature"": ""down_survival_ratio_top120_percentile"", ""raw"": 89.16666666666667, ""comparison"": "">="", ""threshold"": 70.0, ""pass"": true}]"
凱基美國非投等債,,,,A,69.5,88.0,-1.20400286136495,-4.775864019517351,1.834070165696855,2,4,3,5,75.07183908045977,78.41726618705036,66.7870036101083,-1.1151423688635305,1.6569670940702934,,,0.066666666666665,0.1304347826086936,-0.4771642808452658,-0.4771642808452658,4,8,77543448.56,-121297614.67,198841063.23,0.8,0.1364256480218317,0.2732240437158362,0.0681663258350395,0.941275997094428,RISK_OFF,RISK_OFF,0.8,0.8,59.166666666666664,59.166666666666664,,,18.333333333333332,18.333333333333332,65.41666666666667,65.41666666666667,,,,,NO_POCKET,42.72727272727273,False,False,False,00945B,2026-07-22,2026-07-22,WINDOW_FIRST_SEEN,,True,C,14.68,,1.0,RECONSTRUCTED_TOP120_FIRST_SEEN_PROXY,0.0,0.0,0.0,bundle_A,EXISTING_PENDING,2026-07-23,2026-07-27,,,-0.2043596730245234,-0.27247956403269047,,,,,,0.0,-0.544959128065392,,3,PENDING_DAY10,True,ELIGIBLE_WEAK_MARKET,PENDING_DAY10,PENDING_DAY10,False,70.0,False,90.0,False,False,False,FILTERED_BY_RISK_CONTROL_SHADOW,2026-07-22,2026-07-22,2026-07-22,True,"[{""predicate"": ""BRANCH_R_MARKET_STATE"", ""feature"": ""market_path_state"", ""raw"": ""RISK_OFF"", ""pass"": true}, {""predicate"": ""MARKET_PUBLISHING"", ""feature"": ""down_survival_ratio_top120_percentile"", ""raw"": 59.166666666666664, ""comparison"": "">="", ""threshold"": 90.0, ""pass"": false}, {""predicate"": ""SURVIVAL_BUNDLE_A"", ""feature"": ""down_survival_ratio_top120_percentile"", ""raw"": 59.166666666666664, ""comparison"": "">="", ""threshold"": 70.0, ""pass"": false}]"
群益優選非投等債,,,,A,69.2,93.0,-1.238491710202272,-4.5373173365187425,2.587259076001436,3,5,3,5,76.36494252873563,79.64028776978417,68.95306859205776,-1.0917817470161804,1.4823747873355728,,,1.0,0.7333333333333191,0.0,-0.1029866117404854,5,8,274672248.87,545944467.8,-271272218.92999995,1.0,0.1019367991845099,0.5117707267144445,0.8213552361396204,0.9355191445165496,RISK_OFF,RISK_OFF,1.0,0.8,89.16666666666667,89.16666666666667,,,95.0,95.0,65.41666666666667,65.41666666666667,,,,,NO_POCKET,82.72727272727273,True,False,False,00953B,2026-07-22,2026-07-22,WINDOW_FIRST_SEEN,,True,C,9.82,,1.0,RECONSTRUCTED_TOP120_FIRST_SEEN_PROXY,0.0,0.0,0.0,bundle_A,EXISTING_PENDING,2026-07-23,2026-07-27,,,-0.3054989816700715,0.0,,,,,,0.10183299389001643,-0.5091649694501044,,3,PENDING_DAY10,True,ELIGIBLE_WEAK_MARKET,PENDING_DAY10,PENDING_DAY10,False,70.0,True,90.0,False,False,True,FILTERED_BY_RISK_CONTROL_SHADOW,2026-07-22,2026-07-22,2026-07-22,True,"[{""predicate"": ""BRANCH_R_MARKET_STATE"", ""feature"": ""market_path_state"", ""raw"": ""RISK_OFF"", ""pass"": true}, {""predicate"": ""MARKET_PUBLISHING"", ""feature"": ""down_survival_ratio_top120_percentile"", ""raw"": 89.16666666666667, ""comparison"": "">="", ""threshold"": 90.0, ""pass"": false}, {""predicate"": ""SURVIVAL_BUNDLE_A"", ""feature"": ""down_survival_ratio_top120_percentile"", ""raw"": 89.16666666666667, ""comparison"": "">="", ""threshold"": 70.0, ""pass"": true}]"
中信日經高股息,,,,A,69.5,90.0,-0.785313521282105,-2.210483034847144,1.216884232018678,2,4,3,5,83.47701149425288,72.3021582733813,74.58483754512635,3.724951073623861,1.778434789825306,,,0.0909090909090913,0.0666666666666668,-3.294117647058825,-3.294117647058825,5,8,3869868.35,2476815.93,1393052.42,0.8,0.5551149881046769,2.838605028386043,-0.5490196078431375,0.9027770442623414,RISK_OFF,RISK_OFF,0.8,0.8,59.166666666666664,59.166666666666664,,,9.166666666666666,9.166666666666666,65.41666666666667,65.41666666666667,,,,,NO_POCKET,42.72727272727273,False,False,False,00956,2026-07-22,2026-07-22,WINDOW_FIRST_SEEN,,True,C,12.68,,1.0,RECONSTRUCTED_TOP120_FIRST_SEEN_PROXY,0.0,0.0,0.0,bundle_A,EXISTING_PENDING,2026-07-23,2026-07-27,,,-0.07886435331230235,2.208201892744488,,,,,,2.208201892744488,-0.7886435331230235,,3,PENDING_DAY10,True,ELIGIBLE_WEAK_MARKET,PENDING_DAY10,PENDING_DAY10,False,70.0,False,90.0,False,False,False,FILTERED_BY_RISK_CONTROL_SHADOW,2026-07-22,2026-07-22,2026-07-22,True,"[{""predicate"": ""BRANCH_R_MARKET_STATE"", ""feature"": ""market_path_state"", ""raw"": ""RISK_OFF"", ""pass"": true}, {""predicate"": ""MARKET_PUBLISHING"", ""feature"": ""down_survival_ratio_top120_percentile"", ""raw"": 59.166666666666664, ""comparison"": "">="", ""threshold"": 90.0, ""pass"": false}, {""predicate"": ""SURVIVAL_BUNDLE_A"", ""feature"": ""down_survival_ratio_top120_percentile"", ""raw"": 59.166666666666664, ""comparison"": "">="", ""threshold"": 70.0, ""pass"": false}]"
野村全球航運龍頭,,,,A,77.4,28.0,0.598629662358352,-2.370516634661768,3.1992004220007253,1,3,3,5,86.63793103448276,81.65467625899281,53.28519855595667,1.661084925163318,6.670546495705217,,,0.2407407407407377,0.4999999999999977,-2.0396912899669273,-2.0396912899669273,5,10,24039615.05,37226322.36,-13186707.31,1.0,1.9390581717451336,2.678571428571419,1.43329658213891,1.564883422077373,RISK_OFF,RISK_OFF,0.6,1.0,29.166666666666668,29.166666666666668,,,82.5,82.5,93.33333333333331,93.33333333333331,,,,,NO_POCKET,14.545454545454543,False,False,False,00960,2026-07-22,2026-07-22,WINDOW_FIRST_SEEN,,True,C,18.4,,1.0,RECONSTRUCTED_TOP120_FIRST_SEEN_PROXY,0.0,0.0,0.0,bundle_A,EXISTING_PENDING,2026-07-23,2026-07-27,,,-0.7608695652173703,1.0326086956521818,,,,,,1.1956521739130643,-1.3586956521739135,,3,PENDING_DAY10,True,ELIGIBLE_WEAK_MARKET,PENDING_DAY10,PENDING_DAY10,False,70.0,False,90.0,False,False,False,FILTERED_BY_RISK_CONTROL_SHADOW,2026-07-22,2026-07-22,2026-07-22,True,"[{""predicate"": ""BRANCH_R_MARKET_STATE"", ""feature"": ""market_path_state"", ""raw"": ""RISK_OFF"", ""pass"": true}, {""predicate"": ""MARKET_PUBLISHING"", ""feature"": ""down_survival_ratio_top120_percentile"", ""raw"": 29.166666666666668, ""comparison"": "">="", ""threshold"": 90.0, ""pass"": false}, {""predicate"": ""SURVIVAL_BUNDLE_A"", ""feature"": ""down_survival_ratio_top120_percentile"", ""raw"": 29.166666666666668, ""comparison"": "">="", ""threshold"": 70.0, ""pass"": false}]"
FT臺灣永續高息,,,,A,65.8,117.0,-0.0634931542391248,-2.2127833630711136,1.2953156045676928,2,4,3,5,65.22988505747126,55.03597122302158,47.43682310469314,3.397971278149894,3.558612390555625,,,0.0789473684210533,0.0576923076923081,-3.2156862745098103,-3.2156862745098103,2,2,19684988.73,-480983600.15,500668588.88,0.0,1.276935355147657,2.836304700162074,-0.4705882352941226,0.7422686603118774,RISK_OFF,RISK_OFF,0.8,0.2,59.166666666666664,59.166666666666664,,,5.0,5.0,2.083333333333333,2.083333333333333,,,,,NO_POCKET,42.72727272727273,False,False,False,00961,2026-07-22,2026-07-22,WINDOW_FIRST_SEEN,,True,C,12.69,,1.0,RECONSTRUCTED_TOP120_FIRST_SEEN_PROXY,0.0,0.0,0.0,bundle_A,EXISTING_PENDING,2026-07-23,2026-07-27,,,0.07880220646176994,0.7092198581560183,,,,,,0.8668242710796026,-0.31520882584711307,,3,PENDING_DAY10,True,ELIGIBLE_WEAK_MARKET,PENDING_DAY10,PENDING_DAY10,False,70.0,False,90.0,False,False,False,FILTERED_BY_RISK_CONTROL_SHADOW,2026-07-22,2026-07-22,2026-07-22,True,"[{""predicate"": ""BRANCH_R_MARKET_STATE"", ""feature"": ""market_path_state"", ""raw"": ""RISK_OFF"", ""pass"": true}, {""predicate"": ""MARKET_PUBLISHING"", ""feature"": ""down_survival_ratio_top120_percentile"", ""raw"": 59.166666666666664, ""comparison"": "">="", ""threshold"": 90.0, ""pass"": false}, {""predicate"": ""SURVIVAL_BUNDLE_A"", ""feature"": ""down_survival_ratio_top120_percentile"", ""raw"": 59.166666666666664, ""comparison"": "">="", ""threshold"": 70.0, ""pass"": false}]"
野村日本動能高息,,,,A,70.0,82.0,-0.6115655356258465,-1.9147597050242384,3.833850664086347,3,4,3,5,90.44540229885058,86.83453237410072,72.70758122743682,1.2036233082499546,3.5475642142827524,,,0.3962264150943403,0.2777777777777771,-1.5670910871694477,-1.6312407315867583,5,9,2929867.3799999994,1886826.22,1043041.1599999992,1.0,0.7288629737609353,3.1343283582089487,2.0679468242245314,0.4604946232337311,RISK_OFF,RISK_OFF,0.8,0.9,59.166666666666664,59.166666666666664,,,49.166666666666664,49.166666666666664,80.83333333333333,80.83333333333333,,,,,NO_POCKET,42.72727272727273,False,False,False,00972,2026-07-22,2026-07-22,WINDOW_FIRST_SEEN,,True,C,20.73,,1.0,RECONSTRUCTED_TOP120_FIRST_SEEN_PROXY,0.0,0.0,0.0,bundle_A,EXISTING_PENDING,2026-07-23,2026-07-27,,,-0.1929570670525793,2.1225277375783946,,,,,,2.2672455378678125,-0.4823926676314594,,3,PENDING_DAY10,True,ELIGIBLE_WEAK_MARKET,PENDING_DAY10,PENDING_DAY10,False,70.0,False,90.0,False,False,False,FILTERED_BY_RISK_CONTROL_SHADOW,2026-07-22,2026-07-22,2026-07-22,True,"[{""predicate"": ""BRANCH_R_MARKET_STATE"", ""feature"": ""market_path_state"", ""raw"": ""RISK_OFF"", ""pass"": true}, {""predicate"": ""MARKET_PUBLISHING"", ""feature"": ""down_survival_ratio_top120_percentile"", ""raw"": 59.166666666666664, ""comparison"": "">="", ""threshold"": 90.0, ""pass"": false}, {""predicate"": ""SURVIVAL_BUNDLE_A"", ""feature"": ""down_survival_ratio_top120_percentile"", ""raw"": 59.166666666666664, ""comparison"": "">="", ""threshold"": 70.0, ""pass"": false}]"
玉山全球藍籌100,,,,A,69.4,91.0,-0.8120903729794904,-4.617226259010532,2.24598065215178,3,5,3,5,84.1235632183908,79.56834532374101,69.81949458483754,1.518405964883262,2.8608137267106515,,,0.1515151515151528,0.2871287128712868,-1.186521120075934,-1.186521120075934,5,9,5627276.57,3472159.09,2155117.4800000004,1.0,0.5283381364072914,0.4318618042226552,0.4800768122899645,0.9056633196739065,RISK_OFF,RISK_OFF,1.0,0.9,89.16666666666667,89.16666666666667,,,52.5,52.5,80.83333333333333,80.83333333333333,,,,,NO_POCKET,82.72727272727273,True,True,True,009810,2026-07-22,2026-07-22,WINDOW_FIRST_SEEN,,True,C,20.93,,1.0,RECONSTRUCTED_TOP120_FIRST_SEEN_PROXY,0.0,0.0,0.0,bundle_A,EXISTING_PENDING,2026-07-23,2026-07-27,,,-0.382226469182978,-0.0955566172957445,,,,,,0.0,-1.5766841853798286,,3,PENDING_DAY10,True,ELIGIBLE_WEAK_MARKET,PENDING_DAY10,PENDING_DAY10,False,70.0,True,90.0,False,False,True,FILTERED_BY_RISK_CONTROL_SHADOW,2026-07-22,2026-07-22,2026-07-22,True,"[{""predicate"": ""BRANCH_R_MARKET_STATE"", ""feature"": ""market_path_state"", ""raw"": ""RISK_OFF"", ""pass"": true}, {""predicate"": ""MARKET_PUBLISHING"", ""feature"": ""down_survival_ratio_top120_percentile"", ""raw"": 89.16666666666667, ""comparison"": "">="", ""threshold"": 90.0, ""pass"": false}, {""predicate"": ""SURVIVAL_BUNDLE_A"", ""feature"": ""down_survival_ratio_top120_percentile"", ""raw"": 89.16666666666667, ""comparison"": "">="", ""threshold"": 70.0, ""pass"": true}]"
統一美國50,,,,A,66.6,112.0,-1.036014506342653,-4.284562069349396,1.6143886883466685,3,5,3,5,83.33333333333333,78.48920863309353,74.29602888086643,1.6147082334132676,1.80746089049338,,,0.0434782608695642,0.2615384615384613,-1.8018018018018056,-1.8018018018018056,5,10,14758056.990000002,42534875.16,-27776818.16999999,1.0,0.3044140030441289,0.7645259938837912,-0.1515151515151469,0.8476504737479704,RISK_OFF,RISK_OFF,1.0,1.0,89.16666666666667,89.16666666666667,,,43.333333333333336,43.333333333333336,93.33333333333331,93.33333333333331,,,,,NO_POCKET,82.72727272727273,True,True,True,009811,2026-07-22,2026-07-22,WINDOW_FIRST_SEEN,,True,C,13.18,,1.0,RECONSTRUCTED_TOP120_FIRST_SEEN_PROXY,0.0,0.0,0.0,bundle_A,EXISTING_PENDING,2026-07-23,2026-07-27,,,-0.531107738998482,-0.9104704097116834,,,,,,0.07587253414262918,-2.2761760242792084,,3,PENDING_DAY10,True,ELIGIBLE_WEAK_MARKET,PENDING_DAY10,PENDING_DAY10,False,70.0,True,90.0,False,False,True,FILTERED_BY_RISK_CONTROL_SHADOW,2026-07-22,2026-07-22,2026-07-22,True,"[{""predicate"": ""BRANCH_R_MARKET_STATE"", ""feature"": ""market_path_state"", ""raw"": ""RISK_OFF"", ""pass"": true}, {""predicate"": ""MARKET_PUBLISHING"", ""feature"": ""down_survival_ratio_top120_percentile"", ""raw"": 89.16666666666667, ""comparison"": "">="", ""threshold"": 90.0, ""pass"": false}, {""predicate"": ""SURVIVAL_BUNDLE_A"", ""feature"": ""down_survival_ratio_top120_percentile"", ""raw"": 89.16666666666667, ""comparison"": "">="", ""threshold"": 70.0, ""pass"": true}]"
貝萊德標普卓越50,,,,A,65.9,116.0,-0.7143104414082391,-4.242636450329962,1.5884415505982852,3,5,3,5,81.9683908045977,74.1726618705036,68.66425992779783,2.5985763113647,2.6608261753599747,,,0.0555555555555544,0.2542372881355946,-1.6740088105726805,-1.6740088105726805,5,10,25115482.18,47682749.370000005,-22567267.190000005,1.0,0.6261180679785427,0.8064516129032251,-0.1774622892635302,0.3405004490892467,RISK_OFF,RISK_OFF,1.0,1.0,89.16666666666667,89.16666666666667,,,42.5,42.5,93.33333333333331,93.33333333333331,,,,,NO_POCKET,82.72727272727273,True,True,True,009813,2026-07-22,2026-07-22,WINDOW_FIRST_SEEN,,True,C,11.25,,1.0,RECONSTRUCTED_TOP120_FIRST_SEEN_PROXY,0.0,0.0,0.0,bundle_A,EXISTING_PENDING,2026-07-23,2026-07-27,,,-0.7111111111111068,-1.244444444444448,,,,,,-0.0888888888888828,-2.1333333333333315,,3,PENDING_DAY10,True,ELIGIBLE_WEAK_MARKET,PENDING_DAY10,PENDING_DAY10,False,70.0,True,90.0,False,False,True,FILTERED_BY_RISK_CONTROL_SHADOW,2026-07-22,2026-07-22,2026-07-22,True,"[{""predicate"": ""BRANCH_R_MARKET_STATE"", ""feature"": ""market_path_state"", ""raw"": ""RISK_OFF"", ""pass"": true}, {""predicate"": ""MARKET_PUBLISHING"", ""feature"": ""down_survival_ratio_top120_percentile"", ""raw"": 89.16666666666667, ""comparison"": "">="", ""threshold"": 90.0, ""pass"": false}, {""predicate"": ""SURVIVAL_BUNDLE_A"", ""feature"": ""down_survival_ratio_top120_percentile"", ""raw"": 89.16666666666667, ""comparison"": "">="", ""threshold"": 70.0, ""pass"": true}]"
國泰日本不動產,,,,A,69.8,85.0,-1.6651038340620985,-4.062245957970001,2.3117553682461045,2,4,3,5,89.51149425287356,88.77697841726619,78.05054151624549,0.2448386118691227,2.292190547325615,,,0.1612903225806481,0.1071428571428579,-1.091703056768556,-1.3114754098360717,5,10,17802650.16,34753010.019999996,-16950359.859999996,1.0,-0.3246753246753164,0.986842105263186,0.5458515283842891,0.6710890616556304,RISK_OFF,RISK_OFF,0.8,1.0,59.166666666666664,59.166666666666664,,,16.666666666666664,16.666666666666664,93.33333333333331,93.33333333333331,,,,,NO_POCKET,42.72727272727273,False,False,False,009817,2026-07-22,2026-07-22,WINDOW_FIRST_SEEN,,True,C,9.21,,1.0,RECONSTRUCTED_TOP120_FIRST_SEEN_PROXY,0.0,0.0,0.0,bundle_A,EXISTING_PENDING,2026-07-23,2026-07-27,,,-0.6514657980456029,0.9771986970684043,,,,,,1.1943539630836053,-0.9771986970684265,,3,PENDING_DAY10,True,ELIGIBLE_WEAK_MARKET,PENDING_DAY10,PENDING_DAY10,False,70.0,False,90.0,False,False,False,FILTERED_BY_RISK_CONTROL_SHADOW,2026-07-22,2026-07-22,2026-07-22,True,"[{""predicate"": ""BRANCH_R_MARKET_STATE"", ""feature"": ""market_path_state"", ""raw"": ""RISK_OFF"", ""pass"": true}, {""predicate"": ""MARKET_PUBLISHING"", ""feature"": ""down_survival_ratio_top120_percentile"", ""raw"": 59.166666666666664, ""comparison"": "">="", ""threshold"": 90.0, ""pass"": false}, {""predicate"": ""SURVIVAL_BUNDLE_A"", ""feature"": ""down_survival_ratio_top120_percentile"", ""raw"": 59.166666666666664, ""comparison"": "">="", ""threshold"": 70.0, ""pass"": false}]"
強盛新,TEXTILE_FIBER,染整,HIGH,A,72.4,66.0,-2.169157791154752,-3.3493713493521593,3.754540203498169,3,4,3,5,80.96264367816092,74.31654676258992,51.91335740072202,2.2153656385236644,5.809857255487779,,,0.4666666666666616,0.0909090909090897,-0.8287292817679703,-3.055555555555556,4,8,3756808.0,1941150.0,1815658.0,1.0,-0.8287292817679703,1.6997167138810276,1.9886363636363535,0.397841212314831,RISK_OFF,RISK_OFF,0.8,0.8,59.166666666666664,59.166666666666664,,,14.166666666666666,14.166666666666666,65.41666666666667,65.41666666666667,NO_POCKET,0.0,NARROW_LEADERSHIP,0.0,NARROW_LEADERSHIP,66.66666666666666,False,False,False,1463,2026-07-22,2026-07-22,WINDOW_FIRST_SEEN,,True,C,17.95,,1.0,RECONSTRUCTED_TOP120_FIRST_SEEN_PROXY,0.0,0.0,0.0,bundle_A,EXISTING_PENDING,2026-07-23,2026-07-27,,,-0.557103064066844,-0.557103064066844,,,,,,0.278551532033422,-1.114206128133699,,3,PENDING_DAY10,True,ELIGIBLE_WEAK_MARKET,PENDING_DAY10,PENDING_DAY10,False,70.0,False,90.0,False,False,False,FILTERED_BY_RISK_CONTROL_SHADOW,2026-07-22,2026-07-22,2026-07-22,True,"[{""predicate"": ""BRANCH_R_MARKET_STATE"", ""feature"": ""market_path_state"", ""raw"": ""RISK_OFF"", ""pass"": true}, {""predicate"": ""MARKET_PUBLISHING"", ""feature"": ""down_survival_ratio_top120_percentile"", ""raw"": 59.166666666666664, ""comparison"": "">="", ""threshold"": 90.0, ""pass"": false}, {""predicate"": ""SURVIVAL_BUNDLE_A"", ""feature"": ""down_survival_ratio_top120_percentile"", ""raw"": 59.166666666666664, ""comparison"": "">="", ""threshold"": 70.0, ""pass"": false}]"
貿聯-KY,MEDICAL_DEVICE,金屬零件,HIGH,C,65.6,119.0,4.409571490613229,14.780940265378703,12.49888813305553,2,2,3,5,86.85344827586206,16.546762589928058,6.353790613718411,23.435561895311334,16.09993153242873,9.0,,0.3504273504273504,0.1459459459459459,-9.718670076726344,-10.858585858585856,2,4,475327960.0,-647406240.0,1122734200.0,0.4,5.750000000000011,19.830028328611892,10.732984293193716,1.8423385963291057,RISK_OFF,RISK_OFF,0.4,0.4,11.25,11.25,,,20.833333333333336,20.833333333333336,10.416666666666668,10.416666666666668,EMERGING_POCKET,0.0,,,EMERGING_POCKET,20.238095238095237,False,False,False,3665,2026-07-22,2026-07-22,WINDOW_FIRST_SEEN,,True,C,2115.0,,1.0,RECONSTRUCTED_TOP120_FIRST_SEEN_PROXY,0.0,0.0,0.0,bundle_A,EXISTING_PENDING,2026-07-23,2026-07-27,,,8.037825059101644,1.6548463356973908,,,,,,11.111111111111116,-1.891252955082745,,3,PENDING_DAY10,True,ELIGIBLE_WEAK_MARKET,PENDING_DAY10,PENDING_DAY10,False,70.0,False,90.0,False,False,False,FILTERED_BY_RISK_CONTROL_SHADOW,2026-07-22,2026-07-22,2026-07-22,True,"[{""predicate"": ""BRANCH_R_MARKET_STATE"", ""feature"": ""market_path_state"", ""raw"": ""RISK_OFF"", ""pass"": true}, {""predicate"": ""MARKET_PUBLISHING"", ""feature"": ""down_survival_ratio_top120_percentile"", ""raw"": 11.25, ""comparison"": "">="", ""threshold"": 90.0, ""pass"": false}, {""predicate"": ""SURVIVAL_BUNDLE_A"", ""feature"": ""down_survival_ratio_top120_percentile"", ""raw"": 11.25, ""comparison"": "">="", ""threshold"": 70.0, ""pass"": false}]"
圓展,AI,電腦視覺,HIGH,A,72.8,63.0,7.316287908523656,3.284245270100138,4.736200869564788,1,2,3,5,82.6867816091954,48.63309352517986,50.46931407942238,11.351229361338516,6.443493505954605,135.0,,0.1826086956521734,0.1616766467065869,-6.647807637906656,-6.647807637906656,3,5,4994373.2,1270855.0,3723518.2,0.2,8.656716417910438,8.333333333333325,2.970297029702973,6.338313259239086,RISK_OFF,RISK_OFF,0.4,0.5,11.25,11.25,,,22.5,22.5,20.0,20.0,EMERGING_POCKET,1.0,EMERGING_POCKET,0.0,EMERGING_POCKET,20.238095238095237,False,False,False,3669,2026-07-22,2026-07-22,WINDOW_FIRST_SEEN,,True,C,36.4,,1.0,RECONSTRUCTED_TOP120_FIRST_SEEN_PROXY,0.0,0.0,0.0,bundle_A,EXISTING_PENDING,2026-07-23,2026-07-27,,,1.6483516483516425,16.8956043956044,,,,,,20.879120879120894,-2.8846153846153744,,3,PENDING_DAY10,True,ELIGIBLE_WEAK_MARKET,PENDING_DAY10,PENDING_DAY10,False,70.0,False,90.0,False,False,False,FILTERED_BY_RISK_CONTROL_SHADOW,2026-07-22,2026-07-22,2026-07-22,True,"[{""predicate"": ""BRANCH_R_MARKET_STATE"", ""feature"": ""market_path_state"", ""raw"": ""RISK_OFF"", ""pass"": true}, {""predicate"": ""MARKET_PUBLISHING"", ""feature"": ""down_survival_ratio_top120_percentile"", ""raw"": 11.25, ""comparison"": "">="", ""threshold"": 90.0, ""pass"": false}, {""predicate"": ""SURVIVAL_BUNDLE_A"", ""feature"": ""down_survival_ratio_top120_percentile"", ""raw"": 11.25, ""comparison"": "">="", ""threshold"": 70.0, ""pass"": false}]"
富邦日本正2,,,,A,69.8,97.0,0.4158597095032634,-0.0539852907120774,1.9321058203590535,1,2,2,5,84.33908045977012,47.51619870410367,73.72577171572146,12.27429391855548,2.1226617488097306,73.0,,0.0148367952522255,0.0319999999999999,-7.811764705882352,-9.09512761020881,4,6,7066037.4,1954622.1000000024,5111415.299999998,0.4,0.4716981132075526,5.602379771938537,0.2352941176470668,0.3124930776310661,RISK_OFF,RISK_OFF,0.4,0.6,14.583333333333334,14.583333333333334,,,5.0,5.0,38.333333333333336,38.333333333333336,,,,,NO_POCKET,7.84313725490196,False,False,False,00640L,2026-07-23,2026-07-23,WINDOW_FIRST_SEEN,,True,C,106.5,,1.0,RECONSTRUCTED_TOP120_FIRST_SEEN_PROXY,0.0,0.0,0.0,bundle_A,EXISTING_PENDING,2026-07-24,,,,-2.6760563380281654,,,,,,,0.3286384976525669,-2.9107981220657275,,2,PENDING_DAY10,True,ELIGIBLE_WEAK_MARKET,PENDING_DAY10,PENDING_DAY10,False,70.0,False,90.0,False,False,False,FILTERED_BY_RISK_CONTROL_SHADOW,2026-07-23,2026-07-23,2026-07-23,True,"[{""predicate"": ""BRANCH_R_MARKET_STATE"", ""feature"": ""market_path_state"", ""raw"": ""RISK_OFF"", ""pass"": true}, {""predicate"": ""MARKET_PUBLISHING"", ""feature"": ""down_survival_ratio_top120_percentile"", ""raw"": 14.583333333333334, ""comparison"": "">="", ""threshold"": 90.0, ""pass"": false}, {""predicate"": ""SURVIVAL_BUNDLE_A"", ""feature"": ""down_survival_ratio_top120_percentile"", ""raw"": 14.583333333333334, ""comparison"": "">="", ""threshold"": 70.0, ""pass"": false}]"
復華香港正2,,,,A,70.5,92.0,2.229188655826686,-4.945885488938351,1.9325217793177751,2,4,2,5,96.69540229885058,95.82433405327572,87.79612347451544,0.2903560818582822,1.7798557648670283,39.0,,0.0149253731343293,0.3303571428571429,-6.069534472598703,-6.069534472598703,3,7,39807058.8,196739022.84,-156931964.04,0.8,2.285027059530975,0.7104795737122638,0.2357100766057884,0.7050934475981842,RISK_OFF,RISK_OFF,0.8,0.7,64.16666666666667,64.16666666666667,,,57.49999999999999,57.49999999999999,57.49999999999999,57.49999999999999,,,,,NO_POCKET,50.0,False,False,False,00650L,2026-07-23,2026-07-23,WINDOW_FIRST_SEEN,,True,C,17.01,,1.0,RECONSTRUCTED_TOP120_FIRST_SEEN_PROXY,0.0,0.0,0.0,bundle_A,EXISTING_PENDING,2026-07-24,,,,-1.9988242210464469,,,,,,,0.23515579071133885,-2.645502645502662,,2,PENDING_DAY10,True,ELIGIBLE_WEAK_MARKET,PENDING_DAY10,PENDING_DAY10,False,70.0,False,90.0,False,False,False,FILTERED_BY_RISK_CONTROL_SHADOW,2026-07-23,2026-07-23,2026-07-23,True,"[{""predicate"": ""BRANCH_R_MARKET_STATE"", ""feature"": ""market_path_state"", ""raw"": ""RISK_OFF"", ""pass"": true}, {""predicate"": ""MARKET_PUBLISHING"", ""feature"": ""down_survival_ratio_top120_percentile"", ""raw"": 64.16666666666667, ""comparison"": "">="", ""threshold"": 90.0, ""pass"": false}, {""predicate"": ""SURVIVAL_BUNDLE_A"", ""feature"": ""down_survival_ratio_top120_percentile"", ""raw"": 64.16666666666667, ""comparison"": "">="", ""threshold"": 70.0, ""pass"": false}]"
中信中國高股息,,,,A,68.4,108.0,0.8781175669428043,-4.8568980406652695,3.650989600286114,2,4,2,5,72.05459770114942,59.89920806335493,23.40272792534099,4.051796545931495,9.730373955161683,74.0,,0.2929292929292938,0.0329670329670332,-1.8867924528301885,-3.95778364116095,5,7,198393935.72,245285934.03,-46891998.31,0.6,0.9339559706470936,0.799467021985345,1.9541778975741275,0.8958765036596139,RISK_OFF,RISK_OFF,0.8,0.7,64.16666666666667,64.16666666666667,,,5.833333333333333,5.833333333333333,57.49999999999999,57.49999999999999,,,,,NO_POCKET,50.0,False,False,False,00882,2026-07-23,2026-07-23,WINDOW_FIRST_SEEN,,True,C,15.13,,1.0,RECONSTRUCTED_TOP120_FIRST_SEEN_PROXY,0.0,0.0,0.0,bundle_A,EXISTING_PENDING,2026-07-24,,,,-0.9253139458030413,,,,,,,-0.1982815598149501,-0.9253139458030413,,2,PENDING_DAY10,True,ELIGIBLE_WEAK_MARKET,PENDING_DAY10,PENDING_DAY10,False,70.0,False,90.0,False,False,False,FILTERED_BY_RISK_CONTROL_SHADOW,2026-07-23,2026-07-23,2026-07-23,True,"[{""predicate"": ""BRANCH_R_MARKET_STATE"", ""feature"": ""market_path_state"", ""raw"": ""RISK_OFF"", ""pass"": true}, {""predicate"": ""MARKET_PUBLISHING"", ""feature"": ""down_survival_ratio_top120_percentile"", ""raw"": 64.16666666666667, ""comparison"": "">="", ""threshold"": 90.0, ""pass"": false}, {""predicate"": ""SURVIVAL_BUNDLE_A"", ""feature"": ""down_survival_ratio_top120_percentile"", ""raw"": 64.16666666666667, ""comparison"": "">="", ""threshold"": 70.0, ""pass"": false}]"
恆大,PETROCHEMICAL,塑膠製品,HIGH,A,69.3,99.0,5.749405041988598,4.695197437349385,10.98114439129998,2,5,2,5,93.67816091954025,66.09071274298056,53.69705671213209,9.195816058853223,7.9962208414816285,,78.0,0.585365853658536,0.6302521008403358,-2.9013539651837505,-2.9013539651837505,2,6,-37758.5,-5721495.0,5683736.5,0.4,5.805243445692887,10.3515625,9.284332688587993,8.976306641482012,RISK_OFF,RISK_OFF,1.0,0.6,90.83333333333331,90.83333333333331,64.28571428571429,64.28571428571429,95.0,95.0,38.333333333333336,38.333333333333336,EMERGING_POCKET,0.0,EMERGING_POCKET,0.0,EMERGING_POCKET,96.29629629629628,True,True,False,1325,2026-07-23,2026-07-23,WINDOW_FIRST_SEEN,,True,C,28.25,,1.0,RECONSTRUCTED_TOP120_FIRST_SEEN_PROXY,1.0,0.0,0.0,bundle_A,EXISTING_PENDING,2026-07-24,,,,-1.9469026548672552,,,,,,,1.7699115044247815,-3.8938053097345215,,2,PENDING_DAY10,True,ELIGIBLE_WEAK_MARKET,PENDING_DAY10,PENDING_DAY10,False,70.0,True,90.0,True,True,True,RISK_CONTROL_PRIMARY_SHADOW,2026-07-23,2026-07-23,2026-07-23,True,"[{""predicate"": ""BRANCH_R_MARKET_STATE"", ""feature"": ""market_path_state"", ""raw"": ""RISK_OFF"", ""pass"": true}, {""predicate"": ""MARKET_PUBLISHING"", ""feature"": ""down_survival_ratio_top120_percentile"", ""raw"": 90.83333333333331, ""comparison"": "">="", ""threshold"": 90.0, ""pass"": true}, {""predicate"": ""SURVIVAL_BUNDLE_A"", ""feature"": ""down_survival_ratio_top120_percentile"", ""raw"": 90.83333333333331, ""comparison"": "">="", ""threshold"": 70.0, ""pass"": true}]"
東華,TEXTILE_FIBER,人造纖維產品(例如尼龍纖維、聚酯纖維、嫘縈纖維等),HIGH,AD,76.8,35.0,6.004767656901788,-1.3203217022170088,5.750865756766044,2,4,2,5,88.72126436781609,71.92224622030237,53.55348169418521,5.599672715837907,7.033556534726176,120.0,99.0,0.4545454545454549,0.2533333333333334,-1.8918918918918948,-5.46875,4,5,254750.0,87462.7,167287.3,0.4,6.060606060606077,4.336043360433606,4.054054054054057,2.8402211188712783,RISK_OFF,RISK_OFF,0.8,0.5,64.16666666666667,64.16666666666667,72.85714285714285,72.85714285714285,40.833333333333336,40.833333333333336,19.583333333333332,19.583333333333332,NO_POCKET,0.0,NO_POCKET,0.0,NO_POCKET,50.0,False,False,False,1418,2026-07-23,2026-07-23,WINDOW_FIRST_SEEN,,True,C,19.25,,1.0,RECONSTRUCTED_TOP120_FIRST_SEEN_PROXY,0.0,0.0,0.0,bundle_A,EXISTING_PENDING,2026-07-24,,,,-2.857142857142858,,,,,,,0.25974025974027093,-3.8961038961038974,,2,PENDING_DAY10,True,ELIGIBLE_WEAK_MARKET,PENDING_DAY10,PENDING_DAY10,False,70.0,False,90.0,False,False,False,FILTERED_BY_RISK_CONTROL_SHADOW,2026-07-23,2026-07-23,2026-07-23,True,"[{""predicate"": ""BRANCH_R_MARKET_STATE"", ""feature"": ""market_path_state"", ""raw"": ""RISK_OFF"", ""pass"": true}, {""predicate"": ""MARKET_PUBLISHING"", ""feature"": ""down_survival_ratio_top120_percentile"", ""raw"": 64.16666666666667, ""comparison"": "">="", ""threshold"": 90.0, ""pass"": false}, {""predicate"": ""SURVIVAL_BUNDLE_A"", ""feature"": ""down_survival_ratio_top120_percentile"", ""raw"": 64.16666666666667, ""comparison"": "">="", ""threshold"": 70.0, ""pass"": false}]"
南六,MEDICAL_DEVICE,醫療耗材,HIGH,A,73.4,69.0,4.009202246702226,0.1287589042915371,7.481935669654138,2,4,2,5,87.28448275862068,74.15406767458603,62.95764536970567,4.3768050280115505,4.865367477783002,,,0.6774193548387099,0.4095238095238087,-1.377410468319562,-2.452316076294292,3,6,1149800.0,1605910.7999999998,-456110.7999999998,0.6,4.065040650406515,5.785123966942152,5.785123966942152,3.2039441347379767,RISK_OFF,RISK_OFF,0.8,0.6,64.16666666666667,64.16666666666667,,,73.33333333333333,73.33333333333333,38.333333333333336,38.333333333333336,NO_POCKET,0.0,NO_POCKET,0.0,NO_POCKET,50.0,False,False,False,6504,2026-07-23,2026-07-23,WINDOW_FIRST_SEEN,,True,C,38.4,,1.0,RECONSTRUCTED_TOP120_FIRST_SEEN_PROXY,0.0,0.0,0.0,bundle_A,EXISTING_PENDING,2026-07-24,,,,0.0,,,,,,,8.463541666666675,-2.994791666666663,,2,PENDING_DAY10,True,ELIGIBLE_WEAK_MARKET,PENDING_DAY10,PENDING_DAY10,False,70.0,False,90.0,False,False,False,FILTERED_BY_RISK_CONTROL_SHADOW,2026-07-23,2026-07-23,2026-07-23,True,"[{""predicate"": ""BRANCH_R_MARKET_STATE"", ""feature"": ""market_path_state"", ""raw"": ""RISK_OFF"", ""pass"": true}, {""predicate"": ""MARKET_PUBLISHING"", ""feature"": ""down_survival_ratio_top120_percentile"", ""raw"": 64.16666666666667, ""comparison"": "">="", ""threshold"": 90.0, ""pass"": false}, {""predicate"": ""SURVIVAL_BUNDLE_A"", ""feature"": ""down_survival_ratio_top120_percentile"", ""raw"": 64.16666666666667, ""comparison"": "">="", ""threshold"": 70.0, ""pass"": false}]"
宇瞻,COMPUTER_PERIPHERALS,隨身碟、記憶卡讀卡機,HIGH,AC,74.0,65.0,6.814390603929299,8.474069719958077,13.696811702711996,1,3,2,5,81.68103448275862,27.28581713462923,17.80330222541278,18.131739116043132,12.775546451469168,101.0,164.0,0.6521739130434783,0.4833333333333333,-3.157894736842104,-5.191256830601088,3,5,253942891.0,-254469232.5,508412123.5,0.2,6.870229007633588,14.130434782608692,12.00000000000001,1.7231964880862862,RISK_OFF,RISK_OFF,0.6,0.5,35.0,35.0,88.57142857142857,88.57142857142857,82.5,82.5,19.583333333333332,19.583333333333332,EMERGING_POCKET,0.0,EMERGING_POCKET,0.0,EMERGING_POCKET,48.148148148148145,False,False,False,8271,2026-07-23,2026-07-23,WINDOW_FIRST_SEEN,,True,C,210.0,,1.0,RECONSTRUCTED_TOP120_FIRST_SEEN_PROXY,0.0,0.0,0.0,bundle_A,EXISTING_PENDING,2026-07-24,,,,1.1904761904761862,,,,,,,6.190476190476191,-2.857142857142858,,2,PENDING_DAY10,True,ELIGIBLE_WEAK_MARKET,PENDING_DAY10,PENDING_DAY10,False,70.0,False,90.0,False,False,False,FILTERED_BY_RISK_CONTROL_SHADOW,2026-07-23,2026-07-23,2026-07-23,True,"[{""predicate"": ""BRANCH_R_MARKET_STATE"", ""feature"": ""market_path_state"", ""raw"": ""RISK_OFF"", ""pass"": true}, {""predicate"": ""MARKET_PUBLISHING"", ""feature"": ""down_survival_ratio_top120_percentile"", ""raw"": 35.0, ""comparison"": "">="", ""threshold"": 90.0, ""pass"": false}, {""predicate"": ""SURVIVAL_BUNDLE_A"", ""feature"": ""down_survival_ratio_top120_percentile"", ""raw"": 35.0, ""comparison"": "">="", ""threshold"": 70.0, ""pass"": false}]"
元大美債20反1,,,,C,61.4,117.0,3.1755752187623387,2.1892779174826904,,1,2,2,5,87.21264367816092,82.3529411764706,0.0,1.619900833896774,17.442528735632184,62.0,,1.0,0.6610169491525475,0.0,-0.46533271288971,3,5,86979.25,24759.5,62219.75,0.2,0.509023600185099,0.8824895494658591,,0.02492193204786,RISK_OFF,RISK_OFF,0.4,0.5,15.833333333333332,15.833333333333332,,,96.66666666666669,96.66666666666669,22.083333333333332,22.083333333333332,,,,,NO_POCKET,28.000000000000004,False,False,False,00681R,2026-07-24,2026-07-24,WINDOW_FIRST_SEEN,,True,C,21.72,,1.0,RECONSTRUCTED_TOP120_FIRST_SEEN_PROXY,0.0,0.0,0.0,bundle_A,EXISTING_PENDING,2026-07-27,,,,-1.058931860036838,,,,,,,-0.8287292817679592,-1.058931860036838,,1,PENDING_DAY10,True,ELIGIBLE_WEAK_MARKET,PENDING_DAY10,PENDING_DAY10,False,70.0,False,90.0,False,False,False,FILTERED_BY_RISK_CONTROL_SHADOW,2026-07-24,2026-07-24,2026-07-24,True,"[{""predicate"": ""BRANCH_R_MARKET_STATE"", ""feature"": ""market_path_state"", ""raw"": ""RISK_OFF"", ""pass"": true}, {""predicate"": ""MARKET_PUBLISHING"", ""feature"": ""down_survival_ratio_top120_percentile"", ""raw"": 15.833333333333332, ""comparison"": "">="", ""threshold"": 90.0, ""pass"": false}, {""predicate"": ""SURVIVAL_BUNDLE_A"", ""feature"": ""down_survival_ratio_top120_percentile"", ""raw"": 15.833333333333332, ""comparison"": "">="", ""threshold"": 70.0, ""pass"": false}]"
中鋼,STEEL,鋼胚,HIGH,A,71.2,65.0,2.928331723289268,3.1684904956764015,0.3759716471424479,1,4,2,5,72.05459770114942,54.8780487804878,70.43165467625899,5.725516306887205,0.3245886049780864,75.0,80.0,0.7142857142857186,0.4285714285714264,-0.5361930294906059,-1.3297872340425565,5,9,1927235287.05,868102115.6499999,1059133171.4000005,1.0,0.2617801047120283,1.8617021276595704,2.680965147453085,1.402668552935039,RISK_OFF,RISK_OFF,0.8,0.9,64.58333333333334,64.58333333333334,82.97872340425532,82.97872340425532,72.5,72.5,89.16666666666667,89.16666666666667,EMERGING_POCKET,0.0,EMERGING_POCKET,1.0,EMERGING_POCKET,54.91803278688525,False,False,False,2002,2026-07-24,2026-07-24,WINDOW_FIRST_SEEN,,True,C,19.15,,1.0,RECONSTRUCTED_TOP120_FIRST_SEEN_PROXY,0.0,0.0,0.0,bundle_A,EXISTING_PENDING,2026-07-27,,,,0.5221932114882533,,,,,,,1.0443864229765065,0.0,,1,PENDING_DAY10,True,ELIGIBLE_WEAK_MARKET,PENDING_DAY10,PENDING_DAY10,False,70.0,False,90.0,False,False,False,FILTERED_BY_RISK_CONTROL_SHADOW,2026-07-24,2026-07-24,2026-07-24,True,"[{""predicate"": ""BRANCH_R_MARKET_STATE"", ""feature"": ""market_path_state"", ""raw"": ""RISK_OFF"", ""pass"": true}, {""predicate"": ""MARKET_PUBLISHING"", ""feature"": ""down_survival_ratio_top120_percentile"", ""raw"": 64.58333333333334, ""comparison"": "">="", ""threshold"": 90.0, ""pass"": false}, {""predicate"": ""SURVIVAL_BUNDLE_A"", ""feature"": ""down_survival_ratio_top120_percentile"", ""raw"": 64.58333333333334, ""comparison"": "">="", ""threshold"": 70.0, ""pass"": false}]"
群光,COMPUTER_PERIPHERALS,電源供應器,HIGH,A,63.7,104.0,3.1382497317847924,3.2206639661029657,1.5974455240796104,2,5,2,5,71.69540229885058,38.45050215208035,27.12230215827338,11.081633382256744,8.91462002811544,99.0,70.0,0.8,0.0434782608695652,-0.469483568075113,-4.2056074766355085,4,8,118067572.5,240206674.5,-122139102.0,0.8,0.4716981132075526,1.9138755980861344,3.9024390243902474,0.7958807467418658,RISK_OFF,RISK_OFF,1.0,0.8,91.25,91.25,75.53191489361703,75.53191489361703,11.666666666666666,11.666666666666666,75.41666666666667,75.41666666666667,EMERGING_POCKET,0.0,NO_POCKET,0.0,EMERGING_POCKET,88.52459016393442,True,True,True,2385,2026-07-24,2026-07-24,WINDOW_FIRST_SEEN,,True,C,106.5,,1.0,RECONSTRUCTED_TOP120_FIRST_SEEN_PROXY,1.0,0.0,0.0,bundle_A,EXISTING_PENDING,2026-07-27,,,,-0.46948356807511304,,,,,,,0.46948356807512415,-1.4084507042253502,,1,PENDING_DAY10,True,ELIGIBLE_WEAK_MARKET,PENDING_DAY10,PENDING_DAY10,False,70.0,True,90.0,True,True,True,RISK_CONTROL_PRIMARY_SHADOW,2026-07-24,2026-07-24,2026-07-24,True,"[{""predicate"": ""BRANCH_R_MARKET_STATE"", ""feature"": ""market_path_state"", ""raw"": ""RISK_OFF"", ""pass"": true}, {""predicate"": ""MARKET_PUBLISHING"", ""feature"": ""down_survival_ratio_top120_percentile"", ""raw"": 91.25, ""comparison"": "">="", ""threshold"": 90.0, ""pass"": true}, {""predicate"": ""SURVIVAL_BUNDLE_A"", ""feature"": ""down_survival_ratio_top120_percentile"", ""raw"": 91.25, ""comparison"": "">="", ""threshold"": 70.0, ""pass"": true}]"
新興,SHIPPING_CONTAINER,散裝航運,HIGH,A,69.9,73.0,2.051167003192611,5.33255326334694,1.88855488678612,1,2,2,5,85.70402298850574,57.96269727403156,52.014388489208635,9.247108571491394,6.7379268998594215,,111.0,0.5416666666666642,0.3592233009708727,-1.1290322580645218,-3.159557661927326,3,8,65026596.10000001,39708766.2,25317829.90000001,0.8,-0.6153846153846287,4.025764895330108,4.193548387096757,1.5269458958434237,RISK_OFF,RISK_OFF,0.4,0.8,15.833333333333332,15.833333333333332,92.5531914893617,92.5531914893617,65.83333333333333,65.83333333333333,75.41666666666667,75.41666666666667,EMERGING_POCKET,1.0,EMERGING_POCKET,1.0,EMERGING_POCKET,8.19672131147541,False,False,False,2605,2026-07-24,2026-07-24,WINDOW_FIRST_SEEN,,True,C,32.3,,1.0,RECONSTRUCTED_TOP120_FIRST_SEEN_PROXY,0.0,0.0,0.0,bundle_A,EXISTING_PENDING,2026-07-27,,,,-2.1671826625386914,,,,,,,0.6191950464396356,-3.5603715170278605,,1,PENDING_DAY10,True,ELIGIBLE_WEAK_MARKET,PENDING_DAY10,PENDING_DAY10,False,70.0,False,90.0,False,False,False,FILTERED_BY_RISK_CONTROL_SHADOW,2026-07-24,2026-07-24,2026-07-24,True,"[{""predicate"": ""BRANCH_R_MARKET_STATE"", ""feature"": ""market_path_state"", ""raw"": ""RISK_OFF"", ""pass"": true}, {""predicate"": ""MARKET_PUBLISHING"", ""feature"": ""down_survival_ratio_top120_percentile"", ""raw"": 15.833333333333332, ""comparison"": "">="", ""threshold"": 90.0, ""pass"": false}, {""predicate"": ""SURVIVAL_BUNDLE_A"", ""feature"": ""down_survival_ratio_top120_percentile"", ""raw"": 15.833333333333332, ""comparison"": "">="", ""threshold"": 70.0, ""pass"": false}]"
陽明,SHIPPING_CONTAINER,貨櫃航運,HIGH,A,62.9,112.0,4.646749638379221,2.4855702933606505,2.369803247656832,2,4,2,5,69.82758620689656,58.39311334289813,51.07913669064748,3.811490954666141,3.749689903249815,,46.0,0.5111111111111105,0.008849557522124,-1.7509727626459082,-6.976744186046513,3,6,539780487.1999999,834587813.5,-294807326.3000001,0.6,1.980198019801982,1.1787819253438192,4.674796747967469,1.3039624906627485,RISK_OFF,RISK_OFF,0.8,0.6,64.58333333333334,64.58333333333334,62.76595744680851,62.76595744680851,3.3333333333333335,3.3333333333333335,40.833333333333336,40.833333333333336,EMERGING_POCKET,1.0,EMERGING_POCKET,1.0,EMERGING_POCKET,54.91803278688525,False,False,False,2609,2026-07-24,2026-07-24,WINDOW_FIRST_SEEN,,True,C,51.5,,1.0,RECONSTRUCTED_TOP120_FIRST_SEEN_PROXY,0.0,0.0,0.0,bundle_A,EXISTING_PENDING,2026-07-27,,,,-0.7766990291262155,,,,,,,-0.3883495145631133,-1.747572815533982,,1,PENDING_DAY10,True,ELIGIBLE_WEAK_MARKET,PENDING_DAY10,PENDING_DAY10,False,70.0,False,90.0,False,False,False,FILTERED_BY_RISK_CONTROL_SHADOW,2026-07-24,2026-07-24,2026-07-24,True,"[{""predicate"": ""BRANCH_R_MARKET_STATE"", ""feature"": ""market_path_state"", ""raw"": ""RISK_OFF"", ""pass"": true}, {""predicate"": ""MARKET_PUBLISHING"", ""feature"": ""down_survival_ratio_top120_percentile"", ""raw"": 64.58333333333334, ""comparison"": "">="", ""threshold"": 90.0, ""pass"": false}, {""predicate"": ""SURVIVAL_BUNDLE_A"", ""feature"": ""down_survival_ratio_top120_percentile"", ""raw"": 64.58333333333334, ""comparison"": "">="", ""threshold"": 70.0, ""pass"": false}]"
山隆,SHIPPING_CONTAINER,貨櫃運輸集散及倉儲,HIGH,A,64.0,102.0,3.027562448902154,2.7666423826153697,-0.0991111473694461,2,5,2,5,81.9683908045977,68.00573888091822,67.55395683453237,4.654217307893163,2.8828867940130665,,45.0,0.6000000000000014,0.2631578947368423,-0.7299270072992692,-1.098901098901106,4,7,304150.0,1651176.9,-1347026.9,0.6,0.3610108303249149,1.4598540145985384,2.205882352941191,1.2787508158580656,RISK_OFF,RISK_OFF,1.0,0.7,91.25,91.25,61.702127659574465,61.702127659574465,53.333333333333336,53.333333333333336,60.0,60.0,EMERGING_POCKET,1.0,EMERGING_POCKET,0.0,EMERGING_POCKET,88.52459016393442,True,True,True,2616,2026-07-24,2026-07-24,WINDOW_FIRST_SEEN,,True,C,13.9,,1.0,RECONSTRUCTED_TOP120_FIRST_SEEN_PROXY,1.0,0.0,0.0,bundle_A,EXISTING_PENDING,2026-07-27,,,,-0.7194244604316502,,,,,,,0.0,-1.0791366906474864,,1,PENDING_DAY10,True,ELIGIBLE_WEAK_MARKET,PENDING_DAY10,PENDING_DAY10,False,70.0,True,90.0,True,True,True,RISK_CONTROL_PRIMARY_SHADOW,2026-07-24,2026-07-24,2026-07-24,True,"[{""predicate"": ""BRANCH_R_MARKET_STATE"", ""feature"": ""market_path_state"", ""raw"": ""RISK_OFF"", ""pass"": true}, {""predicate"": ""MARKET_PUBLISHING"", ""feature"": ""down_survival_ratio_top120_percentile"", ""raw"": 91.25, ""comparison"": "">="", ""threshold"": 90.0, ""pass"": true}, {""predicate"": ""SURVIVAL_BUNDLE_A"", ""feature"": ""down_survival_ratio_top120_percentile"", ""raw"": 91.25, ""comparison"": "">="", ""threshold"": 70.0, ""pass"": true}]"
萬企,LEISURE_TOURISM,娛樂服務業,HIGH,A,63.1,111.0,2.2057221254896953,-0.5113934501649764,-2.7658229933981815,2,5,2,5,77.44252873563218,83.57245337159254,84.38848920863309,-2.043308211986788,-1.389192094600182,,,0.1428571428571399,0.0,-1.8181818181818077,-1.8181818181818077,4,7,-43449.99999999997,1554975.0,-1598425.0,0.8,-0.4608294930875445,-1.8181818181818077,-0.4608294930875445,0.606111138525833,RISK_OFF,RISK_OFF,1.0,0.7,91.25,91.25,,,1.25,1.25,60.0,60.0,EMERGING_POCKET,1.0,EMERGING_POCKET,1.0,EMERGING_POCKET,88.52459016393442,True,False,False,2701,2026-07-24,2026-07-24,WINDOW_FIRST_SEEN,,True,C,10.8,,1.0,RECONSTRUCTED_TOP120_FIRST_SEEN_PROXY,1.0,0.0,0.0,bundle_A,EXISTING_PENDING,2026-07-27,,,,0.0,,,,,,,0.92592592592593,-0.462962962962965,,1,PENDING_DAY10,True,ELIGIBLE_WEAK_MARKET,PENDING_DAY10,PENDING_DAY10,False,70.0,True,90.0,True,True,True,RISK_CONTROL_PRIMARY_SHADOW,2026-07-24,2026-07-24,2026-07-24,True,"[{""predicate"": ""BRANCH_R_MARKET_STATE"", ""feature"": ""market_path_state"", ""raw"": ""RISK_OFF"", ""pass"": true}, {""predicate"": ""MARKET_PUBLISHING"", ""feature"": ""down_survival_ratio_top120_percentile"", ""raw"": 91.25, ""comparison"": "">="", ""threshold"": 90.0, ""pass"": true}, {""predicate"": ""SURVIVAL_BUNDLE_A"", ""feature"": ""down_survival_ratio_top120_percentile"", ""raw"": 91.25, ""comparison"": "">="", ""threshold"": 70.0, ""pass"": true}]"
遠雄來,LEISURE_TOURISM,旅館服務業,HIGH,A,68.0,86.0,2.66655161857724,,2.224623224428046,2,4,2,5,70.54597701149426,0.0,45.17985611510792,23.51532567049809,5.073224179277268,,,0.5199999999999996,0.081967213114754,-2.0134228187919545,-7.119741100323617,3,7,46200.0,315116.9,-268916.9,1.0,0.0,,4.529616724738683,0.4067436244092395,RISK_OFF,RISK_OFF,0.8,0.7,64.58333333333334,64.58333333333334,,,21.666666666666668,21.666666666666668,60.0,60.0,EMERGING_POCKET,1.0,NARROW_LEADERSHIP,0.0,NARROW_LEADERSHIP,73.21428571428571,False,False,False,2712,2026-07-24,2026-07-24,WINDOW_FIRST_SEEN,,True,C,15.0,,1.0,RECONSTRUCTED_TOP120_FIRST_SEEN_PROXY,0.0,0.0,0.0,bundle_A,EXISTING_PENDING,2026-07-27,,,,-0.33333333333334103,,,,,,,1.3333333333333197,-0.33333333333334103,,1,PENDING_DAY10,True,ELIGIBLE_WEAK_MARKET,PENDING_DAY10,PENDING_DAY10,False,70.0,False,90.0,False,False,False,FILTERED_BY_RISK_CONTROL_SHADOW,2026-07-24,2026-07-24,2026-07-24,True,"[{""predicate"": ""BRANCH_R_MARKET_STATE"", ""feature"": ""market_path_state"", ""raw"": ""RISK_OFF"", ""pass"": true}, {""predicate"": ""MARKET_PUBLISHING"", ""feature"": ""down_survival_ratio_top120_percentile"", ""raw"": 64.58333333333334, ""comparison"": "">="", ""threshold"": 90.0, ""pass"": false}, {""predicate"": ""SURVIVAL_BUNDLE_A"", ""feature"": ""down_survival_ratio_top120_percentile"", ""raw"": 64.58333333333334, ""comparison"": "">="", ""threshold"": 70.0, ""pass"": false}]"
中華資安,BIG_DATA_CLOUD,顧問諮詢,HIGH,C,66.9,95.0,3.109029494683424,1.3067883680168313,-0.2825215901982814,2,5,2,5,79.3103448275862,58.75179340028694,26.762589928057555,6.852850475766421,10.50955097990573,121.0,64.0,0.36,0.2340425531914893,-1.7391304347826098,-1.7391304347826098,3,6,4421500.0,1595430.0,2826070.0,0.6,0.4424778761061843,0.0,2.0224719101123556,0.7409192943338807,RISK_OFF,RISK_OFF,1.0,0.6,91.25,91.25,71.27659574468085,71.27659574468085,50.0,50.0,40.833333333333336,40.833333333333336,EMERGING_POCKET,0.0,NARROW_LEADERSHIP,0.0,NARROW_LEADERSHIP,92.85714285714286,True,True,False,7765,2026-07-24,2026-07-24,WINDOW_FIRST_SEEN,,True,C,227.0,,1.0,RECONSTRUCTED_TOP120_FIRST_SEEN_PROXY,1.0,0.0,0.0,bundle_A,EXISTING_PENDING,2026-07-27,,,,0.8810572687224738,,,,,,,2.2026431718061623,-0.22026431718061845,,1,PENDING_DAY10,True,ELIGIBLE_WEAK_MARKET,PENDING_DAY10,PENDING_DAY10,False,70.0,True,90.0,True,True,True,RISK_CONTROL_PRIMARY_SHADOW,2026-07-24,2026-07-24,2026-07-24,True,"[{""predicate"": ""BRANCH_R_MARKET_STATE"", ""feature"": ""market_path_state"", ""raw"": ""RISK_OFF"", ""pass"": true}, {""predicate"": ""MARKET_PUBLISHING"", ""feature"": ""down_survival_ratio_top120_percentile"", ""raw"": 91.25, ""comparison"": "">="", ""threshold"": 90.0, ""pass"": true}, {""predicate"": ""SURVIVAL_BUNDLE_A"", ""feature"": ""down_survival_ratio_top120_percentile"", ""raw"": 91.25, ""comparison"": "">="", ""threshold"": 70.0, ""pass"": true}]"
康那香,MEDICAL_DEVICE,醫療耗材,HIGH,A,65.4,100.0,-0.0545368167969018,3.086147798621819,0.2039670731660781,0,3,2,5,81.82471264367815,73.8880918220947,65.68345323741008,2.6455402738611533,3.228251881253615,75.0,,0.2258064516129045,0.2083333333333334,-2.7210884353741416,-2.7210884353741416,3,6,-3821513.9000000022,-1891300.0,-1930213.9000000025,0.4,-2.7210884353741416,1.7793594306049876,2.508960573476715,1.281390306332995,RISK_OFF,RISK_OFF,0.6,0.6,36.666666666666664,36.666666666666664,,,43.333333333333336,43.333333333333336,40.833333333333336,40.833333333333336,EMERGING_POCKET,0.0,EMERGING_POCKET,0.0,EMERGING_POCKET,23.770491803278688,False,False,False,9919,2026-07-24,2026-07-24,WINDOW_FIRST_SEEN,,True,C,14.3,,1.0,RECONSTRUCTED_TOP120_FIRST_SEEN_PROXY,0.0,0.0,0.0,bundle_A,EXISTING_PENDING,2026-07-27,,,,-1.0489510489510523,,,,,,,2.447552447552437,-1.3986013986014068,,1,PENDING_DAY10,True,ELIGIBLE_WEAK_MARKET,PENDING_DAY10,PENDING_DAY10,False,70.0,False,90.0,False,False,False,FILTERED_BY_RISK_CONTROL_SHADOW,2026-07-24,2026-07-24,2026-07-24,True,"[{""predicate"": ""BRANCH_R_MARKET_STATE"", ""feature"": ""market_path_state"", ""raw"": ""RISK_OFF"", ""pass"": true}, {""predicate"": ""MARKET_PUBLISHING"", ""feature"": ""down_survival_ratio_top120_percentile"", ""raw"": 36.666666666666664, ""comparison"": "">="", ""threshold"": 90.0, ""pass"": false}, {""predicate"": ""SURVIVAL_BUNDLE_A"", ""feature"": ""down_survival_ratio_top120_percentile"", ""raw"": 36.666666666666664, ""comparison"": "">="", ""threshold"": 70.0, ""pass"": false}]"
