evaluation_date,stock_id,market_path_state,opportunity_density,pocket_state,relative_survival_pass,momentum_flow_health_pass,market_policy,new_primary_shadow,new_reserve_shadow,zero_primary_reason,watchlist_action_shadow,rule_bundle,deployment_status
2026-05-28,0056,NORMAL,VERY_LOW,NO_POCKET,False,False,NORMAL_SELECTIVE,False,True,,SEPARATE_DAILY_SCAN,bundle_A,NOT_ACTIVATED_EVIDENCE_BELOW_PROVISIONAL
2026-05-28,00713,NORMAL,VERY_LOW,NO_POCKET,False,False,NORMAL_SELECTIVE,False,True,,SEPARATE_DAILY_SCAN,bundle_A,NOT_ACTIVATED_EVIDENCE_BELOW_PROVISIONAL
2026-05-28,00878,NORMAL,VERY_LOW,NO_POCKET,False,False,NORMAL_SELECTIVE,False,True,,SEPARATE_DAILY_SCAN,bundle_A,NOT_ACTIVATED_EVIDENCE_BELOW_PROVISIONAL
2026-05-28,00891,NORMAL,VERY_LOW,NO_POCKET,False,False,NORMAL_SELECTIVE,False,True,,SEPARATE_DAILY_SCAN,bundle_A,NOT_ACTIVATED_EVIDENCE_BELOW_PROVISIONAL
2026-05-28,00919,NORMAL,VERY_LOW,NO_POCKET,False,False,NORMAL_SELECTIVE,False,True,,SEPARATE_DAILY_SCAN,bundle_A,NOT_ACTIVATED_EVIDENCE_BELOW_PROVISIONAL
2026-05-28,00992A,NORMAL,VERY_LOW,NO_POCKET,False,False,NORMAL_SELECTIVE,False,True,,SEPARATE_DAILY_SCAN,bundle_A,NOT_ACTIVATED_EVIDENCE_BELOW_PROVISIONAL
2026-05-28,1568,NORMAL,VERY_LOW,NARROW_LEADERSHIP,False,False,NORMAL_SELECTIVE,False,True,,SEPARATE_DAILY_SCAN,bundle_A,NOT_ACTIVATED_EVIDENCE_BELOW_PROVISIONAL
2026-05-28,1762,NORMAL,VERY_LOW,NO_POCKET,False,False,NORMAL_SELECTIVE,False,True,,SEPARATE_DAILY_SCAN,bundle_A,NOT_ACTIVATED_EVIDENCE_BELOW_PROVISIONAL
2026-05-28,1809,NORMAL,VERY_LOW,NARROW_LEADERSHIP,False,False,NORMAL_SELECTIVE,False,True,,SEPARATE_DAILY_SCAN,bundle_A,NOT_ACTIVATED_EVIDENCE_BELOW_PROVISIONAL
2026-05-28,2302,NORMAL,VERY_LOW,EMERGING_POCKET,False,False,NORMAL_SELECTIVE,False,True,,SEPARATE_DAILY_SCAN,bundle_A,NOT_ACTIVATED_EVIDENCE_BELOW_PROVISIONAL
2026-05-28,2303,NORMAL,VERY_LOW,EMERGING_POCKET,False,False,NORMAL_SELECTIVE,False,True,,SEPARATE_DAILY_SCAN,bundle_A,NOT_ACTIVATED_EVIDENCE_BELOW_PROVISIONAL
2026-05-28,2308,NORMAL,VERY_LOW,NARROW_LEADERSHIP,False,False,NORMAL_SELECTIVE,False,True,,SEPARATE_DAILY_SCAN,bundle_A,NOT_ACTIVATED_EVIDENCE_BELOW_PROVISIONAL
2026-05-28,2312,NORMAL,VERY_LOW,EMERGING_POCKET,False,False,NORMAL_SELECTIVE,False,True,,SEPARATE_DAILY_SCAN,bundle_A,NOT_ACTIVATED_EVIDENCE_BELOW_PROVISIONAL
2026-05-28,2317,NORMAL,VERY_LOW,EMERGING_POCKET,False,False,NORMAL_SELECTIVE,False,True,,SEPARATE_DAILY_SCAN,bundle_A,NOT_ACTIVATED_EVIDENCE_BELOW_PROVISIONAL
2026-05-28,2327,NORMAL,VERY_LOW,EMERGING_POCKET,False,False,NORMAL_SELECTIVE,False,True,,SEPARATE_DAILY_SCAN,bundle_A,NOT_ACTIVATED_EVIDENCE_BELOW_PROVISIONAL
2026-05-28,2342,NORMAL,VERY_LOW,EMERGING_POCKET,False,False,NORMAL_SELECTIVE,False,True,,SEPARATE_DAILY_SCAN,bundle_A,NOT_ACTIVATED_EVIDENCE_BELOW_PROVISIONAL
2026-05-28,2344,NORMAL,VERY_LOW,EMERGING_POCKET,False,False,NORMAL_SELECTIVE,False,True,,SEPARATE_DAILY_SCAN,bundle_A,NOT_ACTIVATED_EVIDENCE_BELOW_PROVISIONAL
2026-05-28,2353,NORMAL,VERY_LOW,EMERGING_POCKET,False,False,NORMAL_SELECTIVE,False,True,,SEPARATE_DAILY_SCAN,bundle_A,NOT_ACTIVATED_EVIDENCE_BELOW_PROVISIONAL
2026-05-28,2356,NORMAL,VERY_LOW,EMERGING_POCKET,False,False,NORMAL_SELECTIVE,False,True,,SEPARATE_DAILY_SCAN,bundle_A,NOT_ACTIVATED_EVIDENCE_BELOW_PROVISIONAL
2026-05-28,2357,NORMAL,VERY_LOW,EMERGING_POCKET,False,False,NORMAL_SELECTIVE,False,True,,SEPARATE_DAILY_SCAN,bundle_A,NOT_ACTIVATED_EVIDENCE_BELOW_PROVISIONAL
2026-05-28,2362,NORMAL,VERY_LOW,EMERGING_POCKET,False,False,NORMAL_SELECTIVE,False,True,,SEPARATE_DAILY_SCAN,bundle_A,NOT_ACTIVATED_EVIDENCE_BELOW_PROVISIONAL
2026-05-28,2363,NORMAL,VERY_LOW,NO_POCKET,False,False,NORMAL_SELECTIVE,False,True,,SEPARATE_DAILY_SCAN,bundle_A,NOT_ACTIVATED_EVIDENCE_BELOW_PROVISIONAL
2026-05-28,2369,NORMAL,VERY_LOW,EMERGING_POCKET,False,False,NORMAL_SELECTIVE,False,True,,SEPARATE_DAILY_SCAN,bundle_A,NOT_ACTIVATED_EVIDENCE_BELOW_PROVISIONAL
2026-05-28,2375,NORMAL,VERY_LOW,EMERGING_POCKET,False,False,NORMAL_SELECTIVE,False,True,,SEPARATE_DAILY_SCAN,bundle_A,NOT_ACTIVATED_EVIDENCE_BELOW_PROVISIONAL
2026-05-28,2376,NORMAL,VERY_LOW,EMERGING_POCKET,False,False,NORMAL_SELECTIVE,False,True,,SEPARATE_DAILY_SCAN,bundle_A,NOT_ACTIVATED_EVIDENCE_BELOW_PROVISIONAL
2026-05-28,2377,NORMAL,VERY_LOW,EMERGING_POCKET,False,False,NORMAL_SELECTIVE,False,True,,SEPARATE_DAILY_SCAN,bundle_A,NOT_ACTIVATED_EVIDENCE_BELOW_PROVISIONAL
2026-05-28,2404,NORMAL,VERY_LOW,NARROW_LEADERSHIP,False,False,NORMAL_SELECTIVE,False,True,,SEPARATE_DAILY_SCAN,bundle_A,NOT_ACTIVATED_EVIDENCE_BELOW_PROVISIONAL
2026-05-28,2405,NORMAL,VERY_LOW,EMERGING_POCKET,False,False,NORMAL_SELECTIVE,False,True,,SEPARATE_DAILY_SCAN,bundle_A,NOT_ACTIVATED_EVIDENCE_BELOW_PROVISIONAL
2026-05-28,2408,NORMAL,VERY_LOW,EMERGING_POCKET,False,False,NORMAL_SELECTIVE,False,True,,SEPARATE_DAILY_SCAN,bundle_A,NOT_ACTIVATED_EVIDENCE_BELOW_PROVISIONAL
2026-05-28,2417,NORMAL,VERY_LOW,EMERGING_POCKET,False,False,NORMAL_SELECTIVE,False,True,,SEPARATE_DAILY_SCAN,bundle_A,NOT_ACTIVATED_EVIDENCE_BELOW_PROVISIONAL
2026-05-28,2420,NORMAL,VERY_LOW,NARROW_LEADERSHIP,False,False,NORMAL_SELECTIVE,False,True,,SEPARATE_DAILY_SCAN,bundle_A,NOT_ACTIVATED_EVIDENCE_BELOW_PROVISIONAL
2026-05-28,2426,NORMAL,VERY_LOW,EMERGING_POCKET,False,False,NORMAL_SELECTIVE,False,True,,SEPARATE_DAILY_SCAN,bundle_A,NOT_ACTIVATED_EVIDENCE_BELOW_PROVISIONAL
2026-05-28,2428,NORMAL,VERY_LOW,EMERGING_POCKET,False,False,NORMAL_SELECTIVE,False,True,,SEPARATE_DAILY_SCAN,bundle_A,NOT_ACTIVATED_EVIDENCE_BELOW_PROVISIONAL
2026-05-28,2434,NORMAL,VERY_LOW,NARROW_LEADERSHIP,False,False,NORMAL_SELECTIVE,False,True,,SEPARATE_DAILY_SCAN,bundle_A,NOT_ACTIVATED_EVIDENCE_BELOW_PROVISIONAL
2026-05-28,2436,NORMAL,VERY_LOW,NO_POCKET,False,False,NORMAL_SELECTIVE,False,True,,SEPARATE_DAILY_SCAN,bundle_A,NOT_ACTIVATED_EVIDENCE_BELOW_PROVISIONAL
2026-05-28,2438,NORMAL,VERY_LOW,NARROW_LEADERSHIP,False,False,NORMAL_SELECTIVE,False,True,,SEPARATE_DAILY_SCAN,bundle_A,NOT_ACTIVATED_EVIDENCE_BELOW_PROVISIONAL
2026-05-28,2441,NORMAL,VERY_LOW,EMERGING_POCKET,False,False,NORMAL_SELECTIVE,False,True,,SEPARATE_DAILY_SCAN,bundle_A,NOT_ACTIVATED_EVIDENCE_BELOW_PROVISIONAL
2026-05-28,2454,NORMAL,VERY_LOW,NO_POCKET,False,False,NORMAL_SELECTIVE,False,True,,SEPARATE_DAILY_SCAN,bundle_A,NOT_ACTIVATED_EVIDENCE_BELOW_PROVISIONAL
2026-05-28,2455,NORMAL,VERY_LOW,EMERGING_POCKET,False,False,NORMAL_SELECTIVE,False,True,,SEPARATE_DAILY_SCAN,bundle_A,NOT_ACTIVATED_EVIDENCE_BELOW_PROVISIONAL
2026-05-28,2472,NORMAL,VERY_LOW,EMERGING_POCKET,False,False,NORMAL_SELECTIVE,False,True,,SEPARATE_DAILY_SCAN,bundle_A,NOT_ACTIVATED_EVIDENCE_BELOW_PROVISIONAL
2026-05-28,2478,NORMAL,VERY_LOW,EMERGING_POCKET,False,False,NORMAL_SELECTIVE,False,True,,SEPARATE_DAILY_SCAN,bundle_A,NOT_ACTIVATED_EVIDENCE_BELOW_PROVISIONAL
2026-05-28,2481,NORMAL,VERY_LOW,EMERGING_POCKET,False,False,NORMAL_SELECTIVE,False,True,,SEPARATE_DAILY_SCAN,bundle_A,NOT_ACTIVATED_EVIDENCE_BELOW_PROVISIONAL
2026-05-28,2484,NORMAL,VERY_LOW,EMERGING_POCKET,False,False,NORMAL_SELECTIVE,False,True,,SEPARATE_DAILY_SCAN,bundle_A,NOT_ACTIVATED_EVIDENCE_BELOW_PROVISIONAL
2026-05-28,2492,NORMAL,VERY_LOW,EMERGING_POCKET,False,False,NORMAL_SELECTIVE,False,True,,SEPARATE_DAILY_SCAN,bundle_A,NOT_ACTIVATED_EVIDENCE_BELOW_PROVISIONAL
2026-05-28,2495,NORMAL,VERY_LOW,EMERGING_POCKET,False,False,NORMAL_SELECTIVE,False,True,,SEPARATE_DAILY_SCAN,bundle_A,NOT_ACTIVATED_EVIDENCE_BELOW_PROVISIONAL
2026-05-28,2606,NORMAL,VERY_LOW,NARROW_LEADERSHIP,False,False,NORMAL_SELECTIVE,False,True,,SEPARATE_DAILY_SCAN,bundle_A,NOT_ACTIVATED_EVIDENCE_BELOW_PROVISIONAL
2026-05-28,2637,NORMAL,VERY_LOW,NARROW_LEADERSHIP,False,False,NORMAL_SELECTIVE,False,True,,SEPARATE_DAILY_SCAN,bundle_A,NOT_ACTIVATED_EVIDENCE_BELOW_PROVISIONAL
2026-05-28,2881,NORMAL,VERY_LOW,NARROW_LEADERSHIP,False,False,NORMAL_SELECTIVE,False,True,,SEPARATE_DAILY_SCAN,bundle_A,NOT_ACTIVATED_EVIDENCE_BELOW_PROVISIONAL
2026-05-28,2911,NORMAL,VERY_LOW,NARROW_LEADERSHIP,False,False,NORMAL_SELECTIVE,False,True,,SEPARATE_DAILY_SCAN,bundle_A,NOT_ACTIVATED_EVIDENCE_BELOW_PROVISIONAL
2026-05-28,3006,NORMAL,VERY_LOW,EMERGING_POCKET,False,False,NORMAL_SELECTIVE,False,True,,SEPARATE_DAILY_SCAN,bundle_A,NOT_ACTIVATED_EVIDENCE_BELOW_PROVISIONAL
2026-05-28,3014,NORMAL,VERY_LOW,NO_POCKET,False,False,NORMAL_SELECTIVE,False,True,,SEPARATE_DAILY_SCAN,bundle_A,NOT_ACTIVATED_EVIDENCE_BELOW_PROVISIONAL
2026-05-28,3016,NORMAL,VERY_LOW,EMERGING_POCKET,False,False,NORMAL_SELECTIVE,False,True,,SEPARATE_DAILY_SCAN,bundle_A,NOT_ACTIVATED_EVIDENCE_BELOW_PROVISIONAL
2026-05-28,3021,NORMAL,VERY_LOW,EMERGING_POCKET,False,False,NORMAL_SELECTIVE,False,True,,SEPARATE_DAILY_SCAN,bundle_A,NOT_ACTIVATED_EVIDENCE_BELOW_PROVISIONAL
2026-05-28,3022,NORMAL,VERY_LOW,EMERGING_POCKET,False,False,NORMAL_SELECTIVE,False,True,,SEPARATE_DAILY_SCAN,bundle_A,NOT_ACTIVATED_EVIDENCE_BELOW_PROVISIONAL
2026-05-28,3026,NORMAL,VERY_LOW,NARROW_LEADERSHIP,False,False,NORMAL_SELECTIVE,False,True,,SEPARATE_DAILY_SCAN,bundle_A,NOT_ACTIVATED_EVIDENCE_BELOW_PROVISIONAL
2026-05-28,3032,NORMAL,VERY_LOW,NARROW_LEADERSHIP,False,False,NORMAL_SELECTIVE,False,True,,SEPARATE_DAILY_SCAN,bundle_A,NOT_ACTIVATED_EVIDENCE_BELOW_PROVISIONAL
2026-05-28,3033,NORMAL,VERY_LOW,EMERGING_POCKET,False,False,NORMAL_SELECTIVE,False,True,,SEPARATE_DAILY_SCAN,bundle_A,NOT_ACTIVATED_EVIDENCE_BELOW_PROVISIONAL
2026-05-28,3035,NORMAL,VERY_LOW,NO_POCKET,False,False,NORMAL_SELECTIVE,False,True,,SEPARATE_DAILY_SCAN,bundle_A,NOT_ACTIVATED_EVIDENCE_BELOW_PROVISIONAL
2026-05-28,3037,NORMAL,VERY_LOW,NARROW_LEADERSHIP,False,False,NORMAL_SELECTIVE,False,True,,SEPARATE_DAILY_SCAN,bundle_A,NOT_ACTIVATED_EVIDENCE_BELOW_PROVISIONAL
2026-05-28,3042,NORMAL,VERY_LOW,EMERGING_POCKET,False,False,NORMAL_SELECTIVE,False,True,,SEPARATE_DAILY_SCAN,bundle_A,NOT_ACTIVATED_EVIDENCE_BELOW_PROVISIONAL
2026-05-28,3046,NORMAL,VERY_LOW,EMERGING_POCKET,False,False,NORMAL_SELECTIVE,False,True,,SEPARATE_DAILY_SCAN,bundle_A,NOT_ACTIVATED_EVIDENCE_BELOW_PROVISIONAL
2026-05-28,3048,NORMAL,VERY_LOW,EMERGING_POCKET,False,False,NORMAL_SELECTIVE,False,True,,SEPARATE_DAILY_SCAN,bundle_A,NOT_ACTIVATED_EVIDENCE_BELOW_PROVISIONAL
2026-05-28,3055,NORMAL,VERY_LOW,NO_POCKET,False,False,NORMAL_SELECTIVE,False,True,,SEPARATE_DAILY_SCAN,bundle_A,NOT_ACTIVATED_EVIDENCE_BELOW_PROVISIONAL
2026-05-28,3062,NORMAL,VERY_LOW,EMERGING_POCKET,False,False,NORMAL_SELECTIVE,False,True,,SEPARATE_DAILY_SCAN,bundle_A,NOT_ACTIVATED_EVIDENCE_BELOW_PROVISIONAL
2026-05-28,3090,NORMAL,VERY_LOW,EMERGING_POCKET,False,False,NORMAL_SELECTIVE,False,True,,SEPARATE_DAILY_SCAN,bundle_A,NOT_ACTIVATED_EVIDENCE_BELOW_PROVISIONAL
2026-05-28,3094,NORMAL,VERY_LOW,NO_POCKET,False,False,NORMAL_SELECTIVE,False,True,,SEPARATE_DAILY_SCAN,bundle_A,NOT_ACTIVATED_EVIDENCE_BELOW_PROVISIONAL
2026-05-28,3135,NORMAL,VERY_LOW,EMERGING_POCKET,False,False,NORMAL_SELECTIVE,False,True,,SEPARATE_DAILY_SCAN,bundle_A,NOT_ACTIVATED_EVIDENCE_BELOW_PROVISIONAL
2026-05-28,3209,NORMAL,VERY_LOW,EMERGING_POCKET,False,False,NORMAL_SELECTIVE,False,True,,SEPARATE_DAILY_SCAN,bundle_A,NOT_ACTIVATED_EVIDENCE_BELOW_PROVISIONAL
2026-05-28,3229,NORMAL,VERY_LOW,NARROW_LEADERSHIP,False,False,NORMAL_SELECTIVE,False,True,,SEPARATE_DAILY_SCAN,bundle_A,NOT_ACTIVATED_EVIDENCE_BELOW_PROVISIONAL
2026-05-28,3305,NORMAL,VERY_LOW,NARROW_LEADERSHIP,False,False,NORMAL_SELECTIVE,False,True,,SEPARATE_DAILY_SCAN,bundle_A,NOT_ACTIVATED_EVIDENCE_BELOW_PROVISIONAL
2026-05-28,3312,NORMAL,VERY_LOW,EMERGING_POCKET,False,False,NORMAL_SELECTIVE,False,True,,SEPARATE_DAILY_SCAN,bundle_A,NOT_ACTIVATED_EVIDENCE_BELOW_PROVISIONAL
2026-05-28,3346,NORMAL,VERY_LOW,NARROW_LEADERSHIP,False,False,NORMAL_SELECTIVE,False,True,,SEPARATE_DAILY_SCAN,bundle_A,NOT_ACTIVATED_EVIDENCE_BELOW_PROVISIONAL
2026-05-28,3450,NORMAL,VERY_LOW,NO_POCKET,False,False,NORMAL_SELECTIVE,False,True,,SEPARATE_DAILY_SCAN,bundle_A,NOT_ACTIVATED_EVIDENCE_BELOW_PROVISIONAL
2026-05-28,3481,NORMAL,VERY_LOW,NO_POCKET,False,False,NORMAL_SELECTIVE,False,True,,SEPARATE_DAILY_SCAN,bundle_A,NOT_ACTIVATED_EVIDENCE_BELOW_PROVISIONAL
2026-05-28,3504,NORMAL,VERY_LOW,EMERGING_POCKET,False,False,NORMAL_SELECTIVE,False,True,,SEPARATE_DAILY_SCAN,bundle_A,NOT_ACTIVATED_EVIDENCE_BELOW_PROVISIONAL
2026-05-28,3528,NORMAL,VERY_LOW,EMERGING_POCKET,False,False,NORMAL_SELECTIVE,False,True,,SEPARATE_DAILY_SCAN,bundle_A,NOT_ACTIVATED_EVIDENCE_BELOW_PROVISIONAL
2026-05-28,3607,NORMAL,VERY_LOW,NARROW_LEADERSHIP,False,False,NORMAL_SELECTIVE,False,True,,SEPARATE_DAILY_SCAN,bundle_A,NOT_ACTIVATED_EVIDENCE_BELOW_PROVISIONAL
2026-05-28,3711,NORMAL,VERY_LOW,EMERGING_POCKET,False,False,NORMAL_SELECTIVE,False,True,,SEPARATE_DAILY_SCAN,bundle_A,NOT_ACTIVATED_EVIDENCE_BELOW_PROVISIONAL
2026-05-28,3716,NORMAL,VERY_LOW,EMERGING_POCKET,False,False,NORMAL_SELECTIVE,False,True,,SEPARATE_DAILY_SCAN,bundle_A,NOT_ACTIVATED_EVIDENCE_BELOW_PROVISIONAL
2026-05-28,4545,NORMAL,VERY_LOW,EMERGING_POCKET,False,False,NORMAL_SELECTIVE,False,True,,SEPARATE_DAILY_SCAN,bundle_A,NOT_ACTIVATED_EVIDENCE_BELOW_PROVISIONAL
2026-05-28,4916,NORMAL,VERY_LOW,NARROW_LEADERSHIP,False,False,NORMAL_SELECTIVE,False,True,,SEPARATE_DAILY_SCAN,bundle_A,NOT_ACTIVATED_EVIDENCE_BELOW_PROVISIONAL
2026-05-28,4919,NORMAL,VERY_LOW,NO_POCKET,False,False,NORMAL_SELECTIVE,False,True,,SEPARATE_DAILY_SCAN,bundle_A,NOT_ACTIVATED_EVIDENCE_BELOW_PROVISIONAL
2026-05-28,5215,NORMAL,VERY_LOW,EMERGING_POCKET,False,False,NORMAL_SELECTIVE,False,True,,SEPARATE_DAILY_SCAN,bundle_A,NOT_ACTIVATED_EVIDENCE_BELOW_PROVISIONAL
2026-05-28,5243,NORMAL,VERY_LOW,NARROW_LEADERSHIP,False,False,NORMAL_SELECTIVE,False,True,,SEPARATE_DAILY_SCAN,bundle_A,NOT_ACTIVATED_EVIDENCE_BELOW_PROVISIONAL
2026-05-28,5285,NORMAL,VERY_LOW,NO_POCKET,False,False,NORMAL_SELECTIVE,False,True,,SEPARATE_DAILY_SCAN,bundle_A,NOT_ACTIVATED_EVIDENCE_BELOW_PROVISIONAL
2026-05-28,5484,NORMAL,VERY_LOW,EMERGING_POCKET,False,False,NORMAL_SELECTIVE,False,True,,SEPARATE_DAILY_SCAN,bundle_A,NOT_ACTIVATED_EVIDENCE_BELOW_PROVISIONAL
2026-05-28,6116,NORMAL,VERY_LOW,NARROW_LEADERSHIP,False,False,NORMAL_SELECTIVE,False,True,,SEPARATE_DAILY_SCAN,bundle_A,NOT_ACTIVATED_EVIDENCE_BELOW_PROVISIONAL
2026-05-28,6155,NORMAL,VERY_LOW,EMERGING_POCKET,False,False,NORMAL_SELECTIVE,False,True,,SEPARATE_DAILY_SCAN,bundle_A,NOT_ACTIVATED_EVIDENCE_BELOW_PROVISIONAL
2026-05-28,6166,NORMAL,VERY_LOW,EMERGING_POCKET,False,False,NORMAL_SELECTIVE,False,True,,SEPARATE_DAILY_SCAN,bundle_A,NOT_ACTIVATED_EVIDENCE_BELOW_PROVISIONAL
2026-05-28,6206,NORMAL,VERY_LOW,EMERGING_POCKET,False,False,NORMAL_SELECTIVE,False,True,,SEPARATE_DAILY_SCAN,bundle_A,NOT_ACTIVATED_EVIDENCE_BELOW_PROVISIONAL
2026-05-28,6209,NORMAL,VERY_LOW,EMERGING_POCKET,False,False,NORMAL_SELECTIVE,False,True,,SEPARATE_DAILY_SCAN,bundle_A,NOT_ACTIVATED_EVIDENCE_BELOW_PROVISIONAL
2026-05-28,6224,NORMAL,VERY_LOW,EMERGING_POCKET,False,False,NORMAL_SELECTIVE,False,True,,SEPARATE_DAILY_SCAN,bundle_A,NOT_ACTIVATED_EVIDENCE_BELOW_PROVISIONAL
2026-05-28,6239,NORMAL,VERY_LOW,EMERGING_POCKET,False,False,NORMAL_SELECTIVE,False,True,,SEPARATE_DAILY_SCAN,bundle_A,NOT_ACTIVATED_EVIDENCE_BELOW_PROVISIONAL
2026-05-28,6285,NORMAL,VERY_LOW,EMERGING_POCKET,False,False,NORMAL_SELECTIVE,False,True,,SEPARATE_DAILY_SCAN,bundle_A,NOT_ACTIVATED_EVIDENCE_BELOW_PROVISIONAL
2026-05-28,6405,NORMAL,VERY_LOW,NO_POCKET,False,False,NORMAL_SELECTIVE,False,True,,SEPARATE_DAILY_SCAN,bundle_A,NOT_ACTIVATED_EVIDENCE_BELOW_PROVISIONAL
2026-05-28,6414,NORMAL,VERY_LOW,EMERGING_POCKET,False,False,NORMAL_SELECTIVE,False,True,,SEPARATE_DAILY_SCAN,bundle_A,NOT_ACTIVATED_EVIDENCE_BELOW_PROVISIONAL
2026-05-28,6415,NORMAL,VERY_LOW,NO_POCKET,False,False,NORMAL_SELECTIVE,False,True,,SEPARATE_DAILY_SCAN,bundle_A,NOT_ACTIVATED_EVIDENCE_BELOW_PROVISIONAL
2026-05-28,6446,NORMAL,VERY_LOW,NARROW_LEADERSHIP,False,False,NORMAL_SELECTIVE,False,True,,SEPARATE_DAILY_SCAN,bundle_A,NOT_ACTIVATED_EVIDENCE_BELOW_PROVISIONAL
2026-05-28,6449,NORMAL,VERY_LOW,EMERGING_POCKET,False,False,NORMAL_SELECTIVE,False,True,,SEPARATE_DAILY_SCAN,bundle_A,NOT_ACTIVATED_EVIDENCE_BELOW_PROVISIONAL
2026-05-28,6531,NORMAL,VERY_LOW,EMERGING_POCKET,False,False,NORMAL_SELECTIVE,False,True,,SEPARATE_DAILY_SCAN,bundle_A,NOT_ACTIVATED_EVIDENCE_BELOW_PROVISIONAL
2026-05-28,6579,NORMAL,VERY_LOW,EMERGING_POCKET,False,False,NORMAL_SELECTIVE,False,True,,SEPARATE_DAILY_SCAN,bundle_A,NOT_ACTIVATED_EVIDENCE_BELOW_PROVISIONAL
2026-05-28,6742,NORMAL,VERY_LOW,EMERGING_POCKET,False,False,NORMAL_SELECTIVE,False,True,,SEPARATE_DAILY_SCAN,bundle_A,NOT_ACTIVATED_EVIDENCE_BELOW_PROVISIONAL
2026-05-28,6756,NORMAL,VERY_LOW,NO_POCKET,False,False,NORMAL_SELECTIVE,False,True,,SEPARATE_DAILY_SCAN,bundle_A,NOT_ACTIVATED_EVIDENCE_BELOW_PROVISIONAL
2026-05-28,6757,NORMAL,VERY_LOW,EMERGING_POCKET,False,False,NORMAL_SELECTIVE,False,True,,SEPARATE_DAILY_SCAN,bundle_A,NOT_ACTIVATED_EVIDENCE_BELOW_PROVISIONAL
2026-05-28,6770,NORMAL,VERY_LOW,EMERGING_POCKET,False,False,NORMAL_SELECTIVE,False,True,,SEPARATE_DAILY_SCAN,bundle_A,NOT_ACTIVATED_EVIDENCE_BELOW_PROVISIONAL
2026-05-28,6799,NORMAL,VERY_LOW,NO_POCKET,False,False,NORMAL_SELECTIVE,False,True,,SEPARATE_DAILY_SCAN,bundle_A,NOT_ACTIVATED_EVIDENCE_BELOW_PROVISIONAL
2026-05-28,6831,NORMAL,VERY_LOW,EMERGING_POCKET,False,False,NORMAL_SELECTIVE,False,True,,SEPARATE_DAILY_SCAN,bundle_A,NOT_ACTIVATED_EVIDENCE_BELOW_PROVISIONAL
2026-05-28,6834,NORMAL,VERY_LOW,EMERGING_POCKET,False,False,NORMAL_SELECTIVE,False,True,,SEPARATE_DAILY_SCAN,bundle_A,NOT_ACTIVATED_EVIDENCE_BELOW_PROVISIONAL
2026-05-28,6906,NORMAL,VERY_LOW,EMERGING_POCKET,False,False,NORMAL_SELECTIVE,False,True,,SEPARATE_DAILY_SCAN,bundle_A,NOT_ACTIVATED_EVIDENCE_BELOW_PROVISIONAL
2026-05-28,6924,NORMAL,VERY_LOW,NARROW_LEADERSHIP,False,False,NORMAL_SELECTIVE,False,True,,SEPARATE_DAILY_SCAN,bundle_A,NOT_ACTIVATED_EVIDENCE_BELOW_PROVISIONAL
2026-05-28,7610,NORMAL,VERY_LOW,NARROW_LEADERSHIP,False,False,NORMAL_SELECTIVE,False,True,,SEPARATE_DAILY_SCAN,bundle_A,NOT_ACTIVATED_EVIDENCE_BELOW_PROVISIONAL
2026-05-28,8016,NORMAL,VERY_LOW,NO_POCKET,False,False,NORMAL_SELECTIVE,False,True,,SEPARATE_DAILY_SCAN,bundle_A,NOT_ACTIVATED_EVIDENCE_BELOW_PROVISIONAL
2026-05-28,8028,NORMAL,VERY_LOW,EMERGING_POCKET,False,False,NORMAL_SELECTIVE,False,True,,SEPARATE_DAILY_SCAN,bundle_A,NOT_ACTIVATED_EVIDENCE_BELOW_PROVISIONAL
2026-05-28,8104,NORMAL,VERY_LOW,NARROW_LEADERSHIP,False,False,NORMAL_SELECTIVE,False,True,,SEPARATE_DAILY_SCAN,bundle_A,NOT_ACTIVATED_EVIDENCE_BELOW_PROVISIONAL
2026-05-28,8114,NORMAL,VERY_LOW,EMERGING_POCKET,False,False,NORMAL_SELECTIVE,False,True,,SEPARATE_DAILY_SCAN,bundle_A,NOT_ACTIVATED_EVIDENCE_BELOW_PROVISIONAL
2026-05-28,8131,NORMAL,VERY_LOW,NO_POCKET,False,False,NORMAL_SELECTIVE,False,True,,SEPARATE_DAILY_SCAN,bundle_A,NOT_ACTIVATED_EVIDENCE_BELOW_PROVISIONAL
2026-05-28,8150,NORMAL,VERY_LOW,EMERGING_POCKET,False,False,NORMAL_SELECTIVE,False,True,,SEPARATE_DAILY_SCAN,bundle_A,NOT_ACTIVATED_EVIDENCE_BELOW_PROVISIONAL
2026-05-28,8162,NORMAL,VERY_LOW,EMERGING_POCKET,False,False,NORMAL_SELECTIVE,False,True,,SEPARATE_DAILY_SCAN,bundle_A,NOT_ACTIVATED_EVIDENCE_BELOW_PROVISIONAL
2026-05-28,8163,NORMAL,VERY_LOW,EMERGING_POCKET,False,False,NORMAL_SELECTIVE,False,True,,SEPARATE_DAILY_SCAN,bundle_A,NOT_ACTIVATED_EVIDENCE_BELOW_PROVISIONAL
2026-05-28,8261,NORMAL,VERY_LOW,NO_POCKET,False,False,NORMAL_SELECTIVE,False,True,,SEPARATE_DAILY_SCAN,bundle_A,NOT_ACTIVATED_EVIDENCE_BELOW_PROVISIONAL
2026-05-29,00673R,NORMAL,VERY_LOW,NO_POCKET,False,False,NORMAL_SELECTIVE,False,True,,SEPARATE_DAILY_SCAN,bundle_A,NOT_ACTIVATED_EVIDENCE_BELOW_PROVISIONAL
2026-05-29,02001L,NORMAL,VERY_LOW,NO_POCKET,False,False,NORMAL_SELECTIVE,False,True,,SEPARATE_DAILY_SCAN,bundle_A,NOT_ACTIVATED_EVIDENCE_BELOW_PROVISIONAL
2026-05-29,1303,NORMAL,VERY_LOW,NO_POCKET,False,False,NORMAL_SELECTIVE,False,True,,SEPARATE_DAILY_SCAN,bundle_A,NOT_ACTIVATED_EVIDENCE_BELOW_PROVISIONAL
2026-05-29,1409,NORMAL,VERY_LOW,EMERGING_POCKET,False,False,NORMAL_SELECTIVE,False,True,,SEPARATE_DAILY_SCAN,bundle_A,NOT_ACTIVATED_EVIDENCE_BELOW_PROVISIONAL
2026-05-29,1447,NORMAL,VERY_LOW,EMERGING_POCKET,False,False,NORMAL_SELECTIVE,False,True,,SEPARATE_DAILY_SCAN,bundle_A,NOT_ACTIVATED_EVIDENCE_BELOW_PROVISIONAL
2026-05-29,1504,NORMAL,VERY_LOW,NO_POCKET,False,False,NORMAL_SELECTIVE,False,True,,SEPARATE_DAILY_SCAN,bundle_A,NOT_ACTIVATED_EVIDENCE_BELOW_PROVISIONAL
2026-05-29,1521,NORMAL,VERY_LOW,EMERGING_POCKET,False,False,NORMAL_SELECTIVE,False,True,,SEPARATE_DAILY_SCAN,bundle_A,NOT_ACTIVATED_EVIDENCE_BELOW_PROVISIONAL
2026-05-29,1563,NORMAL,VERY_LOW,EMERGING_POCKET,False,False,NORMAL_SELECTIVE,False,True,,SEPARATE_DAILY_SCAN,bundle_A,NOT_ACTIVATED_EVIDENCE_BELOW_PROVISIONAL
2026-05-29,1582,NORMAL,VERY_LOW,EMERGING_POCKET,False,False,NORMAL_SELECTIVE,False,True,,SEPARATE_DAILY_SCAN,bundle_A,NOT_ACTIVATED_EVIDENCE_BELOW_PROVISIONAL
2026-05-29,1713,NORMAL,VERY_LOW,EMERGING_POCKET,False,False,NORMAL_SELECTIVE,False,True,,SEPARATE_DAILY_SCAN,bundle_A,NOT_ACTIVATED_EVIDENCE_BELOW_PROVISIONAL
2026-05-29,2059,NORMAL,VERY_LOW,EMERGING_POCKET,False,False,NORMAL_SELECTIVE,False,True,,SEPARATE_DAILY_SCAN,bundle_A,NOT_ACTIVATED_EVIDENCE_BELOW_PROVISIONAL
2026-05-29,2301,NORMAL,VERY_LOW,EMERGING_POCKET,False,False,NORMAL_SELECTIVE,False,True,,SEPARATE_DAILY_SCAN,bundle_A,NOT_ACTIVATED_EVIDENCE_BELOW_PROVISIONAL
2026-05-29,2305,NORMAL,VERY_LOW,EMERGING_POCKET,False,False,NORMAL_SELECTIVE,False,True,,SEPARATE_DAILY_SCAN,bundle_A,NOT_ACTIVATED_EVIDENCE_BELOW_PROVISIONAL
2026-05-29,2324,NORMAL,VERY_LOW,EMERGING_POCKET,False,False,NORMAL_SELECTIVE,False,True,,SEPARATE_DAILY_SCAN,bundle_A,NOT_ACTIVATED_EVIDENCE_BELOW_PROVISIONAL
2026-05-29,2338,NORMAL,VERY_LOW,NO_POCKET,False,False,NORMAL_SELECTIVE,False,True,,SEPARATE_DAILY_SCAN,bundle_A,NOT_ACTIVATED_EVIDENCE_BELOW_PROVISIONAL
2026-05-29,2349,NORMAL,VERY_LOW,EMERGING_POCKET,False,False,NORMAL_SELECTIVE,False,True,,SEPARATE_DAILY_SCAN,bundle_A,NOT_ACTIVATED_EVIDENCE_BELOW_PROVISIONAL
2026-05-29,2401,NORMAL,VERY_LOW,NO_POCKET,False,False,NORMAL_SELECTIVE,False,True,,SEPARATE_DAILY_SCAN,bundle_A,NOT_ACTIVATED_EVIDENCE_BELOW_PROVISIONAL
2026-05-29,2409,NORMAL,VERY_LOW,EMERGING_POCKET,False,False,NORMAL_SELECTIVE,False,True,,SEPARATE_DAILY_SCAN,bundle_A,NOT_ACTIVATED_EVIDENCE_BELOW_PROVISIONAL
2026-05-29,2425,NORMAL,VERY_LOW,EMERGING_POCKET,False,False,NORMAL_SELECTIVE,False,True,,SEPARATE_DAILY_SCAN,bundle_A,NOT_ACTIVATED_EVIDENCE_BELOW_PROVISIONAL
2026-05-29,2449,NORMAL,VERY_LOW,CONFIRMED_POCKET,False,False,NORMAL_SELECTIVE,False,True,,SEPARATE_DAILY_SCAN,bundle_A,NOT_ACTIVATED_EVIDENCE_BELOW_PROVISIONAL
2026-05-29,2451,NORMAL,VERY_LOW,EMERGING_POCKET,False,False,NORMAL_SELECTIVE,False,True,,SEPARATE_DAILY_SCAN,bundle_A,NOT_ACTIVATED_EVIDENCE_BELOW_PROVISIONAL
2026-05-29,2464,NORMAL,VERY_LOW,NO_POCKET,False,False,NORMAL_SELECTIVE,False,True,,SEPARATE_DAILY_SCAN,bundle_A,NOT_ACTIVATED_EVIDENCE_BELOW_PROVISIONAL
2026-05-29,2610,NORMAL,VERY_LOW,EMERGING_POCKET,False,False,NORMAL_SELECTIVE,False,True,,SEPARATE_DAILY_SCAN,bundle_A,NOT_ACTIVATED_EVIDENCE_BELOW_PROVISIONAL
2026-05-29,2618,NORMAL,VERY_LOW,EMERGING_POCKET,False,False,NORMAL_SELECTIVE,False,True,,SEPARATE_DAILY_SCAN,bundle_A,NOT_ACTIVATED_EVIDENCE_BELOW_PROVISIONAL
2026-05-29,2923,NORMAL,VERY_LOW,EMERGING_POCKET,False,False,NORMAL_SELECTIVE,False,True,,SEPARATE_DAILY_SCAN,bundle_A,NOT_ACTIVATED_EVIDENCE_BELOW_PROVISIONAL
2026-05-29,3013,NORMAL,VERY_LOW,EMERGING_POCKET,False,False,NORMAL_SELECTIVE,False,True,,SEPARATE_DAILY_SCAN,bundle_A,NOT_ACTIVATED_EVIDENCE_BELOW_PROVISIONAL
2026-05-29,3189,NORMAL,VERY_LOW,NO_POCKET,False,False,NORMAL_SELECTIVE,False,True,,SEPARATE_DAILY_SCAN,bundle_A,NOT_ACTIVATED_EVIDENCE_BELOW_PROVISIONAL
2026-05-29,3231,NORMAL,VERY_LOW,EMERGING_POCKET,False,False,NORMAL_SELECTIVE,False,True,,SEPARATE_DAILY_SCAN,bundle_A,NOT_ACTIVATED_EVIDENCE_BELOW_PROVISIONAL
2026-05-29,3380,NORMAL,VERY_LOW,EMERGING_POCKET,False,False,NORMAL_SELECTIVE,False,True,,SEPARATE_DAILY_SCAN,bundle_A,NOT_ACTIVATED_EVIDENCE_BELOW_PROVISIONAL
2026-05-29,3532,NORMAL,VERY_LOW,EMERGING_POCKET,False,False,NORMAL_SELECTIVE,False,True,,SEPARATE_DAILY_SCAN,bundle_A,NOT_ACTIVATED_EVIDENCE_BELOW_PROVISIONAL
2026-05-29,4555,NORMAL,VERY_LOW,NO_POCKET,False,False,NORMAL_SELECTIVE,False,True,,SEPARATE_DAILY_SCAN,bundle_A,NOT_ACTIVATED_EVIDENCE_BELOW_PROVISIONAL
2026-05-29,4571,NORMAL,VERY_LOW,NO_POCKET,False,False,NORMAL_SELECTIVE,False,True,,SEPARATE_DAILY_SCAN,bundle_A,NOT_ACTIVATED_EVIDENCE_BELOW_PROVISIONAL
2026-05-29,4739,NORMAL,VERY_LOW,EMERGING_POCKET,False,False,NORMAL_SELECTIVE,False,True,,SEPARATE_DAILY_SCAN,bundle_A,NOT_ACTIVATED_EVIDENCE_BELOW_PROVISIONAL
2026-05-29,4912,NORMAL,VERY_LOW,EMERGING_POCKET,False,False,NORMAL_SELECTIVE,False,True,,SEPARATE_DAILY_SCAN,bundle_A,NOT_ACTIVATED_EVIDENCE_BELOW_PROVISIONAL
2026-05-29,6277,NORMAL,VERY_LOW,EMERGING_POCKET,False,False,NORMAL_SELECTIVE,False,True,,SEPARATE_DAILY_SCAN,bundle_A,NOT_ACTIVATED_EVIDENCE_BELOW_PROVISIONAL
2026-05-29,6412,NORMAL,VERY_LOW,EMERGING_POCKET,False,False,NORMAL_SELECTIVE,False,True,,SEPARATE_DAILY_SCAN,bundle_A,NOT_ACTIVATED_EVIDENCE_BELOW_PROVISIONAL
2026-05-29,6658,NORMAL,VERY_LOW,EMERGING_POCKET,False,False,NORMAL_SELECTIVE,False,True,,SEPARATE_DAILY_SCAN,bundle_A,NOT_ACTIVATED_EVIDENCE_BELOW_PROVISIONAL
2026-05-29,6668,NORMAL,VERY_LOW,EMERGING_POCKET,False,False,NORMAL_SELECTIVE,False,True,,SEPARATE_DAILY_SCAN,bundle_A,NOT_ACTIVATED_EVIDENCE_BELOW_PROVISIONAL
2026-05-29,6695,NORMAL,VERY_LOW,EMERGING_POCKET,False,False,NORMAL_SELECTIVE,False,True,,SEPARATE_DAILY_SCAN,bundle_A,NOT_ACTIVATED_EVIDENCE_BELOW_PROVISIONAL
2026-05-29,6719,NORMAL,VERY_LOW,NO_POCKET,False,False,NORMAL_SELECTIVE,False,True,,SEPARATE_DAILY_SCAN,bundle_A,NOT_ACTIVATED_EVIDENCE_BELOW_PROVISIONAL
2026-05-29,7769,NORMAL,VERY_LOW,NO_POCKET,False,False,NORMAL_SELECTIVE,False,True,,SEPARATE_DAILY_SCAN,bundle_A,NOT_ACTIVATED_EVIDENCE_BELOW_PROVISIONAL
2026-05-29,7788,NORMAL,VERY_LOW,NO_POCKET,False,False,NORMAL_SELECTIVE,False,True,,SEPARATE_DAILY_SCAN,bundle_A,NOT_ACTIVATED_EVIDENCE_BELOW_PROVISIONAL
2026-05-29,8249,NORMAL,VERY_LOW,EMERGING_POCKET,False,False,NORMAL_SELECTIVE,False,True,,SEPARATE_DAILY_SCAN,bundle_A,NOT_ACTIVATED_EVIDENCE_BELOW_PROVISIONAL
2026-06-01,1444,NORMAL,VERY_LOW,CONFIRMED_POCKET,False,False,NORMAL_SELECTIVE,False,True,,SEPARATE_DAILY_SCAN,bundle_A,NOT_ACTIVATED_EVIDENCE_BELOW_PROVISIONAL
2026-06-01,1455,NORMAL,VERY_LOW,CONFIRMED_POCKET,False,False,NORMAL_SELECTIVE,False,True,,SEPARATE_DAILY_SCAN,bundle_A,NOT_ACTIVATED_EVIDENCE_BELOW_PROVISIONAL
2026-06-01,1533,NORMAL,VERY_LOW,EMERGING_POCKET,False,False,NORMAL_SELECTIVE,False,True,,SEPARATE_DAILY_SCAN,bundle_A,NOT_ACTIVATED_EVIDENCE_BELOW_PROVISIONAL
2026-06-01,2243,NORMAL,VERY_LOW,CONFIRMED_POCKET,False,False,NORMAL_SELECTIVE,False,True,,SEPARATE_DAILY_SCAN,bundle_A,NOT_ACTIVATED_EVIDENCE_BELOW_PROVISIONAL
2026-06-01,2331,NORMAL,VERY_LOW,CONFIRMED_POCKET,False,False,NORMAL_SELECTIVE,False,True,,SEPARATE_DAILY_SCAN,bundle_A,NOT_ACTIVATED_EVIDENCE_BELOW_PROVISIONAL
2026-06-01,2354,NORMAL,VERY_LOW,CONFIRMED_POCKET,False,False,NORMAL_SELECTIVE,False,True,,SEPARATE_DAILY_SCAN,bundle_A,NOT_ACTIVATED_EVIDENCE_BELOW_PROVISIONAL
2026-06-01,2364,NORMAL,VERY_LOW,CONFIRMED_POCKET,False,False,NORMAL_SELECTIVE,False,True,,SEPARATE_DAILY_SCAN,bundle_A,NOT_ACTIVATED_EVIDENCE_BELOW_PROVISIONAL
2026-06-01,2392,NORMAL,VERY_LOW,CONFIRMED_POCKET,False,False,NORMAL_SELECTIVE,False,True,,SEPARATE_DAILY_SCAN,bundle_A,NOT_ACTIVATED_EVIDENCE_BELOW_PROVISIONAL
2026-06-01,2395,NORMAL,VERY_LOW,CONFIRMED_POCKET,False,False,NORMAL_SELECTIVE,False,True,,SEPARATE_DAILY_SCAN,bundle_A,NOT_ACTIVATED_EVIDENCE_BELOW_PROVISIONAL
2026-06-01,2421,NORMAL,VERY_LOW,EMERGING_POCKET,False,False,NORMAL_SELECTIVE,False,True,,SEPARATE_DAILY_SCAN,bundle_A,NOT_ACTIVATED_EVIDENCE_BELOW_PROVISIONAL
2026-06-01,2491,NORMAL,VERY_LOW,EMERGING_POCKET,False,False,NORMAL_SELECTIVE,False,True,,SEPARATE_DAILY_SCAN,bundle_A,NOT_ACTIVATED_EVIDENCE_BELOW_PROVISIONAL
2026-06-01,2493,NORMAL,VERY_LOW,NO_POCKET,False,False,NORMAL_SELECTIVE,False,True,,SEPARATE_DAILY_SCAN,bundle_A,NOT_ACTIVATED_EVIDENCE_BELOW_PROVISIONAL
2026-06-01,2497,NORMAL,VERY_LOW,CONFIRMED_POCKET,False,False,NORMAL_SELECTIVE,False,True,,SEPARATE_DAILY_SCAN,bundle_A,NOT_ACTIVATED_EVIDENCE_BELOW_PROVISIONAL
2026-06-01,2603,NORMAL,VERY_LOW,CONFIRMED_POCKET,False,False,NORMAL_SELECTIVE,False,True,,SEPARATE_DAILY_SCAN,bundle_A,NOT_ACTIVATED_EVIDENCE_BELOW_PROVISIONAL
2026-06-01,2645,NORMAL,VERY_LOW,CONFIRMED_POCKET,False,False,NORMAL_SELECTIVE,False,True,,SEPARATE_DAILY_SCAN,bundle_A,NOT_ACTIVATED_EVIDENCE_BELOW_PROVISIONAL
2026-06-01,3011,NORMAL,VERY_LOW,CONFIRMED_POCKET,False,False,NORMAL_SELECTIVE,False,True,,SEPARATE_DAILY_SCAN,bundle_A,NOT_ACTIVATED_EVIDENCE_BELOW_PROVISIONAL
2026-06-01,3059,NORMAL,VERY_LOW,CONFIRMED_POCKET,False,False,NORMAL_SELECTIVE,False,True,,SEPARATE_DAILY_SCAN,bundle_A,NOT_ACTIVATED_EVIDENCE_BELOW_PROVISIONAL
2026-06-01,3168,NORMAL,VERY_LOW,EMERGING_POCKET,False,False,NORMAL_SELECTIVE,False,True,,SEPARATE_DAILY_SCAN,bundle_A,NOT_ACTIVATED_EVIDENCE_BELOW_PROVISIONAL
2026-06-01,3257,NORMAL,VERY_LOW,EMERGING_POCKET,False,False,NORMAL_SELECTIVE,False,True,,SEPARATE_DAILY_SCAN,bundle_A,NOT_ACTIVATED_EVIDENCE_BELOW_PROVISIONAL
2026-06-01,3296,NORMAL,VERY_LOW,CONFIRMED_POCKET,False,False,NORMAL_SELECTIVE,False,True,,SEPARATE_DAILY_SCAN,bundle_A,NOT_ACTIVATED_EVIDENCE_BELOW_PROVISIONAL
2026-06-01,3321,NORMAL,VERY_LOW,NO_POCKET,False,False,NORMAL_SELECTIVE,False,True,,SEPARATE_DAILY_SCAN,bundle_A,NOT_ACTIVATED_EVIDENCE_BELOW_PROVISIONAL
2026-06-01,3515,NORMAL,VERY_LOW,CONFIRMED_POCKET,False,False,NORMAL_SELECTIVE,False,True,,SEPARATE_DAILY_SCAN,bundle_A,NOT_ACTIVATED_EVIDENCE_BELOW_PROVISIONAL
2026-06-01,3652,NORMAL,VERY_LOW,CONFIRMED_POCKET,False,False,NORMAL_SELECTIVE,False,True,,SEPARATE_DAILY_SCAN,bundle_A,NOT_ACTIVATED_EVIDENCE_BELOW_PROVISIONAL
2026-06-01,3706,NORMAL,VERY_LOW,EMERGING_POCKET,False,False,NORMAL_SELECTIVE,False,True,,SEPARATE_DAILY_SCAN,bundle_A,NOT_ACTIVATED_EVIDENCE_BELOW_PROVISIONAL
2026-06-01,4526,NORMAL,VERY_LOW,EMERGING_POCKET,False,False,NORMAL_SELECTIVE,False,True,,SEPARATE_DAILY_SCAN,bundle_A,NOT_ACTIVATED_EVIDENCE_BELOW_PROVISIONAL
2026-06-01,4562,NORMAL,VERY_LOW,EMERGING_POCKET,False,False,NORMAL_SELECTIVE,False,True,,SEPARATE_DAILY_SCAN,bundle_A,NOT_ACTIVATED_EVIDENCE_BELOW_PROVISIONAL
2026-06-01,4938,NORMAL,VERY_LOW,EMERGING_POCKET,False,False,NORMAL_SELECTIVE,False,True,,SEPARATE_DAILY_SCAN,bundle_A,NOT_ACTIVATED_EVIDENCE_BELOW_PROVISIONAL
2026-06-01,4958,NORMAL,VERY_LOW,NO_POCKET,False,False,NORMAL_SELECTIVE,False,True,,SEPARATE_DAILY_SCAN,bundle_A,NOT_ACTIVATED_EVIDENCE_BELOW_PROVISIONAL
2026-06-01,5607,NORMAL,VERY_LOW,CONFIRMED_POCKET,False,False,NORMAL_SELECTIVE,False,True,,SEPARATE_DAILY_SCAN,bundle_A,NOT_ACTIVATED_EVIDENCE_BELOW_PROVISIONAL
2026-06-01,6120,NORMAL,VERY_LOW,EMERGING_POCKET,False,False,NORMAL_SELECTIVE,False,True,,SEPARATE_DAILY_SCAN,bundle_A,NOT_ACTIVATED_EVIDENCE_BELOW_PROVISIONAL
2026-06-01,6706,NORMAL,VERY_LOW,NO_POCKET,False,False,NORMAL_SELECTIVE,False,True,,SEPARATE_DAILY_SCAN,bundle_A,NOT_ACTIVATED_EVIDENCE_BELOW_PROVISIONAL
2026-06-01,8105,NORMAL,VERY_LOW,EMERGING_POCKET,False,False,NORMAL_SELECTIVE,False,True,,SEPARATE_DAILY_SCAN,bundle_A,NOT_ACTIVATED_EVIDENCE_BELOW_PROVISIONAL
2026-06-01,8112,NORMAL,VERY_LOW,EMERGING_POCKET,False,False,NORMAL_SELECTIVE,False,True,,SEPARATE_DAILY_SCAN,bundle_A,NOT_ACTIVATED_EVIDENCE_BELOW_PROVISIONAL
2026-06-01,8222,NORMAL,VERY_LOW,EMERGING_POCKET,False,False,NORMAL_SELECTIVE,False,True,,SEPARATE_DAILY_SCAN,bundle_A,NOT_ACTIVATED_EVIDENCE_BELOW_PROVISIONAL
2026-06-01,9105,NORMAL,VERY_LOW,CONFIRMED_POCKET,False,False,NORMAL_SELECTIVE,False,True,,SEPARATE_DAILY_SCAN,bundle_A,NOT_ACTIVATED_EVIDENCE_BELOW_PROVISIONAL
2026-06-02,1319,NORMAL,LOW,EMERGING_POCKET,False,False,NORMAL_SELECTIVE,False,True,,SEPARATE_DAILY_SCAN,bundle_A,NOT_ACTIVATED_EVIDENCE_BELOW_PROVISIONAL
2026-06-02,1440,NORMAL,LOW,CONFIRMED_POCKET,False,False,NORMAL_SELECTIVE,False,True,,SEPARATE_DAILY_SCAN,bundle_A,NOT_ACTIVATED_EVIDENCE_BELOW_PROVISIONAL
2026-06-02,1524,NORMAL,LOW,EMERGING_POCKET,False,False,NORMAL_SELECTIVE,False,True,,SEPARATE_DAILY_SCAN,bundle_A,NOT_ACTIVATED_EVIDENCE_BELOW_PROVISIONAL
2026-06-02,1525,NORMAL,LOW,EMERGING_POCKET,False,False,NORMAL_SELECTIVE,False,True,,SEPARATE_DAILY_SCAN,bundle_A,NOT_ACTIVATED_EVIDENCE_BELOW_PROVISIONAL
2026-06-02,1710,NORMAL,LOW,CONFIRMED_POCKET,False,False,NORMAL_SELECTIVE,False,True,,SEPARATE_DAILY_SCAN,bundle_A,NOT_ACTIVATED_EVIDENCE_BELOW_PROVISIONAL
2026-06-02,1718,NORMAL,LOW,CONFIRMED_POCKET,False,False,NORMAL_SELECTIVE,False,True,,SEPARATE_DAILY_SCAN,bundle_A,NOT_ACTIVATED_EVIDENCE_BELOW_PROVISIONAL
2026-06-02,2206,NORMAL,LOW,EMERGING_POCKET,False,False,NORMAL_SELECTIVE,False,True,,SEPARATE_DAILY_SCAN,bundle_A,NOT_ACTIVATED_EVIDENCE_BELOW_PROVISIONAL
2026-06-02,2332,NORMAL,LOW,CONFIRMED_POCKET,False,False,NORMAL_SELECTIVE,False,True,,SEPARATE_DAILY_SCAN,bundle_A,NOT_ACTIVATED_EVIDENCE_BELOW_PROVISIONAL
2026-06-02,2337,NORMAL,LOW,CONFIRMED_POCKET,False,False,NORMAL_SELECTIVE,False,True,,SEPARATE_DAILY_SCAN,bundle_A,NOT_ACTIVATED_EVIDENCE_BELOW_PROVISIONAL
2026-06-02,2379,NORMAL,LOW,EMERGING_POCKET,False,False,NORMAL_SELECTIVE,False,True,,SEPARATE_DAILY_SCAN,bundle_A,NOT_ACTIVATED_EVIDENCE_BELOW_PROVISIONAL
2026-06-02,2382,NORMAL,LOW,EMERGING_POCKET,False,False,NORMAL_SELECTIVE,False,True,,SEPARATE_DAILY_SCAN,bundle_A,NOT_ACTIVATED_EVIDENCE_BELOW_PROVISIONAL
2026-06-02,2397,NORMAL,LOW,CONFIRMED_POCKET,False,False,NORMAL_SELECTIVE,False,True,,SEPARATE_DAILY_SCAN,bundle_A,NOT_ACTIVATED_EVIDENCE_BELOW_PROVISIONAL
2026-06-02,2883,NORMAL,LOW,NO_POCKET,False,False,NORMAL_SELECTIVE,False,True,,SEPARATE_DAILY_SCAN,bundle_A,NOT_ACTIVATED_EVIDENCE_BELOW_PROVISIONAL
2026-06-02,2886,NORMAL,LOW,NO_POCKET,False,False,NORMAL_SELECTIVE,False,True,,SEPARATE_DAILY_SCAN,bundle_A,NOT_ACTIVATED_EVIDENCE_BELOW_PROVISIONAL
2026-06-02,2887,NORMAL,LOW,NO_POCKET,False,False,NORMAL_SELECTIVE,False,True,,SEPARATE_DAILY_SCAN,bundle_A,NOT_ACTIVATED_EVIDENCE_BELOW_PROVISIONAL
2026-06-02,2908,NORMAL,LOW,EMERGING_POCKET,False,False,NORMAL_SELECTIVE,False,True,,SEPARATE_DAILY_SCAN,bundle_A,NOT_ACTIVATED_EVIDENCE_BELOW_PROVISIONAL
2026-06-02,3034,NORMAL,LOW,NO_POCKET,False,False,NORMAL_SELECTIVE,False,True,,SEPARATE_DAILY_SCAN,bundle_A,NOT_ACTIVATED_EVIDENCE_BELOW_PROVISIONAL
2026-06-02,3047,NORMAL,LOW,CONFIRMED_POCKET,False,False,NORMAL_SELECTIVE,False,True,,SEPARATE_DAILY_SCAN,bundle_A,NOT_ACTIVATED_EVIDENCE_BELOW_PROVISIONAL
2026-06-02,3060,NORMAL,LOW,CONFIRMED_POCKET,False,False,NORMAL_SELECTIVE,False,True,,SEPARATE_DAILY_SCAN,bundle_A,NOT_ACTIVATED_EVIDENCE_BELOW_PROVISIONAL
2026-06-02,3149,NORMAL,LOW,EMERGING_POCKET,False,False,NORMAL_SELECTIVE,False,True,,SEPARATE_DAILY_SCAN,bundle_A,NOT_ACTIVATED_EVIDENCE_BELOW_PROVISIONAL
2026-06-02,3338,NORMAL,LOW,CONFIRMED_POCKET,False,False,NORMAL_SELECTIVE,False,True,,SEPARATE_DAILY_SCAN,bundle_A,NOT_ACTIVATED_EVIDENCE_BELOW_PROVISIONAL
2026-06-02,4807,NORMAL,LOW,EMERGING_POCKET,False,False,NORMAL_SELECTIVE,False,True,,SEPARATE_DAILY_SCAN,bundle_A,NOT_ACTIVATED_EVIDENCE_BELOW_PROVISIONAL
2026-06-02,4906,NORMAL,LOW,CONFIRMED_POCKET,False,False,NORMAL_SELECTIVE,False,True,,SEPARATE_DAILY_SCAN,bundle_A,NOT_ACTIVATED_EVIDENCE_BELOW_PROVISIONAL
2026-06-02,6792,NORMAL,LOW,CONFIRMED_POCKET,False,False,NORMAL_SELECTIVE,False,True,,SEPARATE_DAILY_SCAN,bundle_A,NOT_ACTIVATED_EVIDENCE_BELOW_PROVISIONAL
2026-06-02,8101,NORMAL,LOW,CONFIRMED_POCKET,False,False,NORMAL_SELECTIVE,False,True,,SEPARATE_DAILY_SCAN,bundle_A,NOT_ACTIVATED_EVIDENCE_BELOW_PROVISIONAL
2026-06-02,8110,NORMAL,LOW,NO_POCKET,False,False,NORMAL_SELECTIVE,False,True,,SEPARATE_DAILY_SCAN,bundle_A,NOT_ACTIVATED_EVIDENCE_BELOW_PROVISIONAL
2026-06-02,8454,NORMAL,LOW,EMERGING_POCKET,False,False,NORMAL_SELECTIVE,False,True,,SEPARATE_DAILY_SCAN,bundle_A,NOT_ACTIVATED_EVIDENCE_BELOW_PROVISIONAL
2026-06-02,8473,NORMAL,LOW,NARROW_LEADERSHIP,False,False,NORMAL_SELECTIVE,False,True,,SEPARATE_DAILY_SCAN,bundle_A,NOT_ACTIVATED_EVIDENCE_BELOW_PROVISIONAL
2026-06-03,1326,NORMAL,LOW,EMERGING_POCKET,False,False,NORMAL_SELECTIVE,False,True,,SEPARATE_DAILY_SCAN,bundle_A,NOT_ACTIVATED_EVIDENCE_BELOW_PROVISIONAL
2026-06-03,1460,NORMAL,LOW,CONFIRMED_POCKET,False,False,NORMAL_SELECTIVE,False,True,,SEPARATE_DAILY_SCAN,bundle_A,NOT_ACTIVATED_EVIDENCE_BELOW_PROVISIONAL
2026-06-03,1513,NORMAL,LOW,EMERGING_POCKET,False,False,NORMAL_SELECTIVE,False,True,,SEPARATE_DAILY_SCAN,bundle_A,NOT_ACTIVATED_EVIDENCE_BELOW_PROVISIONAL
2026-06-03,1605,NORMAL,LOW,EMERGING_POCKET,False,False,NORMAL_SELECTIVE,False,True,,SEPARATE_DAILY_SCAN,bundle_A,NOT_ACTIVATED_EVIDENCE_BELOW_PROVISIONAL
2026-06-03,1609,NORMAL,LOW,EMERGING_POCKET,False,False,NORMAL_SELECTIVE,False,True,,SEPARATE_DAILY_SCAN,bundle_A,NOT_ACTIVATED_EVIDENCE_BELOW_PROVISIONAL
2026-06-03,1611,NORMAL,LOW,EMERGING_POCKET,False,False,NORMAL_SELECTIVE,False,True,,SEPARATE_DAILY_SCAN,bundle_A,NOT_ACTIVATED_EVIDENCE_BELOW_PROVISIONAL
2026-06-03,1612,NORMAL,LOW,EMERGING_POCKET,False,False,NORMAL_SELECTIVE,False,True,,SEPARATE_DAILY_SCAN,bundle_A,NOT_ACTIVATED_EVIDENCE_BELOW_PROVISIONAL
2026-06-03,1618,NORMAL,LOW,EMERGING_POCKET,False,False,NORMAL_SELECTIVE,False,True,,SEPARATE_DAILY_SCAN,bundle_A,NOT_ACTIVATED_EVIDENCE_BELOW_PROVISIONAL
2026-06-03,2009,NORMAL,LOW,EMERGING_POCKET,False,False,NORMAL_SELECTIVE,False,True,,SEPARATE_DAILY_SCAN,bundle_A,NOT_ACTIVATED_EVIDENCE_BELOW_PROVISIONAL
2026-06-03,2027,NORMAL,LOW,EMERGING_POCKET,False,False,NORMAL_SELECTIVE,False,True,,SEPARATE_DAILY_SCAN,bundle_A,NOT_ACTIVATED_EVIDENCE_BELOW_PROVISIONAL
2026-06-03,2030,NORMAL,LOW,EMERGING_POCKET,False,False,NORMAL_SELECTIVE,False,True,,SEPARATE_DAILY_SCAN,bundle_A,NOT_ACTIVATED_EVIDENCE_BELOW_PROVISIONAL
2026-06-03,2032,NORMAL,LOW,EMERGING_POCKET,False,False,NORMAL_SELECTIVE,False,True,,SEPARATE_DAILY_SCAN,bundle_A,NOT_ACTIVATED_EVIDENCE_BELOW_PROVISIONAL
2026-06-03,2323,NORMAL,LOW,CONFIRMED_POCKET,False,False,NORMAL_SELECTIVE,False,True,,SEPARATE_DAILY_SCAN,bundle_A,NOT_ACTIVATED_EVIDENCE_BELOW_PROVISIONAL
2026-06-03,2406,NORMAL,LOW,EMERGING_POCKET,False,False,NORMAL_SELECTIVE,False,True,,SEPARATE_DAILY_SCAN,bundle_A,NOT_ACTIVATED_EVIDENCE_BELOW_PROVISIONAL
2026-06-03,2457,NORMAL,LOW,CONFIRMED_POCKET,False,False,NORMAL_SELECTIVE,False,True,,SEPARATE_DAILY_SCAN,bundle_A,NOT_ACTIVATED_EVIDENCE_BELOW_PROVISIONAL
2026-06-03,2890,NORMAL,LOW,EMERGING_POCKET,False,False,NORMAL_SELECTIVE,False,True,,SEPARATE_DAILY_SCAN,bundle_A,NOT_ACTIVATED_EVIDENCE_BELOW_PROVISIONAL
2026-06-03,2912,NORMAL,LOW,EMERGING_POCKET,False,False,NORMAL_SELECTIVE,False,True,,SEPARATE_DAILY_SCAN,bundle_A,NOT_ACTIVATED_EVIDENCE_BELOW_PROVISIONAL
2026-06-03,3017,NORMAL,LOW,CONFIRMED_POCKET,False,False,NORMAL_SELECTIVE,False,True,,SEPARATE_DAILY_SCAN,bundle_A,NOT_ACTIVATED_EVIDENCE_BELOW_PROVISIONAL
2026-06-03,3027,NORMAL,LOW,CONFIRMED_POCKET,False,False,NORMAL_SELECTIVE,False,True,,SEPARATE_DAILY_SCAN,bundle_A,NOT_ACTIVATED_EVIDENCE_BELOW_PROVISIONAL
2026-06-03,3050,NORMAL,LOW,EMERGING_POCKET,False,False,NORMAL_SELECTIVE,False,True,,SEPARATE_DAILY_SCAN,bundle_A,NOT_ACTIVATED_EVIDENCE_BELOW_PROVISIONAL
2026-06-03,4976,NORMAL,LOW,CONFIRMED_POCKET,False,False,NORMAL_SELECTIVE,False,True,,SEPARATE_DAILY_SCAN,bundle_A,NOT_ACTIVATED_EVIDENCE_BELOW_PROVISIONAL
2026-06-03,6278,NORMAL,LOW,EMERGING_POCKET,False,False,NORMAL_SELECTIVE,False,True,,SEPARATE_DAILY_SCAN,bundle_A,NOT_ACTIVATED_EVIDENCE_BELOW_PROVISIONAL
2026-06-03,6805,NORMAL,LOW,CONFIRMED_POCKET,False,False,NORMAL_SELECTIVE,False,True,,SEPARATE_DAILY_SCAN,bundle_A,NOT_ACTIVATED_EVIDENCE_BELOW_PROVISIONAL
2026-06-04,1314,NORMAL,LOW,EMERGING_POCKET,True,True,NORMAL_SELECTIVE,True,False,,SEPARATE_DAILY_SCAN,bundle_A,NOT_ACTIVATED_EVIDENCE_BELOW_PROVISIONAL
2026-06-04,1342,NORMAL,LOW,EMERGING_POCKET,True,True,NORMAL_SELECTIVE,True,False,,SEPARATE_DAILY_SCAN,bundle_A,NOT_ACTIVATED_EVIDENCE_BELOW_PROVISIONAL
2026-06-04,1402,NORMAL,LOW,EMERGING_POCKET,True,True,NORMAL_SELECTIVE,True,False,,SEPARATE_DAILY_SCAN,bundle_A,NOT_ACTIVATED_EVIDENCE_BELOW_PROVISIONAL
2026-06-04,1423,NORMAL,LOW,EMERGING_POCKET,True,True,NORMAL_SELECTIVE,True,False,,SEPARATE_DAILY_SCAN,bundle_A,NOT_ACTIVATED_EVIDENCE_BELOW_PROVISIONAL
2026-06-04,1434,NORMAL,LOW,CONFIRMED_POCKET,True,True,NORMAL_SELECTIVE,True,False,,SEPARATE_DAILY_SCAN,bundle_A,NOT_ACTIVATED_EVIDENCE_BELOW_PROVISIONAL
2026-06-04,1446,NORMAL,LOW,CONFIRMED_POCKET,True,True,NORMAL_SELECTIVE,True,False,,SEPARATE_DAILY_SCAN,bundle_A,NOT_ACTIVATED_EVIDENCE_BELOW_PROVISIONAL
2026-06-04,1503,NORMAL,LOW,EMERGING_POCKET,False,False,NORMAL_SELECTIVE,False,True,,SEPARATE_DAILY_SCAN,bundle_A,NOT_ACTIVATED_EVIDENCE_BELOW_PROVISIONAL
2026-06-04,1514,NORMAL,LOW,EMERGING_POCKET,True,True,NORMAL_SELECTIVE,True,False,,SEPARATE_DAILY_SCAN,bundle_A,NOT_ACTIVATED_EVIDENCE_BELOW_PROVISIONAL
2026-06-04,1530,NORMAL,LOW,EMERGING_POCKET,True,True,NORMAL_SELECTIVE,True,False,,SEPARATE_DAILY_SCAN,bundle_A,NOT_ACTIVATED_EVIDENCE_BELOW_PROVISIONAL
2026-06-04,1537,NORMAL,LOW,EMERGING_POCKET,True,True,NORMAL_SELECTIVE,True,False,,SEPARATE_DAILY_SCAN,bundle_A,NOT_ACTIVATED_EVIDENCE_BELOW_PROVISIONAL
2026-06-04,1540,NORMAL,LOW,EMERGING_POCKET,True,True,NORMAL_SELECTIVE,True,False,,SEPARATE_DAILY_SCAN,bundle_A,NOT_ACTIVATED_EVIDENCE_BELOW_PROVISIONAL
2026-06-04,1560,NORMAL,LOW,EMERGING_POCKET,True,True,NORMAL_SELECTIVE,True,False,,SEPARATE_DAILY_SCAN,bundle_A,NOT_ACTIVATED_EVIDENCE_BELOW_PROVISIONAL
2026-06-04,1608,NORMAL,LOW,NARROW_LEADERSHIP,True,True,NORMAL_SELECTIVE,True,False,,SEPARATE_DAILY_SCAN,bundle_A,NOT_ACTIVATED_EVIDENCE_BELOW_PROVISIONAL
2026-06-04,1708,NORMAL,LOW,EMERGING_POCKET,False,False,NORMAL_SELECTIVE,False,True,,SEPARATE_DAILY_SCAN,bundle_A,NOT_ACTIVATED_EVIDENCE_BELOW_PROVISIONAL
2026-06-04,2031,NORMAL,LOW,EMERGING_POCKET,True,True,NORMAL_SELECTIVE,True,False,,SEPARATE_DAILY_SCAN,bundle_A,NOT_ACTIVATED_EVIDENCE_BELOW_PROVISIONAL
2026-06-04,2359,NORMAL,LOW,NO_POCKET,False,False,NORMAL_SELECTIVE,False,True,,SEPARATE_DAILY_SCAN,bundle_A,NOT_ACTIVATED_EVIDENCE_BELOW_PROVISIONAL
2026-06-04,2360,NORMAL,LOW,NO_POCKET,False,False,NORMAL_SELECTIVE,False,True,,SEPARATE_DAILY_SCAN,bundle_A,NOT_ACTIVATED_EVIDENCE_BELOW_PROVISIONAL
2026-06-04,2414,NORMAL,LOW,NO_POCKET,False,False,NORMAL_SELECTIVE,False,True,,SEPARATE_DAILY_SCAN,bundle_A,NOT_ACTIVATED_EVIDENCE_BELOW_PROVISIONAL
2026-06-04,2423,NORMAL,LOW,NO_POCKET,False,False,NORMAL_SELECTIVE,False,True,,SEPARATE_DAILY_SCAN,bundle_A,NOT_ACTIVATED_EVIDENCE_BELOW_PROVISIONAL
2026-06-04,2440,NORMAL,LOW,EMERGING_POCKET,False,False,NORMAL_SELECTIVE,False,True,,SEPARATE_DAILY_SCAN,bundle_A,NOT_ACTIVATED_EVIDENCE_BELOW_PROVISIONAL
2026-06-04,2450,NORMAL,LOW,CONFIRMED_POCKET,True,True,NORMAL_SELECTIVE,True,False,,SEPARATE_DAILY_SCAN,bundle_A,NOT_ACTIVATED_EVIDENCE_BELOW_PROVISIONAL
2026-06-04,2461,NORMAL,LOW,EMERGING_POCKET,True,True,NORMAL_SELECTIVE,True,False,,SEPARATE_DAILY_SCAN,bundle_A,NOT_ACTIVATED_EVIDENCE_BELOW_PROVISIONAL
2026-06-04,2477,NORMAL,LOW,EMERGING_POCKET,True,True,NORMAL_SELECTIVE,True,False,,SEPARATE_DAILY_SCAN,bundle_A,NOT_ACTIVATED_EVIDENCE_BELOW_PROVISIONAL
2026-06-04,2601,NORMAL,LOW,EMERGING_POCKET,False,False,NORMAL_SELECTIVE,False,True,,SEPARATE_DAILY_SCAN,bundle_A,NOT_ACTIVATED_EVIDENCE_BELOW_PROVISIONAL
2026-06-04,2834,NORMAL,LOW,CONFIRMED_POCKET,False,False,NORMAL_SELECTIVE,False,True,,SEPARATE_DAILY_SCAN,bundle_A,NOT_ACTIVATED_EVIDENCE_BELOW_PROVISIONAL
2026-06-04,2880,NORMAL,LOW,CONFIRMED_POCKET,True,True,NORMAL_SELECTIVE,True,False,,SEPARATE_DAILY_SCAN,bundle_A,NOT_ACTIVATED_EVIDENCE_BELOW_PROVISIONAL
2026-06-04,2884,NORMAL,LOW,CONFIRMED_POCKET,False,False,NORMAL_SELECTIVE,False,True,,SEPARATE_DAILY_SCAN,bundle_A,NOT_ACTIVATED_EVIDENCE_BELOW_PROVISIONAL
2026-06-04,3043,NORMAL,LOW,NARROW_LEADERSHIP,True,True,NORMAL_SELECTIVE,True,False,,SEPARATE_DAILY_SCAN,bundle_A,NOT_ACTIVATED_EVIDENCE_BELOW_PROVISIONAL
2026-06-04,3045,NORMAL,LOW,EMERGING_POCKET,True,True,NORMAL_SELECTIVE,True,False,,SEPARATE_DAILY_SCAN,bundle_A,NOT_ACTIVATED_EVIDENCE_BELOW_PROVISIONAL
2026-06-04,3058,NORMAL,LOW,EMERGING_POCKET,True,True,NORMAL_SELECTIVE,True,False,,SEPARATE_DAILY_SCAN,bundle_A,NOT_ACTIVATED_EVIDENCE_BELOW_PROVISIONAL
2026-06-04,4426,NORMAL,LOW,CONFIRMED_POCKET,True,True,NORMAL_SELECTIVE,True,False,,SEPARATE_DAILY_SCAN,bundle_A,NOT_ACTIVATED_EVIDENCE_BELOW_PROVISIONAL
2026-06-04,4532,NORMAL,LOW,EMERGING_POCKET,False,False,NORMAL_SELECTIVE,False,True,,SEPARATE_DAILY_SCAN,bundle_A,NOT_ACTIVATED_EVIDENCE_BELOW_PROVISIONAL
2026-06-04,4904,NORMAL,LOW,EMERGING_POCKET,True,True,NORMAL_SELECTIVE,True,False,,SEPARATE_DAILY_SCAN,bundle_A,NOT_ACTIVATED_EVIDENCE_BELOW_PROVISIONAL
2026-06-04,6139,NORMAL,LOW,EMERGING_POCKET,False,False,NORMAL_SELECTIVE,False,True,,SEPARATE_DAILY_SCAN,bundle_A,NOT_ACTIVATED_EVIDENCE_BELOW_PROVISIONAL
2026-06-04,6196,NORMAL,LOW,EMERGING_POCKET,True,True,NORMAL_SELECTIVE,True,False,,SEPARATE_DAILY_SCAN,bundle_A,NOT_ACTIVATED_EVIDENCE_BELOW_PROVISIONAL
2026-06-04,6456,NORMAL,LOW,NO_POCKET,False,False,NORMAL_SELECTIVE,False,True,,SEPARATE_DAILY_SCAN,bundle_A,NOT_ACTIVATED_EVIDENCE_BELOW_PROVISIONAL
2026-06-04,6698,NORMAL,LOW,NARROW_LEADERSHIP,True,True,NORMAL_SELECTIVE,True,False,,SEPARATE_DAILY_SCAN,bundle_A,NOT_ACTIVATED_EVIDENCE_BELOW_PROVISIONAL
2026-06-04,6768,NORMAL,LOW,NO_POCKET,True,True,NORMAL_SELECTIVE,False,True,,SEPARATE_DAILY_SCAN,bundle_A,NOT_ACTIVATED_EVIDENCE_BELOW_PROVISIONAL
2026-06-04,6957,NORMAL,LOW,NO_POCKET,False,False,NORMAL_SELECTIVE,False,True,,SEPARATE_DAILY_SCAN,bundle_A,NOT_ACTIVATED_EVIDENCE_BELOW_PROVISIONAL
2026-06-04,8201,NORMAL,LOW,EMERGING_POCKET,True,True,NORMAL_SELECTIVE,True,False,,SEPARATE_DAILY_SCAN,bundle_A,NOT_ACTIVATED_EVIDENCE_BELOW_PROVISIONAL
2026-06-04,8341,NORMAL,LOW,EMERGING_POCKET,True,True,NORMAL_SELECTIVE,True,False,,SEPARATE_DAILY_SCAN,bundle_A,NOT_ACTIVATED_EVIDENCE_BELOW_PROVISIONAL
2026-06-04,8926,NORMAL,LOW,NARROW_LEADERSHIP,False,False,NORMAL_SELECTIVE,False,True,,SEPARATE_DAILY_SCAN,bundle_A,NOT_ACTIVATED_EVIDENCE_BELOW_PROVISIONAL
2026-06-04,9110,NORMAL,LOW,NO_POCKET,True,True,NORMAL_SELECTIVE,False,True,,SEPARATE_DAILY_SCAN,bundle_A,NOT_ACTIVATED_EVIDENCE_BELOW_PROVISIONAL
2026-06-04,9934,NORMAL,LOW,EMERGING_POCKET,True,True,NORMAL_SELECTIVE,True,False,,SEPARATE_DAILY_SCAN,bundle_A,NOT_ACTIVATED_EVIDENCE_BELOW_PROVISIONAL
2026-06-04,9946,NORMAL,LOW,EMERGING_POCKET,True,True,NORMAL_SELECTIVE,True,False,,SEPARATE_DAILY_SCAN,bundle_A,NOT_ACTIVATED_EVIDENCE_BELOW_PROVISIONAL
2026-06-04,9958,NORMAL,LOW,EMERGING_POCKET,True,True,NORMAL_SELECTIVE,True,False,,SEPARATE_DAILY_SCAN,bundle_A,NOT_ACTIVATED_EVIDENCE_BELOW_PROVISIONAL
2026-06-05,1210,NORMAL,LOW,NO_POCKET,True,True,NORMAL_SELECTIVE,False,True,,SEPARATE_DAILY_SCAN,bundle_A,NOT_ACTIVATED_EVIDENCE_BELOW_PROVISIONAL
2026-06-05,1312,NORMAL,LOW,NARROW_LEADERSHIP,False,False,NORMAL_SELECTIVE,False,True,,SEPARATE_DAILY_SCAN,bundle_A,NOT_ACTIVATED_EVIDENCE_BELOW_PROVISIONAL
2026-06-05,1338,NORMAL,LOW,EMERGING_POCKET,True,True,NORMAL_SELECTIVE,True,False,,SEPARATE_DAILY_SCAN,bundle_A,NOT_ACTIVATED_EVIDENCE_BELOW_PROVISIONAL
2026-06-05,1617,NORMAL,LOW,NO_POCKET,False,False,NORMAL_SELECTIVE,False,True,,SEPARATE_DAILY_SCAN,bundle_A,NOT_ACTIVATED_EVIDENCE_BELOW_PROVISIONAL
2026-06-05,1808,NORMAL,LOW,EMERGING_POCKET,True,True,NORMAL_SELECTIVE,True,False,,SEPARATE_DAILY_SCAN,bundle_A,NOT_ACTIVATED_EVIDENCE_BELOW_PROVISIONAL
2026-06-05,1810,NORMAL,LOW,EMERGING_POCKET,True,True,NORMAL_SELECTIVE,True,False,,SEPARATE_DAILY_SCAN,bundle_A,NOT_ACTIVATED_EVIDENCE_BELOW_PROVISIONAL
2026-06-05,2241,NORMAL,LOW,NARROW_LEADERSHIP,True,True,NORMAL_SELECTIVE,True,False,,SEPARATE_DAILY_SCAN,bundle_A,NOT_ACTIVATED_EVIDENCE_BELOW_PROVISIONAL
2026-06-05,2462,NORMAL,LOW,NO_POCKET,True,True,NORMAL_SELECTIVE,False,True,,SEPARATE_DAILY_SCAN,bundle_A,NOT_ACTIVATED_EVIDENCE_BELOW_PROVISIONAL
2026-06-05,2501,NORMAL,LOW,EMERGING_POCKET,True,True,NORMAL_SELECTIVE,True,False,,SEPARATE_DAILY_SCAN,bundle_A,NOT_ACTIVATED_EVIDENCE_BELOW_PROVISIONAL
2026-06-05,2520,NORMAL,LOW,EMERGING_POCKET,True,True,NORMAL_SELECTIVE,True,False,,SEPARATE_DAILY_SCAN,bundle_A,NOT_ACTIVATED_EVIDENCE_BELOW_PROVISIONAL
2026-06-05,2535,NORMAL,LOW,EMERGING_POCKET,True,True,NORMAL_SELECTIVE,True,False,,SEPARATE_DAILY_SCAN,bundle_A,NOT_ACTIVATED_EVIDENCE_BELOW_PROVISIONAL
2026-06-05,2543,NORMAL,LOW,EMERGING_POCKET,True,True,NORMAL_SELECTIVE,True,False,,SEPARATE_DAILY_SCAN,bundle_A,NOT_ACTIVATED_EVIDENCE_BELOW_PROVISIONAL
2026-06-05,2597,NORMAL,LOW,NARROW_LEADERSHIP,True,True,NORMAL_SELECTIVE,True,False,,SEPARATE_DAILY_SCAN,bundle_A,NOT_ACTIVATED_EVIDENCE_BELOW_PROVISIONAL
2026-06-05,2615,NORMAL,LOW,EMERGING_POCKET,True,True,NORMAL_SELECTIVE,True,False,,SEPARATE_DAILY_SCAN,bundle_A,NOT_ACTIVATED_EVIDENCE_BELOW_PROVISIONAL
2026-06-05,2707,NORMAL,LOW,NARROW_LEADERSHIP,True,True,NORMAL_SELECTIVE,True,False,,SEPARATE_DAILY_SCAN,bundle_A,NOT_ACTIVATED_EVIDENCE_BELOW_PROVISIONAL
2026-06-05,2727,NORMAL,LOW,NARROW_LEADERSHIP,True,True,NORMAL_SELECTIVE,True,False,,SEPARATE_DAILY_SCAN,bundle_A,NOT_ACTIVATED_EVIDENCE_BELOW_PROVISIONAL
2026-06-05,2731,NORMAL,LOW,NO_POCKET,True,True,NORMAL_SELECTIVE,False,True,,SEPARATE_DAILY_SCAN,bundle_A,NOT_ACTIVATED_EVIDENCE_BELOW_PROVISIONAL
2026-06-05,2882,NORMAL,LOW,EMERGING_POCKET,True,True,NORMAL_SELECTIVE,True,False,,SEPARATE_DAILY_SCAN,bundle_A,NOT_ACTIVATED_EVIDENCE_BELOW_PROVISIONAL
2026-06-05,2903,NORMAL,LOW,EMERGING_POCKET,True,True,NORMAL_SELECTIVE,True,False,,SEPARATE_DAILY_SCAN,bundle_A,NOT_ACTIVATED_EVIDENCE_BELOW_PROVISIONAL
2026-06-05,2915,NORMAL,LOW,EMERGING_POCKET,True,True,NORMAL_SELECTIVE,True,False,,SEPARATE_DAILY_SCAN,bundle_A,NOT_ACTIVATED_EVIDENCE_BELOW_PROVISIONAL
2026-06-05,3167,NORMAL,LOW,NARROW_LEADERSHIP,False,False,NORMAL_SELECTIVE,False,True,,SEPARATE_DAILY_SCAN,bundle_A,NOT_ACTIVATED_EVIDENCE_BELOW_PROVISIONAL
2026-06-05,3406,NORMAL,LOW,EMERGING_POCKET,False,False,NORMAL_SELECTIVE,False,True,,SEPARATE_DAILY_SCAN,bundle_A,NOT_ACTIVATED_EVIDENCE_BELOW_PROVISIONAL
2026-06-05,3583,NORMAL,LOW,NO_POCKET,True,True,NORMAL_SELECTIVE,False,True,,SEPARATE_DAILY_SCAN,bundle_A,NOT_ACTIVATED_EVIDENCE_BELOW_PROVISIONAL
2026-06-05,4536,NORMAL,LOW,NO_POCKET,True,True,NORMAL_SELECTIVE,False,True,,SEPARATE_DAILY_SCAN,bundle_A,NOT_ACTIVATED_EVIDENCE_BELOW_PROVISIONAL
2026-06-05,4935,NORMAL,LOW,EMERGING_POCKET,False,False,NORMAL_SELECTIVE,False,True,,SEPARATE_DAILY_SCAN,bundle_A,NOT_ACTIVATED_EVIDENCE_BELOW_PROVISIONAL
2026-06-05,5522,NORMAL,LOW,EMERGING_POCKET,False,False,NORMAL_SELECTIVE,False,True,,SEPARATE_DAILY_SCAN,bundle_A,NOT_ACTIVATED_EVIDENCE_BELOW_PROVISIONAL
2026-06-05,5706,NORMAL,LOW,NO_POCKET,True,True,NORMAL_SELECTIVE,False,True,,SEPARATE_DAILY_SCAN,bundle_A,NOT_ACTIVATED_EVIDENCE_BELOW_PROVISIONAL
2026-06-05,5871,NORMAL,LOW,EMERGING_POCKET,True,True,NORMAL_SELECTIVE,True,False,,SEPARATE_DAILY_SCAN,bundle_A,NOT_ACTIVATED_EVIDENCE_BELOW_PROVISIONAL
2026-06-05,6112,NORMAL,LOW,NARROW_LEADERSHIP,False,False,NORMAL_SELECTIVE,False,True,,SEPARATE_DAILY_SCAN,bundle_A,NOT_ACTIVATED_EVIDENCE_BELOW_PROVISIONAL
2026-06-05,6164,NORMAL,LOW,EMERGING_POCKET,False,False,NORMAL_SELECTIVE,False,True,,SEPARATE_DAILY_SCAN,bundle_A,NOT_ACTIVATED_EVIDENCE_BELOW_PROVISIONAL
2026-06-05,6197,NORMAL,LOW,NO_POCKET,False,False,NORMAL_SELECTIVE,False,True,,SEPARATE_DAILY_SCAN,bundle_A,NOT_ACTIVATED_EVIDENCE_BELOW_PROVISIONAL
2026-06-05,6226,NORMAL,LOW,EMERGING_POCKET,False,False,NORMAL_SELECTIVE,False,True,,SEPARATE_DAILY_SCAN,bundle_A,NOT_ACTIVATED_EVIDENCE_BELOW_PROVISIONAL
2026-06-05,6272,NORMAL,LOW,NO_POCKET,False,False,NORMAL_SELECTIVE,False,True,,SEPARATE_DAILY_SCAN,bundle_A,NOT_ACTIVATED_EVIDENCE_BELOW_PROVISIONAL
2026-06-05,6409,NORMAL,LOW,NARROW_LEADERSHIP,True,True,NORMAL_SELECTIVE,True,False,,SEPARATE_DAILY_SCAN,bundle_A,NOT_ACTIVATED_EVIDENCE_BELOW_PROVISIONAL
2026-06-05,6451,NORMAL,LOW,NO_POCKET,False,False,NORMAL_SELECTIVE,False,True,,SEPARATE_DAILY_SCAN,bundle_A,NOT_ACTIVATED_EVIDENCE_BELOW_PROVISIONAL
2026-06-05,6541,NORMAL,LOW,EMERGING_POCKET,True,True,NORMAL_SELECTIVE,True,False,,SEPARATE_DAILY_SCAN,bundle_A,NOT_ACTIVATED_EVIDENCE_BELOW_PROVISIONAL
2026-06-05,6592,NORMAL,LOW,EMERGING_POCKET,True,True,NORMAL_SELECTIVE,True,False,,SEPARATE_DAILY_SCAN,bundle_A,NOT_ACTIVATED_EVIDENCE_BELOW_PROVISIONAL
2026-06-05,6605,NORMAL,LOW,EMERGING_POCKET,True,True,NORMAL_SELECTIVE,True,False,,SEPARATE_DAILY_SCAN,bundle_A,NOT_ACTIVATED_EVIDENCE_BELOW_PROVISIONAL
2026-06-05,6885,NORMAL,LOW,EMERGING_POCKET,False,False,NORMAL_SELECTIVE,False,True,,SEPARATE_DAILY_SCAN,bundle_A,NOT_ACTIVATED_EVIDENCE_BELOW_PROVISIONAL
2026-06-05,6890,NORMAL,LOW,NARROW_LEADERSHIP,True,True,NORMAL_SELECTIVE,True,False,,SEPARATE_DAILY_SCAN,bundle_A,NOT_ACTIVATED_EVIDENCE_BELOW_PROVISIONAL
2026-06-05,6901,NORMAL,LOW,NARROW_LEADERSHIP,False,False,NORMAL_SELECTIVE,False,True,,SEPARATE_DAILY_SCAN,bundle_A,NOT_ACTIVATED_EVIDENCE_BELOW_PROVISIONAL
2026-06-05,7791,NORMAL,LOW,NARROW_LEADERSHIP,True,True,NORMAL_SELECTIVE,True,False,,SEPARATE_DAILY_SCAN,bundle_A,NOT_ACTIVATED_EVIDENCE_BELOW_PROVISIONAL
2026-06-05,8021,NORMAL,LOW,NO_POCKET,False,False,NORMAL_SELECTIVE,False,True,,SEPARATE_DAILY_SCAN,bundle_A,NOT_ACTIVATED_EVIDENCE_BELOW_PROVISIONAL
2026-06-05,8996,NORMAL,LOW,NO_POCKET,False,False,NORMAL_SELECTIVE,False,True,,SEPARATE_DAILY_SCAN,bundle_A,NOT_ACTIVATED_EVIDENCE_BELOW_PROVISIONAL
2026-06-05,911608,NORMAL,LOW,NO_POCKET,True,True,NORMAL_SELECTIVE,False,True,,SEPARATE_DAILY_SCAN,bundle_A,NOT_ACTIVATED_EVIDENCE_BELOW_PROVISIONAL
2026-06-05,912000,NORMAL,LOW,NO_POCKET,True,True,NORMAL_SELECTIVE,False,True,,SEPARATE_DAILY_SCAN,bundle_A,NOT_ACTIVATED_EVIDENCE_BELOW_PROVISIONAL
2026-06-05,9933,NORMAL,LOW,NO_POCKET,True,True,NORMAL_SELECTIVE,False,True,,SEPARATE_DAILY_SCAN,bundle_A,NOT_ACTIVATED_EVIDENCE_BELOW_PROVISIONAL
2026-06-05,9941,NORMAL,LOW,EMERGING_POCKET,True,True,NORMAL_SELECTIVE,True,False,,SEPARATE_DAILY_SCAN,bundle_A,NOT_ACTIVATED_EVIDENCE_BELOW_PROVISIONAL
2026-06-08,00940,WEAKENING,VERY_LOW,NO_POCKET,False,False,CONTRACT_TO_CONFIRMED_OR_NARROW,False,True,MARKET_WEAKENING_OR_SURVIVAL_NOT_CONFIRMED,SEPARATE_DAILY_SCAN,bundle_A,NOT_ACTIVATED_EVIDENCE_BELOW_PROVISIONAL
2026-06-08,1218,WEAKENING,VERY_LOW,NARROW_LEADERSHIP,True,True,CONTRACT_TO_CONFIRMED_OR_NARROW,True,False,,SEPARATE_DAILY_SCAN,bundle_A,NOT_ACTIVATED_EVIDENCE_BELOW_PROVISIONAL
2026-06-08,1414,WEAKENING,VERY_LOW,NARROW_LEADERSHIP,True,True,CONTRACT_TO_CONFIRMED_OR_NARROW,True,False,,SEPARATE_DAILY_SCAN,bundle_A,NOT_ACTIVATED_EVIDENCE_BELOW_PROVISIONAL
2026-06-08,1527,WEAKENING,VERY_LOW,NARROW_LEADERSHIP,True,True,CONTRACT_TO_CONFIRMED_OR_NARROW,True,False,,SEPARATE_DAILY_SCAN,bundle_A,NOT_ACTIVATED_EVIDENCE_BELOW_PROVISIONAL
2026-06-08,1737,WEAKENING,VERY_LOW,EMERGING_POCKET,True,True,CONTRACT_TO_CONFIRMED_OR_NARROW,False,True,MARKET_WEAKENING_OR_SURVIVAL_NOT_CONFIRMED,SEPARATE_DAILY_SCAN,bundle_A,NOT_ACTIVATED_EVIDENCE_BELOW_PROVISIONAL
2026-06-08,1786,WEAKENING,VERY_LOW,NARROW_LEADERSHIP,False,False,CONTRACT_TO_CONFIRMED_OR_NARROW,False,True,MARKET_WEAKENING_OR_SURVIVAL_NOT_CONFIRMED,SEPARATE_DAILY_SCAN,bundle_A,NOT_ACTIVATED_EVIDENCE_BELOW_PROVISIONAL
2026-06-08,1906,WEAKENING,VERY_LOW,NARROW_LEADERSHIP,False,False,CONTRACT_TO_CONFIRMED_OR_NARROW,False,True,MARKET_WEAKENING_OR_SURVIVAL_NOT_CONFIRMED,SEPARATE_DAILY_SCAN,bundle_A,NOT_ACTIVATED_EVIDENCE_BELOW_PROVISIONAL
2026-06-08,2072,WEAKENING,VERY_LOW,NARROW_LEADERSHIP,False,False,CONTRACT_TO_CONFIRMED_OR_NARROW,False,True,MARKET_WEAKENING_OR_SURVIVAL_NOT_CONFIRMED,SEPARATE_DAILY_SCAN,bundle_A,NOT_ACTIVATED_EVIDENCE_BELOW_PROVISIONAL
2026-06-08,2247,WEAKENING,VERY_LOW,NARROW_LEADERSHIP,True,True,CONTRACT_TO_CONFIRMED_OR_NARROW,True,False,,SEPARATE_DAILY_SCAN,bundle_A,NOT_ACTIVATED_EVIDENCE_BELOW_PROVISIONAL
2026-06-08,2468,WEAKENING,VERY_LOW,NARROW_LEADERSHIP,False,False,CONTRACT_TO_CONFIRMED_OR_NARROW,False,True,MARKET_WEAKENING_OR_SURVIVAL_NOT_CONFIRMED,SEPARATE_DAILY_SCAN,bundle_A,NOT_ACTIVATED_EVIDENCE_BELOW_PROVISIONAL
2026-06-08,2474,WEAKENING,VERY_LOW,NARROW_LEADERSHIP,False,False,CONTRACT_TO_CONFIRMED_OR_NARROW,False,True,MARKET_WEAKENING_OR_SURVIVAL_NOT_CONFIRMED,SEPARATE_DAILY_SCAN,bundle_A,NOT_ACTIVATED_EVIDENCE_BELOW_PROVISIONAL
2026-06-08,2483,WEAKENING,VERY_LOW,NARROW_LEADERSHIP,True,True,CONTRACT_TO_CONFIRMED_OR_NARROW,True,False,,SEPARATE_DAILY_SCAN,bundle_A,NOT_ACTIVATED_EVIDENCE_BELOW_PROVISIONAL
2026-06-08,2506,WEAKENING,VERY_LOW,EMERGING_POCKET,True,True,CONTRACT_TO_CONFIRMED_OR_NARROW,False,True,MARKET_WEAKENING_OR_SURVIVAL_NOT_CONFIRMED,SEPARATE_DAILY_SCAN,bundle_A,NOT_ACTIVATED_EVIDENCE_BELOW_PROVISIONAL
2026-06-08,2511,WEAKENING,VERY_LOW,EMERGING_POCKET,True,True,CONTRACT_TO_CONFIRMED_OR_NARROW,False,True,MARKET_WEAKENING_OR_SURVIVAL_NOT_CONFIRMED,SEPARATE_DAILY_SCAN,bundle_A,NOT_ACTIVATED_EVIDENCE_BELOW_PROVISIONAL
2026-06-08,2546,WEAKENING,VERY_LOW,CONFIRMED_POCKET,True,True,CONTRACT_TO_CONFIRMED_OR_NARROW,True,False,,SEPARATE_DAILY_SCAN,bundle_A,NOT_ACTIVATED_EVIDENCE_BELOW_PROVISIONAL
2026-06-08,2547,WEAKENING,VERY_LOW,EMERGING_POCKET,True,True,CONTRACT_TO_CONFIRMED_OR_NARROW,False,True,MARKET_WEAKENING_OR_SURVIVAL_NOT_CONFIRMED,SEPARATE_DAILY_SCAN,bundle_A,NOT_ACTIVATED_EVIDENCE_BELOW_PROVISIONAL
2026-06-08,2906,WEAKENING,VERY_LOW,EMERGING_POCKET,True,True,CONTRACT_TO_CONFIRMED_OR_NARROW,False,True,MARKET_WEAKENING_OR_SURVIVAL_NOT_CONFIRMED,SEPARATE_DAILY_SCAN,bundle_A,NOT_ACTIVATED_EVIDENCE_BELOW_PROVISIONAL
2026-06-08,3008,WEAKENING,VERY_LOW,NARROW_LEADERSHIP,False,False,CONTRACT_TO_CONFIRMED_OR_NARROW,False,True,MARKET_WEAKENING_OR_SURVIVAL_NOT_CONFIRMED,SEPARATE_DAILY_SCAN,bundle_A,NOT_ACTIVATED_EVIDENCE_BELOW_PROVISIONAL
2026-06-08,3018,WEAKENING,VERY_LOW,NARROW_LEADERSHIP,False,False,CONTRACT_TO_CONFIRMED_OR_NARROW,False,True,MARKET_WEAKENING_OR_SURVIVAL_NOT_CONFIRMED,SEPARATE_DAILY_SCAN,bundle_A,NOT_ACTIVATED_EVIDENCE_BELOW_PROVISIONAL
2026-06-08,3023,WEAKENING,VERY_LOW,NARROW_LEADERSHIP,False,False,CONTRACT_TO_CONFIRMED_OR_NARROW,False,True,MARKET_WEAKENING_OR_SURVIVAL_NOT_CONFIRMED,SEPARATE_DAILY_SCAN,bundle_A,NOT_ACTIVATED_EVIDENCE_BELOW_PROVISIONAL
2026-06-08,3049,WEAKENING,VERY_LOW,NARROW_LEADERSHIP,False,False,CONTRACT_TO_CONFIRMED_OR_NARROW,False,True,MARKET_WEAKENING_OR_SURVIVAL_NOT_CONFIRMED,SEPARATE_DAILY_SCAN,bundle_A,NOT_ACTIVATED_EVIDENCE_BELOW_PROVISIONAL
2026-06-08,3056,WEAKENING,VERY_LOW,EMERGING_POCKET,False,False,CONTRACT_TO_CONFIRMED_OR_NARROW,False,True,MARKET_WEAKENING_OR_SURVIVAL_NOT_CONFIRMED,SEPARATE_DAILY_SCAN,bundle_A,NOT_ACTIVATED_EVIDENCE_BELOW_PROVISIONAL
2026-06-08,3376,WEAKENING,VERY_LOW,NARROW_LEADERSHIP,False,False,CONTRACT_TO_CONFIRMED_OR_NARROW,False,True,MARKET_WEAKENING_OR_SURVIVAL_NOT_CONFIRMED,SEPARATE_DAILY_SCAN,bundle_A,NOT_ACTIVATED_EVIDENCE_BELOW_PROVISIONAL
2026-06-08,3673,WEAKENING,VERY_LOW,NARROW_LEADERSHIP,False,False,CONTRACT_TO_CONFIRMED_OR_NARROW,False,True,MARKET_WEAKENING_OR_SURVIVAL_NOT_CONFIRMED,SEPARATE_DAILY_SCAN,bundle_A,NOT_ACTIVATED_EVIDENCE_BELOW_PROVISIONAL
2026-06-08,5288,WEAKENING,VERY_LOW,EMERGING_POCKET,True,True,CONTRACT_TO_CONFIRMED_OR_NARROW,False,True,MARKET_WEAKENING_OR_SURVIVAL_NOT_CONFIRMED,SEPARATE_DAILY_SCAN,bundle_A,NOT_ACTIVATED_EVIDENCE_BELOW_PROVISIONAL
2026-06-08,5515,WEAKENING,VERY_LOW,CONFIRMED_POCKET,True,True,CONTRACT_TO_CONFIRMED_OR_NARROW,True,False,,SEPARATE_DAILY_SCAN,bundle_A,NOT_ACTIVATED_EVIDENCE_BELOW_PROVISIONAL
2026-06-08,6214,WEAKENING,VERY_LOW,NARROW_LEADERSHIP,False,False,CONTRACT_TO_CONFIRMED_OR_NARROW,False,True,MARKET_WEAKENING_OR_SURVIVAL_NOT_CONFIRMED,SEPARATE_DAILY_SCAN,bundle_A,NOT_ACTIVATED_EVIDENCE_BELOW_PROVISIONAL
2026-06-08,6558,WEAKENING,VERY_LOW,NARROW_LEADERSHIP,False,False,CONTRACT_TO_CONFIRMED_OR_NARROW,False,True,MARKET_WEAKENING_OR_SURVIVAL_NOT_CONFIRMED,SEPARATE_DAILY_SCAN,bundle_A,NOT_ACTIVATED_EVIDENCE_BELOW_PROVISIONAL
2026-06-08,6645,WEAKENING,VERY_LOW,NARROW_LEADERSHIP,True,True,CONTRACT_TO_CONFIRMED_OR_NARROW,True,False,,SEPARATE_DAILY_SCAN,bundle_A,NOT_ACTIVATED_EVIDENCE_BELOW_PROVISIONAL
2026-06-08,9906,WEAKENING,VERY_LOW,EMERGING_POCKET,True,True,CONTRACT_TO_CONFIRMED_OR_NARROW,False,True,MARKET_WEAKENING_OR_SURVIVAL_NOT_CONFIRMED,SEPARATE_DAILY_SCAN,bundle_A,NOT_ACTIVATED_EVIDENCE_BELOW_PROVISIONAL
2026-06-08,9917,WEAKENING,VERY_LOW,NARROW_LEADERSHIP,True,True,CONTRACT_TO_CONFIRMED_OR_NARROW,True,False,,SEPARATE_DAILY_SCAN,bundle_A,NOT_ACTIVATED_EVIDENCE_BELOW_PROVISIONAL
2026-06-09,020030,WEAKENING,VERY_LOW,NO_POCKET,False,False,CONTRACT_TO_CONFIRMED_OR_NARROW,False,True,MARKET_WEAKENING_OR_SURVIVAL_NOT_CONFIRMED,SEPARATE_DAILY_SCAN,bundle_A,NOT_ACTIVATED_EVIDENCE_BELOW_PROVISIONAL
2026-06-09,1615,WEAKENING,VERY_LOW,NO_POCKET,False,False,CONTRACT_TO_CONFIRMED_OR_NARROW,False,True,MARKET_WEAKENING_OR_SURVIVAL_NOT_CONFIRMED,SEPARATE_DAILY_SCAN,bundle_A,NOT_ACTIVATED_EVIDENCE_BELOW_PROVISIONAL
2026-06-09,1789,WEAKENING,VERY_LOW,NARROW_LEADERSHIP,False,False,CONTRACT_TO_CONFIRMED_OR_NARROW,False,True,MARKET_WEAKENING_OR_SURVIVAL_NOT_CONFIRMED,SEPARATE_DAILY_SCAN,bundle_A,NOT_ACTIVATED_EVIDENCE_BELOW_PROVISIONAL
2026-06-09,2248,WEAKENING,VERY_LOW,EMERGING_POCKET,True,True,CONTRACT_TO_CONFIRMED_OR_NARROW,False,True,MARKET_WEAKENING_OR_SURVIVAL_NOT_CONFIRMED,SEPARATE_DAILY_SCAN,bundle_A,NOT_ACTIVATED_EVIDENCE_BELOW_PROVISIONAL
2026-06-09,2316,WEAKENING,VERY_LOW,EMERGING_POCKET,False,False,CONTRACT_TO_CONFIRMED_OR_NARROW,False,True,MARKET_WEAKENING_OR_SURVIVAL_NOT_CONFIRMED,SEPARATE_DAILY_SCAN,bundle_A,NOT_ACTIVATED_EVIDENCE_BELOW_PROVISIONAL
2026-06-09,2368,WEAKENING,VERY_LOW,EMERGING_POCKET,False,False,CONTRACT_TO_CONFIRMED_OR_NARROW,False,True,MARKET_WEAKENING_OR_SURVIVAL_NOT_CONFIRMED,SEPARATE_DAILY_SCAN,bundle_A,NOT_ACTIVATED_EVIDENCE_BELOW_PROVISIONAL
2026-06-09,2505,WEAKENING,VERY_LOW,EMERGING_POCKET,True,True,CONTRACT_TO_CONFIRMED_OR_NARROW,False,True,MARKET_WEAKENING_OR_SURVIVAL_NOT_CONFIRMED,SEPARATE_DAILY_SCAN,bundle_A,NOT_ACTIVATED_EVIDENCE_BELOW_PROVISIONAL
2026-06-09,2542,WEAKENING,VERY_LOW,EMERGING_POCKET,False,False,CONTRACT_TO_CONFIRMED_OR_NARROW,False,True,MARKET_WEAKENING_OR_SURVIVAL_NOT_CONFIRMED,SEPARATE_DAILY_SCAN,bundle_A,NOT_ACTIVATED_EVIDENCE_BELOW_PROVISIONAL
2026-06-09,2753,WEAKENING,VERY_LOW,EMERGING_POCKET,True,True,CONTRACT_TO_CONFIRMED_OR_NARROW,False,True,MARKET_WEAKENING_OR_SURVIVAL_NOT_CONFIRMED,SEPARATE_DAILY_SCAN,bundle_A,NOT_ACTIVATED_EVIDENCE_BELOW_PROVISIONAL
2026-06-09,2801,WEAKENING,VERY_LOW,EMERGING_POCKET,True,True,CONTRACT_TO_CONFIRMED_OR_NARROW,False,True,MARKET_WEAKENING_OR_SURVIVAL_NOT_CONFIRMED,SEPARATE_DAILY_SCAN,bundle_A,NOT_ACTIVATED_EVIDENCE_BELOW_PROVISIONAL
2026-06-09,2892,WEAKENING,VERY_LOW,EMERGING_POCKET,True,True,CONTRACT_TO_CONFIRMED_OR_NARROW,False,True,MARKET_WEAKENING_OR_SURVIVAL_NOT_CONFIRMED,SEPARATE_DAILY_SCAN,bundle_A,NOT_ACTIVATED_EVIDENCE_BELOW_PROVISIONAL
2026-06-09,3004,WEAKENING,VERY_LOW,NO_POCKET,False,False,CONTRACT_TO_CONFIRMED_OR_NARROW,False,True,MARKET_WEAKENING_OR_SURVIVAL_NOT_CONFIRMED,SEPARATE_DAILY_SCAN,bundle_A,NOT_ACTIVATED_EVIDENCE_BELOW_PROVISIONAL
2026-06-09,3550,WEAKENING,VERY_LOW,NO_POCKET,True,True,CONTRACT_TO_CONFIRMED_OR_NARROW,False,True,MARKET_WEAKENING_OR_SURVIVAL_NOT_CONFIRMED,SEPARATE_DAILY_SCAN,bundle_A,NOT_ACTIVATED_EVIDENCE_BELOW_PROVISIONAL
2026-06-09,4588,WEAKENING,VERY_LOW,NO_POCKET,False,False,CONTRACT_TO_CONFIRMED_OR_NARROW,False,True,MARKET_WEAKENING_OR_SURVIVAL_NOT_CONFIRMED,SEPARATE_DAILY_SCAN,bundle_A,NOT_ACTIVATED_EVIDENCE_BELOW_PROVISIONAL
2026-06-09,5876,WEAKENING,VERY_LOW,EMERGING_POCKET,False,False,CONTRACT_TO_CONFIRMED_OR_NARROW,False,True,MARKET_WEAKENING_OR_SURVIVAL_NOT_CONFIRMED,SEPARATE_DAILY_SCAN,bundle_A,NOT_ACTIVATED_EVIDENCE_BELOW_PROVISIONAL
2026-06-09,6153,WEAKENING,VERY_LOW,EMERGING_POCKET,False,False,CONTRACT_TO_CONFIRMED_OR_NARROW,False,True,MARKET_WEAKENING_OR_SURVIVAL_NOT_CONFIRMED,SEPARATE_DAILY_SCAN,bundle_A,NOT_ACTIVATED_EVIDENCE_BELOW_PROVISIONAL
2026-06-09,6269,WEAKENING,VERY_LOW,EMERGING_POCKET,False,False,CONTRACT_TO_CONFIRMED_OR_NARROW,False,True,MARKET_WEAKENING_OR_SURVIVAL_NOT_CONFIRMED,SEPARATE_DAILY_SCAN,bundle_A,NOT_ACTIVATED_EVIDENCE_BELOW_PROVISIONAL
2026-06-09,6271,WEAKENING,VERY_LOW,EMERGING_POCKET,False,False,CONTRACT_TO_CONFIRMED_OR_NARROW,False,True,MARKET_WEAKENING_OR_SURVIVAL_NOT_CONFIRMED,SEPARATE_DAILY_SCAN,bundle_A,NOT_ACTIVATED_EVIDENCE_BELOW_PROVISIONAL
2026-06-09,6282,WEAKENING,VERY_LOW,NO_POCKET,False,False,CONTRACT_TO_CONFIRMED_OR_NARROW,False,True,MARKET_WEAKENING_OR_SURVIVAL_NOT_CONFIRMED,SEPARATE_DAILY_SCAN,bundle_A,NOT_ACTIVATED_EVIDENCE_BELOW_PROVISIONAL
2026-06-09,6442,WEAKENING,VERY_LOW,NO_POCKET,False,False,CONTRACT_TO_CONFIRMED_OR_NARROW,False,True,MARKET_WEAKENING_OR_SURVIVAL_NOT_CONFIRMED,SEPARATE_DAILY_SCAN,bundle_A,NOT_ACTIVATED_EVIDENCE_BELOW_PROVISIONAL
2026-06-09,6672,WEAKENING,VERY_LOW,EMERGING_POCKET,False,False,CONTRACT_TO_CONFIRMED_OR_NARROW,False,True,MARKET_WEAKENING_OR_SURVIVAL_NOT_CONFIRMED,SEPARATE_DAILY_SCAN,bundle_A,NOT_ACTIVATED_EVIDENCE_BELOW_PROVISIONAL
2026-06-09,6902,WEAKENING,VERY_LOW,EMERGING_POCKET,False,False,CONTRACT_TO_CONFIRMED_OR_NARROW,False,True,MARKET_WEAKENING_OR_SURVIVAL_NOT_CONFIRMED,SEPARATE_DAILY_SCAN,bundle_A,NOT_ACTIVATED_EVIDENCE_BELOW_PROVISIONAL
2026-06-09,6916,WEAKENING,VERY_LOW,NO_POCKET,False,False,CONTRACT_TO_CONFIRMED_OR_NARROW,False,True,MARKET_WEAKENING_OR_SURVIVAL_NOT_CONFIRMED,SEPARATE_DAILY_SCAN,bundle_A,NOT_ACTIVATED_EVIDENCE_BELOW_PROVISIONAL
2026-06-09,7722,WEAKENING,VERY_LOW,EMERGING_POCKET,False,False,CONTRACT_TO_CONFIRMED_OR_NARROW,False,True,MARKET_WEAKENING_OR_SURVIVAL_NOT_CONFIRMED,SEPARATE_DAILY_SCAN,bundle_A,NOT_ACTIVATED_EVIDENCE_BELOW_PROVISIONAL
2026-06-10,1598,WEAKENING,HIGH,EMERGING_POCKET,True,True,CONTRACT_TO_CONFIRMED_OR_NARROW,False,True,MARKET_WEAKENING_OR_SURVIVAL_NOT_CONFIRMED,SEPARATE_DAILY_SCAN,bundle_A,NOT_ACTIVATED_EVIDENCE_BELOW_PROVISIONAL
2026-06-10,2025,WEAKENING,HIGH,EMERGING_POCKET,False,False,CONTRACT_TO_CONFIRMED_OR_NARROW,False,True,MARKET_WEAKENING_OR_SURVIVAL_NOT_CONFIRMED,SEPARATE_DAILY_SCAN,bundle_A,NOT_ACTIVATED_EVIDENCE_BELOW_PROVISIONAL
2026-06-10,2348,WEAKENING,HIGH,EMERGING_POCKET,False,False,CONTRACT_TO_CONFIRMED_OR_NARROW,False,True,MARKET_WEAKENING_OR_SURVIVAL_NOT_CONFIRMED,SEPARATE_DAILY_SCAN,bundle_A,NOT_ACTIVATED_EVIDENCE_BELOW_PROVISIONAL
2026-06-10,2412,WEAKENING,HIGH,EMERGING_POCKET,True,True,CONTRACT_TO_CONFIRMED_OR_NARROW,False,True,MARKET_WEAKENING_OR_SURVIVAL_NOT_CONFIRMED,SEPARATE_DAILY_SCAN,bundle_A,NOT_ACTIVATED_EVIDENCE_BELOW_PROVISIONAL
2026-06-10,2442,WEAKENING,HIGH,EMERGING_POCKET,True,True,CONTRACT_TO_CONFIRMED_OR_NARROW,False,True,MARKET_WEAKENING_OR_SURVIVAL_NOT_CONFIRMED,SEPARATE_DAILY_SCAN,bundle_A,NOT_ACTIVATED_EVIDENCE_BELOW_PROVISIONAL
2026-06-10,2509,WEAKENING,HIGH,EMERGING_POCKET,True,True,CONTRACT_TO_CONFIRMED_OR_NARROW,False,True,MARKET_WEAKENING_OR_SURVIVAL_NOT_CONFIRMED,SEPARATE_DAILY_SCAN,bundle_A,NOT_ACTIVATED_EVIDENCE_BELOW_PROVISIONAL
2026-06-10,2536,WEAKENING,HIGH,EMERGING_POCKET,True,True,CONTRACT_TO_CONFIRMED_OR_NARROW,False,True,MARKET_WEAKENING_OR_SURVIVAL_NOT_CONFIRMED,SEPARATE_DAILY_SCAN,bundle_A,NOT_ACTIVATED_EVIDENCE_BELOW_PROVISIONAL
2026-06-10,2537,WEAKENING,HIGH,EMERGING_POCKET,True,True,CONTRACT_TO_CONFIRMED_OR_NARROW,False,True,MARKET_WEAKENING_OR_SURVIVAL_NOT_CONFIRMED,SEPARATE_DAILY_SCAN,bundle_A,NOT_ACTIVATED_EVIDENCE_BELOW_PROVISIONAL
2026-06-10,2642,WEAKENING,HIGH,NARROW_LEADERSHIP,True,True,CONTRACT_TO_CONFIRMED_OR_NARROW,True,False,,SEPARATE_DAILY_SCAN,bundle_A,NOT_ACTIVATED_EVIDENCE_BELOW_PROVISIONAL
2026-06-10,2913,WEAKENING,HIGH,EMERGING_POCKET,False,False,CONTRACT_TO_CONFIRMED_OR_NARROW,False,True,MARKET_WEAKENING_OR_SURVIVAL_NOT_CONFIRMED,SEPARATE_DAILY_SCAN,bundle_A,NOT_ACTIVATED_EVIDENCE_BELOW_PROVISIONAL
2026-06-10,3653,WEAKENING,HIGH,NO_POCKET,False,False,CONTRACT_TO_CONFIRMED_OR_NARROW,False,True,MARKET_WEAKENING_OR_SURVIVAL_NOT_CONFIRMED,SEPARATE_DAILY_SCAN,bundle_A,NOT_ACTIVATED_EVIDENCE_BELOW_PROVISIONAL
2026-06-10,3703,WEAKENING,HIGH,EMERGING_POCKET,True,True,CONTRACT_TO_CONFIRMED_OR_NARROW,False,True,MARKET_WEAKENING_OR_SURVIVAL_NOT_CONFIRMED,SEPARATE_DAILY_SCAN,bundle_A,NOT_ACTIVATED_EVIDENCE_BELOW_PROVISIONAL
2026-06-10,5534,WEAKENING,HIGH,EMERGING_POCKET,True,True,CONTRACT_TO_CONFIRMED_OR_NARROW,False,True,MARKET_WEAKENING_OR_SURVIVAL_NOT_CONFIRMED,SEPARATE_DAILY_SCAN,bundle_A,NOT_ACTIVATED_EVIDENCE_BELOW_PROVISIONAL
2026-06-10,6585,WEAKENING,HIGH,NARROW_LEADERSHIP,True,True,CONTRACT_TO_CONFIRMED_OR_NARROW,True,False,,SEPARATE_DAILY_SCAN,bundle_A,NOT_ACTIVATED_EVIDENCE_BELOW_PROVISIONAL
2026-06-10,6589,WEAKENING,HIGH,NARROW_LEADERSHIP,True,True,CONTRACT_TO_CONFIRMED_OR_NARROW,True,False,,SEPARATE_DAILY_SCAN,bundle_A,NOT_ACTIVATED_EVIDENCE_BELOW_PROVISIONAL
2026-06-10,6670,WEAKENING,HIGH,EMERGING_POCKET,False,False,CONTRACT_TO_CONFIRMED_OR_NARROW,False,True,MARKET_WEAKENING_OR_SURVIVAL_NOT_CONFIRMED,SEPARATE_DAILY_SCAN,bundle_A,NOT_ACTIVATED_EVIDENCE_BELOW_PROVISIONAL
2026-06-10,6949,WEAKENING,HIGH,NARROW_LEADERSHIP,False,False,CONTRACT_TO_CONFIRMED_OR_NARROW,False,True,MARKET_WEAKENING_OR_SURVIVAL_NOT_CONFIRMED,SEPARATE_DAILY_SCAN,bundle_A,NOT_ACTIVATED_EVIDENCE_BELOW_PROVISIONAL
2026-06-10,7749,WEAKENING,HIGH,NO_POCKET,False,False,CONTRACT_TO_CONFIRMED_OR_NARROW,False,True,MARKET_WEAKENING_OR_SURVIVAL_NOT_CONFIRMED,SEPARATE_DAILY_SCAN,bundle_A,NOT_ACTIVATED_EVIDENCE_BELOW_PROVISIONAL
2026-06-10,8476,WEAKENING,HIGH,NARROW_LEADERSHIP,True,True,CONTRACT_TO_CONFIRMED_OR_NARROW,True,False,,SEPARATE_DAILY_SCAN,bundle_A,NOT_ACTIVATED_EVIDENCE_BELOW_PROVISIONAL
2026-06-10,9910,WEAKENING,HIGH,NARROW_LEADERSHIP,False,False,CONTRACT_TO_CONFIRMED_OR_NARROW,False,True,MARKET_WEAKENING_OR_SURVIVAL_NOT_CONFIRMED,SEPARATE_DAILY_SCAN,bundle_A,NOT_ACTIVATED_EVIDENCE_BELOW_PROVISIONAL
2026-06-11,020036,RISK_OFF,LOW,NO_POCKET,False,False,ABSTAIN_UNLESS_CONFIRMED_POCKET,False,True,NO_CONFIRMED_POCKET,SEPARATE_DAILY_SCAN,bundle_A,NOT_ACTIVATED_EVIDENCE_BELOW_PROVISIONAL
2026-06-11,1227,RISK_OFF,LOW,CONFIRMED_POCKET,True,True,ABSTAIN_UNLESS_CONFIRMED_POCKET,True,False,,SEPARATE_DAILY_SCAN,bundle_A,NOT_ACTIVATED_EVIDENCE_BELOW_PROVISIONAL
2026-06-11,1438,RISK_OFF,LOW,EMERGING_POCKET,True,True,ABSTAIN_UNLESS_CONFIRMED_POCKET,False,True,NO_CONFIRMED_POCKET,SEPARATE_DAILY_SCAN,bundle_A,NOT_ACTIVATED_EVIDENCE_BELOW_PROVISIONAL
2026-06-11,1532,RISK_OFF,LOW,EMERGING_POCKET,True,True,ABSTAIN_UNLESS_CONFIRMED_POCKET,False,True,NO_CONFIRMED_POCKET,SEPARATE_DAILY_SCAN,bundle_A,NOT_ACTIVATED_EVIDENCE_BELOW_PROVISIONAL
2026-06-11,1714,RISK_OFF,LOW,NARROW_LEADERSHIP,False,False,ABSTAIN_UNLESS_CONFIRMED_POCKET,False,True,NO_CONFIRMED_POCKET,SEPARATE_DAILY_SCAN,bundle_A,NOT_ACTIVATED_EVIDENCE_BELOW_PROVISIONAL
2026-06-11,2313,RISK_OFF,LOW,EMERGING_POCKET,False,False,ABSTAIN_UNLESS_CONFIRMED_POCKET,False,True,NO_CONFIRMED_POCKET,SEPARATE_DAILY_SCAN,bundle_A,NOT_ACTIVATED_EVIDENCE_BELOW_PROVISIONAL
2026-06-11,2355,RISK_OFF,LOW,EMERGING_POCKET,False,False,ABSTAIN_UNLESS_CONFIRMED_POCKET,False,True,NO_CONFIRMED_POCKET,SEPARATE_DAILY_SCAN,bundle_A,NOT_ACTIVATED_EVIDENCE_BELOW_PROVISIONAL
2026-06-11,2383,RISK_OFF,LOW,NARROW_LEADERSHIP,True,True,ABSTAIN_UNLESS_CONFIRMED_POCKET,False,True,NO_CONFIRMED_POCKET,SEPARATE_DAILY_SCAN,bundle_A,NOT_ACTIVATED_EVIDENCE_BELOW_PROVISIONAL
2026-06-11,2723,RISK_OFF,LOW,CONFIRMED_POCKET,True,True,ABSTAIN_UNLESS_CONFIRMED_POCKET,True,False,,SEPARATE_DAILY_SCAN,bundle_A,NOT_ACTIVATED_EVIDENCE_BELOW_PROVISIONAL
2026-06-11,2905,RISK_OFF,LOW,EMERGING_POCKET,False,False,ABSTAIN_UNLESS_CONFIRMED_POCKET,False,True,NO_CONFIRMED_POCKET,SEPARATE_DAILY_SCAN,bundle_A,NOT_ACTIVATED_EVIDENCE_BELOW_PROVISIONAL
2026-06-11,3003,RISK_OFF,LOW,EMERGING_POCKET,True,True,ABSTAIN_UNLESS_CONFIRMED_POCKET,False,True,NO_CONFIRMED_POCKET,SEPARATE_DAILY_SCAN,bundle_A,NOT_ACTIVATED_EVIDENCE_BELOW_PROVISIONAL
2026-06-11,3025,RISK_OFF,LOW,NO_POCKET,False,False,ABSTAIN_UNLESS_CONFIRMED_POCKET,False,True,NO_CONFIRMED_POCKET,SEPARATE_DAILY_SCAN,bundle_A,NOT_ACTIVATED_EVIDENCE_BELOW_PROVISIONAL
2026-06-11,5388,RISK_OFF,LOW,NO_POCKET,False,False,ABSTAIN_UNLESS_CONFIRMED_POCKET,False,True,NO_CONFIRMED_POCKET,SEPARATE_DAILY_SCAN,bundle_A,NOT_ACTIVATED_EVIDENCE_BELOW_PROVISIONAL
2026-06-11,5519,RISK_OFF,LOW,CONFIRMED_POCKET,True,True,ABSTAIN_UNLESS_CONFIRMED_POCKET,True,False,,SEPARATE_DAILY_SCAN,bundle_A,NOT_ACTIVATED_EVIDENCE_BELOW_PROVISIONAL
2026-06-11,5546,RISK_OFF,LOW,EMERGING_POCKET,False,False,ABSTAIN_UNLESS_CONFIRMED_POCKET,False,True,NO_CONFIRMED_POCKET,SEPARATE_DAILY_SCAN,bundle_A,NOT_ACTIVATED_EVIDENCE_BELOW_PROVISIONAL
2026-06-11,6133,RISK_OFF,LOW,EMERGING_POCKET,False,False,ABSTAIN_UNLESS_CONFIRMED_POCKET,False,True,NO_CONFIRMED_POCKET,SEPARATE_DAILY_SCAN,bundle_A,NOT_ACTIVATED_EVIDENCE_BELOW_PROVISIONAL
2026-06-11,6141,RISK_OFF,LOW,EMERGING_POCKET,False,False,ABSTAIN_UNLESS_CONFIRMED_POCKET,False,True,NO_CONFIRMED_POCKET,SEPARATE_DAILY_SCAN,bundle_A,NOT_ACTIVATED_EVIDENCE_BELOW_PROVISIONAL
2026-06-11,6189,RISK_OFF,LOW,EMERGING_POCKET,False,False,ABSTAIN_UNLESS_CONFIRMED_POCKET,False,True,NO_CONFIRMED_POCKET,SEPARATE_DAILY_SCAN,bundle_A,NOT_ACTIVATED_EVIDENCE_BELOW_PROVISIONAL
2026-06-11,8070,RISK_OFF,LOW,NO_POCKET,False,False,ABSTAIN_UNLESS_CONFIRMED_POCKET,False,True,NO_CONFIRMED_POCKET,SEPARATE_DAILY_SCAN,bundle_A,NOT_ACTIVATED_EVIDENCE_BELOW_PROVISIONAL
2026-06-11,9945,RISK_OFF,LOW,NARROW_LEADERSHIP,False,False,ABSTAIN_UNLESS_CONFIRMED_POCKET,False,True,NO_CONFIRMED_POCKET,SEPARATE_DAILY_SCAN,bundle_A,NOT_ACTIVATED_EVIDENCE_BELOW_PROVISIONAL
2026-06-12,2393,WEAKENING,MEDIUM,EMERGING_POCKET,False,False,CONTRACT_TO_CONFIRMED_OR_NARROW,False,True,MARKET_WEAKENING_OR_SURVIVAL_NOT_CONFIRMED,SEPARATE_DAILY_SCAN,bundle_A,NOT_ACTIVATED_EVIDENCE_BELOW_PROVISIONAL
2026-06-12,2413,WEAKENING,MEDIUM,EMERGING_POCKET,False,False,CONTRACT_TO_CONFIRMED_OR_NARROW,False,True,MARKET_WEAKENING_OR_SURVIVAL_NOT_CONFIRMED,SEPARATE_DAILY_SCAN,bundle_A,NOT_ACTIVATED_EVIDENCE_BELOW_PROVISIONAL
2026-06-12,2636,WEAKENING,MEDIUM,NARROW_LEADERSHIP,True,True,CONTRACT_TO_CONFIRMED_OR_NARROW,True,False,,SEPARATE_DAILY_SCAN,bundle_A,NOT_ACTIVATED_EVIDENCE_BELOW_PROVISIONAL
2026-06-12,3576,WEAKENING,MEDIUM,EMERGING_POCKET,False,False,CONTRACT_TO_CONFIRMED_OR_NARROW,False,True,MARKET_WEAKENING_OR_SURVIVAL_NOT_CONFIRMED,SEPARATE_DAILY_SCAN,bundle_A,NOT_ACTIVATED_EVIDENCE_BELOW_PROVISIONAL
2026-06-12,6205,WEAKENING,MEDIUM,EMERGING_POCKET,False,False,CONTRACT_TO_CONFIRMED_OR_NARROW,False,True,MARKET_WEAKENING_OR_SURVIVAL_NOT_CONFIRMED,SEPARATE_DAILY_SCAN,bundle_A,NOT_ACTIVATED_EVIDENCE_BELOW_PROVISIONAL
2026-06-12,6691,WEAKENING,MEDIUM,EMERGING_POCKET,False,False,CONTRACT_TO_CONFIRMED_OR_NARROW,False,True,MARKET_WEAKENING_OR_SURVIVAL_NOT_CONFIRMED,SEPARATE_DAILY_SCAN,bundle_A,NOT_ACTIVATED_EVIDENCE_BELOW_PROVISIONAL
2026-06-12,6944,WEAKENING,MEDIUM,EMERGING_POCKET,True,True,CONTRACT_TO_CONFIRMED_OR_NARROW,False,True,MARKET_WEAKENING_OR_SURVIVAL_NOT_CONFIRMED,SEPARATE_DAILY_SCAN,bundle_A,NOT_ACTIVATED_EVIDENCE_BELOW_PROVISIONAL
2026-06-12,8081,WEAKENING,MEDIUM,EMERGING_POCKET,False,False,CONTRACT_TO_CONFIRMED_OR_NARROW,False,True,MARKET_WEAKENING_OR_SURVIVAL_NOT_CONFIRMED,SEPARATE_DAILY_SCAN,bundle_A,NOT_ACTIVATED_EVIDENCE_BELOW_PROVISIONAL
2026-06-15,0050,NORMAL,MEDIUM,NO_POCKET,False,False,NORMAL_SELECTIVE,False,True,,SEPARATE_DAILY_SCAN,bundle_A,NOT_ACTIVATED_EVIDENCE_BELOW_PROVISIONAL
2026-06-15,0055,NORMAL,MEDIUM,NO_POCKET,True,True,NORMAL_SELECTIVE,False,True,,SEPARATE_DAILY_SCAN,bundle_A,NOT_ACTIVATED_EVIDENCE_BELOW_PROVISIONAL
2026-06-15,006204,NORMAL,MEDIUM,NO_POCKET,False,False,NORMAL_SELECTIVE,False,True,,SEPARATE_DAILY_SCAN,bundle_A,NOT_ACTIVATED_EVIDENCE_BELOW_PROVISIONAL
2026-06-15,006208,NORMAL,MEDIUM,NO_POCKET,False,False,NORMAL_SELECTIVE,False,True,,SEPARATE_DAILY_SCAN,bundle_A,NOT_ACTIVATED_EVIDENCE_BELOW_PROVISIONAL
2026-06-15,00631L,NORMAL,MEDIUM,NO_POCKET,False,False,NORMAL_SELECTIVE,False,True,,SEPARATE_DAILY_SCAN,bundle_A,NOT_ACTIVATED_EVIDENCE_BELOW_PROVISIONAL
2026-06-15,00657,NORMAL,MEDIUM,NO_POCKET,False,False,NORMAL_SELECTIVE,False,True,,SEPARATE_DAILY_SCAN,bundle_A,NOT_ACTIVATED_EVIDENCE_BELOW_PROVISIONAL
2026-06-15,00661,NORMAL,MEDIUM,NO_POCKET,False,False,NORMAL_SELECTIVE,False,True,,SEPARATE_DAILY_SCAN,bundle_A,NOT_ACTIVATED_EVIDENCE_BELOW_PROVISIONAL
2026-06-15,00663L,NORMAL,MEDIUM,NO_POCKET,False,False,NORMAL_SELECTIVE,False,True,,SEPARATE_DAILY_SCAN,bundle_A,NOT_ACTIVATED_EVIDENCE_BELOW_PROVISIONAL
2026-06-15,00675L,NORMAL,MEDIUM,NO_POCKET,False,False,NORMAL_SELECTIVE,False,True,,SEPARATE_DAILY_SCAN,bundle_A,NOT_ACTIVATED_EVIDENCE_BELOW_PROVISIONAL
2026-06-15,00685L,NORMAL,MEDIUM,NO_POCKET,False,False,NORMAL_SELECTIVE,False,True,,SEPARATE_DAILY_SCAN,bundle_A,NOT_ACTIVATED_EVIDENCE_BELOW_PROVISIONAL
2026-06-15,00690,NORMAL,MEDIUM,NO_POCKET,False,False,NORMAL_SELECTIVE,False,True,,SEPARATE_DAILY_SCAN,bundle_A,NOT_ACTIVATED_EVIDENCE_BELOW_PROVISIONAL
2026-06-15,00692,NORMAL,MEDIUM,NO_POCKET,False,False,NORMAL_SELECTIVE,False,True,,SEPARATE_DAILY_SCAN,bundle_A,NOT_ACTIVATED_EVIDENCE_BELOW_PROVISIONAL
2026-06-15,00701,NORMAL,MEDIUM,NO_POCKET,True,True,NORMAL_SELECTIVE,False,True,,SEPARATE_DAILY_SCAN,bundle_A,NOT_ACTIVATED_EVIDENCE_BELOW_PROVISIONAL
2026-06-15,00731,NORMAL,MEDIUM,NO_POCKET,True,True,NORMAL_SELECTIVE,False,True,,SEPARATE_DAILY_SCAN,bundle_A,NOT_ACTIVATED_EVIDENCE_BELOW_PROVISIONAL
2026-06-15,00735,NORMAL,MEDIUM,NO_POCKET,False,False,NORMAL_SELECTIVE,False,True,,SEPARATE_DAILY_SCAN,bundle_A,NOT_ACTIVATED_EVIDENCE_BELOW_PROVISIONAL
2026-06-15,00830,NORMAL,MEDIUM,NO_POCKET,False,False,NORMAL_SELECTIVE,False,True,,SEPARATE_DAILY_SCAN,bundle_A,NOT_ACTIVATED_EVIDENCE_BELOW_PROVISIONAL
2026-06-15,00850,NORMAL,MEDIUM,NO_POCKET,False,False,NORMAL_SELECTIVE,False,True,,SEPARATE_DAILY_SCAN,bundle_A,NOT_ACTIVATED_EVIDENCE_BELOW_PROVISIONAL
2026-06-15,00876,NORMAL,MEDIUM,NO_POCKET,False,False,NORMAL_SELECTIVE,False,True,,SEPARATE_DAILY_SCAN,bundle_A,NOT_ACTIVATED_EVIDENCE_BELOW_PROVISIONAL
2026-06-15,00900,NORMAL,MEDIUM,NO_POCKET,False,False,NORMAL_SELECTIVE,False,True,,SEPARATE_DAILY_SCAN,bundle_A,NOT_ACTIVATED_EVIDENCE_BELOW_PROVISIONAL
2026-06-15,00901,NORMAL,MEDIUM,NO_POCKET,False,False,NORMAL_SELECTIVE,False,True,,SEPARATE_DAILY_SCAN,bundle_A,NOT_ACTIVATED_EVIDENCE_BELOW_PROVISIONAL
2026-06-15,00905,NORMAL,MEDIUM,NO_POCKET,False,False,NORMAL_SELECTIVE,False,True,,SEPARATE_DAILY_SCAN,bundle_A,NOT_ACTIVATED_EVIDENCE_BELOW_PROVISIONAL
2026-06-15,00907,NORMAL,MEDIUM,NO_POCKET,True,True,NORMAL_SELECTIVE,False,True,,SEPARATE_DAILY_SCAN,bundle_A,NOT_ACTIVATED_EVIDENCE_BELOW_PROVISIONAL
2026-06-15,00908,NORMAL,MEDIUM,NO_POCKET,True,True,NORMAL_SELECTIVE,False,True,,SEPARATE_DAILY_SCAN,bundle_A,NOT_ACTIVATED_EVIDENCE_BELOW_PROVISIONAL
2026-06-15,00912,NORMAL,MEDIUM,NO_POCKET,True,True,NORMAL_SELECTIVE,False,True,,SEPARATE_DAILY_SCAN,bundle_A,NOT_ACTIVATED_EVIDENCE_BELOW_PROVISIONAL
2026-06-15,00915,NORMAL,MEDIUM,NO_POCKET,True,True,NORMAL_SELECTIVE,False,True,,SEPARATE_DAILY_SCAN,bundle_A,NOT_ACTIVATED_EVIDENCE_BELOW_PROVISIONAL
2026-06-15,00918,NORMAL,MEDIUM,NO_POCKET,False,False,NORMAL_SELECTIVE,False,True,,SEPARATE_DAILY_SCAN,bundle_A,NOT_ACTIVATED_EVIDENCE_BELOW_PROVISIONAL
2026-06-15,00923,NORMAL,MEDIUM,NO_POCKET,False,False,NORMAL_SELECTIVE,False,True,,SEPARATE_DAILY_SCAN,bundle_A,NOT_ACTIVATED_EVIDENCE_BELOW_PROVISIONAL
2026-06-15,00927,NORMAL,MEDIUM,NO_POCKET,False,False,NORMAL_SELECTIVE,False,True,,SEPARATE_DAILY_SCAN,bundle_A,NOT_ACTIVATED_EVIDENCE_BELOW_PROVISIONAL
2026-06-15,00929,NORMAL,MEDIUM,NO_POCKET,False,False,NORMAL_SELECTIVE,False,True,,SEPARATE_DAILY_SCAN,bundle_A,NOT_ACTIVATED_EVIDENCE_BELOW_PROVISIONAL
2026-06-15,00930,NORMAL,MEDIUM,NO_POCKET,False,False,NORMAL_SELECTIVE,False,True,,SEPARATE_DAILY_SCAN,bundle_A,NOT_ACTIVATED_EVIDENCE_BELOW_PROVISIONAL
2026-06-15,00935,NORMAL,MEDIUM,NO_POCKET,False,False,NORMAL_SELECTIVE,False,True,,SEPARATE_DAILY_SCAN,bundle_A,NOT_ACTIVATED_EVIDENCE_BELOW_PROVISIONAL
2026-06-15,00939,NORMAL,MEDIUM,NO_POCKET,True,True,NORMAL_SELECTIVE,False,True,,SEPARATE_DAILY_SCAN,bundle_A,NOT_ACTIVATED_EVIDENCE_BELOW_PROVISIONAL
2026-06-15,00941,NORMAL,MEDIUM,NO_POCKET,False,False,NORMAL_SELECTIVE,False,True,,SEPARATE_DAILY_SCAN,bundle_A,NOT_ACTIVATED_EVIDENCE_BELOW_PROVISIONAL
2026-06-15,00944,NORMAL,MEDIUM,NO_POCKET,True,True,NORMAL_SELECTIVE,False,True,,SEPARATE_DAILY_SCAN,bundle_A,NOT_ACTIVATED_EVIDENCE_BELOW_PROVISIONAL
2026-06-15,00947,NORMAL,MEDIUM,NO_POCKET,False,False,NORMAL_SELECTIVE,False,True,,SEPARATE_DAILY_SCAN,bundle_A,NOT_ACTIVATED_EVIDENCE_BELOW_PROVISIONAL
2026-06-15,00951,NORMAL,MEDIUM,NO_POCKET,False,False,NORMAL_SELECTIVE,False,True,,SEPARATE_DAILY_SCAN,bundle_A,NOT_ACTIVATED_EVIDENCE_BELOW_PROVISIONAL
2026-06-15,00954,NORMAL,MEDIUM,NO_POCKET,False,False,NORMAL_SELECTIVE,False,True,,SEPARATE_DAILY_SCAN,bundle_A,NOT_ACTIVATED_EVIDENCE_BELOW_PROVISIONAL
2026-06-15,009802,NORMAL,MEDIUM,NO_POCKET,False,False,NORMAL_SELECTIVE,False,True,,SEPARATE_DAILY_SCAN,bundle_A,NOT_ACTIVATED_EVIDENCE_BELOW_PROVISIONAL
2026-06-15,009804,NORMAL,MEDIUM,NO_POCKET,False,False,NORMAL_SELECTIVE,False,True,,SEPARATE_DAILY_SCAN,bundle_A,NOT_ACTIVATED_EVIDENCE_BELOW_PROVISIONAL
2026-06-15,00988A,NORMAL,MEDIUM,NO_POCKET,False,False,NORMAL_SELECTIVE,False,True,,SEPARATE_DAILY_SCAN,bundle_A,NOT_ACTIVATED_EVIDENCE_BELOW_PROVISIONAL
2026-06-15,00990A,NORMAL,MEDIUM,NO_POCKET,False,False,NORMAL_SELECTIVE,False,True,,SEPARATE_DAILY_SCAN,bundle_A,NOT_ACTIVATED_EVIDENCE_BELOW_PROVISIONAL
2026-06-15,2891,NORMAL,MEDIUM,EMERGING_POCKET,False,False,NORMAL_SELECTIVE,False,True,,SEPARATE_DAILY_SCAN,bundle_A,NOT_ACTIVATED_EVIDENCE_BELOW_PROVISIONAL
2026-06-15,3041,NORMAL,MEDIUM,EMERGING_POCKET,False,False,NORMAL_SELECTIVE,False,True,,SEPARATE_DAILY_SCAN,bundle_A,NOT_ACTIVATED_EVIDENCE_BELOW_PROVISIONAL
2026-06-15,3044,NORMAL,MEDIUM,EMERGING_POCKET,False,False,NORMAL_SELECTIVE,False,True,,SEPARATE_DAILY_SCAN,bundle_A,NOT_ACTIVATED_EVIDENCE_BELOW_PROVISIONAL
2026-06-15,4551,NORMAL,MEDIUM,EMERGING_POCKET,False,False,NORMAL_SELECTIVE,False,True,,SEPARATE_DAILY_SCAN,bundle_A,NOT_ACTIVATED_EVIDENCE_BELOW_PROVISIONAL
2026-06-15,4952,NORMAL,MEDIUM,EMERGING_POCKET,False,False,NORMAL_SELECTIVE,False,True,,SEPARATE_DAILY_SCAN,bundle_A,NOT_ACTIVATED_EVIDENCE_BELOW_PROVISIONAL
2026-06-15,5434,NORMAL,MEDIUM,EMERGING_POCKET,False,False,NORMAL_SELECTIVE,False,True,,SEPARATE_DAILY_SCAN,bundle_A,NOT_ACTIVATED_EVIDENCE_BELOW_PROVISIONAL
2026-06-15,5471,NORMAL,MEDIUM,EMERGING_POCKET,False,False,NORMAL_SELECTIVE,False,True,,SEPARATE_DAILY_SCAN,bundle_A,NOT_ACTIVATED_EVIDENCE_BELOW_PROVISIONAL
2026-06-15,6191,NORMAL,MEDIUM,EMERGING_POCKET,False,False,NORMAL_SELECTIVE,False,True,,SEPARATE_DAILY_SCAN,bundle_A,NOT_ACTIVATED_EVIDENCE_BELOW_PROVISIONAL
2026-06-15,6202,NORMAL,MEDIUM,EMERGING_POCKET,False,False,NORMAL_SELECTIVE,False,True,,SEPARATE_DAILY_SCAN,bundle_A,NOT_ACTIVATED_EVIDENCE_BELOW_PROVISIONAL
2026-06-16,0052,NORMAL,VERY_LOW,NO_POCKET,False,False,NORMAL_SELECTIVE,False,True,,SEPARATE_DAILY_SCAN,bundle_A,NOT_ACTIVATED_EVIDENCE_BELOW_PROVISIONAL
2026-06-16,0053,NORMAL,VERY_LOW,NO_POCKET,False,False,NORMAL_SELECTIVE,False,True,,SEPARATE_DAILY_SCAN,bundle_A,NOT_ACTIVATED_EVIDENCE_BELOW_PROVISIONAL
2026-06-16,0057,NORMAL,VERY_LOW,NO_POCKET,False,False,NORMAL_SELECTIVE,False,True,,SEPARATE_DAILY_SCAN,bundle_A,NOT_ACTIVATED_EVIDENCE_BELOW_PROVISIONAL
2026-06-16,00851,NORMAL,VERY_LOW,NO_POCKET,False,False,NORMAL_SELECTIVE,False,True,,SEPARATE_DAILY_SCAN,bundle_A,NOT_ACTIVATED_EVIDENCE_BELOW_PROVISIONAL
2026-06-16,00861,NORMAL,VERY_LOW,NO_POCKET,False,False,NORMAL_SELECTIVE,False,True,,SEPARATE_DAILY_SCAN,bundle_A,NOT_ACTIVATED_EVIDENCE_BELOW_PROVISIONAL
2026-06-16,00881,NORMAL,VERY_LOW,NO_POCKET,False,False,NORMAL_SELECTIVE,False,True,,SEPARATE_DAILY_SCAN,bundle_A,NOT_ACTIVATED_EVIDENCE_BELOW_PROVISIONAL
2026-06-16,00892,NORMAL,VERY_LOW,NO_POCKET,False,False,NORMAL_SELECTIVE,False,True,,SEPARATE_DAILY_SCAN,bundle_A,NOT_ACTIVATED_EVIDENCE_BELOW_PROVISIONAL
2026-06-16,00893,NORMAL,VERY_LOW,NO_POCKET,False,False,NORMAL_SELECTIVE,False,True,,SEPARATE_DAILY_SCAN,bundle_A,NOT_ACTIVATED_EVIDENCE_BELOW_PROVISIONAL
2026-06-16,00898,NORMAL,VERY_LOW,NO_POCKET,True,True,NORMAL_SELECTIVE,False,True,,SEPARATE_DAILY_SCAN,bundle_A,NOT_ACTIVATED_EVIDENCE_BELOW_PROVISIONAL
2026-06-16,00911,NORMAL,VERY_LOW,NO_POCKET,False,False,NORMAL_SELECTIVE,False,True,,SEPARATE_DAILY_SCAN,bundle_A,NOT_ACTIVATED_EVIDENCE_BELOW_PROVISIONAL
2026-06-16,00913,NORMAL,VERY_LOW,NO_POCKET,False,False,NORMAL_SELECTIVE,False,True,,SEPARATE_DAILY_SCAN,bundle_A,NOT_ACTIVATED_EVIDENCE_BELOW_PROVISIONAL
2026-06-16,00922,NORMAL,VERY_LOW,NO_POCKET,False,False,NORMAL_SELECTIVE,False,True,,SEPARATE_DAILY_SCAN,bundle_A,NOT_ACTIVATED_EVIDENCE_BELOW_PROVISIONAL
2026-06-16,009809,NORMAL,VERY_LOW,NO_POCKET,False,False,NORMAL_SELECTIVE,False,True,,SEPARATE_DAILY_SCAN,bundle_A,NOT_ACTIVATED_EVIDENCE_BELOW_PROVISIONAL
2026-06-16,00980A,NORMAL,VERY_LOW,NO_POCKET,False,False,NORMAL_SELECTIVE,False,True,,SEPARATE_DAILY_SCAN,bundle_A,NOT_ACTIVATED_EVIDENCE_BELOW_PROVISIONAL
2026-06-16,009816,NORMAL,VERY_LOW,NO_POCKET,False,False,NORMAL_SELECTIVE,False,True,,SEPARATE_DAILY_SCAN,bundle_A,NOT_ACTIVATED_EVIDENCE_BELOW_PROVISIONAL
2026-06-16,00983A,NORMAL,VERY_LOW,NO_POCKET,False,False,NORMAL_SELECTIVE,False,True,,SEPARATE_DAILY_SCAN,bundle_A,NOT_ACTIVATED_EVIDENCE_BELOW_PROVISIONAL
2026-06-16,00989A,NORMAL,VERY_LOW,NO_POCKET,False,False,NORMAL_SELECTIVE,False,True,,SEPARATE_DAILY_SCAN,bundle_A,NOT_ACTIVATED_EVIDENCE_BELOW_PROVISIONAL
2026-06-16,00991A,NORMAL,VERY_LOW,NO_POCKET,False,False,NORMAL_SELECTIVE,False,True,,SEPARATE_DAILY_SCAN,bundle_A,NOT_ACTIVATED_EVIDENCE_BELOW_PROVISIONAL
2026-06-16,00995A,NORMAL,VERY_LOW,NO_POCKET,False,False,NORMAL_SELECTIVE,False,True,,SEPARATE_DAILY_SCAN,bundle_A,NOT_ACTIVATED_EVIDENCE_BELOW_PROVISIONAL
2026-06-16,1456,NORMAL,VERY_LOW,NARROW_LEADERSHIP,True,True,NORMAL_SELECTIVE,True,False,,SEPARATE_DAILY_SCAN,bundle_A,NOT_ACTIVATED_EVIDENCE_BELOW_PROVISIONAL
2026-06-16,2340,NORMAL,VERY_LOW,CONFIRMED_POCKET,False,False,NORMAL_SELECTIVE,False,True,,SEPARATE_DAILY_SCAN,bundle_A,NOT_ACTIVATED_EVIDENCE_BELOW_PROVISIONAL
2026-06-17,00403A,NORMAL,HIGH,NO_POCKET,False,False,NORMAL_SELECTIVE,False,True,,SEPARATE_DAILY_SCAN,bundle_A,NOT_ACTIVATED_EVIDENCE_BELOW_PROVISIONAL
2026-06-17,1301,NORMAL,HIGH,EMERGING_POCKET,False,False,NORMAL_SELECTIVE,False,True,,SEPARATE_DAILY_SCAN,bundle_A,NOT_ACTIVATED_EVIDENCE_BELOW_PROVISIONAL
2026-06-17,1465,NORMAL,HIGH,EMERGING_POCKET,True,True,NORMAL_SELECTIVE,True,False,,SEPARATE_DAILY_SCAN,bundle_A,NOT_ACTIVATED_EVIDENCE_BELOW_PROVISIONAL
2026-06-17,1515,NORMAL,HIGH,EMERGING_POCKET,False,False,NORMAL_SELECTIVE,False,True,,SEPARATE_DAILY_SCAN,bundle_A,NOT_ACTIVATED_EVIDENCE_BELOW_PROVISIONAL
2026-06-17,1531,NORMAL,HIGH,NO_POCKET,True,True,NORMAL_SELECTIVE,False,True,,SEPARATE_DAILY_SCAN,bundle_A,NOT_ACTIVATED_EVIDENCE_BELOW_PROVISIONAL
2026-06-17,1541,NORMAL,HIGH,EMERGING_POCKET,False,False,NORMAL_SELECTIVE,False,True,,SEPARATE_DAILY_SCAN,bundle_A,NOT_ACTIVATED_EVIDENCE_BELOW_PROVISIONAL
2026-06-17,1802,NORMAL,HIGH,EMERGING_POCKET,False,False,NORMAL_SELECTIVE,False,True,,SEPARATE_DAILY_SCAN,bundle_A,NOT_ACTIVATED_EVIDENCE_BELOW_PROVISIONAL
2026-06-17,2402,NORMAL,HIGH,EMERGING_POCKET,False,False,NORMAL_SELECTIVE,False,True,,SEPARATE_DAILY_SCAN,bundle_A,NOT_ACTIVATED_EVIDENCE_BELOW_PROVISIONAL
2026-06-17,2460,NORMAL,HIGH,EMERGING_POCKET,False,False,NORMAL_SELECTIVE,False,True,,SEPARATE_DAILY_SCAN,bundle_A,NOT_ACTIVATED_EVIDENCE_BELOW_PROVISIONAL
2026-06-17,2489,NORMAL,HIGH,NARROW_LEADERSHIP,False,False,NORMAL_SELECTIVE,False,True,,SEPARATE_DAILY_SCAN,bundle_A,NOT_ACTIVATED_EVIDENCE_BELOW_PROVISIONAL
2026-06-17,2611,NORMAL,HIGH,EMERGING_POCKET,True,True,NORMAL_SELECTIVE,True,False,,SEPARATE_DAILY_SCAN,bundle_A,NOT_ACTIVATED_EVIDENCE_BELOW_PROVISIONAL
2026-06-17,3535,NORMAL,HIGH,EMERGING_POCKET,False,False,NORMAL_SELECTIVE,False,True,,SEPARATE_DAILY_SCAN,bundle_A,NOT_ACTIVATED_EVIDENCE_BELOW_PROVISIONAL
2026-06-17,4722,NORMAL,HIGH,EMERGING_POCKET,False,False,NORMAL_SELECTIVE,False,True,,SEPARATE_DAILY_SCAN,bundle_A,NOT_ACTIVATED_EVIDENCE_BELOW_PROVISIONAL
2026-06-17,5469,NORMAL,HIGH,EMERGING_POCKET,False,False,NORMAL_SELECTIVE,False,True,,SEPARATE_DAILY_SCAN,bundle_A,NOT_ACTIVATED_EVIDENCE_BELOW_PROVISIONAL
2026-06-17,6213,NORMAL,HIGH,EMERGING_POCKET,False,False,NORMAL_SELECTIVE,False,True,,SEPARATE_DAILY_SCAN,bundle_A,NOT_ACTIVATED_EVIDENCE_BELOW_PROVISIONAL
2026-06-17,6472,NORMAL,HIGH,EMERGING_POCKET,True,True,NORMAL_SELECTIVE,True,False,,SEPARATE_DAILY_SCAN,bundle_A,NOT_ACTIVATED_EVIDENCE_BELOW_PROVISIONAL
2026-06-17,7786,NORMAL,HIGH,EMERGING_POCKET,False,False,NORMAL_SELECTIVE,False,True,,SEPARATE_DAILY_SCAN,bundle_A,NOT_ACTIVATED_EVIDENCE_BELOW_PROVISIONAL
2026-06-17,7795,NORMAL,HIGH,EMERGING_POCKET,False,False,NORMAL_SELECTIVE,False,True,,SEPARATE_DAILY_SCAN,bundle_A,NOT_ACTIVATED_EVIDENCE_BELOW_PROVISIONAL
2026-06-17,8039,NORMAL,HIGH,EMERGING_POCKET,False,False,NORMAL_SELECTIVE,False,True,,SEPARATE_DAILY_SCAN,bundle_A,NOT_ACTIVATED_EVIDENCE_BELOW_PROVISIONAL
2026-06-17,9136,NORMAL,HIGH,EMERGING_POCKET,True,True,NORMAL_SELECTIVE,True,False,,SEPARATE_DAILY_SCAN,bundle_A,NOT_ACTIVATED_EVIDENCE_BELOW_PROVISIONAL
2026-06-18,0051,NORMAL,HIGH,NO_POCKET,False,False,NORMAL_SELECTIVE,False,True,,SEPARATE_DAILY_SCAN,bundle_A,NOT_ACTIVATED_EVIDENCE_BELOW_PROVISIONAL
2026-06-18,00733,NORMAL,HIGH,NO_POCKET,False,False,NORMAL_SELECTIVE,False,True,,SEPARATE_DAILY_SCAN,bundle_A,NOT_ACTIVATED_EVIDENCE_BELOW_PROVISIONAL
2026-06-18,00762,NORMAL,HIGH,NO_POCKET,False,False,NORMAL_SELECTIVE,False,True,,SEPARATE_DAILY_SCAN,bundle_A,NOT_ACTIVATED_EVIDENCE_BELOW_PROVISIONAL
2026-06-18,00896,NORMAL,HIGH,NO_POCKET,False,False,NORMAL_SELECTIVE,False,True,,SEPARATE_DAILY_SCAN,bundle_A,NOT_ACTIVATED_EVIDENCE_BELOW_PROVISIONAL
2026-06-18,00946,NORMAL,HIGH,NO_POCKET,True,True,NORMAL_SELECTIVE,False,True,,SEPARATE_DAILY_SCAN,bundle_A,NOT_ACTIVATED_EVIDENCE_BELOW_PROVISIONAL
2026-06-18,009803,NORMAL,HIGH,NO_POCKET,False,False,NORMAL_SELECTIVE,False,True,,SEPARATE_DAILY_SCAN,bundle_A,NOT_ACTIVATED_EVIDENCE_BELOW_PROVISIONAL
2026-06-18,009808,NORMAL,HIGH,NO_POCKET,False,False,NORMAL_SELECTIVE,False,True,,SEPARATE_DAILY_SCAN,bundle_A,NOT_ACTIVATED_EVIDENCE_BELOW_PROVISIONAL
2026-06-18,00982A,NORMAL,HIGH,NO_POCKET,False,False,NORMAL_SELECTIVE,False,True,,SEPARATE_DAILY_SCAN,bundle_A,NOT_ACTIVATED_EVIDENCE_BELOW_PROVISIONAL
2026-06-18,00993A,NORMAL,HIGH,NO_POCKET,False,False,NORMAL_SELECTIVE,False,True,,SEPARATE_DAILY_SCAN,bundle_A,NOT_ACTIVATED_EVIDENCE_BELOW_PROVISIONAL
2026-06-22,00639,NORMAL,HIGH,NO_POCKET,False,False,NORMAL_SELECTIVE,False,True,,SEPARATE_DAILY_SCAN,bundle_A,NOT_ACTIVATED_EVIDENCE_BELOW_PROVISIONAL
2026-06-22,1905,NORMAL,HIGH,NARROW_LEADERSHIP,True,True,NORMAL_SELECTIVE,True,False,,SEPARATE_DAILY_SCAN,bundle_A,NOT_ACTIVATED_EVIDENCE_BELOW_PROVISIONAL
2026-06-22,2415,NORMAL,HIGH,NARROW_LEADERSHIP,True,True,NORMAL_SELECTIVE,True,False,,SEPARATE_DAILY_SCAN,bundle_A,NOT_ACTIVATED_EVIDENCE_BELOW_PROVISIONAL
2026-06-22,6919,NORMAL,HIGH,EMERGING_POCKET,False,False,NORMAL_SELECTIVE,False,True,,SEPARATE_DAILY_SCAN,bundle_A,NOT_ACTIVATED_EVIDENCE_BELOW_PROVISIONAL
2026-06-22,8072,NORMAL,HIGH,CONFIRMED_POCKET,False,False,NORMAL_SELECTIVE,False,True,,SEPARATE_DAILY_SCAN,bundle_A,NOT_ACTIVATED_EVIDENCE_BELOW_PROVISIONAL
2026-06-23,1437,NORMAL,VERY_LOW,NARROW_LEADERSHIP,True,True,NORMAL_SELECTIVE,True,False,,SEPARATE_DAILY_SCAN,bundle_A,NOT_ACTIVATED_EVIDENCE_BELOW_PROVISIONAL
2026-06-23,1529,NORMAL,VERY_LOW,EMERGING_POCKET,True,True,NORMAL_SELECTIVE,True,False,,SEPARATE_DAILY_SCAN,bundle_A,NOT_ACTIVATED_EVIDENCE_BELOW_PROVISIONAL
2026-06-23,1535,NORMAL,VERY_LOW,EMERGING_POCKET,True,True,NORMAL_SELECTIVE,True,False,,SEPARATE_DAILY_SCAN,bundle_A,NOT_ACTIVATED_EVIDENCE_BELOW_PROVISIONAL
2026-06-23,2330,NORMAL,VERY_LOW,EMERGING_POCKET,False,False,NORMAL_SELECTIVE,False,True,,SEPARATE_DAILY_SCAN,bundle_A,NOT_ACTIVATED_EVIDENCE_BELOW_PROVISIONAL
2026-06-23,2399,NORMAL,VERY_LOW,NARROW_LEADERSHIP,False,False,NORMAL_SELECTIVE,False,True,,SEPARATE_DAILY_SCAN,bundle_A,NOT_ACTIVATED_EVIDENCE_BELOW_PROVISIONAL
2026-06-23,2466,NORMAL,VERY_LOW,EMERGING_POCKET,True,True,NORMAL_SELECTIVE,True,False,,SEPARATE_DAILY_SCAN,bundle_A,NOT_ACTIVATED_EVIDENCE_BELOW_PROVISIONAL
2026-06-23,2634,NORMAL,VERY_LOW,NO_POCKET,False,False,NORMAL_SELECTIVE,False,True,,SEPARATE_DAILY_SCAN,bundle_A,NOT_ACTIVATED_EVIDENCE_BELOW_PROVISIONAL
2026-06-23,2646,NORMAL,VERY_LOW,NO_POCKET,True,True,NORMAL_SELECTIVE,False,True,,SEPARATE_DAILY_SCAN,bundle_A,NOT_ACTIVATED_EVIDENCE_BELOW_PROVISIONAL
2026-06-23,2832,NORMAL,VERY_LOW,EMERGING_POCKET,False,False,NORMAL_SELECTIVE,False,True,,SEPARATE_DAILY_SCAN,bundle_A,NOT_ACTIVATED_EVIDENCE_BELOW_PROVISIONAL
2026-06-23,3530,NORMAL,VERY_LOW,EMERGING_POCKET,False,False,NORMAL_SELECTIVE,False,True,,SEPARATE_DAILY_SCAN,bundle_A,NOT_ACTIVATED_EVIDENCE_BELOW_PROVISIONAL
2026-06-23,3712,NORMAL,VERY_LOW,NARROW_LEADERSHIP,False,False,NORMAL_SELECTIVE,False,True,,SEPARATE_DAILY_SCAN,bundle_A,NOT_ACTIVATED_EVIDENCE_BELOW_PROVISIONAL
2026-06-23,5283,NORMAL,VERY_LOW,NARROW_LEADERSHIP,True,True,NORMAL_SELECTIVE,True,False,,SEPARATE_DAILY_SCAN,bundle_A,NOT_ACTIVATED_EVIDENCE_BELOW_PROVISIONAL
2026-06-23,6243,NORMAL,VERY_LOW,CONFIRMED_POCKET,False,False,NORMAL_SELECTIVE,False,True,,SEPARATE_DAILY_SCAN,bundle_A,NOT_ACTIVATED_EVIDENCE_BELOW_PROVISIONAL
2026-06-23,6257,NORMAL,VERY_LOW,EMERGING_POCKET,False,False,NORMAL_SELECTIVE,False,True,,SEPARATE_DAILY_SCAN,bundle_A,NOT_ACTIVATED_EVIDENCE_BELOW_PROVISIONAL
2026-06-23,6573,NORMAL,VERY_LOW,NARROW_LEADERSHIP,False,False,NORMAL_SELECTIVE,False,True,,SEPARATE_DAILY_SCAN,bundle_A,NOT_ACTIVATED_EVIDENCE_BELOW_PROVISIONAL
2026-06-23,6715,NORMAL,VERY_LOW,EMERGING_POCKET,False,False,NORMAL_SELECTIVE,False,True,,SEPARATE_DAILY_SCAN,bundle_A,NOT_ACTIVATED_EVIDENCE_BELOW_PROVISIONAL
2026-06-23,8046,NORMAL,VERY_LOW,NARROW_LEADERSHIP,False,False,NORMAL_SELECTIVE,False,True,,SEPARATE_DAILY_SCAN,bundle_A,NOT_ACTIVATED_EVIDENCE_BELOW_PROVISIONAL
2026-06-23,8438,NORMAL,VERY_LOW,NARROW_LEADERSHIP,False,False,NORMAL_SELECTIVE,False,True,,SEPARATE_DAILY_SCAN,bundle_A,NOT_ACTIVATED_EVIDENCE_BELOW_PROVISIONAL
2026-06-23,9930,NORMAL,VERY_LOW,EMERGING_POCKET,False,False,NORMAL_SELECTIVE,False,True,,SEPARATE_DAILY_SCAN,bundle_A,NOT_ACTIVATED_EVIDENCE_BELOW_PROVISIONAL
2026-06-23,9940,NORMAL,VERY_LOW,NO_POCKET,False,False,NORMAL_SELECTIVE,False,True,,SEPARATE_DAILY_SCAN,bundle_A,NOT_ACTIVATED_EVIDENCE_BELOW_PROVISIONAL
2026-06-24,1216,NORMAL,LOW,EMERGING_POCKET,True,True,NORMAL_SELECTIVE,True,False,,SEPARATE_DAILY_SCAN,bundle_A,NOT_ACTIVATED_EVIDENCE_BELOW_PROVISIONAL
2026-06-24,1234,NORMAL,LOW,EMERGING_POCKET,True,True,NORMAL_SELECTIVE,True,False,,SEPARATE_DAILY_SCAN,bundle_A,NOT_ACTIVATED_EVIDENCE_BELOW_PROVISIONAL
2026-06-24,1236,NORMAL,LOW,EMERGING_POCKET,True,True,NORMAL_SELECTIVE,True,False,,SEPARATE_DAILY_SCAN,bundle_A,NOT_ACTIVATED_EVIDENCE_BELOW_PROVISIONAL
2026-06-24,1310,NORMAL,LOW,EMERGING_POCKET,False,False,NORMAL_SELECTIVE,False,True,,SEPARATE_DAILY_SCAN,bundle_A,NOT_ACTIVATED_EVIDENCE_BELOW_PROVISIONAL
2026-06-24,1315,NORMAL,LOW,EMERGING_POCKET,True,True,NORMAL_SELECTIVE,True,False,,SEPARATE_DAILY_SCAN,bundle_A,NOT_ACTIVATED_EVIDENCE_BELOW_PROVISIONAL
2026-06-24,1449,NORMAL,LOW,EMERGING_POCKET,False,False,NORMAL_SELECTIVE,False,True,,SEPARATE_DAILY_SCAN,bundle_A,NOT_ACTIVATED_EVIDENCE_BELOW_PROVISIONAL
2026-06-24,1475,NORMAL,LOW,EMERGING_POCKET,False,False,NORMAL_SELECTIVE,False,True,,SEPARATE_DAILY_SCAN,bundle_A,NOT_ACTIVATED_EVIDENCE_BELOW_PROVISIONAL
2026-06-24,2352,NORMAL,LOW,EMERGING_POCKET,True,True,NORMAL_SELECTIVE,True,False,,SEPARATE_DAILY_SCAN,bundle_A,NOT_ACTIVATED_EVIDENCE_BELOW_PROVISIONAL
2026-06-24,2539,NORMAL,LOW,NARROW_LEADERSHIP,False,False,NORMAL_SELECTIVE,False,True,,SEPARATE_DAILY_SCAN,bundle_A,NOT_ACTIVATED_EVIDENCE_BELOW_PROVISIONAL
2026-06-24,2910,NORMAL,LOW,EMERGING_POCKET,True,True,NORMAL_SELECTIVE,True,False,,SEPARATE_DAILY_SCAN,bundle_A,NOT_ACTIVATED_EVIDENCE_BELOW_PROVISIONAL
2026-06-24,3588,NORMAL,LOW,EMERGING_POCKET,False,False,NORMAL_SELECTIVE,False,True,,SEPARATE_DAILY_SCAN,bundle_A,NOT_ACTIVATED_EVIDENCE_BELOW_PROVISIONAL
2026-06-24,4119,NORMAL,LOW,EMERGING_POCKET,False,False,NORMAL_SELECTIVE,False,True,,SEPARATE_DAILY_SCAN,bundle_A,NOT_ACTIVATED_EVIDENCE_BELOW_PROVISIONAL
2026-06-24,4164,NORMAL,LOW,EMERGING_POCKET,False,False,NORMAL_SELECTIVE,False,True,,SEPARATE_DAILY_SCAN,bundle_A,NOT_ACTIVATED_EVIDENCE_BELOW_PROVISIONAL
2026-06-24,4169,NORMAL,LOW,EMERGING_POCKET,True,True,NORMAL_SELECTIVE,True,False,,SEPARATE_DAILY_SCAN,bundle_A,NOT_ACTIVATED_EVIDENCE_BELOW_PROVISIONAL
2026-06-24,6505,NORMAL,LOW,EMERGING_POCKET,False,False,NORMAL_SELECTIVE,False,True,,SEPARATE_DAILY_SCAN,bundle_A,NOT_ACTIVATED_EVIDENCE_BELOW_PROVISIONAL
2026-06-24,6909,NORMAL,LOW,NARROW_LEADERSHIP,False,False,NORMAL_SELECTIVE,False,True,,SEPARATE_DAILY_SCAN,bundle_A,NOT_ACTIVATED_EVIDENCE_BELOW_PROVISIONAL
2026-06-24,7799,NORMAL,LOW,NARROW_LEADERSHIP,False,False,NORMAL_SELECTIVE,False,True,,SEPARATE_DAILY_SCAN,bundle_A,NOT_ACTIVATED_EVIDENCE_BELOW_PROVISIONAL
2026-06-24,9944,NORMAL,LOW,EMERGING_POCKET,True,True,NORMAL_SELECTIVE,True,False,,SEPARATE_DAILY_SCAN,bundle_A,NOT_ACTIVATED_EVIDENCE_BELOW_PROVISIONAL
2026-06-24,Plastics,NORMAL,LOW,NO_POCKET,False,False,NORMAL_SELECTIVE,False,True,,SEPARATE_DAILY_SCAN,bundle_A,NOT_ACTIVATED_EVIDENCE_BELOW_PROVISIONAL
2026-06-25,00674R,NORMAL,HIGH,NO_POCKET,True,True,NORMAL_SELECTIVE,False,True,,SEPARATE_DAILY_SCAN,bundle_A,NOT_ACTIVATED_EVIDENCE_BELOW_PROVISIONAL
2026-06-25,1313,NORMAL,HIGH,EMERGING_POCKET,False,False,NORMAL_SELECTIVE,False,True,,SEPARATE_DAILY_SCAN,bundle_A,NOT_ACTIVATED_EVIDENCE_BELOW_PROVISIONAL
2026-06-25,1709,NORMAL,HIGH,EMERGING_POCKET,False,False,NORMAL_SELECTIVE,False,True,,SEPARATE_DAILY_SCAN,bundle_A,NOT_ACTIVATED_EVIDENCE_BELOW_PROVISIONAL
2026-06-25,1725,NORMAL,HIGH,EMERGING_POCKET,False,False,NORMAL_SELECTIVE,False,True,,SEPARATE_DAILY_SCAN,bundle_A,NOT_ACTIVATED_EVIDENCE_BELOW_PROVISIONAL
2026-06-25,1776,NORMAL,HIGH,NARROW_LEADERSHIP,False,False,NORMAL_SELECTIVE,False,True,,SEPARATE_DAILY_SCAN,bundle_A,NOT_ACTIVATED_EVIDENCE_BELOW_PROVISIONAL
2026-06-25,2103,NORMAL,HIGH,EMERGING_POCKET,True,True,NORMAL_SELECTIVE,True,False,,SEPARATE_DAILY_SCAN,bundle_A,NOT_ACTIVATED_EVIDENCE_BELOW_PROVISIONAL
2026-06-25,2107,NORMAL,HIGH,EMERGING_POCKET,True,True,NORMAL_SELECTIVE,True,False,,SEPARATE_DAILY_SCAN,bundle_A,NOT_ACTIVATED_EVIDENCE_BELOW_PROVISIONAL
2026-06-25,2458,NORMAL,HIGH,NARROW_LEADERSHIP,False,False,NORMAL_SELECTIVE,False,True,,SEPARATE_DAILY_SCAN,bundle_A,NOT_ACTIVATED_EVIDENCE_BELOW_PROVISIONAL
2026-06-25,3591,NORMAL,HIGH,NARROW_LEADERSHIP,True,True,NORMAL_SELECTIVE,True,False,,SEPARATE_DAILY_SCAN,bundle_A,NOT_ACTIVATED_EVIDENCE_BELOW_PROVISIONAL
2026-06-25,4306,NORMAL,HIGH,EMERGING_POCKET,True,True,NORMAL_SELECTIVE,True,False,,SEPARATE_DAILY_SCAN,bundle_A,NOT_ACTIVATED_EVIDENCE_BELOW_PROVISIONAL
2026-06-25,4414,NORMAL,HIGH,EMERGING_POCKET,True,True,NORMAL_SELECTIVE,True,False,,SEPARATE_DAILY_SCAN,bundle_A,NOT_ACTIVATED_EVIDENCE_BELOW_PROVISIONAL
2026-06-25,5880,NORMAL,HIGH,EMERGING_POCKET,True,True,NORMAL_SELECTIVE,True,False,,SEPARATE_DAILY_SCAN,bundle_A,NOT_ACTIVATED_EVIDENCE_BELOW_PROVISIONAL
2026-06-25,6582,NORMAL,HIGH,EMERGING_POCKET,True,True,NORMAL_SELECTIVE,True,False,,SEPARATE_DAILY_SCAN,bundle_A,NOT_ACTIVATED_EVIDENCE_BELOW_PROVISIONAL
2026-06-25,8464,NORMAL,HIGH,EMERGING_POCKET,True,True,NORMAL_SELECTIVE,True,False,,SEPARATE_DAILY_SCAN,bundle_A,NOT_ACTIVATED_EVIDENCE_BELOW_PROVISIONAL
2026-06-26,2516,WEAKENING,VERY_LOW,EMERGING_POCKET,True,True,CONTRACT_TO_CONFIRMED_OR_NARROW,False,True,MARKET_WEAKENING_OR_SURVIVAL_NOT_CONFIRMED,SEPARATE_DAILY_SCAN,bundle_A,NOT_ACTIVATED_EVIDENCE_BELOW_PROVISIONAL
2026-06-26,2527,WEAKENING,VERY_LOW,EMERGING_POCKET,True,True,CONTRACT_TO_CONFIRMED_OR_NARROW,False,True,MARKET_WEAKENING_OR_SURVIVAL_NOT_CONFIRMED,SEPARATE_DAILY_SCAN,bundle_A,NOT_ACTIVATED_EVIDENCE_BELOW_PROVISIONAL
2026-06-26,2633,WEAKENING,VERY_LOW,EMERGING_POCKET,True,True,CONTRACT_TO_CONFIRMED_OR_NARROW,False,True,MARKET_WEAKENING_OR_SURVIVAL_NOT_CONFIRMED,SEPARATE_DAILY_SCAN,bundle_A,NOT_ACTIVATED_EVIDENCE_BELOW_PROVISIONAL
2026-06-26,2706,WEAKENING,VERY_LOW,EMERGING_POCKET,True,True,CONTRACT_TO_CONFIRMED_OR_NARROW,False,True,MARKET_WEAKENING_OR_SURVIVAL_NOT_CONFIRMED,SEPARATE_DAILY_SCAN,bundle_A,NOT_ACTIVATED_EVIDENCE_BELOW_PROVISIONAL
2026-06-26,2739,WEAKENING,VERY_LOW,EMERGING_POCKET,True,True,CONTRACT_TO_CONFIRMED_OR_NARROW,False,True,MARKET_WEAKENING_OR_SURVIVAL_NOT_CONFIRMED,SEPARATE_DAILY_SCAN,bundle_A,NOT_ACTIVATED_EVIDENCE_BELOW_PROVISIONAL
2026-06-26,3717,WEAKENING,VERY_LOW,NO_POCKET,True,True,CONTRACT_TO_CONFIRMED_OR_NARROW,False,True,MARKET_WEAKENING_OR_SURVIVAL_NOT_CONFIRMED,SEPARATE_DAILY_SCAN,bundle_A,NOT_ACTIVATED_EVIDENCE_BELOW_PROVISIONAL
2026-06-26,6168,WEAKENING,VERY_LOW,NARROW_LEADERSHIP,False,False,CONTRACT_TO_CONFIRMED_OR_NARROW,False,True,MARKET_WEAKENING_OR_SURVIVAL_NOT_CONFIRMED,SEPARATE_DAILY_SCAN,bundle_A,NOT_ACTIVATED_EVIDENCE_BELOW_PROVISIONAL
2026-06-26,6177,WEAKENING,VERY_LOW,EMERGING_POCKET,True,True,CONTRACT_TO_CONFIRMED_OR_NARROW,False,True,MARKET_WEAKENING_OR_SURVIVAL_NOT_CONFIRMED,SEPARATE_DAILY_SCAN,bundle_A,NOT_ACTIVATED_EVIDENCE_BELOW_PROVISIONAL
2026-06-26,6743,WEAKENING,VERY_LOW,NO_POCKET,True,True,CONTRACT_TO_CONFIRMED_OR_NARROW,False,True,MARKET_WEAKENING_OR_SURVIVAL_NOT_CONFIRMED,SEPARATE_DAILY_SCAN,bundle_A,NOT_ACTIVATED_EVIDENCE_BELOW_PROVISIONAL
2026-06-26,7631,WEAKENING,VERY_LOW,NARROW_LEADERSHIP,True,True,CONTRACT_TO_CONFIRMED_OR_NARROW,True,False,,SEPARATE_DAILY_SCAN,bundle_A,NOT_ACTIVATED_EVIDENCE_BELOW_PROVISIONAL
2026-06-26,8033,WEAKENING,VERY_LOW,NARROW_LEADERSHIP,True,True,CONTRACT_TO_CONFIRMED_OR_NARROW,True,False,,SEPARATE_DAILY_SCAN,bundle_A,NOT_ACTIVATED_EVIDENCE_BELOW_PROVISIONAL
2026-06-26,9914,WEAKENING,VERY_LOW,NARROW_LEADERSHIP,False,False,CONTRACT_TO_CONFIRMED_OR_NARROW,False,True,MARKET_WEAKENING_OR_SURVIVAL_NOT_CONFIRMED,SEPARATE_DAILY_SCAN,bundle_A,NOT_ACTIVATED_EVIDENCE_BELOW_PROVISIONAL
2026-06-26,9921,WEAKENING,VERY_LOW,EMERGING_POCKET,False,False,CONTRACT_TO_CONFIRMED_OR_NARROW,False,True,MARKET_WEAKENING_OR_SURVIVAL_NOT_CONFIRMED,SEPARATE_DAILY_SCAN,bundle_A,NOT_ACTIVATED_EVIDENCE_BELOW_PROVISIONAL
2026-06-29,00638R,RISK_OFF,LOW,NO_POCKET,True,True,ABSTAIN_UNLESS_CONFIRMED_POCKET,False,True,NO_CONFIRMED_POCKET,SEPARATE_DAILY_SCAN,bundle_A,NOT_ACTIVATED_EVIDENCE_BELOW_PROVISIONAL
2026-06-29,00656R,RISK_OFF,LOW,NO_POCKET,True,True,ABSTAIN_UNLESS_CONFIRMED_POCKET,False,True,NO_CONFIRMED_POCKET,SEPARATE_DAILY_SCAN,bundle_A,NOT_ACTIVATED_EVIDENCE_BELOW_PROVISIONAL
2026-06-29,00671R,RISK_OFF,LOW,NO_POCKET,True,True,ABSTAIN_UNLESS_CONFIRMED_POCKET,False,True,NO_CONFIRMED_POCKET,SEPARATE_DAILY_SCAN,bundle_A,NOT_ACTIVATED_EVIDENCE_BELOW_PROVISIONAL
2026-06-29,00712,RISK_OFF,LOW,NO_POCKET,True,True,ABSTAIN_UNLESS_CONFIRMED_POCKET,False,True,NO_CONFIRMED_POCKET,SEPARATE_DAILY_SCAN,bundle_A,NOT_ACTIVATED_EVIDENCE_BELOW_PROVISIONAL
2026-06-29,1229,RISK_OFF,LOW,EMERGING_POCKET,True,True,ABSTAIN_UNLESS_CONFIRMED_POCKET,False,True,NO_CONFIRMED_POCKET,SEPARATE_DAILY_SCAN,bundle_A,NOT_ACTIVATED_EVIDENCE_BELOW_PROVISIONAL
2026-06-29,1435,RISK_OFF,LOW,EMERGING_POCKET,True,True,ABSTAIN_UNLESS_CONFIRMED_POCKET,False,True,NO_CONFIRMED_POCKET,SEPARATE_DAILY_SCAN,bundle_A,NOT_ACTIVATED_EVIDENCE_BELOW_PROVISIONAL
2026-06-29,1626,RISK_OFF,LOW,EMERGING_POCKET,True,True,ABSTAIN_UNLESS_CONFIRMED_POCKET,False,True,NO_CONFIRMED_POCKET,SEPARATE_DAILY_SCAN,bundle_A,NOT_ACTIVATED_EVIDENCE_BELOW_PROVISIONAL
2026-06-29,1736,RISK_OFF,LOW,NO_POCKET,False,False,ABSTAIN_UNLESS_CONFIRMED_POCKET,False,True,NO_CONFIRMED_POCKET,SEPARATE_DAILY_SCAN,bundle_A,NOT_ACTIVATED_EVIDENCE_BELOW_PROVISIONAL
2026-06-29,2236,RISK_OFF,LOW,EMERGING_POCKET,False,False,ABSTAIN_UNLESS_CONFIRMED_POCKET,False,True,NO_CONFIRMED_POCKET,SEPARATE_DAILY_SCAN,bundle_A,NOT_ACTIVATED_EVIDENCE_BELOW_PROVISIONAL
2026-06-29,2380,RISK_OFF,LOW,NARROW_LEADERSHIP,False,False,ABSTAIN_UNLESS_CONFIRMED_POCKET,False,True,NO_CONFIRMED_POCKET,SEPARATE_DAILY_SCAN,bundle_A,NOT_ACTIVATED_EVIDENCE_BELOW_PROVISIONAL
2026-06-29,2630,RISK_OFF,LOW,EMERGING_POCKET,False,False,ABSTAIN_UNLESS_CONFIRMED_POCKET,False,True,NO_CONFIRMED_POCKET,SEPARATE_DAILY_SCAN,bundle_A,NOT_ACTIVATED_EVIDENCE_BELOW_PROVISIONAL
2026-06-29,4560,RISK_OFF,LOW,EMERGING_POCKET,True,True,ABSTAIN_UNLESS_CONFIRMED_POCKET,False,True,NO_CONFIRMED_POCKET,SEPARATE_DAILY_SCAN,bundle_A,NOT_ACTIVATED_EVIDENCE_BELOW_PROVISIONAL
2026-06-29,6491,RISK_OFF,LOW,EMERGING_POCKET,True,True,ABSTAIN_UNLESS_CONFIRMED_POCKET,False,True,NO_CONFIRMED_POCKET,SEPARATE_DAILY_SCAN,bundle_A,NOT_ACTIVATED_EVIDENCE_BELOW_PROVISIONAL
2026-06-29,7803,RISK_OFF,LOW,NO_POCKET,True,True,ABSTAIN_UNLESS_CONFIRMED_POCKET,False,True,NO_CONFIRMED_POCKET,SEPARATE_DAILY_SCAN,bundle_A,NOT_ACTIVATED_EVIDENCE_BELOW_PROVISIONAL
2026-06-29,9905,RISK_OFF,LOW,NO_POCKET,True,True,ABSTAIN_UNLESS_CONFIRMED_POCKET,False,True,NO_CONFIRMED_POCKET,SEPARATE_DAILY_SCAN,bundle_A,NOT_ACTIVATED_EVIDENCE_BELOW_PROVISIONAL
2026-06-30,0061,WEAKENING,MEDIUM,NO_POCKET,False,False,CONTRACT_TO_CONFIRMED_OR_NARROW,False,True,MARKET_WEAKENING_OR_SURVIVAL_NOT_CONFIRMED,SEPARATE_DAILY_SCAN,bundle_A,NOT_ACTIVATED_EVIDENCE_BELOW_PROVISIONAL
2026-06-30,006205,WEAKENING,MEDIUM,NO_POCKET,True,True,CONTRACT_TO_CONFIRMED_OR_NARROW,False,True,MARKET_WEAKENING_OR_SURVIVAL_NOT_CONFIRMED,SEPARATE_DAILY_SCAN,bundle_A,NOT_ACTIVATED_EVIDENCE_BELOW_PROVISIONAL
2026-06-30,006206,WEAKENING,MEDIUM,NO_POCKET,True,True,CONTRACT_TO_CONFIRMED_OR_NARROW,False,True,MARKET_WEAKENING_OR_SURVIVAL_NOT_CONFIRMED,SEPARATE_DAILY_SCAN,bundle_A,NOT_ACTIVATED_EVIDENCE_BELOW_PROVISIONAL
2026-06-30,006207,WEAKENING,MEDIUM,NO_POCKET,False,False,CONTRACT_TO_CONFIRMED_OR_NARROW,False,True,MARKET_WEAKENING_OR_SURVIVAL_NOT_CONFIRMED,SEPARATE_DAILY_SCAN,bundle_A,NOT_ACTIVATED_EVIDENCE_BELOW_PROVISIONAL
2026-06-30,00648R,WEAKENING,MEDIUM,NO_POCKET,True,True,CONTRACT_TO_CONFIRMED_OR_NARROW,False,True,MARKET_WEAKENING_OR_SURVIVAL_NOT_CONFIRMED,SEPARATE_DAILY_SCAN,bundle_A,NOT_ACTIVATED_EVIDENCE_BELOW_PROVISIONAL
2026-06-30,00651R,WEAKENING,MEDIUM,NO_POCKET,True,True,CONTRACT_TO_CONFIRMED_OR_NARROW,False,True,MARKET_WEAKENING_OR_SURVIVAL_NOT_CONFIRMED,SEPARATE_DAILY_SCAN,bundle_A,NOT_ACTIVATED_EVIDENCE_BELOW_PROVISIONAL
2026-06-30,00652,WEAKENING,MEDIUM,NO_POCKET,True,True,CONTRACT_TO_CONFIRMED_OR_NARROW,False,True,MARKET_WEAKENING_OR_SURVIVAL_NOT_CONFIRMED,SEPARATE_DAILY_SCAN,bundle_A,NOT_ACTIVATED_EVIDENCE_BELOW_PROVISIONAL
2026-06-30,00666R,WEAKENING,MEDIUM,NO_POCKET,True,True,CONTRACT_TO_CONFIRMED_OR_NARROW,False,True,MARKET_WEAKENING_OR_SURVIVAL_NOT_CONFIRMED,SEPARATE_DAILY_SCAN,bundle_A,NOT_ACTIVATED_EVIDENCE_BELOW_PROVISIONAL
2026-06-30,00678,WEAKENING,MEDIUM,NO_POCKET,True,True,CONTRACT_TO_CONFIRMED_OR_NARROW,False,True,MARKET_WEAKENING_OR_SURVIVAL_NOT_CONFIRMED,SEPARATE_DAILY_SCAN,bundle_A,NOT_ACTIVATED_EVIDENCE_BELOW_PROVISIONAL
2026-06-30,00680L,WEAKENING,MEDIUM,NO_POCKET,True,True,CONTRACT_TO_CONFIRMED_OR_NARROW,False,True,MARKET_WEAKENING_OR_SURVIVAL_NOT_CONFIRMED,SEPARATE_DAILY_SCAN,bundle_A,NOT_ACTIVATED_EVIDENCE_BELOW_PROVISIONAL
2026-06-30,00688L,WEAKENING,MEDIUM,NO_POCKET,True,True,CONTRACT_TO_CONFIRMED_OR_NARROW,False,True,MARKET_WEAKENING_OR_SURVIVAL_NOT_CONFIRMED,SEPARATE_DAILY_SCAN,bundle_A,NOT_ACTIVATED_EVIDENCE_BELOW_PROVISIONAL
2026-06-30,00714,WEAKENING,MEDIUM,NO_POCKET,True,True,CONTRACT_TO_CONFIRMED_OR_NARROW,False,True,MARKET_WEAKENING_OR_SURVIVAL_NOT_CONFIRMED,SEPARATE_DAILY_SCAN,bundle_A,NOT_ACTIVATED_EVIDENCE_BELOW_PROVISIONAL
2026-06-30,00739,WEAKENING,MEDIUM,NO_POCKET,True,True,CONTRACT_TO_CONFIRMED_OR_NARROW,False,True,MARKET_WEAKENING_OR_SURVIVAL_NOT_CONFIRMED,SEPARATE_DAILY_SCAN,bundle_A,NOT_ACTIVATED_EVIDENCE_BELOW_PROVISIONAL
2026-06-30,00783,WEAKENING,MEDIUM,NO_POCKET,True,True,CONTRACT_TO_CONFIRMED_OR_NARROW,False,True,MARKET_WEAKENING_OR_SURVIVAL_NOT_CONFIRMED,SEPARATE_DAILY_SCAN,bundle_A,NOT_ACTIVATED_EVIDENCE_BELOW_PROVISIONAL
2026-06-30,00865B,WEAKENING,MEDIUM,NO_POCKET,True,True,CONTRACT_TO_CONFIRMED_OR_NARROW,False,True,MARKET_WEAKENING_OR_SURVIVAL_NOT_CONFIRMED,SEPARATE_DAILY_SCAN,bundle_A,NOT_ACTIVATED_EVIDENCE_BELOW_PROVISIONAL
2026-06-30,00875,WEAKENING,MEDIUM,NO_POCKET,False,False,CONTRACT_TO_CONFIRMED_OR_NARROW,False,True,MARKET_WEAKENING_OR_SURVIVAL_NOT_CONFIRMED,SEPARATE_DAILY_SCAN,bundle_A,NOT_ACTIVATED_EVIDENCE_BELOW_PROVISIONAL
2026-06-30,00897,WEAKENING,MEDIUM,NO_POCKET,True,True,CONTRACT_TO_CONFIRMED_OR_NARROW,False,True,MARKET_WEAKENING_OR_SURVIVAL_NOT_CONFIRMED,SEPARATE_DAILY_SCAN,bundle_A,NOT_ACTIVATED_EVIDENCE_BELOW_PROVISIONAL
2026-06-30,009805,WEAKENING,MEDIUM,NO_POCKET,True,True,CONTRACT_TO_CONFIRMED_OR_NARROW,False,True,MARKET_WEAKENING_OR_SURVIVAL_NOT_CONFIRMED,SEPARATE_DAILY_SCAN,bundle_A,NOT_ACTIVATED_EVIDENCE_BELOW_PROVISIONAL
2026-06-30,00983D,WEAKENING,MEDIUM,NO_POCKET,True,True,CONTRACT_TO_CONFIRMED_OR_NARROW,False,True,MARKET_WEAKENING_OR_SURVIVAL_NOT_CONFIRMED,SEPARATE_DAILY_SCAN,bundle_A,NOT_ACTIVATED_EVIDENCE_BELOW_PROVISIONAL
2026-06-30,3413,WEAKENING,MEDIUM,NO_POCKET,False,False,CONTRACT_TO_CONFIRMED_OR_NARROW,False,True,MARKET_WEAKENING_OR_SURVIVAL_NOT_CONFIRMED,SEPARATE_DAILY_SCAN,bundle_A,NOT_ACTIVATED_EVIDENCE_BELOW_PROVISIONAL
2026-06-30,4155,WEAKENING,MEDIUM,CONFIRMED_POCKET,False,False,CONTRACT_TO_CONFIRMED_OR_NARROW,False,True,MARKET_WEAKENING_OR_SURVIVAL_NOT_CONFIRMED,SEPARATE_DAILY_SCAN,bundle_A,NOT_ACTIVATED_EVIDENCE_BELOW_PROVISIONAL
2026-06-30,4934,WEAKENING,MEDIUM,EMERGING_POCKET,False,False,CONTRACT_TO_CONFIRMED_OR_NARROW,False,True,MARKET_WEAKENING_OR_SURVIVAL_NOT_CONFIRMED,SEPARATE_DAILY_SCAN,bundle_A,NOT_ACTIVATED_EVIDENCE_BELOW_PROVISIONAL
2026-07-01,00643,NORMAL,VERY_LOW,NO_POCKET,True,True,NORMAL_SELECTIVE,False,True,,SEPARATE_DAILY_SCAN,bundle_A,NOT_ACTIVATED_EVIDENCE_BELOW_PROVISIONAL
2026-07-01,00728,NORMAL,VERY_LOW,NO_POCKET,False,False,NORMAL_SELECTIVE,False,True,,SEPARATE_DAILY_SCAN,bundle_A,NOT_ACTIVATED_EVIDENCE_BELOW_PROVISIONAL
2026-07-01,00938,NORMAL,VERY_LOW,NO_POCKET,False,False,NORMAL_SELECTIVE,False,True,,SEPARATE_DAILY_SCAN,bundle_A,NOT_ACTIVATED_EVIDENCE_BELOW_PROVISIONAL
2026-07-01,2345,NORMAL,VERY_LOW,NARROW_LEADERSHIP,False,False,NORMAL_SELECTIVE,False,True,,SEPARATE_DAILY_SCAN,bundle_A,NOT_ACTIVATED_EVIDENCE_BELOW_PROVISIONAL
2026-07-01,2429,NORMAL,VERY_LOW,NARROW_LEADERSHIP,False,False,NORMAL_SELECTIVE,False,True,,SEPARATE_DAILY_SCAN,bundle_A,NOT_ACTIVATED_EVIDENCE_BELOW_PROVISIONAL
2026-07-01,2433,NORMAL,VERY_LOW,NO_POCKET,True,True,NORMAL_SELECTIVE,False,True,,SEPARATE_DAILY_SCAN,bundle_A,NOT_ACTIVATED_EVIDENCE_BELOW_PROVISIONAL
2026-07-01,2528,NORMAL,VERY_LOW,NARROW_LEADERSHIP,False,False,NORMAL_SELECTIVE,False,True,,SEPARATE_DAILY_SCAN,bundle_A,NOT_ACTIVATED_EVIDENCE_BELOW_PROVISIONAL
2026-07-01,3605,NORMAL,VERY_LOW,CONFIRMED_POCKET,False,False,NORMAL_SELECTIVE,False,True,,SEPARATE_DAILY_SCAN,bundle_A,NOT_ACTIVATED_EVIDENCE_BELOW_PROVISIONAL
2026-07-01,8466,NORMAL,VERY_LOW,NARROW_LEADERSHIP,True,True,NORMAL_SELECTIVE,True,False,,SEPARATE_DAILY_SCAN,bundle_A,NOT_ACTIVATED_EVIDENCE_BELOW_PROVISIONAL
2026-07-01,9935,NORMAL,VERY_LOW,NO_POCKET,True,True,NORMAL_SELECTIVE,False,True,,SEPARATE_DAILY_SCAN,bundle_A,NOT_ACTIVATED_EVIDENCE_BELOW_PROVISIONAL
2026-07-02,00981A,NORMAL,HIGH,NO_POCKET,False,False,NORMAL_SELECTIVE,False,True,,SEPARATE_DAILY_SCAN,bundle_A,NOT_ACTIVATED_EVIDENCE_BELOW_PROVISIONAL
2026-07-02,1417,NORMAL,HIGH,NARROW_LEADERSHIP,True,True,NORMAL_SELECTIVE,True,False,,SEPARATE_DAILY_SCAN,bundle_A,NOT_ACTIVATED_EVIDENCE_BELOW_PROVISIONAL
2026-07-02,1445,NORMAL,HIGH,EMERGING_POCKET,True,True,NORMAL_SELECTIVE,True,False,,SEPARATE_DAILY_SCAN,bundle_A,NOT_ACTIVATED_EVIDENCE_BELOW_PROVISIONAL
2026-07-02,1466,NORMAL,HIGH,EMERGING_POCKET,False,False,NORMAL_SELECTIVE,False,True,,SEPARATE_DAILY_SCAN,bundle_A,NOT_ACTIVATED_EVIDENCE_BELOW_PROVISIONAL
2026-07-02,1467,NORMAL,HIGH,EMERGING_POCKET,True,True,NORMAL_SELECTIVE,True,False,,SEPARATE_DAILY_SCAN,bundle_A,NOT_ACTIVATED_EVIDENCE_BELOW_PROVISIONAL
2026-07-02,1474,NORMAL,HIGH,EMERGING_POCKET,True,True,NORMAL_SELECTIVE,True,False,,SEPARATE_DAILY_SCAN,bundle_A,NOT_ACTIVATED_EVIDENCE_BELOW_PROVISIONAL
2026-07-02,1712,NORMAL,HIGH,EMERGING_POCKET,True,True,NORMAL_SELECTIVE,True,False,,SEPARATE_DAILY_SCAN,bundle_A,NOT_ACTIVATED_EVIDENCE_BELOW_PROVISIONAL
2026-07-02,2109,NORMAL,HIGH,EMERGING_POCKET,True,True,NORMAL_SELECTIVE,True,False,,SEPARATE_DAILY_SCAN,bundle_A,NOT_ACTIVATED_EVIDENCE_BELOW_PROVISIONAL
2026-07-02,2351,NORMAL,HIGH,EMERGING_POCKET,False,False,NORMAL_SELECTIVE,False,True,,SEPARATE_DAILY_SCAN,bundle_A,NOT_ACTIVATED_EVIDENCE_BELOW_PROVISIONAL
2026-07-02,2467,NORMAL,HIGH,CONFIRMED_POCKET,False,False,NORMAL_SELECTIVE,False,True,,SEPARATE_DAILY_SCAN,bundle_A,NOT_ACTIVATED_EVIDENCE_BELOW_PROVISIONAL
2026-07-02,2476,NORMAL,HIGH,CONFIRMED_POCKET,True,True,NORMAL_SELECTIVE,True,False,,SEPARATE_DAILY_SCAN,bundle_A,NOT_ACTIVATED_EVIDENCE_BELOW_PROVISIONAL
2026-07-02,3443,NORMAL,HIGH,CONFIRMED_POCKET,False,False,NORMAL_SELECTIVE,False,True,,SEPARATE_DAILY_SCAN,bundle_A,NOT_ACTIVATED_EVIDENCE_BELOW_PROVISIONAL
2026-07-02,3661,NORMAL,HIGH,CONFIRMED_POCKET,False,False,NORMAL_SELECTIVE,False,True,,SEPARATE_DAILY_SCAN,bundle_A,NOT_ACTIVATED_EVIDENCE_BELOW_PROVISIONAL
2026-07-02,4572,NORMAL,HIGH,CONFIRMED_POCKET,True,True,NORMAL_SELECTIVE,True,False,,SEPARATE_DAILY_SCAN,bundle_A,NOT_ACTIVATED_EVIDENCE_BELOW_PROVISIONAL
2026-07-02,4771,NORMAL,HIGH,EMERGING_POCKET,True,True,NORMAL_SELECTIVE,True,False,,SEPARATE_DAILY_SCAN,bundle_A,NOT_ACTIVATED_EVIDENCE_BELOW_PROVISIONAL
2026-07-02,6515,NORMAL,HIGH,CONFIRMED_POCKET,False,False,NORMAL_SELECTIVE,False,True,,SEPARATE_DAILY_SCAN,bundle_A,NOT_ACTIVATED_EVIDENCE_BELOW_PROVISIONAL
2026-07-02,6525,NORMAL,HIGH,CONFIRMED_POCKET,False,False,NORMAL_SELECTIVE,False,True,,SEPARATE_DAILY_SCAN,bundle_A,NOT_ACTIVATED_EVIDENCE_BELOW_PROVISIONAL
2026-07-02,6753,NORMAL,HIGH,NO_POCKET,False,False,NORMAL_SELECTIVE,False,True,,SEPARATE_DAILY_SCAN,bundle_A,NOT_ACTIVATED_EVIDENCE_BELOW_PROVISIONAL
2026-07-03,1217,NORMAL,HIGH,EMERGING_POCKET,True,True,NORMAL_SELECTIVE,True,False,,SEPARATE_DAILY_SCAN,bundle_A,NOT_ACTIVATED_EVIDENCE_BELOW_PROVISIONAL
2026-07-03,1304,NORMAL,HIGH,CONFIRMED_POCKET,False,False,NORMAL_SELECTIVE,False,True,,SEPARATE_DAILY_SCAN,bundle_A,NOT_ACTIVATED_EVIDENCE_BELOW_PROVISIONAL
2026-07-03,1321,NORMAL,HIGH,CONFIRMED_POCKET,False,False,NORMAL_SELECTIVE,False,True,,SEPARATE_DAILY_SCAN,bundle_A,NOT_ACTIVATED_EVIDENCE_BELOW_PROVISIONAL
2026-07-03,1452,NORMAL,HIGH,CONFIRMED_POCKET,True,True,NORMAL_SELECTIVE,True,False,,SEPARATE_DAILY_SCAN,bundle_A,NOT_ACTIVATED_EVIDENCE_BELOW_PROVISIONAL
2026-07-03,1464,NORMAL,HIGH,CONFIRMED_POCKET,True,True,NORMAL_SELECTIVE,True,False,,SEPARATE_DAILY_SCAN,bundle_A,NOT_ACTIVATED_EVIDENCE_BELOW_PROVISIONAL
2026-07-03,1702,NORMAL,HIGH,EMERGING_POCKET,True,True,NORMAL_SELECTIVE,True,False,,SEPARATE_DAILY_SCAN,bundle_A,NOT_ACTIVATED_EVIDENCE_BELOW_PROVISIONAL
2026-07-03,1717,NORMAL,HIGH,EMERGING_POCKET,False,False,NORMAL_SELECTIVE,False,True,,SEPARATE_DAILY_SCAN,bundle_A,NOT_ACTIVATED_EVIDENCE_BELOW_PROVISIONAL
2026-07-03,2231,NORMAL,HIGH,CONFIRMED_POCKET,False,False,NORMAL_SELECTIVE,False,True,,SEPARATE_DAILY_SCAN,bundle_A,NOT_ACTIVATED_EVIDENCE_BELOW_PROVISIONAL
2026-07-03,2617,NORMAL,HIGH,EMERGING_POCKET,True,True,NORMAL_SELECTIVE,True,False,,SEPARATE_DAILY_SCAN,bundle_A,NOT_ACTIVATED_EVIDENCE_BELOW_PROVISIONAL
2026-07-03,3518,NORMAL,HIGH,CONFIRMED_POCKET,False,False,NORMAL_SELECTIVE,False,True,,SEPARATE_DAILY_SCAN,bundle_A,NOT_ACTIVATED_EVIDENCE_BELOW_PROVISIONAL
2026-07-03,4989,NORMAL,HIGH,NO_POCKET,False,False,NORMAL_SELECTIVE,False,True,,SEPARATE_DAILY_SCAN,bundle_A,NOT_ACTIVATED_EVIDENCE_BELOW_PROVISIONAL
2026-07-03,6477,NORMAL,HIGH,EMERGING_POCKET,False,False,NORMAL_SELECTIVE,False,True,,SEPARATE_DAILY_SCAN,bundle_A,NOT_ACTIVATED_EVIDENCE_BELOW_PROVISIONAL
2026-07-03,7818,NORMAL,HIGH,EMERGING_POCKET,True,True,NORMAL_SELECTIVE,True,False,,SEPARATE_DAILY_SCAN,bundle_A,NOT_ACTIVATED_EVIDENCE_BELOW_PROVISIONAL
2026-07-03,9911,NORMAL,HIGH,CONFIRMED_POCKET,True,True,NORMAL_SELECTIVE,True,False,,SEPARATE_DAILY_SCAN,bundle_A,NOT_ACTIVATED_EVIDENCE_BELOW_PROVISIONAL
2026-07-06,1256,NORMAL,HIGH,NARROW_LEADERSHIP,True,True,NORMAL_SELECTIVE,True,False,,SEPARATE_DAILY_SCAN,bundle_A,NOT_ACTIVATED_EVIDENCE_BELOW_PROVISIONAL
2026-07-06,1339,NORMAL,HIGH,EMERGING_POCKET,True,True,NORMAL_SELECTIVE,True,False,,SEPARATE_DAILY_SCAN,bundle_A,NOT_ACTIVATED_EVIDENCE_BELOW_PROVISIONAL
2026-07-06,1604,NORMAL,HIGH,EMERGING_POCKET,True,True,NORMAL_SELECTIVE,True,False,,SEPARATE_DAILY_SCAN,bundle_A,NOT_ACTIVATED_EVIDENCE_BELOW_PROVISIONAL
2026-07-06,1721,NORMAL,HIGH,EMERGING_POCKET,False,False,NORMAL_SELECTIVE,False,True,,SEPARATE_DAILY_SCAN,bundle_A,NOT_ACTIVATED_EVIDENCE_BELOW_PROVISIONAL
2026-07-06,1727,NORMAL,HIGH,CONFIRMED_POCKET,False,False,NORMAL_SELECTIVE,False,True,,SEPARATE_DAILY_SCAN,bundle_A,NOT_ACTIVATED_EVIDENCE_BELOW_PROVISIONAL
2026-07-06,1760,NORMAL,HIGH,EMERGING_POCKET,True,True,NORMAL_SELECTIVE,True,False,,SEPARATE_DAILY_SCAN,bundle_A,NOT_ACTIVATED_EVIDENCE_BELOW_PROVISIONAL
2026-07-06,1773,NORMAL,HIGH,EMERGING_POCKET,False,False,NORMAL_SELECTIVE,False,True,,SEPARATE_DAILY_SCAN,bundle_A,NOT_ACTIVATED_EVIDENCE_BELOW_PROVISIONAL
2026-07-06,1783,NORMAL,HIGH,EMERGING_POCKET,True,True,NORMAL_SELECTIVE,True,False,,SEPARATE_DAILY_SCAN,bundle_A,NOT_ACTIVATED_EVIDENCE_BELOW_PROVISIONAL
2026-07-06,2012,NORMAL,HIGH,EMERGING_POCKET,False,False,NORMAL_SELECTIVE,False,True,,SEPARATE_DAILY_SCAN,bundle_A,NOT_ACTIVATED_EVIDENCE_BELOW_PROVISIONAL
2026-07-06,2033,NORMAL,HIGH,EMERGING_POCKET,False,False,NORMAL_SELECTIVE,False,True,,SEPARATE_DAILY_SCAN,bundle_A,NOT_ACTIVATED_EVIDENCE_BELOW_PROVISIONAL
2026-07-06,2104,NORMAL,HIGH,EMERGING_POCKET,False,False,NORMAL_SELECTIVE,False,True,,SEPARATE_DAILY_SCAN,bundle_A,NOT_ACTIVATED_EVIDENCE_BELOW_PROVISIONAL
2026-07-06,2885,NORMAL,HIGH,EMERGING_POCKET,False,False,NORMAL_SELECTIVE,False,True,,SEPARATE_DAILY_SCAN,bundle_A,NOT_ACTIVATED_EVIDENCE_BELOW_PROVISIONAL
2026-07-06,3031,NORMAL,HIGH,NARROW_LEADERSHIP,False,False,NORMAL_SELECTIVE,False,True,,SEPARATE_DAILY_SCAN,bundle_A,NOT_ACTIVATED_EVIDENCE_BELOW_PROVISIONAL
2026-07-06,6235,NORMAL,HIGH,EMERGING_POCKET,False,False,NORMAL_SELECTIVE,False,True,,SEPARATE_DAILY_SCAN,bundle_A,NOT_ACTIVATED_EVIDENCE_BELOW_PROVISIONAL
2026-07-06,6782,NORMAL,HIGH,EMERGING_POCKET,False,False,NORMAL_SELECTIVE,False,True,,SEPARATE_DAILY_SCAN,bundle_A,NOT_ACTIVATED_EVIDENCE_BELOW_PROVISIONAL
2026-07-06,6918,NORMAL,HIGH,EMERGING_POCKET,True,True,NORMAL_SELECTIVE,True,False,,SEPARATE_DAILY_SCAN,bundle_A,NOT_ACTIVATED_EVIDENCE_BELOW_PROVISIONAL
2026-07-06,9912,NORMAL,HIGH,EMERGING_POCKET,True,True,NORMAL_SELECTIVE,True,False,,SEPARATE_DAILY_SCAN,bundle_A,NOT_ACTIVATED_EVIDENCE_BELOW_PROVISIONAL
2026-07-07,1419,NORMAL,VERY_LOW,EMERGING_POCKET,False,False,NORMAL_SELECTIVE,False,True,,SEPARATE_DAILY_SCAN,bundle_A,NOT_ACTIVATED_EVIDENCE_BELOW_PROVISIONAL
2026-07-07,2034,NORMAL,VERY_LOW,NARROW_LEADERSHIP,True,True,NORMAL_SELECTIVE,True,False,,SEPARATE_DAILY_SCAN,bundle_A,NOT_ACTIVATED_EVIDENCE_BELOW_PROVISIONAL
2026-07-07,2208,NORMAL,VERY_LOW,NO_POCKET,False,False,NORMAL_SELECTIVE,False,True,,SEPARATE_DAILY_SCAN,bundle_A,NOT_ACTIVATED_EVIDENCE_BELOW_PROVISIONAL
2026-07-07,2390,NORMAL,VERY_LOW,NARROW_LEADERSHIP,False,False,NORMAL_SELECTIVE,False,True,,SEPARATE_DAILY_SCAN,bundle_A,NOT_ACTIVATED_EVIDENCE_BELOW_PROVISIONAL
2026-07-07,2480,NORMAL,VERY_LOW,NARROW_LEADERSHIP,True,True,NORMAL_SELECTIVE,True,False,,SEPARATE_DAILY_SCAN,bundle_A,NOT_ACTIVATED_EVIDENCE_BELOW_PROVISIONAL
2026-07-07,2901,NORMAL,VERY_LOW,EMERGING_POCKET,False,False,NORMAL_SELECTIVE,False,True,,SEPARATE_DAILY_SCAN,bundle_A,NOT_ACTIVATED_EVIDENCE_BELOW_PROVISIONAL
2026-07-07,3545,NORMAL,VERY_LOW,NO_POCKET,False,False,NORMAL_SELECTIVE,False,True,,SEPARATE_DAILY_SCAN,bundle_A,NOT_ACTIVATED_EVIDENCE_BELOW_PROVISIONAL
2026-07-07,4133,NORMAL,VERY_LOW,NARROW_LEADERSHIP,True,True,NORMAL_SELECTIVE,True,False,,SEPARATE_DAILY_SCAN,bundle_A,NOT_ACTIVATED_EVIDENCE_BELOW_PROVISIONAL
2026-07-07,4438,NORMAL,VERY_LOW,EMERGING_POCKET,True,True,NORMAL_SELECTIVE,True,False,,SEPARATE_DAILY_SCAN,bundle_A,NOT_ACTIVATED_EVIDENCE_BELOW_PROVISIONAL
2026-07-07,4576,NORMAL,VERY_LOW,NARROW_LEADERSHIP,False,False,NORMAL_SELECTIVE,False,True,,SEPARATE_DAILY_SCAN,bundle_A,NOT_ACTIVATED_EVIDENCE_BELOW_PROVISIONAL
2026-07-07,4961,NORMAL,VERY_LOW,EMERGING_POCKET,False,False,NORMAL_SELECTIVE,False,True,,SEPARATE_DAILY_SCAN,bundle_A,NOT_ACTIVATED_EVIDENCE_BELOW_PROVISIONAL
2026-07-07,6201,NORMAL,VERY_LOW,NARROW_LEADERSHIP,True,True,NORMAL_SELECTIVE,True,False,,SEPARATE_DAILY_SCAN,bundle_A,NOT_ACTIVATED_EVIDENCE_BELOW_PROVISIONAL
2026-07-07,6416,NORMAL,VERY_LOW,NARROW_LEADERSHIP,True,True,NORMAL_SELECTIVE,True,False,,SEPARATE_DAILY_SCAN,bundle_A,NOT_ACTIVATED_EVIDENCE_BELOW_PROVISIONAL
2026-07-07,6873,NORMAL,VERY_LOW,NARROW_LEADERSHIP,False,False,NORMAL_SELECTIVE,False,True,,SEPARATE_DAILY_SCAN,bundle_A,NOT_ACTIVATED_EVIDENCE_BELOW_PROVISIONAL
2026-07-08,1203,WEAKENING,VERY_LOW,NARROW_LEADERSHIP,False,False,CONTRACT_TO_CONFIRMED_OR_NARROW,False,True,MARKET_WEAKENING_OR_SURVIVAL_NOT_CONFIRMED,SEPARATE_DAILY_SCAN,bundle_A,NOT_ACTIVATED_EVIDENCE_BELOW_PROVISIONAL
2026-07-08,1416,WEAKENING,VERY_LOW,NARROW_LEADERSHIP,True,True,CONTRACT_TO_CONFIRMED_OR_NARROW,True,False,,SEPARATE_DAILY_SCAN,bundle_A,NOT_ACTIVATED_EVIDENCE_BELOW_PROVISIONAL
2026-07-08,2388,WEAKENING,VERY_LOW,NO_POCKET,False,False,CONTRACT_TO_CONFIRMED_OR_NARROW,False,True,MARKET_WEAKENING_OR_SURVIVAL_NOT_CONFIRMED,SEPARATE_DAILY_SCAN,bundle_A,NOT_ACTIVATED_EVIDENCE_BELOW_PROVISIONAL
2026-07-08,2427,WEAKENING,VERY_LOW,NO_POCKET,False,False,CONTRACT_TO_CONFIRMED_OR_NARROW,False,True,MARKET_WEAKENING_OR_SURVIVAL_NOT_CONFIRMED,SEPARATE_DAILY_SCAN,bundle_A,NOT_ACTIVATED_EVIDENCE_BELOW_PROVISIONAL
2026-07-08,3416,WEAKENING,VERY_LOW,EMERGING_POCKET,False,False,CONTRACT_TO_CONFIRMED_OR_NARROW,False,True,MARKET_WEAKENING_OR_SURVIVAL_NOT_CONFIRMED,SEPARATE_DAILY_SCAN,bundle_A,NOT_ACTIVATED_EVIDENCE_BELOW_PROVISIONAL
2026-07-08,4178,WEAKENING,VERY_LOW,EMERGING_POCKET,False,False,CONTRACT_TO_CONFIRMED_OR_NARROW,False,True,MARKET_WEAKENING_OR_SURVIVAL_NOT_CONFIRMED,SEPARATE_DAILY_SCAN,bundle_A,NOT_ACTIVATED_EVIDENCE_BELOW_PROVISIONAL
2026-07-08,4195,WEAKENING,VERY_LOW,NARROW_LEADERSHIP,True,True,CONTRACT_TO_CONFIRMED_OR_NARROW,True,False,,SEPARATE_DAILY_SCAN,bundle_A,NOT_ACTIVATED_EVIDENCE_BELOW_PROVISIONAL
2026-07-08,5269,WEAKENING,VERY_LOW,NO_POCKET,False,False,CONTRACT_TO_CONFIRMED_OR_NARROW,False,True,MARKET_WEAKENING_OR_SURVIVAL_NOT_CONFIRMED,SEPARATE_DAILY_SCAN,bundle_A,NOT_ACTIVATED_EVIDENCE_BELOW_PROVISIONAL
2026-07-08,6794,WEAKENING,VERY_LOW,EMERGING_POCKET,False,False,CONTRACT_TO_CONFIRMED_OR_NARROW,False,True,MARKET_WEAKENING_OR_SURVIVAL_NOT_CONFIRMED,SEPARATE_DAILY_SCAN,bundle_A,NOT_ACTIVATED_EVIDENCE_BELOW_PROVISIONAL
2026-07-08,6934,WEAKENING,VERY_LOW,NARROW_LEADERSHIP,False,False,CONTRACT_TO_CONFIRMED_OR_NARROW,False,True,MARKET_WEAKENING_OR_SURVIVAL_NOT_CONFIRMED,SEPARATE_DAILY_SCAN,bundle_A,NOT_ACTIVATED_EVIDENCE_BELOW_PROVISIONAL
2026-07-08,8443,WEAKENING,VERY_LOW,EMERGING_POCKET,True,True,CONTRACT_TO_CONFIRMED_OR_NARROW,False,True,MARKET_WEAKENING_OR_SURVIVAL_NOT_CONFIRMED,SEPARATE_DAILY_SCAN,bundle_A,NOT_ACTIVATED_EVIDENCE_BELOW_PROVISIONAL
2026-07-09,020037,RISK_OFF,MEDIUM,NO_POCKET,False,False,ABSTAIN_UNLESS_CONFIRMED_POCKET,False,True,NO_CONFIRMED_POCKET,SEPARATE_DAILY_SCAN,bundle_A,NOT_ACTIVATED_EVIDENCE_BELOW_PROVISIONAL
2026-07-09,1536,RISK_OFF,MEDIUM,EMERGING_POCKET,True,True,ABSTAIN_UNLESS_CONFIRMED_POCKET,False,True,NO_CONFIRMED_POCKET,SEPARATE_DAILY_SCAN,bundle_A,NOT_ACTIVATED_EVIDENCE_BELOW_PROVISIONAL
2026-07-09,1623,RISK_OFF,MEDIUM,NARROW_LEADERSHIP,False,False,ABSTAIN_UNLESS_CONFIRMED_POCKET,False,True,NO_CONFIRMED_POCKET,SEPARATE_DAILY_SCAN,bundle_A,NOT_ACTIVATED_EVIDENCE_BELOW_PROVISIONAL
2026-07-09,2431,RISK_OFF,MEDIUM,NO_POCKET,False,False,ABSTAIN_UNLESS_CONFIRMED_POCKET,False,True,NO_CONFIRMED_POCKET,SEPARATE_DAILY_SCAN,bundle_A,NOT_ACTIVATED_EVIDENCE_BELOW_PROVISIONAL
2026-07-09,2465,RISK_OFF,MEDIUM,EMERGING_POCKET,False,False,ABSTAIN_UNLESS_CONFIRMED_POCKET,False,True,NO_CONFIRMED_POCKET,SEPARATE_DAILY_SCAN,bundle_A,NOT_ACTIVATED_EVIDENCE_BELOW_PROVISIONAL
2026-07-09,2486,RISK_OFF,MEDIUM,NARROW_LEADERSHIP,False,False,ABSTAIN_UNLESS_CONFIRMED_POCKET,False,True,NO_CONFIRMED_POCKET,SEPARATE_DAILY_SCAN,bundle_A,NOT_ACTIVATED_EVIDENCE_BELOW_PROVISIONAL
2026-07-09,3005,RISK_OFF,MEDIUM,NO_POCKET,False,False,ABSTAIN_UNLESS_CONFIRMED_POCKET,False,True,NO_CONFIRMED_POCKET,SEPARATE_DAILY_SCAN,bundle_A,NOT_ACTIVATED_EVIDENCE_BELOW_PROVISIONAL
2026-07-09,3015,RISK_OFF,MEDIUM,NO_POCKET,False,False,ABSTAIN_UNLESS_CONFIRMED_POCKET,False,True,NO_CONFIRMED_POCKET,SEPARATE_DAILY_SCAN,bundle_A,NOT_ACTIVATED_EVIDENCE_BELOW_PROVISIONAL
2026-07-09,3617,RISK_OFF,MEDIUM,EMERGING_POCKET,True,True,ABSTAIN_UNLESS_CONFIRMED_POCKET,False,True,NO_CONFIRMED_POCKET,SEPARATE_DAILY_SCAN,bundle_A,NOT_ACTIVATED_EVIDENCE_BELOW_PROVISIONAL
2026-07-09,5258,RISK_OFF,MEDIUM,EMERGING_POCKET,False,False,ABSTAIN_UNLESS_CONFIRMED_POCKET,False,True,NO_CONFIRMED_POCKET,SEPARATE_DAILY_SCAN,bundle_A,NOT_ACTIVATED_EVIDENCE_BELOW_PROVISIONAL
2026-07-09,6176,RISK_OFF,MEDIUM,NO_POCKET,True,True,ABSTAIN_UNLESS_CONFIRMED_POCKET,False,True,NO_CONFIRMED_POCKET,SEPARATE_DAILY_SCAN,bundle_A,NOT_ACTIVATED_EVIDENCE_BELOW_PROVISIONAL
2026-07-09,6928,RISK_OFF,MEDIUM,EMERGING_POCKET,False,False,ABSTAIN_UNLESS_CONFIRMED_POCKET,False,True,NO_CONFIRMED_POCKET,SEPARATE_DAILY_SCAN,bundle_A,NOT_ACTIVATED_EVIDENCE_BELOW_PROVISIONAL
2026-07-09,7823,RISK_OFF,MEDIUM,EMERGING_POCKET,True,True,ABSTAIN_UNLESS_CONFIRMED_POCKET,False,True,NO_CONFIRMED_POCKET,SEPARATE_DAILY_SCAN,bundle_A,NOT_ACTIVATED_EVIDENCE_BELOW_PROVISIONAL
2026-07-13,1232,RISK_OFF,VERY_LOW,EMERGING_POCKET,True,True,ABSTAIN_UNLESS_CONFIRMED_POCKET,False,True,NO_CONFIRMED_POCKET,SEPARATE_DAILY_SCAN,bundle_A,NOT_ACTIVATED_EVIDENCE_BELOW_PROVISIONAL
2026-07-13,1308,RISK_OFF,VERY_LOW,EMERGING_POCKET,False,False,ABSTAIN_UNLESS_CONFIRMED_POCKET,False,True,NO_CONFIRMED_POCKET,SEPARATE_DAILY_SCAN,bundle_A,NOT_ACTIVATED_EVIDENCE_BELOW_PROVISIONAL
2026-07-13,2101,RISK_OFF,VERY_LOW,NO_POCKET,True,True,ABSTAIN_UNLESS_CONFIRMED_POCKET,False,True,NO_CONFIRMED_POCKET,SEPARATE_DAILY_SCAN,bundle_A,NOT_ACTIVATED_EVIDENCE_BELOW_PROVISIONAL
2026-07-13,2321,RISK_OFF,VERY_LOW,EMERGING_POCKET,False,False,ABSTAIN_UNLESS_CONFIRMED_POCKET,False,True,NO_CONFIRMED_POCKET,SEPARATE_DAILY_SCAN,bundle_A,NOT_ACTIVATED_EVIDENCE_BELOW_PROVISIONAL
2026-07-13,2374,RISK_OFF,VERY_LOW,EMERGING_POCKET,False,False,ABSTAIN_UNLESS_CONFIRMED_POCKET,False,True,NO_CONFIRMED_POCKET,SEPARATE_DAILY_SCAN,bundle_A,NOT_ACTIVATED_EVIDENCE_BELOW_PROVISIONAL
2026-07-13,2482,RISK_OFF,VERY_LOW,EMERGING_POCKET,True,True,ABSTAIN_UNLESS_CONFIRMED_POCKET,False,True,NO_CONFIRMED_POCKET,SEPARATE_DAILY_SCAN,bundle_A,NOT_ACTIVATED_EVIDENCE_BELOW_PROVISIONAL
2026-07-13,3596,RISK_OFF,VERY_LOW,EMERGING_POCKET,False,False,ABSTAIN_UNLESS_CONFIRMED_POCKET,False,True,NO_CONFIRMED_POCKET,SEPARATE_DAILY_SCAN,bundle_A,NOT_ACTIVATED_EVIDENCE_BELOW_PROVISIONAL
2026-07-13,3694,RISK_OFF,VERY_LOW,EMERGING_POCKET,False,False,ABSTAIN_UNLESS_CONFIRMED_POCKET,False,True,NO_CONFIRMED_POCKET,SEPARATE_DAILY_SCAN,bundle_A,NOT_ACTIVATED_EVIDENCE_BELOW_PROVISIONAL
2026-07-13,4564,RISK_OFF,VERY_LOW,EMERGING_POCKET,False,False,ABSTAIN_UNLESS_CONFIRMED_POCKET,False,True,NO_CONFIRMED_POCKET,SEPARATE_DAILY_SCAN,bundle_A,NOT_ACTIVATED_EVIDENCE_BELOW_PROVISIONAL
2026-07-13,4764,RISK_OFF,VERY_LOW,NARROW_LEADERSHIP,False,False,ABSTAIN_UNLESS_CONFIRMED_POCKET,False,True,NO_CONFIRMED_POCKET,SEPARATE_DAILY_SCAN,bundle_A,NOT_ACTIVATED_EVIDENCE_BELOW_PROVISIONAL
2026-07-13,6142,RISK_OFF,VERY_LOW,EMERGING_POCKET,False,False,ABSTAIN_UNLESS_CONFIRMED_POCKET,False,True,NO_CONFIRMED_POCKET,SEPARATE_DAILY_SCAN,bundle_A,NOT_ACTIVATED_EVIDENCE_BELOW_PROVISIONAL
2026-07-13,6225,RISK_OFF,VERY_LOW,NARROW_LEADERSHIP,False,False,ABSTAIN_UNLESS_CONFIRMED_POCKET,False,True,NO_CONFIRMED_POCKET,SEPARATE_DAILY_SCAN,bundle_A,NOT_ACTIVATED_EVIDENCE_BELOW_PROVISIONAL
2026-07-13,6533,RISK_OFF,VERY_LOW,NARROW_LEADERSHIP,False,False,ABSTAIN_UNLESS_CONFIRMED_POCKET,False,True,NO_CONFIRMED_POCKET,SEPARATE_DAILY_SCAN,bundle_A,NOT_ACTIVATED_EVIDENCE_BELOW_PROVISIONAL
2026-07-13,6863,RISK_OFF,VERY_LOW,EMERGING_POCKET,True,True,ABSTAIN_UNLESS_CONFIRMED_POCKET,False,True,NO_CONFIRMED_POCKET,SEPARATE_DAILY_SCAN,bundle_A,NOT_ACTIVATED_EVIDENCE_BELOW_PROVISIONAL
2026-07-13,6933,RISK_OFF,VERY_LOW,EMERGING_POCKET,False,False,ABSTAIN_UNLESS_CONFIRMED_POCKET,False,True,NO_CONFIRMED_POCKET,SEPARATE_DAILY_SCAN,bundle_A,NOT_ACTIVATED_EVIDENCE_BELOW_PROVISIONAL
2026-07-13,8442,RISK_OFF,VERY_LOW,EMERGING_POCKET,False,False,ABSTAIN_UNLESS_CONFIRMED_POCKET,False,True,NO_CONFIRMED_POCKET,SEPARATE_DAILY_SCAN,bundle_A,NOT_ACTIVATED_EVIDENCE_BELOW_PROVISIONAL
2026-07-13,9925,RISK_OFF,VERY_LOW,NO_POCKET,True,True,ABSTAIN_UNLESS_CONFIRMED_POCKET,False,True,NO_CONFIRMED_POCKET,SEPARATE_DAILY_SCAN,bundle_A,NOT_ACTIVATED_EVIDENCE_BELOW_PROVISIONAL
2026-07-13,9938,RISK_OFF,VERY_LOW,NO_POCKET,False,False,ABSTAIN_UNLESS_CONFIRMED_POCKET,False,True,NO_CONFIRMED_POCKET,SEPARATE_DAILY_SCAN,bundle_A,NOT_ACTIVATED_EVIDENCE_BELOW_PROVISIONAL
2026-07-14,1410,RISK_OFF,VERY_LOW,EMERGING_POCKET,True,True,ABSTAIN_UNLESS_CONFIRMED_POCKET,False,True,NO_CONFIRMED_POCKET,SEPARATE_DAILY_SCAN,bundle_A,NOT_ACTIVATED_EVIDENCE_BELOW_PROVISIONAL
2026-07-14,1468,RISK_OFF,VERY_LOW,EMERGING_POCKET,True,True,ABSTAIN_UNLESS_CONFIRMED_POCKET,False,True,NO_CONFIRMED_POCKET,SEPARATE_DAILY_SCAN,bundle_A,NOT_ACTIVATED_EVIDENCE_BELOW_PROVISIONAL
2026-07-14,1476,RISK_OFF,VERY_LOW,EMERGING_POCKET,True,True,ABSTAIN_UNLESS_CONFIRMED_POCKET,False,True,NO_CONFIRMED_POCKET,SEPARATE_DAILY_SCAN,bundle_A,NOT_ACTIVATED_EVIDENCE_BELOW_PROVISIONAL
2026-07-14,1733,RISK_OFF,VERY_LOW,EMERGING_POCKET,True,True,ABSTAIN_UNLESS_CONFIRMED_POCKET,False,True,NO_CONFIRMED_POCKET,SEPARATE_DAILY_SCAN,bundle_A,NOT_ACTIVATED_EVIDENCE_BELOW_PROVISIONAL
2026-07-14,1734,RISK_OFF,VERY_LOW,NARROW_LEADERSHIP,True,True,ABSTAIN_UNLESS_CONFIRMED_POCKET,False,True,NO_CONFIRMED_POCKET,SEPARATE_DAILY_SCAN,bundle_A,NOT_ACTIVATED_EVIDENCE_BELOW_PROVISIONAL
2026-07-14,2006,RISK_OFF,VERY_LOW,EMERGING_POCKET,True,True,ABSTAIN_UNLESS_CONFIRMED_POCKET,False,True,NO_CONFIRMED_POCKET,SEPARATE_DAILY_SCAN,bundle_A,NOT_ACTIVATED_EVIDENCE_BELOW_PROVISIONAL
2026-07-14,2023,RISK_OFF,VERY_LOW,EMERGING_POCKET,True,True,ABSTAIN_UNLESS_CONFIRMED_POCKET,False,True,NO_CONFIRMED_POCKET,SEPARATE_DAILY_SCAN,bundle_A,NOT_ACTIVATED_EVIDENCE_BELOW_PROVISIONAL
2026-07-14,2207,RISK_OFF,VERY_LOW,NARROW_LEADERSHIP,True,True,ABSTAIN_UNLESS_CONFIRMED_POCKET,False,True,NO_CONFIRMED_POCKET,SEPARATE_DAILY_SCAN,bundle_A,NOT_ACTIVATED_EVIDENCE_BELOW_PROVISIONAL
2026-07-14,2704,RISK_OFF,VERY_LOW,NARROW_LEADERSHIP,True,True,ABSTAIN_UNLESS_CONFIRMED_POCKET,False,True,NO_CONFIRMED_POCKET,SEPARATE_DAILY_SCAN,bundle_A,NOT_ACTIVATED_EVIDENCE_BELOW_PROVISIONAL
2026-07-14,3702,RISK_OFF,VERY_LOW,NARROW_LEADERSHIP,True,True,ABSTAIN_UNLESS_CONFIRMED_POCKET,False,True,NO_CONFIRMED_POCKET,SEPARATE_DAILY_SCAN,bundle_A,NOT_ACTIVATED_EVIDENCE_BELOW_PROVISIONAL
2026-07-14,4104,RISK_OFF,VERY_LOW,NARROW_LEADERSHIP,True,True,ABSTAIN_UNLESS_CONFIRMED_POCKET,False,True,NO_CONFIRMED_POCKET,SEPARATE_DAILY_SCAN,bundle_A,NOT_ACTIVATED_EVIDENCE_BELOW_PROVISIONAL
2026-07-14,4106,RISK_OFF,VERY_LOW,NARROW_LEADERSHIP,True,True,ABSTAIN_UNLESS_CONFIRMED_POCKET,False,True,NO_CONFIRMED_POCKET,SEPARATE_DAILY_SCAN,bundle_A,NOT_ACTIVATED_EVIDENCE_BELOW_PROVISIONAL
2026-07-14,4736,RISK_OFF,VERY_LOW,EMERGING_POCKET,True,True,ABSTAIN_UNLESS_CONFIRMED_POCKET,False,True,NO_CONFIRMED_POCKET,SEPARATE_DAILY_SCAN,bundle_A,NOT_ACTIVATED_EVIDENCE_BELOW_PROVISIONAL
2026-07-14,5306,RISK_OFF,VERY_LOW,EMERGING_POCKET,True,True,ABSTAIN_UNLESS_CONFIRMED_POCKET,False,True,NO_CONFIRMED_POCKET,SEPARATE_DAILY_SCAN,bundle_A,NOT_ACTIVATED_EVIDENCE_BELOW_PROVISIONAL
2026-07-14,5525,RISK_OFF,VERY_LOW,NARROW_LEADERSHIP,True,True,ABSTAIN_UNLESS_CONFIRMED_POCKET,False,True,NO_CONFIRMED_POCKET,SEPARATE_DAILY_SCAN,bundle_A,NOT_ACTIVATED_EVIDENCE_BELOW_PROVISIONAL
2026-07-14,5538,RISK_OFF,VERY_LOW,EMERGING_POCKET,True,True,ABSTAIN_UNLESS_CONFIRMED_POCKET,False,True,NO_CONFIRMED_POCKET,SEPARATE_DAILY_SCAN,bundle_A,NOT_ACTIVATED_EVIDENCE_BELOW_PROVISIONAL
2026-07-14,6534,RISK_OFF,VERY_LOW,EMERGING_POCKET,True,True,ABSTAIN_UNLESS_CONFIRMED_POCKET,False,True,NO_CONFIRMED_POCKET,SEPARATE_DAILY_SCAN,bundle_A,NOT_ACTIVATED_EVIDENCE_BELOW_PROVISIONAL
2026-07-14,8411,RISK_OFF,VERY_LOW,EMERGING_POCKET,True,True,ABSTAIN_UNLESS_CONFIRMED_POCKET,False,True,NO_CONFIRMED_POCKET,SEPARATE_DAILY_SCAN,bundle_A,NOT_ACTIVATED_EVIDENCE_BELOW_PROVISIONAL
2026-07-14,8462,RISK_OFF,VERY_LOW,EMERGING_POCKET,True,True,ABSTAIN_UNLESS_CONFIRMED_POCKET,False,True,NO_CONFIRMED_POCKET,SEPARATE_DAILY_SCAN,bundle_A,NOT_ACTIVATED_EVIDENCE_BELOW_PROVISIONAL
2026-07-14,8481,RISK_OFF,VERY_LOW,EMERGING_POCKET,True,True,ABSTAIN_UNLESS_CONFIRMED_POCKET,False,True,NO_CONFIRMED_POCKET,SEPARATE_DAILY_SCAN,bundle_A,NOT_ACTIVATED_EVIDENCE_BELOW_PROVISIONAL
2026-07-14,910322,RISK_OFF,VERY_LOW,NARROW_LEADERSHIP,True,True,ABSTAIN_UNLESS_CONFIRMED_POCKET,False,True,NO_CONFIRMED_POCKET,SEPARATE_DAILY_SCAN,bundle_A,NOT_ACTIVATED_EVIDENCE_BELOW_PROVISIONAL
2026-07-15,2015,RISK_OFF,LOW,EMERGING_POCKET,False,False,ABSTAIN_UNLESS_CONFIRMED_POCKET,False,True,NO_CONFIRMED_POCKET,SEPARATE_DAILY_SCAN,bundle_A,NOT_ACTIVATED_EVIDENCE_BELOW_PROVISIONAL
2026-07-15,6464,RISK_OFF,LOW,NO_POCKET,True,True,ABSTAIN_UNLESS_CONFIRMED_POCKET,False,True,NO_CONFIRMED_POCKET,SEPARATE_DAILY_SCAN,bundle_A,NOT_ACTIVATED_EVIDENCE_BELOW_PROVISIONAL
2026-07-15,6598,RISK_OFF,LOW,EMERGING_POCKET,False,False,ABSTAIN_UNLESS_CONFIRMED_POCKET,False,True,NO_CONFIRMED_POCKET,SEPARATE_DAILY_SCAN,bundle_A,NOT_ACTIVATED_EVIDENCE_BELOW_PROVISIONAL
2026-07-15,6669,RISK_OFF,LOW,EMERGING_POCKET,False,False,ABSTAIN_UNLESS_CONFIRMED_POCKET,False,True,NO_CONFIRMED_POCKET,SEPARATE_DAILY_SCAN,bundle_A,NOT_ACTIVATED_EVIDENCE_BELOW_PROVISIONAL
2026-07-15,6887,RISK_OFF,LOW,EMERGING_POCKET,False,False,ABSTAIN_UNLESS_CONFIRMED_POCKET,False,True,NO_CONFIRMED_POCKET,SEPARATE_DAILY_SCAN,bundle_A,NOT_ACTIVATED_EVIDENCE_BELOW_PROVISIONAL
2026-07-15,8478,RISK_OFF,LOW,EMERGING_POCKET,False,False,ABSTAIN_UNLESS_CONFIRMED_POCKET,False,True,NO_CONFIRMED_POCKET,SEPARATE_DAILY_SCAN,bundle_A,NOT_ACTIVATED_EVIDENCE_BELOW_PROVISIONAL
2026-07-15,8499,RISK_OFF,LOW,EMERGING_POCKET,False,False,ABSTAIN_UNLESS_CONFIRMED_POCKET,False,True,NO_CONFIRMED_POCKET,SEPARATE_DAILY_SCAN,bundle_A,NOT_ACTIVATED_EVIDENCE_BELOW_PROVISIONAL
2026-07-15,9927,RISK_OFF,LOW,EMERGING_POCKET,True,True,ABSTAIN_UNLESS_CONFIRMED_POCKET,False,True,NO_CONFIRMED_POCKET,SEPARATE_DAILY_SCAN,bundle_A,NOT_ACTIVATED_EVIDENCE_BELOW_PROVISIONAL
2026-07-16,00715L,RISK_OFF,VERY_LOW,NO_POCKET,False,False,ABSTAIN_UNLESS_CONFIRMED_POCKET,False,True,NO_CONFIRMED_POCKET,SEPARATE_DAILY_SCAN,bundle_A,NOT_ACTIVATED_EVIDENCE_BELOW_PROVISIONAL
2026-07-16,00916,RISK_OFF,VERY_LOW,NO_POCKET,True,True,ABSTAIN_UNLESS_CONFIRMED_POCKET,False,True,NO_CONFIRMED_POCKET,SEPARATE_DAILY_SCAN,bundle_A,NOT_ACTIVATED_EVIDENCE_BELOW_PROVISIONAL
2026-07-16,1101,RISK_OFF,VERY_LOW,EMERGING_POCKET,True,True,ABSTAIN_UNLESS_CONFIRMED_POCKET,False,True,NO_CONFIRMED_POCKET,SEPARATE_DAILY_SCAN,bundle_A,NOT_ACTIVATED_EVIDENCE_BELOW_PROVISIONAL
2026-07-16,1103,RISK_OFF,VERY_LOW,NARROW_LEADERSHIP,True,True,ABSTAIN_UNLESS_CONFIRMED_POCKET,False,True,NO_CONFIRMED_POCKET,SEPARATE_DAILY_SCAN,bundle_A,NOT_ACTIVATED_EVIDENCE_BELOW_PROVISIONAL
2026-07-16,1110,RISK_OFF,VERY_LOW,EMERGING_POCKET,False,False,ABSTAIN_UNLESS_CONFIRMED_POCKET,False,True,NO_CONFIRMED_POCKET,SEPARATE_DAILY_SCAN,bundle_A,NOT_ACTIVATED_EVIDENCE_BELOW_PROVISIONAL
2026-07-16,1436,RISK_OFF,VERY_LOW,CONFIRMED_POCKET,True,True,ABSTAIN_UNLESS_CONFIRMED_POCKET,True,False,,SEPARATE_DAILY_SCAN,bundle_A,NOT_ACTIVATED_EVIDENCE_BELOW_PROVISIONAL
2026-07-16,1439,RISK_OFF,VERY_LOW,CONFIRMED_POCKET,False,False,ABSTAIN_UNLESS_CONFIRMED_POCKET,False,True,SURVIVAL_BUNDLE_FAILED,SEPARATE_DAILY_SCAN,bundle_A,NOT_ACTIVATED_EVIDENCE_BELOW_PROVISIONAL
2026-07-16,1442,RISK_OFF,VERY_LOW,CONFIRMED_POCKET,True,True,ABSTAIN_UNLESS_CONFIRMED_POCKET,True,False,,SEPARATE_DAILY_SCAN,bundle_A,NOT_ACTIVATED_EVIDENCE_BELOW_PROVISIONAL
2026-07-16,1732,RISK_OFF,VERY_LOW,CONFIRMED_POCKET,True,True,ABSTAIN_UNLESS_CONFIRMED_POCKET,True,False,,SEPARATE_DAILY_SCAN,bundle_A,NOT_ACTIVATED_EVIDENCE_BELOW_PROVISIONAL
2026-07-16,2459,RISK_OFF,VERY_LOW,NARROW_LEADERSHIP,True,True,ABSTAIN_UNLESS_CONFIRMED_POCKET,False,True,NO_CONFIRMED_POCKET,SEPARATE_DAILY_SCAN,bundle_A,NOT_ACTIVATED_EVIDENCE_BELOW_PROVISIONAL
2026-07-16,2524,RISK_OFF,VERY_LOW,CONFIRMED_POCKET,True,True,ABSTAIN_UNLESS_CONFIRMED_POCKET,True,False,,SEPARATE_DAILY_SCAN,bundle_A,NOT_ACTIVATED_EVIDENCE_BELOW_PROVISIONAL
2026-07-16,3266,RISK_OFF,VERY_LOW,CONFIRMED_POCKET,True,True,ABSTAIN_UNLESS_CONFIRMED_POCKET,True,False,,SEPARATE_DAILY_SCAN,bundle_A,NOT_ACTIVATED_EVIDENCE_BELOW_PROVISIONAL
2026-07-16,6789,RISK_OFF,VERY_LOW,EMERGING_POCKET,False,False,ABSTAIN_UNLESS_CONFIRMED_POCKET,False,True,NO_CONFIRMED_POCKET,SEPARATE_DAILY_SCAN,bundle_A,NOT_ACTIVATED_EVIDENCE_BELOW_PROVISIONAL
2026-07-16,8404,RISK_OFF,VERY_LOW,EMERGING_POCKET,True,True,ABSTAIN_UNLESS_CONFIRMED_POCKET,False,True,NO_CONFIRMED_POCKET,SEPARATE_DAILY_SCAN,bundle_A,NOT_ACTIVATED_EVIDENCE_BELOW_PROVISIONAL
2026-07-16,OilGasElectricity,RISK_OFF,VERY_LOW,NO_POCKET,False,False,ABSTAIN_UNLESS_CONFIRMED_POCKET,False,True,NO_CONFIRMED_POCKET,SEPARATE_DAILY_SCAN,bundle_A,NOT_ACTIVATED_EVIDENCE_BELOW_PROVISIONAL
2026-07-17,00632R,RISK_OFF,VERY_LOW,NO_POCKET,False,False,ABSTAIN_UNLESS_CONFIRMED_POCKET,False,True,NO_CONFIRMED_POCKET,SEPARATE_DAILY_SCAN,bundle_A,NOT_ACTIVATED_EVIDENCE_BELOW_PROVISIONAL
2026-07-17,00642U,RISK_OFF,VERY_LOW,NO_POCKET,False,False,ABSTAIN_UNLESS_CONFIRMED_POCKET,False,True,NO_CONFIRMED_POCKET,SEPARATE_DAILY_SCAN,bundle_A,NOT_ACTIVATED_EVIDENCE_BELOW_PROVISIONAL
2026-07-17,00664R,RISK_OFF,VERY_LOW,NO_POCKET,True,True,ABSTAIN_UNLESS_CONFIRMED_POCKET,False,True,NO_CONFIRMED_POCKET,SEPARATE_DAILY_SCAN,bundle_A,NOT_ACTIVATED_EVIDENCE_BELOW_PROVISIONAL
2026-07-17,00676R,RISK_OFF,VERY_LOW,NO_POCKET,True,True,ABSTAIN_UNLESS_CONFIRMED_POCKET,False,True,NO_CONFIRMED_POCKET,SEPARATE_DAILY_SCAN,bundle_A,NOT_ACTIVATED_EVIDENCE_BELOW_PROVISIONAL
2026-07-17,1201,RISK_OFF,VERY_LOW,EMERGING_POCKET,True,True,ABSTAIN_UNLESS_CONFIRMED_POCKET,False,True,NO_CONFIRMED_POCKET,SEPARATE_DAILY_SCAN,bundle_A,NOT_ACTIVATED_EVIDENCE_BELOW_PROVISIONAL
2026-07-17,1231,RISK_OFF,VERY_LOW,EMERGING_POCKET,True,True,ABSTAIN_UNLESS_CONFIRMED_POCKET,False,True,NO_CONFIRMED_POCKET,SEPARATE_DAILY_SCAN,bundle_A,NOT_ACTIVATED_EVIDENCE_BELOW_PROVISIONAL
2026-07-17,1323,RISK_OFF,VERY_LOW,NARROW_LEADERSHIP,True,True,ABSTAIN_UNLESS_CONFIRMED_POCKET,False,True,NO_CONFIRMED_POCKET,SEPARATE_DAILY_SCAN,bundle_A,NOT_ACTIVATED_EVIDENCE_BELOW_PROVISIONAL
2026-07-17,2008,RISK_OFF,VERY_LOW,NARROW_LEADERSHIP,False,False,ABSTAIN_UNLESS_CONFIRMED_POCKET,False,True,NO_CONFIRMED_POCKET,SEPARATE_DAILY_SCAN,bundle_A,NOT_ACTIVATED_EVIDENCE_BELOW_PROVISIONAL
2026-07-17,2024,RISK_OFF,VERY_LOW,NARROW_LEADERSHIP,True,True,ABSTAIN_UNLESS_CONFIRMED_POCKET,False,True,NO_CONFIRMED_POCKET,SEPARATE_DAILY_SCAN,bundle_A,NOT_ACTIVATED_EVIDENCE_BELOW_PROVISIONAL
2026-07-17,2105,RISK_OFF,VERY_LOW,EMERGING_POCKET,True,True,ABSTAIN_UNLESS_CONFIRMED_POCKET,False,True,NO_CONFIRMED_POCKET,SEPARATE_DAILY_SCAN,bundle_A,NOT_ACTIVATED_EVIDENCE_BELOW_PROVISIONAL
2026-07-17,2115,RISK_OFF,VERY_LOW,EMERGING_POCKET,False,False,ABSTAIN_UNLESS_CONFIRMED_POCKET,False,True,NO_CONFIRMED_POCKET,SEPARATE_DAILY_SCAN,bundle_A,NOT_ACTIVATED_EVIDENCE_BELOW_PROVISIONAL
2026-07-17,2608,RISK_OFF,VERY_LOW,NARROW_LEADERSHIP,False,False,ABSTAIN_UNLESS_CONFIRMED_POCKET,False,True,NO_CONFIRMED_POCKET,SEPARATE_DAILY_SCAN,bundle_A,NOT_ACTIVATED_EVIDENCE_BELOW_PROVISIONAL
2026-07-17,2929,RISK_OFF,VERY_LOW,EMERGING_POCKET,False,False,ABSTAIN_UNLESS_CONFIRMED_POCKET,False,True,NO_CONFIRMED_POCKET,SEPARATE_DAILY_SCAN,bundle_A,NOT_ACTIVATED_EVIDENCE_BELOW_PROVISIONAL
2026-07-17,3024,RISK_OFF,VERY_LOW,NARROW_LEADERSHIP,True,True,ABSTAIN_UNLESS_CONFIRMED_POCKET,False,True,NO_CONFIRMED_POCKET,SEPARATE_DAILY_SCAN,bundle_A,NOT_ACTIVATED_EVIDENCE_BELOW_PROVISIONAL
2026-07-17,4582,RISK_OFF,VERY_LOW,NARROW_LEADERSHIP,False,False,ABSTAIN_UNLESS_CONFIRMED_POCKET,False,True,NO_CONFIRMED_POCKET,SEPARATE_DAILY_SCAN,bundle_A,NOT_ACTIVATED_EVIDENCE_BELOW_PROVISIONAL
2026-07-17,6937,RISK_OFF,VERY_LOW,NARROW_LEADERSHIP,False,False,ABSTAIN_UNLESS_CONFIRMED_POCKET,False,True,NO_CONFIRMED_POCKET,SEPARATE_DAILY_SCAN,bundle_A,NOT_ACTIVATED_EVIDENCE_BELOW_PROVISIONAL
2026-07-20,00665L,RISK_OFF,HIGH,NO_POCKET,False,False,ABSTAIN_UNLESS_CONFIRMED_POCKET,False,True,NO_CONFIRMED_POCKET,SEPARATE_DAILY_SCAN,bundle_A,NOT_ACTIVATED_EVIDENCE_BELOW_PROVISIONAL
2026-07-20,00686R,RISK_OFF,HIGH,NO_POCKET,False,False,ABSTAIN_UNLESS_CONFIRMED_POCKET,False,True,NO_CONFIRMED_POCKET,SEPARATE_DAILY_SCAN,bundle_A,NOT_ACTIVATED_EVIDENCE_BELOW_PROVISIONAL
2026-07-20,1220,RISK_OFF,HIGH,NARROW_LEADERSHIP,False,False,ABSTAIN_UNLESS_CONFIRMED_POCKET,False,True,NO_CONFIRMED_POCKET,SEPARATE_DAILY_SCAN,bundle_A,NOT_ACTIVATED_EVIDENCE_BELOW_PROVISIONAL
2026-07-20,1233,RISK_OFF,HIGH,EMERGING_POCKET,True,True,ABSTAIN_UNLESS_CONFIRMED_POCKET,False,True,NO_CONFIRMED_POCKET,SEPARATE_DAILY_SCAN,bundle_A,NOT_ACTIVATED_EVIDENCE_BELOW_PROVISIONAL
2026-07-20,1235,RISK_OFF,HIGH,EMERGING_POCKET,True,True,ABSTAIN_UNLESS_CONFIRMED_POCKET,False,True,NO_CONFIRMED_POCKET,SEPARATE_DAILY_SCAN,bundle_A,NOT_ACTIVATED_EVIDENCE_BELOW_PROVISIONAL
2026-07-20,1614,RISK_OFF,HIGH,NARROW_LEADERSHIP,False,False,ABSTAIN_UNLESS_CONFIRMED_POCKET,False,True,NO_CONFIRMED_POCKET,SEPARATE_DAILY_SCAN,bundle_A,NOT_ACTIVATED_EVIDENCE_BELOW_PROVISIONAL
2026-07-20,2762,RISK_OFF,HIGH,EMERGING_POCKET,True,True,ABSTAIN_UNLESS_CONFIRMED_POCKET,False,True,NO_CONFIRMED_POCKET,SEPARATE_DAILY_SCAN,bundle_A,NOT_ACTIVATED_EVIDENCE_BELOW_PROVISIONAL
2026-07-20,3679,RISK_OFF,HIGH,NARROW_LEADERSHIP,False,False,ABSTAIN_UNLESS_CONFIRMED_POCKET,False,True,NO_CONFIRMED_POCKET,SEPARATE_DAILY_SCAN,bundle_A,NOT_ACTIVATED_EVIDENCE_BELOW_PROVISIONAL
2026-07-20,4770,RISK_OFF,HIGH,NARROW_LEADERSHIP,False,False,ABSTAIN_UNLESS_CONFIRMED_POCKET,False,True,NO_CONFIRMED_POCKET,SEPARATE_DAILY_SCAN,bundle_A,NOT_ACTIVATED_EVIDENCE_BELOW_PROVISIONAL
2026-07-20,6281,RISK_OFF,HIGH,EMERGING_POCKET,False,False,ABSTAIN_UNLESS_CONFIRMED_POCKET,False,True,NO_CONFIRMED_POCKET,SEPARATE_DAILY_SCAN,bundle_A,NOT_ACTIVATED_EVIDENCE_BELOW_PROVISIONAL
2026-07-20,6969,RISK_OFF,HIGH,EMERGING_POCKET,False,False,ABSTAIN_UNLESS_CONFIRMED_POCKET,False,True,NO_CONFIRMED_POCKET,SEPARATE_DAILY_SCAN,bundle_A,NOT_ACTIVATED_EVIDENCE_BELOW_PROVISIONAL
2026-07-20,7740,RISK_OFF,HIGH,EMERGING_POCKET,False,False,ABSTAIN_UNLESS_CONFIRMED_POCKET,False,True,NO_CONFIRMED_POCKET,SEPARATE_DAILY_SCAN,bundle_A,NOT_ACTIVATED_EVIDENCE_BELOW_PROVISIONAL
2026-07-20,8367,RISK_OFF,HIGH,EMERGING_POCKET,False,False,ABSTAIN_UNLESS_CONFIRMED_POCKET,False,True,NO_CONFIRMED_POCKET,SEPARATE_DAILY_SCAN,bundle_A,NOT_ACTIVATED_EVIDENCE_BELOW_PROVISIONAL
2026-07-20,9939,RISK_OFF,HIGH,EMERGING_POCKET,False,False,ABSTAIN_UNLESS_CONFIRMED_POCKET,False,True,NO_CONFIRMED_POCKET,SEPARATE_DAILY_SCAN,bundle_A,NOT_ACTIVATED_EVIDENCE_BELOW_PROVISIONAL
2026-07-21,00753L,RISK_OFF,LOW,NO_POCKET,False,False,ABSTAIN_UNLESS_CONFIRMED_POCKET,False,True,NO_CONFIRMED_POCKET,SEPARATE_DAILY_SCAN,bundle_A,NOT_ACTIVATED_EVIDENCE_BELOW_PROVISIONAL
2026-07-21,2029,RISK_OFF,LOW,EMERGING_POCKET,True,True,ABSTAIN_UNLESS_CONFIRMED_POCKET,False,True,NO_CONFIRMED_POCKET,SEPARATE_DAILY_SCAN,bundle_A,NOT_ACTIVATED_EVIDENCE_BELOW_PROVISIONAL
2026-07-21,2347,RISK_OFF,LOW,NO_POCKET,False,False,ABSTAIN_UNLESS_CONFIRMED_POCKET,False,True,NO_CONFIRMED_POCKET,SEPARATE_DAILY_SCAN,bundle_A,NOT_ACTIVATED_EVIDENCE_BELOW_PROVISIONAL
2026-07-21,8045,RISK_OFF,LOW,EMERGING_POCKET,False,False,ABSTAIN_UNLESS_CONFIRMED_POCKET,False,True,NO_CONFIRMED_POCKET,SEPARATE_DAILY_SCAN,bundle_A,NOT_ACTIVATED_EVIDENCE_BELOW_PROVISIONAL
2026-07-21,9103,RISK_OFF,LOW,EMERGING_POCKET,False,False,ABSTAIN_UNLESS_CONFIRMED_POCKET,False,True,NO_CONFIRMED_POCKET,SEPARATE_DAILY_SCAN,bundle_A,NOT_ACTIVATED_EVIDENCE_BELOW_PROVISIONAL
2026-07-21,9924,RISK_OFF,LOW,EMERGING_POCKET,True,True,ABSTAIN_UNLESS_CONFIRMED_POCKET,False,True,NO_CONFIRMED_POCKET,SEPARATE_DAILY_SCAN,bundle_A,NOT_ACTIVATED_EVIDENCE_BELOW_PROVISIONAL
2026-07-22,00636,RISK_OFF,VERY_LOW,NO_POCKET,False,False,ABSTAIN_UNLESS_CONFIRMED_POCKET,False,True,NO_CONFIRMED_POCKET,SEPARATE_DAILY_SCAN,bundle_A,NOT_ACTIVATED_EVIDENCE_BELOW_PROVISIONAL
2026-07-22,00669R,RISK_OFF,VERY_LOW,NO_POCKET,True,True,ABSTAIN_UNLESS_CONFIRMED_POCKET,False,True,NO_CONFIRMED_POCKET,SEPARATE_DAILY_SCAN,bundle_A,NOT_ACTIVATED_EVIDENCE_BELOW_PROVISIONAL
2026-07-22,00693U,RISK_OFF,VERY_LOW,NO_POCKET,True,True,ABSTAIN_UNLESS_CONFIRMED_POCKET,False,True,NO_CONFIRMED_POCKET,SEPARATE_DAILY_SCAN,bundle_A,NOT_ACTIVATED_EVIDENCE_BELOW_PROVISIONAL
2026-07-22,00700,RISK_OFF,VERY_LOW,NO_POCKET,True,True,ABSTAIN_UNLESS_CONFIRMED_POCKET,False,True,NO_CONFIRMED_POCKET,SEPARATE_DAILY_SCAN,bundle_A,NOT_ACTIVATED_EVIDENCE_BELOW_PROVISIONAL
2026-07-22,00702,RISK_OFF,VERY_LOW,NO_POCKET,False,False,ABSTAIN_UNLESS_CONFIRMED_POCKET,False,True,NO_CONFIRMED_POCKET,SEPARATE_DAILY_SCAN,bundle_A,NOT_ACTIVATED_EVIDENCE_BELOW_PROVISIONAL
2026-07-22,00709,RISK_OFF,VERY_LOW,NO_POCKET,True,True,ABSTAIN_UNLESS_CONFIRMED_POCKET,False,True,NO_CONFIRMED_POCKET,SEPARATE_DAILY_SCAN,bundle_A,NOT_ACTIVATED_EVIDENCE_BELOW_PROVISIONAL
2026-07-22,00710B,RISK_OFF,VERY_LOW,NO_POCKET,True,True,ABSTAIN_UNLESS_CONFIRMED_POCKET,False,True,NO_CONFIRMED_POCKET,SEPARATE_DAILY_SCAN,bundle_A,NOT_ACTIVATED_EVIDENCE_BELOW_PROVISIONAL
2026-07-22,00752,RISK_OFF,VERY_LOW,NO_POCKET,True,True,ABSTAIN_UNLESS_CONFIRMED_POCKET,False,True,NO_CONFIRMED_POCKET,SEPARATE_DAILY_SCAN,bundle_A,NOT_ACTIVATED_EVIDENCE_BELOW_PROVISIONAL
2026-07-22,00763U,RISK_OFF,VERY_LOW,NO_POCKET,False,False,ABSTAIN_UNLESS_CONFIRMED_POCKET,False,True,NO_CONFIRMED_POCKET,SEPARATE_DAILY_SCAN,bundle_A,NOT_ACTIVATED_EVIDENCE_BELOW_PROVISIONAL
2026-07-22,00917,RISK_OFF,VERY_LOW,NO_POCKET,False,False,ABSTAIN_UNLESS_CONFIRMED_POCKET,False,True,NO_CONFIRMED_POCKET,SEPARATE_DAILY_SCAN,bundle_A,NOT_ACTIVATED_EVIDENCE_BELOW_PROVISIONAL
2026-07-22,00924,RISK_OFF,VERY_LOW,NO_POCKET,True,True,ABSTAIN_UNLESS_CONFIRMED_POCKET,False,True,NO_CONFIRMED_POCKET,SEPARATE_DAILY_SCAN,bundle_A,NOT_ACTIVATED_EVIDENCE_BELOW_PROVISIONAL
2026-07-22,00926,RISK_OFF,VERY_LOW,NO_POCKET,True,True,ABSTAIN_UNLESS_CONFIRMED_POCKET,False,True,NO_CONFIRMED_POCKET,SEPARATE_DAILY_SCAN,bundle_A,NOT_ACTIVATED_EVIDENCE_BELOW_PROVISIONAL
2026-07-22,00945B,RISK_OFF,VERY_LOW,NO_POCKET,False,False,ABSTAIN_UNLESS_CONFIRMED_POCKET,False,True,NO_CONFIRMED_POCKET,SEPARATE_DAILY_SCAN,bundle_A,NOT_ACTIVATED_EVIDENCE_BELOW_PROVISIONAL
2026-07-22,00953B,RISK_OFF,VERY_LOW,NO_POCKET,True,True,ABSTAIN_UNLESS_CONFIRMED_POCKET,False,True,NO_CONFIRMED_POCKET,SEPARATE_DAILY_SCAN,bundle_A,NOT_ACTIVATED_EVIDENCE_BELOW_PROVISIONAL
2026-07-22,00956,RISK_OFF,VERY_LOW,NO_POCKET,False,False,ABSTAIN_UNLESS_CONFIRMED_POCKET,False,True,NO_CONFIRMED_POCKET,SEPARATE_DAILY_SCAN,bundle_A,NOT_ACTIVATED_EVIDENCE_BELOW_PROVISIONAL
2026-07-22,00960,RISK_OFF,VERY_LOW,NO_POCKET,False,False,ABSTAIN_UNLESS_CONFIRMED_POCKET,False,True,NO_CONFIRMED_POCKET,SEPARATE_DAILY_SCAN,bundle_A,NOT_ACTIVATED_EVIDENCE_BELOW_PROVISIONAL
2026-07-22,00961,RISK_OFF,VERY_LOW,NO_POCKET,False,False,ABSTAIN_UNLESS_CONFIRMED_POCKET,False,True,NO_CONFIRMED_POCKET,SEPARATE_DAILY_SCAN,bundle_A,NOT_ACTIVATED_EVIDENCE_BELOW_PROVISIONAL
2026-07-22,00972,RISK_OFF,VERY_LOW,NO_POCKET,False,False,ABSTAIN_UNLESS_CONFIRMED_POCKET,False,True,NO_CONFIRMED_POCKET,SEPARATE_DAILY_SCAN,bundle_A,NOT_ACTIVATED_EVIDENCE_BELOW_PROVISIONAL
2026-07-22,009810,RISK_OFF,VERY_LOW,NO_POCKET,True,True,ABSTAIN_UNLESS_CONFIRMED_POCKET,False,True,NO_CONFIRMED_POCKET,SEPARATE_DAILY_SCAN,bundle_A,NOT_ACTIVATED_EVIDENCE_BELOW_PROVISIONAL
2026-07-22,009811,RISK_OFF,VERY_LOW,NO_POCKET,True,True,ABSTAIN_UNLESS_CONFIRMED_POCKET,False,True,NO_CONFIRMED_POCKET,SEPARATE_DAILY_SCAN,bundle_A,NOT_ACTIVATED_EVIDENCE_BELOW_PROVISIONAL
2026-07-22,009813,RISK_OFF,VERY_LOW,NO_POCKET,True,True,ABSTAIN_UNLESS_CONFIRMED_POCKET,False,True,NO_CONFIRMED_POCKET,SEPARATE_DAILY_SCAN,bundle_A,NOT_ACTIVATED_EVIDENCE_BELOW_PROVISIONAL
2026-07-22,009817,RISK_OFF,VERY_LOW,NO_POCKET,False,False,ABSTAIN_UNLESS_CONFIRMED_POCKET,False,True,NO_CONFIRMED_POCKET,SEPARATE_DAILY_SCAN,bundle_A,NOT_ACTIVATED_EVIDENCE_BELOW_PROVISIONAL
2026-07-22,1463,RISK_OFF,VERY_LOW,NARROW_LEADERSHIP,False,False,ABSTAIN_UNLESS_CONFIRMED_POCKET,False,True,NO_CONFIRMED_POCKET,SEPARATE_DAILY_SCAN,bundle_A,NOT_ACTIVATED_EVIDENCE_BELOW_PROVISIONAL
2026-07-22,3665,RISK_OFF,VERY_LOW,EMERGING_POCKET,False,False,ABSTAIN_UNLESS_CONFIRMED_POCKET,False,True,NO_CONFIRMED_POCKET,SEPARATE_DAILY_SCAN,bundle_A,NOT_ACTIVATED_EVIDENCE_BELOW_PROVISIONAL
2026-07-22,3669,RISK_OFF,VERY_LOW,EMERGING_POCKET,False,False,ABSTAIN_UNLESS_CONFIRMED_POCKET,False,True,NO_CONFIRMED_POCKET,SEPARATE_DAILY_SCAN,bundle_A,NOT_ACTIVATED_EVIDENCE_BELOW_PROVISIONAL
2026-07-23,00640L,RISK_OFF,VERY_LOW,NO_POCKET,False,False,ABSTAIN_UNLESS_CONFIRMED_POCKET,False,True,NO_CONFIRMED_POCKET,SEPARATE_DAILY_SCAN,bundle_A,NOT_ACTIVATED_EVIDENCE_BELOW_PROVISIONAL
2026-07-23,00650L,RISK_OFF,VERY_LOW,NO_POCKET,False,False,ABSTAIN_UNLESS_CONFIRMED_POCKET,False,True,NO_CONFIRMED_POCKET,SEPARATE_DAILY_SCAN,bundle_A,NOT_ACTIVATED_EVIDENCE_BELOW_PROVISIONAL
2026-07-23,00882,RISK_OFF,VERY_LOW,NO_POCKET,False,False,ABSTAIN_UNLESS_CONFIRMED_POCKET,False,True,NO_CONFIRMED_POCKET,SEPARATE_DAILY_SCAN,bundle_A,NOT_ACTIVATED_EVIDENCE_BELOW_PROVISIONAL
2026-07-23,1325,RISK_OFF,VERY_LOW,EMERGING_POCKET,True,True,ABSTAIN_UNLESS_CONFIRMED_POCKET,False,True,NO_CONFIRMED_POCKET,SEPARATE_DAILY_SCAN,bundle_A,NOT_ACTIVATED_EVIDENCE_BELOW_PROVISIONAL
2026-07-23,1418,RISK_OFF,VERY_LOW,NO_POCKET,False,False,ABSTAIN_UNLESS_CONFIRMED_POCKET,False,True,NO_CONFIRMED_POCKET,SEPARATE_DAILY_SCAN,bundle_A,NOT_ACTIVATED_EVIDENCE_BELOW_PROVISIONAL
2026-07-23,6504,RISK_OFF,VERY_LOW,NO_POCKET,False,False,ABSTAIN_UNLESS_CONFIRMED_POCKET,False,True,NO_CONFIRMED_POCKET,SEPARATE_DAILY_SCAN,bundle_A,NOT_ACTIVATED_EVIDENCE_BELOW_PROVISIONAL
2026-07-23,8271,RISK_OFF,VERY_LOW,EMERGING_POCKET,False,False,ABSTAIN_UNLESS_CONFIRMED_POCKET,False,True,NO_CONFIRMED_POCKET,SEPARATE_DAILY_SCAN,bundle_A,NOT_ACTIVATED_EVIDENCE_BELOW_PROVISIONAL
2026-07-24,00681R,RISK_OFF,LOW,NO_POCKET,False,False,ABSTAIN_UNLESS_CONFIRMED_POCKET,False,True,NO_CONFIRMED_POCKET,SEPARATE_DAILY_SCAN,bundle_A,NOT_ACTIVATED_EVIDENCE_BELOW_PROVISIONAL
2026-07-24,2002,RISK_OFF,LOW,EMERGING_POCKET,False,False,ABSTAIN_UNLESS_CONFIRMED_POCKET,False,True,NO_CONFIRMED_POCKET,SEPARATE_DAILY_SCAN,bundle_A,NOT_ACTIVATED_EVIDENCE_BELOW_PROVISIONAL
2026-07-24,2385,RISK_OFF,LOW,EMERGING_POCKET,True,True,ABSTAIN_UNLESS_CONFIRMED_POCKET,False,True,NO_CONFIRMED_POCKET,SEPARATE_DAILY_SCAN,bundle_A,NOT_ACTIVATED_EVIDENCE_BELOW_PROVISIONAL
2026-07-24,2605,RISK_OFF,LOW,EMERGING_POCKET,False,False,ABSTAIN_UNLESS_CONFIRMED_POCKET,False,True,NO_CONFIRMED_POCKET,SEPARATE_DAILY_SCAN,bundle_A,NOT_ACTIVATED_EVIDENCE_BELOW_PROVISIONAL
2026-07-24,2609,RISK_OFF,LOW,EMERGING_POCKET,False,False,ABSTAIN_UNLESS_CONFIRMED_POCKET,False,True,NO_CONFIRMED_POCKET,SEPARATE_DAILY_SCAN,bundle_A,NOT_ACTIVATED_EVIDENCE_BELOW_PROVISIONAL
2026-07-24,2616,RISK_OFF,LOW,EMERGING_POCKET,True,True,ABSTAIN_UNLESS_CONFIRMED_POCKET,False,True,NO_CONFIRMED_POCKET,SEPARATE_DAILY_SCAN,bundle_A,NOT_ACTIVATED_EVIDENCE_BELOW_PROVISIONAL
2026-07-24,2701,RISK_OFF,LOW,EMERGING_POCKET,True,True,ABSTAIN_UNLESS_CONFIRMED_POCKET,False,True,NO_CONFIRMED_POCKET,SEPARATE_DAILY_SCAN,bundle_A,NOT_ACTIVATED_EVIDENCE_BELOW_PROVISIONAL
2026-07-24,2712,RISK_OFF,LOW,NARROW_LEADERSHIP,False,False,ABSTAIN_UNLESS_CONFIRMED_POCKET,False,True,NO_CONFIRMED_POCKET,SEPARATE_DAILY_SCAN,bundle_A,NOT_ACTIVATED_EVIDENCE_BELOW_PROVISIONAL
2026-07-24,7765,RISK_OFF,LOW,NARROW_LEADERSHIP,True,True,ABSTAIN_UNLESS_CONFIRMED_POCKET,False,True,NO_CONFIRMED_POCKET,SEPARATE_DAILY_SCAN,bundle_A,NOT_ACTIVATED_EVIDENCE_BELOW_PROVISIONAL
2026-07-24,9919,RISK_OFF,LOW,EMERGING_POCKET,False,False,ABSTAIN_UNLESS_CONFIRMED_POCKET,False,True,NO_CONFIRMED_POCKET,SEPARATE_DAILY_SCAN,bundle_A,NOT_ACTIVATED_EVIDENCE_BELOW_PROVISIONAL
