stock_id,stock_name,episode_start_date,confirmation_date,confirmation_unit,dataset,normal_subregime,return_day0_to_day3,market_excess_return_day0_to_day3,sector_excess_return_day0_to_day3,positive_days_count_3d,market_outperform_days_count_3d,momentum_rank_change_day0_to_day3,day3_momentum_rank,rs_change_day0_to_day3,day3_rs_market_pct,rs_positive_days_3d,institution_buy_days_day1_to_day3,institution_flow_day1_to_day3,institution_flow_acceleration_day3,volume_confirmation_day1_to_day3,volume_without_price_progress_day1_to_day3,trend_efficiency_day0_to_day3,max_drawdown_day0_to_day3,day3_top120_status,day3_source_count,day3_source_combination,breakout_hold_day3,reacceleration_by_day3,episode_return_day0_to_day10,episode_outcome,entry_close,future_trade_date_10d,promotion_reference_close,promotion_return_next_10d,promotion_outcome,promotion_maturity_date,pre_confirmation_return,price_move_before_confirmation,remaining_return_to_episode_day10,maximum_remaining_upside_10d,maximum_remaining_downside_10d,promotion_delay_sessions,feature_as_of_date,max_source_date,point_in_time_valid,data_status,date_split,D0_A_PASS,D0_B_PASS,D0_C_PASS,d3_relative_pass,d3_rs_health_pass,d3_rank_health_pass,D3_A_PASS,d3_flow_pass,D3_B_PASS,d3_controlled_pass,D3_C_PASS,day3_promotion_state,bundle_thresholds
0055,元大MSCI金融,2026-06-15,2026-06-18,DAY3,A,RANGE_NORMAL,6.000000000000005,3.6469585318321895,,3,3,-101.0,106.0,3.0240164626954282,92.61939218523878,3,0,-91816717.87999998,-104522696.33999997,3,0,1.0,0.0,True,1,A,True,False,2.3658536585365875,NEUTRAL,41.0,2026-06-30,43.46,-4.4178554993097086,PROMOTION_NEUTRAL,2026-07-03,6.000000000000005,6.000000000000005,-3.4284399447768066,0.43718361711917453,-6.7418315692590935,3,2026-06-18,2026-06-18,True,RECONSTRUCTED_NOT_PRODUCTION_EXACT,DISCOVERY,False,False,False,True,True,True,False,False,False,True,False,REJECT_CONFIRMATION_SHADOW,"{""d0_fresh_rs_p40"": 1.0, ""d0_fresh_volume_p40"": 3.0, ""d0_rs_slope5_p70"": 6.708057106025629, ""d0_rank_change3_p50"": 114.0, ""d0_flow_buy_days5_p70"": 4.0, ""d0_trend_eff5_p50"": 0.5314861460957175, ""d0_close_progress3_p50"": 5.966850828729298, ""d1_market_excess_p70"": 0.033209940654632675, ""d1_rs_change_p40"": 0.04062997403032401, ""d1_rank_change_p40"": -22.4, ""d1_flow_p50"": 4943366.0, ""d1_close_location_p30"": 0.43671497584541175, ""d1_upper_shadow_p70"": 0.23815384615384746, ""d3_rs_change_p40"": -2.0465804520160695, ""d3_rank_change_p40"": -73.39999999999999, ""d3_flow_acceleration_p50"": -16293412.410000004, ""d3_trend_eff_p50"": 0.8554216867469907, ""d3_max_drawdown_p30"": -2.645937542246859}"
2891,中信金,2026-06-15,2026-06-18,DAY3,A,RANGE_NORMAL,2.567760342368053,0.21471887420023705,1.9534714835271472,3,2,,,-2.32489564424516,91.17221418234443,2,3,1116764855.6,-848515870.6999996,0,0,1.0,0.0,False,0,,True,False,1.2838801711840375,NEUTRAL,70.1,2026-06-30,71.9,-1.8080667593880495,PROMOTION_NEUTRAL,2026-07-03,2.567760342368053,2.567760342368053,-1.2517385257301838,2.364394993045882,-3.0598052851182223,3,2026-06-18,2026-06-18,True,RECONSTRUCTED_NOT_PRODUCTION_EXACT,DISCOVERY,False,False,False,True,False,False,False,True,False,True,False,REJECT_CONFIRMATION_SHADOW,"{""d0_fresh_rs_p40"": 1.0, ""d0_fresh_volume_p40"": 3.0, ""d0_rs_slope5_p70"": 6.708057106025629, ""d0_rank_change3_p50"": 114.0, ""d0_flow_buy_days5_p70"": 4.0, ""d0_trend_eff5_p50"": 0.5314861460957175, ""d0_close_progress3_p50"": 5.966850828729298, ""d1_market_excess_p70"": 0.033209940654632675, ""d1_rs_change_p40"": 0.04062997403032401, ""d1_rank_change_p40"": -22.4, ""d1_flow_p50"": 4943366.0, ""d1_close_location_p30"": 0.43671497584541175, ""d1_upper_shadow_p70"": 0.23815384615384746, ""d3_rs_change_p40"": -2.0465804520160695, ""d3_rank_change_p40"": -73.39999999999999, ""d3_flow_acceleration_p50"": -16293412.410000004, ""d3_trend_eff_p50"": 0.8554216867469907, ""d3_max_drawdown_p30"": -2.645937542246859}"
00990A,主動元大AI新經濟,2026-06-15,2026-06-18,DAY3,A,RANGE_NORMAL,2.4425989252564673,0.08955745708865148,,2,1,-37.0,50.0,1.2088746308859584,86.5412445730825,1,2,342378409.74000007,-278517562.4999998,0,0,0.5952380952380928,-0.81378650071805,True,1,A,False,False,1.514411333659016,NEUTRAL,20.47,2026-06-30,20.97,-5.770147830233652,PROMOTION_NEUTRAL,2026-07-03,2.4425989252564673,2.4425989252564673,-0.9060562708631315,4.196471149260872,-10.300429184549353,3,2026-06-18,2026-06-18,True,RECONSTRUCTED_NOT_PRODUCTION_EXACT,DISCOVERY,False,False,False,True,True,True,False,True,False,False,False,REJECT_CONFIRMATION_SHADOW,"{""d0_fresh_rs_p40"": 1.0, ""d0_fresh_volume_p40"": 3.0, ""d0_rs_slope5_p70"": 6.708057106025629, ""d0_rank_change3_p50"": 114.0, ""d0_flow_buy_days5_p70"": 4.0, ""d0_trend_eff5_p50"": 0.5314861460957175, ""d0_close_progress3_p50"": 5.966850828729298, ""d1_market_excess_p70"": 0.033209940654632675, ""d1_rs_change_p40"": 0.04062997403032401, ""d1_rank_change_p40"": -22.4, ""d1_flow_p50"": 4943366.0, ""d1_close_location_p30"": 0.43671497584541175, ""d1_upper_shadow_p70"": 0.23815384615384746, ""d3_rs_change_p40"": -2.0465804520160695, ""d3_rank_change_p40"": -73.39999999999999, ""d3_flow_acceleration_p50"": -16293412.410000004, ""d3_trend_eff_p50"": 0.8554216867469907, ""d3_max_drawdown_p30"": -2.645937542246859}"
00701,國泰股利精選30,2026-06-15,2026-06-18,DAY3,A,RANGE_NORMAL,4.678362573099437,2.3253211049316214,,3,3,-59.0,73.0,2.9471612725128153,89.4356005788712,2,2,10603876.640000004,-13995844.629999995,0,0,1.0,0.0,True,1,A,True,False,4.253056884635842,NEUTRAL,37.62,2026-06-30,39.38,-0.9395632300660317,PROMOTION_NEUTRAL,2026-07-03,4.678362573099437,4.678362573099437,-0.4062976130015383,3.1995937023869825,-3.4789233113255547,3,2026-06-18,2026-06-18,True,RECONSTRUCTED_NOT_PRODUCTION_EXACT,DISCOVERY,False,False,False,True,True,True,False,True,False,True,False,REJECT_CONFIRMATION_SHADOW,"{""d0_fresh_rs_p40"": 1.0, ""d0_fresh_volume_p40"": 3.0, ""d0_rs_slope5_p70"": 6.708057106025629, ""d0_rank_change3_p50"": 114.0, ""d0_flow_buy_days5_p70"": 4.0, ""d0_trend_eff5_p50"": 0.5314861460957175, ""d0_close_progress3_p50"": 5.966850828729298, ""d1_market_excess_p70"": 0.033209940654632675, ""d1_rs_change_p40"": 0.04062997403032401, ""d1_rank_change_p40"": -22.4, ""d1_flow_p50"": 4943366.0, ""d1_close_location_p30"": 0.43671497584541175, ""d1_upper_shadow_p70"": 0.23815384615384746, ""d3_rs_change_p40"": -2.0465804520160695, ""d3_rank_change_p40"": -73.39999999999999, ""d3_flow_acceleration_p50"": -16293412.410000004, ""d3_trend_eff_p50"": 0.8554216867469907, ""d3_max_drawdown_p30"": -2.645937542246859}"
00876,元大全球5G,2026-06-15,2026-06-18,DAY3,A,RANGE_NORMAL,2.832574607991911,0.4795331398240954,,2,2,3.0,15.0,1.7901508243895563,88.78437047756874,1,2,22326079.45,-10001814.049999997,0,0,0.6222222222222208,-0.8483033932135786,True,1,A,True,True,7.233181588265047,NEUTRAL,98.85,2026-06-30,101.65,-1.4264633546483108,PROMOTION_NEUTRAL,2026-07-03,2.832574607991911,2.832574607991911,4.27939006394491,6.984751598622729,-3.787506148548947,3,2026-06-18,2026-06-18,True,RECONSTRUCTED_NOT_PRODUCTION_EXACT,DISCOVERY,False,False,False,True,True,True,False,True,False,False,False,REJECT_CONFIRMATION_SHADOW,"{""d0_fresh_rs_p40"": 1.0, ""d0_fresh_volume_p40"": 3.0, ""d0_rs_slope5_p70"": 6.708057106025629, ""d0_rank_change3_p50"": 114.0, ""d0_flow_buy_days5_p70"": 4.0, ""d0_trend_eff5_p50"": 0.5314861460957175, ""d0_close_progress3_p50"": 5.966850828729298, ""d1_market_excess_p70"": 0.033209940654632675, ""d1_rs_change_p40"": 0.04062997403032401, ""d1_rank_change_p40"": -22.4, ""d1_flow_p50"": 4943366.0, ""d1_close_location_p30"": 0.43671497584541175, ""d1_upper_shadow_p70"": 0.23815384615384746, ""d3_rs_change_p40"": -2.0465804520160695, ""d3_rank_change_p40"": -73.39999999999999, ""d3_flow_acceleration_p50"": -16293412.410000004, ""d3_trend_eff_p50"": 0.8554216867469907, ""d3_max_drawdown_p30"": -2.645937542246859}"
6202,盛群,2026-06-15,2026-06-18,DAY3,A,RANGE_NORMAL,2.7607361963190247,0.4076947281512089,1.4715156622904235,2,2,,,-10.866696502513733,80.24602026049205,0,1,-72018719.99999997,-621497512.8,2,1,0.2195121951219508,-4.907975460122705,False,0,,True,False,-0.1533742331288445,NEUTRAL,65.2,2026-06-30,67.0,0.0,PROMOTION_NEUTRAL,2026-07-03,2.7607361963190247,2.7607361963190247,-2.8358208955224007,20.895522388059696,-6.567164179104479,3,2026-06-18,2026-06-18,True,RECONSTRUCTED_NOT_PRODUCTION_EXACT,DISCOVERY,True,True,True,True,False,False,False,False,False,False,False,REJECT_CONFIRMATION_SHADOW,"{""d0_fresh_rs_p40"": 1.0, ""d0_fresh_volume_p40"": 3.0, ""d0_rs_slope5_p70"": 6.708057106025629, ""d0_rank_change3_p50"": 114.0, ""d0_flow_buy_days5_p70"": 4.0, ""d0_trend_eff5_p50"": 0.5314861460957175, ""d0_close_progress3_p50"": 5.966850828729298, ""d1_market_excess_p70"": 0.033209940654632675, ""d1_rs_change_p40"": 0.04062997403032401, ""d1_rank_change_p40"": -22.4, ""d1_flow_p50"": 4943366.0, ""d1_close_location_p30"": 0.43671497584541175, ""d1_upper_shadow_p70"": 0.23815384615384746, ""d3_rs_change_p40"": -2.0465804520160695, ""d3_rank_change_p40"": -73.39999999999999, ""d3_flow_acceleration_p50"": -16293412.410000004, ""d3_trend_eff_p50"": 0.8554216867469907, ""d3_max_drawdown_p30"": -2.645937542246859}"
00941,中信上游半導體,2026-06-15,2026-06-18,DAY3,A,RANGE_NORMAL,0.06997900629812648,-2.2830624618696893,,1,1,-109.0,132.0,1.0608107542892498,84.08104196816208,2,2,12792979.149999999,-59614216.059999995,0,0,0.021739130434785967,-1.5745276417074905,False,1,A,True,False,4.163750874737593,NEUTRAL,28.58,2026-06-30,28.6,0.13986013986013734,PROMOTION_NEUTRAL,2026-07-03,0.06997900629812648,0.06997900629812648,4.090909090909078,7.342657342657333,-2.3426573426573505,3,2026-06-18,2026-06-18,True,RECONSTRUCTED_NOT_PRODUCTION_EXACT,DISCOVERY,True,True,True,False,True,False,False,True,False,False,False,REJECT_CONFIRMATION_SHADOW,"{""d0_fresh_rs_p40"": 1.0, ""d0_fresh_volume_p40"": 3.0, ""d0_rs_slope5_p70"": 6.708057106025629, ""d0_rank_change3_p50"": 114.0, ""d0_flow_buy_days5_p70"": 4.0, ""d0_trend_eff5_p50"": 0.5314861460957175, ""d0_close_progress3_p50"": 5.966850828729298, ""d1_market_excess_p70"": 0.033209940654632675, ""d1_rs_change_p40"": 0.04062997403032401, ""d1_rank_change_p40"": -22.4, ""d1_flow_p50"": 4943366.0, ""d1_close_location_p30"": 0.43671497584541175, ""d1_upper_shadow_p70"": 0.23815384615384746, ""d3_rs_change_p40"": -2.0465804520160695, ""d3_rank_change_p40"": -73.39999999999999, ""d3_flow_acceleration_p50"": -16293412.410000004, ""d3_trend_eff_p50"": 0.8554216867469907, ""d3_max_drawdown_p30"": -2.645937542246859}"
00663L,國泰臺灣加權正2,2026-06-15,2026-06-18,DAY3,A,RANGE_NORMAL,3.9962825278810454,1.6432410597132296,,3,2,-36.0,61.0,1.4309704457810284,90.2315484804631,2,2,321923170.2000001,488091529.00000006,0,0,1.0,0.0,True,1,A,False,False,3.7639405204461074,NEUTRAL,107.6,2026-06-30,111.9,0.8042895442359255,PROMOTION_NEUTRAL,2026-07-03,3.9962825278810454,3.9962825278810454,-0.22341376228776078,8.355674709562111,-9.249329758713143,3,2026-06-18,2026-06-18,True,RECONSTRUCTED_NOT_PRODUCTION_EXACT,DISCOVERY,False,False,False,True,True,True,False,True,False,True,False,REJECT_CONFIRMATION_SHADOW,"{""d0_fresh_rs_p40"": 1.0, ""d0_fresh_volume_p40"": 3.0, ""d0_rs_slope5_p70"": 6.708057106025629, ""d0_rank_change3_p50"": 114.0, ""d0_flow_buy_days5_p70"": 4.0, ""d0_trend_eff5_p50"": 0.5314861460957175, ""d0_close_progress3_p50"": 5.966850828729298, ""d1_market_excess_p70"": 0.033209940654632675, ""d1_rs_change_p40"": 0.04062997403032401, ""d1_rank_change_p40"": -22.4, ""d1_flow_p50"": 4943366.0, ""d1_close_location_p30"": 0.43671497584541175, ""d1_upper_shadow_p70"": 0.23815384615384746, ""d3_rs_change_p40"": -2.0465804520160695, ""d3_rank_change_p40"": -73.39999999999999, ""d3_flow_acceleration_p50"": -16293412.410000004, ""d3_trend_eff_p50"": 0.8554216867469907, ""d3_max_drawdown_p30"": -2.645937542246859}"
00661,元大日經225,2026-06-15,2026-06-18,DAY3,A,RANGE_NORMAL,2.9675251959686566,0.6144837278008408,,3,2,-95.0,122.0,4.237596513388482,82.41678726483357,3,2,-251874.64999999944,-21509478.9,0,0,1.0,0.0,False,1,A,True,False,1.7357222844344822,NEUTRAL,89.3,2026-06-30,91.95,-2.5013594344752588,PROMOTION_NEUTRAL,2026-07-03,2.9675251959686566,2.9675251959686566,-1.1963023382273064,2.1207177814029476,-4.023926046764547,3,2026-06-18,2026-06-18,True,RECONSTRUCTED_NOT_PRODUCTION_EXACT,DISCOVERY,False,False,False,True,True,False,False,True,False,True,False,REJECT_CONFIRMATION_SHADOW,"{""d0_fresh_rs_p40"": 1.0, ""d0_fresh_volume_p40"": 3.0, ""d0_rs_slope5_p70"": 6.708057106025629, ""d0_rank_change3_p50"": 114.0, ""d0_flow_buy_days5_p70"": 4.0, ""d0_trend_eff5_p50"": 0.5314861460957175, ""d0_close_progress3_p50"": 5.966850828729298, ""d1_market_excess_p70"": 0.033209940654632675, ""d1_rs_change_p40"": 0.04062997403032401, ""d1_rank_change_p40"": -22.4, ""d1_flow_p50"": 4943366.0, ""d1_close_location_p30"": 0.43671497584541175, ""d1_upper_shadow_p70"": 0.23815384615384746, ""d3_rs_change_p40"": -2.0465804520160695, ""d3_rank_change_p40"": -73.39999999999999, ""d3_flow_acceleration_p50"": -16293412.410000004, ""d3_trend_eff_p50"": 0.8554216867469907, ""d3_max_drawdown_p30"": -2.645937542246859}"
00675L,富邦臺灣加權正2,2026-06-15,2026-06-18,DAY3,A,RANGE_NORMAL,3.866809881847466,1.5137684136796503,,3,3,-34.0,63.0,1.2139983102314602,90.08683068017366,1,2,393462086.40000004,456689369.1,0,0,1.0,0.0,True,1,A,False,False,3.8514653981893465,NEUTRAL,325.85,2026-06-30,338.45,1.2557246269759181,PROMOTION_NEUTRAL,2026-07-03,3.866809881847466,3.866809881847466,-0.014773230905607004,8.598020387058657,-9.2037228541882,3,2026-06-18,2026-06-18,True,RECONSTRUCTED_NOT_PRODUCTION_EXACT,DISCOVERY,False,False,False,True,True,True,False,True,False,True,False,REJECT_CONFIRMATION_SHADOW,"{""d0_fresh_rs_p40"": 1.0, ""d0_fresh_volume_p40"": 3.0, ""d0_rs_slope5_p70"": 6.708057106025629, ""d0_rank_change3_p50"": 114.0, ""d0_flow_buy_days5_p70"": 4.0, ""d0_trend_eff5_p50"": 0.5314861460957175, ""d0_close_progress3_p50"": 5.966850828729298, ""d1_market_excess_p70"": 0.033209940654632675, ""d1_rs_change_p40"": 0.04062997403032401, ""d1_rank_change_p40"": -22.4, ""d1_flow_p50"": 4943366.0, ""d1_close_location_p30"": 0.43671497584541175, ""d1_upper_shadow_p70"": 0.23815384615384746, ""d3_rs_change_p40"": -2.0465804520160695, ""d3_rank_change_p40"": -73.39999999999999, ""d3_flow_acceleration_p50"": -16293412.410000004, ""d3_trend_eff_p50"": 0.8554216867469907, ""d3_max_drawdown_p30"": -2.645937542246859}"
00685L,群益臺灣加權正2,2026-06-15,2026-06-18,DAY3,A,RANGE_NORMAL,3.649265078560582,1.296223610392766,,3,2,-74.0,104.0,0.564127552428829,90.37626628075253,1,0,-1394165775.85,-869298018.0999999,0,0,1.0,0.0,True,1,A,False,False,3.3958438925494105,NEUTRAL,295.95,2026-06-30,306.75,,,2026-07-03,3.649265078560582,3.649265078560582,-0.24449877750610804,8.590057049714762,-9.079054604726988,3,2026-06-18,2026-06-18,True,RECONSTRUCTED_NOT_PRODUCTION_EXACT,DISCOVERY,False,False,False,True,True,True,False,False,False,True,False,REJECT_CONFIRMATION_SHADOW,"{""d0_fresh_rs_p40"": 1.0, ""d0_fresh_volume_p40"": 3.0, ""d0_rs_slope5_p70"": 6.708057106025629, ""d0_rank_change3_p50"": 114.0, ""d0_flow_buy_days5_p70"": 4.0, ""d0_trend_eff5_p50"": 0.5314861460957175, ""d0_close_progress3_p50"": 5.966850828729298, ""d1_market_excess_p70"": 0.033209940654632675, ""d1_rs_change_p40"": 0.04062997403032401, ""d1_rank_change_p40"": -22.4, ""d1_flow_p50"": 4943366.0, ""d1_close_location_p30"": 0.43671497584541175, ""d1_upper_shadow_p70"": 0.23815384615384746, ""d3_rs_change_p40"": -2.0465804520160695, ""d3_rank_change_p40"": -73.39999999999999, ""d3_flow_acceleration_p50"": -16293412.410000004, ""d3_trend_eff_p50"": 0.8554216867469907, ""d3_max_drawdown_p30"": -2.645937542246859}"
4952,凌通,2026-06-15,2026-06-18,DAY3,A,RANGE_NORMAL,-1.025641025641033,-3.378682493808849,-2.481951705252683,2,1,,,-12.105476690395918,73.01013024602027,0,1,16641063.399999999,-71519988.1,0,1,0.13636363636363674,-4.273504273504269,False,0,,True,False,-1.7094017094017144,NEUTRAL,58.5,2026-06-30,57.9,3.799654576856648,PROMOTION_NEUTRAL,2026-07-03,-1.025641025641033,-1.025641025641033,-0.6908462867012077,6.563039723661501,-6.39032815198618,3,2026-06-18,2026-06-18,True,RECONSTRUCTED_NOT_PRODUCTION_EXACT,DISCOVERY,True,True,True,False,False,False,False,False,False,False,False,REJECT_CONFIRMATION_SHADOW,"{""d0_fresh_rs_p40"": 1.0, ""d0_fresh_volume_p40"": 3.0, ""d0_rs_slope5_p70"": 6.708057106025629, ""d0_rank_change3_p50"": 114.0, ""d0_flow_buy_days5_p70"": 4.0, ""d0_trend_eff5_p50"": 0.5314861460957175, ""d0_close_progress3_p50"": 5.966850828729298, ""d1_market_excess_p70"": 0.033209940654632675, ""d1_rs_change_p40"": 0.04062997403032401, ""d1_rank_change_p40"": -22.4, ""d1_flow_p50"": 4943366.0, ""d1_close_location_p30"": 0.43671497584541175, ""d1_upper_shadow_p70"": 0.23815384615384746, ""d3_rs_change_p40"": -2.0465804520160695, ""d3_rank_change_p40"": -73.39999999999999, ""d3_flow_acceleration_p50"": -16293412.410000004, ""d3_trend_eff_p50"": 0.8554216867469907, ""d3_max_drawdown_p30"": -2.645937542246859}"
00731,復華富時高息低波,2026-06-15,2026-06-18,DAY3,A,RANGE_NORMAL,4.868270332187863,2.515228864020047,,3,3,-33.0,69.0,4.75341508913111,89.36324167872648,3,2,5366528.750000007,-11884936.749999993,0,0,1.0,0.0,True,1,A,True,False,1.8327605956472093,NEUTRAL,87.3,2026-06-30,91.55,-3.713817586018564,PROMOTION_NEUTRAL,2026-07-03,4.868270332187863,4.868270332187863,-2.8945931185144658,0.7099945385035555,-4.860731840524302,3,2026-06-18,2026-06-18,True,RECONSTRUCTED_NOT_PRODUCTION_EXACT,DISCOVERY,False,False,False,True,True,True,False,True,False,True,False,REJECT_CONFIRMATION_SHADOW,"{""d0_fresh_rs_p40"": 1.0, ""d0_fresh_volume_p40"": 3.0, ""d0_rs_slope5_p70"": 6.708057106025629, ""d0_rank_change3_p50"": 114.0, ""d0_flow_buy_days5_p70"": 4.0, ""d0_trend_eff5_p50"": 0.5314861460957175, ""d0_close_progress3_p50"": 5.966850828729298, ""d1_market_excess_p70"": 0.033209940654632675, ""d1_rs_change_p40"": 0.04062997403032401, ""d1_rank_change_p40"": -22.4, ""d1_flow_p50"": 4943366.0, ""d1_close_location_p30"": 0.43671497584541175, ""d1_upper_shadow_p70"": 0.23815384615384746, ""d3_rs_change_p40"": -2.0465804520160695, ""d3_rank_change_p40"": -73.39999999999999, ""d3_flow_acceleration_p50"": -16293412.410000004, ""d3_trend_eff_p50"": 0.8554216867469907, ""d3_max_drawdown_p30"": -2.645937542246859}"
00915,凱基優選高股息30,2026-06-15,2026-06-18,DAY3,A,RANGE_NORMAL,2.6064844246662444,0.25344295649842863,,2,2,-14.0,52.0,0.12390938825359399,85.74529667149059,1,3,212190902.16000003,-37702892.91,0,0,0.8039215686274488,-0.31786395422759295,True,1,A,True,False,3.242212333121408,NEUTRAL,31.46,2026-06-30,32.28,0.27881040892192566,PROMOTION_NEUTRAL,2026-07-03,2.6064844246662444,2.6064844246662444,0.6195786864931607,4.553903345724897,-1.7967781908302394,3,2026-06-18,2026-06-18,True,RECONSTRUCTED_NOT_PRODUCTION_EXACT,DISCOVERY,False,False,False,True,True,True,False,True,False,False,False,REJECT_CONFIRMATION_SHADOW,"{""d0_fresh_rs_p40"": 1.0, ""d0_fresh_volume_p40"": 3.0, ""d0_rs_slope5_p70"": 6.708057106025629, ""d0_rank_change3_p50"": 114.0, ""d0_flow_buy_days5_p70"": 4.0, ""d0_trend_eff5_p50"": 0.5314861460957175, ""d0_close_progress3_p50"": 5.966850828729298, ""d1_market_excess_p70"": 0.033209940654632675, ""d1_rs_change_p40"": 0.04062997403032401, ""d1_rank_change_p40"": -22.4, ""d1_flow_p50"": 4943366.0, ""d1_close_location_p30"": 0.43671497584541175, ""d1_upper_shadow_p70"": 0.23815384615384746, ""d3_rs_change_p40"": -2.0465804520160695, ""d3_rank_change_p40"": -73.39999999999999, ""d3_flow_acceleration_p50"": -16293412.410000004, ""d3_trend_eff_p50"": 0.8554216867469907, ""d3_max_drawdown_p30"": -2.645937542246859}"
00929,復華台灣科技優息,2026-06-15,2026-06-18,DAY3,A,RANGE_NORMAL,2.000655952771413,-0.35238551539640284,,2,1,-40.0,81.0,-0.9606375948403496,85.23878437047757,1,2,752345676.44,146663328.57000005,0,0,0.835616438356168,-0.19588638589617124,True,1,A,True,False,0.951131518530679,NEUTRAL,30.49,2026-06-30,31.1,0.7717041800643143,PROMOTION_NEUTRAL,2026-07-03,2.000655952771413,2.000655952771413,-1.028938906752408,5.59485530546624,-4.565916398713831,3,2026-06-18,2026-06-18,True,RECONSTRUCTED_NOT_PRODUCTION_EXACT,DISCOVERY,False,False,False,False,True,True,False,True,False,False,False,REJECT_CONFIRMATION_SHADOW,"{""d0_fresh_rs_p40"": 1.0, ""d0_fresh_volume_p40"": 3.0, ""d0_rs_slope5_p70"": 6.708057106025629, ""d0_rank_change3_p50"": 114.0, ""d0_flow_buy_days5_p70"": 4.0, ""d0_trend_eff5_p50"": 0.5314861460957175, ""d0_close_progress3_p50"": 5.966850828729298, ""d1_market_excess_p70"": 0.033209940654632675, ""d1_rs_change_p40"": 0.04062997403032401, ""d1_rank_change_p40"": -22.4, ""d1_flow_p50"": 4943366.0, ""d1_close_location_p30"": 0.43671497584541175, ""d1_upper_shadow_p70"": 0.23815384615384746, ""d3_rs_change_p40"": -2.0465804520160695, ""d3_rank_change_p40"": -73.39999999999999, ""d3_flow_acceleration_p50"": -16293412.410000004, ""d3_trend_eff_p50"": 0.8554216867469907, ""d3_max_drawdown_p30"": -2.645937542246859}"
00901,永豐智能車供應鏈,2026-06-15,2026-06-18,DAY3,A,RANGE_NORMAL,1.93133047210301,-0.4217109960648058,,2,1,-89.0,133.0,0.5515797662765607,81.69319826338639,1,3,3700452.3299999977,-2076909.4500000016,0,0,0.9782608695652065,-0.02136295663320853,False,1,A,False,False,1.716738197424883,NEUTRAL,46.6,2026-06-30,47.5,0.6526315789473713,PROMOTION_NEUTRAL,2026-07-03,1.93133047210301,1.93133047210301,-0.21052631578947212,4.210526315789465,-4.947368421052634,3,2026-06-18,2026-06-18,True,RECONSTRUCTED_NOT_PRODUCTION_EXACT,DISCOVERY,False,False,False,False,True,False,False,True,False,True,False,REJECT_CONFIRMATION_SHADOW,"{""d0_fresh_rs_p40"": 1.0, ""d0_fresh_volume_p40"": 3.0, ""d0_rs_slope5_p70"": 6.708057106025629, ""d0_rank_change3_p50"": 114.0, ""d0_flow_buy_days5_p70"": 4.0, ""d0_trend_eff5_p50"": 0.5314861460957175, ""d0_close_progress3_p50"": 5.966850828729298, ""d1_market_excess_p70"": 0.033209940654632675, ""d1_rs_change_p40"": 0.04062997403032401, ""d1_rank_change_p40"": -22.4, ""d1_flow_p50"": 4943366.0, ""d1_close_location_p30"": 0.43671497584541175, ""d1_upper_shadow_p70"": 0.23815384615384746, ""d3_rs_change_p40"": -2.0465804520160695, ""d3_rank_change_p40"": -73.39999999999999, ""d3_flow_acceleration_p50"": -16293412.410000004, ""d3_trend_eff_p50"": 0.8554216867469907, ""d3_max_drawdown_p30"": -2.645937542246859}"
00918,大華優利高填息30,2026-06-15,2026-06-18,DAY3,A,RANGE_NORMAL,0.37641154328733606,-1.9766299248804797,,2,1,-62.0,109.0,-4.135750315785955,88.06078147612156,1,1,-3969420650.5199995,-2902935312.3699994,2,0,0.08333333333333436,-2.0208205756276687,True,1,A,True,False,0.7841907151819427,NEUTRAL,31.88,2026-06-30,32.0,-0.15625000000000222,PROMOTION_NEUTRAL,2026-07-03,0.37641154328733606,0.37641154328733606,0.406250000000008,2.0312499999999956,-2.8124999999999956,3,2026-06-18,2026-06-18,True,RECONSTRUCTED_NOT_PRODUCTION_EXACT,DISCOVERY,False,False,False,False,False,True,False,False,False,False,False,REJECT_CONFIRMATION_SHADOW,"{""d0_fresh_rs_p40"": 1.0, ""d0_fresh_volume_p40"": 3.0, ""d0_rs_slope5_p70"": 6.708057106025629, ""d0_rank_change3_p50"": 114.0, ""d0_flow_buy_days5_p70"": 4.0, ""d0_trend_eff5_p50"": 0.5314861460957175, ""d0_close_progress3_p50"": 5.966850828729298, ""d1_market_excess_p70"": 0.033209940654632675, ""d1_rs_change_p40"": 0.04062997403032401, ""d1_rank_change_p40"": -22.4, ""d1_flow_p50"": 4943366.0, ""d1_close_location_p30"": 0.43671497584541175, ""d1_upper_shadow_p70"": 0.23815384615384746, ""d3_rs_change_p40"": -2.0465804520160695, ""d3_rank_change_p40"": -73.39999999999999, ""d3_flow_acceleration_p50"": -16293412.410000004, ""d3_trend_eff_p50"": 0.8554216867469907, ""d3_max_drawdown_p30"": -2.645937542246859}"
00939,統一台灣高息動能,2026-06-15,2026-06-18,DAY3,A,RANGE_NORMAL,3.1969910672308366,0.8439495990630208,,3,2,-32.0,82.0,0.34088152380316217,85.89001447178003,2,3,117508344.11999999,-40564767.480000004,0,0,1.0,0.0,True,1,A,True,False,0.8932769158439102,NEUTRAL,21.27,2026-06-30,21.95,-3.052391799544407,PROMOTION_NEUTRAL,2026-07-03,3.1969910672308366,3.1969910672308366,-2.23234624145785,0.7744874715261973,-4.32801822323462,3,2026-06-18,2026-06-18,True,RECONSTRUCTED_NOT_PRODUCTION_EXACT,DISCOVERY,False,False,False,True,True,True,False,True,False,True,False,REJECT_CONFIRMATION_SHADOW,"{""d0_fresh_rs_p40"": 1.0, ""d0_fresh_volume_p40"": 3.0, ""d0_rs_slope5_p70"": 6.708057106025629, ""d0_rank_change3_p50"": 114.0, ""d0_flow_buy_days5_p70"": 4.0, ""d0_trend_eff5_p50"": 0.5314861460957175, ""d0_close_progress3_p50"": 5.966850828729298, ""d1_market_excess_p70"": 0.033209940654632675, ""d1_rs_change_p40"": 0.04062997403032401, ""d1_rank_change_p40"": -22.4, ""d1_flow_p50"": 4943366.0, ""d1_close_location_p30"": 0.43671497584541175, ""d1_upper_shadow_p70"": 0.23815384615384746, ""d3_rs_change_p40"": -2.0465804520160695, ""d3_rank_change_p40"": -73.39999999999999, ""d3_flow_acceleration_p50"": -16293412.410000004, ""d3_trend_eff_p50"": 0.8554216867469907, ""d3_max_drawdown_p30"": -2.645937542246859}"
00690,兆豐藍籌30,2026-06-15,2026-06-18,DAY3,A,RANGE_NORMAL,2.55451713395638,0.20147566578856413,,2,2,-95.0,148.0,6.404076357461335,81.62083936324169,1,2,22979435.400000002,-12285995.899999995,0,0,0.8723404255319105,-0.1847290640394128,False,1,A,True,False,1.3707165109034136,NEUTRAL,80.25,2026-06-30,82.3,0.18226002430135058,PROMOTION_NEUTRAL,2026-07-03,2.55451713395638,2.55451713395638,-1.1543134872417982,4.73876063183476,-5.650060753341424,3,2026-06-18,2026-06-18,True,RECONSTRUCTED_NOT_PRODUCTION_EXACT,DISCOVERY,False,False,False,True,True,False,False,True,False,True,False,REJECT_CONFIRMATION_SHADOW,"{""d0_fresh_rs_p40"": 1.0, ""d0_fresh_volume_p40"": 3.0, ""d0_rs_slope5_p70"": 6.708057106025629, ""d0_rank_change3_p50"": 114.0, ""d0_flow_buy_days5_p70"": 4.0, ""d0_trend_eff5_p50"": 0.5314861460957175, ""d0_close_progress3_p50"": 5.966850828729298, ""d1_market_excess_p70"": 0.033209940654632675, ""d1_rs_change_p40"": 0.04062997403032401, ""d1_rank_change_p40"": -22.4, ""d1_flow_p50"": 4943366.0, ""d1_close_location_p30"": 0.43671497584541175, ""d1_upper_shadow_p70"": 0.23815384615384746, ""d3_rs_change_p40"": -2.0465804520160695, ""d3_rank_change_p40"": -73.39999999999999, ""d3_flow_acceleration_p50"": -16293412.410000004, ""d3_trend_eff_p50"": 0.8554216867469907, ""d3_max_drawdown_p30"": -2.645937542246859}"
00954,中信日本半導體,2026-06-15,2026-06-18,DAY3,A,RANGE_NORMAL,3.6053130929791344,1.2522716248113186,,2,2,12.0,42.0,1.9392603498322813,91.96816208393632,1,2,-9431718.180000007,-60344600.5,1,1,0.8636363636363664,-0.2846299810246644,True,1,A,True,True,6.166982922201147,NEUTRAL,21.08,2026-06-30,21.84,0.9157509157509125,PROMOTION_NEUTRAL,2026-07-03,3.6053130929791344,3.6053130929791344,2.4725274725274637,7.14285714285714,-5.402930402930406,3,2026-06-18,2026-06-18,True,RECONSTRUCTED_NOT_PRODUCTION_EXACT,DISCOVERY,True,True,True,True,True,True,True,True,True,False,False,REJECT_CONFIRMATION_SHADOW,"{""d0_fresh_rs_p40"": 1.0, ""d0_fresh_volume_p40"": 3.0, ""d0_rs_slope5_p70"": 6.708057106025629, ""d0_rank_change3_p50"": 114.0, ""d0_flow_buy_days5_p70"": 4.0, ""d0_trend_eff5_p50"": 0.5314861460957175, ""d0_close_progress3_p50"": 5.966850828729298, ""d1_market_excess_p70"": 0.033209940654632675, ""d1_rs_change_p40"": 0.04062997403032401, ""d1_rank_change_p40"": -22.4, ""d1_flow_p50"": 4943366.0, ""d1_close_location_p30"": 0.43671497584541175, ""d1_upper_shadow_p70"": 0.23815384615384746, ""d3_rs_change_p40"": -2.0465804520160695, ""d3_rank_change_p40"": -73.39999999999999, ""d3_flow_acceleration_p50"": -16293412.410000004, ""d3_trend_eff_p50"": 0.8554216867469907, ""d3_max_drawdown_p30"": -2.645937542246859}"
00935,野村臺灣新科技50,2026-06-15,2026-06-18,DAY3,A,RANGE_NORMAL,2.3007395234182493,-0.05230194474956651,,2,1,-84.0,139.0,1.563663284341203,82.05499276410998,1,2,-99227553.14999998,-112029452.5,0,0,1.0,0.0,False,1,A,False,False,2.629416598192269,NEUTRAL,60.85,2026-06-30,62.25,0.08032128514054993,PROMOTION_NEUTRAL,2026-07-03,2.3007395234182493,2.3007395234182493,0.3212851405622441,4.738955823293178,-6.265060240963849,3,2026-06-18,2026-06-18,True,RECONSTRUCTED_NOT_PRODUCTION_EXACT,DISCOVERY,False,False,False,False,True,False,False,True,False,True,False,REJECT_CONFIRMATION_SHADOW,"{""d0_fresh_rs_p40"": 1.0, ""d0_fresh_volume_p40"": 3.0, ""d0_rs_slope5_p70"": 6.708057106025629, ""d0_rank_change3_p50"": 114.0, ""d0_flow_buy_days5_p70"": 4.0, ""d0_trend_eff5_p50"": 0.5314861460957175, ""d0_close_progress3_p50"": 5.966850828729298, ""d1_market_excess_p70"": 0.033209940654632675, ""d1_rs_change_p40"": 0.04062997403032401, ""d1_rank_change_p40"": -22.4, ""d1_flow_p50"": 4943366.0, ""d1_close_location_p30"": 0.43671497584541175, ""d1_upper_shadow_p70"": 0.23815384615384746, ""d3_rs_change_p40"": -2.0465804520160695, ""d3_rank_change_p40"": -73.39999999999999, ""d3_flow_acceleration_p50"": -16293412.410000004, ""d3_trend_eff_p50"": 0.8554216867469907, ""d3_max_drawdown_p30"": -2.645937542246859}"
00830,國泰費城半導體,2026-06-15,2026-06-18,DAY3,A,RANGE_NORMAL,-1.472828847130525,-3.825870315298341,,1,1,-71.0,127.0,-3.8515429594371966,84.73227206946454,1,1,-962393872.3499999,-1642817474.5499997,0,1,0.3411764705882348,-2.8948704926358593,False,1,A,True,False,-0.6602336211274817,NEUTRAL,98.45,2026-06-30,97.0,-4.329896907216502,PROMOTION_NEUTRAL,2026-07-03,-1.472828847130525,-1.472828847130525,0.8247422680412342,5.360824742268044,-6.804123711340204,3,2026-06-18,2026-06-18,True,RECONSTRUCTED_NOT_PRODUCTION_EXACT,DISCOVERY,False,False,False,False,False,True,False,False,False,False,False,REJECT_CONFIRMATION_SHADOW,"{""d0_fresh_rs_p40"": 1.0, ""d0_fresh_volume_p40"": 3.0, ""d0_rs_slope5_p70"": 6.708057106025629, ""d0_rank_change3_p50"": 114.0, ""d0_flow_buy_days5_p70"": 4.0, ""d0_trend_eff5_p50"": 0.5314861460957175, ""d0_close_progress3_p50"": 5.966850828729298, ""d1_market_excess_p70"": 0.033209940654632675, ""d1_rs_change_p40"": 0.04062997403032401, ""d1_rank_change_p40"": -22.4, ""d1_flow_p50"": 4943366.0, ""d1_close_location_p30"": 0.43671497584541175, ""d1_upper_shadow_p70"": 0.23815384615384746, ""d3_rs_change_p40"": -2.0465804520160695, ""d3_rank_change_p40"": -73.39999999999999, ""d3_flow_acceleration_p50"": -16293412.410000004, ""d3_trend_eff_p50"": 0.8554216867469907, ""d3_max_drawdown_p30"": -2.645937542246859}"
00951,台新日本半導體,2026-06-15,2026-06-18,DAY3,A,RANGE_NORMAL,3.594936708860774,1.2418952406929584,,2,2,-50.0,108.0,2.372577231623765,91.8234442836469,1,0,-19503259.300000004,-76815946.31,0,1,0.8554216867469907,-0.30379746835442756,True,1,A,True,False,6.278481012658221,NEUTRAL,19.75,2026-06-30,20.46,0.782013685239491,PROMOTION_NEUTRAL,2026-07-03,3.594936708860774,3.594936708860774,2.590420332355814,7.1847507331378235,-5.229716520039107,3,2026-06-18,2026-06-18,True,RECONSTRUCTED_NOT_PRODUCTION_EXACT,DISCOVERY,True,True,True,True,True,True,True,False,False,False,False,REJECT_CONFIRMATION_SHADOW,"{""d0_fresh_rs_p40"": 1.0, ""d0_fresh_volume_p40"": 3.0, ""d0_rs_slope5_p70"": 6.708057106025629, ""d0_rank_change3_p50"": 114.0, ""d0_flow_buy_days5_p70"": 4.0, ""d0_trend_eff5_p50"": 0.5314861460957175, ""d0_close_progress3_p50"": 5.966850828729298, ""d1_market_excess_p70"": 0.033209940654632675, ""d1_rs_change_p40"": 0.04062997403032401, ""d1_rank_change_p40"": -22.4, ""d1_flow_p50"": 4943366.0, ""d1_close_location_p30"": 0.43671497584541175, ""d1_upper_shadow_p70"": 0.23815384615384746, ""d3_rs_change_p40"": -2.0465804520160695, ""d3_rank_change_p40"": -73.39999999999999, ""d3_flow_acceleration_p50"": -16293412.410000004, ""d3_trend_eff_p50"": 0.8554216867469907, ""d3_max_drawdown_p30"": -2.645937542246859}"
00735,國泰臺韓科技,2026-06-15,2026-06-18,DAY3,A,RANGE_NORMAL,4.778761061946901,2.4257195937790854,,3,2,52.0,8.0,2.7263202362329793,86.6136034732272,2,3,323224630.7,227520734.45,0,0,1.0,0.0,True,1,A,False,True,3.4070796460176966,NEUTRAL,113.0,2026-06-30,118.4,-4.47635135135136,PROMOTION_NEUTRAL,2026-07-03,4.778761061946901,4.778761061946901,-1.309121621621634,4.138513513513509,-8.572635135135142,3,2026-06-18,2026-06-18,True,RECONSTRUCTED_NOT_PRODUCTION_EXACT,DISCOVERY,False,False,False,True,True,True,False,True,False,True,False,REJECT_CONFIRMATION_SHADOW,"{""d0_fresh_rs_p40"": 1.0, ""d0_fresh_volume_p40"": 3.0, ""d0_rs_slope5_p70"": 6.708057106025629, ""d0_rank_change3_p50"": 114.0, ""d0_flow_buy_days5_p70"": 4.0, ""d0_trend_eff5_p50"": 0.5314861460957175, ""d0_close_progress3_p50"": 5.966850828729298, ""d1_market_excess_p70"": 0.033209940654632675, ""d1_rs_change_p40"": 0.04062997403032401, ""d1_rank_change_p40"": -22.4, ""d1_flow_p50"": 4943366.0, ""d1_close_location_p30"": 0.43671497584541175, ""d1_upper_shadow_p70"": 0.23815384615384746, ""d3_rs_change_p40"": -2.0465804520160695, ""d3_rank_change_p40"": -73.39999999999999, ""d3_flow_acceleration_p50"": -16293412.410000004, ""d3_trend_eff_p50"": 0.8554216867469907, ""d3_max_drawdown_p30"": -2.645937542246859}"
5471,松翰,2026-06-15,2026-06-18,DAY3,A,RANGE_NORMAL,6.0975609756097615,3.7445195074419457,1.9029301031265433,2,1,,,4.31204671122525,83.93632416787266,1,0,-288236967.0,-540838856.5,2,1,0.5072463768115938,-2.715654952076685,False,0,,True,False,7.317073170731714,NEUTRAL,57.4,2026-06-30,60.9,2.6272577996715896,PROMOTION_NEUTRAL,2026-07-03,6.0975609756097615,6.0975609756097615,1.1494252873563315,9.688013136288998,-5.582922824302128,3,2026-06-18,2026-06-18,True,RECONSTRUCTED_NOT_PRODUCTION_EXACT,DISCOVERY,True,True,True,True,True,False,True,False,False,False,False,REJECT_CONFIRMATION_SHADOW,"{""d0_fresh_rs_p40"": 1.0, ""d0_fresh_volume_p40"": 3.0, ""d0_rs_slope5_p70"": 6.708057106025629, ""d0_rank_change3_p50"": 114.0, ""d0_flow_buy_days5_p70"": 4.0, ""d0_trend_eff5_p50"": 0.5314861460957175, ""d0_close_progress3_p50"": 5.966850828729298, ""d1_market_excess_p70"": 0.033209940654632675, ""d1_rs_change_p40"": 0.04062997403032401, ""d1_rank_change_p40"": -22.4, ""d1_flow_p50"": 4943366.0, ""d1_close_location_p30"": 0.43671497584541175, ""d1_upper_shadow_p70"": 0.23815384615384746, ""d3_rs_change_p40"": -2.0465804520160695, ""d3_rank_change_p40"": -73.39999999999999, ""d3_flow_acceleration_p50"": -16293412.410000004, ""d3_trend_eff_p50"": 0.8554216867469907, ""d3_max_drawdown_p30"": -2.645937542246859}"
009804,聯邦台精彩50,2026-06-15,2026-06-18,DAY3,A,RANGE_NORMAL,2.9573299535276654,0.6042884853598496,,3,3,-138.0,203.0,2.4328066051546386,83.50217076700434,1,1,1258653.669999998,-19090811.890000004,1,0,1.0,0.0,False,1,A,True,False,2.408111533586798,NEUTRAL,23.67,2026-06-30,24.37,0.2872384078785428,PROMOTION_NEUTRAL,2026-07-03,2.9573299535276654,2.9573299535276654,-0.5334427574887224,3.8982355354944653,-4.965121050471899,3,2026-06-18,2026-06-18,True,RECONSTRUCTED_NOT_PRODUCTION_EXACT,DISCOVERY,False,False,False,True,True,False,False,False,False,True,False,REJECT_CONFIRMATION_SHADOW,"{""d0_fresh_rs_p40"": 1.0, ""d0_fresh_volume_p40"": 3.0, ""d0_rs_slope5_p70"": 6.708057106025629, ""d0_rank_change3_p50"": 114.0, ""d0_flow_buy_days5_p70"": 4.0, ""d0_trend_eff5_p50"": 0.5314861460957175, ""d0_close_progress3_p50"": 5.966850828729298, ""d1_market_excess_p70"": 0.033209940654632675, ""d1_rs_change_p40"": 0.04062997403032401, ""d1_rank_change_p40"": -22.4, ""d1_flow_p50"": 4943366.0, ""d1_close_location_p30"": 0.43671497584541175, ""d1_upper_shadow_p70"": 0.23815384615384746, ""d3_rs_change_p40"": -2.0465804520160695, ""d3_rank_change_p40"": -73.39999999999999, ""d3_flow_acceleration_p50"": -16293412.410000004, ""d3_trend_eff_p50"": 0.8554216867469907, ""d3_max_drawdown_p30"": -2.645937542246859}"
4551,智伸科,2026-06-15,2026-06-18,DAY3,A,RANGE_NORMAL,32.63473053892216,30.281689070754346,32.63473053892216,3,3,68.0,2.0,14.661774424265744,95.9479015918958,3,3,348714692.0,224418965.5,3,0,1.0,0.0,True,1,C,True,True,34.730538922155695,WINNER,167.0,2026-06-30,221.5,19.63882618510158,PROMOTION_WINNER,2026-07-03,32.63473053892216,32.63473053892216,1.5801354401805856,19.63882618510158,-5.643340857787815,3,2026-06-18,2026-06-18,True,RECONSTRUCTED_NOT_PRODUCTION_EXACT,DISCOVERY,True,True,True,True,True,True,True,True,True,True,True,PROMOTE_DAY3_SHADOW,"{""d0_fresh_rs_p40"": 1.0, ""d0_fresh_volume_p40"": 3.0, ""d0_rs_slope5_p70"": 6.708057106025629, ""d0_rank_change3_p50"": 114.0, ""d0_flow_buy_days5_p70"": 4.0, ""d0_trend_eff5_p50"": 0.5314861460957175, ""d0_close_progress3_p50"": 5.966850828729298, ""d1_market_excess_p70"": 0.033209940654632675, ""d1_rs_change_p40"": 0.04062997403032401, ""d1_rank_change_p40"": -22.4, ""d1_flow_p50"": 4943366.0, ""d1_close_location_p30"": 0.43671497584541175, ""d1_upper_shadow_p70"": 0.23815384615384746, ""d3_rs_change_p40"": -2.0465804520160695, ""d3_rank_change_p40"": -73.39999999999999, ""d3_flow_acceleration_p50"": -16293412.410000004, ""d3_trend_eff_p50"": 0.8554216867469907, ""d3_max_drawdown_p30"": -2.645937542246859}"
00930,永豐ESG低碳高息,2026-06-15,2026-06-18,DAY3,A,RANGE_NORMAL,3.1123686337914513,0.7593271656236356,,3,2,-19.0,90.0,-0.1685585939787444,83.3574529667149,2,3,40548961.71,3044431.5500000045,0,0,1.0,0.0,True,1,A,False,False,0.8488278092158463,NEUTRAL,24.74,2026-06-30,25.51,-2.1168169345354815,PROMOTION_NEUTRAL,2026-07-03,3.1123686337914513,3.1123686337914513,-2.1952175617405034,4.860838886711094,-4.5472363778910285,3,2026-06-18,2026-06-18,True,RECONSTRUCTED_NOT_PRODUCTION_EXACT,DISCOVERY,False,False,False,True,True,True,False,True,False,True,False,REJECT_CONFIRMATION_SHADOW,"{""d0_fresh_rs_p40"": 1.0, ""d0_fresh_volume_p40"": 3.0, ""d0_rs_slope5_p70"": 6.708057106025629, ""d0_rank_change3_p50"": 114.0, ""d0_flow_buy_days5_p70"": 4.0, ""d0_trend_eff5_p50"": 0.5314861460957175, ""d0_close_progress3_p50"": 5.966850828729298, ""d1_market_excess_p70"": 0.033209940654632675, ""d1_rs_change_p40"": 0.04062997403032401, ""d1_rank_change_p40"": -22.4, ""d1_flow_p50"": 4943366.0, ""d1_close_location_p30"": 0.43671497584541175, ""d1_upper_shadow_p70"": 0.23815384615384746, ""d3_rs_change_p40"": -2.0465804520160695, ""d3_rank_change_p40"": -73.39999999999999, ""d3_flow_acceleration_p50"": -16293412.410000004, ""d3_trend_eff_p50"": 0.8554216867469907, ""d3_max_drawdown_p30"": -2.645937542246859}"
00900,富邦特選高股息30,2026-06-15,2026-06-18,DAY3,A,RANGE_NORMAL,0.35879036391592845,-1.9942511042518873,,2,1,-28.0,100.0,-2.8447922504872736,81.40376266280752,1,3,174318480.74,-62066696.26999998,0,0,0.22580645161289362,-0.6150691952844789,True,1,A,False,False,-1.5376729882111806,NEUTRAL,19.51,2026-06-30,19.58,-0.3575076608784311,PROMOTION_NEUTRAL,2026-07-03,0.35879036391592845,0.35879036391592845,-1.8896833503574961,3.524004085801846,-3.7793667007150034,3,2026-06-18,2026-06-18,True,RECONSTRUCTED_NOT_PRODUCTION_EXACT,DISCOVERY,False,False,False,False,False,True,False,True,False,False,False,REJECT_CONFIRMATION_SHADOW,"{""d0_fresh_rs_p40"": 1.0, ""d0_fresh_volume_p40"": 3.0, ""d0_rs_slope5_p70"": 6.708057106025629, ""d0_rank_change3_p50"": 114.0, ""d0_flow_buy_days5_p70"": 4.0, ""d0_trend_eff5_p50"": 0.5314861460957175, ""d0_close_progress3_p50"": 5.966850828729298, ""d1_market_excess_p70"": 0.033209940654632675, ""d1_rs_change_p40"": 0.04062997403032401, ""d1_rank_change_p40"": -22.4, ""d1_flow_p50"": 4943366.0, ""d1_close_location_p30"": 0.43671497584541175, ""d1_upper_shadow_p70"": 0.23815384615384746, ""d3_rs_change_p40"": -2.0465804520160695, ""d3_rank_change_p40"": -73.39999999999999, ""d3_flow_acceleration_p50"": -16293412.410000004, ""d3_trend_eff_p50"": 0.8554216867469907, ""d3_max_drawdown_p30"": -2.645937542246859}"
009802,富邦旗艦50,2026-06-15,2026-06-18,DAY3,A,RANGE_NORMAL,-0.1506024096385561,-2.503643877806372,,1,0,-78.0,154.0,-4.657424525066304,77.06222865412445,1,2,49812907.64999999,25988423.04,0,0,0.11111111111111403,-0.7530120481927804,False,1,A,False,False,-2.5602409638554313,NEUTRAL,19.92,2026-06-30,19.89,-1.6591251885369585,PROMOTION_NEUTRAL,2026-07-03,-0.1506024096385561,-0.1506024096385561,-2.413273001508298,3.217697335344405,-8.04424333836099,3,2026-06-18,2026-06-18,True,RECONSTRUCTED_NOT_PRODUCTION_EXACT,DISCOVERY,False,False,False,False,False,False,False,True,False,False,False,REJECT_CONFIRMATION_SHADOW,"{""d0_fresh_rs_p40"": 1.0, ""d0_fresh_volume_p40"": 3.0, ""d0_rs_slope5_p70"": 6.708057106025629, ""d0_rank_change3_p50"": 114.0, ""d0_flow_buy_days5_p70"": 4.0, ""d0_trend_eff5_p50"": 0.5314861460957175, ""d0_close_progress3_p50"": 5.966850828729298, ""d1_market_excess_p70"": 0.033209940654632675, ""d1_rs_change_p40"": 0.04062997403032401, ""d1_rank_change_p40"": -22.4, ""d1_flow_p50"": 4943366.0, ""d1_close_location_p30"": 0.43671497584541175, ""d1_upper_shadow_p70"": 0.23815384615384746, ""d3_rs_change_p40"": -2.0465804520160695, ""d3_rank_change_p40"": -73.39999999999999, ""d3_flow_acceleration_p50"": -16293412.410000004, ""d3_trend_eff_p50"": 0.8554216867469907, ""d3_max_drawdown_p30"": -2.645937542246859}"
00631L,元大台灣50正2,2026-06-15,2026-06-18,DAY3,A,RANGE_NORMAL,3.398974912328012,1.0459334441601964,,3,2,-78.0,157.0,1.3567293777134637,88.85672937771346,2,2,-805308055.7399998,-2080347767.9199991,0,0,1.0,0.0,False,1,A,False,False,3.641758834637177,NEUTRAL,37.07,2026-06-30,38.33,1.2261935820506054,PROMOTION_NEUTRAL,2026-07-03,3.398974912328012,3.398974912328012,0.23480302635012773,9.02687190190452,-8.426819723454205,3,2026-06-18,2026-06-18,True,RECONSTRUCTED_NOT_PRODUCTION_EXACT,DISCOVERY,False,False,False,True,True,False,False,True,False,True,False,REJECT_CONFIRMATION_SHADOW,"{""d0_fresh_rs_p40"": 1.0, ""d0_fresh_volume_p40"": 3.0, ""d0_rs_slope5_p70"": 6.708057106025629, ""d0_rank_change3_p50"": 114.0, ""d0_flow_buy_days5_p70"": 4.0, ""d0_trend_eff5_p50"": 0.5314861460957175, ""d0_close_progress3_p50"": 5.966850828729298, ""d1_market_excess_p70"": 0.033209940654632675, ""d1_rs_change_p40"": 0.04062997403032401, ""d1_rank_change_p40"": -22.4, ""d1_flow_p50"": 4943366.0, ""d1_close_location_p30"": 0.43671497584541175, ""d1_upper_shadow_p70"": 0.23815384615384746, ""d3_rs_change_p40"": -2.0465804520160695, ""d3_rank_change_p40"": -73.39999999999999, ""d3_flow_acceleration_p50"": -16293412.410000004, ""d3_trend_eff_p50"": 0.8554216867469907, ""d3_max_drawdown_p30"": -2.645937542246859}"
0050,元大台灣50,2026-06-15,2026-06-18,DAY3,A,RANGE_NORMAL,1.9477434679334937,-0.40529800023432205,,3,0,-88.0,169.0,2.92833959328442,76.410998552822,1,2,2164281815.9,14130858397.649998,0,0,1.0,0.0,False,1,A,False,False,2.422802850356298,NEUTRAL,105.25,2026-06-30,107.3,0.9785647716682222,PROMOTION_NEUTRAL,2026-07-03,1.9477434679334937,1.9477434679334937,0.4659832246039164,4.659832246039142,-4.193849021435225,3,2026-06-18,2026-06-18,True,RECONSTRUCTED_NOT_PRODUCTION_EXACT,DISCOVERY,False,False,False,False,True,False,False,True,False,True,False,REJECT_CONFIRMATION_SHADOW,"{""d0_fresh_rs_p40"": 1.0, ""d0_fresh_volume_p40"": 3.0, ""d0_rs_slope5_p70"": 6.708057106025629, ""d0_rank_change3_p50"": 114.0, ""d0_flow_buy_days5_p70"": 4.0, ""d0_trend_eff5_p50"": 0.5314861460957175, ""d0_close_progress3_p50"": 5.966850828729298, ""d1_market_excess_p70"": 0.033209940654632675, ""d1_rs_change_p40"": 0.04062997403032401, ""d1_rank_change_p40"": -22.4, ""d1_flow_p50"": 4943366.0, ""d1_close_location_p30"": 0.43671497584541175, ""d1_upper_shadow_p70"": 0.23815384615384746, ""d3_rs_change_p40"": -2.0465804520160695, ""d3_rank_change_p40"": -73.39999999999999, ""d3_flow_acceleration_p50"": -16293412.410000004, ""d3_trend_eff_p50"": 0.8554216867469907, ""d3_max_drawdown_p30"": -2.645937542246859}"
00907,永豐優息存股,2026-06-15,2026-06-18,DAY3,A,RANGE_NORMAL,1.833740831295838,-0.5193006368719777,,3,1,-66.0,150.0,0.32917025672770706,77.78581765557163,1,2,13971569.72,-5071344.630000001,0,0,1.0,0.0,False,1,A,True,False,-0.916870415647908,NEUTRAL,16.36,2026-06-30,16.66,-1.9807923169267827,PROMOTION_NEUTRAL,2026-07-03,1.833740831295838,1.833740831295838,-2.7010804321728643,0.36014405762303525,-3.7214885954381827,3,2026-06-18,2026-06-18,True,RECONSTRUCTED_NOT_PRODUCTION_EXACT,DISCOVERY,False,False,False,False,True,True,False,True,False,True,False,REJECT_CONFIRMATION_SHADOW,"{""d0_fresh_rs_p40"": 1.0, ""d0_fresh_volume_p40"": 3.0, ""d0_rs_slope5_p70"": 6.708057106025629, ""d0_rank_change3_p50"": 114.0, ""d0_flow_buy_days5_p70"": 4.0, ""d0_trend_eff5_p50"": 0.5314861460957175, ""d0_close_progress3_p50"": 5.966850828729298, ""d1_market_excess_p70"": 0.033209940654632675, ""d1_rs_change_p40"": 0.04062997403032401, ""d1_rank_change_p40"": -22.4, ""d1_flow_p50"": 4943366.0, ""d1_close_location_p30"": 0.43671497584541175, ""d1_upper_shadow_p70"": 0.23815384615384746, ""d3_rs_change_p40"": -2.0465804520160695, ""d3_rank_change_p40"": -73.39999999999999, ""d3_flow_acceleration_p50"": -16293412.410000004, ""d3_trend_eff_p50"": 0.8554216867469907, ""d3_max_drawdown_p30"": -2.645937542246859}"
00905,FT臺灣Smart,2026-06-15,2026-06-18,DAY3,A,RANGE_NORMAL,2.599277978339365,0.24623651017154913,,3,2,-48.0,135.0,2.214265996336053,82.27206946454415,1,2,11859610.59,-15728975.029999997,0,0,1.0,0.0,False,1,A,True,False,2.743682310469331,NEUTRAL,27.7,2026-06-30,28.42,0.9852216748768461,PROMOTION_NEUTRAL,2026-07-03,2.599277978339365,2.599277978339365,0.14074595355382247,4.011259676284307,-4.820548909218858,3,2026-06-18,2026-06-18,True,RECONSTRUCTED_NOT_PRODUCTION_EXACT,DISCOVERY,False,False,False,True,True,True,False,True,False,True,False,REJECT_CONFIRMATION_SHADOW,"{""d0_fresh_rs_p40"": 1.0, ""d0_fresh_volume_p40"": 3.0, ""d0_rs_slope5_p70"": 6.708057106025629, ""d0_rank_change3_p50"": 114.0, ""d0_flow_buy_days5_p70"": 4.0, ""d0_trend_eff5_p50"": 0.5314861460957175, ""d0_close_progress3_p50"": 5.966850828729298, ""d1_market_excess_p70"": 0.033209940654632675, ""d1_rs_change_p40"": 0.04062997403032401, ""d1_rank_change_p40"": -22.4, ""d1_flow_p50"": 4943366.0, ""d1_close_location_p30"": 0.43671497584541175, ""d1_upper_shadow_p70"": 0.23815384615384746, ""d3_rs_change_p40"": -2.0465804520160695, ""d3_rank_change_p40"": -73.39999999999999, ""d3_flow_acceleration_p50"": -16293412.410000004, ""d3_trend_eff_p50"": 0.8554216867469907, ""d3_max_drawdown_p30"": -2.645937542246859}"
3041,揚智,2026-06-15,2026-06-18,DAY3,A,RANGE_NORMAL,4.2592592592592515,1.9062177910914357,0.06462838677603333,1,1,,,-1.6193963678341703,79.37771345875542,2,2,18557681.9,-45642704.050000004,1,2,0.28395061728395,-2.931034482758621,False,0,,True,False,5.9259259259259345,NEUTRAL,27.0,2026-06-30,28.15,2.3090586145648295,PROMOTION_NEUTRAL,2026-07-03,4.2592592592592515,4.2592592592592515,1.598579040852588,15.452930728241565,-5.150976909413851,3,2026-06-18,2026-06-18,True,RECONSTRUCTED_NOT_PRODUCTION_EXACT,DISCOVERY,True,True,True,True,True,False,True,True,True,False,False,REJECT_CONFIRMATION_SHADOW,"{""d0_fresh_rs_p40"": 1.0, ""d0_fresh_volume_p40"": 3.0, ""d0_rs_slope5_p70"": 6.708057106025629, ""d0_rank_change3_p50"": 114.0, ""d0_flow_buy_days5_p70"": 4.0, ""d0_trend_eff5_p50"": 0.5314861460957175, ""d0_close_progress3_p50"": 5.966850828729298, ""d1_market_excess_p70"": 0.033209940654632675, ""d1_rs_change_p40"": 0.04062997403032401, ""d1_rank_change_p40"": -22.4, ""d1_flow_p50"": 4943366.0, ""d1_close_location_p30"": 0.43671497584541175, ""d1_upper_shadow_p70"": 0.23815384615384746, ""d3_rs_change_p40"": -2.0465804520160695, ""d3_rank_change_p40"": -73.39999999999999, ""d3_flow_acceleration_p50"": -16293412.410000004, ""d3_trend_eff_p50"": 0.8554216867469907, ""d3_max_drawdown_p30"": -2.645937542246859}"
00988A,主動統一全球創新,2026-06-15,2026-06-18,DAY3,A,RANGE_NORMAL,2.683363148479434,0.33032168031161824,,2,2,-19.0,113.0,4.4615744962063815,87.4095513748191,1,1,-867940570.8800001,-1361887138.23,0,0,0.6521739130434786,-0.7054673721340388,True,1,A,True,False,-0.3577817531305816,NEUTRAL,22.36,2026-06-30,22.96,-7.099303135888513,PROMOTION_LOSER,2026-07-03,2.683363148479434,2.683363148479434,-2.9616724738675937,3.919860627177685,-10.71428571428572,3,2026-06-18,2026-06-18,True,RECONSTRUCTED_NOT_PRODUCTION_EXACT,DISCOVERY,False,False,False,True,True,True,False,False,False,False,False,REJECT_CONFIRMATION_SHADOW,"{""d0_fresh_rs_p40"": 1.0, ""d0_fresh_volume_p40"": 3.0, ""d0_rs_slope5_p70"": 6.708057106025629, ""d0_rank_change3_p50"": 114.0, ""d0_flow_buy_days5_p70"": 4.0, ""d0_trend_eff5_p50"": 0.5314861460957175, ""d0_close_progress3_p50"": 5.966850828729298, ""d1_market_excess_p70"": 0.033209940654632675, ""d1_rs_change_p40"": 0.04062997403032401, ""d1_rank_change_p40"": -22.4, ""d1_flow_p50"": 4943366.0, ""d1_close_location_p30"": 0.43671497584541175, ""d1_upper_shadow_p70"": 0.23815384615384746, ""d3_rs_change_p40"": -2.0465804520160695, ""d3_rank_change_p40"": -73.39999999999999, ""d3_flow_acceleration_p50"": -16293412.410000004, ""d3_trend_eff_p50"": 0.8554216867469907, ""d3_max_drawdown_p30"": -2.645937542246859}"
00912,中信臺灣智慧50,2026-06-15,2026-06-18,DAY3,A,RANGE_NORMAL,2.5686448184234045,0.21560335025558874,,2,1,-2.0,97.0,4.3097462837639995,82.34442836468885,2,3,17153510.29,12673666.530000003,0,0,1.0,0.0,True,1,A,True,False,1.4762326542663071,NEUTRAL,33.87,2026-06-30,34.74,0.6620610247553227,PROMOTION_NEUTRAL,2026-07-03,2.5686448184234045,2.5686448184234045,-1.0650546919977133,4.2026482440990165,-4.6344271732872695,3,2026-06-18,2026-06-18,True,RECONSTRUCTED_NOT_PRODUCTION_EXACT,DISCOVERY,False,False,False,True,True,True,False,True,False,True,False,REJECT_CONFIRMATION_SHADOW,"{""d0_fresh_rs_p40"": 1.0, ""d0_fresh_volume_p40"": 3.0, ""d0_rs_slope5_p70"": 6.708057106025629, ""d0_rank_change3_p50"": 114.0, ""d0_flow_buy_days5_p70"": 4.0, ""d0_trend_eff5_p50"": 0.5314861460957175, ""d0_close_progress3_p50"": 5.966850828729298, ""d1_market_excess_p70"": 0.033209940654632675, ""d1_rs_change_p40"": 0.04062997403032401, ""d1_rank_change_p40"": -22.4, ""d1_flow_p50"": 4943366.0, ""d1_close_location_p30"": 0.43671497584541175, ""d1_upper_shadow_p70"": 0.23815384615384746, ""d3_rs_change_p40"": -2.0465804520160695, ""d3_rank_change_p40"": -73.39999999999999, ""d3_flow_acceleration_p50"": -16293412.410000004, ""d3_trend_eff_p50"": 0.8554216867469907, ""d3_max_drawdown_p30"": -2.645937542246859}"
5434,崇越,2026-06-15,2026-06-18,DAY3,A,RANGE_NORMAL,1.6025641025640969,-0.7504773656037189,1.2541320468149708,2,1,,,-4.292074818266229,79.88422575976846,2,3,264663263.0,-120817210.0,0,0,0.6,-0.5230125523012608,False,0,,False,False,17.307692307692314,WINNER,468.0,2026-06-30,475.5,11.671924290220815,PROMOTION_NEUTRAL,2026-07-03,1.6025641025640969,1.6025641025640969,15.45741324921135,23.44900105152472,0.6309148264984188,3,2026-06-18,2026-06-18,True,RECONSTRUCTED_NOT_PRODUCTION_EXACT,DISCOVERY,False,False,False,False,False,False,False,True,False,False,False,REJECT_CONFIRMATION_SHADOW,"{""d0_fresh_rs_p40"": 1.0, ""d0_fresh_volume_p40"": 3.0, ""d0_rs_slope5_p70"": 6.708057106025629, ""d0_rank_change3_p50"": 114.0, ""d0_flow_buy_days5_p70"": 4.0, ""d0_trend_eff5_p50"": 0.5314861460957175, ""d0_close_progress3_p50"": 5.966850828729298, ""d1_market_excess_p70"": 0.033209940654632675, ""d1_rs_change_p40"": 0.04062997403032401, ""d1_rank_change_p40"": -22.4, ""d1_flow_p50"": 4943366.0, ""d1_close_location_p30"": 0.43671497584541175, ""d1_upper_shadow_p70"": 0.23815384615384746, ""d3_rs_change_p40"": -2.0465804520160695, ""d3_rank_change_p40"": -73.39999999999999, ""d3_flow_acceleration_p50"": -16293412.410000004, ""d3_trend_eff_p50"": 0.8554216867469907, ""d3_max_drawdown_p30"": -2.645937542246859}"
00850,元大臺灣ESG永續,2026-06-15,2026-06-18,DAY3,A,RANGE_NORMAL,2.3242944106253605,-0.028747057542455323,,3,1,-4.0,101.0,1.5580167805726859,78.14761215629522,1,3,59887473.75,12656032.650000006,0,0,1.0,0.0,True,1,A,False,False,1.8815716657443415,NEUTRAL,90.35,2026-06-30,92.45,0.27041644131964304,PROMOTION_NEUTRAL,2026-07-03,2.3242944106253605,2.3242944106253605,-0.43266630611141776,3.4613304488912977,-4.813412655489458,3,2026-06-18,2026-06-18,True,RECONSTRUCTED_NOT_PRODUCTION_EXACT,DISCOVERY,False,False,False,False,True,True,False,True,False,True,False,REJECT_CONFIRMATION_SHADOW,"{""d0_fresh_rs_p40"": 1.0, ""d0_fresh_volume_p40"": 3.0, ""d0_rs_slope5_p70"": 6.708057106025629, ""d0_rank_change3_p50"": 114.0, ""d0_flow_buy_days5_p70"": 4.0, ""d0_trend_eff5_p50"": 0.5314861460957175, ""d0_close_progress3_p50"": 5.966850828729298, ""d1_market_excess_p70"": 0.033209940654632675, ""d1_rs_change_p40"": 0.04062997403032401, ""d1_rank_change_p40"": -22.4, ""d1_flow_p50"": 4943366.0, ""d1_close_location_p30"": 0.43671497584541175, ""d1_upper_shadow_p70"": 0.23815384615384746, ""d3_rs_change_p40"": -2.0465804520160695, ""d3_rank_change_p40"": -73.39999999999999, ""d3_flow_acceleration_p50"": -16293412.410000004, ""d3_trend_eff_p50"": 0.8554216867469907, ""d3_max_drawdown_p30"": -2.645937542246859}"
00947,台新臺灣IC設計,2026-06-15,2026-06-18,DAY3,A,RANGE_NORMAL,6.828763579927566,4.47572211175975,,3,3,4.0,95.0,17.104200998803776,86.10709117221418,2,2,33796632.82000002,-116038374.83999997,0,0,1.0,0.0,True,2,AC,True,True,2.6125193998965512,NEUTRAL,38.66,2026-06-30,41.3,-6.0532687651331685,PROMOTION_LOSER,2026-07-03,6.828763579927566,6.828763579927566,-3.946731234866818,6.295399515738498,-8.692493946731227,3,2026-06-18,2026-06-18,True,RECONSTRUCTED_NOT_PRODUCTION_EXACT,DISCOVERY,False,False,False,True,True,True,False,True,False,True,False,REJECT_CONFIRMATION_SHADOW,"{""d0_fresh_rs_p40"": 1.0, ""d0_fresh_volume_p40"": 3.0, ""d0_rs_slope5_p70"": 6.708057106025629, ""d0_rank_change3_p50"": 114.0, ""d0_flow_buy_days5_p70"": 4.0, ""d0_trend_eff5_p50"": 0.5314861460957175, ""d0_close_progress3_p50"": 5.966850828729298, ""d1_market_excess_p70"": 0.033209940654632675, ""d1_rs_change_p40"": 0.04062997403032401, ""d1_rank_change_p40"": -22.4, ""d1_flow_p50"": 4943366.0, ""d1_close_location_p30"": 0.43671497584541175, ""d1_upper_shadow_p70"": 0.23815384615384746, ""d3_rs_change_p40"": -2.0465804520160695, ""d3_rank_change_p40"": -73.39999999999999, ""d3_flow_acceleration_p50"": -16293412.410000004, ""d3_trend_eff_p50"": 0.8554216867469907, ""d3_max_drawdown_p30"": -2.645937542246859}"
00923,群益台ESG低碳50,2026-06-15,2026-06-18,DAY3,A,RANGE_NORMAL,1.863647086577025,-0.48939438159079085,,3,0,25.0,75.0,1.9935295249408256,79.52243125904486,1,3,100783862.3,41164582.99000001,0,0,1.0,0.0,True,1,A,False,True,1.5805614531729129,NEUTRAL,42.39,2026-06-30,43.18,0.41685965724873597,PROMOTION_NEUTRAL,2026-07-03,1.863647086577025,1.863647086577025,-0.2779064381658092,4.330708661417315,-4.7475683186660405,3,2026-06-18,2026-06-18,True,RECONSTRUCTED_NOT_PRODUCTION_EXACT,DISCOVERY,False,False,False,False,True,True,False,True,False,True,False,REJECT_CONFIRMATION_SHADOW,"{""d0_fresh_rs_p40"": 1.0, ""d0_fresh_volume_p40"": 3.0, ""d0_rs_slope5_p70"": 6.708057106025629, ""d0_rank_change3_p50"": 114.0, ""d0_flow_buy_days5_p70"": 4.0, ""d0_trend_eff5_p50"": 0.5314861460957175, ""d0_close_progress3_p50"": 5.966850828729298, ""d1_market_excess_p70"": 0.033209940654632675, ""d1_rs_change_p40"": 0.04062997403032401, ""d1_rank_change_p40"": -22.4, ""d1_flow_p50"": 4943366.0, ""d1_close_location_p30"": 0.43671497584541175, ""d1_upper_shadow_p70"": 0.23815384615384746, ""d3_rs_change_p40"": -2.0465804520160695, ""d3_rank_change_p40"": -73.39999999999999, ""d3_flow_acceleration_p50"": -16293412.410000004, ""d3_trend_eff_p50"": 0.8554216867469907, ""d3_max_drawdown_p30"": -2.645937542246859}"
00692,富邦公司治理,2026-06-15,2026-06-18,DAY3,A,RANGE_NORMAL,1.9220208676551387,-0.4310206005126771,,2,0,29.0,78.0,3.143011301372738,74.96382054992765,2,3,164573034.2,118935192.25000001,0,0,1.0,0.0,True,1,A,False,True,2.251510159253156,NEUTRAL,91.05,2026-06-30,92.8,0.4849137931034475,PROMOTION_NEUTRAL,2026-07-03,1.9220208676551387,1.9220208676551387,0.3232758620689724,4.094827586206895,-4.256465517241381,3,2026-06-18,2026-06-18,True,RECONSTRUCTED_NOT_PRODUCTION_EXACT,DISCOVERY,False,False,False,False,True,True,False,True,False,True,False,REJECT_CONFIRMATION_SHADOW,"{""d0_fresh_rs_p40"": 1.0, ""d0_fresh_volume_p40"": 3.0, ""d0_rs_slope5_p70"": 6.708057106025629, ""d0_rank_change3_p50"": 114.0, ""d0_flow_buy_days5_p70"": 4.0, ""d0_trend_eff5_p50"": 0.5314861460957175, ""d0_close_progress3_p50"": 5.966850828729298, ""d1_market_excess_p70"": 0.033209940654632675, ""d1_rs_change_p40"": 0.04062997403032401, ""d1_rank_change_p40"": -22.4, ""d1_flow_p50"": 4943366.0, ""d1_close_location_p30"": 0.43671497584541175, ""d1_upper_shadow_p70"": 0.23815384615384746, ""d3_rs_change_p40"": -2.0465804520160695, ""d3_rank_change_p40"": -73.39999999999999, ""d3_flow_acceleration_p50"": -16293412.410000004, ""d3_trend_eff_p50"": 0.8554216867469907, ""d3_max_drawdown_p30"": -2.645937542246859}"
6191,精成科,2026-06-15,2026-06-18,DAY3,A,RANGE_NORMAL,-2.4271844660194164,-4.780225934187232,-5.078699617534577,1,0,-161.0,269.0,-23.039303848824268,56.801736613603474,1,0,-80926464.0,-977341310.8,0,1,0.7142857142857143,-2.9126213592232997,False,1,A,True,False,3.398058252427183,NEUTRAL,103.0,2026-06-30,100.5,7.462686567164178,PROMOTION_NEUTRAL,2026-07-03,-2.4271844660194164,-2.4271844660194164,5.970149253731338,12.935323383084585,-3.383084577114437,3,2026-06-18,2026-06-18,True,RECONSTRUCTED_NOT_PRODUCTION_EXACT,DISCOVERY,False,False,False,False,False,False,False,False,False,False,False,REJECT_CONFIRMATION_SHADOW,"{""d0_fresh_rs_p40"": 1.0, ""d0_fresh_volume_p40"": 3.0, ""d0_rs_slope5_p70"": 6.708057106025629, ""d0_rank_change3_p50"": 114.0, ""d0_flow_buy_days5_p70"": 4.0, ""d0_trend_eff5_p50"": 0.5314861460957175, ""d0_close_progress3_p50"": 5.966850828729298, ""d1_market_excess_p70"": 0.033209940654632675, ""d1_rs_change_p40"": 0.04062997403032401, ""d1_rank_change_p40"": -22.4, ""d1_flow_p50"": 4943366.0, ""d1_close_location_p30"": 0.43671497584541175, ""d1_upper_shadow_p70"": 0.23815384615384746, ""d3_rs_change_p40"": -2.0465804520160695, ""d3_rank_change_p40"": -73.39999999999999, ""d3_flow_acceleration_p50"": -16293412.410000004, ""d3_trend_eff_p50"": 0.8554216867469907, ""d3_max_drawdown_p30"": -2.645937542246859}"
00908,富邦入息REITs+,2026-06-15,2026-06-18,DAY3,A,RANGE_NORMAL,-1.984126984126977,-4.337168452294793,,1,0,-295.0,405.0,-16.769802497845966,45.29667149059334,0,2,-880048.9499999997,-4651451.35,0,2,0.937500000000001,-1.984126984126977,False,1,A,False,False,0.5952380952381153,NEUTRAL,15.12,2026-06-30,14.82,3.50877192982455,PROMOTION_NEUTRAL,2026-07-03,-1.984126984126977,-1.984126984126977,2.6315789473684292,3.5762483130904243,-0.5398110661268607,3,2026-06-18,2026-06-18,True,RECONSTRUCTED_NOT_PRODUCTION_EXACT,DISCOVERY,False,False,False,False,False,False,False,True,False,False,False,REJECT_CONFIRMATION_SHADOW,"{""d0_fresh_rs_p40"": 1.0, ""d0_fresh_volume_p40"": 3.0, ""d0_rs_slope5_p70"": 6.708057106025629, ""d0_rank_change3_p50"": 114.0, ""d0_flow_buy_days5_p70"": 4.0, ""d0_trend_eff5_p50"": 0.5314861460957175, ""d0_close_progress3_p50"": 5.966850828729298, ""d1_market_excess_p70"": 0.033209940654632675, ""d1_rs_change_p40"": 0.04062997403032401, ""d1_rank_change_p40"": -22.4, ""d1_flow_p50"": 4943366.0, ""d1_close_location_p30"": 0.43671497584541175, ""d1_upper_shadow_p70"": 0.23815384615384746, ""d3_rs_change_p40"": -2.0465804520160695, ""d3_rank_change_p40"": -73.39999999999999, ""d3_flow_acceleration_p50"": -16293412.410000004, ""d3_trend_eff_p50"": 0.8554216867469907, ""d3_max_drawdown_p30"": -2.645937542246859}"
006204,永豐臺灣加權,2026-06-15,2026-06-18,DAY3,A,RANGE_NORMAL,2.1145374449339283,-0.23850402323388753,,3,2,-51.0,162.0,1.1215629522431243,76.12156295224312,1,2,582769.55,-4301158.5,0,0,1.0,0.0,False,1,A,False,False,2.841409691629959,NEUTRAL,227.0,2026-06-30,231.8,1.9197584124244882,PROMOTION_NEUTRAL,2026-07-03,2.1145374449339283,2.1145374449339283,0.7118205349438966,3.2786885245901676,-4.141501294219163,3,2026-06-18,2026-06-18,True,RECONSTRUCTED_NOT_PRODUCTION_EXACT,DISCOVERY,False,False,False,False,True,True,False,True,False,True,False,REJECT_CONFIRMATION_SHADOW,"{""d0_fresh_rs_p40"": 1.0, ""d0_fresh_volume_p40"": 3.0, ""d0_rs_slope5_p70"": 6.708057106025629, ""d0_rank_change3_p50"": 114.0, ""d0_flow_buy_days5_p70"": 4.0, ""d0_trend_eff5_p50"": 0.5314861460957175, ""d0_close_progress3_p50"": 5.966850828729298, ""d1_market_excess_p70"": 0.033209940654632675, ""d1_rs_change_p40"": 0.04062997403032401, ""d1_rank_change_p40"": -22.4, ""d1_flow_p50"": 4943366.0, ""d1_close_location_p30"": 0.43671497584541175, ""d1_upper_shadow_p70"": 0.23815384615384746, ""d3_rs_change_p40"": -2.0465804520160695, ""d3_rank_change_p40"": -73.39999999999999, ""d3_flow_acceleration_p50"": -16293412.410000004, ""d3_trend_eff_p50"": 0.8554216867469907, ""d3_max_drawdown_p30"": -2.645937542246859}"
00657,國泰日經225,2026-06-15,2026-06-18,DAY3,A,RANGE_NORMAL,2.5990099009901124,0.24596843282229663,,3,2,-140.0,252.0,3.2955714680073243,80.53545586107091,3,1,-872741.2999999997,-3467188.799999999,0,0,1.0,0.0,False,1,A,True,False,1.9183168316831756,NEUTRAL,80.8,2026-06-30,82.9,-1.9903498190591118,PROMOTION_NEUTRAL,2026-07-03,2.5990099009901124,2.5990099009901124,-0.663449939686378,2.171290711700835,-3.6791314837153366,3,2026-06-18,2026-06-18,True,RECONSTRUCTED_NOT_PRODUCTION_EXACT,DISCOVERY,False,False,False,True,True,False,False,True,False,True,False,REJECT_CONFIRMATION_SHADOW,"{""d0_fresh_rs_p40"": 1.0, ""d0_fresh_volume_p40"": 3.0, ""d0_rs_slope5_p70"": 6.708057106025629, ""d0_rank_change3_p50"": 114.0, ""d0_flow_buy_days5_p70"": 4.0, ""d0_trend_eff5_p50"": 0.5314861460957175, ""d0_close_progress3_p50"": 5.966850828729298, ""d1_market_excess_p70"": 0.033209940654632675, ""d1_rs_change_p40"": 0.04062997403032401, ""d1_rank_change_p40"": -22.4, ""d1_flow_p50"": 4943366.0, ""d1_close_location_p30"": 0.43671497584541175, ""d1_upper_shadow_p70"": 0.23815384615384746, ""d3_rs_change_p40"": -2.0465804520160695, ""d3_rank_change_p40"": -73.39999999999999, ""d3_flow_acceleration_p50"": -16293412.410000004, ""d3_trend_eff_p50"": 0.8554216867469907, ""d3_max_drawdown_p30"": -2.645937542246859}"
00944,野村趨勢動能高息,2026-06-15,2026-06-18,DAY3,A,RANGE_NORMAL,3.7921348314606806,1.4390933632928649,,3,2,53.0,60.0,2.724542633194744,85.383502170767,2,3,9117132.409999996,-1485585.9700000025,1,0,1.0,0.0,True,1,A,True,True,4.260299625468167,NEUTRAL,21.36,2026-06-30,22.17,0.36084799278304214,PROMOTION_NEUTRAL,2026-07-03,3.7921348314606806,3.7921348314606806,0.451059990978786,1.9846639603067207,-2.886783942264326,3,2026-06-18,2026-06-18,True,RECONSTRUCTED_NOT_PRODUCTION_EXACT,DISCOVERY,False,False,False,True,True,True,False,True,False,True,False,REJECT_CONFIRMATION_SHADOW,"{""d0_fresh_rs_p40"": 1.0, ""d0_fresh_volume_p40"": 3.0, ""d0_rs_slope5_p70"": 6.708057106025629, ""d0_rank_change3_p50"": 114.0, ""d0_flow_buy_days5_p70"": 4.0, ""d0_trend_eff5_p50"": 0.5314861460957175, ""d0_close_progress3_p50"": 5.966850828729298, ""d1_market_excess_p70"": 0.033209940654632675, ""d1_rs_change_p40"": 0.04062997403032401, ""d1_rank_change_p40"": -22.4, ""d1_flow_p50"": 4943366.0, ""d1_close_location_p30"": 0.43671497584541175, ""d1_upper_shadow_p70"": 0.23815384615384746, ""d3_rs_change_p40"": -2.0465804520160695, ""d3_rank_change_p40"": -73.39999999999999, ""d3_flow_acceleration_p50"": -16293412.410000004, ""d3_trend_eff_p50"": 0.8554216867469907, ""d3_max_drawdown_p30"": -2.645937542246859}"
006208,富邦台50,2026-06-15,2026-06-18,DAY3,A,RANGE_NORMAL,2.0483408439164297,-0.3047006242513861,,3,1,4.0,111.0,3.14688020210302,77.6410998552822,2,2,574554214.45,92124987.4500001,0,0,1.0,0.0,True,1,A,True,True,2.498975829578032,NEUTRAL,244.1,2026-06-30,249.1,0.9032517061421164,PROMOTION_NEUTRAL,2026-07-03,2.0483408439164297,2.0483408439164297,0.44158972300281096,4.41589723002811,-4.415897230028099,3,2026-06-18,2026-06-18,True,RECONSTRUCTED_NOT_PRODUCTION_EXACT,DISCOVERY,False,False,False,False,True,True,False,True,False,True,False,REJECT_CONFIRMATION_SHADOW,"{""d0_fresh_rs_p40"": 1.0, ""d0_fresh_volume_p40"": 3.0, ""d0_rs_slope5_p70"": 6.708057106025629, ""d0_rank_change3_p50"": 114.0, ""d0_flow_buy_days5_p70"": 4.0, ""d0_trend_eff5_p50"": 0.5314861460957175, ""d0_close_progress3_p50"": 5.966850828729298, ""d1_market_excess_p70"": 0.033209940654632675, ""d1_rs_change_p40"": 0.04062997403032401, ""d1_rank_change_p40"": -22.4, ""d1_flow_p50"": 4943366.0, ""d1_close_location_p30"": 0.43671497584541175, ""d1_upper_shadow_p70"": 0.23815384615384746, ""d3_rs_change_p40"": -2.0465804520160695, ""d3_rank_change_p40"": -73.39999999999999, ""d3_flow_acceleration_p50"": -16293412.410000004, ""d3_trend_eff_p50"": 0.8554216867469907, ""d3_max_drawdown_p30"": -2.645937542246859}"
00927,群益半導體收益,2026-06-15,2026-06-18,DAY3,A,RANGE_NORMAL,4.140368593789456,1.7873271256216405,,3,2,4.0,112.0,5.5408932350702145,84.29811866859623,1,2,212024489.99999997,56119108.599999934,0,0,1.0,0.0,True,1,A,False,True,5.402676091895997,NEUTRAL,39.61,2026-06-30,41.25,3.078787878787881,PROMOTION_NEUTRAL,2026-07-03,4.140368593789456,4.140368593789456,1.21212121212122,8.096969696969714,-3.9272727272727237,3,2026-06-18,2026-06-18,True,RECONSTRUCTED_NOT_PRODUCTION_EXACT,DISCOVERY,False,False,False,True,True,True,False,True,False,True,False,REJECT_CONFIRMATION_SHADOW,"{""d0_fresh_rs_p40"": 1.0, ""d0_fresh_volume_p40"": 3.0, ""d0_rs_slope5_p70"": 6.708057106025629, ""d0_rank_change3_p50"": 114.0, ""d0_flow_buy_days5_p70"": 4.0, ""d0_trend_eff5_p50"": 0.5314861460957175, ""d0_close_progress3_p50"": 5.966850828729298, ""d1_market_excess_p70"": 0.033209940654632675, ""d1_rs_change_p40"": 0.04062997403032401, ""d1_rank_change_p40"": -22.4, ""d1_flow_p50"": 4943366.0, ""d1_close_location_p30"": 0.43671497584541175, ""d1_upper_shadow_p70"": 0.23815384615384746, ""d3_rs_change_p40"": -2.0465804520160695, ""d3_rank_change_p40"": -73.39999999999999, ""d3_flow_acceleration_p50"": -16293412.410000004, ""d3_trend_eff_p50"": 0.8554216867469907, ""d3_max_drawdown_p30"": -2.645937542246859}"
3044,健鼎,2026-06-15,2026-06-18,DAY3,A,RANGE_NORMAL,10.1923076923077,7.839266224139885,7.54079254079254,3,2,79.0,38.0,12.26201032264541,85.31114327062228,2,3,2266821775.0,911163738.0,3,0,1.0,0.0,True,2,AC,True,True,-0.3846153846153832,NEUTRAL,520.0,2026-06-30,573.0,-9.24956369982548,PROMOTION_LOSER,2026-07-03,10.1923076923077,10.1923076923077,-9.598603839441534,4.363001745200701,-13.089005235602091,3,2026-06-18,2026-06-18,True,RECONSTRUCTED_NOT_PRODUCTION_EXACT,DISCOVERY,True,True,False,True,True,True,True,True,True,True,True,PROMOTE_DAY3_SHADOW,"{""d0_fresh_rs_p40"": 1.0, ""d0_fresh_volume_p40"": 3.0, ""d0_rs_slope5_p70"": 6.708057106025629, ""d0_rank_change3_p50"": 114.0, ""d0_flow_buy_days5_p70"": 4.0, ""d0_trend_eff5_p50"": 0.5314861460957175, ""d0_close_progress3_p50"": 5.966850828729298, ""d1_market_excess_p70"": 0.033209940654632675, ""d1_rs_change_p40"": 0.04062997403032401, ""d1_rank_change_p40"": -22.4, ""d1_flow_p50"": 4943366.0, ""d1_close_location_p30"": 0.43671497584541175, ""d1_upper_shadow_p70"": 0.23815384615384746, ""d3_rs_change_p40"": -2.0465804520160695, ""d3_rank_change_p40"": -73.39999999999999, ""d3_flow_acceleration_p50"": -16293412.410000004, ""d3_trend_eff_p50"": 0.8554216867469907, ""d3_max_drawdown_p30"": -2.645937542246859}"
00861,元大全球未來通訊,2026-06-16,2026-06-22,DAY3,A,RANGE_NORMAL,1.987447698744771,-2.2307452009768802,,2,1,-83.0,129.0,-3.2624391775231487,80.4332129963899,1,3,13494462.5,15814484.6,0,0,0.4634146341463435,-1.1506276150627603,False,1,A,True,False,1.5167364016736462,NEUTRAL,95.6,2026-07-01,97.5,-5.589743589743589,PROMOTION_NEUTRAL,2026-07-06,1.987447698744771,1.987447698744771,-0.4615384615384688,1.025641025641022,-7.641025641025645,3,2026-06-22,2026-06-22,True,RECONSTRUCTED_NOT_PRODUCTION_EXACT,DISCOVERY,False,False,False,False,False,False,False,True,False,False,False,REJECT_CONFIRMATION_SHADOW,"{""d0_fresh_rs_p40"": 1.0, ""d0_fresh_volume_p40"": 3.0, ""d0_rs_slope5_p70"": 6.708057106025629, ""d0_rank_change3_p50"": 114.0, ""d0_flow_buy_days5_p70"": 4.0, ""d0_trend_eff5_p50"": 0.5314861460957175, ""d0_close_progress3_p50"": 5.966850828729298, ""d1_market_excess_p70"": 0.033209940654632675, ""d1_rs_change_p40"": 0.04062997403032401, ""d1_rank_change_p40"": -22.4, ""d1_flow_p50"": 4943366.0, ""d1_close_location_p30"": 0.43671497584541175, ""d1_upper_shadow_p70"": 0.23815384615384746, ""d3_rs_change_p40"": -2.0465804520160695, ""d3_rank_change_p40"": -73.39999999999999, ""d3_flow_acceleration_p50"": -16293412.410000004, ""d3_trend_eff_p50"": 0.8554216867469907, ""d3_max_drawdown_p30"": -2.645937542246859}"
00913,兆豐台灣晶圓製造,2026-06-16,2026-06-22,DAY3,A,RANGE_NORMAL,8.749999999999991,4.53180710027834,,3,2,-79.0,131.0,1.4071574321142606,91.62454873646209,2,0,-220793279.0,-190341442.94,2,0,1.0,0.0,False,1,A,True,False,5.09615384615385,NEUTRAL,52.0,2026-07-01,56.55,-4.1556145004420735,PROMOTION_NEUTRAL,2026-07-06,8.749999999999991,8.749999999999991,-3.3598585322723196,2.1220159151193796,-8.84173297966402,3,2026-06-22,2026-06-22,True,RECONSTRUCTED_NOT_PRODUCTION_EXACT,DISCOVERY,False,False,False,True,True,False,False,False,False,True,False,REJECT_CONFIRMATION_SHADOW,"{""d0_fresh_rs_p40"": 1.0, ""d0_fresh_volume_p40"": 3.0, ""d0_rs_slope5_p70"": 6.708057106025629, ""d0_rank_change3_p50"": 114.0, ""d0_flow_buy_days5_p70"": 4.0, ""d0_trend_eff5_p50"": 0.5314861460957175, ""d0_close_progress3_p50"": 5.966850828729298, ""d1_market_excess_p70"": 0.033209940654632675, ""d1_rs_change_p40"": 0.04062997403032401, ""d1_rank_change_p40"": -22.4, ""d1_flow_p50"": 4943366.0, ""d1_close_location_p30"": 0.43671497584541175, ""d1_upper_shadow_p70"": 0.23815384615384746, ""d3_rs_change_p40"": -2.0465804520160695, ""d3_rank_change_p40"": -73.39999999999999, ""d3_flow_acceleration_p50"": -16293412.410000004, ""d3_trend_eff_p50"": 0.8554216867469907, ""d3_max_drawdown_p30"": -2.645937542246859}"
00892,富邦台灣半導體,2026-06-16,2026-06-22,DAY3,A,RANGE_NORMAL,5.556790397866185,1.3385974981445337,,3,3,-127.0,187.0,-1.8610369905300104,73.64620938628158,1,2,27790434.599999998,-58085074.22,0,0,1.0,0.0,False,1,A,True,False,3.2451655923538603,NEUTRAL,44.99,2026-07-01,47.49,-4.232469993682885,PROMOTION_NEUTRAL,2026-07-06,5.556790397866185,5.556790397866185,-2.189934723099596,2.1478205938092243,-9.559907348915564,3,2026-06-22,2026-06-22,True,RECONSTRUCTED_NOT_PRODUCTION_EXACT,DISCOVERY,False,False,False,True,True,False,False,True,False,True,False,REJECT_CONFIRMATION_SHADOW,"{""d0_fresh_rs_p40"": 1.0, ""d0_fresh_volume_p40"": 3.0, ""d0_rs_slope5_p70"": 6.708057106025629, ""d0_rank_change3_p50"": 114.0, ""d0_flow_buy_days5_p70"": 4.0, ""d0_trend_eff5_p50"": 0.5314861460957175, ""d0_close_progress3_p50"": 5.966850828729298, ""d1_market_excess_p70"": 0.033209940654632675, ""d1_rs_change_p40"": 0.04062997403032401, ""d1_rank_change_p40"": -22.4, ""d1_flow_p50"": 4943366.0, ""d1_close_location_p30"": 0.43671497584541175, ""d1_upper_shadow_p70"": 0.23815384615384746, ""d3_rs_change_p40"": -2.0465804520160695, ""d3_rank_change_p40"": -73.39999999999999, ""d3_flow_acceleration_p50"": -16293412.410000004, ""d3_trend_eff_p50"": 0.8554216867469907, ""d3_max_drawdown_p30"": -2.645937542246859}"
00991A,主動復華未來50,2026-06-16,2026-06-22,DAY3,A,RANGE_NORMAL,7.510080645161277,3.2918877454396256,,3,3,-182.0,250.0,0.28148380683305163,82.31046931407943,1,0,-2146047527.2899997,-2818548430.7799997,1,0,1.0,0.0,False,1,A,True,False,5.191532258064524,NEUTRAL,19.84,2026-07-01,21.33,-6.0009376465072535,PROMOTION_LOSER,2026-07-06,7.510080645161277,7.510080645161277,-2.1565869667135362,0.14064697609001975,-8.907641819034218,3,2026-06-22,2026-06-22,True,RECONSTRUCTED_NOT_PRODUCTION_EXACT,DISCOVERY,False,False,False,True,True,False,False,False,False,True,False,REJECT_CONFIRMATION_SHADOW,"{""d0_fresh_rs_p40"": 1.0, ""d0_fresh_volume_p40"": 3.0, ""d0_rs_slope5_p70"": 6.708057106025629, ""d0_rank_change3_p50"": 114.0, ""d0_flow_buy_days5_p70"": 4.0, ""d0_trend_eff5_p50"": 0.5314861460957175, ""d0_close_progress3_p50"": 5.966850828729298, ""d1_market_excess_p70"": 0.033209940654632675, ""d1_rs_change_p40"": 0.04062997403032401, ""d1_rank_change_p40"": -22.4, ""d1_flow_p50"": 4943366.0, ""d1_close_location_p30"": 0.43671497584541175, ""d1_upper_shadow_p70"": 0.23815384615384746, ""d3_rs_change_p40"": -2.0465804520160695, ""d3_rank_change_p40"": -73.39999999999999, ""d3_flow_acceleration_p50"": -16293412.410000004, ""d3_trend_eff_p50"": 0.8554216867469907, ""d3_max_drawdown_p30"": -2.645937542246859}"
0053,元大電子,2026-06-16,2026-06-22,DAY3,A,RANGE_NORMAL,4.280397022332494,0.06220412261084274,,3,1,-116.0,190.0,-1.7987757024014996,76.46209386281589,1,1,186024.75000000023,8688182.35,0,0,1.0,0.0,False,1,A,True,False,3.3912324234904867,NEUTRAL,241.8,2026-07-01,252.15,-2.220900257783065,PROMOTION_NEUTRAL,2026-07-06,4.280397022332494,4.280397022332494,-0.8526670632559963,0.9319849296054006,-7.3963910370811075,3,2026-06-22,2026-06-22,True,RECONSTRUCTED_NOT_PRODUCTION_EXACT,DISCOVERY,False,False,False,True,True,False,False,True,False,True,False,REJECT_CONFIRMATION_SHADOW,"{""d0_fresh_rs_p40"": 1.0, ""d0_fresh_volume_p40"": 3.0, ""d0_rs_slope5_p70"": 6.708057106025629, ""d0_rank_change3_p50"": 114.0, ""d0_flow_buy_days5_p70"": 4.0, ""d0_trend_eff5_p50"": 0.5314861460957175, ""d0_close_progress3_p50"": 5.966850828729298, ""d1_market_excess_p70"": 0.033209940654632675, ""d1_rs_change_p40"": 0.04062997403032401, ""d1_rank_change_p40"": -22.4, ""d1_flow_p50"": 4943366.0, ""d1_close_location_p30"": 0.43671497584541175, ""d1_upper_shadow_p70"": 0.23815384615384746, ""d3_rs_change_p40"": -2.0465804520160695, ""d3_rank_change_p40"": -73.39999999999999, ""d3_flow_acceleration_p50"": -16293412.410000004, ""d3_trend_eff_p50"": 0.8554216867469907, ""d3_max_drawdown_p30"": -2.645937542246859}"
00881,國泰台灣科技龍頭,2026-06-16,2026-06-22,DAY3,A,RANGE_NORMAL,4.557885141294449,0.33969224157279765,,3,2,-94.0,170.0,-1.1510490242243492,77.68953068592057,1,2,268909383.3,-224663090.24999994,0,0,1.0,0.0,False,1,A,True,False,1.823154056517784,NEUTRAL,54.85,2026-07-01,57.35,-3.574542284219706,PROMOTION_NEUTRAL,2026-07-06,4.557885141294449,4.557885141294449,-2.615518744551004,1.0462074978204061,-8.369659982563215,3,2026-06-22,2026-06-22,True,RECONSTRUCTED_NOT_PRODUCTION_EXACT,DISCOVERY,False,False,False,True,True,False,False,True,False,True,False,REJECT_CONFIRMATION_SHADOW,"{""d0_fresh_rs_p40"": 1.0, ""d0_fresh_volume_p40"": 3.0, ""d0_rs_slope5_p70"": 6.708057106025629, ""d0_rank_change3_p50"": 114.0, ""d0_flow_buy_days5_p70"": 4.0, ""d0_trend_eff5_p50"": 0.5314861460957175, ""d0_close_progress3_p50"": 5.966850828729298, ""d1_market_excess_p70"": 0.033209940654632675, ""d1_rs_change_p40"": 0.04062997403032401, ""d1_rank_change_p40"": -22.4, ""d1_flow_p50"": 4943366.0, ""d1_close_location_p30"": 0.43671497584541175, ""d1_upper_shadow_p70"": 0.23815384615384746, ""d3_rs_change_p40"": -2.0465804520160695, ""d3_rank_change_p40"": -73.39999999999999, ""d3_flow_acceleration_p50"": -16293412.410000004, ""d3_trend_eff_p50"": 0.8554216867469907, ""d3_max_drawdown_p30"": -2.645937542246859}"
009816,凱基台灣TOP50,2026-06-16,2026-06-22,DAY3,A,RANGE_NORMAL,4.255319148936176,0.03712624921452523,,3,2,-210.0,287.0,-0.14937477109820918,81.2274368231047,1,0,-1014691239.75,-2022938410.17,0,0,1.0,0.0,False,1,A,True,False,2.063185041908455,NEUTRAL,15.51,2026-07-01,16.17,-3.2158317872603703,PROMOTION_NEUTRAL,2026-07-06,4.255319148936176,4.255319148936176,-2.102659245516403,0.9276437847866248,-7.3593073593073655,3,2026-06-22,2026-06-22,True,RECONSTRUCTED_NOT_PRODUCTION_EXACT,DISCOVERY,False,False,False,True,True,False,False,False,False,True,False,REJECT_CONFIRMATION_SHADOW,"{""d0_fresh_rs_p40"": 1.0, ""d0_fresh_volume_p40"": 3.0, ""d0_rs_slope5_p70"": 6.708057106025629, ""d0_rank_change3_p50"": 114.0, ""d0_flow_buy_days5_p70"": 4.0, ""d0_trend_eff5_p50"": 0.5314861460957175, ""d0_close_progress3_p50"": 5.966850828729298, ""d1_market_excess_p70"": 0.033209940654632675, ""d1_rs_change_p40"": 0.04062997403032401, ""d1_rank_change_p40"": -22.4, ""d1_flow_p50"": 4943366.0, ""d1_close_location_p30"": 0.43671497584541175, ""d1_upper_shadow_p70"": 0.23815384615384746, ""d3_rs_change_p40"": -2.0465804520160695, ""d3_rank_change_p40"": -73.39999999999999, ""d3_flow_acceleration_p50"": -16293412.410000004, ""d3_trend_eff_p50"": 0.8554216867469907, ""d3_max_drawdown_p30"": -2.645937542246859}"
1456,怡華,2026-06-16,2026-06-22,DAY3,A,RANGE_NORMAL,7.216494845360821,2.99830194563917,7.494243707394865,3,2,-52.0,130.0,21.26903154920734,89.74729241877256,3,1,1021100.0,237430.80000000005,3,0,1.0,0.0,False,1,A,True,False,-3.7800687285223455,NEUTRAL,14.55,2026-07-01,15.6,-8.333333333333325,PROMOTION_LOSER,2026-07-06,7.216494845360821,7.216494845360821,-10.256410256410254,1.2820512820512997,-14.423076923076927,3,2026-06-22,2026-06-22,True,RECONSTRUCTED_NOT_PRODUCTION_EXACT,DISCOVERY,False,False,False,True,True,True,False,True,False,True,False,REJECT_CONFIRMATION_SHADOW,"{""d0_fresh_rs_p40"": 1.0, ""d0_fresh_volume_p40"": 3.0, ""d0_rs_slope5_p70"": 6.708057106025629, ""d0_rank_change3_p50"": 114.0, ""d0_flow_buy_days5_p70"": 4.0, ""d0_trend_eff5_p50"": 0.5314861460957175, ""d0_close_progress3_p50"": 5.966850828729298, ""d1_market_excess_p70"": 0.033209940654632675, ""d1_rs_change_p40"": 0.04062997403032401, ""d1_rank_change_p40"": -22.4, ""d1_flow_p50"": 4943366.0, ""d1_close_location_p30"": 0.43671497584541175, ""d1_upper_shadow_p70"": 0.23815384615384746, ""d3_rs_change_p40"": -2.0465804520160695, ""d3_rank_change_p40"": -73.39999999999999, ""d3_flow_acceleration_p50"": -16293412.410000004, ""d3_trend_eff_p50"": 0.8554216867469907, ""d3_max_drawdown_p30"": -2.645937542246859}"
00851,台新全球AI,2026-06-16,2026-06-22,DAY3,A,RANGE_NORMAL,0.4739336492891155,-3.7442592504325356,,2,0,-102.0,184.0,-3.0406006383090016,79.2057761732852,1,2,591850.0,-1489950.0,0,0,0.22580645161290913,-0.8124576844955933,False,1,A,True,False,1.8280297901151157,NEUTRAL,73.85,2026-07-01,74.2,-2.964959568733161,PROMOTION_NEUTRAL,2026-07-06,0.4739336492891155,0.4739336492891155,1.3477088948786964,1.3477088948786964,-4.380053908355796,3,2026-06-22,2026-06-22,True,RECONSTRUCTED_NOT_PRODUCTION_EXACT,DISCOVERY,False,False,False,False,False,False,False,True,False,False,False,REJECT_CONFIRMATION_SHADOW,"{""d0_fresh_rs_p40"": 1.0, ""d0_fresh_volume_p40"": 3.0, ""d0_rs_slope5_p70"": 6.708057106025629, ""d0_rank_change3_p50"": 114.0, ""d0_flow_buy_days5_p70"": 4.0, ""d0_trend_eff5_p50"": 0.5314861460957175, ""d0_close_progress3_p50"": 5.966850828729298, ""d1_market_excess_p70"": 0.033209940654632675, ""d1_rs_change_p40"": 0.04062997403032401, ""d1_rank_change_p40"": -22.4, ""d1_flow_p50"": 4943366.0, ""d1_close_location_p30"": 0.43671497584541175, ""d1_upper_shadow_p70"": 0.23815384615384746, ""d3_rs_change_p40"": -2.0465804520160695, ""d3_rank_change_p40"": -73.39999999999999, ""d3_flow_acceleration_p50"": -16293412.410000004, ""d3_trend_eff_p50"": 0.8554216867469907, ""d3_max_drawdown_p30"": -2.645937542246859}"
00911,兆豐洲際半導體,2026-06-16,2026-06-22,DAY3,A,RANGE_NORMAL,1.573033707865168,-2.645159191856483,,2,1,23.0,63.0,-3.8008161983989908,89.02527075812274,1,1,-31548939.0,-36800890.35,0,0,0.22580645161290303,-2.696629213483137,True,1,A,True,False,2.4719101123595655,NEUTRAL,66.75,2026-07-01,67.8,-6.4896755162241915,PROMOTION_LOSER,2026-07-06,1.573033707865168,1.573033707865168,0.884955752212413,2.359882005899716,-7.522123893805299,3,2026-06-22,2026-06-22,True,RECONSTRUCTED_NOT_PRODUCTION_EXACT,DISCOVERY,False,False,False,False,False,True,False,False,False,False,False,REJECT_CONFIRMATION_SHADOW,"{""d0_fresh_rs_p40"": 1.0, ""d0_fresh_volume_p40"": 3.0, ""d0_rs_slope5_p70"": 6.708057106025629, ""d0_rank_change3_p50"": 114.0, ""d0_flow_buy_days5_p70"": 4.0, ""d0_trend_eff5_p50"": 0.5314861460957175, ""d0_close_progress3_p50"": 5.966850828729298, ""d1_market_excess_p70"": 0.033209940654632675, ""d1_rs_change_p40"": 0.04062997403032401, ""d1_rank_change_p40"": -22.4, ""d1_flow_p50"": 4943366.0, ""d1_close_location_p30"": 0.43671497584541175, ""d1_upper_shadow_p70"": 0.23815384615384746, ""d3_rs_change_p40"": -2.0465804520160695, ""d3_rank_change_p40"": -73.39999999999999, ""d3_flow_acceleration_p50"": -16293412.410000004, ""d3_trend_eff_p50"": 0.8554216867469907, ""d3_max_drawdown_p30"": -2.645937542246859}"
00983A,主動中信ARK創新,2026-06-16,2026-06-22,DAY3,A,RANGE_NORMAL,0.9212730318258089,-3.2969198678958422,,2,0,-118.0,206.0,-6.420760738764187,52.12996389891697,1,3,94212441.72000001,-88872119.67999999,0,0,0.47826086956522545,-0.5025125628140614,False,1,A,False,False,3.433835845896138,NEUTRAL,11.94,2026-07-01,12.05,3.4854771784232463,PROMOTION_NEUTRAL,2026-07-06,0.9212730318258089,0.9212730318258089,2.4896265560165887,3.4854771784232463,-3.4024896265560156,3,2026-06-22,2026-06-22,True,RECONSTRUCTED_NOT_PRODUCTION_EXACT,DISCOVERY,True,True,False,False,False,False,False,True,False,False,False,REJECT_CONFIRMATION_SHADOW,"{""d0_fresh_rs_p40"": 1.0, ""d0_fresh_volume_p40"": 3.0, ""d0_rs_slope5_p70"": 6.708057106025629, ""d0_rank_change3_p50"": 114.0, ""d0_flow_buy_days5_p70"": 4.0, ""d0_trend_eff5_p50"": 0.5314861460957175, ""d0_close_progress3_p50"": 5.966850828729298, ""d1_market_excess_p70"": 0.033209940654632675, ""d1_rs_change_p40"": 0.04062997403032401, ""d1_rank_change_p40"": -22.4, ""d1_flow_p50"": 4943366.0, ""d1_close_location_p30"": 0.43671497584541175, ""d1_upper_shadow_p70"": 0.23815384615384746, ""d3_rs_change_p40"": -2.0465804520160695, ""d3_rank_change_p40"": -73.39999999999999, ""d3_flow_acceleration_p50"": -16293412.410000004, ""d3_trend_eff_p50"": 0.8554216867469907, ""d3_max_drawdown_p30"": -2.645937542246859}"
00989A,主動摩根美國科技,2026-06-16,2026-06-22,DAY3,A,RANGE_NORMAL,-0.16339869281046804,-4.38159159253212,,1,0,-194.0,283.0,-11.069690786375759,55.234657039711195,1,2,7106201.419999994,-20338988.300000012,1,0,0.04477611940298713,-1.9063180827886606,False,1,A,False,False,2.8322440087146017,NEUTRAL,18.36,2026-07-01,18.33,-1.8548827059465367,PROMOTION_NEUTRAL,2026-07-06,-0.16339869281046804,-0.16339869281046804,3.000545553737055,3.000545553737055,-3.65521003818875,3,2026-06-22,2026-06-22,True,RECONSTRUCTED_NOT_PRODUCTION_EXACT,DISCOVERY,False,False,False,False,False,False,False,True,False,False,False,REJECT_CONFIRMATION_SHADOW,"{""d0_fresh_rs_p40"": 1.0, ""d0_fresh_volume_p40"": 3.0, ""d0_rs_slope5_p70"": 6.708057106025629, ""d0_rank_change3_p50"": 114.0, ""d0_flow_buy_days5_p70"": 4.0, ""d0_trend_eff5_p50"": 0.5314861460957175, ""d0_close_progress3_p50"": 5.966850828729298, ""d1_market_excess_p70"": 0.033209940654632675, ""d1_rs_change_p40"": 0.04062997403032401, ""d1_rank_change_p40"": -22.4, ""d1_flow_p50"": 4943366.0, ""d1_close_location_p30"": 0.43671497584541175, ""d1_upper_shadow_p70"": 0.23815384615384746, ""d3_rs_change_p40"": -2.0465804520160695, ""d3_rank_change_p40"": -73.39999999999999, ""d3_flow_acceleration_p50"": -16293412.410000004, ""d3_trend_eff_p50"": 0.8554216867469907, ""d3_max_drawdown_p30"": -2.645937542246859}"
009809,富邦淨零ESG50,2026-06-16,2026-06-22,DAY3,A,RANGE_NORMAL,5.344827586206891,1.1266346864852395,,2,2,-48.0,138.0,5.051012399937221,85.92057761732852,2,2,4633112.699999997,2374032.709999998,1,0,0.958762886597939,-0.11494252873562871,False,1,A,True,False,5.114942528735633,NEUTRAL,17.4,2026-07-01,18.33,-0.8183306055646433,PROMOTION_NEUTRAL,2026-07-06,5.344827586206891,5.344827586206891,-0.21822149481723896,1.091107474086206,-5.510092744135287,3,2026-06-22,2026-06-22,True,RECONSTRUCTED_NOT_PRODUCTION_EXACT,DISCOVERY,False,False,False,True,True,True,False,True,False,True,False,REJECT_CONFIRMATION_SHADOW,"{""d0_fresh_rs_p40"": 1.0, ""d0_fresh_volume_p40"": 3.0, ""d0_rs_slope5_p70"": 6.708057106025629, ""d0_rank_change3_p50"": 114.0, ""d0_flow_buy_days5_p70"": 4.0, ""d0_trend_eff5_p50"": 0.5314861460957175, ""d0_close_progress3_p50"": 5.966850828729298, ""d1_market_excess_p70"": 0.033209940654632675, ""d1_rs_change_p40"": 0.04062997403032401, ""d1_rank_change_p40"": -22.4, ""d1_flow_p50"": 4943366.0, ""d1_close_location_p30"": 0.43671497584541175, ""d1_upper_shadow_p70"": 0.23815384615384746, ""d3_rs_change_p40"": -2.0465804520160695, ""d3_rank_change_p40"": -73.39999999999999, ""d3_flow_acceleration_p50"": -16293412.410000004, ""d3_trend_eff_p50"": 0.8554216867469907, ""d3_max_drawdown_p30"": -2.645937542246859}"
00898,國泰基因免疫革命,2026-06-16,2026-06-22,DAY3,A,RANGE_NORMAL,0.11848341232227888,-4.099709487399372,,1,0,-90.0,185.0,-6.296238162507194,57.761732851985556,0,3,10566375.620000001,-3928515.1799999997,1,0,0.07692307692307482,-0.5924170616113611,False,1,A,True,False,10.18957345971565,NEUTRAL,8.44,2026-07-01,8.45,15.384615384615397,PROMOTION_WINNER,2026-07-06,0.11848341232227888,0.11848341232227888,10.059171597633142,15.7396449704142,0.0,3,2026-06-22,2026-06-22,True,RECONSTRUCTED_NOT_PRODUCTION_EXACT,DISCOVERY,False,False,False,False,False,False,False,True,False,False,False,REJECT_CONFIRMATION_SHADOW,"{""d0_fresh_rs_p40"": 1.0, ""d0_fresh_volume_p40"": 3.0, ""d0_rs_slope5_p70"": 6.708057106025629, ""d0_rank_change3_p50"": 114.0, ""d0_flow_buy_days5_p70"": 4.0, ""d0_trend_eff5_p50"": 0.5314861460957175, ""d0_close_progress3_p50"": 5.966850828729298, ""d1_market_excess_p70"": 0.033209940654632675, ""d1_rs_change_p40"": 0.04062997403032401, ""d1_rank_change_p40"": -22.4, ""d1_flow_p50"": 4943366.0, ""d1_close_location_p30"": 0.43671497584541175, ""d1_upper_shadow_p70"": 0.23815384615384746, ""d3_rs_change_p40"": -2.0465804520160695, ""d3_rank_change_p40"": -73.39999999999999, ""d3_flow_acceleration_p50"": -16293412.410000004, ""d3_trend_eff_p50"": 0.8554216867469907, ""d3_max_drawdown_p30"": -2.645937542246859}"
00893,國泰智能電動車,2026-06-16,2026-06-22,DAY3,A,RANGE_NORMAL,-0.2313840976020165,-4.449576997323668,,1,0,-151.0,248.0,-9.698111233192073,56.67870036101083,1,3,44737528.25,-16293412.410000004,0,0,0.06358381502890126,-1.935212452671442,False,1,A,False,False,-0.0841396718552767,NEUTRAL,47.54,2026-07-01,47.43,-3.014969428631664,PROMOTION_NEUTRAL,2026-07-06,-0.2313840976020165,-0.2313840976020165,0.14758591608685645,1.4126080539742736,-5.8401855365802335,3,2026-06-22,2026-06-22,True,RECONSTRUCTED_NOT_PRODUCTION_EXACT,DISCOVERY,False,False,False,False,False,False,False,True,False,False,False,REJECT_CONFIRMATION_SHADOW,"{""d0_fresh_rs_p40"": 1.0, ""d0_fresh_volume_p40"": 3.0, ""d0_rs_slope5_p70"": 6.708057106025629, ""d0_rank_change3_p50"": 114.0, ""d0_flow_buy_days5_p70"": 4.0, ""d0_trend_eff5_p50"": 0.5314861460957175, ""d0_close_progress3_p50"": 5.966850828729298, ""d1_market_excess_p70"": 0.033209940654632675, ""d1_rs_change_p40"": 0.04062997403032401, ""d1_rank_change_p40"": -22.4, ""d1_flow_p50"": 4943366.0, ""d1_close_location_p30"": 0.43671497584541175, ""d1_upper_shadow_p70"": 0.23815384615384746, ""d3_rs_change_p40"": -2.0465804520160695, ""d3_rank_change_p40"": -73.39999999999999, ""d3_flow_acceleration_p50"": -16293412.410000004, ""d3_trend_eff_p50"": 0.8554216867469907, ""d3_max_drawdown_p30"": -2.645937542246859}"
0052,富邦科技,2026-06-16,2026-06-22,DAY3,A,RANGE_NORMAL,5.497170573969279,1.2789776742476278,,3,2,-34.0,136.0,3.553863862292687,79.13357400722022,2,3,998595833.05,-929571111.2,1,0,1.0,0.0,False,1,A,True,False,4.122877930476965,NEUTRAL,61.85,2026-07-01,65.25,-2.605363984674336,PROMOTION_NEUTRAL,2026-07-06,5.497170573969279,5.497170573969279,-1.3026819923371513,1.1494252873563315,-7.279693486590033,3,2026-06-22,2026-06-22,True,RECONSTRUCTED_NOT_PRODUCTION_EXACT,DISCOVERY,False,False,False,True,True,True,False,True,False,True,False,REJECT_CONFIRMATION_SHADOW,"{""d0_fresh_rs_p40"": 1.0, ""d0_fresh_volume_p40"": 3.0, ""d0_rs_slope5_p70"": 6.708057106025629, ""d0_rank_change3_p50"": 114.0, ""d0_flow_buy_days5_p70"": 4.0, ""d0_trend_eff5_p50"": 0.5314861460957175, ""d0_close_progress3_p50"": 5.966850828729298, ""d1_market_excess_p70"": 0.033209940654632675, ""d1_rs_change_p40"": 0.04062997403032401, ""d1_rank_change_p40"": -22.4, ""d1_flow_p50"": 4943366.0, ""d1_close_location_p30"": 0.43671497584541175, ""d1_upper_shadow_p70"": 0.23815384615384746, ""d3_rs_change_p40"": -2.0465804520160695, ""d3_rank_change_p40"": -73.39999999999999, ""d3_flow_acceleration_p50"": -16293412.410000004, ""d3_trend_eff_p50"": 0.8554216867469907, ""d3_max_drawdown_p30"": -2.645937542246859}"
00922,國泰台灣領袖50,2026-06-16,2026-06-22,DAY3,A,RANGE_NORMAL,5.335968379446654,1.1177754797250028,,3,3,-46.0,153.0,2.8122220478208533,83.82671480144404,1,2,196250651.69,-174337208.7,0,0,1.0,0.0,False,1,A,True,False,3.532608695652173,NEUTRAL,40.48,2026-07-01,42.64,-2.509380863039401,PROMOTION_NEUTRAL,2026-07-06,5.335968379446654,5.335968379446654,-1.7120075046904382,0.9380863039399667,-7.7392120075046815,3,2026-06-22,2026-06-22,True,RECONSTRUCTED_NOT_PRODUCTION_EXACT,DISCOVERY,False,False,False,True,True,True,False,True,False,True,False,REJECT_CONFIRMATION_SHADOW,"{""d0_fresh_rs_p40"": 1.0, ""d0_fresh_volume_p40"": 3.0, ""d0_rs_slope5_p70"": 6.708057106025629, ""d0_rank_change3_p50"": 114.0, ""d0_flow_buy_days5_p70"": 4.0, ""d0_trend_eff5_p50"": 0.5314861460957175, ""d0_close_progress3_p50"": 5.966850828729298, ""d1_market_excess_p70"": 0.033209940654632675, ""d1_rs_change_p40"": 0.04062997403032401, ""d1_rank_change_p40"": -22.4, ""d1_flow_p50"": 4943366.0, ""d1_close_location_p30"": 0.43671497584541175, ""d1_upper_shadow_p70"": 0.23815384615384746, ""d3_rs_change_p40"": -2.0465804520160695, ""d3_rank_change_p40"": -73.39999999999999, ""d3_flow_acceleration_p50"": -16293412.410000004, ""d3_trend_eff_p50"": 0.8554216867469907, ""d3_max_drawdown_p30"": -2.645937542246859}"
0057,富邦摩台,2026-06-16,2026-06-22,DAY3,A,RANGE_NORMAL,3.470784906861968,-0.7474079928596833,,2,0,-11.0,120.0,1.1667451472819579,77.9783393501805,1,3,14815825.1,20717741.4,0,0,0.9316239316239261,-0.12736825346283398,True,1,A,True,False,3.327495621716281,NEUTRAL,314.05,2026-07-01,324.95,-0.7693491306354772,PROMOTION_NEUTRAL,2026-07-06,3.470784906861968,3.470784906861968,-0.138482843514387,1.7079550700107804,-5.954762271118619,3,2026-06-22,2026-06-22,True,RECONSTRUCTED_NOT_PRODUCTION_EXACT,DISCOVERY,False,False,False,False,True,True,False,True,False,True,False,REJECT_CONFIRMATION_SHADOW,"{""d0_fresh_rs_p40"": 1.0, ""d0_fresh_volume_p40"": 3.0, ""d0_rs_slope5_p70"": 6.708057106025629, ""d0_rank_change3_p50"": 114.0, ""d0_flow_buy_days5_p70"": 4.0, ""d0_trend_eff5_p50"": 0.5314861460957175, ""d0_close_progress3_p50"": 5.966850828729298, ""d1_market_excess_p70"": 0.033209940654632675, ""d1_rs_change_p40"": 0.04062997403032401, ""d1_rank_change_p40"": -22.4, ""d1_flow_p50"": 4943366.0, ""d1_close_location_p30"": 0.43671497584541175, ""d1_upper_shadow_p70"": 0.23815384615384746, ""d3_rs_change_p40"": -2.0465804520160695, ""d3_rank_change_p40"": -73.39999999999999, ""d3_flow_acceleration_p50"": -16293412.410000004, ""d3_trend_eff_p50"": 0.8554216867469907, ""d3_max_drawdown_p30"": -2.645937542246859}"
00980A,主動野村臺灣優選,2026-06-16,2026-06-22,DAY3,A,RANGE_NORMAL,4.5121951219512235,0.2940022222295724,,3,2,-41.0,152.0,-3.241772615497311,74.72924187725631,1,3,248714944.41,3793790.5900000036,0,0,1.0,0.0,False,1,A,True,False,1.2601626016260026,NEUTRAL,24.6,2026-07-01,25.71,-4.51186308829249,PROMOTION_NEUTRAL,2026-07-06,4.5121951219512235,4.5121951219512235,-3.1116297160637907,0.2333722287047868,-8.634772462077024,3,2026-06-22,2026-06-22,True,RECONSTRUCTED_NOT_PRODUCTION_EXACT,DISCOVERY,False,False,False,True,False,True,False,True,False,True,False,REJECT_CONFIRMATION_SHADOW,"{""d0_fresh_rs_p40"": 1.0, ""d0_fresh_volume_p40"": 3.0, ""d0_rs_slope5_p70"": 6.708057106025629, ""d0_rank_change3_p50"": 114.0, ""d0_flow_buy_days5_p70"": 4.0, ""d0_trend_eff5_p50"": 0.5314861460957175, ""d0_close_progress3_p50"": 5.966850828729298, ""d1_market_excess_p70"": 0.033209940654632675, ""d1_rs_change_p40"": 0.04062997403032401, ""d1_rank_change_p40"": -22.4, ""d1_flow_p50"": 4943366.0, ""d1_close_location_p30"": 0.43671497584541175, ""d1_upper_shadow_p70"": 0.23815384615384746, ""d3_rs_change_p40"": -2.0465804520160695, ""d3_rank_change_p40"": -73.39999999999999, ""d3_flow_acceleration_p50"": -16293412.410000004, ""d3_trend_eff_p50"": 0.8554216867469907, ""d3_max_drawdown_p30"": -2.645937542246859}"
00995A,主動中信台灣卓越,2026-06-16,2026-06-22,DAY3,A,RANGE_NORMAL,4.5100222717149085,0.2918293719932574,,3,2,-103.0,217.0,-8.65536545806519,68.88086642599278,1,2,82717500.17999999,-24983580.540000007,0,0,1.0,0.0,False,1,A,True,False,2.839643652561241,NEUTRAL,17.96,2026-07-01,18.77,-3.569525839104948,PROMOTION_NEUTRAL,2026-07-06,4.5100222717149085,4.5100222717149085,-1.5982951518380473,0.586041555673944,-9.003729355354295,3,2026-06-22,2026-06-22,True,RECONSTRUCTED_NOT_PRODUCTION_EXACT,DISCOVERY,False,False,False,True,False,False,False,True,False,True,False,REJECT_CONFIRMATION_SHADOW,"{""d0_fresh_rs_p40"": 1.0, ""d0_fresh_volume_p40"": 3.0, ""d0_rs_slope5_p70"": 6.708057106025629, ""d0_rank_change3_p50"": 114.0, ""d0_flow_buy_days5_p70"": 4.0, ""d0_trend_eff5_p50"": 0.5314861460957175, ""d0_close_progress3_p50"": 5.966850828729298, ""d1_market_excess_p70"": 0.033209940654632675, ""d1_rs_change_p40"": 0.04062997403032401, ""d1_rank_change_p40"": -22.4, ""d1_flow_p50"": 4943366.0, ""d1_close_location_p30"": 0.43671497584541175, ""d1_upper_shadow_p70"": 0.23815384615384746, ""d3_rs_change_p40"": -2.0465804520160695, ""d3_rank_change_p40"": -73.39999999999999, ""d3_flow_acceleration_p50"": -16293412.410000004, ""d3_trend_eff_p50"": 0.8554216867469907, ""d3_max_drawdown_p30"": -2.645937542246859}"
2340,台亞,2026-06-16,2026-06-22,DAY3,A,RANGE_NORMAL,9.462915601023013,5.244722701301362,9.462915601023013,2,2,87.0,29.0,-5.704232721184525,74.36823104693141,1,2,336687941.4,68645985.89999998,2,1,0.7551020408163259,-1.534526854219953,True,1,C,True,False,-10.10230179028133,LOSER,39.1,2026-07-01,42.8,-8.99532710280373,PROMOTION_LOSER,2026-07-06,9.462915601023013,9.462915601023013,-17.873831775700932,7.009345794392519,-18.224299065420556,3,2026-06-22,2026-06-22,True,RECONSTRUCTED_NOT_PRODUCTION_EXACT,DISCOVERY,True,True,False,True,False,True,True,True,True,False,False,REJECT_CONFIRMATION_SHADOW,"{""d0_fresh_rs_p40"": 1.0, ""d0_fresh_volume_p40"": 3.0, ""d0_rs_slope5_p70"": 6.708057106025629, ""d0_rank_change3_p50"": 114.0, ""d0_flow_buy_days5_p70"": 4.0, ""d0_trend_eff5_p50"": 0.5314861460957175, ""d0_close_progress3_p50"": 5.966850828729298, ""d1_market_excess_p70"": 0.033209940654632675, ""d1_rs_change_p40"": 0.04062997403032401, ""d1_rank_change_p40"": -22.4, ""d1_flow_p50"": 4943366.0, ""d1_close_location_p30"": 0.43671497584541175, ""d1_upper_shadow_p70"": 0.23815384615384746, ""d3_rs_change_p40"": -2.0465804520160695, ""d3_rank_change_p40"": -73.39999999999999, ""d3_flow_acceleration_p50"": -16293412.410000004, ""d3_trend_eff_p50"": 0.8554216867469907, ""d3_max_drawdown_p30"": -2.645937542246859}"
1515,力山,2026-06-17,2026-06-23,DAY3,A,RANGE_NORMAL,4.280155642023353,1.6137877427160774,4.915076276943986,2,1,-13.0,56.0,9.073889609345471,89.97113997113998,3,1,-23237505.799999997,-36954354.5,2,0,0.4782608695652186,-2.1897810218978075,True,1,A,True,False,51.55642023346305,WINNER,25.7,2026-07-02,26.8,44.589552238805965,PROMOTION_WINNER,2026-07-07,4.280155642023353,4.280155642023353,45.335820895522396,68.09701492537312,-1.4925373134328401,3,2026-06-23,2026-06-23,True,RECONSTRUCTED_NOT_PRODUCTION_EXACT,DISCOVERY,True,True,True,True,True,True,True,False,False,False,False,REJECT_CONFIRMATION_SHADOW,"{""d0_fresh_rs_p40"": 1.0, ""d0_fresh_volume_p40"": 3.0, ""d0_rs_slope5_p70"": 6.708057106025629, ""d0_rank_change3_p50"": 114.0, ""d0_flow_buy_days5_p70"": 4.0, ""d0_trend_eff5_p50"": 0.5314861460957175, ""d0_close_progress3_p50"": 5.966850828729298, ""d1_market_excess_p70"": 0.033209940654632675, ""d1_rs_change_p40"": 0.04062997403032401, ""d1_rank_change_p40"": -22.4, ""d1_flow_p50"": 4943366.0, ""d1_close_location_p30"": 0.43671497584541175, ""d1_upper_shadow_p70"": 0.23815384615384746, ""d3_rs_change_p40"": -2.0465804520160695, ""d3_rank_change_p40"": -73.39999999999999, ""d3_flow_acceleration_p50"": -16293412.410000004, ""d3_trend_eff_p50"": 0.8554216867469907, ""d3_max_drawdown_p30"": -2.645937542246859}"
7786,東方風能,2026-06-17,2026-06-23,DAY3,A,RANGE_NORMAL,-1.9379844961240345,-4.60435239543131,-1.9379844961240345,1,1,-79.0,145.0,-2.7374217678125063,70.77922077922078,2,2,3163284.5,-19670055.5,0,0,0.5555555555555556,-2.692307692307694,False,1,A,False,False,-4.651162790697672,NEUTRAL,129.0,2026-07-02,126.5,-3.1620553359683834,PROMOTION_NEUTRAL,2026-07-07,-1.9379844961240345,-1.9379844961240345,-2.766798418972327,1.976284584980248,-3.9525691699604737,3,2026-06-23,2026-06-23,True,RECONSTRUCTED_NOT_PRODUCTION_EXACT,DISCOVERY,False,False,False,False,False,False,False,True,False,False,False,REJECT_CONFIRMATION_SHADOW,"{""d0_fresh_rs_p40"": 1.0, ""d0_fresh_volume_p40"": 3.0, ""d0_rs_slope5_p70"": 6.708057106025629, ""d0_rank_change3_p50"": 114.0, ""d0_flow_buy_days5_p70"": 4.0, ""d0_trend_eff5_p50"": 0.5314861460957175, ""d0_close_progress3_p50"": 5.966850828729298, ""d1_market_excess_p70"": 0.033209940654632675, ""d1_rs_change_p40"": 0.04062997403032401, ""d1_rank_change_p40"": -22.4, ""d1_flow_p50"": 4943366.0, ""d1_close_location_p30"": 0.43671497584541175, ""d1_upper_shadow_p70"": 0.23815384615384746, ""d3_rs_change_p40"": -2.0465804520160695, ""d3_rank_change_p40"": -73.39999999999999, ""d3_flow_acceleration_p50"": -16293412.410000004, ""d3_trend_eff_p50"": 0.8554216867469907, ""d3_max_drawdown_p30"": -2.645937542246859}"
9136,巨騰-DR,2026-06-17,2026-06-23,DAY3,A,RANGE_NORMAL,-2.4024024024023927,-5.068770301709669,-1.5360657687390256,2,1,,,-0.13636468050360406,97.11399711399712,2,1,-5192844.8,5544154.000000001,0,0,0.36363636363636187,-4.491017964071853,False,0,,False,False,-18.01801801801801,LOSER,16.65,2026-07-02,16.25,-20.923076923076923,PROMOTION_LOSER,2026-07-07,-2.4024024024023927,-2.4024024024023927,-16.000000000000004,0.3076923076923199,-21.53846153846154,3,2026-06-23,2026-06-23,True,RECONSTRUCTED_NOT_PRODUCTION_EXACT,DISCOVERY,False,False,False,False,True,False,False,True,False,False,False,REJECT_CONFIRMATION_SHADOW,"{""d0_fresh_rs_p40"": 1.0, ""d0_fresh_volume_p40"": 3.0, ""d0_rs_slope5_p70"": 6.708057106025629, ""d0_rank_change3_p50"": 114.0, ""d0_flow_buy_days5_p70"": 4.0, ""d0_trend_eff5_p50"": 0.5314861460957175, ""d0_close_progress3_p50"": 5.966850828729298, ""d1_market_excess_p70"": 0.033209940654632675, ""d1_rs_change_p40"": 0.04062997403032401, ""d1_rank_change_p40"": -22.4, ""d1_flow_p50"": 4943366.0, ""d1_close_location_p30"": 0.43671497584541175, ""d1_upper_shadow_p70"": 0.23815384615384746, ""d3_rs_change_p40"": -2.0465804520160695, ""d3_rank_change_p40"": -73.39999999999999, ""d3_flow_acceleration_p50"": -16293412.410000004, ""d3_trend_eff_p50"": 0.8554216867469907, ""d3_max_drawdown_p30"": -2.645937542246859}"
5469,瀚宇博,2026-06-17,2026-06-23,DAY3,A,RANGE_NORMAL,0.23094688221709792,-2.435421017090178,-0.4813038300336192,2,1,,,-5.026803073112767,61.76046176046176,1,2,-98480.60000002384,-169733742.90000004,1,1,0.025641025641026015,-4.194260485651213,False,0,,False,False,1.039260969976907,NEUTRAL,86.6,2026-07-02,86.8,-4.262672811059909,PROMOTION_NEUTRAL,2026-07-07,0.23094688221709792,0.23094688221709792,0.8064516129032251,8.294930875576046,-4.262672811059909,3,2026-06-23,2026-06-23,True,RECONSTRUCTED_NOT_PRODUCTION_EXACT,DISCOVERY,False,False,False,False,False,False,False,True,False,False,False,REJECT_CONFIRMATION_SHADOW,"{""d0_fresh_rs_p40"": 1.0, ""d0_fresh_volume_p40"": 3.0, ""d0_rs_slope5_p70"": 6.708057106025629, ""d0_rank_change3_p50"": 114.0, ""d0_flow_buy_days5_p70"": 4.0, ""d0_trend_eff5_p50"": 0.5314861460957175, ""d0_close_progress3_p50"": 5.966850828729298, ""d1_market_excess_p70"": 0.033209940654632675, ""d1_rs_change_p40"": 0.04062997403032401, ""d1_rank_change_p40"": -22.4, ""d1_flow_p50"": 4943366.0, ""d1_close_location_p30"": 0.43671497584541175, ""d1_upper_shadow_p70"": 0.23815384615384746, ""d3_rs_change_p40"": -2.0465804520160695, ""d3_rank_change_p40"": -73.39999999999999, ""d3_flow_acceleration_p50"": -16293412.410000004, ""d3_trend_eff_p50"": 0.8554216867469907, ""d3_max_drawdown_p30"": -2.645937542246859}"
2460,建通,2026-06-17,2026-06-23,DAY3,A,RANGE_NORMAL,3.6619718309859106,0.9956039316786347,3.6619718309859106,2,1,,,7.425505833610032,84.48773448773449,1,2,28295949.99999999,6471997.199999984,2,1,0.4814814814814799,-1.9718309859155014,False,0,,True,False,2.8169014084507005,NEUTRAL,35.5,2026-07-02,36.8,-0.6793478260869512,PROMOTION_NEUTRAL,2026-07-07,3.6619718309859106,3.6619718309859106,-0.8152173913043348,14.130434782608713,-4.891304347826075,3,2026-06-23,2026-06-23,True,RECONSTRUCTED_NOT_PRODUCTION_EXACT,DISCOVERY,True,True,True,True,True,False,True,True,True,False,False,REJECT_CONFIRMATION_SHADOW,"{""d0_fresh_rs_p40"": 1.0, ""d0_fresh_volume_p40"": 3.0, ""d0_rs_slope5_p70"": 6.708057106025629, ""d0_rank_change3_p50"": 114.0, ""d0_flow_buy_days5_p70"": 4.0, ""d0_trend_eff5_p50"": 0.5314861460957175, ""d0_close_progress3_p50"": 5.966850828729298, ""d1_market_excess_p70"": 0.033209940654632675, ""d1_rs_change_p40"": 0.04062997403032401, ""d1_rank_change_p40"": -22.4, ""d1_flow_p50"": 4943366.0, ""d1_close_location_p30"": 0.43671497584541175, ""d1_upper_shadow_p70"": 0.23815384615384746, ""d3_rs_change_p40"": -2.0465804520160695, ""d3_rank_change_p40"": -73.39999999999999, ""d3_flow_acceleration_p50"": -16293412.410000004, ""d3_trend_eff_p50"": 0.8554216867469907, ""d3_max_drawdown_p30"": -2.645937542246859}"
2489,瑞軒,2026-06-17,2026-06-23,DAY3,A,RANGE_NORMAL,-2.5720164609053464,-5.238384360212622,-2.1409819781467387,1,1,,,-72.15518843594097,4.617604617604617,0,1,-59242157.69999993,-801389160.6,1,0,0.19685039370078714,-6.607495069033531,False,0,,False,False,-14.40329218106996,LOSER,48.6,2026-07-02,47.35,-17.52903907074974,PROMOTION_LOSER,2026-07-07,-2.5720164609053464,-2.5720164609053464,-12.143611404435061,2.9567053854276715,-18.901795142555443,3,2026-06-23,2026-06-23,True,RECONSTRUCTED_NOT_PRODUCTION_EXACT,DISCOVERY,True,True,True,False,False,False,False,False,False,False,False,REJECT_CONFIRMATION_SHADOW,"{""d0_fresh_rs_p40"": 1.0, ""d0_fresh_volume_p40"": 3.0, ""d0_rs_slope5_p70"": 6.708057106025629, ""d0_rank_change3_p50"": 114.0, ""d0_flow_buy_days5_p70"": 4.0, ""d0_trend_eff5_p50"": 0.5314861460957175, ""d0_close_progress3_p50"": 5.966850828729298, ""d1_market_excess_p70"": 0.033209940654632675, ""d1_rs_change_p40"": 0.04062997403032401, ""d1_rank_change_p40"": -22.4, ""d1_flow_p50"": 4943366.0, ""d1_close_location_p30"": 0.43671497584541175, ""d1_upper_shadow_p70"": 0.23815384615384746, ""d3_rs_change_p40"": -2.0465804520160695, ""d3_rank_change_p40"": -73.39999999999999, ""d3_flow_acceleration_p50"": -16293412.410000004, ""d3_trend_eff_p50"": 0.8554216867469907, ""d3_max_drawdown_p30"": -2.645937542246859}"
4722,國精化,2026-06-17,2026-06-23,DAY3,A,RANGE_NORMAL,3.7878787878787845,1.1215108885715086,4.218913270637392,2,1,,,-48.398811351054476,21.78932178932179,0,2,166000438.0,-46553923.0,2,0,0.3225806451612903,-3.690685413005268,False,0,,False,False,4.924242424242431,NEUTRAL,264.0,2026-07-02,274.0,-8.029197080291972,PROMOTION_LOSER,2026-07-07,3.7878787878787845,3.7878787878787845,1.0948905109489093,14.233576642335777,-9.124087591240881,3,2026-06-23,2026-06-23,True,RECONSTRUCTED_NOT_PRODUCTION_EXACT,DISCOVERY,True,True,True,True,False,False,False,True,False,False,False,REJECT_CONFIRMATION_SHADOW,"{""d0_fresh_rs_p40"": 1.0, ""d0_fresh_volume_p40"": 3.0, ""d0_rs_slope5_p70"": 6.708057106025629, ""d0_rank_change3_p50"": 114.0, ""d0_flow_buy_days5_p70"": 4.0, ""d0_trend_eff5_p50"": 0.5314861460957175, ""d0_close_progress3_p50"": 5.966850828729298, ""d1_market_excess_p70"": 0.033209940654632675, ""d1_rs_change_p40"": 0.04062997403032401, ""d1_rank_change_p40"": -22.4, ""d1_flow_p50"": 4943366.0, ""d1_close_location_p30"": 0.43671497584541175, ""d1_upper_shadow_p70"": 0.23815384615384746, ""d3_rs_change_p40"": -2.0465804520160695, ""d3_rank_change_p40"": -73.39999999999999, ""d3_flow_acceleration_p50"": -16293412.410000004, ""d3_trend_eff_p50"": 0.8554216867469907, ""d3_max_drawdown_p30"": -2.645937542246859}"
6213,聯茂,2026-06-17,2026-06-23,DAY3,A,RANGE_NORMAL,5.046728971962611,2.380361072655335,4.334478259711894,2,2,32.0,66.0,-7.935985866521321,66.88311688311688,2,2,5526841291.0,4166726242.0,2,1,0.2,-8.766233766233766,True,1,A,False,False,34.01869158878505,WINNER,267.5,2026-07-02,281.0,34.87544483985765,PROMOTION_WINNER,2026-07-07,5.046728971962611,5.046728971962611,27.580071174377217,51.067615658362996,7.829181494661919,3,2026-06-23,2026-06-23,True,RECONSTRUCTED_NOT_PRODUCTION_EXACT,DISCOVERY,False,False,False,True,False,True,False,True,False,False,False,REJECT_CONFIRMATION_SHADOW,"{""d0_fresh_rs_p40"": 1.0, ""d0_fresh_volume_p40"": 3.0, ""d0_rs_slope5_p70"": 6.708057106025629, ""d0_rank_change3_p50"": 114.0, ""d0_flow_buy_days5_p70"": 4.0, ""d0_trend_eff5_p50"": 0.5314861460957175, ""d0_close_progress3_p50"": 5.966850828729298, ""d1_market_excess_p70"": 0.033209940654632675, ""d1_rs_change_p40"": 0.04062997403032401, ""d1_rank_change_p40"": -22.4, ""d1_flow_p50"": 4943366.0, ""d1_close_location_p30"": 0.43671497584541175, ""d1_upper_shadow_p70"": 0.23815384615384746, ""d3_rs_change_p40"": -2.0465804520160695, ""d3_rank_change_p40"": -73.39999999999999, ""d3_flow_acceleration_p50"": -16293412.410000004, ""d3_trend_eff_p50"": 0.8554216867469907, ""d3_max_drawdown_p30"": -2.645937542246859}"
2611,志信,2026-06-17,2026-06-23,DAY3,A,RANGE_NORMAL,-2.8469750889679735,-5.51334298827525,-2.0717812905183486,0,0,-56.0,156.0,5.371160436283446,69.26406926406926,2,1,-411796.0,-4081053.1500000004,0,0,1.0,-2.8469750889679735,False,1,A,False,False,-2.135231316725983,NEUTRAL,14.05,2026-07-02,13.65,4.029304029304015,PROMOTION_NEUTRAL,2026-07-07,-2.8469750889679735,-2.8469750889679735,0.73260073260073,8.791208791208781,-1.831501831501836,3,2026-06-23,2026-06-23,True,RECONSTRUCTED_NOT_PRODUCTION_EXACT,DISCOVERY,False,False,False,False,True,True,False,True,False,False,False,REJECT_CONFIRMATION_SHADOW,"{""d0_fresh_rs_p40"": 1.0, ""d0_fresh_volume_p40"": 3.0, ""d0_rs_slope5_p70"": 6.708057106025629, ""d0_rank_change3_p50"": 114.0, ""d0_flow_buy_days5_p70"": 4.0, ""d0_trend_eff5_p50"": 0.5314861460957175, ""d0_close_progress3_p50"": 5.966850828729298, ""d1_market_excess_p70"": 0.033209940654632675, ""d1_rs_change_p40"": 0.04062997403032401, ""d1_rank_change_p40"": -22.4, ""d1_flow_p50"": 4943366.0, ""d1_close_location_p30"": 0.43671497584541175, ""d1_upper_shadow_p70"": 0.23815384615384746, ""d3_rs_change_p40"": -2.0465804520160695, ""d3_rank_change_p40"": -73.39999999999999, ""d3_flow_acceleration_p50"": -16293412.410000004, ""d3_trend_eff_p50"": 0.8554216867469907, ""d3_max_drawdown_p30"": -2.645937542246859}"
7795,長廣,2026-06-17,2026-06-23,DAY3,A,RANGE_NORMAL,7.87500000000001,5.208632100692734,7.162749287749293,2,2,,,-39.551291287904895,39.97113997113997,1,2,143386879.5,56016790.5,1,1,0.44680851063829785,-4.32372505543237,False,0,,True,False,52.75000000000001,WINNER,400.0,2026-07-02,431.5,39.049826187717265,PROMOTION_WINNER,2026-07-07,7.87500000000001,7.87500000000001,41.59907300115875,54.345307068366154,-7.300115874855151,3,2026-06-23,2026-06-23,True,RECONSTRUCTED_NOT_PRODUCTION_EXACT,DISCOVERY,False,False,False,True,False,False,False,True,False,False,False,REJECT_CONFIRMATION_SHADOW,"{""d0_fresh_rs_p40"": 1.0, ""d0_fresh_volume_p40"": 3.0, ""d0_rs_slope5_p70"": 6.708057106025629, ""d0_rank_change3_p50"": 114.0, ""d0_flow_buy_days5_p70"": 4.0, ""d0_trend_eff5_p50"": 0.5314861460957175, ""d0_close_progress3_p50"": 5.966850828729298, ""d1_market_excess_p70"": 0.033209940654632675, ""d1_rs_change_p40"": 0.04062997403032401, ""d1_rank_change_p40"": -22.4, ""d1_flow_p50"": 4943366.0, ""d1_close_location_p30"": 0.43671497584541175, ""d1_upper_shadow_p70"": 0.23815384615384746, ""d3_rs_change_p40"": -2.0465804520160695, ""d3_rank_change_p40"": -73.39999999999999, ""d3_flow_acceleration_p50"": -16293412.410000004, ""d3_trend_eff_p50"": 0.8554216867469907, ""d3_max_drawdown_p30"": -2.645937542246859}"
1301,台塑,2026-06-17,2026-06-23,DAY3,A,RANGE_NORMAL,3.3368091762252305,0.6704412769179546,4.144816308083571,2,1,,,29.068752440677187,81.74603174603175,2,2,2417388419.0000005,1340148431.0000005,2,0,0.21917808219178012,-5.438931297709926,False,0,,False,False,24.504692387904072,WINNER,47.95,2026-07-02,49.55,15.640766902119063,PROMOTION_WINNER,2026-07-07,3.3368091762252305,3.3368091762252305,20.484359233097905,29.16246215943492,-2.825428859737633,3,2026-06-23,2026-06-23,True,RECONSTRUCTED_NOT_PRODUCTION_EXACT,DISCOVERY,True,True,True,True,True,False,True,True,True,False,False,REJECT_CONFIRMATION_SHADOW,"{""d0_fresh_rs_p40"": 1.0, ""d0_fresh_volume_p40"": 3.0, ""d0_rs_slope5_p70"": 6.708057106025629, ""d0_rank_change3_p50"": 114.0, ""d0_flow_buy_days5_p70"": 4.0, ""d0_trend_eff5_p50"": 0.5314861460957175, ""d0_close_progress3_p50"": 5.966850828729298, ""d1_market_excess_p70"": 0.033209940654632675, ""d1_rs_change_p40"": 0.04062997403032401, ""d1_rank_change_p40"": -22.4, ""d1_flow_p50"": 4943366.0, ""d1_close_location_p30"": 0.43671497584541175, ""d1_upper_shadow_p70"": 0.23815384615384746, ""d3_rs_change_p40"": -2.0465804520160695, ""d3_rank_change_p40"": -73.39999999999999, ""d3_flow_acceleration_p50"": -16293412.410000004, ""d3_trend_eff_p50"": 0.8554216867469907, ""d3_max_drawdown_p30"": -2.645937542246859}"
1802,台玻,2026-06-17,2026-06-23,DAY3,A,RANGE_NORMAL,0.8658008658008809,-1.800567033506395,0.15355015355016377,2,2,-147.0,252.0,-46.36002363932899,17.38816738816739,1,2,3613888618.3999996,1316737896.9999995,1,1,0.04285714285714351,-8.746736292428182,False,1,A,False,False,1.587301587301604,NEUTRAL,69.3,2026-07-02,69.9,-7.5822603719599595,PROMOTION_LOSER,2026-07-07,0.8658008658008809,0.8658008658008809,0.7153075822603716,10.586552217453482,-8.29756795422033,3,2026-06-23,2026-06-23,True,RECONSTRUCTED_NOT_PRODUCTION_EXACT,DISCOVERY,False,False,False,False,False,False,False,True,False,False,False,REJECT_CONFIRMATION_SHADOW,"{""d0_fresh_rs_p40"": 1.0, ""d0_fresh_volume_p40"": 3.0, ""d0_rs_slope5_p70"": 6.708057106025629, ""d0_rank_change3_p50"": 114.0, ""d0_flow_buy_days5_p70"": 4.0, ""d0_trend_eff5_p50"": 0.5314861460957175, ""d0_close_progress3_p50"": 5.966850828729298, ""d1_market_excess_p70"": 0.033209940654632675, ""d1_rs_change_p40"": 0.04062997403032401, ""d1_rank_change_p40"": -22.4, ""d1_flow_p50"": 4943366.0, ""d1_close_location_p30"": 0.43671497584541175, ""d1_upper_shadow_p70"": 0.23815384615384746, ""d3_rs_change_p40"": -2.0465804520160695, ""d3_rank_change_p40"": -73.39999999999999, ""d3_flow_acceleration_p50"": -16293412.410000004, ""d3_trend_eff_p50"": 0.8554216867469907, ""d3_max_drawdown_p30"": -2.645937542246859}"
1541,錩泰,2026-06-17,2026-06-23,DAY3,A,RANGE_NORMAL,-2.8888888888888853,-5.555256788196161,-2.2539682539682526,1,1,-101.0,208.0,7.59590947724088,75.61327561327562,2,0,-308450.0,-967042.05,0,0,0.7647058823529382,-2.8888888888888853,False,1,A,False,False,-4.888888888888898,NEUTRAL,22.5,2026-07-02,21.85,-2.517162471395884,PROMOTION_NEUTRAL,2026-07-07,-2.8888888888888853,-2.8888888888888853,-2.0594965675057364,2.7459954233409523,-3.4324942791762014,3,2026-06-23,2026-06-23,True,RECONSTRUCTED_NOT_PRODUCTION_EXACT,DISCOVERY,True,True,True,False,True,False,False,True,False,False,False,REJECT_CONFIRMATION_SHADOW,"{""d0_fresh_rs_p40"": 1.0, ""d0_fresh_volume_p40"": 3.0, ""d0_rs_slope5_p70"": 6.708057106025629, ""d0_rank_change3_p50"": 114.0, ""d0_flow_buy_days5_p70"": 4.0, ""d0_trend_eff5_p50"": 0.5314861460957175, ""d0_close_progress3_p50"": 5.966850828729298, ""d1_market_excess_p70"": 0.033209940654632675, ""d1_rs_change_p40"": 0.04062997403032401, ""d1_rank_change_p40"": -22.4, ""d1_flow_p50"": 4943366.0, ""d1_close_location_p30"": 0.43671497584541175, ""d1_upper_shadow_p70"": 0.23815384615384746, ""d3_rs_change_p40"": -2.0465804520160695, ""d3_rank_change_p40"": -73.39999999999999, ""d3_flow_acceleration_p50"": -16293412.410000004, ""d3_trend_eff_p50"": 0.8554216867469907, ""d3_max_drawdown_p30"": -2.645937542246859}"
00403A,主動統一升級50,2026-06-17,2026-06-23,DAY3,A,RANGE_NORMAL,3.2558139534883734,0.5894460541810975,,2,2,,,-4.675241144126815,65.2958152958153,2,1,4755722292.25,-8490375145.58,1,0,0.3846153846153834,-2.4604569420035194,False,0,,True,False,3.6279069767442,NEUTRAL,10.75,2026-07-02,11.1,-5.855855855855863,PROMOTION_NEUTRAL,2026-07-07,3.2558139534883734,3.2558139534883734,0.3603603603603789,1.7117117117117164,-6.216216216216209,3,2026-06-23,2026-06-23,True,RECONSTRUCTED_NOT_PRODUCTION_EXACT,DISCOVERY,True,True,False,True,False,False,False,False,False,False,False,REJECT_CONFIRMATION_SHADOW,"{""d0_fresh_rs_p40"": 1.0, ""d0_fresh_volume_p40"": 3.0, ""d0_rs_slope5_p70"": 6.708057106025629, ""d0_rank_change3_p50"": 114.0, ""d0_flow_buy_days5_p70"": 4.0, ""d0_trend_eff5_p50"": 0.5314861460957175, ""d0_close_progress3_p50"": 5.966850828729298, ""d1_market_excess_p70"": 0.033209940654632675, ""d1_rs_change_p40"": 0.04062997403032401, ""d1_rank_change_p40"": -22.4, ""d1_flow_p50"": 4943366.0, ""d1_close_location_p30"": 0.43671497584541175, ""d1_upper_shadow_p70"": 0.23815384615384746, ""d3_rs_change_p40"": -2.0465804520160695, ""d3_rank_change_p40"": -73.39999999999999, ""d3_flow_acceleration_p50"": -16293412.410000004, ""d3_trend_eff_p50"": 0.8554216867469907, ""d3_max_drawdown_p30"": -2.645937542246859}"
6472,保瑞,2026-06-17,2026-06-23,DAY3,A,RANGE_NORMAL,6.545454545454543,3.8790866461472673,6.7748123436196845,3,2,,,31.35583663803635,91.55844155844156,3,3,490362009.0,124254664.0,1,0,1.0,0.0,False,0,,True,False,4.7272727272727355,NEUTRAL,412.5,2026-07-02,439.5,-3.1854379977246827,PROMOTION_NEUTRAL,2026-07-07,6.545454545454543,6.545454545454543,-1.7064846416382284,5.119453924914685,-6.825938566552903,3,2026-06-23,2026-06-23,True,RECONSTRUCTED_NOT_PRODUCTION_EXACT,DISCOVERY,False,False,False,True,True,False,False,True,False,True,False,REJECT_CONFIRMATION_SHADOW,"{""d0_fresh_rs_p40"": 1.0, ""d0_fresh_volume_p40"": 3.0, ""d0_rs_slope5_p70"": 6.708057106025629, ""d0_rank_change3_p50"": 114.0, ""d0_flow_buy_days5_p70"": 4.0, ""d0_trend_eff5_p50"": 0.5314861460957175, ""d0_close_progress3_p50"": 5.966850828729298, ""d1_market_excess_p70"": 0.033209940654632675, ""d1_rs_change_p40"": 0.04062997403032401, ""d1_rank_change_p40"": -22.4, ""d1_flow_p50"": 4943366.0, ""d1_close_location_p30"": 0.43671497584541175, ""d1_upper_shadow_p70"": 0.23815384615384746, ""d3_rs_change_p40"": -2.0465804520160695, ""d3_rank_change_p40"": -73.39999999999999, ""d3_flow_acceleration_p50"": -16293412.410000004, ""d3_trend_eff_p50"": 0.8554216867469907, ""d3_max_drawdown_p30"": -2.645937542246859}"
1531,高林股,2026-06-17,2026-06-23,DAY3,A,RANGE_NORMAL,-0.3861003861003742,-3.05246828540765,0.24882024882025844,0,1,18.0,94.0,18.179103417887788,69.11976911976912,2,3,2439390.0,1003235.0,0,0,1.0,-0.3861003861003742,True,1,A,False,False,-0.3861003861003742,NEUTRAL,12.95,2026-07-02,12.9,1.9379844961240345,PROMOTION_NEUTRAL,2026-07-07,-0.3861003861003742,-0.3861003861003742,0.0,3.48837209302324,-1.5503875968992276,3,2026-06-23,2026-06-23,True,RECONSTRUCTED_NOT_PRODUCTION_EXACT,DISCOVERY,False,False,False,False,True,True,False,True,False,True,False,REJECT_CONFIRMATION_SHADOW,"{""d0_fresh_rs_p40"": 1.0, ""d0_fresh_volume_p40"": 3.0, ""d0_rs_slope5_p70"": 6.708057106025629, ""d0_rank_change3_p50"": 114.0, ""d0_flow_buy_days5_p70"": 4.0, ""d0_trend_eff5_p50"": 0.5314861460957175, ""d0_close_progress3_p50"": 5.966850828729298, ""d1_market_excess_p70"": 0.033209940654632675, ""d1_rs_change_p40"": 0.04062997403032401, ""d1_rank_change_p40"": -22.4, ""d1_flow_p50"": 4943366.0, ""d1_close_location_p30"": 0.43671497584541175, ""d1_upper_shadow_p70"": 0.23815384615384746, ""d3_rs_change_p40"": -2.0465804520160695, ""d3_rank_change_p40"": -73.39999999999999, ""d3_flow_acceleration_p50"": -16293412.410000004, ""d3_trend_eff_p50"": 0.8554216867469907, ""d3_max_drawdown_p30"": -2.645937542246859}"
3535,晶彩科,2026-06-17,2026-06-23,DAY3,A,RANGE_NORMAL,-9.293680297397767,-11.960048196705042,-10.005931009648485,0,0,,,-51.99984129072407,15.945165945165945,0,1,-288420820.5,-351340645.5,0,0,1.0,-9.293680297397767,False,0,,False,False,-14.12639405204461,LOSER,134.5,2026-07-02,122.0,-13.934426229508201,PROMOTION_LOSER,2026-07-07,-9.293680297397767,-9.293680297397767,-5.327868852459017,2.868852459016402,-14.344262295081966,3,2026-06-23,2026-06-23,True,RECONSTRUCTED_NOT_PRODUCTION_EXACT,DISCOVERY,False,False,False,False,False,False,False,False,False,False,False,REJECT_CONFIRMATION_SHADOW,"{""d0_fresh_rs_p40"": 1.0, ""d0_fresh_volume_p40"": 3.0, ""d0_rs_slope5_p70"": 6.708057106025629, ""d0_rank_change3_p50"": 114.0, ""d0_flow_buy_days5_p70"": 4.0, ""d0_trend_eff5_p50"": 0.5314861460957175, ""d0_close_progress3_p50"": 5.966850828729298, ""d1_market_excess_p70"": 0.033209940654632675, ""d1_rs_change_p40"": 0.04062997403032401, ""d1_rank_change_p40"": -22.4, ""d1_flow_p50"": 4943366.0, ""d1_close_location_p30"": 0.43671497584541175, ""d1_upper_shadow_p70"": 0.23815384615384746, ""d3_rs_change_p40"": -2.0465804520160695, ""d3_rank_change_p40"": -73.39999999999999, ""d3_flow_acceleration_p50"": -16293412.410000004, ""d3_trend_eff_p50"": 0.8554216867469907, ""d3_max_drawdown_p30"": -2.645937542246859}"
2402,毅嘉,2026-06-17,2026-06-23,DAY3,A,RANGE_NORMAL,-3.667136812411864,-6.33350471171914,-4.379387524662581,1,0,,,-33.91711199236526,43.36219336219336,0,1,60821519.000000015,363231439.7,0,0,0.5000000000000013,-4.207573632538574,False,0,,False,False,-4.090267983074758,NEUTRAL,70.9,2026-07-02,68.3,-3.513909224011702,PROMOTION_NEUTRAL,2026-07-07,-3.667136812411864,-3.667136812411864,-0.43923865300146137,5.417276720351394,-7.17423133235725,3,2026-06-23,2026-06-23,True,RECONSTRUCTED_NOT_PRODUCTION_EXACT,DISCOVERY,True,False,False,False,False,False,False,True,False,False,False,REJECT_CONFIRMATION_SHADOW,"{""d0_fresh_rs_p40"": 1.0, ""d0_fresh_volume_p40"": 3.0, ""d0_rs_slope5_p70"": 6.708057106025629, ""d0_rank_change3_p50"": 114.0, ""d0_flow_buy_days5_p70"": 4.0, ""d0_trend_eff5_p50"": 0.5314861460957175, ""d0_close_progress3_p50"": 5.966850828729298, ""d1_market_excess_p70"": 0.033209940654632675, ""d1_rs_change_p40"": 0.04062997403032401, ""d1_rank_change_p40"": -22.4, ""d1_flow_p50"": 4943366.0, ""d1_close_location_p30"": 0.43671497584541175, ""d1_upper_shadow_p70"": 0.23815384615384746, ""d3_rs_change_p40"": -2.0465804520160695, ""d3_rank_change_p40"": -73.39999999999999, ""d3_flow_acceleration_p50"": -16293412.410000004, ""d3_trend_eff_p50"": 0.8554216867469907, ""d3_max_drawdown_p30"": -2.645937542246859}"
1465,偉全,2026-06-17,2026-06-23,DAY3,A,RANGE_NORMAL,0.0,-2.666367899307276,0.8080071318583404,2,1,,,16.756775946356264,60.533910533910536,2,2,-8276.350000000006,-815016.35,0,0,0.0,-0.8000000000000007,False,0,,False,False,1.2048192771084263,NEUTRAL,12.45,2026-07-02,12.45,8.835341365461868,PROMOTION_NEUTRAL,2026-07-07,0.0,0.0,1.2048192771084265,14.05622489959839,-0.40160642570280514,3,2026-06-23,2026-06-23,True,RECONSTRUCTED_NOT_PRODUCTION_EXACT,DISCOVERY,False,False,False,False,True,False,False,True,False,False,False,REJECT_CONFIRMATION_SHADOW,"{""d0_fresh_rs_p40"": 1.0, ""d0_fresh_volume_p40"": 3.0, ""d0_rs_slope5_p70"": 6.708057106025629, ""d0_rank_change3_p50"": 114.0, ""d0_flow_buy_days5_p70"": 4.0, ""d0_trend_eff5_p50"": 0.5314861460957175, ""d0_close_progress3_p50"": 5.966850828729298, ""d1_market_excess_p70"": 0.033209940654632675, ""d1_rs_change_p40"": 0.04062997403032401, ""d1_rank_change_p40"": -22.4, ""d1_flow_p50"": 4943366.0, ""d1_close_location_p30"": 0.43671497584541175, ""d1_upper_shadow_p70"": 0.23815384615384746, ""d3_rs_change_p40"": -2.0465804520160695, ""d3_rank_change_p40"": -73.39999999999999, ""d3_flow_acceleration_p50"": -16293412.410000004, ""d3_trend_eff_p50"": 0.8554216867469907, ""d3_max_drawdown_p30"": -2.645937542246859}"
8039,台虹,2026-06-17,2026-06-23,DAY3,A,RANGE_NORMAL,-0.3424657534246589,-3.008833652731935,-1.054716465675376,1,1,,,-53.690199493383275,24.963924963924963,0,1,34489614.0,243288248.0,0,0,0.03225806451612903,-4.90196078431373,False,0,,False,False,1.3698630136986356,NEUTRAL,146.0,2026-07-02,145.5,-3.0927835051546393,PROMOTION_NEUTRAL,2026-07-07,-0.3424657534246589,-0.3424657534246589,1.7182130584192379,9.965635738831624,-6.872852233676974,3,2026-06-23,2026-06-23,True,RECONSTRUCTED_NOT_PRODUCTION_EXACT,DISCOVERY,False,False,False,False,False,False,False,True,False,False,False,REJECT_CONFIRMATION_SHADOW,"{""d0_fresh_rs_p40"": 1.0, ""d0_fresh_volume_p40"": 3.0, ""d0_rs_slope5_p70"": 6.708057106025629, ""d0_rank_change3_p50"": 114.0, ""d0_flow_buy_days5_p70"": 4.0, ""d0_trend_eff5_p50"": 0.5314861460957175, ""d0_close_progress3_p50"": 5.966850828729298, ""d1_market_excess_p70"": 0.033209940654632675, ""d1_rs_change_p40"": 0.04062997403032401, ""d1_rank_change_p40"": -22.4, ""d1_flow_p50"": 4943366.0, ""d1_close_location_p30"": 0.43671497584541175, ""d1_upper_shadow_p70"": 0.23815384615384746, ""d3_rs_change_p40"": -2.0465804520160695, ""d3_rank_change_p40"": -73.39999999999999, ""d3_flow_acceleration_p50"": -16293412.410000004, ""d3_trend_eff_p50"": 0.8554216867469907, ""d3_max_drawdown_p30"": -2.645937542246859}"
0051,元大中型100,2026-06-18,2026-06-24,DAY3,A,BULL_NORMAL,0.5416384563304177,1.4489841688206218,,2,1,,,-7.000540864506121,68.68686868686869,1,2,1415170.799999998,-14532983.100000001,0,0,0.08695652173913178,-2.7722772277227636,False,0,,True,False,1.1171293161814422,NEUTRAL,147.7,2026-07-03,148.5,-3.1986531986532007,PROMOTION_NEUTRAL,2026-07-08,0.5416384563304177,0.5416384563304177,0.5723905723905576,2.0875420875420936,-4.343434343434338,3,2026-06-24,2026-06-24,True,RECONSTRUCTED_NOT_PRODUCTION_EXACT,DISCOVERY,False,False,False,True,False,False,False,True,False,False,False,REJECT_CONFIRMATION_SHADOW,"{""d0_fresh_rs_p40"": 1.0, ""d0_fresh_volume_p40"": 3.0, ""d0_rs_slope5_p70"": 6.708057106025629, ""d0_rank_change3_p50"": 114.0, ""d0_flow_buy_days5_p70"": 4.0, ""d0_trend_eff5_p50"": 0.5314861460957175, ""d0_close_progress3_p50"": 5.966850828729298, ""d1_market_excess_p70"": 0.033209940654632675, ""d1_rs_change_p40"": 0.04062997403032401, ""d1_rank_change_p40"": -22.4, ""d1_flow_p50"": 4943366.0, ""d1_close_location_p30"": 0.43671497584541175, ""d1_upper_shadow_p70"": 0.23815384615384746, ""d3_rs_change_p40"": -2.0465804520160695, ""d3_rank_change_p40"": -73.39999999999999, ""d3_flow_acceleration_p50"": -16293412.410000004, ""d3_trend_eff_p50"": 0.8554216867469907, ""d3_max_drawdown_p30"": -2.645937542246859}"
00946,群益科技高息成長,2026-06-18,2026-06-24,DAY3,A,BULL_NORMAL,-0.4545454545454519,0.4528002579447521,,1,2,,,-10.124085594418446,72.87157287157287,1,2,11690323.210000008,-65931237.03,1,1,0.07216494845360863,-3.2807570977917977,False,0,,False,False,1.9480519480519431,NEUTRAL,15.4,2026-07-03,15.33,0.5218525766470972,PROMOTION_NEUTRAL,2026-07-08,-0.4545454545454519,-0.4545454545454519,2.41356816699283,4.370515329419433,-3.3920417482061316,3,2026-06-24,2026-06-24,True,RECONSTRUCTED_NOT_PRODUCTION_EXACT,DISCOVERY,False,False,False,True,False,False,False,True,False,False,False,REJECT_CONFIRMATION_SHADOW,"{""d0_fresh_rs_p40"": 1.0, ""d0_fresh_volume_p40"": 3.0, ""d0_rs_slope5_p70"": 6.708057106025629, ""d0_rank_change3_p50"": 114.0, ""d0_flow_buy_days5_p70"": 4.0, ""d0_trend_eff5_p50"": 0.5314861460957175, ""d0_close_progress3_p50"": 5.966850828729298, ""d1_market_excess_p70"": 0.033209940654632675, ""d1_rs_change_p40"": 0.04062997403032401, ""d1_rank_change_p40"": -22.4, ""d1_flow_p50"": 4943366.0, ""d1_close_location_p30"": 0.43671497584541175, ""d1_upper_shadow_p70"": 0.23815384615384746, ""d3_rs_change_p40"": -2.0465804520160695, ""d3_rank_change_p40"": -73.39999999999999, ""d3_flow_acceleration_p50"": -16293412.410000004, ""d3_trend_eff_p50"": 0.8554216867469907, ""d3_max_drawdown_p30"": -2.645937542246859}"
00733,富邦臺灣中小,2026-06-18,2026-06-24,DAY3,A,BULL_NORMAL,-2.1086261980830745,-1.2012804855928705,,2,1,,,-36.00194627691009,38.67243867243867,1,3,47943753.449999996,-31755483.45000001,0,1,0.24444444444444632,-5.227131300560039,False,0,,False,False,0.575079872204487,NEUTRAL,78.25,2026-07-03,76.6,-5.22193211488251,PROMOTION_NEUTRAL,2026-07-08,-2.1086261980830745,-2.1086261980830745,2.741514360313335,4.046997389033957,-7.1148825065273975,3,2026-06-24,2026-06-24,True,RECONSTRUCTED_NOT_PRODUCTION_EXACT,DISCOVERY,False,False,False,False,False,False,False,True,False,False,False,REJECT_CONFIRMATION_SHADOW,"{""d0_fresh_rs_p40"": 1.0, ""d0_fresh_volume_p40"": 3.0, ""d0_rs_slope5_p70"": 6.708057106025629, ""d0_rank_change3_p50"": 114.0, ""d0_flow_buy_days5_p70"": 4.0, ""d0_trend_eff5_p50"": 0.5314861460957175, ""d0_close_progress3_p50"": 5.966850828729298, ""d1_market_excess_p70"": 0.033209940654632675, ""d1_rs_change_p40"": 0.04062997403032401, ""d1_rank_change_p40"": -22.4, ""d1_flow_p50"": 4943366.0, ""d1_close_location_p30"": 0.43671497584541175, ""d1_upper_shadow_p70"": 0.23815384615384746, ""d3_rs_change_p40"": -2.0465804520160695, ""d3_rank_change_p40"": -73.39999999999999, ""d3_flow_acceleration_p50"": -16293412.410000004, ""d3_trend_eff_p50"": 0.8554216867469907, ""d3_max_drawdown_p30"": -2.645937542246859}"
009803,玉山市值動能50,2026-06-18,2026-06-24,DAY3,A,BULL_NORMAL,-0.0910332271279013,0.8163124853623027,,1,3,,,-14.780010149040542,56.493506493506494,1,1,-39461044.72,-51745791.830000006,0,0,0.013157894736841829,-3.3890845070422504,False,0,,False,False,-0.0910332271279013,NEUTRAL,21.97,2026-07-03,21.95,-3.0068337129840583,PROMOTION_NEUTRAL,2026-07-08,-0.0910332271279013,-0.0910332271279013,0.0,1.3667425968109326,-4.692482915717533,3,2026-06-24,2026-06-24,True,RECONSTRUCTED_NOT_PRODUCTION_EXACT,DISCOVERY,False,False,False,True,False,False,False,False,False,False,False,REJECT_CONFIRMATION_SHADOW,"{""d0_fresh_rs_p40"": 1.0, ""d0_fresh_volume_p40"": 3.0, ""d0_rs_slope5_p70"": 6.708057106025629, ""d0_rank_change3_p50"": 114.0, ""d0_flow_buy_days5_p70"": 4.0, ""d0_trend_eff5_p50"": 0.5314861460957175, ""d0_close_progress3_p50"": 5.966850828729298, ""d1_market_excess_p70"": 0.033209940654632675, ""d1_rs_change_p40"": 0.04062997403032401, ""d1_rank_change_p40"": -22.4, ""d1_flow_p50"": 4943366.0, ""d1_close_location_p30"": 0.43671497584541175, ""d1_upper_shadow_p70"": 0.23815384615384746, ""d3_rs_change_p40"": -2.0465804520160695, ""d3_rank_change_p40"": -73.39999999999999, ""d3_flow_acceleration_p50"": -16293412.410000004, ""d3_trend_eff_p50"": 0.8554216867469907, ""d3_max_drawdown_p30"": -2.645937542246859}"
009808,華南永昌優選50,2026-06-18,2026-06-24,DAY3,A,BULL_NORMAL,-0.6874999999999964,0.21984571249020757,,1,2,,,-4.781430179404126,76.98412698412699,1,1,-2283425.16,-15049490.309999999,0,0,0.09734513274336211,-3.755299818291946,False,0,,True,False,0.0,NEUTRAL,32.0,2026-07-03,31.78,-1.4159848961611154,PROMOTION_NEUTRAL,2026-07-08,-0.6874999999999964,-0.6874999999999964,0.6922592825676421,2.265575833857758,-3.838892385147896,3,2026-06-24,2026-06-24,True,RECONSTRUCTED_NOT_PRODUCTION_EXACT,DISCOVERY,False,False,False,True,False,False,False,True,False,False,False,REJECT_CONFIRMATION_SHADOW,"{""d0_fresh_rs_p40"": 1.0, ""d0_fresh_volume_p40"": 3.0, ""d0_rs_slope5_p70"": 6.708057106025629, ""d0_rank_change3_p50"": 114.0, ""d0_flow_buy_days5_p70"": 4.0, ""d0_trend_eff5_p50"": 0.5314861460957175, ""d0_close_progress3_p50"": 5.966850828729298, ""d1_market_excess_p70"": 0.033209940654632675, ""d1_rs_change_p40"": 0.04062997403032401, ""d1_rank_change_p40"": -22.4, ""d1_flow_p50"": 4943366.0, ""d1_close_location_p30"": 0.43671497584541175, ""d1_upper_shadow_p70"": 0.23815384615384746, ""d3_rs_change_p40"": -2.0465804520160695, ""d3_rank_change_p40"": -73.39999999999999, ""d3_flow_acceleration_p50"": -16293412.410000004, ""d3_trend_eff_p50"": 0.8554216867469907, ""d3_max_drawdown_p30"": -2.645937542246859}"
00896,中信綠能及電動車,2026-06-18,2026-06-24,DAY3,A,BULL_NORMAL,0.3932785126921745,1.3006242251823785,,1,1,,,-21.754134272224,41.05339105339105,1,2,235251027.51,194958483.52999997,0,0,0.10476190476190379,-1.646234676007019,False,0,,False,False,1.2155881301394444,NEUTRAL,27.97,2026-07-03,28.08,-2.849002849002835,PROMOTION_NEUTRAL,2026-07-08,0.3932785126921745,0.3932785126921745,0.8190883190883236,2.564102564102577,-5.306267806267806,3,2026-06-24,2026-06-24,True,RECONSTRUCTED_NOT_PRODUCTION_EXACT,DISCOVERY,False,False,False,True,False,False,False,True,False,False,False,REJECT_CONFIRMATION_SHADOW,"{""d0_fresh_rs_p40"": 1.0, ""d0_fresh_volume_p40"": 3.0, ""d0_rs_slope5_p70"": 6.708057106025629, ""d0_rank_change3_p50"": 114.0, ""d0_flow_buy_days5_p70"": 4.0, ""d0_trend_eff5_p50"": 0.5314861460957175, ""d0_close_progress3_p50"": 5.966850828729298, ""d1_market_excess_p70"": 0.033209940654632675, ""d1_rs_change_p40"": 0.04062997403032401, ""d1_rank_change_p40"": -22.4, ""d1_flow_p50"": 4943366.0, ""d1_close_location_p30"": 0.43671497584541175, ""d1_upper_shadow_p70"": 0.23815384615384746, ""d3_rs_change_p40"": -2.0465804520160695, ""d3_rank_change_p40"": -73.39999999999999, ""d3_flow_acceleration_p50"": -16293412.410000004, ""d3_trend_eff_p50"": 0.8554216867469907, ""d3_max_drawdown_p30"": -2.645937542246859}"
00993A,主動安聯台灣,2026-06-18,2026-06-24,DAY3,A,BULL_NORMAL,-0.7697690692792136,0.1375766432109904,,1,1,,,-15.157675577357196,61.97691197691198,0,2,56684869.84,-185464240.74999997,0,0,0.13580246913580138,-3.1420765027322495,False,0,,True,False,0.7697690692792358,NEUTRAL,14.29,2026-07-03,14.18,-6.276445698166433,PROMOTION_LOSER,2026-07-08,-0.7697690692792136,-0.7697690692792136,1.5514809590973178,2.4682651622002894,-7.5458392101551475,3,2026-06-24,2026-06-24,True,RECONSTRUCTED_NOT_PRODUCTION_EXACT,DISCOVERY,True,True,False,True,False,False,False,True,False,False,False,REJECT_CONFIRMATION_SHADOW,"{""d0_fresh_rs_p40"": 1.0, ""d0_fresh_volume_p40"": 3.0, ""d0_rs_slope5_p70"": 6.708057106025629, ""d0_rank_change3_p50"": 114.0, ""d0_flow_buy_days5_p70"": 4.0, ""d0_trend_eff5_p50"": 0.5314861460957175, ""d0_close_progress3_p50"": 5.966850828729298, ""d1_market_excess_p70"": 0.033209940654632675, ""d1_rs_change_p40"": 0.04062997403032401, ""d1_rank_change_p40"": -22.4, ""d1_flow_p50"": 4943366.0, ""d1_close_location_p30"": 0.43671497584541175, ""d1_upper_shadow_p70"": 0.23815384615384746, ""d3_rs_change_p40"": -2.0465804520160695, ""d3_rank_change_p40"": -73.39999999999999, ""d3_flow_acceleration_p50"": -16293412.410000004, ""d3_trend_eff_p50"": 0.8554216867469907, ""d3_max_drawdown_p30"": -2.645937542246859}"
00762,元大全球AI,2026-06-18,2026-06-24,DAY3,A,BULL_NORMAL,-3.2456861133935977,-2.3383404009033937,,1,1,,,-12.047078183112923,62.265512265512264,0,1,-1876238.249999999,-19972210.2,0,1,0.5766423357664231,-4.3848964677222995,False,0,,False,False,-6.450287592440429,LOSER,121.7,2026-07-03,117.75,-5.095541401273884,PROMOTION_NEUTRAL,2026-07-08,-3.2456861133935977,-3.2456861133935977,-3.312101910828036,1.6135881104033967,-5.222929936305743,3,2026-06-24,2026-06-24,True,RECONSTRUCTED_NOT_PRODUCTION_EXACT,DISCOVERY,True,True,False,False,False,False,False,False,False,False,False,REJECT_CONFIRMATION_SHADOW,"{""d0_fresh_rs_p40"": 1.0, ""d0_fresh_volume_p40"": 3.0, ""d0_rs_slope5_p70"": 6.708057106025629, ""d0_rank_change3_p50"": 114.0, ""d0_flow_buy_days5_p70"": 4.0, ""d0_trend_eff5_p50"": 0.5314861460957175, ""d0_close_progress3_p50"": 5.966850828729298, ""d1_market_excess_p70"": 0.033209940654632675, ""d1_rs_change_p40"": 0.04062997403032401, ""d1_rank_change_p40"": -22.4, ""d1_flow_p50"": 4943366.0, ""d1_close_location_p30"": 0.43671497584541175, ""d1_upper_shadow_p70"": 0.23815384615384746, ""d3_rs_change_p40"": -2.0465804520160695, ""d3_rank_change_p40"": -73.39999999999999, ""d3_flow_acceleration_p50"": -16293412.410000004, ""d3_trend_eff_p50"": 0.8554216867469907, ""d3_max_drawdown_p30"": -2.645937542246859}"
00982A,主動群益台灣強棒,2026-06-18,2026-06-24,DAY3,A,BULL_NORMAL,-0.8457511075312008,0.06159460495900326,,1,1,,,-23.74436947519436,53.67965367965368,1,1,-504641780.58000004,-1108923066.88,0,0,0.14482758620689476,-3.261296660117874,False,0,,True,False,2.7386226339106035,NEUTRAL,24.83,2026-07-03,24.62,-3.208773354995953,PROMOTION_NEUTRAL,2026-07-08,-0.8457511075312008,-0.8457511075312008,3.6149471974004976,5.0365556458163985,-4.752233956133233,3,2026-06-24,2026-06-24,True,RECONSTRUCTED_NOT_PRODUCTION_EXACT,DISCOVERY,False,False,False,True,False,False,False,False,False,False,False,REJECT_CONFIRMATION_SHADOW,"{""d0_fresh_rs_p40"": 1.0, ""d0_fresh_volume_p40"": 3.0, ""d0_rs_slope5_p70"": 6.708057106025629, ""d0_rank_change3_p50"": 114.0, ""d0_flow_buy_days5_p70"": 4.0, ""d0_trend_eff5_p50"": 0.5314861460957175, ""d0_close_progress3_p50"": 5.966850828729298, ""d1_market_excess_p70"": 0.033209940654632675, ""d1_rs_change_p40"": 0.04062997403032401, ""d1_rank_change_p40"": -22.4, ""d1_flow_p50"": 4943366.0, ""d1_close_location_p30"": 0.43671497584541175, ""d1_upper_shadow_p70"": 0.23815384615384746, ""d3_rs_change_p40"": -2.0465804520160695, ""d3_rank_change_p40"": -73.39999999999999, ""d3_flow_acceleration_p50"": -16293412.410000004, ""d3_trend_eff_p50"": 0.8554216867469907, ""d3_max_drawdown_p30"": -2.645937542246859}"
1905,華紙,2026-06-22,2026-06-25,DAY3,A,BULL_NORMAL,-8.6720867208672,-5.558967760029976,-6.909972183422275,1,1,-19.0,63.0,-0.06887055926746655,97.69286229271809,2,0,-50076686.45000002,-111373264.25,1,1,0.5714285714285705,-9.214092140921403,True,1,B,False,False,-8.6720867208672,LOSER,18.45,2026-07-06,16.85,-6.528189910979232,PROMOTION_LOSER,2026-07-09,-8.6720867208672,-8.6720867208672,0.0,5.044510385756662,-8.3086053412463,3,2026-06-25,2026-06-25,True,RECONSTRUCTED_NOT_PRODUCTION_EXACT,DISCOVERY,False,False,False,False,True,True,False,False,False,False,False,REJECT_CONFIRMATION_SHADOW,"{""d0_fresh_rs_p40"": 1.0, ""d0_fresh_volume_p40"": 3.0, ""d0_rs_slope5_p70"": 6.708057106025629, ""d0_rank_change3_p50"": 114.0, ""d0_flow_buy_days5_p70"": 4.0, ""d0_trend_eff5_p50"": 0.5314861460957175, ""d0_close_progress3_p50"": 5.966850828729298, ""d1_market_excess_p70"": 0.033209940654632675, ""d1_rs_change_p40"": 0.04062997403032401, ""d1_rank_change_p40"": -22.4, ""d1_flow_p50"": 4943366.0, ""d1_close_location_p30"": 0.43671497584541175, ""d1_upper_shadow_p70"": 0.23815384615384746, ""d3_rs_change_p40"": -2.0465804520160695, ""d3_rank_change_p40"": -73.39999999999999, ""d3_flow_acceleration_p50"": -16293412.410000004, ""d3_trend_eff_p50"": 0.8554216867469907, ""d3_max_drawdown_p30"": -2.645937542246859}"
2415,錩新,2026-06-22,2026-06-25,DAY3,A,BULL_NORMAL,12.376237623762364,15.489356584599589,13.812161452892578,2,3,,,19.574074893479676,94.95313626532084,3,0,-18211731.299999997,-26835261.999999996,2,1,0.9493670886075942,-0.330033003300334,False,0,,True,False,37.45874587458744,WINNER,30.3,2026-07-06,34.05,12.481644640234958,PROMOTION_WINNER,2026-07-09,12.376237623762364,12.376237623762364,22.320117474302492,25.55066079295156,-2.2026431718061623,3,2026-06-25,2026-06-25,True,RECONSTRUCTED_NOT_PRODUCTION_EXACT,DISCOVERY,False,False,False,True,True,False,False,False,False,False,False,REJECT_CONFIRMATION_SHADOW,"{""d0_fresh_rs_p40"": 1.0, ""d0_fresh_volume_p40"": 3.0, ""d0_rs_slope5_p70"": 6.708057106025629, ""d0_rank_change3_p50"": 114.0, ""d0_flow_buy_days5_p70"": 4.0, ""d0_trend_eff5_p50"": 0.5314861460957175, ""d0_close_progress3_p50"": 5.966850828729298, ""d1_market_excess_p70"": 0.033209940654632675, ""d1_rs_change_p40"": 0.04062997403032401, ""d1_rank_change_p40"": -22.4, ""d1_flow_p50"": 4943366.0, ""d1_close_location_p30"": 0.43671497584541175, ""d1_upper_shadow_p70"": 0.23815384615384746, ""d3_rs_change_p40"": -2.0465804520160695, ""d3_rank_change_p40"": -73.39999999999999, ""d3_flow_acceleration_p50"": -16293412.410000004, ""d3_trend_eff_p50"": 0.8554216867469907, ""d3_max_drawdown_p30"": -2.645937542246859}"
8072,陞泰,2026-06-22,2026-06-25,DAY3,A,BULL_NORMAL,-3.839999999999999,-0.7268810391627745,-0.48179104477611423,1,1,-34.0,102.0,0.6817820972985373,77.86589762076424,2,1,-5123780.0,-12051729.25,1,1,0.7058823529411763,-3.839999999999999,True,1,A,False,False,-6.240000000000001,LOSER,31.25,2026-07-06,30.05,-3.161397670549082,PROMOTION_NEUTRAL,2026-07-09,-3.839999999999999,-3.839999999999999,-2.4958402662229595,2.828618968386021,-5.9900166389351135,3,2026-06-25,2026-06-25,True,RECONSTRUCTED_NOT_PRODUCTION_EXACT,DISCOVERY,False,False,False,False,True,True,False,True,False,False,False,REJECT_CONFIRMATION_SHADOW,"{""d0_fresh_rs_p40"": 1.0, ""d0_fresh_volume_p40"": 3.0, ""d0_rs_slope5_p70"": 6.708057106025629, ""d0_rank_change3_p50"": 114.0, ""d0_flow_buy_days5_p70"": 4.0, ""d0_trend_eff5_p50"": 0.5314861460957175, ""d0_close_progress3_p50"": 5.966850828729298, ""d1_market_excess_p70"": 0.033209940654632675, ""d1_rs_change_p40"": 0.04062997403032401, ""d1_rank_change_p40"": -22.4, ""d1_flow_p50"": 4943366.0, ""d1_close_location_p30"": 0.43671497584541175, ""d1_upper_shadow_p70"": 0.23815384615384746, ""d3_rs_change_p40"": -2.0465804520160695, ""d3_rank_change_p40"": -73.39999999999999, ""d3_flow_acceleration_p50"": -16293412.410000004, ""d3_trend_eff_p50"": 0.8554216867469907, ""d3_max_drawdown_p30"": -2.645937542246859}"
6919,康霈*,2026-06-22,2026-06-25,DAY3,A,BULL_NORMAL,-16.90376569037657,-13.790646729539345,-17.056670889153324,0,0,,,-39.12415180674598,43.47512617159337,1,0,-1009140413.5999999,-1485079859.1,0,1,1.0,-16.90376569037657,False,0,,False,False,-16.317991631799167,LOSER,119.5,2026-07-06,99.3,8.257804632427002,PROMOTION_NEUTRAL,2026-07-09,-16.90376569037657,-16.90376569037657,0.7049345417925457,11.782477341389729,-3.7260825780463303,3,2026-06-25,2026-06-25,True,RECONSTRUCTED_NOT_PRODUCTION_EXACT,DISCOVERY,True,True,True,False,False,False,False,False,False,False,False,REJECT_CONFIRMATION_SHADOW,"{""d0_fresh_rs_p40"": 1.0, ""d0_fresh_volume_p40"": 3.0, ""d0_rs_slope5_p70"": 6.708057106025629, ""d0_rank_change3_p50"": 114.0, ""d0_flow_buy_days5_p70"": 4.0, ""d0_trend_eff5_p50"": 0.5314861460957175, ""d0_close_progress3_p50"": 5.966850828729298, ""d1_market_excess_p70"": 0.033209940654632675, ""d1_rs_change_p40"": 0.04062997403032401, ""d1_rank_change_p40"": -22.4, ""d1_flow_p50"": 4943366.0, ""d1_close_location_p30"": 0.43671497584541175, ""d1_upper_shadow_p70"": 0.23815384615384746, ""d3_rs_change_p40"": -2.0465804520160695, ""d3_rank_change_p40"": -73.39999999999999, ""d3_flow_acceleration_p50"": -16293412.410000004, ""d3_trend_eff_p50"": 0.8554216867469907, ""d3_max_drawdown_p30"": -2.645937542246859}"
00639,富邦深100,2026-06-22,2026-06-25,DAY3,A,BULL_NORMAL,0.052882072977267214,3.1660010338144917,,1,2,,,-5.715892024705944,58.25522710886806,1,2,21226325.440000005,-43998673.64000001,1,0,0.013333333333335355,-1.9566367001586538,False,0,,True,False,-4.283447911158111,NEUTRAL,18.91,2026-07-06,18.92,-5.866807610993674,PROMOTION_NEUTRAL,2026-07-09,0.052882072977267214,0.052882072977267214,-4.334038054968293,0.42283298097249844,-7.241014799154344,3,2026-06-25,2026-06-25,True,RECONSTRUCTED_NOT_PRODUCTION_EXACT,DISCOVERY,True,True,False,True,False,False,False,True,False,False,False,REJECT_CONFIRMATION_SHADOW,"{""d0_fresh_rs_p40"": 1.0, ""d0_fresh_volume_p40"": 3.0, ""d0_rs_slope5_p70"": 6.708057106025629, ""d0_rank_change3_p50"": 114.0, ""d0_flow_buy_days5_p70"": 4.0, ""d0_trend_eff5_p50"": 0.5314861460957175, ""d0_close_progress3_p50"": 5.966850828729298, ""d1_market_excess_p70"": 0.033209940654632675, ""d1_rs_change_p40"": 0.04062997403032401, ""d1_rank_change_p40"": -22.4, ""d1_flow_p50"": 4943366.0, ""d1_close_location_p30"": 0.43671497584541175, ""d1_upper_shadow_p70"": 0.23815384615384746, ""d3_rs_change_p40"": -2.0465804520160695, ""d3_rank_change_p40"": -73.39999999999999, ""d3_flow_acceleration_p50"": -16293412.410000004, ""d3_trend_eff_p50"": 0.8554216867469907, ""d3_max_drawdown_p30"": -2.645937542246859}"
6573,虹揚-KY,2026-06-23,2026-06-26,DAY3,A,RANGE_NORMAL,1.534526854219953,6.90364596404115,4.1523279013403585,1,1,,,-0.863616076305334,96.9718817591925,2,1,-2952838.0,-10560640.0,1,1,0.08333333333333358,-7.674418604651157,False,0,,True,False,28.132992327365724,WINNER,19.55,2026-07-07,19.85,30.982367758186392,PROMOTION_WINNER,2026-07-13,1.534526854219953,1.534526854219953,26.19647355163728,50.125944584382864,-3.2745591939546737,3,2026-06-26,2026-06-26,True,RECONSTRUCTED_NOT_PRODUCTION_EXACT,VALIDATION,True,True,True,True,True,False,True,True,True,False,False,REJECT_CONFIRMATION_SHADOW,"{""d0_fresh_rs_p40"": 1.0, ""d0_fresh_volume_p40"": 3.0, ""d0_rs_slope5_p70"": 6.708057106025629, ""d0_rank_change3_p50"": 114.0, ""d0_flow_buy_days5_p70"": 4.0, ""d0_trend_eff5_p50"": 0.5314861460957175, ""d0_close_progress3_p50"": 5.966850828729298, ""d1_market_excess_p70"": 0.033209940654632675, ""d1_rs_change_p40"": 0.04062997403032401, ""d1_rank_change_p40"": -22.4, ""d1_flow_p50"": 4943366.0, ""d1_close_location_p30"": 0.43671497584541175, ""d1_upper_shadow_p70"": 0.23815384615384746, ""d3_rs_change_p40"": -2.0465804520160695, ""d3_rank_change_p40"": -73.39999999999999, ""d3_flow_acceleration_p50"": -16293412.410000004, ""d3_trend_eff_p50"": 0.8554216867469907, ""d3_max_drawdown_p30"": -2.645937542246859}"
5283,禾聯碩,2026-06-23,2026-06-26,DAY3,A,RANGE_NORMAL,-8.536585365853655,-3.1674662560324585,-7.095663175651923,1,1,-197.0,225.0,-28.9702046731607,52.70367700072098,0,0,-6493017.0,-16248912.0,1,1,0.9607843137254897,-8.695652173913048,False,1,A,False,False,-6.445993031358876,LOSER,57.4,2026-07-07,52.5,1.5238095238095273,PROMOTION_NEUTRAL,2026-07-13,-8.536585365853655,-8.536585365853655,2.285714285714291,5.714285714285716,-0.952380952380949,3,2026-06-26,2026-06-26,True,RECONSTRUCTED_NOT_PRODUCTION_EXACT,VALIDATION,True,True,True,False,False,False,False,True,False,False,False,REJECT_CONFIRMATION_SHADOW,"{""d0_fresh_rs_p40"": 1.0, ""d0_fresh_volume_p40"": 3.0, ""d0_rs_slope5_p70"": 6.708057106025629, ""d0_rank_change3_p50"": 114.0, ""d0_flow_buy_days5_p70"": 4.0, ""d0_trend_eff5_p50"": 0.5314861460957175, ""d0_close_progress3_p50"": 5.966850828729298, ""d1_market_excess_p70"": 0.033209940654632675, ""d1_rs_change_p40"": 0.04062997403032401, ""d1_rank_change_p40"": -22.4, ""d1_flow_p50"": 4943366.0, ""d1_close_location_p30"": 0.43671497584541175, ""d1_upper_shadow_p70"": 0.23815384615384746, ""d3_rs_change_p40"": -2.0465804520160695, ""d3_rank_change_p40"": -73.39999999999999, ""d3_flow_acceleration_p50"": -16293412.410000004, ""d3_trend_eff_p50"": 0.8554216867469907, ""d3_max_drawdown_p30"": -2.645937542246859}"
6715,嘉基,2026-06-23,2026-06-26,DAY3,A,RANGE_NORMAL,-20.035149384885763,-14.666030275064566,-13.601325855473998,0,0,-113.0,149.0,-16.217432331347254,77.36121124729632,1,0,-35495795.0,-466618858.5,0,1,1.0,-20.035149384885763,False,1,C,False,False,-20.562390158172228,LOSER,569.0,2026-07-07,455.0,-18.021978021978025,PROMOTION_LOSER,2026-07-13,-20.035149384885763,-20.035149384885763,-0.659340659340657,18.021978021978025,-19.12087912087912,3,2026-06-26,2026-06-26,True,RECONSTRUCTED_NOT_PRODUCTION_EXACT,VALIDATION,True,True,True,False,False,False,False,False,False,False,False,REJECT_CONFIRMATION_SHADOW,"{""d0_fresh_rs_p40"": 1.0, ""d0_fresh_volume_p40"": 3.0, ""d0_rs_slope5_p70"": 6.708057106025629, ""d0_rank_change3_p50"": 114.0, ""d0_flow_buy_days5_p70"": 4.0, ""d0_trend_eff5_p50"": 0.5314861460957175, ""d0_close_progress3_p50"": 5.966850828729298, ""d1_market_excess_p70"": 0.033209940654632675, ""d1_rs_change_p40"": 0.04062997403032401, ""d1_rank_change_p40"": -22.4, ""d1_flow_p50"": 4943366.0, ""d1_close_location_p30"": 0.43671497584541175, ""d1_upper_shadow_p70"": 0.23815384615384746, ""d3_rs_change_p40"": -2.0465804520160695, ""d3_rank_change_p40"": -73.39999999999999, ""d3_flow_acceleration_p50"": -16293412.410000004, ""d3_trend_eff_p50"": 0.8554216867469907, ""d3_max_drawdown_p30"": -2.645937542246859}"
2832,台產,2026-06-23,2026-06-26,DAY3,A,RANGE_NORMAL,-1.0638297872340496,4.305289322587147,-0.6178593081117789,1,3,,,3.6973920896055006,75.41456380677722,2,1,-3485443.8,-36965308.9,0,0,0.3333333333333333,-1.4134275618374659,False,0,,False,False,0.3546099290780091,NEUTRAL,56.4,2026-07-07,55.8,1.7921146953405076,PROMOTION_NEUTRAL,2026-07-13,-1.0638297872340496,-1.0638297872340496,1.433691756272415,3.046594982078865,-1.9713261648745428,3,2026-06-26,2026-06-26,True,RECONSTRUCTED_NOT_PRODUCTION_EXACT,VALIDATION,False,False,False,True,True,False,False,False,False,False,False,REJECT_CONFIRMATION_SHADOW,"{""d0_fresh_rs_p40"": 1.0, ""d0_fresh_volume_p40"": 3.0, ""d0_rs_slope5_p70"": 6.708057106025629, ""d0_rank_change3_p50"": 114.0, ""d0_flow_buy_days5_p70"": 4.0, ""d0_trend_eff5_p50"": 0.5314861460957175, ""d0_close_progress3_p50"": 5.966850828729298, ""d1_market_excess_p70"": 0.033209940654632675, ""d1_rs_change_p40"": 0.04062997403032401, ""d1_rank_change_p40"": -22.4, ""d1_flow_p50"": 4943366.0, ""d1_close_location_p30"": 0.43671497584541175, ""d1_upper_shadow_p70"": 0.23815384615384746, ""d3_rs_change_p40"": -2.0465804520160695, ""d3_rank_change_p40"": -73.39999999999999, ""d3_flow_acceleration_p50"": -16293412.410000004, ""d3_trend_eff_p50"": 0.8554216867469907, ""d3_max_drawdown_p30"": -2.645937542246859}"
6243,迅杰,2026-06-23,2026-06-26,DAY3,A,RANGE_NORMAL,3.6144578313253017,8.983576941146499,10.048281360737066,1,2,-10.0,69.0,7.3624284871581125,95.67411679884643,2,1,7878046.949999999,-165440.0,1,2,0.22058823529411775,-5.805038335158819,True,1,C,True,False,-5.421686746987953,NEUTRAL,41.5,2026-07-07,43.0,-16.162790697674424,PROMOTION_LOSER,2026-07-13,3.6144578313253017,3.6144578313253017,-8.720930232558144,-0.5813953488372103,-16.162790697674424,3,2026-06-26,2026-06-26,True,RECONSTRUCTED_NOT_PRODUCTION_EXACT,VALIDATION,True,False,False,True,True,True,True,True,True,False,False,REJECT_CONFIRMATION_SHADOW,"{""d0_fresh_rs_p40"": 1.0, ""d0_fresh_volume_p40"": 3.0, ""d0_rs_slope5_p70"": 6.708057106025629, ""d0_rank_change3_p50"": 114.0, ""d0_flow_buy_days5_p70"": 4.0, ""d0_trend_eff5_p50"": 0.5314861460957175, ""d0_close_progress3_p50"": 5.966850828729298, ""d1_market_excess_p70"": 0.033209940654632675, ""d1_rs_change_p40"": 0.04062997403032401, ""d1_rank_change_p40"": -22.4, ""d1_flow_p50"": 4943366.0, ""d1_close_location_p30"": 0.43671497584541175, ""d1_upper_shadow_p70"": 0.23815384615384746, ""d3_rs_change_p40"": -2.0465804520160695, ""d3_rank_change_p40"": -73.39999999999999, ""d3_flow_acceleration_p50"": -16293412.410000004, ""d3_trend_eff_p50"": 0.8554216867469907, ""d3_max_drawdown_p30"": -2.645937542246859}"
3530,晶相光,2026-06-23,2026-06-26,DAY3,A,RANGE_NORMAL,-8.15217391304348,-2.7830548032222833,-1.7183503836317158,0,1,,,-5.6676040453978445,55.29920692141312,1,2,2465738.3999999985,-29523633.100000005,0,1,1.0,-8.15217391304348,False,0,,False,False,-8.831521739130432,LOSER,73.6,2026-07-07,67.6,-7.840236686390534,PROMOTION_LOSER,2026-07-13,-8.15217391304348,-8.15217391304348,-0.7396449704141994,6.213017751479288,-8.727810650887557,3,2026-06-26,2026-06-26,True,RECONSTRUCTED_NOT_PRODUCTION_EXACT,VALIDATION,True,True,False,False,False,False,False,True,False,False,False,REJECT_CONFIRMATION_SHADOW,"{""d0_fresh_rs_p40"": 1.0, ""d0_fresh_volume_p40"": 3.0, ""d0_rs_slope5_p70"": 6.708057106025629, ""d0_rank_change3_p50"": 114.0, ""d0_flow_buy_days5_p70"": 4.0, ""d0_trend_eff5_p50"": 0.5314861460957175, ""d0_close_progress3_p50"": 5.966850828729298, ""d1_market_excess_p70"": 0.033209940654632675, ""d1_rs_change_p40"": 0.04062997403032401, ""d1_rank_change_p40"": -22.4, ""d1_flow_p50"": 4943366.0, ""d1_close_location_p30"": 0.43671497584541175, ""d1_upper_shadow_p70"": 0.23815384615384746, ""d3_rs_change_p40"": -2.0465804520160695, ""d3_rank_change_p40"": -73.39999999999999, ""d3_flow_acceleration_p50"": -16293412.410000004, ""d3_trend_eff_p50"": 0.8554216867469907, ""d3_max_drawdown_p30"": -2.645937542246859}"
2634,漢翔,2026-06-23,2026-06-26,DAY3,A,RANGE_NORMAL,-1.0060362173038184,4.363082892517379,0.0,1,2,-19.0,92.0,8.02223491480882,81.18240807498198,2,1,-39750545.19999999,-259344473.29999998,1,0,0.23809523809523714,-2.6156941649899457,True,1,A,False,False,17.50503018108651,WINNER,49.7,2026-07-07,49.2,29.67479674796747,PROMOTION_WINNER,2026-07-13,-1.0060362173038184,-1.0060362173038184,18.699186991869897,31.09756097560974,1.8292682926829285,3,2026-06-26,2026-06-26,True,RECONSTRUCTED_NOT_PRODUCTION_EXACT,VALIDATION,False,False,False,True,True,True,False,False,False,False,False,REJECT_CONFIRMATION_SHADOW,"{""d0_fresh_rs_p40"": 1.0, ""d0_fresh_volume_p40"": 3.0, ""d0_rs_slope5_p70"": 6.708057106025629, ""d0_rank_change3_p50"": 114.0, ""d0_flow_buy_days5_p70"": 4.0, ""d0_trend_eff5_p50"": 0.5314861460957175, ""d0_close_progress3_p50"": 5.966850828729298, ""d1_market_excess_p70"": 0.033209940654632675, ""d1_rs_change_p40"": 0.04062997403032401, ""d1_rank_change_p40"": -22.4, ""d1_flow_p50"": 4943366.0, ""d1_close_location_p30"": 0.43671497584541175, ""d1_upper_shadow_p70"": 0.23815384615384746, ""d3_rs_change_p40"": -2.0465804520160695, ""d3_rank_change_p40"": -73.39999999999999, ""d3_flow_acceleration_p50"": -16293412.410000004, ""d3_trend_eff_p50"": 0.8554216867469907, ""d3_max_drawdown_p30"": -2.645937542246859}"
2466,冠西電,2026-06-23,2026-06-26,DAY3,A,RANGE_NORMAL,3.0195381882770933,8.388657298098291,5.6161798115995145,1,2,52.0,25.0,9.4555088426754,94.6647440519106,2,2,8622820.0,-3283440.8000000007,1,2,0.4594594594594599,-1.6949152542372836,True,1,A,True,False,64.47602131438721,WINNER,56.3,2026-07-07,58.0,73.27586206896552,PROMOTION_WINNER,2026-07-13,3.0195381882770933,3.0195381882770933,59.6551724137931,79.3103448275862,0.0,3,2026-06-26,2026-06-26,True,RECONSTRUCTED_NOT_PRODUCTION_EXACT,VALIDATION,True,False,False,True,True,True,True,True,True,False,False,REJECT_CONFIRMATION_SHADOW,"{""d0_fresh_rs_p40"": 1.0, ""d0_fresh_volume_p40"": 3.0, ""d0_rs_slope5_p70"": 6.708057106025629, ""d0_rank_change3_p50"": 114.0, ""d0_flow_buy_days5_p70"": 4.0, ""d0_trend_eff5_p50"": 0.5314861460957175, ""d0_close_progress3_p50"": 5.966850828729298, ""d1_market_excess_p70"": 0.033209940654632675, ""d1_rs_change_p40"": 0.04062997403032401, ""d1_rank_change_p40"": -22.4, ""d1_flow_p50"": 4943366.0, ""d1_close_location_p30"": 0.43671497584541175, ""d1_upper_shadow_p70"": 0.23815384615384746, ""d3_rs_change_p40"": -2.0465804520160695, ""d3_rank_change_p40"": -73.39999999999999, ""d3_flow_acceleration_p50"": -16293412.410000004, ""d3_trend_eff_p50"": 0.8554216867469907, ""d3_max_drawdown_p30"": -2.645937542246859}"
2330,台積電,2026-06-23,2026-06-26,DAY3,A,RANGE_NORMAL,-6.024096385542165,-0.6549772757209684,0.4097271438695991,0,1,,,-13.752521611209431,60.99495313626532,1,0,-131987053380.0,-167679134160.0,0,1,1.0,-6.024096385542165,False,0,,False,False,-2.008032128514059,NEUTRAL,2490.0,2026-07-07,2340.0,4.2735042735042805,PROMOTION_NEUTRAL,2026-07-13,-6.024096385542165,-6.024096385542165,4.2735042735042805,7.051282051282048,-0.42735042735042583,3,2026-06-26,2026-06-26,True,RECONSTRUCTED_NOT_PRODUCTION_EXACT,VALIDATION,False,False,False,False,False,False,False,False,False,False,False,REJECT_CONFIRMATION_SHADOW,"{""d0_fresh_rs_p40"": 1.0, ""d0_fresh_volume_p40"": 3.0, ""d0_rs_slope5_p70"": 6.708057106025629, ""d0_rank_change3_p50"": 114.0, ""d0_flow_buy_days5_p70"": 4.0, ""d0_trend_eff5_p50"": 0.5314861460957175, ""d0_close_progress3_p50"": 5.966850828729298, ""d1_market_excess_p70"": 0.033209940654632675, ""d1_rs_change_p40"": 0.04062997403032401, ""d1_rank_change_p40"": -22.4, ""d1_flow_p50"": 4943366.0, ""d1_close_location_p30"": 0.43671497584541175, ""d1_upper_shadow_p70"": 0.23815384615384746, ""d3_rs_change_p40"": -2.0465804520160695, ""d3_rank_change_p40"": -73.39999999999999, ""d3_flow_acceleration_p50"": -16293412.410000004, ""d3_trend_eff_p50"": 0.8554216867469907, ""d3_max_drawdown_p30"": -2.645937542246859}"
2646,星宇航空,2026-06-23,2026-06-26,DAY3,A,RANGE_NORMAL,-0.9345794392523366,4.43453967056886,0.0,2,3,4.0,78.0,9.107607124910658,76.8565248738284,2,2,34569498.75,-36985306.39999999,2,0,0.15384615384615322,-3.4168564920273314,True,1,A,False,False,-0.4672897196261627,NEUTRAL,21.4,2026-07-07,21.2,0.0,PROMOTION_NEUTRAL,2026-07-13,-0.9345794392523366,-0.9345794392523366,0.4716981132075526,2.1226415094339535,-1.8867924528301772,3,2026-06-26,2026-06-26,True,RECONSTRUCTED_NOT_PRODUCTION_EXACT,VALIDATION,False,False,False,True,True,True,False,True,False,False,False,REJECT_CONFIRMATION_SHADOW,"{""d0_fresh_rs_p40"": 1.0, ""d0_fresh_volume_p40"": 3.0, ""d0_rs_slope5_p70"": 6.708057106025629, ""d0_rank_change3_p50"": 114.0, ""d0_flow_buy_days5_p70"": 4.0, ""d0_trend_eff5_p50"": 0.5314861460957175, ""d0_close_progress3_p50"": 5.966850828729298, ""d1_market_excess_p70"": 0.033209940654632675, ""d1_rs_change_p40"": 0.04062997403032401, ""d1_rank_change_p40"": -22.4, ""d1_flow_p50"": 4943366.0, ""d1_close_location_p30"": 0.43671497584541175, ""d1_upper_shadow_p70"": 0.23815384615384746, ""d3_rs_change_p40"": -2.0465804520160695, ""d3_rank_change_p40"": -73.39999999999999, ""d3_flow_acceleration_p50"": -16293412.410000004, ""d3_trend_eff_p50"": 0.8554216867469907, ""d3_max_drawdown_p30"": -2.645937542246859}"
6257,矽格,2026-06-23,2026-06-26,DAY3,A,RANGE_NORMAL,-5.485232067510548,-0.11611295768935115,0.9485914619012163,1,1,,,-17.99085717614917,35.32804614275415,1,1,-1052102922.5,-4980188009.5,0,0,0.5416666666666666,-7.628865979381438,False,0,,False,False,2.1097046413502074,NEUTRAL,237.0,2026-07-07,224.0,4.6875,PROMOTION_NEUTRAL,2026-07-13,-5.485232067510548,-5.485232067510548,8.03571428571428,24.776785714285722,-1.7857142857142905,3,2026-06-26,2026-06-26,True,RECONSTRUCTED_NOT_PRODUCTION_EXACT,VALIDATION,False,False,False,False,False,False,False,False,False,False,False,REJECT_CONFIRMATION_SHADOW,"{""d0_fresh_rs_p40"": 1.0, ""d0_fresh_volume_p40"": 3.0, ""d0_rs_slope5_p70"": 6.708057106025629, ""d0_rank_change3_p50"": 114.0, ""d0_flow_buy_days5_p70"": 4.0, ""d0_trend_eff5_p50"": 0.5314861460957175, ""d0_close_progress3_p50"": 5.966850828729298, ""d1_market_excess_p70"": 0.033209940654632675, ""d1_rs_change_p40"": 0.04062997403032401, ""d1_rank_change_p40"": -22.4, ""d1_flow_p50"": 4943366.0, ""d1_close_location_p30"": 0.43671497584541175, ""d1_upper_shadow_p70"": 0.23815384615384746, ""d3_rs_change_p40"": -2.0465804520160695, ""d3_rank_change_p40"": -73.39999999999999, ""d3_flow_acceleration_p50"": -16293412.410000004, ""d3_trend_eff_p50"": 0.8554216867469907, ""d3_max_drawdown_p30"": -2.645937542246859}"
2399,映泰,2026-06-23,2026-06-26,DAY3,A,RANGE_NORMAL,-4.715127701375243,0.6539914084459539,-1.8165769767375601,1,1,,,-14.47277388156985,59.264599855803894,2,1,-74448054.30000001,-81918226.75000006,1,0,0.2608695652173913,-10.68139963167587,False,0,,False,False,-2.7504911591355596,NEUTRAL,50.9,2026-07-07,48.5,-9.278350515463918,PROMOTION_LOSER,2026-07-13,-4.715127701375243,-4.715127701375243,2.0618556701030855,13.4020618556701,-9.278350515463918,3,2026-06-26,2026-06-26,True,RECONSTRUCTED_NOT_PRODUCTION_EXACT,VALIDATION,False,False,False,True,False,False,False,False,False,False,False,REJECT_CONFIRMATION_SHADOW,"{""d0_fresh_rs_p40"": 1.0, ""d0_fresh_volume_p40"": 3.0, ""d0_rs_slope5_p70"": 6.708057106025629, ""d0_rank_change3_p50"": 114.0, ""d0_flow_buy_days5_p70"": 4.0, ""d0_trend_eff5_p50"": 0.5314861460957175, ""d0_close_progress3_p50"": 5.966850828729298, ""d1_market_excess_p70"": 0.033209940654632675, ""d1_rs_change_p40"": 0.04062997403032401, ""d1_rank_change_p40"": -22.4, ""d1_flow_p50"": 4943366.0, ""d1_close_location_p30"": 0.43671497584541175, ""d1_upper_shadow_p70"": 0.23815384615384746, ""d3_rs_change_p40"": -2.0465804520160695, ""d3_rank_change_p40"": -73.39999999999999, ""d3_flow_acceleration_p50"": -16293412.410000004, ""d3_trend_eff_p50"": 0.8554216867469907, ""d3_max_drawdown_p30"": -2.645937542246859}"
8438,昶昕,2026-06-23,2026-06-26,DAY3,A,RANGE_NORMAL,-8.217821782178214,-2.8487026723570175,-2.7889401317981903,0,1,-26.0,125.0,1.0950997252367074,82.1917808219178,2,1,4348917.899999991,-21364534.700000007,0,2,1.0,-8.217821782178214,False,1,A,True,False,-3.861386138613865,NEUTRAL,101.0,2026-07-07,92.7,-0.9708737864077777,PROMOTION_NEUTRAL,2026-07-13,-8.217821782178214,-8.217821782178214,4.746494066882412,19.201725997842487,-1.8338727076591232,3,2026-06-26,2026-06-26,True,RECONSTRUCTED_NOT_PRODUCTION_EXACT,VALIDATION,True,True,True,False,True,True,True,False,False,False,False,REJECT_CONFIRMATION_SHADOW,"{""d0_fresh_rs_p40"": 1.0, ""d0_fresh_volume_p40"": 3.0, ""d0_rs_slope5_p70"": 6.708057106025629, ""d0_rank_change3_p50"": 114.0, ""d0_flow_buy_days5_p70"": 4.0, ""d0_trend_eff5_p50"": 0.5314861460957175, ""d0_close_progress3_p50"": 5.966850828729298, ""d1_market_excess_p70"": 0.033209940654632675, ""d1_rs_change_p40"": 0.04062997403032401, ""d1_rank_change_p40"": -22.4, ""d1_flow_p50"": 4943366.0, ""d1_close_location_p30"": 0.43671497584541175, ""d1_upper_shadow_p70"": 0.23815384615384746, ""d3_rs_change_p40"": -2.0465804520160695, ""d3_rank_change_p40"": -73.39999999999999, ""d3_flow_acceleration_p50"": -16293412.410000004, ""d3_trend_eff_p50"": 0.8554216867469907, ""d3_max_drawdown_p30"": -2.645937542246859}"
1529,樂事綠能,2026-06-23,2026-06-26,DAY3,A,RANGE_NORMAL,-5.228758169934633,0.1403609398865644,-2.423095701817157,0,2,,,-38.629835277275795,40.951694304253785,1,0,-7758099.0,-25875091.55,0,0,1.0,-5.228758169934633,False,0,,False,False,-1.7429193899782036,NEUTRAL,22.95,2026-07-07,21.75,-1.379310344827589,PROMOTION_NEUTRAL,2026-07-13,-5.228758169934633,-5.228758169934633,3.67816091954023,8.965517241379306,-2.0689655172413723,3,2026-06-26,2026-06-26,True,RECONSTRUCTED_NOT_PRODUCTION_EXACT,VALIDATION,False,False,False,True,False,False,False,False,False,False,False,REJECT_CONFIRMATION_SHADOW,"{""d0_fresh_rs_p40"": 1.0, ""d0_fresh_volume_p40"": 3.0, ""d0_rs_slope5_p70"": 6.708057106025629, ""d0_rank_change3_p50"": 114.0, ""d0_flow_buy_days5_p70"": 4.0, ""d0_trend_eff5_p50"": 0.5314861460957175, ""d0_close_progress3_p50"": 5.966850828729298, ""d1_market_excess_p70"": 0.033209940654632675, ""d1_rs_change_p40"": 0.04062997403032401, ""d1_rank_change_p40"": -22.4, ""d1_flow_p50"": 4943366.0, ""d1_close_location_p30"": 0.43671497584541175, ""d1_upper_shadow_p70"": 0.23815384615384746, ""d3_rs_change_p40"": -2.0465804520160695, ""d3_rank_change_p40"": -73.39999999999999, ""d3_flow_acceleration_p50"": -16293412.410000004, ""d3_trend_eff_p50"": 0.8554216867469907, ""d3_max_drawdown_p30"": -2.645937542246859}"
9940,信義,2026-06-23,2026-06-26,DAY3,A,RANGE_NORMAL,-1.558441558441559,3.810677551379638,-0.2070742272856141,1,2,-31.0,136.0,3.20149689291722,62.725306416726745,2,3,6079262.5,-1231049.249999999,0,0,0.7499999999999978,-1.558441558441559,False,1,A,False,False,2.0779220779220786,NEUTRAL,19.25,2026-07-07,18.95,4.221635883905006,PROMOTION_NEUTRAL,2026-07-13,-1.558441558441559,-1.558441558441559,3.693931398416872,4.74934036939314,0.0,3,2026-06-26,2026-06-26,True,RECONSTRUCTED_NOT_PRODUCTION_EXACT,VALIDATION,False,False,False,True,True,True,False,True,False,False,False,REJECT_CONFIRMATION_SHADOW,"{""d0_fresh_rs_p40"": 1.0, ""d0_fresh_volume_p40"": 3.0, ""d0_rs_slope5_p70"": 6.708057106025629, ""d0_rank_change3_p50"": 114.0, ""d0_flow_buy_days5_p70"": 4.0, ""d0_trend_eff5_p50"": 0.5314861460957175, ""d0_close_progress3_p50"": 5.966850828729298, ""d1_market_excess_p70"": 0.033209940654632675, ""d1_rs_change_p40"": 0.04062997403032401, ""d1_rank_change_p40"": -22.4, ""d1_flow_p50"": 4943366.0, ""d1_close_location_p30"": 0.43671497584541175, ""d1_upper_shadow_p70"": 0.23815384615384746, ""d3_rs_change_p40"": -2.0465804520160695, ""d3_rank_change_p40"": -73.39999999999999, ""d3_flow_acceleration_p50"": -16293412.410000004, ""d3_trend_eff_p50"": 0.8554216867469907, ""d3_max_drawdown_p30"": -2.645937542246859}"
8046,南電,2026-06-23,2026-06-26,DAY3,A,RANGE_NORMAL,23.762376237623762,29.13149534744496,29.191257888003786,3,3,93.0,15.0,40.91153579257401,96.6113914924297,3,3,14346532810.0,8334675316.0,3,0,1.0,0.0,True,2,AC,True,True,13.311331133113312,WINNER,909.0,2026-07-07,1125.0,12.888888888888882,PROMOTION_WINNER,2026-07-13,23.762376237623762,23.762376237623762,-8.444444444444443,18.666666666666675,-9.777777777777775,3,2026-06-26,2026-06-26,True,RECONSTRUCTED_NOT_PRODUCTION_EXACT,VALIDATION,False,False,False,True,True,True,False,True,False,True,False,REJECT_CONFIRMATION_SHADOW,"{""d0_fresh_rs_p40"": 1.0, ""d0_fresh_volume_p40"": 3.0, ""d0_rs_slope5_p70"": 6.708057106025629, ""d0_rank_change3_p50"": 114.0, ""d0_flow_buy_days5_p70"": 4.0, ""d0_trend_eff5_p50"": 0.5314861460957175, ""d0_close_progress3_p50"": 5.966850828729298, ""d1_market_excess_p70"": 0.033209940654632675, ""d1_rs_change_p40"": 0.04062997403032401, ""d1_rank_change_p40"": -22.4, ""d1_flow_p50"": 4943366.0, ""d1_close_location_p30"": 0.43671497584541175, ""d1_upper_shadow_p70"": 0.23815384615384746, ""d3_rs_change_p40"": -2.0465804520160695, ""d3_rank_change_p40"": -73.39999999999999, ""d3_flow_acceleration_p50"": -16293412.410000004, ""d3_trend_eff_p50"": 0.8554216867469907, ""d3_max_drawdown_p30"": -2.645937542246859}"
9930,中聯資源,2026-06-23,2026-06-26,DAY3,A,RANGE_NORMAL,-5.42082738944365,-0.051708279622452835,-2.8241857661212286,0,1,-160.0,271.0,-26.86365144908764,33.02090843547224,2,1,-4636839.1,-9126640.399999999,0,1,1.0,-5.42082738944365,False,1,A,False,False,-9.985734664764612,LOSER,70.1,2026-07-07,66.3,-4.826546003016585,PROMOTION_NEUTRAL,2026-07-13,-5.42082738944365,-5.42082738944365,-4.826546003016585,0.4524886877828038,-5.731523378582192,3,2026-06-26,2026-06-26,True,RECONSTRUCTED_NOT_PRODUCTION_EXACT,VALIDATION,False,False,False,False,False,False,False,True,False,False,False,REJECT_CONFIRMATION_SHADOW,"{""d0_fresh_rs_p40"": 1.0, ""d0_fresh_volume_p40"": 3.0, ""d0_rs_slope5_p70"": 6.708057106025629, ""d0_rank_change3_p50"": 114.0, ""d0_flow_buy_days5_p70"": 4.0, ""d0_trend_eff5_p50"": 0.5314861460957175, ""d0_close_progress3_p50"": 5.966850828729298, ""d1_market_excess_p70"": 0.033209940654632675, ""d1_rs_change_p40"": 0.04062997403032401, ""d1_rank_change_p40"": -22.4, ""d1_flow_p50"": 4943366.0, ""d1_close_location_p30"": 0.43671497584541175, ""d1_upper_shadow_p70"": 0.23815384615384746, ""d3_rs_change_p40"": -2.0465804520160695, ""d3_rank_change_p40"": -73.39999999999999, ""d3_flow_acceleration_p50"": -16293412.410000004, ""d3_trend_eff_p50"": 0.8554216867469907, ""d3_max_drawdown_p30"": -2.645937542246859}"
1437,勤益控,2026-06-23,2026-06-26,DAY3,A,RANGE_NORMAL,0.16638935108153063,5.535508460902728,0.0,1,3,36.0,77.0,8.384285745496996,79.37995674116799,2,2,1599400.0,815279.2999999999,1,0,0.20000000000000567,-0.3311258278145601,True,1,A,True,False,2.4958402662229595,NEUTRAL,30.05,2026-07-07,30.1,1.4950166112956742,PROMOTION_NEUTRAL,2026-07-13,0.16638935108153063,0.16638935108153063,2.3255813953488413,5.6478405315614655,-1.4950166112956853,3,2026-06-26,2026-06-26,True,RECONSTRUCTED_NOT_PRODUCTION_EXACT,VALIDATION,False,False,False,True,True,True,False,True,False,False,False,REJECT_CONFIRMATION_SHADOW,"{""d0_fresh_rs_p40"": 1.0, ""d0_fresh_volume_p40"": 3.0, ""d0_rs_slope5_p70"": 6.708057106025629, ""d0_rank_change3_p50"": 114.0, ""d0_flow_buy_days5_p70"": 4.0, ""d0_trend_eff5_p50"": 0.5314861460957175, ""d0_close_progress3_p50"": 5.966850828729298, ""d1_market_excess_p70"": 0.033209940654632675, ""d1_rs_change_p40"": 0.04062997403032401, ""d1_rank_change_p40"": -22.4, ""d1_flow_p50"": 4943366.0, ""d1_close_location_p30"": 0.43671497584541175, ""d1_upper_shadow_p70"": 0.23815384615384746, ""d3_rs_change_p40"": -2.0465804520160695, ""d3_rank_change_p40"": -73.39999999999999, ""d3_flow_acceleration_p50"": -16293412.410000004, ""d3_trend_eff_p50"": 0.8554216867469907, ""d3_max_drawdown_p30"": -2.645937542246859}"
3712,永崴投控,2026-06-23,2026-06-26,DAY3,A,RANGE_NORMAL,-3.342618384401097,2.0265007254201,0.05282873883393213,1,2,,,-11.091812137233902,73.25162220620044,1,2,-4764805.65,-10043440.15,0,0,0.33333333333333204,-6.46900269541778,False,0,,False,False,-2.228412256267398,NEUTRAL,17.95,2026-07-07,17.35,-2.8818443804034533,PROMOTION_NEUTRAL,2026-07-13,-3.342618384401097,-3.342618384401097,1.1527377521613813,14.69740634005763,-4.610951008645536,3,2026-06-26,2026-06-26,True,RECONSTRUCTED_NOT_PRODUCTION_EXACT,VALIDATION,False,False,False,True,False,False,False,True,False,False,False,REJECT_CONFIRMATION_SHADOW,"{""d0_fresh_rs_p40"": 1.0, ""d0_fresh_volume_p40"": 3.0, ""d0_rs_slope5_p70"": 6.708057106025629, ""d0_rank_change3_p50"": 114.0, ""d0_flow_buy_days5_p70"": 4.0, ""d0_trend_eff5_p50"": 0.5314861460957175, ""d0_close_progress3_p50"": 5.966850828729298, ""d1_market_excess_p70"": 0.033209940654632675, ""d1_rs_change_p40"": 0.04062997403032401, ""d1_rank_change_p40"": -22.4, ""d1_flow_p50"": 4943366.0, ""d1_close_location_p30"": 0.43671497584541175, ""d1_upper_shadow_p70"": 0.23815384615384746, ""d3_rs_change_p40"": -2.0465804520160695, ""d3_rank_change_p40"": -73.39999999999999, ""d3_flow_acceleration_p50"": -16293412.410000004, ""d3_trend_eff_p50"": 0.8554216867469907, ""d3_max_drawdown_p30"": -2.645937542246859}"
1535,中宇,2026-06-23,2026-06-26,DAY3,A,RANGE_NORMAL,-0.5000000000000004,4.869119109821197,2.3056624681174753,1,2,,,4.287181215804139,57.96683489545782,2,3,2997500.0,-3536664.0,0,0,0.555555555555552,-0.698602794411185,False,0,,False,False,0.2000000000000001,NEUTRAL,50.0,2026-07-07,49.75,1.1055276381909396,PROMOTION_NEUTRAL,2026-07-13,-0.5000000000000004,-0.5000000000000004,0.7035175879396949,1.9095477386934734,-0.3015075376884391,3,2026-06-26,2026-06-26,True,RECONSTRUCTED_NOT_PRODUCTION_EXACT,VALIDATION,False,False,False,True,True,False,False,True,False,False,False,REJECT_CONFIRMATION_SHADOW,"{""d0_fresh_rs_p40"": 1.0, ""d0_fresh_volume_p40"": 3.0, ""d0_rs_slope5_p70"": 6.708057106025629, ""d0_rank_change3_p50"": 114.0, ""d0_flow_buy_days5_p70"": 4.0, ""d0_trend_eff5_p50"": 0.5314861460957175, ""d0_close_progress3_p50"": 5.966850828729298, ""d1_market_excess_p70"": 0.033209940654632675, ""d1_rs_change_p40"": 0.04062997403032401, ""d1_rank_change_p40"": -22.4, ""d1_flow_p50"": 4943366.0, ""d1_close_location_p30"": 0.43671497584541175, ""d1_upper_shadow_p70"": 0.23815384615384746, ""d3_rs_change_p40"": -2.0465804520160695, ""d3_rank_change_p40"": -73.39999999999999, ""d3_flow_acceleration_p50"": -16293412.410000004, ""d3_trend_eff_p50"": 0.8554216867469907, ""d3_max_drawdown_p30"": -2.645937542246859}"
3588,通嘉,2026-06-24,2026-06-29,DAY3,A,RANGE_NORMAL,-10.408432147562586,-8.14166760265298,-2.9471918374850645,0,1,,,-2.2174191482548764,86.67146974063401,1,2,4272422.0,-62790021.39999999,0,3,1.0,-10.408432147562586,False,0,,False,False,-10.408432147562586,LOSER,75.9,2026-07-08,68.0,-9.558823529411764,PROMOTION_LOSER,2026-07-14,-10.408432147562586,-10.408432147562586,0.0,13.088235294117645,-13.235294117647056,3,2026-06-29,2026-06-29,True,RECONSTRUCTED_NOT_PRODUCTION_EXACT,VALIDATION,True,True,True,False,False,False,False,True,False,False,False,REJECT_CONFIRMATION_SHADOW,"{""d0_fresh_rs_p40"": 1.0, ""d0_fresh_volume_p40"": 3.0, ""d0_rs_slope5_p70"": 6.708057106025629, ""d0_rank_change3_p50"": 114.0, ""d0_flow_buy_days5_p70"": 4.0, ""d0_trend_eff5_p50"": 0.5314861460957175, ""d0_close_progress3_p50"": 5.966850828729298, ""d1_market_excess_p70"": 0.033209940654632675, ""d1_rs_change_p40"": 0.04062997403032401, ""d1_rank_change_p40"": -22.4, ""d1_flow_p50"": 4943366.0, ""d1_close_location_p30"": 0.43671497584541175, ""d1_upper_shadow_p70"": 0.23815384615384746, ""d3_rs_change_p40"": -2.0465804520160695, ""d3_rank_change_p40"": -73.39999999999999, ""d3_flow_acceleration_p50"": -16293412.410000004, ""d3_trend_eff_p50"": 0.8554216867469907, ""d3_max_drawdown_p30"": -2.645937542246859}"
1216,統一,2026-06-24,2026-06-29,DAY3,A,RANGE_NORMAL,0.7989347536617952,3.0656992985714004,1.0816328559490218,2,3,,,7.896586282753432,77.6657060518732,3,2,634672026.6000001,310080046.3000001,0,0,0.23076923076923328,-1.3227513227513255,False,0,,False,False,4.6604527296937315,NEUTRAL,75.1,2026-07-08,75.7,3.6988110964332854,PROMOTION_NEUTRAL,2026-07-14,0.7989347536617952,0.7989347536617952,3.830911492734468,4.887714663143994,-2.5099075297225992,3,2026-06-29,2026-06-29,True,RECONSTRUCTED_NOT_PRODUCTION_EXACT,VALIDATION,True,False,False,True,True,False,True,True,True,False,False,REJECT_CONFIRMATION_SHADOW,"{""d0_fresh_rs_p40"": 1.0, ""d0_fresh_volume_p40"": 3.0, ""d0_rs_slope5_p70"": 6.708057106025629, ""d0_rank_change3_p50"": 114.0, ""d0_flow_buy_days5_p70"": 4.0, ""d0_trend_eff5_p50"": 0.5314861460957175, ""d0_close_progress3_p50"": 5.966850828729298, ""d1_market_excess_p70"": 0.033209940654632675, ""d1_rs_change_p40"": 0.04062997403032401, ""d1_rank_change_p40"": -22.4, ""d1_flow_p50"": 4943366.0, ""d1_close_location_p30"": 0.43671497584541175, ""d1_upper_shadow_p70"": 0.23815384615384746, ""d3_rs_change_p40"": -2.0465804520160695, ""d3_rank_change_p40"": -73.39999999999999, ""d3_flow_acceleration_p50"": -16293412.410000004, ""d3_trend_eff_p50"": 0.8554216867469907, ""d3_max_drawdown_p30"": -2.645937542246859}"
1310,台苯,2026-06-24,2026-06-29,DAY3,A,RANGE_NORMAL,0.7049345417925457,2.971699086702151,2.338921469897126,2,2,-17.0,92.0,0.5121199645695356,95.10086455331412,2,1,-12572135.830000002,-48092756.900000006,1,0,0.15555555555555645,-1.8811881188118718,True,1,A,False,False,11.278952668680777,NEUTRAL,9.93,2026-07-08,10.0,3.0000000000000027,PROMOTION_NEUTRAL,2026-07-14,0.7049345417925457,0.7049345417925457,10.499999999999998,24.49999999999999,-0.39999999999998925,3,2026-06-29,2026-06-29,True,RECONSTRUCTED_NOT_PRODUCTION_EXACT,VALIDATION,False,False,False,True,True,True,False,False,False,False,False,REJECT_CONFIRMATION_SHADOW,"{""d0_fresh_rs_p40"": 1.0, ""d0_fresh_volume_p40"": 3.0, ""d0_rs_slope5_p70"": 6.708057106025629, ""d0_rank_change3_p50"": 114.0, ""d0_flow_buy_days5_p70"": 4.0, ""d0_trend_eff5_p50"": 0.5314861460957175, ""d0_close_progress3_p50"": 5.966850828729298, ""d1_market_excess_p70"": 0.033209940654632675, ""d1_rs_change_p40"": 0.04062997403032401, ""d1_rank_change_p40"": -22.4, ""d1_flow_p50"": 4943366.0, ""d1_close_location_p30"": 0.43671497584541175, ""d1_upper_shadow_p70"": 0.23815384615384746, ""d3_rs_change_p40"": -2.0465804520160695, ""d3_rank_change_p40"": -73.39999999999999, ""d3_flow_acceleration_p50"": -16293412.410000004, ""d3_trend_eff_p50"": 0.8554216867469907, ""d3_max_drawdown_p30"": -2.645937542246859}"
1236,宏亞,2026-06-24,2026-06-29,DAY3,A,RANGE_NORMAL,0.0,2.266764544909605,0.2826981022872266,1,1,,,6.741145501952417,78.38616714697406,2,1,-154750.0,-446655.0,0,0,0.0,-0.19342359767892114,False,0,,False,False,1.9379844961240345,NEUTRAL,25.8,2026-07-08,25.8,-11.046511627906986,PROMOTION_LOSER,2026-07-14,0.0,0.0,1.9379844961240345,6.007751937984507,-11.046511627906986,3,2026-06-29,2026-06-29,True,RECONSTRUCTED_NOT_PRODUCTION_EXACT,VALIDATION,False,False,False,True,True,False,False,True,False,False,False,REJECT_CONFIRMATION_SHADOW,"{""d0_fresh_rs_p40"": 1.0, ""d0_fresh_volume_p40"": 3.0, ""d0_rs_slope5_p70"": 6.708057106025629, ""d0_rank_change3_p50"": 114.0, ""d0_flow_buy_days5_p70"": 4.0, ""d0_trend_eff5_p50"": 0.5314861460957175, ""d0_close_progress3_p50"": 5.966850828729298, ""d1_market_excess_p70"": 0.033209940654632675, ""d1_rs_change_p40"": 0.04062997403032401, ""d1_rank_change_p40"": -22.4, ""d1_flow_p50"": 4943366.0, ""d1_close_location_p30"": 0.43671497584541175, ""d1_upper_shadow_p70"": 0.23815384615384746, ""d3_rs_change_p40"": -2.0465804520160695, ""d3_rank_change_p40"": -73.39999999999999, ""d3_flow_acceleration_p50"": -16293412.410000004, ""d3_trend_eff_p50"": 0.8554216867469907, ""d3_max_drawdown_p30"": -2.645937542246859}"
6909,創控,2026-06-24,2026-06-29,DAY3,A,RANGE_NORMAL,-8.112582781456956,-5.84581823654735,-0.6513424713794347,1,0,,,-6.959363083282383,72.83861671469741,2,1,-24545200.0,-76412846.0,0,2,0.8305084745762712,-8.94039735099338,False,0,,False,False,-12.74834437086092,LOSER,60.4,2026-07-08,55.5,-14.5945945945946,PROMOTION_LOSER,2026-07-14,-8.112582781456956,-8.112582781456956,-5.045045045045038,10.81081081081081,-18.37837837837838,3,2026-06-29,2026-06-29,True,RECONSTRUCTED_NOT_PRODUCTION_EXACT,VALIDATION,True,False,False,False,False,False,False,False,False,False,False,REJECT_CONFIRMATION_SHADOW,"{""d0_fresh_rs_p40"": 1.0, ""d0_fresh_volume_p40"": 3.0, ""d0_rs_slope5_p70"": 6.708057106025629, ""d0_rank_change3_p50"": 114.0, ""d0_flow_buy_days5_p70"": 4.0, ""d0_trend_eff5_p50"": 0.5314861460957175, ""d0_close_progress3_p50"": 5.966850828729298, ""d1_market_excess_p70"": 0.033209940654632675, ""d1_rs_change_p40"": 0.04062997403032401, ""d1_rank_change_p40"": -22.4, ""d1_flow_p50"": 4943366.0, ""d1_close_location_p30"": 0.43671497584541175, ""d1_upper_shadow_p70"": 0.23815384615384746, ""d3_rs_change_p40"": -2.0465804520160695, ""d3_rank_change_p40"": -73.39999999999999, ""d3_flow_acceleration_p50"": -16293412.410000004, ""d3_trend_eff_p50"": 0.8554216867469907, ""d3_max_drawdown_p30"": -2.645937542246859}"
4169,泰宗,2026-06-24,2026-06-29,DAY3,A,RANGE_NORMAL,8.290155440414516,10.556919985324122,8.422605771540344,2,2,43.0,42.0,3.611246262543091,97.40634005763688,3,2,-1264031.0,-10793471.0,1,1,0.8,-1.0362694300518172,True,2,AB,True,True,44.55958549222798,WINNER,193.0,2026-07-08,209.0,16.267942583732054,PROMOTION_WINNER,2026-07-14,8.290155440414516,8.290155440414516,33.49282296650718,37.799043062200965,-4.784688995215314,3,2026-06-29,2026-06-29,True,RECONSTRUCTED_NOT_PRODUCTION_EXACT,VALIDATION,True,True,True,True,True,True,True,True,True,False,False,REJECT_CONFIRMATION_SHADOW,"{""d0_fresh_rs_p40"": 1.0, ""d0_fresh_volume_p40"": 3.0, ""d0_rs_slope5_p70"": 6.708057106025629, ""d0_rank_change3_p50"": 114.0, ""d0_flow_buy_days5_p70"": 4.0, ""d0_trend_eff5_p50"": 0.5314861460957175, ""d0_close_progress3_p50"": 5.966850828729298, ""d1_market_excess_p70"": 0.033209940654632675, ""d1_rs_change_p40"": 0.04062997403032401, ""d1_rank_change_p40"": -22.4, ""d1_flow_p50"": 4943366.0, ""d1_close_location_p30"": 0.43671497584541175, ""d1_upper_shadow_p70"": 0.23815384615384746, ""d3_rs_change_p40"": -2.0465804520160695, ""d3_rank_change_p40"": -73.39999999999999, ""d3_flow_acceleration_p50"": -16293412.410000004, ""d3_trend_eff_p50"": 0.8554216867469907, ""d3_max_drawdown_p30"": -2.645937542246859}"
2539,櫻花建,2026-06-24,2026-06-29,DAY3,A,RANGE_NORMAL,0.5115089514066362,2.7782734963162414,1.327959978531823,1,2,,,-3.4373167658470294,82.06051873198847,1,3,16148113.999999998,26399126.049999997,0,0,0.09090909090908915,-2.5575447570332477,False,0,,False,False,0.127877237851659,NEUTRAL,39.1,2026-07-08,39.3,3.180661577608146,PROMOTION_NEUTRAL,2026-07-14,0.5115089514066362,0.5115089514066362,-0.3816793893129722,4.834605597964381,-2.035623409669207,3,2026-06-29,2026-06-29,True,RECONSTRUCTED_NOT_PRODUCTION_EXACT,VALIDATION,True,True,False,True,False,False,False,True,False,False,False,REJECT_CONFIRMATION_SHADOW,"{""d0_fresh_rs_p40"": 1.0, ""d0_fresh_volume_p40"": 3.0, ""d0_rs_slope5_p70"": 6.708057106025629, ""d0_rank_change3_p50"": 114.0, ""d0_flow_buy_days5_p70"": 4.0, ""d0_trend_eff5_p50"": 0.5314861460957175, ""d0_close_progress3_p50"": 5.966850828729298, ""d1_market_excess_p70"": 0.033209940654632675, ""d1_rs_change_p40"": 0.04062997403032401, ""d1_rank_change_p40"": -22.4, ""d1_flow_p50"": 4943366.0, ""d1_close_location_p30"": 0.43671497584541175, ""d1_upper_shadow_p70"": 0.23815384615384746, ""d3_rs_change_p40"": -2.0465804520160695, ""d3_rank_change_p40"": -73.39999999999999, ""d3_flow_acceleration_p50"": -16293412.410000004, ""d3_trend_eff_p50"": 0.8554216867469907, ""d3_max_drawdown_p30"": -2.645937542246859}"
1315,達新,2026-06-24,2026-06-29,DAY3,A,RANGE_NORMAL,-0.32102728731941976,1.9457372575901855,1.5941827348619597,1,1,-58.0,154.0,2.5135047469341387,58.14121037463977,2,2,-310200.0,-561200.0,1,0,0.4999999999999911,-0.48154093097912964,False,1,A,False,False,2.4077046548956593,NEUTRAL,62.3,2026-07-08,62.1,2.7375201288244666,PROMOTION_NEUTRAL,2026-07-14,-0.32102728731941976,-0.32102728731941976,2.7375201288244666,5.152979066022545,-0.48309178743961567,3,2026-06-29,2026-06-29,True,RECONSTRUCTED_NOT_PRODUCTION_EXACT,VALIDATION,True,False,False,True,True,True,True,True,True,False,False,REJECT_CONFIRMATION_SHADOW,"{""d0_fresh_rs_p40"": 1.0, ""d0_fresh_volume_p40"": 3.0, ""d0_rs_slope5_p70"": 6.708057106025629, ""d0_rank_change3_p50"": 114.0, ""d0_flow_buy_days5_p70"": 4.0, ""d0_trend_eff5_p50"": 0.5314861460957175, ""d0_close_progress3_p50"": 5.966850828729298, ""d1_market_excess_p70"": 0.033209940654632675, ""d1_rs_change_p40"": 0.04062997403032401, ""d1_rank_change_p40"": -22.4, ""d1_flow_p50"": 4943366.0, ""d1_close_location_p30"": 0.43671497584541175, ""d1_upper_shadow_p70"": 0.23815384615384746, ""d3_rs_change_p40"": -2.0465804520160695, ""d3_rank_change_p40"": -73.39999999999999, ""d3_flow_acceleration_p50"": -16293412.410000004, ""d3_trend_eff_p50"": 0.8554216867469907, ""d3_max_drawdown_p30"": -2.645937542246859}"
1475,業旺,2026-06-24,2026-06-29,DAY3,A,RANGE_NORMAL,0.7407407407407307,3.007505285650336,0.7407407407407307,1,2,,,9.472659904936563,85.44668587896254,2,2,-27600.0,-545300.0,0,0,0.49999999999999556,-0.3663003663003761,False,0,,False,False,0.7407407407407307,NEUTRAL,27.0,2026-07-08,27.2,-1.2867647058823484,PROMOTION_NEUTRAL,2026-07-14,0.7407407407407307,0.7407407407407307,0.0,3.308823529411775,-2.573529411764708,3,2026-06-29,2026-06-29,True,RECONSTRUCTED_NOT_PRODUCTION_EXACT,VALIDATION,False,False,False,True,True,False,False,True,False,False,False,REJECT_CONFIRMATION_SHADOW,"{""d0_fresh_rs_p40"": 1.0, ""d0_fresh_volume_p40"": 3.0, ""d0_rs_slope5_p70"": 6.708057106025629, ""d0_rank_change3_p50"": 114.0, ""d0_flow_buy_days5_p70"": 4.0, ""d0_trend_eff5_p50"": 0.5314861460957175, ""d0_close_progress3_p50"": 5.966850828729298, ""d1_market_excess_p70"": 0.033209940654632675, ""d1_rs_change_p40"": 0.04062997403032401, ""d1_rank_change_p40"": -22.4, ""d1_flow_p50"": 4943366.0, ""d1_close_location_p30"": 0.43671497584541175, ""d1_upper_shadow_p70"": 0.23815384615384746, ""d3_rs_change_p40"": -2.0465804520160695, ""d3_rank_change_p40"": -73.39999999999999, ""d3_flow_acceleration_p50"": -16293412.410000004, ""d3_trend_eff_p50"": 0.8554216867469907, ""d3_max_drawdown_p30"": -2.645937542246859}"
1449,佳和,2026-06-24,2026-06-29,DAY3,A,RANGE_NORMAL,-3.3444816053511683,-1.0777170604415631,-3.3444816053511683,1,1,,,-3.159632554445224,89.62536023054756,0,1,-2729057.5,12512192.15,0,0,0.3571428571428575,-6.35451505016722,False,0,,False,False,-6.688963210702337,LOSER,14.95,2026-07-08,14.45,-6.57439446366782,PROMOTION_LOSER,2026-07-14,-3.3444816053511683,-3.3444816053511683,-3.460207612456745,7.26643598615917,-9.688581314878885,3,2026-06-29,2026-06-29,True,RECONSTRUCTED_NOT_PRODUCTION_EXACT,VALIDATION,True,False,False,False,False,False,False,True,False,False,False,REJECT_CONFIRMATION_SHADOW,"{""d0_fresh_rs_p40"": 1.0, ""d0_fresh_volume_p40"": 3.0, ""d0_rs_slope5_p70"": 6.708057106025629, ""d0_rank_change3_p50"": 114.0, ""d0_flow_buy_days5_p70"": 4.0, ""d0_trend_eff5_p50"": 0.5314861460957175, ""d0_close_progress3_p50"": 5.966850828729298, ""d1_market_excess_p70"": 0.033209940654632675, ""d1_rs_change_p40"": 0.04062997403032401, ""d1_rank_change_p40"": -22.4, ""d1_flow_p50"": 4943366.0, ""d1_close_location_p30"": 0.43671497584541175, ""d1_upper_shadow_p70"": 0.23815384615384746, ""d3_rs_change_p40"": -2.0465804520160695, ""d3_rank_change_p40"": -73.39999999999999, ""d3_flow_acceleration_p50"": -16293412.410000004, ""d3_trend_eff_p50"": 0.8554216867469907, ""d3_max_drawdown_p30"": -2.645937542246859}"
7799,禾榮科,2026-06-24,2026-06-29,DAY3,A,RANGE_NORMAL,0.8474576271186418,3.114222172028247,0.9799079582444692,1,2,88.0,14.0,2.169388408581497,96.61383285302594,1,2,8422371.5,-5846459.5,0,0,0.04895104895104895,-8.232445520581111,True,1,A,False,True,7.021791767554486,NEUTRAL,413.0,2026-07-08,416.5,-4.9219687875150075,PROMOTION_NEUTRAL,2026-07-14,0.8474576271186418,0.8474576271186418,6.1224489795918435,13.565426170468186,-8.763505402160865,3,2026-06-29,2026-06-29,True,RECONSTRUCTED_NOT_PRODUCTION_EXACT,VALIDATION,False,False,False,True,True,True,False,True,False,False,False,REJECT_CONFIRMATION_SHADOW,"{""d0_fresh_rs_p40"": 1.0, ""d0_fresh_volume_p40"": 3.0, ""d0_rs_slope5_p70"": 6.708057106025629, ""d0_rank_change3_p50"": 114.0, ""d0_flow_buy_days5_p70"": 4.0, ""d0_trend_eff5_p50"": 0.5314861460957175, ""d0_close_progress3_p50"": 5.966850828729298, ""d1_market_excess_p70"": 0.033209940654632675, ""d1_rs_change_p40"": 0.04062997403032401, ""d1_rank_change_p40"": -22.4, ""d1_flow_p50"": 4943366.0, ""d1_close_location_p30"": 0.43671497584541175, ""d1_upper_shadow_p70"": 0.23815384615384746, ""d3_rs_change_p40"": -2.0465804520160695, ""d3_rank_change_p40"": -73.39999999999999, ""d3_flow_acceleration_p50"": -16293412.410000004, ""d3_trend_eff_p50"": 0.8554216867469907, ""d3_max_drawdown_p30"": -2.645937542246859}"
4119,旭富,2026-06-24,2026-06-29,DAY3,A,RANGE_NORMAL,0.0,2.266764544909605,-0.3053435114503955,1,2,,,11.421751479388362,84.72622478386167,2,1,-2579975.8,-3943685.9000000004,0,0,0.0,-0.8958566629339249,False,0,,True,False,1.1299435028248483,NEUTRAL,44.25,2026-07-08,44.25,0.7909604519773961,PROMOTION_NEUTRAL,2026-07-14,0.0,0.0,1.1299435028248483,5.084745762711873,-1.6949152542372836,3,2026-06-29,2026-06-29,True,RECONSTRUCTED_NOT_PRODUCTION_EXACT,VALIDATION,True,True,False,True,True,False,True,True,True,False,False,REJECT_CONFIRMATION_SHADOW,"{""d0_fresh_rs_p40"": 1.0, ""d0_fresh_volume_p40"": 3.0, ""d0_rs_slope5_p70"": 6.708057106025629, ""d0_rank_change3_p50"": 114.0, ""d0_flow_buy_days5_p70"": 4.0, ""d0_trend_eff5_p50"": 0.5314861460957175, ""d0_close_progress3_p50"": 5.966850828729298, ""d1_market_excess_p70"": 0.033209940654632675, ""d1_rs_change_p40"": 0.04062997403032401, ""d1_rank_change_p40"": -22.4, ""d1_flow_p50"": 4943366.0, ""d1_close_location_p30"": 0.43671497584541175, ""d1_upper_shadow_p70"": 0.23815384615384746, ""d3_rs_change_p40"": -2.0465804520160695, ""d3_rank_change_p40"": -73.39999999999999, ""d3_flow_acceleration_p50"": -16293412.410000004, ""d3_trend_eff_p50"": 0.8554216867469907, ""d3_max_drawdown_p30"": -2.645937542246859}"
4164,承業醫,2026-06-24,2026-06-29,DAY3,A,RANGE_NORMAL,-4.58265139116204,-2.3158868462524347,-4.450201060036212,0,1,-13.0,117.0,-5.7327078940911775,72.76657060518733,1,2,7577264.449999999,2170328.0999999978,0,1,1.0,-4.58265139116204,True,1,A,False,False,-5.237315875613757,NEUTRAL,30.55,2026-07-08,29.15,-6.17495711835333,PROMOTION_LOSER,2026-07-14,-4.58265139116204,-4.58265139116204,-0.6861063464837058,5.660377358490565,-7.032590051457966,3,2026-06-29,2026-06-29,True,RECONSTRUCTED_NOT_PRODUCTION_EXACT,VALIDATION,False,False,False,False,False,True,False,True,False,False,False,REJECT_CONFIRMATION_SHADOW,"{""d0_fresh_rs_p40"": 1.0, ""d0_fresh_volume_p40"": 3.0, ""d0_rs_slope5_p70"": 6.708057106025629, ""d0_rank_change3_p50"": 114.0, ""d0_flow_buy_days5_p70"": 4.0, ""d0_trend_eff5_p50"": 0.5314861460957175, ""d0_close_progress3_p50"": 5.966850828729298, ""d1_market_excess_p70"": 0.033209940654632675, ""d1_rs_change_p40"": 0.04062997403032401, ""d1_rank_change_p40"": -22.4, ""d1_flow_p50"": 4943366.0, ""d1_close_location_p30"": 0.43671497584541175, ""d1_upper_shadow_p70"": 0.23815384615384746, ""d3_rs_change_p40"": -2.0465804520160695, ""d3_rank_change_p40"": -73.39999999999999, ""d3_flow_acceleration_p50"": -16293412.410000004, ""d3_trend_eff_p50"": 0.8554216867469907, ""d3_max_drawdown_p30"": -2.645937542246859}"
2910,統領,2026-06-24,2026-06-29,DAY3,A,RANGE_NORMAL,1.3215859030837107,3.588350447993316,2.558594775073569,2,1,,,14.602800337670644,80.2593659942363,2,2,275800.0,83548.0,0,0,0.006564551422319491,-100.0,False,0,,False,False,-3.3039647577092546,NEUTRAL,22.7,2026-07-08,23.0,6.739130434782603,PROMOTION_NEUTRAL,2026-07-14,1.3215859030837107,1.3215859030837107,-4.565217391304355,6.739130434782603,-5.434782608695654,3,2026-06-29,2026-06-29,True,RECONSTRUCTED_NOT_PRODUCTION_EXACT,VALIDATION,False,False,False,True,True,False,False,True,False,False,False,REJECT_CONFIRMATION_SHADOW,"{""d0_fresh_rs_p40"": 1.0, ""d0_fresh_volume_p40"": 3.0, ""d0_rs_slope5_p70"": 6.708057106025629, ""d0_rank_change3_p50"": 114.0, ""d0_flow_buy_days5_p70"": 4.0, ""d0_trend_eff5_p50"": 0.5314861460957175, ""d0_close_progress3_p50"": 5.966850828729298, ""d1_market_excess_p70"": 0.033209940654632675, ""d1_rs_change_p40"": 0.04062997403032401, ""d1_rank_change_p40"": -22.4, ""d1_flow_p50"": 4943366.0, ""d1_close_location_p30"": 0.43671497584541175, ""d1_upper_shadow_p70"": 0.23815384615384746, ""d3_rs_change_p40"": -2.0465804520160695, ""d3_rank_change_p40"": -73.39999999999999, ""d3_flow_acceleration_p50"": -16293412.410000004, ""d3_trend_eff_p50"": 0.8554216867469907, ""d3_max_drawdown_p30"": -2.645937542246859}"
6505,台塑化,2026-06-24,2026-06-29,DAY3,A,RANGE_NORMAL,0.18115942028984477,2.44792396519945,1.8151463483944252,2,2,59.0,50.0,-1.2737502651047237,82.70893371757926,2,3,367759195.20000005,276271211.5,1,0,0.020408163265304997,-4.2933810375670785,True,1,A,False,False,7.608695652173902,NEUTRAL,55.2,2026-07-08,55.3,19.710669077757693,PROMOTION_WINNER,2026-07-14,0.18115942028984477,0.18115942028984477,7.414104882459305,21.518987341772156,-3.616636528028938,3,2026-06-29,2026-06-29,True,RECONSTRUCTED_NOT_PRODUCTION_EXACT,VALIDATION,True,True,False,True,True,True,True,True,True,False,False,REJECT_CONFIRMATION_SHADOW,"{""d0_fresh_rs_p40"": 1.0, ""d0_fresh_volume_p40"": 3.0, ""d0_rs_slope5_p70"": 6.708057106025629, ""d0_rank_change3_p50"": 114.0, ""d0_flow_buy_days5_p70"": 4.0, ""d0_trend_eff5_p50"": 0.5314861460957175, ""d0_close_progress3_p50"": 5.966850828729298, ""d1_market_excess_p70"": 0.033209940654632675, ""d1_rs_change_p40"": 0.04062997403032401, ""d1_rank_change_p40"": -22.4, ""d1_flow_p50"": 4943366.0, ""d1_close_location_p30"": 0.43671497584541175, ""d1_upper_shadow_p70"": 0.23815384615384746, ""d3_rs_change_p40"": -2.0465804520160695, ""d3_rank_change_p40"": -73.39999999999999, ""d3_flow_acceleration_p50"": -16293412.410000004, ""d3_trend_eff_p50"": 0.8554216867469907, ""d3_max_drawdown_p30"": -2.645937542246859}"
9944,新麗,2026-06-24,2026-06-29,DAY3,A,RANGE_NORMAL,-1.6806722689075682,0.5860922760020371,-1.6806722689075682,1,1,,,1.9215414748556015,68.37175792507205,2,2,109100.0,-336671.6,0,0,0.7499999999999978,-1.9607843137254943,False,0,,False,False,0.0,NEUTRAL,17.85,2026-07-08,17.55,1.4245014245014342,PROMOTION_NEUTRAL,2026-07-14,-1.6806722689075682,-1.6806722689075682,1.7094017094017033,3.1339031339031376,-0.8547008547008628,3,2026-06-29,2026-06-29,True,RECONSTRUCTED_NOT_PRODUCTION_EXACT,VALIDATION,False,False,False,True,True,False,False,True,False,False,False,REJECT_CONFIRMATION_SHADOW,"{""d0_fresh_rs_p40"": 1.0, ""d0_fresh_volume_p40"": 3.0, ""d0_rs_slope5_p70"": 6.708057106025629, ""d0_rank_change3_p50"": 114.0, ""d0_flow_buy_days5_p70"": 4.0, ""d0_trend_eff5_p50"": 0.5314861460957175, ""d0_close_progress3_p50"": 5.966850828729298, ""d1_market_excess_p70"": 0.033209940654632675, ""d1_rs_change_p40"": 0.04062997403032401, ""d1_rank_change_p40"": -22.4, ""d1_flow_p50"": 4943366.0, ""d1_close_location_p30"": 0.43671497584541175, ""d1_upper_shadow_p70"": 0.23815384615384746, ""d3_rs_change_p40"": -2.0465804520160695, ""d3_rank_change_p40"": -73.39999999999999, ""d3_flow_acceleration_p50"": -16293412.410000004, ""d3_trend_eff_p50"": 0.8554216867469907, ""d3_max_drawdown_p30"": -2.645937542246859}"
1234,黑松,2026-06-24,2026-06-29,DAY3,A,RANGE_NORMAL,-4.694167852062581,-2.4274033071529755,-4.411469749775354,0,1,,,-18.235670829330772,37.319884726224785,1,1,1083871.9500000007,-9093975.75,0,3,1.0,-4.694167852062581,False,0,,False,False,-5.832147937411092,NEUTRAL,35.15,2026-07-08,33.5,-0.14925373134327957,PROMOTION_NEUTRAL,2026-07-14,-4.694167852062581,-4.694167852062581,-1.1940298507462699,0.0,-1.4925373134328401,3,2026-06-29,2026-06-29,True,RECONSTRUCTED_NOT_PRODUCTION_EXACT,VALIDATION,False,False,False,False,False,False,False,True,False,False,False,REJECT_CONFIRMATION_SHADOW,"{""d0_fresh_rs_p40"": 1.0, ""d0_fresh_volume_p40"": 3.0, ""d0_rs_slope5_p70"": 6.708057106025629, ""d0_rank_change3_p50"": 114.0, ""d0_flow_buy_days5_p70"": 4.0, ""d0_trend_eff5_p50"": 0.5314861460957175, ""d0_close_progress3_p50"": 5.966850828729298, ""d1_market_excess_p70"": 0.033209940654632675, ""d1_rs_change_p40"": 0.04062997403032401, ""d1_rank_change_p40"": -22.4, ""d1_flow_p50"": 4943366.0, ""d1_close_location_p30"": 0.43671497584541175, ""d1_upper_shadow_p70"": 0.23815384615384746, ""d3_rs_change_p40"": -2.0465804520160695, ""d3_rank_change_p40"": -73.39999999999999, ""d3_flow_acceleration_p50"": -16293412.410000004, ""d3_trend_eff_p50"": 0.8554216867469907, ""d3_max_drawdown_p30"": -2.645937542246859}"
Plastics,塑膠類指數,2026-06-24,2026-06-29,DAY3,A,RANGE_NORMAL,-2.9370531333239858,-0.6702885884143805,,2,2,-12.0,127.0,-0.7178620291012123,97.47838616714698,1,0,0.0,0.0,1,0,0.3215656178050657,-5.962190984003868,False,1,B,False,False,13.321884200196266,WINNER,285.32,2026-07-08,276.94,29.789846176067016,PROMOTION_WINNER,2026-07-14,-2.9370531333239858,-2.9370531333239858,16.750920777063616,29.789846176067016,-0.15887917960568654,3,2026-06-29,2026-06-29,True,RECONSTRUCTED_NOT_PRODUCTION_EXACT,VALIDATION,False,False,False,False,True,True,False,True,False,False,False,REJECT_CONFIRMATION_SHADOW,"{""d0_fresh_rs_p40"": 1.0, ""d0_fresh_volume_p40"": 3.0, ""d0_rs_slope5_p70"": 6.708057106025629, ""d0_rank_change3_p50"": 114.0, ""d0_flow_buy_days5_p70"": 4.0, ""d0_trend_eff5_p50"": 0.5314861460957175, ""d0_close_progress3_p50"": 5.966850828729298, ""d1_market_excess_p70"": 0.033209940654632675, ""d1_rs_change_p40"": 0.04062997403032401, ""d1_rank_change_p40"": -22.4, ""d1_flow_p50"": 4943366.0, ""d1_close_location_p30"": 0.43671497584541175, ""d1_upper_shadow_p70"": 0.23815384615384746, ""d3_rs_change_p40"": -2.0465804520160695, ""d3_rank_change_p40"": -73.39999999999999, ""d3_flow_acceleration_p50"": -16293412.410000004, ""d3_trend_eff_p50"": 0.8554216867469907, ""d3_max_drawdown_p30"": -2.645937542246859}"
2352,佳世達,2026-06-24,2026-06-29,DAY3,A,RANGE_NORMAL,1.3071895424836555,3.5739540873932607,1.4396398736094829,1,1,88.0,29.0,3.34530982945968,81.70028818443804,2,2,259619545.2,262116737.54999998,1,0,0.13333333333333286,-4.2483660130719025,True,1,A,False,True,12.418300653594772,WINNER,30.6,2026-07-08,31.0,-1.2903225806451535,PROMOTION_NEUTRAL,2026-07-14,1.3071895424836555,1.3071895424836555,10.967741935483865,17.09677419354838,-4.8387096774193505,3,2026-06-29,2026-06-29,True,RECONSTRUCTED_NOT_PRODUCTION_EXACT,VALIDATION,False,False,False,True,True,True,False,True,False,False,False,REJECT_CONFIRMATION_SHADOW,"{""d0_fresh_rs_p40"": 1.0, ""d0_fresh_volume_p40"": 3.0, ""d0_rs_slope5_p70"": 6.708057106025629, ""d0_rank_change3_p50"": 114.0, ""d0_flow_buy_days5_p70"": 4.0, ""d0_trend_eff5_p50"": 0.5314861460957175, ""d0_close_progress3_p50"": 5.966850828729298, ""d1_market_excess_p70"": 0.033209940654632675, ""d1_rs_change_p40"": 0.04062997403032401, ""d1_rank_change_p40"": -22.4, ""d1_flow_p50"": 4943366.0, ""d1_close_location_p30"": 0.43671497584541175, ""d1_upper_shadow_p70"": 0.23815384615384746, ""d3_rs_change_p40"": -2.0465804520160695, ""d3_rank_change_p40"": -73.39999999999999, ""d3_flow_acceleration_p50"": -16293412.410000004, ""d3_trend_eff_p50"": 0.8554216867469907, ""d3_max_drawdown_p30"": -2.645937542246859}"
4306,炎洲,2026-06-25,2026-06-30,DAY3,A,RANGE_NORMAL,0.0,0.27964387185370754,0.4854368932038944,0,1,-142.0,181.0,0.22470906253830947,88.32853025936599,1,1,-2655077.3999999994,-19844726.349999998,0,0,0.0,0.0,False,1,A,False,False,-2.515723270440251,NEUTRAL,15.9,2026-07-09,15.9,-6.2893081761006275,PROMOTION_LOSER,2026-07-15,0.0,0.0,-2.515723270440251,5.974842767295607,-9.433962264150942,3,2026-06-30,2026-06-30,True,RECONSTRUCTED_NOT_PRODUCTION_EXACT,LOCKED_EVALUATION,False,False,False,True,True,False,False,False,False,False,False,REJECT_CONFIRMATION_SHADOW,"{""d0_fresh_rs_p40"": 1.0, ""d0_fresh_volume_p40"": 3.0, ""d0_rs_slope5_p70"": 6.708057106025629, ""d0_rank_change3_p50"": 114.0, ""d0_flow_buy_days5_p70"": 4.0, ""d0_trend_eff5_p50"": 0.5314861460957175, ""d0_close_progress3_p50"": 5.966850828729298, ""d1_market_excess_p70"": 0.033209940654632675, ""d1_rs_change_p40"": 0.04062997403032401, ""d1_rank_change_p40"": -22.4, ""d1_flow_p50"": 4943366.0, ""d1_close_location_p30"": 0.43671497584541175, ""d1_upper_shadow_p70"": 0.23815384615384746, ""d3_rs_change_p40"": -2.0465804520160695, ""d3_rank_change_p40"": -73.39999999999999, ""d3_flow_acceleration_p50"": -16293412.410000004, ""d3_trend_eff_p50"": 0.8554216867469907, ""d3_max_drawdown_p30"": -2.645937542246859}"
1709,和益,2026-06-25,2026-06-30,DAY3,A,RANGE_NORMAL,2.5700934579439227,2.8497373297976303,3.055530351147817,2,3,15.0,26.0,4.982661145382508,89.04899135446686,2,3,18113717.15,5534947.699999999,1,0,0.44000000000000183,-1.635514018691575,True,1,A,True,True,14.018691588785035,WINNER,21.4,2026-07-09,21.95,24.60136674259683,PROMOTION_WINNER,2026-07-15,2.5700934579439227,2.5700934579439227,11.161731207289293,28.92938496583144,0.6833712984054774,3,2026-06-30,2026-06-30,True,RECONSTRUCTED_NOT_PRODUCTION_EXACT,LOCKED_EVALUATION,False,False,False,True,True,True,False,True,False,False,False,REJECT_CONFIRMATION_SHADOW,"{""d0_fresh_rs_p40"": 1.0, ""d0_fresh_volume_p40"": 3.0, ""d0_rs_slope5_p70"": 6.708057106025629, ""d0_rank_change3_p50"": 114.0, ""d0_flow_buy_days5_p70"": 4.0, ""d0_trend_eff5_p50"": 0.5314861460957175, ""d0_close_progress3_p50"": 5.966850828729298, ""d1_market_excess_p70"": 0.033209940654632675, ""d1_rs_change_p40"": 0.04062997403032401, ""d1_rank_change_p40"": -22.4, ""d1_flow_p50"": 4943366.0, ""d1_close_location_p30"": 0.43671497584541175, ""d1_upper_shadow_p70"": 0.23815384615384746, ""d3_rs_change_p40"": -2.0465804520160695, ""d3_rank_change_p40"": -73.39999999999999, ""d3_flow_acceleration_p50"": -16293412.410000004, ""d3_trend_eff_p50"": 0.8554216867469907, ""d3_max_drawdown_p30"": -2.645937542246859}"
5880,合庫金,2026-06-25,2026-06-30,DAY3,A,RANGE_NORMAL,-0.9960159362549792,-0.7163720644012717,-0.5105790430510959,1,1,,,3.1832744982744288,84.79827089337176,2,3,156991180.75,-797377739.8999999,0,0,0.45454545454545103,-1.5936254980079778,False,0,,True,False,0.1992031872509736,NEUTRAL,25.1,2026-07-09,24.85,2.012072434607637,PROMOTION_NEUTRAL,2026-07-15,-0.9960159362549792,-0.9960159362549792,1.2072434607645732,3.420523138832987,-1.8108651911468931,3,2026-06-30,2026-06-30,True,RECONSTRUCTED_NOT_PRODUCTION_EXACT,LOCKED_EVALUATION,False,False,False,False,True,False,False,True,False,False,False,REJECT_CONFIRMATION_SHADOW,"{""d0_fresh_rs_p40"": 1.0, ""d0_fresh_volume_p40"": 3.0, ""d0_rs_slope5_p70"": 6.708057106025629, ""d0_rank_change3_p50"": 114.0, ""d0_flow_buy_days5_p70"": 4.0, ""d0_trend_eff5_p50"": 0.5314861460957175, ""d0_close_progress3_p50"": 5.966850828729298, ""d1_market_excess_p70"": 0.033209940654632675, ""d1_rs_change_p40"": 0.04062997403032401, ""d1_rank_change_p40"": -22.4, ""d1_flow_p50"": 4943366.0, ""d1_close_location_p30"": 0.43671497584541175, ""d1_upper_shadow_p70"": 0.23815384615384746, ""d3_rs_change_p40"": -2.0465804520160695, ""d3_rank_change_p40"": -73.39999999999999, ""d3_flow_acceleration_p50"": -16293412.410000004, ""d3_trend_eff_p50"": 0.8554216867469907, ""d3_max_drawdown_p30"": -2.645937542246859}"
8464,億豐,2026-06-25,2026-06-30,DAY3,A,RANGE_NORMAL,-2.672292545710264,-2.3926486738565567,-2.072052449671846,0,1,,,-8.061320744916259,81.05187319884726,0,0,-63559541.0,-191146451.0,0,1,1.0,-2.672292545710264,False,0,,False,False,1.265822784810133,NEUTRAL,355.5,2026-07-09,346.0,1.7341040462427681,PROMOTION_NEUTRAL,2026-07-15,-2.672292545710264,-2.672292545710264,4.046242774566466,9.97109826589595,-0.43352601156069204,3,2026-06-30,2026-06-30,True,RECONSTRUCTED_NOT_PRODUCTION_EXACT,LOCKED_EVALUATION,True,True,False,False,False,False,False,False,False,False,False,REJECT_CONFIRMATION_SHADOW,"{""d0_fresh_rs_p40"": 1.0, ""d0_fresh_volume_p40"": 3.0, ""d0_rs_slope5_p70"": 6.708057106025629, ""d0_rank_change3_p50"": 114.0, ""d0_flow_buy_days5_p70"": 4.0, ""d0_trend_eff5_p50"": 0.5314861460957175, ""d0_close_progress3_p50"": 5.966850828729298, ""d1_market_excess_p70"": 0.033209940654632675, ""d1_rs_change_p40"": 0.04062997403032401, ""d1_rank_change_p40"": -22.4, ""d1_flow_p50"": 4943366.0, ""d1_close_location_p30"": 0.43671497584541175, ""d1_upper_shadow_p70"": 0.23815384615384746, ""d3_rs_change_p40"": -2.0465804520160695, ""d3_rank_change_p40"": -73.39999999999999, ""d3_flow_acceleration_p50"": -16293412.410000004, ""d3_trend_eff_p50"": 0.8554216867469907, ""d3_max_drawdown_p30"": -2.645937542246859}"
1776,展宇,2026-06-25,2026-06-30,DAY3,A,RANGE_NORMAL,2.506265664160412,2.7859095360141195,2.9917025573643063,1,2,-54.0,107.0,8.011454656142163,88.11239193083574,2,0,-977685.1000000003,-1249561.6000000003,1,1,0.38461538461538547,-2.0050125313283096,True,1,A,True,False,-2.0050125313283096,NEUTRAL,19.95,2026-07-09,20.45,-8.312958435207818,PROMOTION_LOSER,2026-07-15,2.506265664160412,2.506265664160412,-4.400977995110022,3.4229828850855792,-11.24694376528118,3,2026-06-30,2026-06-30,True,RECONSTRUCTED_NOT_PRODUCTION_EXACT,LOCKED_EVALUATION,False,False,False,True,True,True,False,True,False,False,False,REJECT_CONFIRMATION_SHADOW,"{""d0_fresh_rs_p40"": 1.0, ""d0_fresh_volume_p40"": 3.0, ""d0_rs_slope5_p70"": 6.708057106025629, ""d0_rank_change3_p50"": 114.0, ""d0_flow_buy_days5_p70"": 4.0, ""d0_trend_eff5_p50"": 0.5314861460957175, ""d0_close_progress3_p50"": 5.966850828729298, ""d1_market_excess_p70"": 0.033209940654632675, ""d1_rs_change_p40"": 0.04062997403032401, ""d1_rank_change_p40"": -22.4, ""d1_flow_p50"": 4943366.0, ""d1_close_location_p30"": 0.43671497584541175, ""d1_upper_shadow_p70"": 0.23815384615384746, ""d3_rs_change_p40"": -2.0465804520160695, ""d3_rank_change_p40"": -73.39999999999999, ""d3_flow_acceleration_p50"": -16293412.410000004, ""d3_trend_eff_p50"": 0.8554216867469907, ""d3_max_drawdown_p30"": -2.645937542246859}"
1725,元禎,2026-06-25,2026-06-30,DAY3,A,RANGE_NORMAL,-0.8559201141226769,-0.5762762422689693,-0.3704832209187825,1,2,-153.0,210.0,-3.5924880892769124,82.78097982708934,1,1,-4107800.0,-4042414.1499999985,0,0,0.1999999999999981,-1.2838801711840153,False,1,A,False,False,-9.843081312410828,LOSER,35.05,2026-07-09,34.75,-13.093525179856114,PROMOTION_LOSER,2026-07-15,-0.8559201141226769,-0.8559201141226769,-9.064748201438844,5.323741007194238,-16.834532374100718,3,2026-06-30,2026-06-30,True,RECONSTRUCTED_NOT_PRODUCTION_EXACT,LOCKED_EVALUATION,False,False,False,False,False,False,False,True,False,False,False,REJECT_CONFIRMATION_SHADOW,"{""d0_fresh_rs_p40"": 1.0, ""d0_fresh_volume_p40"": 3.0, ""d0_rs_slope5_p70"": 6.708057106025629, ""d0_rank_change3_p50"": 114.0, ""d0_flow_buy_days5_p70"": 4.0, ""d0_trend_eff5_p50"": 0.5314861460957175, ""d0_close_progress3_p50"": 5.966850828729298, ""d1_market_excess_p70"": 0.033209940654632675, ""d1_rs_change_p40"": 0.04062997403032401, ""d1_rank_change_p40"": -22.4, ""d1_flow_p50"": 4943366.0, ""d1_close_location_p30"": 0.43671497584541175, ""d1_upper_shadow_p70"": 0.23815384615384746, ""d3_rs_change_p40"": -2.0465804520160695, ""d3_rank_change_p40"": -73.39999999999999, ""d3_flow_acceleration_p50"": -16293412.410000004, ""d3_trend_eff_p50"": 0.8554216867469907, ""d3_max_drawdown_p30"": -2.645937542246859}"
2458,義隆,2026-06-25,2026-06-30,DAY3,A,RANGE_NORMAL,5.000000000000004,5.279643871853712,7.8391167192429005,2,2,,,10.605634036929999,89.98559077809799,3,2,294108546.0,-55346020.0,2,1,0.36,-4.444444444444439,False,0,,True,False,1.9444444444444375,NEUTRAL,180.0,2026-07-09,189.0,-5.555555555555558,PROMOTION_NEUTRAL,2026-07-15,5.000000000000004,5.000000000000004,-2.910052910052907,3.9682539682539764,-8.201058201058197,3,2026-06-30,2026-06-30,True,RECONSTRUCTED_NOT_PRODUCTION_EXACT,LOCKED_EVALUATION,True,True,False,True,True,False,True,True,True,False,False,REJECT_CONFIRMATION_SHADOW,"{""d0_fresh_rs_p40"": 1.0, ""d0_fresh_volume_p40"": 3.0, ""d0_rs_slope5_p70"": 6.708057106025629, ""d0_rank_change3_p50"": 114.0, ""d0_flow_buy_days5_p70"": 4.0, ""d0_trend_eff5_p50"": 0.5314861460957175, ""d0_close_progress3_p50"": 5.966850828729298, ""d1_market_excess_p70"": 0.033209940654632675, ""d1_rs_change_p40"": 0.04062997403032401, ""d1_rank_change_p40"": -22.4, ""d1_flow_p50"": 4943366.0, ""d1_close_location_p30"": 0.43671497584541175, ""d1_upper_shadow_p70"": 0.23815384615384746, ""d3_rs_change_p40"": -2.0465804520160695, ""d3_rank_change_p40"": -73.39999999999999, ""d3_flow_acceleration_p50"": -16293412.410000004, ""d3_trend_eff_p50"": 0.8554216867469907, ""d3_max_drawdown_p30"": -2.645937542246859}"
2103,台橡,2026-06-25,2026-06-30,DAY3,A,RANGE_NORMAL,-3.4965034965035002,-3.2168596246497927,-3.011066603299606,2,1,-59.0,144.0,-6.835342174867904,80.61959654178675,1,2,-6287779.0,-61563205.55,0,0,0.4545454545454549,-5.594405594405593,False,1,A,False,False,7.459207459207473,NEUTRAL,21.45,2026-07-09,20.7,23.67149758454108,PROMOTION_WINNER,2026-07-15,-3.4965034965035002,-3.4965034965035002,11.352657004830924,24.87922705314012,-1.6908212560386326,3,2026-06-30,2026-06-30,True,RECONSTRUCTED_NOT_PRODUCTION_EXACT,LOCKED_EVALUATION,True,False,False,False,False,True,False,True,False,False,False,REJECT_CONFIRMATION_SHADOW,"{""d0_fresh_rs_p40"": 1.0, ""d0_fresh_volume_p40"": 3.0, ""d0_rs_slope5_p70"": 6.708057106025629, ""d0_rank_change3_p50"": 114.0, ""d0_flow_buy_days5_p70"": 4.0, ""d0_trend_eff5_p50"": 0.5314861460957175, ""d0_close_progress3_p50"": 5.966850828729298, ""d1_market_excess_p70"": 0.033209940654632675, ""d1_rs_change_p40"": 0.04062997403032401, ""d1_rank_change_p40"": -22.4, ""d1_flow_p50"": 4943366.0, ""d1_close_location_p30"": 0.43671497584541175, ""d1_upper_shadow_p70"": 0.23815384615384746, ""d3_rs_change_p40"": -2.0465804520160695, ""d3_rank_change_p40"": -73.39999999999999, ""d3_flow_acceleration_p50"": -16293412.410000004, ""d3_trend_eff_p50"": 0.8554216867469907, ""d3_max_drawdown_p30"": -2.645937542246859}"
00674R,期元大S&P黃金反1,2026-06-25,2026-06-30,DAY3,A,RANGE_NORMAL,0.1946787800129801,0.47432265186668765,,1,1,81.0,11.0,4.188855344709722,90.05763688760807,2,1,4922596.3100000005,19300670.130000003,0,0,0.05882352941176348,-1.5574302401038298,True,1,A,True,True,-1.9792342634652793,NEUTRAL,30.82,2026-07-09,30.88,-1.1010362694300557,PROMOTION_NEUTRAL,2026-07-15,0.1946787800129801,0.1946787800129801,-2.169689119170981,0.2590673575129543,-5.148963730569944,3,2026-06-30,2026-06-30,True,RECONSTRUCTED_NOT_PRODUCTION_EXACT,LOCKED_EVALUATION,True,False,False,True,True,True,True,True,True,False,False,REJECT_CONFIRMATION_SHADOW,"{""d0_fresh_rs_p40"": 1.0, ""d0_fresh_volume_p40"": 3.0, ""d0_rs_slope5_p70"": 6.708057106025629, ""d0_rank_change3_p50"": 114.0, ""d0_flow_buy_days5_p70"": 4.0, ""d0_trend_eff5_p50"": 0.5314861460957175, ""d0_close_progress3_p50"": 5.966850828729298, ""d1_market_excess_p70"": 0.033209940654632675, ""d1_rs_change_p40"": 0.04062997403032401, ""d1_rank_change_p40"": -22.4, ""d1_flow_p50"": 4943366.0, ""d1_close_location_p30"": 0.43671497584541175, ""d1_upper_shadow_p70"": 0.23815384615384746, ""d3_rs_change_p40"": -2.0465804520160695, ""d3_rank_change_p40"": -73.39999999999999, ""d3_flow_acceleration_p50"": -16293412.410000004, ""d3_trend_eff_p50"": 0.8554216867469907, ""d3_max_drawdown_p30"": -2.645937542246859}"
1313,聯成,2026-06-25,2026-06-30,DAY3,A,RANGE_NORMAL,-0.7968127490039945,-0.5171688771502869,-0.3113758558001001,1,1,17.0,77.0,-1.8676408561176316,90.4178674351585,0,1,-33063082.749999996,30026358.49999999,0,1,0.16666666666666863,-2.788844621513953,True,1,A,True,False,-0.3984063745020028,NEUTRAL,12.55,2026-07-09,12.45,1.6064257028112428,PROMOTION_NEUTRAL,2026-07-15,-0.7968127490039945,-0.7968127490039945,0.40160642570281624,16.465863453815267,-2.8112449799196804,3,2026-06-30,2026-06-30,True,RECONSTRUCTED_NOT_PRODUCTION_EXACT,LOCKED_EVALUATION,True,False,False,False,True,True,True,True,True,False,False,REJECT_CONFIRMATION_SHADOW,"{""d0_fresh_rs_p40"": 1.0, ""d0_fresh_volume_p40"": 3.0, ""d0_rs_slope5_p70"": 6.708057106025629, ""d0_rank_change3_p50"": 114.0, ""d0_flow_buy_days5_p70"": 4.0, ""d0_trend_eff5_p50"": 0.5314861460957175, ""d0_close_progress3_p50"": 5.966850828729298, ""d1_market_excess_p70"": 0.033209940654632675, ""d1_rs_change_p40"": 0.04062997403032401, ""d1_rank_change_p40"": -22.4, ""d1_flow_p50"": 4943366.0, ""d1_close_location_p30"": 0.43671497584541175, ""d1_upper_shadow_p70"": 0.23815384615384746, ""d3_rs_change_p40"": -2.0465804520160695, ""d3_rank_change_p40"": -73.39999999999999, ""d3_flow_acceleration_p50"": -16293412.410000004, ""d3_trend_eff_p50"": 0.8554216867469907, ""d3_max_drawdown_p30"": -2.645937542246859}"
3591,艾笛森,2026-06-25,2026-06-30,DAY3,A,RANGE_NORMAL,-4.220183486238527,-3.9405396143848197,-2.573471164031738,0,1,,,-14.534042955479975,58.71757925072046,1,3,10169208.55,5039821.550000023,0,0,1.0,-4.220183486238527,False,0,,False,False,-6.238532110091743,LOSER,27.25,2026-07-09,26.1,-7.471264367816099,PROMOTION_LOSER,2026-07-15,-4.220183486238527,-4.220183486238527,-2.1072796934865967,10.727969348658984,-11.30268199233717,3,2026-06-30,2026-06-30,True,RECONSTRUCTED_NOT_PRODUCTION_EXACT,LOCKED_EVALUATION,True,True,False,False,False,False,False,True,False,False,False,REJECT_CONFIRMATION_SHADOW,"{""d0_fresh_rs_p40"": 1.0, ""d0_fresh_volume_p40"": 3.0, ""d0_rs_slope5_p70"": 6.708057106025629, ""d0_rank_change3_p50"": 114.0, ""d0_flow_buy_days5_p70"": 4.0, ""d0_trend_eff5_p50"": 0.5314861460957175, ""d0_close_progress3_p50"": 5.966850828729298, ""d1_market_excess_p70"": 0.033209940654632675, ""d1_rs_change_p40"": 0.04062997403032401, ""d1_rank_change_p40"": -22.4, ""d1_flow_p50"": 4943366.0, ""d1_close_location_p30"": 0.43671497584541175, ""d1_upper_shadow_p70"": 0.23815384615384746, ""d3_rs_change_p40"": -2.0465804520160695, ""d3_rank_change_p40"": -73.39999999999999, ""d3_flow_acceleration_p50"": -16293412.410000004, ""d3_trend_eff_p50"": 0.8554216867469907, ""d3_max_drawdown_p30"": -2.645937542246859}"
6582,申豐,2026-06-25,2026-06-30,DAY3,A,RANGE_NORMAL,0.3039513677811634,0.5835952396348709,0.7893882609850578,1,1,-34.0,147.0,1.0980928298797608,76.94524495677233,1,2,371900.0,-2024024.9999999995,1,0,0.09090909090909208,-1.4925373134328401,False,1,A,True,False,-0.3039513677811634,NEUTRAL,32.9,2026-07-09,33.0,-0.7575757575757569,PROMOTION_NEUTRAL,2026-07-15,0.3039513677811634,0.3039513677811634,-0.60606060606061,3.0303030303030276,-3.9393939393939426,3,2026-06-30,2026-06-30,True,RECONSTRUCTED_NOT_PRODUCTION_EXACT,LOCKED_EVALUATION,True,False,False,True,True,True,True,True,True,False,False,REJECT_CONFIRMATION_SHADOW,"{""d0_fresh_rs_p40"": 1.0, ""d0_fresh_volume_p40"": 3.0, ""d0_rs_slope5_p70"": 6.708057106025629, ""d0_rank_change3_p50"": 114.0, ""d0_flow_buy_days5_p70"": 4.0, ""d0_trend_eff5_p50"": 0.5314861460957175, ""d0_close_progress3_p50"": 5.966850828729298, ""d1_market_excess_p70"": 0.033209940654632675, ""d1_rs_change_p40"": 0.04062997403032401, ""d1_rank_change_p40"": -22.4, ""d1_flow_p50"": 4943366.0, ""d1_close_location_p30"": 0.43671497584541175, ""d1_upper_shadow_p70"": 0.23815384615384746, ""d3_rs_change_p40"": -2.0465804520160695, ""d3_rank_change_p40"": -73.39999999999999, ""d3_flow_acceleration_p50"": -16293412.410000004, ""d3_trend_eff_p50"": 0.8554216867469907, ""d3_max_drawdown_p30"": -2.645937542246859}"
2107,厚生,2026-06-25,2026-06-30,DAY3,A,RANGE_NORMAL,-1.3513513513513487,-1.0717074794976411,-0.8659144581474543,1,1,-229.0,344.0,-16.401112429330404,48.34293948126801,0,0,-5764284.0,-17022188.0,0,1,0.5384615384615334,-1.9305019305019266,False,1,A,False,False,-1.1583011583011449,NEUTRAL,25.9,2026-07-09,25.55,1.7612524461839474,PROMOTION_NEUTRAL,2026-07-15,-1.3513513513513487,-1.3513513513513487,0.1956947162426559,2.544031311154593,-0.195694716242667,3,2026-06-30,2026-06-30,True,RECONSTRUCTED_NOT_PRODUCTION_EXACT,LOCKED_EVALUATION,True,True,False,False,False,False,False,False,False,False,False,REJECT_CONFIRMATION_SHADOW,"{""d0_fresh_rs_p40"": 1.0, ""d0_fresh_volume_p40"": 3.0, ""d0_rs_slope5_p70"": 6.708057106025629, ""d0_rank_change3_p50"": 114.0, ""d0_flow_buy_days5_p70"": 4.0, ""d0_trend_eff5_p50"": 0.5314861460957175, ""d0_close_progress3_p50"": 5.966850828729298, ""d1_market_excess_p70"": 0.033209940654632675, ""d1_rs_change_p40"": 0.04062997403032401, ""d1_rank_change_p40"": -22.4, ""d1_flow_p50"": 4943366.0, ""d1_close_location_p30"": 0.43671497584541175, ""d1_upper_shadow_p70"": 0.23815384615384746, ""d3_rs_change_p40"": -2.0465804520160695, ""d3_rank_change_p40"": -73.39999999999999, ""d3_flow_acceleration_p50"": -16293412.410000004, ""d3_trend_eff_p50"": 0.8554216867469907, ""d3_max_drawdown_p30"": -2.645937542246859}"
4414,如興,2026-06-25,2026-06-30,DAY3,A,RANGE_NORMAL,-1.2790697674418539,-0.9994258955881463,-1.036035525312201,2,2,,,-2.151150348335406,83.64553314121038,1,2,-174048.5600000003,-2740704.5200000005,0,0,0.3333333333333333,-2.5581395348837077,False,0,,False,False,1.5116279069767424,NEUTRAL,8.6,2026-07-09,8.49,1.0600706713780994,PROMOTION_NEUTRAL,2026-07-15,-1.2790697674418539,-1.2790697674418539,2.8268551236749095,11.778563015312127,-1.0600706713780883,3,2026-06-30,2026-06-30,True,RECONSTRUCTED_NOT_PRODUCTION_EXACT,LOCKED_EVALUATION,True,True,False,False,False,False,False,True,False,False,False,REJECT_CONFIRMATION_SHADOW,"{""d0_fresh_rs_p40"": 1.0, ""d0_fresh_volume_p40"": 3.0, ""d0_rs_slope5_p70"": 6.708057106025629, ""d0_rank_change3_p50"": 114.0, ""d0_flow_buy_days5_p70"": 4.0, ""d0_trend_eff5_p50"": 0.5314861460957175, ""d0_close_progress3_p50"": 5.966850828729298, ""d1_market_excess_p70"": 0.033209940654632675, ""d1_rs_change_p40"": 0.04062997403032401, ""d1_rank_change_p40"": -22.4, ""d1_flow_p50"": 4943366.0, ""d1_close_location_p30"": 0.43671497584541175, ""d1_upper_shadow_p70"": 0.23815384615384746, ""d3_rs_change_p40"": -2.0465804520160695, ""d3_rank_change_p40"": -73.39999999999999, ""d3_flow_acceleration_p50"": -16293412.410000004, ""d3_trend_eff_p50"": 0.8554216867469907, ""d3_max_drawdown_p30"": -2.645937542246859}"
2345,智邦,2026-07-01,2026-07-06,DAY3,A,RANGE_NORMAL,-0.5639097744360888,0.41994802429586864,-2.3631571254237205,1,1,,,-9.189764891532306,77.36121124729632,1,0,-1337380945.0,-3919600165.0,1,0,0.07692307692307693,-3.8181818181818206,False,0,,True,False,-12.781954887218047,LOSER,2660.0,2026-07-16,2645.0,-16.06805293005671,PROMOTION_LOSER,2026-07-21,-0.5639097744360888,-0.5639097744360888,-12.287334593572774,2.07939508506616,-24.38563327032136,3,2026-07-06,2026-07-06,True,RECONSTRUCTED_NOT_PRODUCTION_EXACT,LOCKED_EVALUATION,True,True,True,True,False,False,False,False,False,False,False,REJECT_CONFIRMATION_SHADOW,"{""d0_fresh_rs_p40"": 1.0, ""d0_fresh_volume_p40"": 3.0, ""d0_rs_slope5_p70"": 6.708057106025629, ""d0_rank_change3_p50"": 114.0, ""d0_flow_buy_days5_p70"": 4.0, ""d0_trend_eff5_p50"": 0.5314861460957175, ""d0_close_progress3_p50"": 5.966850828729298, ""d1_market_excess_p70"": 0.033209940654632675, ""d1_rs_change_p40"": 0.04062997403032401, ""d1_rank_change_p40"": -22.4, ""d1_flow_p50"": 4943366.0, ""d1_close_location_p30"": 0.43671497584541175, ""d1_upper_shadow_p70"": 0.23815384615384746, ""d3_rs_change_p40"": -2.0465804520160695, ""d3_rank_change_p40"": -73.39999999999999, ""d3_flow_acceleration_p50"": -16293412.410000004, ""d3_trend_eff_p50"": 0.8554216867469907, ""d3_max_drawdown_p30"": -2.645937542246859}"
9935,慶豐富,2026-07-01,2026-07-06,DAY3,A,RANGE_NORMAL,-4.060913705583758,-3.0770559068518004,-7.210520004796351,2,2,,,-36.979159335655275,35.544340302811825,2,2,10631856.2,-1071003.6000000015,2,1,0.3333333333333333,-7.804878048780495,False,0,,False,False,-4.822335025380708,NEUTRAL,19.7,2026-07-16,18.9,2.910052910052907,PROMOTION_NEUTRAL,2026-07-21,-4.060913705583758,-4.060913705583758,-0.7936507936507908,3.4391534391534417,-3.4391534391534306,3,2026-07-06,2026-07-06,True,RECONSTRUCTED_NOT_PRODUCTION_EXACT,LOCKED_EVALUATION,True,True,False,False,False,False,False,True,False,False,False,REJECT_CONFIRMATION_SHADOW,"{""d0_fresh_rs_p40"": 1.0, ""d0_fresh_volume_p40"": 3.0, ""d0_rs_slope5_p70"": 6.708057106025629, ""d0_rank_change3_p50"": 114.0, ""d0_flow_buy_days5_p70"": 4.0, ""d0_trend_eff5_p50"": 0.5314861460957175, ""d0_close_progress3_p50"": 5.966850828729298, ""d1_market_excess_p70"": 0.033209940654632675, ""d1_rs_change_p40"": 0.04062997403032401, ""d1_rank_change_p40"": -22.4, ""d1_flow_p50"": 4943366.0, ""d1_close_location_p30"": 0.43671497584541175, ""d1_upper_shadow_p70"": 0.23815384615384746, ""d3_rs_change_p40"": -2.0465804520160695, ""d3_rank_change_p40"": -73.39999999999999, ""d3_flow_acceleration_p50"": -16293412.410000004, ""d3_trend_eff_p50"": 0.8554216867469907, ""d3_max_drawdown_p30"": -2.645937542246859}"
8466,美吉吉-KY,2026-07-01,2026-07-06,DAY3,A,RANGE_NORMAL,-1.1428571428571344,-0.1589993441251769,-2.0555514759277416,1,1,,,-10.483776374046585,74.76568132660418,0,1,-363187.5,-1772237.5,1,1,0.4000000000000014,-1.4285714285714235,False,0,,True,False,1.4285714285714235,NEUTRAL,17.5,2026-07-16,17.3,0.8670520231213841,PROMOTION_NEUTRAL,2026-07-21,-1.1428571428571344,-1.1428571428571344,2.6011560693641522,6.647398843930619,-5.491329479768781,3,2026-07-06,2026-07-06,True,RECONSTRUCTED_NOT_PRODUCTION_EXACT,LOCKED_EVALUATION,True,True,True,False,False,False,False,True,False,False,False,REJECT_CONFIRMATION_SHADOW,"{""d0_fresh_rs_p40"": 1.0, ""d0_fresh_volume_p40"": 3.0, ""d0_rs_slope5_p70"": 6.708057106025629, ""d0_rank_change3_p50"": 114.0, ""d0_flow_buy_days5_p70"": 4.0, ""d0_trend_eff5_p50"": 0.5314861460957175, ""d0_close_progress3_p50"": 5.966850828729298, ""d1_market_excess_p70"": 0.033209940654632675, ""d1_rs_change_p40"": 0.04062997403032401, ""d1_rank_change_p40"": -22.4, ""d1_flow_p50"": 4943366.0, ""d1_close_location_p30"": 0.43671497584541175, ""d1_upper_shadow_p70"": 0.23815384615384746, ""d3_rs_change_p40"": -2.0465804520160695, ""d3_rank_change_p40"": -73.39999999999999, ""d3_flow_acceleration_p50"": -16293412.410000004, ""d3_trend_eff_p50"": 0.8554216867469907, ""d3_max_drawdown_p30"": -2.645937542246859}"
2528,皇普,2026-07-01,2026-07-06,DAY3,A,RANGE_NORMAL,0.6696428571428603,1.6535006558748178,-0.8777796341431277,1,1,,,-60.74508620226763,27.61355443403028,0,1,-3119326.75,-18722336.75,1,0,0.1428571428571448,-1.9565217391304346,False,0,,False,False,-0.6696428571428492,NEUTRAL,22.4,2026-07-16,22.55,-1.7738359201773912,PROMOTION_NEUTRAL,2026-07-21,0.6696428571428603,0.6696428571428603,-1.3303769401330379,0.44345898004434225,-5.986696230598676,3,2026-07-06,2026-07-06,True,RECONSTRUCTED_NOT_PRODUCTION_EXACT,LOCKED_EVALUATION,True,True,False,True,False,False,False,False,False,False,False,REJECT_CONFIRMATION_SHADOW,"{""d0_fresh_rs_p40"": 1.0, ""d0_fresh_volume_p40"": 3.0, ""d0_rs_slope5_p70"": 6.708057106025629, ""d0_rank_change3_p50"": 114.0, ""d0_flow_buy_days5_p70"": 4.0, ""d0_trend_eff5_p50"": 0.5314861460957175, ""d0_close_progress3_p50"": 5.966850828729298, ""d1_market_excess_p70"": 0.033209940654632675, ""d1_rs_change_p40"": 0.04062997403032401, ""d1_rank_change_p40"": -22.4, ""d1_flow_p50"": 4943366.0, ""d1_close_location_p30"": 0.43671497584541175, ""d1_upper_shadow_p70"": 0.23815384615384746, ""d3_rs_change_p40"": -2.0465804520160695, ""d3_rank_change_p40"": -73.39999999999999, ""d3_flow_acceleration_p50"": -16293412.410000004, ""d3_trend_eff_p50"": 0.8554216867469907, ""d3_max_drawdown_p30"": -2.645937542246859}"
00938,凱基優選30,2026-07-01,2026-07-06,DAY3,A,RANGE_NORMAL,0.9840098400983877,1.967867638830345,,2,2,,,-6.589647386823529,78.37058399423215,1,2,4110642.6099999966,30424916.499999993,0,0,0.30769230769230665,-1.1070110701106972,False,0,,False,False,1.0660106601065866,NEUTRAL,24.39,2026-07-16,24.63,-1.786439301664633,PROMOTION_NEUTRAL,2026-07-21,0.9840098400983877,0.9840098400983877,0.08120178643928888,1.3398294762484886,-3.572878603329266,3,2026-07-06,2026-07-06,True,RECONSTRUCTED_NOT_PRODUCTION_EXACT,LOCKED_EVALUATION,False,False,False,True,False,False,False,True,False,False,False,REJECT_CONFIRMATION_SHADOW,"{""d0_fresh_rs_p40"": 1.0, ""d0_fresh_volume_p40"": 3.0, ""d0_rs_slope5_p70"": 6.708057106025629, ""d0_rank_change3_p50"": 114.0, ""d0_flow_buy_days5_p70"": 4.0, ""d0_trend_eff5_p50"": 0.5314861460957175, ""d0_close_progress3_p50"": 5.966850828729298, ""d1_market_excess_p70"": 0.033209940654632675, ""d1_rs_change_p40"": 0.04062997403032401, ""d1_rank_change_p40"": -22.4, ""d1_flow_p50"": 4943366.0, ""d1_close_location_p30"": 0.43671497584541175, ""d1_upper_shadow_p70"": 0.23815384615384746, ""d3_rs_change_p40"": -2.0465804520160695, ""d3_rank_change_p40"": -73.39999999999999, ""d3_flow_acceleration_p50"": -16293412.410000004, ""d3_trend_eff_p50"": 0.8554216867469907, ""d3_max_drawdown_p30"": -2.645937542246859}"
00643,群益深証中小,2026-07-01,2026-07-06,DAY3,A,RANGE_NORMAL,-2.5431861804222744,-1.559328381690317,,1,2,,,-12.039071618963618,62.50901225666907,1,2,992778.140000008,-14276364.779999997,0,0,0.5047619047619072,-3.358925143953928,False,0,,False,False,-4.270633397312862,NEUTRAL,20.84,2026-07-16,20.31,-6.843919251600184,PROMOTION_LOSER,2026-07-21,-2.5431861804222744,-2.5431861804222744,-1.7725258493353047,0.4431314623338345,-10.88133924175282,3,2026-07-06,2026-07-06,True,RECONSTRUCTED_NOT_PRODUCTION_EXACT,LOCKED_EVALUATION,False,False,False,False,False,False,False,True,False,False,False,REJECT_CONFIRMATION_SHADOW,"{""d0_fresh_rs_p40"": 1.0, ""d0_fresh_volume_p40"": 3.0, ""d0_rs_slope5_p70"": 6.708057106025629, ""d0_rank_change3_p50"": 114.0, ""d0_flow_buy_days5_p70"": 4.0, ""d0_trend_eff5_p50"": 0.5314861460957175, ""d0_close_progress3_p50"": 5.966850828729298, ""d1_market_excess_p70"": 0.033209940654632675, ""d1_rs_change_p40"": 0.04062997403032401, ""d1_rank_change_p40"": -22.4, ""d1_flow_p50"": 4943366.0, ""d1_close_location_p30"": 0.43671497584541175, ""d1_upper_shadow_p70"": 0.23815384615384746, ""d3_rs_change_p40"": -2.0465804520160695, ""d3_rank_change_p40"": -73.39999999999999, ""d3_flow_acceleration_p50"": -16293412.410000004, ""d3_trend_eff_p50"": 0.8554216867469907, ""d3_max_drawdown_p30"": -2.645937542246859}"
3605,宏致,2026-07-01,2026-07-06,DAY3,A,RANGE_NORMAL,2.453271028037385,3.4371288267693423,0.3027333936287846,1,1,,,3.5678370740389056,91.42033165104542,2,2,465491440.3,54717273.30000001,1,2,0.30434782608695815,-2.663706992230841,False,0,,True,False,-0.8177570093457764,NEUTRAL,85.6,2026-07-16,87.7,-3.762827822120862,PROMOTION_NEUTRAL,2026-07-21,2.453271028037385,2.453271028037385,-3.192702394526792,10.034207525655647,-17.331812998859753,3,2026-07-06,2026-07-06,True,RECONSTRUCTED_NOT_PRODUCTION_EXACT,LOCKED_EVALUATION,True,True,True,True,True,False,True,True,True,False,False,REJECT_CONFIRMATION_SHADOW,"{""d0_fresh_rs_p40"": 1.0, ""d0_fresh_volume_p40"": 3.0, ""d0_rs_slope5_p70"": 6.708057106025629, ""d0_rank_change3_p50"": 114.0, ""d0_flow_buy_days5_p70"": 4.0, ""d0_trend_eff5_p50"": 0.5314861460957175, ""d0_close_progress3_p50"": 5.966850828729298, ""d1_market_excess_p70"": 0.033209940654632675, ""d1_rs_change_p40"": 0.04062997403032401, ""d1_rank_change_p40"": -22.4, ""d1_flow_p50"": 4943366.0, ""d1_close_location_p30"": 0.43671497584541175, ""d1_upper_shadow_p70"": 0.23815384615384746, ""d3_rs_change_p40"": -2.0465804520160695, ""d3_rank_change_p40"": -73.39999999999999, ""d3_flow_acceleration_p50"": -16293412.410000004, ""d3_trend_eff_p50"": 0.8554216867469907, ""d3_max_drawdown_p30"": -2.645937542246859}"
2429,銘旺科,2026-07-01,2026-07-06,DAY3,A,RANGE_NORMAL,2.1874999999999867,3.171357798731944,0.0,2,2,30.0,66.0,8.503868949406765,84.78731074260995,1,2,3884919.9499999993,-19147001.05,2,1,0.12426035502958542,-7.708333333333339,True,1,C,True,True,-1.5625,NEUTRAL,48.0,2026-07-16,49.05,-12.33435270132517,PROMOTION_LOSER,2026-07-21,2.1874999999999867,2.1874999999999867,-3.669724770642191,4.383282364933749,-18.654434250764528,3,2026-07-06,2026-07-06,True,RECONSTRUCTED_NOT_PRODUCTION_EXACT,LOCKED_EVALUATION,True,True,True,True,True,True,True,True,True,False,False,REJECT_CONFIRMATION_SHADOW,"{""d0_fresh_rs_p40"": 1.0, ""d0_fresh_volume_p40"": 3.0, ""d0_rs_slope5_p70"": 6.708057106025629, ""d0_rank_change3_p50"": 114.0, ""d0_flow_buy_days5_p70"": 4.0, ""d0_trend_eff5_p50"": 0.5314861460957175, ""d0_close_progress3_p50"": 5.966850828729298, ""d1_market_excess_p70"": 0.033209940654632675, ""d1_rs_change_p40"": 0.04062997403032401, ""d1_rank_change_p40"": -22.4, ""d1_flow_p50"": 4943366.0, ""d1_close_location_p30"": 0.43671497584541175, ""d1_upper_shadow_p70"": 0.23815384615384746, ""d3_rs_change_p40"": -2.0465804520160695, ""d3_rank_change_p40"": -73.39999999999999, ""d3_flow_acceleration_p50"": -16293412.410000004, ""d3_trend_eff_p50"": 0.8554216867469907, ""d3_max_drawdown_p30"": -2.645937542246859}"
00728,第一金工業30,2026-07-01,2026-07-06,DAY3,A,RANGE_NORMAL,-0.2271006813020282,0.7567571174299292,,1,2,,,1.445558149973337,75.19826964671954,2,2,1066211.0,-4819698.6,0,1,0.11999999999999454,-0.6033182503770607,False,0,,False,False,-2.4981074943224657,NEUTRAL,66.05,2026-07-16,65.9,-6.980273141122928,PROMOTION_LOSER,2026-07-21,-0.2271006813020282,-0.2271006813020282,-2.2761760242792084,-0.3034901365705611,-11.532625189681344,3,2026-07-06,2026-07-06,True,RECONSTRUCTED_NOT_PRODUCTION_EXACT,LOCKED_EVALUATION,False,False,False,True,True,False,False,True,False,False,False,REJECT_CONFIRMATION_SHADOW,"{""d0_fresh_rs_p40"": 1.0, ""d0_fresh_volume_p40"": 3.0, ""d0_rs_slope5_p70"": 6.708057106025629, ""d0_rank_change3_p50"": 114.0, ""d0_flow_buy_days5_p70"": 4.0, ""d0_trend_eff5_p50"": 0.5314861460957175, ""d0_close_progress3_p50"": 5.966850828729298, ""d1_market_excess_p70"": 0.033209940654632675, ""d1_rs_change_p40"": 0.04062997403032401, ""d1_rank_change_p40"": -22.4, ""d1_flow_p50"": 4943366.0, ""d1_close_location_p30"": 0.43671497584541175, ""d1_upper_shadow_p70"": 0.23815384615384746, ""d3_rs_change_p40"": -2.0465804520160695, ""d3_rank_change_p40"": -73.39999999999999, ""d3_flow_acceleration_p50"": -16293412.410000004, ""d3_trend_eff_p50"": 0.8554216867469907, ""d3_max_drawdown_p30"": -2.645937542246859}"
2433,互盛電,2026-07-01,2026-07-06,DAY3,A,RANGE_NORMAL,-6.02678571428571,-5.0429279155537525,-2.921481092436973,1,1,,,-44.82095650084115,21.845710165825523,0,2,-42000.00000000003,-4655150.0,0,1,0.9642857142857113,-6.13839285714286,False,0,,False,False,-6.249999999999989,LOSER,44.8,2026-07-16,42.1,-0.3562945368171033,PROMOTION_NEUTRAL,2026-07-21,-6.02678571428571,-6.02678571428571,-0.23752969121140222,1.187648456057011,-0.7125890736342178,3,2026-07-06,2026-07-06,True,RECONSTRUCTED_NOT_PRODUCTION_EXACT,LOCKED_EVALUATION,False,False,False,False,False,False,False,True,False,False,False,REJECT_CONFIRMATION_SHADOW,"{""d0_fresh_rs_p40"": 1.0, ""d0_fresh_volume_p40"": 3.0, ""d0_rs_slope5_p70"": 6.708057106025629, ""d0_rank_change3_p50"": 114.0, ""d0_flow_buy_days5_p70"": 4.0, ""d0_trend_eff5_p50"": 0.5314861460957175, ""d0_close_progress3_p50"": 5.966850828729298, ""d1_market_excess_p70"": 0.033209940654632675, ""d1_rs_change_p40"": 0.04062997403032401, ""d1_rank_change_p40"": -22.4, ""d1_flow_p50"": 4943366.0, ""d1_close_location_p30"": 0.43671497584541175, ""d1_upper_shadow_p70"": 0.23815384615384746, ""d3_rs_change_p40"": -2.0465804520160695, ""d3_rank_change_p40"": -73.39999999999999, ""d3_flow_acceleration_p50"": -16293412.410000004, ""d3_trend_eff_p50"": 0.8554216867469907, ""d3_max_drawdown_p30"": -2.645937542246859}"
