stock_id,stock_name,episode_start_date,confirmation_date,confirmation_unit,dataset,normal_subregime,day1_return_from_day0_close,day1_market_excess_return,day1_sector_excess_return,day1_close_location,day1_upper_shadow,day1_volume_ratio,day1_momentum_rank,day1_momentum_rank_change,day1_rs_market_pct,day1_rs_change,day1_institution_flow,day1_price_flow_alignment,day1_top120_status,day1_source_count,day1_source_change,day1_source_combination,day1_breakout_hold,day1_gap_hold,day1_failed_follow_through,episode_return_day0_to_day10,episode_outcome,entry_close,future_trade_date_10d,promotion_reference_close,promotion_return_next_10d,promotion_outcome,promotion_maturity_date,pre_confirmation_return,price_move_before_confirmation,remaining_return_to_episode_day10,maximum_remaining_upside_10d,maximum_remaining_downside_10d,promotion_delay_sessions,feature_as_of_date,max_source_date,point_in_time_valid,data_status,date_split,D0_A_PASS,D0_B_PASS,D0_C_PASS,d1_relative_pass,d1_rs_health_pass,d1_rank_health_pass,D1_A_PASS,d1_flow_pass,D1_B_PASS,d1_controlled_pass,D1_C_PASS,day1_promotion_state,bundle_thresholds
0055,元大MSCI金融,2026-06-15,2026-06-16,DAY1,A,RANGE_NORMAL,2.3902439024390265,1.4822541877024253,,0.8952380952380894,0.10476190476191057,1.7579931085199691,63.0,-58.0,90.07246376811594,0.4770880455725859,-31098867.959999993,0,True,1,0,A,True,True,False,2.3658536585365875,NEUTRAL,41.0,2026-06-30,41.98,-0.6908051453072828,PROMOTION_NEUTRAL,2026-07-01,2.3902439024390265,2.3902439024390265,-0.023820867079560326,4.073368270605049,-1.7151024297284434,1,2026-06-16,2026-06-16,True,RECONSTRUCTED_NOT_PRODUCTION_EXACT,DISCOVERY,False,False,False,True,True,True,False,False,False,True,False,REJECT_CONFIRMATION_SHADOW,"{""d0_fresh_rs_p40"": 1.0, ""d0_fresh_volume_p40"": 3.0, ""d0_rs_slope5_p70"": 6.708057106025629, ""d0_rank_change3_p50"": 114.0, ""d0_flow_buy_days5_p70"": 4.0, ""d0_trend_eff5_p50"": 0.5314861460957175, ""d0_close_progress3_p50"": 5.966850828729298, ""d1_market_excess_p70"": 0.033209940654632675, ""d1_rs_change_p40"": 0.04062997403032401, ""d1_rank_change_p40"": -22.4, ""d1_flow_p50"": 4943366.0, ""d1_close_location_p30"": 0.43671497584541175, ""d1_upper_shadow_p70"": 0.23815384615384746, ""d3_rs_change_p40"": -2.0465804520160695, ""d3_rank_change_p40"": -73.39999999999999, ""d3_flow_acceleration_p50"": -16293412.410000004, ""d3_trend_eff_p50"": 0.8554216867469907, ""d3_max_drawdown_p30"": -2.645937542246859}"
2891,中信金,2026-06-15,2026-06-16,DAY1,A,RANGE_NORMAL,0.9985734664764712,0.09058375173986999,0.7172522459143127,0.5714285714285705,0.42857142857142955,0.6100281429041161,11.0,-2.0,93.76811594202898,0.27100611543939124,396800440.79999995,1,True,1,0,A,True,True,False,1.2838801711840375,NEUTRAL,70.1,2026-06-30,70.8,-0.28248587570621764,PROMOTION_NEUTRAL,2026-07-01,0.9985734664764712,0.9985734664764712,0.28248587570622874,3.9548022598870025,-1.5536723163841692,1,2026-06-16,2026-06-16,True,RECONSTRUCTED_NOT_PRODUCTION_EXACT,DISCOVERY,False,False,False,True,True,True,False,True,False,False,False,REJECT_CONFIRMATION_SHADOW,"{""d0_fresh_rs_p40"": 1.0, ""d0_fresh_volume_p40"": 3.0, ""d0_rs_slope5_p70"": 6.708057106025629, ""d0_rank_change3_p50"": 114.0, ""d0_flow_buy_days5_p70"": 4.0, ""d0_trend_eff5_p50"": 0.5314861460957175, ""d0_close_progress3_p50"": 5.966850828729298, ""d1_market_excess_p70"": 0.033209940654632675, ""d1_rs_change_p40"": 0.04062997403032401, ""d1_rank_change_p40"": -22.4, ""d1_flow_p50"": 4943366.0, ""d1_close_location_p30"": 0.43671497584541175, ""d1_upper_shadow_p70"": 0.23815384615384746, ""d3_rs_change_p40"": -2.0465804520160695, ""d3_rank_change_p40"": -73.39999999999999, ""d3_flow_acceleration_p50"": -16293412.410000004, ""d3_trend_eff_p50"": 0.8554216867469907, ""d3_max_drawdown_p30"": -2.645937542246859}"
00990A,主動元大AI新經濟,2026-06-15,2026-06-16,DAY1,A,RANGE_NORMAL,2.051783097215454,1.1437933824788526,,0.7741935483870975,0.2258064516129025,0.9355177772554439,7.0,6.0,94.1304347826087,8.798064840412167,303374774.32000005,1,True,1,0,A,False,True,False,1.514411333659016,NEUTRAL,20.47,2026-06-30,20.89,1.6275730014361,PROMOTION_NEUTRAL,2026-07-01,2.051783097215454,2.051783097215454,-0.5265677357587317,4.595500239348982,-4.978458592628043,1,2026-06-16,2026-06-16,True,RECONSTRUCTED_NOT_PRODUCTION_EXACT,DISCOVERY,False,False,False,True,True,True,False,True,False,True,False,REJECT_CONFIRMATION_SHADOW,"{""d0_fresh_rs_p40"": 1.0, ""d0_fresh_volume_p40"": 3.0, ""d0_rs_slope5_p70"": 6.708057106025629, ""d0_rank_change3_p50"": 114.0, ""d0_flow_buy_days5_p70"": 4.0, ""d0_trend_eff5_p50"": 0.5314861460957175, ""d0_close_progress3_p50"": 5.966850828729298, ""d1_market_excess_p70"": 0.033209940654632675, ""d1_rs_change_p40"": 0.04062997403032401, ""d1_rank_change_p40"": -22.4, ""d1_flow_p50"": 4943366.0, ""d1_close_location_p30"": 0.43671497584541175, ""d1_upper_shadow_p70"": 0.23815384615384746, ""d3_rs_change_p40"": -2.0465804520160695, ""d3_rank_change_p40"": -73.39999999999999, ""d3_flow_acceleration_p50"": -16293412.410000004, ""d3_trend_eff_p50"": 0.8554216867469907, ""d3_max_drawdown_p30"": -2.645937542246859}"
00701,國泰股利精選30,2026-06-15,2026-06-16,DAY1,A,RANGE_NORMAL,1.5417331206805107,0.6337434059439095,,0.7719298245614116,0.2280701754385884,0.6138873806976406,37.0,-23.0,85.5072463768116,-0.9811929295467934,6212313.2,1,True,1,0,A,True,True,False,4.253056884635842,NEUTRAL,37.62,2026-06-30,38.2,2.0157068062827133,PROMOTION_NEUTRAL,2026-07-01,1.5417331206805107,1.5417331206805107,2.6701570680628173,6.387434554973814,-0.07853403141361293,1,2026-06-16,2026-06-16,True,RECONSTRUCTED_NOT_PRODUCTION_EXACT,DISCOVERY,False,False,False,True,False,True,False,True,False,True,False,REJECT_CONFIRMATION_SHADOW,"{""d0_fresh_rs_p40"": 1.0, ""d0_fresh_volume_p40"": 3.0, ""d0_rs_slope5_p70"": 6.708057106025629, ""d0_rank_change3_p50"": 114.0, ""d0_flow_buy_days5_p70"": 4.0, ""d0_trend_eff5_p50"": 0.5314861460957175, ""d0_close_progress3_p50"": 5.966850828729298, ""d1_market_excess_p70"": 0.033209940654632675, ""d1_rs_change_p40"": 0.04062997403032401, ""d1_rank_change_p40"": -22.4, ""d1_flow_p50"": 4943366.0, ""d1_close_location_p30"": 0.43671497584541175, ""d1_upper_shadow_p70"": 0.23815384615384746, ""d3_rs_change_p40"": -2.0465804520160695, ""d3_rank_change_p40"": -73.39999999999999, ""d3_flow_acceleration_p50"": -16293412.410000004, ""d3_trend_eff_p50"": 0.8554216867469907, ""d3_max_drawdown_p30"": -2.645937542246859}"
00876,元大全球5G,2026-06-15,2026-06-16,DAY1,A,RANGE_NORMAL,1.365705614567525,0.45771589983092387,,0.8823529411764764,0.11764705882352351,1.1257002716834734,5.0,13.0,91.30434782608695,4.310128172907767,6348070.799999999,1,True,1,0,A,True,True,False,7.233181588265047,NEUTRAL,98.85,2026-06-30,100.2,7.4850299401197695,PROMOTION_NEUTRAL,2026-07-01,1.365705614567525,1.365705614567525,5.788423153692612,8.532934131736525,-2.5449101796407136,1,2026-06-16,2026-06-16,True,RECONSTRUCTED_NOT_PRODUCTION_EXACT,DISCOVERY,False,False,False,True,True,True,False,True,False,True,False,REJECT_CONFIRMATION_SHADOW,"{""d0_fresh_rs_p40"": 1.0, ""d0_fresh_volume_p40"": 3.0, ""d0_rs_slope5_p70"": 6.708057106025629, ""d0_rank_change3_p50"": 114.0, ""d0_flow_buy_days5_p70"": 4.0, ""d0_trend_eff5_p50"": 0.5314861460957175, ""d0_close_progress3_p50"": 5.966850828729298, ""d1_market_excess_p70"": 0.033209940654632675, ""d1_rs_change_p40"": 0.04062997403032401, ""d1_rank_change_p40"": -22.4, ""d1_flow_p50"": 4943366.0, ""d1_close_location_p30"": 0.43671497584541175, ""d1_upper_shadow_p70"": 0.23815384615384746, ""d3_rs_change_p40"": -2.0465804520160695, ""d3_rank_change_p40"": -73.39999999999999, ""d3_flow_acceleration_p50"": -16293412.410000004, ""d3_trend_eff_p50"": 0.8554216867469907, ""d3_max_drawdown_p30"": -2.645937542246859}"
6202,盛群,2026-06-15,2026-06-16,DAY1,A,RANGE_NORMAL,-4.907975460122705,-5.815965174859306,-3.0211561390928567,0.1276595744680855,0.063829787234042,2.2216254872480383,193.0,-172.0,85.07246376811594,-6.0402529948898405,-87613378.0,0,False,1,0,C,True,False,True,-0.1533742331288445,NEUTRAL,65.2,2026-06-30,62.0,3.8709677419354938,PROMOTION_NEUTRAL,2026-07-01,-4.907975460122705,-4.907975460122705,4.999999999999982,30.645161290322577,-1.1290322580645218,1,2026-06-16,2026-06-16,True,RECONSTRUCTED_NOT_PRODUCTION_EXACT,DISCOVERY,True,True,True,False,False,False,False,False,False,False,False,REJECT_CONFIRMATION_SHADOW,"{""d0_fresh_rs_p40"": 1.0, ""d0_fresh_volume_p40"": 3.0, ""d0_rs_slope5_p70"": 6.708057106025629, ""d0_rank_change3_p50"": 114.0, ""d0_flow_buy_days5_p70"": 4.0, ""d0_trend_eff5_p50"": 0.5314861460957175, ""d0_close_progress3_p50"": 5.966850828729298, ""d1_market_excess_p70"": 0.033209940654632675, ""d1_rs_change_p40"": 0.04062997403032401, ""d1_rank_change_p40"": -22.4, ""d1_flow_p50"": 4943366.0, ""d1_close_location_p30"": 0.43671497584541175, ""d1_upper_shadow_p70"": 0.23815384615384746, ""d3_rs_change_p40"": -2.0465804520160695, ""d3_rank_change_p40"": -73.39999999999999, ""d3_flow_acceleration_p50"": -16293412.410000004, ""d3_trend_eff_p50"": 0.8554216867469907, ""d3_max_drawdown_p30"": -2.645937542246859}"
00941,中信上游半導體,2026-06-15,2026-06-16,DAY1,A,RANGE_NORMAL,-0.10496850944715641,-1.0129582241837576,,0.5789473684210565,0.42105263157894346,1.0159843579316847,19.0,4.0,85.0,1.979768786127167,20813378.25,0,True,1,0,A,True,False,False,4.163750874737593,NEUTRAL,28.58,2026-06-30,28.55,6.900175131348507,PROMOTION_NEUTRAL,2026-07-01,-0.10496850944715641,-0.10496850944715641,4.273204903677752,7.53064798598948,-2.1716287215411634,1,2026-06-16,2026-06-16,True,RECONSTRUCTED_NOT_PRODUCTION_EXACT,DISCOVERY,True,True,True,False,True,True,True,True,True,False,False,KEEP_RESERVE_SHADOW,"{""d0_fresh_rs_p40"": 1.0, ""d0_fresh_volume_p40"": 3.0, ""d0_rs_slope5_p70"": 6.708057106025629, ""d0_rank_change3_p50"": 114.0, ""d0_flow_buy_days5_p70"": 4.0, ""d0_trend_eff5_p50"": 0.5314861460957175, ""d0_close_progress3_p50"": 5.966850828729298, ""d1_market_excess_p70"": 0.033209940654632675, ""d1_rs_change_p40"": 0.04062997403032401, ""d1_rank_change_p40"": -22.4, ""d1_flow_p50"": 4943366.0, ""d1_close_location_p30"": 0.43671497584541175, ""d1_upper_shadow_p70"": 0.23815384615384746, ""d3_rs_change_p40"": -2.0465804520160695, ""d3_rank_change_p40"": -73.39999999999999, ""d3_flow_acceleration_p50"": -16293412.410000004, ""d3_trend_eff_p50"": 0.8554216867469907, ""d3_max_drawdown_p30"": -2.645937542246859}"
00663L,國泰臺灣加權正2,2026-06-15,2026-06-16,DAY1,A,RANGE_NORMAL,0.743494423791824,-0.16449529094477722,,0.5217391304347845,0.15217391304347597,0.6992589034620128,25.0,0.0,92.46376811594203,3.6631900812599554,306521812.8000001,1,True,1,0,A,False,True,False,3.7639405204461074,NEUTRAL,107.6,2026-06-30,108.4,5.25830258302582,PROMOTION_NEUTRAL,2026-07-01,0.743494423791824,0.743494423791824,2.9981549815498054,11.854243542435427,-6.31918819188193,1,2026-06-16,2026-06-16,True,RECONSTRUCTED_NOT_PRODUCTION_EXACT,DISCOVERY,False,False,False,False,True,True,False,True,False,True,False,REJECT_CONFIRMATION_SHADOW,"{""d0_fresh_rs_p40"": 1.0, ""d0_fresh_volume_p40"": 3.0, ""d0_rs_slope5_p70"": 6.708057106025629, ""d0_rank_change3_p50"": 114.0, ""d0_flow_buy_days5_p70"": 4.0, ""d0_trend_eff5_p50"": 0.5314861460957175, ""d0_close_progress3_p50"": 5.966850828729298, ""d1_market_excess_p70"": 0.033209940654632675, ""d1_rs_change_p40"": 0.04062997403032401, ""d1_rank_change_p40"": -22.4, ""d1_flow_p50"": 4943366.0, ""d1_close_location_p30"": 0.43671497584541175, ""d1_upper_shadow_p70"": 0.23815384615384746, ""d3_rs_change_p40"": -2.0465804520160695, ""d3_rank_change_p40"": -73.39999999999999, ""d3_flow_acceleration_p50"": -16293412.410000004, ""d3_trend_eff_p50"": 0.8554216867469907, ""d3_max_drawdown_p30"": -2.645937542246859}"
00661,元大日經225,2026-06-15,2026-06-16,DAY1,A,RANGE_NORMAL,0.5599104143336975,-0.3480793004029037,,0.6,0.4,0.6710806886222254,115.0,-88.0,79.6376811594203,1.458490407975205,-2058126.1999999997,0,True,1,0,A,True,True,False,1.7357222844344822,NEUTRAL,89.3,2026-06-30,89.8,1.3919821826280598,PROMOTION_NEUTRAL,2026-07-01,0.5599104143336975,0.5599104143336975,1.1692650334075738,4.565701559020052,-1.7260579064587889,1,2026-06-16,2026-06-16,True,RECONSTRUCTED_NOT_PRODUCTION_EXACT,DISCOVERY,False,False,False,False,True,True,False,False,False,False,False,REJECT_CONFIRMATION_SHADOW,"{""d0_fresh_rs_p40"": 1.0, ""d0_fresh_volume_p40"": 3.0, ""d0_rs_slope5_p70"": 6.708057106025629, ""d0_rank_change3_p50"": 114.0, ""d0_flow_buy_days5_p70"": 4.0, ""d0_trend_eff5_p50"": 0.5314861460957175, ""d0_close_progress3_p50"": 5.966850828729298, ""d1_market_excess_p70"": 0.033209940654632675, ""d1_rs_change_p40"": 0.04062997403032401, ""d1_rank_change_p40"": -22.4, ""d1_flow_p50"": 4943366.0, ""d1_close_location_p30"": 0.43671497584541175, ""d1_upper_shadow_p70"": 0.23815384615384746, ""d3_rs_change_p40"": -2.0465804520160695, ""d3_rank_change_p40"": -73.39999999999999, ""d3_flow_acceleration_p50"": -16293412.410000004, ""d3_trend_eff_p50"": 0.8554216867469907, ""d3_max_drawdown_p30"": -2.645937542246859}"
00675L,富邦臺灣加權正2,2026-06-15,2026-06-16,DAY1,A,RANGE_NORMAL,0.9667024704618665,0.05871275572526535,,0.6500000000000016,0.14285714285714285,0.6859038590201642,34.0,-5.0,92.97101449275362,4.098182122811423,202987736.0,1,True,1,0,A,False,True,False,3.8514653981893465,NEUTRAL,325.85,2026-06-30,329.0,5.106382978723412,PROMOTION_NEUTRAL,2026-07-01,0.9667024704618665,0.9667024704618665,2.857142857142847,11.717325227963538,-6.595744680851057,1,2026-06-16,2026-06-16,True,RECONSTRUCTED_NOT_PRODUCTION_EXACT,DISCOVERY,False,False,False,True,True,True,False,True,False,True,False,REJECT_CONFIRMATION_SHADOW,"{""d0_fresh_rs_p40"": 1.0, ""d0_fresh_volume_p40"": 3.0, ""d0_rs_slope5_p70"": 6.708057106025629, ""d0_rank_change3_p50"": 114.0, ""d0_flow_buy_days5_p70"": 4.0, ""d0_trend_eff5_p50"": 0.5314861460957175, ""d0_close_progress3_p50"": 5.966850828729298, ""d1_market_excess_p70"": 0.033209940654632675, ""d1_rs_change_p40"": 0.04062997403032401, ""d1_rank_change_p40"": -22.4, ""d1_flow_p50"": 4943366.0, ""d1_close_location_p30"": 0.43671497584541175, ""d1_upper_shadow_p70"": 0.23815384615384746, ""d3_rs_change_p40"": -2.0465804520160695, ""d3_rank_change_p40"": -73.39999999999999, ""d3_flow_acceleration_p50"": -16293412.410000004, ""d3_trend_eff_p50"": 0.8554216867469907, ""d3_max_drawdown_p30"": -2.645937542246859}"
00685L,群益臺灣加權正2,2026-06-15,2026-06-16,DAY1,A,RANGE_NORMAL,0.48994762628822297,-0.4180420884483782,,0.4873949579831904,0.07563025210083857,0.9492628355559936,106.0,-76.0,92.89855072463769,3.086411996313984,-256718356.59999996,0,True,1,0,A,False,True,False,3.3958438925494105,NEUTRAL,295.95,2026-06-30,297.4,,,2026-07-01,0.48994762628822297,0.48994762628822297,2.891728312037678,12.004034969737742,-6.220578345662409,1,2026-06-16,2026-06-16,True,RECONSTRUCTED_NOT_PRODUCTION_EXACT,DISCOVERY,False,False,False,False,True,True,False,False,False,True,False,REJECT_CONFIRMATION_SHADOW,"{""d0_fresh_rs_p40"": 1.0, ""d0_fresh_volume_p40"": 3.0, ""d0_rs_slope5_p70"": 6.708057106025629, ""d0_rank_change3_p50"": 114.0, ""d0_flow_buy_days5_p70"": 4.0, ""d0_trend_eff5_p50"": 0.5314861460957175, ""d0_close_progress3_p50"": 5.966850828729298, ""d1_market_excess_p70"": 0.033209940654632675, ""d1_rs_change_p40"": 0.04062997403032401, ""d1_rank_change_p40"": -22.4, ""d1_flow_p50"": 4943366.0, ""d1_close_location_p30"": 0.43671497584541175, ""d1_upper_shadow_p70"": 0.23815384615384746, ""d3_rs_change_p40"": -2.0465804520160695, ""d3_rank_change_p40"": -73.39999999999999, ""d3_flow_acceleration_p50"": -16293412.410000004, ""d3_trend_eff_p50"": 0.8554216867469907, ""d3_max_drawdown_p30"": -2.645937542246859}"
4952,凌通,2026-06-15,2026-06-16,DAY1,A,RANGE_NORMAL,-4.273504273504269,-5.18149398824087,-2.7548126847192207,0.14285714285714285,0.0,1.5963939489306842,108.0,-77.0,82.89855072463769,-2.217056211778498,-9056656.0,0,True,1,0,C,True,False,True,-1.7094017094017144,NEUTRAL,58.5,2026-06-30,56.0,-1.2500000000000067,PROMOTION_NEUTRAL,2026-07-01,-4.273504273504269,-4.273504273504269,2.678571428571419,10.000000000000009,-3.214285714285714,1,2026-06-16,2026-06-16,True,RECONSTRUCTED_NOT_PRODUCTION_EXACT,DISCOVERY,True,True,True,False,False,True,False,False,False,False,False,REJECT_CONFIRMATION_SHADOW,"{""d0_fresh_rs_p40"": 1.0, ""d0_fresh_volume_p40"": 3.0, ""d0_rs_slope5_p70"": 6.708057106025629, ""d0_rank_change3_p50"": 114.0, ""d0_flow_buy_days5_p70"": 4.0, ""d0_trend_eff5_p50"": 0.5314861460957175, ""d0_close_progress3_p50"": 5.966850828729298, ""d1_market_excess_p70"": 0.033209940654632675, ""d1_rs_change_p40"": 0.04062997403032401, ""d1_rank_change_p40"": -22.4, ""d1_flow_p50"": 4943366.0, ""d1_close_location_p30"": 0.43671497584541175, ""d1_upper_shadow_p70"": 0.23815384615384746, ""d3_rs_change_p40"": -2.0465804520160695, ""d3_rank_change_p40"": -73.39999999999999, ""d3_flow_acceleration_p50"": -16293412.410000004, ""d3_trend_eff_p50"": 0.8554216867469907, ""d3_max_drawdown_p30"": -2.645937542246859}"
00731,復華富時高息低波,2026-06-15,2026-06-16,DAY1,A,RANGE_NORMAL,2.0618556701030855,1.1538659553664843,,0.9666666666666591,0.03333333333334091,0.9539367958481768,30.0,6.0,85.14492753623189,0.5351009466365184,4874482.8000000045,1,True,1,0,A,True,True,False,1.8327605956472093,NEUTRAL,87.3,2026-06-30,89.1,-0.8417508417508435,PROMOTION_NEUTRAL,2026-07-01,2.0618556701030855,2.0618556701030855,-0.22446689113354568,3.4792368125701634,-1.5712682379348974,1,2026-06-16,2026-06-16,True,RECONSTRUCTED_NOT_PRODUCTION_EXACT,DISCOVERY,False,False,False,True,True,True,False,True,False,True,False,REJECT_CONFIRMATION_SHADOW,"{""d0_fresh_rs_p40"": 1.0, ""d0_fresh_volume_p40"": 3.0, ""d0_rs_slope5_p70"": 6.708057106025629, ""d0_rank_change3_p50"": 114.0, ""d0_flow_buy_days5_p70"": 4.0, ""d0_trend_eff5_p50"": 0.5314861460957175, ""d0_close_progress3_p50"": 5.966850828729298, ""d1_market_excess_p70"": 0.033209940654632675, ""d1_rs_change_p40"": 0.04062997403032401, ""d1_rank_change_p40"": -22.4, ""d1_flow_p50"": 4943366.0, ""d1_close_location_p30"": 0.43671497584541175, ""d1_upper_shadow_p70"": 0.23815384615384746, ""d3_rs_change_p40"": -2.0465804520160695, ""d3_rank_change_p40"": -73.39999999999999, ""d3_flow_acceleration_p50"": -16293412.410000004, ""d3_trend_eff_p50"": 0.8554216867469907, ""d3_max_drawdown_p30"": -2.645937542246859}"
00915,凱基優選高股息30,2026-06-15,2026-06-16,DAY1,A,RANGE_NORMAL,-0.31786395422759295,-1.2258536689641941,,0.9333333333333349,0.06666666666666508,0.7466726529820672,58.0,-20.0,83.26086956521739,-2.360517718019608,77501786.88000001,0,True,1,0,A,True,False,False,3.242212333121408,NEUTRAL,31.46,2026-06-30,31.36,3.0612244897959107,PROMOTION_NEUTRAL,2026-07-01,-0.31786395422759295,-0.31786395422759295,3.5714285714285587,7.621173469387754,-0.8609693877551061,1,2026-06-16,2026-06-16,True,RECONSTRUCTED_NOT_PRODUCTION_EXACT,DISCOVERY,False,False,False,False,False,True,False,True,False,True,False,REJECT_CONFIRMATION_SHADOW,"{""d0_fresh_rs_p40"": 1.0, ""d0_fresh_volume_p40"": 3.0, ""d0_rs_slope5_p70"": 6.708057106025629, ""d0_rank_change3_p50"": 114.0, ""d0_flow_buy_days5_p70"": 4.0, ""d0_trend_eff5_p50"": 0.5314861460957175, ""d0_close_progress3_p50"": 5.966850828729298, ""d1_market_excess_p70"": 0.033209940654632675, ""d1_rs_change_p40"": 0.04062997403032401, ""d1_rank_change_p40"": -22.4, ""d1_flow_p50"": 4943366.0, ""d1_close_location_p30"": 0.43671497584541175, ""d1_upper_shadow_p70"": 0.23815384615384746, ""d3_rs_change_p40"": -2.0465804520160695, ""d3_rank_change_p40"": -73.39999999999999, ""d3_flow_acceleration_p50"": -16293412.410000004, ""d3_trend_eff_p50"": 0.8554216867469907, ""d3_max_drawdown_p30"": -2.645937542246859}"
00929,復華台灣科技優息,2026-06-15,2026-06-16,DAY1,A,RANGE_NORMAL,0.45916693998031555,-0.4488227747562856,,0.3249999999999987,0.3249999999999987,0.6328329034728696,84.0,-43.0,87.7536231884058,1.5542012230878726,-10868841.089999989,0,True,1,0,A,False,True,True,0.951131518530679,NEUTRAL,30.49,2026-06-30,30.63,0.48971596474045587,PROMOTION_NEUTRAL,2026-07-01,0.45916693998031555,0.45916693998031555,0.48971596474045587,7.215148547175976,-3.10153444335618,1,2026-06-16,2026-06-16,True,RECONSTRUCTED_NOT_PRODUCTION_EXACT,DISCOVERY,False,False,False,False,True,True,False,False,False,False,False,REJECT_CONFIRMATION_SHADOW,"{""d0_fresh_rs_p40"": 1.0, ""d0_fresh_volume_p40"": 3.0, ""d0_rs_slope5_p70"": 6.708057106025629, ""d0_rank_change3_p50"": 114.0, ""d0_flow_buy_days5_p70"": 4.0, ""d0_trend_eff5_p50"": 0.5314861460957175, ""d0_close_progress3_p50"": 5.966850828729298, ""d1_market_excess_p70"": 0.033209940654632675, ""d1_rs_change_p40"": 0.04062997403032401, ""d1_rank_change_p40"": -22.4, ""d1_flow_p50"": 4943366.0, ""d1_close_location_p30"": 0.43671497584541175, ""d1_upper_shadow_p70"": 0.23815384615384746, ""d3_rs_change_p40"": -2.0465804520160695, ""d3_rank_change_p40"": -73.39999999999999, ""d3_flow_acceleration_p50"": -16293412.410000004, ""d3_trend_eff_p50"": 0.8554216867469907, ""d3_max_drawdown_p30"": -2.645937542246859}"
00901,永豐智能車供應鏈,2026-06-15,2026-06-16,DAY1,A,RANGE_NORMAL,0.45064377682404455,-0.4573459379125566,,0.3442622950819689,0.6557377049180311,0.3570137657340103,36.0,8.0,85.3623188405797,4.220700343469872,2735716.829999998,1,True,1,0,A,False,True,True,1.716738197424883,NEUTRAL,46.6,2026-06-30,46.81,2.777184362315732,PROMOTION_NEUTRAL,2026-07-01,0.45064377682404455,0.45064377682404455,1.2604144413586704,5.746635334330263,-3.546250801110884,1,2026-06-16,2026-06-16,True,RECONSTRUCTED_NOT_PRODUCTION_EXACT,DISCOVERY,False,False,False,False,True,True,False,True,False,False,False,REJECT_CONFIRMATION_SHADOW,"{""d0_fresh_rs_p40"": 1.0, ""d0_fresh_volume_p40"": 3.0, ""d0_rs_slope5_p70"": 6.708057106025629, ""d0_rank_change3_p50"": 114.0, ""d0_flow_buy_days5_p70"": 4.0, ""d0_trend_eff5_p50"": 0.5314861460957175, ""d0_close_progress3_p50"": 5.966850828729298, ""d1_market_excess_p70"": 0.033209940654632675, ""d1_rs_change_p40"": 0.04062997403032401, ""d1_rank_change_p40"": -22.4, ""d1_flow_p50"": 4943366.0, ""d1_close_location_p30"": 0.43671497584541175, ""d1_upper_shadow_p70"": 0.23815384615384746, ""d3_rs_change_p40"": -2.0465804520160695, ""d3_rank_change_p40"": -73.39999999999999, ""d3_flow_acceleration_p50"": -16293412.410000004, ""d3_trend_eff_p50"": 0.8554216867469907, ""d3_max_drawdown_p30"": -2.645937542246859}"
00918,大華優利高填息30,2026-06-15,2026-06-16,DAY1,A,RANGE_NORMAL,0.7528230865746499,-0.15516662816195126,,0.3571428571428523,0.0,1.5089721323763612,83.0,-36.0,92.2463768115942,0.04984501968668553,-1714874594.3999999,0,True,1,0,A,True,True,True,0.7841907151819427,NEUTRAL,31.88,2026-06-30,32.12,-0.8717310087173025,PROMOTION_NEUTRAL,2026-07-01,0.7528230865746499,0.7528230865746499,0.03113325031134373,1.6811955168119619,-3.175591531755906,1,2026-06-16,2026-06-16,True,RECONSTRUCTED_NOT_PRODUCTION_EXACT,DISCOVERY,False,False,False,False,True,True,False,False,False,False,False,REJECT_CONFIRMATION_SHADOW,"{""d0_fresh_rs_p40"": 1.0, ""d0_fresh_volume_p40"": 3.0, ""d0_rs_slope5_p70"": 6.708057106025629, ""d0_rank_change3_p50"": 114.0, ""d0_flow_buy_days5_p70"": 4.0, ""d0_trend_eff5_p50"": 0.5314861460957175, ""d0_close_progress3_p50"": 5.966850828729298, ""d1_market_excess_p70"": 0.033209940654632675, ""d1_rs_change_p40"": 0.04062997403032401, ""d1_rank_change_p40"": -22.4, ""d1_flow_p50"": 4943366.0, ""d1_close_location_p30"": 0.43671497584541175, ""d1_upper_shadow_p70"": 0.23815384615384746, ""d3_rs_change_p40"": -2.0465804520160695, ""d3_rank_change_p40"": -73.39999999999999, ""d3_flow_acceleration_p50"": -16293412.410000004, ""d3_trend_eff_p50"": 0.8554216867469907, ""d3_max_drawdown_p30"": -2.645937542246859}"
00939,統一台灣高息動能,2026-06-15,2026-06-16,DAY1,A,RANGE_NORMAL,0.9402914903620108,0.03230177562540959,,0.8749999999999944,0.12500000000000555,0.6986172349773794,59.0,-9.0,85.43478260869566,-0.1143503392812164,73500741.52,1,True,1,0,A,True,True,False,0.8932769158439102,NEUTRAL,21.27,2026-06-30,21.47,-0.9315323707498768,PROMOTION_NEUTRAL,2026-07-01,0.9402914903620108,0.9402914903620108,-0.04657661853748607,3.0274802049371274,-1.4904517931998096,1,2026-06-16,2026-06-16,True,RECONSTRUCTED_NOT_PRODUCTION_EXACT,DISCOVERY,False,False,False,False,False,True,False,True,False,True,False,REJECT_CONFIRMATION_SHADOW,"{""d0_fresh_rs_p40"": 1.0, ""d0_fresh_volume_p40"": 3.0, ""d0_rs_slope5_p70"": 6.708057106025629, ""d0_rank_change3_p50"": 114.0, ""d0_flow_buy_days5_p70"": 4.0, ""d0_trend_eff5_p50"": 0.5314861460957175, ""d0_close_progress3_p50"": 5.966850828729298, ""d1_market_excess_p70"": 0.033209940654632675, ""d1_rs_change_p40"": 0.04062997403032401, ""d1_rank_change_p40"": -22.4, ""d1_flow_p50"": 4943366.0, ""d1_close_location_p30"": 0.43671497584541175, ""d1_upper_shadow_p70"": 0.23815384615384746, ""d3_rs_change_p40"": -2.0465804520160695, ""d3_rank_change_p40"": -73.39999999999999, ""d3_flow_acceleration_p50"": -16293412.410000004, ""d3_trend_eff_p50"": 0.8554216867469907, ""d3_max_drawdown_p30"": -2.645937542246859}"
00690,兆豐藍籌30,2026-06-15,2026-06-16,DAY1,A,RANGE_NORMAL,1.1838006230529663,0.2758109083163651,,0.9375000000000033,0.06249999999999667,0.8318480949261179,15.0,38.0,84.78260869565217,9.565845689871821,25531959.6,1,True,1,0,A,False,True,False,1.3707165109034136,NEUTRAL,80.25,2026-06-30,81.2,2.5862068965517127,PROMOTION_NEUTRAL,2026-07-01,1.1838006230529663,1.1838006230529663,0.1847290640393906,6.157635467980294,-4.371921182266004,1,2026-06-16,2026-06-16,True,RECONSTRUCTED_NOT_PRODUCTION_EXACT,DISCOVERY,False,False,False,True,True,True,False,True,False,True,False,REJECT_CONFIRMATION_SHADOW,"{""d0_fresh_rs_p40"": 1.0, ""d0_fresh_volume_p40"": 3.0, ""d0_rs_slope5_p70"": 6.708057106025629, ""d0_rank_change3_p50"": 114.0, ""d0_flow_buy_days5_p70"": 4.0, ""d0_trend_eff5_p50"": 0.5314861460957175, ""d0_close_progress3_p50"": 5.966850828729298, ""d1_market_excess_p70"": 0.033209940654632675, ""d1_rs_change_p40"": 0.04062997403032401, ""d1_rank_change_p40"": -22.4, ""d1_flow_p50"": 4943366.0, ""d1_close_location_p30"": 0.43671497584541175, ""d1_upper_shadow_p70"": 0.23815384615384746, ""d3_rs_change_p40"": -2.0465804520160695, ""d3_rank_change_p40"": -73.39999999999999, ""d3_flow_acceleration_p50"": -16293412.410000004, ""d3_trend_eff_p50"": 0.8554216867469907, ""d3_max_drawdown_p30"": -2.645937542246859}"
00954,中信日本半導體,2026-06-15,2026-06-16,DAY1,A,RANGE_NORMAL,-0.2846299810246644,-1.1926196957612656,,0.5909090909090895,0.25,1.360075454315343,49.0,5.0,93.69565217391305,3.6667504398090074,9056109.659999996,0,True,1,0,A,True,False,False,6.166982922201147,NEUTRAL,21.08,2026-06-30,21.02,9.752616555661287,PROMOTION_NEUTRAL,2026-07-01,-0.2846299810246644,-0.2846299810246644,6.470028544243567,11.322549952426254,-1.7126546146527089,1,2026-06-16,2026-06-16,True,RECONSTRUCTED_NOT_PRODUCTION_EXACT,DISCOVERY,True,True,True,False,True,True,True,True,True,False,False,KEEP_RESERVE_SHADOW,"{""d0_fresh_rs_p40"": 1.0, ""d0_fresh_volume_p40"": 3.0, ""d0_rs_slope5_p70"": 6.708057106025629, ""d0_rank_change3_p50"": 114.0, ""d0_flow_buy_days5_p70"": 4.0, ""d0_trend_eff5_p50"": 0.5314861460957175, ""d0_close_progress3_p50"": 5.966850828729298, ""d1_market_excess_p70"": 0.033209940654632675, ""d1_rs_change_p40"": 0.04062997403032401, ""d1_rank_change_p40"": -22.4, ""d1_flow_p50"": 4943366.0, ""d1_close_location_p30"": 0.43671497584541175, ""d1_upper_shadow_p70"": 0.23815384615384746, ""d3_rs_change_p40"": -2.0465804520160695, ""d3_rank_change_p40"": -73.39999999999999, ""d3_flow_acceleration_p50"": -16293412.410000004, ""d3_trend_eff_p50"": 0.8554216867469907, ""d3_max_drawdown_p30"": -2.645937542246859}"
00935,野村臺灣新科技50,2026-06-15,2026-06-16,DAY1,A,RANGE_NORMAL,0.8216926869350827,-0.08629702780151849,,0.5,0.3571428571428557,0.5356309168454618,17.0,38.0,86.30434782608695,5.813018346318174,122537422.50000001,1,True,1,0,A,False,True,False,2.629416598192269,NEUTRAL,60.85,2026-06-30,61.35,2.6079869600652117,PROMOTION_NEUTRAL,2026-07-01,0.8216926869350827,0.8216926869350827,1.792991035044822,6.275468622656888,-4.88997555012225,1,2026-06-16,2026-06-16,True,RECONSTRUCTED_NOT_PRODUCTION_EXACT,DISCOVERY,False,False,False,False,True,True,False,True,False,False,False,REJECT_CONFIRMATION_SHADOW,"{""d0_fresh_rs_p40"": 1.0, ""d0_fresh_volume_p40"": 3.0, ""d0_rs_slope5_p70"": 6.708057106025629, ""d0_rank_change3_p50"": 114.0, ""d0_flow_buy_days5_p70"": 4.0, ""d0_trend_eff5_p50"": 0.5314861460957175, ""d0_close_progress3_p50"": 5.966850828729298, ""d1_market_excess_p70"": 0.033209940654632675, ""d1_rs_change_p40"": 0.04062997403032401, ""d1_rank_change_p40"": -22.4, ""d1_flow_p50"": 4943366.0, ""d1_close_location_p30"": 0.43671497584541175, ""d1_upper_shadow_p70"": 0.23815384615384746, ""d3_rs_change_p40"": -2.0465804520160695, ""d3_rank_change_p40"": -73.39999999999999, ""d3_flow_acceleration_p50"": -16293412.410000004, ""d3_trend_eff_p50"": 0.8554216867469907, ""d3_max_drawdown_p30"": -2.645937542246859}"
00830,國泰費城半導體,2026-06-15,2026-06-16,DAY1,A,RANGE_NORMAL,0.0,-0.9079897147366012,,0.8750000000000067,0.0,0.7168776500415283,66.0,-10.0,92.10144927536231,3.517634246460574,-135966439.95,0,True,1,0,A,True,True,False,-0.6602336211274817,NEUTRAL,98.45,2026-06-30,98.45,1.422041645505323,PROMOTION_NEUTRAL,2026-07-01,0.0,0.0,-0.6602336211274817,3.8090401218892733,-5.078720162519046,1,2026-06-16,2026-06-16,True,RECONSTRUCTED_NOT_PRODUCTION_EXACT,DISCOVERY,False,False,False,False,True,True,False,False,False,True,False,REJECT_CONFIRMATION_SHADOW,"{""d0_fresh_rs_p40"": 1.0, ""d0_fresh_volume_p40"": 3.0, ""d0_rs_slope5_p70"": 6.708057106025629, ""d0_rank_change3_p50"": 114.0, ""d0_flow_buy_days5_p70"": 4.0, ""d0_trend_eff5_p50"": 0.5314861460957175, ""d0_close_progress3_p50"": 5.966850828729298, ""d1_market_excess_p70"": 0.033209940654632675, ""d1_rs_change_p40"": 0.04062997403032401, ""d1_rank_change_p40"": -22.4, ""d1_flow_p50"": 4943366.0, ""d1_close_location_p30"": 0.43671497584541175, ""d1_upper_shadow_p70"": 0.23815384615384746, ""d3_rs_change_p40"": -2.0465804520160695, ""d3_rank_change_p40"": -73.39999999999999, ""d3_flow_acceleration_p50"": -16293412.410000004, ""d3_trend_eff_p50"": 0.8554216867469907, ""d3_max_drawdown_p30"": -2.645937542246859}"
00951,台新日本半導體,2026-06-15,2026-06-16,DAY1,A,RANGE_NORMAL,-0.30379746835442756,-1.2117871830910287,,0.6190476190476203,0.04761904761905487,1.2700469318846759,117.0,-59.0,93.6231884057971,4.172321353773967,-550847.4399999976,0,True,1,0,A,True,False,False,6.278481012658221,NEUTRAL,19.75,2026-06-30,19.69,9.649568308786183,PROMOTION_NEUTRAL,2026-07-01,-0.30379746835442756,-0.30379746835442756,6.602336211274751,11.376333164042652,-1.523616048755716,1,2026-06-16,2026-06-16,True,RECONSTRUCTED_NOT_PRODUCTION_EXACT,DISCOVERY,True,True,True,False,True,True,True,False,False,True,False,KEEP_RESERVE_SHADOW,"{""d0_fresh_rs_p40"": 1.0, ""d0_fresh_volume_p40"": 3.0, ""d0_rs_slope5_p70"": 6.708057106025629, ""d0_rank_change3_p50"": 114.0, ""d0_flow_buy_days5_p70"": 4.0, ""d0_trend_eff5_p50"": 0.5314861460957175, ""d0_close_progress3_p50"": 5.966850828729298, ""d1_market_excess_p70"": 0.033209940654632675, ""d1_rs_change_p40"": 0.04062997403032401, ""d1_rank_change_p40"": -22.4, ""d1_flow_p50"": 4943366.0, ""d1_close_location_p30"": 0.43671497584541175, ""d1_upper_shadow_p70"": 0.23815384615384746, ""d3_rs_change_p40"": -2.0465804520160695, ""d3_rank_change_p40"": -73.39999999999999, ""d3_flow_acceleration_p50"": -16293412.410000004, ""d3_trend_eff_p50"": 0.8554216867469907, ""d3_max_drawdown_p30"": -2.645937542246859}"
00735,國泰臺韓科技,2026-06-15,2026-06-16,DAY1,A,RANGE_NORMAL,0.7522123893805244,-0.1557773253560768,,0.6285714285714253,0.0,0.600020386545325,29.0,31.0,87.53623188405797,3.6489486470637473,112909485.15,1,True,1,0,A,False,True,False,3.4070796460176966,NEUTRAL,113.0,2026-06-30,113.85,1.5371102327624175,PROMOTION_NEUTRAL,2026-07-01,0.7522123893805244,0.7522123893805244,2.6350461133069825,8.300395256916993,-1.9762845849802368,1,2026-06-16,2026-06-16,True,RECONSTRUCTED_NOT_PRODUCTION_EXACT,DISCOVERY,False,False,False,False,True,True,False,True,False,True,False,REJECT_CONFIRMATION_SHADOW,"{""d0_fresh_rs_p40"": 1.0, ""d0_fresh_volume_p40"": 3.0, ""d0_rs_slope5_p70"": 6.708057106025629, ""d0_rank_change3_p50"": 114.0, ""d0_flow_buy_days5_p70"": 4.0, ""d0_trend_eff5_p50"": 0.5314861460957175, ""d0_close_progress3_p50"": 5.966850828729298, ""d1_market_excess_p70"": 0.033209940654632675, ""d1_rs_change_p40"": 0.04062997403032401, ""d1_rank_change_p40"": -22.4, ""d1_flow_p50"": 4943366.0, ""d1_close_location_p30"": 0.43671497584541175, ""d1_upper_shadow_p70"": 0.23815384615384746, ""d3_rs_change_p40"": -2.0465804520160695, ""d3_rank_change_p40"": -73.39999999999999, ""d3_flow_acceleration_p50"": -16293412.410000004, ""d3_trend_eff_p50"": 0.8554216867469907, ""d3_max_drawdown_p30"": -2.645937542246859}"
5471,松翰,2026-06-15,2026-06-16,DAY1,A,RANGE_NORMAL,0.17421602787457413,-0.733773686862027,1.073496603414148,0.08695652173913151,0.47826086956521713,3.842322777198206,162.0,-99.0,87.2463768115942,7.622099354946798,-173950380.0,0,False,2,1,AC,True,True,True,7.317073170731714,NEUTRAL,57.4,2026-06-30,57.5,4.0000000000000036,PROMOTION_NEUTRAL,2026-07-01,0.17421602787457413,0.17421602787457413,7.130434782608708,16.17391304347826,-1.9130434782608674,1,2026-06-16,2026-06-16,True,RECONSTRUCTED_NOT_PRODUCTION_EXACT,DISCOVERY,True,True,True,False,True,False,False,False,False,False,False,REJECT_CONFIRMATION_SHADOW,"{""d0_fresh_rs_p40"": 1.0, ""d0_fresh_volume_p40"": 3.0, ""d0_rs_slope5_p70"": 6.708057106025629, ""d0_rank_change3_p50"": 114.0, ""d0_flow_buy_days5_p70"": 4.0, ""d0_trend_eff5_p50"": 0.5314861460957175, ""d0_close_progress3_p50"": 5.966850828729298, ""d1_market_excess_p70"": 0.033209940654632675, ""d1_rs_change_p40"": 0.04062997403032401, ""d1_rank_change_p40"": -22.4, ""d1_flow_p50"": 4943366.0, ""d1_close_location_p30"": 0.43671497584541175, ""d1_upper_shadow_p70"": 0.23815384615384746, ""d3_rs_change_p40"": -2.0465804520160695, ""d3_rank_change_p40"": -73.39999999999999, ""d3_flow_acceleration_p50"": -16293412.410000004, ""d3_trend_eff_p50"": 0.8554216867469907, ""d3_max_drawdown_p30"": -2.645937542246859}"
009804,聯邦台精彩50,2026-06-15,2026-06-16,DAY1,A,RANGE_NORMAL,1.056189269117036,0.14819955438043486,,0.6363636363636422,0.36363636363635776,1.2556621076870422,51.0,14.0,84.85507246376811,3.7857083019184046,6972010.239999998,1,True,1,0,A,False,True,False,2.408111533586798,NEUTRAL,23.67,2026-06-30,23.92,2.1739130434782483,PROMOTION_NEUTRAL,2026-07-01,1.056189269117036,1.056189269117036,1.3377926421404451,5.8528428093645335,-3.177257525083621,1,2026-06-16,2026-06-16,True,RECONSTRUCTED_NOT_PRODUCTION_EXACT,DISCOVERY,False,False,False,True,True,True,False,True,False,False,False,REJECT_CONFIRMATION_SHADOW,"{""d0_fresh_rs_p40"": 1.0, ""d0_fresh_volume_p40"": 3.0, ""d0_rs_slope5_p70"": 6.708057106025629, ""d0_rank_change3_p50"": 114.0, ""d0_flow_buy_days5_p70"": 4.0, ""d0_trend_eff5_p50"": 0.5314861460957175, ""d0_close_progress3_p50"": 5.966850828729298, ""d1_market_excess_p70"": 0.033209940654632675, ""d1_rs_change_p40"": 0.04062997403032401, ""d1_rank_change_p40"": -22.4, ""d1_flow_p50"": 4943366.0, ""d1_close_location_p30"": 0.43671497584541175, ""d1_upper_shadow_p70"": 0.23815384615384746, ""d3_rs_change_p40"": -2.0465804520160695, ""d3_rank_change_p40"": -73.39999999999999, ""d3_flow_acceleration_p50"": -16293412.410000004, ""d3_trend_eff_p50"": 0.8554216867469907, ""d3_max_drawdown_p30"": -2.645937542246859}"
4551,智伸科,2026-06-15,2026-06-16,DAY1,A,RANGE_NORMAL,9.880239520958089,8.972249806221487,9.880239520958089,1.0,0.0,1.8145820703083757,24.0,46.0,92.17391304347827,10.88778587584821,23672234.0,1,True,1,0,C,True,True,False,34.730538922155695,WINNER,167.0,2026-06-30,183.5,27.520435967302447,PROMOTION_WINNER,2026-07-01,9.880239520958089,9.880239520958089,22.615803814713885,41.96185286103542,5.177111716621252,1,2026-06-16,2026-06-16,True,RECONSTRUCTED_NOT_PRODUCTION_EXACT,DISCOVERY,True,True,True,True,True,True,True,True,True,True,True,PROMOTE_DAY1_SHADOW,"{""d0_fresh_rs_p40"": 1.0, ""d0_fresh_volume_p40"": 3.0, ""d0_rs_slope5_p70"": 6.708057106025629, ""d0_rank_change3_p50"": 114.0, ""d0_flow_buy_days5_p70"": 4.0, ""d0_trend_eff5_p50"": 0.5314861460957175, ""d0_close_progress3_p50"": 5.966850828729298, ""d1_market_excess_p70"": 0.033209940654632675, ""d1_rs_change_p40"": 0.04062997403032401, ""d1_rank_change_p40"": -22.4, ""d1_flow_p50"": 4943366.0, ""d1_close_location_p30"": 0.43671497584541175, ""d1_upper_shadow_p70"": 0.23815384615384746, ""d3_rs_change_p40"": -2.0465804520160695, ""d3_rank_change_p40"": -73.39999999999999, ""d3_flow_acceleration_p50"": -16293412.410000004, ""d3_trend_eff_p50"": 0.8554216867469907, ""d3_max_drawdown_p30"": -2.645937542246859}"
00930,永豐ESG低碳高息,2026-06-15,2026-06-16,DAY1,A,RANGE_NORMAL,0.3637833468068008,-0.5442063679298004,,0.1999999999999858,0.1999999999999858,0.156425671461074,93.0,-22.0,83.76811594202898,0.24210438133533785,8656309.09,1,True,1,0,A,False,True,True,0.8488278092158463,NEUTRAL,24.74,2026-06-30,24.83,1.651228352799028,PROMOTION_NEUTRAL,2026-07-01,0.3637833468068008,0.3637833468068008,0.4832863471607052,7.732581554571083,-1.933145388642754,1,2026-06-16,2026-06-16,True,RECONSTRUCTED_NOT_PRODUCTION_EXACT,DISCOVERY,False,False,False,False,True,True,False,True,False,False,False,REJECT_CONFIRMATION_SHADOW,"{""d0_fresh_rs_p40"": 1.0, ""d0_fresh_volume_p40"": 3.0, ""d0_rs_slope5_p70"": 6.708057106025629, ""d0_rank_change3_p50"": 114.0, ""d0_flow_buy_days5_p70"": 4.0, ""d0_trend_eff5_p50"": 0.5314861460957175, ""d0_close_progress3_p50"": 5.966850828729298, ""d1_market_excess_p70"": 0.033209940654632675, ""d1_rs_change_p40"": 0.04062997403032401, ""d1_rank_change_p40"": -22.4, ""d1_flow_p50"": 4943366.0, ""d1_close_location_p30"": 0.43671497584541175, ""d1_upper_shadow_p70"": 0.23815384615384746, ""d3_rs_change_p40"": -2.0465804520160695, ""d3_rank_change_p40"": -73.39999999999999, ""d3_flow_acceleration_p50"": -16293412.410000004, ""d3_trend_eff_p50"": 0.8554216867469907, ""d3_max_drawdown_p30"": -2.645937542246859}"
00900,富邦特選高股息30,2026-06-15,2026-06-16,DAY1,A,RANGE_NORMAL,-0.6150691952844789,-1.52305891002108,,0.22222222222221782,0.16666666666667324,0.4346046300253019,105.0,-33.0,84.27536231884058,0.02680740554578165,28838320.42,0,True,1,0,A,False,False,True,-1.5376729882111806,NEUTRAL,19.51,2026-06-30,19.39,-0.3610108303249149,PROMOTION_NEUTRAL,2026-07-01,-0.6150691952844789,-0.6150691952844789,-0.9283135636926287,4.538421866941711,-2.8365136668385804,1,2026-06-16,2026-06-16,True,RECONSTRUCTED_NOT_PRODUCTION_EXACT,DISCOVERY,False,False,False,False,False,True,False,True,False,False,False,REJECT_CONFIRMATION_SHADOW,"{""d0_fresh_rs_p40"": 1.0, ""d0_fresh_volume_p40"": 3.0, ""d0_rs_slope5_p70"": 6.708057106025629, ""d0_rank_change3_p50"": 114.0, ""d0_flow_buy_days5_p70"": 4.0, ""d0_trend_eff5_p50"": 0.5314861460957175, ""d0_close_progress3_p50"": 5.966850828729298, ""d1_market_excess_p70"": 0.033209940654632675, ""d1_rs_change_p40"": 0.04062997403032401, ""d1_rank_change_p40"": -22.4, ""d1_flow_p50"": 4943366.0, ""d1_close_location_p30"": 0.43671497584541175, ""d1_upper_shadow_p70"": 0.23815384615384746, ""d3_rs_change_p40"": -2.0465804520160695, ""d3_rank_change_p40"": -73.39999999999999, ""d3_flow_acceleration_p50"": -16293412.410000004, ""d3_trend_eff_p50"": 0.8554216867469907, ""d3_max_drawdown_p30"": -2.645937542246859}"
009802,富邦旗艦50,2026-06-15,2026-06-16,DAY1,A,RANGE_NORMAL,-0.1506024096385561,-1.0585921243751573,,0.7575757575757615,0.09090909090908406,0.47200936635474283,55.0,21.0,85.28985507246377,3.5702018932730084,30708051.659999996,0,True,1,0,A,False,False,False,-2.5602409638554313,NEUTRAL,19.92,2026-06-30,19.89,-1.9607843137254943,PROMOTION_NEUTRAL,2026-07-01,-0.1506024096385561,-0.1506024096385561,-2.413273001508298,3.217697335344405,-8.04424333836099,1,2026-06-16,2026-06-16,True,RECONSTRUCTED_NOT_PRODUCTION_EXACT,DISCOVERY,False,False,False,False,True,True,False,True,False,True,False,REJECT_CONFIRMATION_SHADOW,"{""d0_fresh_rs_p40"": 1.0, ""d0_fresh_volume_p40"": 3.0, ""d0_rs_slope5_p70"": 6.708057106025629, ""d0_rank_change3_p50"": 114.0, ""d0_flow_buy_days5_p70"": 4.0, ""d0_trend_eff5_p50"": 0.5314861460957175, ""d0_close_progress3_p50"": 5.966850828729298, ""d1_market_excess_p70"": 0.033209940654632675, ""d1_rs_change_p40"": 0.04062997403032401, ""d1_rank_change_p40"": -22.4, ""d1_flow_p50"": 4943366.0, ""d1_close_location_p30"": 0.43671497584541175, ""d1_upper_shadow_p70"": 0.23815384615384746, ""d3_rs_change_p40"": -2.0465804520160695, ""d3_rank_change_p40"": -73.39999999999999, ""d3_flow_acceleration_p50"": -16293412.410000004, ""d3_trend_eff_p50"": 0.8554216867469907, ""d3_max_drawdown_p30"": -2.645937542246859}"
00631L,元大台灣50正2,2026-06-15,2026-06-16,DAY1,A,RANGE_NORMAL,0.6474237928243864,-0.2605659219122147,,0.6463414634146353,0.0,0.7573674589716745,91.0,-12.0,91.08695652173913,3.5869565217391255,1415561622.02,1,True,1,0,A,False,True,False,3.641758834637177,NEUTRAL,37.07,2026-06-30,37.31,5.816135084427754,PROMOTION_NEUTRAL,2026-07-01,0.6474237928243864,0.6474237928243864,2.9750737067810284,12.007504690431503,-5.923344947735199,1,2026-06-16,2026-06-16,True,RECONSTRUCTED_NOT_PRODUCTION_EXACT,DISCOVERY,False,False,False,False,True,True,False,True,False,True,False,REJECT_CONFIRMATION_SHADOW,"{""d0_fresh_rs_p40"": 1.0, ""d0_fresh_volume_p40"": 3.0, ""d0_rs_slope5_p70"": 6.708057106025629, ""d0_rank_change3_p50"": 114.0, ""d0_flow_buy_days5_p70"": 4.0, ""d0_trend_eff5_p50"": 0.5314861460957175, ""d0_close_progress3_p50"": 5.966850828729298, ""d1_market_excess_p70"": 0.033209940654632675, ""d1_rs_change_p40"": 0.04062997403032401, ""d1_rank_change_p40"": -22.4, ""d1_flow_p50"": 4943366.0, ""d1_close_location_p30"": 0.43671497584541175, ""d1_upper_shadow_p70"": 0.23815384615384746, ""d3_rs_change_p40"": -2.0465804520160695, ""d3_rank_change_p40"": -73.39999999999999, ""d3_flow_acceleration_p50"": -16293412.410000004, ""d3_trend_eff_p50"": 0.8554216867469907, ""d3_max_drawdown_p30"": -2.645937542246859}"
0050,元大台灣50,2026-06-15,2026-06-16,DAY1,A,RANGE_NORMAL,0.6175771971496546,-0.29041251758694653,,0.8750000000000074,0.0,0.42876284260332237,48.0,33.0,77.68115942028986,4.198500460752285,1493426051.1000001,1,True,1,0,A,False,True,False,2.422802850356298,NEUTRAL,105.25,2026-06-30,105.9,3.25779036827194,PROMOTION_NEUTRAL,2026-07-01,0.6175771971496546,0.6175771971496546,1.7941454202077267,6.043437204910274,-2.9272898961284266,1,2026-06-16,2026-06-16,True,RECONSTRUCTED_NOT_PRODUCTION_EXACT,DISCOVERY,False,False,False,False,True,True,False,True,False,True,False,REJECT_CONFIRMATION_SHADOW,"{""d0_fresh_rs_p40"": 1.0, ""d0_fresh_volume_p40"": 3.0, ""d0_rs_slope5_p70"": 6.708057106025629, ""d0_rank_change3_p50"": 114.0, ""d0_flow_buy_days5_p70"": 4.0, ""d0_trend_eff5_p50"": 0.5314861460957175, ""d0_close_progress3_p50"": 5.966850828729298, ""d1_market_excess_p70"": 0.033209940654632675, ""d1_rs_change_p40"": 0.04062997403032401, ""d1_rank_change_p40"": -22.4, ""d1_flow_p50"": 4943366.0, ""d1_close_location_p30"": 0.43671497584541175, ""d1_upper_shadow_p70"": 0.23815384615384746, ""d3_rs_change_p40"": -2.0465804520160695, ""d3_rank_change_p40"": -73.39999999999999, ""d3_flow_acceleration_p50"": -16293412.410000004, ""d3_trend_eff_p50"": 0.8554216867469907, ""d3_max_drawdown_p30"": -2.645937542246859}"
00907,永豐優息存股,2026-06-15,2026-06-16,DAY1,A,RANGE_NORMAL,0.1833740831295838,-0.7246156316070174,,0.4500000000000009,0.4500000000000009,0.5281098260472179,139.0,-55.0,74.27536231884058,-3.1812850800033488,10502187.52,1,False,1,0,A,False,True,False,-0.916870415647908,NEUTRAL,16.36,2026-06-30,16.39,-1.7083587553386237,PROMOTION_NEUTRAL,2026-07-01,0.1833740831295838,0.1833740831295838,-1.0982306284319732,2.0134228187919323,-2.0744356314826073,1,2026-06-16,2026-06-16,True,RECONSTRUCTED_NOT_PRODUCTION_EXACT,DISCOVERY,False,False,False,False,False,False,False,True,False,False,False,REJECT_CONFIRMATION_SHADOW,"{""d0_fresh_rs_p40"": 1.0, ""d0_fresh_volume_p40"": 3.0, ""d0_rs_slope5_p70"": 6.708057106025629, ""d0_rank_change3_p50"": 114.0, ""d0_flow_buy_days5_p70"": 4.0, ""d0_trend_eff5_p50"": 0.5314861460957175, ""d0_close_progress3_p50"": 5.966850828729298, ""d1_market_excess_p70"": 0.033209940654632675, ""d1_rs_change_p40"": 0.04062997403032401, ""d1_rank_change_p40"": -22.4, ""d1_flow_p50"": 4943366.0, ""d1_close_location_p30"": 0.43671497584541175, ""d1_upper_shadow_p70"": 0.23815384615384746, ""d3_rs_change_p40"": -2.0465804520160695, ""d3_rank_change_p40"": -73.39999999999999, ""d3_flow_acceleration_p50"": -16293412.410000004, ""d3_trend_eff_p50"": 0.8554216867469907, ""d3_max_drawdown_p30"": -2.645937542246859}"
00905,FT臺灣Smart,2026-06-15,2026-06-16,DAY1,A,RANGE_NORMAL,0.2527075812274404,-0.6552821335091608,,0.6538461538461517,0.15384615384615175,0.5049949656426334,62.0,25.0,83.6231884057971,3.565384937589002,3460558.55,1,True,1,0,A,False,True,False,2.743682310469331,NEUTRAL,27.7,2026-06-30,27.77,3.4569679510262796,PROMOTION_NEUTRAL,2026-07-01,0.2527075812274404,0.2527075812274404,2.4846957148001447,6.445804825351087,-2.5927259632697153,1,2026-06-16,2026-06-16,True,RECONSTRUCTED_NOT_PRODUCTION_EXACT,DISCOVERY,False,False,False,False,True,True,False,True,False,True,False,REJECT_CONFIRMATION_SHADOW,"{""d0_fresh_rs_p40"": 1.0, ""d0_fresh_volume_p40"": 3.0, ""d0_rs_slope5_p70"": 6.708057106025629, ""d0_rank_change3_p50"": 114.0, ""d0_flow_buy_days5_p70"": 4.0, ""d0_trend_eff5_p50"": 0.5314861460957175, ""d0_close_progress3_p50"": 5.966850828729298, ""d1_market_excess_p70"": 0.033209940654632675, ""d1_rs_change_p40"": 0.04062997403032401, ""d1_rank_change_p40"": -22.4, ""d1_flow_p50"": 4943366.0, ""d1_close_location_p30"": 0.43671497584541175, ""d1_upper_shadow_p70"": 0.23815384615384746, ""d3_rs_change_p40"": -2.0465804520160695, ""d3_rank_change_p40"": -73.39999999999999, ""d3_flow_acceleration_p50"": -16293412.410000004, ""d3_trend_eff_p50"": 0.8554216867469907, ""d3_max_drawdown_p30"": -2.645937542246859}"
3041,揚智,2026-06-15,2026-06-16,DAY1,A,RANGE_NORMAL,-2.2222222222222254,-3.1302119369588266,-1.3229416466826516,0.0,0.15789473684210545,2.4677530010431674,126.0,-36.0,81.44927536231884,0.4521655357292502,20608130.4,0,False,2,0,AC,False,False,True,5.9259259259259345,NEUTRAL,27.0,2026-06-30,26.4,6.060606060606055,PROMOTION_NEUTRAL,2026-07-01,-2.2222222222222254,-2.2222222222222254,8.333333333333348,23.10606060606062,-1.5151515151515138,1,2026-06-16,2026-06-16,True,RECONSTRUCTED_NOT_PRODUCTION_EXACT,DISCOVERY,True,True,True,False,True,False,False,True,False,False,False,REJECT_CONFIRMATION_SHADOW,"{""d0_fresh_rs_p40"": 1.0, ""d0_fresh_volume_p40"": 3.0, ""d0_rs_slope5_p70"": 6.708057106025629, ""d0_rank_change3_p50"": 114.0, ""d0_flow_buy_days5_p70"": 4.0, ""d0_trend_eff5_p50"": 0.5314861460957175, ""d0_close_progress3_p50"": 5.966850828729298, ""d1_market_excess_p70"": 0.033209940654632675, ""d1_rs_change_p40"": 0.04062997403032401, ""d1_rank_change_p40"": -22.4, ""d1_flow_p50"": 4943366.0, ""d1_close_location_p30"": 0.43671497584541175, ""d1_upper_shadow_p70"": 0.23815384615384746, ""d3_rs_change_p40"": -2.0465804520160695, ""d3_rank_change_p40"": -73.39999999999999, ""d3_flow_acceleration_p50"": -16293412.410000004, ""d3_trend_eff_p50"": 0.8554216867469907, ""d3_max_drawdown_p30"": -2.645937542246859}"
00988A,主動統一全球創新,2026-06-15,2026-06-16,DAY1,A,RANGE_NORMAL,1.4311270125223707,0.5231372977857696,,0.739130434782607,0.21739130434782877,0.9974592983762243,35.0,59.0,90.57971014492753,7.631733266314811,269182614.96,1,True,1,0,A,True,True,False,-0.3577817531305816,NEUTRAL,22.36,2026-06-30,22.68,0.44091710758378255,PROMOTION_NEUTRAL,2026-07-01,1.4311270125223707,1.4311270125223707,-1.7636684303350858,5.2028218694885275,-6.084656084656082,1,2026-06-16,2026-06-16,True,RECONSTRUCTED_NOT_PRODUCTION_EXACT,DISCOVERY,False,False,False,True,True,True,False,True,False,True,False,REJECT_CONFIRMATION_SHADOW,"{""d0_fresh_rs_p40"": 1.0, ""d0_fresh_volume_p40"": 3.0, ""d0_rs_slope5_p70"": 6.708057106025629, ""d0_rank_change3_p50"": 114.0, ""d0_flow_buy_days5_p70"": 4.0, ""d0_trend_eff5_p50"": 0.5314861460957175, ""d0_close_progress3_p50"": 5.966850828729298, ""d1_market_excess_p70"": 0.033209940654632675, ""d1_rs_change_p40"": 0.04062997403032401, ""d1_rank_change_p40"": -22.4, ""d1_flow_p50"": 4943366.0, ""d1_close_location_p30"": 0.43671497584541175, ""d1_upper_shadow_p70"": 0.23815384615384746, ""d3_rs_change_p40"": -2.0465804520160695, ""d3_rank_change_p40"": -73.39999999999999, ""d3_flow_acceleration_p50"": -16293412.410000004, ""d3_trend_eff_p50"": 0.8554216867469907, ""d3_max_drawdown_p30"": -2.645937542246859}"
00912,中信臺灣智慧50,2026-06-15,2026-06-16,DAY1,A,RANGE_NORMAL,0.7676409802184869,-0.14034873451811425,,0.6206896551724146,0.37931034482758536,0.6290478814496676,44.0,51.0,82.17391304347827,4.1392309625534125,9073016.809999999,1,True,1,0,A,True,True,False,1.4762326542663071,NEUTRAL,33.87,2026-06-30,34.13,2.4318781130969747,PROMOTION_NEUTRAL,2026-07-01,0.7676409802184869,0.7676409802184869,0.703193671256952,6.065045414591275,-2.929973630237326,1,2026-06-16,2026-06-16,True,RECONSTRUCTED_NOT_PRODUCTION_EXACT,DISCOVERY,False,False,False,False,True,True,False,True,False,False,False,REJECT_CONFIRMATION_SHADOW,"{""d0_fresh_rs_p40"": 1.0, ""d0_fresh_volume_p40"": 3.0, ""d0_rs_slope5_p70"": 6.708057106025629, ""d0_rank_change3_p50"": 114.0, ""d0_flow_buy_days5_p70"": 4.0, ""d0_trend_eff5_p50"": 0.5314861460957175, ""d0_close_progress3_p50"": 5.966850828729298, ""d1_market_excess_p70"": 0.033209940654632675, ""d1_rs_change_p40"": 0.04062997403032401, ""d1_rank_change_p40"": -22.4, ""d1_flow_p50"": 4943366.0, ""d1_close_location_p30"": 0.43671497584541175, ""d1_upper_shadow_p70"": 0.23815384615384746, ""d3_rs_change_p40"": -2.0465804520160695, ""d3_rank_change_p40"": -73.39999999999999, ""d3_flow_acceleration_p50"": -16293412.410000004, ""d3_trend_eff_p50"": 0.8554216867469907, ""d3_max_drawdown_p30"": -2.645937542246859}"
5434,崇越,2026-06-15,2026-06-16,DAY1,A,RANGE_NORMAL,0.5341880341880323,-0.3738016805485689,2.6175213675213693,0.09523809523809523,0.9047619047619048,1.0194646051727987,,,86.01449275362319,1.8381921755885031,92786834.5,1,False,0,-1,,False,True,True,17.307692307692314,WINNER,468.0,2026-06-30,470.5,13.283740701381518,PROMOTION_WINNER,2026-07-01,0.5341880341880323,0.5341880341880323,16.684378320935167,24.760892667375135,-1.4877789585547307,1,2026-06-16,2026-06-16,True,RECONSTRUCTED_NOT_PRODUCTION_EXACT,DISCOVERY,False,False,False,False,True,False,False,True,False,False,False,REJECT_CONFIRMATION_SHADOW,"{""d0_fresh_rs_p40"": 1.0, ""d0_fresh_volume_p40"": 3.0, ""d0_rs_slope5_p70"": 6.708057106025629, ""d0_rank_change3_p50"": 114.0, ""d0_flow_buy_days5_p70"": 4.0, ""d0_trend_eff5_p50"": 0.5314861460957175, ""d0_close_progress3_p50"": 5.966850828729298, ""d1_market_excess_p70"": 0.033209940654632675, ""d1_rs_change_p40"": 0.04062997403032401, ""d1_rank_change_p40"": -22.4, ""d1_flow_p50"": 4943366.0, ""d1_close_location_p30"": 0.43671497584541175, ""d1_upper_shadow_p70"": 0.23815384615384746, ""d3_rs_change_p40"": -2.0465804520160695, ""d3_rank_change_p40"": -73.39999999999999, ""d3_flow_acceleration_p50"": -16293412.410000004, ""d3_trend_eff_p50"": 0.8554216867469907, ""d3_max_drawdown_p30"": -2.645937542246859}"
00850,元大臺灣ESG永續,2026-06-15,2026-06-16,DAY1,A,RANGE_NORMAL,0.7747648035417942,-0.13322491119480695,,0.8823529411764618,0.11764705882353826,0.5477133586193581,79.0,18.0,80.94202898550725,4.352433609784711,22295777.699999996,1,True,1,0,A,False,True,False,1.8815716657443415,NEUTRAL,90.35,2026-06-30,91.05,2.1416803953871577,PROMOTION_NEUTRAL,2026-07-01,0.7747648035417942,0.7747648035417942,1.098297638660073,5.052169137836371,-3.349807797913229,1,2026-06-16,2026-06-16,True,RECONSTRUCTED_NOT_PRODUCTION_EXACT,DISCOVERY,False,False,False,False,True,True,False,True,False,True,False,REJECT_CONFIRMATION_SHADOW,"{""d0_fresh_rs_p40"": 1.0, ""d0_fresh_volume_p40"": 3.0, ""d0_rs_slope5_p70"": 6.708057106025629, ""d0_rank_change3_p50"": 114.0, ""d0_flow_buy_days5_p70"": 4.0, ""d0_trend_eff5_p50"": 0.5314861460957175, ""d0_close_progress3_p50"": 5.966850828729298, ""d1_market_excess_p70"": 0.033209940654632675, ""d1_rs_change_p40"": 0.04062997403032401, ""d1_rank_change_p40"": -22.4, ""d1_flow_p50"": 4943366.0, ""d1_close_location_p30"": 0.43671497584541175, ""d1_upper_shadow_p70"": 0.23815384615384746, ""d3_rs_change_p40"": -2.0465804520160695, ""d3_rank_change_p40"": -73.39999999999999, ""d3_flow_acceleration_p50"": -16293412.410000004, ""d3_trend_eff_p50"": 0.8554216867469907, ""d3_max_drawdown_p30"": -2.645937542246859}"
00947,台新臺灣IC設計,2026-06-15,2026-06-16,DAY1,A,RANGE_NORMAL,2.224521469218854,1.316531754482253,,0.7710843373493999,0.22891566265060015,0.8172684346232387,18.0,81.0,86.3768115942029,17.3739214207925,71575501.92000002,1,True,1,0,A,False,True,False,2.6125193998965512,NEUTRAL,38.66,2026-06-30,39.52,-1.0627530364372473,PROMOTION_NEUTRAL,2026-07-01,2.224521469218854,2.224521469218854,0.379554655870451,11.082995951416997,-3.8461538461538547,1,2026-06-16,2026-06-16,True,RECONSTRUCTED_NOT_PRODUCTION_EXACT,DISCOVERY,False,False,False,True,True,True,False,True,False,True,False,REJECT_CONFIRMATION_SHADOW,"{""d0_fresh_rs_p40"": 1.0, ""d0_fresh_volume_p40"": 3.0, ""d0_rs_slope5_p70"": 6.708057106025629, ""d0_rank_change3_p50"": 114.0, ""d0_flow_buy_days5_p70"": 4.0, ""d0_trend_eff5_p50"": 0.5314861460957175, ""d0_close_progress3_p50"": 5.966850828729298, ""d1_market_excess_p70"": 0.033209940654632675, ""d1_rs_change_p40"": 0.04062997403032401, ""d1_rank_change_p40"": -22.4, ""d1_flow_p50"": 4943366.0, ""d1_close_location_p30"": 0.43671497584541175, ""d1_upper_shadow_p70"": 0.23815384615384746, ""d3_rs_change_p40"": -2.0465804520160695, ""d3_rank_change_p40"": -73.39999999999999, ""d3_flow_acceleration_p50"": -16293412.410000004, ""d3_trend_eff_p50"": 0.8554216867469907, ""d3_max_drawdown_p30"": -2.645937542246859}"
00923,群益台ESG低碳50,2026-06-15,2026-06-16,DAY1,A,RANGE_NORMAL,0.6369426751592355,-0.27104703957736564,,0.7105263157894585,0.10526315789475259,0.7265581860678987,43.0,57.0,81.8840579710145,4.35515623691046,44617838.04000001,1,True,1,0,A,False,True,False,1.5805614531729129,NEUTRAL,42.39,2026-06-30,42.66,2.414439756211917,PROMOTION_NEUTRAL,2026-07-01,0.6369426751592355,0.6369426751592355,0.9376465072667761,5.602437880918898,-3.586497890295348,1,2026-06-16,2026-06-16,True,RECONSTRUCTED_NOT_PRODUCTION_EXACT,DISCOVERY,False,False,False,False,True,True,False,True,False,True,False,REJECT_CONFIRMATION_SHADOW,"{""d0_fresh_rs_p40"": 1.0, ""d0_fresh_volume_p40"": 3.0, ""d0_rs_slope5_p70"": 6.708057106025629, ""d0_rank_change3_p50"": 114.0, ""d0_flow_buy_days5_p70"": 4.0, ""d0_trend_eff5_p50"": 0.5314861460957175, ""d0_close_progress3_p50"": 5.966850828729298, ""d1_market_excess_p70"": 0.033209940654632675, ""d1_rs_change_p40"": 0.04062997403032401, ""d1_rank_change_p40"": -22.4, ""d1_flow_p50"": 4943366.0, ""d1_close_location_p30"": 0.43671497584541175, ""d1_upper_shadow_p70"": 0.23815384615384746, ""d3_rs_change_p40"": -2.0465804520160695, ""d3_rank_change_p40"": -73.39999999999999, ""d3_flow_acceleration_p50"": -16293412.410000004, ""d3_trend_eff_p50"": 0.8554216867469907, ""d3_max_drawdown_p30"": -2.645937542246859}"
00692,富邦公司治理,2026-06-15,2026-06-16,DAY1,A,RANGE_NORMAL,0.6589785831960571,-0.2490111315405441,,0.8500000000000085,0.14999999999999147,0.7246544422396821,61.0,46.0,75.65217391304348,3.831364664488575,45620712.150000006,1,True,1,0,A,False,True,False,2.251510159253156,NEUTRAL,91.05,2026-06-30,91.65,2.8368794326241176,PROMOTION_NEUTRAL,2026-07-01,0.6589785831960571,0.6589785831960571,1.5821058374249741,5.400981996726673,-3.0551009274413676,1,2026-06-16,2026-06-16,True,RECONSTRUCTED_NOT_PRODUCTION_EXACT,DISCOVERY,False,False,False,False,True,True,False,True,False,True,False,REJECT_CONFIRMATION_SHADOW,"{""d0_fresh_rs_p40"": 1.0, ""d0_fresh_volume_p40"": 3.0, ""d0_rs_slope5_p70"": 6.708057106025629, ""d0_rank_change3_p50"": 114.0, ""d0_flow_buy_days5_p70"": 4.0, ""d0_trend_eff5_p50"": 0.5314861460957175, ""d0_close_progress3_p50"": 5.966850828729298, ""d1_market_excess_p70"": 0.033209940654632675, ""d1_rs_change_p40"": 0.04062997403032401, ""d1_rank_change_p40"": -22.4, ""d1_flow_p50"": 4943366.0, ""d1_close_location_p30"": 0.43671497584541175, ""d1_upper_shadow_p70"": 0.23815384615384746, ""d3_rs_change_p40"": -2.0465804520160695, ""d3_rank_change_p40"": -73.39999999999999, ""d3_flow_acceleration_p50"": -16293412.410000004, ""d3_trend_eff_p50"": 0.8554216867469907, ""d3_max_drawdown_p30"": -2.645937542246859}"
6191,精成科,2026-06-15,2026-06-16,DAY1,A,RANGE_NORMAL,-2.4271844660194164,-3.3351741807560176,-1.0026830415179933,0.09090909090909091,0.18181818181818182,2.3811921630884725,257.0,-149.0,64.42028985507247,-15.420750607355274,-18889477.5,0,False,1,0,A,True,False,True,3.398058252427183,NEUTRAL,103.0,2026-06-30,100.5,2.9850746268656803,PROMOTION_NEUTRAL,2026-07-01,-2.4271844660194164,-2.4271844660194164,5.970149253731338,12.43781094527363,-3.383084577114437,1,2026-06-16,2026-06-16,True,RECONSTRUCTED_NOT_PRODUCTION_EXACT,DISCOVERY,False,False,False,False,False,False,False,False,False,False,False,REJECT_CONFIRMATION_SHADOW,"{""d0_fresh_rs_p40"": 1.0, ""d0_fresh_volume_p40"": 3.0, ""d0_rs_slope5_p70"": 6.708057106025629, ""d0_rank_change3_p50"": 114.0, ""d0_flow_buy_days5_p70"": 4.0, ""d0_trend_eff5_p50"": 0.5314861460957175, ""d0_close_progress3_p50"": 5.966850828729298, ""d1_market_excess_p70"": 0.033209940654632675, ""d1_rs_change_p40"": 0.04062997403032401, ""d1_rank_change_p40"": -22.4, ""d1_flow_p50"": 4943366.0, ""d1_close_location_p30"": 0.43671497584541175, ""d1_upper_shadow_p70"": 0.23815384615384746, ""d3_rs_change_p40"": -2.0465804520160695, ""d3_rank_change_p40"": -73.39999999999999, ""d3_flow_acceleration_p50"": -16293412.410000004, ""d3_trend_eff_p50"": 0.8554216867469907, ""d3_max_drawdown_p30"": -2.645937542246859}"
00908,富邦入息REITs+,2026-06-15,2026-06-16,DAY1,A,RANGE_NORMAL,-0.6613756613756627,-1.569365376112264,,0.6666666666666666,0.3333333333333333,1.219589703941668,206.0,-96.0,55.289855072463766,-6.77661891597554,295954.0800000001,0,False,1,0,A,True,False,False,0.5952380952381153,NEUTRAL,15.12,2026-06-30,15.02,0.1997336884154599,PROMOTION_NEUTRAL,2026-07-01,-0.6613756613756627,-0.6613756613756627,1.2649800266311573,1.331557922769644,-1.8641810918774926,1,2026-06-16,2026-06-16,True,RECONSTRUCTED_NOT_PRODUCTION_EXACT,DISCOVERY,False,False,False,False,False,False,False,False,False,False,False,REJECT_CONFIRMATION_SHADOW,"{""d0_fresh_rs_p40"": 1.0, ""d0_fresh_volume_p40"": 3.0, ""d0_rs_slope5_p70"": 6.708057106025629, ""d0_rank_change3_p50"": 114.0, ""d0_flow_buy_days5_p70"": 4.0, ""d0_trend_eff5_p50"": 0.5314861460957175, ""d0_close_progress3_p50"": 5.966850828729298, ""d1_market_excess_p70"": 0.033209940654632675, ""d1_rs_change_p40"": 0.04062997403032401, ""d1_rank_change_p40"": -22.4, ""d1_flow_p50"": 4943366.0, ""d1_close_location_p30"": 0.43671497584541175, ""d1_upper_shadow_p70"": 0.23815384615384746, ""d3_rs_change_p40"": -2.0465804520160695, ""d3_rank_change_p40"": -73.39999999999999, ""d3_flow_acceleration_p50"": -16293412.410000004, ""d3_trend_eff_p50"": 0.8554216867469907, ""d3_max_drawdown_p30"": -2.645937542246859}"
006204,永豐臺灣加權,2026-06-15,2026-06-16,DAY1,A,RANGE_NORMAL,0.33039647577093323,-0.5775932389656679,,0.0,1.0,0.34721900176644926,133.0,-22.0,76.59420289855072,1.5942028985507193,-172862.25,0,False,1,0,A,False,True,True,2.841409691629959,NEUTRAL,227.0,2026-06-30,227.75,3.4687156970362176,PROMOTION_NEUTRAL,2026-07-01,0.33039647577093323,0.33039647577093323,2.5027442371020836,5.1152579582876,-2.4368825466520305,1,2026-06-16,2026-06-16,True,RECONSTRUCTED_NOT_PRODUCTION_EXACT,DISCOVERY,False,False,False,False,True,True,False,False,False,False,False,REJECT_CONFIRMATION_SHADOW,"{""d0_fresh_rs_p40"": 1.0, ""d0_fresh_volume_p40"": 3.0, ""d0_rs_slope5_p70"": 6.708057106025629, ""d0_rank_change3_p50"": 114.0, ""d0_flow_buy_days5_p70"": 4.0, ""d0_trend_eff5_p50"": 0.5314861460957175, ""d0_close_progress3_p50"": 5.966850828729298, ""d1_market_excess_p70"": 0.033209940654632675, ""d1_rs_change_p40"": 0.04062997403032401, ""d1_rank_change_p40"": -22.4, ""d1_flow_p50"": 4943366.0, ""d1_close_location_p30"": 0.43671497584541175, ""d1_upper_shadow_p70"": 0.23815384615384746, ""d3_rs_change_p40"": -2.0465804520160695, ""d3_rank_change_p40"": -73.39999999999999, ""d3_flow_acceleration_p50"": -16293412.410000004, ""d3_trend_eff_p50"": 0.8554216867469907, ""d3_max_drawdown_p30"": -2.645937542246859}"
00657,國泰日經225,2026-06-15,2026-06-16,DAY1,A,RANGE_NORMAL,0.30940594059405413,-0.598583774142547,,0.42857142857142666,0.09523809523810232,0.3312417906364591,101.0,11.0,78.1159420289855,0.8760576359219101,-58193.89999999981,0,True,1,0,A,True,True,False,1.9183168316831756,NEUTRAL,80.8,2026-06-30,81.05,1.5422578655151176,PROMOTION_NEUTRAL,2026-07-01,0.30940594059405413,0.30940594059405413,1.603948180135717,4.503392967304132,-1.3571869216532972,1,2026-06-16,2026-06-16,True,RECONSTRUCTED_NOT_PRODUCTION_EXACT,DISCOVERY,False,False,False,False,True,True,False,False,False,False,False,REJECT_CONFIRMATION_SHADOW,"{""d0_fresh_rs_p40"": 1.0, ""d0_fresh_volume_p40"": 3.0, ""d0_rs_slope5_p70"": 6.708057106025629, ""d0_rank_change3_p50"": 114.0, ""d0_flow_buy_days5_p70"": 4.0, ""d0_trend_eff5_p50"": 0.5314861460957175, ""d0_close_progress3_p50"": 5.966850828729298, ""d1_market_excess_p70"": 0.033209940654632675, ""d1_rs_change_p40"": 0.04062997403032401, ""d1_rank_change_p40"": -22.4, ""d1_flow_p50"": 4943366.0, ""d1_close_location_p30"": 0.43671497584541175, ""d1_upper_shadow_p70"": 0.23815384615384746, ""d3_rs_change_p40"": -2.0465804520160695, ""d3_rank_change_p40"": -73.39999999999999, ""d3_flow_acceleration_p50"": -16293412.410000004, ""d3_trend_eff_p50"": 0.8554216867469907, ""d3_max_drawdown_p30"": -2.645937542246859}"
00944,野村趨勢動能高息,2026-06-15,2026-06-16,DAY1,A,RANGE_NORMAL,0.655430711610494,-0.25255900312610713,,0.5384615384615448,0.46153846153845524,0.8118629640570956,98.0,15.0,83.98550724637681,1.3265477088045543,4943366.0,1,True,1,0,A,True,True,False,4.260299625468167,NEUTRAL,21.36,2026-06-30,21.5,3.3488372093023244,PROMOTION_NEUTRAL,2026-07-01,0.655430711610494,0.655430711610494,3.581395348837213,5.162790697674424,-0.7441860465116301,1,2026-06-16,2026-06-16,True,RECONSTRUCTED_NOT_PRODUCTION_EXACT,DISCOVERY,False,False,False,False,True,True,False,True,False,False,False,REJECT_CONFIRMATION_SHADOW,"{""d0_fresh_rs_p40"": 1.0, ""d0_fresh_volume_p40"": 3.0, ""d0_rs_slope5_p70"": 6.708057106025629, ""d0_rank_change3_p50"": 114.0, ""d0_flow_buy_days5_p70"": 4.0, ""d0_trend_eff5_p50"": 0.5314861460957175, ""d0_close_progress3_p50"": 5.966850828729298, ""d1_market_excess_p70"": 0.033209940654632675, ""d1_rs_change_p40"": 0.04062997403032401, ""d1_rank_change_p40"": -22.4, ""d1_flow_p50"": 4943366.0, ""d1_close_location_p30"": 0.43671497584541175, ""d1_upper_shadow_p70"": 0.23815384615384746, ""d3_rs_change_p40"": -2.0465804520160695, ""d3_rank_change_p40"": -73.39999999999999, ""d3_flow_acceleration_p50"": -16293412.410000004, ""d3_trend_eff_p50"": 0.8554216867469907, ""d3_max_drawdown_p30"": -2.645937542246859}"
006208,富邦台50,2026-06-15,2026-06-16,DAY1,A,RANGE_NORMAL,0.5120852109790963,-0.39590450375750486,,0.8260869565217375,0.17391304347826247,0.6888233813480613,53.0,62.0,77.82608695652173,3.3318673033425483,292801426.05,1,True,1,0,A,False,True,False,2.498975829578032,NEUTRAL,244.1,2026-06-30,245.35,3.3829223558182298,PROMOTION_NEUTRAL,2026-07-01,0.5120852109790963,0.5120852109790963,1.9767678826166701,6.0118198491950325,-2.95496229875688,1,2026-06-16,2026-06-16,True,RECONSTRUCTED_NOT_PRODUCTION_EXACT,DISCOVERY,False,False,False,False,True,True,False,True,False,True,False,REJECT_CONFIRMATION_SHADOW,"{""d0_fresh_rs_p40"": 1.0, ""d0_fresh_volume_p40"": 3.0, ""d0_rs_slope5_p70"": 6.708057106025629, ""d0_rank_change3_p50"": 114.0, ""d0_flow_buy_days5_p70"": 4.0, ""d0_trend_eff5_p50"": 0.5314861460957175, ""d0_close_progress3_p50"": 5.966850828729298, ""d1_market_excess_p70"": 0.033209940654632675, ""d1_rs_change_p40"": 0.04062997403032401, ""d1_rank_change_p40"": -22.4, ""d1_flow_p50"": 4943366.0, ""d1_close_location_p30"": 0.43671497584541175, ""d1_upper_shadow_p70"": 0.23815384615384746, ""d3_rs_change_p40"": -2.0465804520160695, ""d3_rank_change_p40"": -73.39999999999999, ""d3_flow_acceleration_p50"": -16293412.410000004, ""d3_trend_eff_p50"": 0.8554216867469907, ""d3_max_drawdown_p30"": -2.645937542246859}"
00927,群益半導體收益,2026-06-15,2026-06-16,DAY1,A,RANGE_NORMAL,0.7573844988639111,-0.15060521587269005,,0.6199999999999903,0.10000000000000853,0.4447347259781944,104.0,12.0,85.21739130434783,6.460165870821811,67730063.69999999,1,True,1,0,A,False,True,False,5.402676091895997,NEUTRAL,39.61,2026-06-30,39.91,6.4394888499123,PROMOTION_NEUTRAL,2026-07-01,0.7573844988639111,0.7573844988639111,4.610373340015039,11.726384364820873,-1.2778752192432963,1,2026-06-16,2026-06-16,True,RECONSTRUCTED_NOT_PRODUCTION_EXACT,DISCOVERY,False,False,False,False,True,True,False,True,False,True,False,REJECT_CONFIRMATION_SHADOW,"{""d0_fresh_rs_p40"": 1.0, ""d0_fresh_volume_p40"": 3.0, ""d0_rs_slope5_p70"": 6.708057106025629, ""d0_rank_change3_p50"": 114.0, ""d0_flow_buy_days5_p70"": 4.0, ""d0_trend_eff5_p50"": 0.5314861460957175, ""d0_close_progress3_p50"": 5.966850828729298, ""d1_market_excess_p70"": 0.033209940654632675, ""d1_rs_change_p40"": 0.04062997403032401, ""d1_rank_change_p40"": -22.4, ""d1_flow_p50"": 4943366.0, ""d1_close_location_p30"": 0.43671497584541175, ""d1_upper_shadow_p70"": 0.23815384615384746, ""d3_rs_change_p40"": -2.0465804520160695, ""d3_rank_change_p40"": -73.39999999999999, ""d3_flow_acceleration_p50"": -16293412.410000004, ""d3_trend_eff_p50"": 0.8554216867469907, ""d3_max_drawdown_p30"": -2.645937542246859}"
3044,健鼎,2026-06-15,2026-06-16,DAY1,A,RANGE_NORMAL,5.000000000000004,4.092010285263403,6.424501424501427,0.5862068965517241,0.41379310344827586,1.7236411320743463,73.0,44.0,84.56521739130434,11.516084443327472,1394131284.0,1,True,1,0,A,True,True,False,-0.3846153846153832,NEUTRAL,520.0,2026-06-30,546.0,-7.326007326007322,PROMOTION_LOSER,2026-07-01,5.000000000000004,5.000000000000004,-5.128205128205132,9.523809523809534,-8.791208791208794,1,2026-06-16,2026-06-16,True,RECONSTRUCTED_NOT_PRODUCTION_EXACT,DISCOVERY,True,True,False,True,True,True,True,True,True,False,False,KEEP_RESERVE_SHADOW,"{""d0_fresh_rs_p40"": 1.0, ""d0_fresh_volume_p40"": 3.0, ""d0_rs_slope5_p70"": 6.708057106025629, ""d0_rank_change3_p50"": 114.0, ""d0_flow_buy_days5_p70"": 4.0, ""d0_trend_eff5_p50"": 0.5314861460957175, ""d0_close_progress3_p50"": 5.966850828729298, ""d1_market_excess_p70"": 0.033209940654632675, ""d1_rs_change_p40"": 0.04062997403032401, ""d1_rank_change_p40"": -22.4, ""d1_flow_p50"": 4943366.0, ""d1_close_location_p30"": 0.43671497584541175, ""d1_upper_shadow_p70"": 0.23815384615384746, ""d3_rs_change_p40"": -2.0465804520160695, ""d3_rank_change_p40"": -73.39999999999999, ""d3_flow_acceleration_p50"": -16293412.410000004, ""d3_trend_eff_p50"": 0.8554216867469907, ""d3_max_drawdown_p30"": -2.645937542246859}"
00861,元大全球未來通訊,2026-06-16,2026-06-17,DAY1,A,RANGE_NORMAL,-1.1506276150627603,-1.2995060388026114,,0.5,0.0,0.33883501859348797,,,80.82489146164978,-2.8707607122632623,1121715.0,0,False,0,-1,,False,False,False,1.5167364016736462,NEUTRAL,95.6,2026-07-01,94.5,-0.5820105820105836,PROMOTION_NEUTRAL,2026-07-02,-1.1506276150627603,-1.1506276150627603,2.698412698412689,4.232804232804233,-1.6402116402116418,1,2026-06-17,2026-06-17,True,RECONSTRUCTED_NOT_PRODUCTION_EXACT,DISCOVERY,False,False,False,False,False,False,False,False,False,True,False,REJECT_CONFIRMATION_SHADOW,"{""d0_fresh_rs_p40"": 1.0, ""d0_fresh_volume_p40"": 3.0, ""d0_rs_slope5_p70"": 6.708057106025629, ""d0_rank_change3_p50"": 114.0, ""d0_flow_buy_days5_p70"": 4.0, ""d0_trend_eff5_p50"": 0.5314861460957175, ""d0_close_progress3_p50"": 5.966850828729298, ""d1_market_excess_p70"": 0.033209940654632675, ""d1_rs_change_p40"": 0.04062997403032401, ""d1_rank_change_p40"": -22.4, ""d1_flow_p50"": 4943366.0, ""d1_close_location_p30"": 0.43671497584541175, ""d1_upper_shadow_p70"": 0.23815384615384746, ""d3_rs_change_p40"": -2.0465804520160695, ""d3_rank_change_p40"": -73.39999999999999, ""d3_flow_acceleration_p50"": -16293412.410000004, ""d3_trend_eff_p50"": 0.8554216867469907, ""d3_max_drawdown_p30"": -2.645937542246859}"
00913,兆豐台灣晶圓製造,2026-06-16,2026-06-17,DAY1,A,RANGE_NORMAL,0.09615384615384581,-0.05272457758600524,,1.0,0.0,0.6100954535110936,,,91.17221418234443,0.9548228779966053,-26205665.55,0,False,0,-1,,False,False,False,5.09615384615385,NEUTRAL,52.0,2026-07-01,52.05,4.418828049951973,PROMOTION_NEUTRAL,2026-07-02,0.09615384615384581,0.09615384615384581,4.9951969260326745,10.951008645533156,-0.9606147934678178,1,2026-06-17,2026-06-17,True,RECONSTRUCTED_NOT_PRODUCTION_EXACT,DISCOVERY,False,False,False,False,True,False,False,False,False,True,False,REJECT_CONFIRMATION_SHADOW,"{""d0_fresh_rs_p40"": 1.0, ""d0_fresh_volume_p40"": 3.0, ""d0_rs_slope5_p70"": 6.708057106025629, ""d0_rank_change3_p50"": 114.0, ""d0_flow_buy_days5_p70"": 4.0, ""d0_trend_eff5_p50"": 0.5314861460957175, ""d0_close_progress3_p50"": 5.966850828729298, ""d1_market_excess_p70"": 0.033209940654632675, ""d1_rs_change_p40"": 0.04062997403032401, ""d1_rank_change_p40"": -22.4, ""d1_flow_p50"": 4943366.0, ""d1_close_location_p30"": 0.43671497584541175, ""d1_upper_shadow_p70"": 0.23815384615384746, ""d3_rs_change_p40"": -2.0465804520160695, ""d3_rank_change_p40"": -73.39999999999999, ""d3_flow_acceleration_p50"": -16293412.410000004, ""d3_trend_eff_p50"": 0.8554216867469907, ""d3_max_drawdown_p30"": -2.645937542246859}"
00892,富邦台灣半導體,2026-06-16,2026-06-17,DAY1,A,RANGE_NORMAL,0.15559013114025966,0.006711707400408606,,1.0,0.0,0.716124211764394,,,73.1548480463097,-2.3523983305018987,3552169.920000002,1,False,0,-1,,False,False,False,3.2451655923538603,NEUTRAL,44.99,2026-07-01,45.06,3.9502885042165925,PROMOTION_NEUTRAL,2026-07-02,0.15559013114025966,0.15559013114025966,3.084775854416333,7.65645805592543,-4.682645361739901,1,2026-06-17,2026-06-17,True,RECONSTRUCTED_NOT_PRODUCTION_EXACT,DISCOVERY,False,False,False,False,False,False,False,True,False,True,False,REJECT_CONFIRMATION_SHADOW,"{""d0_fresh_rs_p40"": 1.0, ""d0_fresh_volume_p40"": 3.0, ""d0_rs_slope5_p70"": 6.708057106025629, ""d0_rank_change3_p50"": 114.0, ""d0_flow_buy_days5_p70"": 4.0, ""d0_trend_eff5_p50"": 0.5314861460957175, ""d0_close_progress3_p50"": 5.966850828729298, ""d1_market_excess_p70"": 0.033209940654632675, ""d1_rs_change_p40"": 0.04062997403032401, ""d1_rank_change_p40"": -22.4, ""d1_flow_p50"": 4943366.0, ""d1_close_location_p30"": 0.43671497584541175, ""d1_upper_shadow_p70"": 0.23815384615384746, ""d3_rs_change_p40"": -2.0465804520160695, ""d3_rank_change_p40"": -73.39999999999999, ""d3_flow_acceleration_p50"": -16293412.410000004, ""d3_trend_eff_p50"": 0.8554216867469907, ""d3_max_drawdown_p30"": -2.645937542246859}"
00991A,主動復華未來50,2026-06-16,2026-06-17,DAY1,A,RANGE_NORMAL,0.9072580645161255,0.7583796407762744,,1.0,0.0,0.5173869314525958,,,83.21273516642547,1.1837496591790995,-22572610.060000002,0,False,0,-1,,True,False,False,5.191532258064524,NEUTRAL,19.84,2026-07-01,20.02,3.096903096903092,PROMOTION_NEUTRAL,2026-07-02,0.9072580645161255,0.9072580645161255,4.245754245754263,7.1928071928071935,-2.9470529470529416,1,2026-06-17,2026-06-17,True,RECONSTRUCTED_NOT_PRODUCTION_EXACT,DISCOVERY,False,False,False,True,True,False,False,False,False,True,False,REJECT_CONFIRMATION_SHADOW,"{""d0_fresh_rs_p40"": 1.0, ""d0_fresh_volume_p40"": 3.0, ""d0_rs_slope5_p70"": 6.708057106025629, ""d0_rank_change3_p50"": 114.0, ""d0_flow_buy_days5_p70"": 4.0, ""d0_trend_eff5_p50"": 0.5314861460957175, ""d0_close_progress3_p50"": 5.966850828729298, ""d1_market_excess_p70"": 0.033209940654632675, ""d1_rs_change_p40"": 0.04062997403032401, ""d1_rank_change_p40"": -22.4, ""d1_flow_p50"": 4943366.0, ""d1_close_location_p30"": 0.43671497584541175, ""d1_upper_shadow_p70"": 0.23815384615384746, ""d3_rs_change_p40"": -2.0465804520160695, ""d3_rank_change_p40"": -73.39999999999999, ""d3_flow_acceleration_p50"": -16293412.410000004, ""d3_trend_eff_p50"": 0.8554216867469907, ""d3_max_drawdown_p30"": -2.645937542246859}"
0053,元大電子,2026-06-16,2026-06-17,DAY1,A,RANGE_NORMAL,0.08271298593878207,-0.06616543780106898,,0.8888888888888888,0.1111111111111111,0.7177407881633233,,,76.33863965267727,-1.9222299125401179,-922020.0,0,False,0,-1,,False,False,False,3.3912324234904867,NEUTRAL,241.8,2026-07-01,242.0,2.685950413223148,PROMOTION_NEUTRAL,2026-07-02,0.08271298593878207,0.08271298593878207,3.305785123966931,5.165289256198347,-3.512396694214881,1,2026-06-17,2026-06-17,True,RECONSTRUCTED_NOT_PRODUCTION_EXACT,DISCOVERY,False,False,False,False,False,False,False,False,False,True,False,REJECT_CONFIRMATION_SHADOW,"{""d0_fresh_rs_p40"": 1.0, ""d0_fresh_volume_p40"": 3.0, ""d0_rs_slope5_p70"": 6.708057106025629, ""d0_rank_change3_p50"": 114.0, ""d0_flow_buy_days5_p70"": 4.0, ""d0_trend_eff5_p50"": 0.5314861460957175, ""d0_close_progress3_p50"": 5.966850828729298, ""d1_market_excess_p70"": 0.033209940654632675, ""d1_rs_change_p40"": 0.04062997403032401, ""d1_rank_change_p40"": -22.4, ""d1_flow_p50"": 4943366.0, ""d1_close_location_p30"": 0.43671497584541175, ""d1_upper_shadow_p70"": 0.23815384615384746, ""d3_rs_change_p40"": -2.0465804520160695, ""d3_rank_change_p40"": -73.39999999999999, ""d3_flow_acceleration_p50"": -16293412.410000004, ""d3_trend_eff_p50"": 0.8554216867469907, ""d3_max_drawdown_p30"": -2.645937542246859}"
00881,國泰台灣科技龍頭,2026-06-16,2026-06-17,DAY1,A,RANGE_NORMAL,0.1823154056517895,0.033436981911938446,,1.0,0.0,0.46975953638758433,,,78.36468885672937,-0.4758908534155495,-12915997.5,0,False,0,-1,,False,False,False,1.823154056517784,NEUTRAL,54.85,2026-07-01,54.95,1.364877161055511,PROMOTION_NEUTRAL,2026-07-02,0.1823154056517895,0.1823154056517895,1.6378525932666088,5.459508644222022,-4.367606915377631,1,2026-06-17,2026-06-17,True,RECONSTRUCTED_NOT_PRODUCTION_EXACT,DISCOVERY,False,False,False,True,False,False,False,False,False,True,False,REJECT_CONFIRMATION_SHADOW,"{""d0_fresh_rs_p40"": 1.0, ""d0_fresh_volume_p40"": 3.0, ""d0_rs_slope5_p70"": 6.708057106025629, ""d0_rank_change3_p50"": 114.0, ""d0_flow_buy_days5_p70"": 4.0, ""d0_trend_eff5_p50"": 0.5314861460957175, ""d0_close_progress3_p50"": 5.966850828729298, ""d1_market_excess_p70"": 0.033209940654632675, ""d1_rs_change_p40"": 0.04062997403032401, ""d1_rank_change_p40"": -22.4, ""d1_flow_p50"": 4943366.0, ""d1_close_location_p30"": 0.43671497584541175, ""d1_upper_shadow_p70"": 0.23815384615384746, ""d3_rs_change_p40"": -2.0465804520160695, ""d3_rank_change_p40"": -73.39999999999999, ""d3_flow_acceleration_p50"": -16293412.410000004, ""d3_trend_eff_p50"": 0.8554216867469907, ""d3_max_drawdown_p30"": -2.645937542246859}"
009816,凱基台灣TOP50,2026-06-16,2026-06-17,DAY1,A,RANGE_NORMAL,0.2578981302385541,0.10901970649870307,,1.0,0.0,0.6461724489022782,,,80.53545586107091,-0.8413557331319907,-490826124.54999995,0,False,0,-1,,False,False,False,2.063185041908455,NEUTRAL,15.51,2026-07-01,15.55,1.4790996784565857,PROMOTION_NEUTRAL,2026-07-02,0.2578981302385541,0.2578981302385541,1.8006430868167111,4.951768488745967,-3.665594855305465,1,2026-06-17,2026-06-17,True,RECONSTRUCTED_NOT_PRODUCTION_EXACT,DISCOVERY,False,False,False,True,False,False,False,False,False,True,False,REJECT_CONFIRMATION_SHADOW,"{""d0_fresh_rs_p40"": 1.0, ""d0_fresh_volume_p40"": 3.0, ""d0_rs_slope5_p70"": 6.708057106025629, ""d0_rank_change3_p50"": 114.0, ""d0_flow_buy_days5_p70"": 4.0, ""d0_trend_eff5_p50"": 0.5314861460957175, ""d0_close_progress3_p50"": 5.966850828729298, ""d1_market_excess_p70"": 0.033209940654632675, ""d1_rs_change_p40"": 0.04062997403032401, ""d1_rank_change_p40"": -22.4, ""d1_flow_p50"": 4943366.0, ""d1_close_location_p30"": 0.43671497584541175, ""d1_upper_shadow_p70"": 0.23815384615384746, ""d3_rs_change_p40"": -2.0465804520160695, ""d3_rank_change_p40"": -73.39999999999999, ""d3_flow_acceleration_p50"": -16293412.410000004, ""d3_trend_eff_p50"": 0.8554216867469907, ""d3_max_drawdown_p30"": -2.645937542246859}"
1456,怡華,2026-06-16,2026-06-17,DAY1,A,RANGE_NORMAL,4.123711340206193,3.974832916466342,3.86329467353953,0.6956521739130439,0.3043478260869561,2.7023961962041056,13.0,65.0,81.47612156295224,12.997860693387025,1363500.0,1,True,1,0,A,True,False,False,-3.7800687285223455,NEUTRAL,14.55,2026-07-01,15.15,-6.930693069306937,PROMOTION_LOSER,2026-07-02,4.123711340206193,4.123711340206193,-7.590759075907593,4.290429042904287,-11.881188118811881,1,2026-06-17,2026-06-17,True,RECONSTRUCTED_NOT_PRODUCTION_EXACT,DISCOVERY,False,False,False,True,True,True,False,True,False,False,False,REJECT_CONFIRMATION_SHADOW,"{""d0_fresh_rs_p40"": 1.0, ""d0_fresh_volume_p40"": 3.0, ""d0_rs_slope5_p70"": 6.708057106025629, ""d0_rank_change3_p50"": 114.0, ""d0_flow_buy_days5_p70"": 4.0, ""d0_trend_eff5_p50"": 0.5314861460957175, ""d0_close_progress3_p50"": 5.966850828729298, ""d1_market_excess_p70"": 0.033209940654632675, ""d1_rs_change_p40"": 0.04062997403032401, ""d1_rank_change_p40"": -22.4, ""d1_flow_p50"": 4943366.0, ""d1_close_location_p30"": 0.43671497584541175, ""d1_upper_shadow_p70"": 0.23815384615384746, ""d3_rs_change_p40"": -2.0465804520160695, ""d3_rank_change_p40"": -73.39999999999999, ""d3_flow_acceleration_p50"": -16293412.410000004, ""d3_trend_eff_p50"": 0.8554216867469907, ""d3_max_drawdown_p30"": -2.645937542246859}"
00851,台新全球AI,2026-06-16,2026-06-17,DAY1,A,RANGE_NORMAL,-0.8124576844955933,-0.9613361082354444,,0.0,0.0,0.277232944137076,,,79.81186685962373,-2.434509951970469,-73250.0,0,False,0,-1,,False,False,True,1.8280297901151157,NEUTRAL,73.85,2026-07-01,73.25,1.774744027303754,PROMOTION_NEUTRAL,2026-07-02,-0.8124576844955933,-0.8124576844955933,2.662116040955631,2.662116040955631,-3.1399317406143323,1,2026-06-17,2026-06-17,True,RECONSTRUCTED_NOT_PRODUCTION_EXACT,DISCOVERY,False,False,False,False,False,False,False,False,False,False,False,REJECT_CONFIRMATION_SHADOW,"{""d0_fresh_rs_p40"": 1.0, ""d0_fresh_volume_p40"": 3.0, ""d0_rs_slope5_p70"": 6.708057106025629, ""d0_rank_change3_p50"": 114.0, ""d0_flow_buy_days5_p70"": 4.0, ""d0_trend_eff5_p50"": 0.5314861460957175, ""d0_close_progress3_p50"": 5.966850828729298, ""d1_market_excess_p70"": 0.033209940654632675, ""d1_rs_change_p40"": 0.04062997403032401, ""d1_rank_change_p40"": -22.4, ""d1_flow_p50"": 4943366.0, ""d1_close_location_p30"": 0.43671497584541175, ""d1_upper_shadow_p70"": 0.23815384615384746, ""d3_rs_change_p40"": -2.0465804520160695, ""d3_rank_change_p40"": -73.39999999999999, ""d3_flow_acceleration_p50"": -16293412.410000004, ""d3_trend_eff_p50"": 0.8554216867469907, ""d3_max_drawdown_p30"": -2.645937542246859}"
00911,兆豐洲際半導體,2026-06-16,2026-06-17,DAY1,A,RANGE_NORMAL,-2.696629213483137,-2.845507637222988,,0.81250000000001,0.18749999999999,1.185643934064644,,,87.04775687409551,-5.778330082426223,-33504327.6,0,False,0,-1,,False,False,False,2.4719101123595655,NEUTRAL,66.75,2026-07-01,64.95,2.0785219399537924,PROMOTION_NEUTRAL,2026-07-02,-2.696629213483137,-2.696629213483137,5.311778290993074,6.851424172440335,-1.3856812933025542,1,2026-06-17,2026-06-17,True,RECONSTRUCTED_NOT_PRODUCTION_EXACT,DISCOVERY,False,False,False,False,False,False,False,False,False,True,False,REJECT_CONFIRMATION_SHADOW,"{""d0_fresh_rs_p40"": 1.0, ""d0_fresh_volume_p40"": 3.0, ""d0_rs_slope5_p70"": 6.708057106025629, ""d0_rank_change3_p50"": 114.0, ""d0_flow_buy_days5_p70"": 4.0, ""d0_trend_eff5_p50"": 0.5314861460957175, ""d0_close_progress3_p50"": 5.966850828729298, ""d1_market_excess_p70"": 0.033209940654632675, ""d1_rs_change_p40"": 0.04062997403032401, ""d1_rank_change_p40"": -22.4, ""d1_flow_p50"": 4943366.0, ""d1_close_location_p30"": 0.43671497584541175, ""d1_upper_shadow_p70"": 0.23815384615384746, ""d3_rs_change_p40"": -2.0465804520160695, ""d3_rank_change_p40"": -73.39999999999999, ""d3_flow_acceleration_p50"": -16293412.410000004, ""d3_trend_eff_p50"": 0.8554216867469907, ""d3_max_drawdown_p30"": -2.645937542246859}"
00983A,主動中信ARK創新,2026-06-16,2026-06-17,DAY1,A,RANGE_NORMAL,-0.5025125628140614,-0.6513909865539125,,0.8000000000000071,0.0,0.2702001335941665,,,54.92040520984081,-3.630319427840348,12195532.8,0,False,0,-1,,False,False,False,3.433835845896138,NEUTRAL,11.94,2026-07-01,11.88,4.713804713804692,PROMOTION_NEUTRAL,2026-07-02,-0.5025125628140614,-0.5025125628140614,3.9562289562289354,4.966329966329974,-2.020202020202022,1,2026-06-17,2026-06-17,True,RECONSTRUCTED_NOT_PRODUCTION_EXACT,DISCOVERY,True,True,False,False,False,False,False,True,False,True,False,KEEP_RESERVE_SHADOW,"{""d0_fresh_rs_p40"": 1.0, ""d0_fresh_volume_p40"": 3.0, ""d0_rs_slope5_p70"": 6.708057106025629, ""d0_rank_change3_p50"": 114.0, ""d0_flow_buy_days5_p70"": 4.0, ""d0_trend_eff5_p50"": 0.5314861460957175, ""d0_close_progress3_p50"": 5.966850828729298, ""d1_market_excess_p70"": 0.033209940654632675, ""d1_rs_change_p40"": 0.04062997403032401, ""d1_rank_change_p40"": -22.4, ""d1_flow_p50"": 4943366.0, ""d1_close_location_p30"": 0.43671497584541175, ""d1_upper_shadow_p70"": 0.23815384615384746, ""d3_rs_change_p40"": -2.0465804520160695, ""d3_rank_change_p40"": -73.39999999999999, ""d3_flow_acceleration_p50"": -16293412.410000004, ""d3_trend_eff_p50"": 0.8554216867469907, ""d3_max_drawdown_p30"": -2.645937542246859}"
00989A,主動摩根美國科技,2026-06-16,2026-06-17,DAY1,A,RANGE_NORMAL,-1.851851851851849,-2.0007302755917,,0.23999999999999488,0.0,0.5589529552229229,,,58.465991316931984,-7.83835650915497,-4430703.540000001,0,False,0,-1,,False,False,True,2.8322440087146017,NEUTRAL,18.36,2026-07-01,18.02,2.7746947835738167,PROMOTION_NEUTRAL,2026-07-02,-1.851851851851849,-1.851851851851849,4.772475027746936,4.772475027746936,-1.9977802441731418,1,2026-06-17,2026-06-17,True,RECONSTRUCTED_NOT_PRODUCTION_EXACT,DISCOVERY,False,False,False,False,False,False,False,False,False,False,False,REJECT_CONFIRMATION_SHADOW,"{""d0_fresh_rs_p40"": 1.0, ""d0_fresh_volume_p40"": 3.0, ""d0_rs_slope5_p70"": 6.708057106025629, ""d0_rank_change3_p50"": 114.0, ""d0_flow_buy_days5_p70"": 4.0, ""d0_trend_eff5_p50"": 0.5314861460957175, ""d0_close_progress3_p50"": 5.966850828729298, ""d1_market_excess_p70"": 0.033209940654632675, ""d1_rs_change_p40"": 0.04062997403032401, ""d1_rank_change_p40"": -22.4, ""d1_flow_p50"": 4943366.0, ""d1_close_location_p30"": 0.43671497584541175, ""d1_upper_shadow_p70"": 0.23815384615384746, ""d3_rs_change_p40"": -2.0465804520160695, ""d3_rank_change_p40"": -73.39999999999999, ""d3_flow_acceleration_p50"": -16293412.410000004, ""d3_trend_eff_p50"": 0.8554216867469907, ""d3_max_drawdown_p30"": -2.645937542246859}"
009809,富邦淨零ESG50,2026-06-16,2026-06-17,DAY1,A,RANGE_NORMAL,-0.11494252873562871,-0.26382095247547976,,1.0,0.0,0.23646991416478694,,,80.31837916063675,-0.5511860567545455,-1766294.6400000001,0,False,0,-1,,False,False,False,5.114942528735633,NEUTRAL,17.4,2026-07-01,17.38,3.9700805523590343,PROMOTION_NEUTRAL,2026-07-02,-0.11494252873562871,-0.11494252873562871,5.235903337169168,6.616800920598398,-0.345224395857302,1,2026-06-17,2026-06-17,True,RECONSTRUCTED_NOT_PRODUCTION_EXACT,DISCOVERY,False,False,False,False,False,False,False,False,False,True,False,REJECT_CONFIRMATION_SHADOW,"{""d0_fresh_rs_p40"": 1.0, ""d0_fresh_volume_p40"": 3.0, ""d0_rs_slope5_p70"": 6.708057106025629, ""d0_rank_change3_p50"": 114.0, ""d0_flow_buy_days5_p70"": 4.0, ""d0_trend_eff5_p50"": 0.5314861460957175, ""d0_close_progress3_p50"": 5.966850828729298, ""d1_market_excess_p70"": 0.033209940654632675, ""d1_rs_change_p40"": 0.04062997403032401, ""d1_rank_change_p40"": -22.4, ""d1_flow_p50"": 4943366.0, ""d1_close_location_p30"": 0.43671497584541175, ""d1_upper_shadow_p70"": 0.23815384615384746, ""d3_rs_change_p40"": -2.0465804520160695, ""d3_rank_change_p40"": -73.39999999999999, ""d3_flow_acceleration_p50"": -16293412.410000004, ""d3_trend_eff_p50"": 0.8554216867469907, ""d3_max_drawdown_p30"": -2.645937542246859}"
00898,國泰基因免疫革命,2026-06-16,2026-06-17,DAY1,A,RANGE_NORMAL,-0.5924170616113611,-0.7412954853512121,,0.0,0.0,0.419413043865422,,,60.27496382054993,-3.7830071939428223,2075627.27,0,False,0,-1,,False,False,True,10.18957345971565,NEUTRAL,8.44,2026-07-01,8.39,12.157330154946354,PROMOTION_WINNER,2026-07-02,-0.5924170616113611,-0.5924170616113611,10.846245530393329,12.63408820023837,0.23837902264600697,1,2026-06-17,2026-06-17,True,RECONSTRUCTED_NOT_PRODUCTION_EXACT,DISCOVERY,False,False,False,False,False,False,False,False,False,False,False,REJECT_CONFIRMATION_SHADOW,"{""d0_fresh_rs_p40"": 1.0, ""d0_fresh_volume_p40"": 3.0, ""d0_rs_slope5_p70"": 6.708057106025629, ""d0_rank_change3_p50"": 114.0, ""d0_flow_buy_days5_p70"": 4.0, ""d0_trend_eff5_p50"": 0.5314861460957175, ""d0_close_progress3_p50"": 5.966850828729298, ""d1_market_excess_p70"": 0.033209940654632675, ""d1_rs_change_p40"": 0.04062997403032401, ""d1_rank_change_p40"": -22.4, ""d1_flow_p50"": 4943366.0, ""d1_close_location_p30"": 0.43671497584541175, ""d1_upper_shadow_p70"": 0.23815384615384746, ""d3_rs_change_p40"": -2.0465804520160695, ""d3_rank_change_p40"": -73.39999999999999, ""d3_flow_acceleration_p50"": -16293412.410000004, ""d3_trend_eff_p50"": 0.8554216867469907, ""d3_max_drawdown_p30"": -2.645937542246859}"
00893,國泰智能電動車,2026-06-16,2026-06-17,DAY1,A,RANGE_NORMAL,-1.9141775347076062,-2.0630559584474573,,0.3703703703703811,0.0,0.5629711851257182,,,59.479015918958034,-6.897795675244872,6371942.87,0,False,0,-1,,False,False,True,-0.0841396718552767,NEUTRAL,47.54,2026-07-01,46.63,0.21445421402528364,PROMOTION_NEUTRAL,2026-07-02,-1.9141775347076062,-1.9141775347076062,1.865751662020143,3.1524769461720004,-4.22474801629853,1,2026-06-17,2026-06-17,True,RECONSTRUCTED_NOT_PRODUCTION_EXACT,DISCOVERY,False,False,False,False,False,False,False,True,False,False,False,REJECT_CONFIRMATION_SHADOW,"{""d0_fresh_rs_p40"": 1.0, ""d0_fresh_volume_p40"": 3.0, ""d0_rs_slope5_p70"": 6.708057106025629, ""d0_rank_change3_p50"": 114.0, ""d0_flow_buy_days5_p70"": 4.0, ""d0_trend_eff5_p50"": 0.5314861460957175, ""d0_close_progress3_p50"": 5.966850828729298, ""d1_market_excess_p70"": 0.033209940654632675, ""d1_rs_change_p40"": 0.04062997403032401, ""d1_rank_change_p40"": -22.4, ""d1_flow_p50"": 4943366.0, ""d1_close_location_p30"": 0.43671497584541175, ""d1_upper_shadow_p70"": 0.23815384615384746, ""d3_rs_change_p40"": -2.0465804520160695, ""d3_rank_change_p40"": -73.39999999999999, ""d3_flow_acceleration_p50"": -16293412.410000004, ""d3_trend_eff_p50"": 0.8554216867469907, ""d3_max_drawdown_p30"": -2.645937542246859}"
0052,富邦科技,2026-06-16,2026-06-17,DAY1,A,RANGE_NORMAL,0.48504446240904553,0.3361660386691945,,1.0,0.0,0.7596849571951126,,,76.55571635311144,0.9760062081839038,502066407.15,1,False,0,-1,,False,False,False,4.122877930476965,NEUTRAL,61.85,2026-07-01,62.15,3.137570394207545,PROMOTION_NEUTRAL,2026-07-02,0.48504446240904553,0.48504446240904553,3.620273531777962,6.194690265486735,-2.654867256637161,1,2026-06-17,2026-06-17,True,RECONSTRUCTED_NOT_PRODUCTION_EXACT,DISCOVERY,False,False,False,True,True,False,False,True,False,True,False,REJECT_CONFIRMATION_SHADOW,"{""d0_fresh_rs_p40"": 1.0, ""d0_fresh_volume_p40"": 3.0, ""d0_rs_slope5_p70"": 6.708057106025629, ""d0_rank_change3_p50"": 114.0, ""d0_flow_buy_days5_p70"": 4.0, ""d0_trend_eff5_p50"": 0.5314861460957175, ""d0_close_progress3_p50"": 5.966850828729298, ""d1_market_excess_p70"": 0.033209940654632675, ""d1_rs_change_p40"": 0.04062997403032401, ""d1_rank_change_p40"": -22.4, ""d1_flow_p50"": 4943366.0, ""d1_close_location_p30"": 0.43671497584541175, ""d1_upper_shadow_p70"": 0.23815384615384746, ""d3_rs_change_p40"": -2.0465804520160695, ""d3_rank_change_p40"": -73.39999999999999, ""d3_flow_acceleration_p50"": -16293412.410000004, ""d3_trend_eff_p50"": 0.8554216867469907, ""d3_max_drawdown_p30"": -2.645937542246859}"
00922,國泰台灣領袖50,2026-06-16,2026-06-17,DAY1,A,RANGE_NORMAL,0.32114624505930056,0.1722678213194495,,0.9607843137254845,0.03921568627451554,0.4150277496446206,,,80.68017366136034,-0.3343190922628452,-11708715.809999995,0,False,0,-1,,False,False,False,3.532608695652173,NEUTRAL,40.48,2026-07-01,40.61,3.078059591233684,PROMOTION_NEUTRAL,2026-07-02,0.32114624505930056,0.32114624505930056,3.201181974883016,5.983747845358289,-3.127308544693419,1,2026-06-17,2026-06-17,True,RECONSTRUCTED_NOT_PRODUCTION_EXACT,DISCOVERY,False,False,False,True,False,False,False,False,False,True,False,REJECT_CONFIRMATION_SHADOW,"{""d0_fresh_rs_p40"": 1.0, ""d0_fresh_volume_p40"": 3.0, ""d0_rs_slope5_p70"": 6.708057106025629, ""d0_rank_change3_p50"": 114.0, ""d0_flow_buy_days5_p70"": 4.0, ""d0_trend_eff5_p50"": 0.5314861460957175, ""d0_close_progress3_p50"": 5.966850828729298, ""d1_market_excess_p70"": 0.033209940654632675, ""d1_rs_change_p40"": 0.04062997403032401, ""d1_rank_change_p40"": -22.4, ""d1_flow_p50"": 4943366.0, ""d1_close_location_p30"": 0.43671497584541175, ""d1_upper_shadow_p70"": 0.23815384615384746, ""d3_rs_change_p40"": -2.0465804520160695, ""d3_rank_change_p40"": -73.39999999999999, ""d3_flow_acceleration_p50"": -16293412.410000004, ""d3_trend_eff_p50"": 0.8554216867469907, ""d3_max_drawdown_p30"": -2.645937542246859}"
0057,富邦摩台,2026-06-16,2026-06-17,DAY1,A,RANGE_NORMAL,-0.12736825346283398,-0.27624667720268503,,1.0,0.0,0.41469495688760055,,,76.70043415340086,-0.1111600494976841,2588239.8,0,False,0,-1,,False,False,False,3.327495621716281,NEUTRAL,314.05,2026-07-01,313.65,2.550613741431529,PROMOTION_NEUTRAL,2026-07-02,-0.12736825346283398,-0.12736825346283398,3.4592698868165295,5.372230192890171,-2.566555077315469,1,2026-06-17,2026-06-17,True,RECONSTRUCTED_NOT_PRODUCTION_EXACT,DISCOVERY,False,False,False,False,False,False,False,False,False,True,False,REJECT_CONFIRMATION_SHADOW,"{""d0_fresh_rs_p40"": 1.0, ""d0_fresh_volume_p40"": 3.0, ""d0_rs_slope5_p70"": 6.708057106025629, ""d0_rank_change3_p50"": 114.0, ""d0_flow_buy_days5_p70"": 4.0, ""d0_trend_eff5_p50"": 0.5314861460957175, ""d0_close_progress3_p50"": 5.966850828729298, ""d1_market_excess_p70"": 0.033209940654632675, ""d1_rs_change_p40"": 0.04062997403032401, ""d1_rank_change_p40"": -22.4, ""d1_flow_p50"": 4943366.0, ""d1_close_location_p30"": 0.43671497584541175, ""d1_upper_shadow_p70"": 0.23815384615384746, ""d3_rs_change_p40"": -2.0465804520160695, ""d3_rank_change_p40"": -73.39999999999999, ""d3_flow_acceleration_p50"": -16293412.410000004, ""d3_trend_eff_p50"": 0.8554216867469907, ""d3_max_drawdown_p30"": -2.645937542246859}"
00980A,主動野村臺灣優選,2026-06-16,2026-06-17,DAY1,A,RANGE_NORMAL,0.3658536585365857,0.21697523479673464,,1.0,0.0,0.7262425637881531,,,78.58176555716354,0.6107510644099108,31783807.35,1,False,0,-1,,False,False,False,1.2601626016260026,NEUTRAL,24.6,2026-07-01,24.69,1.0530579181854849,PROMOTION_NEUTRAL,2026-07-02,0.3658536585365857,0.3658536585365857,0.8910490076954103,4.374240583232081,-4.860267314702316,1,2026-06-17,2026-06-17,True,RECONSTRUCTED_NOT_PRODUCTION_EXACT,DISCOVERY,False,False,False,True,True,False,False,True,False,True,False,REJECT_CONFIRMATION_SHADOW,"{""d0_fresh_rs_p40"": 1.0, ""d0_fresh_volume_p40"": 3.0, ""d0_rs_slope5_p70"": 6.708057106025629, ""d0_rank_change3_p50"": 114.0, ""d0_flow_buy_days5_p70"": 4.0, ""d0_trend_eff5_p50"": 0.5314861460957175, ""d0_close_progress3_p50"": 5.966850828729298, ""d1_market_excess_p70"": 0.033209940654632675, ""d1_rs_change_p40"": 0.04062997403032401, ""d1_rank_change_p40"": -22.4, ""d1_flow_p50"": 4943366.0, ""d1_close_location_p30"": 0.43671497584541175, ""d1_upper_shadow_p70"": 0.23815384615384746, ""d3_rs_change_p40"": -2.0465804520160695, ""d3_rank_change_p40"": -73.39999999999999, ""d3_flow_acceleration_p50"": -16293412.410000004, ""d3_trend_eff_p50"": 0.8554216867469907, ""d3_max_drawdown_p30"": -2.645937542246859}"
00995A,主動中信台灣卓越,2026-06-16,2026-06-17,DAY1,A,RANGE_NORMAL,0.38975501113585054,0.2408765873959995,,0.9545454545454634,0.04545454545453664,0.5740862106304084,,,77.85817655571635,0.32194467165838603,-9154227.659999996,0,False,0,-1,,False,False,False,2.839643652561241,NEUTRAL,17.96,2026-07-01,18.03,2.717692734331667,PROMOTION_NEUTRAL,2026-07-02,0.38975501113585054,0.38975501113585054,2.4403771491957826,5.379922351636157,-5.268996117581826,1,2026-06-17,2026-06-17,True,RECONSTRUCTED_NOT_PRODUCTION_EXACT,DISCOVERY,False,False,False,True,True,False,False,False,False,True,False,REJECT_CONFIRMATION_SHADOW,"{""d0_fresh_rs_p40"": 1.0, ""d0_fresh_volume_p40"": 3.0, ""d0_rs_slope5_p70"": 6.708057106025629, ""d0_rank_change3_p50"": 114.0, ""d0_flow_buy_days5_p70"": 4.0, ""d0_trend_eff5_p50"": 0.5314861460957175, ""d0_close_progress3_p50"": 5.966850828729298, ""d1_market_excess_p70"": 0.033209940654632675, ""d1_rs_change_p40"": 0.04062997403032401, ""d1_rank_change_p40"": -22.4, ""d1_flow_p50"": 4943366.0, ""d1_close_location_p30"": 0.43671497584541175, ""d1_upper_shadow_p70"": 0.23815384615384746, ""d3_rs_change_p40"": -2.0465804520160695, ""d3_rank_change_p40"": -73.39999999999999, ""d3_flow_acceleration_p50"": -16293412.410000004, ""d3_trend_eff_p50"": 0.8554216867469907, ""d3_max_drawdown_p30"": -2.645937542246859}"
2340,台亞,2026-06-16,2026-06-17,DAY1,A,RANGE_NORMAL,-1.534526854219953,-1.683405277959804,-1.7353300670713612,0.19444444444444478,0.4166666666666657,1.8822078162801132,62.0,54.0,70.767004341534,-9.305459426581933,-37891122.5,0,True,1,0,C,False,False,True,-10.10230179028133,LOSER,39.1,2026-07-01,38.5,0.3896103896103842,PROMOTION_NEUTRAL,2026-07-02,-1.534526854219953,-1.534526854219953,-8.70129870129871,18.961038961038955,-9.090909090909093,1,2026-06-17,2026-06-17,True,RECONSTRUCTED_NOT_PRODUCTION_EXACT,DISCOVERY,True,True,False,False,False,True,False,False,False,False,False,REJECT_CONFIRMATION_SHADOW,"{""d0_fresh_rs_p40"": 1.0, ""d0_fresh_volume_p40"": 3.0, ""d0_rs_slope5_p70"": 6.708057106025629, ""d0_rank_change3_p50"": 114.0, ""d0_flow_buy_days5_p70"": 4.0, ""d0_trend_eff5_p50"": 0.5314861460957175, ""d0_close_progress3_p50"": 5.966850828729298, ""d1_market_excess_p70"": 0.033209940654632675, ""d1_rs_change_p40"": 0.04062997403032401, ""d1_rank_change_p40"": -22.4, ""d1_flow_p50"": 4943366.0, ""d1_close_location_p30"": 0.43671497584541175, ""d1_upper_shadow_p70"": 0.23815384615384746, ""d3_rs_change_p40"": -2.0465804520160695, ""d3_rank_change_p40"": -73.39999999999999, ""d3_flow_acceleration_p50"": -16293412.410000004, ""d3_trend_eff_p50"": 0.8554216867469907, ""d3_max_drawdown_p30"": -2.645937542246859}"
1515,力山,2026-06-17,2026-06-18,DAY1,A,RANGE_NORMAL,0.7782101167315147,-0.5030528321851468,0.22875956728096725,0.3157894736842096,0.6842105263157904,2.2421255868633296,201.0,-158.0,84.94934876989869,4.052098408104186,-20335281.4,0,False,1,0,A,False,True,True,51.55642023346305,WINNER,25.7,2026-07-02,25.9,62.16216216216217,PROMOTION_WINNER,2026-07-03,0.7782101167315147,0.7782101167315147,50.38610038610041,65.25096525096525,0.38610038610038533,1,2026-06-18,2026-06-18,True,RECONSTRUCTED_NOT_PRODUCTION_EXACT,DISCOVERY,True,True,True,False,True,False,False,False,False,False,False,REJECT_CONFIRMATION_SHADOW,"{""d0_fresh_rs_p40"": 1.0, ""d0_fresh_volume_p40"": 3.0, ""d0_rs_slope5_p70"": 6.708057106025629, ""d0_rank_change3_p50"": 114.0, ""d0_flow_buy_days5_p70"": 4.0, ""d0_trend_eff5_p50"": 0.5314861460957175, ""d0_close_progress3_p50"": 5.966850828729298, ""d1_market_excess_p70"": 0.033209940654632675, ""d1_rs_change_p40"": 0.04062997403032401, ""d1_rank_change_p40"": -22.4, ""d1_flow_p50"": 4943366.0, ""d1_close_location_p30"": 0.43671497584541175, ""d1_upper_shadow_p70"": 0.23815384615384746, ""d3_rs_change_p40"": -2.0465804520160695, ""d3_rank_change_p40"": -73.39999999999999, ""d3_flow_acceleration_p50"": -16293412.410000004, ""d3_trend_eff_p50"": 0.8554216867469907, ""d3_max_drawdown_p30"": -2.645937542246859}"
7786,東方風能,2026-06-17,2026-06-18,DAY1,A,RANGE_NORMAL,0.7751937984496138,-0.5060691504670478,1.05530584326754,1.0,0.0,0.5665561426378083,,,74.89146164978293,1.3748191027496404,1011140.0,1,False,0,-1,,True,False,False,-4.651162790697672,NEUTRAL,129.0,2026-07-02,130.0,-3.076923076923077,PROMOTION_NEUTRAL,2026-07-03,0.7751937984496138,0.7751937984496138,-5.384615384615388,0.0,-6.538461538461537,1,2026-06-18,2026-06-18,True,RECONSTRUCTED_NOT_PRODUCTION_EXACT,DISCOVERY,False,False,False,False,True,False,False,True,False,True,False,REJECT_CONFIRMATION_SHADOW,"{""d0_fresh_rs_p40"": 1.0, ""d0_fresh_volume_p40"": 3.0, ""d0_rs_slope5_p70"": 6.708057106025629, ""d0_rank_change3_p50"": 114.0, ""d0_flow_buy_days5_p70"": 4.0, ""d0_trend_eff5_p50"": 0.5314861460957175, ""d0_close_progress3_p50"": 5.966850828729298, ""d1_market_excess_p70"": 0.033209940654632675, ""d1_rs_change_p40"": 0.04062997403032401, ""d1_rank_change_p40"": -22.4, ""d1_flow_p50"": 4943366.0, ""d1_close_location_p30"": 0.43671497584541175, ""d1_upper_shadow_p70"": 0.23815384615384746, ""d3_rs_change_p40"": -2.0465804520160695, ""d3_rank_change_p40"": -73.39999999999999, ""d3_flow_acceleration_p50"": -16293412.410000004, ""d3_trend_eff_p50"": 0.8554216867469907, ""d3_max_drawdown_p30"": -2.645937542246859}"
9136,巨騰-DR,2026-06-17,2026-06-18,DAY1,A,RANGE_NORMAL,0.30030030030030463,-0.980962648616357,-0.09652509652509078,0.6923076923076927,0.30769230769230727,0.3945881934381659,131.0,-42.0,97.75687409551375,0.5065123010130321,-2050125.4,0,False,1,0,B,False,False,False,-18.01801801801801,LOSER,16.65,2026-07-02,16.7,-18.562874251497007,PROMOTION_LOSER,2026-07-03,0.30030030030030463,0.30030030030030463,-18.26347305389221,1.4970059880239583,-20.958083832335326,1,2026-06-18,2026-06-18,True,RECONSTRUCTED_NOT_PRODUCTION_EXACT,DISCOVERY,False,False,False,False,True,False,False,False,False,False,False,REJECT_CONFIRMATION_SHADOW,"{""d0_fresh_rs_p40"": 1.0, ""d0_fresh_volume_p40"": 3.0, ""d0_rs_slope5_p70"": 6.708057106025629, ""d0_rank_change3_p50"": 114.0, ""d0_flow_buy_days5_p70"": 4.0, ""d0_trend_eff5_p50"": 0.5314861460957175, ""d0_close_progress3_p50"": 5.966850828729298, ""d1_market_excess_p70"": 0.033209940654632675, ""d1_rs_change_p40"": 0.04062997403032401, ""d1_rank_change_p40"": -22.4, ""d1_flow_p50"": 4943366.0, ""d1_close_location_p30"": 0.43671497584541175, ""d1_upper_shadow_p70"": 0.23815384615384746, ""d3_rs_change_p40"": -2.0465804520160695, ""d3_rank_change_p40"": -73.39999999999999, ""d3_flow_acceleration_p50"": -16293412.410000004, ""d3_trend_eff_p50"": 0.8554216867469907, ""d3_max_drawdown_p30"": -2.645937542246859}"
5469,瀚宇博,2026-06-17,2026-06-18,DAY1,A,RANGE_NORMAL,0.23094688221709792,-1.0503160666995637,-1.6209049696347622,0.5,0.06249999999999667,0.578736008864342,168.0,-77.0,60.85383502170767,-5.9334298118668585,39239676.0,1,False,1,0,A,False,True,False,1.039260969976907,NEUTRAL,86.6,2026-07-02,86.8,0.8064516129032251,PROMOTION_NEUTRAL,2026-07-03,0.23094688221709792,0.23094688221709792,0.8064516129032251,8.294930875576046,-2.995391705069117,1,2026-06-18,2026-06-18,True,RECONSTRUCTED_NOT_PRODUCTION_EXACT,DISCOVERY,False,False,False,False,False,False,False,True,False,True,False,REJECT_CONFIRMATION_SHADOW,"{""d0_fresh_rs_p40"": 1.0, ""d0_fresh_volume_p40"": 3.0, ""d0_rs_slope5_p70"": 6.708057106025629, ""d0_rank_change3_p50"": 114.0, ""d0_flow_buy_days5_p70"": 4.0, ""d0_trend_eff5_p50"": 0.5314861460957175, ""d0_close_progress3_p50"": 5.966850828729298, ""d1_market_excess_p70"": 0.033209940654632675, ""d1_rs_change_p40"": 0.04062997403032401, ""d1_rank_change_p40"": -22.4, ""d1_flow_p50"": 4943366.0, ""d1_close_location_p30"": 0.43671497584541175, ""d1_upper_shadow_p70"": 0.23815384615384746, ""d3_rs_change_p40"": -2.0465804520160695, ""d3_rank_change_p40"": -73.39999999999999, ""d3_flow_acceleration_p50"": -16293412.410000004, ""d3_trend_eff_p50"": 0.8554216867469907, ""d3_max_drawdown_p30"": -2.645937542246859}"
2460,建通,2026-06-17,2026-06-18,DAY1,A,RANGE_NORMAL,-1.9718309859155014,-3.253093934832163,-3.6022657685241932,0.10526315789473467,0.05263157894736921,1.7422815143588444,117.0,-24.0,73.1548480463097,-3.9073806078147584,-452400.00000000186,0,True,2,0,AC,False,False,True,2.8169014084507005,NEUTRAL,35.5,2026-07-02,34.8,11.350574712643692,PROMOTION_NEUTRAL,2026-07-03,-1.9718309859155014,-1.9718309859155014,4.885057471264376,20.68965517241381,-4.31034482758621,1,2026-06-18,2026-06-18,True,RECONSTRUCTED_NOT_PRODUCTION_EXACT,DISCOVERY,True,True,True,False,False,True,False,False,False,False,False,REJECT_CONFIRMATION_SHADOW,"{""d0_fresh_rs_p40"": 1.0, ""d0_fresh_volume_p40"": 3.0, ""d0_rs_slope5_p70"": 6.708057106025629, ""d0_rank_change3_p50"": 114.0, ""d0_flow_buy_days5_p70"": 4.0, ""d0_trend_eff5_p50"": 0.5314861460957175, ""d0_close_progress3_p50"": 5.966850828729298, ""d1_market_excess_p70"": 0.033209940654632675, ""d1_rs_change_p40"": 0.04062997403032401, ""d1_rank_change_p40"": -22.4, ""d1_flow_p50"": 4943366.0, ""d1_close_location_p30"": 0.43671497584541175, ""d1_upper_shadow_p70"": 0.23815384615384746, ""d3_rs_change_p40"": -2.0465804520160695, ""d3_rank_change_p40"": -73.39999999999999, ""d3_flow_acceleration_p50"": -16293412.410000004, ""d3_trend_eff_p50"": 0.8554216867469907, ""d3_max_drawdown_p30"": -2.645937542246859}"
2489,瑞軒,2026-06-17,2026-06-18,DAY1,A,RANGE_NORMAL,-0.92592592592593,-2.2071888748425916,-1.65852665852666,0.29999999999999716,0.13333333333333522,0.6202884521707901,263.0,-168.0,44.35600578871201,-32.41678726483357,-177291959.39999995,0,False,1,0,A,False,False,True,-14.40329218106996,LOSER,48.6,2026-07-02,48.15,-13.395638629283479,PROMOTION_LOSER,2026-07-03,-0.92592592592593,-0.92592592592593,-13.603322949117336,7.78816199376946,-17.757009345794383,1,2026-06-18,2026-06-18,True,RECONSTRUCTED_NOT_PRODUCTION_EXACT,DISCOVERY,True,True,True,False,False,False,False,False,False,False,False,REJECT_CONFIRMATION_SHADOW,"{""d0_fresh_rs_p40"": 1.0, ""d0_fresh_volume_p40"": 3.0, ""d0_rs_slope5_p70"": 6.708057106025629, ""d0_rank_change3_p50"": 114.0, ""d0_flow_buy_days5_p70"": 4.0, ""d0_trend_eff5_p50"": 0.5314861460957175, ""d0_close_progress3_p50"": 5.966850828729298, ""d1_market_excess_p70"": 0.033209940654632675, ""d1_rs_change_p40"": 0.04062997403032401, ""d1_rank_change_p40"": -22.4, ""d1_flow_p50"": 4943366.0, ""d1_close_location_p30"": 0.43671497584541175, ""d1_upper_shadow_p70"": 0.23815384615384746, ""d3_rs_change_p40"": -2.0465804520160695, ""d3_rank_change_p40"": -73.39999999999999, ""d3_flow_acceleration_p50"": -16293412.410000004, ""d3_trend_eff_p50"": 0.8554216867469907, ""d3_max_drawdown_p30"": -2.645937542246859}"
4722,國精化,2026-06-17,2026-06-18,DAY1,A,RANGE_NORMAL,5.1136363636363535,3.832373414719692,4.3810356310356235,0.5689655172413793,0.43103448275862066,2.493041657109145,152.0,-55.0,61.505065123010134,-8.683068017366132,143621790.0,1,False,1,-1,A,False,True,False,4.924242424242431,NEUTRAL,264.0,2026-07-02,277.5,-0.18018018018017834,PROMOTION_NEUTRAL,2026-07-03,5.1136363636363535,5.1136363636363535,-0.18018018018017834,12.792792792792795,-3.7837837837837784,1,2026-06-18,2026-06-18,True,RECONSTRUCTED_NOT_PRODUCTION_EXACT,DISCOVERY,True,True,True,True,False,False,False,True,False,False,False,KEEP_RESERVE_SHADOW,"{""d0_fresh_rs_p40"": 1.0, ""d0_fresh_volume_p40"": 3.0, ""d0_rs_slope5_p70"": 6.708057106025629, ""d0_rank_change3_p50"": 114.0, ""d0_flow_buy_days5_p70"": 4.0, ""d0_trend_eff5_p50"": 0.5314861460957175, ""d0_close_progress3_p50"": 5.966850828729298, ""d1_market_excess_p70"": 0.033209940654632675, ""d1_rs_change_p40"": 0.04062997403032401, ""d1_rank_change_p40"": -22.4, ""d1_flow_p50"": 4943366.0, ""d1_close_location_p30"": 0.43671497584541175, ""d1_upper_shadow_p70"": 0.23815384615384746, ""d3_rs_change_p40"": -2.0465804520160695, ""d3_rank_change_p40"": -73.39999999999999, ""d3_flow_acceleration_p50"": -16293412.410000004, ""d3_trend_eff_p50"": 0.8554216867469907, ""d3_max_drawdown_p30"": -2.645937542246859}"
6213,聯茂,2026-06-17,2026-06-18,DAY1,A,RANGE_NORMAL,4.672897196261672,3.39163424734501,2.8210453444098116,0.42857142857142855,0.5714285714285714,1.5197288004005716,114.0,-16.0,79.95658465991318,5.137481910274971,1473385200.0,1,True,2,0,AC,False,True,False,34.01869158878505,WINNER,267.5,2026-07-02,280.0,40.71428571428572,PROMOTION_WINNER,2026-07-03,4.672897196261672,4.672897196261672,28.035714285714274,40.71428571428572,0.3571428571428559,1,2026-06-18,2026-06-18,True,RECONSTRUCTED_NOT_PRODUCTION_EXACT,DISCOVERY,False,False,False,True,True,True,False,True,False,False,False,REJECT_CONFIRMATION_SHADOW,"{""d0_fresh_rs_p40"": 1.0, ""d0_fresh_volume_p40"": 3.0, ""d0_rs_slope5_p70"": 6.708057106025629, ""d0_rank_change3_p50"": 114.0, ""d0_flow_buy_days5_p70"": 4.0, ""d0_trend_eff5_p50"": 0.5314861460957175, ""d0_close_progress3_p50"": 5.966850828729298, ""d1_market_excess_p70"": 0.033209940654632675, ""d1_rs_change_p40"": 0.04062997403032401, ""d1_rank_change_p40"": -22.4, ""d1_flow_p50"": 4943366.0, ""d1_close_location_p30"": 0.43671497584541175, ""d1_upper_shadow_p70"": 0.23815384615384746, ""d3_rs_change_p40"": -2.0465804520160695, ""d3_rank_change_p40"": -73.39999999999999, ""d3_flow_acceleration_p50"": -16293412.410000004, ""d3_trend_eff_p50"": 0.8554216867469907, ""d3_max_drawdown_p30"": -2.645937542246859}"
2611,志信,2026-06-17,2026-06-18,DAY1,A,RANGE_NORMAL,-0.3558718861210064,-1.637134835037668,-0.11890506147644864,0.20000000000000284,0.3999999999999986,0.5906001548582255,240.0,-140.0,63.67583212735166,-0.2170767004341556,-1775396.0,0,False,1,0,A,False,False,True,-2.135231316725983,NEUTRAL,14.05,2026-07-02,14.0,2.1428571428571574,PROMOTION_NEUTRAL,2026-07-03,-0.3558718861210064,-0.3558718861210064,-1.7857142857142905,2.1428571428571574,-4.285714285714281,1,2026-06-18,2026-06-18,True,RECONSTRUCTED_NOT_PRODUCTION_EXACT,DISCOVERY,False,False,False,False,False,False,False,False,False,False,False,REJECT_CONFIRMATION_SHADOW,"{""d0_fresh_rs_p40"": 1.0, ""d0_fresh_volume_p40"": 3.0, ""d0_rs_slope5_p70"": 6.708057106025629, ""d0_rank_change3_p50"": 114.0, ""d0_flow_buy_days5_p70"": 4.0, ""d0_trend_eff5_p50"": 0.5314861460957175, ""d0_close_progress3_p50"": 5.966850828729298, ""d1_market_excess_p70"": 0.033209940654632675, ""d1_rs_change_p40"": 0.04062997403032401, ""d1_rank_change_p40"": -22.4, ""d1_flow_p50"": 4943366.0, ""d1_close_location_p30"": 0.43671497584541175, ""d1_upper_shadow_p70"": 0.23815384615384746, ""d3_rs_change_p40"": -2.0465804520160695, ""d3_rank_change_p40"": -73.39999999999999, ""d3_flow_acceleration_p50"": -16293412.410000004, ""d3_trend_eff_p50"": 0.8554216867469907, ""d3_max_drawdown_p30"": -2.645937542246859}"
7795,長廣,2026-06-17,2026-06-18,DAY1,A,RANGE_NORMAL,2.499999999999991,1.2187370510833295,0.648148148148131,0.8333333333333334,0.16666666666666666,0.7666735685692911,182.0,-81.0,66.49782923299566,-13.024602026049209,24531120.0,1,False,1,-1,A,False,False,False,52.75000000000001,WINNER,400.0,2026-07-02,410.0,52.6829268292683,PROMOTION_WINNER,2026-07-03,2.499999999999991,2.499999999999991,49.02439024390244,62.19512195121952,-2.4390243902439046,1,2026-06-18,2026-06-18,True,RECONSTRUCTED_NOT_PRODUCTION_EXACT,DISCOVERY,False,False,False,True,False,False,False,True,False,True,False,REJECT_CONFIRMATION_SHADOW,"{""d0_fresh_rs_p40"": 1.0, ""d0_fresh_volume_p40"": 3.0, ""d0_rs_slope5_p70"": 6.708057106025629, ""d0_rank_change3_p50"": 114.0, ""d0_flow_buy_days5_p70"": 4.0, ""d0_trend_eff5_p50"": 0.5314861460957175, ""d0_close_progress3_p50"": 5.966850828729298, ""d1_market_excess_p70"": 0.033209940654632675, ""d1_rs_change_p40"": 0.04062997403032401, ""d1_rank_change_p40"": -22.4, ""d1_flow_p50"": 4943366.0, ""d1_close_location_p30"": 0.43671497584541175, ""d1_upper_shadow_p70"": 0.23815384615384746, ""d3_rs_change_p40"": -2.0465804520160695, ""d3_rank_change_p40"": -73.39999999999999, ""d3_flow_acceleration_p50"": -16293412.410000004, ""d3_trend_eff_p50"": 0.8554216867469907, ""d3_max_drawdown_p30"": -2.645937542246859}"
1301,台塑,2026-06-17,2026-06-18,DAY1,A,RANGE_NORMAL,7.820646506777895,6.539383557861234,7.820646506777895,0.9705882352941193,0.029411764705880694,6.0424744394579735,29.0,74.0,78.79884225759768,26.121562952243124,1825143437.7000008,1,True,2,1,AC,False,True,False,24.504692387904072,WINNER,47.95,2026-07-02,51.7,20.116054158607355,PROMOTION_WINNER,2026-07-03,7.820646506777895,7.820646506777895,15.473887814313336,23.791102514506758,-6.866537717601551,1,2026-06-18,2026-06-18,True,RECONSTRUCTED_NOT_PRODUCTION_EXACT,DISCOVERY,True,True,True,True,True,True,True,True,True,True,True,PROMOTE_DAY1_SHADOW,"{""d0_fresh_rs_p40"": 1.0, ""d0_fresh_volume_p40"": 3.0, ""d0_rs_slope5_p70"": 6.708057106025629, ""d0_rank_change3_p50"": 114.0, ""d0_flow_buy_days5_p70"": 4.0, ""d0_trend_eff5_p50"": 0.5314861460957175, ""d0_close_progress3_p50"": 5.966850828729298, ""d1_market_excess_p70"": 0.033209940654632675, ""d1_rs_change_p40"": 0.04062997403032401, ""d1_rank_change_p40"": -22.4, ""d1_flow_p50"": 4943366.0, ""d1_close_location_p30"": 0.43671497584541175, ""d1_upper_shadow_p70"": 0.23815384615384746, ""d3_rs_change_p40"": -2.0465804520160695, ""d3_rank_change_p40"": -73.39999999999999, ""d3_flow_acceleration_p50"": -16293412.410000004, ""d3_trend_eff_p50"": 0.8554216867469907, ""d3_max_drawdown_p30"": -2.645937542246859}"
1802,台玻,2026-06-17,2026-06-18,DAY1,A,RANGE_NORMAL,2.886002886002892,1.6047399370862303,1.0341510341510318,0.3888888888888871,0.6111111111111128,1.1798163930783674,124.0,-19.0,70.91172214182345,7.163531114327064,2024098338.8,1,False,2,1,AC,False,True,False,1.587301587301604,NEUTRAL,69.3,2026-07-02,71.3,-3.5063113604488105,PROMOTION_NEUTRAL,2026-07-03,2.886002886002892,2.886002886002892,-1.2622720897615625,9.957924263674634,-8.835904628330994,1,2026-06-18,2026-06-18,True,RECONSTRUCTED_NOT_PRODUCTION_EXACT,DISCOVERY,False,False,False,True,True,True,False,True,False,False,False,REJECT_CONFIRMATION_SHADOW,"{""d0_fresh_rs_p40"": 1.0, ""d0_fresh_volume_p40"": 3.0, ""d0_rs_slope5_p70"": 6.708057106025629, ""d0_rank_change3_p50"": 114.0, ""d0_flow_buy_days5_p70"": 4.0, ""d0_trend_eff5_p50"": 0.5314861460957175, ""d0_close_progress3_p50"": 5.966850828729298, ""d1_market_excess_p70"": 0.033209940654632675, ""d1_rs_change_p40"": 0.04062997403032401, ""d1_rank_change_p40"": -22.4, ""d1_flow_p50"": 4943366.0, ""d1_close_location_p30"": 0.43671497584541175, ""d1_upper_shadow_p70"": 0.23815384615384746, ""d3_rs_change_p40"": -2.0465804520160695, ""d3_rank_change_p40"": -73.39999999999999, ""d3_flow_acceleration_p50"": -16293412.410000004, ""d3_trend_eff_p50"": 0.8554216867469907, ""d3_max_drawdown_p30"": -2.645937542246859}"
1541,錩泰,2026-06-17,2026-06-18,DAY1,A,RANGE_NORMAL,-2.2222222222222254,-3.503485171138887,-2.771672771672773,0.4347826086956527,0.4347826086956527,0.37434644121536464,295.0,-188.0,59.55137481910275,-8.46599131693199,-154000.0,0,False,1,0,A,False,False,False,-4.888888888888898,NEUTRAL,22.5,2026-07-02,22.0,-1.3636363636363669,PROMOTION_NEUTRAL,2026-07-03,-2.2222222222222254,-2.2222222222222254,-2.7272727272727337,2.0454545454545503,-4.09090909090909,1,2026-06-18,2026-06-18,True,RECONSTRUCTED_NOT_PRODUCTION_EXACT,DISCOVERY,True,True,True,False,False,False,False,False,False,False,False,KEEP_RESERVE_SHADOW,"{""d0_fresh_rs_p40"": 1.0, ""d0_fresh_volume_p40"": 3.0, ""d0_rs_slope5_p70"": 6.708057106025629, ""d0_rank_change3_p50"": 114.0, ""d0_flow_buy_days5_p70"": 4.0, ""d0_trend_eff5_p50"": 0.5314861460957175, ""d0_close_progress3_p50"": 5.966850828729298, ""d1_market_excess_p70"": 0.033209940654632675, ""d1_rs_change_p40"": 0.04062997403032401, ""d1_rank_change_p40"": -22.4, ""d1_flow_p50"": 4943366.0, ""d1_close_location_p30"": 0.43671497584541175, ""d1_upper_shadow_p70"": 0.23815384615384746, ""d3_rs_change_p40"": -2.0465804520160695, ""d3_rank_change_p40"": -73.39999999999999, ""d3_flow_acceleration_p50"": -16293412.410000004, ""d3_trend_eff_p50"": 0.8554216867469907, ""d3_max_drawdown_p30"": -2.645937542246859}"
00403A,主動統一升級50,2026-06-17,2026-06-18,DAY1,A,RANGE_NORMAL,2.6046511627906943,1.3233882138740327,,1.0,0.0,1.2698034865866392,180.0,-72.0,72.72069464544138,2.7496382054992665,6026205259.15,1,False,1,0,A,True,True,False,3.6279069767442,NEUTRAL,10.75,2026-07-02,11.03,0.9972801450589319,PROMOTION_NEUTRAL,2026-07-03,2.6046511627906943,2.6046511627906943,0.9972801450589319,3.80779691749773,-4.805077062556662,1,2026-06-18,2026-06-18,True,RECONSTRUCTED_NOT_PRODUCTION_EXACT,DISCOVERY,True,True,False,True,True,False,True,True,True,True,True,PROMOTE_DAY1_SHADOW,"{""d0_fresh_rs_p40"": 1.0, ""d0_fresh_volume_p40"": 3.0, ""d0_rs_slope5_p70"": 6.708057106025629, ""d0_rank_change3_p50"": 114.0, ""d0_flow_buy_days5_p70"": 4.0, ""d0_trend_eff5_p50"": 0.5314861460957175, ""d0_close_progress3_p50"": 5.966850828729298, ""d1_market_excess_p70"": 0.033209940654632675, ""d1_rs_change_p40"": 0.04062997403032401, ""d1_rank_change_p40"": -22.4, ""d1_flow_p50"": 4943366.0, ""d1_close_location_p30"": 0.43671497584541175, ""d1_upper_shadow_p70"": 0.23815384615384746, ""d3_rs_change_p40"": -2.0465804520160695, ""d3_rank_change_p40"": -73.39999999999999, ""d3_flow_acceleration_p50"": -16293412.410000004, ""d3_trend_eff_p50"": 0.8554216867469907, ""d3_max_drawdown_p30"": -2.645937542246859}"
6472,保瑞,2026-06-17,2026-06-18,DAY1,A,RANGE_NORMAL,2.4242424242424176,1.142979475325756,2.4242424242424176,0.76,0.24,0.780149055276611,120.0,-9.0,72.50361794500724,12.301013024602028,200001360.0,1,True,1,0,A,True,True,False,4.7272727272727355,NEUTRAL,412.5,2026-07-02,422.5,4.023668639053257,PROMOTION_NEUTRAL,2026-07-03,2.4242424242424176,2.4242424242424176,2.2485207100591653,9.34911242603551,-3.076923076923077,1,2026-06-18,2026-06-18,True,RECONSTRUCTED_NOT_PRODUCTION_EXACT,DISCOVERY,False,False,False,True,True,True,False,True,False,False,False,REJECT_CONFIRMATION_SHADOW,"{""d0_fresh_rs_p40"": 1.0, ""d0_fresh_volume_p40"": 3.0, ""d0_rs_slope5_p70"": 6.708057106025629, ""d0_rank_change3_p50"": 114.0, ""d0_flow_buy_days5_p70"": 4.0, ""d0_trend_eff5_p50"": 0.5314861460957175, ""d0_close_progress3_p50"": 5.966850828729298, ""d1_market_excess_p70"": 0.033209940654632675, ""d1_rs_change_p40"": 0.04062997403032401, ""d1_rank_change_p40"": -22.4, ""d1_flow_p50"": 4943366.0, ""d1_close_location_p30"": 0.43671497584541175, ""d1_upper_shadow_p70"": 0.23815384615384746, ""d3_rs_change_p40"": -2.0465804520160695, ""d3_rank_change_p40"": -73.39999999999999, ""d3_flow_acceleration_p50"": -16293412.410000004, ""d3_trend_eff_p50"": 0.8554216867469907, ""d3_max_drawdown_p30"": -2.645937542246859}"
1531,高林股,2026-06-17,2026-06-18,DAY1,A,RANGE_NORMAL,-0.3861003861003742,-1.6673633350170358,-0.9355509355509217,0.6666666666666706,0.0,0.3323925726797028,337.0,-225.0,43.63241678726483,-7.308248914616499,109650.0,0,False,1,0,A,False,False,False,-0.3861003861003742,NEUTRAL,12.95,2026-07-02,12.9,1.5503875968992276,PROMOTION_NEUTRAL,2026-07-03,-0.3861003861003742,-0.3861003861003742,0.0,1.9379844961240345,-1.5503875968992276,1,2026-06-18,2026-06-18,True,RECONSTRUCTED_NOT_PRODUCTION_EXACT,DISCOVERY,False,False,False,False,False,False,False,False,False,True,False,REJECT_CONFIRMATION_SHADOW,"{""d0_fresh_rs_p40"": 1.0, ""d0_fresh_volume_p40"": 3.0, ""d0_rs_slope5_p70"": 6.708057106025629, ""d0_rank_change3_p50"": 114.0, ""d0_flow_buy_days5_p70"": 4.0, ""d0_trend_eff5_p50"": 0.5314861460957175, ""d0_close_progress3_p50"": 5.966850828729298, ""d1_market_excess_p70"": 0.033209940654632675, ""d1_rs_change_p40"": 0.04062997403032401, ""d1_rank_change_p40"": -22.4, ""d1_flow_p50"": 4943366.0, ""d1_close_location_p30"": 0.43671497584541175, ""d1_upper_shadow_p70"": 0.23815384615384746, ""d3_rs_change_p40"": -2.0465804520160695, ""d3_rank_change_p40"": -73.39999999999999, ""d3_flow_acceleration_p50"": -16293412.410000004, ""d3_trend_eff_p50"": 0.8554216867469907, ""d3_max_drawdown_p30"": -2.645937542246859}"
3535,晶彩科,2026-06-17,2026-06-18,DAY1,A,RANGE_NORMAL,-0.371747211895912,-1.6530101608125736,-2.223599063747772,0.3,0.0,0.32837334209280034,229.0,-116.0,64.83357452966715,-3.111432706222871,2941300.0,0,False,1,0,A,False,False,True,-14.12639405204461,LOSER,134.5,2026-07-02,134.0,-13.059701492537313,PROMOTION_LOSER,2026-07-03,-0.371747211895912,-0.371747211895912,-13.805970149253731,0.0,-16.791044776119403,1,2026-06-18,2026-06-18,True,RECONSTRUCTED_NOT_PRODUCTION_EXACT,DISCOVERY,False,False,False,False,False,False,False,False,False,False,False,REJECT_CONFIRMATION_SHADOW,"{""d0_fresh_rs_p40"": 1.0, ""d0_fresh_volume_p40"": 3.0, ""d0_rs_slope5_p70"": 6.708057106025629, ""d0_rank_change3_p50"": 114.0, ""d0_flow_buy_days5_p70"": 4.0, ""d0_trend_eff5_p50"": 0.5314861460957175, ""d0_close_progress3_p50"": 5.966850828729298, ""d1_market_excess_p70"": 0.033209940654632675, ""d1_rs_change_p40"": 0.04062997403032401, ""d1_rank_change_p40"": -22.4, ""d1_flow_p50"": 4943366.0, ""d1_close_location_p30"": 0.43671497584541175, ""d1_upper_shadow_p70"": 0.23815384615384746, ""d3_rs_change_p40"": -2.0465804520160695, ""d3_rank_change_p40"": -73.39999999999999, ""d3_flow_acceleration_p50"": -16293412.410000004, ""d3_trend_eff_p50"": 0.8554216867469907, ""d3_max_drawdown_p30"": -2.645937542246859}"
2402,毅嘉,2026-06-17,2026-06-18,DAY1,A,RANGE_NORMAL,-1.2693935119887256,-2.5506564609053872,-3.1212453638405857,0.4117647058823539,0.05882352941176126,0.7413829544656682,232.0,-116.0,76.8451519536903,-0.4341534008683112,-69727210.0,0,False,2,0,AC,False,False,True,-4.090267983074758,NEUTRAL,70.9,2026-07-02,70.0,-3.57142857142857,PROMOTION_NEUTRAL,2026-07-03,-1.2693935119887256,-1.2693935119887256,-2.857142857142858,3.285714285714292,-9.42857142857143,1,2026-06-18,2026-06-18,True,RECONSTRUCTED_NOT_PRODUCTION_EXACT,DISCOVERY,True,False,False,False,False,False,False,False,False,False,False,REJECT_CONFIRMATION_SHADOW,"{""d0_fresh_rs_p40"": 1.0, ""d0_fresh_volume_p40"": 3.0, ""d0_rs_slope5_p70"": 6.708057106025629, ""d0_rank_change3_p50"": 114.0, ""d0_flow_buy_days5_p70"": 4.0, ""d0_trend_eff5_p50"": 0.5314861460957175, ""d0_close_progress3_p50"": 5.966850828729298, ""d1_market_excess_p70"": 0.033209940654632675, ""d1_rs_change_p40"": 0.04062997403032401, ""d1_rank_change_p40"": -22.4, ""d1_flow_p50"": 4943366.0, ""d1_close_location_p30"": 0.43671497584541175, ""d1_upper_shadow_p70"": 0.23815384615384746, ""d3_rs_change_p40"": -2.0465804520160695, ""d3_rank_change_p40"": -73.39999999999999, ""d3_flow_acceleration_p50"": -16293412.410000004, ""d3_trend_eff_p50"": 0.8554216867469907, ""d3_max_drawdown_p30"": -2.645937542246859}"
1465,偉全,2026-06-17,2026-06-18,DAY1,A,RANGE_NORMAL,0.40160642570281624,-0.8796565232138454,0.40160642570281624,0.6666666666666627,0.33333333333333726,0.4880112340340967,215.0,-98.0,48.769898697539794,4.992764109985522,37500.0,1,False,1,0,A,False,False,False,1.2048192771084263,NEUTRAL,12.45,2026-07-02,12.5,3.600000000000003,PROMOTION_NEUTRAL,2026-07-03,0.40160642570281624,0.40160642570281624,0.8000000000000007,4.400000000000004,-1.200000000000001,1,2026-06-18,2026-06-18,True,RECONSTRUCTED_NOT_PRODUCTION_EXACT,DISCOVERY,False,False,False,False,True,False,False,True,False,False,False,REJECT_CONFIRMATION_SHADOW,"{""d0_fresh_rs_p40"": 1.0, ""d0_fresh_volume_p40"": 3.0, ""d0_rs_slope5_p70"": 6.708057106025629, ""d0_rank_change3_p50"": 114.0, ""d0_flow_buy_days5_p70"": 4.0, ""d0_trend_eff5_p50"": 0.5314861460957175, ""d0_close_progress3_p50"": 5.966850828729298, ""d1_market_excess_p70"": 0.033209940654632675, ""d1_rs_change_p40"": 0.04062997403032401, ""d1_rank_change_p40"": -22.4, ""d1_flow_p50"": 4943366.0, ""d1_close_location_p30"": 0.43671497584541175, ""d1_upper_shadow_p70"": 0.23815384615384746, ""d3_rs_change_p40"": -2.0465804520160695, ""d3_rank_change_p40"": -73.39999999999999, ""d3_flow_acceleration_p50"": -16293412.410000004, ""d3_trend_eff_p50"": 0.8554216867469907, ""d3_max_drawdown_p30"": -2.645937542246859}"
8039,台虹,2026-06-17,2026-06-18,DAY1,A,RANGE_NORMAL,-0.3424657534246589,-1.6237287023413205,-2.194317605276519,0.36363636363636365,0.36363636363636365,0.3386924818992205,292.0,-173.0,54.70332850940666,-23.950795947901582,-181419294.0,0,False,1,-1,A,False,False,True,1.3698630136986356,NEUTRAL,146.0,2026-07-02,145.5,3.7800687285223455,PROMOTION_NEUTRAL,2026-07-03,-0.3424657534246589,-0.3424657534246589,1.7182130584192379,8.247422680412363,-6.872852233676974,1,2026-06-18,2026-06-18,True,RECONSTRUCTED_NOT_PRODUCTION_EXACT,DISCOVERY,False,False,False,False,False,False,False,False,False,False,False,REJECT_CONFIRMATION_SHADOW,"{""d0_fresh_rs_p40"": 1.0, ""d0_fresh_volume_p40"": 3.0, ""d0_rs_slope5_p70"": 6.708057106025629, ""d0_rank_change3_p50"": 114.0, ""d0_flow_buy_days5_p70"": 4.0, ""d0_trend_eff5_p50"": 0.5314861460957175, ""d0_close_progress3_p50"": 5.966850828729298, ""d1_market_excess_p70"": 0.033209940654632675, ""d1_rs_change_p40"": 0.04062997403032401, ""d1_rank_change_p40"": -22.4, ""d1_flow_p50"": 4943366.0, ""d1_close_location_p30"": 0.43671497584541175, ""d1_upper_shadow_p70"": 0.23815384615384746, ""d3_rs_change_p40"": -2.0465804520160695, ""d3_rank_change_p40"": -73.39999999999999, ""d3_flow_acceleration_p50"": -16293412.410000004, ""d3_trend_eff_p50"": 0.8554216867469907, ""d3_max_drawdown_p30"": -2.645937542246859}"
0051,元大中型100,2026-06-18,2026-06-22,DAY1,A,BULL_NORMAL,2.5727826675693954,-0.17402569653965916,,0.8333333333333314,0.16666666666666863,0.7650100161704901,94.0,-18.0,74.94584837545126,-0.7415611759235503,2883045.0,1,True,1,0,A,True,True,False,1.1171293161814422,NEUTRAL,147.7,2026-07-03,151.5,-1.320132013201325,PROMOTION_NEUTRAL,2026-07-06,2.5727826675693954,2.5727826675693954,-1.419141914191424,0.36303630363037076,-6.2376237623762325,1,2026-06-22,2026-06-22,True,RECONSTRUCTED_NOT_PRODUCTION_EXACT,DISCOVERY,False,False,False,False,False,True,False,True,False,True,False,REJECT_CONFIRMATION_SHADOW,"{""d0_fresh_rs_p40"": 1.0, ""d0_fresh_volume_p40"": 3.0, ""d0_rs_slope5_p70"": 6.708057106025629, ""d0_rank_change3_p50"": 114.0, ""d0_flow_buy_days5_p70"": 4.0, ""d0_trend_eff5_p50"": 0.5314861460957175, ""d0_close_progress3_p50"": 5.966850828729298, ""d1_market_excess_p70"": 0.033209940654632675, ""d1_rs_change_p40"": 0.04062997403032401, ""d1_rank_change_p40"": -22.4, ""d1_flow_p50"": 4943366.0, ""d1_close_location_p30"": 0.43671497584541175, ""d1_upper_shadow_p70"": 0.23815384615384746, ""d3_rs_change_p40"": -2.0465804520160695, ""d3_rank_change_p40"": -73.39999999999999, ""d3_flow_acceleration_p50"": -16293412.410000004, ""d3_trend_eff_p50"": 0.8554216867469907, ""d3_max_drawdown_p30"": -2.645937542246859}"
00946,群益科技高息成長,2026-06-18,2026-06-22,DAY1,A,BULL_NORMAL,2.922077922077926,0.17526955796887123,,0.8148148148148119,0.18518518518518812,1.3395843995020784,66.0,19.0,86.28158844765343,3.2859299816621217,26268379.35000001,1,True,1,0,A,True,True,False,1.9480519480519431,NEUTRAL,15.4,2026-07-03,15.85,-0.8832807570977819,PROMOTION_NEUTRAL,2026-07-06,2.922077922077926,2.922077922077926,-0.9463722397476393,1.5772870662460692,-6.561514195583595,1,2026-06-22,2026-06-22,True,RECONSTRUCTED_NOT_PRODUCTION_EXACT,DISCOVERY,False,False,False,True,True,True,False,True,False,True,False,REJECT_CONFIRMATION_SHADOW,"{""d0_fresh_rs_p40"": 1.0, ""d0_fresh_volume_p40"": 3.0, ""d0_rs_slope5_p70"": 6.708057106025629, ""d0_rank_change3_p50"": 114.0, ""d0_flow_buy_days5_p70"": 4.0, ""d0_trend_eff5_p50"": 0.5314861460957175, ""d0_close_progress3_p50"": 5.966850828729298, ""d1_market_excess_p70"": 0.033209940654632675, ""d1_rs_change_p40"": 0.04062997403032401, ""d1_rank_change_p40"": -22.4, ""d1_flow_p50"": 4943366.0, ""d1_close_location_p30"": 0.43671497584541175, ""d1_upper_shadow_p70"": 0.23815384615384746, ""d3_rs_change_p40"": -2.0465804520160695, ""d3_rank_change_p40"": -73.39999999999999, ""d3_flow_acceleration_p50"": -16293412.410000004, ""d3_trend_eff_p50"": 0.8554216867469907, ""d3_max_drawdown_p30"": -2.645937542246859}"
00733,富邦臺灣中小,2026-06-18,2026-06-22,DAY1,A,BULL_NORMAL,2.6837060702875393,-0.06310229382151533,,0.7692307692307625,0.2307692307692375,0.6878311549178625,104.0,-13.0,74.87364620938628,0.19926126003751676,39293560.5,1,True,1,0,A,True,True,False,0.575079872204487,NEUTRAL,78.25,2026-07-03,80.35,-3.609209707529548,PROMOTION_NEUTRAL,2026-07-06,2.6837060702875393,2.6837060702875393,-2.0535158680771493,0.12445550715620701,-9.396390790292465,1,2026-06-22,2026-06-22,True,RECONSTRUCTED_NOT_PRODUCTION_EXACT,DISCOVERY,False,False,False,False,True,True,False,True,False,True,False,REJECT_CONFIRMATION_SHADOW,"{""d0_fresh_rs_p40"": 1.0, ""d0_fresh_volume_p40"": 3.0, ""d0_rs_slope5_p70"": 6.708057106025629, ""d0_rank_change3_p50"": 114.0, ""d0_flow_buy_days5_p70"": 4.0, ""d0_trend_eff5_p50"": 0.5314861460957175, ""d0_close_progress3_p50"": 5.966850828729298, ""d1_market_excess_p70"": 0.033209940654632675, ""d1_rs_change_p40"": 0.04062997403032401, ""d1_rank_change_p40"": -22.4, ""d1_flow_p50"": 4943366.0, ""d1_close_location_p30"": 0.43671497584541175, ""d1_upper_shadow_p70"": 0.23815384615384746, ""d3_rs_change_p40"": -2.0465804520160695, ""d3_rank_change_p40"": -73.39999999999999, ""d3_flow_acceleration_p50"": -16293412.410000004, ""d3_trend_eff_p50"": 0.8554216867469907, ""d3_max_drawdown_p30"": -2.645937542246859}"
009803,玉山市值動能50,2026-06-18,2026-06-22,DAY1,A,BULL_NORMAL,3.413746017296315,0.6669376531872606,,0.9629629629629571,0.037037037037042884,0.7265097693801721,56.0,40.0,74.58483754512635,3.311320902579311,21198305.28,1,True,1,0,A,True,True,False,-0.0910332271279013,NEUTRAL,21.97,2026-07-03,22.72,-3.653169014084501,PROMOTION_NEUTRAL,2026-07-06,3.413746017296315,3.413746017296315,-3.3890845070422504,1.0123239436619746,-7.92253521126759,1,2026-06-22,2026-06-22,True,RECONSTRUCTED_NOT_PRODUCTION_EXACT,DISCOVERY,False,False,False,True,True,True,False,True,False,True,False,REJECT_CONFIRMATION_SHADOW,"{""d0_fresh_rs_p40"": 1.0, ""d0_fresh_volume_p40"": 3.0, ""d0_rs_slope5_p70"": 6.708057106025629, ""d0_rank_change3_p50"": 114.0, ""d0_flow_buy_days5_p70"": 4.0, ""d0_trend_eff5_p50"": 0.5314861460957175, ""d0_close_progress3_p50"": 5.966850828729298, ""d1_market_excess_p70"": 0.033209940654632675, ""d1_rs_change_p40"": 0.04062997403032401, ""d1_rank_change_p40"": -22.4, ""d1_flow_p50"": 4943366.0, ""d1_close_location_p30"": 0.43671497584541175, ""d1_upper_shadow_p70"": 0.23815384615384746, ""d3_rs_change_p40"": -2.0465804520160695, ""d3_rank_change_p40"": -73.39999999999999, ""d3_flow_acceleration_p50"": -16293412.410000004, ""d3_trend_eff_p50"": 0.8554216867469907, ""d3_max_drawdown_p30"": -2.645937542246859}"
009808,華南永昌優選50,2026-06-18,2026-06-22,DAY1,A,BULL_NORMAL,3.1875000000000098,0.44069163589095517,,1.0,0.0,0.3617818390358895,77.0,21.0,84.4043321299639,2.6387749664327913,5904009.02,1,True,1,0,A,True,True,False,0.0,NEUTRAL,32.0,2026-07-03,33.02,-2.9073288915808626,PROMOTION_NEUTRAL,2026-07-06,3.1875000000000098,3.1875000000000098,-3.0890369473046686,1.7565112053300913,-7.450030284675968,1,2026-06-22,2026-06-22,True,RECONSTRUCTED_NOT_PRODUCTION_EXACT,DISCOVERY,False,False,False,True,True,True,False,True,False,True,False,REJECT_CONFIRMATION_SHADOW,"{""d0_fresh_rs_p40"": 1.0, ""d0_fresh_volume_p40"": 3.0, ""d0_rs_slope5_p70"": 6.708057106025629, ""d0_rank_change3_p50"": 114.0, ""d0_flow_buy_days5_p70"": 4.0, ""d0_trend_eff5_p50"": 0.5314861460957175, ""d0_close_progress3_p50"": 5.966850828729298, ""d1_market_excess_p70"": 0.033209940654632675, ""d1_rs_change_p40"": 0.04062997403032401, ""d1_rank_change_p40"": -22.4, ""d1_flow_p50"": 4943366.0, ""d1_close_location_p30"": 0.43671497584541175, ""d1_upper_shadow_p70"": 0.23815384615384746, ""d3_rs_change_p40"": -2.0465804520160695, ""d3_rank_change_p40"": -73.39999999999999, ""d3_flow_acceleration_p50"": -16293412.410000004, ""d3_trend_eff_p50"": 0.8554216867469907, ""d3_max_drawdown_p30"": -2.645937542246859}"
00896,中信綠能及電動車,2026-06-18,2026-06-22,DAY1,A,BULL_NORMAL,2.0736503396496353,-0.6731580244594193,,0.7272727272727302,0.27272727272726976,0.9206432533715406,82.0,17.0,63.104693140794225,0.2971678151791721,209467609.95,1,True,1,0,A,False,True,False,1.2155881301394444,NEUTRAL,27.97,2026-07-03,28.55,-0.6654991243432606,PROMOTION_NEUTRAL,2026-07-06,2.0736503396496353,2.0736503396496353,-0.8406304728546532,1.050788091068311,-6.865148861646242,1,2026-06-22,2026-06-22,True,RECONSTRUCTED_NOT_PRODUCTION_EXACT,DISCOVERY,False,False,False,False,True,True,False,True,False,False,False,REJECT_CONFIRMATION_SHADOW,"{""d0_fresh_rs_p40"": 1.0, ""d0_fresh_volume_p40"": 3.0, ""d0_rs_slope5_p70"": 6.708057106025629, ""d0_rank_change3_p50"": 114.0, ""d0_flow_buy_days5_p70"": 4.0, ""d0_trend_eff5_p50"": 0.5314861460957175, ""d0_close_progress3_p50"": 5.966850828729298, ""d1_market_excess_p70"": 0.033209940654632675, ""d1_rs_change_p40"": 0.04062997403032401, ""d1_rank_change_p40"": -22.4, ""d1_flow_p50"": 4943366.0, ""d1_close_location_p30"": 0.43671497584541175, ""d1_upper_shadow_p70"": 0.23815384615384746, ""d3_rs_change_p40"": -2.0465804520160695, ""d3_rank_change_p40"": -73.39999999999999, ""d3_flow_acceleration_p50"": -16293412.410000004, ""d3_trend_eff_p50"": 0.8554216867469907, ""d3_max_drawdown_p30"": -2.645937542246859}"
00993A,主動安聯台灣,2026-06-18,2026-06-22,DAY1,A,BULL_NORMAL,2.4492652204338716,-0.297543143675183,,0.6000000000000048,0.39999999999999525,0.8858659188920334,150.0,-48.0,76.24548736462094,-0.8891001896482322,65851686.24,1,False,1,0,A,True,True,False,0.7697690692792358,NEUTRAL,14.29,2026-07-03,14.64,-4.371584699453557,PROMOTION_NEUTRAL,2026-07-06,2.4492652204338716,2.4492652204338716,-1.6393442622950838,0.8196721311475308,-8.53825136612022,1,2026-06-22,2026-06-22,True,RECONSTRUCTED_NOT_PRODUCTION_EXACT,DISCOVERY,True,True,False,False,False,False,False,True,False,False,False,KEEP_RESERVE_SHADOW,"{""d0_fresh_rs_p40"": 1.0, ""d0_fresh_volume_p40"": 3.0, ""d0_rs_slope5_p70"": 6.708057106025629, ""d0_rank_change3_p50"": 114.0, ""d0_flow_buy_days5_p70"": 4.0, ""d0_trend_eff5_p50"": 0.5314861460957175, ""d0_close_progress3_p50"": 5.966850828729298, ""d1_market_excess_p70"": 0.033209940654632675, ""d1_rs_change_p40"": 0.04062997403032401, ""d1_rank_change_p40"": -22.4, ""d1_flow_p50"": 4943366.0, ""d1_close_location_p30"": 0.43671497584541175, ""d1_upper_shadow_p70"": 0.23815384615384746, ""d3_rs_change_p40"": -2.0465804520160695, ""d3_rank_change_p40"": -73.39999999999999, ""d3_flow_acceleration_p50"": -16293412.410000004, ""d3_trend_eff_p50"": 0.8554216867469907, ""d3_max_drawdown_p30"": -2.645937542246859}"
00762,元大全球AI,2026-06-18,2026-06-22,DAY1,A,BULL_NORMAL,1.1914543960558799,-1.5553539680531747,,0.444444444444448,0.555555555555552,1.070784419318309,108.0,-3.0,73.93501805054152,-0.3775723980836716,5579433.899999999,1,True,1,0,A,True,True,False,-6.450287592440429,LOSER,121.7,2026-07-03,123.15,-6.983353633779954,PROMOTION_LOSER,2026-07-06,1.1914543960558799,1.1914543960558799,-7.551766138855065,0.0,-9.053999187982143,1,2026-06-22,2026-06-22,True,RECONSTRUCTED_NOT_PRODUCTION_EXACT,DISCOVERY,True,True,False,False,False,True,False,True,False,False,False,KEEP_RESERVE_SHADOW,"{""d0_fresh_rs_p40"": 1.0, ""d0_fresh_volume_p40"": 3.0, ""d0_rs_slope5_p70"": 6.708057106025629, ""d0_rank_change3_p50"": 114.0, ""d0_flow_buy_days5_p70"": 4.0, ""d0_trend_eff5_p50"": 0.5314861460957175, ""d0_close_progress3_p50"": 5.966850828729298, ""d1_market_excess_p70"": 0.033209940654632675, ""d1_rs_change_p40"": 0.04062997403032401, ""d1_rank_change_p40"": -22.4, ""d1_flow_p50"": 4943366.0, ""d1_close_location_p30"": 0.43671497584541175, ""d1_upper_shadow_p70"": 0.23815384615384746, ""d3_rs_change_p40"": -2.0465804520160695, ""d3_rank_change_p40"": -73.39999999999999, ""d3_flow_acceleration_p50"": -16293412.410000004, ""d3_trend_eff_p50"": 0.8554216867469907, ""d3_max_drawdown_p30"": -2.645937542246859}"
00982A,主動群益台灣強棒,2026-06-18,2026-06-22,DAY1,A,BULL_NORMAL,2.496979460330251,-0.24982890377880373,,0.7500000000000056,0.18749999999998473,0.5757070478394356,117.0,-7.0,78.05054151624549,0.6265183613974443,140722262.9,1,True,1,0,A,True,True,False,2.7386226339106035,NEUTRAL,24.83,2026-07-03,25.45,-0.6679764243614827,PROMOTION_NEUTRAL,2026-07-06,2.496979460330251,2.496979460330251,0.23575638506876384,1.6110019646365492,-7.858546168958746,1,2026-06-22,2026-06-22,True,RECONSTRUCTED_NOT_PRODUCTION_EXACT,DISCOVERY,False,False,False,False,True,True,False,True,False,True,False,REJECT_CONFIRMATION_SHADOW,"{""d0_fresh_rs_p40"": 1.0, ""d0_fresh_volume_p40"": 3.0, ""d0_rs_slope5_p70"": 6.708057106025629, ""d0_rank_change3_p50"": 114.0, ""d0_flow_buy_days5_p70"": 4.0, ""d0_trend_eff5_p50"": 0.5314861460957175, ""d0_close_progress3_p50"": 5.966850828729298, ""d1_market_excess_p70"": 0.033209940654632675, ""d1_rs_change_p40"": 0.04062997403032401, ""d1_rank_change_p40"": -22.4, ""d1_flow_p50"": 4943366.0, ""d1_close_location_p30"": 0.43671497584541175, ""d1_upper_shadow_p70"": 0.23815384615384746, ""d3_rs_change_p40"": -2.0465804520160695, ""d3_rank_change_p40"": -73.39999999999999, ""d3_flow_acceleration_p50"": -16293412.410000004, ""d3_trend_eff_p50"": 0.8554216867469907, ""d3_max_drawdown_p30"": -2.645937542246859}"
1905,華紙,2026-06-22,2026-06-23,DAY1,A,BULL_NORMAL,-9.214092140921403,-7.871738285754271,-7.754238126322865,0.08000000000000114,0.0799999999999983,1.834646546091421,,,96.32034632034632,-1.441386531639239,-23792956.25,0,False,0,-1,,False,False,True,-8.6720867208672,LOSER,18.45,2026-07-06,16.75,-3.5820895522388096,PROMOTION_NEUTRAL,2026-07-07,-9.214092140921403,-9.214092140921403,0.5970149253731405,5.970149253731338,-5.074626865671639,1,2026-06-23,2026-06-23,True,RECONSTRUCTED_NOT_PRODUCTION_EXACT,DISCOVERY,False,False,False,False,False,False,False,False,False,False,False,REJECT_CONFIRMATION_SHADOW,"{""d0_fresh_rs_p40"": 1.0, ""d0_fresh_volume_p40"": 3.0, ""d0_rs_slope5_p70"": 6.708057106025629, ""d0_rank_change3_p50"": 114.0, ""d0_flow_buy_days5_p70"": 4.0, ""d0_trend_eff5_p50"": 0.5314861460957175, ""d0_close_progress3_p50"": 5.966850828729298, ""d1_market_excess_p70"": 0.033209940654632675, ""d1_rs_change_p40"": 0.04062997403032401, ""d1_rank_change_p40"": -22.4, ""d1_flow_p50"": 4943366.0, ""d1_close_location_p30"": 0.43671497584541175, ""d1_upper_shadow_p70"": 0.23815384615384746, ""d3_rs_change_p40"": -2.0465804520160695, ""d3_rank_change_p40"": -73.39999999999999, ""d3_flow_acceleration_p50"": -16293412.410000004, ""d3_trend_eff_p50"": 0.8554216867469907, ""d3_max_drawdown_p30"": -2.645937542246859}"
2415,錩新,2026-06-22,2026-06-23,DAY1,A,BULL_NORMAL,-0.330033003300334,1.0123208518667992,0.6739536886058217,0.8461538461538445,0.0,1.6484458120209562,,,83.91053391053391,8.531472538692753,-330690.0,0,False,0,-1,,False,False,False,37.45874587458744,WINNER,30.3,2026-07-06,30.2,24.66887417218542,PROMOTION_WINNER,2026-07-07,-0.330033003300334,-0.330033003300334,37.9139072847682,41.556291390728475,-1.490066225165565,1,2026-06-23,2026-06-23,True,RECONSTRUCTED_NOT_PRODUCTION_EXACT,DISCOVERY,False,False,False,True,True,False,False,False,False,True,False,REJECT_CONFIRMATION_SHADOW,"{""d0_fresh_rs_p40"": 1.0, ""d0_fresh_volume_p40"": 3.0, ""d0_rs_slope5_p70"": 6.708057106025629, ""d0_rank_change3_p50"": 114.0, ""d0_flow_buy_days5_p70"": 4.0, ""d0_trend_eff5_p50"": 0.5314861460957175, ""d0_close_progress3_p50"": 5.966850828729298, ""d1_market_excess_p70"": 0.033209940654632675, ""d1_rs_change_p40"": 0.04062997403032401, ""d1_rank_change_p40"": -22.4, ""d1_flow_p50"": 4943366.0, ""d1_close_location_p30"": 0.43671497584541175, ""d1_upper_shadow_p70"": 0.23815384615384746, ""d3_rs_change_p40"": -2.0465804520160695, ""d3_rank_change_p40"": -73.39999999999999, ""d3_flow_acceleration_p50"": -16293412.410000004, ""d3_trend_eff_p50"": 0.8554216867469907, ""d3_max_drawdown_p30"": -2.645937542246859}"
8072,陞泰,2026-06-22,2026-06-23,DAY1,A,BULL_NORMAL,-2.079999999999993,-0.7376461448328597,0.3337931034482766,0.2187500000000007,0.37500000000000056,1.615117871640419,116.0,-48.0,77.2005772005772,0.0164616771114936,-1585080.0,0,True,1,0,A,True,False,True,-6.240000000000001,LOSER,31.25,2026-07-06,30.6,-5.882352941176472,PROMOTION_NEUTRAL,2026-07-07,-2.079999999999993,-2.079999999999993,-4.2483660130719025,5.228758169934644,-6.862745098039225,1,2026-06-23,2026-06-23,True,RECONSTRUCTED_NOT_PRODUCTION_EXACT,DISCOVERY,False,False,False,False,False,True,False,False,False,False,False,REJECT_CONFIRMATION_SHADOW,"{""d0_fresh_rs_p40"": 1.0, ""d0_fresh_volume_p40"": 3.0, ""d0_rs_slope5_p70"": 6.708057106025629, ""d0_rank_change3_p50"": 114.0, ""d0_flow_buy_days5_p70"": 4.0, ""d0_trend_eff5_p50"": 0.5314861460957175, ""d0_close_progress3_p50"": 5.966850828729298, ""d1_market_excess_p70"": 0.033209940654632675, ""d1_rs_change_p40"": 0.04062997403032401, ""d1_rank_change_p40"": -22.4, ""d1_flow_p50"": 4943366.0, ""d1_close_location_p30"": 0.43671497584541175, ""d1_upper_shadow_p70"": 0.23815384615384746, ""d3_rs_change_p40"": -2.0465804520160695, ""d3_rank_change_p40"": -73.39999999999999, ""d3_flow_acceleration_p50"": -16293412.410000004, ""d3_trend_eff_p50"": 0.8554216867469907, ""d3_max_drawdown_p30"": -2.645937542246859}"
6919,康霈*,2026-06-22,2026-06-23,DAY1,A,BULL_NORMAL,-9.623430962343093,-8.28107710717596,-9.623430962343093,0.0,0.041666666666666664,2.0171565118340027,,,37.44588744588744,-45.1533905324519,-599776704.0,0,False,0,-2,,False,False,True,-16.317991631799167,LOSER,119.5,2026-07-06,108.0,1.85185185185186,PROMOTION_NEUTRAL,2026-07-07,-9.623430962343093,-9.623430962343093,-7.4074074074074066,1.85185185185186,-11.481481481481481,1,2026-06-23,2026-06-23,True,RECONSTRUCTED_NOT_PRODUCTION_EXACT,DISCOVERY,True,True,True,False,False,False,False,False,False,False,False,REJECT_CONFIRMATION_SHADOW,"{""d0_fresh_rs_p40"": 1.0, ""d0_fresh_volume_p40"": 3.0, ""d0_rs_slope5_p70"": 6.708057106025629, ""d0_rank_change3_p50"": 114.0, ""d0_flow_buy_days5_p70"": 4.0, ""d0_trend_eff5_p50"": 0.5314861460957175, ""d0_close_progress3_p50"": 5.966850828729298, ""d1_market_excess_p70"": 0.033209940654632675, ""d1_rs_change_p40"": 0.04062997403032401, ""d1_rank_change_p40"": -22.4, ""d1_flow_p50"": 4943366.0, ""d1_close_location_p30"": 0.43671497584541175, ""d1_upper_shadow_p70"": 0.23815384615384746, ""d3_rs_change_p40"": -2.0465804520160695, ""d3_rank_change_p40"": -73.39999999999999, ""d3_flow_acceleration_p50"": -16293412.410000004, ""d3_trend_eff_p50"": 0.8554216867469907, ""d3_max_drawdown_p30"": -2.645937542246859}"
00639,富邦深100,2026-06-22,2026-06-23,DAY1,A,BULL_NORMAL,-1.8508725542041304,-0.5085186990369972,,0.017857142857139345,0.1071428571428551,0.6346368020391204,,,59.307359307359306,-4.663759826214701,-1432108.1600000001,0,False,0,-1,,False,False,True,-4.283447911158111,NEUTRAL,18.91,2026-07-06,18.56,-4.148706896551724,PROMOTION_NEUTRAL,2026-07-07,-1.8508725542041304,-1.8508725542041304,-2.478448275862055,2.74784482758621,-5.010775862068961,1,2026-06-23,2026-06-23,True,RECONSTRUCTED_NOT_PRODUCTION_EXACT,DISCOVERY,True,True,False,False,False,False,False,False,False,False,False,REJECT_CONFIRMATION_SHADOW,"{""d0_fresh_rs_p40"": 1.0, ""d0_fresh_volume_p40"": 3.0, ""d0_rs_slope5_p70"": 6.708057106025629, ""d0_rank_change3_p50"": 114.0, ""d0_flow_buy_days5_p70"": 4.0, ""d0_trend_eff5_p50"": 0.5314861460957175, ""d0_close_progress3_p50"": 5.966850828729298, ""d1_market_excess_p70"": 0.033209940654632675, ""d1_rs_change_p40"": 0.04062997403032401, ""d1_rank_change_p40"": -22.4, ""d1_flow_p50"": 4943366.0, ""d1_close_location_p30"": 0.43671497584541175, ""d1_upper_shadow_p70"": 0.23815384615384746, ""d3_rs_change_p40"": -2.0465804520160695, ""d3_rank_change_p40"": -73.39999999999999, ""d3_flow_acceleration_p50"": -16293412.410000004, ""d3_trend_eff_p50"": 0.8554216867469907, ""d3_max_drawdown_p30"": -2.645937542246859}"
6573,虹揚-KY,2026-06-23,2026-06-24,DAY1,A,RANGE_NORMAL,9.974424552429673,12.218661096935968,10.188328295745187,1.0,0.0,3.5551762286120154,31.0,-5.0,98.7012987012987,0.865800865800864,-3913516.0,0,True,1,0,B,True,False,False,28.132992327365724,WINNER,19.55,2026-07-07,21.5,28.13953488372094,PROMOTION_WINNER,2026-07-08,9.974424552429673,9.974424552429673,16.511627906976756,38.6046511627907,-10.697674418604652,1,2026-06-24,2026-06-24,True,RECONSTRUCTED_NOT_PRODUCTION_EXACT,VALIDATION,True,True,True,True,True,True,True,False,False,True,False,KEEP_RESERVE_SHADOW,"{""d0_fresh_rs_p40"": 1.0, ""d0_fresh_volume_p40"": 3.0, ""d0_rs_slope5_p70"": 6.708057106025629, ""d0_rank_change3_p50"": 114.0, ""d0_flow_buy_days5_p70"": 4.0, ""d0_trend_eff5_p50"": 0.5314861460957175, ""d0_close_progress3_p50"": 5.966850828729298, ""d1_market_excess_p70"": 0.033209940654632675, ""d1_rs_change_p40"": 0.04062997403032401, ""d1_rank_change_p40"": -22.4, ""d1_flow_p50"": 4943366.0, ""d1_close_location_p30"": 0.43671497584541175, ""d1_upper_shadow_p70"": 0.23815384615384746, ""d3_rs_change_p40"": -2.0465804520160695, ""d3_rank_change_p40"": -73.39999999999999, ""d3_flow_acceleration_p50"": -16293412.410000004, ""d3_trend_eff_p50"": 0.8554216867469907, ""d3_max_drawdown_p30"": -2.645937542246859}"
5283,禾聯碩,2026-06-23,2026-06-24,DAY1,A,RANGE_NORMAL,0.17421602787457413,2.418452572380869,0.17421602787457413,0.7894736842105269,0.0,1.337812203158604,61.0,-33.0,81.0966810966811,-0.5772005772005855,-2185000.0,0,True,1,-1,C,True,True,False,-6.445993031358876,LOSER,57.4,2026-07-07,57.5,-7.826086956521738,PROMOTION_LOSER,2026-07-08,0.17421602787457413,0.17421602787457413,-6.608695652173912,-0.6956521739130417,-9.565217391304348,1,2026-06-24,2026-06-24,True,RECONSTRUCTED_NOT_PRODUCTION_EXACT,VALIDATION,True,True,True,True,False,True,True,False,False,True,False,KEEP_RESERVE_SHADOW,"{""d0_fresh_rs_p40"": 1.0, ""d0_fresh_volume_p40"": 3.0, ""d0_rs_slope5_p70"": 6.708057106025629, ""d0_rank_change3_p50"": 114.0, ""d0_flow_buy_days5_p70"": 4.0, ""d0_trend_eff5_p50"": 0.5314861460957175, ""d0_close_progress3_p50"": 5.966850828729298, ""d1_market_excess_p70"": 0.033209940654632675, ""d1_rs_change_p40"": 0.04062997403032401, ""d1_rank_change_p40"": -22.4, ""d1_flow_p50"": 4943366.0, ""d1_close_location_p30"": 0.43671497584541175, ""d1_upper_shadow_p70"": 0.23815384615384746, ""d3_rs_change_p40"": -2.0465804520160695, ""d3_rank_change_p40"": -73.39999999999999, ""d3_flow_acceleration_p50"": -16293412.410000004, ""d3_trend_eff_p50"": 0.8554216867469907, ""d3_max_drawdown_p30"": -2.645937542246859}"
6715,嘉基,2026-06-23,2026-06-24,DAY1,A,RANGE_NORMAL,-9.841827768014056,-7.597591223507761,-9.423417726173057,0.0,0.30357142857142855,2.001352324838559,43.0,-7.0,72.72727272727273,-20.851370851370845,-2708640.0,0,True,1,0,C,False,False,True,-20.562390158172228,LOSER,569.0,2026-07-07,513.0,-15.204678362573098,PROMOTION_LOSER,2026-07-08,-9.841827768014056,-9.841827768014056,-11.890838206627684,4.678362573099415,-17.738791423001953,1,2026-06-24,2026-06-24,True,RECONSTRUCTED_NOT_PRODUCTION_EXACT,VALIDATION,True,True,True,False,False,True,False,False,False,False,False,REJECT_CONFIRMATION_SHADOW,"{""d0_fresh_rs_p40"": 1.0, ""d0_fresh_volume_p40"": 3.0, ""d0_rs_slope5_p70"": 6.708057106025629, ""d0_rank_change3_p50"": 114.0, ""d0_flow_buy_days5_p70"": 4.0, ""d0_trend_eff5_p50"": 0.5314861460957175, ""d0_close_progress3_p50"": 5.966850828729298, ""d1_market_excess_p70"": 0.033209940654632675, ""d1_rs_change_p40"": 0.04062997403032401, ""d1_rank_change_p40"": -22.4, ""d1_flow_p50"": 4943366.0, ""d1_close_location_p30"": 0.43671497584541175, ""d1_upper_shadow_p70"": 0.23815384615384746, ""d3_rs_change_p40"": -2.0465804520160695, ""d3_rank_change_p40"": -73.39999999999999, ""d3_flow_acceleration_p50"": -16293412.410000004, ""d3_trend_eff_p50"": 0.8554216867469907, ""d3_max_drawdown_p30"": -2.645937542246859}"
2832,台產,2026-06-23,2026-06-24,DAY1,A,RANGE_NORMAL,-0.7092198581560294,1.5350166863502657,-0.10483328450469065,0.222222222222224,0.333333333333336,0.5431301881490708,,,67.8932178932179,-3.823953823953829,-2636088.0,0,False,0,-1,,False,False,False,0.3546099290780091,NEUTRAL,56.4,2026-07-07,56.0,0.7142857142857117,PROMOTION_NEUTRAL,2026-07-08,-0.7092198581560294,-0.7092198581560294,1.0714285714285676,2.678571428571419,-2.321428571428563,1,2026-06-24,2026-06-24,True,RECONSTRUCTED_NOT_PRODUCTION_EXACT,VALIDATION,False,False,False,True,False,False,False,False,False,False,False,REJECT_CONFIRMATION_SHADOW,"{""d0_fresh_rs_p40"": 1.0, ""d0_fresh_volume_p40"": 3.0, ""d0_rs_slope5_p70"": 6.708057106025629, ""d0_rank_change3_p50"": 114.0, ""d0_flow_buy_days5_p70"": 4.0, ""d0_trend_eff5_p50"": 0.5314861460957175, ""d0_close_progress3_p50"": 5.966850828729298, ""d1_market_excess_p70"": 0.033209940654632675, ""d1_rs_change_p40"": 0.04062997403032401, ""d1_rank_change_p40"": -22.4, ""d1_flow_p50"": 4943366.0, ""d1_close_location_p30"": 0.43671497584541175, ""d1_upper_shadow_p70"": 0.23815384615384746, ""d3_rs_change_p40"": -2.0465804520160695, ""d3_rank_change_p40"": -73.39999999999999, ""d3_flow_acceleration_p50"": -16293412.410000004, ""d3_trend_eff_p50"": 0.8554216867469907, ""d3_max_drawdown_p30"": -2.645937542246859}"
6243,迅杰,2026-06-23,2026-06-24,DAY1,A,RANGE_NORMAL,9.999999999999986,12.24423654450628,10.418410041840986,1.0,0.0,11.893903464163111,47.0,12.0,95.74314574314575,7.4314574314574315,-186115.05000000005,0,True,1,-1,C,True,True,False,-5.421686746987953,NEUTRAL,41.5,2026-07-07,45.65,-12.376779846659359,PROMOTION_LOSER,2026-07-08,9.999999999999986,9.999999999999986,-14.019715224534501,0.0,-16.648411829134723,1,2026-06-24,2026-06-24,True,RECONSTRUCTED_NOT_PRODUCTION_EXACT,VALIDATION,True,False,False,True,True,True,True,False,False,True,False,KEEP_RESERVE_SHADOW,"{""d0_fresh_rs_p40"": 1.0, ""d0_fresh_volume_p40"": 3.0, ""d0_rs_slope5_p70"": 6.708057106025629, ""d0_rank_change3_p50"": 114.0, ""d0_flow_buy_days5_p70"": 4.0, ""d0_trend_eff5_p50"": 0.5314861460957175, ""d0_close_progress3_p50"": 5.966850828729298, ""d1_market_excess_p70"": 0.033209940654632675, ""d1_rs_change_p40"": 0.04062997403032401, ""d1_rank_change_p40"": -22.4, ""d1_flow_p50"": 4943366.0, ""d1_close_location_p30"": 0.43671497584541175, ""d1_upper_shadow_p70"": 0.23815384615384746, ""d3_rs_change_p40"": -2.0465804520160695, ""d3_rank_change_p40"": -73.39999999999999, ""d3_flow_acceleration_p50"": -16293412.410000004, ""d3_trend_eff_p50"": 0.8554216867469907, ""d3_max_drawdown_p30"": -2.645937542246859}"
3530,晶相光,2026-06-23,2026-06-24,DAY1,A,RANGE_NORMAL,-0.5434782608695565,1.7007582836367385,-0.1250682190285568,0.8333333333333347,0.16666666666666535,1.1802050424571997,,,60.678210678210675,-0.28860028860029274,-2276373.5999999996,0,False,0,-1,,False,False,True,-8.831521739130432,LOSER,73.6,2026-07-07,73.2,-9.153005464480879,PROMOTION_LOSER,2026-07-08,-0.5434782608695565,-0.5434782608695565,-8.333333333333348,2.3224043715847076,-11.202185792349727,1,2026-06-24,2026-06-24,True,RECONSTRUCTED_NOT_PRODUCTION_EXACT,VALIDATION,True,True,False,True,False,False,False,False,False,False,False,REJECT_CONFIRMATION_SHADOW,"{""d0_fresh_rs_p40"": 1.0, ""d0_fresh_volume_p40"": 3.0, ""d0_rs_slope5_p70"": 6.708057106025629, ""d0_rank_change3_p50"": 114.0, ""d0_flow_buy_days5_p70"": 4.0, ""d0_trend_eff5_p50"": 0.5314861460957175, ""d0_close_progress3_p50"": 5.966850828729298, ""d1_market_excess_p70"": 0.033209940654632675, ""d1_rs_change_p40"": 0.04062997403032401, ""d1_rank_change_p40"": -22.4, ""d1_flow_p50"": 4943366.0, ""d1_close_location_p30"": 0.43671497584541175, ""d1_upper_shadow_p70"": 0.23815384615384746, ""d3_rs_change_p40"": -2.0465804520160695, ""d3_rank_change_p40"": -73.39999999999999, ""d3_flow_acceleration_p50"": -16293412.410000004, ""d3_trend_eff_p50"": 0.8554216867469907, ""d3_max_drawdown_p30"": -2.645937542246859}"
2634,漢翔,2026-06-23,2026-06-24,DAY1,A,RANGE_NORMAL,-0.8048289738430747,1.4394075706632203,0.0,0.4117647058823515,0.5882352941176485,0.8561591287123962,,,74.45887445887446,1.2987012987013031,-13424192.799999991,0,False,0,-1,,False,False,False,17.50503018108651,WINNER,49.7,2026-07-07,49.3,20.89249492900609,PROMOTION_WINNER,2026-07-08,-0.8048289738430747,-0.8048289738430747,18.458417849898588,30.831643002028407,-2.332657200811361,1,2026-06-24,2026-06-24,True,RECONSTRUCTED_NOT_PRODUCTION_EXACT,VALIDATION,False,False,False,True,True,False,False,False,False,False,False,REJECT_CONFIRMATION_SHADOW,"{""d0_fresh_rs_p40"": 1.0, ""d0_fresh_volume_p40"": 3.0, ""d0_rs_slope5_p70"": 6.708057106025629, ""d0_rank_change3_p50"": 114.0, ""d0_flow_buy_days5_p70"": 4.0, ""d0_trend_eff5_p50"": 0.5314861460957175, ""d0_close_progress3_p50"": 5.966850828729298, ""d1_market_excess_p70"": 0.033209940654632675, ""d1_rs_change_p40"": 0.04062997403032401, ""d1_rank_change_p40"": -22.4, ""d1_flow_p50"": 4943366.0, ""d1_close_location_p30"": 0.43671497584541175, ""d1_upper_shadow_p70"": 0.23815384615384746, ""d3_rs_change_p40"": -2.0465804520160695, ""d3_rank_change_p40"": -73.39999999999999, ""d3_flow_acceleration_p50"": -16293412.410000004, ""d3_trend_eff_p50"": 0.8554216867469907, ""d3_max_drawdown_p30"": -2.645937542246859}"
2466,冠西電,2026-06-23,2026-06-24,DAY1,A,RANGE_NORMAL,4.795737122557742,7.039973667064037,5.792886185821389,0.880952380952381,0.11904761904761897,2.2342742250133165,63.0,14.0,92.13564213564213,6.926406926406926,9853000.0,1,True,1,-1,C,True,True,False,64.47602131438721,WINNER,56.3,2026-07-07,59.0,64.23728813559325,PROMOTION_WINNER,2026-07-08,4.795737122557742,4.795737122557742,56.94915254237287,76.27118644067797,-4.915254237288136,1,2026-06-24,2026-06-24,True,RECONSTRUCTED_NOT_PRODUCTION_EXACT,VALIDATION,True,False,False,True,True,True,True,True,True,True,True,PROMOTE_DAY1_SHADOW,"{""d0_fresh_rs_p40"": 1.0, ""d0_fresh_volume_p40"": 3.0, ""d0_rs_slope5_p70"": 6.708057106025629, ""d0_rank_change3_p50"": 114.0, ""d0_flow_buy_days5_p70"": 4.0, ""d0_trend_eff5_p50"": 0.5314861460957175, ""d0_close_progress3_p50"": 5.966850828729298, ""d1_market_excess_p70"": 0.033209940654632675, ""d1_rs_change_p40"": 0.04062997403032401, ""d1_rank_change_p40"": -22.4, ""d1_flow_p50"": 4943366.0, ""d1_close_location_p30"": 0.43671497584541175, ""d1_upper_shadow_p70"": 0.23815384615384746, ""d3_rs_change_p40"": -2.0465804520160695, ""d3_rank_change_p40"": -73.39999999999999, ""d3_flow_acceleration_p50"": -16293412.410000004, ""d3_trend_eff_p50"": 0.8554216867469907, ""d3_max_drawdown_p30"": -2.645937542246859}"
2330,台積電,2026-06-23,2026-06-24,DAY1,A,RANGE_NORMAL,-4.016064257028118,-1.771827712521823,-3.5976542151871183,0.0,0.18181818181818182,1.5331405890742302,,,66.30591630591631,-8.441558441558442,-87747793620.0,0,False,0,-1,,False,False,True,-2.008032128514059,NEUTRAL,2490.0,2026-07-07,2390.0,3.1380753138075423,PROMOTION_NEUTRAL,2026-07-08,-4.016064257028118,-4.016064257028118,2.092050209205021,4.811715481171541,-2.7196652719665315,1,2026-06-24,2026-06-24,True,RECONSTRUCTED_NOT_PRODUCTION_EXACT,VALIDATION,False,False,False,False,False,False,False,False,False,False,False,REJECT_CONFIRMATION_SHADOW,"{""d0_fresh_rs_p40"": 1.0, ""d0_fresh_volume_p40"": 3.0, ""d0_rs_slope5_p70"": 6.708057106025629, ""d0_rank_change3_p50"": 114.0, ""d0_flow_buy_days5_p70"": 4.0, ""d0_trend_eff5_p50"": 0.5314861460957175, ""d0_close_progress3_p50"": 5.966850828729298, ""d1_market_excess_p70"": 0.033209940654632675, ""d1_rs_change_p40"": 0.04062997403032401, ""d1_rank_change_p40"": -22.4, ""d1_flow_p50"": 4943366.0, ""d1_close_location_p30"": 0.43671497584541175, ""d1_upper_shadow_p70"": 0.23815384615384746, ""d3_rs_change_p40"": -2.0465804520160695, ""d3_rank_change_p40"": -73.39999999999999, ""d3_flow_acceleration_p50"": -16293412.410000004, ""d3_trend_eff_p50"": 0.8554216867469907, ""d3_max_drawdown_p30"": -2.645937542246859}"
2646,星宇航空,2026-06-23,2026-06-24,DAY1,A,RANGE_NORMAL,1.4018691588784993,3.6461057033847943,0.0,0.57142857142857,0.42857142857143005,1.5668861485551937,58.0,24.0,74.60317460317461,6.85425685425686,39816657.3,1,True,1,0,A,True,True,False,-0.4672897196261627,NEUTRAL,21.4,2026-07-07,21.7,-2.304147465437789,PROMOTION_NEUTRAL,2026-07-08,1.4018691588784993,1.4018691588784993,-1.8433179723502224,3.4562211981566726,-4.147465437788012,1,2026-06-24,2026-06-24,True,RECONSTRUCTED_NOT_PRODUCTION_EXACT,VALIDATION,False,False,False,True,True,True,False,True,False,False,False,REJECT_CONFIRMATION_SHADOW,"{""d0_fresh_rs_p40"": 1.0, ""d0_fresh_volume_p40"": 3.0, ""d0_rs_slope5_p70"": 6.708057106025629, ""d0_rank_change3_p50"": 114.0, ""d0_flow_buy_days5_p70"": 4.0, ""d0_trend_eff5_p50"": 0.5314861460957175, ""d0_close_progress3_p50"": 5.966850828729298, ""d1_market_excess_p70"": 0.033209940654632675, ""d1_rs_change_p40"": 0.04062997403032401, ""d1_rank_change_p40"": -22.4, ""d1_flow_p50"": 4943366.0, ""d1_close_location_p30"": 0.43671497584541175, ""d1_upper_shadow_p70"": 0.23815384615384746, ""d3_rs_change_p40"": -2.0465804520160695, ""d3_rank_change_p40"": -73.39999999999999, ""d3_flow_acceleration_p50"": -16293412.410000004, ""d3_trend_eff_p50"": 0.8554216867469907, ""d3_max_drawdown_p30"": -2.645937542246859}"
6257,矽格,2026-06-23,2026-06-24,DAY1,A,RANGE_NORMAL,2.320675105485237,4.564911649991532,2.7390851473262368,0.95,0.05,1.0378882797004378,116.0,-20.0,53.535353535353536,0.21645021645021956,-76725302.5,0,True,1,0,A,True,False,False,2.1097046413502074,NEUTRAL,237.0,2026-07-07,242.5,0.8247422680412342,PROMOTION_NEUTRAL,2026-07-08,2.320675105485237,2.320675105485237,-0.20618556701030855,15.257731958762877,-9.278350515463918,1,2026-06-24,2026-06-24,True,RECONSTRUCTED_NOT_PRODUCTION_EXACT,VALIDATION,False,False,False,True,True,True,False,False,False,True,False,REJECT_CONFIRMATION_SHADOW,"{""d0_fresh_rs_p40"": 1.0, ""d0_fresh_volume_p40"": 3.0, ""d0_rs_slope5_p70"": 6.708057106025629, ""d0_rank_change3_p50"": 114.0, ""d0_flow_buy_days5_p70"": 4.0, ""d0_trend_eff5_p50"": 0.5314861460957175, ""d0_close_progress3_p50"": 5.966850828729298, ""d1_market_excess_p70"": 0.033209940654632675, ""d1_rs_change_p40"": 0.04062997403032401, ""d1_rank_change_p40"": -22.4, ""d1_flow_p50"": 4943366.0, ""d1_close_location_p30"": 0.43671497584541175, ""d1_upper_shadow_p70"": 0.23815384615384746, ""d3_rs_change_p40"": -2.0465804520160695, ""d3_rank_change_p40"": -73.39999999999999, ""d3_flow_acceleration_p50"": -16293412.410000004, ""d3_trend_eff_p50"": 0.8554216867469907, ""d3_max_drawdown_p30"": -2.645937542246859}"
2399,映泰,2026-06-23,2026-06-24,DAY1,A,RANGE_NORMAL,6.6797642436149385,8.924000788121234,6.953736846354664,0.7804878048780475,0.21951219512195252,1.6114142345368105,170.0,-72.0,74.96392496392497,1.2265512265512228,205301892.59999996,1,False,1,0,A,True,True,False,-2.7504911591355596,NEUTRAL,50.9,2026-07-07,54.3,-10.405156537753225,PROMOTION_LOSER,2026-07-08,6.6797642436149385,6.6797642436149385,-8.83977900552486,1.2891344383057168,-12.338858195211778,1,2026-06-24,2026-06-24,True,RECONSTRUCTED_NOT_PRODUCTION_EXACT,VALIDATION,False,False,False,True,True,False,False,True,False,True,False,REJECT_CONFIRMATION_SHADOW,"{""d0_fresh_rs_p40"": 1.0, ""d0_fresh_volume_p40"": 3.0, ""d0_rs_slope5_p70"": 6.708057106025629, ""d0_rank_change3_p50"": 114.0, ""d0_flow_buy_days5_p70"": 4.0, ""d0_trend_eff5_p50"": 0.5314861460957175, ""d0_close_progress3_p50"": 5.966850828729298, ""d1_market_excess_p70"": 0.033209940654632675, ""d1_rs_change_p40"": 0.04062997403032401, ""d1_rank_change_p40"": -22.4, ""d1_flow_p50"": 4943366.0, ""d1_close_location_p30"": 0.43671497584541175, ""d1_upper_shadow_p70"": 0.23815384615384746, ""d3_rs_change_p40"": -2.0465804520160695, ""d3_rank_change_p40"": -73.39999999999999, ""d3_flow_acceleration_p50"": -16293412.410000004, ""d3_trend_eff_p50"": 0.8554216867469907, ""d3_max_drawdown_p30"": -2.645937542246859}"
8438,昶昕,2026-06-23,2026-06-24,DAY1,A,RANGE_NORMAL,-3.861386138613865,-1.6171495941075698,-3.5422372024436544,0.42553191489361675,0.21276595744680837,5.258828064498425,,,66.88311688311688,-14.213564213564212,30556301.899999987,0,False,0,-1,,True,False,False,-3.861386138613865,NEUTRAL,101.0,2026-07-07,97.1,-2.059732234809475,PROMOTION_NEUTRAL,2026-07-08,-3.861386138613865,-3.861386138613865,0.0,13.80020597322349,-7.003089598352208,1,2026-06-24,2026-06-24,True,RECONSTRUCTED_NOT_PRODUCTION_EXACT,VALIDATION,True,True,True,False,False,False,False,True,False,False,False,KEEP_RESERVE_SHADOW,"{""d0_fresh_rs_p40"": 1.0, ""d0_fresh_volume_p40"": 3.0, ""d0_rs_slope5_p70"": 6.708057106025629, ""d0_rank_change3_p50"": 114.0, ""d0_flow_buy_days5_p70"": 4.0, ""d0_trend_eff5_p50"": 0.5314861460957175, ""d0_close_progress3_p50"": 5.966850828729298, ""d1_market_excess_p70"": 0.033209940654632675, ""d1_rs_change_p40"": 0.04062997403032401, ""d1_rank_change_p40"": -22.4, ""d1_flow_p50"": 4943366.0, ""d1_close_location_p30"": 0.43671497584541175, ""d1_upper_shadow_p70"": 0.23815384615384746, ""d3_rs_change_p40"": -2.0465804520160695, ""d3_rank_change_p40"": -73.39999999999999, ""d3_flow_acceleration_p50"": -16293412.410000004, ""d3_trend_eff_p50"": 0.8554216867469907, ""d3_max_drawdown_p30"": -2.645937542246859}"
1529,樂事綠能,2026-06-23,2026-06-24,DAY1,A,RANGE_NORMAL,-0.8714596949891074,1.3727768495171877,-0.8714596949891074,0.07692307692307776,0.4615384615384611,0.6509432343766535,166.0,-62.0,67.53246753246754,-12.049062049062044,-3776477.25,0,False,1,0,A,False,False,False,-1.7429193899782036,NEUTRAL,22.95,2026-07-07,22.75,-1.758241758241752,PROMOTION_NEUTRAL,2026-07-08,-0.8714596949891074,-0.8714596949891074,-0.879120879120876,4.175824175824183,-4.395604395604391,1,2026-06-24,2026-06-24,True,RECONSTRUCTED_NOT_PRODUCTION_EXACT,VALIDATION,False,False,False,True,False,False,False,False,False,False,False,REJECT_CONFIRMATION_SHADOW,"{""d0_fresh_rs_p40"": 1.0, ""d0_fresh_volume_p40"": 3.0, ""d0_rs_slope5_p70"": 6.708057106025629, ""d0_rank_change3_p50"": 114.0, ""d0_flow_buy_days5_p70"": 4.0, ""d0_trend_eff5_p50"": 0.5314861460957175, ""d0_close_progress3_p50"": 5.966850828729298, ""d1_market_excess_p70"": 0.033209940654632675, ""d1_rs_change_p40"": 0.04062997403032401, ""d1_rank_change_p40"": -22.4, ""d1_flow_p50"": 4943366.0, ""d1_close_location_p30"": 0.43671497584541175, ""d1_upper_shadow_p70"": 0.23815384615384746, ""d3_rs_change_p40"": -2.0465804520160695, ""d3_rank_change_p40"": -73.39999999999999, ""d3_flow_acceleration_p50"": -16293412.410000004, ""d3_trend_eff_p50"": 0.8554216867469907, ""d3_max_drawdown_p30"": -2.645937542246859}"
9940,信義,2026-06-23,2026-06-24,DAY1,A,RANGE_NORMAL,-0.2597402597402598,1.9844962847660352,-0.2597402597402598,0.5999999999999943,0.4000000000000057,0.7163051784896831,,,54.04040404040404,-5.483405483405484,3916800.0,0,False,0,-1,,False,False,False,2.0779220779220786,NEUTRAL,19.25,2026-07-07,19.2,2.34375,PROMOTION_NEUTRAL,2026-07-08,-0.2597402597402598,-0.2597402597402598,2.34375,2.864583333333348,-1.302083333333337,1,2026-06-24,2026-06-24,True,RECONSTRUCTED_NOT_PRODUCTION_EXACT,VALIDATION,False,False,False,True,False,False,False,False,False,False,False,REJECT_CONFIRMATION_SHADOW,"{""d0_fresh_rs_p40"": 1.0, ""d0_fresh_volume_p40"": 3.0, ""d0_rs_slope5_p70"": 6.708057106025629, ""d0_rank_change3_p50"": 114.0, ""d0_flow_buy_days5_p70"": 4.0, ""d0_trend_eff5_p50"": 0.5314861460957175, ""d0_close_progress3_p50"": 5.966850828729298, ""d1_market_excess_p70"": 0.033209940654632675, ""d1_rs_change_p40"": 0.04062997403032401, ""d1_rank_change_p40"": -22.4, ""d1_flow_p50"": 4943366.0, ""d1_close_location_p30"": 0.43671497584541175, ""d1_upper_shadow_p70"": 0.23815384615384746, ""d3_rs_change_p40"": -2.0465804520160695, ""d3_rank_change_p40"": -73.39999999999999, ""d3_flow_acceleration_p50"": -16293412.410000004, ""d3_trend_eff_p50"": 0.8554216867469907, ""d3_max_drawdown_p30"": -2.645937542246859}"
8046,南電,2026-06-23,2026-06-24,DAY1,A,RANGE_NORMAL,5.0605060506050625,7.304742595111358,5.379654986775273,0.9855072463768116,0.014492753623188406,1.3578633862254352,118.0,-10.0,61.03896103896104,5.339105339105345,3985922655.0,1,True,1,0,A,True,False,False,13.311331133113312,WINNER,909.0,2026-07-07,955.0,15.706806282722518,PROMOTION_WINNER,2026-07-08,5.0605060506050625,5.0605060506050625,7.853403141361248,34.554973821989535,2.7225130890052407,1,2026-06-24,2026-06-24,True,RECONSTRUCTED_NOT_PRODUCTION_EXACT,VALIDATION,False,False,False,True,True,True,False,True,False,True,False,REJECT_CONFIRMATION_SHADOW,"{""d0_fresh_rs_p40"": 1.0, ""d0_fresh_volume_p40"": 3.0, ""d0_rs_slope5_p70"": 6.708057106025629, ""d0_rank_change3_p50"": 114.0, ""d0_flow_buy_days5_p70"": 4.0, ""d0_trend_eff5_p50"": 0.5314861460957175, ""d0_close_progress3_p50"": 5.966850828729298, ""d1_market_excess_p70"": 0.033209940654632675, ""d1_rs_change_p40"": 0.04062997403032401, ""d1_rank_change_p40"": -22.4, ""d1_flow_p50"": 4943366.0, ""d1_close_location_p30"": 0.43671497584541175, ""d1_upper_shadow_p70"": 0.23815384615384746, ""d3_rs_change_p40"": -2.0465804520160695, ""d3_rank_change_p40"": -73.39999999999999, ""d3_flow_acceleration_p50"": -16293412.410000004, ""d3_trend_eff_p50"": 0.8554216867469907, ""d3_max_drawdown_p30"": -2.645937542246859}"
9930,中聯資源,2026-06-23,2026-06-24,DAY1,A,RANGE_NORMAL,-4.422253922967179,-2.1780173784608836,-3.4251048597035316,0.8461538461538436,0.15384615384615638,2.974883919508454,,,26.83982683982684,-33.04473304473304,335000.0,0,False,0,-1,,False,False,True,-9.985734664764612,LOSER,70.1,2026-07-07,67.0,-4.477611940298509,PROMOTION_NEUTRAL,2026-07-08,-4.422253922967179,-4.422253922967179,-5.820895522388058,0.0,-6.417910447761188,1,2026-06-24,2026-06-24,True,RECONSTRUCTED_NOT_PRODUCTION_EXACT,VALIDATION,False,False,False,False,False,False,False,False,False,False,False,REJECT_CONFIRMATION_SHADOW,"{""d0_fresh_rs_p40"": 1.0, ""d0_fresh_volume_p40"": 3.0, ""d0_rs_slope5_p70"": 6.708057106025629, ""d0_rank_change3_p50"": 114.0, ""d0_flow_buy_days5_p70"": 4.0, ""d0_trend_eff5_p50"": 0.5314861460957175, ""d0_close_progress3_p50"": 5.966850828729298, ""d1_market_excess_p70"": 0.033209940654632675, ""d1_rs_change_p40"": 0.04062997403032401, ""d1_rank_change_p40"": -22.4, ""d1_flow_p50"": 4943366.0, ""d1_close_location_p30"": 0.43671497584541175, ""d1_upper_shadow_p70"": 0.23815384615384746, ""d3_rs_change_p40"": -2.0465804520160695, ""d3_rank_change_p40"": -73.39999999999999, ""d3_flow_acceleration_p50"": -16293412.410000004, ""d3_trend_eff_p50"": 0.8554216867469907, ""d3_max_drawdown_p30"": -2.645937542246859}"
1437,勤益控,2026-06-23,2026-06-24,DAY1,A,RANGE_NORMAL,0.0,2.244236544506295,0.0,0.75,0.25,0.4442553141877811,,,70.12987012987013,-0.865800865800864,360600.0,0,False,0,-1,,True,False,False,2.4958402662229595,NEUTRAL,30.05,2026-07-07,30.05,2.1630615640598982,PROMOTION_NEUTRAL,2026-07-08,0.0,0.0,2.4958402662229595,5.823627287853572,-1.3311148086522562,1,2026-06-24,2026-06-24,True,RECONSTRUCTED_NOT_PRODUCTION_EXACT,VALIDATION,False,False,False,True,False,False,False,False,False,False,False,REJECT_CONFIRMATION_SHADOW,"{""d0_fresh_rs_p40"": 1.0, ""d0_fresh_volume_p40"": 3.0, ""d0_rs_slope5_p70"": 6.708057106025629, ""d0_rank_change3_p50"": 114.0, ""d0_flow_buy_days5_p70"": 4.0, ""d0_trend_eff5_p50"": 0.5314861460957175, ""d0_close_progress3_p50"": 5.966850828729298, ""d1_market_excess_p70"": 0.033209940654632675, ""d1_rs_change_p40"": 0.04062997403032401, ""d1_rank_change_p40"": -22.4, ""d1_flow_p50"": 4943366.0, ""d1_close_location_p30"": 0.43671497584541175, ""d1_upper_shadow_p70"": 0.23815384615384746, ""d3_rs_change_p40"": -2.0465804520160695, ""d3_rank_change_p40"": -73.39999999999999, ""d3_flow_acceleration_p50"": -16293412.410000004, ""d3_trend_eff_p50"": 0.8554216867469907, ""d3_max_drawdown_p30"": -2.645937542246859}"
3712,永崴投控,2026-06-23,2026-06-24,DAY1,A,RANGE_NORMAL,0.0,2.244236544506295,-0.3937007874015741,0.38461538461538336,0.6153846153846166,0.49404083735626375,,,83.04473304473305,-1.298701298701289,305347.4500000002,0,False,0,-1,,False,False,False,-2.228412256267398,NEUTRAL,17.95,2026-07-07,17.95,-2.228412256267398,PROMOTION_NEUTRAL,2026-07-08,0.0,0.0,-2.228412256267398,10.863509749303613,-6.963788300835649,1,2026-06-24,2026-06-24,True,RECONSTRUCTED_NOT_PRODUCTION_EXACT,VALIDATION,False,False,False,True,False,False,False,False,False,False,False,REJECT_CONFIRMATION_SHADOW,"{""d0_fresh_rs_p40"": 1.0, ""d0_fresh_volume_p40"": 3.0, ""d0_rs_slope5_p70"": 6.708057106025629, ""d0_rank_change3_p50"": 114.0, ""d0_flow_buy_days5_p70"": 4.0, ""d0_trend_eff5_p50"": 0.5314861460957175, ""d0_close_progress3_p50"": 5.966850828729298, ""d1_market_excess_p70"": 0.033209940654632675, ""d1_rs_change_p40"": 0.04062997403032401, ""d1_rank_change_p40"": -22.4, ""d1_flow_p50"": 4943366.0, ""d1_close_location_p30"": 0.43671497584541175, ""d1_upper_shadow_p70"": 0.23815384615384746, ""d3_rs_change_p40"": -2.0465804520160695, ""d3_rank_change_p40"": -73.39999999999999, ""d3_flow_acceleration_p50"": -16293412.410000004, ""d3_trend_eff_p50"": 0.8554216867469907, ""d3_max_drawdown_p30"": -2.645937542246859}"
1535,中宇,2026-06-23,2026-06-24,DAY1,A,RANGE_NORMAL,0.20000000000000018,2.4442365445062952,0.20000000000000018,1.0,0.0,0.33804336572815813,141.0,-23.0,46.68109668109668,-6.9985569985569995,501000.0,1,False,1,0,A,False,False,False,0.2000000000000001,NEUTRAL,50.0,2026-07-07,50.1,-0.698602794411185,PROMOTION_NEUTRAL,2026-07-08,0.20000000000000018,0.20000000000000018,0.0,0.7984031936127733,-0.8982035928143728,1,2026-06-24,2026-06-24,True,RECONSTRUCTED_NOT_PRODUCTION_EXACT,VALIDATION,False,False,False,True,False,False,False,True,False,True,False,REJECT_CONFIRMATION_SHADOW,"{""d0_fresh_rs_p40"": 1.0, ""d0_fresh_volume_p40"": 3.0, ""d0_rs_slope5_p70"": 6.708057106025629, ""d0_rank_change3_p50"": 114.0, ""d0_flow_buy_days5_p70"": 4.0, ""d0_trend_eff5_p50"": 0.5314861460957175, ""d0_close_progress3_p50"": 5.966850828729298, ""d1_market_excess_p70"": 0.033209940654632675, ""d1_rs_change_p40"": 0.04062997403032401, ""d1_rank_change_p40"": -22.4, ""d1_flow_p50"": 4943366.0, ""d1_close_location_p30"": 0.43671497584541175, ""d1_upper_shadow_p70"": 0.23815384615384746, ""d3_rs_change_p40"": -2.0465804520160695, ""d3_rank_change_p40"": -73.39999999999999, ""d3_flow_acceleration_p50"": -16293412.410000004, ""d3_trend_eff_p50"": 0.8554216867469907, ""d3_max_drawdown_p30"": -2.645937542246859}"
3588,通嘉,2026-06-24,2026-06-25,DAY1,A,RANGE_NORMAL,-5.138339920948621,-5.598034645079675,-3.877835719267953,0.1111111111111111,0.01111111111111048,4.8992853082115895,128.0,-83.0,84.28262436914203,-4.606264519746858,-15312600.0,0,False,1,0,C,True,False,True,-10.408432147562586,LOSER,75.9,2026-07-08,72.0,-7.22222222222223,PROMOTION_LOSER,2026-07-09,-5.138339920948621,-5.138339920948621,-5.555555555555558,6.805555555555554,-9.722222222222221,1,2026-06-25,2026-06-25,True,RECONSTRUCTED_NOT_PRODUCTION_EXACT,VALIDATION,True,True,True,False,False,False,False,False,False,False,False,REJECT_CONFIRMATION_SHADOW,"{""d0_fresh_rs_p40"": 1.0, ""d0_fresh_volume_p40"": 3.0, ""d0_rs_slope5_p70"": 6.708057106025629, ""d0_rank_change3_p50"": 114.0, ""d0_flow_buy_days5_p70"": 4.0, ""d0_trend_eff5_p50"": 0.5314861460957175, ""d0_close_progress3_p50"": 5.966850828729298, ""d1_market_excess_p70"": 0.033209940654632675, ""d1_rs_change_p40"": 0.04062997403032401, ""d1_rank_change_p40"": -22.4, ""d1_flow_p50"": 4943366.0, ""d1_close_location_p30"": 0.43671497584541175, ""d1_upper_shadow_p70"": 0.23815384615384746, ""d3_rs_change_p40"": -2.0465804520160695, ""d3_rank_change_p40"": -73.39999999999999, ""d3_flow_acceleration_p50"": -16293412.410000004, ""d3_trend_eff_p50"": 0.8554216867469907, ""d3_max_drawdown_p30"": -2.645937542246859}"
1216,統一,2026-06-24,2026-06-25,DAY1,A,RANGE_NORMAL,0.665778961384822,0.20608423725376745,0.38449941521401243,0.555555555555552,0.444444444444448,0.9766365583493134,66.0,8.0,75.41456380677722,5.645444037657455,393518941.2000001,1,True,1,0,A,False,False,False,4.6604527296937315,NEUTRAL,75.1,2026-07-08,75.6,3.70370370370372,PROMOTION_NEUTRAL,2026-07-09,0.665778961384822,0.665778961384822,3.9682539682539764,4.497354497354511,-2.3809523809523725,1,2026-06-25,2026-06-25,True,RECONSTRUCTED_NOT_PRODUCTION_EXACT,VALIDATION,True,False,False,True,True,True,True,True,True,False,False,KEEP_RESERVE_SHADOW,"{""d0_fresh_rs_p40"": 1.0, ""d0_fresh_volume_p40"": 3.0, ""d0_rs_slope5_p70"": 6.708057106025629, ""d0_rank_change3_p50"": 114.0, ""d0_flow_buy_days5_p70"": 4.0, ""d0_trend_eff5_p50"": 0.5314861460957175, ""d0_close_progress3_p50"": 5.966850828729298, ""d1_market_excess_p70"": 0.033209940654632675, ""d1_rs_change_p40"": 0.04062997403032401, ""d1_rank_change_p40"": -22.4, ""d1_flow_p50"": 4943366.0, ""d1_close_location_p30"": 0.43671497584541175, ""d1_upper_shadow_p70"": 0.23815384615384746, ""d3_rs_change_p40"": -2.0465804520160695, ""d3_rank_change_p40"": -73.39999999999999, ""d3_flow_acceleration_p50"": -16293412.410000004, ""d3_trend_eff_p50"": 0.8554216867469907, ""d3_max_drawdown_p30"": -2.645937542246859}"
1310,台苯,2026-06-24,2026-06-25,DAY1,A,RANGE_NORMAL,1.7119838872104776,1.252289163079423,2.0387812728313914,0.6341463414634139,0.3658536585365861,1.5788025171233078,106.0,-31.0,95.74621485219899,1.1574702634543996,-5126063.100000002,0,True,1,0,A,False,True,False,11.278952668680777,NEUTRAL,9.93,2026-07-08,10.1,2.4752475247524774,PROMOTION_NEUTRAL,2026-07-09,1.7119838872104776,1.7119838872104776,9.405940594059414,23.267326732673265,-2.07920792079207,1,2026-06-25,2026-06-25,True,RECONSTRUCTED_NOT_PRODUCTION_EXACT,VALIDATION,False,False,False,True,True,True,False,False,False,False,False,REJECT_CONFIRMATION_SHADOW,"{""d0_fresh_rs_p40"": 1.0, ""d0_fresh_volume_p40"": 3.0, ""d0_rs_slope5_p70"": 6.708057106025629, ""d0_rank_change3_p50"": 114.0, ""d0_flow_buy_days5_p70"": 4.0, ""d0_trend_eff5_p50"": 0.5314861460957175, ""d0_close_progress3_p50"": 5.966850828729298, ""d1_market_excess_p70"": 0.033209940654632675, ""d1_rs_change_p40"": 0.04062997403032401, ""d1_rank_change_p40"": -22.4, ""d1_flow_p50"": 4943366.0, ""d1_close_location_p30"": 0.43671497584541175, ""d1_upper_shadow_p70"": 0.23815384615384746, ""d3_rs_change_p40"": -2.0465804520160695, ""d3_rank_change_p40"": -73.39999999999999, ""d3_flow_acceleration_p50"": -16293412.410000004, ""d3_trend_eff_p50"": 0.8554216867469907, ""d3_max_drawdown_p30"": -2.645937542246859}"
1236,宏亞,2026-06-24,2026-06-25,DAY1,A,RANGE_NORMAL,0.19379844961240345,-0.26589627451865105,-0.08748109655840608,0.7500000000000133,0.24999999999998668,0.3483716104712219,104.0,-27.0,70.58399423215573,-1.0610274128659114,25850.0,1,True,1,0,A,True,False,False,1.9379844961240345,NEUTRAL,25.8,2026-07-08,25.85,-5.029013539651839,PROMOTION_NEUTRAL,2026-07-09,0.19379844961240345,0.19379844961240345,1.740812379110257,5.802707930367501,-6.769825918762084,1,2026-06-25,2026-06-25,True,RECONSTRUCTED_NOT_PRODUCTION_EXACT,VALIDATION,False,False,False,False,False,True,False,True,False,False,False,REJECT_CONFIRMATION_SHADOW,"{""d0_fresh_rs_p40"": 1.0, ""d0_fresh_volume_p40"": 3.0, ""d0_rs_slope5_p70"": 6.708057106025629, ""d0_rank_change3_p50"": 114.0, ""d0_flow_buy_days5_p70"": 4.0, ""d0_trend_eff5_p50"": 0.5314861460957175, ""d0_close_progress3_p50"": 5.966850828729298, ""d1_market_excess_p70"": 0.033209940654632675, ""d1_rs_change_p40"": 0.04062997403032401, ""d1_rank_change_p40"": -22.4, ""d1_flow_p50"": 4943366.0, ""d1_close_location_p30"": 0.43671497584541175, ""d1_upper_shadow_p70"": 0.23815384615384746, ""d3_rs_change_p40"": -2.0465804520160695, ""d3_rank_change_p40"": -73.39999999999999, ""d3_flow_acceleration_p50"": -16293412.410000004, ""d3_trend_eff_p50"": 0.8554216867469907, ""d3_max_drawdown_p30"": -2.645937542246859}"
6909,創控,2026-06-24,2026-06-25,DAY1,A,RANGE_NORMAL,-3.31125827814569,-3.7709530022767446,-2.0507540764650223,0.26470588235294085,0.0,1.879175029407512,83.0,-1.0,81.11031002162942,1.3123302236496244,-26455200.0,0,True,1,0,C,False,False,True,-12.74834437086092,LOSER,60.4,2026-07-08,58.4,-12.157534246575342,PROMOTION_LOSER,2026-07-09,-3.31125827814569,-3.31125827814569,-9.760273972602729,5.308219178082196,-12.328767123287665,1,2026-06-25,2026-06-25,True,RECONSTRUCTED_NOT_PRODUCTION_EXACT,VALIDATION,True,False,False,False,True,True,True,False,False,False,False,REJECT_CONFIRMATION_SHADOW,"{""d0_fresh_rs_p40"": 1.0, ""d0_fresh_volume_p40"": 3.0, ""d0_rs_slope5_p70"": 6.708057106025629, ""d0_rank_change3_p50"": 114.0, ""d0_flow_buy_days5_p70"": 4.0, ""d0_trend_eff5_p50"": 0.5314861460957175, ""d0_close_progress3_p50"": 5.966850828729298, ""d1_market_excess_p70"": 0.033209940654632675, ""d1_rs_change_p40"": 0.04062997403032401, ""d1_rank_change_p40"": -22.4, ""d1_flow_p50"": 4943366.0, ""d1_close_location_p30"": 0.43671497584541175, ""d1_upper_shadow_p70"": 0.23815384615384746, ""d3_rs_change_p40"": -2.0465804520160695, ""d3_rank_change_p40"": -73.39999999999999, ""d3_flow_acceleration_p50"": -16293412.410000004, ""d3_trend_eff_p50"": 0.8554216867469907, ""d3_max_drawdown_p30"": -2.645937542246859}"
4169,泰宗,2026-06-24,2026-06-25,DAY1,A,RANGE_NORMAL,-1.0362694300518172,-1.4959641541828717,-0.6635658977294734,0.47619047619047616,0.5238095238095238,1.3380361964982712,72.0,13.0,94.08795962509012,0.29286582999633026,-8786000.0,0,True,1,-1,C,True,False,False,44.55958549222798,WINNER,193.0,2026-07-08,191.0,41.36125654450262,PROMOTION_WINNER,2026-07-09,-1.0362694300518172,-1.0362694300518172,46.07329842931938,50.78534031413613,-1.308900523560208,1,2026-06-25,2026-06-25,True,RECONSTRUCTED_NOT_PRODUCTION_EXACT,VALIDATION,True,True,True,False,True,True,True,False,False,False,False,KEEP_RESERVE_SHADOW,"{""d0_fresh_rs_p40"": 1.0, ""d0_fresh_volume_p40"": 3.0, ""d0_rs_slope5_p70"": 6.708057106025629, ""d0_rank_change3_p50"": 114.0, ""d0_flow_buy_days5_p70"": 4.0, ""d0_trend_eff5_p50"": 0.5314861460957175, ""d0_close_progress3_p50"": 5.966850828729298, ""d1_market_excess_p70"": 0.033209940654632675, ""d1_rs_change_p40"": 0.04062997403032401, ""d1_rank_change_p40"": -22.4, ""d1_flow_p50"": 4943366.0, ""d1_close_location_p30"": 0.43671497584541175, ""d1_upper_shadow_p70"": 0.23815384615384746, ""d3_rs_change_p40"": -2.0465804520160695, ""d3_rank_change_p40"": -73.39999999999999, ""d3_flow_acceleration_p50"": -16293412.410000004, ""d3_trend_eff_p50"": 0.8554216867469907, ""d3_max_drawdown_p30"": -2.645937542246859}"
2539,櫻花建,2026-06-24,2026-06-25,DAY1,A,RANGE_NORMAL,-0.38363171355498826,-0.8433264376860428,-0.38363171355498826,0.2500000000000089,0.4166666666666657,0.3314192756584172,101.0,-15.0,89.90627253064167,4.408437032806177,939084.5000000007,0,True,1,0,C,False,False,True,0.127877237851659,NEUTRAL,39.1,2026-07-08,38.95,0.8985879332477298,PROMOTION_NEUTRAL,2026-07-09,-0.38363171355498826,-0.38363171355498826,0.5134788189987027,3.594351732991008,-3.0808729139923052,1,2026-06-25,2026-06-25,True,RECONSTRUCTED_NOT_PRODUCTION_EXACT,VALIDATION,True,True,False,False,True,True,True,False,False,False,False,REJECT_CONFIRMATION_SHADOW,"{""d0_fresh_rs_p40"": 1.0, ""d0_fresh_volume_p40"": 3.0, ""d0_rs_slope5_p70"": 6.708057106025629, ""d0_rank_change3_p50"": 114.0, ""d0_flow_buy_days5_p70"": 4.0, ""d0_trend_eff5_p50"": 0.5314861460957175, ""d0_close_progress3_p50"": 5.966850828729298, ""d1_market_excess_p70"": 0.033209940654632675, ""d1_rs_change_p40"": 0.04062997403032401, ""d1_rank_change_p40"": -22.4, ""d1_flow_p50"": 4943366.0, ""d1_close_location_p30"": 0.43671497584541175, ""d1_upper_shadow_p70"": 0.23815384615384746, ""d3_rs_change_p40"": -2.0465804520160695, ""d3_rank_change_p40"": -73.39999999999999, ""d3_flow_acceleration_p50"": -16293412.410000004, ""d3_trend_eff_p50"": 0.8554216867469907, ""d3_max_drawdown_p30"": -2.645937542246859}"
1315,達新,2026-06-24,2026-06-25,DAY1,A,RANGE_NORMAL,0.0,-0.4596947241310545,0.48529271830242693,1.0,0.0,0.3022706679899819,151.0,-55.0,41.240086517664025,-14.387619110041605,186900.0,0,False,1,0,A,False,False,False,2.4077046548956593,NEUTRAL,62.3,2026-07-08,62.3,2.0866773675762618,PROMOTION_NEUTRAL,2026-07-09,0.0,0.0,2.4077046548956593,4.815409309791341,-0.9630818619582593,1,2026-06-25,2026-06-25,True,RECONSTRUCTED_NOT_PRODUCTION_EXACT,VALIDATION,True,False,False,False,False,False,False,False,False,True,False,KEEP_RESERVE_SHADOW,"{""d0_fresh_rs_p40"": 1.0, ""d0_fresh_volume_p40"": 3.0, ""d0_rs_slope5_p70"": 6.708057106025629, ""d0_rank_change3_p50"": 114.0, ""d0_flow_buy_days5_p70"": 4.0, ""d0_trend_eff5_p50"": 0.5314861460957175, ""d0_close_progress3_p50"": 5.966850828729298, ""d1_market_excess_p70"": 0.033209940654632675, ""d1_rs_change_p40"": 0.04062997403032401, ""d1_rank_change_p40"": -22.4, ""d1_flow_p50"": 4943366.0, ""d1_close_location_p30"": 0.43671497584541175, ""d1_upper_shadow_p70"": 0.23815384615384746, ""d3_rs_change_p40"": -2.0465804520160695, ""d3_rank_change_p40"": -73.39999999999999, ""d3_flow_acceleration_p50"": -16293412.410000004, ""d3_trend_eff_p50"": 0.8554216867469907, ""d3_max_drawdown_p30"": -2.645937542246859}"
1475,業旺,2026-06-24,2026-06-25,DAY1,A,RANGE_NORMAL,1.1111111111111072,0.6514163869800527,1.1111111111111072,1.0,0.0,0.30901501718908814,150.0,-50.0,78.94736842105263,2.9733424470266527,27300.0,1,False,1,0,A,False,True,False,0.7407407407407307,NEUTRAL,27.0,2026-07-08,27.3,0.0,PROMOTION_NEUTRAL,2026-07-09,1.1111111111111072,1.1111111111111072,-0.3663003663003761,2.930402930402942,-3.8461538461538436,1,2026-06-25,2026-06-25,True,RECONSTRUCTED_NOT_PRODUCTION_EXACT,VALIDATION,False,False,False,True,True,False,False,True,False,True,False,REJECT_CONFIRMATION_SHADOW,"{""d0_fresh_rs_p40"": 1.0, ""d0_fresh_volume_p40"": 3.0, ""d0_rs_slope5_p70"": 6.708057106025629, ""d0_rank_change3_p50"": 114.0, ""d0_flow_buy_days5_p70"": 4.0, ""d0_trend_eff5_p50"": 0.5314861460957175, ""d0_close_progress3_p50"": 5.966850828729298, ""d1_market_excess_p70"": 0.033209940654632675, ""d1_rs_change_p40"": 0.04062997403032401, ""d1_rank_change_p40"": -22.4, ""d1_flow_p50"": 4943366.0, ""d1_close_location_p30"": 0.43671497584541175, ""d1_upper_shadow_p70"": 0.23815384615384746, ""d3_rs_change_p40"": -2.0465804520160695, ""d3_rank_change_p40"": -73.39999999999999, ""d3_flow_acceleration_p50"": -16293412.410000004, ""d3_trend_eff_p50"": 0.8554216867469907, ""d3_max_drawdown_p30"": -2.645937542246859}"
1449,佳和,2026-06-24,2026-06-25,DAY1,A,RANGE_NORMAL,-1.3377926421404673,-1.7974873662715218,-1.3377926421404673,0.1999999999999993,0.40000000000000213,0.33154342095699135,140.0,-39.0,92.35760634462869,-0.42738644036408857,-2360000.0,0,False,1,0,A,False,False,True,-6.688963210702337,LOSER,14.95,2026-07-08,14.75,-6.101694915254241,PROMOTION_LOSER,2026-07-09,-1.3377926421404673,-1.3377926421404673,-5.423728813559325,5.084745762711873,-7.11864406779662,1,2026-06-25,2026-06-25,True,RECONSTRUCTED_NOT_PRODUCTION_EXACT,VALIDATION,True,False,False,False,False,False,False,False,False,False,False,REJECT_CONFIRMATION_SHADOW,"{""d0_fresh_rs_p40"": 1.0, ""d0_fresh_volume_p40"": 3.0, ""d0_rs_slope5_p70"": 6.708057106025629, ""d0_rank_change3_p50"": 114.0, ""d0_flow_buy_days5_p70"": 4.0, ""d0_trend_eff5_p50"": 0.5314861460957175, ""d0_close_progress3_p50"": 5.966850828729298, ""d1_market_excess_p70"": 0.033209940654632675, ""d1_rs_change_p40"": 0.04062997403032401, ""d1_rank_change_p40"": -22.4, ""d1_flow_p50"": 4943366.0, ""d1_close_location_p30"": 0.43671497584541175, ""d1_upper_shadow_p70"": 0.23815384615384746, ""d3_rs_change_p40"": -2.0465804520160695, ""d3_rank_change_p40"": -73.39999999999999, ""d3_flow_acceleration_p50"": -16293412.410000004, ""d3_trend_eff_p50"": 0.8554216867469907, ""d3_max_drawdown_p30"": -2.645937542246859}"
7799,禾榮科,2026-06-24,2026-06-25,DAY1,A,RANGE_NORMAL,-4.842615012106533,-5.3023097362375875,-4.469911479784189,0.061224489795918366,0.2653061224489796,1.0345813464467566,,,92.57390050468638,-1.8705439397580648,13487367.0,0,False,0,-1,,False,False,True,7.021791767554486,NEUTRAL,413.0,2026-07-08,393.0,10.814249363867678,PROMOTION_NEUTRAL,2026-07-09,-4.842615012106533,-4.842615012106533,12.468193384223913,20.356234096692116,-3.8167938931297662,1,2026-06-25,2026-06-25,True,RECONSTRUCTED_NOT_PRODUCTION_EXACT,VALIDATION,False,False,False,False,False,False,False,True,False,False,False,REJECT_CONFIRMATION_SHADOW,"{""d0_fresh_rs_p40"": 1.0, ""d0_fresh_volume_p40"": 3.0, ""d0_rs_slope5_p70"": 6.708057106025629, ""d0_rank_change3_p50"": 114.0, ""d0_flow_buy_days5_p70"": 4.0, ""d0_trend_eff5_p50"": 0.5314861460957175, ""d0_close_progress3_p50"": 5.966850828729298, ""d1_market_excess_p70"": 0.033209940654632675, ""d1_rs_change_p40"": 0.04062997403032401, ""d1_rank_change_p40"": -22.4, ""d1_flow_p50"": 4943366.0, ""d1_close_location_p30"": 0.43671497584541175, ""d1_upper_shadow_p70"": 0.23815384615384746, ""d3_rs_change_p40"": -2.0465804520160695, ""d3_rank_change_p40"": -73.39999999999999, ""d3_flow_acceleration_p50"": -16293412.410000004, ""d3_trend_eff_p50"": 0.8554216867469907, ""d3_max_drawdown_p30"": -2.645937542246859}"
4119,旭富,2026-06-24,2026-06-25,DAY1,A,RANGE_NORMAL,0.9039548022598876,0.44426007812883306,1.3206214689265638,0.44444444444444503,0.555555555555555,0.8415063153198616,111.0,-8.0,78.08219178082192,4.7777184763486105,134083.95,1,True,1,0,C,True,False,False,1.1299435028248483,NEUTRAL,44.25,2026-07-08,44.65,1.903695408734607,PROMOTION_NEUTRAL,2026-07-09,0.9039548022598876,0.9039548022598876,0.22396416573349232,3.4714445688689866,-2.5755879059350506,1,2026-06-25,2026-06-25,True,RECONSTRUCTED_NOT_PRODUCTION_EXACT,VALIDATION,True,True,False,True,True,True,True,True,True,False,False,KEEP_RESERVE_SHADOW,"{""d0_fresh_rs_p40"": 1.0, ""d0_fresh_volume_p40"": 3.0, ""d0_rs_slope5_p70"": 6.708057106025629, ""d0_rank_change3_p50"": 114.0, ""d0_flow_buy_days5_p70"": 4.0, ""d0_trend_eff5_p50"": 0.5314861460957175, ""d0_close_progress3_p50"": 5.966850828729298, ""d1_market_excess_p70"": 0.033209940654632675, ""d1_rs_change_p40"": 0.04062997403032401, ""d1_rank_change_p40"": -22.4, ""d1_flow_p50"": 4943366.0, ""d1_close_location_p30"": 0.43671497584541175, ""d1_upper_shadow_p70"": 0.23815384615384746, ""d3_rs_change_p40"": -2.0465804520160695, ""d3_rank_change_p40"": -73.39999999999999, ""d3_flow_acceleration_p50"": -16293412.410000004, ""d3_trend_eff_p50"": 0.8554216867469907, ""d3_max_drawdown_p30"": -2.645937542246859}"
4164,承業醫,2026-06-24,2026-06-25,DAY1,A,RANGE_NORMAL,-1.3093289689034449,-1.7690236930344994,-0.9366254365811011,0.0,0.33333333333333137,0.7901576666244631,,,73.61211247296323,-4.8871660263152705,1414095.3,0,False,0,-1,,False,False,True,-5.237315875613757,NEUTRAL,30.55,2026-07-08,30.15,-3.814262023217241,PROMOTION_NEUTRAL,2026-07-09,-1.3093289689034449,-1.3093289689034449,-3.980099502487555,2.1558872305140975,-6.467661691542281,1,2026-06-25,2026-06-25,True,RECONSTRUCTED_NOT_PRODUCTION_EXACT,VALIDATION,False,False,False,False,False,False,False,False,False,False,False,REJECT_CONFIRMATION_SHADOW,"{""d0_fresh_rs_p40"": 1.0, ""d0_fresh_volume_p40"": 3.0, ""d0_rs_slope5_p70"": 6.708057106025629, ""d0_rank_change3_p50"": 114.0, ""d0_flow_buy_days5_p70"": 4.0, ""d0_trend_eff5_p50"": 0.5314861460957175, ""d0_close_progress3_p50"": 5.966850828729298, ""d1_market_excess_p70"": 0.033209940654632675, ""d1_rs_change_p40"": 0.04062997403032401, ""d1_rank_change_p40"": -22.4, ""d1_flow_p50"": 4943366.0, ""d1_close_location_p30"": 0.43671497584541175, ""d1_upper_shadow_p70"": 0.23815384615384746, ""d3_rs_change_p40"": -2.0465804520160695, ""d3_rank_change_p40"": -73.39999999999999, ""d3_flow_acceleration_p50"": -16293412.410000004, ""d3_trend_eff_p50"": 0.8554216867469907, ""d3_max_drawdown_p30"": -2.645937542246859}"
2910,統領,2026-06-24,2026-06-25,DAY1,A,RANGE_NORMAL,-100.0,-100.45969472413105,-100.0,,,0.0,,,0.0,-65.65656565656566,0.0,0,False,0,-1,,False,False,False,-3.3039647577092546,NEUTRAL,22.7,2026-07-08,,,,2026-07-09,,,,,,1,2026-06-25,2026-06-25,True,RECONSTRUCTED_NOT_PRODUCTION_EXACT,VALIDATION,False,False,False,False,False,False,False,False,False,False,False,REJECT_CONFIRMATION_SHADOW,"{""d0_fresh_rs_p40"": 1.0, ""d0_fresh_volume_p40"": 3.0, ""d0_rs_slope5_p70"": 6.708057106025629, ""d0_rank_change3_p50"": 114.0, ""d0_flow_buy_days5_p70"": 4.0, ""d0_trend_eff5_p50"": 0.5314861460957175, ""d0_close_progress3_p50"": 5.966850828729298, ""d1_market_excess_p70"": 0.033209940654632675, ""d1_rs_change_p40"": 0.04062997403032401, ""d1_rank_change_p40"": -22.4, ""d1_flow_p50"": 4943366.0, ""d1_close_location_p30"": 0.43671497584541175, ""d1_upper_shadow_p70"": 0.23815384615384746, ""d3_rs_change_p40"": -2.0465804520160695, ""d3_rank_change_p40"": -73.39999999999999, ""d3_flow_acceleration_p50"": -16293412.410000004, ""d3_trend_eff_p50"": 0.8554216867469907, ""d3_max_drawdown_p30"": -2.645937542246859}"
6505,台塑化,2026-06-24,2026-06-25,DAY1,A,RANGE_NORMAL,1.26811594202898,0.8084212178979255,1.594913327649894,0.6190476190476173,0.3809523809523827,1.9690976542123693,74.0,35.0,84.13842826243692,0.1557442797529376,197548028.6,1,True,2,1,AC,False,False,False,7.608695652173902,NEUTRAL,55.2,2026-07-08,55.9,5.187835420393561,PROMOTION_NEUTRAL,2026-07-09,1.26811594202898,1.26811594202898,6.261180679785339,9.838998211091244,-5.187835420393561,1,2026-06-25,2026-06-25,True,RECONSTRUCTED_NOT_PRODUCTION_EXACT,VALIDATION,True,True,False,True,True,True,True,True,True,False,False,KEEP_RESERVE_SHADOW,"{""d0_fresh_rs_p40"": 1.0, ""d0_fresh_volume_p40"": 3.0, ""d0_rs_slope5_p70"": 6.708057106025629, ""d0_rank_change3_p50"": 114.0, ""d0_flow_buy_days5_p70"": 4.0, ""d0_trend_eff5_p50"": 0.5314861460957175, ""d0_close_progress3_p50"": 5.966850828729298, ""d1_market_excess_p70"": 0.033209940654632675, ""d1_rs_change_p40"": 0.04062997403032401, ""d1_rank_change_p40"": -22.4, ""d1_flow_p50"": 4943366.0, ""d1_close_location_p30"": 0.43671497584541175, ""d1_upper_shadow_p70"": 0.23815384615384746, ""d3_rs_change_p40"": -2.0465804520160695, ""d3_rank_change_p40"": -73.39999999999999, ""d3_flow_acceleration_p50"": -16293412.410000004, ""d3_trend_eff_p50"": 0.8554216867469907, ""d3_max_drawdown_p30"": -2.645937542246859}"
9944,新麗,2026-06-24,2026-06-25,DAY1,A,RANGE_NORMAL,0.0,-0.4596947241310545,0.0,1.0,0.0,0.625484870220848,139.0,-27.0,69.64671953857246,3.1965030883560104,196350.0,0,False,1,0,A,False,False,False,0.0,NEUTRAL,17.85,2026-07-08,17.85,-0.5602240896358635,PROMOTION_NEUTRAL,2026-07-09,0.0,0.0,0.0,1.4005602240896309,-2.801120448179273,1,2026-06-25,2026-06-25,True,RECONSTRUCTED_NOT_PRODUCTION_EXACT,VALIDATION,False,False,False,False,True,False,False,False,False,True,False,REJECT_CONFIRMATION_SHADOW,"{""d0_fresh_rs_p40"": 1.0, ""d0_fresh_volume_p40"": 3.0, ""d0_rs_slope5_p70"": 6.708057106025629, ""d0_rank_change3_p50"": 114.0, ""d0_flow_buy_days5_p70"": 4.0, ""d0_trend_eff5_p50"": 0.5314861460957175, ""d0_close_progress3_p50"": 5.966850828729298, ""d1_market_excess_p70"": 0.033209940654632675, ""d1_rs_change_p40"": 0.04062997403032401, ""d1_rank_change_p40"": -22.4, ""d1_flow_p50"": 4943366.0, ""d1_close_location_p30"": 0.43671497584541175, ""d1_upper_shadow_p70"": 0.23815384615384746, ""d3_rs_change_p40"": -2.0465804520160695, ""d3_rank_change_p40"": -73.39999999999999, ""d3_flow_acceleration_p50"": -16293412.410000004, ""d3_trend_eff_p50"": 0.8554216867469907, ""d3_max_drawdown_p30"": -2.645937542246859}"
1234,黑松,2026-06-24,2026-06-25,DAY1,A,RANGE_NORMAL,0.0,-0.4596947241310545,-0.2812795461708095,0.19999999999998863,0.8000000000000114,1.4407884085378502,129.0,-16.0,54.93871665465032,-0.6168389009052362,2411922.7,0,False,1,0,A,False,False,True,-5.832147937411092,NEUTRAL,35.15,2026-07-08,35.15,-5.547652916073953,PROMOTION_NEUTRAL,2026-07-09,0.0,0.0,-5.832147937411092,0.9957325746799528,-6.116642958748219,1,2026-06-25,2026-06-25,True,RECONSTRUCTED_NOT_PRODUCTION_EXACT,VALIDATION,False,False,False,False,False,True,False,False,False,False,False,REJECT_CONFIRMATION_SHADOW,"{""d0_fresh_rs_p40"": 1.0, ""d0_fresh_volume_p40"": 3.0, ""d0_rs_slope5_p70"": 6.708057106025629, ""d0_rank_change3_p50"": 114.0, ""d0_flow_buy_days5_p70"": 4.0, ""d0_trend_eff5_p50"": 0.5314861460957175, ""d0_close_progress3_p50"": 5.966850828729298, ""d1_market_excess_p70"": 0.033209940654632675, ""d1_rs_change_p40"": 0.04062997403032401, ""d1_rank_change_p40"": -22.4, ""d1_flow_p50"": 4943366.0, ""d1_close_location_p30"": 0.43671497584541175, ""d1_upper_shadow_p70"": 0.23815384615384746, ""d3_rs_change_p40"": -2.0465804520160695, ""d3_rank_change_p40"": -73.39999999999999, ""d3_flow_acceleration_p50"": -16293412.410000004, ""d3_trend_eff_p50"": 0.8554216867469907, ""d3_max_drawdown_p30"": -2.645937542246859}"
Plastics,塑膠類指數,2026-06-24,2026-06-25,DAY1,A,RANGE_NORMAL,1.2266928361138296,0.7669981119827751,,0.27089783281733715,0.7291021671826629,1.3532317839028403,135.0,-20.0,97.90915645277578,-0.2870917434724163,0.0,0,False,1,0,B,True,False,False,13.321884200196266,WINNER,285.32,2026-07-08,288.82,9.206426147773715,PROMOTION_NEUTRAL,2026-07-09,1.2266928361138296,1.2266928361138296,11.948618516723219,22.768506336126304,-7.378297901807351,1,2026-06-25,2026-06-25,True,RECONSTRUCTED_NOT_PRODUCTION_EXACT,VALIDATION,False,False,False,True,False,True,False,False,False,False,False,REJECT_CONFIRMATION_SHADOW,"{""d0_fresh_rs_p40"": 1.0, ""d0_fresh_volume_p40"": 3.0, ""d0_rs_slope5_p70"": 6.708057106025629, ""d0_rank_change3_p50"": 114.0, ""d0_flow_buy_days5_p70"": 4.0, ""d0_trend_eff5_p50"": 0.5314861460957175, ""d0_close_progress3_p50"": 5.966850828729298, ""d1_market_excess_p70"": 0.033209940654632675, ""d1_rs_change_p40"": 0.04062997403032401, ""d1_rank_change_p40"": -22.4, ""d1_flow_p50"": 4943366.0, ""d1_close_location_p30"": 0.43671497584541175, ""d1_upper_shadow_p70"": 0.23815384615384746, ""d3_rs_change_p40"": -2.0465804520160695, ""d3_rank_change_p40"": -73.39999999999999, ""d3_flow_acceleration_p50"": -16293412.410000004, ""d3_trend_eff_p50"": 0.8554216867469907, ""d3_max_drawdown_p30"": -2.645937542246859}"
2352,佳世達,2026-06-24,2026-06-25,DAY1,A,RANGE_NORMAL,-0.326797385620925,-0.7864921097519795,0.04590614670141879,0.16666666666666863,0.33333333333333137,0.3674677795834526,,,82.84066330209085,4.485684947112489,22297848.5,0,False,0,-1,,False,False,True,12.418300653594772,WINNER,30.6,2026-07-08,30.5,8.196721311475418,PROMOTION_NEUTRAL,2026-07-09,-0.326797385620925,-0.326797385620925,12.786885245901637,19.016393442622935,-4.098360655737709,1,2026-06-25,2026-06-25,True,RECONSTRUCTED_NOT_PRODUCTION_EXACT,VALIDATION,False,False,False,False,True,False,False,True,False,False,False,REJECT_CONFIRMATION_SHADOW,"{""d0_fresh_rs_p40"": 1.0, ""d0_fresh_volume_p40"": 3.0, ""d0_rs_slope5_p70"": 6.708057106025629, ""d0_rank_change3_p50"": 114.0, ""d0_flow_buy_days5_p70"": 4.0, ""d0_trend_eff5_p50"": 0.5314861460957175, ""d0_close_progress3_p50"": 5.966850828729298, ""d1_market_excess_p70"": 0.033209940654632675, ""d1_rs_change_p40"": 0.04062997403032401, ""d1_rank_change_p40"": -22.4, ""d1_flow_p50"": 4943366.0, ""d1_close_location_p30"": 0.43671497584541175, ""d1_upper_shadow_p70"": 0.23815384615384746, ""d3_rs_change_p40"": -2.0465804520160695, ""d3_rank_change_p40"": -73.39999999999999, ""d3_flow_acceleration_p50"": -16293412.410000004, ""d3_trend_eff_p50"": 0.8554216867469907, ""d3_max_drawdown_p30"": -2.645937542246859}"
4306,炎洲,2026-06-25,2026-06-26,DAY1,A,RANGE_NORMAL,0.0,3.639586070859835,1.8099547511312264,0.5,0.5,0.8259680587035009,24.0,15.0,90.1946647440519,2.0908435472242246,9253800.0,0,True,1,0,A,False,False,False,-2.515723270440251,NEUTRAL,15.9,2026-07-09,15.9,-7.232704402515722,PROMOTION_LOSER,2026-07-13,0.0,0.0,-2.515723270440251,5.974842767295607,-7.547169811320764,1,2026-06-26,2026-06-26,True,RECONSTRUCTED_NOT_PRODUCTION_EXACT,LOCKED_EVALUATION,False,False,False,True,True,True,False,True,False,False,False,REJECT_CONFIRMATION_SHADOW,"{""d0_fresh_rs_p40"": 1.0, ""d0_fresh_volume_p40"": 3.0, ""d0_rs_slope5_p70"": 6.708057106025629, ""d0_rank_change3_p50"": 114.0, ""d0_flow_buy_days5_p70"": 4.0, ""d0_trend_eff5_p50"": 0.5314861460957175, ""d0_close_progress3_p50"": 5.966850828729298, ""d1_market_excess_p70"": 0.033209940654632675, ""d1_rs_change_p40"": 0.04062997403032401, ""d1_rank_change_p40"": -22.4, ""d1_flow_p50"": 4943366.0, ""d1_close_location_p30"": 0.43671497584541175, ""d1_upper_shadow_p70"": 0.23815384615384746, ""d3_rs_change_p40"": -2.0465804520160695, ""d3_rank_change_p40"": -73.39999999999999, ""d3_flow_acceleration_p50"": -16293412.410000004, ""d3_trend_eff_p50"": 0.8554216867469907, ""d3_max_drawdown_p30"": -2.645937542246859}"
1709,和益,2026-06-25,2026-06-26,DAY1,A,RANGE_NORMAL,-1.635514018691575,2.00407205216826,0.1744407324396513,0.10000000000000142,0.6000000000000014,0.7284904055814186,45.0,-4.0,81.61499639509734,-2.45133381398702,12366390.85,0,True,1,0,A,False,False,False,14.018691588785035,WINNER,21.4,2026-07-09,21.05,27.315914489311165,PROMOTION_WINNER,2026-07-13,-1.635514018691575,-1.635514018691575,15.914489311163882,27.315914489311165,0.23752969121140222,1,2026-06-26,2026-06-26,True,RECONSTRUCTED_NOT_PRODUCTION_EXACT,LOCKED_EVALUATION,False,False,False,True,False,True,False,True,False,False,False,REJECT_CONFIRMATION_SHADOW,"{""d0_fresh_rs_p40"": 1.0, ""d0_fresh_volume_p40"": 3.0, ""d0_rs_slope5_p70"": 6.708057106025629, ""d0_rank_change3_p50"": 114.0, ""d0_flow_buy_days5_p70"": 4.0, ""d0_trend_eff5_p50"": 0.5314861460957175, ""d0_close_progress3_p50"": 5.966850828729298, ""d1_market_excess_p70"": 0.033209940654632675, ""d1_rs_change_p40"": 0.04062997403032401, ""d1_rank_change_p40"": -22.4, ""d1_flow_p50"": 4943366.0, ""d1_close_location_p30"": 0.43671497584541175, ""d1_upper_shadow_p70"": 0.23815384615384746, ""d3_rs_change_p40"": -2.0465804520160695, ""d3_rank_change_p40"": -73.39999999999999, ""d3_flow_acceleration_p50"": -16293412.410000004, ""d3_trend_eff_p50"": 0.8554216867469907, ""d3_max_drawdown_p30"": -2.645937542246859}"
5880,合庫金,2026-06-25,2026-06-26,DAY1,A,RANGE_NORMAL,-1.5936254980079778,2.045960572851857,-0.9847974919196867,0.0,0.28571428571428864,0.6030606840374523,44.0,0.0,84.28262436914203,2.6676279740446915,41105665.899999976,0,True,1,0,A,False,False,True,0.1992031872509736,NEUTRAL,25.1,2026-07-09,24.7,2.0242914979757165,PROMOTION_NEUTRAL,2026-07-13,-1.5936254980079778,-1.5936254980079778,1.8218623481781382,2.429149797570851,-1.2145748987854255,1,2026-06-26,2026-06-26,True,RECONSTRUCTED_NOT_PRODUCTION_EXACT,LOCKED_EVALUATION,False,False,False,True,True,True,False,True,False,False,False,REJECT_CONFIRMATION_SHADOW,"{""d0_fresh_rs_p40"": 1.0, ""d0_fresh_volume_p40"": 3.0, ""d0_rs_slope5_p70"": 6.708057106025629, ""d0_rank_change3_p50"": 114.0, ""d0_flow_buy_days5_p70"": 4.0, ""d0_trend_eff5_p50"": 0.5314861460957175, ""d0_close_progress3_p50"": 5.966850828729298, ""d1_market_excess_p70"": 0.033209940654632675, ""d1_rs_change_p40"": 0.04062997403032401, ""d1_rank_change_p40"": -22.4, ""d1_flow_p50"": 4943366.0, ""d1_close_location_p30"": 0.43671497584541175, ""d1_upper_shadow_p70"": 0.23815384615384746, ""d3_rs_change_p40"": -2.0465804520160695, ""d3_rank_change_p40"": -73.39999999999999, ""d3_flow_acceleration_p50"": -16293412.410000004, ""d3_trend_eff_p50"": 0.8554216867469907, ""d3_max_drawdown_p30"": -2.645937542246859}"
8464,億豐,2026-06-25,2026-06-26,DAY1,A,RANGE_NORMAL,-1.406469760900142,2.233116309959693,0.10868175425137183,0.8571428571428571,0.14285714285714285,1.0194326654161432,71.0,-26.0,88.9689978370584,-0.14419610670512384,-2036054.5,0,True,1,0,A,False,False,False,1.265822784810133,NEUTRAL,355.5,2026-07-09,350.5,4.992867332382311,PROMOTION_NEUTRAL,2026-07-13,-1.406469760900142,-1.406469760900142,2.710413694721825,8.559201141226813,-2.1398002853067033,1,2026-06-26,2026-06-26,True,RECONSTRUCTED_NOT_PRODUCTION_EXACT,LOCKED_EVALUATION,True,True,False,True,False,True,True,False,False,True,False,KEEP_RESERVE_SHADOW,"{""d0_fresh_rs_p40"": 1.0, ""d0_fresh_volume_p40"": 3.0, ""d0_rs_slope5_p70"": 6.708057106025629, ""d0_rank_change3_p50"": 114.0, ""d0_flow_buy_days5_p70"": 4.0, ""d0_trend_eff5_p50"": 0.5314861460957175, ""d0_close_progress3_p50"": 5.966850828729298, ""d1_market_excess_p70"": 0.033209940654632675, ""d1_rs_change_p40"": 0.04062997403032401, ""d1_rank_change_p40"": -22.4, ""d1_flow_p50"": 4943366.0, ""d1_close_location_p30"": 0.43671497584541175, ""d1_upper_shadow_p70"": 0.23815384615384746, ""d3_rs_change_p40"": -2.0465804520160695, ""d3_rank_change_p40"": -73.39999999999999, ""d3_flow_acceleration_p50"": -16293412.410000004, ""d3_trend_eff_p50"": 0.8554216867469907, ""d3_max_drawdown_p30"": -2.645937542246859}"
1776,展宇,2026-06-25,2026-06-26,DAY1,A,RANGE_NORMAL,-0.5012531328320691,3.138332938027766,1.3087016182991573,0.23529411764706176,0.5882352941176461,1.3199409926684254,35.0,18.0,85.0757029560202,4.974765681326616,-138950.00000000023,0,True,1,0,A,True,False,False,-2.0050125313283096,NEUTRAL,19.95,2026-07-09,19.85,-4.282115869017645,PROMOTION_NEUTRAL,2026-07-13,-0.5012531328320691,-0.5012531328320691,-1.5113350125944613,7.808564231738013,-4.785894206549135,1,2026-06-26,2026-06-26,True,RECONSTRUCTED_NOT_PRODUCTION_EXACT,LOCKED_EVALUATION,False,False,False,True,True,True,False,False,False,False,False,REJECT_CONFIRMATION_SHADOW,"{""d0_fresh_rs_p40"": 1.0, ""d0_fresh_volume_p40"": 3.0, ""d0_rs_slope5_p70"": 6.708057106025629, ""d0_rank_change3_p50"": 114.0, ""d0_flow_buy_days5_p70"": 4.0, ""d0_trend_eff5_p50"": 0.5314861460957175, ""d0_close_progress3_p50"": 5.966850828729298, ""d1_market_excess_p70"": 0.033209940654632675, ""d1_rs_change_p40"": 0.04062997403032401, ""d1_rank_change_p40"": -22.4, ""d1_flow_p50"": 4943366.0, ""d1_close_location_p30"": 0.43671497584541175, ""d1_upper_shadow_p70"": 0.23815384615384746, ""d3_rs_change_p40"": -2.0465804520160695, ""d3_rank_change_p40"": -73.39999999999999, ""d3_flow_acceleration_p50"": -16293412.410000004, ""d3_trend_eff_p50"": 0.8554216867469907, ""d3_max_drawdown_p30"": -2.645937542246859}"
1725,元禎,2026-06-25,2026-06-26,DAY1,A,RANGE_NORMAL,-1.2838801711840153,2.3557058996758196,0.5260745799472111,0.0,0.8125000000000019,0.7540046260691174,113.0,-56.0,88.39221341023793,2.018745493871677,-2283600.0,0,True,1,0,A,False,False,False,-9.843081312410828,LOSER,35.05,2026-07-09,34.6,-12.71676300578035,PROMOTION_LOSER,2026-07-13,-1.2838801711840153,-1.2838801711840153,-8.670520231213874,5.780346820809257,-13.150289017341043,1,2026-06-26,2026-06-26,True,RECONSTRUCTED_NOT_PRODUCTION_EXACT,LOCKED_EVALUATION,False,False,False,True,True,True,False,False,False,False,False,REJECT_CONFIRMATION_SHADOW,"{""d0_fresh_rs_p40"": 1.0, ""d0_fresh_volume_p40"": 3.0, ""d0_rs_slope5_p70"": 6.708057106025629, ""d0_rank_change3_p50"": 114.0, ""d0_flow_buy_days5_p70"": 4.0, ""d0_trend_eff5_p50"": 0.5314861460957175, ""d0_close_progress3_p50"": 5.966850828729298, ""d1_market_excess_p70"": 0.033209940654632675, ""d1_rs_change_p40"": 0.04062997403032401, ""d1_rank_change_p40"": -22.4, ""d1_flow_p50"": 4943366.0, ""d1_close_location_p30"": 0.43671497584541175, ""d1_upper_shadow_p70"": 0.23815384615384746, ""d3_rs_change_p40"": -2.0465804520160695, ""d3_rank_change_p40"": -73.39999999999999, ""d3_flow_acceleration_p50"": -16293412.410000004, ""d3_trend_eff_p50"": 0.8554216867469907, ""d3_max_drawdown_p30"": -2.645937542246859}"
2458,義隆,2026-06-25,2026-06-26,DAY1,A,RANGE_NORMAL,-4.444444444444439,-0.8048583735846044,1.3266998341625262,0.16666666666666666,0.3333333333333333,2.12392239652707,99.0,-37.0,79.59625090122567,0.21629416005768576,107219640.0,0,True,1,0,A,False,False,True,1.9444444444444375,NEUTRAL,180.0,2026-07-09,172.0,6.3953488372092915,PROMOTION_NEUTRAL,2026-07-13,-4.444444444444439,-4.444444444444439,6.686046511627897,14.244186046511631,0.29069767441860517,1,2026-06-26,2026-06-26,True,RECONSTRUCTED_NOT_PRODUCTION_EXACT,LOCKED_EVALUATION,True,True,False,False,True,True,True,True,True,False,False,REJECT_CONFIRMATION_SHADOW,"{""d0_fresh_rs_p40"": 1.0, ""d0_fresh_volume_p40"": 3.0, ""d0_rs_slope5_p70"": 6.708057106025629, ""d0_rank_change3_p50"": 114.0, ""d0_flow_buy_days5_p70"": 4.0, ""d0_trend_eff5_p50"": 0.5314861460957175, ""d0_close_progress3_p50"": 5.966850828729298, ""d1_market_excess_p70"": 0.033209940654632675, ""d1_rs_change_p40"": 0.04062997403032401, ""d1_rank_change_p40"": -22.4, ""d1_flow_p50"": 4943366.0, ""d1_close_location_p30"": 0.43671497584541175, ""d1_upper_shadow_p70"": 0.23815384615384746, ""d3_rs_change_p40"": -2.0465804520160695, ""d3_rank_change_p40"": -73.39999999999999, ""d3_flow_acceleration_p50"": -16293412.410000004, ""d3_trend_eff_p50"": 0.8554216867469907, ""d3_max_drawdown_p30"": -2.645937542246859}"
2103,台橡,2026-06-25,2026-06-26,DAY1,A,RANGE_NORMAL,-5.594405594405593,-1.9548195235457584,-3.784450843274367,0.09090909090909012,0.0,1.0580184917857205,155.0,-70.0,79.66834895457822,-7.7865897620764315,-20910838.5,0,False,1,0,A,False,False,True,7.459207459207473,NEUTRAL,21.45,2026-07-09,20.25,15.061728395061724,PROMOTION_WINNER,2026-07-13,-5.594405594405593,-5.594405594405593,13.827160493827172,27.654320987654323,-0.7407407407407307,1,2026-06-26,2026-06-26,True,RECONSTRUCTED_NOT_PRODUCTION_EXACT,LOCKED_EVALUATION,True,False,False,False,False,False,False,False,False,False,False,REJECT_CONFIRMATION_SHADOW,"{""d0_fresh_rs_p40"": 1.0, ""d0_fresh_volume_p40"": 3.0, ""d0_rs_slope5_p70"": 6.708057106025629, ""d0_rank_change3_p50"": 114.0, ""d0_flow_buy_days5_p70"": 4.0, ""d0_trend_eff5_p50"": 0.5314861460957175, ""d0_close_progress3_p50"": 5.966850828729298, ""d1_market_excess_p70"": 0.033209940654632675, ""d1_rs_change_p40"": 0.04062997403032401, ""d1_rank_change_p40"": -22.4, ""d1_flow_p50"": 4943366.0, ""d1_close_location_p30"": 0.43671497584541175, ""d1_upper_shadow_p70"": 0.23815384615384746, ""d3_rs_change_p40"": -2.0465804520160695, ""d3_rank_change_p40"": -73.39999999999999, ""d3_flow_acceleration_p50"": -16293412.410000004, ""d3_trend_eff_p50"": 0.8554216867469907, ""d3_max_drawdown_p30"": -2.645937542246859}"
00674R,期元大S&P黃金反1,2026-06-25,2026-06-26,DAY1,A,RANGE_NORMAL,-0.7462686567164201,2.893317414143415,,0.17647058823529044,0.7352941176470591,1.1177245587081173,,,83.48954578226387,-2.3792357606344723,-1675383.71,0,False,0,-1,,True,False,False,-1.9792342634652793,NEUTRAL,30.82,2026-07-09,30.59,-0.9807126511932052,PROMOTION_NEUTRAL,2026-07-13,-0.7462686567164201,-0.7462686567164201,-1.2422360248447117,1.8960444589735337,-4.249754821837204,1,2026-06-26,2026-06-26,True,RECONSTRUCTED_NOT_PRODUCTION_EXACT,LOCKED_EVALUATION,True,False,False,True,False,False,False,False,False,False,False,KEEP_RESERVE_SHADOW,"{""d0_fresh_rs_p40"": 1.0, ""d0_fresh_volume_p40"": 3.0, ""d0_rs_slope5_p70"": 6.708057106025629, ""d0_rank_change3_p50"": 114.0, ""d0_flow_buy_days5_p70"": 4.0, ""d0_trend_eff5_p50"": 0.5314861460957175, ""d0_close_progress3_p50"": 5.966850828729298, ""d1_market_excess_p70"": 0.033209940654632675, ""d1_rs_change_p40"": 0.04062997403032401, ""d1_rank_change_p40"": -22.4, ""d1_flow_p50"": 4943366.0, ""d1_close_location_p30"": 0.43671497584541175, ""d1_upper_shadow_p70"": 0.23815384615384746, ""d3_rs_change_p40"": -2.0465804520160695, ""d3_rank_change_p40"": -73.39999999999999, ""d3_flow_acceleration_p50"": -16293412.410000004, ""d3_trend_eff_p50"": 0.8554216867469907, ""d3_max_drawdown_p30"": -2.645937542246859}"
1313,聯成,2026-06-25,2026-06-26,DAY1,A,RANGE_NORMAL,-1.5936254980079778,2.045960572851857,0.21632925312324858,0.06666666666666525,0.6000000000000014,3.5548679510670587,151.0,-57.0,91.49242970439798,-0.7930785868781527,-36606696.74999999,0,False,1,0,A,True,False,False,-0.3984063745020028,NEUTRAL,12.55,2026-07-09,12.35,-0.4048582995951344,PROMOTION_NEUTRAL,2026-07-13,-1.5936254980079778,-1.5936254980079778,1.2145748987854255,17.40890688259109,-2.0242914979757054,1,2026-06-26,2026-06-26,True,RECONSTRUCTED_NOT_PRODUCTION_EXACT,LOCKED_EVALUATION,True,False,False,True,False,False,False,False,False,False,False,KEEP_RESERVE_SHADOW,"{""d0_fresh_rs_p40"": 1.0, ""d0_fresh_volume_p40"": 3.0, ""d0_rs_slope5_p70"": 6.708057106025629, ""d0_rank_change3_p50"": 114.0, ""d0_flow_buy_days5_p70"": 4.0, ""d0_trend_eff5_p50"": 0.5314861460957175, ""d0_close_progress3_p50"": 5.966850828729298, ""d1_market_excess_p70"": 0.033209940654632675, ""d1_rs_change_p40"": 0.04062997403032401, ""d1_rank_change_p40"": -22.4, ""d1_flow_p50"": 4943366.0, ""d1_close_location_p30"": 0.43671497584541175, ""d1_upper_shadow_p70"": 0.23815384615384746, ""d3_rs_change_p40"": -2.0465804520160695, ""d3_rank_change_p40"": -73.39999999999999, ""d3_flow_acceleration_p50"": -16293412.410000004, ""d3_trend_eff_p50"": 0.8554216867469907, ""d3_max_drawdown_p30"": -2.645937542246859}"
3591,艾笛森,2026-06-25,2026-06-26,DAY1,A,RANGE_NORMAL,-2.9357798165137616,0.7038062543460732,0.3815156399597619,0.06666666666666525,0.5666666666666677,1.0348928435984854,,,58.038932948810384,-15.212689257390053,2270864.75,0,False,0,-1,,False,False,False,-6.238532110091743,LOSER,27.25,2026-07-09,26.45,-7.37240075614366,PROMOTION_LOSER,2026-07-13,-2.9357798165137616,-2.9357798165137616,-3.402646502835538,9.262759924385634,-7.37240075614366,1,2026-06-26,2026-06-26,True,RECONSTRUCTED_NOT_PRODUCTION_EXACT,LOCKED_EVALUATION,True,True,False,True,False,False,False,False,False,False,False,KEEP_RESERVE_SHADOW,"{""d0_fresh_rs_p40"": 1.0, ""d0_fresh_volume_p40"": 3.0, ""d0_rs_slope5_p70"": 6.708057106025629, ""d0_rank_change3_p50"": 114.0, ""d0_flow_buy_days5_p70"": 4.0, ""d0_trend_eff5_p50"": 0.5314861460957175, ""d0_close_progress3_p50"": 5.966850828729298, ""d1_market_excess_p70"": 0.033209940654632675, ""d1_rs_change_p40"": 0.04062997403032401, ""d1_rank_change_p40"": -22.4, ""d1_flow_p50"": 4943366.0, ""d1_close_location_p30"": 0.43671497584541175, ""d1_upper_shadow_p70"": 0.23815384615384746, ""d3_rs_change_p40"": -2.0465804520160695, ""d3_rank_change_p40"": -73.39999999999999, ""d3_flow_acceleration_p50"": -16293412.410000004, ""d3_trend_eff_p50"": 0.8554216867469907, ""d3_max_drawdown_p30"": -2.645937542246859}"
6582,申豐,2026-06-25,2026-06-26,DAY1,A,RANGE_NORMAL,1.823708206686936,5.463294277546771,3.6336629578181623,0.22222222222222252,0.7777777777777775,3.8603489080835316,135.0,-22.0,85.29199711607787,9.444844989185299,770500.0,1,False,2,1,AC,True,False,False,-0.3039513677811634,NEUTRAL,32.9,2026-07-09,33.5,-2.686567164179099,PROMOTION_NEUTRAL,2026-07-13,1.823708206686936,1.823708206686936,-2.0895522388059806,1.4925373134328401,-3.731343283582089,1,2026-06-26,2026-06-26,True,RECONSTRUCTED_NOT_PRODUCTION_EXACT,LOCKED_EVALUATION,True,False,False,True,True,True,True,True,True,False,False,KEEP_RESERVE_SHADOW,"{""d0_fresh_rs_p40"": 1.0, ""d0_fresh_volume_p40"": 3.0, ""d0_rs_slope5_p70"": 6.708057106025629, ""d0_rank_change3_p50"": 114.0, ""d0_flow_buy_days5_p70"": 4.0, ""d0_trend_eff5_p50"": 0.5314861460957175, ""d0_close_progress3_p50"": 5.966850828729298, ""d1_market_excess_p70"": 0.033209940654632675, ""d1_rs_change_p40"": 0.04062997403032401, ""d1_rank_change_p40"": -22.4, ""d1_flow_p50"": 4943366.0, ""d1_close_location_p30"": 0.43671497584541175, ""d1_upper_shadow_p70"": 0.23815384615384746, ""d3_rs_change_p40"": -2.0465804520160695, ""d3_rank_change_p40"": -73.39999999999999, ""d3_flow_acceleration_p50"": -16293412.410000004, ""d3_trend_eff_p50"": 0.8554216867469907, ""d3_max_drawdown_p30"": -2.645937542246859}"
2107,厚生,2026-06-25,2026-06-26,DAY1,A,RANGE_NORMAL,-1.9305019305019266,1.7090841403579082,-0.12054717937070025,0.0,0.0,1.230481267803175,126.0,-11.0,64.2393655371305,-0.5046863734679192,-3716528.0,0,False,1,0,A,False,False,False,-1.1583011583011449,NEUTRAL,25.9,2026-07-09,25.4,1.9685039370078705,PROMOTION_NEUTRAL,2026-07-13,-1.9305019305019266,-1.9305019305019266,0.7874015748031704,2.755905511811041,-0.19685039370077595,1,2026-06-26,2026-06-26,True,RECONSTRUCTED_NOT_PRODUCTION_EXACT,LOCKED_EVALUATION,True,True,False,True,False,True,True,False,False,False,False,KEEP_RESERVE_SHADOW,"{""d0_fresh_rs_p40"": 1.0, ""d0_fresh_volume_p40"": 3.0, ""d0_rs_slope5_p70"": 6.708057106025629, ""d0_rank_change3_p50"": 114.0, ""d0_flow_buy_days5_p70"": 4.0, ""d0_trend_eff5_p50"": 0.5314861460957175, ""d0_close_progress3_p50"": 5.966850828729298, ""d1_market_excess_p70"": 0.033209940654632675, ""d1_rs_change_p40"": 0.04062997403032401, ""d1_rank_change_p40"": -22.4, ""d1_flow_p50"": 4943366.0, ""d1_close_location_p30"": 0.43671497584541175, ""d1_upper_shadow_p70"": 0.23815384615384746, ""d3_rs_change_p40"": -2.0465804520160695, ""d3_rank_change_p40"": -73.39999999999999, ""d3_flow_acceleration_p50"": -16293412.410000004, ""d3_trend_eff_p50"": 0.8554216867469907, ""d3_max_drawdown_p30"": -2.645937542246859}"
4414,如興,2026-06-25,2026-06-26,DAY1,A,RANGE_NORMAL,-2.5581395348837077,1.0814465359761272,-1.7044061099581287,0.26315789473684653,0.3684210526315814,0.708949616658251,,,80.2451333813987,-5.551550108147083,-1223480.0000000002,0,False,0,-1,,False,False,False,1.5116279069767424,NEUTRAL,8.6,2026-07-09,8.38,1.0739856801909253,PROMOTION_NEUTRAL,2026-07-13,-2.5581395348837077,-2.5581395348837077,4.17661097852029,13.24582338902147,0.0,1,2026-06-26,2026-06-26,True,RECONSTRUCTED_NOT_PRODUCTION_EXACT,LOCKED_EVALUATION,True,True,False,True,False,False,False,False,False,False,False,KEEP_RESERVE_SHADOW,"{""d0_fresh_rs_p40"": 1.0, ""d0_fresh_volume_p40"": 3.0, ""d0_rs_slope5_p70"": 6.708057106025629, ""d0_rank_change3_p50"": 114.0, ""d0_flow_buy_days5_p70"": 4.0, ""d0_trend_eff5_p50"": 0.5314861460957175, ""d0_close_progress3_p50"": 5.966850828729298, ""d1_market_excess_p70"": 0.033209940654632675, ""d1_rs_change_p40"": 0.04062997403032401, ""d1_rank_change_p40"": -22.4, ""d1_flow_p50"": 4943366.0, ""d1_close_location_p30"": 0.43671497584541175, ""d1_upper_shadow_p70"": 0.23815384615384746, ""d3_rs_change_p40"": -2.0465804520160695, ""d3_rank_change_p40"": -73.39999999999999, ""d3_flow_acceleration_p50"": -16293412.410000004, ""d3_trend_eff_p50"": 0.8554216867469907, ""d3_max_drawdown_p30"": -2.645937542246859}"
2345,智邦,2026-07-01,2026-07-02,DAY1,A,RANGE_NORMAL,3.383458646616533,3.967967161155006,2.6112645656983124,0.8235294117647058,0.17647058823529413,1.210183764368479,76.0,-38.0,82.9971181556196,-3.553857983209028,-53528750.0,0,True,2,0,AC,True,False,False,-12.781954887218047,LOSER,2660.0,2026-07-16,2750.0,-24.0,PROMOTION_LOSER,2026-07-17,3.383458646616533,3.383458646616533,-15.636363636363637,2.7272727272727337,-24.0,1,2026-07-02,2026-07-02,True,RECONSTRUCTED_NOT_PRODUCTION_EXACT,LOCKED_EVALUATION,True,True,True,True,False,True,True,False,False,True,False,KEEP_RESERVE_SHADOW,"{""d0_fresh_rs_p40"": 1.0, ""d0_fresh_volume_p40"": 3.0, ""d0_rs_slope5_p70"": 6.708057106025629, ""d0_rank_change3_p50"": 114.0, ""d0_flow_buy_days5_p70"": 4.0, ""d0_trend_eff5_p50"": 0.5314861460957175, ""d0_close_progress3_p50"": 5.966850828729298, ""d1_market_excess_p70"": 0.033209940654632675, ""d1_rs_change_p40"": 0.04062997403032401, ""d1_rank_change_p40"": -22.4, ""d1_flow_p50"": 4943366.0, ""d1_close_location_p30"": 0.43671497584541175, ""d1_upper_shadow_p70"": 0.23815384615384746, ""d3_rs_change_p40"": -2.0465804520160695, ""d3_rank_change_p40"": -73.39999999999999, ""d3_flow_acceleration_p50"": -16293412.410000004, ""d3_trend_eff_p50"": 0.8554216867469907, ""d3_max_drawdown_p30"": -2.645937542246859}"
9935,慶豐富,2026-07-01,2026-07-02,DAY1,A,RANGE_NORMAL,1.7766497461928932,2.3611582607313664,0.0,0.5000000000000022,0.3124999999999997,6.47423215824664,31.0,24.0,74.56772334293949,2.0442237044723868,19689100.0,1,True,1,0,A,True,True,False,-4.822335025380708,NEUTRAL,19.7,2026-07-16,20.05,-7.980049875311723,PROMOTION_LOSER,2026-07-17,1.7766497461928932,1.7766497461928932,-6.4837905236907805,3.7406483790523692,-8.977556109725693,1,2026-07-02,2026-07-02,True,RECONSTRUCTED_NOT_PRODUCTION_EXACT,LOCKED_EVALUATION,True,True,False,True,True,True,True,True,True,False,False,KEEP_RESERVE_SHADOW,"{""d0_fresh_rs_p40"": 1.0, ""d0_fresh_volume_p40"": 3.0, ""d0_rs_slope5_p70"": 6.708057106025629, ""d0_rank_change3_p50"": 114.0, ""d0_flow_buy_days5_p70"": 4.0, ""d0_trend_eff5_p50"": 0.5314861460957175, ""d0_close_progress3_p50"": 5.966850828729298, ""d1_market_excess_p70"": 0.033209940654632675, ""d1_rs_change_p40"": 0.04062997403032401, ""d1_rank_change_p40"": -22.4, ""d1_flow_p50"": 4943366.0, ""d1_close_location_p30"": 0.43671497584541175, ""d1_upper_shadow_p70"": 0.23815384615384746, ""d3_rs_change_p40"": -2.0465804520160695, ""d3_rank_change_p40"": -73.39999999999999, ""d3_flow_acceleration_p50"": -16293412.410000004, ""d3_trend_eff_p50"": 0.8554216867469907, ""d3_max_drawdown_p30"": -2.645937542246859}"
8466,美吉吉-KY,2026-07-01,2026-07-02,DAY1,A,RANGE_NORMAL,-1.4285714285714235,-0.8440629140329503,-1.4285714285714235,0.29999999999999716,0.20000000000000284,1.9065360294262796,78.0,-11.0,82.56484149855908,-2.6846162020916893,-12937.5,0,True,1,0,A,True,False,True,1.4285714285714235,NEUTRAL,17.5,2026-07-16,17.25,-1.7391304347826098,PROMOTION_NEUTRAL,2026-07-17,-1.4285714285714235,-1.4285714285714235,2.898550724637672,6.956521739130439,-5.217391304347818,1,2026-07-02,2026-07-02,True,RECONSTRUCTED_NOT_PRODUCTION_EXACT,LOCKED_EVALUATION,True,True,True,False,False,True,False,False,False,False,False,REJECT_CONFIRMATION_SHADOW,"{""d0_fresh_rs_p40"": 1.0, ""d0_fresh_volume_p40"": 3.0, ""d0_rs_slope5_p70"": 6.708057106025629, ""d0_rank_change3_p50"": 114.0, ""d0_flow_buy_days5_p70"": 4.0, ""d0_trend_eff5_p50"": 0.5314861460957175, ""d0_close_progress3_p50"": 5.966850828729298, ""d1_market_excess_p70"": 0.033209940654632675, ""d1_rs_change_p40"": 0.04062997403032401, ""d1_rank_change_p40"": -22.4, ""d1_flow_p50"": 4943366.0, ""d1_close_location_p30"": 0.43671497584541175, ""d1_upper_shadow_p70"": 0.23815384615384746, ""d3_rs_change_p40"": -2.0465804520160695, ""d3_rank_change_p40"": -73.39999999999999, ""d3_flow_acceleration_p50"": -16293412.410000004, ""d3_trend_eff_p50"": 0.8554216867469907, ""d3_max_drawdown_p30"": -2.645937542246859}"
2528,皇普,2026-07-01,2026-07-02,DAY1,A,RANGE_NORMAL,2.6785714285714413,3.2630799431099144,2.6785714285714413,0.935483870967741,0.06451612903225895,1.33772563355217,,,87.89625360230548,-0.4623870339924281,835820.0,1,False,0,-1,,False,False,False,-0.6696428571428492,NEUTRAL,22.4,2026-07-16,23.0,-4.130434782608694,PROMOTION_NEUTRAL,2026-07-17,2.6785714285714413,2.6785714285714413,-3.2608695652173947,0.6521739130434634,-7.826086956521738,1,2026-07-02,2026-07-02,True,RECONSTRUCTED_NOT_PRODUCTION_EXACT,LOCKED_EVALUATION,True,True,False,True,False,False,False,True,False,True,False,KEEP_RESERVE_SHADOW,"{""d0_fresh_rs_p40"": 1.0, ""d0_fresh_volume_p40"": 3.0, ""d0_rs_slope5_p70"": 6.708057106025629, ""d0_rank_change3_p50"": 114.0, ""d0_flow_buy_days5_p70"": 4.0, ""d0_trend_eff5_p50"": 0.5314861460957175, ""d0_close_progress3_p50"": 5.966850828729298, ""d1_market_excess_p70"": 0.033209940654632675, ""d1_rs_change_p40"": 0.04062997403032401, ""d1_rank_change_p40"": -22.4, ""d1_flow_p50"": 4943366.0, ""d1_close_location_p30"": 0.43671497584541175, ""d1_upper_shadow_p70"": 0.23815384615384746, ""d3_rs_change_p40"": -2.0465804520160695, ""d3_rank_change_p40"": -73.39999999999999, ""d3_flow_acceleration_p50"": -16293412.410000004, ""d3_trend_eff_p50"": 0.8554216867469907, ""d3_max_drawdown_p30"": -2.645937542246859}"
00938,凱基優選30,2026-07-01,2026-07-02,DAY1,A,RANGE_NORMAL,-1.1070110701106972,-0.522502555572224,,0.14814814814815644,0.8518518518518435,0.13132064050007858,,,78.31412103746398,-6.646110343591701,-552806.2800000003,0,False,0,-1,,False,False,True,1.0660106601065866,NEUTRAL,24.39,2026-07-16,24.12,-1.28524046434495,PROMOTION_NEUTRAL,2026-07-17,-1.1070110701106972,-1.1070110701106972,2.197346600331662,3.482587064676612,-1.28524046434495,1,2026-07-02,2026-07-02,True,RECONSTRUCTED_NOT_PRODUCTION_EXACT,LOCKED_EVALUATION,False,False,False,False,False,False,False,False,False,False,False,REJECT_CONFIRMATION_SHADOW,"{""d0_fresh_rs_p40"": 1.0, ""d0_fresh_volume_p40"": 3.0, ""d0_rs_slope5_p70"": 6.708057106025629, ""d0_rank_change3_p50"": 114.0, ""d0_flow_buy_days5_p70"": 4.0, ""d0_trend_eff5_p50"": 0.5314861460957175, ""d0_close_progress3_p50"": 5.966850828729298, ""d1_market_excess_p70"": 0.033209940654632675, ""d1_rs_change_p40"": 0.04062997403032401, ""d1_rank_change_p40"": -22.4, ""d1_flow_p50"": 4943366.0, ""d1_close_location_p30"": 0.43671497584541175, ""d1_upper_shadow_p70"": 0.23815384615384746, ""d3_rs_change_p40"": -2.0465804520160695, ""d3_rank_change_p40"": -73.39999999999999, ""d3_flow_acceleration_p50"": -16293412.410000004, ""d3_trend_eff_p50"": 0.8554216867469907, ""d3_max_drawdown_p30"": -2.645937542246859}"
00643,群益深証中小,2026-07-01,2026-07-02,DAY1,A,RANGE_NORMAL,-3.358925143953928,-2.774416629415455,,0.18571428571428447,0.0,1.0047117171662625,,,58.069164265129686,-16.478919610503,-10853687.68,0,False,0,-1,,False,False,True,-4.270633397312862,NEUTRAL,20.84,2026-07-16,20.14,-6.752730883813307,PROMOTION_LOSER,2026-07-17,-3.358925143953928,-3.358925143953928,-0.9433962264151052,2.284011916583917,-6.752730883813307,1,2026-07-02,2026-07-02,True,RECONSTRUCTED_NOT_PRODUCTION_EXACT,LOCKED_EVALUATION,False,False,False,False,False,False,False,False,False,False,False,REJECT_CONFIRMATION_SHADOW,"{""d0_fresh_rs_p40"": 1.0, ""d0_fresh_volume_p40"": 3.0, ""d0_rs_slope5_p70"": 6.708057106025629, ""d0_rank_change3_p50"": 114.0, ""d0_flow_buy_days5_p70"": 4.0, ""d0_trend_eff5_p50"": 0.5314861460957175, ""d0_close_progress3_p50"": 5.966850828729298, ""d1_market_excess_p70"": 0.033209940654632675, ""d1_rs_change_p40"": 0.04062997403032401, ""d1_rank_change_p40"": -22.4, ""d1_flow_p50"": 4943366.0, ""d1_close_location_p30"": 0.43671497584541175, ""d1_upper_shadow_p70"": 0.23815384615384746, ""d3_rs_change_p40"": -2.0465804520160695, ""d3_rank_change_p40"": -73.39999999999999, ""d3_flow_acceleration_p50"": -16293412.410000004, ""d3_trend_eff_p50"": 0.8554216867469907, ""d3_max_drawdown_p30"": -2.645937542246859}"
3605,宏致,2026-07-01,2026-07-02,DAY1,A,RANGE_NORMAL,5.257009345794383,5.841517860332857,4.387444128403084,0.7840909090909084,0.21590909090909163,9.735871355978443,21.0,74.0,92.65129682997119,4.798802252964677,527264569.29999995,1,True,2,1,AC,True,False,False,-0.8177570093457764,NEUTRAL,85.6,2026-07-16,90.1,-11.98668146503884,PROMOTION_LOSER,2026-07-17,5.257009345794383,5.257009345794383,-5.771365149833507,7.103218645948961,-12.65260821309655,1,2026-07-02,2026-07-02,True,RECONSTRUCTED_NOT_PRODUCTION_EXACT,LOCKED_EVALUATION,True,True,True,True,True,True,True,True,True,True,True,PROMOTE_DAY1_SHADOW,"{""d0_fresh_rs_p40"": 1.0, ""d0_fresh_volume_p40"": 3.0, ""d0_rs_slope5_p70"": 6.708057106025629, ""d0_rank_change3_p50"": 114.0, ""d0_flow_buy_days5_p70"": 4.0, ""d0_trend_eff5_p50"": 0.5314861460957175, ""d0_close_progress3_p50"": 5.966850828729298, ""d1_market_excess_p70"": 0.033209940654632675, ""d1_rs_change_p40"": 0.04062997403032401, ""d1_rank_change_p40"": -22.4, ""d1_flow_p50"": 4943366.0, ""d1_close_location_p30"": 0.43671497584541175, ""d1_upper_shadow_p70"": 0.23815384615384746, ""d3_rs_change_p40"": -2.0465804520160695, ""d3_rank_change_p40"": -73.39999999999999, ""d3_flow_acceleration_p50"": -16293412.410000004, ""d3_trend_eff_p50"": 0.8554216867469907, ""d3_max_drawdown_p30"": -2.645937542246859}"
2429,銘旺科,2026-07-01,2026-07-02,DAY1,A,RANGE_NORMAL,-7.708333333333339,-7.123824818794866,-8.252797943133693,0.06944444444444442,0.0,1.5276958695607545,,,51.585014409221905,-24.698427383981276,-17357050.1,0,False,0,-1,,False,False,True,-1.5625,NEUTRAL,48.0,2026-07-16,44.3,-3.950338600451464,PROMOTION_NEUTRAL,2026-07-17,-7.708333333333339,-7.708333333333339,6.659142212189617,18.05869074492099,-7.110609480812635,1,2026-07-02,2026-07-02,True,RECONSTRUCTED_NOT_PRODUCTION_EXACT,LOCKED_EVALUATION,True,True,True,False,False,False,False,False,False,False,False,REJECT_CONFIRMATION_SHADOW,"{""d0_fresh_rs_p40"": 1.0, ""d0_fresh_volume_p40"": 3.0, ""d0_rs_slope5_p70"": 6.708057106025629, ""d0_rank_change3_p50"": 114.0, ""d0_flow_buy_days5_p70"": 4.0, ""d0_trend_eff5_p50"": 0.5314861460957175, ""d0_close_progress3_p50"": 5.966850828729298, ""d1_market_excess_p70"": 0.033209940654632675, ""d1_rs_change_p40"": 0.04062997403032401, ""d1_rank_change_p40"": -22.4, ""d1_flow_p50"": 4943366.0, ""d1_close_location_p30"": 0.43671497584541175, ""d1_upper_shadow_p70"": 0.23815384615384746, ""d3_rs_change_p40"": -2.0465804520160695, ""d3_rank_change_p40"": -73.39999999999999, ""d3_flow_acceleration_p50"": -16293412.410000004, ""d3_trend_eff_p50"": 0.8554216867469907, ""d3_max_drawdown_p30"": -2.645937542246859}"
00728,第一金工業30,2026-07-01,2026-07-02,DAY1,A,RANGE_NORMAL,-0.4542013626040786,0.13030715193439457,,0.9583333333333358,0.0416666666666642,1.6787140472468616,,,74.49567723342939,0.742965736683189,578863.0,0,False,0,-1,,False,False,False,-2.4981074943224657,NEUTRAL,66.05,2026-07-16,65.75,-9.277566539923953,PROMOTION_LOSER,2026-07-17,-0.4542013626040786,-0.4542013626040786,-2.0532319391634912,1.7490494296578118,-9.277566539923953,1,2026-07-02,2026-07-02,True,RECONSTRUCTED_NOT_PRODUCTION_EXACT,LOCKED_EVALUATION,False,False,False,True,True,False,False,False,False,True,False,REJECT_CONFIRMATION_SHADOW,"{""d0_fresh_rs_p40"": 1.0, ""d0_fresh_volume_p40"": 3.0, ""d0_rs_slope5_p70"": 6.708057106025629, ""d0_rank_change3_p50"": 114.0, ""d0_flow_buy_days5_p70"": 4.0, ""d0_trend_eff5_p50"": 0.5314861460957175, ""d0_close_progress3_p50"": 5.966850828729298, ""d1_market_excess_p70"": 0.033209940654632675, ""d1_rs_change_p40"": 0.04062997403032401, ""d1_rank_change_p40"": -22.4, ""d1_flow_p50"": 4943366.0, ""d1_close_location_p30"": 0.43671497584541175, ""d1_upper_shadow_p70"": 0.23815384615384746, ""d3_rs_change_p40"": -2.0465804520160695, ""d3_rank_change_p40"": -73.39999999999999, ""d3_flow_acceleration_p50"": -16293412.410000004, ""d3_trend_eff_p50"": 0.8554216867469907, ""d3_max_drawdown_p30"": -2.645937542246859}"
2433,互盛電,2026-07-01,2026-07-02,DAY1,A,RANGE_NORMAL,-6.13839285714286,-5.553884342604388,-2.793461134453784,0.07142857142856708,0.07142857142857723,3.09982888910452,291.0,-174.0,29.755043227665706,-36.91162343900096,-283837.5,0,False,1,0,A,False,False,True,-6.249999999999989,LOSER,44.8,2026-07-16,42.05,-0.5945303210463715,PROMOTION_NEUTRAL,2026-07-17,-6.13839285714286,-6.13839285714286,-0.11890606420926764,1.5457788347205792,-0.5945303210463715,1,2026-07-02,2026-07-02,True,RECONSTRUCTED_NOT_PRODUCTION_EXACT,LOCKED_EVALUATION,False,False,False,False,False,False,False,False,False,False,False,REJECT_CONFIRMATION_SHADOW,"{""d0_fresh_rs_p40"": 1.0, ""d0_fresh_volume_p40"": 3.0, ""d0_rs_slope5_p70"": 6.708057106025629, ""d0_rank_change3_p50"": 114.0, ""d0_flow_buy_days5_p70"": 4.0, ""d0_trend_eff5_p50"": 0.5314861460957175, ""d0_close_progress3_p50"": 5.966850828729298, ""d1_market_excess_p70"": 0.033209940654632675, ""d1_rs_change_p40"": 0.04062997403032401, ""d1_rank_change_p40"": -22.4, ""d1_flow_p50"": 4943366.0, ""d1_close_location_p30"": 0.43671497584541175, ""d1_upper_shadow_p70"": 0.23815384615384746, ""d3_rs_change_p40"": -2.0465804520160695, ""d3_rank_change_p40"": -73.39999999999999, ""d3_flow_acceleration_p50"": -16293412.410000004, ""d3_trend_eff_p50"": 0.8554216867469907, ""d3_max_drawdown_p30"": -2.645937542246859}"
