stock_id,stock_name,episode_start_date,evaluation_date,dataset,normal_subregime,production_market_regime,market_path_state,first_seen_flag,days_since_episode_start,days_since_first_top120,days_since_first_breakout,days_since_first_volume_expansion,days_since_first_rs_above_80,days_since_first_momentum_top30,previous_top120_presence_20d,days_since_last_top120_exit,reentry_flag,reacceleration_flag,rs_market_pct_day0,rs_market_pct_day_minus_1,rs_market_pct_day_minus_3,rs_market_pct_day_minus_5,rs_market_pct_day_minus_10,rs_slope_3d,rs_slope_5d,rs_slope_10d,rs_positive_change_days_5d,rs_acceleration_3d_vs_5d,rs_distance_from_recent_peak,market_excess_return_1d,market_excess_return_3d,market_excess_return_5d,sector_excess_return_1d,sector_excess_return_3d,sector_excess_return_5d,institution_buy_days_3d,institution_buy_days_5d,institution_buy_days_10d,institution_flow_1d,institution_flow_3d,institution_flow_previous_3d,institution_flow_5d,institution_flow_10d,institution_flow_acceleration,institution_flow_concentration,institution_flow_volatility,foreign_buy_days_5d,trust_buy_days_5d,foreign_trust_alignment,price_flow_alignment,positive_price_flow_alignment,trend_efficiency_3d,trend_efficiency_5d,trend_efficiency_10d,max_drawdown_prior_5d,max_drawdown_prior_10d,downside_volatility_5d,reversal_count_5d,positive_close_count_5d,close_location_average_3d,close_location_average_5d,upper_shadow_average_3d,large_range_day_count_5d,return_1d,return_3d,return_5d,return_10d,volume_ratio_1d_20d,volume_ratio_3d_20d,volume_ratio_5d_20d,volume_expansion_days_5d,price_advance_per_volume_unit,price_new_high_volume_confirmation,price_new_high_volume_divergence,close_progress_3d,close_progress_5d,momentum_score,momentum_rank,momentum_score_percentile,momentum_rank_change_1d,momentum_rank_change_3d,raw_union_rank,source_A,source_B,source_C,source_D,source_combination,source_count,role,confidence,role_confidence_source,entry_close,episode_return_day0_to_day10,episode_outcome,future_trade_date_10d,maturity_status,feature_as_of_date,max_source_date,point_in_time_valid,data_status,date_split,d0_freshness_pass,d0_rs_path_pass,d0_rank_health_pass,d0_positive_family_count,d0_flow_pass,d0_efficiency_pass,D0_A_PASS,D0_B_PASS,D0_C_PASS,day0_state,bundle_thresholds,confirmation_date,promotion_reference_close,promotion_return_next_10d,promotion_outcome,promotion_maturity_date,pre_confirmation_return,price_move_before_confirmation,remaining_return_to_episode_day10,maximum_remaining_upside_10d,maximum_remaining_downside_10d,promotion_delay_sessions,policy,confirmation_unit,day1_return_from_day0_close,day1_market_excess_return,day1_sector_excess_return,day1_close_location,day1_upper_shadow,day1_volume_ratio,day1_momentum_rank,day1_momentum_rank_change,day1_rs_market_pct,day1_rs_change,day1_institution_flow,day1_price_flow_alignment,day1_top120_status,day1_source_count,day1_source_change,day1_source_combination,day1_breakout_hold,day1_gap_hold,day1_failed_follow_through,d1_relative_pass,d1_rs_health_pass,d1_rank_health_pass,D1_A_PASS,d1_flow_pass,D1_B_PASS,d1_controlled_pass,D1_C_PASS,day1_promotion_state,return_day0_to_day3,market_excess_return_day0_to_day3,sector_excess_return_day0_to_day3,positive_days_count_3d,market_outperform_days_count_3d,momentum_rank_change_day0_to_day3,day3_momentum_rank,rs_change_day0_to_day3,day3_rs_market_pct,rs_positive_days_3d,institution_buy_days_day1_to_day3,institution_flow_day1_to_day3,institution_flow_acceleration_day3,volume_confirmation_day1_to_day3,volume_without_price_progress_day1_to_day3,trend_efficiency_day0_to_day3,max_drawdown_day0_to_day3,day3_top120_status,day3_source_count,day3_source_combination,breakout_hold_day3,reacceleration_by_day3,d3_relative_pass,d3_rs_health_pass,d3_rank_health_pass,D3_A_PASS,d3_flow_pass,D3_B_PASS,d3_controlled_pass,D3_C_PASS,day3_promotion_state,staged_promotion_stage
00941,中信上游半導體,2026-06-15,,A,RANGE_NORMAL,,,,,,,,,,,,,,,,,,,,,,,,,,,,,,,,,,,,,,,,,,,,,,,,,,,,,,,,,,,,,,,,,,,,,,,,,,,,,,,,,,,,,,,28.58,4.163750874737593,NEUTRAL,2026-06-30,,2026-06-16,2026-06-16,True,RECONSTRUCTED_NOT_PRODUCTION_EXACT,DISCOVERY,,,,,,,True,True,True,,"{""d0_fresh_rs_p40"": 1.0, ""d0_fresh_volume_p40"": 3.0, ""d0_rs_slope5_p70"": 6.708057106025629, ""d0_rank_change3_p50"": 114.0, ""d0_flow_buy_days5_p70"": 4.0, ""d0_trend_eff5_p50"": 0.5314861460957175, ""d0_close_progress3_p50"": 5.966850828729298, ""d1_market_excess_p70"": 0.033209940654632675, ""d1_rs_change_p40"": 0.04062997403032401, ""d1_rank_change_p40"": -22.4, ""d1_flow_p50"": 4943366.0, ""d1_close_location_p30"": 0.43671497584541175, ""d1_upper_shadow_p70"": 0.23815384615384746, ""d3_rs_change_p40"": -2.0465804520160695, ""d3_rank_change_p40"": -73.39999999999999, ""d3_flow_acceleration_p50"": -16293412.410000004, ""d3_trend_eff_p50"": 0.8554216867469907, ""d3_max_drawdown_p30"": -2.645937542246859}",2026-06-16,28.55,6.900175131348507,PROMOTION_NEUTRAL,2026-07-01,-0.10496850944715641,-0.10496850944715641,4.273204903677752,7.53064798598948,-2.1716287215411634,1,P4_D1_A,DAY1,-0.10496850944715641,-1.0129582241837576,,0.5789473684210565,0.42105263157894346,1.0159843579316847,19.0,4.0,85.0,1.979768786127167,20813378.25,0.0,True,1.0,0.0,A,True,False,False,False,True,True,True,True,True,False,False,KEEP_RESERVE_SHADOW,,,,,,,,,,,,,,,,,,,,,,,,,,,,,,,,
00954,中信日本半導體,2026-06-15,,A,RANGE_NORMAL,,,,,,,,,,,,,,,,,,,,,,,,,,,,,,,,,,,,,,,,,,,,,,,,,,,,,,,,,,,,,,,,,,,,,,,,,,,,,,,,,,,,,,,21.08,6.166982922201147,NEUTRAL,2026-06-30,,2026-06-16,2026-06-16,True,RECONSTRUCTED_NOT_PRODUCTION_EXACT,DISCOVERY,,,,,,,True,True,True,,"{""d0_fresh_rs_p40"": 1.0, ""d0_fresh_volume_p40"": 3.0, ""d0_rs_slope5_p70"": 6.708057106025629, ""d0_rank_change3_p50"": 114.0, ""d0_flow_buy_days5_p70"": 4.0, ""d0_trend_eff5_p50"": 0.5314861460957175, ""d0_close_progress3_p50"": 5.966850828729298, ""d1_market_excess_p70"": 0.033209940654632675, ""d1_rs_change_p40"": 0.04062997403032401, ""d1_rank_change_p40"": -22.4, ""d1_flow_p50"": 4943366.0, ""d1_close_location_p30"": 0.43671497584541175, ""d1_upper_shadow_p70"": 0.23815384615384746, ""d3_rs_change_p40"": -2.0465804520160695, ""d3_rank_change_p40"": -73.39999999999999, ""d3_flow_acceleration_p50"": -16293412.410000004, ""d3_trend_eff_p50"": 0.8554216867469907, ""d3_max_drawdown_p30"": -2.645937542246859}",2026-06-16,21.02,9.752616555661287,PROMOTION_NEUTRAL,2026-07-01,-0.2846299810246644,-0.2846299810246644,6.470028544243567,11.322549952426254,-1.7126546146527089,1,P4_D1_A,DAY1,-0.2846299810246644,-1.1926196957612656,,0.5909090909090895,0.25,1.360075454315343,49.0,5.0,93.69565217391305,3.6667504398090074,9056109.659999996,0.0,True,1.0,0.0,A,True,False,False,False,True,True,True,True,True,False,False,KEEP_RESERVE_SHADOW,,,,,,,,,,,,,,,,,,,,,,,,,,,,,,,,
00951,台新日本半導體,2026-06-15,,A,RANGE_NORMAL,,,,,,,,,,,,,,,,,,,,,,,,,,,,,,,,,,,,,,,,,,,,,,,,,,,,,,,,,,,,,,,,,,,,,,,,,,,,,,,,,,,,,,,19.75,6.278481012658221,NEUTRAL,2026-06-30,,2026-06-16,2026-06-16,True,RECONSTRUCTED_NOT_PRODUCTION_EXACT,DISCOVERY,,,,,,,True,True,True,,"{""d0_fresh_rs_p40"": 1.0, ""d0_fresh_volume_p40"": 3.0, ""d0_rs_slope5_p70"": 6.708057106025629, ""d0_rank_change3_p50"": 114.0, ""d0_flow_buy_days5_p70"": 4.0, ""d0_trend_eff5_p50"": 0.5314861460957175, ""d0_close_progress3_p50"": 5.966850828729298, ""d1_market_excess_p70"": 0.033209940654632675, ""d1_rs_change_p40"": 0.04062997403032401, ""d1_rank_change_p40"": -22.4, ""d1_flow_p50"": 4943366.0, ""d1_close_location_p30"": 0.43671497584541175, ""d1_upper_shadow_p70"": 0.23815384615384746, ""d3_rs_change_p40"": -2.0465804520160695, ""d3_rank_change_p40"": -73.39999999999999, ""d3_flow_acceleration_p50"": -16293412.410000004, ""d3_trend_eff_p50"": 0.8554216867469907, ""d3_max_drawdown_p30"": -2.645937542246859}",2026-06-16,19.69,9.649568308786183,PROMOTION_NEUTRAL,2026-07-01,-0.30379746835442756,-0.30379746835442756,6.602336211274751,11.376333164042652,-1.523616048755716,1,P4_D1_A,DAY1,-0.30379746835442756,-1.2117871830910287,,0.6190476190476203,0.04761904761905487,1.2700469318846759,117.0,-59.0,93.6231884057971,4.172321353773967,-550847.4399999976,0.0,True,1.0,0.0,A,True,False,False,False,True,True,True,False,False,True,False,KEEP_RESERVE_SHADOW,,,,,,,,,,,,,,,,,,,,,,,,,,,,,,,,
3044,健鼎,2026-06-15,,A,RANGE_NORMAL,,,,,,,,,,,,,,,,,,,,,,,,,,,,,,,,,,,,,,,,,,,,,,,,,,,,,,,,,,,,,,,,,,,,,,,,,,,,,,,,,,,,,,,520.0,-0.3846153846153832,NEUTRAL,2026-06-30,,2026-06-16,2026-06-16,True,RECONSTRUCTED_NOT_PRODUCTION_EXACT,DISCOVERY,,,,,,,True,True,False,,"{""d0_fresh_rs_p40"": 1.0, ""d0_fresh_volume_p40"": 3.0, ""d0_rs_slope5_p70"": 6.708057106025629, ""d0_rank_change3_p50"": 114.0, ""d0_flow_buy_days5_p70"": 4.0, ""d0_trend_eff5_p50"": 0.5314861460957175, ""d0_close_progress3_p50"": 5.966850828729298, ""d1_market_excess_p70"": 0.033209940654632675, ""d1_rs_change_p40"": 0.04062997403032401, ""d1_rank_change_p40"": -22.4, ""d1_flow_p50"": 4943366.0, ""d1_close_location_p30"": 0.43671497584541175, ""d1_upper_shadow_p70"": 0.23815384615384746, ""d3_rs_change_p40"": -2.0465804520160695, ""d3_rank_change_p40"": -73.39999999999999, ""d3_flow_acceleration_p50"": -16293412.410000004, ""d3_trend_eff_p50"": 0.8554216867469907, ""d3_max_drawdown_p30"": -2.645937542246859}",2026-06-16,546.0,-7.326007326007322,PROMOTION_LOSER,2026-07-01,5.000000000000004,5.000000000000004,-5.128205128205132,9.523809523809534,-8.791208791208794,1,P4_D1_A,DAY1,5.000000000000004,4.092010285263403,6.424501424501427,0.5862068965517241,0.41379310344827586,1.7236411320743463,73.0,44.0,84.56521739130434,11.516084443327472,1394131284.0,1.0,True,1.0,0.0,A,True,True,False,True,True,True,True,True,True,False,False,KEEP_RESERVE_SHADOW,,,,,,,,,,,,,,,,,,,,,,,,,,,,,,,,
00403A,主動統一升級50,2026-06-17,,A,RANGE_NORMAL,,,,,,,,,,,,,,,,,,,,,,,,,,,,,,,,,,,,,,,,,,,,,,,,,,,,,,,,,,,,,,,,,,,,,,,,,,,,,,,,,,,,,,,10.75,3.6279069767442,NEUTRAL,2026-07-02,,2026-06-18,2026-06-18,True,RECONSTRUCTED_NOT_PRODUCTION_EXACT,DISCOVERY,,,,,,,True,True,False,,"{""d0_fresh_rs_p40"": 1.0, ""d0_fresh_volume_p40"": 3.0, ""d0_rs_slope5_p70"": 6.708057106025629, ""d0_rank_change3_p50"": 114.0, ""d0_flow_buy_days5_p70"": 4.0, ""d0_trend_eff5_p50"": 0.5314861460957175, ""d0_close_progress3_p50"": 5.966850828729298, ""d1_market_excess_p70"": 0.033209940654632675, ""d1_rs_change_p40"": 0.04062997403032401, ""d1_rank_change_p40"": -22.4, ""d1_flow_p50"": 4943366.0, ""d1_close_location_p30"": 0.43671497584541175, ""d1_upper_shadow_p70"": 0.23815384615384746, ""d3_rs_change_p40"": -2.0465804520160695, ""d3_rank_change_p40"": -73.39999999999999, ""d3_flow_acceleration_p50"": -16293412.410000004, ""d3_trend_eff_p50"": 0.8554216867469907, ""d3_max_drawdown_p30"": -2.645937542246859}",2026-06-18,11.03,0.9972801450589319,PROMOTION_NEUTRAL,2026-07-03,2.6046511627906943,2.6046511627906943,0.9972801450589319,3.80779691749773,-4.805077062556662,1,P4_D1_A,DAY1,2.6046511627906943,1.3233882138740327,,1.0,0.0,1.2698034865866392,180.0,-72.0,72.72069464544138,2.7496382054992665,6026205259.15,1.0,False,1.0,0.0,A,True,True,False,True,True,False,True,True,True,True,True,PROMOTE_DAY1_SHADOW,,,,,,,,,,,,,,,,,,,,,,,,,,,,,,,,
5283,禾聯碩,2026-06-23,,A,RANGE_NORMAL,,,,,,,,,,,,,,,,,,,,,,,,,,,,,,,,,,,,,,,,,,,,,,,,,,,,,,,,,,,,,,,,,,,,,,,,,,,,,,,,,,,,,,,57.4,-6.445993031358876,LOSER,2026-07-07,,2026-06-24,2026-06-24,True,RECONSTRUCTED_NOT_PRODUCTION_EXACT,VALIDATION,,,,,,,True,True,True,,"{""d0_fresh_rs_p40"": 1.0, ""d0_fresh_volume_p40"": 3.0, ""d0_rs_slope5_p70"": 6.708057106025629, ""d0_rank_change3_p50"": 114.0, ""d0_flow_buy_days5_p70"": 4.0, ""d0_trend_eff5_p50"": 0.5314861460957175, ""d0_close_progress3_p50"": 5.966850828729298, ""d1_market_excess_p70"": 0.033209940654632675, ""d1_rs_change_p40"": 0.04062997403032401, ""d1_rank_change_p40"": -22.4, ""d1_flow_p50"": 4943366.0, ""d1_close_location_p30"": 0.43671497584541175, ""d1_upper_shadow_p70"": 0.23815384615384746, ""d3_rs_change_p40"": -2.0465804520160695, ""d3_rank_change_p40"": -73.39999999999999, ""d3_flow_acceleration_p50"": -16293412.410000004, ""d3_trend_eff_p50"": 0.8554216867469907, ""d3_max_drawdown_p30"": -2.645937542246859}",2026-06-24,57.5,-7.826086956521738,PROMOTION_LOSER,2026-07-08,0.17421602787457413,0.17421602787457413,-6.608695652173912,-0.6956521739130417,-9.565217391304348,1,P4_D1_A,DAY1,0.17421602787457413,2.418452572380869,0.17421602787457413,0.7894736842105269,0.0,1.337812203158604,61.0,-33.0,81.0966810966811,-0.5772005772005855,-2185000.0,0.0,True,1.0,-1.0,C,True,True,False,True,False,True,True,False,False,True,False,KEEP_RESERVE_SHADOW,,,,,,,,,,,,,,,,,,,,,,,,,,,,,,,,
6243,迅杰,2026-06-23,,A,RANGE_NORMAL,,,,,,,,,,,,,,,,,,,,,,,,,,,,,,,,,,,,,,,,,,,,,,,,,,,,,,,,,,,,,,,,,,,,,,,,,,,,,,,,,,,,,,,41.5,-5.421686746987953,NEUTRAL,2026-07-07,,2026-06-24,2026-06-24,True,RECONSTRUCTED_NOT_PRODUCTION_EXACT,VALIDATION,,,,,,,True,False,False,,"{""d0_fresh_rs_p40"": 1.0, ""d0_fresh_volume_p40"": 3.0, ""d0_rs_slope5_p70"": 6.708057106025629, ""d0_rank_change3_p50"": 114.0, ""d0_flow_buy_days5_p70"": 4.0, ""d0_trend_eff5_p50"": 0.5314861460957175, ""d0_close_progress3_p50"": 5.966850828729298, ""d1_market_excess_p70"": 0.033209940654632675, ""d1_rs_change_p40"": 0.04062997403032401, ""d1_rank_change_p40"": -22.4, ""d1_flow_p50"": 4943366.0, ""d1_close_location_p30"": 0.43671497584541175, ""d1_upper_shadow_p70"": 0.23815384615384746, ""d3_rs_change_p40"": -2.0465804520160695, ""d3_rank_change_p40"": -73.39999999999999, ""d3_flow_acceleration_p50"": -16293412.410000004, ""d3_trend_eff_p50"": 0.8554216867469907, ""d3_max_drawdown_p30"": -2.645937542246859}",2026-06-24,45.65,-12.376779846659359,PROMOTION_LOSER,2026-07-08,9.999999999999986,9.999999999999986,-14.019715224534501,0.0,-16.648411829134723,1,P4_D1_A,DAY1,9.999999999999986,12.24423654450628,10.418410041840986,1.0,0.0,11.893903464163111,47.0,12.0,95.74314574314575,7.4314574314574315,-186115.05000000005,0.0,True,1.0,-1.0,C,True,True,False,True,True,True,True,False,False,True,False,KEEP_RESERVE_SHADOW,,,,,,,,,,,,,,,,,,,,,,,,,,,,,,,,
1216,統一,2026-06-24,,A,RANGE_NORMAL,,,,,,,,,,,,,,,,,,,,,,,,,,,,,,,,,,,,,,,,,,,,,,,,,,,,,,,,,,,,,,,,,,,,,,,,,,,,,,,,,,,,,,,75.1,4.6604527296937315,NEUTRAL,2026-07-08,,2026-06-25,2026-06-25,True,RECONSTRUCTED_NOT_PRODUCTION_EXACT,VALIDATION,,,,,,,True,False,False,,"{""d0_fresh_rs_p40"": 1.0, ""d0_fresh_volume_p40"": 3.0, ""d0_rs_slope5_p70"": 6.708057106025629, ""d0_rank_change3_p50"": 114.0, ""d0_flow_buy_days5_p70"": 4.0, ""d0_trend_eff5_p50"": 0.5314861460957175, ""d0_close_progress3_p50"": 5.966850828729298, ""d1_market_excess_p70"": 0.033209940654632675, ""d1_rs_change_p40"": 0.04062997403032401, ""d1_rank_change_p40"": -22.4, ""d1_flow_p50"": 4943366.0, ""d1_close_location_p30"": 0.43671497584541175, ""d1_upper_shadow_p70"": 0.23815384615384746, ""d3_rs_change_p40"": -2.0465804520160695, ""d3_rank_change_p40"": -73.39999999999999, ""d3_flow_acceleration_p50"": -16293412.410000004, ""d3_trend_eff_p50"": 0.8554216867469907, ""d3_max_drawdown_p30"": -2.645937542246859}",2026-06-25,75.6,3.70370370370372,PROMOTION_NEUTRAL,2026-07-09,0.665778961384822,0.665778961384822,3.9682539682539764,4.497354497354511,-2.3809523809523725,1,P4_D1_A,DAY1,0.665778961384822,0.20608423725376745,0.38449941521401243,0.555555555555552,0.444444444444448,0.9766365583493134,66.0,8.0,75.41456380677722,5.645444037657455,393518941.2000001,1.0,True,1.0,0.0,A,False,False,False,True,True,True,True,True,True,False,False,KEEP_RESERVE_SHADOW,,,,,,,,,,,,,,,,,,,,,,,,,,,,,,,,
6909,創控,2026-06-24,,A,RANGE_NORMAL,,,,,,,,,,,,,,,,,,,,,,,,,,,,,,,,,,,,,,,,,,,,,,,,,,,,,,,,,,,,,,,,,,,,,,,,,,,,,,,,,,,,,,,60.4,-12.74834437086092,LOSER,2026-07-08,,2026-06-25,2026-06-25,True,RECONSTRUCTED_NOT_PRODUCTION_EXACT,VALIDATION,,,,,,,True,False,False,,"{""d0_fresh_rs_p40"": 1.0, ""d0_fresh_volume_p40"": 3.0, ""d0_rs_slope5_p70"": 6.708057106025629, ""d0_rank_change3_p50"": 114.0, ""d0_flow_buy_days5_p70"": 4.0, ""d0_trend_eff5_p50"": 0.5314861460957175, ""d0_close_progress3_p50"": 5.966850828729298, ""d1_market_excess_p70"": 0.033209940654632675, ""d1_rs_change_p40"": 0.04062997403032401, ""d1_rank_change_p40"": -22.4, ""d1_flow_p50"": 4943366.0, ""d1_close_location_p30"": 0.43671497584541175, ""d1_upper_shadow_p70"": 0.23815384615384746, ""d3_rs_change_p40"": -2.0465804520160695, ""d3_rank_change_p40"": -73.39999999999999, ""d3_flow_acceleration_p50"": -16293412.410000004, ""d3_trend_eff_p50"": 0.8554216867469907, ""d3_max_drawdown_p30"": -2.645937542246859}",2026-06-25,58.4,-12.157534246575342,PROMOTION_LOSER,2026-07-09,-3.31125827814569,-3.31125827814569,-9.760273972602729,5.308219178082196,-12.328767123287665,1,P4_D1_A,DAY1,-3.31125827814569,-3.7709530022767446,-2.0507540764650223,0.26470588235294085,0.0,1.879175029407512,83.0,-1.0,81.11031002162942,1.3123302236496244,-26455200.0,0.0,True,1.0,0.0,C,False,False,True,False,True,True,True,False,False,False,False,REJECT_CONFIRMATION_SHADOW,,,,,,,,,,,,,,,,,,,,,,,,,,,,,,,,
2539,櫻花建,2026-06-24,,A,RANGE_NORMAL,,,,,,,,,,,,,,,,,,,,,,,,,,,,,,,,,,,,,,,,,,,,,,,,,,,,,,,,,,,,,,,,,,,,,,,,,,,,,,,,,,,,,,,39.1,0.127877237851659,NEUTRAL,2026-07-08,,2026-06-25,2026-06-25,True,RECONSTRUCTED_NOT_PRODUCTION_EXACT,VALIDATION,,,,,,,True,True,False,,"{""d0_fresh_rs_p40"": 1.0, ""d0_fresh_volume_p40"": 3.0, ""d0_rs_slope5_p70"": 6.708057106025629, ""d0_rank_change3_p50"": 114.0, ""d0_flow_buy_days5_p70"": 4.0, ""d0_trend_eff5_p50"": 0.5314861460957175, ""d0_close_progress3_p50"": 5.966850828729298, ""d1_market_excess_p70"": 0.033209940654632675, ""d1_rs_change_p40"": 0.04062997403032401, ""d1_rank_change_p40"": -22.4, ""d1_flow_p50"": 4943366.0, ""d1_close_location_p30"": 0.43671497584541175, ""d1_upper_shadow_p70"": 0.23815384615384746, ""d3_rs_change_p40"": -2.0465804520160695, ""d3_rank_change_p40"": -73.39999999999999, ""d3_flow_acceleration_p50"": -16293412.410000004, ""d3_trend_eff_p50"": 0.8554216867469907, ""d3_max_drawdown_p30"": -2.645937542246859}",2026-06-25,38.95,0.8985879332477298,PROMOTION_NEUTRAL,2026-07-09,-0.38363171355498826,-0.38363171355498826,0.5134788189987027,3.594351732991008,-3.0808729139923052,1,P4_D1_A,DAY1,-0.38363171355498826,-0.8433264376860428,-0.38363171355498826,0.2500000000000089,0.4166666666666657,0.3314192756584172,101.0,-15.0,89.90627253064167,4.408437032806177,939084.5000000007,0.0,True,1.0,0.0,C,False,False,True,False,True,True,True,False,False,False,False,REJECT_CONFIRMATION_SHADOW,,,,,,,,,,,,,,,,,,,,,,,,,,,,,,,,
4119,旭富,2026-06-24,,A,RANGE_NORMAL,,,,,,,,,,,,,,,,,,,,,,,,,,,,,,,,,,,,,,,,,,,,,,,,,,,,,,,,,,,,,,,,,,,,,,,,,,,,,,,,,,,,,,,44.25,1.1299435028248483,NEUTRAL,2026-07-08,,2026-06-25,2026-06-25,True,RECONSTRUCTED_NOT_PRODUCTION_EXACT,VALIDATION,,,,,,,True,True,False,,"{""d0_fresh_rs_p40"": 1.0, ""d0_fresh_volume_p40"": 3.0, ""d0_rs_slope5_p70"": 6.708057106025629, ""d0_rank_change3_p50"": 114.0, ""d0_flow_buy_days5_p70"": 4.0, ""d0_trend_eff5_p50"": 0.5314861460957175, ""d0_close_progress3_p50"": 5.966850828729298, ""d1_market_excess_p70"": 0.033209940654632675, ""d1_rs_change_p40"": 0.04062997403032401, ""d1_rank_change_p40"": -22.4, ""d1_flow_p50"": 4943366.0, ""d1_close_location_p30"": 0.43671497584541175, ""d1_upper_shadow_p70"": 0.23815384615384746, ""d3_rs_change_p40"": -2.0465804520160695, ""d3_rank_change_p40"": -73.39999999999999, ""d3_flow_acceleration_p50"": -16293412.410000004, ""d3_trend_eff_p50"": 0.8554216867469907, ""d3_max_drawdown_p30"": -2.645937542246859}",2026-06-25,44.65,1.903695408734607,PROMOTION_NEUTRAL,2026-07-09,0.9039548022598876,0.9039548022598876,0.22396416573349232,3.4714445688689866,-2.5755879059350506,1,P4_D1_A,DAY1,0.9039548022598876,0.44426007812883306,1.3206214689265638,0.44444444444444503,0.555555555555555,0.8415063153198616,111.0,-8.0,78.08219178082192,4.7777184763486105,134083.95,1.0,True,1.0,0.0,C,True,False,False,True,True,True,True,True,True,False,False,KEEP_RESERVE_SHADOW,,,,,,,,,,,,,,,,,,,,,,,,,,,,,,,,
6505,台塑化,2026-06-24,,A,RANGE_NORMAL,,,,,,,,,,,,,,,,,,,,,,,,,,,,,,,,,,,,,,,,,,,,,,,,,,,,,,,,,,,,,,,,,,,,,,,,,,,,,,,,,,,,,,,55.2,7.608695652173902,NEUTRAL,2026-07-08,,2026-06-25,2026-06-25,True,RECONSTRUCTED_NOT_PRODUCTION_EXACT,VALIDATION,,,,,,,True,True,False,,"{""d0_fresh_rs_p40"": 1.0, ""d0_fresh_volume_p40"": 3.0, ""d0_rs_slope5_p70"": 6.708057106025629, ""d0_rank_change3_p50"": 114.0, ""d0_flow_buy_days5_p70"": 4.0, ""d0_trend_eff5_p50"": 0.5314861460957175, ""d0_close_progress3_p50"": 5.966850828729298, ""d1_market_excess_p70"": 0.033209940654632675, ""d1_rs_change_p40"": 0.04062997403032401, ""d1_rank_change_p40"": -22.4, ""d1_flow_p50"": 4943366.0, ""d1_close_location_p30"": 0.43671497584541175, ""d1_upper_shadow_p70"": 0.23815384615384746, ""d3_rs_change_p40"": -2.0465804520160695, ""d3_rank_change_p40"": -73.39999999999999, ""d3_flow_acceleration_p50"": -16293412.410000004, ""d3_trend_eff_p50"": 0.8554216867469907, ""d3_max_drawdown_p30"": -2.645937542246859}",2026-06-25,55.9,5.187835420393561,PROMOTION_NEUTRAL,2026-07-09,1.26811594202898,1.26811594202898,6.261180679785339,9.838998211091244,-5.187835420393561,1,P4_D1_A,DAY1,1.26811594202898,0.8084212178979255,1.594913327649894,0.6190476190476173,0.3809523809523827,1.9690976542123693,74.0,35.0,84.13842826243692,0.1557442797529376,197548028.6,1.0,True,2.0,1.0,AC,False,False,False,True,True,True,True,True,True,False,False,KEEP_RESERVE_SHADOW,,,,,,,,,,,,,,,,,,,,,,,,,,,,,,,,
8464,億豐,2026-06-25,,A,RANGE_NORMAL,,,,,,,,,,,,,,,,,,,,,,,,,,,,,,,,,,,,,,,,,,,,,,,,,,,,,,,,,,,,,,,,,,,,,,,,,,,,,,,,,,,,,,,355.5,1.265822784810133,NEUTRAL,2026-07-09,,2026-06-26,2026-06-26,True,RECONSTRUCTED_NOT_PRODUCTION_EXACT,LOCKED_EVALUATION,,,,,,,True,True,False,,"{""d0_fresh_rs_p40"": 1.0, ""d0_fresh_volume_p40"": 3.0, ""d0_rs_slope5_p70"": 6.708057106025629, ""d0_rank_change3_p50"": 114.0, ""d0_flow_buy_days5_p70"": 4.0, ""d0_trend_eff5_p50"": 0.5314861460957175, ""d0_close_progress3_p50"": 5.966850828729298, ""d1_market_excess_p70"": 0.033209940654632675, ""d1_rs_change_p40"": 0.04062997403032401, ""d1_rank_change_p40"": -22.4, ""d1_flow_p50"": 4943366.0, ""d1_close_location_p30"": 0.43671497584541175, ""d1_upper_shadow_p70"": 0.23815384615384746, ""d3_rs_change_p40"": -2.0465804520160695, ""d3_rank_change_p40"": -73.39999999999999, ""d3_flow_acceleration_p50"": -16293412.410000004, ""d3_trend_eff_p50"": 0.8554216867469907, ""d3_max_drawdown_p30"": -2.645937542246859}",2026-06-26,350.5,4.992867332382311,PROMOTION_NEUTRAL,2026-07-13,-1.406469760900142,-1.406469760900142,2.710413694721825,8.559201141226813,-2.1398002853067033,1,P4_D1_A,DAY1,-1.406469760900142,2.233116309959693,0.10868175425137183,0.8571428571428571,0.14285714285714285,1.0194326654161432,71.0,-26.0,88.9689978370584,-0.14419610670512384,-2036054.5,0.0,True,1.0,0.0,A,False,False,False,True,False,True,True,False,False,True,False,KEEP_RESERVE_SHADOW,,,,,,,,,,,,,,,,,,,,,,,,,,,,,,,,
2458,義隆,2026-06-25,,A,RANGE_NORMAL,,,,,,,,,,,,,,,,,,,,,,,,,,,,,,,,,,,,,,,,,,,,,,,,,,,,,,,,,,,,,,,,,,,,,,,,,,,,,,,,,,,,,,,180.0,1.9444444444444375,NEUTRAL,2026-07-09,,2026-06-26,2026-06-26,True,RECONSTRUCTED_NOT_PRODUCTION_EXACT,LOCKED_EVALUATION,,,,,,,True,True,False,,"{""d0_fresh_rs_p40"": 1.0, ""d0_fresh_volume_p40"": 3.0, ""d0_rs_slope5_p70"": 6.708057106025629, ""d0_rank_change3_p50"": 114.0, ""d0_flow_buy_days5_p70"": 4.0, ""d0_trend_eff5_p50"": 0.5314861460957175, ""d0_close_progress3_p50"": 5.966850828729298, ""d1_market_excess_p70"": 0.033209940654632675, ""d1_rs_change_p40"": 0.04062997403032401, ""d1_rank_change_p40"": -22.4, ""d1_flow_p50"": 4943366.0, ""d1_close_location_p30"": 0.43671497584541175, ""d1_upper_shadow_p70"": 0.23815384615384746, ""d3_rs_change_p40"": -2.0465804520160695, ""d3_rank_change_p40"": -73.39999999999999, ""d3_flow_acceleration_p50"": -16293412.410000004, ""d3_trend_eff_p50"": 0.8554216867469907, ""d3_max_drawdown_p30"": -2.645937542246859}",2026-06-26,172.0,6.3953488372092915,PROMOTION_NEUTRAL,2026-07-13,-4.444444444444439,-4.444444444444439,6.686046511627897,14.244186046511631,0.29069767441860517,1,P4_D1_A,DAY1,-4.444444444444439,-0.8048583735846044,1.3266998341625262,0.16666666666666666,0.3333333333333333,2.12392239652707,99.0,-37.0,79.59625090122567,0.21629416005768576,107219640.0,0.0,True,1.0,0.0,A,False,False,True,False,True,True,True,True,True,False,False,REJECT_CONFIRMATION_SHADOW,,,,,,,,,,,,,,,,,,,,,,,,,,,,,,,,
6582,申豐,2026-06-25,,A,RANGE_NORMAL,,,,,,,,,,,,,,,,,,,,,,,,,,,,,,,,,,,,,,,,,,,,,,,,,,,,,,,,,,,,,,,,,,,,,,,,,,,,,,,,,,,,,,,32.9,-0.3039513677811634,NEUTRAL,2026-07-09,,2026-06-26,2026-06-26,True,RECONSTRUCTED_NOT_PRODUCTION_EXACT,LOCKED_EVALUATION,,,,,,,True,False,False,,"{""d0_fresh_rs_p40"": 1.0, ""d0_fresh_volume_p40"": 3.0, ""d0_rs_slope5_p70"": 6.708057106025629, ""d0_rank_change3_p50"": 114.0, ""d0_flow_buy_days5_p70"": 4.0, ""d0_trend_eff5_p50"": 0.5314861460957175, ""d0_close_progress3_p50"": 5.966850828729298, ""d1_market_excess_p70"": 0.033209940654632675, ""d1_rs_change_p40"": 0.04062997403032401, ""d1_rank_change_p40"": -22.4, ""d1_flow_p50"": 4943366.0, ""d1_close_location_p30"": 0.43671497584541175, ""d1_upper_shadow_p70"": 0.23815384615384746, ""d3_rs_change_p40"": -2.0465804520160695, ""d3_rank_change_p40"": -73.39999999999999, ""d3_flow_acceleration_p50"": -16293412.410000004, ""d3_trend_eff_p50"": 0.8554216867469907, ""d3_max_drawdown_p30"": -2.645937542246859}",2026-06-26,33.5,-2.686567164179099,PROMOTION_NEUTRAL,2026-07-13,1.823708206686936,1.823708206686936,-2.0895522388059806,1.4925373134328401,-3.731343283582089,1,P4_D1_A,DAY1,1.823708206686936,5.463294277546771,3.6336629578181623,0.22222222222222252,0.7777777777777775,3.8603489080835316,135.0,-22.0,85.29199711607787,9.444844989185299,770500.0,1.0,False,2.0,1.0,AC,True,False,False,True,True,True,True,True,True,False,False,KEEP_RESERVE_SHADOW,,,,,,,,,,,,,,,,,,,,,,,,,,,,,,,,
2107,厚生,2026-06-25,,A,RANGE_NORMAL,,,,,,,,,,,,,,,,,,,,,,,,,,,,,,,,,,,,,,,,,,,,,,,,,,,,,,,,,,,,,,,,,,,,,,,,,,,,,,,,,,,,,,,25.9,-1.1583011583011449,NEUTRAL,2026-07-09,,2026-06-26,2026-06-26,True,RECONSTRUCTED_NOT_PRODUCTION_EXACT,LOCKED_EVALUATION,,,,,,,True,True,False,,"{""d0_fresh_rs_p40"": 1.0, ""d0_fresh_volume_p40"": 3.0, ""d0_rs_slope5_p70"": 6.708057106025629, ""d0_rank_change3_p50"": 114.0, ""d0_flow_buy_days5_p70"": 4.0, ""d0_trend_eff5_p50"": 0.5314861460957175, ""d0_close_progress3_p50"": 5.966850828729298, ""d1_market_excess_p70"": 0.033209940654632675, ""d1_rs_change_p40"": 0.04062997403032401, ""d1_rank_change_p40"": -22.4, ""d1_flow_p50"": 4943366.0, ""d1_close_location_p30"": 0.43671497584541175, ""d1_upper_shadow_p70"": 0.23815384615384746, ""d3_rs_change_p40"": -2.0465804520160695, ""d3_rank_change_p40"": -73.39999999999999, ""d3_flow_acceleration_p50"": -16293412.410000004, ""d3_trend_eff_p50"": 0.8554216867469907, ""d3_max_drawdown_p30"": -2.645937542246859}",2026-06-26,25.4,1.9685039370078705,PROMOTION_NEUTRAL,2026-07-13,-1.9305019305019266,-1.9305019305019266,0.7874015748031704,2.755905511811041,-0.19685039370077595,1,P4_D1_A,DAY1,-1.9305019305019266,1.7090841403579082,-0.12054717937070025,0.0,0.0,1.230481267803175,126.0,-11.0,64.2393655371305,-0.5046863734679192,-3716528.0,0.0,False,1.0,0.0,A,False,False,False,True,False,True,True,False,False,False,False,KEEP_RESERVE_SHADOW,,,,,,,,,,,,,,,,,,,,,,,,,,,,,,,,
2345,智邦,2026-07-01,,A,RANGE_NORMAL,,,,,,,,,,,,,,,,,,,,,,,,,,,,,,,,,,,,,,,,,,,,,,,,,,,,,,,,,,,,,,,,,,,,,,,,,,,,,,,,,,,,,,,2660.0,-12.781954887218047,LOSER,2026-07-16,,2026-07-02,2026-07-02,True,RECONSTRUCTED_NOT_PRODUCTION_EXACT,LOCKED_EVALUATION,,,,,,,True,True,True,,"{""d0_fresh_rs_p40"": 1.0, ""d0_fresh_volume_p40"": 3.0, ""d0_rs_slope5_p70"": 6.708057106025629, ""d0_rank_change3_p50"": 114.0, ""d0_flow_buy_days5_p70"": 4.0, ""d0_trend_eff5_p50"": 0.5314861460957175, ""d0_close_progress3_p50"": 5.966850828729298, ""d1_market_excess_p70"": 0.033209940654632675, ""d1_rs_change_p40"": 0.04062997403032401, ""d1_rank_change_p40"": -22.4, ""d1_flow_p50"": 4943366.0, ""d1_close_location_p30"": 0.43671497584541175, ""d1_upper_shadow_p70"": 0.23815384615384746, ""d3_rs_change_p40"": -2.0465804520160695, ""d3_rank_change_p40"": -73.39999999999999, ""d3_flow_acceleration_p50"": -16293412.410000004, ""d3_trend_eff_p50"": 0.8554216867469907, ""d3_max_drawdown_p30"": -2.645937542246859}",2026-07-02,2750.0,-24.0,PROMOTION_LOSER,2026-07-17,3.383458646616533,3.383458646616533,-15.636363636363637,2.7272727272727337,-24.0,1,P4_D1_A,DAY1,3.383458646616533,3.967967161155006,2.6112645656983124,0.8235294117647058,0.17647058823529413,1.210183764368479,76.0,-38.0,82.9971181556196,-3.553857983209028,-53528750.0,0.0,True,2.0,0.0,AC,True,False,False,True,False,True,True,False,False,True,False,KEEP_RESERVE_SHADOW,,,,,,,,,,,,,,,,,,,,,,,,,,,,,,,,
9935,慶豐富,2026-07-01,,A,RANGE_NORMAL,,,,,,,,,,,,,,,,,,,,,,,,,,,,,,,,,,,,,,,,,,,,,,,,,,,,,,,,,,,,,,,,,,,,,,,,,,,,,,,,,,,,,,,19.7,-4.822335025380708,NEUTRAL,2026-07-16,,2026-07-02,2026-07-02,True,RECONSTRUCTED_NOT_PRODUCTION_EXACT,LOCKED_EVALUATION,,,,,,,True,True,False,,"{""d0_fresh_rs_p40"": 1.0, ""d0_fresh_volume_p40"": 3.0, ""d0_rs_slope5_p70"": 6.708057106025629, ""d0_rank_change3_p50"": 114.0, ""d0_flow_buy_days5_p70"": 4.0, ""d0_trend_eff5_p50"": 0.5314861460957175, ""d0_close_progress3_p50"": 5.966850828729298, ""d1_market_excess_p70"": 0.033209940654632675, ""d1_rs_change_p40"": 0.04062997403032401, ""d1_rank_change_p40"": -22.4, ""d1_flow_p50"": 4943366.0, ""d1_close_location_p30"": 0.43671497584541175, ""d1_upper_shadow_p70"": 0.23815384615384746, ""d3_rs_change_p40"": -2.0465804520160695, ""d3_rank_change_p40"": -73.39999999999999, ""d3_flow_acceleration_p50"": -16293412.410000004, ""d3_trend_eff_p50"": 0.8554216867469907, ""d3_max_drawdown_p30"": -2.645937542246859}",2026-07-02,20.05,-7.980049875311723,PROMOTION_LOSER,2026-07-17,1.7766497461928932,1.7766497461928932,-6.4837905236907805,3.7406483790523692,-8.977556109725693,1,P4_D1_A,DAY1,1.7766497461928932,2.3611582607313664,0.0,0.5000000000000022,0.3124999999999997,6.47423215824664,31.0,24.0,74.56772334293949,2.0442237044723868,19689100.0,1.0,True,1.0,0.0,A,True,True,False,True,True,True,True,True,True,False,False,KEEP_RESERVE_SHADOW,,,,,,,,,,,,,,,,,,,,,,,,,,,,,,,,
3605,宏致,2026-07-01,,A,RANGE_NORMAL,,,,,,,,,,,,,,,,,,,,,,,,,,,,,,,,,,,,,,,,,,,,,,,,,,,,,,,,,,,,,,,,,,,,,,,,,,,,,,,,,,,,,,,85.6,-0.8177570093457764,NEUTRAL,2026-07-16,,2026-07-02,2026-07-02,True,RECONSTRUCTED_NOT_PRODUCTION_EXACT,LOCKED_EVALUATION,,,,,,,True,True,True,,"{""d0_fresh_rs_p40"": 1.0, ""d0_fresh_volume_p40"": 3.0, ""d0_rs_slope5_p70"": 6.708057106025629, ""d0_rank_change3_p50"": 114.0, ""d0_flow_buy_days5_p70"": 4.0, ""d0_trend_eff5_p50"": 0.5314861460957175, ""d0_close_progress3_p50"": 5.966850828729298, ""d1_market_excess_p70"": 0.033209940654632675, ""d1_rs_change_p40"": 0.04062997403032401, ""d1_rank_change_p40"": -22.4, ""d1_flow_p50"": 4943366.0, ""d1_close_location_p30"": 0.43671497584541175, ""d1_upper_shadow_p70"": 0.23815384615384746, ""d3_rs_change_p40"": -2.0465804520160695, ""d3_rank_change_p40"": -73.39999999999999, ""d3_flow_acceleration_p50"": -16293412.410000004, ""d3_trend_eff_p50"": 0.8554216867469907, ""d3_max_drawdown_p30"": -2.645937542246859}",2026-07-02,90.1,-11.98668146503884,PROMOTION_LOSER,2026-07-17,5.257009345794383,5.257009345794383,-5.771365149833507,7.103218645948961,-12.65260821309655,1,P4_D1_A,DAY1,5.257009345794383,5.841517860332857,4.387444128403084,0.7840909090909084,0.21590909090909163,9.735871355978443,21.0,74.0,92.65129682997119,4.798802252964677,527264569.29999995,1.0,True,2.0,1.0,AC,True,False,False,True,True,True,True,True,True,True,True,PROMOTE_DAY1_SHADOW,,,,,,,,,,,,,,,,,,,,,,,,,,,,,,,,
00941,中信上游半導體,2026-06-15,,A,RANGE_NORMAL,,,,,,,,,,,,,,,,,,,,,,,,,,,,,,,,,,,,,,,,,,,,,,,,,,,,,,,,,,,,,,,,,,,,,,,,,,,,,,,,,,,,,,,28.58,4.163750874737593,NEUTRAL,2026-06-30,,2026-06-16,2026-06-16,True,RECONSTRUCTED_NOT_PRODUCTION_EXACT,DISCOVERY,,,,,,,True,True,True,,"{""d0_fresh_rs_p40"": 1.0, ""d0_fresh_volume_p40"": 3.0, ""d0_rs_slope5_p70"": 6.708057106025629, ""d0_rank_change3_p50"": 114.0, ""d0_flow_buy_days5_p70"": 4.0, ""d0_trend_eff5_p50"": 0.5314861460957175, ""d0_close_progress3_p50"": 5.966850828729298, ""d1_market_excess_p70"": 0.033209940654632675, ""d1_rs_change_p40"": 0.04062997403032401, ""d1_rank_change_p40"": -22.4, ""d1_flow_p50"": 4943366.0, ""d1_close_location_p30"": 0.43671497584541175, ""d1_upper_shadow_p70"": 0.23815384615384746, ""d3_rs_change_p40"": -2.0465804520160695, ""d3_rank_change_p40"": -73.39999999999999, ""d3_flow_acceleration_p50"": -16293412.410000004, ""d3_trend_eff_p50"": 0.8554216867469907, ""d3_max_drawdown_p30"": -2.645937542246859}",2026-06-16,28.55,6.900175131348507,PROMOTION_NEUTRAL,2026-07-01,-0.10496850944715641,-0.10496850944715641,4.273204903677752,7.53064798598948,-2.1716287215411634,1,P5_D1_B,DAY1,-0.10496850944715641,-1.0129582241837576,,0.5789473684210565,0.42105263157894346,1.0159843579316847,19.0,4.0,85.0,1.979768786127167,20813378.25,0.0,True,1.0,0.0,A,True,False,False,False,True,True,True,True,True,False,False,KEEP_RESERVE_SHADOW,,,,,,,,,,,,,,,,,,,,,,,,,,,,,,,,
00954,中信日本半導體,2026-06-15,,A,RANGE_NORMAL,,,,,,,,,,,,,,,,,,,,,,,,,,,,,,,,,,,,,,,,,,,,,,,,,,,,,,,,,,,,,,,,,,,,,,,,,,,,,,,,,,,,,,,21.08,6.166982922201147,NEUTRAL,2026-06-30,,2026-06-16,2026-06-16,True,RECONSTRUCTED_NOT_PRODUCTION_EXACT,DISCOVERY,,,,,,,True,True,True,,"{""d0_fresh_rs_p40"": 1.0, ""d0_fresh_volume_p40"": 3.0, ""d0_rs_slope5_p70"": 6.708057106025629, ""d0_rank_change3_p50"": 114.0, ""d0_flow_buy_days5_p70"": 4.0, ""d0_trend_eff5_p50"": 0.5314861460957175, ""d0_close_progress3_p50"": 5.966850828729298, ""d1_market_excess_p70"": 0.033209940654632675, ""d1_rs_change_p40"": 0.04062997403032401, ""d1_rank_change_p40"": -22.4, ""d1_flow_p50"": 4943366.0, ""d1_close_location_p30"": 0.43671497584541175, ""d1_upper_shadow_p70"": 0.23815384615384746, ""d3_rs_change_p40"": -2.0465804520160695, ""d3_rank_change_p40"": -73.39999999999999, ""d3_flow_acceleration_p50"": -16293412.410000004, ""d3_trend_eff_p50"": 0.8554216867469907, ""d3_max_drawdown_p30"": -2.645937542246859}",2026-06-16,21.02,9.752616555661287,PROMOTION_NEUTRAL,2026-07-01,-0.2846299810246644,-0.2846299810246644,6.470028544243567,11.322549952426254,-1.7126546146527089,1,P5_D1_B,DAY1,-0.2846299810246644,-1.1926196957612656,,0.5909090909090895,0.25,1.360075454315343,49.0,5.0,93.69565217391305,3.6667504398090074,9056109.659999996,0.0,True,1.0,0.0,A,True,False,False,False,True,True,True,True,True,False,False,KEEP_RESERVE_SHADOW,,,,,,,,,,,,,,,,,,,,,,,,,,,,,,,,
3044,健鼎,2026-06-15,,A,RANGE_NORMAL,,,,,,,,,,,,,,,,,,,,,,,,,,,,,,,,,,,,,,,,,,,,,,,,,,,,,,,,,,,,,,,,,,,,,,,,,,,,,,,,,,,,,,,520.0,-0.3846153846153832,NEUTRAL,2026-06-30,,2026-06-16,2026-06-16,True,RECONSTRUCTED_NOT_PRODUCTION_EXACT,DISCOVERY,,,,,,,True,True,False,,"{""d0_fresh_rs_p40"": 1.0, ""d0_fresh_volume_p40"": 3.0, ""d0_rs_slope5_p70"": 6.708057106025629, ""d0_rank_change3_p50"": 114.0, ""d0_flow_buy_days5_p70"": 4.0, ""d0_trend_eff5_p50"": 0.5314861460957175, ""d0_close_progress3_p50"": 5.966850828729298, ""d1_market_excess_p70"": 0.033209940654632675, ""d1_rs_change_p40"": 0.04062997403032401, ""d1_rank_change_p40"": -22.4, ""d1_flow_p50"": 4943366.0, ""d1_close_location_p30"": 0.43671497584541175, ""d1_upper_shadow_p70"": 0.23815384615384746, ""d3_rs_change_p40"": -2.0465804520160695, ""d3_rank_change_p40"": -73.39999999999999, ""d3_flow_acceleration_p50"": -16293412.410000004, ""d3_trend_eff_p50"": 0.8554216867469907, ""d3_max_drawdown_p30"": -2.645937542246859}",2026-06-16,546.0,-7.326007326007322,PROMOTION_LOSER,2026-07-01,5.000000000000004,5.000000000000004,-5.128205128205132,9.523809523809534,-8.791208791208794,1,P5_D1_B,DAY1,5.000000000000004,4.092010285263403,6.424501424501427,0.5862068965517241,0.41379310344827586,1.7236411320743463,73.0,44.0,84.56521739130434,11.516084443327472,1394131284.0,1.0,True,1.0,0.0,A,True,True,False,True,True,True,True,True,True,False,False,KEEP_RESERVE_SHADOW,,,,,,,,,,,,,,,,,,,,,,,,,,,,,,,,
00403A,主動統一升級50,2026-06-17,,A,RANGE_NORMAL,,,,,,,,,,,,,,,,,,,,,,,,,,,,,,,,,,,,,,,,,,,,,,,,,,,,,,,,,,,,,,,,,,,,,,,,,,,,,,,,,,,,,,,10.75,3.6279069767442,NEUTRAL,2026-07-02,,2026-06-18,2026-06-18,True,RECONSTRUCTED_NOT_PRODUCTION_EXACT,DISCOVERY,,,,,,,True,True,False,,"{""d0_fresh_rs_p40"": 1.0, ""d0_fresh_volume_p40"": 3.0, ""d0_rs_slope5_p70"": 6.708057106025629, ""d0_rank_change3_p50"": 114.0, ""d0_flow_buy_days5_p70"": 4.0, ""d0_trend_eff5_p50"": 0.5314861460957175, ""d0_close_progress3_p50"": 5.966850828729298, ""d1_market_excess_p70"": 0.033209940654632675, ""d1_rs_change_p40"": 0.04062997403032401, ""d1_rank_change_p40"": -22.4, ""d1_flow_p50"": 4943366.0, ""d1_close_location_p30"": 0.43671497584541175, ""d1_upper_shadow_p70"": 0.23815384615384746, ""d3_rs_change_p40"": -2.0465804520160695, ""d3_rank_change_p40"": -73.39999999999999, ""d3_flow_acceleration_p50"": -16293412.410000004, ""d3_trend_eff_p50"": 0.8554216867469907, ""d3_max_drawdown_p30"": -2.645937542246859}",2026-06-18,11.03,0.9972801450589319,PROMOTION_NEUTRAL,2026-07-03,2.6046511627906943,2.6046511627906943,0.9972801450589319,3.80779691749773,-4.805077062556662,1,P5_D1_B,DAY1,2.6046511627906943,1.3233882138740327,,1.0,0.0,1.2698034865866392,180.0,-72.0,72.72069464544138,2.7496382054992665,6026205259.15,1.0,False,1.0,0.0,A,True,True,False,True,True,False,True,True,True,True,True,PROMOTE_DAY1_SHADOW,,,,,,,,,,,,,,,,,,,,,,,,,,,,,,,,
1216,統一,2026-06-24,,A,RANGE_NORMAL,,,,,,,,,,,,,,,,,,,,,,,,,,,,,,,,,,,,,,,,,,,,,,,,,,,,,,,,,,,,,,,,,,,,,,,,,,,,,,,,,,,,,,,75.1,4.6604527296937315,NEUTRAL,2026-07-08,,2026-06-25,2026-06-25,True,RECONSTRUCTED_NOT_PRODUCTION_EXACT,VALIDATION,,,,,,,True,False,False,,"{""d0_fresh_rs_p40"": 1.0, ""d0_fresh_volume_p40"": 3.0, ""d0_rs_slope5_p70"": 6.708057106025629, ""d0_rank_change3_p50"": 114.0, ""d0_flow_buy_days5_p70"": 4.0, ""d0_trend_eff5_p50"": 0.5314861460957175, ""d0_close_progress3_p50"": 5.966850828729298, ""d1_market_excess_p70"": 0.033209940654632675, ""d1_rs_change_p40"": 0.04062997403032401, ""d1_rank_change_p40"": -22.4, ""d1_flow_p50"": 4943366.0, ""d1_close_location_p30"": 0.43671497584541175, ""d1_upper_shadow_p70"": 0.23815384615384746, ""d3_rs_change_p40"": -2.0465804520160695, ""d3_rank_change_p40"": -73.39999999999999, ""d3_flow_acceleration_p50"": -16293412.410000004, ""d3_trend_eff_p50"": 0.8554216867469907, ""d3_max_drawdown_p30"": -2.645937542246859}",2026-06-25,75.6,3.70370370370372,PROMOTION_NEUTRAL,2026-07-09,0.665778961384822,0.665778961384822,3.9682539682539764,4.497354497354511,-2.3809523809523725,1,P5_D1_B,DAY1,0.665778961384822,0.20608423725376745,0.38449941521401243,0.555555555555552,0.444444444444448,0.9766365583493134,66.0,8.0,75.41456380677722,5.645444037657455,393518941.2000001,1.0,True,1.0,0.0,A,False,False,False,True,True,True,True,True,True,False,False,KEEP_RESERVE_SHADOW,,,,,,,,,,,,,,,,,,,,,,,,,,,,,,,,
4119,旭富,2026-06-24,,A,RANGE_NORMAL,,,,,,,,,,,,,,,,,,,,,,,,,,,,,,,,,,,,,,,,,,,,,,,,,,,,,,,,,,,,,,,,,,,,,,,,,,,,,,,,,,,,,,,44.25,1.1299435028248483,NEUTRAL,2026-07-08,,2026-06-25,2026-06-25,True,RECONSTRUCTED_NOT_PRODUCTION_EXACT,VALIDATION,,,,,,,True,True,False,,"{""d0_fresh_rs_p40"": 1.0, ""d0_fresh_volume_p40"": 3.0, ""d0_rs_slope5_p70"": 6.708057106025629, ""d0_rank_change3_p50"": 114.0, ""d0_flow_buy_days5_p70"": 4.0, ""d0_trend_eff5_p50"": 0.5314861460957175, ""d0_close_progress3_p50"": 5.966850828729298, ""d1_market_excess_p70"": 0.033209940654632675, ""d1_rs_change_p40"": 0.04062997403032401, ""d1_rank_change_p40"": -22.4, ""d1_flow_p50"": 4943366.0, ""d1_close_location_p30"": 0.43671497584541175, ""d1_upper_shadow_p70"": 0.23815384615384746, ""d3_rs_change_p40"": -2.0465804520160695, ""d3_rank_change_p40"": -73.39999999999999, ""d3_flow_acceleration_p50"": -16293412.410000004, ""d3_trend_eff_p50"": 0.8554216867469907, ""d3_max_drawdown_p30"": -2.645937542246859}",2026-06-25,44.65,1.903695408734607,PROMOTION_NEUTRAL,2026-07-09,0.9039548022598876,0.9039548022598876,0.22396416573349232,3.4714445688689866,-2.5755879059350506,1,P5_D1_B,DAY1,0.9039548022598876,0.44426007812883306,1.3206214689265638,0.44444444444444503,0.555555555555555,0.8415063153198616,111.0,-8.0,78.08219178082192,4.7777184763486105,134083.95,1.0,True,1.0,0.0,C,True,False,False,True,True,True,True,True,True,False,False,KEEP_RESERVE_SHADOW,,,,,,,,,,,,,,,,,,,,,,,,,,,,,,,,
6505,台塑化,2026-06-24,,A,RANGE_NORMAL,,,,,,,,,,,,,,,,,,,,,,,,,,,,,,,,,,,,,,,,,,,,,,,,,,,,,,,,,,,,,,,,,,,,,,,,,,,,,,,,,,,,,,,55.2,7.608695652173902,NEUTRAL,2026-07-08,,2026-06-25,2026-06-25,True,RECONSTRUCTED_NOT_PRODUCTION_EXACT,VALIDATION,,,,,,,True,True,False,,"{""d0_fresh_rs_p40"": 1.0, ""d0_fresh_volume_p40"": 3.0, ""d0_rs_slope5_p70"": 6.708057106025629, ""d0_rank_change3_p50"": 114.0, ""d0_flow_buy_days5_p70"": 4.0, ""d0_trend_eff5_p50"": 0.5314861460957175, ""d0_close_progress3_p50"": 5.966850828729298, ""d1_market_excess_p70"": 0.033209940654632675, ""d1_rs_change_p40"": 0.04062997403032401, ""d1_rank_change_p40"": -22.4, ""d1_flow_p50"": 4943366.0, ""d1_close_location_p30"": 0.43671497584541175, ""d1_upper_shadow_p70"": 0.23815384615384746, ""d3_rs_change_p40"": -2.0465804520160695, ""d3_rank_change_p40"": -73.39999999999999, ""d3_flow_acceleration_p50"": -16293412.410000004, ""d3_trend_eff_p50"": 0.8554216867469907, ""d3_max_drawdown_p30"": -2.645937542246859}",2026-06-25,55.9,5.187835420393561,PROMOTION_NEUTRAL,2026-07-09,1.26811594202898,1.26811594202898,6.261180679785339,9.838998211091244,-5.187835420393561,1,P5_D1_B,DAY1,1.26811594202898,0.8084212178979255,1.594913327649894,0.6190476190476173,0.3809523809523827,1.9690976542123693,74.0,35.0,84.13842826243692,0.1557442797529376,197548028.6,1.0,True,2.0,1.0,AC,False,False,False,True,True,True,True,True,True,False,False,KEEP_RESERVE_SHADOW,,,,,,,,,,,,,,,,,,,,,,,,,,,,,,,,
2458,義隆,2026-06-25,,A,RANGE_NORMAL,,,,,,,,,,,,,,,,,,,,,,,,,,,,,,,,,,,,,,,,,,,,,,,,,,,,,,,,,,,,,,,,,,,,,,,,,,,,,,,,,,,,,,,180.0,1.9444444444444375,NEUTRAL,2026-07-09,,2026-06-26,2026-06-26,True,RECONSTRUCTED_NOT_PRODUCTION_EXACT,LOCKED_EVALUATION,,,,,,,True,True,False,,"{""d0_fresh_rs_p40"": 1.0, ""d0_fresh_volume_p40"": 3.0, ""d0_rs_slope5_p70"": 6.708057106025629, ""d0_rank_change3_p50"": 114.0, ""d0_flow_buy_days5_p70"": 4.0, ""d0_trend_eff5_p50"": 0.5314861460957175, ""d0_close_progress3_p50"": 5.966850828729298, ""d1_market_excess_p70"": 0.033209940654632675, ""d1_rs_change_p40"": 0.04062997403032401, ""d1_rank_change_p40"": -22.4, ""d1_flow_p50"": 4943366.0, ""d1_close_location_p30"": 0.43671497584541175, ""d1_upper_shadow_p70"": 0.23815384615384746, ""d3_rs_change_p40"": -2.0465804520160695, ""d3_rank_change_p40"": -73.39999999999999, ""d3_flow_acceleration_p50"": -16293412.410000004, ""d3_trend_eff_p50"": 0.8554216867469907, ""d3_max_drawdown_p30"": -2.645937542246859}",2026-06-26,172.0,6.3953488372092915,PROMOTION_NEUTRAL,2026-07-13,-4.444444444444439,-4.444444444444439,6.686046511627897,14.244186046511631,0.29069767441860517,1,P5_D1_B,DAY1,-4.444444444444439,-0.8048583735846044,1.3266998341625262,0.16666666666666666,0.3333333333333333,2.12392239652707,99.0,-37.0,79.59625090122567,0.21629416005768576,107219640.0,0.0,True,1.0,0.0,A,False,False,True,False,True,True,True,True,True,False,False,REJECT_CONFIRMATION_SHADOW,,,,,,,,,,,,,,,,,,,,,,,,,,,,,,,,
6582,申豐,2026-06-25,,A,RANGE_NORMAL,,,,,,,,,,,,,,,,,,,,,,,,,,,,,,,,,,,,,,,,,,,,,,,,,,,,,,,,,,,,,,,,,,,,,,,,,,,,,,,,,,,,,,,32.9,-0.3039513677811634,NEUTRAL,2026-07-09,,2026-06-26,2026-06-26,True,RECONSTRUCTED_NOT_PRODUCTION_EXACT,LOCKED_EVALUATION,,,,,,,True,False,False,,"{""d0_fresh_rs_p40"": 1.0, ""d0_fresh_volume_p40"": 3.0, ""d0_rs_slope5_p70"": 6.708057106025629, ""d0_rank_change3_p50"": 114.0, ""d0_flow_buy_days5_p70"": 4.0, ""d0_trend_eff5_p50"": 0.5314861460957175, ""d0_close_progress3_p50"": 5.966850828729298, ""d1_market_excess_p70"": 0.033209940654632675, ""d1_rs_change_p40"": 0.04062997403032401, ""d1_rank_change_p40"": -22.4, ""d1_flow_p50"": 4943366.0, ""d1_close_location_p30"": 0.43671497584541175, ""d1_upper_shadow_p70"": 0.23815384615384746, ""d3_rs_change_p40"": -2.0465804520160695, ""d3_rank_change_p40"": -73.39999999999999, ""d3_flow_acceleration_p50"": -16293412.410000004, ""d3_trend_eff_p50"": 0.8554216867469907, ""d3_max_drawdown_p30"": -2.645937542246859}",2026-06-26,33.5,-2.686567164179099,PROMOTION_NEUTRAL,2026-07-13,1.823708206686936,1.823708206686936,-2.0895522388059806,1.4925373134328401,-3.731343283582089,1,P5_D1_B,DAY1,1.823708206686936,5.463294277546771,3.6336629578181623,0.22222222222222252,0.7777777777777775,3.8603489080835316,135.0,-22.0,85.29199711607787,9.444844989185299,770500.0,1.0,False,2.0,1.0,AC,True,False,False,True,True,True,True,True,True,False,False,KEEP_RESERVE_SHADOW,,,,,,,,,,,,,,,,,,,,,,,,,,,,,,,,
9935,慶豐富,2026-07-01,,A,RANGE_NORMAL,,,,,,,,,,,,,,,,,,,,,,,,,,,,,,,,,,,,,,,,,,,,,,,,,,,,,,,,,,,,,,,,,,,,,,,,,,,,,,,,,,,,,,,19.7,-4.822335025380708,NEUTRAL,2026-07-16,,2026-07-02,2026-07-02,True,RECONSTRUCTED_NOT_PRODUCTION_EXACT,LOCKED_EVALUATION,,,,,,,True,True,False,,"{""d0_fresh_rs_p40"": 1.0, ""d0_fresh_volume_p40"": 3.0, ""d0_rs_slope5_p70"": 6.708057106025629, ""d0_rank_change3_p50"": 114.0, ""d0_flow_buy_days5_p70"": 4.0, ""d0_trend_eff5_p50"": 0.5314861460957175, ""d0_close_progress3_p50"": 5.966850828729298, ""d1_market_excess_p70"": 0.033209940654632675, ""d1_rs_change_p40"": 0.04062997403032401, ""d1_rank_change_p40"": -22.4, ""d1_flow_p50"": 4943366.0, ""d1_close_location_p30"": 0.43671497584541175, ""d1_upper_shadow_p70"": 0.23815384615384746, ""d3_rs_change_p40"": -2.0465804520160695, ""d3_rank_change_p40"": -73.39999999999999, ""d3_flow_acceleration_p50"": -16293412.410000004, ""d3_trend_eff_p50"": 0.8554216867469907, ""d3_max_drawdown_p30"": -2.645937542246859}",2026-07-02,20.05,-7.980049875311723,PROMOTION_LOSER,2026-07-17,1.7766497461928932,1.7766497461928932,-6.4837905236907805,3.7406483790523692,-8.977556109725693,1,P5_D1_B,DAY1,1.7766497461928932,2.3611582607313664,0.0,0.5000000000000022,0.3124999999999997,6.47423215824664,31.0,24.0,74.56772334293949,2.0442237044723868,19689100.0,1.0,True,1.0,0.0,A,True,True,False,True,True,True,True,True,True,False,False,KEEP_RESERVE_SHADOW,,,,,,,,,,,,,,,,,,,,,,,,,,,,,,,,
3605,宏致,2026-07-01,,A,RANGE_NORMAL,,,,,,,,,,,,,,,,,,,,,,,,,,,,,,,,,,,,,,,,,,,,,,,,,,,,,,,,,,,,,,,,,,,,,,,,,,,,,,,,,,,,,,,85.6,-0.8177570093457764,NEUTRAL,2026-07-16,,2026-07-02,2026-07-02,True,RECONSTRUCTED_NOT_PRODUCTION_EXACT,LOCKED_EVALUATION,,,,,,,True,True,True,,"{""d0_fresh_rs_p40"": 1.0, ""d0_fresh_volume_p40"": 3.0, ""d0_rs_slope5_p70"": 6.708057106025629, ""d0_rank_change3_p50"": 114.0, ""d0_flow_buy_days5_p70"": 4.0, ""d0_trend_eff5_p50"": 0.5314861460957175, ""d0_close_progress3_p50"": 5.966850828729298, ""d1_market_excess_p70"": 0.033209940654632675, ""d1_rs_change_p40"": 0.04062997403032401, ""d1_rank_change_p40"": -22.4, ""d1_flow_p50"": 4943366.0, ""d1_close_location_p30"": 0.43671497584541175, ""d1_upper_shadow_p70"": 0.23815384615384746, ""d3_rs_change_p40"": -2.0465804520160695, ""d3_rank_change_p40"": -73.39999999999999, ""d3_flow_acceleration_p50"": -16293412.410000004, ""d3_trend_eff_p50"": 0.8554216867469907, ""d3_max_drawdown_p30"": -2.645937542246859}",2026-07-02,90.1,-11.98668146503884,PROMOTION_LOSER,2026-07-17,5.257009345794383,5.257009345794383,-5.771365149833507,7.103218645948961,-12.65260821309655,1,P5_D1_B,DAY1,5.257009345794383,5.841517860332857,4.387444128403084,0.7840909090909084,0.21590909090909163,9.735871355978443,21.0,74.0,92.65129682997119,4.798802252964677,527264569.29999995,1.0,True,2.0,1.0,AC,True,False,False,True,True,True,True,True,True,True,True,PROMOTE_DAY1_SHADOW,,,,,,,,,,,,,,,,,,,,,,,,,,,,,,,,
00403A,主動統一升級50,2026-06-17,,A,RANGE_NORMAL,,,,,,,,,,,,,,,,,,,,,,,,,,,,,,,,,,,,,,,,,,,,,,,,,,,,,,,,,,,,,,,,,,,,,,,,,,,,,,,,,,,,,,,10.75,3.6279069767442,NEUTRAL,2026-07-02,,2026-06-18,2026-06-18,True,RECONSTRUCTED_NOT_PRODUCTION_EXACT,DISCOVERY,,,,,,,True,True,False,,"{""d0_fresh_rs_p40"": 1.0, ""d0_fresh_volume_p40"": 3.0, ""d0_rs_slope5_p70"": 6.708057106025629, ""d0_rank_change3_p50"": 114.0, ""d0_flow_buy_days5_p70"": 4.0, ""d0_trend_eff5_p50"": 0.5314861460957175, ""d0_close_progress3_p50"": 5.966850828729298, ""d1_market_excess_p70"": 0.033209940654632675, ""d1_rs_change_p40"": 0.04062997403032401, ""d1_rank_change_p40"": -22.4, ""d1_flow_p50"": 4943366.0, ""d1_close_location_p30"": 0.43671497584541175, ""d1_upper_shadow_p70"": 0.23815384615384746, ""d3_rs_change_p40"": -2.0465804520160695, ""d3_rank_change_p40"": -73.39999999999999, ""d3_flow_acceleration_p50"": -16293412.410000004, ""d3_trend_eff_p50"": 0.8554216867469907, ""d3_max_drawdown_p30"": -2.645937542246859}",2026-06-18,11.03,0.9972801450589319,PROMOTION_NEUTRAL,2026-07-03,2.6046511627906943,2.6046511627906943,0.9972801450589319,3.80779691749773,-4.805077062556662,1,P6_D1_C,DAY1,2.6046511627906943,1.3233882138740327,,1.0,0.0,1.2698034865866392,180.0,-72.0,72.72069464544138,2.7496382054992665,6026205259.15,1.0,False,1.0,0.0,A,True,True,False,True,True,False,True,True,True,True,True,PROMOTE_DAY1_SHADOW,,,,,,,,,,,,,,,,,,,,,,,,,,,,,,,,
3605,宏致,2026-07-01,,A,RANGE_NORMAL,,,,,,,,,,,,,,,,,,,,,,,,,,,,,,,,,,,,,,,,,,,,,,,,,,,,,,,,,,,,,,,,,,,,,,,,,,,,,,,,,,,,,,,85.6,-0.8177570093457764,NEUTRAL,2026-07-16,,2026-07-02,2026-07-02,True,RECONSTRUCTED_NOT_PRODUCTION_EXACT,LOCKED_EVALUATION,,,,,,,True,True,True,,"{""d0_fresh_rs_p40"": 1.0, ""d0_fresh_volume_p40"": 3.0, ""d0_rs_slope5_p70"": 6.708057106025629, ""d0_rank_change3_p50"": 114.0, ""d0_flow_buy_days5_p70"": 4.0, ""d0_trend_eff5_p50"": 0.5314861460957175, ""d0_close_progress3_p50"": 5.966850828729298, ""d1_market_excess_p70"": 0.033209940654632675, ""d1_rs_change_p40"": 0.04062997403032401, ""d1_rank_change_p40"": -22.4, ""d1_flow_p50"": 4943366.0, ""d1_close_location_p30"": 0.43671497584541175, ""d1_upper_shadow_p70"": 0.23815384615384746, ""d3_rs_change_p40"": -2.0465804520160695, ""d3_rank_change_p40"": -73.39999999999999, ""d3_flow_acceleration_p50"": -16293412.410000004, ""d3_trend_eff_p50"": 0.8554216867469907, ""d3_max_drawdown_p30"": -2.645937542246859}",2026-07-02,90.1,-11.98668146503884,PROMOTION_LOSER,2026-07-17,5.257009345794383,5.257009345794383,-5.771365149833507,7.103218645948961,-12.65260821309655,1,P6_D1_C,DAY1,5.257009345794383,5.841517860332857,4.387444128403084,0.7840909090909084,0.21590909090909163,9.735871355978443,21.0,74.0,92.65129682997119,4.798802252964677,527264569.29999995,1.0,True,2.0,1.0,AC,True,False,False,True,True,True,True,True,True,True,True,PROMOTE_DAY1_SHADOW,,,,,,,,,,,,,,,,,,,,,,,,,,,,,,,,
00954,中信日本半導體,2026-06-15,,A,RANGE_NORMAL,,,,,,,,,,,,,,,,,,,,,,,,,,,,,,,,,,,,,,,,,,,,,,,,,,,,,,,,,,,,,,,,,,,,,,,,,,,,,,,,,,,,,,,21.08,6.166982922201147,NEUTRAL,2026-06-30,,2026-06-18,2026-06-18,True,RECONSTRUCTED_NOT_PRODUCTION_EXACT,DISCOVERY,,,,,,,True,True,True,,"{""d0_fresh_rs_p40"": 1.0, ""d0_fresh_volume_p40"": 3.0, ""d0_rs_slope5_p70"": 6.708057106025629, ""d0_rank_change3_p50"": 114.0, ""d0_flow_buy_days5_p70"": 4.0, ""d0_trend_eff5_p50"": 0.5314861460957175, ""d0_close_progress3_p50"": 5.966850828729298, ""d1_market_excess_p70"": 0.033209940654632675, ""d1_rs_change_p40"": 0.04062997403032401, ""d1_rank_change_p40"": -22.4, ""d1_flow_p50"": 4943366.0, ""d1_close_location_p30"": 0.43671497584541175, ""d1_upper_shadow_p70"": 0.23815384615384746, ""d3_rs_change_p40"": -2.0465804520160695, ""d3_rank_change_p40"": -73.39999999999999, ""d3_flow_acceleration_p50"": -16293412.410000004, ""d3_trend_eff_p50"": 0.8554216867469907, ""d3_max_drawdown_p30"": -2.645937542246859}",2026-06-18,21.84,0.9157509157509125,PROMOTION_NEUTRAL,2026-07-03,3.6053130929791344,3.6053130929791344,2.4725274725274637,7.14285714285714,-5.402930402930406,3,P7_D3_A,DAY3,,,,,,,,,,,,,,,,,,,,,,,,,,,,,3.6053130929791344,1.2522716248113186,,2.0,2.0,12.0,42.0,1.9392603498322813,91.96816208393632,1.0,2.0,-9431718.180000007,-60344600.5,1.0,1.0,0.8636363636363664,-0.2846299810246644,True,1.0,A,True,True,True,True,True,True,True,True,False,False,REJECT_CONFIRMATION_SHADOW,
00951,台新日本半導體,2026-06-15,,A,RANGE_NORMAL,,,,,,,,,,,,,,,,,,,,,,,,,,,,,,,,,,,,,,,,,,,,,,,,,,,,,,,,,,,,,,,,,,,,,,,,,,,,,,,,,,,,,,,19.75,6.278481012658221,NEUTRAL,2026-06-30,,2026-06-18,2026-06-18,True,RECONSTRUCTED_NOT_PRODUCTION_EXACT,DISCOVERY,,,,,,,True,True,True,,"{""d0_fresh_rs_p40"": 1.0, ""d0_fresh_volume_p40"": 3.0, ""d0_rs_slope5_p70"": 6.708057106025629, ""d0_rank_change3_p50"": 114.0, ""d0_flow_buy_days5_p70"": 4.0, ""d0_trend_eff5_p50"": 0.5314861460957175, ""d0_close_progress3_p50"": 5.966850828729298, ""d1_market_excess_p70"": 0.033209940654632675, ""d1_rs_change_p40"": 0.04062997403032401, ""d1_rank_change_p40"": -22.4, ""d1_flow_p50"": 4943366.0, ""d1_close_location_p30"": 0.43671497584541175, ""d1_upper_shadow_p70"": 0.23815384615384746, ""d3_rs_change_p40"": -2.0465804520160695, ""d3_rank_change_p40"": -73.39999999999999, ""d3_flow_acceleration_p50"": -16293412.410000004, ""d3_trend_eff_p50"": 0.8554216867469907, ""d3_max_drawdown_p30"": -2.645937542246859}",2026-06-18,20.46,0.782013685239491,PROMOTION_NEUTRAL,2026-07-03,3.594936708860774,3.594936708860774,2.590420332355814,7.1847507331378235,-5.229716520039107,3,P7_D3_A,DAY3,,,,,,,,,,,,,,,,,,,,,,,,,,,,,3.594936708860774,1.2418952406929584,,2.0,2.0,-50.0,108.0,2.372577231623765,91.8234442836469,1.0,0.0,-19503259.300000004,-76815946.31,0.0,1.0,0.8554216867469907,-0.30379746835442756,True,1.0,A,True,False,True,True,True,True,False,False,False,False,REJECT_CONFIRMATION_SHADOW,
5471,松翰,2026-06-15,,A,RANGE_NORMAL,,,,,,,,,,,,,,,,,,,,,,,,,,,,,,,,,,,,,,,,,,,,,,,,,,,,,,,,,,,,,,,,,,,,,,,,,,,,,,,,,,,,,,,57.4,7.317073170731714,NEUTRAL,2026-06-30,,2026-06-18,2026-06-18,True,RECONSTRUCTED_NOT_PRODUCTION_EXACT,DISCOVERY,,,,,,,True,True,True,,"{""d0_fresh_rs_p40"": 1.0, ""d0_fresh_volume_p40"": 3.0, ""d0_rs_slope5_p70"": 6.708057106025629, ""d0_rank_change3_p50"": 114.0, ""d0_flow_buy_days5_p70"": 4.0, ""d0_trend_eff5_p50"": 0.5314861460957175, ""d0_close_progress3_p50"": 5.966850828729298, ""d1_market_excess_p70"": 0.033209940654632675, ""d1_rs_change_p40"": 0.04062997403032401, ""d1_rank_change_p40"": -22.4, ""d1_flow_p50"": 4943366.0, ""d1_close_location_p30"": 0.43671497584541175, ""d1_upper_shadow_p70"": 0.23815384615384746, ""d3_rs_change_p40"": -2.0465804520160695, ""d3_rank_change_p40"": -73.39999999999999, ""d3_flow_acceleration_p50"": -16293412.410000004, ""d3_trend_eff_p50"": 0.8554216867469907, ""d3_max_drawdown_p30"": -2.645937542246859}",2026-06-18,60.9,2.6272577996715896,PROMOTION_NEUTRAL,2026-07-03,6.0975609756097615,6.0975609756097615,1.1494252873563315,9.688013136288998,-5.582922824302128,3,P7_D3_A,DAY3,,,,,,,,,,,,,,,,,,,,,,,,,,,,,6.0975609756097615,3.7445195074419457,1.9029301031265433,2.0,1.0,,,4.31204671122525,83.93632416787266,1.0,0.0,-288236967.0,-540838856.5,2.0,1.0,0.5072463768115938,-2.715654952076685,False,0.0,,True,False,True,True,False,True,False,False,False,False,REJECT_CONFIRMATION_SHADOW,
3041,揚智,2026-06-15,,A,RANGE_NORMAL,,,,,,,,,,,,,,,,,,,,,,,,,,,,,,,,,,,,,,,,,,,,,,,,,,,,,,,,,,,,,,,,,,,,,,,,,,,,,,,,,,,,,,,27.0,5.9259259259259345,NEUTRAL,2026-06-30,,2026-06-18,2026-06-18,True,RECONSTRUCTED_NOT_PRODUCTION_EXACT,DISCOVERY,,,,,,,True,True,True,,"{""d0_fresh_rs_p40"": 1.0, ""d0_fresh_volume_p40"": 3.0, ""d0_rs_slope5_p70"": 6.708057106025629, ""d0_rank_change3_p50"": 114.0, ""d0_flow_buy_days5_p70"": 4.0, ""d0_trend_eff5_p50"": 0.5314861460957175, ""d0_close_progress3_p50"": 5.966850828729298, ""d1_market_excess_p70"": 0.033209940654632675, ""d1_rs_change_p40"": 0.04062997403032401, ""d1_rank_change_p40"": -22.4, ""d1_flow_p50"": 4943366.0, ""d1_close_location_p30"": 0.43671497584541175, ""d1_upper_shadow_p70"": 0.23815384615384746, ""d3_rs_change_p40"": -2.0465804520160695, ""d3_rank_change_p40"": -73.39999999999999, ""d3_flow_acceleration_p50"": -16293412.410000004, ""d3_trend_eff_p50"": 0.8554216867469907, ""d3_max_drawdown_p30"": -2.645937542246859}",2026-06-18,28.15,2.3090586145648295,PROMOTION_NEUTRAL,2026-07-03,4.2592592592592515,4.2592592592592515,1.598579040852588,15.452930728241565,-5.150976909413851,3,P7_D3_A,DAY3,,,,,,,,,,,,,,,,,,,,,,,,,,,,,4.2592592592592515,1.9062177910914357,0.06462838677603333,1.0,1.0,,,-1.6193963678341703,79.37771345875542,2.0,2.0,18557681.9,-45642704.050000004,1.0,2.0,0.28395061728395,-2.931034482758621,False,0.0,,True,False,True,True,False,True,True,True,False,False,REJECT_CONFIRMATION_SHADOW,
3044,健鼎,2026-06-15,,A,RANGE_NORMAL,,,,,,,,,,,,,,,,,,,,,,,,,,,,,,,,,,,,,,,,,,,,,,,,,,,,,,,,,,,,,,,,,,,,,,,,,,,,,,,,,,,,,,,520.0,-0.3846153846153832,NEUTRAL,2026-06-30,,2026-06-18,2026-06-18,True,RECONSTRUCTED_NOT_PRODUCTION_EXACT,DISCOVERY,,,,,,,True,True,False,,"{""d0_fresh_rs_p40"": 1.0, ""d0_fresh_volume_p40"": 3.0, ""d0_rs_slope5_p70"": 6.708057106025629, ""d0_rank_change3_p50"": 114.0, ""d0_flow_buy_days5_p70"": 4.0, ""d0_trend_eff5_p50"": 0.5314861460957175, ""d0_close_progress3_p50"": 5.966850828729298, ""d1_market_excess_p70"": 0.033209940654632675, ""d1_rs_change_p40"": 0.04062997403032401, ""d1_rank_change_p40"": -22.4, ""d1_flow_p50"": 4943366.0, ""d1_close_location_p30"": 0.43671497584541175, ""d1_upper_shadow_p70"": 0.23815384615384746, ""d3_rs_change_p40"": -2.0465804520160695, ""d3_rank_change_p40"": -73.39999999999999, ""d3_flow_acceleration_p50"": -16293412.410000004, ""d3_trend_eff_p50"": 0.8554216867469907, ""d3_max_drawdown_p30"": -2.645937542246859}",2026-06-18,573.0,-9.24956369982548,PROMOTION_LOSER,2026-07-03,10.1923076923077,10.1923076923077,-9.598603839441534,4.363001745200701,-13.089005235602091,3,P7_D3_A,DAY3,,,,,,,,,,,,,,,,,,,,,,,,,,,,,10.1923076923077,7.839266224139885,7.54079254079254,3.0,2.0,79.0,38.0,12.26201032264541,85.31114327062228,2.0,3.0,2266821775.0,911163738.0,3.0,0.0,1.0,0.0,True,2.0,AC,True,True,True,True,True,True,True,True,True,True,PROMOTE_DAY3_SHADOW,
2340,台亞,2026-06-16,,A,RANGE_NORMAL,,,,,,,,,,,,,,,,,,,,,,,,,,,,,,,,,,,,,,,,,,,,,,,,,,,,,,,,,,,,,,,,,,,,,,,,,,,,,,,,,,,,,,,39.1,-10.10230179028133,LOSER,2026-07-01,,2026-06-22,2026-06-22,True,RECONSTRUCTED_NOT_PRODUCTION_EXACT,DISCOVERY,,,,,,,True,True,False,,"{""d0_fresh_rs_p40"": 1.0, ""d0_fresh_volume_p40"": 3.0, ""d0_rs_slope5_p70"": 6.708057106025629, ""d0_rank_change3_p50"": 114.0, ""d0_flow_buy_days5_p70"": 4.0, ""d0_trend_eff5_p50"": 0.5314861460957175, ""d0_close_progress3_p50"": 5.966850828729298, ""d1_market_excess_p70"": 0.033209940654632675, ""d1_rs_change_p40"": 0.04062997403032401, ""d1_rank_change_p40"": -22.4, ""d1_flow_p50"": 4943366.0, ""d1_close_location_p30"": 0.43671497584541175, ""d1_upper_shadow_p70"": 0.23815384615384746, ""d3_rs_change_p40"": -2.0465804520160695, ""d3_rank_change_p40"": -73.39999999999999, ""d3_flow_acceleration_p50"": -16293412.410000004, ""d3_trend_eff_p50"": 0.8554216867469907, ""d3_max_drawdown_p30"": -2.645937542246859}",2026-06-22,42.8,-8.99532710280373,PROMOTION_LOSER,2026-07-06,9.462915601023013,9.462915601023013,-17.873831775700932,7.009345794392519,-18.224299065420556,3,P7_D3_A,DAY3,,,,,,,,,,,,,,,,,,,,,,,,,,,,,9.462915601023013,5.244722701301362,9.462915601023013,2.0,2.0,87.0,29.0,-5.704232721184525,74.36823104693141,1.0,2.0,336687941.4,68645985.89999998,2.0,1.0,0.7551020408163259,-1.534526854219953,True,1.0,C,True,False,True,False,True,True,True,True,False,False,REJECT_CONFIRMATION_SHADOW,
2460,建通,2026-06-17,,A,RANGE_NORMAL,,,,,,,,,,,,,,,,,,,,,,,,,,,,,,,,,,,,,,,,,,,,,,,,,,,,,,,,,,,,,,,,,,,,,,,,,,,,,,,,,,,,,,,35.5,2.8169014084507005,NEUTRAL,2026-07-02,,2026-06-23,2026-06-23,True,RECONSTRUCTED_NOT_PRODUCTION_EXACT,DISCOVERY,,,,,,,True,True,True,,"{""d0_fresh_rs_p40"": 1.0, ""d0_fresh_volume_p40"": 3.0, ""d0_rs_slope5_p70"": 6.708057106025629, ""d0_rank_change3_p50"": 114.0, ""d0_flow_buy_days5_p70"": 4.0, ""d0_trend_eff5_p50"": 0.5314861460957175, ""d0_close_progress3_p50"": 5.966850828729298, ""d1_market_excess_p70"": 0.033209940654632675, ""d1_rs_change_p40"": 0.04062997403032401, ""d1_rank_change_p40"": -22.4, ""d1_flow_p50"": 4943366.0, ""d1_close_location_p30"": 0.43671497584541175, ""d1_upper_shadow_p70"": 0.23815384615384746, ""d3_rs_change_p40"": -2.0465804520160695, ""d3_rank_change_p40"": -73.39999999999999, ""d3_flow_acceleration_p50"": -16293412.410000004, ""d3_trend_eff_p50"": 0.8554216867469907, ""d3_max_drawdown_p30"": -2.645937542246859}",2026-06-23,36.8,-0.6793478260869512,PROMOTION_NEUTRAL,2026-07-07,3.6619718309859106,3.6619718309859106,-0.8152173913043348,14.130434782608713,-4.891304347826075,3,P7_D3_A,DAY3,,,,,,,,,,,,,,,,,,,,,,,,,,,,,3.6619718309859106,0.9956039316786347,3.6619718309859106,2.0,1.0,,,7.425505833610032,84.48773448773449,1.0,2.0,28295949.99999999,6471997.199999984,2.0,1.0,0.4814814814814799,-1.9718309859155014,False,0.0,,True,False,True,True,False,True,True,True,False,False,REJECT_CONFIRMATION_SHADOW,
6243,迅杰,2026-06-23,,A,RANGE_NORMAL,,,,,,,,,,,,,,,,,,,,,,,,,,,,,,,,,,,,,,,,,,,,,,,,,,,,,,,,,,,,,,,,,,,,,,,,,,,,,,,,,,,,,,,41.5,-5.421686746987953,NEUTRAL,2026-07-07,,2026-06-26,2026-06-26,True,RECONSTRUCTED_NOT_PRODUCTION_EXACT,VALIDATION,,,,,,,True,False,False,,"{""d0_fresh_rs_p40"": 1.0, ""d0_fresh_volume_p40"": 3.0, ""d0_rs_slope5_p70"": 6.708057106025629, ""d0_rank_change3_p50"": 114.0, ""d0_flow_buy_days5_p70"": 4.0, ""d0_trend_eff5_p50"": 0.5314861460957175, ""d0_close_progress3_p50"": 5.966850828729298, ""d1_market_excess_p70"": 0.033209940654632675, ""d1_rs_change_p40"": 0.04062997403032401, ""d1_rank_change_p40"": -22.4, ""d1_flow_p50"": 4943366.0, ""d1_close_location_p30"": 0.43671497584541175, ""d1_upper_shadow_p70"": 0.23815384615384746, ""d3_rs_change_p40"": -2.0465804520160695, ""d3_rank_change_p40"": -73.39999999999999, ""d3_flow_acceleration_p50"": -16293412.410000004, ""d3_trend_eff_p50"": 0.8554216867469907, ""d3_max_drawdown_p30"": -2.645937542246859}",2026-06-26,43.0,-16.162790697674424,PROMOTION_LOSER,2026-07-13,3.6144578313253017,3.6144578313253017,-8.720930232558144,-0.5813953488372103,-16.162790697674424,3,P7_D3_A,DAY3,,,,,,,,,,,,,,,,,,,,,,,,,,,,,3.6144578313253017,8.983576941146499,10.048281360737066,1.0,2.0,-10.0,69.0,7.3624284871581125,95.67411679884643,2.0,1.0,7878046.949999999,-165440.0,1.0,2.0,0.22058823529411775,-5.805038335158819,True,1.0,C,True,False,True,True,True,True,True,True,False,False,REJECT_CONFIRMATION_SHADOW,
8438,昶昕,2026-06-23,,A,RANGE_NORMAL,,,,,,,,,,,,,,,,,,,,,,,,,,,,,,,,,,,,,,,,,,,,,,,,,,,,,,,,,,,,,,,,,,,,,,,,,,,,,,,,,,,,,,,101.0,-3.861386138613865,NEUTRAL,2026-07-07,,2026-06-26,2026-06-26,True,RECONSTRUCTED_NOT_PRODUCTION_EXACT,VALIDATION,,,,,,,True,True,True,,"{""d0_fresh_rs_p40"": 1.0, ""d0_fresh_volume_p40"": 3.0, ""d0_rs_slope5_p70"": 6.708057106025629, ""d0_rank_change3_p50"": 114.0, ""d0_flow_buy_days5_p70"": 4.0, ""d0_trend_eff5_p50"": 0.5314861460957175, ""d0_close_progress3_p50"": 5.966850828729298, ""d1_market_excess_p70"": 0.033209940654632675, ""d1_rs_change_p40"": 0.04062997403032401, ""d1_rank_change_p40"": -22.4, ""d1_flow_p50"": 4943366.0, ""d1_close_location_p30"": 0.43671497584541175, ""d1_upper_shadow_p70"": 0.23815384615384746, ""d3_rs_change_p40"": -2.0465804520160695, ""d3_rank_change_p40"": -73.39999999999999, ""d3_flow_acceleration_p50"": -16293412.410000004, ""d3_trend_eff_p50"": 0.8554216867469907, ""d3_max_drawdown_p30"": -2.645937542246859}",2026-06-26,92.7,-0.9708737864077777,PROMOTION_NEUTRAL,2026-07-13,-8.217821782178214,-8.217821782178214,4.746494066882412,19.201725997842487,-1.8338727076591232,3,P7_D3_A,DAY3,,,,,,,,,,,,,,,,,,,,,,,,,,,,,-8.217821782178214,-2.8487026723570175,-2.7889401317981903,0.0,1.0,-26.0,125.0,1.0950997252367074,82.1917808219178,2.0,1.0,4348917.899999991,-21364534.700000007,0.0,2.0,1.0,-8.217821782178214,False,1.0,A,True,False,False,True,True,True,False,False,False,False,REJECT_CONFIRMATION_SHADOW,
1216,統一,2026-06-24,,A,RANGE_NORMAL,,,,,,,,,,,,,,,,,,,,,,,,,,,,,,,,,,,,,,,,,,,,,,,,,,,,,,,,,,,,,,,,,,,,,,,,,,,,,,,,,,,,,,,75.1,4.6604527296937315,NEUTRAL,2026-07-08,,2026-06-29,2026-06-29,True,RECONSTRUCTED_NOT_PRODUCTION_EXACT,VALIDATION,,,,,,,True,False,False,,"{""d0_fresh_rs_p40"": 1.0, ""d0_fresh_volume_p40"": 3.0, ""d0_rs_slope5_p70"": 6.708057106025629, ""d0_rank_change3_p50"": 114.0, ""d0_flow_buy_days5_p70"": 4.0, ""d0_trend_eff5_p50"": 0.5314861460957175, ""d0_close_progress3_p50"": 5.966850828729298, ""d1_market_excess_p70"": 0.033209940654632675, ""d1_rs_change_p40"": 0.04062997403032401, ""d1_rank_change_p40"": -22.4, ""d1_flow_p50"": 4943366.0, ""d1_close_location_p30"": 0.43671497584541175, ""d1_upper_shadow_p70"": 0.23815384615384746, ""d3_rs_change_p40"": -2.0465804520160695, ""d3_rank_change_p40"": -73.39999999999999, ""d3_flow_acceleration_p50"": -16293412.410000004, ""d3_trend_eff_p50"": 0.8554216867469907, ""d3_max_drawdown_p30"": -2.645937542246859}",2026-06-29,75.7,3.6988110964332854,PROMOTION_NEUTRAL,2026-07-14,0.7989347536617952,0.7989347536617952,3.830911492734468,4.887714663143994,-2.5099075297225992,3,P7_D3_A,DAY3,,,,,,,,,,,,,,,,,,,,,,,,,,,,,0.7989347536617952,3.0656992985714004,1.0816328559490218,2.0,3.0,,,7.896586282753432,77.6657060518732,3.0,2.0,634672026.6000001,310080046.3000001,0.0,0.0,0.23076923076923328,-1.3227513227513255,False,0.0,,False,False,True,True,False,True,True,True,False,False,REJECT_CONFIRMATION_SHADOW,
1315,達新,2026-06-24,,A,RANGE_NORMAL,,,,,,,,,,,,,,,,,,,,,,,,,,,,,,,,,,,,,,,,,,,,,,,,,,,,,,,,,,,,,,,,,,,,,,,,,,,,,,,,,,,,,,,62.3,2.4077046548956593,NEUTRAL,2026-07-08,,2026-06-29,2026-06-29,True,RECONSTRUCTED_NOT_PRODUCTION_EXACT,VALIDATION,,,,,,,True,False,False,,"{""d0_fresh_rs_p40"": 1.0, ""d0_fresh_volume_p40"": 3.0, ""d0_rs_slope5_p70"": 6.708057106025629, ""d0_rank_change3_p50"": 114.0, ""d0_flow_buy_days5_p70"": 4.0, ""d0_trend_eff5_p50"": 0.5314861460957175, ""d0_close_progress3_p50"": 5.966850828729298, ""d1_market_excess_p70"": 0.033209940654632675, ""d1_rs_change_p40"": 0.04062997403032401, ""d1_rank_change_p40"": -22.4, ""d1_flow_p50"": 4943366.0, ""d1_close_location_p30"": 0.43671497584541175, ""d1_upper_shadow_p70"": 0.23815384615384746, ""d3_rs_change_p40"": -2.0465804520160695, ""d3_rank_change_p40"": -73.39999999999999, ""d3_flow_acceleration_p50"": -16293412.410000004, ""d3_trend_eff_p50"": 0.8554216867469907, ""d3_max_drawdown_p30"": -2.645937542246859}",2026-06-29,62.1,2.7375201288244666,PROMOTION_NEUTRAL,2026-07-14,-0.32102728731941976,-0.32102728731941976,2.7375201288244666,5.152979066022545,-0.48309178743961567,3,P7_D3_A,DAY3,,,,,,,,,,,,,,,,,,,,,,,,,,,,,-0.32102728731941976,1.9457372575901855,1.5941827348619597,1.0,1.0,-58.0,154.0,2.5135047469341387,58.14121037463977,2.0,2.0,-310200.0,-561200.0,1.0,0.0,0.4999999999999911,-0.48154093097912964,False,1.0,A,False,False,True,True,True,True,True,True,False,False,REJECT_CONFIRMATION_SHADOW,
4119,旭富,2026-06-24,,A,RANGE_NORMAL,,,,,,,,,,,,,,,,,,,,,,,,,,,,,,,,,,,,,,,,,,,,,,,,,,,,,,,,,,,,,,,,,,,,,,,,,,,,,,,,,,,,,,,44.25,1.1299435028248483,NEUTRAL,2026-07-08,,2026-06-29,2026-06-29,True,RECONSTRUCTED_NOT_PRODUCTION_EXACT,VALIDATION,,,,,,,True,True,False,,"{""d0_fresh_rs_p40"": 1.0, ""d0_fresh_volume_p40"": 3.0, ""d0_rs_slope5_p70"": 6.708057106025629, ""d0_rank_change3_p50"": 114.0, ""d0_flow_buy_days5_p70"": 4.0, ""d0_trend_eff5_p50"": 0.5314861460957175, ""d0_close_progress3_p50"": 5.966850828729298, ""d1_market_excess_p70"": 0.033209940654632675, ""d1_rs_change_p40"": 0.04062997403032401, ""d1_rank_change_p40"": -22.4, ""d1_flow_p50"": 4943366.0, ""d1_close_location_p30"": 0.43671497584541175, ""d1_upper_shadow_p70"": 0.23815384615384746, ""d3_rs_change_p40"": -2.0465804520160695, ""d3_rank_change_p40"": -73.39999999999999, ""d3_flow_acceleration_p50"": -16293412.410000004, ""d3_trend_eff_p50"": 0.8554216867469907, ""d3_max_drawdown_p30"": -2.645937542246859}",2026-06-29,44.25,0.7909604519773961,PROMOTION_NEUTRAL,2026-07-14,0.0,0.0,1.1299435028248483,5.084745762711873,-1.6949152542372836,3,P7_D3_A,DAY3,,,,,,,,,,,,,,,,,,,,,,,,,,,,,0.0,2.266764544909605,-0.3053435114503955,1.0,2.0,,,11.421751479388362,84.72622478386167,2.0,1.0,-2579975.8,-3943685.9000000004,0.0,0.0,0.0,-0.8958566629339249,False,0.0,,True,False,True,True,False,True,True,True,False,False,REJECT_CONFIRMATION_SHADOW,
2458,義隆,2026-06-25,,A,RANGE_NORMAL,,,,,,,,,,,,,,,,,,,,,,,,,,,,,,,,,,,,,,,,,,,,,,,,,,,,,,,,,,,,,,,,,,,,,,,,,,,,,,,,,,,,,,,180.0,1.9444444444444375,NEUTRAL,2026-07-09,,2026-06-30,2026-06-30,True,RECONSTRUCTED_NOT_PRODUCTION_EXACT,LOCKED_EVALUATION,,,,,,,True,True,False,,"{""d0_fresh_rs_p40"": 1.0, ""d0_fresh_volume_p40"": 3.0, ""d0_rs_slope5_p70"": 6.708057106025629, ""d0_rank_change3_p50"": 114.0, ""d0_flow_buy_days5_p70"": 4.0, ""d0_trend_eff5_p50"": 0.5314861460957175, ""d0_close_progress3_p50"": 5.966850828729298, ""d1_market_excess_p70"": 0.033209940654632675, ""d1_rs_change_p40"": 0.04062997403032401, ""d1_rank_change_p40"": -22.4, ""d1_flow_p50"": 4943366.0, ""d1_close_location_p30"": 0.43671497584541175, ""d1_upper_shadow_p70"": 0.23815384615384746, ""d3_rs_change_p40"": -2.0465804520160695, ""d3_rank_change_p40"": -73.39999999999999, ""d3_flow_acceleration_p50"": -16293412.410000004, ""d3_trend_eff_p50"": 0.8554216867469907, ""d3_max_drawdown_p30"": -2.645937542246859}",2026-06-30,189.0,-5.555555555555558,PROMOTION_NEUTRAL,2026-07-15,5.000000000000004,5.000000000000004,-2.910052910052907,3.9682539682539764,-8.201058201058197,3,P7_D3_A,DAY3,,,,,,,,,,,,,,,,,,,,,,,,,,,,,5.000000000000004,5.279643871853712,7.8391167192429005,2.0,2.0,,,10.605634036929999,89.98559077809799,3.0,2.0,294108546.0,-55346020.0,2.0,1.0,0.36,-4.444444444444439,False,0.0,,True,False,True,True,False,True,True,True,False,False,REJECT_CONFIRMATION_SHADOW,
00674R,期元大S&P黃金反1,2026-06-25,,A,RANGE_NORMAL,,,,,,,,,,,,,,,,,,,,,,,,,,,,,,,,,,,,,,,,,,,,,,,,,,,,,,,,,,,,,,,,,,,,,,,,,,,,,,,,,,,,,,,30.82,-1.9792342634652793,NEUTRAL,2026-07-09,,2026-06-30,2026-06-30,True,RECONSTRUCTED_NOT_PRODUCTION_EXACT,LOCKED_EVALUATION,,,,,,,True,False,False,,"{""d0_fresh_rs_p40"": 1.0, ""d0_fresh_volume_p40"": 3.0, ""d0_rs_slope5_p70"": 6.708057106025629, ""d0_rank_change3_p50"": 114.0, ""d0_flow_buy_days5_p70"": 4.0, ""d0_trend_eff5_p50"": 0.5314861460957175, ""d0_close_progress3_p50"": 5.966850828729298, ""d1_market_excess_p70"": 0.033209940654632675, ""d1_rs_change_p40"": 0.04062997403032401, ""d1_rank_change_p40"": -22.4, ""d1_flow_p50"": 4943366.0, ""d1_close_location_p30"": 0.43671497584541175, ""d1_upper_shadow_p70"": 0.23815384615384746, ""d3_rs_change_p40"": -2.0465804520160695, ""d3_rank_change_p40"": -73.39999999999999, ""d3_flow_acceleration_p50"": -16293412.410000004, ""d3_trend_eff_p50"": 0.8554216867469907, ""d3_max_drawdown_p30"": -2.645937542246859}",2026-06-30,30.88,-1.1010362694300557,PROMOTION_NEUTRAL,2026-07-15,0.1946787800129801,0.1946787800129801,-2.169689119170981,0.2590673575129543,-5.148963730569944,3,P7_D3_A,DAY3,,,,,,,,,,,,,,,,,,,,,,,,,,,,,0.1946787800129801,0.47432265186668765,,1.0,1.0,81.0,11.0,4.188855344709722,90.05763688760807,2.0,1.0,4922596.3100000005,19300670.130000003,0.0,0.0,0.05882352941176348,-1.5574302401038298,True,1.0,A,True,True,True,True,True,True,True,True,False,False,REJECT_CONFIRMATION_SHADOW,
1313,聯成,2026-06-25,,A,RANGE_NORMAL,,,,,,,,,,,,,,,,,,,,,,,,,,,,,,,,,,,,,,,,,,,,,,,,,,,,,,,,,,,,,,,,,,,,,,,,,,,,,,,,,,,,,,,12.55,-0.3984063745020028,NEUTRAL,2026-07-09,,2026-06-30,2026-06-30,True,RECONSTRUCTED_NOT_PRODUCTION_EXACT,LOCKED_EVALUATION,,,,,,,True,False,False,,"{""d0_fresh_rs_p40"": 1.0, ""d0_fresh_volume_p40"": 3.0, ""d0_rs_slope5_p70"": 6.708057106025629, ""d0_rank_change3_p50"": 114.0, ""d0_flow_buy_days5_p70"": 4.0, ""d0_trend_eff5_p50"": 0.5314861460957175, ""d0_close_progress3_p50"": 5.966850828729298, ""d1_market_excess_p70"": 0.033209940654632675, ""d1_rs_change_p40"": 0.04062997403032401, ""d1_rank_change_p40"": -22.4, ""d1_flow_p50"": 4943366.0, ""d1_close_location_p30"": 0.43671497584541175, ""d1_upper_shadow_p70"": 0.23815384615384746, ""d3_rs_change_p40"": -2.0465804520160695, ""d3_rank_change_p40"": -73.39999999999999, ""d3_flow_acceleration_p50"": -16293412.410000004, ""d3_trend_eff_p50"": 0.8554216867469907, ""d3_max_drawdown_p30"": -2.645937542246859}",2026-06-30,12.45,1.6064257028112428,PROMOTION_NEUTRAL,2026-07-15,-0.7968127490039945,-0.7968127490039945,0.40160642570281624,16.465863453815267,-2.8112449799196804,3,P7_D3_A,DAY3,,,,,,,,,,,,,,,,,,,,,,,,,,,,,-0.7968127490039945,-0.5171688771502869,-0.3113758558001001,1.0,1.0,17.0,77.0,-1.8676408561176316,90.4178674351585,0.0,1.0,-33063082.749999996,30026358.49999999,0.0,1.0,0.16666666666666863,-2.788844621513953,True,1.0,A,True,False,False,True,True,True,True,True,False,False,REJECT_CONFIRMATION_SHADOW,
6582,申豐,2026-06-25,,A,RANGE_NORMAL,,,,,,,,,,,,,,,,,,,,,,,,,,,,,,,,,,,,,,,,,,,,,,,,,,,,,,,,,,,,,,,,,,,,,,,,,,,,,,,,,,,,,,,32.9,-0.3039513677811634,NEUTRAL,2026-07-09,,2026-06-30,2026-06-30,True,RECONSTRUCTED_NOT_PRODUCTION_EXACT,LOCKED_EVALUATION,,,,,,,True,False,False,,"{""d0_fresh_rs_p40"": 1.0, ""d0_fresh_volume_p40"": 3.0, ""d0_rs_slope5_p70"": 6.708057106025629, ""d0_rank_change3_p50"": 114.0, ""d0_flow_buy_days5_p70"": 4.0, ""d0_trend_eff5_p50"": 0.5314861460957175, ""d0_close_progress3_p50"": 5.966850828729298, ""d1_market_excess_p70"": 0.033209940654632675, ""d1_rs_change_p40"": 0.04062997403032401, ""d1_rank_change_p40"": -22.4, ""d1_flow_p50"": 4943366.0, ""d1_close_location_p30"": 0.43671497584541175, ""d1_upper_shadow_p70"": 0.23815384615384746, ""d3_rs_change_p40"": -2.0465804520160695, ""d3_rank_change_p40"": -73.39999999999999, ""d3_flow_acceleration_p50"": -16293412.410000004, ""d3_trend_eff_p50"": 0.8554216867469907, ""d3_max_drawdown_p30"": -2.645937542246859}",2026-06-30,33.0,-0.7575757575757569,PROMOTION_NEUTRAL,2026-07-15,0.3039513677811634,0.3039513677811634,-0.60606060606061,3.0303030303030276,-3.9393939393939426,3,P7_D3_A,DAY3,,,,,,,,,,,,,,,,,,,,,,,,,,,,,0.3039513677811634,0.5835952396348709,0.7893882609850578,1.0,1.0,-34.0,147.0,1.0980928298797608,76.94524495677233,1.0,2.0,371900.0,-2024024.9999999995,1.0,0.0,0.09090909090909208,-1.4925373134328401,False,1.0,A,True,False,True,True,True,True,True,True,False,False,REJECT_CONFIRMATION_SHADOW,
3605,宏致,2026-07-01,,A,RANGE_NORMAL,,,,,,,,,,,,,,,,,,,,,,,,,,,,,,,,,,,,,,,,,,,,,,,,,,,,,,,,,,,,,,,,,,,,,,,,,,,,,,,,,,,,,,,85.6,-0.8177570093457764,NEUTRAL,2026-07-16,,2026-07-06,2026-07-06,True,RECONSTRUCTED_NOT_PRODUCTION_EXACT,LOCKED_EVALUATION,,,,,,,True,True,True,,"{""d0_fresh_rs_p40"": 1.0, ""d0_fresh_volume_p40"": 3.0, ""d0_rs_slope5_p70"": 6.708057106025629, ""d0_rank_change3_p50"": 114.0, ""d0_flow_buy_days5_p70"": 4.0, ""d0_trend_eff5_p50"": 0.5314861460957175, ""d0_close_progress3_p50"": 5.966850828729298, ""d1_market_excess_p70"": 0.033209940654632675, ""d1_rs_change_p40"": 0.04062997403032401, ""d1_rank_change_p40"": -22.4, ""d1_flow_p50"": 4943366.0, ""d1_close_location_p30"": 0.43671497584541175, ""d1_upper_shadow_p70"": 0.23815384615384746, ""d3_rs_change_p40"": -2.0465804520160695, ""d3_rank_change_p40"": -73.39999999999999, ""d3_flow_acceleration_p50"": -16293412.410000004, ""d3_trend_eff_p50"": 0.8554216867469907, ""d3_max_drawdown_p30"": -2.645937542246859}",2026-07-06,87.7,-3.762827822120862,PROMOTION_NEUTRAL,2026-07-21,2.453271028037385,2.453271028037385,-3.192702394526792,10.034207525655647,-17.331812998859753,3,P7_D3_A,DAY3,,,,,,,,,,,,,,,,,,,,,,,,,,,,,2.453271028037385,3.4371288267693423,0.3027333936287846,1.0,1.0,,,3.5678370740389056,91.42033165104542,2.0,2.0,465491440.3,54717273.30000001,1.0,2.0,0.30434782608695815,-2.663706992230841,False,0.0,,True,False,True,True,False,True,True,True,False,False,REJECT_CONFIRMATION_SHADOW,
2429,銘旺科,2026-07-01,,A,RANGE_NORMAL,,,,,,,,,,,,,,,,,,,,,,,,,,,,,,,,,,,,,,,,,,,,,,,,,,,,,,,,,,,,,,,,,,,,,,,,,,,,,,,,,,,,,,,48.0,-1.5625,NEUTRAL,2026-07-16,,2026-07-06,2026-07-06,True,RECONSTRUCTED_NOT_PRODUCTION_EXACT,LOCKED_EVALUATION,,,,,,,True,True,True,,"{""d0_fresh_rs_p40"": 1.0, ""d0_fresh_volume_p40"": 3.0, ""d0_rs_slope5_p70"": 6.708057106025629, ""d0_rank_change3_p50"": 114.0, ""d0_flow_buy_days5_p70"": 4.0, ""d0_trend_eff5_p50"": 0.5314861460957175, ""d0_close_progress3_p50"": 5.966850828729298, ""d1_market_excess_p70"": 0.033209940654632675, ""d1_rs_change_p40"": 0.04062997403032401, ""d1_rank_change_p40"": -22.4, ""d1_flow_p50"": 4943366.0, ""d1_close_location_p30"": 0.43671497584541175, ""d1_upper_shadow_p70"": 0.23815384615384746, ""d3_rs_change_p40"": -2.0465804520160695, ""d3_rank_change_p40"": -73.39999999999999, ""d3_flow_acceleration_p50"": -16293412.410000004, ""d3_trend_eff_p50"": 0.8554216867469907, ""d3_max_drawdown_p30"": -2.645937542246859}",2026-07-06,49.05,-12.33435270132517,PROMOTION_LOSER,2026-07-21,2.1874999999999867,2.1874999999999867,-3.669724770642191,4.383282364933749,-18.654434250764528,3,P7_D3_A,DAY3,,,,,,,,,,,,,,,,,,,,,,,,,,,,,2.1874999999999867,3.171357798731944,0.0,2.0,2.0,30.0,66.0,8.503868949406765,84.78731074260995,1.0,2.0,3884919.9499999993,-19147001.05,2.0,1.0,0.12426035502958542,-7.708333333333339,True,1.0,C,True,True,True,True,True,True,True,True,False,False,REJECT_CONFIRMATION_SHADOW,
00954,中信日本半導體,2026-06-15,,A,RANGE_NORMAL,,,,,,,,,,,,,,,,,,,,,,,,,,,,,,,,,,,,,,,,,,,,,,,,,,,,,,,,,,,,,,,,,,,,,,,,,,,,,,,,,,,,,,,21.08,6.166982922201147,NEUTRAL,2026-06-30,,2026-06-18,2026-06-18,True,RECONSTRUCTED_NOT_PRODUCTION_EXACT,DISCOVERY,,,,,,,True,True,True,,"{""d0_fresh_rs_p40"": 1.0, ""d0_fresh_volume_p40"": 3.0, ""d0_rs_slope5_p70"": 6.708057106025629, ""d0_rank_change3_p50"": 114.0, ""d0_flow_buy_days5_p70"": 4.0, ""d0_trend_eff5_p50"": 0.5314861460957175, ""d0_close_progress3_p50"": 5.966850828729298, ""d1_market_excess_p70"": 0.033209940654632675, ""d1_rs_change_p40"": 0.04062997403032401, ""d1_rank_change_p40"": -22.4, ""d1_flow_p50"": 4943366.0, ""d1_close_location_p30"": 0.43671497584541175, ""d1_upper_shadow_p70"": 0.23815384615384746, ""d3_rs_change_p40"": -2.0465804520160695, ""d3_rank_change_p40"": -73.39999999999999, ""d3_flow_acceleration_p50"": -16293412.410000004, ""d3_trend_eff_p50"": 0.8554216867469907, ""d3_max_drawdown_p30"": -2.645937542246859}",2026-06-18,21.84,0.9157509157509125,PROMOTION_NEUTRAL,2026-07-03,3.6053130929791344,3.6053130929791344,2.4725274725274637,7.14285714285714,-5.402930402930406,3,P8_D3_B,DAY3,,,,,,,,,,,,,,,,,,,,,,,,,,,,,3.6053130929791344,1.2522716248113186,,2.0,2.0,12.0,42.0,1.9392603498322813,91.96816208393632,1.0,2.0,-9431718.180000007,-60344600.5,1.0,1.0,0.8636363636363664,-0.2846299810246644,True,1.0,A,True,True,True,True,True,True,True,True,False,False,REJECT_CONFIRMATION_SHADOW,
3041,揚智,2026-06-15,,A,RANGE_NORMAL,,,,,,,,,,,,,,,,,,,,,,,,,,,,,,,,,,,,,,,,,,,,,,,,,,,,,,,,,,,,,,,,,,,,,,,,,,,,,,,,,,,,,,,27.0,5.9259259259259345,NEUTRAL,2026-06-30,,2026-06-18,2026-06-18,True,RECONSTRUCTED_NOT_PRODUCTION_EXACT,DISCOVERY,,,,,,,True,True,True,,"{""d0_fresh_rs_p40"": 1.0, ""d0_fresh_volume_p40"": 3.0, ""d0_rs_slope5_p70"": 6.708057106025629, ""d0_rank_change3_p50"": 114.0, ""d0_flow_buy_days5_p70"": 4.0, ""d0_trend_eff5_p50"": 0.5314861460957175, ""d0_close_progress3_p50"": 5.966850828729298, ""d1_market_excess_p70"": 0.033209940654632675, ""d1_rs_change_p40"": 0.04062997403032401, ""d1_rank_change_p40"": -22.4, ""d1_flow_p50"": 4943366.0, ""d1_close_location_p30"": 0.43671497584541175, ""d1_upper_shadow_p70"": 0.23815384615384746, ""d3_rs_change_p40"": -2.0465804520160695, ""d3_rank_change_p40"": -73.39999999999999, ""d3_flow_acceleration_p50"": -16293412.410000004, ""d3_trend_eff_p50"": 0.8554216867469907, ""d3_max_drawdown_p30"": -2.645937542246859}",2026-06-18,28.15,2.3090586145648295,PROMOTION_NEUTRAL,2026-07-03,4.2592592592592515,4.2592592592592515,1.598579040852588,15.452930728241565,-5.150976909413851,3,P8_D3_B,DAY3,,,,,,,,,,,,,,,,,,,,,,,,,,,,,4.2592592592592515,1.9062177910914357,0.06462838677603333,1.0,1.0,,,-1.6193963678341703,79.37771345875542,2.0,2.0,18557681.9,-45642704.050000004,1.0,2.0,0.28395061728395,-2.931034482758621,False,0.0,,True,False,True,True,False,True,True,True,False,False,REJECT_CONFIRMATION_SHADOW,
3044,健鼎,2026-06-15,,A,RANGE_NORMAL,,,,,,,,,,,,,,,,,,,,,,,,,,,,,,,,,,,,,,,,,,,,,,,,,,,,,,,,,,,,,,,,,,,,,,,,,,,,,,,,,,,,,,,520.0,-0.3846153846153832,NEUTRAL,2026-06-30,,2026-06-18,2026-06-18,True,RECONSTRUCTED_NOT_PRODUCTION_EXACT,DISCOVERY,,,,,,,True,True,False,,"{""d0_fresh_rs_p40"": 1.0, ""d0_fresh_volume_p40"": 3.0, ""d0_rs_slope5_p70"": 6.708057106025629, ""d0_rank_change3_p50"": 114.0, ""d0_flow_buy_days5_p70"": 4.0, ""d0_trend_eff5_p50"": 0.5314861460957175, ""d0_close_progress3_p50"": 5.966850828729298, ""d1_market_excess_p70"": 0.033209940654632675, ""d1_rs_change_p40"": 0.04062997403032401, ""d1_rank_change_p40"": -22.4, ""d1_flow_p50"": 4943366.0, ""d1_close_location_p30"": 0.43671497584541175, ""d1_upper_shadow_p70"": 0.23815384615384746, ""d3_rs_change_p40"": -2.0465804520160695, ""d3_rank_change_p40"": -73.39999999999999, ""d3_flow_acceleration_p50"": -16293412.410000004, ""d3_trend_eff_p50"": 0.8554216867469907, ""d3_max_drawdown_p30"": -2.645937542246859}",2026-06-18,573.0,-9.24956369982548,PROMOTION_LOSER,2026-07-03,10.1923076923077,10.1923076923077,-9.598603839441534,4.363001745200701,-13.089005235602091,3,P8_D3_B,DAY3,,,,,,,,,,,,,,,,,,,,,,,,,,,,,10.1923076923077,7.839266224139885,7.54079254079254,3.0,2.0,79.0,38.0,12.26201032264541,85.31114327062228,2.0,3.0,2266821775.0,911163738.0,3.0,0.0,1.0,0.0,True,2.0,AC,True,True,True,True,True,True,True,True,True,True,PROMOTE_DAY3_SHADOW,
2340,台亞,2026-06-16,,A,RANGE_NORMAL,,,,,,,,,,,,,,,,,,,,,,,,,,,,,,,,,,,,,,,,,,,,,,,,,,,,,,,,,,,,,,,,,,,,,,,,,,,,,,,,,,,,,,,39.1,-10.10230179028133,LOSER,2026-07-01,,2026-06-22,2026-06-22,True,RECONSTRUCTED_NOT_PRODUCTION_EXACT,DISCOVERY,,,,,,,True,True,False,,"{""d0_fresh_rs_p40"": 1.0, ""d0_fresh_volume_p40"": 3.0, ""d0_rs_slope5_p70"": 6.708057106025629, ""d0_rank_change3_p50"": 114.0, ""d0_flow_buy_days5_p70"": 4.0, ""d0_trend_eff5_p50"": 0.5314861460957175, ""d0_close_progress3_p50"": 5.966850828729298, ""d1_market_excess_p70"": 0.033209940654632675, ""d1_rs_change_p40"": 0.04062997403032401, ""d1_rank_change_p40"": -22.4, ""d1_flow_p50"": 4943366.0, ""d1_close_location_p30"": 0.43671497584541175, ""d1_upper_shadow_p70"": 0.23815384615384746, ""d3_rs_change_p40"": -2.0465804520160695, ""d3_rank_change_p40"": -73.39999999999999, ""d3_flow_acceleration_p50"": -16293412.410000004, ""d3_trend_eff_p50"": 0.8554216867469907, ""d3_max_drawdown_p30"": -2.645937542246859}",2026-06-22,42.8,-8.99532710280373,PROMOTION_LOSER,2026-07-06,9.462915601023013,9.462915601023013,-17.873831775700932,7.009345794392519,-18.224299065420556,3,P8_D3_B,DAY3,,,,,,,,,,,,,,,,,,,,,,,,,,,,,9.462915601023013,5.244722701301362,9.462915601023013,2.0,2.0,87.0,29.0,-5.704232721184525,74.36823104693141,1.0,2.0,336687941.4,68645985.89999998,2.0,1.0,0.7551020408163259,-1.534526854219953,True,1.0,C,True,False,True,False,True,True,True,True,False,False,REJECT_CONFIRMATION_SHADOW,
2460,建通,2026-06-17,,A,RANGE_NORMAL,,,,,,,,,,,,,,,,,,,,,,,,,,,,,,,,,,,,,,,,,,,,,,,,,,,,,,,,,,,,,,,,,,,,,,,,,,,,,,,,,,,,,,,35.5,2.8169014084507005,NEUTRAL,2026-07-02,,2026-06-23,2026-06-23,True,RECONSTRUCTED_NOT_PRODUCTION_EXACT,DISCOVERY,,,,,,,True,True,True,,"{""d0_fresh_rs_p40"": 1.0, ""d0_fresh_volume_p40"": 3.0, ""d0_rs_slope5_p70"": 6.708057106025629, ""d0_rank_change3_p50"": 114.0, ""d0_flow_buy_days5_p70"": 4.0, ""d0_trend_eff5_p50"": 0.5314861460957175, ""d0_close_progress3_p50"": 5.966850828729298, ""d1_market_excess_p70"": 0.033209940654632675, ""d1_rs_change_p40"": 0.04062997403032401, ""d1_rank_change_p40"": -22.4, ""d1_flow_p50"": 4943366.0, ""d1_close_location_p30"": 0.43671497584541175, ""d1_upper_shadow_p70"": 0.23815384615384746, ""d3_rs_change_p40"": -2.0465804520160695, ""d3_rank_change_p40"": -73.39999999999999, ""d3_flow_acceleration_p50"": -16293412.410000004, ""d3_trend_eff_p50"": 0.8554216867469907, ""d3_max_drawdown_p30"": -2.645937542246859}",2026-06-23,36.8,-0.6793478260869512,PROMOTION_NEUTRAL,2026-07-07,3.6619718309859106,3.6619718309859106,-0.8152173913043348,14.130434782608713,-4.891304347826075,3,P8_D3_B,DAY3,,,,,,,,,,,,,,,,,,,,,,,,,,,,,3.6619718309859106,0.9956039316786347,3.6619718309859106,2.0,1.0,,,7.425505833610032,84.48773448773449,1.0,2.0,28295949.99999999,6471997.199999984,2.0,1.0,0.4814814814814799,-1.9718309859155014,False,0.0,,True,False,True,True,False,True,True,True,False,False,REJECT_CONFIRMATION_SHADOW,
6243,迅杰,2026-06-23,,A,RANGE_NORMAL,,,,,,,,,,,,,,,,,,,,,,,,,,,,,,,,,,,,,,,,,,,,,,,,,,,,,,,,,,,,,,,,,,,,,,,,,,,,,,,,,,,,,,,41.5,-5.421686746987953,NEUTRAL,2026-07-07,,2026-06-26,2026-06-26,True,RECONSTRUCTED_NOT_PRODUCTION_EXACT,VALIDATION,,,,,,,True,False,False,,"{""d0_fresh_rs_p40"": 1.0, ""d0_fresh_volume_p40"": 3.0, ""d0_rs_slope5_p70"": 6.708057106025629, ""d0_rank_change3_p50"": 114.0, ""d0_flow_buy_days5_p70"": 4.0, ""d0_trend_eff5_p50"": 0.5314861460957175, ""d0_close_progress3_p50"": 5.966850828729298, ""d1_market_excess_p70"": 0.033209940654632675, ""d1_rs_change_p40"": 0.04062997403032401, ""d1_rank_change_p40"": -22.4, ""d1_flow_p50"": 4943366.0, ""d1_close_location_p30"": 0.43671497584541175, ""d1_upper_shadow_p70"": 0.23815384615384746, ""d3_rs_change_p40"": -2.0465804520160695, ""d3_rank_change_p40"": -73.39999999999999, ""d3_flow_acceleration_p50"": -16293412.410000004, ""d3_trend_eff_p50"": 0.8554216867469907, ""d3_max_drawdown_p30"": -2.645937542246859}",2026-06-26,43.0,-16.162790697674424,PROMOTION_LOSER,2026-07-13,3.6144578313253017,3.6144578313253017,-8.720930232558144,-0.5813953488372103,-16.162790697674424,3,P8_D3_B,DAY3,,,,,,,,,,,,,,,,,,,,,,,,,,,,,3.6144578313253017,8.983576941146499,10.048281360737066,1.0,2.0,-10.0,69.0,7.3624284871581125,95.67411679884643,2.0,1.0,7878046.949999999,-165440.0,1.0,2.0,0.22058823529411775,-5.805038335158819,True,1.0,C,True,False,True,True,True,True,True,True,False,False,REJECT_CONFIRMATION_SHADOW,
1216,統一,2026-06-24,,A,RANGE_NORMAL,,,,,,,,,,,,,,,,,,,,,,,,,,,,,,,,,,,,,,,,,,,,,,,,,,,,,,,,,,,,,,,,,,,,,,,,,,,,,,,,,,,,,,,75.1,4.6604527296937315,NEUTRAL,2026-07-08,,2026-06-29,2026-06-29,True,RECONSTRUCTED_NOT_PRODUCTION_EXACT,VALIDATION,,,,,,,True,False,False,,"{""d0_fresh_rs_p40"": 1.0, ""d0_fresh_volume_p40"": 3.0, ""d0_rs_slope5_p70"": 6.708057106025629, ""d0_rank_change3_p50"": 114.0, ""d0_flow_buy_days5_p70"": 4.0, ""d0_trend_eff5_p50"": 0.5314861460957175, ""d0_close_progress3_p50"": 5.966850828729298, ""d1_market_excess_p70"": 0.033209940654632675, ""d1_rs_change_p40"": 0.04062997403032401, ""d1_rank_change_p40"": -22.4, ""d1_flow_p50"": 4943366.0, ""d1_close_location_p30"": 0.43671497584541175, ""d1_upper_shadow_p70"": 0.23815384615384746, ""d3_rs_change_p40"": -2.0465804520160695, ""d3_rank_change_p40"": -73.39999999999999, ""d3_flow_acceleration_p50"": -16293412.410000004, ""d3_trend_eff_p50"": 0.8554216867469907, ""d3_max_drawdown_p30"": -2.645937542246859}",2026-06-29,75.7,3.6988110964332854,PROMOTION_NEUTRAL,2026-07-14,0.7989347536617952,0.7989347536617952,3.830911492734468,4.887714663143994,-2.5099075297225992,3,P8_D3_B,DAY3,,,,,,,,,,,,,,,,,,,,,,,,,,,,,0.7989347536617952,3.0656992985714004,1.0816328559490218,2.0,3.0,,,7.896586282753432,77.6657060518732,3.0,2.0,634672026.6000001,310080046.3000001,0.0,0.0,0.23076923076923328,-1.3227513227513255,False,0.0,,False,False,True,True,False,True,True,True,False,False,REJECT_CONFIRMATION_SHADOW,
1315,達新,2026-06-24,,A,RANGE_NORMAL,,,,,,,,,,,,,,,,,,,,,,,,,,,,,,,,,,,,,,,,,,,,,,,,,,,,,,,,,,,,,,,,,,,,,,,,,,,,,,,,,,,,,,,62.3,2.4077046548956593,NEUTRAL,2026-07-08,,2026-06-29,2026-06-29,True,RECONSTRUCTED_NOT_PRODUCTION_EXACT,VALIDATION,,,,,,,True,False,False,,"{""d0_fresh_rs_p40"": 1.0, ""d0_fresh_volume_p40"": 3.0, ""d0_rs_slope5_p70"": 6.708057106025629, ""d0_rank_change3_p50"": 114.0, ""d0_flow_buy_days5_p70"": 4.0, ""d0_trend_eff5_p50"": 0.5314861460957175, ""d0_close_progress3_p50"": 5.966850828729298, ""d1_market_excess_p70"": 0.033209940654632675, ""d1_rs_change_p40"": 0.04062997403032401, ""d1_rank_change_p40"": -22.4, ""d1_flow_p50"": 4943366.0, ""d1_close_location_p30"": 0.43671497584541175, ""d1_upper_shadow_p70"": 0.23815384615384746, ""d3_rs_change_p40"": -2.0465804520160695, ""d3_rank_change_p40"": -73.39999999999999, ""d3_flow_acceleration_p50"": -16293412.410000004, ""d3_trend_eff_p50"": 0.8554216867469907, ""d3_max_drawdown_p30"": -2.645937542246859}",2026-06-29,62.1,2.7375201288244666,PROMOTION_NEUTRAL,2026-07-14,-0.32102728731941976,-0.32102728731941976,2.7375201288244666,5.152979066022545,-0.48309178743961567,3,P8_D3_B,DAY3,,,,,,,,,,,,,,,,,,,,,,,,,,,,,-0.32102728731941976,1.9457372575901855,1.5941827348619597,1.0,1.0,-58.0,154.0,2.5135047469341387,58.14121037463977,2.0,2.0,-310200.0,-561200.0,1.0,0.0,0.4999999999999911,-0.48154093097912964,False,1.0,A,False,False,True,True,True,True,True,True,False,False,REJECT_CONFIRMATION_SHADOW,
4119,旭富,2026-06-24,,A,RANGE_NORMAL,,,,,,,,,,,,,,,,,,,,,,,,,,,,,,,,,,,,,,,,,,,,,,,,,,,,,,,,,,,,,,,,,,,,,,,,,,,,,,,,,,,,,,,44.25,1.1299435028248483,NEUTRAL,2026-07-08,,2026-06-29,2026-06-29,True,RECONSTRUCTED_NOT_PRODUCTION_EXACT,VALIDATION,,,,,,,True,True,False,,"{""d0_fresh_rs_p40"": 1.0, ""d0_fresh_volume_p40"": 3.0, ""d0_rs_slope5_p70"": 6.708057106025629, ""d0_rank_change3_p50"": 114.0, ""d0_flow_buy_days5_p70"": 4.0, ""d0_trend_eff5_p50"": 0.5314861460957175, ""d0_close_progress3_p50"": 5.966850828729298, ""d1_market_excess_p70"": 0.033209940654632675, ""d1_rs_change_p40"": 0.04062997403032401, ""d1_rank_change_p40"": -22.4, ""d1_flow_p50"": 4943366.0, ""d1_close_location_p30"": 0.43671497584541175, ""d1_upper_shadow_p70"": 0.23815384615384746, ""d3_rs_change_p40"": -2.0465804520160695, ""d3_rank_change_p40"": -73.39999999999999, ""d3_flow_acceleration_p50"": -16293412.410000004, ""d3_trend_eff_p50"": 0.8554216867469907, ""d3_max_drawdown_p30"": -2.645937542246859}",2026-06-29,44.25,0.7909604519773961,PROMOTION_NEUTRAL,2026-07-14,0.0,0.0,1.1299435028248483,5.084745762711873,-1.6949152542372836,3,P8_D3_B,DAY3,,,,,,,,,,,,,,,,,,,,,,,,,,,,,0.0,2.266764544909605,-0.3053435114503955,1.0,2.0,,,11.421751479388362,84.72622478386167,2.0,1.0,-2579975.8,-3943685.9000000004,0.0,0.0,0.0,-0.8958566629339249,False,0.0,,True,False,True,True,False,True,True,True,False,False,REJECT_CONFIRMATION_SHADOW,
2458,義隆,2026-06-25,,A,RANGE_NORMAL,,,,,,,,,,,,,,,,,,,,,,,,,,,,,,,,,,,,,,,,,,,,,,,,,,,,,,,,,,,,,,,,,,,,,,,,,,,,,,,,,,,,,,,180.0,1.9444444444444375,NEUTRAL,2026-07-09,,2026-06-30,2026-06-30,True,RECONSTRUCTED_NOT_PRODUCTION_EXACT,LOCKED_EVALUATION,,,,,,,True,True,False,,"{""d0_fresh_rs_p40"": 1.0, ""d0_fresh_volume_p40"": 3.0, ""d0_rs_slope5_p70"": 6.708057106025629, ""d0_rank_change3_p50"": 114.0, ""d0_flow_buy_days5_p70"": 4.0, ""d0_trend_eff5_p50"": 0.5314861460957175, ""d0_close_progress3_p50"": 5.966850828729298, ""d1_market_excess_p70"": 0.033209940654632675, ""d1_rs_change_p40"": 0.04062997403032401, ""d1_rank_change_p40"": -22.4, ""d1_flow_p50"": 4943366.0, ""d1_close_location_p30"": 0.43671497584541175, ""d1_upper_shadow_p70"": 0.23815384615384746, ""d3_rs_change_p40"": -2.0465804520160695, ""d3_rank_change_p40"": -73.39999999999999, ""d3_flow_acceleration_p50"": -16293412.410000004, ""d3_trend_eff_p50"": 0.8554216867469907, ""d3_max_drawdown_p30"": -2.645937542246859}",2026-06-30,189.0,-5.555555555555558,PROMOTION_NEUTRAL,2026-07-15,5.000000000000004,5.000000000000004,-2.910052910052907,3.9682539682539764,-8.201058201058197,3,P8_D3_B,DAY3,,,,,,,,,,,,,,,,,,,,,,,,,,,,,5.000000000000004,5.279643871853712,7.8391167192429005,2.0,2.0,,,10.605634036929999,89.98559077809799,3.0,2.0,294108546.0,-55346020.0,2.0,1.0,0.36,-4.444444444444439,False,0.0,,True,False,True,True,False,True,True,True,False,False,REJECT_CONFIRMATION_SHADOW,
00674R,期元大S&P黃金反1,2026-06-25,,A,RANGE_NORMAL,,,,,,,,,,,,,,,,,,,,,,,,,,,,,,,,,,,,,,,,,,,,,,,,,,,,,,,,,,,,,,,,,,,,,,,,,,,,,,,,,,,,,,,30.82,-1.9792342634652793,NEUTRAL,2026-07-09,,2026-06-30,2026-06-30,True,RECONSTRUCTED_NOT_PRODUCTION_EXACT,LOCKED_EVALUATION,,,,,,,True,False,False,,"{""d0_fresh_rs_p40"": 1.0, ""d0_fresh_volume_p40"": 3.0, ""d0_rs_slope5_p70"": 6.708057106025629, ""d0_rank_change3_p50"": 114.0, ""d0_flow_buy_days5_p70"": 4.0, ""d0_trend_eff5_p50"": 0.5314861460957175, ""d0_close_progress3_p50"": 5.966850828729298, ""d1_market_excess_p70"": 0.033209940654632675, ""d1_rs_change_p40"": 0.04062997403032401, ""d1_rank_change_p40"": -22.4, ""d1_flow_p50"": 4943366.0, ""d1_close_location_p30"": 0.43671497584541175, ""d1_upper_shadow_p70"": 0.23815384615384746, ""d3_rs_change_p40"": -2.0465804520160695, ""d3_rank_change_p40"": -73.39999999999999, ""d3_flow_acceleration_p50"": -16293412.410000004, ""d3_trend_eff_p50"": 0.8554216867469907, ""d3_max_drawdown_p30"": -2.645937542246859}",2026-06-30,30.88,-1.1010362694300557,PROMOTION_NEUTRAL,2026-07-15,0.1946787800129801,0.1946787800129801,-2.169689119170981,0.2590673575129543,-5.148963730569944,3,P8_D3_B,DAY3,,,,,,,,,,,,,,,,,,,,,,,,,,,,,0.1946787800129801,0.47432265186668765,,1.0,1.0,81.0,11.0,4.188855344709722,90.05763688760807,2.0,1.0,4922596.3100000005,19300670.130000003,0.0,0.0,0.05882352941176348,-1.5574302401038298,True,1.0,A,True,True,True,True,True,True,True,True,False,False,REJECT_CONFIRMATION_SHADOW,
1313,聯成,2026-06-25,,A,RANGE_NORMAL,,,,,,,,,,,,,,,,,,,,,,,,,,,,,,,,,,,,,,,,,,,,,,,,,,,,,,,,,,,,,,,,,,,,,,,,,,,,,,,,,,,,,,,12.55,-0.3984063745020028,NEUTRAL,2026-07-09,,2026-06-30,2026-06-30,True,RECONSTRUCTED_NOT_PRODUCTION_EXACT,LOCKED_EVALUATION,,,,,,,True,False,False,,"{""d0_fresh_rs_p40"": 1.0, ""d0_fresh_volume_p40"": 3.0, ""d0_rs_slope5_p70"": 6.708057106025629, ""d0_rank_change3_p50"": 114.0, ""d0_flow_buy_days5_p70"": 4.0, ""d0_trend_eff5_p50"": 0.5314861460957175, ""d0_close_progress3_p50"": 5.966850828729298, ""d1_market_excess_p70"": 0.033209940654632675, ""d1_rs_change_p40"": 0.04062997403032401, ""d1_rank_change_p40"": -22.4, ""d1_flow_p50"": 4943366.0, ""d1_close_location_p30"": 0.43671497584541175, ""d1_upper_shadow_p70"": 0.23815384615384746, ""d3_rs_change_p40"": -2.0465804520160695, ""d3_rank_change_p40"": -73.39999999999999, ""d3_flow_acceleration_p50"": -16293412.410000004, ""d3_trend_eff_p50"": 0.8554216867469907, ""d3_max_drawdown_p30"": -2.645937542246859}",2026-06-30,12.45,1.6064257028112428,PROMOTION_NEUTRAL,2026-07-15,-0.7968127490039945,-0.7968127490039945,0.40160642570281624,16.465863453815267,-2.8112449799196804,3,P8_D3_B,DAY3,,,,,,,,,,,,,,,,,,,,,,,,,,,,,-0.7968127490039945,-0.5171688771502869,-0.3113758558001001,1.0,1.0,17.0,77.0,-1.8676408561176316,90.4178674351585,0.0,1.0,-33063082.749999996,30026358.49999999,0.0,1.0,0.16666666666666863,-2.788844621513953,True,1.0,A,True,False,False,True,True,True,True,True,False,False,REJECT_CONFIRMATION_SHADOW,
6582,申豐,2026-06-25,,A,RANGE_NORMAL,,,,,,,,,,,,,,,,,,,,,,,,,,,,,,,,,,,,,,,,,,,,,,,,,,,,,,,,,,,,,,,,,,,,,,,,,,,,,,,,,,,,,,,32.9,-0.3039513677811634,NEUTRAL,2026-07-09,,2026-06-30,2026-06-30,True,RECONSTRUCTED_NOT_PRODUCTION_EXACT,LOCKED_EVALUATION,,,,,,,True,False,False,,"{""d0_fresh_rs_p40"": 1.0, ""d0_fresh_volume_p40"": 3.0, ""d0_rs_slope5_p70"": 6.708057106025629, ""d0_rank_change3_p50"": 114.0, ""d0_flow_buy_days5_p70"": 4.0, ""d0_trend_eff5_p50"": 0.5314861460957175, ""d0_close_progress3_p50"": 5.966850828729298, ""d1_market_excess_p70"": 0.033209940654632675, ""d1_rs_change_p40"": 0.04062997403032401, ""d1_rank_change_p40"": -22.4, ""d1_flow_p50"": 4943366.0, ""d1_close_location_p30"": 0.43671497584541175, ""d1_upper_shadow_p70"": 0.23815384615384746, ""d3_rs_change_p40"": -2.0465804520160695, ""d3_rank_change_p40"": -73.39999999999999, ""d3_flow_acceleration_p50"": -16293412.410000004, ""d3_trend_eff_p50"": 0.8554216867469907, ""d3_max_drawdown_p30"": -2.645937542246859}",2026-06-30,33.0,-0.7575757575757569,PROMOTION_NEUTRAL,2026-07-15,0.3039513677811634,0.3039513677811634,-0.60606060606061,3.0303030303030276,-3.9393939393939426,3,P8_D3_B,DAY3,,,,,,,,,,,,,,,,,,,,,,,,,,,,,0.3039513677811634,0.5835952396348709,0.7893882609850578,1.0,1.0,-34.0,147.0,1.0980928298797608,76.94524495677233,1.0,2.0,371900.0,-2024024.9999999995,1.0,0.0,0.09090909090909208,-1.4925373134328401,False,1.0,A,True,False,True,True,True,True,True,True,False,False,REJECT_CONFIRMATION_SHADOW,
3605,宏致,2026-07-01,,A,RANGE_NORMAL,,,,,,,,,,,,,,,,,,,,,,,,,,,,,,,,,,,,,,,,,,,,,,,,,,,,,,,,,,,,,,,,,,,,,,,,,,,,,,,,,,,,,,,85.6,-0.8177570093457764,NEUTRAL,2026-07-16,,2026-07-06,2026-07-06,True,RECONSTRUCTED_NOT_PRODUCTION_EXACT,LOCKED_EVALUATION,,,,,,,True,True,True,,"{""d0_fresh_rs_p40"": 1.0, ""d0_fresh_volume_p40"": 3.0, ""d0_rs_slope5_p70"": 6.708057106025629, ""d0_rank_change3_p50"": 114.0, ""d0_flow_buy_days5_p70"": 4.0, ""d0_trend_eff5_p50"": 0.5314861460957175, ""d0_close_progress3_p50"": 5.966850828729298, ""d1_market_excess_p70"": 0.033209940654632675, ""d1_rs_change_p40"": 0.04062997403032401, ""d1_rank_change_p40"": -22.4, ""d1_flow_p50"": 4943366.0, ""d1_close_location_p30"": 0.43671497584541175, ""d1_upper_shadow_p70"": 0.23815384615384746, ""d3_rs_change_p40"": -2.0465804520160695, ""d3_rank_change_p40"": -73.39999999999999, ""d3_flow_acceleration_p50"": -16293412.410000004, ""d3_trend_eff_p50"": 0.8554216867469907, ""d3_max_drawdown_p30"": -2.645937542246859}",2026-07-06,87.7,-3.762827822120862,PROMOTION_NEUTRAL,2026-07-21,2.453271028037385,2.453271028037385,-3.192702394526792,10.034207525655647,-17.331812998859753,3,P8_D3_B,DAY3,,,,,,,,,,,,,,,,,,,,,,,,,,,,,2.453271028037385,3.4371288267693423,0.3027333936287846,1.0,1.0,,,3.5678370740389056,91.42033165104542,2.0,2.0,465491440.3,54717273.30000001,1.0,2.0,0.30434782608695815,-2.663706992230841,False,0.0,,True,False,True,True,False,True,True,True,False,False,REJECT_CONFIRMATION_SHADOW,
2429,銘旺科,2026-07-01,,A,RANGE_NORMAL,,,,,,,,,,,,,,,,,,,,,,,,,,,,,,,,,,,,,,,,,,,,,,,,,,,,,,,,,,,,,,,,,,,,,,,,,,,,,,,,,,,,,,,48.0,-1.5625,NEUTRAL,2026-07-16,,2026-07-06,2026-07-06,True,RECONSTRUCTED_NOT_PRODUCTION_EXACT,LOCKED_EVALUATION,,,,,,,True,True,True,,"{""d0_fresh_rs_p40"": 1.0, ""d0_fresh_volume_p40"": 3.0, ""d0_rs_slope5_p70"": 6.708057106025629, ""d0_rank_change3_p50"": 114.0, ""d0_flow_buy_days5_p70"": 4.0, ""d0_trend_eff5_p50"": 0.5314861460957175, ""d0_close_progress3_p50"": 5.966850828729298, ""d1_market_excess_p70"": 0.033209940654632675, ""d1_rs_change_p40"": 0.04062997403032401, ""d1_rank_change_p40"": -22.4, ""d1_flow_p50"": 4943366.0, ""d1_close_location_p30"": 0.43671497584541175, ""d1_upper_shadow_p70"": 0.23815384615384746, ""d3_rs_change_p40"": -2.0465804520160695, ""d3_rank_change_p40"": -73.39999999999999, ""d3_flow_acceleration_p50"": -16293412.410000004, ""d3_trend_eff_p50"": 0.8554216867469907, ""d3_max_drawdown_p30"": -2.645937542246859}",2026-07-06,49.05,-12.33435270132517,PROMOTION_LOSER,2026-07-21,2.1874999999999867,2.1874999999999867,-3.669724770642191,4.383282364933749,-18.654434250764528,3,P8_D3_B,DAY3,,,,,,,,,,,,,,,,,,,,,,,,,,,,,2.1874999999999867,3.171357798731944,0.0,2.0,2.0,30.0,66.0,8.503868949406765,84.78731074260995,1.0,2.0,3884919.9499999993,-19147001.05,2.0,1.0,0.12426035502958542,-7.708333333333339,True,1.0,C,True,True,True,True,True,True,True,True,False,False,REJECT_CONFIRMATION_SHADOW,
3044,健鼎,2026-06-15,,A,RANGE_NORMAL,,,,,,,,,,,,,,,,,,,,,,,,,,,,,,,,,,,,,,,,,,,,,,,,,,,,,,,,,,,,,,,,,,,,,,,,,,,,,,,,,,,,,,,520.0,-0.3846153846153832,NEUTRAL,2026-06-30,,2026-06-18,2026-06-18,True,RECONSTRUCTED_NOT_PRODUCTION_EXACT,DISCOVERY,,,,,,,True,True,False,,"{""d0_fresh_rs_p40"": 1.0, ""d0_fresh_volume_p40"": 3.0, ""d0_rs_slope5_p70"": 6.708057106025629, ""d0_rank_change3_p50"": 114.0, ""d0_flow_buy_days5_p70"": 4.0, ""d0_trend_eff5_p50"": 0.5314861460957175, ""d0_close_progress3_p50"": 5.966850828729298, ""d1_market_excess_p70"": 0.033209940654632675, ""d1_rs_change_p40"": 0.04062997403032401, ""d1_rank_change_p40"": -22.4, ""d1_flow_p50"": 4943366.0, ""d1_close_location_p30"": 0.43671497584541175, ""d1_upper_shadow_p70"": 0.23815384615384746, ""d3_rs_change_p40"": -2.0465804520160695, ""d3_rank_change_p40"": -73.39999999999999, ""d3_flow_acceleration_p50"": -16293412.410000004, ""d3_trend_eff_p50"": 0.8554216867469907, ""d3_max_drawdown_p30"": -2.645937542246859}",2026-06-18,573.0,-9.24956369982548,PROMOTION_LOSER,2026-07-03,10.1923076923077,10.1923076923077,-9.598603839441534,4.363001745200701,-13.089005235602091,3,P9_D3_C,DAY3,,,,,,,,,,,,,,,,,,,,,,,,,,,,,10.1923076923077,7.839266224139885,7.54079254079254,3.0,2.0,79.0,38.0,12.26201032264541,85.31114327062228,2.0,3.0,2266821775.0,911163738.0,3.0,0.0,1.0,0.0,True,2.0,AC,True,True,True,True,True,True,True,True,True,True,PROMOTE_DAY3_SHADOW,
3044,健鼎,2026-06-15,,A,RANGE_NORMAL,,,,,,,,,,,,,,,,,,,,,,,,,,,,,,,,,,,,,,,,,,,,,,,,,,,,,,,,,,,,,,,,,,,,,,,,,,,,,,,,,,,,,,,520.0,-0.3846153846153832,NEUTRAL,2026-06-30,,2026-06-18,2026-06-18,True,RECONSTRUCTED_NOT_PRODUCTION_EXACT,DISCOVERY,,,,,,,True,True,False,,"{""d0_fresh_rs_p40"": 1.0, ""d0_fresh_volume_p40"": 3.0, ""d0_rs_slope5_p70"": 6.708057106025629, ""d0_rank_change3_p50"": 114.0, ""d0_flow_buy_days5_p70"": 4.0, ""d0_trend_eff5_p50"": 0.5314861460957175, ""d0_close_progress3_p50"": 5.966850828729298, ""d1_market_excess_p70"": 0.033209940654632675, ""d1_rs_change_p40"": 0.04062997403032401, ""d1_rank_change_p40"": -22.4, ""d1_flow_p50"": 4943366.0, ""d1_close_location_p30"": 0.43671497584541175, ""d1_upper_shadow_p70"": 0.23815384615384746, ""d3_rs_change_p40"": -2.0465804520160695, ""d3_rank_change_p40"": -73.39999999999999, ""d3_flow_acceleration_p50"": -16293412.410000004, ""d3_trend_eff_p50"": 0.8554216867469907, ""d3_max_drawdown_p30"": -2.645937542246859}",2026-06-18,573.0,-9.24956369982548,PROMOTION_LOSER,2026-07-03,10.1923076923077,10.1923076923077,-9.598603839441534,4.363001745200701,-13.089005235602091,3,P10_STAGED_DAY1_DAY3,DAY3,,,,,,,,,,,,,,,,,,,,,,,,,,,,,10.1923076923077,7.839266224139885,7.54079254079254,3.0,2.0,79.0,38.0,12.26201032264541,85.31114327062228,2.0,3.0,2266821775.0,911163738.0,3.0,0.0,1.0,0.0,True,2.0,AC,True,True,True,True,True,True,True,True,True,True,PROMOTE_DAY3_SHADOW,DAY3
00403A,主動統一升級50,2026-06-17,,A,RANGE_NORMAL,,,,,,,,,,,,,,,,,,,,,,,,,,,,,,,,,,,,,,,,,,,,,,,,,,,,,,,,,,,,,,,,,,,,,,,,,,,,,,,,,,,,,,,10.75,3.6279069767442,NEUTRAL,2026-07-02,,2026-06-18,2026-06-18,True,RECONSTRUCTED_NOT_PRODUCTION_EXACT,DISCOVERY,,,,,,,True,True,False,,"{""d0_fresh_rs_p40"": 1.0, ""d0_fresh_volume_p40"": 3.0, ""d0_rs_slope5_p70"": 6.708057106025629, ""d0_rank_change3_p50"": 114.0, ""d0_flow_buy_days5_p70"": 4.0, ""d0_trend_eff5_p50"": 0.5314861460957175, ""d0_close_progress3_p50"": 5.966850828729298, ""d1_market_excess_p70"": 0.033209940654632675, ""d1_rs_change_p40"": 0.04062997403032401, ""d1_rank_change_p40"": -22.4, ""d1_flow_p50"": 4943366.0, ""d1_close_location_p30"": 0.43671497584541175, ""d1_upper_shadow_p70"": 0.23815384615384746, ""d3_rs_change_p40"": -2.0465804520160695, ""d3_rank_change_p40"": -73.39999999999999, ""d3_flow_acceleration_p50"": -16293412.410000004, ""d3_trend_eff_p50"": 0.8554216867469907, ""d3_max_drawdown_p30"": -2.645937542246859}",2026-06-18,11.03,0.9972801450589319,PROMOTION_NEUTRAL,2026-07-03,2.6046511627906943,2.6046511627906943,0.9972801450589319,3.80779691749773,-4.805077062556662,1,P10_STAGED_DAY1_DAY3,DAY1,2.6046511627906943,1.3233882138740327,,1.0,0.0,1.2698034865866392,180.0,-72.0,72.72069464544138,2.7496382054992665,6026205259.15,1.0,False,1.0,0.0,A,True,True,False,True,True,False,True,True,True,True,True,PROMOTE_DAY1_SHADOW,,,,,,,,,,,,,,,,,,,,,,,,,,,,,,,,DAY1
3605,宏致,2026-07-01,,A,RANGE_NORMAL,,,,,,,,,,,,,,,,,,,,,,,,,,,,,,,,,,,,,,,,,,,,,,,,,,,,,,,,,,,,,,,,,,,,,,,,,,,,,,,,,,,,,,,85.6,-0.8177570093457764,NEUTRAL,2026-07-16,,2026-07-02,2026-07-02,True,RECONSTRUCTED_NOT_PRODUCTION_EXACT,LOCKED_EVALUATION,,,,,,,True,True,True,,"{""d0_fresh_rs_p40"": 1.0, ""d0_fresh_volume_p40"": 3.0, ""d0_rs_slope5_p70"": 6.708057106025629, ""d0_rank_change3_p50"": 114.0, ""d0_flow_buy_days5_p70"": 4.0, ""d0_trend_eff5_p50"": 0.5314861460957175, ""d0_close_progress3_p50"": 5.966850828729298, ""d1_market_excess_p70"": 0.033209940654632675, ""d1_rs_change_p40"": 0.04062997403032401, ""d1_rank_change_p40"": -22.4, ""d1_flow_p50"": 4943366.0, ""d1_close_location_p30"": 0.43671497584541175, ""d1_upper_shadow_p70"": 0.23815384615384746, ""d3_rs_change_p40"": -2.0465804520160695, ""d3_rank_change_p40"": -73.39999999999999, ""d3_flow_acceleration_p50"": -16293412.410000004, ""d3_trend_eff_p50"": 0.8554216867469907, ""d3_max_drawdown_p30"": -2.645937542246859}",2026-07-02,90.1,-11.98668146503884,PROMOTION_LOSER,2026-07-17,5.257009345794383,5.257009345794383,-5.771365149833507,7.103218645948961,-12.65260821309655,1,P10_STAGED_DAY1_DAY3,DAY1,5.257009345794383,5.841517860332857,4.387444128403084,0.7840909090909084,0.21590909090909163,9.735871355978443,21.0,74.0,92.65129682997119,4.798802252964677,527264569.29999995,1.0,True,2.0,1.0,AC,True,False,False,True,True,True,True,True,True,True,True,PROMOTE_DAY1_SHADOW,,,,,,,,,,,,,,,,,,,,,,,,,,,,,,,,DAY1
