stock_id,stock_name,episode_start_date,evaluation_date,dataset,normal_subregime,production_market_regime,market_path_state,first_seen_flag,days_since_episode_start,days_since_first_top120,days_since_first_breakout,days_since_first_volume_expansion,days_since_first_rs_above_80,days_since_first_momentum_top30,previous_top120_presence_20d,days_since_last_top120_exit,reentry_flag,reacceleration_flag,rs_market_pct_day0,rs_market_pct_day_minus_1,rs_market_pct_day_minus_3,rs_market_pct_day_minus_5,rs_market_pct_day_minus_10,rs_slope_3d,rs_slope_5d,rs_slope_10d,rs_positive_change_days_5d,rs_acceleration_3d_vs_5d,rs_distance_from_recent_peak,market_excess_return_1d,market_excess_return_3d,market_excess_return_5d,sector_excess_return_1d,sector_excess_return_3d,sector_excess_return_5d,institution_buy_days_3d,institution_buy_days_5d,institution_buy_days_10d,institution_flow_1d,institution_flow_3d,institution_flow_previous_3d,institution_flow_5d,institution_flow_10d,institution_flow_acceleration,institution_flow_concentration,institution_flow_volatility,foreign_buy_days_5d,trust_buy_days_5d,foreign_trust_alignment,price_flow_alignment,positive_price_flow_alignment,trend_efficiency_3d,trend_efficiency_5d,trend_efficiency_10d,max_drawdown_prior_5d,max_drawdown_prior_10d,downside_volatility_5d,reversal_count_5d,positive_close_count_5d,close_location_average_3d,close_location_average_5d,upper_shadow_average_3d,large_range_day_count_5d,return_1d,return_3d,return_5d,return_10d,volume_ratio_1d_20d,volume_ratio_3d_20d,volume_ratio_5d_20d,volume_expansion_days_5d,price_advance_per_volume_unit,price_new_high_volume_confirmation,price_new_high_volume_divergence,close_progress_3d,close_progress_5d,momentum_score,momentum_rank,momentum_score_percentile,momentum_rank_change_1d,momentum_rank_change_3d,raw_union_rank,source_A,source_B,source_C,source_D,source_combination,source_count,role,confidence,role_confidence_source,entry_close,episode_return_day0_to_day10,episode_outcome,future_trade_date_10d,maturity_status,feature_as_of_date,max_source_date,point_in_time_valid,data_status,date_split,d0_freshness_pass,d0_rs_path_pass,d0_rank_health_pass,d0_positive_family_count,d0_flow_pass,d0_efficiency_pass,D0_A_PASS,D0_B_PASS,D0_C_PASS,day0_state,bundle_thresholds
0055,元大MSCI金融,2026-06-15,2026-06-15,A,RANGE_NORMAL,VOLATILE_RANGE,NORMAL,True,0,0,0.0,15.0,6.0,0.0,0,,False,False,89.59537572254335,88.6066763425254,90.2102973168963,87.20173535791757,63.7155297532656,-0.2049738647843166,0.4787280729251563,2.5879845969277753,3,-0.6837019377094729,-1.530165402997767,0.44244314622103875,-1.3572894381452816,3.1162836632792734,,,,3,3,4,4790932.0,12705978.46,-28910987.9,-10108944.639999991,-33257231.39,41616966.36,0.2442820292168796,11938404.477814544,4,0,0,1,1,1.0,0.6551724137931035,0.5944055944055942,-1.8610421836228297,-2.529381706693923,0.0,2,4,0.5218291159012799,0.5302105647788619,0.3607466416744771,1,3.2225579053373643,3.6662452591656125,7.470511140235914,14.206128133704743,1.1287415056211065,1.3123759460546462,1.409802130784565,4,5.298978471594819,0,1,3.6662452591656125,7.470511140235914,77.5,5.0,0.9666666666666667,,,5,True,False,False,False,A,1,,,UNAVAILABLE_IN_FROZEN_TOP120,41.0,2.3658536585365875,NEUTRAL,2026-06-30,MATURED,2026-06-15,2026-06-15,True,RECONSTRUCTED_NOT_PRODUCTION_EXACT,DISCOVERY,False,False,False,0,True,False,False,False,False,DAY0_NO_POSITIVE_STRUCTURE,"{""d0_fresh_rs_p40"": 1.0, ""d0_fresh_volume_p40"": 3.0, ""d0_rs_slope5_p70"": 6.708057106025629, ""d0_rank_change3_p50"": 114.0, ""d0_flow_buy_days5_p70"": 4.0, ""d0_trend_eff5_p50"": 0.5314861460957175, ""d0_close_progress3_p50"": 5.966850828729298, ""d1_market_excess_p70"": 0.033209940654632675, ""d1_rs_change_p40"": 0.04062997403032401, ""d1_rank_change_p40"": -22.4, ""d1_flow_p50"": 4943366.0, ""d1_close_location_p30"": 0.43671497584541175, ""d1_upper_shadow_p70"": 0.23815384615384746, ""d3_rs_change_p40"": -2.0465804520160695, ""d3_rank_change_p40"": -73.39999999999999, ""d3_flow_acceleration_p50"": -16293412.410000004, ""d3_trend_eff_p50"": 0.8554216867469907, ""d3_max_drawdown_p30"": -2.645937542246859}"
2891,中信金,2026-06-15,2026-06-15,A,RANGE_NORMAL,VOLATILE_RANGE,NORMAL,True,0,0,13.0,1.0,10.0,0.0,0,,False,False,93.4971098265896,92.59796806966618,94.05366207396665,90.88937093275489,82.36574746008708,-0.1855174157923519,0.5215477787669414,1.1131362366502515,2,-0.7070651945592933,-0.8711212203418199,0.9181100929546826,-2.2376109436452074,2.832316865550988,3.2883887864972428,2.326692952137377,4.58914174510503,3,3,5,1102329159.4999998,1965280726.2999995,-969315357.4000001,1213231232.0999994,62958897.69999957,2934596083.7,0.2508854197039564,676723712.4956594,4,0,0,1,1,0.5757575757575737,0.5802469135802459,0.37037037037037024,-2.4566473988439363,-7.234042553191477,0.20934687166274113,2,3,0.36996779388083545,0.5467147188816932,0.28623188405797145,2,3.698224852071008,2.7859237536656867,7.186544342507628,12.88244766505635,0.6450501587706465,0.951841418524642,0.9244408800631002,1,7.773936113704849,0,0,2.7859237536656867,7.186544342507628,76.2,9.0,0.9333333333333333,,,9,True,False,False,False,A,1,,,UNAVAILABLE_IN_FROZEN_TOP120,70.1,1.2838801711840375,NEUTRAL,2026-06-30,MATURED,2026-06-15,2026-06-15,True,RECONSTRUCTED_NOT_PRODUCTION_EXACT,DISCOVERY,True,False,False,1,True,False,False,False,False,DAY0_NO_POSITIVE_STRUCTURE,"{""d0_fresh_rs_p40"": 1.0, ""d0_fresh_volume_p40"": 3.0, ""d0_rs_slope5_p70"": 6.708057106025629, ""d0_rank_change3_p50"": 114.0, ""d0_flow_buy_days5_p70"": 4.0, ""d0_trend_eff5_p50"": 0.5314861460957175, ""d0_close_progress3_p50"": 5.966850828729298, ""d1_market_excess_p70"": 0.033209940654632675, ""d1_rs_change_p40"": 0.04062997403032401, ""d1_rank_change_p40"": -22.4, ""d1_flow_p50"": 4943366.0, ""d1_close_location_p30"": 0.43671497584541175, ""d1_upper_shadow_p70"": 0.23815384615384746, ""d3_rs_change_p40"": -2.0465804520160695, ""d3_rank_change_p40"": -73.39999999999999, ""d3_flow_acceleration_p50"": -16293412.410000004, ""d3_trend_eff_p50"": 0.8554216867469907, ""d3_max_drawdown_p30"": -2.645937542246859}"
00990A,主動元大AI新經濟,2026-06-15,2026-06-15,A,RANGE_NORMAL,VOLATILE_RANGE,NORMAL,True,0,0,8.0,3.0,0.0,0.0,0,,False,False,85.33236994219654,72.7866473149492,57.868020304568525,80.04338394793926,85.63134978229319,9.15478321254267,1.0577971988514547,-0.029897984009664924,2,8.096986013691215,-2.5398159692050655,3.5575475785460053,5.386389790283498,3.9526508299216667,,,,2,2,2,463710553.6599999,620895972.2399999,-1434012332.4,-19877009.76000017,-3222738687.57,2054908304.6399999,0.17380426327051707,422956068.5826429,4,0,0,1,1,0.8143459915611821,0.3994910941475828,0.03797468354430376,-6.0512820512820475,-13.21648507816201,1.8682267031781665,2,3,0.6521072796934874,0.5912643678160924,0.28863346104725457,0,6.337662337662331,10.409924487594392,8.306878306878307,1.3366336633663378,1.0666924935999398,0.952624404065644,0.954498276807666,1,8.702874073969822,0,0,10.409924487594392,8.306878306878307,75.3,13.0,0.9,,,13,True,False,False,False,A,1,,,UNAVAILABLE_IN_FROZEN_TOP120,20.47,1.514411333659016,NEUTRAL,2026-06-30,MATURED,2026-06-15,2026-06-15,True,RECONSTRUCTED_NOT_PRODUCTION_EXACT,DISCOVERY,True,False,False,1,True,False,False,False,False,DAY0_NO_POSITIVE_STRUCTURE,"{""d0_fresh_rs_p40"": 1.0, ""d0_fresh_volume_p40"": 3.0, ""d0_rs_slope5_p70"": 6.708057106025629, ""d0_rank_change3_p50"": 114.0, ""d0_flow_buy_days5_p70"": 4.0, ""d0_trend_eff5_p50"": 0.5314861460957175, ""d0_close_progress3_p50"": 5.966850828729298, ""d1_market_excess_p70"": 0.033209940654632675, ""d1_rs_change_p40"": 0.04062997403032401, ""d1_rank_change_p40"": -22.4, ""d1_flow_p50"": 4943366.0, ""d1_close_location_p30"": 0.43671497584541175, ""d1_upper_shadow_p70"": 0.23815384615384746, ""d3_rs_change_p40"": -2.0465804520160695, ""d3_rank_change_p40"": -73.39999999999999, ""d3_flow_acceleration_p50"": -16293412.410000004, ""d3_trend_eff_p50"": 0.8554216867469907, ""d3_max_drawdown_p30"": -2.645937542246859}"
00701,國泰股利精選30,2026-06-15,2026-06-15,A,RANGE_NORMAL,VOLATILE_RANGE,NORMAL,True,0,0,0.0,4.0,6.0,0.0,0,,False,False,86.48843930635839,85.70391872278665,88.03480783176215,85.03253796095444,78.1567489114659,-0.5154561751345881,0.29118026908078887,0.833169039489249,3,-0.806636444215377,-1.5463685254037642,-0.3012261729000487,-0.5815580176884882,3.532207854273639,,,,3,5,10,4867576.559999999,24599721.27,31304563.990000002,47469825.05,91647106.42,-6704842.7200000025,0.19382670259760065,4040861.0514993975,4,0,0,1,1,1.0,0.6594724220623521,0.4434250764526002,-1.9330247753879481,-3.085047248471373,0.0,2,4,0.3714957433995057,0.4175782971035328,0.6285042566004942,1,2.478888586216277,4.441976679622406,7.886435331230279,8.35253456221199,0.44209993442253964,0.5711999882384865,0.9457106363895135,2,8.339163194080925,0,1,4.441976679622406,7.886435331230279,75.2,14.0,0.8916666666666667,,,14,True,False,False,False,A,1,,,UNAVAILABLE_IN_FROZEN_TOP120,37.62,4.253056884635842,NEUTRAL,2026-06-30,MATURED,2026-06-15,2026-06-15,True,RECONSTRUCTED_NOT_PRODUCTION_EXACT,DISCOVERY,False,False,False,0,True,False,False,False,False,DAY0_NO_POSITIVE_STRUCTURE,"{""d0_fresh_rs_p40"": 1.0, ""d0_fresh_volume_p40"": 3.0, ""d0_rs_slope5_p70"": 6.708057106025629, ""d0_rank_change3_p50"": 114.0, ""d0_flow_buy_days5_p70"": 4.0, ""d0_trend_eff5_p50"": 0.5314861460957175, ""d0_close_progress3_p50"": 5.966850828729298, ""d1_market_excess_p70"": 0.033209940654632675, ""d1_rs_change_p40"": 0.04062997403032401, ""d1_rank_change_p40"": -22.4, ""d1_flow_p50"": 4943366.0, ""d1_close_location_p30"": 0.43671497584541175, ""d1_upper_shadow_p70"": 0.23815384615384746, ""d3_rs_change_p40"": -2.0465804520160695, ""d3_rank_change_p40"": -73.39999999999999, ""d3_flow_acceleration_p50"": -16293412.410000004, ""d3_trend_eff_p50"": 0.8554216867469907, ""d3_max_drawdown_p30"": -2.645937542246859}"
00876,元大全球5G,2026-06-15,2026-06-15,A,RANGE_NORMAL,VOLATILE_RANGE,NORMAL,True,0,0,0.0,1.0,1.0,0.0,0,,False,False,86.99421965317919,81.6400580551524,72.8788977519942,74.9819233550253,83.59941944847606,4.705107300394995,2.4024592596307768,0.3394800204703131,3,2.3026480407642183,0.0,1.7677435169280997,4.931971420597869,7.088839039390593,,,,3,4,6,21776457.299999997,32327893.499999996,-14307261.600000001,32121980.499999996,27003205.29999999,46635155.099999994,0.28230473955734064,9660102.638305299,5,0,0,1,1,1.0,0.6323987538940817,0.22242314647377937,-3.1771674744210943,-7.169021454735736,0.0,2,4,0.7385984427141259,0.6329895741030513,0.2614015572858741,2,4.547858276044425,9.955506117908763,11.443066516347233,6.634304207119723,1.6976297715875421,1.2551715033217399,0.9954705088714069,2,11.495133622110576,1,0,9.955506117908763,11.443066516347233,74.7,18.0,0.8583333333333333,,,18,True,False,False,False,A,1,,,UNAVAILABLE_IN_FROZEN_TOP120,98.85,7.233181588265047,NEUTRAL,2026-06-30,MATURED,2026-06-15,2026-06-15,True,RECONSTRUCTED_NOT_PRODUCTION_EXACT,DISCOVERY,True,False,False,1,True,True,False,False,False,DAY0_NO_POSITIVE_STRUCTURE,"{""d0_fresh_rs_p40"": 1.0, ""d0_fresh_volume_p40"": 3.0, ""d0_rs_slope5_p70"": 6.708057106025629, ""d0_rank_change3_p50"": 114.0, ""d0_flow_buy_days5_p70"": 4.0, ""d0_trend_eff5_p50"": 0.5314861460957175, ""d0_close_progress3_p50"": 5.966850828729298, ""d1_market_excess_p70"": 0.033209940654632675, ""d1_rs_change_p40"": 0.04062997403032401, ""d1_rank_change_p40"": -22.4, ""d1_flow_p50"": 4943366.0, ""d1_close_location_p30"": 0.43671497584541175, ""d1_upper_shadow_p70"": 0.23815384615384746, ""d3_rs_change_p40"": -2.0465804520160695, ""d3_rank_change_p40"": -73.39999999999999, ""d3_flow_acceleration_p50"": -16293412.410000004, ""d3_trend_eff_p50"": 0.8554216867469907, ""d3_max_drawdown_p30"": -2.645937542246859}"
6202,盛群,2026-06-15,2026-06-15,A,RANGE_NORMAL,VOLATILE_RANGE,NORMAL,True,0,0,0.0,1.0,0.0,0.0,0,,False,False,91.11271676300578,79.5355587808418,12.400290065264684,5.49530007230658,55.00725689404935,26.237475565913698,17.12348333813984,3.610545986895643,5,9.113992227773856,0.0,6.98419500519345,24.08537619377822,21.757958209697126,8.457021658252216,26.984848064857747,23.088347975629087,3,4,5,354236490.0,549478792.8,-73042327.10000002,537836936.7,415598292.5,622521119.9,0.5091557257755188,121178548.39580902,4,2,0,1,1,1.0,0.737704918032787,0.27203065134099635,-4.536862003780717,-13.527397260273965,0.0,2,4,0.9177859177859179,0.7397471809236511,0.08221408221408207,2,9.764309764309775,29.108910891089113,26.112185686653767,12.22030981067126,5.553681690617235,2.947408824310007,1.9255357841683847,2,13.560997360498964,1,0,29.108910891089113,26.112185686653767,73.7,21.0,0.8416666666666667,,,21,False,False,True,False,C,1,,,UNAVAILABLE_IN_FROZEN_TOP120,65.2,-0.1533742331288445,NEUTRAL,2026-06-30,MATURED,2026-06-15,2026-06-15,True,RECONSTRUCTED_NOT_PRODUCTION_EXACT,DISCOVERY,True,True,False,2,True,True,True,True,True,WATCH_CANDIDATE_SHADOW,"{""d0_fresh_rs_p40"": 1.0, ""d0_fresh_volume_p40"": 3.0, ""d0_rs_slope5_p70"": 6.708057106025629, ""d0_rank_change3_p50"": 114.0, ""d0_flow_buy_days5_p70"": 4.0, ""d0_trend_eff5_p50"": 0.5314861460957175, ""d0_close_progress3_p50"": 5.966850828729298, ""d1_market_excess_p70"": 0.033209940654632675, ""d1_rs_change_p40"": 0.04062997403032401, ""d1_rank_change_p40"": -22.4, ""d1_flow_p50"": 4943366.0, ""d1_close_location_p30"": 0.43671497584541175, ""d1_upper_shadow_p70"": 0.23815384615384746, ""d3_rs_change_p40"": -2.0465804520160695, ""d3_rank_change_p40"": -73.39999999999999, ""d3_flow_acceleration_p50"": -16293412.410000004, ""d3_trend_eff_p50"": 0.8554216867469907, ""d3_max_drawdown_p30"": -2.645937542246859}"
00941,中信上游半導體,2026-06-15,2026-06-15,A,RANGE_NORMAL,VOLATILE_RANGE,NORMAL,True,0,0,1.0,1.0,0.0,0.0,0,,False,False,83.02023121387283,74.31059506531204,53.87962291515591,46.2762111352133,54.13642960812772,9.713536099572307,7.348804015731906,2.888380160574511,4,2.3647320838404013,0.0,1.374404191320977,6.182690983622963,9.692061429667454,,,,3,5,10,17714169.799999997,72407195.21,72244240.05999999,119539711.42999999,306705480.61,162955.15000000596,0.3154430584271912,24723685.70103932,5,0,0,1,1,1.0,0.9887640449438204,0.5007751937984489,-0.07776049766717863,-5.183503594400307,0.0,2,4,0.911789297658865,0.7703986406300569,0.08821070234113497,3,4.154518950437303,11.206225680933857,14.046288906624094,12.741617357001967,0.8740508847941556,1.1566064455832272,1.0937564380780618,2,12.842245693480073,0,1,11.206225680933857,14.046288906624094,73.5,23.0,0.8166666666666667,,,23,True,False,False,False,A,1,,,UNAVAILABLE_IN_FROZEN_TOP120,28.58,4.163750874737593,NEUTRAL,2026-06-30,MATURED,2026-06-15,2026-06-15,True,RECONSTRUCTED_NOT_PRODUCTION_EXACT,DISCOVERY,True,True,False,2,True,True,True,True,True,WATCH_CANDIDATE_SHADOW,"{""d0_fresh_rs_p40"": 1.0, ""d0_fresh_volume_p40"": 3.0, ""d0_rs_slope5_p70"": 6.708057106025629, ""d0_rank_change3_p50"": 114.0, ""d0_flow_buy_days5_p70"": 4.0, ""d0_trend_eff5_p50"": 0.5314861460957175, ""d0_close_progress3_p50"": 5.966850828729298, ""d1_market_excess_p70"": 0.033209940654632675, ""d1_rs_change_p40"": 0.04062997403032401, ""d1_rank_change_p40"": -22.4, ""d1_flow_p50"": 4943366.0, ""d1_close_location_p30"": 0.43671497584541175, ""d1_upper_shadow_p70"": 0.23815384615384746, ""d3_rs_change_p40"": -2.0465804520160695, ""d3_rank_change_p40"": -73.39999999999999, ""d3_flow_acceleration_p50"": -16293412.410000004, ""d3_trend_eff_p50"": 0.8554216867469907, ""d3_max_drawdown_p30"": -2.645937542246859}"
00663L,國泰臺灣加權正2,2026-06-15,2026-06-15,A,RANGE_NORMAL,VOLATILE_RANGE,NORMAL,True,0,0,11.0,3.0,1.0,0.0,0,,False,False,88.80057803468208,81.8577648766328,77.66497461928934,72.08966015907447,88.24383164005806,3.7118678051309124,3.3421835751215214,0.055674639462401386,3,0.369684230009391,-1.2138937453468657,3.281984797315407,5.1659174276250885,5.835224647979342,,,,2,3,3,135548024.0,-166168358.79999995,-873735166.8000002,-65185247.5,-2321814203.1500006,707566808.0000002,0.2744679538518424,404505307.98200023,4,0,0,1,1,0.8326359832635981,0.43167028199566143,0.06015891032917155,-6.346899224806202,-15.552643075578853,2.1769207182748054,2,3,0.5333791056622559,0.5189205799660153,0.1410615528262602,2,6.062099556431733,10.189452124935983,10.189452124935983,-2.4036281179138363,0.9231195356774263,1.2465344923439083,1.269507477522347,3,8.02630335413414,0,0,10.189452124935983,10.189452124935983,73.5,25.0,0.8166666666666667,,,25,True,False,False,False,A,1,,,UNAVAILABLE_IN_FROZEN_TOP120,107.6,3.7639405204461074,NEUTRAL,2026-06-30,MATURED,2026-06-15,2026-06-15,True,RECONSTRUCTED_NOT_PRODUCTION_EXACT,DISCOVERY,True,False,False,1,True,False,False,False,False,DAY0_NO_POSITIVE_STRUCTURE,"{""d0_fresh_rs_p40"": 1.0, ""d0_fresh_volume_p40"": 3.0, ""d0_rs_slope5_p70"": 6.708057106025629, ""d0_rank_change3_p50"": 114.0, ""d0_flow_buy_days5_p70"": 4.0, ""d0_trend_eff5_p50"": 0.5314861460957175, ""d0_close_progress3_p50"": 5.966850828729298, ""d1_market_excess_p70"": 0.033209940654632675, ""d1_rs_change_p40"": 0.04062997403032401, ""d1_rank_change_p40"": -22.4, ""d1_flow_p50"": 4943366.0, ""d1_close_location_p30"": 0.43671497584541175, ""d1_upper_shadow_p70"": 0.23815384615384746, ""d3_rs_change_p40"": -2.0465804520160695, ""d3_rank_change_p40"": -73.39999999999999, ""d3_flow_acceleration_p50"": -16293412.410000004, ""d3_trend_eff_p50"": 0.8554216867469907, ""d3_max_drawdown_p30"": -2.645937542246859}"
00661,元大日經225,2026-06-15,2026-06-15,A,RANGE_NORMAL,VOLATILE_RANGE,NORMAL,True,0,0,0.0,2.0,,0.0,0,,False,False,78.17919075144509,69.66618287373004,49.5286439448876,59.43600867678959,69.59361393323657,9.550182268852497,3.7486364149311,0.8585576818208522,4,5.801545853921397,0.0,1.2385223987171123,3.2845307969280304,4.48184808672405,,,,3,5,9,4409008.9,21257604.25,45592684.900000006,31532933.299999997,78224042.2,-24335080.650000006,0.45067353353143064,9547057.393803954,5,0,0,1,1,1.0,0.6744186046511628,0.17468354430379773,-2.078384798099764,-7.130730050933787,0.0,2,4,0.6917249417249329,0.6402243589743543,0.308275058275067,2,4.018637157833438,8.308065494238924,8.83607556368069,4.018637157833438,0.5151395968367839,1.0794195176864612,1.0145742873324524,2,8.709145967923899,0,1,8.308065494238924,8.83607556368069,73.3,27.0,0.7916666666666666,,,27,True,False,False,False,A,1,,,UNAVAILABLE_IN_FROZEN_TOP120,89.3,1.7357222844344822,NEUTRAL,2026-06-30,MATURED,2026-06-15,2026-06-15,True,RECONSTRUCTED_NOT_PRODUCTION_EXACT,DISCOVERY,True,False,False,1,True,True,False,False,False,DAY0_NO_POSITIVE_STRUCTURE,"{""d0_fresh_rs_p40"": 1.0, ""d0_fresh_volume_p40"": 3.0, ""d0_rs_slope5_p70"": 6.708057106025629, ""d0_rank_change3_p50"": 114.0, ""d0_flow_buy_days5_p70"": 4.0, ""d0_trend_eff5_p50"": 0.5314861460957175, ""d0_close_progress3_p50"": 5.966850828729298, ""d1_market_excess_p70"": 0.033209940654632675, ""d1_rs_change_p40"": 0.04062997403032401, ""d1_rank_change_p40"": -22.4, ""d1_flow_p50"": 4943366.0, ""d1_close_location_p30"": 0.43671497584541175, ""d1_upper_shadow_p70"": 0.23815384615384746, ""d3_rs_change_p40"": -2.0465804520160695, ""d3_rank_change_p40"": -73.39999999999999, ""d3_flow_acceleration_p50"": -16293412.410000004, ""d3_trend_eff_p50"": 0.8554216867469907, ""d3_max_drawdown_p30"": -2.645937542246859}"
00675L,富邦臺灣加權正2,2026-06-15,2026-06-15,A,RANGE_NORMAL,VOLATILE_RANGE,NORMAL,True,0,0,11.0,3.0,1.0,0.0,0,,False,False,88.8728323699422,82.94629898403484,76.72226250906454,72.16196673897325,88.1712626995646,4.050189953625889,3.342173126193791,0.07015696703776086,3,0.7080168274320982,-0.9245627096525908,3.1701372324297594,5.247192883061369,5.935161590567483,,,,2,3,3,111482734.65000004,-63227282.69999996,-612668669.5999999,-79195382.44999996,-1208154819.1999998,549441386.9,0.3488895967975028,210559772.52545297,4,0,0,1,1,0.839557399723376,0.43243243243243285,0.057992565055761745,-6.382978723404253,-15.592095773835268,2.2368698504009297,2,3,0.5212062958442018,0.5099845291531696,0.14570250157307274,2,5.950251991546085,10.270727580372263,10.289389067524123,-2.337779109845628,0.6680221358042716,1.0084622720846848,1.100329378907038,2,9.351189984352338,0,0,10.270727580372263,10.289389067524123,72.6,29.0,0.7666666666666667,,,29,True,False,False,False,A,1,,,UNAVAILABLE_IN_FROZEN_TOP120,325.85,3.8514653981893465,NEUTRAL,2026-06-30,MATURED,2026-06-15,2026-06-15,True,RECONSTRUCTED_NOT_PRODUCTION_EXACT,DISCOVERY,True,False,False,1,True,False,False,False,False,DAY0_NO_POSITIVE_STRUCTURE,"{""d0_fresh_rs_p40"": 1.0, ""d0_fresh_volume_p40"": 3.0, ""d0_rs_slope5_p70"": 6.708057106025629, ""d0_rank_change3_p50"": 114.0, ""d0_flow_buy_days5_p70"": 4.0, ""d0_trend_eff5_p50"": 0.5314861460957175, ""d0_close_progress3_p50"": 5.966850828729298, ""d1_market_excess_p70"": 0.033209940654632675, ""d1_rs_change_p40"": 0.04062997403032401, ""d1_rank_change_p40"": -22.4, ""d1_flow_p50"": 4943366.0, ""d1_close_location_p30"": 0.43671497584541175, ""d1_upper_shadow_p70"": 0.23815384615384746, ""d3_rs_change_p40"": -2.0465804520160695, ""d3_rank_change_p40"": -73.39999999999999, ""d3_flow_acceleration_p50"": -16293412.410000004, ""d3_trend_eff_p50"": 0.8554216867469907, ""d3_max_drawdown_p30"": -2.645937542246859}"
00685L,群益臺灣加權正2,2026-06-15,2026-06-15,A,RANGE_NORMAL,VOLATILE_RANGE,NORMAL,True,0,0,11.0,3.0,1.0,0.0,0,,False,False,89.8121387283237,82.22060957910014,76.6497461928934,72.59580621836587,88.53410740203194,4.387464178476766,3.4432665019915674,0.12780313262917672,3,0.9441976764851989,-0.12997415156051773,3.8301157884340853,5.943844380304397,6.550775333611081,,,,1,1,1,-73852250.85000001,-524867757.75000006,-2847542978.4,-1683561383.25,-7141552420.85,2322675220.65,0.22551295730667775,587380955.5663694,1,0,0,0,0,0.8565153733528557,0.4463190184049075,0.04637917005695677,-6.393907190931635,-15.602044075375288,2.3037004805855243,2,3,0.6460972392992628,0.58102864458454,0.11672492564919222,2,6.610230547550411,10.967379077615291,10.905002810567721,-1.889607160616602,1.090554048296242,1.2563687278969056,1.2553039229630805,2,8.687141505004638,0,0,10.967379077615291,10.905002810567721,72.3,30.0,0.7583333333333333,,,30,True,False,False,False,A,1,,,UNAVAILABLE_IN_FROZEN_TOP120,295.95,3.3958438925494105,NEUTRAL,2026-06-30,MATURED,2026-06-15,2026-06-15,True,RECONSTRUCTED_NOT_PRODUCTION_EXACT,DISCOVERY,True,False,False,1,False,False,False,False,False,DAY0_NO_POSITIVE_STRUCTURE,"{""d0_fresh_rs_p40"": 1.0, ""d0_fresh_volume_p40"": 3.0, ""d0_rs_slope5_p70"": 6.708057106025629, ""d0_rank_change3_p50"": 114.0, ""d0_flow_buy_days5_p70"": 4.0, ""d0_trend_eff5_p50"": 0.5314861460957175, ""d0_close_progress3_p50"": 5.966850828729298, ""d1_market_excess_p70"": 0.033209940654632675, ""d1_rs_change_p40"": 0.04062997403032401, ""d1_rank_change_p40"": -22.4, ""d1_flow_p50"": 4943366.0, ""d1_close_location_p30"": 0.43671497584541175, ""d1_upper_shadow_p70"": 0.23815384615384746, ""d3_rs_change_p40"": -2.0465804520160695, ""d3_rank_change_p40"": -73.39999999999999, ""d3_flow_acceleration_p50"": -16293412.410000004, ""d3_trend_eff_p50"": 0.8554216867469907, ""d3_max_drawdown_p30"": -2.645937542246859}"
4952,凌通,2026-06-15,2026-06-15,A,RANGE_NORMAL,VOLATILE_RANGE,NORMAL,True,0,0,0.0,1.0,0.0,,0,,False,False,85.11560693641619,64.94920174165458,14.285714285714286,8.532176428054953,69.66618287373004,23.609964216900632,15.316686101672246,1.5449424062686148,4,8.293278115228386,0.0,5.95594472043759,19.048575589009367,22.81968556652163,6.323778777799528,21.43474764895761,26.96114708603146,3,3,3,72125995.5,88161051.5,-12856055.4,83706758.1,51259877.89999999,101017106.9,0.5767208718885972,23186367.54558055,3,0,0,1,1,1.0,0.7668711656441719,0.27500000000000013,-3.873598369011211,-11.538461538461542,0.0,2,4,0.6662449926207038,0.5845691299597738,0.20472274931477974,3,8.736059479553916,24.07211028632026,27.173913043478272,12.71676300578035,3.0445610698161123,2.3044500404428945,1.491429047666803,2,18.220050820378777,1,0,24.07211028632026,27.173913043478272,72.2,31.0,0.75,,,31,False,False,True,False,C,1,,,UNAVAILABLE_IN_FROZEN_TOP120,58.5,-1.7094017094017144,NEUTRAL,2026-06-30,MATURED,2026-06-15,2026-06-15,True,RECONSTRUCTED_NOT_PRODUCTION_EXACT,DISCOVERY,True,True,False,2,True,True,True,True,True,WATCH_CANDIDATE_SHADOW,"{""d0_fresh_rs_p40"": 1.0, ""d0_fresh_volume_p40"": 3.0, ""d0_rs_slope5_p70"": 6.708057106025629, ""d0_rank_change3_p50"": 114.0, ""d0_flow_buy_days5_p70"": 4.0, ""d0_trend_eff5_p50"": 0.5314861460957175, ""d0_close_progress3_p50"": 5.966850828729298, ""d1_market_excess_p70"": 0.033209940654632675, ""d1_rs_change_p40"": 0.04062997403032401, ""d1_rank_change_p40"": -22.4, ""d1_flow_p50"": 4943366.0, ""d1_close_location_p30"": 0.43671497584541175, ""d1_upper_shadow_p70"": 0.23815384615384746, ""d3_rs_change_p40"": -2.0465804520160695, ""d3_rank_change_p40"": -73.39999999999999, ""d3_flow_acceleration_p50"": -16293412.410000004, ""d3_trend_eff_p50"": 0.8554216867469907, ""d3_max_drawdown_p30"": -2.645937542246859}"
00731,復華富時高息低波,2026-06-15,2026-06-15,A,RANGE_NORMAL,VOLATILE_RANGE,NORMAL,True,0,0,0.0,3.0,5.0,,0,,False,False,84.60982658959537,84.03483309143687,87.81725888324873,83.44179320318149,67.56168359941945,-1.0691440978844515,0.23360667728277634,1.7048142990175918,3,-1.3027507751672278,-3.207432293653355,-0.6748516012215822,-2.738824679736207,2.1741434809445126,,,,3,5,10,8652303.0,17251465.5,26007966.44999999,36180754.849999994,95717046.24999999,-8756500.949999992,0.18005141900207772,4329968.618419817,4,0,0,1,1,1.0,0.9145299145299145,0.5936254980079672,-0.29205607476635587,-2.6722090261282694,0.0,2,3,0.5358645276292298,0.5376381195626099,0.1504099821746934,1,2.1052631578947434,2.284710017574687,6.528370957901153,9.329993738259246,0.6917167455708753,1.2107078900154464,1.1213731306726247,2,5.821765101492391,0,1,2.284710017574687,6.528370957901153,71.9,36.0,0.7083333333333334,,,36,True,False,False,False,A,1,,,UNAVAILABLE_IN_FROZEN_TOP120,87.3,1.8327605956472093,NEUTRAL,2026-06-30,MATURED,2026-06-15,2026-06-15,True,RECONSTRUCTED_NOT_PRODUCTION_EXACT,DISCOVERY,True,False,False,1,True,False,False,False,False,DAY0_NO_POSITIVE_STRUCTURE,"{""d0_fresh_rs_p40"": 1.0, ""d0_fresh_volume_p40"": 3.0, ""d0_rs_slope5_p70"": 6.708057106025629, ""d0_rank_change3_p50"": 114.0, ""d0_flow_buy_days5_p70"": 4.0, ""d0_trend_eff5_p50"": 0.5314861460957175, ""d0_close_progress3_p50"": 5.966850828729298, ""d1_market_excess_p70"": 0.033209940654632675, ""d1_rs_change_p40"": 0.04062997403032401, ""d1_rank_change_p40"": -22.4, ""d1_flow_p50"": 4943366.0, ""d1_close_location_p30"": 0.43671497584541175, ""d1_upper_shadow_p70"": 0.23815384615384746, ""d3_rs_change_p40"": -2.0465804520160695, ""d3_rank_change_p40"": -73.39999999999999, ""d3_flow_acceleration_p50"": -16293412.410000004, ""d3_trend_eff_p50"": 0.8554216867469907, ""d3_max_drawdown_p30"": -2.645937542246859}"
00915,凱基優選高股息30,2026-06-15,2026-06-15,A,RANGE_NORMAL,VOLATILE_RANGE,NORMAL,True,0,0,1.0,9.0,10.0,,0,,False,False,85.621387283237,85.55878084179972,87.3821609862219,84.23716558206797,83.45428156748912,-0.5869245676616354,0.27684434023380505,0.21671057157478799,3,-0.8637689078954405,-1.7607737029849062,-0.40458595989731894,-0.1568680306442305,3.091127714300179,,,,3,5,10,81959623.46000001,249893795.07000002,193730929.2,372636945.39,933216292.13,56162865.870000035,0.24623361367333438,50189774.005368575,2,0,0,1,1,1.0,0.6374269005847949,0.2919463087248325,-2.0248203788373664,-4.094333442515563,0.0,2,4,0.3953216374269004,0.4227088554720133,0.6046783625730997,1,2.3755287992190066,4.866666666666664,7.445355191256819,5.854643337819665,0.6418826092696737,0.7472604196095114,0.786666490049759,0,9.464436690046222,0,1,4.866666666666664,7.445355191256819,71.7,38.0,0.6916666666666667,,,38,True,False,False,False,A,1,,,UNAVAILABLE_IN_FROZEN_TOP120,31.46,3.242212333121408,NEUTRAL,2026-06-30,MATURED,2026-06-15,2026-06-15,True,RECONSTRUCTED_NOT_PRODUCTION_EXACT,DISCOVERY,False,False,False,0,True,False,False,False,False,DAY0_NO_POSITIVE_STRUCTURE,"{""d0_fresh_rs_p40"": 1.0, ""d0_fresh_volume_p40"": 3.0, ""d0_rs_slope5_p70"": 6.708057106025629, ""d0_rank_change3_p50"": 114.0, ""d0_flow_buy_days5_p70"": 4.0, ""d0_trend_eff5_p50"": 0.5314861460957175, ""d0_close_progress3_p50"": 5.966850828729298, ""d1_market_excess_p70"": 0.033209940654632675, ""d1_rs_change_p40"": 0.04062997403032401, ""d1_rank_change_p40"": -22.4, ""d1_flow_p50"": 4943366.0, ""d1_close_location_p30"": 0.43671497584541175, ""d1_upper_shadow_p70"": 0.23815384615384746, ""d3_rs_change_p40"": -2.0465804520160695, ""d3_rank_change_p40"": -73.39999999999999, ""d3_flow_acceleration_p50"": -16293412.410000004, ""d3_trend_eff_p50"": 0.8554216867469907, ""d3_max_drawdown_p30"": -2.645937542246859}"
00929,復華台灣科技優息,2026-06-15,2026-06-15,A,RANGE_NORMAL,VOLATILE_RANGE,NORMAL,True,0,0,11.0,3.0,12.0,,0,,False,False,86.19942196531792,84.1799709724238,81.58085569253082,82.28488792480115,92.3076923076923,1.5395220909290355,0.782906808103354,-0.6108270342374382,3,0.7566152828256815,-6.704271010786343,0.5407934076067988,3.4046303098014716,4.228393605664448,,,,3,3,4,234883221.34999996,605682347.87,-789253196.3199999,18305509.870000005,-471794899.57999986,1394935544.19,0.30604016905018017,247269309.0883453,3,0,0,1,1,1.0,0.47912524850894656,0.038224414303329506,-4.451240231056741,-9.3608779857973,0.0,2,4,0.551363636363637,0.528518181818182,0.15530303030303122,1,3.3209081667231244,8.428165007112366,8.582621082621088,-1.006493506493511,0.7008175543613996,0.8302671470932355,0.8996660665185199,1,9.539785262584884,0,0,8.428165007112366,8.582621082621088,71.4,41.0,0.6666666666666666,,,41,True,False,False,False,A,1,,,UNAVAILABLE_IN_FROZEN_TOP120,30.49,0.951131518530679,NEUTRAL,2026-06-30,MATURED,2026-06-15,2026-06-15,True,RECONSTRUCTED_NOT_PRODUCTION_EXACT,DISCOVERY,True,False,False,1,True,False,False,False,False,DAY0_NO_POSITIVE_STRUCTURE,"{""d0_fresh_rs_p40"": 1.0, ""d0_fresh_volume_p40"": 3.0, ""d0_rs_slope5_p70"": 6.708057106025629, ""d0_rank_change3_p50"": 114.0, ""d0_flow_buy_days5_p70"": 4.0, ""d0_trend_eff5_p50"": 0.5314861460957175, ""d0_close_progress3_p50"": 5.966850828729298, ""d1_market_excess_p70"": 0.033209940654632675, ""d1_rs_change_p40"": 0.04062997403032401, ""d1_rank_change_p40"": -22.4, ""d1_flow_p50"": 4943366.0, ""d1_close_location_p30"": 0.43671497584541175, ""d1_upper_shadow_p70"": 0.23815384615384746, ""d3_rs_change_p40"": -2.0465804520160695, ""d3_rank_change_p40"": -73.39999999999999, ""d3_flow_acceleration_p50"": -16293412.410000004, ""d3_trend_eff_p50"": 0.8554216867469907, ""d3_max_drawdown_p30"": -2.645937542246859}"
00901,永豐智能車供應鏈,2026-06-15,2026-06-15,A,RANGE_NORMAL,VOLATILE_RANGE,NORMAL,True,0,0,8.0,3.0,0.0,,0,,False,False,81.14161849710983,78.01161103047896,73.31399564902102,74.54808387563268,85.41364296081277,2.6092076160296025,1.3187069242954295,-0.42720244637029336,3,1.290500691734173,-4.520944862774314,0.24884831848703826,0.5257291758487881,0.6480257902808484,,,,3,4,7,2164616.5999999996,5777361.779999999,798810.7000000002,5767568.879999999,5768025.420000005,4978551.079999999,0.22226057581406714,2106938.8865587898,2,0,0,1,1,0.890909090909092,0.3404907975460123,0.09358752166377808,-4.658721560130008,-9.072122339326306,1.9969718125812106,2,3,0.4780129485599322,0.4892435196679612,0.20944224857268315,2,3.028963077603364,5.549263873159682,5.002253267237489,-2.2651006711409405,0.4423437629476408,0.7435022757628329,0.7800527483074858,2,6.412711548149908,0,0,5.549263873159682,5.002253267237489,71.0,44.0,0.6416666666666667,,,44,True,False,False,False,A,1,,,UNAVAILABLE_IN_FROZEN_TOP120,46.6,1.716738197424883,NEUTRAL,2026-06-30,MATURED,2026-06-15,2026-06-15,True,RECONSTRUCTED_NOT_PRODUCTION_EXACT,DISCOVERY,True,False,False,1,True,False,False,False,False,DAY0_NO_POSITIVE_STRUCTURE,"{""d0_fresh_rs_p40"": 1.0, ""d0_fresh_volume_p40"": 3.0, ""d0_rs_slope5_p70"": 6.708057106025629, ""d0_rank_change3_p50"": 114.0, ""d0_flow_buy_days5_p70"": 4.0, ""d0_trend_eff5_p50"": 0.5314861460957175, ""d0_close_progress3_p50"": 5.966850828729298, ""d1_market_excess_p70"": 0.033209940654632675, ""d1_rs_change_p40"": 0.04062997403032401, ""d1_rank_change_p40"": -22.4, ""d1_flow_p50"": 4943366.0, ""d1_close_location_p30"": 0.43671497584541175, ""d1_upper_shadow_p70"": 0.23815384615384746, ""d3_rs_change_p40"": -2.0465804520160695, ""d3_rank_change_p40"": -73.39999999999999, ""d3_flow_acceleration_p50"": -16293412.410000004, ""d3_trend_eff_p50"": 0.8554216867469907, ""d3_max_drawdown_p30"": -2.645937542246859}"
00918,大華優利高填息30,2026-06-15,2026-06-15,A,RANGE_NORMAL,VOLATILE_RANGE,NORMAL,True,0,0,0.0,3.0,12.0,,0,,False,False,92.19653179190752,91.50943396226415,90.50036258158086,89.94938539407086,91.29172714078375,0.5653897367755528,0.4494292795673317,0.09048046511237687,4,0.11596045720822112,-0.9243950726833532,0.5586210593601759,0.8900865651475742,3.3121014659680537,,,,1,1,1,235089655.40000004,-1066485338.1500001,-4312590325.869999,-3055437043.2900004,-13232881856.49,3246104987.719999,0.21862600325475134,920175591.2904944,3,0,0,1,1,1.0,0.5926892950391652,0.193460490463215,-2.525906735751282,-6.6813740939174355,0.0,2,4,0.5608695652173917,0.5239349530162135,0.19297658862876457,3,3.3387358184765015,5.913621262458468,7.666328942924694,4.6618516086671,1.185933678992108,1.2607961657278692,1.2359631655889263,3,6.2027163562530205,0,1,5.913621262458468,7.666328942924694,70.6,47.0,0.6166666666666667,,,47,True,False,False,False,A,1,,,UNAVAILABLE_IN_FROZEN_TOP120,31.88,0.7841907151819427,NEUTRAL,2026-06-30,MATURED,2026-06-15,2026-06-15,True,RECONSTRUCTED_NOT_PRODUCTION_EXACT,DISCOVERY,True,False,False,1,True,False,False,False,False,DAY0_NO_POSITIVE_STRUCTURE,"{""d0_fresh_rs_p40"": 1.0, ""d0_fresh_volume_p40"": 3.0, ""d0_rs_slope5_p70"": 6.708057106025629, ""d0_rank_change3_p50"": 114.0, ""d0_flow_buy_days5_p70"": 4.0, ""d0_trend_eff5_p50"": 0.5314861460957175, ""d0_close_progress3_p50"": 5.966850828729298, ""d1_market_excess_p70"": 0.033209940654632675, ""d1_rs_change_p40"": 0.04062997403032401, ""d1_rank_change_p40"": -22.4, ""d1_flow_p50"": 4943366.0, ""d1_close_location_p30"": 0.43671497584541175, ""d1_upper_shadow_p70"": 0.23815384615384746, ""d3_rs_change_p40"": -2.0465804520160695, ""d3_rank_change_p40"": -73.39999999999999, ""d3_flow_acceleration_p50"": -16293412.410000004, ""d3_trend_eff_p50"": 0.8554216867469907, ""d3_max_drawdown_p30"": -2.645937542246859}"
00939,統一台灣高息動能,2026-06-15,2026-06-15,A,RANGE_NORMAL,VOLATILE_RANGE,NORMAL,True,0,0,0.0,13.0,12.0,,0,,False,False,85.54913294797687,85.19593613933236,87.67222625090645,85.53868402024584,83.74455732946299,-0.7076977676431918,0.002089785546206713,0.180457561851388,3,-0.7097875531893986,-2.1230933029295755,-0.9122986671622924,-2.319526971574537,1.2564974485647085,,,,3,5,10,60197333.04,158073111.6,175477096.31,258697299.85,583221152.58,-17403984.71000001,0.13346197005315755,15031604.724772207,5,0,0,1,1,1.0,0.6312849162011183,0.2444444444444447,-1.5684410646387703,-4.095238095238097,0.0,2,4,0.4093847194049987,0.47020085621302454,0.323029073698446,1,1.8678160919540332,2.704007725736357,5.610724925521349,3.756097560975613,0.7283701396706116,0.72151131529675,0.8095736017387797,0,6.930469216721975,0,1,2.704007725736357,5.610724925521349,70.4,50.0,0.5916666666666667,,,50,True,False,False,False,A,1,,,UNAVAILABLE_IN_FROZEN_TOP120,21.27,0.8932769158439102,NEUTRAL,2026-06-30,MATURED,2026-06-15,2026-06-15,True,RECONSTRUCTED_NOT_PRODUCTION_EXACT,DISCOVERY,False,False,False,0,True,False,False,False,False,DAY0_NO_POSITIVE_STRUCTURE,"{""d0_fresh_rs_p40"": 1.0, ""d0_fresh_volume_p40"": 3.0, ""d0_rs_slope5_p70"": 6.708057106025629, ""d0_rank_change3_p50"": 114.0, ""d0_flow_buy_days5_p70"": 4.0, ""d0_trend_eff5_p50"": 0.5314861460957175, ""d0_close_progress3_p50"": 5.966850828729298, ""d1_market_excess_p70"": 0.033209940654632675, ""d1_rs_change_p40"": 0.04062997403032401, ""d1_rank_change_p40"": -22.4, ""d1_flow_p50"": 4943366.0, ""d1_close_location_p30"": 0.43671497584541175, ""d1_upper_shadow_p70"": 0.23815384615384746, ""d3_rs_change_p40"": -2.0465804520160695, ""d3_rank_change_p40"": -73.39999999999999, ""d3_flow_acceleration_p50"": -16293412.410000004, ""d3_trend_eff_p50"": 0.8554216867469907, ""d3_max_drawdown_p30"": -2.645937542246859}"
00690,兆豐藍籌30,2026-06-15,2026-06-15,A,RANGE_NORMAL,VOLATILE_RANGE,NORMAL,True,0,0,8.0,12.0,12.0,,0,,False,False,75.21676300578035,69.23076923076923,67.2226250906454,61.749819233550255,78.01161103047896,2.664712638378319,2.693388754446019,-0.27948480246986096,3,-0.028676116067700264,-2.0460899992884407,0.5682432576254559,-0.1215739129971638,0.4792147176873929,,,,3,4,6,25859037.75,35265431.3,-5056268.699999999,37855129.7,8228151.200000003,40321700.0,0.18640724552566496,15746368.90408803,2,0,0,1,1,0.9493670886075977,0.34579439252336464,0.04819277108433715,-4.380475594493117,-6.027060270602691,2.062300097343911,2,3,0.38585858585858795,0.42763404122284154,0.3108452950558202,1,3.3483580167417815,4.90196078431373,4.833442194644033,-0.9870450339296677,0.7836307193026963,0.7781777240158524,0.8376121861453558,0,5.770501282803994,0,0,4.90196078431373,4.833442194644033,70.3,53.0,0.575,,,53,True,False,False,False,A,1,,,UNAVAILABLE_IN_FROZEN_TOP120,80.25,1.3707165109034136,NEUTRAL,2026-06-30,MATURED,2026-06-15,2026-06-15,True,RECONSTRUCTED_NOT_PRODUCTION_EXACT,DISCOVERY,False,False,False,0,True,False,False,False,False,DAY0_NO_POSITIVE_STRUCTURE,"{""d0_fresh_rs_p40"": 1.0, ""d0_fresh_volume_p40"": 3.0, ""d0_rs_slope5_p70"": 6.708057106025629, ""d0_rank_change3_p50"": 114.0, ""d0_flow_buy_days5_p70"": 4.0, ""d0_trend_eff5_p50"": 0.5314861460957175, ""d0_close_progress3_p50"": 5.966850828729298, ""d1_market_excess_p70"": 0.033209940654632675, ""d1_rs_change_p40"": 0.04062997403032401, ""d1_rank_change_p40"": -22.4, ""d1_flow_p50"": 4943366.0, ""d1_close_location_p30"": 0.43671497584541175, ""d1_upper_shadow_p70"": 0.23815384615384746, ""d3_rs_change_p40"": -2.0465804520160695, ""d3_rank_change_p40"": -73.39999999999999, ""d3_flow_acceleration_p50"": -16293412.410000004, ""d3_trend_eff_p50"": 0.8554216867469907, ""d3_max_drawdown_p30"": -2.645937542246859}"
00954,中信日本半導體,2026-06-15,2026-06-15,A,RANGE_NORMAL,VOLATILE_RANGE,NORMAL,True,0,0,1.0,0.0,1.0,,0,,False,False,90.02890173410404,86.066763425254,46.337926033357505,32.031814895155456,60.0145137880987,14.563658566915512,11.599417367789716,3.001438794600534,4,2.964241199125796,0.0,2.9900809257808136,10.673501526618857,14.205952500546147,,,,2,4,6,-1689035.0000000112,50912882.31999999,-16674358.73000002,67616366.40999998,28913657.059999976,67587241.05000001,0.24183320553868456,17194202.2312373,3,0,0,0,0,1.0,0.8168316831683163,0.37171464330413023,-1.9903173749327596,-10.563380281690126,0.0,2,4,0.8526281589982263,0.6979894886052322,0.14737184100177378,3,5.770195684897139,15.69703622392975,18.560179977502788,16.39977912755384,1.3381407228572708,1.3594631725442843,1.2822295684583522,3,14.474927449862218,1,0,15.69703622392975,18.560179977502788,70.2,54.0,0.5583333333333333,,,54,True,False,False,False,A,1,,,UNAVAILABLE_IN_FROZEN_TOP120,21.08,6.166982922201147,NEUTRAL,2026-06-30,MATURED,2026-06-15,2026-06-15,True,RECONSTRUCTED_NOT_PRODUCTION_EXACT,DISCOVERY,True,True,False,2,True,True,True,True,True,WATCH_CANDIDATE_SHADOW,"{""d0_fresh_rs_p40"": 1.0, ""d0_fresh_volume_p40"": 3.0, ""d0_rs_slope5_p70"": 6.708057106025629, ""d0_rank_change3_p50"": 114.0, ""d0_flow_buy_days5_p70"": 4.0, ""d0_trend_eff5_p50"": 0.5314861460957175, ""d0_close_progress3_p50"": 5.966850828729298, ""d1_market_excess_p70"": 0.033209940654632675, ""d1_rs_change_p40"": 0.04062997403032401, ""d1_rank_change_p40"": -22.4, ""d1_flow_p50"": 4943366.0, ""d1_close_location_p30"": 0.43671497584541175, ""d1_upper_shadow_p70"": 0.23815384615384746, ""d3_rs_change_p40"": -2.0465804520160695, ""d3_rank_change_p40"": -73.39999999999999, ""d3_flow_acceleration_p50"": -16293412.410000004, ""d3_trend_eff_p50"": 0.8554216867469907, ""d3_max_drawdown_p30"": -2.645937542246859}"
00935,野村臺灣新科技50,2026-06-15,2026-06-15,A,RANGE_NORMAL,VOLATILE_RANGE,NORMAL,True,0,0,8.0,3.0,0.0,,0,,False,False,80.49132947976878,77.72133526850509,69.90572878897753,68.40202458423717,82.0754716981132,3.5285335635970845,2.4178609791063224,-0.1584142218344425,3,1.1106725844907621,-2.419604625951706,0.6183559290739993,1.5438908718659938,1.4718594795650963,,,,2,2,2,182531136.5,12801899.350000024,-1665757520.2,-707287965.8499999,-3226673517.2,1678559419.5500002,0.24643029941965794,329647387.67928445,1,4,0,1,1,0.9036144578313241,0.33668341708542693,0.0959752321981422,-5.481727574750838,-9.177972865123706,2.3996194820534003,2,3,0.521817363922627,0.5050904183535766,0.3243364822312193,3,3.398470688190325,6.567425569176888,5.826086956521737,-2.48397435897435,0.6950307089787195,0.8029709935226077,0.8949598475547246,1,6.50988641830156,0,0,6.567425569176888,5.826086956521737,70.2,55.0,0.5583333333333333,,,55,True,False,False,False,A,1,,,UNAVAILABLE_IN_FROZEN_TOP120,60.85,2.629416598192269,NEUTRAL,2026-06-30,MATURED,2026-06-15,2026-06-15,True,RECONSTRUCTED_NOT_PRODUCTION_EXACT,DISCOVERY,True,False,False,1,True,False,False,False,False,DAY0_NO_POSITIVE_STRUCTURE,"{""d0_fresh_rs_p40"": 1.0, ""d0_fresh_volume_p40"": 3.0, ""d0_rs_slope5_p70"": 6.708057106025629, ""d0_rank_change3_p50"": 114.0, ""d0_flow_buy_days5_p70"": 4.0, ""d0_trend_eff5_p50"": 0.5314861460957175, ""d0_close_progress3_p50"": 5.966850828729298, ""d1_market_excess_p70"": 0.033209940654632675, ""d1_rs_change_p40"": 0.04062997403032401, ""d1_rank_change_p40"": -22.4, ""d1_flow_p50"": 4943366.0, ""d1_close_location_p30"": 0.43671497584541175, ""d1_upper_shadow_p70"": 0.23815384615384746, ""d3_rs_change_p40"": -2.0465804520160695, ""d3_rank_change_p40"": -73.39999999999999, ""d3_flow_acceleration_p50"": -16293412.410000004, ""d3_trend_eff_p50"": 0.8554216867469907, ""d3_max_drawdown_p30"": -2.645937542246859}"
00830,國泰費城半導體,2026-06-15,2026-06-15,A,RANGE_NORMAL,VOLATILE_RANGE,NORMAL,True,0,0,0.0,1.0,1.0,,0,,False,False,88.58381502890174,80.76923076923077,66.78752719361856,79.9710773680405,85.55878084179972,7.265429278427727,1.7225475321722485,0.30250341871020225,3,5.542881746255478,-0.5229387837344319,3.251118412666121,8.007464154583488,7.648047835898875,,,,2,3,3,230717181.2,680423602.1999999,-1529103856.6,-87499744.30000007,-1801110967.7999997,2209527458.7999997,0.2343456896709245,403693881.41140836,3,0,0,1,1,1.0,0.5314861460957175,0.22644163150492258,-5.068119891008182,-10.206185567010317,0.0,2,3,0.9269368624207318,0.7561621174524391,0.07306313757926808,2,6.031233171782446,13.030998851894381,12.002275312855515,8.904867256637171,2.242214160608597,1.4687142306307175,1.2914218755146492,3,9.293845443087639,1,0,13.030998851894381,12.002275312855515,70.0,56.0,0.5416666666666666,,,56,True,False,False,False,A,1,,,UNAVAILABLE_IN_FROZEN_TOP120,98.45,-0.6602336211274817,NEUTRAL,2026-06-30,MATURED,2026-06-15,2026-06-15,True,RECONSTRUCTED_NOT_PRODUCTION_EXACT,DISCOVERY,True,False,False,1,True,True,False,False,False,DAY0_NO_POSITIVE_STRUCTURE,"{""d0_fresh_rs_p40"": 1.0, ""d0_fresh_volume_p40"": 3.0, ""d0_rs_slope5_p70"": 6.708057106025629, ""d0_rank_change3_p50"": 114.0, ""d0_flow_buy_days5_p70"": 4.0, ""d0_trend_eff5_p50"": 0.5314861460957175, ""d0_close_progress3_p50"": 5.966850828729298, ""d1_market_excess_p70"": 0.033209940654632675, ""d1_rs_change_p40"": 0.04062997403032401, ""d1_rank_change_p40"": -22.4, ""d1_flow_p50"": 4943366.0, ""d1_close_location_p30"": 0.43671497584541175, ""d1_upper_shadow_p70"": 0.23815384615384746, ""d3_rs_change_p40"": -2.0465804520160695, ""d3_rank_change_p40"": -73.39999999999999, ""d3_flow_acceleration_p50"": -16293412.410000004, ""d3_trend_eff_p50"": 0.8554216867469907, ""d3_max_drawdown_p30"": -2.645937542246859}"
00951,台新日本半導體,2026-06-15,2026-06-15,A,RANGE_NORMAL,VOLATILE_RANGE,NORMAL,True,0,0,1.0,1.0,1.0,,0,,False,False,89.45086705202313,85.3410740203193,44.017403915881076,32.176428054953,59.796806966618284,15.14448771204735,11.454887799414026,2.9654060085404845,4,3.6895999126333248,0.0,3.1748208632012664,10.880221171233707,14.051048302419854,,,,2,4,8,-7210567.0,57312687.010000005,7464988.6000000015,108875308.85000001,129349221.1,49847698.410000004,0.22055239863358728,27201922.334326256,4,0,0,0,0,1.0,0.7932816537467692,0.3766937669376694,-2.2935779816513846,-10.080862533692725,0.0,2,4,0.8228065195278296,0.6716687437860374,0.17719348047217043,3,5.954935622317592,15.9037558685446,18.405275779376495,16.381850324101354,1.3145855449442132,1.1118372311875666,1.0765387422665136,2,17.096714736551476,1,0,15.9037558685446,18.405275779376495,69.8,58.0,0.525,,,58,True,False,False,False,A,1,,,UNAVAILABLE_IN_FROZEN_TOP120,19.75,6.278481012658221,NEUTRAL,2026-06-30,MATURED,2026-06-15,2026-06-15,True,RECONSTRUCTED_NOT_PRODUCTION_EXACT,DISCOVERY,True,True,False,2,True,True,True,True,True,WATCH_CANDIDATE_SHADOW,"{""d0_fresh_rs_p40"": 1.0, ""d0_fresh_volume_p40"": 3.0, ""d0_rs_slope5_p70"": 6.708057106025629, ""d0_rank_change3_p50"": 114.0, ""d0_flow_buy_days5_p70"": 4.0, ""d0_trend_eff5_p50"": 0.5314861460957175, ""d0_close_progress3_p50"": 5.966850828729298, ""d1_market_excess_p70"": 0.033209940654632675, ""d1_rs_change_p40"": 0.04062997403032401, ""d1_rank_change_p40"": -22.4, ""d1_flow_p50"": 4943366.0, ""d1_close_location_p30"": 0.43671497584541175, ""d1_upper_shadow_p70"": 0.23815384615384746, ""d3_rs_change_p40"": -2.0465804520160695, ""d3_rank_change_p40"": -73.39999999999999, ""d3_flow_acceleration_p50"": -16293412.410000004, ""d3_trend_eff_p50"": 0.8554216867469907, ""d3_max_drawdown_p30"": -2.645937542246859}"
00735,國泰臺韓科技,2026-06-15,2026-06-15,A,RANGE_NORMAL,VOLATILE_RANGE,NORMAL,True,0,0,11.0,10.0,1.0,,0,,False,False,83.88728323699422,82.36574746008708,62.1464829586657,70.86044830079537,91.43686502177069,7.246933426109507,2.6053669872397704,-0.7549581784776465,4,4.641566438869736,-8.65435325829904,0.13427504051937156,3.997208187397262,3.6247500672382804,,,,2,2,2,-5503326.0,95703896.25,-468284002.8,-100819544.75000001,-2178469596.95,563987899.05,0.24635202357137456,220747619.26028353,4,0,0,0,0,1.0,0.4063260340632604,0.0862290862290861,-5.558086560364462,-13.372335979941496,0.0,2,4,0.41360028860028875,0.42392221839124533,0.21206108706108848,3,2.914389799635697,9.020742884708156,7.978977544194921,-2.8792436613665595,0.612354026124922,0.8445995089788007,0.8735801672833549,0,9.133652345849166,0,0,9.020742884708156,7.978977544194921,69.7,60.0,0.5166666666666667,,,60,True,False,False,False,A,1,,,UNAVAILABLE_IN_FROZEN_TOP120,113.0,3.4070796460176966,NEUTRAL,2026-06-30,MATURED,2026-06-15,2026-06-15,True,RECONSTRUCTED_NOT_PRODUCTION_EXACT,DISCOVERY,True,False,False,1,False,False,False,False,False,DAY0_NO_POSITIVE_STRUCTURE,"{""d0_fresh_rs_p40"": 1.0, ""d0_fresh_volume_p40"": 3.0, ""d0_rs_slope5_p70"": 6.708057106025629, ""d0_rank_change3_p50"": 114.0, ""d0_flow_buy_days5_p70"": 4.0, ""d0_trend_eff5_p50"": 0.5314861460957175, ""d0_close_progress3_p50"": 5.966850828729298, ""d1_market_excess_p70"": 0.033209940654632675, ""d1_rs_change_p40"": 0.04062997403032401, ""d1_rank_change_p40"": -22.4, ""d1_flow_p50"": 4943366.0, ""d1_close_location_p30"": 0.43671497584541175, ""d1_upper_shadow_p70"": 0.23815384615384746, ""d3_rs_change_p40"": -2.0465804520160695, ""d3_rank_change_p40"": -73.39999999999999, ""d3_flow_acceleration_p50"": -16293412.410000004, ""d3_trend_eff_p50"": 0.8554216867469907, ""d3_max_drawdown_p30"": -2.645937542246859}"
5471,松翰,2026-06-15,2026-06-15,A,RANGE_NORMAL,VOLATILE_RANGE,NORMAL,True,0,0,0.0,1.0,12.0,,0,,False,False,79.6242774566474,63.64296081277213,23.132704858593183,25.95806218365871,87.4455732946299,18.830524199351405,10.73324305459774,-0.7821295837982489,4,8.097281144753666,-5.38658423777693,3.123944281474067,13.449117521471354,15.229105856376687,2.428545612470323,11.96858717813185,13.252735443532625,3,5,9,143730403.6,252601889.5,41929588.25,285451797.75,298914078.45000005,210672301.25,0.43883454989459303,44775675.61521872,5,0,0,1,1,1.0,0.7899159663865546,0.2499999999999998,-2.515090543259557,-9.6045197740113,0.0,2,4,0.6654095838493005,0.5428210482510759,0.33459041615069945,4,5.9040590405903925,18.472652218782248,19.58333333333333,8.097928436911484,2.4207094686993478,1.7565524684125182,1.2370143566235012,2,15.831128578642462,1,0,18.472652218782248,19.58333333333333,69.3,63.0,0.48333333333333334,90.0,,63,True,False,False,False,A,1,,,UNAVAILABLE_IN_FROZEN_TOP120,57.4,7.317073170731714,NEUTRAL,2026-06-30,MATURED,2026-06-15,2026-06-15,True,RECONSTRUCTED_NOT_PRODUCTION_EXACT,DISCOVERY,True,True,False,2,True,True,True,True,True,WATCH_CANDIDATE_SHADOW,"{""d0_fresh_rs_p40"": 1.0, ""d0_fresh_volume_p40"": 3.0, ""d0_rs_slope5_p70"": 6.708057106025629, ""d0_rank_change3_p50"": 114.0, ""d0_flow_buy_days5_p70"": 4.0, ""d0_trend_eff5_p50"": 0.5314861460957175, ""d0_close_progress3_p50"": 5.966850828729298, ""d1_market_excess_p70"": 0.033209940654632675, ""d1_rs_change_p40"": 0.04062997403032401, ""d1_rank_change_p40"": -22.4, ""d1_flow_p50"": 4943366.0, ""d1_close_location_p30"": 0.43671497584541175, ""d1_upper_shadow_p70"": 0.23815384615384746, ""d3_rs_change_p40"": -2.0465804520160695, ""d3_rank_change_p40"": -73.39999999999999, ""d3_flow_acceleration_p50"": -16293412.410000004, ""d3_trend_eff_p50"": 0.8554216867469907, ""d3_max_drawdown_p30"": -2.645937542246859}"
009804,聯邦台精彩50,2026-06-15,2026-06-15,A,RANGE_NORMAL,VOLATILE_RANGE,NORMAL,True,0,0,8.0,3.0,0.0,,0,,False,False,81.0693641618497,78.59216255442671,77.73749093546049,75.77729573391179,82.22060957910014,1.1106244087964068,1.058413685587584,-0.11512454172504363,3,0.052210723208822696,-1.1898682784109695,0.13292871914454274,-0.2890214229746002,0.6590821947381365,,,,3,4,6,11607365.61,20349465.560000002,-14856758.299999997,19483758.6,-10695103.829999998,35206223.86,0.2019220024869365,7943643.835791702,1,0,0,1,1,0.7810218978102166,0.35423197492163033,0.014545454545454216,-4.3867120954003465,-7.5751337999176656,1.542076856974861,2,3,0.5200000000000006,0.5061591784338901,0.13777777777777575,1,2.9130434782608683,4.734513274336294,5.013309671694777,-0.3368421052631465,0.7359280360287613,0.7664944732466277,1.0386743677826868,1,4.826642331029073,0,0,4.734513274336294,5.013309671694777,69.1,65.0,0.4666666666666667,,,65,True,False,False,False,A,1,,,UNAVAILABLE_IN_FROZEN_TOP120,23.67,2.408111533586798,NEUTRAL,2026-06-30,MATURED,2026-06-15,2026-06-15,True,RECONSTRUCTED_NOT_PRODUCTION_EXACT,DISCOVERY,True,False,False,1,True,False,False,False,False,DAY0_NO_POSITIVE_STRUCTURE,"{""d0_fresh_rs_p40"": 1.0, ""d0_fresh_volume_p40"": 3.0, ""d0_rs_slope5_p70"": 6.708057106025629, ""d0_rank_change3_p50"": 114.0, ""d0_flow_buy_days5_p70"": 4.0, ""d0_trend_eff5_p50"": 0.5314861460957175, ""d0_close_progress3_p50"": 5.966850828729298, ""d1_market_excess_p70"": 0.033209940654632675, ""d1_rs_change_p40"": 0.04062997403032401, ""d1_rank_change_p40"": -22.4, ""d1_flow_p50"": 4943366.0, ""d1_close_location_p30"": 0.43671497584541175, ""d1_upper_shadow_p70"": 0.23815384615384746, ""d3_rs_change_p40"": -2.0465804520160695, ""d3_rank_change_p40"": -73.39999999999999, ""d3_flow_acceleration_p50"": -16293412.410000004, ""d3_trend_eff_p50"": 0.8554216867469907, ""d3_max_drawdown_p30"": -2.645937542246859}"
4551,智伸科,2026-06-15,2026-06-15,A,RANGE_NORMAL,VOLATILE_RANGE,NORMAL,True,0,0,0.0,1.0,0.0,,0,,False,False,81.28612716763006,31.712626995645863,9.209572153734591,17.49819233550253,73.87518142235123,24.025518337965156,12.757586966425505,0.7410945745278823,2,11.267931371539651,0.0,7.088306293515246,16.431010757234567,15.359034171788874,8.749688683899205,19.642951251646902,17.035559896680194,2,2,4,61404063.0,124295726.5,-52893215.5,54000723.0,50287695.0,177188942.0,0.2867190833104132,36467593.803132616,5,0,0,1,1,1.0,0.6790123456790124,0.24770642201834864,-4.513888888888884,-10.423452768729646,0.0,2,4,0.9743589743589745,0.8221153846153847,0.025641025641025644,0,9.868421052631572,21.45454545454546,19.713261648745515,8.794788273615639,2.597456860464276,1.6036752265276948,1.4620230014971807,3,13.483550962302374,1,0,21.45454545454546,19.713261648745515,68.4,70.0,0.425,,,70,False,False,True,False,C,1,,,UNAVAILABLE_IN_FROZEN_TOP120,167.0,34.730538922155695,WINNER,2026-06-30,MATURED,2026-06-15,2026-06-15,True,RECONSTRUCTED_NOT_PRODUCTION_EXACT,DISCOVERY,True,True,False,2,True,True,True,True,True,WATCH_CANDIDATE_SHADOW,"{""d0_fresh_rs_p40"": 1.0, ""d0_fresh_volume_p40"": 3.0, ""d0_rs_slope5_p70"": 6.708057106025629, ""d0_rank_change3_p50"": 114.0, ""d0_flow_buy_days5_p70"": 4.0, ""d0_trend_eff5_p50"": 0.5314861460957175, ""d0_close_progress3_p50"": 5.966850828729298, ""d1_market_excess_p70"": 0.033209940654632675, ""d1_rs_change_p40"": 0.04062997403032401, ""d1_rank_change_p40"": -22.4, ""d1_flow_p50"": 4943366.0, ""d1_close_location_p30"": 0.43671497584541175, ""d1_upper_shadow_p70"": 0.23815384615384746, ""d3_rs_change_p40"": -2.0465804520160695, ""d3_rank_change_p40"": -73.39999999999999, ""d3_flow_acceleration_p50"": -16293412.410000004, ""d3_trend_eff_p50"": 0.8554216867469907, ""d3_max_drawdown_p30"": -2.645937542246859}"
00930,永豐ESG低碳高息,2026-06-15,2026-06-15,A,RANGE_NORMAL,VOLATILE_RANGE,NORMAL,True,0,0,11.0,16.0,12.0,,0,,False,False,83.52601156069365,83.74455732946299,82.52356780275562,82.14027476500361,90.27576197387518,0.3341479193126749,0.27714735913800725,-0.674975041318153,3,0.05700056017466765,-7.277753826706785,-0.4218193515863389,-0.3261161615512709,0.2546520156437859,,,,3,4,9,20258423.22,37504530.16,25953199.00000001,45186850.71000001,100954336.50000001,11551331.159999985,0.19615938016037,6165334.321600917,4,0,0,1,1,1.0,0.34384858044163974,0.07770270270270273,-4.215646534252137,-8.410852713178297,0.0,2,4,0.3496732026143765,0.3984402852049902,0.41421568627451094,1,2.3582954075299867,4.697418535759623,4.608879492600426,-1.82539682539683,0.39061130616299017,0.4135259460192394,0.5551141107855777,0,8.302580321869506,0,0,4.697418535759623,4.608879492600426,68.4,71.0,0.425,,,71,True,False,False,False,A,1,,,UNAVAILABLE_IN_FROZEN_TOP120,24.74,0.8488278092158463,NEUTRAL,2026-06-30,MATURED,2026-06-15,2026-06-15,True,RECONSTRUCTED_NOT_PRODUCTION_EXACT,DISCOVERY,False,False,False,0,True,False,False,False,False,DAY0_NO_POSITIVE_STRUCTURE,"{""d0_fresh_rs_p40"": 1.0, ""d0_fresh_volume_p40"": 3.0, ""d0_rs_slope5_p70"": 6.708057106025629, ""d0_rank_change3_p50"": 114.0, ""d0_flow_buy_days5_p70"": 4.0, ""d0_trend_eff5_p50"": 0.5314861460957175, ""d0_close_progress3_p50"": 5.966850828729298, ""d1_market_excess_p70"": 0.033209940654632675, ""d1_rs_change_p40"": 0.04062997403032401, ""d1_rank_change_p40"": -22.4, ""d1_flow_p50"": 4943366.0, ""d1_close_location_p30"": 0.43671497584541175, ""d1_upper_shadow_p70"": 0.23815384615384746, ""d3_rs_change_p40"": -2.0465804520160695, ""d3_rank_change_p40"": -73.39999999999999, ""d3_flow_acceleration_p50"": -16293412.410000004, ""d3_trend_eff_p50"": 0.8554216867469907, ""d3_max_drawdown_p30"": -2.645937542246859}"
00900,富邦特選高股息30,2026-06-15,2026-06-15,A,RANGE_NORMAL,VOLATILE_RANGE,NORMAL,True,0,0,11.0,5.0,12.0,,0,,False,False,84.2485549132948,84.39767779390421,83.39376359680928,82.86334056399133,88.89695210449928,0.2849304388285058,0.2770428698606935,-0.4648397191204481,2,0.007887568967812342,-6.120742697132428,-0.686969808828497,-1.3021099232545241,-0.022676674817589948,,,,3,4,9,66296072.56,236385177.01,150935080.91,287200383.12,830174977.5,85450096.1,0.18992175198648198,51550815.05711845,3,0,0,1,1,0.9722222222222276,0.3951219512195125,0.016470588235293335,-3.192584963954692,-7.608695652173914,1.5439642235132611,2,3,0.30507936507937,0.3641587301587329,0.19818860877684355,2,2.0931449502878285,3.72142477405637,4.33155080213905,-0.3575076608784311,0.5486946951219392,0.6540624786865559,0.7032295889862877,0,6.159511587649522,0,0,3.72142477405637,4.33155080213905,68.3,72.0,0.4083333333333333,,,72,True,False,False,False,A,1,,,UNAVAILABLE_IN_FROZEN_TOP120,19.51,-1.5376729882111806,NEUTRAL,2026-06-30,MATURED,2026-06-15,2026-06-15,True,RECONSTRUCTED_NOT_PRODUCTION_EXACT,DISCOVERY,False,False,False,0,True,False,False,False,False,DAY0_NO_POSITIVE_STRUCTURE,"{""d0_fresh_rs_p40"": 1.0, ""d0_fresh_volume_p40"": 3.0, ""d0_rs_slope5_p70"": 6.708057106025629, ""d0_rank_change3_p50"": 114.0, ""d0_flow_buy_days5_p70"": 4.0, ""d0_trend_eff5_p50"": 0.5314861460957175, ""d0_close_progress3_p50"": 5.966850828729298, ""d1_market_excess_p70"": 0.033209940654632675, ""d1_rs_change_p40"": 0.04062997403032401, ""d1_rank_change_p40"": -22.4, ""d1_flow_p50"": 4943366.0, ""d1_close_location_p30"": 0.43671497584541175, ""d1_upper_shadow_p70"": 0.23815384615384746, ""d3_rs_change_p40"": -2.0465804520160695, ""d3_rank_change_p40"": -73.39999999999999, ""d3_flow_acceleration_p50"": -16293412.410000004, ""d3_trend_eff_p50"": 0.8554216867469907, ""d3_max_drawdown_p30"": -2.645937542246859}"
009802,富邦旗艦50,2026-06-15,2026-06-15,A,RANGE_NORMAL,VOLATILE_RANGE,NORMAL,True,0,0,8.0,15.0,1.0,,0,,False,False,81.71965317919076,80.98693759071118,78.1725888324873,70.13738250180766,88.82438316400581,1.1823547822344835,2.3164541354766186,-0.7104729984815051,4,-1.134099353242135,-5.82560388091062,-0.15260316715342004,-1.3814951551672783,-0.27899236723876175,,,,2,2,4,26747540.159999996,23824484.609999992,-108085205.03,-54831381.80000001,-94238032.70000002,131909689.63999999,0.16646171196059367,26587286.051154908,1,0,0,1,1,0.6140350877193005,0.22674418604651211,0.12244897959183663,-6.542056074766345,-9.695817490494296,2.157635230967908,2,3,0.31224411603721997,0.39160178877126806,0.3334701696770657,3,2.6275115919629055,3.642039542143616,4.0752351097178785,-3.488372093023251,0.6203771790667303,0.6493287115622854,0.816228312051997,0,4.992763727433985,0,0,3.642039542143616,4.0752351097178785,67.8,76.0,0.375,,,76,True,False,False,False,A,1,,,UNAVAILABLE_IN_FROZEN_TOP120,19.92,-2.5602409638554313,NEUTRAL,2026-06-30,MATURED,2026-06-15,2026-06-15,True,RECONSTRUCTED_NOT_PRODUCTION_EXACT,DISCOVERY,True,False,False,1,True,False,False,False,False,DAY0_NO_POSITIVE_STRUCTURE,"{""d0_fresh_rs_p40"": 1.0, ""d0_fresh_volume_p40"": 3.0, ""d0_rs_slope5_p70"": 6.708057106025629, ""d0_rank_change3_p50"": 114.0, ""d0_flow_buy_days5_p70"": 4.0, ""d0_trend_eff5_p50"": 0.5314861460957175, ""d0_close_progress3_p50"": 5.966850828729298, ""d1_market_excess_p70"": 0.033209940654632675, ""d1_rs_change_p40"": 0.04062997403032401, ""d1_rank_change_p40"": -22.4, ""d1_flow_p50"": 4943366.0, ""d1_close_location_p30"": 0.43671497584541175, ""d1_upper_shadow_p70"": 0.23815384615384746, ""d3_rs_change_p40"": -2.0465804520160695, ""d3_rank_change_p40"": -73.39999999999999, ""d3_flow_acceleration_p50"": -16293412.410000004, ""d3_trend_eff_p50"": 0.8554216867469907, ""d3_max_drawdown_p30"": -2.645937542246859}"
00631L,元大台灣50正2,2026-06-15,2026-06-15,A,RANGE_NORMAL,VOLATILE_RANGE,NORMAL,True,0,0,11.0,3.0,0.0,,0,,False,False,87.5,79.46298984034833,68.89050036258158,69.26970354302242,87.08272859216255,6.203166545806141,3.6460592913955168,0.04172714078374469,3,2.5571072544106244,-0.6969587255611884,3.6511226798730645,5.864888874331341,5.320328736061119,,,,2,3,3,2206837709.45,1275039712.1799994,-14704437636.199999,-2616948377.420001,-32037567077.319992,15979477348.379997,0.2657417290377849,3936900078.822368,3,0,0,1,1,0.9009900990098997,0.4252275682704813,0.04879725085910657,-6.23589164785553,-15.272819989801123,2.536646265333914,2,3,0.6198649479945957,0.5575250294028178,0.1855785099912344,2,6.43123743898939,10.888423571642235,9.674556213017759,-1.8793012175754353,1.0030716870783627,1.0739379536208913,1.0973595614236775,2,8.816213530291124,0,0,10.888423571642235,9.674556213017759,67.3,79.0,0.35,,,79,True,False,False,False,A,1,,,UNAVAILABLE_IN_FROZEN_TOP120,37.07,3.641758834637177,NEUTRAL,2026-06-30,MATURED,2026-06-15,2026-06-15,True,RECONSTRUCTED_NOT_PRODUCTION_EXACT,DISCOVERY,True,False,False,1,True,False,False,False,False,DAY0_NO_POSITIVE_STRUCTURE,"{""d0_fresh_rs_p40"": 1.0, ""d0_fresh_volume_p40"": 3.0, ""d0_rs_slope5_p70"": 6.708057106025629, ""d0_rank_change3_p50"": 114.0, ""d0_flow_buy_days5_p70"": 4.0, ""d0_trend_eff5_p50"": 0.5314861460957175, ""d0_close_progress3_p50"": 5.966850828729298, ""d1_market_excess_p70"": 0.033209940654632675, ""d1_rs_change_p40"": 0.04062997403032401, ""d1_rank_change_p40"": -22.4, ""d1_flow_p50"": 4943366.0, ""d1_close_location_p30"": 0.43671497584541175, ""d1_upper_shadow_p70"": 0.23815384615384746, ""d3_rs_change_p40"": -2.0465804520160695, ""d3_rank_change_p40"": -73.39999999999999, ""d3_flow_acceleration_p50"": -16293412.410000004, ""d3_trend_eff_p50"": 0.8554216867469907, ""d3_max_drawdown_p30"": -2.645937542246859}"
0050,元大台灣50,2026-06-15,2026-06-15,A,RANGE_NORMAL,VOLATILE_RANGE,NORMAL,True,0,0,11.0,7.0,,,0,,False,False,73.48265895953757,64.51378809869377,69.03553299492386,72.23427331887201,71.55297532656023,1.482375321537906,0.2496771281331121,0.19296836329773442,2,1.232698193404794,-0.3044518297455596,0.45676606481697135,-0.036003525241068424,-0.09469305397495908,,,,2,2,2,3136451789.25,-11966576581.749998,-34684479573.399994,-26412224419.249996,-70348178693.95,22717902991.649994,0.2532630567556074,7372132531.406862,2,5,0,1,1,0.8620689655172397,0.37068965517241326,0.012285012285012288,-3.5265700483091855,-7.202602230483269,1.3705470622959515,2,3,0.5787322376305434,0.5419868173258011,0.2073489128573868,0,3.236880823933297,4.987531172069826,4.259534422981681,-0.23696682464454666,0.6045019798274569,0.9553085063450767,1.1017553064258896,3,3.866134701723991,0,0,4.987531172069826,4.259534422981681,67.2,81.0,0.3333333333333333,,,81,True,False,False,False,A,1,,,UNAVAILABLE_IN_FROZEN_TOP120,105.25,2.422802850356298,NEUTRAL,2026-06-30,MATURED,2026-06-15,2026-06-15,True,RECONSTRUCTED_NOT_PRODUCTION_EXACT,DISCOVERY,False,False,False,0,True,False,False,False,False,DAY0_NO_POSITIVE_STRUCTURE,"{""d0_fresh_rs_p40"": 1.0, ""d0_fresh_volume_p40"": 3.0, ""d0_rs_slope5_p70"": 6.708057106025629, ""d0_rank_change3_p50"": 114.0, ""d0_flow_buy_days5_p70"": 4.0, ""d0_trend_eff5_p50"": 0.5314861460957175, ""d0_close_progress3_p50"": 5.966850828729298, ""d1_market_excess_p70"": 0.033209940654632675, ""d1_rs_change_p40"": 0.04062997403032401, ""d1_rank_change_p40"": -22.4, ""d1_flow_p50"": 4943366.0, ""d1_close_location_p30"": 0.43671497584541175, ""d1_upper_shadow_p70"": 0.23815384615384746, ""d3_rs_change_p40"": -2.0465804520160695, ""d3_rank_change_p40"": -73.39999999999999, ""d3_flow_acceleration_p50"": -16293412.410000004, ""d3_trend_eff_p50"": 0.8554216867469907, ""d3_max_drawdown_p30"": -2.645937542246859}"
00907,永豐優息存股,2026-06-15,2026-06-15,A,RANGE_NORMAL,VOLATILE_RANGE,NORMAL,True,0,0,13.0,13.0,3.0,,0,,False,False,77.45664739884393,79.02757619738752,81.07324147933285,75.70498915401302,63.20754716981132,-1.2055313601629745,0.3503316489661813,1.4249100229032607,3,-1.5558630091291556,-3.7121837699872486,-2.1031916821932617,-3.7859109349346554,-0.3491416536890002,,,,3,5,10,4241902.6,19042914.35,29514789.310000002,43910857.17,211956922.79999998,-10471874.96,0.2954086310220767,19951659.300880443,2,0,0,1,1,0.9090909090908958,0.7974683544303758,0.31578947368420984,-0.49291435613063594,-4.260499087035907,0.18470943674773754,2,3,0.3674603174603162,0.5387151841868838,0.327777777777779,1,0.6769230769230639,1.2376237623762387,4.00508582326764,4.603580562659837,0.6241468671432899,0.647903797200014,0.6968198843388376,0,5.747662937414277,0,0,1.2376237623762387,4.00508582326764,66.8,84.0,0.30833333333333335,,,84,True,False,False,False,A,1,,,UNAVAILABLE_IN_FROZEN_TOP120,16.36,-0.916870415647908,NEUTRAL,2026-06-30,MATURED,2026-06-15,2026-06-15,True,RECONSTRUCTED_NOT_PRODUCTION_EXACT,DISCOVERY,False,False,False,0,True,False,False,False,False,DAY0_NO_POSITIVE_STRUCTURE,"{""d0_fresh_rs_p40"": 1.0, ""d0_fresh_volume_p40"": 3.0, ""d0_rs_slope5_p70"": 6.708057106025629, ""d0_rank_change3_p50"": 114.0, ""d0_flow_buy_days5_p70"": 4.0, ""d0_trend_eff5_p50"": 0.5314861460957175, ""d0_close_progress3_p50"": 5.966850828729298, ""d1_market_excess_p70"": 0.033209940654632675, ""d1_rs_change_p40"": 0.04062997403032401, ""d1_rank_change_p40"": -22.4, ""d1_flow_p50"": 4943366.0, ""d1_close_location_p30"": 0.43671497584541175, ""d1_upper_shadow_p70"": 0.23815384615384746, ""d3_rs_change_p40"": -2.0465804520160695, ""d3_rank_change_p40"": -73.39999999999999, ""d3_flow_acceleration_p50"": -16293412.410000004, ""d3_trend_eff_p50"": 0.8554216867469907, ""d3_max_drawdown_p30"": -2.645937542246859}"
00905,FT臺灣Smart,2026-06-15,2026-06-15,A,RANGE_NORMAL,VOLATILE_RANGE,NORMAL,True,0,0,8.0,3.0,0.0,,0,,False,False,80.05780346820809,77.2133526850508,73.89412617839014,73.10195227765726,79.31785195936139,2.054559096605985,1.3911702381101663,0.07399515088467012,3,0.6633888584958185,0.0,0.07915000137383998,0.1796555799393973,1.2500424429823465,,,,2,3,4,15144365.6,27588585.619999997,-24943123.370000005,13264441.679999998,-37399145.73000001,52531708.99,0.1592218237888183,11724354.509308275,3,0,0,1,1,0.9448275862068977,0.42608695652173845,0.010101010101010475,-3.629032258064524,-6.72119487908962,1.6652433638914221,2,3,0.43500203500203277,0.45840381840381755,0.290923890923892,2,2.8592647604901655,5.203190277250291,5.604269919938987,-0.2161383285302687,0.5005010615386812,0.6745371732233947,0.8543591851195179,1,6.559618036007882,0,0,5.203190277250291,5.604269919938987,66.6,87.0,0.2916666666666667,,,87,True,False,False,False,A,1,,,UNAVAILABLE_IN_FROZEN_TOP120,27.7,2.743682310469331,NEUTRAL,2026-06-30,MATURED,2026-06-15,2026-06-15,True,RECONSTRUCTED_NOT_PRODUCTION_EXACT,DISCOVERY,True,False,False,1,True,False,False,False,False,DAY0_NO_POSITIVE_STRUCTURE,"{""d0_fresh_rs_p40"": 1.0, ""d0_fresh_volume_p40"": 3.0, ""d0_rs_slope5_p70"": 6.708057106025629, ""d0_rank_change3_p50"": 114.0, ""d0_flow_buy_days5_p70"": 4.0, ""d0_trend_eff5_p50"": 0.5314861460957175, ""d0_close_progress3_p50"": 5.966850828729298, ""d1_market_excess_p70"": 0.033209940654632675, ""d1_rs_change_p40"": 0.04062997403032401, ""d1_rank_change_p40"": -22.4, ""d1_flow_p50"": 4943366.0, ""d1_close_location_p30"": 0.43671497584541175, ""d1_upper_shadow_p70"": 0.23815384615384746, ""d3_rs_change_p40"": -2.0465804520160695, ""d3_rank_change_p40"": -73.39999999999999, ""d3_flow_acceleration_p50"": -16293412.410000004, ""d3_trend_eff_p50"": 0.8554216867469907, ""d3_max_drawdown_p30"": -2.645937542246859}"
3041,揚智,2026-06-15,2026-06-15,A,RANGE_NORMAL,VOLATILE_RANGE,NORMAL,True,0,0,16.0,0.0,0.0,,0,,False,False,80.9971098265896,61.756168359941945,37.34590282813633,18.872017353579174,62.191582002902756,14.550402332817754,12.425018494602083,1.8805527823686838,5,2.1253838382156705,0.0,7.199518642105663,8.660675829004894,11.525600849223604,6.504119973101919,7.18014548566539,9.549230436379542,2,2,3,56468556.0,64200385.95,-16498521.700000001,57369243.95,42326214.0,80698907.65,0.3776569634273864,21090881.893547375,2,0,0,1,1,1.0,1.0,0.17419354838709697,0.0,-12.075471698113205,0.0,0,5,0.555088702147526,0.5426686059039,0.3323996265172734,2,9.979633401221989,13.684210526315788,15.879828326180245,5.2631578947368585,2.7951774385322334,1.5420805043368615,1.2898263004394626,2,12.311602206258128,0,0,13.684210526315788,15.879828326180245,66.3,90.0,0.26666666666666666,99.0,,90,True,False,True,False,AC,2,,,PRODUCTION_FINAL_WATCH_SNAPSHOT,27.0,5.9259259259259345,NEUTRAL,2026-06-30,MATURED,2026-06-15,2026-06-15,True,RECONSTRUCTED_NOT_PRODUCTION_EXACT,DISCOVERY,True,True,False,2,True,True,True,True,True,WATCH_CANDIDATE_SHADOW,"{""d0_fresh_rs_p40"": 1.0, ""d0_fresh_volume_p40"": 3.0, ""d0_rs_slope5_p70"": 6.708057106025629, ""d0_rank_change3_p50"": 114.0, ""d0_flow_buy_days5_p70"": 4.0, ""d0_trend_eff5_p50"": 0.5314861460957175, ""d0_close_progress3_p50"": 5.966850828729298, ""d1_market_excess_p70"": 0.033209940654632675, ""d1_rs_change_p40"": 0.04062997403032401, ""d1_rank_change_p40"": -22.4, ""d1_flow_p50"": 4943366.0, ""d1_close_location_p30"": 0.43671497584541175, ""d1_upper_shadow_p70"": 0.23815384615384746, ""d3_rs_change_p40"": -2.0465804520160695, ""d3_rank_change_p40"": -73.39999999999999, ""d3_flow_acceleration_p50"": -16293412.410000004, ""d3_trend_eff_p50"": 0.8554216867469907, ""d3_max_drawdown_p30"": -2.645937542246859}"
00988A,主動統一全球創新,2026-06-15,2026-06-15,A,RANGE_NORMAL,VOLATILE_RANGE,NORMAL,True,0,0,8.0,5.0,0.0,,0,,False,False,82.94797687861272,65.02177068214804,38.506163886874546,79.03109182935647,87.37300435413643,14.813937663912725,0.7833770098512502,-0.44250274755237057,2,14.030560654061475,-4.452457589164254,4.308007846247652,7.791803345070526,6.065525609463118,,,,2,2,3,340136138.68,493946567.3499999,-2307378417.58,-778861577.73,-4797840215.159999,2801324984.93,0.21500502943862734,656846656.4161916,4,2,0,1,1,1.0,0.4941451990632322,0.04665825977301402,-5.167464114832532,-12.53309796999117,0.0,2,4,0.7142380598376485,0.6247228019467311,0.19380791717384596,0,7.088122605363978,12.81533804238142,10.419753086419759,1.6825829922692215,1.1257036014258985,0.7974389338520173,0.795969947012575,0,13.090636305462352,0,0,12.81533804238142,10.419753086419759,66.0,94.0,0.23333333333333334,,,94,True,False,False,False,A,1,,,UNAVAILABLE_IN_FROZEN_TOP120,22.36,-0.3577817531305816,NEUTRAL,2026-06-30,MATURED,2026-06-15,2026-06-15,True,RECONSTRUCTED_NOT_PRODUCTION_EXACT,DISCOVERY,True,False,False,1,True,False,False,False,False,DAY0_NO_POSITIVE_STRUCTURE,"{""d0_fresh_rs_p40"": 1.0, ""d0_fresh_volume_p40"": 3.0, ""d0_rs_slope5_p70"": 6.708057106025629, ""d0_rank_change3_p50"": 114.0, ""d0_flow_buy_days5_p70"": 4.0, ""d0_trend_eff5_p50"": 0.5314861460957175, ""d0_close_progress3_p50"": 5.966850828729298, ""d1_market_excess_p70"": 0.033209940654632675, ""d1_rs_change_p40"": 0.04062997403032401, ""d1_rank_change_p40"": -22.4, ""d1_flow_p50"": 4943366.0, ""d1_close_location_p30"": 0.43671497584541175, ""d1_upper_shadow_p70"": 0.23815384615384746, ""d3_rs_change_p40"": -2.0465804520160695, ""d3_rank_change_p40"": -73.39999999999999, ""d3_flow_acceleration_p50"": -16293412.410000004, ""d3_trend_eff_p50"": 0.8554216867469907, ""d3_max_drawdown_p30"": -2.645937542246859}"
00912,中信臺灣智慧50,2026-06-15,2026-06-15,A,RANGE_NORMAL,VOLATILE_RANGE,NORMAL,True,0,0,0.0,2.0,,,0,,False,False,78.03468208092485,70.75471698113208,68.02030456852792,71.14967462039046,68.3599419448476,3.3381258374656446,1.3770014921068792,0.9674740136077247,2,1.9611243453587655,0.0,-0.14375112275268886,0.39196483583567865,1.3243996681291614,,,,2,3,6,7167704.880000001,4479843.759999996,-1353255.5499999989,3931620.1099999957,-4829176.830000002,5833099.309999995,0.3020296106165251,6595286.317540692,3,0,0,1,1,1.0,0.5170454545454563,0.1517128874388257,-2.5773195876288457,-5.177514792899407,0.0,2,4,0.39863026124818557,0.4368793061741975,0.49025862764070127,2,2.6363636363636367,5.415499533146573,5.678627145085802,2.823315118397085,0.3663062691003051,0.8236418880779638,0.8900620774303859,1,6.380034931361226,0,1,5.415499533146573,5.678627145085802,66.0,95.0,0.23333333333333334,,,95,True,False,False,False,A,1,,,UNAVAILABLE_IN_FROZEN_TOP120,33.87,1.4762326542663071,NEUTRAL,2026-06-30,MATURED,2026-06-15,2026-06-15,True,RECONSTRUCTED_NOT_PRODUCTION_EXACT,DISCOVERY,True,False,False,1,True,False,False,False,False,DAY0_NO_POSITIVE_STRUCTURE,"{""d0_fresh_rs_p40"": 1.0, ""d0_fresh_volume_p40"": 3.0, ""d0_rs_slope5_p70"": 6.708057106025629, ""d0_rank_change3_p50"": 114.0, ""d0_flow_buy_days5_p70"": 4.0, ""d0_trend_eff5_p50"": 0.5314861460957175, ""d0_close_progress3_p50"": 5.966850828729298, ""d1_market_excess_p70"": 0.033209940654632675, ""d1_rs_change_p40"": 0.04062997403032401, ""d1_rank_change_p40"": -22.4, ""d1_flow_p50"": 4943366.0, ""d1_close_location_p30"": 0.43671497584541175, ""d1_upper_shadow_p70"": 0.23815384615384746, ""d3_rs_change_p40"": -2.0465804520160695, ""d3_rank_change_p40"": -73.39999999999999, ""d3_flow_acceleration_p50"": -16293412.410000004, ""d3_trend_eff_p50"": 0.8554216867469907, ""d3_max_drawdown_p30"": -2.645937542246859}"
5434,崇越,2026-06-15,2026-06-15,A,RANGE_NORMAL,VOLATILE_RANGE,NORMAL,True,0,0,16.0,1.0,3.0,,0,,False,False,84.17630057803468,86.35703918722787,80.85569253081944,59.07447577729573,65.67489114658926,1.1068693490717483,5.02036496014779,1.8501409431445424,4,-3.9134956110760424,-2.1807386091931846,-2.3509302097600937,-0.9078506038737499,2.6172010944719215,-3.4739110091902115,-3.9011935436936493,0.0,3,5,7,130986180.0,385480473.0,248968187.5,625769973.0,592050271.5,136512285.5,0.2381348012022202,70088129.24493994,5,3,1,1,1,1.0,0.7011494252873564,0.15151515151515152,-1.4254385964912242,-7.505285412262152,0.0,2,4,0.530688832772166,0.571746632996633,0.23579545454545456,0,0.42918454935623185,4.115684093437144,6.971428571428562,3.31125827814569,0.7688688712324239,0.9801004031078527,0.9475028432680463,1,7.35768617578318,0,0,4.115684093437144,6.971428571428562,65.9,96.0,0.20833333333333334,,,96,True,False,False,False,A,1,,,UNAVAILABLE_IN_FROZEN_TOP120,468.0,17.307692307692314,WINNER,2026-06-30,MATURED,2026-06-15,2026-06-15,True,RECONSTRUCTED_NOT_PRODUCTION_EXACT,DISCOVERY,True,False,False,1,True,False,False,False,False,DAY0_NO_POSITIVE_STRUCTURE,"{""d0_fresh_rs_p40"": 1.0, ""d0_fresh_volume_p40"": 3.0, ""d0_rs_slope5_p70"": 6.708057106025629, ""d0_rank_change3_p50"": 114.0, ""d0_flow_buy_days5_p70"": 4.0, ""d0_trend_eff5_p50"": 0.5314861460957175, ""d0_close_progress3_p50"": 5.966850828729298, ""d1_market_excess_p70"": 0.033209940654632675, ""d1_rs_change_p40"": 0.04062997403032401, ""d1_rank_change_p40"": -22.4, ""d1_flow_p50"": 4943366.0, ""d1_close_location_p30"": 0.43671497584541175, ""d1_upper_shadow_p70"": 0.23815384615384746, ""d3_rs_change_p40"": -2.0465804520160695, ""d3_rank_change_p40"": -73.39999999999999, ""d3_flow_acceleration_p50"": -16293412.410000004, ""d3_trend_eff_p50"": 0.8554216867469907, ""d3_max_drawdown_p30"": -2.645937542246859}"
00850,元大臺灣ESG永續,2026-06-15,2026-06-15,A,RANGE_NORMAL,VOLATILE_RANGE,NORMAL,True,0,0,11.0,5.0,,,0,,False,False,76.58959537572254,71.91582002902757,70.12327773749094,70.49891540130152,76.92307692307692,2.155439212743867,1.2181359948842043,-0.03334815473543813,3,0.9373032178596625,-2.1938948487524783,0.12421325910689784,-0.20914954649884354,0.21753178230261572,,,,3,4,7,24221028.0,47231441.099999994,-58161890.0,31782859.899999995,50306580.89999999,105393331.1,0.19819061109097458,28211578.112940185,1,1,0,1,1,0.8736842105263166,0.35426008968609835,0.020833333333333672,-4.02234636871508,-7.235421166306688,1.6695614978807283,2,3,0.46428571428571225,0.475181598062953,0.2690476190476199,2,2.9043280182232234,4.8143851508120505,4.571759259259256,-0.44077134986226785,0.47027091993334,0.6658635182313941,0.6655070660789171,0,6.869587856062115,0,0,4.8143851508120505,4.571759259259256,65.8,97.0,0.2,,,97,True,False,False,False,A,1,,,UNAVAILABLE_IN_FROZEN_TOP120,90.35,1.8815716657443415,NEUTRAL,2026-06-30,MATURED,2026-06-15,2026-06-15,True,RECONSTRUCTED_NOT_PRODUCTION_EXACT,DISCOVERY,False,False,False,0,True,False,False,False,False,DAY0_NO_POSITIVE_STRUCTURE,"{""d0_fresh_rs_p40"": 1.0, ""d0_fresh_volume_p40"": 3.0, ""d0_rs_slope5_p70"": 6.708057106025629, ""d0_rank_change3_p50"": 114.0, ""d0_flow_buy_days5_p70"": 4.0, ""d0_trend_eff5_p50"": 0.5314861460957175, ""d0_close_progress3_p50"": 5.966850828729298, ""d1_market_excess_p70"": 0.033209940654632675, ""d1_rs_change_p40"": 0.04062997403032401, ""d1_rank_change_p40"": -22.4, ""d1_flow_p50"": 4943366.0, ""d1_close_location_p30"": 0.43671497584541175, ""d1_upper_shadow_p70"": 0.23815384615384746, ""d3_rs_change_p40"": -2.0465804520160695, ""d3_rank_change_p40"": -73.39999999999999, ""d3_flow_acceleration_p50"": -16293412.410000004, ""d3_trend_eff_p50"": 0.8554216867469907, ""d3_max_drawdown_p30"": -2.645937542246859}"
00947,台新臺灣IC設計,2026-06-15,2026-06-15,A,RANGE_NORMAL,VOLATILE_RANGE,NORMAL,True,0,0,11.0,13.0,12.0,,0,,False,False,69.0028901734104,50.943396226415096,23.85786802030457,18.944323933477946,87.30043541364296,15.048340717701947,10.011713247986492,-1.8297545240232551,3,5.036627469715455,-16.949318371122544,1.5372085004627278,5.213134820795729,3.5441816773832846,,,,3,3,3,73859698.03999999,149835007.66,-372243060.03999996,-152705911.06999993,-651263182.66,522078067.6999999,0.18191720685267138,82172402.32231505,3,0,0,1,1,1.0,0.38088829071332453,0.11145510835913355,-6.15466952100615,-13.854089904200439,0.0,2,4,0.7331133113311327,0.6288335040400581,0.26688668866886733,2,4.317323259579053,10.236669518106623,7.898409154339925,-3.5910224438902905,0.8217898107095908,0.7813663718054292,0.8306753206269439,0,9.508419184018468,0,0,10.236669518106623,7.898409154339925,65.6,99.0,0.18333333333333332,,,99,True,False,False,False,A,1,,,UNAVAILABLE_IN_FROZEN_TOP120,38.66,2.6125193998965512,NEUTRAL,2026-06-30,MATURED,2026-06-15,2026-06-15,True,RECONSTRUCTED_NOT_PRODUCTION_EXACT,DISCOVERY,False,True,False,1,True,False,False,False,False,DAY0_NO_POSITIVE_STRUCTURE,"{""d0_fresh_rs_p40"": 1.0, ""d0_fresh_volume_p40"": 3.0, ""d0_rs_slope5_p70"": 6.708057106025629, ""d0_rank_change3_p50"": 114.0, ""d0_flow_buy_days5_p70"": 4.0, ""d0_trend_eff5_p50"": 0.5314861460957175, ""d0_close_progress3_p50"": 5.966850828729298, ""d1_market_excess_p70"": 0.033209940654632675, ""d1_rs_change_p40"": 0.04062997403032401, ""d1_rank_change_p40"": -22.4, ""d1_flow_p50"": 4943366.0, ""d1_close_location_p30"": 0.43671497584541175, ""d1_upper_shadow_p70"": 0.23815384615384746, ""d3_rs_change_p40"": -2.0465804520160695, ""d3_rank_change_p40"": -73.39999999999999, ""d3_flow_acceleration_p50"": -16293412.410000004, ""d3_trend_eff_p50"": 0.8554216867469907, ""d3_max_drawdown_p30"": -2.645937542246859}"
00923,群益台ESG低碳50,2026-06-15,2026-06-15,A,RANGE_NORMAL,VOLATILE_RANGE,NORMAL,True,0,0,11.0,3.0,9.0,,0,,False,False,77.52890173410404,72.85921625544267,71.79115300942712,73.60809833694866,78.95500725689405,1.9125829082256398,0.7841606794310764,-0.14261055227900102,3,1.1284222287945633,-2.5579918212905994,0.48419705574360705,0.08432545642083067,0.23496571327281668,,,,2,3,5,65126003.67,59619279.30999999,-100172059.04000005,22071014.929999933,-98790072.69000013,159791338.35000002,0.19982346833768913,37810876.26488115,3,1,0,1,1,0.91150442477876,0.35496183206106796,0.03340757238307317,-4.031488549618334,-7.474701011959517,1.7724922774514873,2,3,0.5209816025175514,0.5073258036157939,0.16214596949890903,2,3.2643118148599326,5.107860153731725,4.589193190229457,-0.7027406886858656,1.1506631077289584,0.9615847129685625,1.0504523182797638,1,4.368778201893816,0,0,5.107860153731725,4.589193190229457,65.5,100.0,0.175,,,100,True,False,False,False,A,1,,,UNAVAILABLE_IN_FROZEN_TOP120,42.39,1.5805614531729129,NEUTRAL,2026-06-30,MATURED,2026-06-15,2026-06-15,True,RECONSTRUCTED_NOT_PRODUCTION_EXACT,DISCOVERY,True,False,False,1,True,False,False,False,False,DAY0_NO_POSITIVE_STRUCTURE,"{""d0_fresh_rs_p40"": 1.0, ""d0_fresh_volume_p40"": 3.0, ""d0_rs_slope5_p70"": 6.708057106025629, ""d0_rank_change3_p50"": 114.0, ""d0_flow_buy_days5_p70"": 4.0, ""d0_trend_eff5_p50"": 0.5314861460957175, ""d0_close_progress3_p50"": 5.966850828729298, ""d1_market_excess_p70"": 0.033209940654632675, ""d1_rs_change_p40"": 0.04062997403032401, ""d1_rank_change_p40"": -22.4, ""d1_flow_p50"": 4943366.0, ""d1_close_location_p30"": 0.43671497584541175, ""d1_upper_shadow_p70"": 0.23815384615384746, ""d3_rs_change_p40"": -2.0465804520160695, ""d3_rank_change_p40"": -73.39999999999999, ""d3_flow_acceleration_p50"": -16293412.410000004, ""d3_trend_eff_p50"": 0.8554216867469907, ""d3_max_drawdown_p30"": -2.645937542246859}"
00692,富邦公司治理,2026-06-15,2026-06-15,A,RANGE_NORMAL,VOLATILE_RANGE,NORMAL,True,0,0,11.0,3.0,,,0,,False,False,71.82080924855491,64.00580551523947,68.09282088469905,69.63123644251627,68.65021770682148,1.2426627879519525,0.4379145612077281,0.31705915417334296,3,0.8047482267442244,-0.30084172899758244,-0.014877738800289642,-0.787701840985755,-0.5343871120763621,,,,2,3,6,32309001.449999996,45637841.94999997,-102126060.95,20788986.799999982,149129379.74999997,147763902.89999998,0.23371706941097065,55989874.10416172,3,0,0,1,1,0.8043478260869606,0.35828877005347554,0.0029673590504449335,-3.3370411568409364,-6.709608158883517,1.1606580612052053,2,3,0.462049062049057,0.46722943722943333,0.1907647907647908,0,2.765237020316036,4.235832856325139,3.819840364880278,-0.05488474204170535,0.8243168393435703,0.9481010802280078,1.0559876273873046,2,3.617315455041099,0,0,4.235832856325139,3.819840364880278,64.9,107.0,0.125,,,107,True,False,False,False,A,1,,,UNAVAILABLE_IN_FROZEN_TOP120,91.05,2.251510159253156,NEUTRAL,2026-06-30,MATURED,2026-06-15,2026-06-15,True,RECONSTRUCTED_NOT_PRODUCTION_EXACT,DISCOVERY,True,False,False,1,True,False,False,False,False,DAY0_NO_POSITIVE_STRUCTURE,"{""d0_fresh_rs_p40"": 1.0, ""d0_fresh_volume_p40"": 3.0, ""d0_rs_slope5_p70"": 6.708057106025629, ""d0_rank_change3_p50"": 114.0, ""d0_flow_buy_days5_p70"": 4.0, ""d0_trend_eff5_p50"": 0.5314861460957175, ""d0_close_progress3_p50"": 5.966850828729298, ""d1_market_excess_p70"": 0.033209940654632675, ""d1_rs_change_p40"": 0.04062997403032401, ""d1_rank_change_p40"": -22.4, ""d1_flow_p50"": 4943366.0, ""d1_close_location_p30"": 0.43671497584541175, ""d1_upper_shadow_p70"": 0.23815384615384746, ""d3_rs_change_p40"": -2.0465804520160695, ""d3_rank_change_p40"": -73.39999999999999, ""d3_flow_acceleration_p50"": -16293412.410000004, ""d3_trend_eff_p50"": 0.8554216867469907, ""d3_max_drawdown_p30"": -2.645937542246859}"
6191,精成科,2026-06-15,2026-06-15,A,RANGE_NORMAL,VOLATILE_RANGE,NORMAL,True,0,0,0.0,0.0,,,0,,False,False,79.84104046242774,48.40348330914369,41.6243654822335,46.92697035430224,21.69811320754717,12.738891660064747,6.5828140216251,5.814292725488057,3,6.156077638439647,0.0,7.027987586299456,6.448326774550561,4.4102920584182295,6.9067483802320195,6.457112209324567,4.597852868708218,2,3,5,886655106.0,896414846.8,-143001763.0,783705909.2,860006294.8,1039416609.8,0.5301189029230713,291931090.5344611,2,2,0,1,1,0.9298245614035078,0.40886699507389157,0.19428571428571428,-6.122448979591832,-8.457711442786064,2.6406926406926323,2,3,0.5357357357357343,0.4933712660028444,0.46426426426426565,2,9.808102345415781,11.471861471861455,8.76451953537487,7.068607068607058,2.8884948172385863,1.3094198643679786,1.1067433875028376,1,7.919197561370023,1,0,11.471861471861455,8.76451953537487,64.8,108.0,0.10833333333333334,,,108,True,False,False,False,A,1,,,UNAVAILABLE_IN_FROZEN_TOP120,103.0,3.398058252427183,NEUTRAL,2026-06-30,MATURED,2026-06-15,2026-06-15,True,RECONSTRUCTED_NOT_PRODUCTION_EXACT,DISCOVERY,True,False,False,1,True,False,False,False,False,DAY0_NO_POSITIVE_STRUCTURE,"{""d0_fresh_rs_p40"": 1.0, ""d0_fresh_volume_p40"": 3.0, ""d0_rs_slope5_p70"": 6.708057106025629, ""d0_rank_change3_p50"": 114.0, ""d0_flow_buy_days5_p70"": 4.0, ""d0_trend_eff5_p50"": 0.5314861460957175, ""d0_close_progress3_p50"": 5.966850828729298, ""d1_market_excess_p70"": 0.033209940654632675, ""d1_rs_change_p40"": 0.04062997403032401, ""d1_rank_change_p40"": -22.4, ""d1_flow_p50"": 4943366.0, ""d1_close_location_p30"": 0.43671497584541175, ""d1_upper_shadow_p70"": 0.23815384615384746, ""d3_rs_change_p40"": -2.0465804520160695, ""d3_rank_change_p40"": -73.39999999999999, ""d3_flow_acceleration_p50"": -16293412.410000004, ""d3_trend_eff_p50"": 0.8554216867469907, ""d3_max_drawdown_p30"": -2.645937542246859}"
00908,富邦入息REITs+,2026-06-15,2026-06-15,A,RANGE_NORMAL,VOLATILE_RANGE,NORMAL,True,0,0,4.0,0.0,,,0,,False,False,62.066473988439306,61.53846153846154,65.3372008701958,59.219088937093275,45.645863570391874,-1.0902422939188317,0.5694770102692062,1.6420610418047432,3,-1.6597193041880378,-9.86714794518263,-2.0472699889630963,-3.136742244480706,-0.5080736308028078,,,,3,5,9,1640822.4000000001,3771402.4000000004,2620179.2399999993,6176530.4399999995,8275679.74,1151223.160000001,0.22203748406755616,560089.4775642549,4,0,0,1,1,1.0,1.0,0.8734177215189897,0.0,-0.20562028786840214,0.0,0,5,0.6791666666666635,0.7476709401709394,0.3208333333333366,4,0.7328447701532292,1.8867924528301883,3.8461538461538325,4.7817047817047875,1.264946969637933,0.811113498445326,1.7130382217155633,3,2.245223601783975,1,0,1.8867924528301883,3.8461538461538325,64.7,110.0,0.09166666666666666,,,110,True,False,False,False,A,1,,,UNAVAILABLE_IN_FROZEN_TOP120,15.12,0.5952380952381153,NEUTRAL,2026-06-30,MATURED,2026-06-15,2026-06-15,True,RECONSTRUCTED_NOT_PRODUCTION_EXACT,DISCOVERY,True,False,False,1,True,False,False,False,False,DAY0_NO_POSITIVE_STRUCTURE,"{""d0_fresh_rs_p40"": 1.0, ""d0_fresh_volume_p40"": 3.0, ""d0_rs_slope5_p70"": 6.708057106025629, ""d0_rank_change3_p50"": 114.0, ""d0_flow_buy_days5_p70"": 4.0, ""d0_trend_eff5_p50"": 0.5314861460957175, ""d0_close_progress3_p50"": 5.966850828729298, ""d1_market_excess_p70"": 0.033209940654632675, ""d1_rs_change_p40"": 0.04062997403032401, ""d1_rank_change_p40"": -22.4, ""d1_flow_p50"": 4943366.0, ""d1_close_location_p30"": 0.43671497584541175, ""d1_upper_shadow_p70"": 0.23815384615384746, ""d3_rs_change_p40"": -2.0465804520160695, ""d3_rank_change_p40"": -73.39999999999999, ""d3_flow_acceleration_p50"": -16293412.410000004, ""d3_trend_eff_p50"": 0.8554216867469907, ""d3_max_drawdown_p30"": -2.645937542246859}"
006204,永豐臺灣加權,2026-06-15,2026-06-15,A,RANGE_NORMAL,VOLATILE_RANGE,NORMAL,True,0,0,8.0,6.0,,,0,,False,False,75.0,70.10159651669086,74.83683828861494,68.90817064352856,74.89114658925979,0.054387237128352695,1.2183658712942873,0.010885341074020971,4,-1.1639786341659346,-0.9768451519536967,-0.5048275322634188,-1.5123627866861833,0.3988874284425403,,,,2,3,4,4802185.0,4883928.05,-4609996.399999999,591613.8499999996,-1845588.8499999987,9493924.45,0.3868492046062041,2106723.7963975654,1,0,0,1,1,0.5384615384615372,0.4023437500000001,0.02674897119341583,-3.420523138832998,-7.256333190210396,0.2201076958788739,2,3,1.0,0.75,0.0,3,2.2752872268529067,3.511171910624711,4.753114905399181,-0.5694261936049161,0.6413404041726681,0.3738469876187567,0.5494849635546244,0,8.650127338610373,0,0,3.511171910624711,4.753114905399181,64.6,111.0,0.08333333333333333,,,111,True,False,False,False,A,1,,,UNAVAILABLE_IN_FROZEN_TOP120,227.0,2.841409691629959,NEUTRAL,2026-06-30,MATURED,2026-06-15,2026-06-15,True,RECONSTRUCTED_NOT_PRODUCTION_EXACT,DISCOVERY,False,False,False,0,True,False,False,False,False,DAY0_NO_POSITIVE_STRUCTURE,"{""d0_fresh_rs_p40"": 1.0, ""d0_fresh_volume_p40"": 3.0, ""d0_rs_slope5_p70"": 6.708057106025629, ""d0_rank_change3_p50"": 114.0, ""d0_flow_buy_days5_p70"": 4.0, ""d0_trend_eff5_p50"": 0.5314861460957175, ""d0_close_progress3_p50"": 5.966850828729298, ""d1_market_excess_p70"": 0.033209940654632675, ""d1_rs_change_p40"": 0.04062997403032401, ""d1_rank_change_p40"": -22.4, ""d1_flow_p50"": 4943366.0, ""d1_close_location_p30"": 0.43671497584541175, ""d1_upper_shadow_p70"": 0.23815384615384746, ""d3_rs_change_p40"": -2.0465804520160695, ""d3_rank_change_p40"": -73.39999999999999, ""d3_flow_acceleration_p50"": -16293412.410000004, ""d3_trend_eff_p50"": 0.8554216867469907, ""d3_max_drawdown_p30"": -2.645937542246859}"
00657,國泰日經225,2026-06-15,2026-06-15,A,RANGE_NORMAL,VOLATILE_RANGE,NORMAL,True,0,0,0.0,2.0,,,0,,False,False,77.23988439306359,66.40058055152394,44.379985496736765,55.169920462762114,68.50507982583454,10.953299632108942,4.413992786060295,0.8734804567229049,4,6.539306846048647,0.0,1.1427148228772444,3.0701107876389235,4.102148361969538,,,,2,3,6,2142492.8,2594447.499999999,-666149.5500000003,2646775.949999999,4669986.949999999,3260597.0499999993,0.3167201629885132,839607.4907691523,2,0,0,1,1,1.0,0.6702127659574472,0.16763005780346774,-2.0314547837483543,-6.874999999999998,0.0,2,4,0.5311355311355286,0.523310948310946,0.274420024420025,3,3.92282958199357,8.093645484949818,8.456375838926178,3.7227214377406836,0.3311914397251359,1.53334210458928,1.1328324298645371,1,7.464807341309413,0,1,8.093645484949818,8.456375838926178,64.6,112.0,0.08333333333333333,,,112,True,False,False,False,A,1,,,UNAVAILABLE_IN_FROZEN_TOP120,80.8,1.9183168316831756,NEUTRAL,2026-06-30,MATURED,2026-06-15,2026-06-15,True,RECONSTRUCTED_NOT_PRODUCTION_EXACT,DISCOVERY,True,False,False,1,True,True,False,False,False,DAY0_NO_POSITIVE_STRUCTURE,"{""d0_fresh_rs_p40"": 1.0, ""d0_fresh_volume_p40"": 3.0, ""d0_rs_slope5_p70"": 6.708057106025629, ""d0_rank_change3_p50"": 114.0, ""d0_flow_buy_days5_p70"": 4.0, ""d0_trend_eff5_p50"": 0.5314861460957175, ""d0_close_progress3_p50"": 5.966850828729298, ""d1_market_excess_p70"": 0.033209940654632675, ""d1_rs_change_p40"": 0.04062997403032401, ""d1_rank_change_p40"": -22.4, ""d1_flow_p50"": 4943366.0, ""d1_close_location_p30"": 0.43671497584541175, ""d1_upper_shadow_p70"": 0.23815384615384746, ""d3_rs_change_p40"": -2.0465804520160695, ""d3_rank_change_p40"": -73.39999999999999, ""d3_flow_acceleration_p50"": -16293412.410000004, ""d3_trend_eff_p50"": 0.8554216867469907, ""d3_max_drawdown_p30"": -2.645937542246859}"
00944,野村趨勢動能高息,2026-06-15,2026-06-15,A,RANGE_NORMAL,VOLATILE_RANGE,NORMAL,True,0,0,0.0,19.0,4.0,,0,,False,False,82.65895953757226,82.65602322206095,82.01595358955765,79.89877078814172,81.93033381712627,0.21433531600486808,0.552037749886108,0.072862572044599,3,-0.3377024338812399,-1.989845676041071,-1.2109278832247439,-1.1324841136532982,1.9144292394612572,,,,2,3,8,7943826.72,10602718.379999999,6884196.239999997,14103099.719999999,36703792.03,3718522.1400000015,0.20682796393992117,2720425.340907028,2,0,0,1,1,1.0,0.5727272727272711,0.18627450980392116,-2.2349025202092365,-5.589478628464062,0.0,2,4,0.3793662083135762,0.41974093710935756,0.23099415204678697,3,1.5691868758915817,3.891050583657596,6.2686567164178975,3.689320388349504,0.9157683134075197,0.5567846875423152,0.6787126689027387,0,9.23609798908323,0,1,3.891050583657596,6.2686567164178975,64.5,113.0,0.06666666666666667,,,113,True,False,False,False,A,1,,,UNAVAILABLE_IN_FROZEN_TOP120,21.36,4.260299625468167,NEUTRAL,2026-06-30,MATURED,2026-06-15,2026-06-15,True,RECONSTRUCTED_NOT_PRODUCTION_EXACT,DISCOVERY,False,False,False,0,True,False,False,False,False,DAY0_NO_POSITIVE_STRUCTURE,"{""d0_fresh_rs_p40"": 1.0, ""d0_fresh_volume_p40"": 3.0, ""d0_rs_slope5_p70"": 6.708057106025629, ""d0_rank_change3_p50"": 114.0, ""d0_flow_buy_days5_p70"": 4.0, ""d0_trend_eff5_p50"": 0.5314861460957175, ""d0_close_progress3_p50"": 5.966850828729298, ""d1_market_excess_p70"": 0.033209940654632675, ""d1_rs_change_p40"": 0.04062997403032401, ""d1_rank_change_p40"": -22.4, ""d1_flow_p50"": 4943366.0, ""d1_close_location_p30"": 0.43671497584541175, ""d1_upper_shadow_p70"": 0.23815384615384746, ""d3_rs_change_p40"": -2.0465804520160695, ""d3_rank_change_p40"": -73.39999999999999, ""d3_flow_acceleration_p50"": -16293412.410000004, ""d3_trend_eff_p50"": 0.8554216867469907, ""d3_max_drawdown_p30"": -2.645937542246859}"
006208,富邦台50,2026-06-15,2026-06-15,A,RANGE_NORMAL,VOLATILE_RANGE,NORMAL,True,0,0,11.0,0.0,,,0,,False,False,74.49421965317919,65.74746008708273,68.67295141406817,72.37888647866956,70.4644412191582,1.9404227463703403,0.4230666349019259,0.4029778434020983,2,1.5173561114684144,0.0,0.6082799888718071,0.16931167200604502,0.028924115944795048,,,,2,3,5,463889836.9,482429226.99999994,-1374863270.7,-26120115.350000083,-1313872205.7000003,1857292497.7,0.2927874638782582,375863146.844974,3,1,0,1,1,0.8515901060070656,0.37477148080438727,0.004237288135592976,-3.569192235441454,-7.154340836012862,1.339190847091687,2,3,0.5866560056858569,0.5457969492633415,0.16458777540867,1,3.3883947479881327,5.192846369316939,4.383151592901435,0.08200082000819897,1.4183526781238647,1.1028387719611121,1.0055874988482032,2,4.358796820686299,0,0,5.192846369316939,4.383151592901435,64.2,115.0,0.05,,,115,True,False,False,False,A,1,,,UNAVAILABLE_IN_FROZEN_TOP120,244.1,2.498975829578032,NEUTRAL,2026-06-30,MATURED,2026-06-15,2026-06-15,True,RECONSTRUCTED_NOT_PRODUCTION_EXACT,DISCOVERY,True,False,False,1,True,False,False,False,False,DAY0_NO_POSITIVE_STRUCTURE,"{""d0_fresh_rs_p40"": 1.0, ""d0_fresh_volume_p40"": 3.0, ""d0_rs_slope5_p70"": 6.708057106025629, ""d0_rank_change3_p50"": 114.0, ""d0_flow_buy_days5_p70"": 4.0, ""d0_trend_eff5_p50"": 0.5314861460957175, ""d0_close_progress3_p50"": 5.966850828729298, ""d1_market_excess_p70"": 0.033209940654632675, ""d1_rs_change_p40"": 0.04062997403032401, ""d1_rank_change_p40"": -22.4, ""d1_flow_p50"": 4943366.0, ""d1_close_location_p30"": 0.43671497584541175, ""d1_upper_shadow_p70"": 0.23815384615384746, ""d3_rs_change_p40"": -2.0465804520160695, ""d3_rank_change_p40"": -73.39999999999999, ""d3_flow_acceleration_p50"": -16293412.410000004, ""d3_trend_eff_p50"": 0.8554216867469907, ""d3_max_drawdown_p30"": -2.645937542246859}"
00927,群益半導體收益,2026-06-15,2026-06-15,A,RANGE_NORMAL,VOLATILE_RANGE,NORMAL,True,0,0,11.0,13.0,12.0,,0,,False,False,78.75722543352602,76.48766328011611,69.76069615663525,66.37744034707158,91.72714078374456,2.998843092296923,2.4759570172908867,-1.2969915350218542,3,0.5228860750060362,-11.901717361550013,0.12973195431573714,2.7881147311049848,2.9899459647777737,,,,3,3,4,16649905.060000002,155905381.40000004,-401641477.38,-75842259.87999998,-417982995.93000007,557546858.78,0.1955820879758756,126368182.4282723,3,0,0,1,1,1.0,0.4406504065040653,0.15699333967649848,-4.472178887155486,-10.954920019389224,0.0,2,4,0.41228605702290216,0.44561943480025185,0.39918707023970085,1,2.9098467134320627,7.811649428415879,7.344173441734414,-3.9990305380513735,0.5081803918232665,0.5739295686341267,0.6759428394232222,0,10.865080615398117,0,0,7.811649428415879,7.344173441734414,64.1,116.0,0.041666666666666664,,,116,True,False,False,False,A,1,,,UNAVAILABLE_IN_FROZEN_TOP120,39.61,5.402676091895997,NEUTRAL,2026-06-30,MATURED,2026-06-15,2026-06-15,True,RECONSTRUCTED_NOT_PRODUCTION_EXACT,DISCOVERY,False,False,False,0,True,False,False,False,False,DAY0_NO_POSITIVE_STRUCTURE,"{""d0_fresh_rs_p40"": 1.0, ""d0_fresh_volume_p40"": 3.0, ""d0_rs_slope5_p70"": 6.708057106025629, ""d0_rank_change3_p50"": 114.0, ""d0_flow_buy_days5_p70"": 4.0, ""d0_trend_eff5_p50"": 0.5314861460957175, ""d0_close_progress3_p50"": 5.966850828729298, ""d1_market_excess_p70"": 0.033209940654632675, ""d1_rs_change_p40"": 0.04062997403032401, ""d1_rank_change_p40"": -22.4, ""d1_flow_p50"": 4943366.0, ""d1_close_location_p30"": 0.43671497584541175, ""d1_upper_shadow_p70"": 0.23815384615384746, ""d3_rs_change_p40"": -2.0465804520160695, ""d3_rank_change_p40"": -73.39999999999999, ""d3_flow_acceleration_p50"": -16293412.410000004, ""d3_trend_eff_p50"": 0.8554216867469907, ""d3_max_drawdown_p30"": -2.645937542246859}"
3044,健鼎,2026-06-15,2026-06-15,A,RANGE_NORMAL,VOLATILE_RANGE,NORMAL,True,0,0,,3.0,,,0,,False,False,73.04913294797687,51.959361393323654,9.862218999274837,32.89949385394071,70.53701015965167,21.062304649567345,8.029927818807232,0.25121227883252006,4,13.032376830760112,0.0,1.847651840481257,3.535964258847769,4.432383401704443,1.7264126344138209,3.5447496936217746,4.619944211994431,2,3,5,1043724240.0,1355658037.0,-11592357.0,1373641930.0,1609417756.0,1367250394.0,0.43034647280055466,354064646.44935626,3,3,1,1,1,1.0,0.5,0.015151515151515152,-4.200000000000004,-7.722007722007717,0.0,2,4,0.5689655172413793,0.5297931034482758,0.3160919540229885,0,4.6277665995975825,8.559498956158663,8.786610878661083,0.38610038610038533,0.8184152363836245,0.7139587428423142,0.9545548011711487,1,9.204930788552675,0,0,8.559498956158663,8.786610878661083,64.0,117.0,0.03333333333333333,,,117,True,False,False,False,A,1,,,UNAVAILABLE_IN_FROZEN_TOP120,520.0,-0.3846153846153832,NEUTRAL,2026-06-30,MATURED,2026-06-15,2026-06-15,True,RECONSTRUCTED_NOT_PRODUCTION_EXACT,DISCOVERY,True,True,False,2,True,False,True,True,False,WATCH_CANDIDATE_SHADOW,"{""d0_fresh_rs_p40"": 1.0, ""d0_fresh_volume_p40"": 3.0, ""d0_rs_slope5_p70"": 6.708057106025629, ""d0_rank_change3_p50"": 114.0, ""d0_flow_buy_days5_p70"": 4.0, ""d0_trend_eff5_p50"": 0.5314861460957175, ""d0_close_progress3_p50"": 5.966850828729298, ""d1_market_excess_p70"": 0.033209940654632675, ""d1_rs_change_p40"": 0.04062997403032401, ""d1_rank_change_p40"": -22.4, ""d1_flow_p50"": 4943366.0, ""d1_close_location_p30"": 0.43671497584541175, ""d1_upper_shadow_p70"": 0.23815384615384746, ""d3_rs_change_p40"": -2.0465804520160695, ""d3_rank_change_p40"": -73.39999999999999, ""d3_flow_acceleration_p50"": -16293412.410000004, ""d3_trend_eff_p50"": 0.8554216867469907, ""d3_max_drawdown_p30"": -2.645937542246859}"
00861,元大全球未來通訊,2026-06-16,2026-06-16,A,RANGE_NORMAL,VOLATILE_RANGE,NORMAL,True,0,0,11.0,6.0,0.0,,0,,False,False,83.69565217391305,79.91329479768787,57.35930735930736,76.89530685920577,84.14192614047792,8.778781604868563,1.3600690629414545,-0.044627396656487406,3,7.418712541927109,-0.9642609954067751,-0.010892089406788763,2.9684263820170633,2.8151125668279153,,,,2,3,5,173131.5999999998,-2320022.0999999996,-180629.44999999553,-4724161.9499999955,-6010429.19999999,-2139392.650000004,0.19764151239573918,8436729.540300094,5,0,0,1,1,1.0,0.4285714285714282,0.13432835820895495,-3.524229074889873,-9.41054808686661,1.706058964996432,1,3,0.7341880341880268,0.6245902014651961,0.21581196581197595,1,0.8970976253298124,9.1324200913242,5.286343612334798,3.913043478260869,0.4801270199473143,0.5384194719960568,0.9235703438742163,1,5.723812644480885,0,0,9.1324200913242,5.286343612334798,71.0,46.0,0.6333333333333333,96.0,,46,True,False,False,False,A,1,,,UNAVAILABLE_IN_FROZEN_TOP120,95.6,1.5167364016736462,NEUTRAL,2026-07-01,MATURED,2026-06-16,2026-06-16,True,RECONSTRUCTED_NOT_PRODUCTION_EXACT,DISCOVERY,True,False,False,1,True,False,False,False,False,DAY0_NO_POSITIVE_STRUCTURE,"{""d0_fresh_rs_p40"": 1.0, ""d0_fresh_volume_p40"": 3.0, ""d0_rs_slope5_p70"": 6.708057106025629, ""d0_rank_change3_p50"": 114.0, ""d0_flow_buy_days5_p70"": 4.0, ""d0_trend_eff5_p50"": 0.5314861460957175, ""d0_close_progress3_p50"": 5.966850828729298, ""d1_market_excess_p70"": 0.033209940654632675, ""d1_rs_change_p40"": 0.04062997403032401, ""d1_rank_change_p40"": -22.4, ""d1_flow_p50"": 4943366.0, ""d1_close_location_p30"": 0.43671497584541175, ""d1_upper_shadow_p70"": 0.23815384615384746, ""d3_rs_change_p40"": -2.0465804520160695, ""d3_rank_change_p40"": -73.39999999999999, ""d3_flow_acceleration_p50"": -16293412.410000004, ""d3_trend_eff_p50"": 0.8554216867469907, ""d3_max_drawdown_p30"": -2.645937542246859}"
00913,兆豐台灣晶圓製造,2026-06-16,2026-06-16,A,RANGE_NORMAL,VOLATILE_RANGE,NORMAL,True,0,0,11.0,1.0,2.0,,0,,False,False,90.21739130434783,86.05491329479769,63.708513708513706,74.15162454873646,89.86241853729182,8.836292531944707,3.2131533511222727,0.03549727670560117,3,5.6231391808224345,0.0,-0.03505082045920371,5.018388159412113,4.612788723850603,,,,1,1,1,8364668.0,-30451836.060000002,-44701178.25,-63884520.629999995,-265345766.51,14249342.189999998,0.2851367722082052,24375845.122386623,4,0,0,1,1,1.0,0.40661938534278896,0.019582245430809206,-5.168863261944001,-10.928433268858806,0.0,1,4,0.5595085470085462,0.5048007354402699,0.20972222222222348,1,0.8729388942773975,11.182381868719249,7.084019769357486,0.5802707930367523,1.285189675763605,1.3425520404617097,1.1104670143944528,2,6.379315799146418,0,0,11.182381868719249,7.084019769357486,70.2,52.0,0.575,71.0,,52,True,False,False,False,A,1,,,UNAVAILABLE_IN_FROZEN_TOP120,52.0,5.09615384615385,NEUTRAL,2026-07-01,MATURED,2026-06-16,2026-06-16,True,RECONSTRUCTED_NOT_PRODUCTION_EXACT,DISCOVERY,True,False,False,1,True,False,False,False,False,DAY0_NO_POSITIVE_STRUCTURE,"{""d0_fresh_rs_p40"": 1.0, ""d0_fresh_volume_p40"": 3.0, ""d0_rs_slope5_p70"": 6.708057106025629, ""d0_rank_change3_p50"": 114.0, ""d0_flow_buy_days5_p70"": 4.0, ""d0_trend_eff5_p50"": 0.5314861460957175, ""d0_close_progress3_p50"": 5.966850828729298, ""d1_market_excess_p70"": 0.033209940654632675, ""d1_rs_change_p40"": 0.04062997403032401, ""d1_rank_change_p40"": -22.4, ""d1_flow_p50"": 4943366.0, ""d1_close_location_p30"": 0.43671497584541175, ""d1_upper_shadow_p70"": 0.23815384615384746, ""d3_rs_change_p40"": -2.0465804520160695, ""d3_rank_change_p40"": -73.39999999999999, ""d3_flow_acceleration_p50"": -16293412.410000004, ""d3_trend_eff_p50"": 0.8554216867469907, ""d3_max_drawdown_p30"": -2.645937542246859}"
00892,富邦台灣半導體,2026-06-16,2026-06-16,A,RANGE_NORMAL,VOLATILE_RANGE,NORMAL,True,0,0,14.0,11.0,13.0,,0,,False,False,75.5072463768116,63.15028901734104,28.354978354978353,42.888086642599276,65.67704561911658,15.717422673944412,6.5238319468424635,0.983020075769501,4,9.193590727101949,0.0,0.5350768016106455,0.8785949178639285,2.010886929411826,,,,3,4,6,42315299.51,85875508.82,-10081944.999999993,101306786.06,81823299.68,95957453.82,0.1696286486331637,27727905.403715186,4,0,0,1,1,1.0,0.38067061143984215,0.08102766798418966,-3.646075243845792,-7.697441601779753,0.0,1,4,0.3866666666666687,0.43194591488354916,0.17467505241089995,2,1.4430665163472467,7.042588627171065,4.482117974918709,1.8564636631197562,0.5812181078006504,0.5508156400719868,0.775746480867052,0,5.777812836365103,0,0,7.042588627171065,4.482117974918709,69.4,60.0,0.525,62.0,,60,True,False,False,False,A,1,,,UNAVAILABLE_IN_FROZEN_TOP120,44.99,3.2451655923538603,NEUTRAL,2026-07-01,MATURED,2026-06-16,2026-06-16,True,RECONSTRUCTED_NOT_PRODUCTION_EXACT,DISCOVERY,False,False,False,0,True,False,False,False,False,DAY0_NO_POSITIVE_STRUCTURE,"{""d0_fresh_rs_p40"": 1.0, ""d0_fresh_volume_p40"": 3.0, ""d0_rs_slope5_p70"": 6.708057106025629, ""d0_rank_change3_p50"": 114.0, ""d0_flow_buy_days5_p70"": 4.0, ""d0_trend_eff5_p50"": 0.5314861460957175, ""d0_close_progress3_p50"": 5.966850828729298, ""d1_market_excess_p70"": 0.033209940654632675, ""d1_rs_change_p40"": 0.04062997403032401, ""d1_rank_change_p40"": -22.4, ""d1_flow_p50"": 4943366.0, ""d1_close_location_p30"": 0.43671497584541175, ""d1_upper_shadow_p70"": 0.23815384615384746, ""d3_rs_change_p40"": -2.0465804520160695, ""d3_rank_change_p40"": -73.39999999999999, ""d3_flow_acceleration_p50"": -16293412.410000004, ""d3_trend_eff_p50"": 0.8554216867469907, ""d3_max_drawdown_p30"": -2.645937542246859}"
00991A,主動復華未來50,2026-06-16,2026-06-16,A,RANGE_NORMAL,VOLATILE_RANGE,NORMAL,True,0,0,9.0,10.0,0.0,,0,,False,False,82.02898550724638,76.08381502890174,42.13564213564214,70.32490974729242,76.24909485879797,13.297781123868079,2.3408151519907903,0.57798906484484,3,10.956965971877288,0.0,-0.14618169035875983,0.560051476276513,-1.2467412495885233,,,,2,2,4,359044995.84000003,672500903.4900001,-454125763.59000003,414711.900000155,-825467397.4899999,1126626667.0800002,0.23184112733342419,398828966.3271175,3,0,0,1,1,1.0,0.10619469026548596,0.006451612903226053,-5.153061224489807,-7.003501750875429,2.3671360653762354,1,3,0.2993236714975853,0.31413965744400574,0.20328502415458707,2,0.7618080243778413,6.724045185583649,1.2244897959183598,0.15143866733973166,0.8035848906715825,0.8566251381890441,0.9340260879225414,0,1.3109802946102578,0,0,6.724045185583649,1.2244897959183598,68.5,68.0,0.44166666666666665,89.0,,68,True,False,False,False,A,1,,,UNAVAILABLE_IN_FROZEN_TOP120,19.84,5.191532258064524,NEUTRAL,2026-07-01,MATURED,2026-06-16,2026-06-16,True,RECONSTRUCTED_NOT_PRODUCTION_EXACT,DISCOVERY,True,False,False,1,True,False,False,False,False,DAY0_NO_POSITIVE_STRUCTURE,"{""d0_fresh_rs_p40"": 1.0, ""d0_fresh_volume_p40"": 3.0, ""d0_rs_slope5_p70"": 6.708057106025629, ""d0_rank_change3_p50"": 114.0, ""d0_flow_buy_days5_p70"": 4.0, ""d0_trend_eff5_p50"": 0.5314861460957175, ""d0_close_progress3_p50"": 5.966850828729298, ""d1_market_excess_p70"": 0.033209940654632675, ""d1_rs_change_p40"": 0.04062997403032401, ""d1_rank_change_p40"": -22.4, ""d1_flow_p50"": 4943366.0, ""d1_close_location_p30"": 0.43671497584541175, ""d1_upper_shadow_p70"": 0.23815384615384746, ""d3_rs_change_p40"": -2.0465804520160695, ""d3_rank_change_p40"": -73.39999999999999, ""d3_flow_acceleration_p50"": -16293412.410000004, ""d3_trend_eff_p50"": 0.8554216867469907, ""d3_max_drawdown_p30"": -2.645937542246859}"
0053,元大電子,2026-06-16,2026-06-16,A,RANGE_NORMAL,VOLATILE_RANGE,NORMAL,True,0,0,9.0,7.0,,,0,,False,False,78.26086956521739,71.67630057803468,52.74170274170274,67.94223826714801,75.59739319333816,8.50638894117155,2.0637262596138752,0.2663476371879227,3,6.4426626815576755,0.0,-0.5343907110006096,0.028364656964274815,-0.8532440734539293,,,,1,1,1,-847750.7999999999,-8502157.6,-28842175.5,-29877462.1,-54220978.39999999,20340017.9,0.19637620227476563,5084856.551573684,2,0,0,0,0,1.0,0.15308151093439468,0.028207461328480146,-4.475730195419192,-8.531187122736416,0.0,1,4,0.603726453726457,0.5000737100737118,0.15303030303029933,2,0.37359900373599153,6.192358366271411,1.6179869720529538,-0.6369426751592244,0.8717007008543423,1.1180468980910452,1.4289831483565203,3,1.1322645574328905,0,0,6.192358366271411,1.6179869720529538,68.2,74.0,0.4,129.0,,74,True,False,False,False,A,1,,,UNAVAILABLE_IN_FROZEN_TOP120,241.8,3.3912324234904867,NEUTRAL,2026-07-01,MATURED,2026-06-16,2026-06-16,True,RECONSTRUCTED_NOT_PRODUCTION_EXACT,DISCOVERY,False,False,False,0,False,False,False,False,False,DAY0_NO_POSITIVE_STRUCTURE,"{""d0_fresh_rs_p40"": 1.0, ""d0_fresh_volume_p40"": 3.0, ""d0_rs_slope5_p70"": 6.708057106025629, ""d0_rank_change3_p50"": 114.0, ""d0_flow_buy_days5_p70"": 4.0, ""d0_trend_eff5_p50"": 0.5314861460957175, ""d0_close_progress3_p50"": 5.966850828729298, ""d1_market_excess_p70"": 0.033209940654632675, ""d1_rs_change_p40"": 0.04062997403032401, ""d1_rank_change_p40"": -22.4, ""d1_flow_p50"": 4943366.0, ""d1_close_location_p30"": 0.43671497584541175, ""d1_upper_shadow_p70"": 0.23815384615384746, ""d3_rs_change_p40"": -2.0465804520160695, ""d3_rank_change_p40"": -73.39999999999999, ""d3_flow_acceleration_p50"": -16293412.410000004, ""d3_trend_eff_p50"": 0.8554216867469907, ""d3_max_drawdown_p30"": -2.645937542246859}"
00881,國泰台灣科技龍頭,2026-06-16,2026-06-16,A,RANGE_NORMAL,VOLATILE_RANGE,NORMAL,True,0,0,9.0,4.0,12.0,,0,,False,False,78.84057971014492,74.34971098265896,60.317460317460316,70.90252707581227,75.16292541636496,6.174373130894868,1.58761052686653,0.3677654293779966,3,4.586762604028339,0.0,-0.358035544250801,-0.3780727835597908,-1.5512678440349426,,,,3,3,5,201736270.54999998,493572473.54999995,-252738740.30000004,157759432.14999995,59146663.849999934,746311213.85,0.19770229831089192,206692569.17045996,4,0,0,1,1,1.0,0.09090909090909091,0.03797468354430343,-4.599816007359703,-7.493309545049054,1.6426718410190777,1,3,0.448447204968946,0.40276795668100174,0.29585921325051573,2,0.5499541704858002,5.785920925747345,0.9199632014719406,-0.8137432188065064,0.6591683057425631,0.6270554558076727,0.8997582409187841,1,1.022455988324735,0,0,5.785920925747345,0.9199632014719406,67.7,76.0,0.375,55.0,,76,True,False,False,False,A,1,,,UNAVAILABLE_IN_FROZEN_TOP120,54.85,1.823154056517784,NEUTRAL,2026-07-01,MATURED,2026-06-16,2026-06-16,True,RECONSTRUCTED_NOT_PRODUCTION_EXACT,DISCOVERY,False,False,False,0,True,False,False,False,False,DAY0_NO_POSITIVE_STRUCTURE,"{""d0_fresh_rs_p40"": 1.0, ""d0_fresh_volume_p40"": 3.0, ""d0_rs_slope5_p70"": 6.708057106025629, ""d0_rank_change3_p50"": 114.0, ""d0_flow_buy_days5_p70"": 4.0, ""d0_trend_eff5_p50"": 0.5314861460957175, ""d0_close_progress3_p50"": 5.966850828729298, ""d1_market_excess_p70"": 0.033209940654632675, ""d1_rs_change_p40"": 0.04062997403032401, ""d1_rank_change_p40"": -22.4, ""d1_flow_p50"": 4943366.0, ""d1_close_location_p30"": 0.43671497584541175, ""d1_upper_shadow_p70"": 0.23815384615384746, ""d3_rs_change_p40"": -2.0465804520160695, ""d3_rank_change_p40"": -73.39999999999999, ""d3_flow_acceleration_p50"": -16293412.410000004, ""d3_trend_eff_p50"": 0.8554216867469907, ""d3_max_drawdown_p30"": -2.645937542246859}"
009816,凱基台灣TOP50,2026-06-16,2026-06-16,A,RANGE_NORMAL,VOLATILE_RANGE,NORMAL,True,0,0,12.0,4.0,0.0,,0,,False,False,81.3768115942029,77.09537572254335,67.17171717171718,75.09025270758123,76.03186097031137,4.73503147416191,1.2573117773243354,0.5344950623891535,3,3.4777196968375748,0.0,-0.06273613866378813,0.5806724985387035,-0.1625239214963381,,,,2,2,2,308471100.3,1008247170.4200001,-4398298761.51,-2793112355.85,-10195966538.56,5406545931.93,0.21246889675419897,1109392953.7694714,3,0,0,1,1,1.0,0.2173913043478257,0.023121387283236997,-4.155672823219003,-7.687420584498095,1.205693161079452,1,3,0.6179271708683503,0.5111651075524561,0.19159663865545976,2,0.845253576072813,6.74466620784584,2.308707124010545,0.5184705119896327,0.6534374330961056,0.6499176685682749,1.0000587845534883,2,2.308571415670679,0,0,6.74466620784584,2.308707124010545,67.6,77.0,0.36666666666666664,69.0,,77,True,False,False,False,A,1,,,UNAVAILABLE_IN_FROZEN_TOP120,15.51,2.063185041908455,NEUTRAL,2026-07-01,MATURED,2026-06-16,2026-06-16,True,RECONSTRUCTED_NOT_PRODUCTION_EXACT,DISCOVERY,True,False,False,1,True,False,False,False,False,DAY0_NO_POSITIVE_STRUCTURE,"{""d0_fresh_rs_p40"": 1.0, ""d0_fresh_volume_p40"": 3.0, ""d0_rs_slope5_p70"": 6.708057106025629, ""d0_rank_change3_p50"": 114.0, ""d0_flow_buy_days5_p70"": 4.0, ""d0_trend_eff5_p50"": 0.5314861460957175, ""d0_close_progress3_p50"": 5.966850828729298, ""d1_market_excess_p70"": 0.033209940654632675, ""d1_rs_change_p40"": 0.04062997403032401, ""d1_rank_change_p40"": -22.4, ""d1_flow_p50"": 4943366.0, ""d1_close_location_p30"": 0.43671497584541175, ""d1_upper_shadow_p70"": 0.23815384615384746, ""d3_rs_change_p40"": -2.0465804520160695, ""d3_rank_change_p40"": -73.39999999999999, ""d3_flow_acceleration_p50"": -16293412.410000004, ""d3_trend_eff_p50"": 0.8554216867469907, ""d3_max_drawdown_p30"": -2.645937542246859}"
1456,怡華,2026-06-16,2026-06-16,A,RANGE_NORMAL,VOLATILE_RANGE,NORMAL,True,0,0,1.0,2.0,,,0,,False,False,68.47826086956522,70.59248554913295,70.92352092352093,35.09025270758123,16.799420709630702,-0.8150866846519023,6.677601632396798,5.167884015993452,3,-7.4926883170487,-2.445260053955707,-1.250455468161249,-1.8629184404899135,1.4573403830645537,0.11415525114155667,3.9130079850059785,4.037980618943438,3,4,4,436500.0,783669.2,-449276.8,656392.4,-691662.6000000001,1232946.0,0.22874145261905268,264462.61365562223,4,0,0,0,0,0.8571428571428601,0.6470588235294142,0.6190476190476201,-0.7142857142857117,-3.806228373702414,0.18590998043053197,2,3,0.4861111111111119,0.5093137254901963,0.1250000000000002,2,-0.3424657534246478,4.301075268817223,3.928571428571437,15.476190476190489,0.8249017528538457,1.7319136480760833,1.4574607851134582,3,2.6954903134945147,0,0,4.301075268817223,3.928571428571437,67.5,78.0,0.35833333333333334,,,78,True,False,False,False,A,1,,,UNAVAILABLE_IN_FROZEN_TOP120,14.55,-3.7800687285223455,NEUTRAL,2026-07-01,MATURED,2026-06-16,2026-06-16,True,RECONSTRUCTED_NOT_PRODUCTION_EXACT,DISCOVERY,True,False,False,1,True,False,False,False,False,DAY0_NO_POSITIVE_STRUCTURE,"{""d0_fresh_rs_p40"": 1.0, ""d0_fresh_volume_p40"": 3.0, ""d0_rs_slope5_p70"": 6.708057106025629, ""d0_rank_change3_p50"": 114.0, ""d0_flow_buy_days5_p70"": 4.0, ""d0_trend_eff5_p50"": 0.5314861460957175, ""d0_close_progress3_p50"": 5.966850828729298, ""d1_market_excess_p70"": 0.033209940654632675, ""d1_rs_change_p40"": 0.04062997403032401, ""d1_rank_change_p40"": -22.4, ""d1_flow_p50"": 4943366.0, ""d1_close_location_p30"": 0.43671497584541175, ""d1_upper_shadow_p70"": 0.23815384615384746, ""d3_rs_change_p40"": -2.0465804520160695, ""d3_rank_change_p40"": -73.39999999999999, ""d3_flow_acceleration_p50"": -16293412.410000004, ""d3_trend_eff_p50"": 0.8554216867469907, ""d3_max_drawdown_p30"": -2.645937542246859}"
00851,台新全球AI,2026-06-16,2026-06-16,A,RANGE_NORMAL,VOLATILE_RANGE,NORMAL,True,0,0,14.0,1.0,0.0,,0,,False,False,82.2463768115942,77.67341040462428,75.46897546897547,77.54512635379061,85.22809558291094,2.25913378087291,0.9402500915607191,-0.2981718771316736,3,1.318883689312191,-0.6769227542524021,0.9540792507806373,1.410660332936109,3.48285790714733,,,,3,3,6,221549.99999999997,2081800.0,73900.0,1737500.0,1136450.0,2007900.0,0.22540961874966858,561489.8518450712,1,0,0,1,1,1.0,0.6640000000000001,0.043478260869565216,-1.506456241032994,-7.104194857916102,0.2485288919385431,1,3,0.830701754385965,0.6841353383458656,0.16929824561403503,1,1.8620689655172384,7.574654042243245,5.954088952654213,0.6816632583503734,0.40014766967501064,0.8399061043764555,0.7184361874290385,1,8.287568272362828,0,0,7.574654042243245,5.954088952654213,67.1,82.0,0.3333333333333333,55.0,,82,True,False,False,False,A,1,,,UNAVAILABLE_IN_FROZEN_TOP120,73.85,1.8280297901151157,NEUTRAL,2026-07-01,MATURED,2026-06-16,2026-06-16,True,RECONSTRUCTED_NOT_PRODUCTION_EXACT,DISCOVERY,True,False,False,1,True,True,False,False,False,DAY0_NO_POSITIVE_STRUCTURE,"{""d0_fresh_rs_p40"": 1.0, ""d0_fresh_volume_p40"": 3.0, ""d0_rs_slope5_p70"": 6.708057106025629, ""d0_rank_change3_p50"": 114.0, ""d0_flow_buy_days5_p70"": 4.0, ""d0_trend_eff5_p50"": 0.5314861460957175, ""d0_close_progress3_p50"": 5.966850828729298, ""d1_market_excess_p70"": 0.033209940654632675, ""d1_rs_change_p40"": 0.04062997403032401, ""d1_rank_change_p40"": -22.4, ""d1_flow_p50"": 4943366.0, ""d1_close_location_p30"": 0.43671497584541175, ""d1_upper_shadow_p70"": 0.23815384615384746, ""d3_rs_change_p40"": -2.0465804520160695, ""d3_rank_change_p40"": -73.39999999999999, ""d3_flow_acceleration_p50"": -16293412.410000004, ""d3_trend_eff_p50"": 0.8554216867469907, ""d3_max_drawdown_p30"": -2.645937542246859}"
00911,兆豐洲際半導體,2026-06-16,2026-06-16,A,RANGE_NORMAL,VOLATILE_RANGE,NORMAL,True,0,0,1.0,1.0,2.0,,0,,False,False,92.82608695652173,89.66763005780346,66.59451659451659,78.91696750902527,87.97972483707458,8.743856787335048,2.781823889499293,0.484636211944715,3,5.962032897835755,0.0,-1.0575783460006205,6.971599511031857,5.538477692357201,,,,2,2,3,4265458.5,5251951.350000003,-19019981.25,-15551454.299999997,-74229173.3,24271932.6,0.27212763149215047,9510978.986903284,3,0,0,0,0,0.9748427672955989,0.46046511627907066,0.273127753303965,-4.53074433656957,-9.578544061302685,1.4970549509950628,2,2,0.6741390513320328,0.6226652489810377,0.0,1,-0.14958863126401933,13.135593220338993,8.009708737864084,10.239471511147812,1.9862073498623667,1.3879775013760378,1.0970479216426825,2,7.301147543190837,0,0,13.135593220338993,8.009708737864084,66.8,86.0,0.30833333333333335,105.0,,86,True,False,False,False,A,1,,,UNAVAILABLE_IN_FROZEN_TOP120,66.75,2.4719101123595655,NEUTRAL,2026-07-01,MATURED,2026-06-16,2026-06-16,True,RECONSTRUCTED_NOT_PRODUCTION_EXACT,DISCOVERY,True,False,False,1,False,False,False,False,False,DAY0_NO_POSITIVE_STRUCTURE,"{""d0_fresh_rs_p40"": 1.0, ""d0_fresh_volume_p40"": 3.0, ""d0_rs_slope5_p70"": 6.708057106025629, ""d0_rank_change3_p50"": 114.0, ""d0_flow_buy_days5_p70"": 4.0, ""d0_trend_eff5_p50"": 0.5314861460957175, ""d0_close_progress3_p50"": 5.966850828729298, ""d1_market_excess_p70"": 0.033209940654632675, ""d1_rs_change_p40"": 0.04062997403032401, ""d1_rank_change_p40"": -22.4, ""d1_flow_p50"": 4943366.0, ""d1_close_location_p30"": 0.43671497584541175, ""d1_upper_shadow_p70"": 0.23815384615384746, ""d3_rs_change_p40"": -2.0465804520160695, ""d3_rank_change_p40"": -73.39999999999999, ""d3_flow_acceleration_p50"": -16293412.410000004, ""d3_trend_eff_p50"": 0.8554216867469907, ""d3_max_drawdown_p30"": -2.645937542246859}"
00983A,主動中信ARK創新,2026-06-16,2026-06-16,A,RANGE_NORMAL,VOLATILE_RANGE,NORMAL,True,0,0,12.0,3.0,,,0,,False,False,58.55072463768116,45.88150289017341,15.656565656565656,23.32129963898917,49.52932657494569,14.298052993705168,7.045884999738396,0.9021398062735464,3,7.252167993966772,0.0,0.9691433910654412,1.988180203736344,1.445218040654983,,,,3,5,10,52401113.82,183084561.4,250018288.92,425841836.73999995,493905465.21999997,-66933727.51999998,0.48257559161414293,67065016.5404562,4,0,0,1,1,1.0,0.3333333333333325,0.07438016528925603,-3.9164490861618884,-8.910891089108908,0.023960908164794015,1,3,0.7676767676767661,0.6434937611408172,0.2323232323232338,2,1.8771331058020424,8.15217391304348,3.916449086161866,-1.4851485148514865,1.0962150467782728,1.3966222755606958,1.9616176892978219,3,1.9965404612372726,0,0,8.15217391304348,3.916449086161866,66.7,88.0,0.2833333333333333,71.0,,88,True,False,False,False,A,1,,,UNAVAILABLE_IN_FROZEN_TOP120,11.94,3.433835845896138,NEUTRAL,2026-07-01,MATURED,2026-06-16,2026-06-16,True,RECONSTRUCTED_NOT_PRODUCTION_EXACT,DISCOVERY,True,True,False,2,True,False,True,True,False,WATCH_CANDIDATE_SHADOW,"{""d0_fresh_rs_p40"": 1.0, ""d0_fresh_volume_p40"": 3.0, ""d0_rs_slope5_p70"": 6.708057106025629, ""d0_rank_change3_p50"": 114.0, ""d0_flow_buy_days5_p70"": 4.0, ""d0_trend_eff5_p50"": 0.5314861460957175, ""d0_close_progress3_p50"": 5.966850828729298, ""d1_market_excess_p70"": 0.033209940654632675, ""d1_rs_change_p40"": 0.04062997403032401, ""d1_rank_change_p40"": -22.4, ""d1_flow_p50"": 4943366.0, ""d1_close_location_p30"": 0.43671497584541175, ""d1_upper_shadow_p70"": 0.23815384615384746, ""d3_rs_change_p40"": -2.0465804520160695, ""d3_rank_change_p40"": -73.39999999999999, ""d3_flow_acceleration_p50"": -16293412.410000004, ""d3_trend_eff_p50"": 0.8554216867469907, ""d3_max_drawdown_p30"": -2.645937542246859}"
00989A,主動摩根美國科技,2026-06-16,2026-06-16,A,RANGE_NORMAL,VOLATILE_RANGE,NORMAL,True,0,0,12.0,4.0,,,0,,False,False,66.30434782608695,54.335260115606935,25.974025974025974,44.332129963898915,73.93193338160754,13.443440617353659,4.394443572437607,-0.7627585555520582,3,9.048997044916051,-1.6406594098030638,0.3606258395932427,1.8995730946952163,2.3232895024383193,,,,3,4,8,11129428.080000006,27445189.720000006,2317848.469999997,27773414.43,41231238.68,25127341.250000007,0.20339428714357333,5017003.270844477,3,0,0,1,1,1.0,0.44210526315789417,0.0025839793281648574,-3.025114155251152,-8.754027926960273,0.7618796142192519,1,3,0.9153846153846076,0.7129344729344675,0.08461538461539252,2,1.2686155543298439,8.063566804002352,4.794520547945202,0.05449591280652921,1.1532482477321122,0.8446111575943859,1.2722927027208344,2,3.7684100032107257,0,0,8.063566804002352,4.794520547945202,66.7,89.0,0.2833333333333333,64.0,,89,True,False,False,False,A,1,,,UNAVAILABLE_IN_FROZEN_TOP120,18.36,2.8322440087146017,NEUTRAL,2026-07-01,MATURED,2026-06-16,2026-06-16,True,RECONSTRUCTED_NOT_PRODUCTION_EXACT,DISCOVERY,False,False,False,0,True,False,False,False,False,DAY0_NO_POSITIVE_STRUCTURE,"{""d0_fresh_rs_p40"": 1.0, ""d0_fresh_volume_p40"": 3.0, ""d0_rs_slope5_p70"": 6.708057106025629, ""d0_rank_change3_p50"": 114.0, ""d0_flow_buy_days5_p70"": 4.0, ""d0_trend_eff5_p50"": 0.5314861460957175, ""d0_close_progress3_p50"": 5.966850828729298, ""d1_market_excess_p70"": 0.033209940654632675, ""d1_rs_change_p40"": 0.04062997403032401, ""d1_rank_change_p40"": -22.4, ""d1_flow_p50"": 4943366.0, ""d1_close_location_p30"": 0.43671497584541175, ""d1_upper_shadow_p70"": 0.23815384615384746, ""d3_rs_change_p40"": -2.0465804520160695, ""d3_rank_change_p40"": -73.39999999999999, ""d3_flow_acceleration_p50"": -16293412.410000004, ""d3_trend_eff_p50"": 0.8554216867469907, ""d3_max_drawdown_p30"": -2.645937542246859}"
009809,富邦淨零ESG50,2026-06-16,2026-06-16,A,RANGE_NORMAL,VOLATILE_RANGE,NORMAL,True,0,0,12.0,3.0,1.0,,0,,False,False,80.8695652173913,80.70809248554913,73.73737373737374,79.78339350180505,83.85228095582912,2.377397160005851,0.2172343431172493,-0.29827157384378183,3,2.160162816888602,-0.041497689333212406,-0.9654279686136968,-0.7733213895009694,-0.1784620860712849,,,,2,3,7,2356830.0,2259079.9899999993,521496.8400000008,1846506.7000000002,8411458.649999997,1737583.1499999985,0.24642162572925316,2649527.6195622976,1,0,0,0,0,0.9780219780219745,0.27272727272727004,0.014409221902017457,-2.9982363315696703,-7.0016939582157045,1.4703990388462873,2,3,0.5859557109557049,0.5656159797649123,0.2890442890442945,1,-0.05743825387709567,5.390672319806167,2.292768959435598,-0.2865329512893977,0.16925441899641958,0.47078085079410065,0.8466376864220265,1,2.7080875281196892,0,0,5.390672319806167,2.292768959435598,66.6,90.0,0.25833333333333336,65.0,,90,True,False,False,False,A,1,,,UNAVAILABLE_IN_FROZEN_TOP120,17.4,5.114942528735633,NEUTRAL,2026-07-01,MATURED,2026-06-16,2026-06-16,True,RECONSTRUCTED_NOT_PRODUCTION_EXACT,DISCOVERY,True,False,False,1,False,False,False,False,False,DAY0_NO_POSITIVE_STRUCTURE,"{""d0_fresh_rs_p40"": 1.0, ""d0_fresh_volume_p40"": 3.0, ""d0_rs_slope5_p70"": 6.708057106025629, ""d0_rank_change3_p50"": 114.0, ""d0_flow_buy_days5_p70"": 4.0, ""d0_trend_eff5_p50"": 0.5314861460957175, ""d0_close_progress3_p50"": 5.966850828729298, ""d1_market_excess_p70"": 0.033209940654632675, ""d1_rs_change_p40"": 0.04062997403032401, ""d1_rank_change_p40"": -22.4, ""d1_flow_p50"": 4943366.0, ""d1_close_location_p30"": 0.43671497584541175, ""d1_upper_shadow_p70"": 0.23815384615384746, ""d3_rs_change_p40"": -2.0465804520160695, ""d3_rank_change_p40"": -73.39999999999999, ""d3_flow_acceleration_p50"": -16293412.410000004, ""d3_trend_eff_p50"": 0.8554216867469907, ""d3_max_drawdown_p30"": -2.645937542246859}"
00898,國泰基因免疫革命,2026-06-16,2026-06-16,A,RANGE_NORMAL,VOLATILE_RANGE,NORMAL,True,0,0,1.0,0.0,,,0,,False,False,64.05797101449275,58.309248554913296,47.4025974025974,44.47653429602888,39.60897900072411,5.5517912039651165,3.916287343692774,2.444899201376864,4,1.6355038602723426,0.0,-0.7893657526962805,-3.362532077151248,1.214272639996783,,,,3,4,8,6126469.4,14494890.8,3645409.9799999995,18656547.72,34067438.4,10849480.82,0.3022888584912126,3299895.0832818374,4,0,0,1,1,1.0,0.8823529411764724,0.28421052631578925,-0.2430133657351119,-3.210463733650415,0.0,2,4,0.6607142857142767,0.5697619047619014,0.3392857142857233,0,0.11862396204032066,2.8014616321558883,3.685503685503666,3.3047735618114915,1.6782470861972751,1.4076942560500814,1.3469729640331423,4,2.7361378319490783,1,0,2.8014616321558883,3.685503685503666,66.3,95.0,0.225,100.0,,95,True,False,False,False,A,1,,,UNAVAILABLE_IN_FROZEN_TOP120,8.44,10.18957345971565,NEUTRAL,2026-07-01,MATURED,2026-06-16,2026-06-16,True,RECONSTRUCTED_NOT_PRODUCTION_EXACT,DISCOVERY,True,False,False,1,True,False,False,False,False,DAY0_NO_POSITIVE_STRUCTURE,"{""d0_fresh_rs_p40"": 1.0, ""d0_fresh_volume_p40"": 3.0, ""d0_rs_slope5_p70"": 6.708057106025629, ""d0_rank_change3_p50"": 114.0, ""d0_flow_buy_days5_p70"": 4.0, ""d0_trend_eff5_p50"": 0.5314861460957175, ""d0_close_progress3_p50"": 5.966850828729298, ""d1_market_excess_p70"": 0.033209940654632675, ""d1_rs_change_p40"": 0.04062997403032401, ""d1_rank_change_p40"": -22.4, ""d1_flow_p50"": 4943366.0, ""d1_close_location_p30"": 0.43671497584541175, ""d1_upper_shadow_p70"": 0.23815384615384746, ""d3_rs_change_p40"": -2.0465804520160695, ""d3_rank_change_p40"": -73.39999999999999, ""d3_flow_acceleration_p50"": -16293412.410000004, ""d3_trend_eff_p50"": 0.8554216867469907, ""d3_max_drawdown_p30"": -2.645937542246859}"
00893,國泰智能電動車,2026-06-16,2026-06-16,A,RANGE_NORMAL,VOLATILE_RANGE,NORMAL,True,0,0,12.0,3.0,13.0,,0,,False,False,66.3768115942029,55.5635838150289,18.614718614718615,44.25992779783393,76.82838522809558,15.920697659828098,4.423376759273795,-1.045157363389268,3,11.497320900554303,-3.377168145305049,0.39181851027938475,2.8477008561595083,1.4413372605040387,,,,3,5,9,26167537.28,61030940.660000004,16755298.259999998,68041122.92,147542720.01,44275642.400000006,0.307136712102627,13503273.48227247,3,0,0,1,1,1.0,0.2948929159802305,0.0406091370558373,-4.677595628415299,-9.07005838198499,0.453920635974131,1,3,0.8580933875051503,0.7053322229792801,0.14190661249484965,1,1.299808225015986,9.011694565466644,3.9125683060109218,1.0199745006374883,0.664165979742085,0.8856126950616097,1.1008021413835651,1,3.554288421980477,0,0,9.011694565466644,3.9125683060109218,66.2,97.0,0.20833333333333334,80.0,,97,True,False,False,False,A,1,,,UNAVAILABLE_IN_FROZEN_TOP120,47.54,-0.0841396718552767,NEUTRAL,2026-07-01,MATURED,2026-06-16,2026-06-16,True,RECONSTRUCTED_NOT_PRODUCTION_EXACT,DISCOVERY,True,False,False,1,True,False,False,False,False,DAY0_NO_POSITIVE_STRUCTURE,"{""d0_fresh_rs_p40"": 1.0, ""d0_fresh_volume_p40"": 3.0, ""d0_rs_slope5_p70"": 6.708057106025629, ""d0_rank_change3_p50"": 114.0, ""d0_flow_buy_days5_p70"": 4.0, ""d0_trend_eff5_p50"": 0.5314861460957175, ""d0_close_progress3_p50"": 5.966850828729298, ""d1_market_excess_p70"": 0.033209940654632675, ""d1_rs_change_p40"": 0.04062997403032401, ""d1_rank_change_p40"": -22.4, ""d1_flow_p50"": 4943366.0, ""d1_close_location_p30"": 0.43671497584541175, ""d1_upper_shadow_p70"": 0.23815384615384746, ""d3_rs_change_p40"": -2.0465804520160695, ""d3_rank_change_p40"": -73.39999999999999, ""d3_flow_acceleration_p50"": -16293412.410000004, ""d3_trend_eff_p50"": 0.8554216867469907, ""d3_max_drawdown_p30"": -2.645937542246859}"
0052,富邦科技,2026-06-16,2026-06-16,A,RANGE_NORMAL,VOLATILE_RANGE,NORMAL,True,0,0,12.0,4.0,,,0,,False,False,75.57971014492753,71.17052023121387,58.22510822510822,67.65342960288808,76.75597393193338,5.784867306606436,1.58525610840789,-0.11762637870058512,3,4.1996111981985464,0.0,-0.5021455588924528,0.19886097684935766,0.355036618666027,,,,3,3,3,500871257.85,1928166944.25,-924712245.2,1108224931.45,-1970037577.5999994,2852879189.45,0.17350248555756084,650328588.354651,4,0,0,1,1,1.0,0.2982456140350881,0.06719367588932819,-3.3250207813798838,-8.569182389937113,1.4935479612841973,1,3,0.7243107769423567,0.5845864661654139,0.08771929824561377,2,0.40584415584414835,6.362854686156494,2.82626766417291,-1.3556618819776767,0.6799982460440764,0.7030225265905969,0.9159780516265202,1,3.0855189806723544,0,0,6.362854686156494,2.82626766417291,65.9,102.0,0.15833333333333333,41.0,,102,True,False,False,False,A,1,,,UNAVAILABLE_IN_FROZEN_TOP120,61.85,4.122877930476965,NEUTRAL,2026-07-01,MATURED,2026-06-16,2026-06-16,True,RECONSTRUCTED_NOT_PRODUCTION_EXACT,DISCOVERY,False,False,False,0,True,False,False,False,False,DAY0_NO_POSITIVE_STRUCTURE,"{""d0_fresh_rs_p40"": 1.0, ""d0_fresh_volume_p40"": 3.0, ""d0_rs_slope5_p70"": 6.708057106025629, ""d0_rank_change3_p50"": 114.0, ""d0_flow_buy_days5_p70"": 4.0, ""d0_trend_eff5_p50"": 0.5314861460957175, ""d0_close_progress3_p50"": 5.966850828729298, ""d1_market_excess_p70"": 0.033209940654632675, ""d1_rs_change_p40"": 0.04062997403032401, ""d1_rank_change_p40"": -22.4, ""d1_flow_p50"": 4943366.0, ""d1_close_location_p30"": 0.43671497584541175, ""d1_upper_shadow_p70"": 0.23815384615384746, ""d3_rs_change_p40"": -2.0465804520160695, ""d3_rank_change_p40"": -73.39999999999999, ""d3_flow_acceleration_p50"": -16293412.410000004, ""d3_trend_eff_p50"": 0.8554216867469907, ""d3_max_drawdown_p30"": -2.645937542246859}"
00922,國泰台灣領袖50,2026-06-16,2026-06-16,A,RANGE_NORMAL,VOLATILE_RANGE,NORMAL,True,0,0,9.0,4.0,0.0,,0,,False,False,81.01449275362319,77.3121387283237,70.99567099567099,76.75090252707581,76.39391745112238,3.339607252650732,0.8527180453094758,0.46205753025008106,3,2.486889207341256,0.0,-0.13626952554068872,-0.11212051045987881,-0.37791452596085406,,,,3,3,4,118912671.67999999,370587860.39,-165552766.26999998,158801013.37,-291326187.8,536140626.65999997,0.16915703599693763,124248516.17455411,3,0,0,1,1,1.0,0.21899736147757257,0.04622871046228664,-3.7326607818411017,-6.697628941579059,1.43025402896102,1,3,0.4635445304459395,0.43023611997696704,0.2688498357512438,2,0.7717201891959125,6.051873198847257,2.093316519546029,0.9476309226932544,0.5654578192998757,0.6072037691167422,0.8534989329130208,1,2.452629334170892,0,0,6.051873198847257,2.093316519546029,65.4,107.0,0.11666666666666667,37.0,,107,True,False,False,False,A,1,,,UNAVAILABLE_IN_FROZEN_TOP120,40.48,3.532608695652173,NEUTRAL,2026-07-01,MATURED,2026-06-16,2026-06-16,True,RECONSTRUCTED_NOT_PRODUCTION_EXACT,DISCOVERY,True,False,False,1,True,False,False,False,False,DAY0_NO_POSITIVE_STRUCTURE,"{""d0_fresh_rs_p40"": 1.0, ""d0_fresh_volume_p40"": 3.0, ""d0_rs_slope5_p70"": 6.708057106025629, ""d0_rank_change3_p50"": 114.0, ""d0_flow_buy_days5_p70"": 4.0, ""d0_trend_eff5_p50"": 0.5314861460957175, ""d0_close_progress3_p50"": 5.966850828729298, ""d1_market_excess_p70"": 0.033209940654632675, ""d1_rs_change_p40"": 0.04062997403032401, ""d1_rank_change_p40"": -22.4, ""d1_flow_p50"": 4943366.0, ""d1_close_location_p30"": 0.43671497584541175, ""d1_upper_shadow_p70"": 0.23815384615384746, ""d3_rs_change_p40"": -2.0465804520160695, ""d3_rank_change_p40"": -73.39999999999999, ""d3_flow_acceleration_p50"": -16293412.410000004, ""d3_trend_eff_p50"": 0.8554216867469907, ""d3_max_drawdown_p30"": -2.645937542246859}"
0057,富邦摩台,2026-06-16,2026-06-16,A,RANGE_NORMAL,VOLATILE_RANGE,NORMAL,True,0,0,9.0,5.0,,,0,,False,False,76.81159420289855,72.1820809248555,58.65800865800866,69.09747292418773,72.26647356987691,6.051195181629962,1.542824255742164,0.4545120633021639,4,4.508370925887798,0.0,-0.12172527314482373,0.1854814007504313,-0.024648106345237508,,,,1,1,3,-211041.59999999998,-5901916.299999999,-18599651.15,-24823751.500000004,-28018683.300000004,12697734.85,0.36513392408936385,4206860.369274862,1,0,0,0,0,1.0,0.22590361445783103,0.02460202604920386,-4.191812102430282,-8.003132341425223,0.0,1,4,0.6666666666666666,0.5426573426573427,0.1351351351351376,2,0.7862644415917774,6.3494751100575675,2.4465829391616456,0.5442612453977924,0.264741187670896,0.6457139749811096,1.138199623572265,3,2.1495200740648555,0,0,6.3494751100575675,2.4465829391616456,65.4,109.0,0.11666666666666667,113.0,,109,True,False,False,False,A,1,,,UNAVAILABLE_IN_FROZEN_TOP120,314.05,3.327495621716281,NEUTRAL,2026-07-01,MATURED,2026-06-16,2026-06-16,True,RECONSTRUCTED_NOT_PRODUCTION_EXACT,DISCOVERY,False,False,False,0,False,False,False,False,False,DAY0_NO_POSITIVE_STRUCTURE,"{""d0_fresh_rs_p40"": 1.0, ""d0_fresh_volume_p40"": 3.0, ""d0_rs_slope5_p70"": 6.708057106025629, ""d0_rank_change3_p50"": 114.0, ""d0_flow_buy_days5_p70"": 4.0, ""d0_trend_eff5_p50"": 0.5314861460957175, ""d0_close_progress3_p50"": 5.966850828729298, ""d1_market_excess_p70"": 0.033209940654632675, ""d1_rs_change_p40"": 0.04062997403032401, ""d1_rank_change_p40"": -22.4, ""d1_flow_p50"": 4943366.0, ""d1_close_location_p30"": 0.43671497584541175, ""d1_upper_shadow_p70"": 0.23815384615384746, ""d3_rs_change_p40"": -2.0465804520160695, ""d3_rank_change_p40"": -73.39999999999999, ""d3_flow_acceleration_p50"": -16293412.410000004, ""d3_trend_eff_p50"": 0.8554216867469907, ""d3_max_drawdown_p30"": -2.645937542246859}"
00980A,主動野村臺灣優選,2026-06-16,2026-06-16,A,RANGE_NORMAL,VOLATILE_RANGE,NORMAL,True,0,0,9.0,13.0,,,0,,False,False,77.97101449275362,60.69364161849711,23.665223665223664,47.87003610108303,65.60463432295438,18.10193027584332,6.020195678334119,1.2366380169799243,3,12.0817345975092,0.0,-0.37672694399690787,-0.493890616523629,-1.9399682747671898,,,,3,4,7,87122597.39999999,244921153.82,77775198.18999998,229121628.27999997,416651189.93999994,167145955.63,0.18993028035255244,62559203.722933345,4,0,0,1,1,1.0,0.05179282868526002,0.019011406844106078,-4.863097670617078,-7.361719060883399,1.8465944287031855,1,3,0.2507295173961854,0.29376667505107973,0.4393298059964703,2,0.5312627707396933,5.670103092783507,0.5312627707396933,-0.4048582995951344,0.4667672598251234,0.5516102804808037,0.7191367864644485,0,0.7387506531985164,0,0,5.670103092783507,0.5312627707396933,65.0,111.0,0.08333333333333333,75.0,,111,True,False,False,False,A,1,,,UNAVAILABLE_IN_FROZEN_TOP120,24.6,1.2601626016260026,NEUTRAL,2026-07-01,MATURED,2026-06-16,2026-06-16,True,RECONSTRUCTED_NOT_PRODUCTION_EXACT,DISCOVERY,False,False,False,0,True,False,False,False,False,DAY0_NO_POSITIVE_STRUCTURE,"{""d0_fresh_rs_p40"": 1.0, ""d0_fresh_volume_p40"": 3.0, ""d0_rs_slope5_p70"": 6.708057106025629, ""d0_rank_change3_p50"": 114.0, ""d0_flow_buy_days5_p70"": 4.0, ""d0_trend_eff5_p50"": 0.5314861460957175, ""d0_close_progress3_p50"": 5.966850828729298, ""d1_market_excess_p70"": 0.033209940654632675, ""d1_rs_change_p40"": 0.04062997403032401, ""d1_rank_change_p40"": -22.4, ""d1_flow_p50"": 4943366.0, ""d1_close_location_p30"": 0.43671497584541175, ""d1_upper_shadow_p70"": 0.23815384615384746, ""d3_rs_change_p40"": -2.0465804520160695, ""d3_rank_change_p40"": -73.39999999999999, ""d3_flow_acceleration_p50"": -16293412.410000004, ""d3_trend_eff_p50"": 0.8554216867469907, ""d3_max_drawdown_p30"": -2.645937542246859}"
00995A,主動中信台灣卓越,2026-06-16,2026-06-16,A,RANGE_NORMAL,VOLATILE_RANGE,NORMAL,True,0,0,16.0,5.0,,,0,,False,False,77.53623188405797,69.94219653179191,35.28138528138528,54.94584837545126,59.594496741491675,14.084948867557562,4.518076701721341,1.7941735142566295,3,9.566872165836221,0.0,-0.40435233365099243,-0.20529164441036585,-1.5723546410125078,,,,3,5,8,49821147.76,107701080.72,77055225.41,152010678.53,231061667.82999995,30645855.310000002,0.22022231900080028,24504006.349583443,4,0,0,1,1,1.0,0.08602150537634402,0.019900497512438237,-4.77528089887641,-6.919275123558489,1.9280417241219983,1,3,0.09833288153971272,0.19851993094402942,0.5974067046173334,2,0.5036373810856087,5.95870206489677,0.8988764044943753,0.4474272930648837,0.816986745732169,0.6692242488694881,0.8754053904006285,0,1.0268115942066627,0,0,5.95870206489677,0.8988764044943753,64.7,114.0,0.058333333333333334,16.0,,114,True,False,False,False,A,1,,,UNAVAILABLE_IN_FROZEN_TOP120,17.96,2.839643652561241,NEUTRAL,2026-07-01,MATURED,2026-06-16,2026-06-16,True,RECONSTRUCTED_NOT_PRODUCTION_EXACT,DISCOVERY,False,False,False,0,True,False,False,False,False,DAY0_NO_POSITIVE_STRUCTURE,"{""d0_fresh_rs_p40"": 1.0, ""d0_fresh_volume_p40"": 3.0, ""d0_rs_slope5_p70"": 6.708057106025629, ""d0_rank_change3_p50"": 114.0, ""d0_flow_buy_days5_p70"": 4.0, ""d0_trend_eff5_p50"": 0.5314861460957175, ""d0_close_progress3_p50"": 5.966850828729298, ""d1_market_excess_p70"": 0.033209940654632675, ""d1_rs_change_p40"": 0.04062997403032401, ""d1_rank_change_p40"": -22.4, ""d1_flow_p50"": 4943366.0, ""d1_close_location_p30"": 0.43671497584541175, ""d1_upper_shadow_p70"": 0.23815384615384746, ""d3_rs_change_p40"": -2.0465804520160695, ""d3_rank_change_p40"": -73.39999999999999, ""d3_flow_acceleration_p50"": -16293412.410000004, ""d3_trend_eff_p50"": 0.8554216867469907, ""d3_max_drawdown_p30"": -2.645937542246859}"
2340,台亞,2026-06-16,2026-06-16,A,RANGE_NORMAL,VOLATILE_RANGE,NORMAL,True,0,0,,0.0,0.0,,0,,False,False,80.07246376811594,50.14450867052023,9.884559884559884,10.324909747292418,2.606806661839247,23.395967961185352,13.949510804164703,7.746565710627669,4,9.44645715702065,0.0,5.92261137815957,12.141603870118,9.24305466877884,6.830601092896171,16.811505029375905,10.833471708166199,3,4,5,156061120.29999998,268041955.5,-48447160.1,274015875.4,200811695.0,316489115.6,0.3400661958176954,60563104.34382086,4,0,0,1,1,1.0,0.4767441860465117,0.22222222222222246,-6.428571428571428,-11.85983827493261,0.0,1,4,0.5624860646599785,0.5131013948935481,0.4375139353400215,0,6.830601092896171,18.305597579425136,11.714285714285722,10.76487252124647,3.5782301290699006,1.689536741803783,1.2438349938277213,1,9.417877590207292,0,0,18.305597579425136,11.714285714285722,64.6,116.0,0.041666666666666664,,,116,False,False,True,False,C,1,,,UNAVAILABLE_IN_FROZEN_TOP120,39.1,-10.10230179028133,LOSER,2026-07-01,MATURED,2026-06-16,2026-06-16,True,RECONSTRUCTED_NOT_PRODUCTION_EXACT,DISCOVERY,True,True,False,2,True,False,True,True,False,WATCH_CANDIDATE_SHADOW,"{""d0_fresh_rs_p40"": 1.0, ""d0_fresh_volume_p40"": 3.0, ""d0_rs_slope5_p70"": 6.708057106025629, ""d0_rank_change3_p50"": 114.0, ""d0_flow_buy_days5_p70"": 4.0, ""d0_trend_eff5_p50"": 0.5314861460957175, ""d0_close_progress3_p50"": 5.966850828729298, ""d1_market_excess_p70"": 0.033209940654632675, ""d1_rs_change_p40"": 0.04062997403032401, ""d1_rank_change_p40"": -22.4, ""d1_flow_p50"": 4943366.0, ""d1_close_location_p30"": 0.43671497584541175, ""d1_upper_shadow_p70"": 0.23815384615384746, ""d3_rs_change_p40"": -2.0465804520160695, ""d3_rank_change_p40"": -73.39999999999999, ""d3_flow_acceleration_p50"": -16293412.410000004, ""d3_trend_eff_p50"": 0.8554216867469907, ""d3_max_drawdown_p30"": -2.645937542246859}"
1515,力山,2026-06-17,2026-06-17,A,RANGE_NORMAL,VOLATILE_RANGE,NORMAL,True,0,0,9.0,0.0,0.0,,0,,False,True,80.8972503617945,59.492753623188406,48.548621190130625,60.55112400290065,50.868306801736615,10.782876390554627,4.069225271778771,3.002894356005789,4,6.713651118775855,-8.282125092090752,9.680181405319988,6.196485401610929,3.929325146309237,9.829059829059839,9.792219547080839,8.827455976423371,2,2,2,13896478.299999999,13716848.7,-4181181.3,9912116.1,-21817383.299999997,17898030.0,0.35653140895234403,7363856.053422023,2,0,0,1,1,0.8545454545454527,0.643835616438354,0.2727272727272724,-1.927194860813719,-12.927756653992406,0.5398686168475331,3,3,0.41666666666666813,0.3674603174603187,0.0,1,9.829059829059839,10.064239828693777,10.064239828693777,11.739130434782608,2.5555762210405795,1.088185097341485,0.8039031477378042,1,12.519219332595851,0,0,10.064239828693777,10.064239828693777,69.7,43.0,0.65,289.0,316.0,43,True,False,False,False,A,1,,,UNAVAILABLE_IN_FROZEN_TOP120,25.7,51.55642023346305,WINNER,2026-07-02,MATURED,2026-06-17,2026-06-17,True,RECONSTRUCTED_NOT_PRODUCTION_EXACT,DISCOVERY,True,False,True,2,True,True,True,True,True,WATCH_CANDIDATE_SHADOW,"{""d0_fresh_rs_p40"": 1.0, ""d0_fresh_volume_p40"": 3.0, ""d0_rs_slope5_p70"": 6.708057106025629, ""d0_rank_change3_p50"": 114.0, ""d0_flow_buy_days5_p70"": 4.0, ""d0_trend_eff5_p50"": 0.5314861460957175, ""d0_close_progress3_p50"": 5.966850828729298, ""d1_market_excess_p70"": 0.033209940654632675, ""d1_rs_change_p40"": 0.04062997403032401, ""d1_rank_change_p40"": -22.4, ""d1_flow_p50"": 4943366.0, ""d1_close_location_p30"": 0.43671497584541175, ""d1_upper_shadow_p70"": 0.23815384615384746, ""d3_rs_change_p40"": -2.0465804520160695, ""d3_rank_change_p40"": -73.39999999999999, ""d3_flow_acceleration_p50"": -16293412.410000004, ""d3_trend_eff_p50"": 0.8554216867469907, ""d3_max_drawdown_p30"": -2.645937542246859}"
7786,東方風能,2026-06-17,2026-06-17,A,RANGE_NORMAL,VOLATILE_RANGE,NORMAL,True,0,0,,4.0,,,0,,False,False,73.51664254703329,69.78260869565217,42.59796806966618,6.163886874546773,6.295224312590449,10.306224825789036,13.470551134497303,6.722141823444284,5,-3.164326308708267,0.0,-0.14887842373985105,-2.2929512774765515,0.9190272263291499,-0.11587485515645035,1.1096868705365193,7.05394190871369,2,3,3,14015205.0,22833340.0,-12724463.0,14978282.0,-27248505.0,35557803.0,0.24792274155998759,10015955.010688629,3,0,0,0,0,1.0,0.5862068965517241,0.19230769230769232,-2.3076923076923106,-4.0000000000000036,0.0,2,2,0.48095238095238096,0.4742857142857143,0.32857142857142857,2,0.0,1.5748031496062964,7.05394190871369,4.0322580645161255,0.7025847737392807,0.6422771954281958,1.1467027642583676,1,6.151499873008365,0,0,1.5748031496062964,7.05394190871369,65.3,66.0,0.4583333333333333,,,66,False,False,True,False,C,1,,,UNAVAILABLE_IN_FROZEN_TOP120,129.0,-4.651162790697672,NEUTRAL,2026-07-02,MATURED,2026-06-17,2026-06-17,True,RECONSTRUCTED_NOT_PRODUCTION_EXACT,DISCOVERY,False,True,False,1,False,False,False,False,False,DAY0_NO_POSITIVE_STRUCTURE,"{""d0_fresh_rs_p40"": 1.0, ""d0_fresh_volume_p40"": 3.0, ""d0_rs_slope5_p70"": 6.708057106025629, ""d0_rank_change3_p50"": 114.0, ""d0_flow_buy_days5_p70"": 4.0, ""d0_trend_eff5_p50"": 0.5314861460957175, ""d0_close_progress3_p50"": 5.966850828729298, ""d1_market_excess_p70"": 0.033209940654632675, ""d1_rs_change_p40"": 0.04062997403032401, ""d1_rank_change_p40"": -22.4, ""d1_flow_p50"": 4943366.0, ""d1_close_location_p30"": 0.43671497584541175, ""d1_upper_shadow_p70"": 0.23815384615384746, ""d3_rs_change_p40"": -2.0465804520160695, ""d3_rank_change_p40"": -73.39999999999999, ""d3_flow_acceleration_p50"": -16293412.410000004, ""d3_trend_eff_p50"": 0.8554216867469907, ""d3_max_drawdown_p30"": -2.645937542246859}"
9136,巨騰-DR,2026-06-17,2026-06-17,A,RANGE_NORMAL,VOLATILE_RANGE,NORMAL,True,0,0,12.0,3.0,1.0,,0,,False,False,97.25036179450072,96.44927536231884,,,,,,,1,,0.0,1.066927047384758,-7.902336559647705,5.98629743882757,0.23058379624776304,-5.0007657074440885,9.996566228860825,0,1,4,-248201.54999999952,-10736998.8,-2849033.3499999987,-8804554.9,2802185.500000005,-7887965.450000002,0.2155295880165956,8542636.896364836,1,0,0,0,0,0.6363636363636381,0.4999999999999993,0.21243523316062157,-5.187319884726238,-16.338028169014084,1.4166904656818304,2,3,0.3373106060606054,0.5765799120234602,0.30227272727272597,0,1.2158054711246091,-4.034582132564857,12.12121212121211,14.04109589041096,0.23217394559359217,0.5361064866718739,0.7557042506136412,1,16.03962411402283,0,0,-4.034582132564857,12.12121212121211,60.9,89.0,0.2833333333333333,,,89,False,True,False,False,B,1,,,UNAVAILABLE_IN_FROZEN_TOP120,16.65,-18.01801801801801,LOSER,2026-07-02,MATURED,2026-06-17,2026-06-17,True,RECONSTRUCTED_NOT_PRODUCTION_EXACT,DISCOVERY,True,False,False,1,False,False,False,False,False,DAY0_NO_POSITIVE_STRUCTURE,"{""d0_fresh_rs_p40"": 1.0, ""d0_fresh_volume_p40"": 3.0, ""d0_rs_slope5_p70"": 6.708057106025629, ""d0_rank_change3_p50"": 114.0, ""d0_flow_buy_days5_p70"": 4.0, ""d0_trend_eff5_p50"": 0.5314861460957175, ""d0_close_progress3_p50"": 5.966850828729298, ""d1_market_excess_p70"": 0.033209940654632675, ""d1_rs_change_p40"": 0.04062997403032401, ""d1_rank_change_p40"": -22.4, ""d1_flow_p50"": 4943366.0, ""d1_close_location_p30"": 0.43671497584541175, ""d1_upper_shadow_p70"": 0.23815384615384746, ""d3_rs_change_p40"": -2.0465804520160695, ""d3_rank_change_p40"": -73.39999999999999, ""d3_flow_acceleration_p50"": -16293412.410000004, ""d3_trend_eff_p50"": 0.8554216867469907, ""d3_max_drawdown_p30"": -2.645937542246859}"
5469,瀚宇博,2026-06-17,2026-06-17,A,RANGE_NORMAL,VOLATILE_RANGE,NORMAL,True,0,0,2.0,2.0,,,0,,False,False,66.78726483357453,63.26086956521739,58.127721335268504,36.620739666424946,46.96092619392185,2.8865144994353407,6.033305033429916,1.9826338639652676,3,-3.1467905339945754,-7.995972160645124,0.9012966054316784,-0.40299934942455984,1.3092540521067786,-0.5260071074309147,-0.32312371022049646,1.9796878601743728,3,4,5,32021735.599999994,169635262.3,91543092.99999999,274077176.3,181092745.4,78092169.30000003,0.24199139000008651,54414479.280355364,4,0,0,1,1,0.4461538461538458,0.6250000000000003,0.013574660633484663,-2.0571428571428574,-7.825086306098972,0.0,2,3,0.6038540312733853,0.5909047941306002,0.14883414076962637,2,1.0501750291715295,3.464755077658288,7.444168734491319,-0.34522439585732423,0.4875441371778946,1.199726868630711,0.9973037168039445,2,7.464294586555456,0,0,3.464755077658288,7.444168734491319,60.6,91.0,0.25833333333333336,86.0,,91,True,False,False,False,A,1,,,UNAVAILABLE_IN_FROZEN_TOP120,86.6,1.039260969976907,NEUTRAL,2026-07-02,MATURED,2026-06-17,2026-06-17,True,RECONSTRUCTED_NOT_PRODUCTION_EXACT,DISCOVERY,True,False,False,1,True,False,False,False,False,DAY0_NO_POSITIVE_STRUCTURE,"{""d0_fresh_rs_p40"": 1.0, ""d0_fresh_volume_p40"": 3.0, ""d0_rs_slope5_p70"": 6.708057106025629, ""d0_rank_change3_p50"": 114.0, ""d0_flow_buy_days5_p70"": 4.0, ""d0_trend_eff5_p50"": 0.5314861460957175, ""d0_close_progress3_p50"": 5.966850828729298, ""d1_market_excess_p70"": 0.033209940654632675, ""d1_rs_change_p40"": 0.04062997403032401, ""d1_rank_change_p40"": -22.4, ""d1_flow_p50"": 4943366.0, ""d1_close_location_p30"": 0.43671497584541175, ""d1_upper_shadow_p70"": 0.23815384615384746, ""d3_rs_change_p40"": -2.0465804520160695, ""d3_rank_change_p40"": -73.39999999999999, ""d3_flow_acceleration_p50"": -16293412.410000004, ""d3_trend_eff_p50"": 0.8554216867469907, ""d3_max_drawdown_p30"": -2.645937542246859}"
2460,建通,2026-06-17,2026-06-17,A,RANGE_NORMAL,VOLATILE_RANGE,NORMAL,True,0,0,11.0,2.0,,,0,,False,False,77.06222865412445,73.40579710144928,21.262699564586356,6.81653372008702,53.2561505065123,18.59984302984603,14.049138986807487,2.3806078147612153,5,4.550704043038545,0.0,1.716257874681948,8.652055398590687,8.196808344990657,0.0,9.841238397102114,9.658825831113525,2,4,5,16010500.0,21823952.800000004,3448644.0,26356862.800000004,25081196.800000004,18375308.800000004,0.3040568688765709,10401431.564391376,4,0,0,1,1,1.0,0.8640776699029121,0.07894736842105252,-1.1272141706924366,-13.728323699421964,0.0,1,4,0.5490435490435492,0.5092580621992389,0.12820512820512822,3,1.865136298421799,12.519809825673534,14.331723027375197,2.6011560693641522,2.261136594319946,2.5015568146793794,1.651975434283883,3,8.675506142491686,0,0,12.519809825673534,14.331723027375197,60.0,93.0,0.23333333333333334,227.0,,93,True,False,True,False,AC,2,,,UNAVAILABLE_IN_FROZEN_TOP120,35.5,2.8169014084507005,NEUTRAL,2026-07-02,MATURED,2026-06-17,2026-06-17,True,RECONSTRUCTED_NOT_PRODUCTION_EXACT,DISCOVERY,True,True,False,2,True,True,True,True,True,WATCH_CANDIDATE_SHADOW,"{""d0_fresh_rs_p40"": 1.0, ""d0_fresh_volume_p40"": 3.0, ""d0_rs_slope5_p70"": 6.708057106025629, ""d0_rank_change3_p50"": 114.0, ""d0_flow_buy_days5_p70"": 4.0, ""d0_trend_eff5_p50"": 0.5314861460957175, ""d0_close_progress3_p50"": 5.966850828729298, ""d1_market_excess_p70"": 0.033209940654632675, ""d1_rs_change_p40"": 0.04062997403032401, ""d1_rank_change_p40"": -22.4, ""d1_flow_p50"": 4943366.0, ""d1_close_location_p30"": 0.43671497584541175, ""d1_upper_shadow_p70"": 0.23815384615384746, ""d3_rs_change_p40"": -2.0465804520160695, ""d3_rank_change_p40"": -73.39999999999999, ""d3_flow_acceleration_p50"": -16293412.410000004, ""d3_trend_eff_p50"": 0.8554216867469907, ""d3_max_drawdown_p30"": -2.645937542246859}"
2489,瑞軒,2026-06-17,2026-06-17,A,RANGE_NORMAL,VOLATILE_RANGE,NORMAL,True,0,0,19.0,1.0,8.0,,0,,False,False,76.77279305354558,71.30434782608695,47.96806966618287,33.43002175489485,72.93777134587555,9.601574462454238,8.668554259730147,0.38350217076700377,3,0.9330202027240908,-8.049283925394136,5.733474517436621,12.818920242785104,12.98273237643901,4.893652376204716,15.77923365353402,16.881874701099964,3,4,6,249536700.00000006,742147002.9000001,69289587.35,792645701.45,382324009.6000001,672857415.5500001,0.19103324793754198,171201435.48558402,4,1,0,1,1,1.0,1.0,0.08152173913043476,0.0,-18.562874251497018,0.0,0,5,0.5428009006458222,0.42568054038749337,0.45719909935417774,0,5.882352941176472,16.68667466986795,19.11764705882355,-2.9940119760479056,1.3352756073716832,1.1029128571503097,0.8152881952672535,2,23.448943784297942,0,0,16.68667466986795,19.11764705882355,59.2,95.0,0.21666666666666667,,,95,True,False,False,False,A,1,,,UNAVAILABLE_IN_FROZEN_TOP120,48.6,-14.40329218106996,LOSER,2026-07-02,MATURED,2026-06-17,2026-06-17,True,RECONSTRUCTED_NOT_PRODUCTION_EXACT,DISCOVERY,True,True,False,2,True,True,True,True,True,WATCH_CANDIDATE_SHADOW,"{""d0_fresh_rs_p40"": 1.0, ""d0_fresh_volume_p40"": 3.0, ""d0_rs_slope5_p70"": 6.708057106025629, ""d0_rank_change3_p50"": 114.0, ""d0_flow_buy_days5_p70"": 4.0, ""d0_trend_eff5_p50"": 0.5314861460957175, ""d0_close_progress3_p50"": 5.966850828729298, ""d1_market_excess_p70"": 0.033209940654632675, ""d1_rs_change_p40"": 0.04062997403032401, ""d1_rank_change_p40"": -22.4, ""d1_flow_p50"": 4943366.0, ""d1_close_location_p30"": 0.43671497584541175, ""d1_upper_shadow_p70"": 0.23815384615384746, ""d3_rs_change_p40"": -2.0465804520160695, ""d3_rank_change_p40"": -73.39999999999999, ""d3_flow_acceleration_p50"": -16293412.410000004, ""d3_trend_eff_p50"": 0.8554216867469907, ""d3_max_drawdown_p30"": -2.645937542246859}"
4722,國精化,2026-06-17,2026-06-17,A,RANGE_NORMAL,VOLATILE_RANGE,NORMAL,True,0,0,18.0,1.0,14.0,,0,,False,False,70.18813314037627,16.44927536231884,3.265602322206096,8.049311094996375,93.70477568740955,22.30751027272339,12.427764409075978,-2.3516642547033286,4,9.879745863647413,-22.793053545586105,9.851121576260159,12.688536963645625,13.592976474078043,9.011299435028253,15.64885037439454,17.492118798738996,2,3,4,153830424.0,212554361.0,-21113224.5,224818001.0,131105869.0,233667585.5,0.28854108449549265,68107502.19647485,1,3,0,1,1,0.974025974025974,0.5918367346938775,0.10687022900763359,-6.575963718820866,-25.899280575539574,3.1840317554603317,3,3,0.5017283950617284,0.5821181181181181,0.3254320987654321,2,10.000000000000009,16.55629139072847,19.727891156462583,-5.035971223021585,1.5953625853553852,1.3638770465391932,1.2504857120377633,2,15.776182779661239,0,0,16.55629139072847,19.727891156462583,58.4,97.0,0.2,,,97,True,False,True,False,AC,2,,,UNAVAILABLE_IN_FROZEN_TOP120,264.0,4.924242424242431,NEUTRAL,2026-07-02,MATURED,2026-06-17,2026-06-17,True,RECONSTRUCTED_NOT_PRODUCTION_EXACT,DISCOVERY,True,True,False,2,True,True,True,True,True,WATCH_CANDIDATE_SHADOW,"{""d0_fresh_rs_p40"": 1.0, ""d0_fresh_volume_p40"": 3.0, ""d0_rs_slope5_p70"": 6.708057106025629, ""d0_rank_change3_p50"": 114.0, ""d0_flow_buy_days5_p70"": 4.0, ""d0_trend_eff5_p50"": 0.5314861460957175, ""d0_close_progress3_p50"": 5.966850828729298, ""d1_market_excess_p70"": 0.033209940654632675, ""d1_rs_change_p40"": 0.04062997403032401, ""d1_rank_change_p40"": -22.4, ""d1_flow_p50"": 4943366.0, ""d1_close_location_p30"": 0.43671497584541175, ""d1_upper_shadow_p70"": 0.23815384615384746, ""d3_rs_change_p40"": -2.0465804520160695, ""d3_rank_change_p40"": -73.39999999999999, ""d3_flow_acceleration_p50"": -16293412.410000004, ""d3_trend_eff_p50"": 0.8554216867469907, ""d3_max_drawdown_p30"": -2.645937542246859}"
6213,聯茂,2026-06-17,2026-06-17,A,RANGE_NORMAL,VOLATILE_RANGE,NORMAL,True,0,0,,17.0,,,0,,False,False,74.8191027496382,61.08695652173913,27.06821480406386,13.850616388687454,11.070911722141824,15.916962648524782,12.19369727219015,6.374819102749639,3,3.7232653763346324,0.0,3.5332921188958144,2.072839632323098,-0.8199540524632898,2.1059884060332212,2.1527152715271614,-0.14952024439569556,2,3,7,874598205.0,1360115049.0,628653154.5,1377940621.5,2020568378.5,731461894.5,0.2725267687891991,373430201.43731683,3,0,0,1,1,0.5769230769230769,0.3698630136986301,0.031446540880503145,-2.3622047244094446,-9.81481481481481,0.1374590984476065,3,3,0.46237937689550596,0.4181571094199784,0.3440722360077199,1,3.6821705426356655,5.940594059405946,5.31496062992125,-0.92592592592593,0.7139480786477373,0.5871223791919471,0.6247733974151483,0,8.507021348717213,0,0,5.940594059405946,5.31496062992125,58.3,98.0,0.19166666666666668,166.0,,98,True,False,True,False,AC,2,,,UNAVAILABLE_IN_FROZEN_TOP120,267.5,34.01869158878505,WINNER,2026-07-02,MATURED,2026-06-17,2026-06-17,True,RECONSTRUCTED_NOT_PRODUCTION_EXACT,DISCOVERY,False,True,False,1,True,False,False,False,False,DAY0_NO_POSITIVE_STRUCTURE,"{""d0_fresh_rs_p40"": 1.0, ""d0_fresh_volume_p40"": 3.0, ""d0_rs_slope5_p70"": 6.708057106025629, ""d0_rank_change3_p50"": 114.0, ""d0_flow_buy_days5_p70"": 4.0, ""d0_trend_eff5_p50"": 0.5314861460957175, ""d0_close_progress3_p50"": 5.966850828729298, ""d1_market_excess_p70"": 0.033209940654632675, ""d1_rs_change_p40"": 0.04062997403032401, ""d1_rank_change_p40"": -22.4, ""d1_flow_p50"": 4943366.0, ""d1_close_location_p30"": 0.43671497584541175, ""d1_upper_shadow_p70"": 0.23815384615384746, ""d3_rs_change_p40"": -2.0465804520160695, ""d3_rank_change_p40"": -73.39999999999999, ""d3_flow_acceleration_p50"": -16293412.410000004, ""d3_trend_eff_p50"": 0.8554216867469907, ""d3_max_drawdown_p30"": -2.645937542246859}"
2611,志信,2026-06-17,2026-06-17,A,RANGE_NORMAL,VOLATILE_RANGE,NORMAL,True,0,0,10.0,8.0,,,0,,False,False,63.89290882778582,62.2463768115942,71.69811320754717,64.90210297316897,44.862518089725036,-2.601734793253783,-0.20183882907662962,1.903039073806078,3,-2.3998959641771536,-7.805204379761349,0.9302582669076243,-2.056160224184289,-4.323320479485981,0.8497788924823446,1.8115942028985588,0.7086530264279745,3,5,9,2124402.1500000004,3669257.1500000004,6321811.2,9176868.350000001,16277001.549999999,-2652554.05,0.18932888073573867,1052672.9479367246,5,0,0,1,1,0.7142857142857186,0.38461538461538547,0.18518518518518548,-1.0869565217391353,-3.5335689045936425,0.3642667913355213,3,3,0.5714285714285693,0.5228571428571427,0.2952380952380978,0,1.0791366906474753,1.8115942028985588,1.8115942028985588,1.8115942028985588,1.0633169076265352,0.6949300612417983,0.7468453276540871,0,2.4256618282515743,0,0,1.8115942028985588,1.8115942028985588,57.4,100.0,0.175,,46.0,100,True,False,False,False,A,1,,,UNAVAILABLE_IN_FROZEN_TOP120,14.05,-2.135231316725983,NEUTRAL,2026-07-02,MATURED,2026-06-17,2026-06-17,True,RECONSTRUCTED_NOT_PRODUCTION_EXACT,DISCOVERY,False,False,False,0,True,False,False,False,False,DAY0_NO_POSITIVE_STRUCTURE,"{""d0_fresh_rs_p40"": 1.0, ""d0_fresh_volume_p40"": 3.0, ""d0_rs_slope5_p70"": 6.708057106025629, ""d0_rank_change3_p50"": 114.0, ""d0_flow_buy_days5_p70"": 4.0, ""d0_trend_eff5_p50"": 0.5314861460957175, ""d0_close_progress3_p50"": 5.966850828729298, ""d1_market_excess_p70"": 0.033209940654632675, ""d1_rs_change_p40"": 0.04062997403032401, ""d1_rank_change_p40"": -22.4, ""d1_flow_p50"": 4943366.0, ""d1_close_location_p30"": 0.43671497584541175, ""d1_upper_shadow_p70"": 0.23815384615384746, ""d3_rs_change_p40"": -2.0465804520160695, ""d3_rank_change_p40"": -73.39999999999999, ""d3_flow_acceleration_p50"": -16293412.410000004, ""d3_trend_eff_p50"": 0.8554216867469907, ""d3_max_drawdown_p30"": -2.645937542246859}"
7795,長廣,2026-06-17,2026-06-17,A,RANGE_NORMAL,VOLATILE_RANGE,NORMAL,True,0,0,18.0,18.0,,,0,,False,False,79.52243125904486,79.42028985507247,65.8200290275762,9.354604786076868,48.40810419681621,4.567467410489556,14.0335652945936,3.1114327062228653,5,-9.466097884104045,0.0,1.5029640159043733,2.7989122395838173,5.596928893034448,0.07566030304178017,2.8787878787878807,6.2673627011020425,2,2,3,37154000.0,87370089.0,-67586564.0,62101989.0,-18670605.0,154956653.0,0.25101391806390394,28544513.096837915,2,0,0,1,1,1.0,0.7241379310344828,0.06007067137809187,-2.2346368715083775,-10.600255427841631,0.0,1,4,0.5479403110550652,0.5007641866330391,0.45205968894493487,0,1.6518424396442244,6.666666666666665,11.731843575418988,2.171136653895278,0.8622567844049085,0.7500530180627581,0.7992182315005103,0,14.679149089720806,0,0,6.666666666666665,11.731843575418988,57.3,101.0,0.16666666666666666,199.0,,101,True,False,True,False,AC,2,,,UNAVAILABLE_IN_FROZEN_TOP120,400.0,52.75000000000001,WINNER,2026-07-02,MATURED,2026-06-17,2026-06-17,True,RECONSTRUCTED_NOT_PRODUCTION_EXACT,DISCOVERY,False,True,False,1,True,True,False,False,False,DAY0_NO_POSITIVE_STRUCTURE,"{""d0_fresh_rs_p40"": 1.0, ""d0_fresh_volume_p40"": 3.0, ""d0_rs_slope5_p70"": 6.708057106025629, ""d0_rank_change3_p50"": 114.0, ""d0_flow_buy_days5_p70"": 4.0, ""d0_trend_eff5_p50"": 0.5314861460957175, ""d0_close_progress3_p50"": 5.966850828729298, ""d1_market_excess_p70"": 0.033209940654632675, ""d1_rs_change_p40"": 0.04062997403032401, ""d1_rank_change_p40"": -22.4, ""d1_flow_p50"": 4943366.0, ""d1_close_location_p30"": 0.43671497584541175, ""d1_upper_shadow_p70"": 0.23815384615384746, ""d3_rs_change_p40"": -2.0465804520160695, ""d3_rank_change_p40"": -73.39999999999999, ""d3_flow_acceleration_p50"": -16293412.410000004, ""d3_trend_eff_p50"": 0.8554216867469907, ""d3_max_drawdown_p30"": -2.645937542246859}"
1301,台塑,2026-06-17,2026-06-17,A,RANGE_NORMAL,VOLATILE_RANGE,NORMAL,True,0,0,10.0,2.0,,,0,,False,False,52.67727930535456,34.492753623188406,23.00435413642961,17.766497461928935,41.534008683068016,9.890975056308317,6.982156368685125,1.1143270622286543,4,2.9088186876231923,0.0,2.417966496046242,2.0990964016464497,1.860580813110957,2.3064282531194302,5.966850828729298,7.1220781862908815,3,4,5,285897319.75,1077239988.0,-863044556.6500001,926146412.15,-287365986.00000024,1940284544.65,0.18015269961604072,514184459.42592674,4,1,0,1,1,0.7297297297297299,0.6173913043478261,0.3033707865168535,-1.3513513513513598,-15.76923076923078,0.1465751465751508,3,3,0.6556884635832009,0.6289686337054754,0.25264486975013284,0,2.566844919786093,5.966850828729298,7.995495495495497,-7.788461538461533,0.5978265203295182,0.8644462720969381,0.8522437135106602,1,9.381700760876878,0,0,5.966850828729298,7.995495495495497,56.7,103.0,0.15,206.0,,103,True,False,False,False,A,1,,,UNAVAILABLE_IN_FROZEN_TOP120,47.95,24.504692387904072,WINNER,2026-07-02,MATURED,2026-06-17,2026-06-17,True,RECONSTRUCTED_NOT_PRODUCTION_EXACT,DISCOVERY,True,True,False,2,True,True,True,True,True,WATCH_CANDIDATE_SHADOW,"{""d0_fresh_rs_p40"": 1.0, ""d0_fresh_volume_p40"": 3.0, ""d0_rs_slope5_p70"": 6.708057106025629, ""d0_rank_change3_p50"": 114.0, ""d0_flow_buy_days5_p70"": 4.0, ""d0_trend_eff5_p50"": 0.5314861460957175, ""d0_close_progress3_p50"": 5.966850828729298, ""d1_market_excess_p70"": 0.033209940654632675, ""d1_rs_change_p40"": 0.04062997403032401, ""d1_rank_change_p40"": -22.4, ""d1_flow_p50"": 4943366.0, ""d1_close_location_p30"": 0.43671497584541175, ""d1_upper_shadow_p70"": 0.23815384615384746, ""d3_rs_change_p40"": -2.0465804520160695, ""d3_rank_change_p40"": -73.39999999999999, ""d3_flow_acceleration_p50"": -16293412.410000004, ""d3_trend_eff_p50"": 0.8554216867469907, ""d3_max_drawdown_p30"": -2.645937542246859}"
1802,台玻,2026-06-17,2026-06-17,A,RANGE_NORMAL,VOLATILE_RANGE,NORMAL,True,0,0,12.0,12.0,,,0,,False,False,63.74819102749638,49.27536231884058,21.335268505079824,7.4691805656272665,34.29811866859624,14.137640840805519,11.255802092373823,2.9450072358900146,4,2.8818387484316954,0.0,1.4640248020665991,4.244570065896869,9.172905617116278,0.03672108920400596,4.324445705100932,9.843339425183872,3,4,4,557759802.6,2297150721.4,186163229.89999992,2497766078.1,-997397246.1000003,2110987491.5000002,0.2092193011839197,717552834.7755502,4,2,0,1,1,1.0,0.8518518518518511,0.10204081632653061,-1.3311148086522562,-17.409470752089142,0.0,1,4,0.4611361845404403,0.5563809588445642,0.4963106239701984,0,1.6129032258064502,8.112324492979717,15.307820299500818,-3.4818941504178302,0.7075557941642766,0.8074014898053901,0.6722227623006735,0,22.771945786408672,0,0,8.112324492979717,15.307820299500818,56.4,105.0,0.13333333333333333,216.0,,105,True,False,False,False,A,1,,,UNAVAILABLE_IN_FROZEN_TOP120,69.3,1.587301587301604,NEUTRAL,2026-07-02,MATURED,2026-06-17,2026-06-17,True,RECONSTRUCTED_NOT_PRODUCTION_EXACT,DISCOVERY,False,True,False,1,True,True,False,False,False,DAY0_NO_POSITIVE_STRUCTURE,"{""d0_fresh_rs_p40"": 1.0, ""d0_fresh_volume_p40"": 3.0, ""d0_rs_slope5_p70"": 6.708057106025629, ""d0_rank_change3_p50"": 114.0, ""d0_flow_buy_days5_p70"": 4.0, ""d0_trend_eff5_p50"": 0.5314861460957175, ""d0_close_progress3_p50"": 5.966850828729298, ""d1_market_excess_p70"": 0.033209940654632675, ""d1_rs_change_p40"": 0.04062997403032401, ""d1_rank_change_p40"": -22.4, ""d1_flow_p50"": 4943366.0, ""d1_close_location_p30"": 0.43671497584541175, ""d1_upper_shadow_p70"": 0.23815384615384746, ""d3_rs_change_p40"": -2.0465804520160695, ""d3_rank_change_p40"": -73.39999999999999, ""d3_flow_acceleration_p50"": -16293412.410000004, ""d3_trend_eff_p50"": 0.8554216867469907, ""d3_max_drawdown_p30"": -2.645937542246859}"
1541,錩泰,2026-06-17,2026-06-17,A,RANGE_NORMAL,VOLATILE_RANGE,NORMAL,True,0,0,0.0,7.0,,,0,,False,True,68.01736613603474,43.6231884057971,32.22060957910014,13.995649021029731,15.77424023154848,11.932252185644865,10.804343423001,5.224312590448625,4,1.1279087626438642,0.0,6.486192666307544,4.305322495994068,2.5607374915284975,6.635071090047395,7.901056641463978,7.4588683216426315,3,4,4,45000.0,658592.05,62700.0,783392.05,293883.05000000005,595892.05,0.26655021613816726,169178.5652103931,4,0,0,1,1,1.0,0.8571428571428583,0.011764705882353099,-0.7246376811594124,-8.463251670378613,0.0,1,4,0.7643398268398304,0.6052705627705665,0.23566017316016974,1,6.635071090047395,8.173076923076916,8.695652173913038,0.22271714922048602,0.9577964531662958,0.6987528701994508,0.6255401530964626,0,13.901029583583115,0,1,8.173076923076916,8.695652173913038,56.0,107.0,0.11666666666666667,216.0,236.0,107,True,False,False,False,A,1,,,UNAVAILABLE_IN_FROZEN_TOP120,22.5,-4.888888888888898,NEUTRAL,2026-07-02,MATURED,2026-06-17,2026-06-17,True,RECONSTRUCTED_NOT_PRODUCTION_EXACT,DISCOVERY,False,True,True,2,True,True,True,True,True,WATCH_CANDIDATE_SHADOW,"{""d0_fresh_rs_p40"": 1.0, ""d0_fresh_volume_p40"": 3.0, ""d0_rs_slope5_p70"": 6.708057106025629, ""d0_rank_change3_p50"": 114.0, ""d0_flow_buy_days5_p70"": 4.0, ""d0_trend_eff5_p50"": 0.5314861460957175, ""d0_close_progress3_p50"": 5.966850828729298, ""d1_market_excess_p70"": 0.033209940654632675, ""d1_rs_change_p40"": 0.04062997403032401, ""d1_rank_change_p40"": -22.4, ""d1_flow_p50"": 4943366.0, ""d1_close_location_p30"": 0.43671497584541175, ""d1_upper_shadow_p70"": 0.23815384615384746, ""d3_rs_change_p40"": -2.0465804520160695, ""d3_rank_change_p40"": -73.39999999999999, ""d3_flow_acceleration_p50"": -16293412.410000004, ""d3_trend_eff_p50"": 0.8554216867469907, ""d3_max_drawdown_p30"": -2.645937542246859}"
00403A,主動統一升級50,2026-06-17,2026-06-17,A,RANGE_NORMAL,VOLATILE_RANGE,NORMAL,True,0,0,12.0,2.0,,,0,,False,False,69.97105643994212,69.27536231884058,43.613933236574745,32.34227701232778,,8.78570773445579,7.525755885522868,,4,1.2599518489329231,0.0,0.3184112958863228,1.0102943534049613,0.9367984650258343,,,,3,4,6,1542876668.25,13246097437.83,-485038167.77,13289119596.06,12302259355.18,13731135605.6,0.28197252544326773,2979708574.0796547,4,0,0,1,1,1.0,0.8765432098765457,0.018867924528301508,-0.4980079681274785,-7.414272474513428,0.0,1,4,0.6853146853146815,0.562703962703961,0.19347319347319378,1,0.4672897196261738,4.878048780487809,7.0717131474103745,-0.3707136237256603,0.5584319208151033,0.9638284992843262,0.9944315287004623,1,7.111312285775767,0,0,4.878048780487809,7.0717131474103745,55.8,108.0,0.10833333333333334,112.0,,108,True,False,False,False,A,1,,,UNAVAILABLE_IN_FROZEN_TOP120,10.75,3.6279069767442,NEUTRAL,2026-07-02,MATURED,2026-06-17,2026-06-17,True,RECONSTRUCTED_NOT_PRODUCTION_EXACT,DISCOVERY,True,True,False,2,True,False,True,True,False,WATCH_CANDIDATE_SHADOW,"{""d0_fresh_rs_p40"": 1.0, ""d0_fresh_volume_p40"": 3.0, ""d0_rs_slope5_p70"": 6.708057106025629, ""d0_rank_change3_p50"": 114.0, ""d0_flow_buy_days5_p70"": 4.0, ""d0_trend_eff5_p50"": 0.5314861460957175, ""d0_close_progress3_p50"": 5.966850828729298, ""d1_market_excess_p70"": 0.033209940654632675, ""d1_rs_change_p40"": 0.04062997403032401, ""d1_rank_change_p40"": -22.4, ""d1_flow_p50"": 4943366.0, ""d1_close_location_p30"": 0.43671497584541175, ""d1_upper_shadow_p70"": 0.23815384615384746, ""d3_rs_change_p40"": -2.0465804520160695, ""d3_rank_change_p40"": -73.39999999999999, ""d3_flow_acceleration_p50"": -16293412.410000004, ""d3_trend_eff_p50"": 0.8554216867469907, ""d3_max_drawdown_p30"": -2.645937542246859}"
6472,保瑞,2026-06-17,2026-06-17,A,RANGE_NORMAL,VOLATILE_RANGE,NORMAL,True,0,0,0.0,7.0,,,0,,False,False,60.20260492040521,66.81159420289855,77.79390420899855,33.284989122552574,2.170767004341534,-5.863766429531116,5.383523159570527,5.803183791606367,3,-11.247289589101642,-17.591299288593348,1.577385448023394,1.766048389818553,-2.4916986019825282,1.0943523393777799,4.296010174760934,2.871015308201219,2,3,7,171654450.0,366107345.0,127386357.0,253918398.0,577045280.0,238720988.0,0.21997739794901755,125353919.15212235,3,0,0,1,1,0.7096774193548387,0.24786324786324787,0.5598086124401914,-4.396984924623116,-4.396984924623116,1.6497119745066793,3,3,0.5520527859237537,0.5344179460640561,0.41223292836196057,0,1.726263871763245,5.633802816901401,3.643216080402012,16.52542372881356,1.1366797082606437,1.0613979828067153,0.9213838702606618,0,3.95406974008709,0,1,5.633802816901401,3.643216080402012,55.6,111.0,0.08333333333333333,52.0,30.0,111,True,False,False,False,A,1,,,UNAVAILABLE_IN_FROZEN_TOP120,412.5,4.7272727272727355,NEUTRAL,2026-07-02,MATURED,2026-06-17,2026-06-17,True,RECONSTRUCTED_NOT_PRODUCTION_EXACT,DISCOVERY,False,False,False,0,True,False,False,False,False,DAY0_NO_POSITIVE_STRUCTURE,"{""d0_fresh_rs_p40"": 1.0, ""d0_fresh_volume_p40"": 3.0, ""d0_rs_slope5_p70"": 6.708057106025629, ""d0_rank_change3_p50"": 114.0, ""d0_flow_buy_days5_p70"": 4.0, ""d0_trend_eff5_p50"": 0.5314861460957175, ""d0_close_progress3_p50"": 5.966850828729298, ""d1_market_excess_p70"": 0.033209940654632675, ""d1_rs_change_p40"": 0.04062997403032401, ""d1_rank_change_p40"": -22.4, ""d1_flow_p50"": 4943366.0, ""d1_close_location_p30"": 0.43671497584541175, ""d1_upper_shadow_p70"": 0.23815384615384746, ""d3_rs_change_p40"": -2.0465804520160695, ""d3_rank_change_p40"": -73.39999999999999, ""d3_flow_acceleration_p50"": -16293412.410000004, ""d3_trend_eff_p50"": 0.8554216867469907, ""d3_max_drawdown_p30"": -2.645937542246859}"
1531,高林股,2026-06-17,2026-06-17,A,RANGE_NORMAL,VOLATILE_RANGE,NORMAL,True,0,0,8.0,9.0,,,0,,False,True,50.94066570188133,53.91304347826087,49.85486211901306,50.54387237128354,18.37916063675832,0.3619345276227553,0.0793586661195576,3.256150506512301,3,0.2825758615031977,-8.943894182678555,-0.14887842373985105,-4.252369811698243,-5.356704565653025,0.0,-0.6566356662283335,-0.4585737355388919,3,4,5,194250.0,1436155.0,-614050.0,1310405.0,-287639.6000000001,2050205.0,0.16845336139710987,697256.1299569437,4,0,0,0,0,1.0,0.49999999999999556,0.2999999999999984,-0.38461538461539435,-2.281368821292784,0.0,1,2,0.7666666666666643,0.8599999999999985,0.1500000000000017,0,0.0,-0.38461538461539435,0.7782101167315147,2.371541501976271,0.761802487687847,0.7313507370400716,0.8387855625635032,0,0.9277819641448557,0,0,-0.38461538461539435,0.7782101167315147,54.7,112.0,0.075,95.0,133.0,112,True,False,False,False,A,1,,,UNAVAILABLE_IN_FROZEN_TOP120,12.95,-0.3861003861003742,NEUTRAL,2026-07-02,MATURED,2026-06-17,2026-06-17,True,RECONSTRUCTED_NOT_PRODUCTION_EXACT,DISCOVERY,False,False,True,1,True,False,False,False,False,DAY0_NO_POSITIVE_STRUCTURE,"{""d0_fresh_rs_p40"": 1.0, ""d0_fresh_volume_p40"": 3.0, ""d0_rs_slope5_p70"": 6.708057106025629, ""d0_rank_change3_p50"": 114.0, ""d0_flow_buy_days5_p70"": 4.0, ""d0_trend_eff5_p50"": 0.5314861460957175, ""d0_close_progress3_p50"": 5.966850828729298, ""d1_market_excess_p70"": 0.033209940654632675, ""d1_rs_change_p40"": 0.04062997403032401, ""d1_rank_change_p40"": -22.4, ""d1_flow_p50"": 4943366.0, ""d1_close_location_p30"": 0.43671497584541175, ""d1_upper_shadow_p70"": 0.23815384615384746, ""d3_rs_change_p40"": -2.0465804520160695, ""d3_rank_change_p40"": -73.39999999999999, ""d3_flow_acceleration_p50"": -16293412.410000004, ""d3_trend_eff_p50"": 0.8554216867469907, ""d3_max_drawdown_p30"": -2.645937542246859}"
3535,晶彩科,2026-06-17,2026-06-17,A,RANGE_NORMAL,VOLATILE_RANGE,NORMAL,True,0,0,,11.0,,,0,,False,False,67.94500723589002,13.55072463768116,43.033381712627,31.399564902102973,25.32561505065123,8.303875174421007,7.309088466757409,4.261939218523879,3,0.9947867076635983,0.0,4.929246576260149,3.3035603139530023,3.214678813550421,3.501942863397556,3.3834359531570657,3.885112621618015,3,5,9,30639100.0,62919825.0,38752148.0,72117041.0,77887173.5,24167677.0,0.3122239781863511,26151220.52003323,4,0,0,1,1,0.8181818181818182,0.8518518518518519,0.019230769230769232,-0.7751937984496138,-10.21897810218978,0.0,2,4,0.6666666666666666,0.5648484848484848,0.0,0,5.078125,7.17131474103585,9.349593495934961,-0.7380073800738018,0.30213726119066714,0.19647894013641765,0.18915701063048376,0,49.427686897628625,0,0,7.17131474103585,9.349593495934961,54.5,113.0,0.06666666666666667,396.0,,113,True,False,False,False,A,1,,,UNAVAILABLE_IN_FROZEN_TOP120,134.5,-14.12639405204461,LOSER,2026-07-02,MATURED,2026-06-17,2026-06-17,True,RECONSTRUCTED_NOT_PRODUCTION_EXACT,DISCOVERY,False,True,False,1,True,True,False,False,False,DAY0_NO_POSITIVE_STRUCTURE,"{""d0_fresh_rs_p40"": 1.0, ""d0_fresh_volume_p40"": 3.0, ""d0_rs_slope5_p70"": 6.708057106025629, ""d0_rank_change3_p50"": 114.0, ""d0_flow_buy_days5_p70"": 4.0, ""d0_trend_eff5_p50"": 0.5314861460957175, ""d0_close_progress3_p50"": 5.966850828729298, ""d1_market_excess_p70"": 0.033209940654632675, ""d1_rs_change_p40"": 0.04062997403032401, ""d1_rank_change_p40"": -22.4, ""d1_flow_p50"": 4943366.0, ""d1_close_location_p30"": 0.43671497584541175, ""d1_upper_shadow_p70"": 0.23815384615384746, ""d3_rs_change_p40"": -2.0465804520160695, ""d3_rank_change_p40"": -73.39999999999999, ""d3_flow_acceleration_p50"": -16293412.410000004, ""d3_trend_eff_p50"": 0.8554216867469907, ""d3_max_drawdown_p30"": -2.645937542246859}"
2402,毅嘉,2026-06-17,2026-06-17,A,RANGE_NORMAL,VOLATILE_RANGE,NORMAL,True,0,0,0.0,0.0,,,0,,False,False,77.27930535455862,72.17391304347827,52.75761973875181,6.671501087744742,22.14182344428365,8.173895205268934,14.121560853362775,5.5137481910274975,5,-5.947665648093841,0.0,1.136835861974439,2.588702029373624,12.625554329340758,-0.2904678508881542,2.6685776685776874,13.295988137408353,1,2,2,-380383321.2,-302409920.7,178403137.5,-83432454.30000001,-531620681.2999999,-480813058.2,0.3314445131169479,154197101.7806835,2,0,0,0,0,1.0,1.0,0.05504587155963316,0.0,-14.347202295552364,0.0,0,5,0.5465759359787956,0.6993741330158488,0.36251497311211445,0,1.28571428571429,6.456456456456472,18.7604690117253,1.7216642754662947,2.452584253378035,1.5360977379575234,1.2256788495603066,1,15.306186460225963,1,0,6.456456456456472,18.7604690117253,53.7,116.0,0.041666666666666664,155.0,,116,True,False,True,False,AC,2,,,UNAVAILABLE_IN_FROZEN_TOP120,70.9,-4.090267983074758,NEUTRAL,2026-07-02,MATURED,2026-06-17,2026-06-17,True,RECONSTRUCTED_NOT_PRODUCTION_EXACT,DISCOVERY,True,True,False,2,False,True,True,False,False,WATCH_CANDIDATE_SHADOW,"{""d0_fresh_rs_p40"": 1.0, ""d0_fresh_volume_p40"": 3.0, ""d0_rs_slope5_p70"": 6.708057106025629, ""d0_rank_change3_p50"": 114.0, ""d0_flow_buy_days5_p70"": 4.0, ""d0_trend_eff5_p50"": 0.5314861460957175, ""d0_close_progress3_p50"": 5.966850828729298, ""d1_market_excess_p70"": 0.033209940654632675, ""d1_rs_change_p40"": 0.04062997403032401, ""d1_rank_change_p40"": -22.4, ""d1_flow_p50"": 4943366.0, ""d1_close_location_p30"": 0.43671497584541175, ""d1_upper_shadow_p70"": 0.23815384615384746, ""d3_rs_change_p40"": -2.0465804520160695, ""d3_rank_change_p40"": -73.39999999999999, ""d3_flow_acceleration_p50"": -16293412.410000004, ""d3_trend_eff_p50"": 0.8554216867469907, ""d3_max_drawdown_p30"": -2.645937542246859}"
1465,偉全,2026-06-17,2026-06-17,A,RANGE_NORMAL,VOLATILE_RANGE,NORMAL,True,0,0,13.0,0.0,,,0,,False,False,43.77713458755427,40.94202898550725,50.72568940493469,48.44089920232052,38.27785817655572,-2.3161849391268063,-0.9327529229532502,0.5499276410998555,2,-1.3834320161735563,-19.209878399458717,0.66083817545044,-3.4645286206312464,-4.085734354515691,0.5492999325236281,0.40322580645160144,1.1757630186642332,3,5,6,224100.0,806740.0,124680.0,1199820.0,708274.8,682060.0,0.18773507344325546,209224.42286012787,5,0,0,1,1,0.33333333333332543,0.7142857142857114,0.11111111111111242,-0.40322580645162365,-2.788844621513953,0.0,2,2,0.36111111111111094,0.4880952380952386,0.5277777777777767,0,0.809716599190291,0.40322580645160144,2.049180327868849,-0.7968127490039945,1.268747568594247,0.9115514974916792,1.0174420467287582,2,2.014051153534786,0,0,0.40322580645160144,2.049180327868849,53.4,117.0,0.03333333333333333,244.0,,117,True,False,False,False,A,1,,,UNAVAILABLE_IN_FROZEN_TOP120,12.45,1.2048192771084263,NEUTRAL,2026-07-02,MATURED,2026-06-17,2026-06-17,True,RECONSTRUCTED_NOT_PRODUCTION_EXACT,DISCOVERY,True,False,False,1,True,False,False,False,False,DAY0_NO_POSITIVE_STRUCTURE,"{""d0_fresh_rs_p40"": 1.0, ""d0_fresh_volume_p40"": 3.0, ""d0_rs_slope5_p70"": 6.708057106025629, ""d0_rank_change3_p50"": 114.0, ""d0_flow_buy_days5_p70"": 4.0, ""d0_trend_eff5_p50"": 0.5314861460957175, ""d0_close_progress3_p50"": 5.966850828729298, ""d1_market_excess_p70"": 0.033209940654632675, ""d1_rs_change_p40"": 0.04062997403032401, ""d1_rank_change_p40"": -22.4, ""d1_flow_p50"": 4943366.0, ""d1_close_location_p30"": 0.43671497584541175, ""d1_upper_shadow_p70"": 0.23815384615384746, ""d3_rs_change_p40"": -2.0465804520160695, ""d3_rank_change_p40"": -73.39999999999999, ""d3_flow_acceleration_p50"": -16293412.410000004, ""d3_trend_eff_p50"": 0.8554216867469907, ""d3_max_drawdown_p30"": -2.645937542246859}"
8039,台虹,2026-06-17,2026-06-17,A,RANGE_NORMAL,VOLATILE_RANGE,NORMAL,True,0,0,13.0,15.0,13.0,,0,,False,True,78.65412445730824,56.73913043478261,50.87082728592163,14.938361131254533,68.59623733719248,9.261099057128872,12.743152665210742,1.0057887120115765,3,-3.48205360808187,0.0,3.031333590394425,-6.208891550828666,7.043379891258873,1.6040298775318318,-6.129015911624602,7.713813699326467,1,3,3,118557840.0,-208798634.0,1258301959.5,1091589446.5,-194676032.5,-1467100593.5,0.38587612917940517,457102982.5887562,3,1,0,1,1,0.28,0.5151515151515151,0.0743801652892562,-5.351170568561869,-14.28571428571429,1.3650019840145133,2,3,0.2287878787878788,0.5024901185770752,0.18232323232323233,0,3.180212014134276,-2.341137123745818,13.178294573643413,-2.9900332225913595,0.5164076042552014,0.5695054101377921,0.6696889405986267,0,19.678232347488816,0,0,-2.341137123745818,13.178294573643413,53.3,119.0,0.025,227.0,74.0,119,True,False,True,False,AC,2,,,UNAVAILABLE_IN_FROZEN_TOP120,146.0,1.3698630136986356,NEUTRAL,2026-07-02,MATURED,2026-06-17,2026-06-17,True,RECONSTRUCTED_NOT_PRODUCTION_EXACT,DISCOVERY,False,True,False,1,True,False,False,False,False,DAY0_NO_POSITIVE_STRUCTURE,"{""d0_fresh_rs_p40"": 1.0, ""d0_fresh_volume_p40"": 3.0, ""d0_rs_slope5_p70"": 6.708057106025629, ""d0_rank_change3_p50"": 114.0, ""d0_flow_buy_days5_p70"": 4.0, ""d0_trend_eff5_p50"": 0.5314861460957175, ""d0_close_progress3_p50"": 5.966850828729298, ""d1_market_excess_p70"": 0.033209940654632675, ""d1_rs_change_p40"": 0.04062997403032401, ""d1_rank_change_p40"": -22.4, ""d1_flow_p50"": 4943366.0, ""d1_close_location_p30"": 0.43671497584541175, ""d1_upper_shadow_p70"": 0.23815384615384746, ""d3_rs_change_p40"": -2.0465804520160695, ""d3_rank_change_p40"": -73.39999999999999, ""d3_flow_acceleration_p50"": -16293412.410000004, ""d3_trend_eff_p50"": 0.8554216867469907, ""d3_max_drawdown_p30"": -2.645937542246859}"
0051,元大中型100,2026-06-18,2026-06-18,A,BULL_NORMAL,BULL_TREND,NORMAL,True,0,0,14.0,6.0,,,0,,False,True,75.68740955137481,73.37192474674384,70.8092485549133,60.02886002886003,73.44428364688856,1.6260536654871725,3.1317099045029564,0.22431259044862487,3,-1.505656239015784,0.0,1.0749394072856688,1.2960813388497305,0.3625038393499027,,,,3,4,5,10162941.599999998,15948153.899999999,-5912304.65,14839077.149999999,-26909044.45,21860458.549999997,0.30301001261680854,8246010.841204836,3,0,0,1,1,1.0,1.0,0.0695364238410595,0.0,-6.490384615384603,0.0,0,5,0.7303319054695926,0.487369580687486,0.08267622461170838,0,2.3562023562023304,3.6491228070175463,8.046817849305054,1.4423076923076872,0.9739978425669729,0.820205225092593,0.7594875951738711,0,10.595061592102605,0,0,3.6491228070175463,8.046817849305054,68.1,76.0,0.38333333333333336,,180.0,76,True,False,False,False,A,1,,,UNAVAILABLE_IN_FROZEN_TOP120,147.7,1.1171293161814422,NEUTRAL,2026-07-03,MATURED,2026-06-18,2026-06-18,True,RECONSTRUCTED_NOT_PRODUCTION_EXACT,DISCOVERY,False,False,True,1,True,False,False,False,False,DAY0_NO_POSITIVE_STRUCTURE,"{""d0_fresh_rs_p40"": 1.0, ""d0_fresh_volume_p40"": 3.0, ""d0_rs_slope5_p70"": 6.708057106025629, ""d0_rank_change3_p50"": 114.0, ""d0_flow_buy_days5_p70"": 4.0, ""d0_trend_eff5_p50"": 0.5314861460957175, ""d0_close_progress3_p50"": 5.966850828729298, ""d1_market_excess_p70"": 0.033209940654632675, ""d1_rs_change_p40"": 0.04062997403032401, ""d1_rank_change_p40"": -22.4, ""d1_flow_p50"": 4943366.0, ""d1_close_location_p30"": 0.43671497584541175, ""d1_upper_shadow_p70"": 0.23815384615384746, ""d3_rs_change_p40"": -2.0465804520160695, ""d3_rank_change_p40"": -73.39999999999999, ""d3_flow_acceleration_p50"": -16293412.410000004, ""d3_trend_eff_p50"": 0.8554216867469907, ""d3_max_drawdown_p30"": -2.645937542246859}"
00946,群益科技高息成長,2026-06-18,2026-06-18,A,BULL_NORMAL,BULL_TREND,NORMAL,True,0,0,14.0,13.0,1.0,,0,,False,True,82.99565846599131,82.56150506512301,81.79190751445087,85.06493506493507,87.19247467438495,0.4012503171801474,-0.4138553197887518,-0.4196816208393642,3,0.8151056369688991,-4.658662521663004,0.5705889029351985,1.4205434374925607,-2.636565033147509,,,,3,4,8,37516771.6,77621560.24000001,23548231.070000004,89131717.65,134322969.61,54073329.17,0.22287883397225394,13809632.062418573,4,0,0,1,1,0.8750000000000024,0.9024390243902458,0.020746887966805273,-0.26954177897573484,-5.407166123778506,0.0,2,4,0.720115119745092,0.4714536872316698,0.14408241111910597,0,1.85185185185186,3.7735849056603765,5.047748976807642,0.32573289902280145,0.7251647186993694,0.6387082345945424,0.6292958510071952,0,8.021265305863151,0,0,3.7735849056603765,5.047748976807642,67.7,85.0,0.30833333333333335,,103.0,85,True,False,False,False,A,1,,,UNAVAILABLE_IN_FROZEN_TOP120,15.4,1.9480519480519431,NEUTRAL,2026-07-03,MATURED,2026-06-18,2026-06-18,True,RECONSTRUCTED_NOT_PRODUCTION_EXACT,DISCOVERY,True,False,False,1,True,False,False,False,False,DAY0_NO_POSITIVE_STRUCTURE,"{""d0_fresh_rs_p40"": 1.0, ""d0_fresh_volume_p40"": 3.0, ""d0_rs_slope5_p70"": 6.708057106025629, ""d0_rank_change3_p50"": 114.0, ""d0_flow_buy_days5_p70"": 4.0, ""d0_trend_eff5_p50"": 0.5314861460957175, ""d0_close_progress3_p50"": 5.966850828729298, ""d1_market_excess_p70"": 0.033209940654632675, ""d1_rs_change_p40"": 0.04062997403032401, ""d1_rank_change_p40"": -22.4, ""d1_flow_p50"": 4943366.0, ""d1_close_location_p30"": 0.43671497584541175, ""d1_upper_shadow_p70"": 0.23815384615384746, ""d3_rs_change_p40"": -2.0465804520160695, ""d3_rank_change_p40"": -73.39999999999999, ""d3_flow_acceleration_p50"": -16293412.410000004, ""d3_trend_eff_p50"": 0.8554216867469907, ""d3_max_drawdown_p30"": -2.645937542246859}"
00733,富邦臺灣中小,2026-06-18,2026-06-18,A,BULL_NORMAL,BULL_TREND,NORMAL,True,0,0,0.0,6.0,15.0,,0,,False,True,74.67438494934876,75.25325615050652,69.72543352601156,33.98268398268398,76.98986975397973,1.6496504744457354,8.138340193332956,-0.23154848046309695,4,-6.488689718887221,-3.902230882169036,1.7470451485158467,3.5332914141055216,6.549262632380626,,,,3,5,8,45124662.25,79699236.9,16260360.349999994,93761158.25,111806228.85,63438876.55000001,0.3159232676505788,16055400.846014293,5,0,0,1,1,1.0,1.0,0.22249388753056218,0.0,-7.055630936227953,0.0,0,5,0.6805555555555548,0.5917092924126179,0.31944444444444525,0,3.0283080974325083,5.886332882273337,14.233576642335777,6.173677069199446,1.1966955847673877,0.9843739595035056,0.9444118181722511,0,15.071366503949994,0,1,5.886332882273337,14.233576642335777,66.5,91.0,0.25,,110.0,91,True,False,False,False,A,1,,,UNAVAILABLE_IN_FROZEN_TOP120,78.25,0.575079872204487,NEUTRAL,2026-07-03,MATURED,2026-06-18,2026-06-18,True,RECONSTRUCTED_NOT_PRODUCTION_EXACT,DISCOVERY,False,True,False,1,True,False,False,False,False,DAY0_NO_POSITIVE_STRUCTURE,"{""d0_fresh_rs_p40"": 1.0, ""d0_fresh_volume_p40"": 3.0, ""d0_rs_slope5_p70"": 6.708057106025629, ""d0_rank_change3_p50"": 114.0, ""d0_flow_buy_days5_p70"": 4.0, ""d0_trend_eff5_p50"": 0.5314861460957175, ""d0_close_progress3_p50"": 5.966850828729298, ""d1_market_excess_p70"": 0.033209940654632675, ""d1_rs_change_p40"": 0.04062997403032401, ""d1_rank_change_p40"": -22.4, ""d1_flow_p50"": 4943366.0, ""d1_close_location_p30"": 0.43671497584541175, ""d1_upper_shadow_p70"": 0.23815384615384746, ""d3_rs_change_p40"": -2.0465804520160695, ""d3_rank_change_p40"": -73.39999999999999, ""d3_flow_acceleration_p50"": -16293412.410000004, ""d3_trend_eff_p50"": 0.8554216867469907, ""d3_max_drawdown_p30"": -2.645937542246859}"
009803,玉山市值動能50,2026-06-18,2026-06-18,A,BULL_NORMAL,BULL_TREND,NORMAL,True,0,0,13.0,15.0,,,0,,False,True,71.27351664254704,74.52966714905934,68.64161849710983,63.63636363636363,65.05065123010131,0.8772993818124016,1.5274306012366807,0.6222865412445728,3,-0.6501312194242791,-6.383750168732789,0.009654524573421419,-0.5458125525051649,-3.1150612731631666,,,,2,3,3,16277177.540000003,12284747.110000007,-149608830.16,-54020147.39,-465251547.63,161893577.27,0.21428329267600307,43286712.53239877,3,0,0,1,1,0.8666666666666761,0.9230769230769243,0.11355311355311482,-0.18527095877720612,-5.700179533213645,0.04634993460140291,2,3,0.707894736842106,0.5336348012889356,0.11666666666666754,0,1.290917473490083,1.8072289156626509,4.569252736791984,-1.3913824057450674,0.7153710795072495,0.7258958498705927,0.9950301905905802,2,4.592074471710246,0,0,1.8072289156626509,4.569252736791984,66.1,96.0,0.225,,157.0,96,True,False,False,False,A,1,,,UNAVAILABLE_IN_FROZEN_TOP120,21.97,-0.0910332271279013,NEUTRAL,2026-07-03,MATURED,2026-06-18,2026-06-18,True,RECONSTRUCTED_NOT_PRODUCTION_EXACT,DISCOVERY,False,False,True,1,True,False,False,False,False,DAY0_NO_POSITIVE_STRUCTURE,"{""d0_fresh_rs_p40"": 1.0, ""d0_fresh_volume_p40"": 3.0, ""d0_rs_slope5_p70"": 6.708057106025629, ""d0_rank_change3_p50"": 114.0, ""d0_flow_buy_days5_p70"": 4.0, ""d0_trend_eff5_p50"": 0.5314861460957175, ""d0_close_progress3_p50"": 5.966850828729298, ""d1_market_excess_p70"": 0.033209940654632675, ""d1_rs_change_p40"": 0.04062997403032401, ""d1_rank_change_p40"": -22.4, ""d1_flow_p50"": 4943366.0, ""d1_close_location_p30"": 0.43671497584541175, ""d1_upper_shadow_p70"": 0.23815384615384746, ""d3_rs_change_p40"": -2.0465804520160695, ""d3_rank_change_p40"": -73.39999999999999, ""d3_flow_acceleration_p50"": -16293412.410000004, ""d3_trend_eff_p50"": 0.8554216867469907, ""d3_max_drawdown_p30"": -2.645937542246859}"
009808,華南永昌優選50,2026-06-18,2026-06-18,A,BULL_NORMAL,BULL_TREND,NORMAL,True,0,0,0.0,6.0,2.0,,0,,False,True,81.76555716353111,81.83791606367583,72.61560693641619,61.47186147186147,63.45875542691751,3.0499834090383096,4.058739138333928,1.83068017366136,3,-1.0087557292956189,-0.3358921118311997,0.20938088235513685,0.14535699435620497,0.05979373415259115,,,,2,4,7,7226048.0,12766065.149999999,-915062.9100000006,15108023.04,25948645.049999997,13681128.059999999,0.20062681834695376,3957151.8149413522,4,0,0,1,1,1.0,1.0,0.12820512820512817,0.0,-5.215999999999998,0.0,0,5,0.973684210526315,0.8119883040935653,0.02631578947368503,0,1.4906438312717984,2.4983984625240208,7.744107744107742,2.400000000000002,0.7454024542711568,0.6433075744098509,0.5526039054326612,0,14.013849102359298,0,1,2.4983984625240208,7.744107744107742,65.9,98.0,0.19166666666666668,,42.0,98,True,False,False,False,A,1,,,UNAVAILABLE_IN_FROZEN_TOP120,32.0,0.0,NEUTRAL,2026-07-03,MATURED,2026-06-18,2026-06-18,True,RECONSTRUCTED_NOT_PRODUCTION_EXACT,DISCOVERY,False,False,False,0,True,False,False,False,False,DAY0_NO_POSITIVE_STRUCTURE,"{""d0_fresh_rs_p40"": 1.0, ""d0_fresh_volume_p40"": 3.0, ""d0_rs_slope5_p70"": 6.708057106025629, ""d0_rank_change3_p50"": 114.0, ""d0_flow_buy_days5_p70"": 4.0, ""d0_trend_eff5_p50"": 0.5314861460957175, ""d0_close_progress3_p50"": 5.966850828729298, ""d1_market_excess_p70"": 0.033209940654632675, ""d1_rs_change_p40"": 0.04062997403032401, ""d1_rank_change_p40"": -22.4, ""d1_flow_p50"": 4943366.0, ""d1_close_location_p30"": 0.43671497584541175, ""d1_upper_shadow_p70"": 0.23815384615384746, ""d3_rs_change_p40"": -2.0465804520160695, ""d3_rank_change_p40"": -73.39999999999999, ""d3_flow_acceleration_p50"": -16293412.410000004, ""d3_trend_eff_p50"": 0.8554216867469907, ""d3_max_drawdown_p30"": -2.645937542246859}"
00896,中信綠能及電動車,2026-06-18,2026-06-18,A,BULL_NORMAL,BULL_TREND,NORMAL,True,0,0,14.0,16.0,,,0,,False,False,62.80752532561505,65.8465991316932,75.79479768786128,61.83261183261183,71.49059334298119,-4.329090787415407,0.19498269860064427,-0.8683068017366132,3,-4.524073486016052,-12.987272362246223,0.09604767087312283,-5.90476560609885,-5.789960640191949,,,,2,2,2,63935755.93,40292543.980000004,-1105172571.3600001,-796847439.5300001,-2476450020.88,1145465115.3400002,0.2472943459572182,229102204.95279145,4,0,0,1,1,0.5754189944134087,0.15568862275449089,0.22237380627557998,-4.862068965517241,-7.263513513513519,2.3956771614192847,2,3,0.6353116834639784,0.4985244713786967,0.08100037327361066,0,1.3773106197897844,-3.551724137931034,1.894353369763202,-5.50675675675677,0.4029157350952905,0.689483690812681,1.1538098296066723,2,1.6418246067542839,0,0,-3.551724137931034,1.894353369763202,65.0,99.0,0.18333333333333332,,114.0,99,True,False,False,False,A,1,,,UNAVAILABLE_IN_FROZEN_TOP120,27.97,1.2155881301394444,NEUTRAL,2026-07-03,MATURED,2026-06-18,2026-06-18,True,RECONSTRUCTED_NOT_PRODUCTION_EXACT,DISCOVERY,False,False,True,1,True,False,False,False,False,DAY0_NO_POSITIVE_STRUCTURE,"{""d0_fresh_rs_p40"": 1.0, ""d0_fresh_volume_p40"": 3.0, ""d0_rs_slope5_p70"": 6.708057106025629, ""d0_rank_change3_p50"": 114.0, ""d0_flow_buy_days5_p70"": 4.0, ""d0_trend_eff5_p50"": 0.5314861460957175, ""d0_close_progress3_p50"": 5.966850828729298, ""d1_market_excess_p70"": 0.033209940654632675, ""d1_rs_change_p40"": 0.04062997403032401, ""d1_rank_change_p40"": -22.4, ""d1_flow_p50"": 4943366.0, ""d1_close_location_p30"": 0.43671497584541175, ""d1_upper_shadow_p70"": 0.23815384615384746, ""d3_rs_change_p40"": -2.0465804520160695, ""d3_rank_change_p40"": -73.39999999999999, ""d3_flow_acceleration_p50"": -16293412.410000004, ""d3_trend_eff_p50"": 0.8554216867469907, ""d3_max_drawdown_p30"": -2.645937542246859}"
00993A,主動安聯台灣,2026-06-18,2026-06-18,A,BULL_NORMAL,BULL_TREND,NORMAL,True,0,0,1.0,3.0,,,0,,False,True,77.13458755426917,79.3053545586107,68.28034682080924,29.22077922077922,52.170767004341535,2.9514135778199773,9.58276166669799,2.4963820549927638,4,-6.631348088878013,-2.1707670043415277,0.863125900261319,1.2727743403891045,2.5780316690571903,,,,3,5,10,140593779.76999998,242149110.58999997,235619848.06,445976018.01000005,610287712.52,6529262.529999971,0.23037294850564852,44775719.11978876,5,0,0,1,1,1.0,1.0,0.18404907975460114,0.0,-5.624543462381293,0.0,0,5,0.8148148148148152,0.6117460317460311,0.16666666666666666,0,2.1443888491779806,3.6258158085569203,10.262345679012341,4.382761139517899,1.1026607598037246,0.886542867794611,0.9486755903444263,1,10.81755004920754,0,1,3.6258158085569203,10.262345679012341,64.8,102.0,0.15833333333333333,,67.0,102,True,False,False,False,A,1,,,UNAVAILABLE_IN_FROZEN_TOP120,14.29,0.7697690692792358,NEUTRAL,2026-07-03,MATURED,2026-06-18,2026-06-18,True,RECONSTRUCTED_NOT_PRODUCTION_EXACT,DISCOVERY,True,True,False,2,True,False,True,True,False,WATCH_CANDIDATE_SHADOW,"{""d0_fresh_rs_p40"": 1.0, ""d0_fresh_volume_p40"": 3.0, ""d0_rs_slope5_p70"": 6.708057106025629, ""d0_rank_change3_p50"": 114.0, ""d0_flow_buy_days5_p70"": 4.0, ""d0_trend_eff5_p50"": 0.5314861460957175, ""d0_close_progress3_p50"": 5.966850828729298, ""d1_market_excess_p70"": 0.033209940654632675, ""d1_rs_change_p40"": 0.04062997403032401, ""d1_rank_change_p40"": -22.4, ""d1_flow_p50"": 4943366.0, ""d1_close_location_p30"": 0.43671497584541175, ""d1_upper_shadow_p70"": 0.23815384615384746, ""d3_rs_change_p40"": -2.0465804520160695, ""d3_rank_change_p40"": -73.39999999999999, ""d3_flow_acceleration_p50"": -16293412.410000004, ""d3_trend_eff_p50"": 0.8554216867469907, ""d3_max_drawdown_p30"": -2.645937542246859}"
00762,元大全球AI,2026-06-18,2026-06-18,A,BULL_NORMAL,BULL_TREND,NORMAL,True,0,0,0.0,2.0,12.0,,0,,False,True,74.31259044862519,74.24023154848047,68.42485549132948,39.17748917748918,70.54992764109986,1.9625783190985686,7.027020254227201,0.3762662807525331,4,-5.064441935128633,-3.5859602760125,-0.49451346651501193,0.56450610054255,2.9520496264084928,,,,2,3,5,13533283.4,18095971.95,5453553.75,19651125.7,1478842.1000000034,12642418.2,0.23945799198367415,7154864.822626482,4,0,0,1,1,0.6831683168316841,0.8796992481203012,0.130275229357798,-0.6581653640477136,-6.898011002962345,0.0,2,4,0.8787878787878793,0.8135227272727283,0.1212121212121207,0,0.7867494824016497,2.917547568710366,10.636363636363644,3.004655099449849,1.0011629338073056,1.1085278237261158,0.990759248341542,1,10.735568357467399,0,1,2.917547568710366,10.636363636363644,64.7,105.0,0.13333333333333333,,157.0,105,True,False,False,False,A,1,,,UNAVAILABLE_IN_FROZEN_TOP120,121.7,-6.450287592440429,LOSER,2026-07-03,MATURED,2026-06-18,2026-06-18,True,RECONSTRUCTED_NOT_PRODUCTION_EXACT,DISCOVERY,True,True,True,3,True,False,True,True,False,WATCH_CANDIDATE_SHADOW,"{""d0_fresh_rs_p40"": 1.0, ""d0_fresh_volume_p40"": 3.0, ""d0_rs_slope5_p70"": 6.708057106025629, ""d0_rank_change3_p50"": 114.0, ""d0_flow_buy_days5_p70"": 4.0, ""d0_trend_eff5_p50"": 0.5314861460957175, ""d0_close_progress3_p50"": 5.966850828729298, ""d1_market_excess_p70"": 0.033209940654632675, ""d1_rs_change_p40"": 0.04062997403032401, ""d1_rank_change_p40"": -22.4, ""d1_flow_p50"": 4943366.0, ""d1_close_location_p30"": 0.43671497584541175, ""d1_upper_shadow_p70"": 0.23815384615384746, ""d3_rs_change_p40"": -2.0465804520160695, ""d3_rank_change_p40"": -73.39999999999999, ""d3_flow_acceleration_p50"": -16293412.410000004, ""d3_trend_eff_p50"": 0.8554216867469907, ""d3_max_drawdown_p30"": -2.645937542246859}"
00982A,主動群益台灣強棒,2026-06-18,2026-06-18,A,BULL_NORMAL,BULL_TREND,NORMAL,True,0,0,0.0,18.0,,,0,,False,True,77.42402315484804,77.56874095513749,59.60982658959538,25.613275613275615,58.03183791606367,5.938065521750889,10.362149508314484,1.9392185238784372,4,-4.424083986563596,-0.1447178002894418,1.5770634802465544,0.5905737888802554,2.524296731278741,,,,2,4,5,548001253.41,604281286.3,717424866.32,1395173553.72,1369291666.6599998,-113143580.0200001,0.27826221507779836,230881432.62754422,5,0,0,1,1,0.7029702970296992,0.884615384615383,0.13087248322147602,-0.6218905472636926,-6.444906444906451,0.0,2,4,0.6821705426356587,0.5465923591760217,0.054263565891473124,0,2.858326429163216,2.943615257048071,10.208610741233892,3.2432432432432323,0.8870172254973167,0.664183933456645,0.6774911005701783,0,15.068258066625967,0,1,2.943615257048071,10.208610741233892,64.5,110.0,0.09166666666666666,,75.0,110,True,False,False,False,A,1,,,UNAVAILABLE_IN_FROZEN_TOP120,24.83,2.7386226339106035,NEUTRAL,2026-07-03,MATURED,2026-06-18,2026-06-18,True,RECONSTRUCTED_NOT_PRODUCTION_EXACT,DISCOVERY,False,True,False,1,True,False,False,False,False,DAY0_NO_POSITIVE_STRUCTURE,"{""d0_fresh_rs_p40"": 1.0, ""d0_fresh_volume_p40"": 3.0, ""d0_rs_slope5_p70"": 6.708057106025629, ""d0_rank_change3_p50"": 114.0, ""d0_flow_buy_days5_p70"": 4.0, ""d0_trend_eff5_p50"": 0.5314861460957175, ""d0_close_progress3_p50"": 5.966850828729298, ""d1_market_excess_p70"": 0.033209940654632675, ""d1_rs_change_p40"": 0.04062997403032401, ""d1_rank_change_p40"": -22.4, ""d1_flow_p50"": 4943366.0, ""d1_close_location_p30"": 0.43671497584541175, ""d1_upper_shadow_p70"": 0.23815384615384746, ""d3_rs_change_p40"": -2.0465804520160695, ""d3_rank_change_p40"": -73.39999999999999, ""d3_flow_acceleration_p50"": -16293412.410000004, ""d3_trend_eff_p50"": 0.8554216867469907, ""d3_max_drawdown_p30"": -2.645937542246859}"
1905,華紙,2026-06-22,2026-06-22,A,BULL_NORMAL,BULL_TREND,NORMAL,True,0,0,3.0,3.0,3.0,,0,,False,False,97.76173285198556,96.16497829232996,85.94202898550725,66.98113207547169,55.55555555555556,3.939901288826102,6.156120155302773,4.220617729643,4,-2.216218866476671,0.0,5.147928477996189,26.170499679783646,34.93507911824083,8.768099287520092,29.970719747739373,42.21271883320372,1,3,7,-9541602.0,61296577.79999998,29568269.3,79712655.19999997,102938269.39999998,31728308.49999998,0.5171797277041613,22845729.88497402,3,0,0,0,0,1.0,1.0,0.8181818181818178,0.0,-2.6819923371647625,0.0,0,4,0.7083333333333328,0.6755952380952376,0.0,2,7.894736842105243,30.388692579505296,43.023255813953476,41.37931034482758,6.3373942486034345,4.460659293060884,3.010719647657805,4,14.290023930797906,1,0,30.388692579505296,43.023255813953476,71.4,44.0,0.6416666666666667,,,44,False,True,False,False,B,1,,,UNAVAILABLE_IN_FROZEN_TOP120,18.45,-8.6720867208672,LOSER,2026-07-06,MATURED,2026-06-22,2026-06-22,True,RECONSTRUCTED_NOT_PRODUCTION_EXACT,DISCOVERY,True,False,False,1,False,True,False,False,False,DAY0_NO_POSITIVE_STRUCTURE,"{""d0_fresh_rs_p40"": 1.0, ""d0_fresh_volume_p40"": 3.0, ""d0_rs_slope5_p70"": 6.708057106025629, ""d0_rank_change3_p50"": 114.0, ""d0_flow_buy_days5_p70"": 4.0, ""d0_trend_eff5_p50"": 0.5314861460957175, ""d0_close_progress3_p50"": 5.966850828729298, ""d1_market_excess_p70"": 0.033209940654632675, ""d1_rs_change_p40"": 0.04062997403032401, ""d1_rank_change_p40"": -22.4, ""d1_flow_p50"": 4943366.0, ""d1_close_location_p30"": 0.43671497584541175, ""d1_upper_shadow_p70"": 0.23815384615384746, ""d3_rs_change_p40"": -2.0465804520160695, ""d3_rank_change_p40"": -73.39999999999999, ""d3_flow_acceleration_p50"": -16293412.410000004, ""d3_trend_eff_p50"": 0.8554216867469907, ""d3_max_drawdown_p30"": -2.645937542246859}"
2415,錩新,2026-06-22,2026-06-22,A,BULL_NORMAL,BULL_TREND,NORMAL,True,0,0,2.0,4.0,4.0,,0,,False,False,75.37906137184116,73.29956584659914,77.10144927536231,55.152394775036285,24.255628177196805,-0.5741293011737175,4.045333319360975,5.112343319464435,2,-4.6194626205346925,-4.750996431627044,-2.9115530099080633,-2.7106552112794446,1.1010124934765386,-0.5060217651415289,1.0972290521818584,8.977324782409523,3,4,5,1129402.2000000002,8623530.7,4553747.05,10707527.75,11283390.25,4069783.6499999994,0.3115517978488689,1976436.5456397193,4,0,0,0,0,0.8181818181818158,0.8360655737704918,0.5098039215686276,-0.6655574043261225,-3.6101083032490933,0.2504063792635569,3,3,0.47830687830687885,0.4478536922015187,0.26984126984127144,2,-0.16474464579900872,1.5075376884422065,9.189189189189184,9.386281588447654,1.2583739136510634,1.6563937049271176,2.1752296926400057,5,4.224468441324265,0,0,1.5075376884422065,9.189189189189184,71.1,49.0,0.6083333333333333,,,49,True,False,False,False,A,1,,,UNAVAILABLE_IN_FROZEN_TOP120,30.3,37.45874587458744,WINNER,2026-07-06,MATURED,2026-06-22,2026-06-22,True,RECONSTRUCTED_NOT_PRODUCTION_EXACT,DISCOVERY,False,False,False,0,True,False,False,False,False,DAY0_NO_POSITIVE_STRUCTURE,"{""d0_fresh_rs_p40"": 1.0, ""d0_fresh_volume_p40"": 3.0, ""d0_rs_slope5_p70"": 6.708057106025629, ""d0_rank_change3_p50"": 114.0, ""d0_flow_buy_days5_p70"": 4.0, ""d0_trend_eff5_p50"": 0.5314861460957175, ""d0_close_progress3_p50"": 5.966850828729298, ""d1_market_excess_p70"": 0.033209940654632675, ""d1_rs_change_p40"": 0.04062997403032401, ""d1_rank_change_p40"": -22.4, ""d1_flow_p50"": 4943366.0, ""d1_close_location_p30"": 0.43671497584541175, ""d1_upper_shadow_p70"": 0.23815384615384746, ""d3_rs_change_p40"": -2.0465804520160695, ""d3_rank_change_p40"": -73.39999999999999, ""d3_flow_acceleration_p50"": -16293412.410000004, ""d3_trend_eff_p50"": 0.8554216867469907, ""d3_max_drawdown_p30"": -2.645937542246859}"
8072,陞泰,2026-06-22,2026-06-22,A,BULL_NORMAL,BULL_TREND,NORMAL,True,0,0,0.0,0.0,,,0,,False,False,77.1841155234657,61.43270622286541,55.072463768115945,68.3599419448476,43.13725490196079,7.370550585116587,1.7648347157236202,3.4046860621504917,2,5.6057158693929665,0.0,3.545708642693679,6.205835368829592,0.7968407258901475,5.583297148646715,8.314323627201036,6.124281225283768,3,4,8,4507781.25,6927949.25,2442181.5,6960191.75,11956969.600000001,4485767.75,0.31461897622079116,1416571.1597943055,4,0,0,1,1,1.0,0.7391304347826091,0.3008130081300816,-1.565217391304341,-4.5918367346938656,0.0,2,4,0.6601307189542472,0.4560784313725478,0.33986928104575265,1,6.292517006802734,10.424028268551243,8.885017421602793,6.292517006802734,2.506168882371477,1.1886582977394768,0.846992342966671,1,10.490079981694022,1,0,10.424028268551243,8.885017421602793,69.6,68.0,0.44166666666666665,,,68,True,False,False,False,A,1,,,UNAVAILABLE_IN_FROZEN_TOP120,31.25,-6.240000000000001,LOSER,2026-07-06,MATURED,2026-06-22,2026-06-22,True,RECONSTRUCTED_NOT_PRODUCTION_EXACT,DISCOVERY,True,False,False,1,True,True,False,False,False,DAY0_NO_POSITIVE_STRUCTURE,"{""d0_fresh_rs_p40"": 1.0, ""d0_fresh_volume_p40"": 3.0, ""d0_rs_slope5_p70"": 6.708057106025629, ""d0_rank_change3_p50"": 114.0, ""d0_flow_buy_days5_p70"": 4.0, ""d0_trend_eff5_p50"": 0.5314861460957175, ""d0_close_progress3_p50"": 5.966850828729298, ""d1_market_excess_p70"": 0.033209940654632675, ""d1_rs_change_p40"": 0.04062997403032401, ""d1_rank_change_p40"": -22.4, ""d1_flow_p50"": 4943366.0, ""d1_close_location_p30"": 0.43671497584541175, ""d1_upper_shadow_p70"": 0.23815384615384746, ""d3_rs_change_p40"": -2.0465804520160695, ""d3_rank_change_p40"": -73.39999999999999, ""d3_flow_acceleration_p50"": -16293412.410000004, ""d3_trend_eff_p50"": 0.8554216867469907, ""d3_max_drawdown_p30"": -2.645937542246859}"
6919,康霈*,2026-06-22,2026-06-22,A,BULL_NORMAL,BULL_TREND,NORMAL,True,0,0,1.0,1.0,0.0,,0,,False,True,82.59927797833934,64.10998552821997,7.246376811594203,14.296081277213352,7.697893972403777,25.11763372224838,13.660639340225199,7.4901384005935565,4,11.456994382023183,0.0,6.886219158826722,19.487811241065113,20.82228716620753,9.937905571716243,22.876128622114567,27.00570195715826,3,5,7,317702580.5,475939445.5,86621709.9,531020165.8,517622573.20000005,389317735.6,0.4615057626999688,96650781.24314727,5,0,0,1,1,1.0,1.0,0.6010230179028134,0.0,-8.124999999999993,0.0,0,5,0.91358024691358,0.7828072390572386,0.08641975308642001,1,9.633027522935777,23.706004140786764,28.910463861920178,24.479166666666675,2.3961721914773007,3.435699544124103,2.263539146984221,2,12.772239393534868,1,0,23.706004140786764,28.910463861920178,69.2,70.0,0.425,115.0,389.0,70,True,False,True,False,AC,2,,,UNAVAILABLE_IN_FROZEN_TOP120,119.5,-16.317991631799167,LOSER,2026-07-06,MATURED,2026-06-22,2026-06-22,True,RECONSTRUCTED_NOT_PRODUCTION_EXACT,DISCOVERY,True,True,True,3,True,True,True,True,True,WATCH_CANDIDATE_SHADOW,"{""d0_fresh_rs_p40"": 1.0, ""d0_fresh_volume_p40"": 3.0, ""d0_rs_slope5_p70"": 6.708057106025629, ""d0_rank_change3_p50"": 114.0, ""d0_flow_buy_days5_p70"": 4.0, ""d0_trend_eff5_p50"": 0.5314861460957175, ""d0_close_progress3_p50"": 5.966850828729298, ""d1_market_excess_p70"": 0.033209940654632675, ""d1_rs_change_p40"": 0.04062997403032401, ""d1_rank_change_p40"": -22.4, ""d1_flow_p50"": 4943366.0, ""d1_close_location_p30"": 0.43671497584541175, ""d1_upper_shadow_p70"": 0.23815384615384746, ""d3_rs_change_p40"": -2.0465804520160695, ""d3_rank_change_p40"": -73.39999999999999, ""d3_flow_acceleration_p50"": -16293412.410000004, ""d3_trend_eff_p50"": 0.8554216867469907, ""d3_max_drawdown_p30"": -2.645937542246859}"
00639,富邦深100,2026-06-22,2026-06-22,A,BULL_NORMAL,BULL_TREND,NORMAL,True,0,0,0.0,1.0,,,0,,False,True,63.97111913357401,53.2561505065123,47.89855072463768,27.431059506531206,53.2316630355846,5.357522802978775,7.30801192540856,1.0739456097989404,4,-1.9504891224297847,0.0,-1.5697083106045229,-0.941295029705258,-2.4457185951539673,,,,3,5,9,16857338.41,65224999.08000001,8745922.379999999,70308832.06,84063966.78999999,56479076.70000002,0.4644076135814694,13410644.21814832,4,0,0,1,1,1.0,1.0,0.2672413793103448,0.0,-3.9912520503007087,0.0,0,4,0.7093423213205443,0.7215824042865769,0.2906576786794557,0,1.1771000535045317,3.276897870016393,5.642458100558678,3.3898305084745894,1.1899654604979508,1.3167779116736507,0.9806558980031584,1,5.753759409440176,0,1,3.276897870016393,5.642458100558678,66.5,107.0,0.11666666666666667,23.0,128.0,107,True,False,False,False,A,1,,,UNAVAILABLE_IN_FROZEN_TOP120,18.91,-4.283447911158111,NEUTRAL,2026-07-06,MATURED,2026-06-22,2026-06-22,True,RECONSTRUCTED_NOT_PRODUCTION_EXACT,DISCOVERY,True,True,True,3,True,False,True,True,False,WATCH_CANDIDATE_SHADOW,"{""d0_fresh_rs_p40"": 1.0, ""d0_fresh_volume_p40"": 3.0, ""d0_rs_slope5_p70"": 6.708057106025629, ""d0_rank_change3_p50"": 114.0, ""d0_flow_buy_days5_p70"": 4.0, ""d0_trend_eff5_p50"": 0.5314861460957175, ""d0_close_progress3_p50"": 5.966850828729298, ""d1_market_excess_p70"": 0.033209940654632675, ""d1_rs_change_p40"": 0.04062997403032401, ""d1_rank_change_p40"": -22.4, ""d1_flow_p50"": 4943366.0, ""d1_close_location_p30"": 0.43671497584541175, ""d1_upper_shadow_p70"": 0.23815384615384746, ""d3_rs_change_p40"": -2.0465804520160695, ""d3_rank_change_p40"": -73.39999999999999, ""d3_flow_acceleration_p50"": -16293412.410000004, ""d3_trend_eff_p50"": 0.8554216867469907, ""d3_max_drawdown_p30"": -2.645937542246859}"
6573,虹揚-KY,2026-06-23,2026-06-23,A,RANGE_NORMAL,VOLATILE_RANGE,NORMAL,True,0,0,0.0,1.0,2.0,0.0,0,,False,False,97.83549783549783,94.8014440433213,73.44428364688856,59.46531791907515,92.84164859002169,8.130404729536423,7.674035983284537,0.4993849245476142,5,0.4563687462518855,0.0,11.173814529324432,29.876004982048656,25.71739480017368,10.930420754667196,33.12883091653069,30.443775271910663,2,3,4,6241142.0,7607802.0,-58214.30000000005,7711052.0,5602666.800000001,7666016.3,0.3918835670777824,2384937.6766540906,4,0,0,1,1,1.0,0.8640776699029128,0.7142857142857142,-2.3178807947019875,-3.60655737704918,0.8244585645247826,1,3,1.0,0.7293233082706769,0.0,0,9.831460674157299,32.54237288135593,29.470198675496697,29.900332225913616,4.934819087160049,2.2983448563483324,1.5231844083518487,2,19.34775494937263,1,0,32.54237288135593,29.470198675496697,74.5,26.0,0.7916666666666666,,,26,False,True,False,False,B,1,,,UNAVAILABLE_IN_FROZEN_TOP120,19.55,28.132992327365724,WINNER,2026-07-07,MATURED,2026-06-23,2026-06-23,True,RECONSTRUCTED_NOT_PRODUCTION_EXACT,VALIDATION,True,True,False,2,True,True,True,True,True,WATCH_CANDIDATE_SHADOW,"{""d0_fresh_rs_p40"": 1.0, ""d0_fresh_volume_p40"": 3.0, ""d0_rs_slope5_p70"": 6.708057106025629, ""d0_rank_change3_p50"": 114.0, ""d0_flow_buy_days5_p70"": 4.0, ""d0_trend_eff5_p50"": 0.5314861460957175, ""d0_close_progress3_p50"": 5.966850828729298, ""d1_market_excess_p70"": 0.033209940654632675, ""d1_rs_change_p40"": 0.04062997403032401, ""d1_rank_change_p40"": -22.4, ""d1_flow_p50"": 4943366.0, ""d1_close_location_p30"": 0.43671497584541175, ""d1_upper_shadow_p70"": 0.23815384615384746, ""d3_rs_change_p40"": -2.0465804520160695, ""d3_rank_change_p40"": -73.39999999999999, ""d3_flow_acceleration_p50"": -16293412.410000004, ""d3_trend_eff_p50"": 0.8554216867469907, ""d3_max_drawdown_p30"": -2.645937542246859}"
5283,禾聯碩,2026-06-23,2026-06-23,A,RANGE_NORMAL,VOLATILE_RANGE,NORMAL,True,0,0,2.0,2.0,0.0,0.0,0,,False,False,81.67388167388168,66.7870036101083,35.09406657018813,31.286127167630056,40.20245842371656,15.526605034564517,10.077550901250325,4.147142325016512,4,5.449054133314192,0.0,3.477585171893105,5.840248357781564,5.165602196783236,2.708297219304756,9.864082320437262,9.827496981197157,3,4,7,2789353.0,9755895.0,1499611.3,10906737.7,10756510.3,8256283.7,0.2833582732903603,1731448.9450618415,4,0,0,1,1,1.0,0.8867924528301872,0.8260869565217387,-0.5692599620493399,-0.7575757575757569,0.0,1,4,0.7857142857142859,0.7047619047619053,0.21428571428571422,3,2.1352313167259718,8.50661625708884,8.918406072106254,11.02514506769825,2.4491915716608577,2.114654136540787,1.4551702637262935,3,6.128771522081995,1,0,8.50661625708884,8.918406072106254,73.0,28.0,0.775,140.0,,28,True,False,True,False,AC,2,,,UNAVAILABLE_IN_FROZEN_TOP120,57.4,-6.445993031358876,LOSER,2026-07-07,MATURED,2026-06-23,2026-06-23,True,RECONSTRUCTED_NOT_PRODUCTION_EXACT,VALIDATION,True,True,False,2,True,True,True,True,True,WATCH_CANDIDATE_SHADOW,"{""d0_fresh_rs_p40"": 1.0, ""d0_fresh_volume_p40"": 3.0, ""d0_rs_slope5_p70"": 6.708057106025629, ""d0_rank_change3_p50"": 114.0, ""d0_flow_buy_days5_p70"": 4.0, ""d0_trend_eff5_p50"": 0.5314861460957175, ""d0_close_progress3_p50"": 5.966850828729298, ""d1_market_excess_p70"": 0.033209940654632675, ""d1_rs_change_p40"": 0.04062997403032401, ""d1_rank_change_p40"": -22.4, ""d1_flow_p50"": 4943366.0, ""d1_close_location_p30"": 0.43671497584541175, ""d1_upper_shadow_p70"": 0.23815384615384746, ""d3_rs_change_p40"": -2.0465804520160695, ""d3_rank_change_p40"": -73.39999999999999, ""d3_flow_acceleration_p50"": -16293412.410000004, ""d3_trend_eff_p50"": 0.8554216867469907, ""d3_max_drawdown_p30"": -2.645937542246859}"
6715,嘉基,2026-06-23,2026-06-23,A,RANGE_NORMAL,VOLATILE_RANGE,NORMAL,True,0,0,1.0,1.0,0.0,,0,,False,False,93.57864357864358,77.76173285198556,16.78726483357453,1.300578034682081,4.6276211135213305,25.59712624835635,18.4556131087923,8.895102246512225,5,7.141513139564051,0.0,11.18791370072697,17.12310578490326,41.03091113739963,12.284584235803742,14.964912280701759,36.924636421936725,2,4,6,300615787.0,431123063.5,76007666.0,507435304.5,432359082.5,355115397.5,0.45858608942008705,100124482.088843,5,1,0,1,1,0.9306930693069307,0.9617486338797814,0.5758754863813229,-0.736842105263158,-12.085308056872035,0.0,2,4,0.8177083333333334,0.890625,0.18229166666666666,1,9.845559845559837,19.789473684210535,44.783715012722645,35.15439429928742,3.859402164576533,2.322829410754166,2.026935578079368,4,22.094296186343357,1,0,19.789473684210535,44.783715012722645,71.7,36.0,0.7083333333333334,150.0,,36,False,False,True,False,C,1,,,UNAVAILABLE_IN_FROZEN_TOP120,569.0,-20.562390158172228,LOSER,2026-07-07,MATURED,2026-06-23,2026-06-23,True,RECONSTRUCTED_NOT_PRODUCTION_EXACT,VALIDATION,True,True,False,2,True,True,True,True,True,WATCH_CANDIDATE_SHADOW,"{""d0_fresh_rs_p40"": 1.0, ""d0_fresh_volume_p40"": 3.0, ""d0_rs_slope5_p70"": 6.708057106025629, ""d0_rank_change3_p50"": 114.0, ""d0_flow_buy_days5_p70"": 4.0, ""d0_trend_eff5_p50"": 0.5314861460957175, ""d0_close_progress3_p50"": 5.966850828729298, ""d1_market_excess_p70"": 0.033209940654632675, ""d1_rs_change_p40"": 0.04062997403032401, ""d1_rank_change_p40"": -22.4, ""d1_flow_p50"": 4943366.0, ""d1_close_location_p30"": 0.43671497584541175, ""d1_upper_shadow_p70"": 0.23815384615384746, ""d3_rs_change_p40"": -2.0465804520160695, ""d3_rank_change_p40"": -73.39999999999999, ""d3_flow_acceleration_p50"": -16293412.410000004, ""d3_trend_eff_p50"": 0.8554216867469907, ""d3_max_drawdown_p30"": -2.645937542246859}"
2832,台產,2026-06-23,2026-06-23,A,RANGE_NORMAL,VOLATILE_RANGE,NORMAL,True,0,0,3.0,10.0,,,0,,False,False,71.71717171717172,61.73285198555957,54.775687409551374,22.6878612716763,50.90383224873464,5.64716143587345,9.805862089099085,2.0813339468437086,5,-4.158700653225635,0.0,1.1653627047246484,-3.545102521451393,2.0633312091047573,-0.1769911504424848,-0.8787346221441172,5.328627286085474,3,5,8,7315080.0,33479865.1,25335007.0,54041643.9,67615813.0,8144858.1000000015,0.22930307332542985,6691837.595780154,5,0,0,0,0,0.555555555555552,0.6888888888888881,0.27659574468085085,-1.0544815465729385,-3.963963963963968,0.4387451980652268,3,3,0.4825396825396801,0.6433699633699623,0.4142857142857146,1,-0.1769911504424848,-0.8787346221441172,5.816135084427776,4.832713754646845,0.7726696206644623,1.2844641530771015,1.427692655438351,4,4.073800521612981,0,0,-0.8787346221441172,5.816135084427776,71.4,39.0,0.6833333333333333,,,39,False,False,True,False,C,1,,,UNAVAILABLE_IN_FROZEN_TOP120,56.4,0.3546099290780091,NEUTRAL,2026-07-07,MATURED,2026-06-23,2026-06-23,True,RECONSTRUCTED_NOT_PRODUCTION_EXACT,VALIDATION,False,True,False,1,True,False,False,False,False,DAY0_NO_POSITIVE_STRUCTURE,"{""d0_fresh_rs_p40"": 1.0, ""d0_fresh_volume_p40"": 3.0, ""d0_rs_slope5_p70"": 6.708057106025629, ""d0_rank_change3_p50"": 114.0, ""d0_flow_buy_days5_p70"": 4.0, ""d0_trend_eff5_p50"": 0.5314861460957175, ""d0_close_progress3_p50"": 5.966850828729298, ""d1_market_excess_p70"": 0.033209940654632675, ""d1_rs_change_p40"": 0.04062997403032401, ""d1_rank_change_p40"": -22.4, ""d1_flow_p50"": 4943366.0, ""d1_close_location_p30"": 0.43671497584541175, ""d1_upper_shadow_p70"": 0.23815384615384746, ""d3_rs_change_p40"": -2.0465804520160695, ""d3_rank_change_p40"": -73.39999999999999, ""d3_flow_acceleration_p50"": -16293412.410000004, ""d3_trend_eff_p50"": 0.8554216867469907, ""d3_max_drawdown_p30"": -2.645937542246859}"
6243,迅杰,2026-06-23,2026-06-23,A,RANGE_NORMAL,VOLATILE_RANGE,NORMAL,True,0,0,1.0,2.0,0.0,,0,,False,False,88.31168831168831,59.63898916967509,8.683068017366136,6.719653179190751,7.375271149674621,26.542873431440725,16.31840702649951,8.09364171620137,5,10.224466404941214,0.0,9.556173933393996,28.042293518015548,27.576310048727606,10.652844468470768,25.88410001381405,23.470035333264708,2,3,5,-14266372.0,8043486.949999999,4740413.85,10556100.8,10248423.75,3303073.0999999996,0.3609465556104671,7185972.237858204,3,0,0,0,0,1.0,0.9252336448598127,0.7872340425531911,-1.2658227848101333,-3.6006546644844595,0.0,1,4,0.9539007092198583,0.7390070921985811,0.04609929078014178,3,8.213820078226863,30.708661417322823,31.329113924050624,36.51315789473686,13.98852408583401,6.973174485946352,4.366436438697091,3,7.174984535764587,1,0,30.708661417322823,31.329113924050624,68.2,59.0,0.525,135.0,,59,True,False,True,False,AC,2,,,UNAVAILABLE_IN_FROZEN_TOP120,41.5,-5.421686746987953,NEUTRAL,2026-07-07,MATURED,2026-06-23,2026-06-23,True,RECONSTRUCTED_NOT_PRODUCTION_EXACT,VALIDATION,True,True,False,2,False,True,True,False,False,WATCH_CANDIDATE_SHADOW,"{""d0_fresh_rs_p40"": 1.0, ""d0_fresh_volume_p40"": 3.0, ""d0_rs_slope5_p70"": 6.708057106025629, ""d0_rank_change3_p50"": 114.0, ""d0_flow_buy_days5_p70"": 4.0, ""d0_trend_eff5_p50"": 0.5314861460957175, ""d0_close_progress3_p50"": 5.966850828729298, ""d1_market_excess_p70"": 0.033209940654632675, ""d1_rs_change_p40"": 0.04062997403032401, ""d1_rank_change_p40"": -22.4, ""d1_flow_p50"": 4943366.0, ""d1_close_location_p30"": 0.43671497584541175, ""d1_upper_shadow_p70"": 0.23815384615384746, ""d3_rs_change_p40"": -2.0465804520160695, ""d3_rank_change_p40"": -73.39999999999999, ""d3_flow_acceleration_p50"": -16293412.410000004, ""d3_trend_eff_p50"": 0.8554216867469907, ""d3_max_drawdown_p30"": -2.645937542246859}"
3530,晶相光,2026-06-23,2026-06-23,A,RANGE_NORMAL,VOLATILE_RANGE,NORMAL,True,0,0,1.0,3.0,,,0,,False,False,60.96681096681097,62.454873646209386,64.97829232995659,13.872832369942197,5.133767172812726,-1.3371604543818734,9.418795719373755,5.5833043793998245,3,-10.755956173755628,-4.01148136314562,1.6148334191998237,0.27069503775565273,9.13063170749906,2.711503954276595,-1.8874984664458472,5.02435699203616,2,4,6,-3195491.2,31989371.500000004,37024254.5,65440666.0,60266792.3,-5034882.999999996,0.3804759312240107,12110624.48074694,4,0,0,0,0,0.7241379310344794,0.8749999999999983,0.838509316770185,-0.5594405594405716,-1.1272141706924366,0.12634604659144677,3,3,0.4058656198441142,0.5387574671445641,0.47685042953860174,2,0.27247956403269047,2.9370629370629286,12.883435582822077,22.462562396006636,1.5281897519537841,2.4136718438957727,2.147457907532354,4,5.999389109156717,1,0,2.9370629370629286,12.883435582822077,64.4,72.0,0.4083333333333333,107.0,,72,True,False,False,False,A,1,,,PRODUCTION_FINAL_WATCH_SNAPSHOT,73.6,-8.831521739130432,LOSER,2026-07-07,MATURED,2026-06-23,2026-06-23,True,RECONSTRUCTED_NOT_PRODUCTION_EXACT,VALIDATION,True,True,False,2,True,False,True,True,False,WATCH_CANDIDATE_SHADOW,"{""d0_fresh_rs_p40"": 1.0, ""d0_fresh_volume_p40"": 3.0, ""d0_rs_slope5_p70"": 6.708057106025629, ""d0_rank_change3_p50"": 114.0, ""d0_flow_buy_days5_p70"": 4.0, ""d0_trend_eff5_p50"": 0.5314861460957175, ""d0_close_progress3_p50"": 5.966850828729298, ""d1_market_excess_p70"": 0.033209940654632675, ""d1_rs_change_p40"": 0.04062997403032401, ""d1_rank_change_p40"": -22.4, ""d1_flow_p50"": 4943366.0, ""d1_close_location_p30"": 0.43671497584541175, ""d1_upper_shadow_p70"": 0.23815384615384746, ""d3_rs_change_p40"": -2.0465804520160695, ""d3_rank_change_p40"": -73.39999999999999, ""d3_flow_acceleration_p50"": -16293412.410000004, ""d3_trend_eff_p50"": 0.8554216867469907, ""d3_max_drawdown_p30"": -2.645937542246859}"
2634,漢翔,2026-06-23,2026-06-23,A,RANGE_NORMAL,VOLATILE_RANGE,NORMAL,True,0,0,1.0,1.0,,,0,,False,False,73.16017316017316,66.49819494584838,42.2575976845152,39.884393063583815,22.559652928416487,10.300858491885988,6.655156019317869,5.060052023175667,3,3.645702472568119,0.0,0.5439506615543599,2.6302422701842465,1.432381309862163,0.0,0.0,0.0,2,4,9,-65329407.50000002,219593928.1,83913553.6,268365530.44999996,523286842.0999999,135680374.5,0.4184096018213316,88072006.98344256,4,0,0,1,0,0.7575757575757582,0.5764705882352947,0.6103896103896117,-1.0582010582010581,-1.2820512820512664,0.1298989322941424,2,2,0.6117509786209004,0.5102324053543595,0.17686690755796144,2,-0.7984031936127733,5.296610169491522,5.185185185185182,10.444444444444457,1.907664544994462,2.045220974808095,1.4473877194394225,2,3.5824438162245973,0,0,5.296610169491522,5.185185185185182,64.3,73.0,0.4,53.0,,73,True,False,False,False,A,1,,,PRODUCTION_FINAL_WATCH_SNAPSHOT,49.7,17.50503018108651,WINNER,2026-07-07,MATURED,2026-06-23,2026-06-23,True,RECONSTRUCTED_NOT_PRODUCTION_EXACT,VALIDATION,True,False,False,1,True,False,False,False,False,DAY0_NO_POSITIVE_STRUCTURE,"{""d0_fresh_rs_p40"": 1.0, ""d0_fresh_volume_p40"": 3.0, ""d0_rs_slope5_p70"": 6.708057106025629, ""d0_rank_change3_p50"": 114.0, ""d0_flow_buy_days5_p70"": 4.0, ""d0_trend_eff5_p50"": 0.5314861460957175, ""d0_close_progress3_p50"": 5.966850828729298, ""d1_market_excess_p70"": 0.033209940654632675, ""d1_rs_change_p40"": 0.04062997403032401, ""d1_rank_change_p40"": -22.4, ""d1_flow_p50"": 4943366.0, ""d1_close_location_p30"": 0.43671497584541175, ""d1_upper_shadow_p70"": 0.23815384615384746, ""d3_rs_change_p40"": -2.0465804520160695, ""d3_rank_change_p40"": -73.39999999999999, ""d3_flow_acceleration_p50"": -16293412.410000004, ""d3_trend_eff_p50"": 0.8554216867469907, ""d3_max_drawdown_p30"": -2.645937542246859}"
2466,冠西電,2026-06-23,2026-06-23,A,RANGE_NORMAL,VOLATILE_RANGE,NORMAL,True,0,0,1.0,1.0,0.0,,0,,False,False,85.2092352092352,72.05776173285199,51.30246020260492,23.916184971098264,4.2660882140274765,11.302258335543428,12.25861004762739,8.094314699520773,5,-0.9563517120839613,0.0,3.5202122943685743,11.532415062153166,13.661169013102416,2.1183346296776318,13.37438524526493,17.75370596252876,2,3,6,-8449504.0,11906260.8,2454460.0000000005,14130560.8,16073800.8,9451800.8,0.43379298944354605,6933360.641232554,3,0,0,0,0,1.0,0.9766081871345026,0.9839999999999998,-0.2085505735140769,-0.2085505735140769,0.0,1,4,0.7248677248677245,0.5877777777777776,0.03703703703703733,3,2.177858439201441,14.198782961460443,17.413972888425434,27.954545454545453,2.991815644850849,2.3974187668516427,1.9792333569724936,4,8.798342462791993,1,0,14.198782961460443,17.413972888425434,64.0,77.0,0.36666666666666664,116.0,,77,True,False,True,False,AC,2,,,UNAVAILABLE_IN_FROZEN_TOP120,56.3,64.47602131438721,WINNER,2026-07-07,MATURED,2026-06-23,2026-06-23,True,RECONSTRUCTED_NOT_PRODUCTION_EXACT,VALIDATION,True,True,False,2,False,True,True,False,False,WATCH_CANDIDATE_SHADOW,"{""d0_fresh_rs_p40"": 1.0, ""d0_fresh_volume_p40"": 3.0, ""d0_rs_slope5_p70"": 6.708057106025629, ""d0_rank_change3_p50"": 114.0, ""d0_flow_buy_days5_p70"": 4.0, ""d0_trend_eff5_p50"": 0.5314861460957175, ""d0_close_progress3_p50"": 5.966850828729298, ""d1_market_excess_p70"": 0.033209940654632675, ""d1_rs_change_p40"": 0.04062997403032401, ""d1_rank_change_p40"": -22.4, ""d1_flow_p50"": 4943366.0, ""d1_close_location_p30"": 0.43671497584541175, ""d1_upper_shadow_p70"": 0.23815384615384746, ""d3_rs_change_p40"": -2.0465804520160695, ""d3_rank_change_p40"": -73.39999999999999, ""d3_flow_acceleration_p50"": -16293412.410000004, ""d3_trend_eff_p50"": 0.8554216867469907, ""d3_max_drawdown_p30"": -2.645937542246859}"
2330,台積電,2026-06-23,2026-06-23,A,RANGE_NORMAL,VOLATILE_RANGE,NORMAL,True,0,0,1.0,2.0,,,0,,False,False,74.74747474747475,75.5956678700361,65.55716353111433,55.202312138728324,64.71438900939985,3.0634370721201427,3.9090325217492863,1.0033085738074903,3,-0.8455954496291436,-0.8481931225613408,0.5455411061631499,1.7361478239631634,1.0893013878348734,1.6422116412399212,-0.42204568023833655,-3.0169733276280253,2,3,5,-3409198440.0,35692080780.0,16287785865.0,28610279895.0,-10879235565.0,19404294915.0,0.22822566956396287,21725451382.13285,2,2,0,1,0,0.7241379310344828,0.6216216216216216,0.52,-0.7968127490039834,-2.386117136659438,0.08590637450199279,3,3,0.6111111111111112,0.7666666666666667,0.24074074074074073,0,-0.7968127490039834,4.402515723270439,4.842105263157892,8.496732026143782,0.9123695559077506,1.0363229127206284,0.9319563809951573,1,5.195635076812734,0,0,4.402515723270439,4.842105263157892,63.5,80.0,0.3416666666666667,82.0,,80,True,False,False,False,A,1,,,PRODUCTION_FINAL_WATCH_SNAPSHOT,2490.0,-2.008032128514059,NEUTRAL,2026-07-07,MATURED,2026-06-23,2026-06-23,True,RECONSTRUCTED_NOT_PRODUCTION_EXACT,VALIDATION,True,False,False,1,False,False,False,False,False,DAY0_NO_POSITIVE_STRUCTURE,"{""d0_fresh_rs_p40"": 1.0, ""d0_fresh_volume_p40"": 3.0, ""d0_rs_slope5_p70"": 6.708057106025629, ""d0_rank_change3_p50"": 114.0, ""d0_flow_buy_days5_p70"": 4.0, ""d0_trend_eff5_p50"": 0.5314861460957175, ""d0_close_progress3_p50"": 5.966850828729298, ""d1_market_excess_p70"": 0.033209940654632675, ""d1_rs_change_p40"": 0.04062997403032401, ""d1_rank_change_p40"": -22.4, ""d1_flow_p50"": 4943366.0, ""d1_close_location_p30"": 0.43671497584541175, ""d1_upper_shadow_p70"": 0.23815384615384746, ""d3_rs_change_p40"": -2.0465804520160695, ""d3_rank_change_p40"": -73.39999999999999, ""d3_flow_acceleration_p50"": -16293412.410000004, ""d3_trend_eff_p50"": 0.8554216867469907, ""d3_max_drawdown_p30"": -2.645937542246859}"
2646,星宇航空,2026-06-23,2026-06-23,A,RANGE_NORMAL,VOLATILE_RANGE,NORMAL,True,0,0,0.0,0.0,,,0,,False,True,67.74891774891775,43.104693140794225,49.131693198263385,56.141618497109825,33.69486623282719,6.205741516884788,2.3214598503615846,3.405405151609056,3,3.8842816665232034,0.0,3.73469835277479,-1.7229716728921929,-3.04692152238184,0.0,0.0,0.0,2,3,8,85601690.6,71554805.14999999,21578959.799999997,21681426.200000003,199929896.45,49975845.349999994,0.2216307417585522,41799152.44618334,3,2,0,1,1,0.2222222222222209,0.11999999999999886,0.5294117647058814,-1.6470588235294237,-1.6470588235294237,0.35294117647059475,3,3,0.47272727272727,0.3883982683982673,0.14393939393939323,1,2.392344497607657,0.943396226415083,0.7058823529411784,6.733167082294256,1.3801479587739498,1.1265885489613543,1.159536231751257,2,0.608762653216173,1,0,0.943396226415083,0.7058823529411784,62.4,82.0,0.325,279.0,61.0,82,True,False,False,False,A,1,,,PRODUCTION_FINAL_WATCH_SNAPSHOT,21.4,-0.4672897196261627,NEUTRAL,2026-07-07,MATURED,2026-06-23,2026-06-23,True,RECONSTRUCTED_NOT_PRODUCTION_EXACT,VALIDATION,True,False,False,1,True,False,False,False,False,DAY0_NO_POSITIVE_STRUCTURE,"{""d0_fresh_rs_p40"": 1.0, ""d0_fresh_volume_p40"": 3.0, ""d0_rs_slope5_p70"": 6.708057106025629, ""d0_rank_change3_p50"": 114.0, ""d0_flow_buy_days5_p70"": 4.0, ""d0_trend_eff5_p50"": 0.5314861460957175, ""d0_close_progress3_p50"": 5.966850828729298, ""d1_market_excess_p70"": 0.033209940654632675, ""d1_rs_change_p40"": 0.04062997403032401, ""d1_rank_change_p40"": -22.4, ""d1_flow_p50"": 4943366.0, ""d1_close_location_p30"": 0.43671497584541175, ""d1_upper_shadow_p70"": 0.23815384615384746, ""d3_rs_change_p40"": -2.0465804520160695, ""d3_rank_change_p40"": -73.39999999999999, ""d3_flow_acceleration_p50"": -16293412.410000004, ""d3_trend_eff_p50"": 0.8554216867469907, ""d3_max_drawdown_p30"": -2.645937542246859}"
6257,矽格,2026-06-23,2026-06-23,A,RANGE_NORMAL,VOLATILE_RANGE,NORMAL,True,0,0,1.0,2.0,17.0,,0,,False,False,53.31890331890332,71.11913357400722,41.38929088277858,33.092485549132945,19.812002892263195,3.976537478708245,4.045283553954074,3.350690042664012,4,-0.0687460752458291,-17.800230255103905,-0.9256873819462719,8.081295652094589,3.0039528814337357,0.1709831531304995,5.923102147893088,-1.102321834029163,3,3,5,715698762.0,3928085087.0,-1181972170.0,3138240619.0,3378742168.5,5110057257.0,0.37164957591033304,800913197.564867,3,3,1,0,0,0.6764705882352942,0.35714285714285715,0.4931506849315068,-3.6036036036036,-3.6036036036036,0.6677811832450975,2,2,0.5680206318504192,0.49465853295640533,0.2730496453900709,2,-2.268041237113405,10.747663551401864,6.756756756756754,17.910447761194035,1.2687640620991294,1.6472299333986735,1.207521267969961,3,5.595559213723795,0,0,10.747663551401864,6.756756756756754,60.4,96.0,0.20833333333333334,134.0,,96,True,False,False,False,A,1,,,PRODUCTION_FINAL_WATCH_SNAPSHOT,237.0,2.1097046413502074,NEUTRAL,2026-07-07,MATURED,2026-06-23,2026-06-23,True,RECONSTRUCTED_NOT_PRODUCTION_EXACT,VALIDATION,True,False,False,1,False,False,False,False,False,DAY0_NO_POSITIVE_STRUCTURE,"{""d0_fresh_rs_p40"": 1.0, ""d0_fresh_volume_p40"": 3.0, ""d0_rs_slope5_p70"": 6.708057106025629, ""d0_rank_change3_p50"": 114.0, ""d0_flow_buy_days5_p70"": 4.0, ""d0_trend_eff5_p50"": 0.5314861460957175, ""d0_close_progress3_p50"": 5.966850828729298, ""d1_market_excess_p70"": 0.033209940654632675, ""d1_rs_change_p40"": 0.04062997403032401, ""d1_rank_change_p40"": -22.4, ""d1_flow_p50"": 4943366.0, ""d1_close_location_p30"": 0.43671497584541175, ""d1_upper_shadow_p70"": 0.23815384615384746, ""d3_rs_change_p40"": -2.0465804520160695, ""d3_rank_change_p40"": -73.39999999999999, ""d3_flow_acceleration_p50"": -16293412.410000004, ""d3_trend_eff_p50"": 0.8554216867469907, ""d3_max_drawdown_p30"": -2.645937542246859}"
2399,映泰,2026-06-23,2026-06-23,A,RANGE_NORMAL,VOLATILE_RANGE,NORMAL,True,0,0,4.0,4.0,4.0,,0,,False,False,73.73737373737374,74.51263537906136,88.27785817655571,51.80635838150289,45.480838756326825,-4.846828146393989,4.386203071174171,2.8256534981046917,1,-9.23303121756816,-15.682916117698724,-0.014235292119690879,-4.593150172910354,2.2888627913436377,1.9609463977368624,0.3153701927646302,10.006424375917755,1,2,6,-35750989.30000001,7470172.450000048,187968227.69999993,176100832.14999998,237326284.0,-180498055.24999988,0.27857934004615487,166382412.37486675,2,0,0,1,0,0.12345679012345666,0.2101449275362317,0.2598752598752598,-8.996212121212121,-8.996212121212121,2.7790479934068184,3,2,0.4520805780767829,0.4906031855557472,0.12736984008331276,1,-1.3565891472868241,-1.9267822736030782,6.041666666666656,13.99776035834266,0.8020147251352326,1.1590968442006075,1.6150316644147311,4,3.740896726539468,0,0,-1.9267822736030782,6.041666666666656,59.9,98.0,0.2,,38.0,98,True,False,False,False,A,1,,,UNAVAILABLE_IN_FROZEN_TOP120,50.9,-2.7504911591355596,NEUTRAL,2026-07-07,MATURED,2026-06-23,2026-06-23,True,RECONSTRUCTED_NOT_PRODUCTION_EXACT,VALIDATION,False,False,False,0,False,False,False,False,False,DAY0_NO_POSITIVE_STRUCTURE,"{""d0_fresh_rs_p40"": 1.0, ""d0_fresh_volume_p40"": 3.0, ""d0_rs_slope5_p70"": 6.708057106025629, ""d0_rank_change3_p50"": 114.0, ""d0_flow_buy_days5_p70"": 4.0, ""d0_trend_eff5_p50"": 0.5314861460957175, ""d0_close_progress3_p50"": 5.966850828729298, ""d1_market_excess_p70"": 0.033209940654632675, ""d1_rs_change_p40"": 0.04062997403032401, ""d1_rank_change_p40"": -22.4, ""d1_flow_p50"": 4943366.0, ""d1_close_location_p30"": 0.43671497584541175, ""d1_upper_shadow_p70"": 0.23815384615384746, ""d3_rs_change_p40"": -2.0465804520160695, ""d3_rank_change_p40"": -73.39999999999999, ""d3_flow_acceleration_p50"": -16293412.410000004, ""d3_trend_eff_p50"": 0.8554216867469907, ""d3_max_drawdown_p30"": -2.645937542246859}"
8438,昶昕,2026-06-23,2026-06-23,A,RANGE_NORMAL,VOLATILE_RANGE,NORMAL,True,0,0,0.0,3.0,0.0,,0,,False,True,81.0966810966811,27.653429602888085,19.247467438494933,5.8526011560693645,1.8799710773680405,20.61640455272872,15.048815988122346,7.921671001931306,4,5.567588564606375,0.0,11.005763192843576,11.84610375602151,18.671438548919397,13.67947359470455,13.800220943078067,21.729797979797972,2,4,6,25087592.0,25713452.599999998,35972507.1,54305097.2,69585283.9,-10259054.500000004,0.3027760145265944,11489632.64841872,4,0,0,1,1,0.9411764705882345,0.8685446009389667,0.592391304347826,-1.2121212121212088,-7.1512309495896815,0.38984438984438485,3,3,0.7098765432098766,0.6298148148148152,0.09876543209876502,2,9.663409337676443,14.512471655328785,22.424242424242415,27.52525252525253,4.09012117640175,3.001546122459125,2.473307283855569,4,9.066500782420329,1,0,14.512471655328785,22.424242424242415,59.5,99.0,0.18333333333333332,344.0,82.0,99,False,False,True,False,C,1,,,UNAVAILABLE_IN_FROZEN_TOP120,101.0,-3.861386138613865,NEUTRAL,2026-07-07,MATURED,2026-06-23,2026-06-23,True,RECONSTRUCTED_NOT_PRODUCTION_EXACT,VALIDATION,True,True,False,2,True,True,True,True,True,WATCH_CANDIDATE_SHADOW,"{""d0_fresh_rs_p40"": 1.0, ""d0_fresh_volume_p40"": 3.0, ""d0_rs_slope5_p70"": 6.708057106025629, ""d0_rank_change3_p50"": 114.0, ""d0_flow_buy_days5_p70"": 4.0, ""d0_trend_eff5_p50"": 0.5314861460957175, ""d0_close_progress3_p50"": 5.966850828729298, ""d1_market_excess_p70"": 0.033209940654632675, ""d1_rs_change_p40"": 0.04062997403032401, ""d1_rank_change_p40"": -22.4, ""d1_flow_p50"": 4943366.0, ""d1_close_location_p30"": 0.43671497584541175, ""d1_upper_shadow_p70"": 0.23815384615384746, ""d3_rs_change_p40"": -2.0465804520160695, ""d3_rank_change_p40"": -73.39999999999999, ""d3_flow_acceleration_p50"": -16293412.410000004, ""d3_trend_eff_p50"": 0.8554216867469907, ""d3_max_drawdown_p30"": -2.645937542246859}"
1529,樂事綠能,2026-06-23,2026-06-23,A,RANGE_NORMAL,VOLATILE_RANGE,NORMAL,True,0,0,13.0,13.0,7.0,,0,,False,True,79.58152958152958,67.43682310469315,73.22720694645442,81.4306358381503,37.16558206796819,2.1181075450250546,-0.36982125132414295,4.241594751356139,2,2.4879287963491974,-6.557802784217884,2.4436754410702144,-2.448027287953569,-4.830390082219571,2.257483626733947,0.8532612462743394,-0.34107857252446694,3,5,7,1563331.0499999998,18116992.55,2427086.6,19046263.95,18155130.6,15689905.950000001,0.4613673199345295,3911987.067157903,4,0,0,1,1,0.11111111111111287,0.23809523809523875,0.24637681159420283,-2.155172413793105,-2.6548672566371723,0.5331463634994704,3,2,0.4726495726495708,0.34769230769230636,0.24017094017094184,0,1.1013215859030812,0.21834061135370675,-1.0775862068965525,3.8461538461538325,0.5213815948522532,0.6635894730276144,0.5420519123142266,0,-1.987976026679669,0,0,0.21834061135370675,-1.0775862068965525,59.0,104.0,0.15,,19.0,104,True,False,False,False,A,1,,,UNAVAILABLE_IN_FROZEN_TOP120,22.95,-1.7429193899782036,NEUTRAL,2026-07-07,MATURED,2026-06-23,2026-06-23,True,RECONSTRUCTED_NOT_PRODUCTION_EXACT,VALIDATION,False,False,False,0,True,False,False,False,False,DAY0_NO_POSITIVE_STRUCTURE,"{""d0_fresh_rs_p40"": 1.0, ""d0_fresh_volume_p40"": 3.0, ""d0_rs_slope5_p70"": 6.708057106025629, ""d0_rank_change3_p50"": 114.0, ""d0_flow_buy_days5_p70"": 4.0, ""d0_trend_eff5_p50"": 0.5314861460957175, ""d0_close_progress3_p50"": 5.966850828729298, ""d1_market_excess_p70"": 0.033209940654632675, ""d1_rs_change_p40"": 0.04062997403032401, ""d1_rank_change_p40"": -22.4, ""d1_flow_p50"": 4943366.0, ""d1_close_location_p30"": 0.43671497584541175, ""d1_upper_shadow_p70"": 0.23815384615384746, ""d3_rs_change_p40"": -2.0465804520160695, ""d3_rank_change_p40"": -73.39999999999999, ""d3_flow_acceleration_p50"": -16293412.410000004, ""d3_trend_eff_p50"": 0.8554216867469907, ""d3_max_drawdown_p30"": -2.645937542246859}"
9940,信義,2026-06-23,2026-06-23,A,RANGE_NORMAL,VOLATILE_RANGE,NORMAL,True,0,0,4.0,2.0,,,0,,False,False,59.523809523809526,49.24187725631769,55.788712011577424,59.53757225433526,52.42227042660882,1.2450325040773673,-0.0027525461051467913,0.7101539097200706,3,1.247785050182514,-10.795493814361741,0.5691579788784762,-6.416367899307273,-5.5385181610373095,-0.5029256060183784,-0.8963306088334622,-0.0835046248715332,3,4,7,3323474.0,7310311.749999999,-343451.2000000002,5233671.749999999,-1520013.4000000004,7653762.949999999,0.2043455261291435,3575464.014797414,4,0,0,0,0,1.0,0.21212121212121315,0.014084507042253747,-4.938271604938271,-4.938271604938271,0.614760340119016,1,1,0.2574786324786321,0.41163003663003706,0.26388888888888634,1,-0.773195876288657,-3.749999999999998,-1.7857142857142905,-0.2590673575129543,0.603162305720372,1.182631870145521,1.080480286936427,3,-1.6527041791548742,0,0,-3.749999999999998,-1.7857142857142905,58.9,105.0,0.13333333333333333,288.0,,105,True,False,False,False,A,1,,,UNAVAILABLE_IN_FROZEN_TOP120,19.25,2.0779220779220786,NEUTRAL,2026-07-07,MATURED,2026-06-23,2026-06-23,True,RECONSTRUCTED_NOT_PRODUCTION_EXACT,VALIDATION,True,False,False,1,True,False,False,False,False,DAY0_NO_POSITIVE_STRUCTURE,"{""d0_fresh_rs_p40"": 1.0, ""d0_fresh_volume_p40"": 3.0, ""d0_rs_slope5_p70"": 6.708057106025629, ""d0_rank_change3_p50"": 114.0, ""d0_flow_buy_days5_p70"": 4.0, ""d0_trend_eff5_p50"": 0.5314861460957175, ""d0_close_progress3_p50"": 5.966850828729298, ""d1_market_excess_p70"": 0.033209940654632675, ""d1_rs_change_p40"": 0.04062997403032401, ""d1_rank_change_p40"": -22.4, ""d1_flow_p50"": 4943366.0, ""d1_close_location_p30"": 0.43671497584541175, ""d1_upper_shadow_p70"": 0.23815384615384746, ""d3_rs_change_p40"": -2.0465804520160695, ""d3_rank_change_p40"": -73.39999999999999, ""d3_flow_acceleration_p50"": -16293412.410000004, ""d3_trend_eff_p50"": 0.8554216867469907, ""d3_max_drawdown_p30"": -2.645937542246859}"
8046,南電,2026-06-23,2026-06-23,A,RANGE_NORMAL,VOLATILE_RANGE,NORMAL,True,0,0,,0.0,,,0,,False,False,55.699855699855696,9.097472924187725,57.7424023154848,66.11271676300578,11.85827910339841,-0.6808488718763689,-2.0825722126300166,4.384157659645728,2,1.4017233407536476,-20.38710082188343,6.55068718850046,0.04549650747238676,1.9448705432816293,9.224397590361434,1.9996136945289456,5.003229974160206,1,2,6,11514326634.0,6011857494.0,1742054215.0,5261123449.0,9238475895.0,4269803279.0,0.3872627409584209,4239096497.7570925,2,3,0,1,1,0.36363636363636365,0.392,0.21195652173913043,-4.212860310421284,-11.706783369803064,0.3282967929288848,2,2,0.19337606837606836,0.29711216014032915,0.3910537561853351,0,5.208333333333326,2.7118644067796627,5.697674418604648,9.386281588447654,1.9441701288980513,1.3676336382240817,1.19815257463638,1,4.755383028187208,0,0,2.7118644067796627,5.697674418604648,58.5,108.0,0.10833333333333334,485.0,20.0,108,True,False,False,False,A,1,,,UNAVAILABLE_IN_FROZEN_TOP120,909.0,13.311331133113312,WINNER,2026-07-07,MATURED,2026-06-23,2026-06-23,True,RECONSTRUCTED_NOT_PRODUCTION_EXACT,VALIDATION,True,False,False,1,True,False,False,False,False,DAY0_NO_POSITIVE_STRUCTURE,"{""d0_fresh_rs_p40"": 1.0, ""d0_fresh_volume_p40"": 3.0, ""d0_rs_slope5_p70"": 6.708057106025629, ""d0_rank_change3_p50"": 114.0, ""d0_flow_buy_days5_p70"": 4.0, ""d0_trend_eff5_p50"": 0.5314861460957175, ""d0_close_progress3_p50"": 5.966850828729298, ""d1_market_excess_p70"": 0.033209940654632675, ""d1_rs_change_p40"": 0.04062997403032401, ""d1_rank_change_p40"": -22.4, ""d1_flow_p50"": 4943366.0, ""d1_close_location_p30"": 0.43671497584541175, ""d1_upper_shadow_p70"": 0.23815384615384746, ""d3_rs_change_p40"": -2.0465804520160695, ""d3_rank_change_p40"": -73.39999999999999, ""d3_flow_acceleration_p50"": -16293412.410000004, ""d3_trend_eff_p50"": 0.8554216867469907, ""d3_max_drawdown_p30"": -2.645937542246859}"
9930,中聯資源,2026-06-23,2026-06-23,A,RANGE_NORMAL,VOLATILE_RANGE,NORMAL,True,0,0,0.0,1.0,,,0,,False,False,59.884559884559884,47.72563176895307,41.67872648335745,40.679190751445084,36.80404916847433,6.068611133734144,3.84107382662296,2.3080510716085554,4,2.2275373071111844,0.0,1.7721532821012187,-2.380244866403136,-3.323004448388933,0.37027561741027615,-0.5382746832913732,0.7695325010374121,2,3,7,6513201.299999999,4489801.299999999,2486115.1,4640059.3999999985,9783921.899999999,2003686.1999999988,0.3077472210039789,2549094.521150573,3,0,0,1,1,0.33333333333331755,0.4285714285714228,0.5384615384615393,-0.28571428571428914,-0.5772005772005651,0.0,2,3,0.7936507936507899,0.8361904761904734,0.11111111111111376,0,0.42979942693408546,0.28612303290413976,0.42979942693408546,2.0378457059679667,3.2185217114902325,1.9598647085849743,1.556532117397151,2,0.27612628234925246,1,0,0.28612303290413976,0.42979942693408546,58.1,111.0,0.08333333333333333,232.0,,111,True,False,False,False,A,1,,,UNAVAILABLE_IN_FROZEN_TOP120,70.1,-9.985734664764612,LOSER,2026-07-07,MATURED,2026-06-23,2026-06-23,True,RECONSTRUCTED_NOT_PRODUCTION_EXACT,VALIDATION,True,False,False,1,True,False,False,False,False,DAY0_NO_POSITIVE_STRUCTURE,"{""d0_fresh_rs_p40"": 1.0, ""d0_fresh_volume_p40"": 3.0, ""d0_rs_slope5_p70"": 6.708057106025629, ""d0_rank_change3_p50"": 114.0, ""d0_flow_buy_days5_p70"": 4.0, ""d0_trend_eff5_p50"": 0.5314861460957175, ""d0_close_progress3_p50"": 5.966850828729298, ""d1_market_excess_p70"": 0.033209940654632675, ""d1_rs_change_p40"": 0.04062997403032401, ""d1_rank_change_p40"": -22.4, ""d1_flow_p50"": 4943366.0, ""d1_close_location_p30"": 0.43671497584541175, ""d1_upper_shadow_p70"": 0.23815384615384746, ""d3_rs_change_p40"": -2.0465804520160695, ""d3_rank_change_p40"": -73.39999999999999, ""d3_flow_acceleration_p50"": -16293412.410000004, ""d3_trend_eff_p50"": 0.8554216867469907, ""d3_max_drawdown_p30"": -2.645937542246859}"
1437,勤益控,2026-06-23,2026-06-23,A,RANGE_NORMAL,VOLATILE_RANGE,NORMAL,True,0,0,1.0,16.0,,,0,,False,False,70.99567099567099,53.501805054151625,46.164978292329955,54.04624277456647,42.73318872017354,8.276897567780345,3.3898856442209038,2.8262482275497454,3,4.887011923559442,0.0,2.3507572165116675,-0.9743205219807205,-2.574352696871829,1.3568354170936603,0.0,0.0,2,3,5,661520.7000000001,784120.7000000001,-498960.0,784120.7000000001,-733572.6999999998,1283080.7000000002,0.2519976742458553,602394.6361336164,3,0,0,1,1,1.0,0.5384615384615419,0.8333333333333347,-0.5050505050504972,-0.5050505050504972,0.0,1,2,0.5037037037037059,0.40222222222222354,0.31851851851851715,2,1.0084033613445342,1.6920473773265554,1.1784511784511897,5.25394045534151,1.0854888984089937,0.9040757537707,0.6997852067422038,0,1.6840184203626976,0,1,1.6920473773265554,1.1784511784511897,58.0,113.0,0.075,254.0,,113,True,False,False,False,A,1,,,UNAVAILABLE_IN_FROZEN_TOP120,30.05,2.4958402662229595,NEUTRAL,2026-07-07,MATURED,2026-06-23,2026-06-23,True,RECONSTRUCTED_NOT_PRODUCTION_EXACT,VALIDATION,False,False,False,0,True,False,False,False,False,DAY0_NO_POSITIVE_STRUCTURE,"{""d0_fresh_rs_p40"": 1.0, ""d0_fresh_volume_p40"": 3.0, ""d0_rs_slope5_p70"": 6.708057106025629, ""d0_rank_change3_p50"": 114.0, ""d0_flow_buy_days5_p70"": 4.0, ""d0_trend_eff5_p50"": 0.5314861460957175, ""d0_close_progress3_p50"": 5.966850828729298, ""d1_market_excess_p70"": 0.033209940654632675, ""d1_rs_change_p40"": 0.04062997403032401, ""d1_rank_change_p40"": -22.4, ""d1_flow_p50"": 4943366.0, ""d1_close_location_p30"": 0.43671497584541175, ""d1_upper_shadow_p70"": 0.23815384615384746, ""d3_rs_change_p40"": -2.0465804520160695, ""d3_rank_change_p40"": -73.39999999999999, ""d3_flow_acceleration_p50"": -16293412.410000004, ""d3_trend_eff_p50"": 0.8554216867469907, ""d3_max_drawdown_p30"": -2.645937542246859}"
3712,永崴投控,2026-06-23,2026-06-23,A,RANGE_NORMAL,VOLATILE_RANGE,NORMAL,True,0,0,,16.0,0.0,,0,,False,False,84.34343434343434,76.82310469314079,85.09406657018813,82.51445086705202,9.255242227042661,-0.25021074225126466,0.36579669527646386,7.508819211639168,2,-0.6160074375277285,-0.7506322267537939,0.7883372346685125,-2.387038290368726,-3.7528038753230186,0.33166518368253906,0.27932960893854997,0.1158748551564337,3,4,7,666609.1499999999,5278634.5,8491864.0,6422235.199999999,14965165.35,-3213229.5,0.3116584202752155,2748277.013738762,4,0,0,0,0,0.0666666666666673,0.0,0.0967741935483874,-1.6713091922005652,-6.77506775067751,0.3964947831613427,4,2,0.3354978354978348,0.2922077922077917,0.25162337662337825,0,-0.5540166204986208,0.27932960893854997,0.0,-1.6438356164383605,0.48069637111949093,0.5217282736147378,0.5438165783139811,0,0.0,0,0,0.27932960893854997,0.0,57.0,117.0,0.03333333333333333,,,117,True,False,False,False,A,1,,,UNAVAILABLE_IN_FROZEN_TOP120,17.95,-2.228412256267398,NEUTRAL,2026-07-07,MATURED,2026-06-23,2026-06-23,True,RECONSTRUCTED_NOT_PRODUCTION_EXACT,VALIDATION,True,False,False,1,True,False,False,False,False,DAY0_NO_POSITIVE_STRUCTURE,"{""d0_fresh_rs_p40"": 1.0, ""d0_fresh_volume_p40"": 3.0, ""d0_rs_slope5_p70"": 6.708057106025629, ""d0_rank_change3_p50"": 114.0, ""d0_flow_buy_days5_p70"": 4.0, ""d0_trend_eff5_p50"": 0.5314861460957175, ""d0_close_progress3_p50"": 5.966850828729298, ""d1_market_excess_p70"": 0.033209940654632675, ""d1_rs_change_p40"": 0.04062997403032401, ""d1_rank_change_p40"": -22.4, ""d1_flow_p50"": 4943366.0, ""d1_close_location_p30"": 0.43671497584541175, ""d1_upper_shadow_p70"": 0.23815384615384746, ""d3_rs_change_p40"": -2.0465804520160695, ""d3_rank_change_p40"": -73.39999999999999, ""d3_flow_acceleration_p50"": -16293412.410000004, ""d3_trend_eff_p50"": 0.8554216867469907, ""d3_max_drawdown_p30"": -2.645937542246859}"
1535,中宇,2026-06-23,2026-06-23,A,RANGE_NORMAL,VOLATILE_RANGE,NORMAL,True,0,0,12.0,1.0,,,0,,False,True,53.67965367965368,40.505415162454874,32.41678726483357,36.63294797687861,40.3470715835141,7.08762213827337,3.4093411405550142,1.3332582096139582,3,3.678280997718356,0.0,0.7459323839941745,-2.666367899307276,-4.5464546689738095,0.5597405696579072,0.6349206349206327,-0.05714315927870528,3,4,5,500000.0,6534164.0,1219665.0,7083458.6,-2735671.0,5314499.0,0.34634049027611663,2644345.345269737,4,0,0,0,0,0.0,0.3333333333333333,0.17647058823529543,-0.7936507936507908,-0.7936507936507908,0.1984124031695441,2,1,0.6833333333333339,0.6600000000000004,0.06666666666666761,0,-0.5964214711729587,0.0,-0.7936507936507908,0.908173562058523,0.6185562836692613,0.9359267436044149,0.7330641591726134,1,-1.082648474516282,0,0,0.0,-0.7936507936507908,56.7,118.0,0.025,,45.0,118,True,False,False,False,A,1,,,UNAVAILABLE_IN_FROZEN_TOP120,50.0,0.2000000000000001,NEUTRAL,2026-07-07,MATURED,2026-06-23,2026-06-23,True,RECONSTRUCTED_NOT_PRODUCTION_EXACT,VALIDATION,True,False,False,1,True,False,False,False,False,DAY0_NO_POSITIVE_STRUCTURE,"{""d0_fresh_rs_p40"": 1.0, ""d0_fresh_volume_p40"": 3.0, ""d0_rs_slope5_p70"": 6.708057106025629, ""d0_rank_change3_p50"": 114.0, ""d0_flow_buy_days5_p70"": 4.0, ""d0_trend_eff5_p50"": 0.5314861460957175, ""d0_close_progress3_p50"": 5.966850828729298, ""d1_market_excess_p70"": 0.033209940654632675, ""d1_rs_change_p40"": 0.04062997403032401, ""d1_rank_change_p40"": -22.4, ""d1_flow_p50"": 4943366.0, ""d1_close_location_p30"": 0.43671497584541175, ""d1_upper_shadow_p70"": 0.23815384615384746, ""d3_rs_change_p40"": -2.0465804520160695, ""d3_rank_change_p40"": -73.39999999999999, ""d3_flow_acceleration_p50"": -16293412.410000004, ""d3_trend_eff_p50"": 0.8554216867469907, ""d3_max_drawdown_p30"": -2.645937542246859}"
3588,通嘉,2026-06-24,2026-06-24,A,RANGE_NORMAL,VOLATILE_RANGE,NORMAL,True,0,0,2.0,2.0,0.0,,0,,False,False,88.88888888888889,71.21212121212122,14.10998552821997,15.942028985507246,8.447653429602887,24.926301120222973,14.589371980676328,8.0441235459286,4,10.336929139546646,0.0,12.244236544506304,26.777992478659375,30.576373351571128,10.418410041841009,24.09549883717508,23.22483503830657,2,4,6,-4956497.700000005,67062443.39999999,7560960.700000001,76422183.39999999,80436200.8,59501482.69999999,0.40881663070577673,15368701.308463994,4,0,0,0,0,1.0,0.9890109890109888,0.6632302405498279,-0.17271157167529916,-5.830388692579513,0.0,1,4,0.7886178861788619,0.6825352802022998,0.21138211382113803,1,10.000000000000009,25.87064676616917,31.088082901554426,34.09893992932862,3.8051898744143005,4.058654611770587,2.6047191884646703,3,11.935291542839607,1,0,25.87064676616917,31.088082901554426,70.1,45.0,0.6333333333333333,79.0,,45,False,False,True,False,C,1,,,UNAVAILABLE_IN_FROZEN_TOP120,75.9,-10.408432147562586,LOSER,2026-07-08,MATURED,2026-06-24,2026-06-24,True,RECONSTRUCTED_NOT_PRODUCTION_EXACT,VALIDATION,True,True,False,2,True,True,True,True,True,WATCH_CANDIDATE_SHADOW,"{""d0_fresh_rs_p40"": 1.0, ""d0_fresh_volume_p40"": 3.0, ""d0_rs_slope5_p70"": 6.708057106025629, ""d0_rank_change3_p50"": 114.0, ""d0_flow_buy_days5_p70"": 4.0, ""d0_trend_eff5_p50"": 0.5314861460957175, ""d0_close_progress3_p50"": 5.966850828729298, ""d1_market_excess_p70"": 0.033209940654632675, ""d1_rs_change_p40"": 0.04062997403032401, ""d1_rank_change_p40"": -22.4, ""d1_flow_p50"": 4943366.0, ""d1_close_location_p30"": 0.43671497584541175, ""d1_upper_shadow_p70"": 0.23815384615384746, ""d3_rs_change_p40"": -2.0465804520160695, ""d3_rank_change_p40"": -73.39999999999999, ""d3_flow_acceleration_p50"": -16293412.410000004, ""d3_trend_eff_p50"": 0.8554216867469907, ""d3_max_drawdown_p30"": -2.645937542246859}"
1216,統一,2026-06-24,2026-06-24,A,RANGE_NORMAL,VOLATILE_RANGE,NORMAL,True,0,0,7.0,3.0,,,0,,False,False,69.76911976911977,67.8932178932179,39.21852387843705,30.869565217391305,47.65342960288809,10.183531963560908,7.779910910345693,2.211569016623168,4,2.4036210532152147,0.0,2.244236544506295,1.712714840006968,-1.1730852113589596,0.0,0.8912797804377259,-0.6613756613756627,3,3,6,192116088.70000005,324591980.3000001,-434725795.09999996,-84386647.19999993,1134749055.5,759317775.4000001,0.2760170480300674,253506056.56461847,0,4,0,0,0,0.5999999999999943,0.17241379310344793,0.1612903225806447,-2.2368421052631593,-2.875816993464053,0.852613917343692,2,2,0.561111111111106,0.5366666666666636,0.21666666666667003,0,0.0,0.805369127516764,-0.6613756613756627,1.3495276653171295,1.0733251380597342,0.9512726734026864,1.0066174208464747,1,-0.6570278317054212,0,0,0.805369127516764,-0.6613756613756627,64.7,74.0,0.39166666666666666,,,74,True,False,False,False,A,1,,,UNAVAILABLE_IN_FROZEN_TOP120,75.1,4.6604527296937315,NEUTRAL,2026-07-08,MATURED,2026-06-24,2026-06-24,True,RECONSTRUCTED_NOT_PRODUCTION_EXACT,VALIDATION,True,True,False,2,False,False,True,False,False,WATCH_CANDIDATE_SHADOW,"{""d0_fresh_rs_p40"": 1.0, ""d0_fresh_volume_p40"": 3.0, ""d0_rs_slope5_p70"": 6.708057106025629, ""d0_rank_change3_p50"": 114.0, ""d0_flow_buy_days5_p70"": 4.0, ""d0_trend_eff5_p50"": 0.5314861460957175, ""d0_close_progress3_p50"": 5.966850828729298, ""d1_market_excess_p70"": 0.033209940654632675, ""d1_rs_change_p40"": 0.04062997403032401, ""d1_rank_change_p40"": -22.4, ""d1_flow_p50"": 4943366.0, ""d1_close_location_p30"": 0.43671497584541175, ""d1_upper_shadow_p70"": 0.23815384615384746, ""d3_rs_change_p40"": -2.0465804520160695, ""d3_rank_change_p40"": -73.39999999999999, ""d3_flow_acceleration_p50"": -16293412.410000004, ""d3_trend_eff_p50"": 0.8554216867469907, ""d3_max_drawdown_p30"": -2.645937542246859}"
1310,台苯,2026-06-24,2026-06-24,A,RANGE_NORMAL,VOLATILE_RANGE,NORMAL,True,0,0,2.0,4.0,3.0,,0,,False,False,94.58874458874459,92.35209235209236,81.83791606367583,58.69565217391305,52.707581227436826,4.250276175022918,7.178618482966309,4.1881163361307765,4,-2.9283423079433906,0.0,4.299735002882454,8.142766878796891,16.311819861781405,1.3658432859623648,7.000127048659621,15.785467128027685,1,1,4,-6660160.230000001,35520621.07,-12222059.409999996,19145623.160000008,33137614.04000001,47742680.48,0.5077435868144125,15876262.24254989,1,0,0,0,0,0.44370860927152317,0.6299559471365639,0.4357142857142852,-4.137931034482756,-4.137931034482756,0.0,2,4,0.6261437908496736,0.597705909853423,0.19248366013071927,4,2.0554984583761593,7.235421166306688,16.823529411764703,14.0068886337543,1.2415864502192253,2.167701305666987,1.8679490643680263,5,9.006417644185882,0,0,7.235421166306688,16.823529411764703,64.6,75.0,0.38333333333333336,,,75,True,False,False,False,A,1,,,UNAVAILABLE_IN_FROZEN_TOP120,9.93,11.278952668680777,NEUTRAL,2026-07-08,MATURED,2026-06-24,2026-06-24,True,RECONSTRUCTED_NOT_PRODUCTION_EXACT,VALIDATION,False,True,False,1,False,True,False,False,False,DAY0_NO_POSITIVE_STRUCTURE,"{""d0_fresh_rs_p40"": 1.0, ""d0_fresh_volume_p40"": 3.0, ""d0_rs_slope5_p70"": 6.708057106025629, ""d0_rank_change3_p50"": 114.0, ""d0_flow_buy_days5_p70"": 4.0, ""d0_trend_eff5_p50"": 0.5314861460957175, ""d0_close_progress3_p50"": 5.966850828729298, ""d1_market_excess_p70"": 0.033209940654632675, ""d1_rs_change_p40"": 0.04062997403032401, ""d1_rank_change_p40"": -22.4, ""d1_flow_p50"": 4943366.0, ""d1_close_location_p30"": 0.43671497584541175, ""d1_upper_shadow_p70"": 0.23815384615384746, ""d3_rs_change_p40"": -2.0465804520160695, ""d3_rank_change_p40"": -73.39999999999999, ""d3_flow_acceleration_p50"": -16293412.410000004, ""d3_trend_eff_p50"": 0.8554216867469907, ""d3_max_drawdown_p30"": -2.645937542246859}"
1236,宏亞,2026-06-24,2026-06-24,A,RANGE_NORMAL,VOLATILE_RANGE,NORMAL,True,0,0,4.0,6.0,,,0,,False,False,71.64502164502164,70.27417027417027,68.95803183791607,62.608695652173914,50.324909747292416,0.8956632690351919,1.8072651985695458,2.1320111897729226,4,-0.9116019295343539,0.0,2.050812946827374,0.907345712490204,0.46676403123000476,-0.19342359767892114,0.0859106529209619,0.9784735812133016,2,4,8,103200.0,291905.0,486700.0,472005.0,457158.6,-194795.0,0.33938138399677886,214024.22253814264,5,0,0,0,0,0.0,0.7142857142857114,0.3333333333333333,-0.19342359767892114,-0.5836575875486361,0.0,1,3,0.7301587301587378,0.6920634920634977,0.26984126984126217,0,-0.19342359767892114,0.0,0.9784735812133016,0.78125,0.41606417050261646,0.7657743508578578,1.2742327755151084,3,0.7678923349132609,0,0,0.0,0.9784735812133016,64.2,77.0,0.36666666666666664,,,77,True,False,False,False,A,1,,,UNAVAILABLE_IN_FROZEN_TOP120,25.8,1.9379844961240345,NEUTRAL,2026-07-08,MATURED,2026-06-24,2026-06-24,True,RECONSTRUCTED_NOT_PRODUCTION_EXACT,VALIDATION,False,False,False,0,True,False,False,False,False,DAY0_NO_POSITIVE_STRUCTURE,"{""d0_fresh_rs_p40"": 1.0, ""d0_fresh_volume_p40"": 3.0, ""d0_rs_slope5_p70"": 6.708057106025629, ""d0_rank_change3_p50"": 114.0, ""d0_flow_buy_days5_p70"": 4.0, ""d0_trend_eff5_p50"": 0.5314861460957175, ""d0_close_progress3_p50"": 5.966850828729298, ""d1_market_excess_p70"": 0.033209940654632675, ""d1_rs_change_p40"": 0.04062997403032401, ""d1_rank_change_p40"": -22.4, ""d1_flow_p50"": 4943366.0, ""d1_close_location_p30"": 0.43671497584541175, ""d1_upper_shadow_p70"": 0.23815384615384746, ""d3_rs_change_p40"": -2.0465804520160695, ""d3_rank_change_p40"": -73.39999999999999, ""d3_flow_acceleration_p50"": -16293412.410000004, ""d3_trend_eff_p50"": 0.8554216867469907, ""d3_max_drawdown_p30"": -2.645937542246859}"
6909,創控,2026-06-24,2026-06-24,A,RANGE_NORMAL,VOLATILE_RANGE,NORMAL,True,0,0,2.0,1.0,1.0,,0,,False,False,79.79797979797979,85.06493506493507,12.301013024602026,6.449275362318841,1.8050541516245486,22.498988924459255,14.669740887132189,7.7992925646355244,3,7.829248037327066,-5.266955266955279,0.6155720493922878,19.571392863767212,29.941854164919523,-1.2102544532730075,16.888899222282916,22.590315851654964,2,3,6,55032614.4,51867646.0,-7460842.0,51735168.0,60692287.2,59328488.0,0.5237117497130694,17770200.67583575,2,0,0,0,0,0.8260869565217391,0.8757763975155279,0.5409181636726547,-1.6286644951140072,-7.257203842049087,0.0,1,3,0.4874999999999998,0.6791666666666657,0.5125000000000002,2,-1.6286644951140072,18.664047151277007,30.45356371490282,28.922091782283886,13.607825549973589,5.664661044997059,3.6062403617289807,2,8.44468495169915,0,0,18.664047151277007,30.45356371490282,62.8,82.0,0.325,64.0,,82,False,False,True,False,C,1,,,UNAVAILABLE_IN_FROZEN_TOP120,60.4,-12.74834437086092,LOSER,2026-07-08,MATURED,2026-06-24,2026-06-24,True,RECONSTRUCTED_NOT_PRODUCTION_EXACT,VALIDATION,True,True,False,2,False,True,True,False,False,WATCH_CANDIDATE_SHADOW,"{""d0_fresh_rs_p40"": 1.0, ""d0_fresh_volume_p40"": 3.0, ""d0_rs_slope5_p70"": 6.708057106025629, ""d0_rank_change3_p50"": 114.0, ""d0_flow_buy_days5_p70"": 4.0, ""d0_trend_eff5_p50"": 0.5314861460957175, ""d0_close_progress3_p50"": 5.966850828729298, ""d1_market_excess_p70"": 0.033209940654632675, ""d1_rs_change_p40"": 0.04062997403032401, ""d1_rank_change_p40"": -22.4, ""d1_flow_p50"": 4943366.0, ""d1_close_location_p30"": 0.43671497584541175, ""d1_upper_shadow_p70"": 0.23815384615384746, ""d3_rs_change_p40"": -2.0465804520160695, ""d3_rank_change_p40"": -73.39999999999999, ""d3_flow_acceleration_p50"": -16293412.410000004, ""d3_trend_eff_p50"": 0.8554216867469907, ""d3_max_drawdown_p30"": -2.645937542246859}"
4169,泰宗,2026-06-24,2026-06-24,A,RANGE_NORMAL,VOLATILE_RANGE,NORMAL,True,0,0,3.0,3.0,2.0,,0,,False,False,93.79509379509379,89.32178932178932,61.93921852387844,34.20289855072464,21.949458483754512,10.618625090405118,11.91843904887383,7.184563531133928,4,-1.2998139584687127,0.0,6.851282614966991,15.788298093442577,26.045667499197034,4.377755280698703,15.90107842887437,26.910482934450613,1,2,5,16690254.0,9529440.0,-6416448.0,367992.0,6297017.0,15945888.0,0.2854091568705754,7710088.262461427,4,0,0,1,1,1.0,1.0,0.8958333333333334,0.0,-0.9771986970684043,0.0,0,4,0.5555555555555555,0.6333333333333333,0.2349206349206349,4,4.607046070460696,14.880952380952372,26.55737704918033,28.666666666666664,2.765311882069695,3.3310296010515477,2.609885228333812,4,10.175687712572303,1,0,14.880952380952372,26.55737704918033,61.8,85.0,0.3,111.0,,85,True,False,True,False,AC,2,,,PRODUCTION_FINAL_WATCH_SNAPSHOT,193.0,44.55958549222798,WINNER,2026-07-08,MATURED,2026-06-24,2026-06-24,True,RECONSTRUCTED_NOT_PRODUCTION_EXACT,VALIDATION,True,True,False,2,True,True,True,True,True,WATCH_CANDIDATE_SHADOW,"{""d0_fresh_rs_p40"": 1.0, ""d0_fresh_volume_p40"": 3.0, ""d0_rs_slope5_p70"": 6.708057106025629, ""d0_rank_change3_p50"": 114.0, ""d0_flow_buy_days5_p70"": 4.0, ""d0_trend_eff5_p50"": 0.5314861460957175, ""d0_close_progress3_p50"": 5.966850828729298, ""d1_market_excess_p70"": 0.033209940654632675, ""d1_rs_change_p40"": 0.04062997403032401, ""d1_rank_change_p40"": -22.4, ""d1_flow_p50"": 4943366.0, ""d1_close_location_p30"": 0.43671497584541175, ""d1_upper_shadow_p70"": 0.23815384615384746, ""d3_rs_change_p40"": -2.0465804520160695, ""d3_rank_change_p40"": -73.39999999999999, ""d3_flow_acceleration_p50"": -16293412.410000004, ""d3_trend_eff_p50"": 0.8554216867469907, ""d3_max_drawdown_p30"": -2.645937542246859}"
2539,櫻花建,2026-06-24,2026-06-24,A,RANGE_NORMAL,VOLATILE_RANGE,NORMAL,True,0,0,4.0,9.0,0.0,,0,,False,False,85.4978354978355,68.61471861471861,50.72358900144718,35.79710144927536,15.52346570397112,11.591415498796104,9.940146809712028,6.997436979386438,4,1.6512686890840769,0.0,3.4085314992281734,-1.2203138619778842,0.0024292674974280004,1.1642949547218784,0.4889984025913505,2.238476977288589,2,3,5,10445174.0,-10251012.05,7510279.399999993,-10603784.150000006,-14049889.250000011,-17761291.449999996,0.23599494290521406,12426751.221599558,3,1,0,1,1,0.48571428571428454,0.07142857142857216,0.36065573770491716,-3.2540675844806133,-3.2540675844806133,0.0,2,3,0.475930735930735,0.6167272727272716,0.2145454545454557,0,1.1642949547218784,-2.127659574468088,0.5141388174807249,5.962059620596216,0.4219599848449412,0.5616867906997309,0.5735154578291259,0,0.8964689799763134,0,0,-2.127659574468088,0.5141388174807249,61.3,86.0,0.2916666666666667,,,86,False,False,True,False,C,1,,,UNAVAILABLE_IN_FROZEN_TOP120,39.1,0.127877237851659,NEUTRAL,2026-07-08,MATURED,2026-06-24,2026-06-24,True,RECONSTRUCTED_NOT_PRODUCTION_EXACT,VALIDATION,True,True,False,2,True,False,True,True,False,WATCH_CANDIDATE_SHADOW,"{""d0_fresh_rs_p40"": 1.0, ""d0_fresh_volume_p40"": 3.0, ""d0_rs_slope5_p70"": 6.708057106025629, ""d0_rank_change3_p50"": 114.0, ""d0_flow_buy_days5_p70"": 4.0, ""d0_trend_eff5_p50"": 0.5314861460957175, ""d0_close_progress3_p50"": 5.966850828729298, ""d1_market_excess_p70"": 0.033209940654632675, ""d1_rs_change_p40"": 0.04062997403032401, ""d1_rank_change_p40"": -22.4, ""d1_flow_p50"": 4943366.0, ""d1_close_location_p30"": 0.43671497584541175, ""d1_upper_shadow_p70"": 0.23815384615384746, ""d3_rs_change_p40"": -2.0465804520160695, ""d3_rank_change_p40"": -73.39999999999999, ""d3_flow_acceleration_p50"": -16293412.410000004, ""d3_trend_eff_p50"": 0.8554216867469907, ""d3_max_drawdown_p30"": -2.645937542246859}"
1315,達新,2026-06-24,2026-06-24,A,RANGE_NORMAL,VOLATILE_RANGE,NORMAL,True,0,0,15.0,1.0,,,0,,False,True,55.62770562770563,53.75180375180375,40.88277858176556,29.420289855072465,38.411552346570396,4.9149756819800245,5.241483154526633,1.7216153281135234,5,-0.3265074725466084,0.0,2.0839801342498854,0.907345712490204,0.7891034581467782,-0.1602564102564097,0.8498132154749316,1.6586983660154264,2,2,6,124600.0,251000.0,-375000.0,-493000.0,430100.0,626000.0,0.16759088108441159,472357.0057700002,2,0,0,0,0,0.0,0.6666666666666706,0.4444444444444471,-0.16051364365969878,-0.4878048780487809,0.00012861670164454608,3,3,0.38461538461538364,0.5688644688644693,0.3621794871794886,1,-0.1602564102564097,0.0,1.300813008130075,1.300813008130075,0.17829995894928205,0.7160267716843275,1.195586371161645,2,1.088012576511884,0,0,0.0,1.300813008130075,59.2,96.0,0.20833333333333334,45.0,205.0,96,True,False,False,False,A,1,,,UNAVAILABLE_IN_FROZEN_TOP120,62.3,2.4077046548956593,NEUTRAL,2026-07-08,MATURED,2026-06-24,2026-06-24,True,RECONSTRUCTED_NOT_PRODUCTION_EXACT,VALIDATION,True,False,True,2,False,False,True,False,False,WATCH_CANDIDATE_SHADOW,"{""d0_fresh_rs_p40"": 1.0, ""d0_fresh_volume_p40"": 3.0, ""d0_rs_slope5_p70"": 6.708057106025629, ""d0_rank_change3_p50"": 114.0, ""d0_flow_buy_days5_p70"": 4.0, ""d0_trend_eff5_p50"": 0.5314861460957175, ""d0_close_progress3_p50"": 5.966850828729298, ""d1_market_excess_p70"": 0.033209940654632675, ""d1_rs_change_p40"": 0.04062997403032401, ""d1_rank_change_p40"": -22.4, ""d1_flow_p50"": 4943366.0, ""d1_close_location_p30"": 0.43671497584541175, ""d1_upper_shadow_p70"": 0.23815384615384746, ""d3_rs_change_p40"": -2.0465804520160695, ""d3_rank_change_p40"": -73.39999999999999, ""d3_flow_acceleration_p50"": -16293412.410000004, ""d3_trend_eff_p50"": 0.8554216867469907, ""d3_max_drawdown_p30"": -2.645937542246859}"
1475,業旺,2026-06-24,2026-06-24,A,RANGE_NORMAL,VOLATILE_RANGE,NORMAL,True,0,0,4.0,10.0,,,0,,False,True,75.97402597402598,77.92207792207792,69.8986975397974,42.608695652173914,34.94584837545126,2.025109478076194,6.6730660643704125,4.102817759857471,3,-4.647956586294219,-1.9480519480519405,1.145335445605189,-0.5525083021083343,-0.32618079302597636,-1.098901098901106,-0.40117875903209477,0.6195336524572326,3,4,7,27000.0,517700.0,491650.0,874600.0,857582.0,26050.0,0.3011786637999734,233972.18870019572,4,0,0,0,0,0.36363636363636187,0.032258064516129475,0.0697674418604645,-1.6423357664233529,-1.6423357664233529,0.2717173337611234,3,3,0.41538461538461674,0.6151398601398604,0.2555555555555559,0,-1.098901098901106,-1.4598540145985384,0.18552875695732052,-0.5524861878453025,0.2982000644112139,0.5646451352966826,0.6810293071023303,0,0.27242404258153796,0,0,-1.4598540145985384,0.18552875695732052,58.9,100.0,0.19166666666666668,,112.0,100,True,False,False,False,A,1,,,UNAVAILABLE_IN_FROZEN_TOP120,27.0,0.7407407407407307,NEUTRAL,2026-07-08,MATURED,2026-06-24,2026-06-24,True,RECONSTRUCTED_NOT_PRODUCTION_EXACT,VALIDATION,False,False,False,0,True,False,False,False,False,DAY0_NO_POSITIVE_STRUCTURE,"{""d0_fresh_rs_p40"": 1.0, ""d0_fresh_volume_p40"": 3.0, ""d0_rs_slope5_p70"": 6.708057106025629, ""d0_rank_change3_p50"": 114.0, ""d0_flow_buy_days5_p70"": 4.0, ""d0_trend_eff5_p50"": 0.5314861460957175, ""d0_close_progress3_p50"": 5.966850828729298, ""d1_market_excess_p70"": 0.033209940654632675, ""d1_rs_change_p40"": 0.04062997403032401, ""d1_rank_change_p40"": -22.4, ""d1_flow_p50"": 4943366.0, ""d1_close_location_p30"": 0.43671497584541175, ""d1_upper_shadow_p70"": 0.23815384615384746, ""d3_rs_change_p40"": -2.0465804520160695, ""d3_rank_change_p40"": -73.39999999999999, ""d3_flow_acceleration_p50"": -16293412.410000004, ""d3_trend_eff_p50"": 0.8554216867469907, ""d3_max_drawdown_p30"": -2.645937542246859}"
1449,佳和,2026-06-24,2026-06-24,A,RANGE_NORMAL,VOLATILE_RANGE,NORMAL,True,0,0,11.0,1.0,2.0,,0,,False,True,92.78499278499278,91.991341991342,78.4370477568741,74.42028985507247,89.2418772563177,4.782648342706229,3.6729405859840627,0.3543115528675088,4,1.109707756722166,0.0,1.910903211172954,7.313039662668119,7.430528717164719,-0.33333333333334103,7.464369205744359,8.376243162647928,1,1,2,-1450254.65,-15241249.65,-1783147.9500000002,-16805844.599999998,-18006812.549999997,-13458101.7,0.347380022834931,6260917.746152572,1,0,0,1,0,0.8999999999999986,0.7857142857142853,0.34146341463414676,-0.7067137809187218,-15.290519877675845,0.1866902237926904,3,3,0.5377192982456126,0.5670760233918133,0.36228070175438715,1,-0.33333333333334103,6.405693950177915,7.942238267148016,-8.562691131498479,0.5070262352784595,0.8913897294236501,0.6695687186570899,1,11.861722398079234,0,0,6.405693950177915,7.942238267148016,58.9,101.0,0.19166666666666668,,172.0,101,True,False,False,False,A,1,,,UNAVAILABLE_IN_FROZEN_TOP120,14.95,-6.688963210702337,LOSER,2026-07-08,MATURED,2026-06-24,2026-06-24,True,RECONSTRUCTED_NOT_PRODUCTION_EXACT,VALIDATION,True,False,True,2,False,True,True,False,False,WATCH_CANDIDATE_SHADOW,"{""d0_fresh_rs_p40"": 1.0, ""d0_fresh_volume_p40"": 3.0, ""d0_rs_slope5_p70"": 6.708057106025629, ""d0_rank_change3_p50"": 114.0, ""d0_flow_buy_days5_p70"": 4.0, ""d0_trend_eff5_p50"": 0.5314861460957175, ""d0_close_progress3_p50"": 5.966850828729298, ""d1_market_excess_p70"": 0.033209940654632675, ""d1_rs_change_p40"": 0.04062997403032401, ""d1_rank_change_p40"": -22.4, ""d1_flow_p50"": 4943366.0, ""d1_close_location_p30"": 0.43671497584541175, ""d1_upper_shadow_p70"": 0.23815384615384746, ""d3_rs_change_p40"": -2.0465804520160695, ""d3_rank_change_p40"": -73.39999999999999, ""d3_flow_acceleration_p50"": -16293412.410000004, ""d3_trend_eff_p50"": 0.8554216867469907, ""d3_max_drawdown_p30"": -2.645937542246859}"
7799,禾榮科,2026-06-24,2026-06-24,A,RANGE_NORMAL,VOLATILE_RANGE,NORMAL,True,0,0,1.0,3.0,5.0,,0,,False,False,94.44444444444444,94.08369408369408,80.96960926193921,84.05797101449275,79.42238267148015,4.491611727501744,2.0772946859903385,1.5022061772964292,4,2.4143170415114055,0.0,-0.4648329490154923,14.995743502545444,15.662692700368329,-2.9383602832837807,15.108523837977238,16.527508135621908,2,3,3,-78146208.0,14268831.0,-47612126.0,429205.0,-83043650.0,61880957.0,0.2915583657284138,37042297.15488923,3,0,0,1,0,0.6891891891891891,0.7142857142857143,0.37404580152671757,-2.7090694935217874,-8.10439560439561,0.0,1,4,0.6312399355877617,0.5558868184955141,0.24283413848631238,3,-2.7090694935217874,14.08839779005524,16.174402250351626,13.461538461538458,3.8695384295589643,2.410378533980502,1.8004288826100185,4,8.983638513343644,0,0,14.08839779005524,16.174402250351626,58.7,102.0,0.15833333333333333,,,102,True,False,False,False,A,1,,,UNAVAILABLE_IN_FROZEN_TOP120,413.0,7.021791767554486,NEUTRAL,2026-07-08,MATURED,2026-06-24,2026-06-24,True,RECONSTRUCTED_NOT_PRODUCTION_EXACT,VALIDATION,True,False,False,1,False,True,False,False,False,DAY0_NO_POSITIVE_STRUCTURE,"{""d0_fresh_rs_p40"": 1.0, ""d0_fresh_volume_p40"": 3.0, ""d0_rs_slope5_p70"": 6.708057106025629, ""d0_rank_change3_p50"": 114.0, ""d0_flow_buy_days5_p70"": 4.0, ""d0_trend_eff5_p50"": 0.5314861460957175, ""d0_close_progress3_p50"": 5.966850828729298, ""d1_market_excess_p70"": 0.033209940654632675, ""d1_rs_change_p40"": 0.04062997403032401, ""d1_rank_change_p40"": -22.4, ""d1_flow_p50"": 4943366.0, ""d1_close_location_p30"": 0.43671497584541175, ""d1_upper_shadow_p70"": 0.23815384615384746, ""d3_rs_change_p40"": -2.0465804520160695, ""d3_rank_change_p40"": -73.39999999999999, ""d3_flow_acceleration_p50"": -16293412.410000004, ""d3_trend_eff_p50"": 0.8554216867469907, ""d3_max_drawdown_p30"": -2.645937542246859}"
4119,旭富,2026-06-24,2026-06-24,A,RANGE_NORMAL,VOLATILE_RANGE,NORMAL,True,0,0,0.0,10.0,,,0,,False,True,73.3044733044733,63.78066378066378,43.12590448625181,20.144927536231883,48.73646209386282,10.059522939407165,10.631909153648284,2.4568011210610488,4,-0.5723862142411189,0.0,4.674792100061853,1.020467884435905,4.59517881106184,1.8474651765468142,0.0,3.9591121774009475,2,3,4,2431006.5,1363710.1000000006,4792607.6,3902031.1000000006,-9613252.0,-3428897.499999999,0.2692626815002699,3357260.1303331307,3,0,0,1,1,0.01754385964912176,0.4343434343434332,0.21126760563380256,-3.167420814479649,-3.167420814479649,0.0,2,4,0.4111111111111119,0.5285714285714291,0.2555555555555547,0,2.430555555555558,0.11312217194570096,5.1068883610451365,3.5087719298245723,0.5094928970009559,0.7238056068117649,0.7830563182232497,0,6.521738273733154,0,1,0.11312217194570096,5.1068883610451365,58.7,103.0,0.15833333333333333,,258.0,103,False,False,True,False,C,1,,,UNAVAILABLE_IN_FROZEN_TOP120,44.25,1.1299435028248483,NEUTRAL,2026-07-08,MATURED,2026-06-24,2026-06-24,True,RECONSTRUCTED_NOT_PRODUCTION_EXACT,VALIDATION,False,True,True,2,True,False,True,True,False,WATCH_CANDIDATE_SHADOW,"{""d0_fresh_rs_p40"": 1.0, ""d0_fresh_volume_p40"": 3.0, ""d0_rs_slope5_p70"": 6.708057106025629, ""d0_rank_change3_p50"": 114.0, ""d0_flow_buy_days5_p70"": 4.0, ""d0_trend_eff5_p50"": 0.5314861460957175, ""d0_close_progress3_p50"": 5.966850828729298, ""d1_market_excess_p70"": 0.033209940654632675, ""d1_rs_change_p40"": 0.04062997403032401, ""d1_rank_change_p40"": -22.4, ""d1_flow_p50"": 4943366.0, ""d1_close_location_p30"": 0.43671497584541175, ""d1_upper_shadow_p70"": 0.23815384615384746, ""d3_rs_change_p40"": -2.0465804520160695, ""d3_rank_change_p40"": -73.39999999999999, ""d3_flow_acceleration_p50"": -16293412.410000004, ""d3_trend_eff_p50"": 0.8554216867469907, ""d3_max_drawdown_p30"": -2.645937542246859}"
4164,承業醫,2026-06-24,2026-06-24,A,RANGE_NORMAL,VOLATILE_RANGE,NORMAL,True,0,0,3.0,2.0,9.0,,0,,False,False,78.4992784992785,71.42857142857143,69.1027496382055,64.78260869565217,66.20938628158845,3.132176287024336,2.7433339607252663,1.2289892217690053,3,0.3888423262990699,-3.951772987305972,3.570936378668832,-1.0188180114263257,-1.3233978616716047,1.0974090444005435,-0.906037675994531,-0.45858242641802494,2,4,7,3770083.85,5406936.3500000015,10089177.0,16701748.549999999,22557697.45,-4682240.6499999985,0.24954735673668063,4373571.192281124,4,0,0,1,1,0.4285714285714264,0.12820512820512803,0.15068493150684972,-3.21027287319422,-3.21027287319422,0.8881942094356683,3,2,0.3478260869565209,0.3706004140786738,0.13949275362318975,1,1.326699834162537,-1.9261637239165297,-0.8116883116883078,1.8333333333333313,0.6458280326444642,1.0497104776488362,0.9225957740113631,1,-0.8797875890533948,0,0,-1.9261637239165297,-0.8116883116883078,58.5,104.0,0.14166666666666666,,,104,True,False,False,False,A,1,,,UNAVAILABLE_IN_FROZEN_TOP120,30.55,-5.237315875613757,NEUTRAL,2026-07-08,MATURED,2026-06-24,2026-06-24,True,RECONSTRUCTED_NOT_PRODUCTION_EXACT,VALIDATION,True,False,False,1,True,False,False,False,False,DAY0_NO_POSITIVE_STRUCTURE,"{""d0_fresh_rs_p40"": 1.0, ""d0_fresh_volume_p40"": 3.0, ""d0_rs_slope5_p70"": 6.708057106025629, ""d0_rank_change3_p50"": 114.0, ""d0_flow_buy_days5_p70"": 4.0, ""d0_trend_eff5_p50"": 0.5314861460957175, ""d0_close_progress3_p50"": 5.966850828729298, ""d1_market_excess_p70"": 0.033209940654632675, ""d1_rs_change_p40"": 0.04062997403032401, ""d1_rank_change_p40"": -22.4, ""d1_flow_p50"": 4943366.0, ""d1_close_location_p30"": 0.43671497584541175, ""d1_upper_shadow_p70"": 0.23815384615384746, ""d3_rs_change_p40"": -2.0465804520160695, ""d3_rank_change_p40"": -73.39999999999999, ""d3_flow_acceleration_p50"": -16293412.410000004, ""d3_trend_eff_p50"": 0.8554216867469907, ""d3_max_drawdown_p30"": -2.645937542246859}"
2910,統領,2026-06-24,2026-06-24,A,RANGE_NORMAL,VOLATILE_RANGE,NORMAL,True,0,0,6.0,6.0,,,0,,False,False,65.65656565656566,77.84992784992785,69.24746743849494,72.82608695652173,29.819494584837546,-1.196967260643092,-1.4339042599912148,3.583707107172812,2,0.23693699934812296,-12.19336219336219,0.939888718419335,-0.8242560191115356,-4.528622869222199,-1.045237076759442,-0.9316730628206149,-3.2983007559661495,3,4,8,90800.0,192252.0,117700.0,239002.0,837863.6,74552.0,0.36970967998452325,114570.69495209673,4,0,0,0,0,0.4000000000000007,0.35849056603773527,0.24752475247524766,-4.6511627906976605,-4.6511627906976605,1.4872627013300885,4,2,0.5234025234025226,0.41404151404151407,0.15384615384615455,1,-1.30434782608696,-1.7316017316017396,-4.016913319238902,5.827505827505819,0.6082907577109182,0.370407915010948,0.9416376071148596,1,-4.265880301389582,0,0,-1.7316017316017396,-4.016913319238902,58.5,105.0,0.14166666666666666,,,105,True,False,False,False,A,1,,,UNAVAILABLE_IN_FROZEN_TOP120,22.7,-3.3039647577092546,NEUTRAL,2026-07-08,MATURED,2026-06-24,2026-06-24,True,RECONSTRUCTED_NOT_PRODUCTION_EXACT,VALIDATION,False,False,False,0,True,False,False,False,False,DAY0_NO_POSITIVE_STRUCTURE,"{""d0_fresh_rs_p40"": 1.0, ""d0_fresh_volume_p40"": 3.0, ""d0_rs_slope5_p70"": 6.708057106025629, ""d0_rank_change3_p50"": 114.0, ""d0_flow_buy_days5_p70"": 4.0, ""d0_trend_eff5_p50"": 0.5314861460957175, ""d0_close_progress3_p50"": 5.966850828729298, ""d1_market_excess_p70"": 0.033209940654632675, ""d1_rs_change_p40"": 0.04062997403032401, ""d1_rank_change_p40"": -22.4, ""d1_flow_p50"": 4943366.0, ""d1_close_location_p30"": 0.43671497584541175, ""d1_upper_shadow_p70"": 0.23815384615384746, ""d3_rs_change_p40"": -2.0465804520160695, ""d3_rank_change_p40"": -73.39999999999999, ""d3_flow_acceleration_p50"": -16293412.410000004, ""d3_trend_eff_p50"": 0.8554216867469907, ""d3_max_drawdown_p30"": -2.645937542246859}"
6505,台塑化,2026-06-24,2026-06-24,A,RANGE_NORMAL,VOLATILE_RANGE,NORMAL,True,0,0,14.0,0.0,0.0,,0,,False,False,83.98268398268398,66.95526695526695,52.31548480463097,40.072463768115945,31.1913357400722,10.555733059351004,8.782044042913608,5.2791348242611775,4,1.7736890164373964,0.0,8.194332513796132,4.084915805948164,4.232123467094495,5.2604407968760425,2.942275975810893,3.705770733340774,1,2,5,186672600.0,91487983.70000002,94207248.70000002,126819477.50000001,313640418.8000001,-2719265.0,0.22277586135723162,93375280.98718315,2,3,0,1,1,0.3090909090909096,0.38461538461538464,0.2592592592592599,-3.518518518518521,-3.518518518518521,1.664382598917702,3,3,0.5144702842377269,0.5229678848283505,0.05537098560354379,2,5.950095969289837,3.17757009345796,4.743833017077792,5.343511450381677,1.5580197049765652,1.036819896836996,1.0516627091053612,2,4.5107932191618,0,0,3.17757009345796,4.743833017077792,58.1,109.0,0.1,,,109,True,False,False,False,A,1,,,UNAVAILABLE_IN_FROZEN_TOP120,55.2,7.608695652173902,NEUTRAL,2026-07-08,MATURED,2026-06-24,2026-06-24,True,RECONSTRUCTED_NOT_PRODUCTION_EXACT,VALIDATION,True,True,False,2,True,False,True,True,False,WATCH_CANDIDATE_SHADOW,"{""d0_fresh_rs_p40"": 1.0, ""d0_fresh_volume_p40"": 3.0, ""d0_rs_slope5_p70"": 6.708057106025629, ""d0_rank_change3_p50"": 114.0, ""d0_flow_buy_days5_p70"": 4.0, ""d0_trend_eff5_p50"": 0.5314861460957175, ""d0_close_progress3_p50"": 5.966850828729298, ""d1_market_excess_p70"": 0.033209940654632675, ""d1_rs_change_p40"": 0.04062997403032401, ""d1_rank_change_p40"": -22.4, ""d1_flow_p50"": 4943366.0, ""d1_close_location_p30"": 0.43671497584541175, ""d1_upper_shadow_p70"": 0.23815384615384746, ""d3_rs_change_p40"": -2.0465804520160695, ""d3_rank_change_p40"": -73.39999999999999, ""d3_flow_acceleration_p50"": -16293412.410000004, ""d3_trend_eff_p50"": 0.8554216867469907, ""d3_max_drawdown_p30"": -2.645937542246859}"
9944,新麗,2026-06-24,2026-06-24,A,RANGE_NORMAL,VOLATILE_RANGE,NORMAL,True,0,0,1.0,20.0,,,0,,False,True,66.45021645021644,65.58441558441558,52.749638205499274,47.31884057971015,31.768953068592058,4.566859414905724,3.8262751741012595,3.468126338162439,3,0.7405842408044645,0.0,1.9649069355677673,1.470725994180344,0.9087449954712445,-0.27932960893852776,1.6220555372565837,1.8544594409544535,2,2,6,-80325.00000000003,445771.6,41206.19999999995,100446.59999999995,681545.3999999999,404565.4,0.2267250743087907,192753.5777540443,2,0,0,1,0,0.33333333333334125,0.4545454545454569,0.7600000000000022,-0.28409090909091717,-0.28409090909091717,0.0019438157832588328,4,2,0.5476190476190456,0.40357142857142697,0.08333333333333481,2,-0.27932960893852776,0.5633802816901401,1.4204545454545414,5.621301775147947,0.5344309792894055,0.7853881382466419,0.9362841103457381,0,1.5171191412508491,0,0,0.5633802816901401,1.4204545454545414,57.6,112.0,0.075,,158.0,112,True,False,False,False,A,1,,,UNAVAILABLE_IN_FROZEN_TOP120,17.85,0.0,NEUTRAL,2026-07-08,MATURED,2026-06-24,2026-06-24,True,RECONSTRUCTED_NOT_PRODUCTION_EXACT,VALIDATION,False,False,True,1,False,False,False,False,False,DAY0_NO_POSITIVE_STRUCTURE,"{""d0_fresh_rs_p40"": 1.0, ""d0_fresh_volume_p40"": 3.0, ""d0_rs_slope5_p70"": 6.708057106025629, ""d0_rank_change3_p50"": 114.0, ""d0_flow_buy_days5_p70"": 4.0, ""d0_trend_eff5_p50"": 0.5314861460957175, ""d0_close_progress3_p50"": 5.966850828729298, ""d1_market_excess_p70"": 0.033209940654632675, ""d1_rs_change_p40"": 0.04062997403032401, ""d1_rank_change_p40"": -22.4, ""d1_flow_p50"": 4943366.0, ""d1_close_location_p30"": 0.43671497584541175, ""d1_upper_shadow_p70"": 0.23815384615384746, ""d3_rs_change_p40"": -2.0465804520160695, ""d3_rank_change_p40"": -73.39999999999999, ""d3_flow_acceleration_p50"": -16293412.410000004, ""d3_trend_eff_p50"": 0.8554216867469907, ""d3_max_drawdown_p30"": -2.645937542246859}"
1234,黑松,2026-06-24,2026-06-24,A,RANGE_NORMAL,VOLATILE_RANGE,NORMAL,True,0,0,8.0,0.0,,,0,,False,False,55.55555555555556,56.493506493506494,43.77713458755427,41.15942028985507,36.67870036101083,3.926140322667095,2.8792270531400974,1.8876855194544724,4,1.0469132695269976,-6.132756132756128,2.8164826103145746,1.7681778502233403,-0.08313812141187427,0.5722460658082795,0.9467427906540982,0.4285714285714226,3,4,9,6717797.7,10177847.700000001,545319.8999999999,8991752.600000001,16636276.100000001,9632527.8,0.3463848917230766,2103849.636954893,3,0,0,1,1,1.0,0.3333333333333333,0.36363636363636187,-0.4285714285714226,-0.9943181818181879,0.0,1,2,0.7277777777777844,0.5816666666666712,0.13333333333333522,1,0.5722460658082795,0.8608321377331363,0.4285714285714226,1.1510791366906359,1.9266453703391486,1.2155342309516948,1.0213750064417044,1,0.419602424054307,0,0,0.8608321377331363,0.4285714285714226,57.4,113.0,0.06666666666666667,,,113,True,False,False,False,A,1,,,UNAVAILABLE_IN_FROZEN_TOP120,35.15,-5.832147937411092,NEUTRAL,2026-07-08,MATURED,2026-06-24,2026-06-24,True,RECONSTRUCTED_NOT_PRODUCTION_EXACT,VALIDATION,True,False,False,1,True,False,False,False,False,DAY0_NO_POSITIVE_STRUCTURE,"{""d0_fresh_rs_p40"": 1.0, ""d0_fresh_volume_p40"": 3.0, ""d0_rs_slope5_p70"": 6.708057106025629, ""d0_rank_change3_p50"": 114.0, ""d0_flow_buy_days5_p70"": 4.0, ""d0_trend_eff5_p50"": 0.5314861460957175, ""d0_close_progress3_p50"": 5.966850828729298, ""d1_market_excess_p70"": 0.033209940654632675, ""d1_rs_change_p40"": 0.04062997403032401, ""d1_rank_change_p40"": -22.4, ""d1_flow_p50"": 4943366.0, ""d1_close_location_p30"": 0.43671497584541175, ""d1_upper_shadow_p70"": 0.23815384615384746, ""d3_rs_change_p40"": -2.0465804520160695, ""d3_rank_change_p40"": -73.39999999999999, ""d3_flow_acceleration_p50"": -16293412.410000004, ""d3_trend_eff_p50"": 0.8554216867469907, ""d3_max_drawdown_p30"": -2.645937542246859}"
Plastics,塑膠類指數,2026-06-24,2026-06-24,A,RANGE_NORMAL,VOLATILE_RANGE,NORMAL,True,0,0,0.0,1.0,7.0,,0,,False,False,98.19624819624819,97.69119769119769,95.29667149059334,90.3623188405797,67.29241877256318,0.9665255685516172,1.5667858711336975,3.090382942368501,5,-0.6002603025820803,0.0,5.929097362879721,10.083132044471533,24.207440688247228,,,,0,0,0,0.0,0.0,0.0,0.0,0.0,0.0,,0.0,0,0,0,0,0,0.7740477727566173,0.8898505114083398,0.7471727046195131,-1.255920769341179,-3.6072530864197594,0.0,2,4,0.5339445655354794,0.6960617114363826,0.4048452211032054,1,3.6848608183734255,9.175786331981328,24.719150238230526,37.596450617283935,1.0082394546297762,1.1311126658392008,1.139143521775804,2,21.699768085145227,0,1,9.175786331981328,24.719150238230526,57.2,115.0,0.058333333333333334,24.0,,115,False,True,False,False,B,1,,,UNAVAILABLE_IN_FROZEN_TOP120,285.32,13.321884200196266,WINNER,2026-07-08,MATURED,2026-06-24,2026-06-24,True,RECONSTRUCTED_NOT_PRODUCTION_EXACT,VALIDATION,True,False,False,1,False,True,False,False,False,DAY0_NO_POSITIVE_STRUCTURE,"{""d0_fresh_rs_p40"": 1.0, ""d0_fresh_volume_p40"": 3.0, ""d0_rs_slope5_p70"": 6.708057106025629, ""d0_rank_change3_p50"": 114.0, ""d0_flow_buy_days5_p70"": 4.0, ""d0_trend_eff5_p50"": 0.5314861460957175, ""d0_close_progress3_p50"": 5.966850828729298, ""d1_market_excess_p70"": 0.033209940654632675, ""d1_rs_change_p40"": 0.04062997403032401, ""d1_rank_change_p40"": -22.4, ""d1_flow_p50"": 4943366.0, ""d1_close_location_p30"": 0.43671497584541175, ""d1_upper_shadow_p70"": 0.23815384615384746, ""d3_rs_change_p40"": -2.0465804520160695, ""d3_rank_change_p40"": -73.39999999999999, ""d3_flow_acceleration_p50"": -16293412.410000004, ""d3_trend_eff_p50"": 0.8554216867469907, ""d3_max_drawdown_p30"": -2.645937542246859}"
2352,佳世達,2026-06-24,2026-06-24,A,RANGE_NORMAL,VOLATILE_RANGE,NORMAL,True,0,0,17.0,13.0,17.0,,0,,False,False,78.35497835497836,77.27272727272727,79.66714905933429,87.02898550724638,88.59205776173285,-0.4373902347853118,-1.7348014304536037,-1.023707940675449,2,1.2974111956682919,-14.097851833700886,0.6365195027056569,0.0969729410153275,0.812793761274988,-1.8370078315626315,0.20975327644712216,1.6776091965285678,1,3,7,-46881464.39999999,-2497192.349999994,-19047119.299999997,41636806.35000001,121719567.24999999,16549926.950000003,0.179413331182797,40652277.41727933,3,1,0,1,0,0.1724137931034488,0.1904761904761917,0.009900990099009344,-2.7027027027026973,-3.514376996805113,0.24741972916741406,1,3,0.4732103645147124,0.5839262187088275,0.37988581466842425,0,-1.6077170418006381,-0.8103727714748765,1.324503311258285,-0.16313213703098572,0.5215293220228486,0.7200406590283516,0.5655561188731969,0,2.3419485123725647,0,0,-0.8103727714748765,1.324503311258285,56.5,117.0,0.03333333333333333,,,117,True,False,False,False,A,1,,,UNAVAILABLE_IN_FROZEN_TOP120,30.6,12.418300653594772,WINNER,2026-07-08,MATURED,2026-06-24,2026-06-24,True,RECONSTRUCTED_NOT_PRODUCTION_EXACT,VALIDATION,False,False,False,0,False,False,False,False,False,DAY0_NO_POSITIVE_STRUCTURE,"{""d0_fresh_rs_p40"": 1.0, ""d0_fresh_volume_p40"": 3.0, ""d0_rs_slope5_p70"": 6.708057106025629, ""d0_rank_change3_p50"": 114.0, ""d0_flow_buy_days5_p70"": 4.0, ""d0_trend_eff5_p50"": 0.5314861460957175, ""d0_close_progress3_p50"": 5.966850828729298, ""d1_market_excess_p70"": 0.033209940654632675, ""d1_rs_change_p40"": 0.04062997403032401, ""d1_rank_change_p40"": -22.4, ""d1_flow_p50"": 4943366.0, ""d1_close_location_p30"": 0.43671497584541175, ""d1_upper_shadow_p70"": 0.23815384615384746, ""d3_rs_change_p40"": -2.0465804520160695, ""d3_rank_change_p40"": -73.39999999999999, ""d3_flow_acceleration_p50"": -16293412.410000004, ""d3_trend_eff_p50"": 0.8554216867469907, ""d3_max_drawdown_p30"": -2.645937542246859}"
4306,炎洲,2026-06-25,2026-06-25,A,RANGE_NORMAL,VOLATILE_RANGE,NORMAL,True,0,0,3.0,11.0,4.0,,0,,False,False,88.10382119682768,89.39393939393939,83.03249097472924,79.08827785817655,89.63016678752719,1.6904434073661463,1.8031086677302255,-0.15263455906995063,4,-0.1126652603640792,-5.0419219489154585,-0.7731743479554964,1.2612671089853755,-1.1371315360191092,0.013317761796471927,-1.091395578087595,-0.11063986723215402,3,5,9,12230598.0,17189648.95,32655408.700000003,51507031.7,119385670.65,-15465759.750000004,0.2805006319033976,9790469.863697365,5,0,0,0,0,1.0,0.0666666666666654,0.333333333333334,-1.851851851851849,-1.8575851393188736,0.21859267128370724,2,1,0.33333333333333504,0.5000000000000011,0.41666666666666585,0,-0.31347962382444194,-1.851851851851849,-0.31347962382444194,3.9215686274509887,0.7592509280785289,0.6156261583723628,0.7093534100475468,0,-0.44192305187259184,0,0,-1.851851851851849,-0.31347962382444194,73.0,39.0,0.6916666666666667,,,39,True,False,False,False,A,1,,,UNAVAILABLE_IN_FROZEN_TOP120,15.9,-2.515723270440251,NEUTRAL,2026-07-09,MATURED,2026-06-25,2026-06-25,True,RECONSTRUCTED_NOT_PRODUCTION_EXACT,LOCKED_EVALUATION,False,False,False,0,True,False,False,False,False,DAY0_NO_POSITIVE_STRUCTURE,"{""d0_fresh_rs_p40"": 1.0, ""d0_fresh_volume_p40"": 3.0, ""d0_rs_slope5_p70"": 6.708057106025629, ""d0_rank_change3_p50"": 114.0, ""d0_flow_buy_days5_p70"": 4.0, ""d0_trend_eff5_p50"": 0.5314861460957175, ""d0_close_progress3_p50"": 5.966850828729298, ""d1_market_excess_p70"": 0.033209940654632675, ""d1_rs_change_p40"": 0.04062997403032401, ""d1_rank_change_p40"": -22.4, ""d1_flow_p50"": 4943366.0, ""d1_close_location_p30"": 0.43671497584541175, ""d1_upper_shadow_p70"": 0.23815384615384746, ""d3_rs_change_p40"": -2.0465804520160695, ""d3_rank_change_p40"": -73.39999999999999, ""d3_flow_acceleration_p50"": -16293412.410000004, ""d3_trend_eff_p50"": 0.8554216867469907, ""d3_max_drawdown_p30"": -2.645937542246859}"
1709,和益,2026-06-25,2026-06-25,A,RANGE_NORMAL,VOLATILE_RANGE,NORMAL,True,0,0,3.0,10.0,4.0,,0,,False,False,84.06633020908436,82.03463203463204,85.70397111913357,78.72648335745296,88.46990572878897,-0.545880303349738,1.0679693703262785,-0.4403575519704617,4,-1.6138496736760164,-3.887225668999818,0.009788843944047443,2.6480026817674474,1.3243194481871834,0.7962809536960158,0.2953399946944768,2.3508111169741386,3,4,8,7094742.0,12578769.45,-421805.4000000004,8792645.45,31724479.35,13000574.85,0.3612071258644252,6300935.876253199,4,0,0,1,1,0.16666666666666863,0.3913043478260856,0.09433962264150948,-1.6279069767441978,-2.576112412177989,0.0,2,4,0.5222222222222219,0.4688888888888888,0.2833333333333333,0,0.46948356807510194,-0.46511627906977715,2.1479713603818507,1.1820330969267046,0.8064358194477262,0.5611073218364204,0.7027904017604368,0,3.056347034622762,0,0,-0.46511627906977715,2.1479713603818507,72.6,41.0,0.675,,,41,True,False,False,False,A,1,,,UNAVAILABLE_IN_FROZEN_TOP120,21.4,14.018691588785035,WINNER,2026-07-09,MATURED,2026-06-25,2026-06-25,True,RECONSTRUCTED_NOT_PRODUCTION_EXACT,LOCKED_EVALUATION,False,False,False,0,True,False,False,False,False,DAY0_NO_POSITIVE_STRUCTURE,"{""d0_fresh_rs_p40"": 1.0, ""d0_fresh_volume_p40"": 3.0, ""d0_rs_slope5_p70"": 6.708057106025629, ""d0_rank_change3_p50"": 114.0, ""d0_flow_buy_days5_p70"": 4.0, ""d0_trend_eff5_p50"": 0.5314861460957175, ""d0_close_progress3_p50"": 5.966850828729298, ""d1_market_excess_p70"": 0.033209940654632675, ""d1_rs_change_p40"": 0.04062997403032401, ""d1_rank_change_p40"": -22.4, ""d1_flow_p50"": 4943366.0, ""d1_close_location_p30"": 0.43671497584541175, ""d1_upper_shadow_p70"": 0.23815384615384746, ""d3_rs_change_p40"": -2.0465804520160695, ""d3_rank_change_p40"": -73.39999999999999, ""d3_flow_acceleration_p50"": -16293412.410000004, ""d3_trend_eff_p50"": 0.8554216867469907, ""d3_max_drawdown_p30"": -2.645937542246859}"
5880,合庫金,2026-06-25,2026-06-25,A,RANGE_NORMAL,VOLATILE_RANGE,NORMAL,True,0,0,0.0,0.0,0.0,,0,,False,False,81.61499639509734,74.74747474747475,66.35379061371842,65.19536903039074,65.11965192168238,5.087068593792973,3.28392547294132,1.649534447341496,3,1.8031431208516535,0.0,2.4091577348853477,5.771605668403701,0.590489501946756,2.2415679406812994,2.4779101010376836,1.2434097771653274,3,4,9,592847216.0999999,954368920.6499999,323736465.29999995,1036434728.6999998,2383799712.6499996,630632455.3499999,0.2897672530861458,254442762.5381134,4,4,1,1,1,0.6842105263157872,0.2799999999999995,0.5909090909090895,-1.4141414141414232,-1.4141414141414232,0.300561624390544,3,2,0.6666666666666666,0.48333333333333284,0.23809523809523614,1,2.868852459016402,2.6584867075664764,1.4141414141414232,5.462184873949583,1.5442724606621705,0.9710352895736759,0.9505393471784334,1,1.48772527759018,1,0,2.6584867075664764,1.4141414141414232,71.9,44.0,0.6416666666666667,,,44,True,False,False,False,A,1,,,UNAVAILABLE_IN_FROZEN_TOP120,25.1,0.1992031872509736,NEUTRAL,2026-07-09,MATURED,2026-06-25,2026-06-25,True,RECONSTRUCTED_NOT_PRODUCTION_EXACT,LOCKED_EVALUATION,True,False,False,1,True,False,False,False,False,DAY0_NO_POSITIVE_STRUCTURE,"{""d0_fresh_rs_p40"": 1.0, ""d0_fresh_volume_p40"": 3.0, ""d0_rs_slope5_p70"": 6.708057106025629, ""d0_rank_change3_p50"": 114.0, ""d0_flow_buy_days5_p70"": 4.0, ""d0_trend_eff5_p50"": 0.5314861460957175, ""d0_close_progress3_p50"": 5.966850828729298, ""d1_market_excess_p70"": 0.033209940654632675, ""d1_rs_change_p40"": 0.04062997403032401, ""d1_rank_change_p40"": -22.4, ""d1_flow_p50"": 4943366.0, ""d1_close_location_p30"": 0.43671497584541175, ""d1_upper_shadow_p70"": 0.23815384615384746, ""d3_rs_change_p40"": -2.0465804520160695, ""d3_rank_change_p40"": -73.39999999999999, ""d3_flow_acceleration_p50"": -16293412.410000004, ""d3_trend_eff_p50"": 0.8554216867469907, ""d3_max_drawdown_p30"": -2.645937542246859}"
8464,億豐,2026-06-25,2026-06-25,A,RANGE_NORMAL,VOLATILE_RANGE,NORMAL,True,0,0,4.0,2.0,1.0,,0,,False,True,89.11319394376352,81.67388167388168,71.33574007220217,74.74674384949348,48.94851341551849,5.925817957187117,2.873290018854007,4.016468052824503,4,3.0525279383331094,0.0,1.5489135972462709,5.8587837007216255,0.8930862852302157,1.6796609529562634,3.320377383562567,2.004922635465234,3,3,6,70902697.5,127586910.0,-161443964.0,65793784.0,6602294.0,289030874.0,0.25927202698987395,49381391.08056441,0,5,0,1,1,0.6551724137931034,0.17142857142857143,0.3,-4.050279329608941,-4.050279329608941,1.3147059773307046,2,3,0.4793956043956044,0.5240009990009991,0.5206043956043956,1,2.0086083213773254,2.7456647398844014,1.716738197424883,5.333333333333323,1.121514006162292,1.0505395841975431,1.1006355842836728,2,1.559769847476073,0,0,2.7456647398844014,1.716738197424883,71.9,45.0,0.6416666666666667,,317.0,45,True,False,False,False,A,1,,,PRODUCTION_FINAL_WATCH_SNAPSHOT,355.5,1.265822784810133,NEUTRAL,2026-07-09,MATURED,2026-06-25,2026-06-25,True,RECONSTRUCTED_NOT_PRODUCTION_EXACT,LOCKED_EVALUATION,True,False,True,2,True,False,True,True,False,WATCH_CANDIDATE_SHADOW,"{""d0_fresh_rs_p40"": 1.0, ""d0_fresh_volume_p40"": 3.0, ""d0_rs_slope5_p70"": 6.708057106025629, ""d0_rank_change3_p50"": 114.0, ""d0_flow_buy_days5_p70"": 4.0, ""d0_trend_eff5_p50"": 0.5314861460957175, ""d0_close_progress3_p50"": 5.966850828729298, ""d1_market_excess_p70"": 0.033209940654632675, ""d1_rs_change_p40"": 0.04062997403032401, ""d1_rank_change_p40"": -22.4, ""d1_flow_p50"": 4943366.0, ""d1_close_location_p30"": 0.43671497584541175, ""d1_upper_shadow_p70"": 0.23815384615384746, ""d3_rs_change_p40"": -2.0465804520160695, ""d3_rank_change_p40"": -73.39999999999999, ""d3_flow_acceleration_p50"": -16293412.410000004, ""d3_trend_eff_p50"": 0.8554216867469907, ""d3_max_drawdown_p30"": -2.645937542246859}"
1776,展宇,2026-06-25,2026-06-25,A,RANGE_NORMAL,VOLATILE_RANGE,NORMAL,True,0,0,0.0,3.0,0.0,,0,,False,False,80.10093727469358,56.2049062049062,39.13357400722022,48.62518089725036,70.48585931834663,13.655787755824454,6.295151275488644,0.9615077956346951,2,7.36063648033581,0.0,5.657326552464692,7.019368960837225,5.576348087805338,6.44381866221666,4.6667062737642535,6.602839756592294,2,4,8,799396.5,271876.5,1318002.0,3352378.5,4325808.5,-1046125.5,0.31168335142419135,1203522.528482497,4,0,0,1,1,0.4838709677419364,0.6000000000000008,0.6307692307692331,-2.083333333333326,-2.083333333333326,0.0,2,2,0.41666666666666635,0.40714285714285686,0.3397435897435907,2,6.117021276595747,3.90625,6.400000000000006,11.45251396648046,1.0195392886257362,1.6579044445141344,1.394237611206208,2,4.590322301277701,0,1,3.90625,6.400000000000006,70.4,53.0,0.5666666666666667,,,53,True,False,False,False,A,1,,,UNAVAILABLE_IN_FROZEN_TOP120,19.95,-2.0050125313283096,NEUTRAL,2026-07-09,MATURED,2026-06-25,2026-06-25,True,RECONSTRUCTED_NOT_PRODUCTION_EXACT,LOCKED_EVALUATION,True,False,False,1,True,False,False,False,False,DAY0_NO_POSITIVE_STRUCTURE,"{""d0_fresh_rs_p40"": 1.0, ""d0_fresh_volume_p40"": 3.0, ""d0_rs_slope5_p70"": 6.708057106025629, ""d0_rank_change3_p50"": 114.0, ""d0_flow_buy_days5_p70"": 4.0, ""d0_trend_eff5_p50"": 0.5314861460957175, ""d0_close_progress3_p50"": 5.966850828729298, ""d1_market_excess_p70"": 0.033209940654632675, ""d1_rs_change_p40"": 0.04062997403032401, ""d1_rank_change_p40"": -22.4, ""d1_flow_p50"": 4943366.0, ""d1_close_location_p30"": 0.43671497584541175, ""d1_upper_shadow_p70"": 0.23815384615384746, ""d3_rs_change_p40"": -2.0465804520160695, ""d3_rank_change_p40"": -73.39999999999999, ""d3_flow_acceleration_p50"": -16293412.410000004, ""d3_trend_eff_p50"": 0.8554216867469907, ""d3_max_drawdown_p30"": -2.645937542246859}"
1725,元禎,2026-06-25,2026-06-25,A,RANGE_NORMAL,VOLATILE_RANGE,NORMAL,True,0,0,4.0,2.0,4.0,,0,,False,False,86.37346791636625,89.24963924963924,94.15162454873646,74.45730824891461,29.369108049311095,-2.5927188774567376,2.3832319334903276,5.700435986705516,2,-4.975950810947065,-7.778156632370212,-3.098583613019956,-11.710696349004822,2.1132056502135566,-2.312091503267988,-14.063359036077793,3.1396973190005117,2,3,6,-2032900.0,-65385.85000000149,4546549.500000001,4583313.649999999,9513054.399999999,-4611935.350000002,0.25955184270300197,2395186.2479347964,3,0,0,1,0,1.0,0.07575757575757575,0.2515337423312882,-14.823815309842047,-14.823815309842047,3.4078184889884127,1,2,0.10256410256410242,0.3269230769230768,0.09615384615384547,2,-2.6388888888889017,-14.823815309842047,2.936857562408224,13.247172859450718,0.6146106397771437,2.8871945623496673,2.23781497786956,3,1.3123772927841266,0,0,-14.823815309842047,2.936857562408224,70.1,57.0,0.5333333333333333,,,57,True,False,False,False,A,1,,,UNAVAILABLE_IN_FROZEN_TOP120,35.05,-9.843081312410828,LOSER,2026-07-09,MATURED,2026-06-25,2026-06-25,True,RECONSTRUCTED_NOT_PRODUCTION_EXACT,LOCKED_EVALUATION,True,False,False,1,False,False,False,False,False,DAY0_NO_POSITIVE_STRUCTURE,"{""d0_fresh_rs_p40"": 1.0, ""d0_fresh_volume_p40"": 3.0, ""d0_rs_slope5_p70"": 6.708057106025629, ""d0_rank_change3_p50"": 114.0, ""d0_flow_buy_days5_p70"": 4.0, ""d0_trend_eff5_p50"": 0.5314861460957175, ""d0_close_progress3_p50"": 5.966850828729298, ""d1_market_excess_p70"": 0.033209940654632675, ""d1_rs_change_p40"": 0.04062997403032401, ""d1_rank_change_p40"": -22.4, ""d1_flow_p50"": 4943366.0, ""d1_close_location_p30"": 0.43671497584541175, ""d1_upper_shadow_p70"": 0.23815384615384746, ""d3_rs_change_p40"": -2.0465804520160695, ""d3_rank_change_p40"": -73.39999999999999, ""d3_flow_acceleration_p50"": -16293412.410000004, ""d3_trend_eff_p50"": 0.8554216867469907, ""d3_max_drawdown_p30"": -2.645937542246859}"
2458,義隆,2026-06-25,2026-06-25,A,RANGE_NORMAL,VOLATILE_RANGE,NORMAL,True,0,0,0.0,0.0,11.0,,0,,False,True,79.37995674116799,30.88023088023088,73.35740072202167,35.89001447178003,58.88324873096447,2.0075186730487737,8.697988453877592,2.049670801020352,3,-6.690469780828819,0.0,9.296402836844564,3.953455095291003,14.192322528699908,11.016601762656286,3.1210378888397394,11.11207053699068,1,2,4,501141420.0,349454566.0,147992497.0,335647503.5,411627628.5,201462069.0,0.2713353447958392,240086428.29415578,2,0,0,1,1,0.04918032786885246,0.44761904761904764,0.5275590551181102,-8.123249299719893,-8.123249299719893,2.8989909216698693,2,3,0.4666666666666666,0.5623529411764705,0.21587301587301586,1,9.756097560975618,0.8403361344537785,15.015974440894574,22.866894197952227,2.9586658089946893,1.7639068938328706,2.2170305836566047,4,6.7730118617165616,1,0,0.8403361344537785,15.015974440894574,69.5,62.0,0.49166666666666664,,143.0,62,False,False,True,False,C,1,,,UNAVAILABLE_IN_FROZEN_TOP120,180.0,1.9444444444444375,NEUTRAL,2026-07-09,MATURED,2026-06-25,2026-06-25,True,RECONSTRUCTED_NOT_PRODUCTION_EXACT,LOCKED_EVALUATION,True,True,True,3,True,False,True,True,False,WATCH_CANDIDATE_SHADOW,"{""d0_fresh_rs_p40"": 1.0, ""d0_fresh_volume_p40"": 3.0, ""d0_rs_slope5_p70"": 6.708057106025629, ""d0_rank_change3_p50"": 114.0, ""d0_flow_buy_days5_p70"": 4.0, ""d0_trend_eff5_p50"": 0.5314861460957175, ""d0_close_progress3_p50"": 5.966850828729298, ""d1_market_excess_p70"": 0.033209940654632675, ""d1_rs_change_p40"": 0.04062997403032401, ""d1_rank_change_p40"": -22.4, ""d1_flow_p50"": 4943366.0, ""d1_close_location_p30"": 0.43671497584541175, ""d1_upper_shadow_p70"": 0.23815384615384746, ""d3_rs_change_p40"": -2.0465804520160695, ""d3_rank_change_p40"": -73.39999999999999, ""d3_flow_acceleration_p50"": -16293412.410000004, ""d3_trend_eff_p50"": 0.8554216867469907, ""d3_max_drawdown_p30"": -2.645937542246859}"
2103,台橡,2026-06-25,2026-06-25,A,RANGE_NORMAL,VOLATILE_RANGE,NORMAL,True,0,0,7.0,1.0,1.0,,0,,False,False,87.45493871665465,86.7965367965368,67.36462093862816,46.02026049204052,27.556200145032633,6.696772592675496,8.286935644922826,5.989873857162202,5,-1.5901630522473296,0.0,-2.7375990521492755,3.3467638206503225,0.35559337082420317,-1.951106942397307,0.994101133577352,1.3820850396111584,2,3,7,1226618.2499999956,55275426.55,39365764.6,96087773.15,187118183.1,15909661.949999996,0.2925638514428837,22138157.409868695,3,0,0,0,0,0.032258064516129475,0.14285714285714285,0.095238095238095,-2.277904328018221,-5.156950672645754,0.5548400144763987,3,2,0.38412698412698293,0.3442016806722676,0.05238095238095303,1,-2.277904328018221,0.23364485981309802,1.1792452830188704,1.9002375296911955,0.7631677067499156,0.8325721229840618,0.7861931542484124,1,1.4999434638250053,0,0,0.23364485981309802,1.1792452830188704,65.5,85.0,0.30833333333333335,,,85,True,False,False,False,A,1,,,UNAVAILABLE_IN_FROZEN_TOP120,21.45,7.459207459207473,NEUTRAL,2026-07-09,MATURED,2026-06-25,2026-06-25,True,RECONSTRUCTED_NOT_PRODUCTION_EXACT,LOCKED_EVALUATION,True,True,False,2,False,False,True,False,False,WATCH_CANDIDATE_SHADOW,"{""d0_fresh_rs_p40"": 1.0, ""d0_fresh_volume_p40"": 3.0, ""d0_rs_slope5_p70"": 6.708057106025629, ""d0_rank_change3_p50"": 114.0, ""d0_flow_buy_days5_p70"": 4.0, ""d0_trend_eff5_p50"": 0.5314861460957175, ""d0_close_progress3_p50"": 5.966850828729298, ""d1_market_excess_p70"": 0.033209940654632675, ""d1_rs_change_p40"": 0.04062997403032401, ""d1_rank_change_p40"": -22.4, ""d1_flow_p50"": 4943366.0, ""d1_close_location_p30"": 0.43671497584541175, ""d1_upper_shadow_p70"": 0.23815384615384746, ""d3_rs_change_p40"": -2.0465804520160695, ""d3_rank_change_p40"": -73.39999999999999, ""d3_flow_acceleration_p50"": -16293412.410000004, ""d3_trend_eff_p50"": 0.8554216867469907, ""d3_max_drawdown_p30"": -2.645937542246859}"
00674R,期元大S&P黃金反1,2026-06-25,2026-06-25,A,RANGE_NORMAL,VOLATILE_RANGE,NORMAL,True,0,0,0.0,1.0,2.0,,0,,False,True,85.86878154289835,82.32323232323232,65.70397111913357,38.85672937771346,85.93183466279913,6.721603474588259,9.402410433036978,-0.006305311990078622,5,-2.680806958448719,-2.8758072016903924,1.5257453817590916,8.085871004433953,7.4686882142986475,,,,0,2,6,-8157468.420000002,-14378073.82,4622161.739999999,-12181614.8,-11493538.560000002,-19000235.56,0.2553477329811831,3960936.6515536727,0,0,0,0,0,1.0,0.967213114754099,0.25000000000000033,-0.14054813773717312,-6.218987760502803,0.0,1,4,0.656769374416434,0.5507567813450202,0.343230625583566,1,1.985440105890146,4.972752043596729,8.292340126493315,4.333107650643209,10.592159073554173,4.559707575766145,3.058416089869167,2,2.711318500435971,1,0,4.972752043596729,8.292340126493315,64.5,92.0,0.25,,169.0,92,False,False,True,False,C,1,,,UNAVAILABLE_IN_FROZEN_TOP120,30.82,-1.9792342634652793,NEUTRAL,2026-07-09,MATURED,2026-06-25,2026-06-25,True,RECONSTRUCTED_NOT_PRODUCTION_EXACT,LOCKED_EVALUATION,True,True,True,3,False,False,True,False,False,WATCH_CANDIDATE_SHADOW,"{""d0_fresh_rs_p40"": 1.0, ""d0_fresh_volume_p40"": 3.0, ""d0_rs_slope5_p70"": 6.708057106025629, ""d0_rank_change3_p50"": 114.0, ""d0_flow_buy_days5_p70"": 4.0, ""d0_trend_eff5_p50"": 0.5314861460957175, ""d0_close_progress3_p50"": 5.966850828729298, ""d1_market_excess_p70"": 0.033209940654632675, ""d1_rs_change_p40"": 0.04062997403032401, ""d1_rank_change_p40"": -22.4, ""d1_flow_p50"": 4943366.0, ""d1_close_location_p30"": 0.43671497584541175, ""d1_upper_shadow_p70"": 0.23815384615384746, ""d3_rs_change_p40"": -2.0465804520160695, ""d3_rank_change_p40"": -73.39999999999999, ""d3_flow_acceleration_p50"": -16293412.410000004, ""d3_trend_eff_p50"": 0.8554216867469907, ""d3_max_drawdown_p30"": -2.645937542246859}"
1313,聯成,2026-06-25,2026-06-25,A,RANGE_NORMAL,VOLATILE_RANGE,NORMAL,True,0,0,0.0,0.0,1.0,,0,,False,False,92.28550829127613,85.56998556998558,79.06137184115524,57.38060781476121,41.84191443074692,4.408045483373631,6.980980095302984,5.044359386052921,4,-2.5729346119293526,0.0,5.896237479258781,7.262496554198227,11.229919516376775,6.68272958901075,4.909833867125258,12.25641118516373,1,3,8,-66814832.05,-63089441.249999985,72309019.85,2411367.400000006,53895592.95,-135398461.09999996,0.2841356063530499,29250621.721123353,3,0,0,0,0,0.29411764705882304,0.529411764705882,0.5172413793103444,-4.979253112033211,-4.979253112033211,0.0,2,4,0.6559714795008914,0.7309566250742727,0.0695187165775394,2,6.355932203389836,4.149377593361003,12.053571428571441,13.574660633484159,4.720543901619714,2.1759084614119377,1.839269924665226,2,6.553454317351146,1,0,4.149377593361003,12.053571428571441,64.4,94.0,0.23333333333333334,,,94,True,False,False,False,A,1,,,UNAVAILABLE_IN_FROZEN_TOP120,12.55,-0.3984063745020028,NEUTRAL,2026-07-09,MATURED,2026-06-25,2026-06-25,True,RECONSTRUCTED_NOT_PRODUCTION_EXACT,LOCKED_EVALUATION,True,True,False,2,False,False,True,False,False,WATCH_CANDIDATE_SHADOW,"{""d0_fresh_rs_p40"": 1.0, ""d0_fresh_volume_p40"": 3.0, ""d0_rs_slope5_p70"": 6.708057106025629, ""d0_rank_change3_p50"": 114.0, ""d0_flow_buy_days5_p70"": 4.0, ""d0_trend_eff5_p50"": 0.5314861460957175, ""d0_close_progress3_p50"": 5.966850828729298, ""d1_market_excess_p70"": 0.033209940654632675, ""d1_rs_change_p40"": 0.04062997403032401, ""d1_rank_change_p40"": -22.4, ""d1_flow_p50"": 4943366.0, ""d1_close_location_p30"": 0.43671497584541175, ""d1_upper_shadow_p70"": 0.23815384615384746, ""d3_rs_change_p40"": -2.0465804520160695, ""d3_rank_change_p40"": -73.39999999999999, ""d3_flow_acceleration_p50"": -16293412.410000004, ""d3_trend_eff_p50"": 0.8554216867469907, ""d3_max_drawdown_p30"": -2.645937542246859}"
3591,艾笛森,2026-06-25,2026-06-25,A,RANGE_NORMAL,VOLATILE_RANGE,NORMAL,True,0,0,2.0,3.0,,,0,,False,False,73.25162220620044,66.73881673881674,16.67870036101083,4.413892908827786,14.06816533720087,18.857640615063204,13.767545859474529,5.918345686899957,5,5.090094755588675,0.0,-0.642844907281237,8.122752872205242,16.886931241153082,1.7373630339580337,7.972755899822759,16.766573425104117,2,4,5,23174517.25,5129386.999999978,43372124.45,48812624.299999975,45840877.19999998,-38242737.450000025,0.34304362674212246,26369915.69787555,4,0,0,0,0,0.684210526315789,0.8723404255319147,0.7428571428571423,-1.0889292196007316,-2.580645161290329,0.36214541659188026,1,3,0.4342712842712844,0.5309331409331407,0.45533910533910493,2,-0.1831501831501825,5.009633911368017,17.71058315334775,23.582766439909285,1.774031656254328,4.394808734334834,2.9467020708936165,4,6.010306684305156,0,0,5.009633911368017,17.71058315334775,64.2,95.0,0.21666666666666667,,,95,False,False,True,False,C,1,,,UNAVAILABLE_IN_FROZEN_TOP120,27.25,-6.238532110091743,LOSER,2026-07-09,MATURED,2026-06-25,2026-06-25,True,RECONSTRUCTED_NOT_PRODUCTION_EXACT,LOCKED_EVALUATION,True,True,False,2,True,False,True,True,False,WATCH_CANDIDATE_SHADOW,"{""d0_fresh_rs_p40"": 1.0, ""d0_fresh_volume_p40"": 3.0, ""d0_rs_slope5_p70"": 6.708057106025629, ""d0_rank_change3_p50"": 114.0, ""d0_flow_buy_days5_p70"": 4.0, ""d0_trend_eff5_p50"": 0.5314861460957175, ""d0_close_progress3_p50"": 5.966850828729298, ""d1_market_excess_p70"": 0.033209940654632675, ""d1_rs_change_p40"": 0.04062997403032401, ""d1_rank_change_p40"": -22.4, ""d1_flow_p50"": 4943366.0, ""d1_close_location_p30"": 0.43671497584541175, ""d1_upper_shadow_p70"": 0.23815384615384746, ""d3_rs_change_p40"": -2.0465804520160695, ""d3_rank_change_p40"": -73.39999999999999, ""d3_flow_acceleration_p50"": -16293412.410000004, ""d3_trend_eff_p50"": 0.8554216867469907, ""d3_max_drawdown_p30"": -2.645937542246859}"
6582,申豐,2026-06-25,2026-06-25,A,RANGE_NORMAL,VOLATILE_RANGE,NORMAL,True,0,0,1.0,3.0,,,0,,False,False,75.84715212689257,72.005772005772,50.541516245487365,40.01447178002894,51.34155184916606,8.4352119604684,7.166536069372725,2.4505600277726507,5,1.2686758910956755,0.0,0.6155740930732456,5.92561896083722,3.455270433288682,1.402066202825214,3.5729562737642495,4.481762102075637,2,3,6,-625100.0,2395924.9999999995,1290025.0,3054949.9999999995,3996367.0,1105899.9999999995,0.4237540937332795,797938.9212909781,3,0,0,0,0,1.0,0.8709677419354821,0.7674418604651161,-0.31695721077654726,-0.6319115323854652,0.0,1,4,0.6170940170940172,0.5577564102564103,0.3829059829059827,1,1.0752688172043001,2.8124999999999956,4.278922345483349,5.279999999999996,1.9483325740033866,1.6690849571713264,1.3822489703542802,4,3.095623463829842,1,0,2.8124999999999956,4.278922345483349,61.8,113.0,0.06666666666666667,,,113,True,False,False,False,A,1,,,UNAVAILABLE_IN_FROZEN_TOP120,32.9,-0.3039513677811634,NEUTRAL,2026-07-09,MATURED,2026-06-25,2026-06-25,True,RECONSTRUCTED_NOT_PRODUCTION_EXACT,LOCKED_EVALUATION,True,True,False,2,False,False,True,False,False,WATCH_CANDIDATE_SHADOW,"{""d0_fresh_rs_p40"": 1.0, ""d0_fresh_volume_p40"": 3.0, ""d0_rs_slope5_p70"": 6.708057106025629, ""d0_rank_change3_p50"": 114.0, ""d0_flow_buy_days5_p70"": 4.0, ""d0_trend_eff5_p50"": 0.5314861460957175, ""d0_close_progress3_p50"": 5.966850828729298, ""d1_market_excess_p70"": 0.033209940654632675, ""d1_rs_change_p40"": 0.04062997403032401, ""d1_rank_change_p40"": -22.4, ""d1_flow_p50"": 4943366.0, ""d1_close_location_p30"": 0.43671497584541175, ""d1_upper_shadow_p70"": 0.23815384615384746, ""d3_rs_change_p40"": -2.0465804520160695, ""d3_rank_change_p40"": -73.39999999999999, ""d3_flow_acceleration_p50"": -16293412.410000004, ""d3_trend_eff_p50"": 0.8554216867469907, ""d3_max_drawdown_p30"": -2.645937542246859}"
2107,厚生,2026-06-25,2026-06-25,A,RANGE_NORMAL,VOLATILE_RANGE,NORMAL,True,0,0,8.0,1.0,,,0,,False,False,64.74405191059842,63.41991341991342,42.31046931407942,22.14182344428365,56.56272661348803,7.477860865506332,8.520445693262953,0.8181325297110383,5,-1.0425848277566212,0.0,-0.26627112645214446,3.695643232681889,1.9541258655831006,0.5202209832998239,1.3429805456089183,2.980617534370056,2,4,7,4252391.5,11257904.0,5796509.75,17629855.75,35503512.3,5461394.25,0.4349743262128155,6153223.46566697,4,0,0,1,1,0.2307692307692291,0.583333333333333,0.014925373134327503,-0.9708737864077666,-4.725897920604916,0.0,2,4,0.5584415584415594,0.6150649350649335,0.15584415584415545,2,0.19342359767891004,0.5825242718446644,2.777777777777768,0.19342359767891004,0.7927329794247034,0.8862318234006447,0.961288014851462,2,2.8896415380847014,0,0,0.5825242718446644,2.777777777777768,61.2,115.0,0.05,,,115,True,False,False,False,A,1,,,UNAVAILABLE_IN_FROZEN_TOP120,25.9,-1.1583011583011449,NEUTRAL,2026-07-09,MATURED,2026-06-25,2026-06-25,True,RECONSTRUCTED_NOT_PRODUCTION_EXACT,LOCKED_EVALUATION,True,True,False,2,True,False,True,True,False,WATCH_CANDIDATE_SHADOW,"{""d0_fresh_rs_p40"": 1.0, ""d0_fresh_volume_p40"": 3.0, ""d0_rs_slope5_p70"": 6.708057106025629, ""d0_rank_change3_p50"": 114.0, ""d0_flow_buy_days5_p70"": 4.0, ""d0_trend_eff5_p50"": 0.5314861460957175, ""d0_close_progress3_p50"": 5.966850828729298, ""d1_market_excess_p70"": 0.033209940654632675, ""d1_rs_change_p40"": 0.04062997403032401, ""d1_rank_change_p40"": -22.4, ""d1_flow_p50"": 4943366.0, ""d1_close_location_p30"": 0.43671497584541175, ""d1_upper_shadow_p70"": 0.23815384615384746, ""d3_rs_change_p40"": -2.0465804520160695, ""d3_rank_change_p40"": -73.39999999999999, ""d3_flow_acceleration_p50"": -16293412.410000004, ""d3_trend_eff_p50"": 0.8554216867469907, ""d3_max_drawdown_p30"": -2.645937542246859}"
4414,如興,2026-06-25,2026-06-25,A,RANGE_NORMAL,VOLATILE_RANGE,NORMAL,True,0,0,,0.0,0.0,,0,,False,True,85.79668348954579,74.0981240981241,53.35740072202166,47.178002894356005,4.423495286439449,10.813094255841376,7.723736119037956,8.137318820310634,4,3.08935813680342,0.0,1.436039873025341,5.616098698620286,1.9242572873274355,1.8957345971563955,2.609589545885427,3.6218067571883172,3,3,6,1599600.0,2566655.96,-2528874.39,688975.94,2439301.1,5095530.35,0.2158639978828342,1001576.8476668571,3,0,0,1,1,1.0,0.6969696969697019,0.3124999999999986,-0.5924170616113611,-1.6451233842538215,0.0,2,4,0.5171717171717135,0.5158585858585831,0.4828282828282864,0,1.8957345971563955,2.502979737783062,2.7479091995221028,2.3809523809523725,1.244215691706069,0.7174624019266983,0.7750031059483102,1,3.545675079791716,0,0,2.502979737783062,2.7479091995221028,60.5,120.0,0.008333333333333333,36.0,403.0,120,True,False,False,False,A,1,,,UNAVAILABLE_IN_FROZEN_TOP120,8.6,1.5116279069767424,NEUTRAL,2026-07-09,MATURED,2026-06-25,2026-06-25,True,RECONSTRUCTED_NOT_PRODUCTION_EXACT,LOCKED_EVALUATION,True,True,True,3,True,False,True,True,False,WATCH_CANDIDATE_SHADOW,"{""d0_fresh_rs_p40"": 1.0, ""d0_fresh_volume_p40"": 3.0, ""d0_rs_slope5_p70"": 6.708057106025629, ""d0_rank_change3_p50"": 114.0, ""d0_flow_buy_days5_p70"": 4.0, ""d0_trend_eff5_p50"": 0.5314861460957175, ""d0_close_progress3_p50"": 5.966850828729298, ""d1_market_excess_p70"": 0.033209940654632675, ""d1_rs_change_p40"": 0.04062997403032401, ""d1_rank_change_p40"": -22.4, ""d1_flow_p50"": 4943366.0, ""d1_close_location_p30"": 0.43671497584541175, ""d1_upper_shadow_p70"": 0.23815384615384746, ""d3_rs_change_p40"": -2.0465804520160695, ""d3_rank_change_p40"": -73.39999999999999, ""d3_flow_acceleration_p50"": -16293412.410000004, ""d3_trend_eff_p50"": 0.8554216867469907, ""d3_max_drawdown_p30"": -2.645937542246859}"
2345,智邦,2026-07-01,2026-07-01,A,RANGE_NORMAL,VOLATILE_RANGE,NORMAL,True,0,0,0.0,0.0,0.0,,0,,False,False,86.55097613882863,47.262247838616716,34.96755587599135,10.245310245310245,54.56521739130435,17.19447342094576,15.261133178703677,3.1985758747524278,4,1.9333402422420818,0.0,4.677047849600213,6.274166581234941,9.881594836198747,8.04179788147723,10.619651033351596,14.972027972027991,2,3,4,2328303320.0,2582219220.0,-271592625.0,2672897220.0,1535800130.0,2853811845.0,0.1817322128466809,1454112590.6610546,3,3,1,1,1,0.7777777777777778,0.7808219178082192,0.1686746987951807,-1.6806722689075682,-9.826589595375722,0.0,2,3,0.6152073732718893,0.42365542555295876,0.25384024577572967,0,6.613226452905807,11.764705882352944,12.00000000000001,5.555555555555558,1.3272271588166393,1.0761493313414427,1.1951556771696186,3,10.04053298597765,1,0,11.764705882352944,12.00000000000001,72.9,38.0,0.6916666666666667,,,38,True,False,True,False,AC,2,,,UNAVAILABLE_IN_FROZEN_TOP120,2660.0,-12.781954887218047,LOSER,2026-07-16,MATURED,2026-07-01,2026-07-01,True,RECONSTRUCTED_NOT_PRODUCTION_EXACT,LOCKED_EVALUATION,True,True,False,2,True,True,True,True,True,WATCH_CANDIDATE_SHADOW,"{""d0_fresh_rs_p40"": 1.0, ""d0_fresh_volume_p40"": 3.0, ""d0_rs_slope5_p70"": 6.708057106025629, ""d0_rank_change3_p50"": 114.0, ""d0_flow_buy_days5_p70"": 4.0, ""d0_trend_eff5_p50"": 0.5314861460957175, ""d0_close_progress3_p50"": 5.966850828729298, ""d1_market_excess_p70"": 0.033209940654632675, ""d1_rs_change_p40"": 0.04062997403032401, ""d1_rank_change_p40"": -22.4, ""d1_flow_p50"": 4943366.0, ""d1_close_location_p30"": 0.43671497584541175, ""d1_upper_shadow_p70"": 0.23815384615384746, ""d3_rs_change_p40"": -2.0465804520160695, ""d3_rank_change_p40"": -73.39999999999999, ""d3_flow_acceleration_p50"": -16293412.410000004, ""d3_trend_eff_p50"": 0.8554216867469907, ""d3_max_drawdown_p30"": -2.645937542246859}"
9935,慶豐富,2026-07-01,2026-07-01,A,RANGE_NORMAL,VOLATILE_RANGE,NORMAL,True,0,0,0.0,0.0,,,0,,False,True,72.5234996384671,59.36599423631124,58.68781542898342,55.916305916305916,50.36231884057971,4.61189473649456,3.321438744432237,2.216118079788739,3,1.290455992062323,0.0,1.205182653238901,-1.25773506831377,1.0229560927432324,3.141361256544495,3.0458606126261945,3.141361256544495,3,4,6,9787629.8,11702859.8,1124700.0000000002,12130409.8,10239325.600000001,10578159.8,0.5711470768686372,3038447.1964869844,4,1,0,1,1,0.8888888888888946,0.5000000000000014,0.2500000000000011,-1.305483028720622,-2.577319587628868,0.5221932114882533,4,3,0.7188034188034195,0.56461538461538,0.08119658119658228,1,3.141361256544495,4.232804232804233,3.141361256544495,2.072538860103612,3.3849790223767484,1.5651694341748033,1.2741841058646661,1,2.4653903953799166,1,0,4.232804232804233,3.141361256544495,70.0,55.0,0.5583333333333333,,126.0,55,True,False,False,False,A,1,,,UNAVAILABLE_IN_FROZEN_TOP120,19.7,-4.822335025380708,NEUTRAL,2026-07-16,MATURED,2026-07-01,2026-07-01,True,RECONSTRUCTED_NOT_PRODUCTION_EXACT,LOCKED_EVALUATION,True,False,True,2,True,False,True,True,False,WATCH_CANDIDATE_SHADOW,"{""d0_fresh_rs_p40"": 1.0, ""d0_fresh_volume_p40"": 3.0, ""d0_rs_slope5_p70"": 6.708057106025629, ""d0_rank_change3_p50"": 114.0, ""d0_flow_buy_days5_p70"": 4.0, ""d0_trend_eff5_p50"": 0.5314861460957175, ""d0_close_progress3_p50"": 5.966850828729298, ""d1_market_excess_p70"": 0.033209940654632675, ""d1_rs_change_p40"": 0.04062997403032401, ""d1_rank_change_p40"": -22.4, ""d1_flow_p50"": 4943366.0, ""d1_close_location_p30"": 0.43671497584541175, ""d1_upper_shadow_p70"": 0.23815384615384746, ""d3_rs_change_p40"": -2.0465804520160695, ""d3_rank_change_p40"": -73.39999999999999, ""d3_flow_acceleration_p50"": -16293412.410000004, ""d3_trend_eff_p50"": 0.8554216867469907, ""d3_max_drawdown_p30"": -2.645937542246859}"
8466,美吉吉-KY,2026-07-01,2026-07-01,A,RANGE_NORMAL,VOLATILE_RANGE,NORMAL,True,0,0,1.0,0.0,0.0,,0,,False,True,85.24945770065077,69.164265129683,46.719538572458546,40.25974025974026,71.59420289855072,12.843306376064072,8.9979434881821,1.3655254802100045,3,3.845362887881972,0.0,3.1689265017995183,3.8844606988819974,7.256594836198738,5.105105105105112,8.387240863703195,10.511257218667074,3,3,6,962500.0,1409050.0,-48000.0,1329050.0,914370.0,1457050.0,0.45807811838166357,343741.1216613456,3,0,0,1,1,1.0,0.8823529411764691,0.5769230769230766,-0.6211180124223725,-2.8124999999999956,0.0,2,4,0.5165701415701404,0.6099420849420852,0.4834298584298596,3,5.105105105105112,9.375,9.375,9.375,9.4807545767122,3.7704364526221235,2.494586005018121,1,3.7581386174464244,1,0,9.375,9.375,68.8,67.0,0.48333333333333334,,260.0,67,True,False,False,False,A,1,,,UNAVAILABLE_IN_FROZEN_TOP120,17.5,1.4285714285714235,NEUTRAL,2026-07-16,MATURED,2026-07-01,2026-07-01,True,RECONSTRUCTED_NOT_PRODUCTION_EXACT,LOCKED_EVALUATION,True,True,True,3,True,True,True,True,True,WATCH_CANDIDATE_SHADOW,"{""d0_fresh_rs_p40"": 1.0, ""d0_fresh_volume_p40"": 3.0, ""d0_rs_slope5_p70"": 6.708057106025629, ""d0_rank_change3_p50"": 114.0, ""d0_flow_buy_days5_p70"": 4.0, ""d0_trend_eff5_p50"": 0.5314861460957175, ""d0_close_progress3_p50"": 5.966850828729298, ""d1_market_excess_p70"": 0.033209940654632675, ""d1_rs_change_p40"": 0.04062997403032401, ""d1_rank_change_p40"": -22.4, ""d1_flow_p50"": 4943366.0, ""d1_close_location_p30"": 0.43671497584541175, ""d1_upper_shadow_p70"": 0.23815384615384746, ""d3_rs_change_p40"": -2.0465804520160695, ""d3_rank_change_p40"": -73.39999999999999, ""d3_flow_acceleration_p50"": -16293412.410000004, ""d3_trend_eff_p50"": 0.8554216867469907, ""d3_max_drawdown_p30"": -2.645937542246859}"
2528,皇普,2026-07-01,2026-07-01,A,RANGE_NORMAL,VOLATILE_RANGE,NORMAL,True,0,0,17.0,0.0,0.0,,0,,False,True,88.3586406362979,74.71181556195965,35.68853640951694,25.324675324675326,33.69565217391305,17.556701408926987,12.606793062324517,5.466298846238486,5,4.94990834660247,0.0,4.730488063361071,1.686494191704968,2.5544920324604092,6.666666666666665,6.472493676400248,5.027031898957607,2,4,8,13779360.0,15603010.0,9819200.0,21035210.0,28544729.8,5783810.0,0.3642487779480675,4586562.90011559,3,1,0,1,1,0.9374999999999992,0.4347826086956514,0.012987012987013179,-2.7906976744186074,-6.904231625835189,1.2765839916036026,4,3,0.770588235294119,0.6922230710466014,0.16274509803921328,1,6.666666666666665,7.177033492822971,4.672897196261672,-0.22271714922049712,3.2440514863118453,1.2890275865958036,1.056852701105902,1,4.4215217422181,0,0,7.177033492822971,4.672897196261672,68.6,70.0,0.44166666666666665,,175.0,70,False,False,True,False,C,1,,,UNAVAILABLE_IN_FROZEN_TOP120,22.4,-0.6696428571428492,NEUTRAL,2026-07-16,MATURED,2026-07-01,2026-07-01,True,RECONSTRUCTED_NOT_PRODUCTION_EXACT,LOCKED_EVALUATION,True,True,True,3,True,False,True,True,False,WATCH_CANDIDATE_SHADOW,"{""d0_fresh_rs_p40"": 1.0, ""d0_fresh_volume_p40"": 3.0, ""d0_rs_slope5_p70"": 6.708057106025629, ""d0_rank_change3_p50"": 114.0, ""d0_flow_buy_days5_p70"": 4.0, ""d0_trend_eff5_p50"": 0.5314861460957175, ""d0_close_progress3_p50"": 5.966850828729298, ""d1_market_excess_p70"": 0.033209940654632675, ""d1_rs_change_p40"": 0.04062997403032401, ""d1_rank_change_p40"": -22.4, ""d1_flow_p50"": 4943366.0, ""d1_close_location_p30"": 0.43671497584541175, ""d1_upper_shadow_p70"": 0.23815384615384746, ""d3_rs_change_p40"": -2.0465804520160695, ""d3_rank_change_p40"": -73.39999999999999, ""d3_flow_acceleration_p50"": -16293412.410000004, ""d3_trend_eff_p50"": 0.8554216867469907, ""d3_max_drawdown_p30"": -2.645937542246859}"
00938,凱基優選30,2026-07-01,2026-07-01,A,RANGE_NORMAL,VOLATILE_RANGE,NORMAL,True,0,0,11.0,2.0,11.0,,0,,False,False,84.96023138105568,86.31123919308358,88.2480173035328,86.86868686868686,83.84057971014492,-1.095928640825709,-0.3816910975262374,0.11196516709107555,1,-0.7142375432994715,-5.443809022984723,-2.1407612546967547,-4.454913783305248,-2.2003387975579214,,,,2,2,5,206315.01000000164,-26314273.889999997,-24386659.880000003,-52994546.19,-130302420.49,-1927614.0099999942,0.3387915911798303,19541963.792387426,2,0,0,0,0,0.7142857142857114,0.019999999999999504,0.07224334600760488,-1.8699186991869898,-3.9012738853503204,0.8326680238979145,3,3,0.42390289449113094,0.27378618113912306,0.24712107065048394,1,-0.20458265139116083,1.035625517812755,-0.08193363375665896,0.7851239669421473,0.3190343404986364,1.0915994666074424,0.8932184886768868,2,-0.09172854659337182,0,0,1.035625517812755,-0.08193363375665896,68.0,82.0,0.3333333333333333,53.0,,82,True,False,False,False,A,1,,,UNAVAILABLE_IN_FROZEN_TOP120,24.39,1.0660106601065866,NEUTRAL,2026-07-16,MATURED,2026-07-01,2026-07-01,True,RECONSTRUCTED_NOT_PRODUCTION_EXACT,LOCKED_EVALUATION,True,False,False,1,False,False,False,False,False,DAY0_NO_POSITIVE_STRUCTURE,"{""d0_fresh_rs_p40"": 1.0, ""d0_fresh_volume_p40"": 3.0, ""d0_rs_slope5_p70"": 6.708057106025629, ""d0_rank_change3_p50"": 114.0, ""d0_flow_buy_days5_p70"": 4.0, ""d0_trend_eff5_p50"": 0.5314861460957175, ""d0_close_progress3_p50"": 5.966850828729298, ""d1_market_excess_p70"": 0.033209940654632675, ""d1_rs_change_p40"": 0.04062997403032401, ""d1_rank_change_p40"": -22.4, ""d1_flow_p50"": 4943366.0, ""d1_close_location_p30"": 0.43671497584541175, ""d1_upper_shadow_p70"": 0.23815384615384746, ""d3_rs_change_p40"": -2.0465804520160695, ""d3_rank_change_p40"": -73.39999999999999, ""d3_flow_acceleration_p50"": -16293412.410000004, ""d3_trend_eff_p50"": 0.8554216867469907, ""d3_max_drawdown_p30"": -2.645937542246859}"
00643,群益深証中小,2026-07-01,2026-07-01,A,RANGE_NORMAL,VOLATILE_RANGE,NORMAL,True,0,0,5.0,2.0,,,0,,False,False,74.54808387563268,75.64841498559078,53.857245854361935,44.733044733044736,18.405797101449274,6.89694600709025,5.96300782851759,5.614228677418341,3,0.9339381785726601,-1.1003311099580912,-1.3570280241550048,-3.3837289140528304,-1.0514798485733445,,,,2,3,8,7483852.400000006,15269142.920000006,17524513.430000007,28971842.450000014,70803476.49000001,-2255370.5100000016,0.22807457918730792,10154052.969138455,2,0,0,1,1,0.318518518518518,0.10091743119266004,0.3181818181818181,-4.682274247491636,-4.682274247491636,0.11533744571683435,2,3,0.5877853556881679,0.5498410247336551,0.1521502320735043,3,0.5791505791505891,2.106810387065172,1.066925315227918,4.934541792547842,1.1237698998953858,1.116859819350597,1.0740620050451328,2,0.9933554210243988,0,0,2.106810387065172,1.066925315227918,67.3,87.0,0.2833333333333333,36.0,,87,True,False,False,False,A,1,,,UNAVAILABLE_IN_FROZEN_TOP120,20.84,-4.270633397312862,NEUTRAL,2026-07-16,MATURED,2026-07-01,2026-07-01,True,RECONSTRUCTED_NOT_PRODUCTION_EXACT,LOCKED_EVALUATION,True,False,False,1,True,False,False,False,False,DAY0_NO_POSITIVE_STRUCTURE,"{""d0_fresh_rs_p40"": 1.0, ""d0_fresh_volume_p40"": 3.0, ""d0_rs_slope5_p70"": 6.708057106025629, ""d0_rank_change3_p50"": 114.0, ""d0_flow_buy_days5_p70"": 4.0, ""d0_trend_eff5_p50"": 0.5314861460957175, ""d0_close_progress3_p50"": 5.966850828729298, ""d1_market_excess_p70"": 0.033209940654632675, ""d1_rs_change_p40"": 0.04062997403032401, ""d1_rank_change_p40"": -22.4, ""d1_flow_p50"": 4943366.0, ""d1_close_location_p30"": 0.43671497584541175, ""d1_upper_shadow_p70"": 0.23815384615384746, ""d3_rs_change_p40"": -2.0465804520160695, ""d3_rank_change_p40"": -73.39999999999999, ""d3_flow_acceleration_p50"": -16293412.410000004, ""d3_trend_eff_p50"": 0.8554216867469907, ""d3_max_drawdown_p30"": -2.645937542246859}"
3605,宏致,2026-07-01,2026-07-01,A,RANGE_NORMAL,VOLATILE_RANGE,NORMAL,True,0,0,0.0,0.0,0.0,,0,,False,False,87.85249457700651,40.99423631123919,22.927180966113916,15.656565656565656,10.072463768115941,21.641771203630867,14.43918578408817,7.778003080889057,3,7.202585419542697,0.0,7.948288662419678,10.185136374557668,9.630942094684379,9.884467265725272,13.028616852146268,10.59992197112931,2,3,6,335567836.0,410774167.0,-30582702.099999998,404496721.5,589880571.8,441356869.1,0.41873368179845405,114308742.66151057,3,0,0,1,1,0.983050847457628,0.5555555555555559,0.469964664310954,-4.516129032258065,-8.074534161490687,2.1939619520264744,4,3,0.6077294685990349,0.5629479730181,0.3089371980676318,2,9.884467265725272,15.67567567567567,11.749347258485642,18.39557399723375,5.463272689717635,2.712456836165328,1.927113211469324,2,6.096864049583975,1,0,15.67567567567567,11.749347258485642,66.6,95.0,0.23333333333333334,,,95,False,False,True,False,C,1,,,UNAVAILABLE_IN_FROZEN_TOP120,85.6,-0.8177570093457764,NEUTRAL,2026-07-16,MATURED,2026-07-01,2026-07-01,True,RECONSTRUCTED_NOT_PRODUCTION_EXACT,LOCKED_EVALUATION,True,True,False,2,True,True,True,True,True,WATCH_CANDIDATE_SHADOW,"{""d0_fresh_rs_p40"": 1.0, ""d0_fresh_volume_p40"": 3.0, ""d0_rs_slope5_p70"": 6.708057106025629, ""d0_rank_change3_p50"": 114.0, ""d0_flow_buy_days5_p70"": 4.0, ""d0_trend_eff5_p50"": 0.5314861460957175, ""d0_close_progress3_p50"": 5.966850828729298, ""d1_market_excess_p70"": 0.033209940654632675, ""d1_rs_change_p40"": 0.04062997403032401, ""d1_rank_change_p40"": -22.4, ""d1_flow_p50"": 4943366.0, ""d1_close_location_p30"": 0.43671497584541175, ""d1_upper_shadow_p70"": 0.23815384615384746, ""d3_rs_change_p40"": -2.0465804520160695, ""d3_rank_change_p40"": -73.39999999999999, ""d3_flow_acceleration_p50"": -16293412.410000004, ""d3_trend_eff_p50"": 0.8554216867469907, ""d3_max_drawdown_p30"": -2.645937542246859}"
2429,銘旺科,2026-07-01,2026-07-01,A,RANGE_NORMAL,VOLATILE_RANGE,NORMAL,True,0,0,0.0,2.0,,,0,,False,False,76.28344179320318,19.956772334293948,4.109589041095891,1.948051948051948,0.7971014492753623,24.057950917369098,14.867077969030245,7.548634034392782,5,9.190872948338853,0.0,4.968053022529606,21.158537216032403,16.40011335471725,8.374819861129302,26.07436387347224,22.915361810514014,3,3,6,2593824.0,23031921.0,-4313680.75,16571740.25,9132282.5,27345601.75,0.2930839142983612,7268326.572825135,3,0,0,1,1,1.0,0.590551181102362,0.46928746928746895,-6.419753086419755,-10.401891252955075,0.42268655779880704,1,3,0.8907657657657658,0.5344594594594595,0.10923423423423417,3,6.9042316258352,26.649076517150405,18.518518518518512,24.8374512353706,3.6520379217502246,2.513353092446138,1.731870867182617,3,10.692782510190368,1,0,26.649076517150405,18.518518518518512,66.6,96.0,0.23333333333333334,,,96,False,False,True,False,C,1,,,UNAVAILABLE_IN_FROZEN_TOP120,48.0,-1.5625,NEUTRAL,2026-07-16,MATURED,2026-07-01,2026-07-01,True,RECONSTRUCTED_NOT_PRODUCTION_EXACT,LOCKED_EVALUATION,True,True,False,2,True,True,True,True,True,WATCH_CANDIDATE_SHADOW,"{""d0_fresh_rs_p40"": 1.0, ""d0_fresh_volume_p40"": 3.0, ""d0_rs_slope5_p70"": 6.708057106025629, ""d0_rank_change3_p50"": 114.0, ""d0_flow_buy_days5_p70"": 4.0, ""d0_trend_eff5_p50"": 0.5314861460957175, ""d0_close_progress3_p50"": 5.966850828729298, ""d1_market_excess_p70"": 0.033209940654632675, ""d1_rs_change_p40"": 0.04062997403032401, ""d1_rank_change_p40"": -22.4, ""d1_flow_p50"": 4943366.0, ""d1_close_location_p30"": 0.43671497584541175, ""d1_upper_shadow_p70"": 0.23815384615384746, ""d3_rs_change_p40"": -2.0465804520160695, ""d3_rank_change_p40"": -73.39999999999999, ""d3_flow_acceleration_p50"": -16293412.410000004, ""d3_trend_eff_p50"": 0.8554216867469907, ""d3_max_drawdown_p30"": -2.645937542246859}"
00728,第一金工業30,2026-07-01,2026-07-01,A,RANGE_NORMAL,VOLATILE_RANGE,NORMAL,True,0,0,7.0,0.0,7.0,,0,,False,False,73.7527114967462,56.48414985590778,58.11103100216294,75.54112554112554,75.14492753623189,5.2138934981944205,-0.3576828088758674,-0.1392216039485689,2,5.571576307070288,-6.824905831773648,-0.0071662576265785205,-0.06356404174050478,-2.795096893124571,,,,3,4,8,2181499.4000000004,5885909.6,-3101242.0499999993,2455958.0500000007,16931204.9,8987151.649999999,0.29260312913507464,2940263.036975276,2,0,0,1,1,1.0,0.0612244897959188,0.20869565217391278,-5.860255447032303,-6.701414743112444,0.0,2,4,0.36037037037036573,0.3162222222222183,0.5655555555555544,1,1.9290123456790154,5.426975259377498,-0.6766917293233088,3.770620581303996,2.6109006420814076,1.3273561853089875,1.2687283148519504,2,-0.5333622032407095,0,0,5.426975259377498,-0.6766917293233088,65.5,116.0,0.05,198.0,,116,True,False,False,False,A,1,,,UNAVAILABLE_IN_FROZEN_TOP120,66.05,-2.4981074943224657,NEUTRAL,2026-07-16,MATURED,2026-07-01,2026-07-01,True,RECONSTRUCTED_NOT_PRODUCTION_EXACT,LOCKED_EVALUATION,True,False,False,1,True,False,False,False,False,DAY0_NO_POSITIVE_STRUCTURE,"{""d0_fresh_rs_p40"": 1.0, ""d0_fresh_volume_p40"": 3.0, ""d0_rs_slope5_p70"": 6.708057106025629, ""d0_rank_change3_p50"": 114.0, ""d0_flow_buy_days5_p70"": 4.0, ""d0_trend_eff5_p50"": 0.5314861460957175, ""d0_close_progress3_p50"": 5.966850828729298, ""d1_market_excess_p70"": 0.033209940654632675, ""d1_rs_change_p40"": 0.04062997403032401, ""d1_rank_change_p40"": -22.4, ""d1_flow_p50"": 4943366.0, ""d1_close_location_p30"": 0.43671497584541175, ""d1_upper_shadow_p70"": 0.23815384615384746, ""d3_rs_change_p40"": -2.0465804520160695, ""d3_rank_change_p40"": -73.39999999999999, ""d3_flow_acceleration_p50"": -16293412.410000004, ""d3_trend_eff_p50"": 0.8554216867469907, ""d3_max_drawdown_p30"": -2.645937542246859}"
2433,互盛電,2026-07-01,2026-07-01,A,RANGE_NORMAL,VOLATILE_RANGE,NORMAL,True,0,0,5.0,1.0,,,0,,False,False,66.66666666666667,70.10086455331412,67.05118961788031,54.61760461760462,16.666666666666668,-0.1281743170712133,2.4098124098124103,5.0,4,-2.5379867268836236,-3.4341978866474534,-1.9361786033055939,-4.247601448010663,-2.3411223130217595,-0.09208103130755596,0.34420460123020247,-0.11135857461024856,3,3,6,3628800.0,4613150.0,730099.8999999999,3324950.0,5787080.4,3883050.1,0.3887256118009588,1275302.9187535737,3,0,0,0,0,1.0,0.08333333333333481,0.2941176470588239,-1.4476614699331813,-1.4476614699331813,0.5024807111040364,1,2,0.694444444444439,0.5551282051282008,0.16666666666666666,1,0.0,1.2429378531073398,-0.22271714922049712,1.7026106696935273,3.529798380081576,2.110427895353762,1.7139608569505536,2,-0.12994296125102367,0,0,1.2429378531073398,-0.22271714922049712,65.5,117.0,0.05,,47.0,117,True,False,False,False,A,1,,,UNAVAILABLE_IN_FROZEN_TOP120,44.8,-6.249999999999989,LOSER,2026-07-16,MATURED,2026-07-01,2026-07-01,True,RECONSTRUCTED_NOT_PRODUCTION_EXACT,LOCKED_EVALUATION,True,False,False,1,False,False,False,False,False,DAY0_NO_POSITIVE_STRUCTURE,"{""d0_fresh_rs_p40"": 1.0, ""d0_fresh_volume_p40"": 3.0, ""d0_rs_slope5_p70"": 6.708057106025629, ""d0_rank_change3_p50"": 114.0, ""d0_flow_buy_days5_p70"": 4.0, ""d0_trend_eff5_p50"": 0.5314861460957175, ""d0_close_progress3_p50"": 5.966850828729298, ""d1_market_excess_p70"": 0.033209940654632675, ""d1_rs_change_p40"": 0.04062997403032401, ""d1_rank_change_p40"": -22.4, ""d1_flow_p50"": 4943366.0, ""d1_close_location_p30"": 0.43671497584541175, ""d1_upper_shadow_p70"": 0.23815384615384746, ""d3_rs_change_p40"": -2.0465804520160695, ""d3_rank_change_p40"": -73.39999999999999, ""d3_flow_acceleration_p50"": -16293412.410000004, ""d3_trend_eff_p50"": 0.8554216867469907, ""d3_max_drawdown_p30"": -2.645937542246859}"
