evaluation_date,cluster,activity_sector_excess_return_3d,activity_sector_excess_return_5d,activity_top120_count,activity_rank_improving_count,activity_volume_expansion_breadth,activity_institution_buy_breadth,activity_leader_strength,activity_evidence_count,activity_high_evidence_count,pocket_activity,activity_threshold_source,activity_thresholds
2026-05-28,AGRI_TECH,-1.6081378071385377,-7.611405079316142,0,0,75.0,75.0,-1.7094017094017144,3,2,ACTIVE,Dataset A distribution; outcome-blind,"{""activity_sector_excess_return_3d"": -1.3650675253893185, ""activity_sector_excess_return_5d"": -1.8270934023111836, ""activity_top120_count"": 1.0, ""activity_rank_improving_count"": 0.0, ""activity_volume_expansion_breadth"": 13.752488387524883, ""activity_institution_buy_breadth"": 47.72256728778468, ""activity_leader_strength"": 11.10260225217341}"
2026-05-29,AGRI_TECH,-3.5171362722732527,-7.381049001210421,0,0,25.0,75.0,-0.6802721088435382,3,2,ACTIVE,Dataset A distribution; outcome-blind,"{""activity_sector_excess_return_3d"": -1.3650675253893185, ""activity_sector_excess_return_5d"": -1.8270934023111836, ""activity_top120_count"": 1.0, ""activity_rank_improving_count"": 0.0, ""activity_volume_expansion_breadth"": 13.752488387524883, ""activity_institution_buy_breadth"": 47.72256728778468, ""activity_leader_strength"": 11.10260225217341}"
2026-06-01,AGRI_TECH,-1.4882191105271447,-2.742142092443589,0,0,50.0,75.0,2.2146507666098714,3,2,ACTIVE,Dataset A distribution; outcome-blind,"{""activity_sector_excess_return_3d"": -1.3650675253893185, ""activity_sector_excess_return_5d"": -1.8270934023111836, ""activity_top120_count"": 1.0, ""activity_rank_improving_count"": 0.0, ""activity_volume_expansion_breadth"": 13.752488387524883, ""activity_institution_buy_breadth"": 47.72256728778468, ""activity_leader_strength"": 11.10260225217341}"
2026-06-02,AGRI_TECH,-2.735382476913617,-3.6762908279448334,0,0,50.0,75.0,3.378378378378377,3,2,ACTIVE,Dataset A distribution; outcome-blind,"{""activity_sector_excess_return_3d"": -1.3650675253893185, ""activity_sector_excess_return_5d"": -1.8270934023111836, ""activity_top120_count"": 1.0, ""activity_rank_improving_count"": 0.0, ""activity_volume_expansion_breadth"": 13.752488387524883, ""activity_institution_buy_breadth"": 47.72256728778468, ""activity_leader_strength"": 11.10260225217341}"
2026-06-03,AGRI_TECH,-2.711633682215159,-4.313775489258936,0,0,50.0,75.0,4.810996563573888,3,2,ACTIVE,Dataset A distribution; outcome-blind,"{""activity_sector_excess_return_3d"": -1.3650675253893185, ""activity_sector_excess_return_5d"": -1.8270934023111836, ""activity_top120_count"": 1.0, ""activity_rank_improving_count"": 0.0, ""activity_volume_expansion_breadth"": 13.752488387524883, ""activity_institution_buy_breadth"": 47.72256728778468, ""activity_leader_strength"": 11.10260225217341}"
2026-06-04,AGRI_TECH,-1.647580392524789,-3.423380490592487,0,0,25.0,75.0,4.869565217391303,3,2,ACTIVE,Dataset A distribution; outcome-blind,"{""activity_sector_excess_return_3d"": -1.3650675253893185, ""activity_sector_excess_return_5d"": -1.8270934023111836, ""activity_top120_count"": 1.0, ""activity_rank_improving_count"": 0.0, ""activity_volume_expansion_breadth"": 13.752488387524883, ""activity_institution_buy_breadth"": 47.72256728778468, ""activity_leader_strength"": 11.10260225217341}"
2026-06-05,AGRI_TECH,1.136187453405857,1.5520969902372062,0,0,50.0,100.0,5.015197568389063,5,4,HIGH_ACTIVITY,Dataset A distribution; outcome-blind,"{""activity_sector_excess_return_3d"": -1.3650675253893185, ""activity_sector_excess_return_5d"": -1.8270934023111836, ""activity_top120_count"": 1.0, ""activity_rank_improving_count"": 0.0, ""activity_volume_expansion_breadth"": 13.752488387524883, ""activity_institution_buy_breadth"": 47.72256728778468, ""activity_leader_strength"": 11.10260225217341}"
2026-06-08,AGRI_TECH,5.076993528666817,2.847221795579424,0,0,0.0,50.0,2.6946107784431073,4,2,ACTIVE,Dataset A distribution; outcome-blind,"{""activity_sector_excess_return_3d"": -1.3650675253893185, ""activity_sector_excess_return_5d"": -1.8270934023111836, ""activity_top120_count"": 1.0, ""activity_rank_improving_count"": 0.0, ""activity_volume_expansion_breadth"": 13.752488387524883, ""activity_institution_buy_breadth"": 47.72256728778468, ""activity_leader_strength"": 11.10260225217341}"
2026-06-09,AGRI_TECH,0.9092911248962388,0.2442062954780777,0,0,50.0,25.0,0.16339869281045694,4,1,ACTIVE,Dataset A distribution; outcome-blind,"{""activity_sector_excess_return_3d"": -1.3650675253893185, ""activity_sector_excess_return_5d"": -1.8270934023111836, ""activity_top120_count"": 1.0, ""activity_rank_improving_count"": 0.0, ""activity_volume_expansion_breadth"": 13.752488387524883, ""activity_institution_buy_breadth"": 47.72256728778468, ""activity_leader_strength"": 11.10260225217341}"
2026-06-10,AGRI_TECH,0.7075174866174208,4.9379522242339995,0,0,25.0,25.0,-1.7832647462277196,4,2,ACTIVE,Dataset A distribution; outcome-blind,"{""activity_sector_excess_return_3d"": -1.3650675253893185, ""activity_sector_excess_return_5d"": -1.8270934023111836, ""activity_top120_count"": 1.0, ""activity_rank_improving_count"": 0.0, ""activity_volume_expansion_breadth"": 13.752488387524883, ""activity_institution_buy_breadth"": 47.72256728778468, ""activity_leader_strength"": 11.10260225217341}"
2026-06-11,AGRI_TECH,-1.2904886151688775,4.129268672413733,0,0,0.0,50.0,-0.4149377593360981,4,1,ACTIVE,Dataset A distribution; outcome-blind,"{""activity_sector_excess_return_3d"": -1.3650675253893185, ""activity_sector_excess_return_5d"": -1.8270934023111836, ""activity_top120_count"": 1.0, ""activity_rank_improving_count"": 0.0, ""activity_volume_expansion_breadth"": 13.752488387524883, ""activity_institution_buy_breadth"": 47.72256728778468, ""activity_leader_strength"": 11.10260225217341}"
2026-06-12,AGRI_TECH,0.18058248920215791,-0.8349992415412064,0,0,0.0,25.0,-1.0958904109588996,3,0,ACTIVE,Dataset A distribution; outcome-blind,"{""activity_sector_excess_return_3d"": -1.3650675253893185, ""activity_sector_excess_return_5d"": -1.8270934023111836, ""activity_top120_count"": 1.0, ""activity_rank_improving_count"": 0.0, ""activity_volume_expansion_breadth"": 13.752488387524883, ""activity_institution_buy_breadth"": 47.72256728778468, ""activity_leader_strength"": 11.10260225217341}"
2026-06-15,AGRI_TECH,-3.6078414520087088,-4.922743657801782,0,0,0.0,75.0,2.772643253234741,2,1,LOW_ACTIVITY,Dataset A distribution; outcome-blind,"{""activity_sector_excess_return_3d"": -1.3650675253893185, ""activity_sector_excess_return_5d"": -1.8270934023111836, ""activity_top120_count"": 1.0, ""activity_rank_improving_count"": 0.0, ""activity_volume_expansion_breadth"": 13.752488387524883, ""activity_institution_buy_breadth"": 47.72256728778468, ""activity_leader_strength"": 11.10260225217341}"
2026-06-16,AGRI_TECH,-5.631028515197362,-1.6651949763129115,0,0,0.0,50.0,12.523020257826879,4,0,ACTIVE,Dataset A distribution; outcome-blind,"{""activity_sector_excess_return_3d"": -1.3650675253893185, ""activity_sector_excess_return_5d"": -1.8270934023111836, ""activity_top120_count"": 1.0, ""activity_rank_improving_count"": 0.0, ""activity_volume_expansion_breadth"": 13.752488387524883, ""activity_institution_buy_breadth"": 47.72256728778468, ""activity_leader_strength"": 11.10260225217341}"
2026-06-17,AGRI_TECH,-3.9317429339213614,-4.946494164355075,0,0,25.0,0.0,22.480620155038757,3,1,ACTIVE,Dataset A distribution; outcome-blind,"{""activity_sector_excess_return_3d"": -1.3650675253893185, ""activity_sector_excess_return_5d"": -1.8270934023111836, ""activity_top120_count"": 1.0, ""activity_rank_improving_count"": 0.0, ""activity_volume_expansion_breadth"": 13.752488387524883, ""activity_institution_buy_breadth"": 47.72256728778468, ""activity_leader_strength"": 11.10260225217341}"
2026-06-18,AGRI_TECH,-2.451664250614133,-7.313664746233606,0,0,50.0,50.0,31.456310679611654,4,2,ACTIVE,Dataset A distribution; outcome-blind,"{""activity_sector_excess_return_3d"": -1.3650675253893185, ""activity_sector_excess_return_5d"": -1.8270934023111836, ""activity_top120_count"": 1.0, ""activity_rank_improving_count"": 0.0, ""activity_volume_expansion_breadth"": 13.752488387524883, ""activity_institution_buy_breadth"": 47.72256728778468, ""activity_leader_strength"": 11.10260225217341}"
2026-06-22,AGRI_TECH,-4.317285934595361,-8.562815304618814,0,0,50.0,50.0,26.23574144486691,4,2,ACTIVE,Dataset A distribution; outcome-blind,"{""activity_sector_excess_return_3d"": -1.3650675253893185, ""activity_sector_excess_return_5d"": -1.8270934023111836, ""activity_top120_count"": 1.0, ""activity_rank_improving_count"": 0.0, ""activity_volume_expansion_breadth"": 13.752488387524883, ""activity_institution_buy_breadth"": 47.72256728778468, ""activity_leader_strength"": 11.10260225217341}"
2026-06-23,AGRI_TECH,-3.3840390934215927,-4.969540570000891,0,0,25.0,75.0,24.640287769784173,4,3,ACTIVE,Dataset A distribution; outcome-blind,"{""activity_sector_excess_return_3d"": -1.3650675253893185, ""activity_sector_excess_return_5d"": -1.8270934023111836, ""activity_top120_count"": 1.0, ""activity_rank_improving_count"": 0.0, ""activity_volume_expansion_breadth"": 13.752488387524883, ""activity_institution_buy_breadth"": 47.72256728778468, ""activity_leader_strength"": 11.10260225217341}"
2026-06-24,AGRI_TECH,-1.5550145585360386,-1.846006059797617,0,0,25.0,50.0,5.07364975450082,3,1,ACTIVE,Dataset A distribution; outcome-blind,"{""activity_sector_excess_return_3d"": -1.3650675253893185, ""activity_sector_excess_return_5d"": -1.8270934023111836, ""activity_top120_count"": 1.0, ""activity_rank_improving_count"": 0.0, ""activity_volume_expansion_breadth"": 13.752488387524883, ""activity_institution_buy_breadth"": 47.72256728778468, ""activity_leader_strength"": 11.10260225217341}"
2026-06-25,AGRI_TECH,-1.130843506475499,-4.368709175606361,0,0,0.0,25.0,-0.8333333333333304,2,0,LOW_ACTIVITY,Dataset A distribution; outcome-blind,"{""activity_sector_excess_return_3d"": -1.3650675253893185, ""activity_sector_excess_return_5d"": -1.8270934023111836, ""activity_top120_count"": 1.0, ""activity_rank_improving_count"": 0.0, ""activity_volume_expansion_breadth"": 13.752488387524883, ""activity_institution_buy_breadth"": 47.72256728778468, ""activity_leader_strength"": 11.10260225217341}"
2026-06-26,AGRI_TECH,0.7106292614679219,-2.4526640838403058,0,0,25.0,25.0,-1.8030513176144236,3,1,ACTIVE,Dataset A distribution; outcome-blind,"{""activity_sector_excess_return_3d"": -1.3650675253893185, ""activity_sector_excess_return_5d"": -1.8270934023111836, ""activity_top120_count"": 1.0, ""activity_rank_improving_count"": 0.0, ""activity_volume_expansion_breadth"": 13.752488387524883, ""activity_institution_buy_breadth"": 47.72256728778468, ""activity_leader_strength"": 11.10260225217341}"
2026-06-29,AGRI_TECH,-1.663383840680638,0.18923626195158594,0,0,0.0,50.0,-0.2777777777777768,3,0,ACTIVE,Dataset A distribution; outcome-blind,"{""activity_sector_excess_return_3d"": -1.3650675253893185, ""activity_sector_excess_return_5d"": -1.8270934023111836, ""activity_top120_count"": 1.0, ""activity_rank_improving_count"": 0.0, ""activity_volume_expansion_breadth"": 13.752488387524883, ""activity_institution_buy_breadth"": 47.72256728778468, ""activity_leader_strength"": 11.10260225217341}"
2026-06-30,AGRI_TECH,0.17967221824662372,-1.6343667811502982,0,0,0.0,50.0,0.4601226993864893,4,0,ACTIVE,Dataset A distribution; outcome-blind,"{""activity_sector_excess_return_3d"": -1.3650675253893185, ""activity_sector_excess_return_5d"": -1.8270934023111836, ""activity_top120_count"": 1.0, ""activity_rank_improving_count"": 0.0, ""activity_volume_expansion_breadth"": 13.752488387524883, ""activity_institution_buy_breadth"": 47.72256728778468, ""activity_leader_strength"": 11.10260225217341}"
2026-07-01,AGRI_TECH,-4.241688952937728,-5.233669961309051,0,0,0.0,25.0,0.0,1,0,LOW_ACTIVITY,Dataset A distribution; outcome-blind,"{""activity_sector_excess_return_3d"": -1.3650675253893185, ""activity_sector_excess_return_5d"": -1.8270934023111836, ""activity_top120_count"": 1.0, ""activity_rank_improving_count"": 0.0, ""activity_volume_expansion_breadth"": 13.752488387524883, ""activity_institution_buy_breadth"": 47.72256728778468, ""activity_leader_strength"": 11.10260225217341}"
2026-07-02,AGRI_TECH,-3.3193535611071967,-0.8977655058171385,0,0,0.0,75.0,0.42016806722688926,3,1,ACTIVE,Dataset A distribution; outcome-blind,"{""activity_sector_excess_return_3d"": -1.3650675253893185, ""activity_sector_excess_return_5d"": -1.8270934023111836, ""activity_top120_count"": 1.0, ""activity_rank_improving_count"": 0.0, ""activity_volume_expansion_breadth"": 13.752488387524883, ""activity_institution_buy_breadth"": 47.72256728778468, ""activity_leader_strength"": 11.10260225217341}"
2026-07-03,AGRI_TECH,-1.3565027941887353,-2.828583867601153,0,0,50.0,75.0,8.892921960072586,4,2,ACTIVE,Dataset A distribution; outcome-blind,"{""activity_sector_excess_return_3d"": -1.3650675253893185, ""activity_sector_excess_return_5d"": -1.8270934023111836, ""activity_top120_count"": 1.0, ""activity_rank_improving_count"": 0.0, ""activity_volume_expansion_breadth"": 13.752488387524883, ""activity_institution_buy_breadth"": 47.72256728778468, ""activity_leader_strength"": 11.10260225217341}"
2026-07-06,AGRI_TECH,2.760145428921712,-1.2438092624914687,0,0,25.0,75.0,9.026548672566381,5,3,ACTIVE,Dataset A distribution; outcome-blind,"{""activity_sector_excess_return_3d"": -1.3650675253893185, ""activity_sector_excess_return_5d"": -1.8270934023111836, ""activity_top120_count"": 1.0, ""activity_rank_improving_count"": 0.0, ""activity_volume_expansion_breadth"": 13.752488387524883, ""activity_institution_buy_breadth"": 47.72256728778468, ""activity_leader_strength"": 11.10260225217341}"
2026-07-07,AGRI_TECH,2.6147000647400276,1.119476319872742,0,0,25.0,25.0,2.9684601113172615,4,2,ACTIVE,Dataset A distribution; outcome-blind,"{""activity_sector_excess_return_3d"": -1.3650675253893185, ""activity_sector_excess_return_5d"": -1.8270934023111836, ""activity_top120_count"": 1.0, ""activity_rank_improving_count"": 0.0, ""activity_volume_expansion_breadth"": 13.752488387524883, ""activity_institution_buy_breadth"": 47.72256728778468, ""activity_leader_strength"": 11.10260225217341}"
2026-07-08,AGRI_TECH,2.8445976226897596,5.027784996872731,0,0,25.0,50.0,4.983388704318936,5,3,ACTIVE,Dataset A distribution; outcome-blind,"{""activity_sector_excess_return_3d"": -1.3650675253893185, ""activity_sector_excess_return_5d"": -1.8270934023111836, ""activity_top120_count"": 1.0, ""activity_rank_improving_count"": 0.0, ""activity_volume_expansion_breadth"": 13.752488387524883, ""activity_institution_buy_breadth"": 47.72256728778468, ""activity_leader_strength"": 11.10260225217341}"
2026-07-09,AGRI_TECH,2.9352205151106814,4.738470067148038,0,0,50.0,50.0,10.708401976935743,5,3,ACTIVE,Dataset A distribution; outcome-blind,"{""activity_sector_excess_return_3d"": -1.3650675253893185, ""activity_sector_excess_return_5d"": -1.8270934023111836, ""activity_top120_count"": 1.0, ""activity_rank_improving_count"": 0.0, ""activity_volume_expansion_breadth"": 13.752488387524883, ""activity_institution_buy_breadth"": 47.72256728778468, ""activity_leader_strength"": 11.10260225217341}"
2026-07-13,AGRI_TECH,-1.2101545626917398,2.265172940167559,1,0,50.0,25.0,0.8333333333333304,5,2,ACTIVE,Dataset A distribution; outcome-blind,"{""activity_sector_excess_return_3d"": -1.3650675253893185, ""activity_sector_excess_return_5d"": -1.8270934023111836, ""activity_top120_count"": 1.0, ""activity_rank_improving_count"": 0.0, ""activity_volume_expansion_breadth"": 13.752488387524883, ""activity_institution_buy_breadth"": 47.72256728778468, ""activity_leader_strength"": 11.10260225217341}"
2026-07-14,AGRI_TECH,1.417088113105891,2.987037520837993,0,0,50.0,75.0,7.629870129870131,5,4,HIGH_ACTIVITY,Dataset A distribution; outcome-blind,"{""activity_sector_excess_return_3d"": -1.3650675253893185, ""activity_sector_excess_return_5d"": -1.8270934023111836, ""activity_top120_count"": 1.0, ""activity_rank_improving_count"": 0.0, ""activity_volume_expansion_breadth"": 13.752488387524883, ""activity_institution_buy_breadth"": 47.72256728778468, ""activity_leader_strength"": 11.10260225217341}"
2026-07-15,AGRI_TECH,-0.3118166721665927,-0.1428790251706169,1,0,50.0,75.0,22.72727272727273,7,2,ACTIVE,Dataset A distribution; outcome-blind,"{""activity_sector_excess_return_3d"": -1.3650675253893185, ""activity_sector_excess_return_5d"": -1.8270934023111836, ""activity_top120_count"": 1.0, ""activity_rank_improving_count"": 0.0, ""activity_volume_expansion_breadth"": 13.752488387524883, ""activity_institution_buy_breadth"": 47.72256728778468, ""activity_leader_strength"": 11.10260225217341}"
2026-07-16,AGRI_TECH,1.3905627406905041,1.32683970298203,0,0,50.0,25.0,3.9556962025316444,4,3,ACTIVE,Dataset A distribution; outcome-blind,"{""activity_sector_excess_return_3d"": -1.3650675253893185, ""activity_sector_excess_return_5d"": -1.8270934023111836, ""activity_top120_count"": 1.0, ""activity_rank_improving_count"": 0.0, ""activity_volume_expansion_breadth"": 13.752488387524883, ""activity_institution_buy_breadth"": 47.72256728778468, ""activity_leader_strength"": 11.10260225217341}"
2026-07-17,AGRI_TECH,3.7258891241923275,2.5632360196313204,0,0,25.0,75.0,1.5625,5,4,HIGH_ACTIVITY,Dataset A distribution; outcome-blind,"{""activity_sector_excess_return_3d"": -1.3650675253893185, ""activity_sector_excess_return_5d"": -1.8270934023111836, ""activity_top120_count"": 1.0, ""activity_rank_improving_count"": 0.0, ""activity_volume_expansion_breadth"": 13.752488387524883, ""activity_institution_buy_breadth"": 47.72256728778468, ""activity_leader_strength"": 11.10260225217341}"
2026-07-20,AGRI_TECH,4.831280571134178,4.8616588522384925,0,0,50.0,75.0,2.5787965616045794,5,4,HIGH_ACTIVITY,Dataset A distribution; outcome-blind,"{""activity_sector_excess_return_3d"": -1.3650675253893185, ""activity_sector_excess_return_5d"": -1.8270934023111836, ""activity_top120_count"": 1.0, ""activity_rank_improving_count"": 0.0, ""activity_volume_expansion_breadth"": 13.752488387524883, ""activity_institution_buy_breadth"": 47.72256728778468, ""activity_leader_strength"": 11.10260225217341}"
2026-07-21,AGRI_TECH,1.3140437181971831,1.6950486777394025,0,0,25.0,75.0,1.5625,5,4,HIGH_ACTIVITY,Dataset A distribution; outcome-blind,"{""activity_sector_excess_return_3d"": -1.3650675253893185, ""activity_sector_excess_return_5d"": -1.8270934023111836, ""activity_top120_count"": 1.0, ""activity_rank_improving_count"": 0.0, ""activity_volume_expansion_breadth"": 13.752488387524883, ""activity_institution_buy_breadth"": 47.72256728778468, ""activity_leader_strength"": 11.10260225217341}"
2026-07-22,AGRI_TECH,-5.818318832463953,0.42891228860321706,0,0,25.0,50.0,-0.5415162454873612,4,1,ACTIVE,Dataset A distribution; outcome-blind,"{""activity_sector_excess_return_3d"": -1.3650675253893185, ""activity_sector_excess_return_5d"": -1.8270934023111836, ""activity_top120_count"": 1.0, ""activity_rank_improving_count"": 0.0, ""activity_volume_expansion_breadth"": 13.752488387524883, ""activity_institution_buy_breadth"": 47.72256728778468, ""activity_leader_strength"": 11.10260225217341}"
2026-07-23,AGRI_TECH,-4.898550188086076,-0.3875566387358145,0,0,25.0,25.0,-0.6983240223463638,3,1,ACTIVE,Dataset A distribution; outcome-blind,"{""activity_sector_excess_return_3d"": -1.3650675253893185, ""activity_sector_excess_return_5d"": -1.8270934023111836, ""activity_top120_count"": 1.0, ""activity_rank_improving_count"": 0.0, ""activity_volume_expansion_breadth"": 13.752488387524883, ""activity_institution_buy_breadth"": 47.72256728778468, ""activity_leader_strength"": 11.10260225217341}"
2026-07-24,AGRI_TECH,0.3207743820028419,-2.654643849960986,0,0,75.0,50.0,1.495327102803734,4,1,ACTIVE,Dataset A distribution; outcome-blind,"{""activity_sector_excess_return_3d"": -1.3650675253893185, ""activity_sector_excess_return_5d"": -1.8270934023111836, ""activity_top120_count"": 1.0, ""activity_rank_improving_count"": 0.0, ""activity_volume_expansion_breadth"": 13.752488387524883, ""activity_institution_buy_breadth"": 47.72256728778468, ""activity_leader_strength"": 11.10260225217341}"
2026-05-28,AI,-5.088144670945083,-3.959217177128238,0,0,21.428571428571427,14.285714285714285,23.361823361823355,3,1,ACTIVE,Dataset A distribution; outcome-blind,"{""activity_sector_excess_return_3d"": -1.3650675253893185, ""activity_sector_excess_return_5d"": -1.8270934023111836, ""activity_top120_count"": 1.0, ""activity_rank_improving_count"": 0.0, ""activity_volume_expansion_breadth"": 13.752488387524883, ""activity_institution_buy_breadth"": 47.72256728778468, ""activity_leader_strength"": 11.10260225217341}"
2026-05-29,AI,-4.4486819212846695,-5.974218263795928,4,0,21.428571428571427,57.14285714285714,13.989637305699487,5,1,ACTIVE,Dataset A distribution; outcome-blind,"{""activity_sector_excess_return_3d"": -1.3650675253893185, ""activity_sector_excess_return_5d"": -1.8270934023111836, ""activity_top120_count"": 1.0, ""activity_rank_improving_count"": 0.0, ""activity_volume_expansion_breadth"": 13.752488387524883, ""activity_institution_buy_breadth"": 47.72256728778468, ""activity_leader_strength"": 11.10260225217341}"
2026-06-01,AI,3.40960625455331,-5.573650439312072,2,0,42.857142857142854,57.14285714285714,7.858243451463776,5,2,ACTIVE,Dataset A distribution; outcome-blind,"{""activity_sector_excess_return_3d"": -1.3650675253893185, ""activity_sector_excess_return_5d"": -1.8270934023111836, ""activity_top120_count"": 1.0, ""activity_rank_improving_count"": 0.0, ""activity_volume_expansion_breadth"": 13.752488387524883, ""activity_institution_buy_breadth"": 47.72256728778468, ""activity_leader_strength"": 11.10260225217341}"
2026-06-02,AI,0.3348560587387528,-7.303632586687048,1,0,42.857142857142854,35.714285714285715,8.924485125858128,4,1,ACTIVE,Dataset A distribution; outcome-blind,"{""activity_sector_excess_return_3d"": -1.3650675253893185, ""activity_sector_excess_return_5d"": -1.8270934023111836, ""activity_top120_count"": 1.0, ""activity_rank_improving_count"": 0.0, ""activity_volume_expansion_breadth"": 13.752488387524883, ""activity_institution_buy_breadth"": 47.72256728778468, ""activity_leader_strength"": 11.10260225217341}"
2026-06-03,AI,-4.324062281724627,-5.691627605398053,2,1,35.714285714285715,28.57142857142857,18.764845605700707,4,2,ACTIVE,Dataset A distribution; outcome-blind,"{""activity_sector_excess_return_3d"": -1.3650675253893185, ""activity_sector_excess_return_5d"": -1.8270934023111836, ""activity_top120_count"": 1.0, ""activity_rank_improving_count"": 0.0, ""activity_volume_expansion_breadth"": 13.752488387524883, ""activity_institution_buy_breadth"": 47.72256728778468, ""activity_leader_strength"": 11.10260225217341}"
2026-06-04,AI,-2.75427933745902,-0.861539840989467,0,0,28.57142857142857,28.57142857142857,12.996389891696758,4,1,ACTIVE,Dataset A distribution; outcome-blind,"{""activity_sector_excess_return_3d"": -1.3650675253893185, ""activity_sector_excess_return_5d"": -1.8270934023111836, ""activity_top120_count"": 1.0, ""activity_rank_improving_count"": 0.0, ""activity_volume_expansion_breadth"": 13.752488387524883, ""activity_institution_buy_breadth"": 47.72256728778468, ""activity_leader_strength"": 11.10260225217341}"
2026-06-05,AI,-1.8735761228065195,-1.9094414713012653,0,0,21.428571428571427,14.285714285714285,11.145510835913308,3,0,ACTIVE,Dataset A distribution; outcome-blind,"{""activity_sector_excess_return_3d"": -1.3650675253893185, ""activity_sector_excess_return_5d"": -1.8270934023111836, ""activity_top120_count"": 1.0, ""activity_rank_improving_count"": 0.0, ""activity_volume_expansion_breadth"": 13.752488387524883, ""activity_institution_buy_breadth"": 47.72256728778468, ""activity_leader_strength"": 11.10260225217341}"
2026-06-08,AI,-0.7794618511643874,-5.108954259994226,0,0,21.428571428571427,28.57142857142857,0.4405286343612369,3,0,ACTIVE,Dataset A distribution; outcome-blind,"{""activity_sector_excess_return_3d"": -1.3650675253893185, ""activity_sector_excess_return_5d"": -1.8270934023111836, ""activity_top120_count"": 1.0, ""activity_rank_improving_count"": 0.0, ""activity_volume_expansion_breadth"": 13.752488387524883, ""activity_institution_buy_breadth"": 47.72256728778468, ""activity_leader_strength"": 11.10260225217341}"
2026-06-09,AI,-2.6860258101457974,-3.4006457121610434,0,0,7.142857142857142,28.57142857142857,3.8277511961722466,1,0,LOW_ACTIVITY,Dataset A distribution; outcome-blind,"{""activity_sector_excess_return_3d"": -1.3650675253893185, ""activity_sector_excess_return_5d"": -1.8270934023111836, ""activity_top120_count"": 1.0, ""activity_rank_improving_count"": 0.0, ""activity_volume_expansion_breadth"": 13.752488387524883, ""activity_institution_buy_breadth"": 47.72256728778468, ""activity_leader_strength"": 11.10260225217341}"
2026-06-10,AI,-2.697473273673989,-2.5934369793045855,0,0,7.142857142857142,35.714285714285715,2.4774774774774855,1,0,LOW_ACTIVITY,Dataset A distribution; outcome-blind,"{""activity_sector_excess_return_3d"": -1.3650675253893185, ""activity_sector_excess_return_5d"": -1.8270934023111836, ""activity_top120_count"": 1.0, ""activity_rank_improving_count"": 0.0, ""activity_volume_expansion_breadth"": 13.752488387524883, ""activity_institution_buy_breadth"": 47.72256728778468, ""activity_leader_strength"": 11.10260225217341}"
2026-06-11,AI,-1.9537794664587493,-4.69945977654871,0,0,7.142857142857142,42.857142857142854,2.1696252465483123,1,0,LOW_ACTIVITY,Dataset A distribution; outcome-blind,"{""activity_sector_excess_return_3d"": -1.3650675253893185, ""activity_sector_excess_return_5d"": -1.8270934023111836, ""activity_top120_count"": 1.0, ""activity_rank_improving_count"": 0.0, ""activity_volume_expansion_breadth"": 13.752488387524883, ""activity_institution_buy_breadth"": 47.72256728778468, ""activity_leader_strength"": 11.10260225217341}"
2026-06-12,AI,-1.157816482506735,-4.331925199604747,0,0,7.142857142857142,50.0,8.906882591093112,3,0,ACTIVE,Dataset A distribution; outcome-blind,"{""activity_sector_excess_return_3d"": -1.3650675253893185, ""activity_sector_excess_return_5d"": -1.8270934023111836, ""activity_top120_count"": 1.0, ""activity_rank_improving_count"": 0.0, ""activity_volume_expansion_breadth"": 13.752488387524883, ""activity_institution_buy_breadth"": 47.72256728778468, ""activity_leader_strength"": 11.10260225217341}"
2026-06-15,AI,-2.386172059948244,-4.141461519509826,1,0,7.142857142857142,57.14285714285714,27.173913043478272,4,1,ACTIVE,Dataset A distribution; outcome-blind,"{""activity_sector_excess_return_3d"": -1.3650675253893185, ""activity_sector_excess_return_5d"": -1.8270934023111836, ""activity_top120_count"": 1.0, ""activity_rank_improving_count"": 0.0, ""activity_volume_expansion_breadth"": 13.752488387524883, ""activity_institution_buy_breadth"": 47.72256728778468, ""activity_leader_strength"": 11.10260225217341}"
2026-06-16,AI,-4.848204235622933,-3.532239003066562,1,0,21.428571428571427,21.428571428571427,14.16921508664628,4,0,ACTIVE,Dataset A distribution; outcome-blind,"{""activity_sector_excess_return_3d"": -1.3650675253893185, ""activity_sector_excess_return_5d"": -1.8270934023111836, ""activity_top120_count"": 1.0, ""activity_rank_improving_count"": 0.0, ""activity_volume_expansion_breadth"": 13.752488387524883, ""activity_institution_buy_breadth"": 47.72256728778468, ""activity_leader_strength"": 11.10260225217341}"
2026-06-17,AI,-2.9320819124629693,-4.410776751350043,1,0,0.0,35.714285714285715,21.739130434782616,3,0,ACTIVE,Dataset A distribution; outcome-blind,"{""activity_sector_excess_return_3d"": -1.3650675253893185, ""activity_sector_excess_return_5d"": -1.8270934023111836, ""activity_top120_count"": 1.0, ""activity_rank_improving_count"": 0.0, ""activity_volume_expansion_breadth"": 13.752488387524883, ""activity_institution_buy_breadth"": 47.72256728778468, ""activity_leader_strength"": 11.10260225217341}"
2026-06-18,AI,-0.896730788556166,-5.567050166306942,0,0,14.285714285714285,71.42857142857143,23.896499238964996,5,2,ACTIVE,Dataset A distribution; outcome-blind,"{""activity_sector_excess_return_3d"": -1.3650675253893185, ""activity_sector_excess_return_5d"": -1.8270934023111836, ""activity_top120_count"": 1.0, ""activity_rank_improving_count"": 0.0, ""activity_volume_expansion_breadth"": 13.752488387524883, ""activity_institution_buy_breadth"": 47.72256728778468, ""activity_leader_strength"": 11.10260225217341}"
2026-06-22,AI,-1.771210844256732,-4.968308058602622,1,0,28.57142857142857,57.14285714285714,27.685325264750404,5,2,ACTIVE,Dataset A distribution; outcome-blind,"{""activity_sector_excess_return_3d"": -1.3650675253893185, ""activity_sector_excess_return_5d"": -1.8270934023111836, ""activity_top120_count"": 1.0, ""activity_rank_improving_count"": 0.0, ""activity_volume_expansion_breadth"": 13.752488387524883, ""activity_institution_buy_breadth"": 47.72256728778468, ""activity_leader_strength"": 11.10260225217341}"
2026-06-23,AI,-3.5422803080663923,-3.965118100376097,0,0,14.285714285714285,50.0,13.381555153707069,4,0,ACTIVE,Dataset A distribution; outcome-blind,"{""activity_sector_excess_return_3d"": -1.3650675253893185, ""activity_sector_excess_return_5d"": -1.8270934023111836, ""activity_top120_count"": 1.0, ""activity_rank_improving_count"": 0.0, ""activity_volume_expansion_breadth"": 13.752488387524883, ""activity_institution_buy_breadth"": 47.72256728778468, ""activity_leader_strength"": 11.10260225217341}"
2026-06-24,AI,-0.07996035238990729,0.2925799942526286,0,0,14.285714285714285,42.857142857142854,30.98859315589355,5,1,ACTIVE,Dataset A distribution; outcome-blind,"{""activity_sector_excess_return_3d"": -1.3650675253893185, ""activity_sector_excess_return_5d"": -1.8270934023111836, ""activity_top120_count"": 1.0, ""activity_rank_improving_count"": 0.0, ""activity_volume_expansion_breadth"": 13.752488387524883, ""activity_institution_buy_breadth"": 47.72256728778468, ""activity_leader_strength"": 11.10260225217341}"
2026-06-25,AI,0.9025926450477617,-1.6947320515674935,0,0,21.428571428571427,21.428571428571427,18.71559633027524,5,0,ACTIVE,Dataset A distribution; outcome-blind,"{""activity_sector_excess_return_3d"": -1.3650675253893185, ""activity_sector_excess_return_5d"": -1.8270934023111836, ""activity_top120_count"": 1.0, ""activity_rank_improving_count"": 0.0, ""activity_volume_expansion_breadth"": 13.752488387524883, ""activity_institution_buy_breadth"": 47.72256728778468, ""activity_leader_strength"": 11.10260225217341}"
2026-06-26,AI,1.0834048241069159,-0.7592905149522595,0,0,7.142857142857142,21.428571428571427,12.698412698412698,4,1,ACTIVE,Dataset A distribution; outcome-blind,"{""activity_sector_excess_return_3d"": -1.3650675253893185, ""activity_sector_excess_return_5d"": -1.8270934023111836, ""activity_top120_count"": 1.0, ""activity_rank_improving_count"": 0.0, ""activity_volume_expansion_breadth"": 13.752488387524883, ""activity_institution_buy_breadth"": 47.72256728778468, ""activity_leader_strength"": 11.10260225217341}"
2026-06-29,AI,0.194225684805982,0.16936425793847576,1,0,14.285714285714285,42.857142857142854,15.44715447154472,6,0,ACTIVE,Dataset A distribution; outcome-blind,"{""activity_sector_excess_return_3d"": -1.3650675253893185, ""activity_sector_excess_return_5d"": -1.8270934023111836, ""activity_top120_count"": 1.0, ""activity_rank_improving_count"": 0.0, ""activity_volume_expansion_breadth"": 13.752488387524883, ""activity_institution_buy_breadth"": 47.72256728778468, ""activity_leader_strength"": 11.10260225217341}"
2026-06-30,AI,0.7274050658835574,1.1858306874923952,1,0,14.285714285714285,57.14285714285714,24.8,7,2,ACTIVE,Dataset A distribution; outcome-blind,"{""activity_sector_excess_return_3d"": -1.3650675253893185, ""activity_sector_excess_return_5d"": -1.8270934023111836, ""activity_top120_count"": 1.0, ""activity_rank_improving_count"": 0.0, ""activity_volume_expansion_breadth"": 13.752488387524883, ""activity_institution_buy_breadth"": 47.72256728778468, ""activity_leader_strength"": 11.10260225217341}"
2026-07-01,AI,-2.799956341476739,-2.1184051638012624,1,0,28.57142857142857,71.42857142857143,36.70212765957446,5,3,ACTIVE,Dataset A distribution; outcome-blind,"{""activity_sector_excess_return_3d"": -1.3650675253893185, ""activity_sector_excess_return_5d"": -1.8270934023111836, ""activity_top120_count"": 1.0, ""activity_rank_improving_count"": 0.0, ""activity_volume_expansion_breadth"": 13.752488387524883, ""activity_institution_buy_breadth"": 47.72256728778468, ""activity_leader_strength"": 11.10260225217341}"
2026-07-02,AI,1.5912301870566692,3.356386812476897,3,1,35.714285714285715,71.42857142857143,14.411441144114413,7,6,HIGH_ACTIVITY,Dataset A distribution; outcome-blind,"{""activity_sector_excess_return_3d"": -1.3650675253893185, ""activity_sector_excess_return_5d"": -1.8270934023111836, ""activity_top120_count"": 1.0, ""activity_rank_improving_count"": 0.0, ""activity_volume_expansion_breadth"": 13.752488387524883, ""activity_institution_buy_breadth"": 47.72256728778468, ""activity_leader_strength"": 11.10260225217341}"
2026-07-03,AI,2.1467243715304063,1.4621716571009191,2,1,28.57142857142857,50.0,23.014018691588788,7,4,HIGH_ACTIVITY,Dataset A distribution; outcome-blind,"{""activity_sector_excess_return_3d"": -1.3650675253893185, ""activity_sector_excess_return_5d"": -1.8270934023111836, ""activity_top120_count"": 1.0, ""activity_rank_improving_count"": 0.0, ""activity_volume_expansion_breadth"": 13.752488387524883, ""activity_institution_buy_breadth"": 47.72256728778468, ""activity_leader_strength"": 11.10260225217341}"
2026-07-06,AI,0.9838577987319574,-0.6932266092404493,0,0,14.285714285714285,35.714285714285715,10.792580101180448,4,1,ACTIVE,Dataset A distribution; outcome-blind,"{""activity_sector_excess_return_3d"": -1.3650675253893185, ""activity_sector_excess_return_5d"": -1.8270934023111836, ""activity_top120_count"": 1.0, ""activity_rank_improving_count"": 0.0, ""activity_volume_expansion_breadth"": 13.752488387524883, ""activity_institution_buy_breadth"": 47.72256728778468, ""activity_leader_strength"": 11.10260225217341}"
2026-07-07,AI,-2.055577383254681,-1.2064468943716156,1,0,0.0,42.857142857142854,8.198489751887816,3,0,ACTIVE,Dataset A distribution; outcome-blind,"{""activity_sector_excess_return_3d"": -1.3650675253893185, ""activity_sector_excess_return_5d"": -1.8270934023111836, ""activity_top120_count"": 1.0, ""activity_rank_improving_count"": 0.0, ""activity_volume_expansion_breadth"": 13.752488387524883, ""activity_institution_buy_breadth"": 47.72256728778468, ""activity_leader_strength"": 11.10260225217341}"
2026-07-08,AI,-1.8471531910002836,2.732045073703193,3,3,0.0,35.714285714285715,4.500703234880454,3,3,ACTIVE,Dataset A distribution; outcome-blind,"{""activity_sector_excess_return_3d"": -1.3650675253893185, ""activity_sector_excess_return_5d"": -1.8270934023111836, ""activity_top120_count"": 1.0, ""activity_rank_improving_count"": 0.0, ""activity_volume_expansion_breadth"": 13.752488387524883, ""activity_institution_buy_breadth"": 47.72256728778468, ""activity_leader_strength"": 11.10260225217341}"
2026-07-09,AI,-0.6150042775102227,-1.9576614508795105,2,0,14.285714285714285,28.57142857142857,2.0949720670391025,4,0,ACTIVE,Dataset A distribution; outcome-blind,"{""activity_sector_excess_return_3d"": -1.3650675253893185, ""activity_sector_excess_return_5d"": -1.8270934023111836, ""activity_top120_count"": 1.0, ""activity_rank_improving_count"": 0.0, ""activity_volume_expansion_breadth"": 13.752488387524883, ""activity_institution_buy_breadth"": 47.72256728778468, ""activity_leader_strength"": 11.10260225217341}"
2026-07-13,AI,-0.8799290230943169,-3.8917755467461563,0,0,14.285714285714285,14.285714285714285,5.799151343705788,3,0,ACTIVE,Dataset A distribution; outcome-blind,"{""activity_sector_excess_return_3d"": -1.3650675253893185, ""activity_sector_excess_return_5d"": -1.8270934023111836, ""activity_top120_count"": 1.0, ""activity_rank_improving_count"": 0.0, ""activity_volume_expansion_breadth"": 13.752488387524883, ""activity_institution_buy_breadth"": 47.72256728778468, ""activity_leader_strength"": 11.10260225217341}"
2026-07-14,AI,-0.8384442766473654,-1.7518215950978133,0,0,7.142857142857142,28.57142857142857,4.957507082152968,3,0,ACTIVE,Dataset A distribution; outcome-blind,"{""activity_sector_excess_return_3d"": -1.3650675253893185, ""activity_sector_excess_return_5d"": -1.8270934023111836, ""activity_top120_count"": 1.0, ""activity_rank_improving_count"": 0.0, ""activity_volume_expansion_breadth"": 13.752488387524883, ""activity_institution_buy_breadth"": 47.72256728778468, ""activity_leader_strength"": 11.10260225217341}"
2026-07-15,AI,0.48057117138822214,-0.11693419943303862,3,3,0.0,57.14285714285714,9.064748201438855,5,2,ACTIVE,Dataset A distribution; outcome-blind,"{""activity_sector_excess_return_3d"": -1.3650675253893185, ""activity_sector_excess_return_5d"": -1.8270934023111836, ""activity_top120_count"": 1.0, ""activity_rank_improving_count"": 0.0, ""activity_volume_expansion_breadth"": 13.752488387524883, ""activity_institution_buy_breadth"": 47.72256728778468, ""activity_leader_strength"": 11.10260225217341}"
2026-07-16,AI,-0.8235895727268683,-1.222715511463246,4,1,0.0,35.714285714285715,6.000000000000005,4,2,ACTIVE,Dataset A distribution; outcome-blind,"{""activity_sector_excess_return_3d"": -1.3650675253893185, ""activity_sector_excess_return_5d"": -1.8270934023111836, ""activity_top120_count"": 1.0, ""activity_rank_improving_count"": 0.0, ""activity_volume_expansion_breadth"": 13.752488387524883, ""activity_institution_buy_breadth"": 47.72256728778468, ""activity_leader_strength"": 11.10260225217341}"
2026-07-17,AI,-0.0696806799208245,-0.9118382515457277,1,0,28.57142857142857,35.714285714285715,13.861386138613852,6,1,ACTIVE,Dataset A distribution; outcome-blind,"{""activity_sector_excess_return_3d"": -1.3650675253893185, ""activity_sector_excess_return_5d"": -1.8270934023111836, ""activity_top120_count"": 1.0, ""activity_rank_improving_count"": 0.0, ""activity_volume_expansion_breadth"": 13.752488387524883, ""activity_institution_buy_breadth"": 47.72256728778468, ""activity_leader_strength"": 11.10260225217341}"
2026-07-20,AI,0.3251906731318144,1.6125067865192184,0,0,14.285714285714285,50.0,3.2810271041369576,5,1,ACTIVE,Dataset A distribution; outcome-blind,"{""activity_sector_excess_return_3d"": -1.3650675253893185, ""activity_sector_excess_return_5d"": -1.8270934023111836, ""activity_top120_count"": 1.0, ""activity_rank_improving_count"": 0.0, ""activity_volume_expansion_breadth"": 13.752488387524883, ""activity_institution_buy_breadth"": 47.72256728778468, ""activity_leader_strength"": 11.10260225217341}"
2026-07-21,AI,0.6155812551450865,-0.07042590562773565,3,2,14.285714285714285,57.14285714285714,9.732824427480914,6,2,ACTIVE,Dataset A distribution; outcome-blind,"{""activity_sector_excess_return_3d"": -1.3650675253893185, ""activity_sector_excess_return_5d"": -1.8270934023111836, ""activity_top120_count"": 1.0, ""activity_rank_improving_count"": 0.0, ""activity_volume_expansion_breadth"": 13.752488387524883, ""activity_institution_buy_breadth"": 47.72256728778468, ""activity_leader_strength"": 11.10260225217341}"
2026-07-22,AI,-1.4441490405550539,-0.5905026402560187,4,0,35.714285714285715,64.28571428571429,7.948969578017673,5,3,ACTIVE,Dataset A distribution; outcome-blind,"{""activity_sector_excess_return_3d"": -1.3650675253893185, ""activity_sector_excess_return_5d"": -1.8270934023111836, ""activity_top120_count"": 1.0, ""activity_rank_improving_count"": 0.0, ""activity_volume_expansion_breadth"": 13.752488387524883, ""activity_institution_buy_breadth"": 47.72256728778468, ""activity_leader_strength"": 11.10260225217341}"
2026-07-23,AI,-3.363741358752459,-0.07463057593546374,4,0,14.285714285714285,35.714285714285715,6.940371456500483,4,1,ACTIVE,Dataset A distribution; outcome-blind,"{""activity_sector_excess_return_3d"": -1.3650675253893185, ""activity_sector_excess_return_5d"": -1.8270934023111836, ""activity_top120_count"": 1.0, ""activity_rank_improving_count"": 0.0, ""activity_volume_expansion_breadth"": 13.752488387524883, ""activity_institution_buy_breadth"": 47.72256728778468, ""activity_leader_strength"": 11.10260225217341}"
2026-07-24,AI,1.0619903264011632,-0.688043734533883,5,5,14.285714285714285,50.0,24.025974025974016,7,4,HIGH_ACTIVITY,Dataset A distribution; outcome-blind,"{""activity_sector_excess_return_3d"": -1.3650675253893185, ""activity_sector_excess_return_5d"": -1.8270934023111836, ""activity_top120_count"": 1.0, ""activity_rank_improving_count"": 0.0, ""activity_volume_expansion_breadth"": 13.752488387524883, ""activity_institution_buy_breadth"": 47.72256728778468, ""activity_leader_strength"": 11.10260225217341}"
2026-05-28,AUTOMATION_ROBOTICS,-3.1619737063559583,-3.2442207307885162,0,0,0.0,33.33333333333333,3.8821954484605126,1,0,LOW_ACTIVITY,Dataset A distribution; outcome-blind,"{""activity_sector_excess_return_3d"": -1.3650675253893185, ""activity_sector_excess_return_5d"": -1.8270934023111836, ""activity_top120_count"": 1.0, ""activity_rank_improving_count"": 0.0, ""activity_volume_expansion_breadth"": 13.752488387524883, ""activity_institution_buy_breadth"": 47.72256728778468, ""activity_leader_strength"": 11.10260225217341}"
2026-05-29,AUTOMATION_ROBOTICS,-6.547989810202259,-4.413328405033723,0,0,0.0,33.33333333333333,3.3200531208499307,1,0,LOW_ACTIVITY,Dataset A distribution; outcome-blind,"{""activity_sector_excess_return_3d"": -1.3650675253893185, ""activity_sector_excess_return_5d"": -1.8270934023111836, ""activity_top120_count"": 1.0, ""activity_rank_improving_count"": 0.0, ""activity_volume_expansion_breadth"": 13.752488387524883, ""activity_institution_buy_breadth"": 47.72256728778468, ""activity_leader_strength"": 11.10260225217341}"
2026-06-01,AUTOMATION_ROBOTICS,-3.592236335602006,-5.7789799819461525,0,0,33.33333333333333,0.0,6.360424028268552,2,1,LOW_ACTIVITY,Dataset A distribution; outcome-blind,"{""activity_sector_excess_return_3d"": -1.3650675253893185, ""activity_sector_excess_return_5d"": -1.8270934023111836, ""activity_top120_count"": 1.0, ""activity_rank_improving_count"": 0.0, ""activity_volume_expansion_breadth"": 13.752488387524883, ""activity_institution_buy_breadth"": 47.72256728778468, ""activity_leader_strength"": 11.10260225217341}"
2026-06-02,AUTOMATION_ROBOTICS,-9.221263154958137,-15.234441473715021,0,0,0.0,0.0,-0.347222222222221,1,0,LOW_ACTIVITY,Dataset A distribution; outcome-blind,"{""activity_sector_excess_return_3d"": -1.3650675253893185, ""activity_sector_excess_return_5d"": -1.8270934023111836, ""activity_top120_count"": 1.0, ""activity_rank_improving_count"": 0.0, ""activity_volume_expansion_breadth"": 13.752488387524883, ""activity_institution_buy_breadth"": 47.72256728778468, ""activity_leader_strength"": 11.10260225217341}"
2026-06-03,AUTOMATION_ROBOTICS,-9.000334177462054,-14.75627112338218,0,0,0.0,66.66666666666666,-2.422145328719727,2,1,LOW_ACTIVITY,Dataset A distribution; outcome-blind,"{""activity_sector_excess_return_3d"": -1.3650675253893185, ""activity_sector_excess_return_5d"": -1.8270934023111836, ""activity_top120_count"": 1.0, ""activity_rank_improving_count"": 0.0, ""activity_volume_expansion_breadth"": 13.752488387524883, ""activity_institution_buy_breadth"": 47.72256728778468, ""activity_leader_strength"": 11.10260225217341}"
2026-06-04,AUTOMATION_ROBOTICS,-8.36183496968259,-10.70142570021585,1,0,0.0,66.66666666666666,4.379562043795615,3,1,ACTIVE,Dataset A distribution; outcome-blind,"{""activity_sector_excess_return_3d"": -1.3650675253893185, ""activity_sector_excess_return_5d"": -1.8270934023111836, ""activity_top120_count"": 1.0, ""activity_rank_improving_count"": 0.0, ""activity_volume_expansion_breadth"": 13.752488387524883, ""activity_institution_buy_breadth"": 47.72256728778468, ""activity_leader_strength"": 11.10260225217341}"
2026-06-05,AUTOMATION_ROBOTICS,0.022304180534327145,-8.206575709611963,0,0,33.33333333333333,0.0,-0.6993006993006978,3,1,ACTIVE,Dataset A distribution; outcome-blind,"{""activity_sector_excess_return_3d"": -1.3650675253893185, ""activity_sector_excess_return_5d"": -1.8270934023111836, ""activity_top120_count"": 1.0, ""activity_rank_improving_count"": 0.0, ""activity_volume_expansion_breadth"": 13.752488387524883, ""activity_institution_buy_breadth"": 47.72256728778468, ""activity_leader_strength"": 11.10260225217341}"
2026-06-08,AUTOMATION_ROBOTICS,-0.3741933607895209,-9.130622327613537,0,0,0.0,66.66666666666666,-12.624584717607979,3,1,ACTIVE,Dataset A distribution; outcome-blind,"{""activity_sector_excess_return_3d"": -1.3650675253893185, ""activity_sector_excess_return_5d"": -1.8270934023111836, ""activity_top120_count"": 1.0, ""activity_rank_improving_count"": 0.0, ""activity_volume_expansion_breadth"": 13.752488387524883, ""activity_institution_buy_breadth"": 47.72256728778468, ""activity_leader_strength"": 11.10260225217341}"
2026-06-09,AUTOMATION_ROBOTICS,2.130197257027855,0.6062587757561078,0,0,0.0,33.33333333333333,0.6968641114982521,3,1,ACTIVE,Dataset A distribution; outcome-blind,"{""activity_sector_excess_return_3d"": -1.3650675253893185, ""activity_sector_excess_return_5d"": -1.8270934023111836, ""activity_top120_count"": 1.0, ""activity_rank_improving_count"": 0.0, ""activity_volume_expansion_breadth"": 13.752488387524883, ""activity_institution_buy_breadth"": 47.72256728778468, ""activity_leader_strength"": 11.10260225217341}"
2026-06-10,AUTOMATION_ROBOTICS,-1.412812136034713,-0.6994400188182643,0,0,33.33333333333333,66.66666666666666,-3.900709219858156,4,2,ACTIVE,Dataset A distribution; outcome-blind,"{""activity_sector_excess_return_3d"": -1.3650675253893185, ""activity_sector_excess_return_5d"": -1.8270934023111836, ""activity_top120_count"": 1.0, ""activity_rank_improving_count"": 0.0, ""activity_volume_expansion_breadth"": 13.752488387524883, ""activity_institution_buy_breadth"": 47.72256728778468, ""activity_leader_strength"": 11.10260225217341}"
2026-06-11,AUTOMATION_ROBOTICS,-2.5262135219264126,-3.0125501949022864,0,0,0.0,66.66666666666666,-6.643356643356646,2,1,LOW_ACTIVITY,Dataset A distribution; outcome-blind,"{""activity_sector_excess_return_3d"": -1.3650675253893185, ""activity_sector_excess_return_5d"": -1.8270934023111836, ""activity_top120_count"": 1.0, ""activity_rank_improving_count"": 0.0, ""activity_volume_expansion_breadth"": 13.752488387524883, ""activity_institution_buy_breadth"": 47.72256728778468, ""activity_leader_strength"": 11.10260225217341}"
2026-06-12,AUTOMATION_ROBOTICS,-5.722771321981246,-4.230816407728977,0,0,0.0,33.33333333333333,-5.2816901408450745,1,0,LOW_ACTIVITY,Dataset A distribution; outcome-blind,"{""activity_sector_excess_return_3d"": -1.3650675253893185, ""activity_sector_excess_return_5d"": -1.8270934023111836, ""activity_top120_count"": 1.0, ""activity_rank_improving_count"": 0.0, ""activity_volume_expansion_breadth"": 13.752488387524883, ""activity_institution_buy_breadth"": 47.72256728778468, ""activity_leader_strength"": 11.10260225217341}"
2026-06-15,AUTOMATION_ROBOTICS,-3.9499150654090487,-4.35422747695664,0,0,0.0,100.0,4.562737642585546,2,1,LOW_ACTIVITY,Dataset A distribution; outcome-blind,"{""activity_sector_excess_return_3d"": -1.3650675253893185, ""activity_sector_excess_return_5d"": -1.8270934023111836, ""activity_top120_count"": 1.0, ""activity_rank_improving_count"": 0.0, ""activity_volume_expansion_breadth"": 13.752488387524883, ""activity_institution_buy_breadth"": 47.72256728778468, ""activity_leader_strength"": 11.10260225217341}"
2026-06-16,AUTOMATION_ROBOTICS,-6.53852554451313,-10.429708554157402,0,0,0.0,33.33333333333333,-5.942028985507242,1,0,LOW_ACTIVITY,Dataset A distribution; outcome-blind,"{""activity_sector_excess_return_3d"": -1.3650675253893185, ""activity_sector_excess_return_5d"": -1.8270934023111836, ""activity_top120_count"": 1.0, ""activity_rank_improving_count"": 0.0, ""activity_volume_expansion_breadth"": 13.752488387524883, ""activity_institution_buy_breadth"": 47.72256728778468, ""activity_leader_strength"": 11.10260225217341}"
2026-06-17,AUTOMATION_ROBOTICS,-4.802333866335184,-8.43906214782233,0,0,0.0,66.66666666666666,-0.6134969325153339,2,1,LOW_ACTIVITY,Dataset A distribution; outcome-blind,"{""activity_sector_excess_return_3d"": -1.3650675253893185, ""activity_sector_excess_return_5d"": -1.8270934023111836, ""activity_top120_count"": 1.0, ""activity_rank_improving_count"": 0.0, ""activity_volume_expansion_breadth"": 13.752488387524883, ""activity_institution_buy_breadth"": 47.72256728778468, ""activity_leader_strength"": 11.10260225217341}"
2026-06-18,AUTOMATION_ROBOTICS,-1.8900785052048619,-6.282444851076652,0,0,0.0,66.66666666666666,5.180533751962324,2,1,LOW_ACTIVITY,Dataset A distribution; outcome-blind,"{""activity_sector_excess_return_3d"": -1.3650675253893185, ""activity_sector_excess_return_5d"": -1.8270934023111836, ""activity_top120_count"": 1.0, ""activity_rank_improving_count"": 0.0, ""activity_volume_expansion_breadth"": 13.752488387524883, ""activity_institution_buy_breadth"": 47.72256728778468, ""activity_leader_strength"": 11.10260225217341}"
2026-06-22,AUTOMATION_ROBOTICS,-1.4012914912709507,-5.751728097581799,0,0,0.0,33.33333333333333,6.18238021638331,1,0,LOW_ACTIVITY,Dataset A distribution; outcome-blind,"{""activity_sector_excess_return_3d"": -1.3650675253893185, ""activity_sector_excess_return_5d"": -1.8270934023111836, ""activity_top120_count"": 1.0, ""activity_rank_improving_count"": 0.0, ""activity_volume_expansion_breadth"": 13.752488387524883, ""activity_institution_buy_breadth"": 47.72256728778468, ""activity_leader_strength"": 11.10260225217341}"
2026-06-23,AUTOMATION_ROBOTICS,1.963261730322352,-1.570985693504845,0,0,0.0,66.66666666666666,2.8831562974203306,4,2,ACTIVE,Dataset A distribution; outcome-blind,"{""activity_sector_excess_return_3d"": -1.3650675253893185, ""activity_sector_excess_return_5d"": -1.8270934023111836, ""activity_top120_count"": 1.0, ""activity_rank_improving_count"": 0.0, ""activity_volume_expansion_breadth"": 13.752488387524883, ""activity_institution_buy_breadth"": 47.72256728778468, ""activity_leader_strength"": 11.10260225217341}"
2026-06-24,AUTOMATION_ROBOTICS,0.011823324430504378,1.7995385239766515,0,0,0.0,33.33333333333333,3.007518796992481,3,1,ACTIVE,Dataset A distribution; outcome-blind,"{""activity_sector_excess_return_3d"": -1.3650675253893185, ""activity_sector_excess_return_5d"": -1.8270934023111836, ""activity_top120_count"": 1.0, ""activity_rank_improving_count"": 0.0, ""activity_volume_expansion_breadth"": 13.752488387524883, ""activity_institution_buy_breadth"": 47.72256728778468, ""activity_leader_strength"": 11.10260225217341}"
2026-06-25,AUTOMATION_ROBOTICS,0.493031624592688,0.3127117241689792,0,0,0.0,0.0,3.240740740740744,3,0,ACTIVE,Dataset A distribution; outcome-blind,"{""activity_sector_excess_return_3d"": -1.3650675253893185, ""activity_sector_excess_return_5d"": -1.8270934023111836, ""activity_top120_count"": 1.0, ""activity_rank_improving_count"": 0.0, ""activity_volume_expansion_breadth"": 13.752488387524883, ""activity_institution_buy_breadth"": 47.72256728778468, ""activity_leader_strength"": 11.10260225217341}"
2026-06-26,AUTOMATION_ROBOTICS,-4.070408913777623,-4.283245326529728,0,0,0.0,0.0,-5.597014925373134,1,0,LOW_ACTIVITY,Dataset A distribution; outcome-blind,"{""activity_sector_excess_return_3d"": -1.3650675253893185, ""activity_sector_excess_return_5d"": -1.8270934023111836, ""activity_top120_count"": 1.0, ""activity_rank_improving_count"": 0.0, ""activity_volume_expansion_breadth"": 13.752488387524883, ""activity_institution_buy_breadth"": 47.72256728778468, ""activity_leader_strength"": 11.10260225217341}"
2026-06-29,AUTOMATION_ROBOTICS,-3.3670382719918064,-1.5354077128752701,0,0,0.0,100.0,-5.860805860805862,3,1,ACTIVE,Dataset A distribution; outcome-blind,"{""activity_sector_excess_return_3d"": -1.3650675253893185, ""activity_sector_excess_return_5d"": -1.8270934023111836, ""activity_top120_count"": 1.0, ""activity_rank_improving_count"": 0.0, ""activity_volume_expansion_breadth"": 13.752488387524883, ""activity_institution_buy_breadth"": 47.72256728778468, ""activity_leader_strength"": 11.10260225217341}"
2026-06-30,AUTOMATION_ROBOTICS,-1.967547139382253,-2.0603103927879003,0,0,0.0,100.0,-2.358490566037741,2,1,LOW_ACTIVITY,Dataset A distribution; outcome-blind,"{""activity_sector_excess_return_3d"": -1.3650675253893185, ""activity_sector_excess_return_5d"": -1.8270934023111836, ""activity_top120_count"": 1.0, ""activity_rank_improving_count"": 0.0, ""activity_volume_expansion_breadth"": 13.752488387524883, ""activity_institution_buy_breadth"": 47.72256728778468, ""activity_leader_strength"": 11.10260225217341}"
2026-07-01,AUTOMATION_ROBOTICS,3.6003697897910802,-0.7099544595759122,0,0,33.33333333333333,100.0,4.969879518072284,5,3,ACTIVE,Dataset A distribution; outcome-blind,"{""activity_sector_excess_return_3d"": -1.3650675253893185, ""activity_sector_excess_return_5d"": -1.8270934023111836, ""activity_top120_count"": 1.0, ""activity_rank_improving_count"": 0.0, ""activity_volume_expansion_breadth"": 13.752488387524883, ""activity_institution_buy_breadth"": 47.72256728778468, ""activity_leader_strength"": 11.10260225217341}"
2026-07-02,AUTOMATION_ROBOTICS,10.131640154185195,8.68086684214917,1,1,100.0,33.33333333333333,11.848341232227488,6,4,HIGH_ACTIVITY,Dataset A distribution; outcome-blind,"{""activity_sector_excess_return_3d"": -1.3650675253893185, ""activity_sector_excess_return_5d"": -1.8270934023111836, ""activity_top120_count"": 1.0, ""activity_rank_improving_count"": 0.0, ""activity_volume_expansion_breadth"": 13.752488387524883, ""activity_institution_buy_breadth"": 47.72256728778468, ""activity_leader_strength"": 11.10260225217341}"
2026-07-03,AUTOMATION_ROBOTICS,7.276254702947149,8.680624845703377,0,0,66.66666666666666,100.0,14.006514657980462,6,4,HIGH_ACTIVITY,Dataset A distribution; outcome-blind,"{""activity_sector_excess_return_3d"": -1.3650675253893185, ""activity_sector_excess_return_5d"": -1.8270934023111836, ""activity_top120_count"": 1.0, ""activity_rank_improving_count"": 0.0, ""activity_volume_expansion_breadth"": 13.752488387524883, ""activity_institution_buy_breadth"": 47.72256728778468, ""activity_leader_strength"": 11.10260225217341}"
2026-07-06,AUTOMATION_ROBOTICS,7.725430832439817,10.82683993266016,0,0,33.33333333333333,66.66666666666666,14.925373134328357,6,4,HIGH_ACTIVITY,Dataset A distribution; outcome-blind,"{""activity_sector_excess_return_3d"": -1.3650675253893185, ""activity_sector_excess_return_5d"": -1.8270934023111836, ""activity_top120_count"": 1.0, ""activity_rank_improving_count"": 0.0, ""activity_volume_expansion_breadth"": 13.752488387524883, ""activity_institution_buy_breadth"": 47.72256728778468, ""activity_leader_strength"": 11.10260225217341}"
2026-07-07,AUTOMATION_ROBOTICS,-1.107231943383813,7.402248757802299,0,0,0.0,33.33333333333333,9.661835748792269,3,1,ACTIVE,Dataset A distribution; outcome-blind,"{""activity_sector_excess_return_3d"": -1.3650675253893185, ""activity_sector_excess_return_5d"": -1.8270934023111836, ""activity_top120_count"": 1.0, ""activity_rank_improving_count"": 0.0, ""activity_volume_expansion_breadth"": 13.752488387524883, ""activity_institution_buy_breadth"": 47.72256728778468, ""activity_leader_strength"": 11.10260225217341}"
2026-07-08,AUTOMATION_ROBOTICS,-0.6207252979057221,4.230172414527167,0,0,33.33333333333333,33.33333333333333,7.407407407407418,4,2,ACTIVE,Dataset A distribution; outcome-blind,"{""activity_sector_excess_return_3d"": -1.3650675253893185, ""activity_sector_excess_return_5d"": -1.8270934023111836, ""activity_top120_count"": 1.0, ""activity_rank_improving_count"": 0.0, ""activity_volume_expansion_breadth"": 13.752488387524883, ""activity_institution_buy_breadth"": 47.72256728778468, ""activity_leader_strength"": 11.10260225217341}"
2026-07-09,AUTOMATION_ROBOTICS,0.1252024035760635,-2.146783114272222,0,0,0.0,66.66666666666666,-3.8135593220338992,3,1,ACTIVE,Dataset A distribution; outcome-blind,"{""activity_sector_excess_return_3d"": -1.3650675253893185, ""activity_sector_excess_return_5d"": -1.8270934023111836, ""activity_top120_count"": 1.0, ""activity_rank_improving_count"": 0.0, ""activity_volume_expansion_breadth"": 13.752488387524883, ""activity_institution_buy_breadth"": 47.72256728778468, ""activity_leader_strength"": 11.10260225217341}"
2026-07-13,AUTOMATION_ROBOTICS,-1.9858623245116447,1.6595727033972718,1,0,33.33333333333333,66.66666666666666,4.225352112676051,5,3,ACTIVE,Dataset A distribution; outcome-blind,"{""activity_sector_excess_return_3d"": -1.3650675253893185, ""activity_sector_excess_return_5d"": -1.8270934023111836, ""activity_top120_count"": 1.0, ""activity_rank_improving_count"": 0.0, ""activity_volume_expansion_breadth"": 13.752488387524883, ""activity_institution_buy_breadth"": 47.72256728778468, ""activity_leader_strength"": 11.10260225217341}"
2026-07-14,AUTOMATION_ROBOTICS,-4.585908779689962,-5.185022058001254,1,0,33.33333333333333,66.66666666666666,0.0,4,2,ACTIVE,Dataset A distribution; outcome-blind,"{""activity_sector_excess_return_3d"": -1.3650675253893185, ""activity_sector_excess_return_5d"": -1.8270934023111836, ""activity_top120_count"": 1.0, ""activity_rank_improving_count"": 0.0, ""activity_volume_expansion_breadth"": 13.752488387524883, ""activity_institution_buy_breadth"": 47.72256728778468, ""activity_leader_strength"": 11.10260225217341}"
2026-07-15,AUTOMATION_ROBOTICS,-3.627289921766985,-7.011617336185871,1,0,33.33333333333333,33.33333333333333,7.063197026022294,3,1,ACTIVE,Dataset A distribution; outcome-blind,"{""activity_sector_excess_return_3d"": -1.3650675253893185, ""activity_sector_excess_return_5d"": -1.8270934023111836, ""activity_top120_count"": 1.0, ""activity_rank_improving_count"": 0.0, ""activity_volume_expansion_breadth"": 13.752488387524883, ""activity_institution_buy_breadth"": 47.72256728778468, ""activity_leader_strength"": 11.10260225217341}"
2026-07-16,AUTOMATION_ROBOTICS,-1.214364963502268,-2.1136683838402726,1,0,33.33333333333333,33.33333333333333,8.487084870848705,4,1,ACTIVE,Dataset A distribution; outcome-blind,"{""activity_sector_excess_return_3d"": -1.3650675253893185, ""activity_sector_excess_return_5d"": -1.8270934023111836, ""activity_top120_count"": 1.0, ""activity_rank_improving_count"": 0.0, ""activity_volume_expansion_breadth"": 13.752488387524883, ""activity_institution_buy_breadth"": 47.72256728778468, ""activity_leader_strength"": 11.10260225217341}"
2026-07-17,AUTOMATION_ROBOTICS,1.1494917001829918,-1.7759521112542869,0,0,33.33333333333333,0.0,1.4388489208633004,4,2,ACTIVE,Dataset A distribution; outcome-blind,"{""activity_sector_excess_return_3d"": -1.3650675253893185, ""activity_sector_excess_return_5d"": -1.8270934023111836, ""activity_top120_count"": 1.0, ""activity_rank_improving_count"": 0.0, ""activity_volume_expansion_breadth"": 13.752488387524883, ""activity_institution_buy_breadth"": 47.72256728778468, ""activity_leader_strength"": 11.10260225217341}"
2026-07-20,AUTOMATION_ROBOTICS,0.28559551166055286,-3.180232452374687,0,0,0.0,33.33333333333333,-9.121621621621623,2,0,LOW_ACTIVITY,Dataset A distribution; outcome-blind,"{""activity_sector_excess_return_3d"": -1.3650675253893185, ""activity_sector_excess_return_5d"": -1.8270934023111836, ""activity_top120_count"": 1.0, ""activity_rank_improving_count"": 0.0, ""activity_volume_expansion_breadth"": 13.752488387524883, ""activity_institution_buy_breadth"": 47.72256728778468, ""activity_leader_strength"": 11.10260225217341}"
2026-07-21,AUTOMATION_ROBOTICS,-5.081328782969008,-2.6565145647681976,0,0,0.0,33.33333333333333,-2.8070175438596467,1,0,LOW_ACTIVITY,Dataset A distribution; outcome-blind,"{""activity_sector_excess_return_3d"": -1.3650675253893185, ""activity_sector_excess_return_5d"": -1.8270934023111836, ""activity_top120_count"": 1.0, ""activity_rank_improving_count"": 0.0, ""activity_volume_expansion_breadth"": 13.752488387524883, ""activity_institution_buy_breadth"": 47.72256728778468, ""activity_leader_strength"": 11.10260225217341}"
2026-07-22,AUTOMATION_ROBOTICS,-6.250289264434395,-1.7063183823604056,0,0,0.0,100.0,-0.3110419906687367,3,1,ACTIVE,Dataset A distribution; outcome-blind,"{""activity_sector_excess_return_3d"": -1.3650675253893185, ""activity_sector_excess_return_5d"": -1.8270934023111836, ""activity_top120_count"": 1.0, ""activity_rank_improving_count"": 0.0, ""activity_volume_expansion_breadth"": 13.752488387524883, ""activity_institution_buy_breadth"": 47.72256728778468, ""activity_leader_strength"": 11.10260225217341}"
2026-07-23,AUTOMATION_ROBOTICS,-0.080156884211946,-2.068248538251871,0,0,0.0,100.0,-3.401360544217691,3,1,ACTIVE,Dataset A distribution; outcome-blind,"{""activity_sector_excess_return_3d"": -1.3650675253893185, ""activity_sector_excess_return_5d"": -1.8270934023111836, ""activity_top120_count"": 1.0, ""activity_rank_improving_count"": 0.0, ""activity_volume_expansion_breadth"": 13.752488387524883, ""activity_institution_buy_breadth"": 47.72256728778468, ""activity_leader_strength"": 11.10260225217341}"
2026-07-24,AUTOMATION_ROBOTICS,3.929739187688952,-0.017411800964239887,0,0,33.33333333333333,33.33333333333333,2.8368794326241176,4,2,ACTIVE,Dataset A distribution; outcome-blind,"{""activity_sector_excess_return_3d"": -1.3650675253893185, ""activity_sector_excess_return_5d"": -1.8270934023111836, ""activity_top120_count"": 1.0, ""activity_rank_improving_count"": 0.0, ""activity_volume_expansion_breadth"": 13.752488387524883, ""activity_institution_buy_breadth"": 47.72256728778468, ""activity_leader_strength"": 11.10260225217341}"
2026-05-28,AUTOMOTIVE,0.31914101590269084,-4.716949277035399,0,0,72.97297297297297,55.55555555555556,33.69803063457331,5,2,ACTIVE,Dataset A distribution; outcome-blind,"{""activity_sector_excess_return_3d"": -1.3650675253893185, ""activity_sector_excess_return_5d"": -1.8270934023111836, ""activity_top120_count"": 1.0, ""activity_rank_improving_count"": 0.0, ""activity_volume_expansion_breadth"": 13.752488387524883, ""activity_institution_buy_breadth"": 47.72256728778468, ""activity_leader_strength"": 11.10260225217341}"
2026-05-29,AUTOMOTIVE,-1.673487473349211,-4.715997926628212,2,0,51.35135135135135,36.11111111111111,44.842562432139,4,2,ACTIVE,Dataset A distribution; outcome-blind,"{""activity_sector_excess_return_3d"": -1.3650675253893185, ""activity_sector_excess_return_5d"": -1.8270934023111836, ""activity_top120_count"": 1.0, ""activity_rank_improving_count"": 0.0, ""activity_volume_expansion_breadth"": 13.752488387524883, ""activity_institution_buy_breadth"": 47.72256728778468, ""activity_leader_strength"": 11.10260225217341}"
2026-06-01,AUTOMOTIVE,0.49213279578906866,-2.0294436960069717,3,0,48.64864864864865,66.66666666666666,51.95652173913046,6,4,HIGH_ACTIVITY,Dataset A distribution; outcome-blind,"{""activity_sector_excess_return_3d"": -1.3650675253893185, ""activity_sector_excess_return_5d"": -1.8270934023111836, ""activity_top120_count"": 1.0, ""activity_rank_improving_count"": 0.0, ""activity_volume_expansion_breadth"": 13.752488387524883, ""activity_institution_buy_breadth"": 47.72256728778468, ""activity_leader_strength"": 11.10260225217341}"
2026-06-02,AUTOMOTIVE,-2.3418803407260103,-1.2853804972827954,5,0,37.83783783783784,61.111111111111114,37.94466403162053,6,4,HIGH_ACTIVITY,Dataset A distribution; outcome-blind,"{""activity_sector_excess_return_3d"": -1.3650675253893185, ""activity_sector_excess_return_5d"": -1.8270934023111836, ""activity_top120_count"": 1.0, ""activity_rank_improving_count"": 0.0, ""activity_volume_expansion_breadth"": 13.752488387524883, ""activity_institution_buy_breadth"": 47.72256728778468, ""activity_leader_strength"": 11.10260225217341}"
2026-06-03,AUTOMOTIVE,-2.962085016107796,-0.6036964489932073,1,1,35.13513513513514,63.888888888888886,21.942446043165464,6,3,ACTIVE,Dataset A distribution; outcome-blind,"{""activity_sector_excess_return_3d"": -1.3650675253893185, ""activity_sector_excess_return_5d"": -1.8270934023111836, ""activity_top120_count"": 1.0, ""activity_rank_improving_count"": 0.0, ""activity_volume_expansion_breadth"": 13.752488387524883, ""activity_institution_buy_breadth"": 47.72256728778468, ""activity_leader_strength"": 11.10260225217341}"
2026-06-04,AUTOMOTIVE,-0.4724737994222683,-2.6365129881430693,1,1,24.324324324324326,58.333333333333336,19.315895372233392,6,2,ACTIVE,Dataset A distribution; outcome-blind,"{""activity_sector_excess_return_3d"": -1.3650675253893185, ""activity_sector_excess_return_5d"": -1.8270934023111836, ""activity_top120_count"": 1.0, ""activity_rank_improving_count"": 0.0, ""activity_volume_expansion_breadth"": 13.752488387524883, ""activity_institution_buy_breadth"": 47.72256728778468, ""activity_leader_strength"": 11.10260225217341}"
2026-06-05,AUTOMOTIVE,1.7870248082133666,0.7901863320099012,8,7,13.513513513513514,55.55555555555556,6.727828746177367,5,3,ACTIVE,Dataset A distribution; outcome-blind,"{""activity_sector_excess_return_3d"": -1.3650675253893185, ""activity_sector_excess_return_5d"": -1.8270934023111836, ""activity_top120_count"": 1.0, ""activity_rank_improving_count"": 0.0, ""activity_volume_expansion_breadth"": 13.752488387524883, ""activity_institution_buy_breadth"": 47.72256728778468, ""activity_leader_strength"": 11.10260225217341}"
2026-06-08,AUTOMOTIVE,3.2788128940514687,1.0903768723643954,6,0,29.72972972972973,41.66666666666667,12.265512265512267,6,3,ACTIVE,Dataset A distribution; outcome-blind,"{""activity_sector_excess_return_3d"": -1.3650675253893185, ""activity_sector_excess_return_5d"": -1.8270934023111836, ""activity_top120_count"": 1.0, ""activity_rank_improving_count"": 0.0, ""activity_volume_expansion_breadth"": 13.752488387524883, ""activity_institution_buy_breadth"": 47.72256728778468, ""activity_leader_strength"": 11.10260225217341}"
2026-06-09,AUTOMOTIVE,0.1264878101003064,0.7342515595035515,6,0,18.91891891891892,44.44444444444444,22.72024729520865,6,1,ACTIVE,Dataset A distribution; outcome-blind,"{""activity_sector_excess_return_3d"": -1.3650675253893185, ""activity_sector_excess_return_5d"": -1.8270934023111836, ""activity_top120_count"": 1.0, ""activity_rank_improving_count"": 0.0, ""activity_volume_expansion_breadth"": 13.752488387524883, ""activity_institution_buy_breadth"": 47.72256728778468, ""activity_leader_strength"": 11.10260225217341}"
2026-06-10,AUTOMOTIVE,1.4063832722186813,4.410887635825356,2,1,13.513513513513514,44.44444444444444,30.250783699059557,5,4,HIGH_ACTIVITY,Dataset A distribution; outcome-blind,"{""activity_sector_excess_return_3d"": -1.3650675253893185, ""activity_sector_excess_return_5d"": -1.8270934023111836, ""activity_top120_count"": 1.0, ""activity_rank_improving_count"": 0.0, ""activity_volume_expansion_breadth"": 13.752488387524883, ""activity_institution_buy_breadth"": 47.72256728778468, ""activity_leader_strength"": 11.10260225217341}"
2026-06-11,AUTOMOTIVE,0.871701789873569,3.371131691858692,1,0,16.216216216216218,47.22222222222222,24.37888198757763,6,2,ACTIVE,Dataset A distribution; outcome-blind,"{""activity_sector_excess_return_3d"": -1.3650675253893185, ""activity_sector_excess_return_5d"": -1.8270934023111836, ""activity_top120_count"": 1.0, ""activity_rank_improving_count"": 0.0, ""activity_volume_expansion_breadth"": 13.752488387524883, ""activity_institution_buy_breadth"": 47.72256728778468, ""activity_leader_strength"": 11.10260225217341}"
2026-06-12,AUTOMOTIVE,1.0000247565866427,0.046180432196929466,1,0,18.91891891891892,63.888888888888886,32.62032085561497,7,3,ACTIVE,Dataset A distribution; outcome-blind,"{""activity_sector_excess_return_3d"": -1.3650675253893185, ""activity_sector_excess_return_5d"": -1.8270934023111836, ""activity_top120_count"": 1.0, ""activity_rank_improving_count"": 0.0, ""activity_volume_expansion_breadth"": 13.752488387524883, ""activity_institution_buy_breadth"": 47.72256728778468, ""activity_leader_strength"": 11.10260225217341}"
2026-06-15,AUTOMOTIVE,-3.2119404944123353,-1.6765257248913201,2,0,16.216216216216218,77.77777777777779,47.38738738738739,6,2,ACTIVE,Dataset A distribution; outcome-blind,"{""activity_sector_excess_return_3d"": -1.3650675253893185, ""activity_sector_excess_return_5d"": -1.8270934023111836, ""activity_top120_count"": 1.0, ""activity_rank_improving_count"": 0.0, ""activity_volume_expansion_breadth"": 13.752488387524883, ""activity_institution_buy_breadth"": 47.72256728778468, ""activity_leader_strength"": 11.10260225217341}"
2026-06-16,AUTOMOTIVE,-4.669901159257906,-1.5904170393873596,3,1,10.81081081081081,69.44444444444444,57.719298245614034,5,4,HIGH_ACTIVITY,Dataset A distribution; outcome-blind,"{""activity_sector_excess_return_3d"": -1.3650675253893185, ""activity_sector_excess_return_5d"": -1.8270934023111836, ""activity_top120_count"": 1.0, ""activity_rank_improving_count"": 0.0, ""activity_volume_expansion_breadth"": 13.752488387524883, ""activity_institution_buy_breadth"": 47.72256728778468, ""activity_leader_strength"": 11.10260225217341}"
2026-06-17,AUTOMOTIVE,-2.606489071136564,-4.498922862343635,3,1,10.81081081081081,52.77777777777778,52.5974025974026,4,3,ACTIVE,Dataset A distribution; outcome-blind,"{""activity_sector_excess_return_3d"": -1.3650675253893185, ""activity_sector_excess_return_5d"": -1.8270934023111836, ""activity_top120_count"": 1.0, ""activity_rank_improving_count"": 0.0, ""activity_volume_expansion_breadth"": 13.752488387524883, ""activity_institution_buy_breadth"": 47.72256728778468, ""activity_leader_strength"": 11.10260225217341}"
2026-06-18,AUTOMOTIVE,-2.1858173879002463,-6.059765273493056,4,1,21.62162162162162,33.33333333333333,59.927797833935024,4,3,ACTIVE,Dataset A distribution; outcome-blind,"{""activity_sector_excess_return_3d"": -1.3650675253893185, ""activity_sector_excess_return_5d"": -1.8270934023111836, ""activity_top120_count"": 1.0, ""activity_rank_improving_count"": 0.0, ""activity_volume_expansion_breadth"": 13.752488387524883, ""activity_institution_buy_breadth"": 47.72256728778468, ""activity_leader_strength"": 11.10260225217341}"
2026-06-22,AUTOMOTIVE,-4.0581928997216465,-7.374698594491469,3,1,29.72972972972973,36.11111111111111,48.684210526315795,4,4,HIGH_ACTIVITY,Dataset A distribution; outcome-blind,"{""activity_sector_excess_return_3d"": -1.3650675253893185, ""activity_sector_excess_return_5d"": -1.8270934023111836, ""activity_top120_count"": 1.0, ""activity_rank_improving_count"": 0.0, ""activity_volume_expansion_breadth"": 13.752488387524883, ""activity_institution_buy_breadth"": 47.72256728778468, ""activity_leader_strength"": 11.10260225217341}"
2026-06-23,AUTOMOTIVE,-3.860835136442431,-4.607775077286952,3,1,21.62162162162162,47.22222222222222,46.7065868263473,4,3,ACTIVE,Dataset A distribution; outcome-blind,"{""activity_sector_excess_return_3d"": -1.3650675253893185, ""activity_sector_excess_return_5d"": -1.8270934023111836, ""activity_top120_count"": 1.0, ""activity_rank_improving_count"": 0.0, ""activity_volume_expansion_breadth"": 13.752488387524883, ""activity_institution_buy_breadth"": 47.72256728778468, ""activity_leader_strength"": 11.10260225217341}"
2026-06-24,AUTOMOTIVE,-0.5533284448131615,-1.658737704310731,6,2,16.216216216216218,38.88888888888889,32.97002724795641,6,3,ACTIVE,Dataset A distribution; outcome-blind,"{""activity_sector_excess_return_3d"": -1.3650675253893185, ""activity_sector_excess_return_5d"": -1.8270934023111836, ""activity_top120_count"": 1.0, ""activity_rank_improving_count"": 0.0, ""activity_volume_expansion_breadth"": 13.752488387524883, ""activity_institution_buy_breadth"": 47.72256728778468, ""activity_leader_strength"": 11.10260225217341}"
2026-06-25,AUTOMOTIVE,1.5403258119571162,-1.9399958856814947,2,1,0.0,41.66666666666667,23.821339950372213,4,3,ACTIVE,Dataset A distribution; outcome-blind,"{""activity_sector_excess_return_3d"": -1.3650675253893185, ""activity_sector_excess_return_5d"": -1.8270934023111836, ""activity_top120_count"": 1.0, ""activity_rank_improving_count"": 0.0, ""activity_volume_expansion_breadth"": 13.752488387524883, ""activity_institution_buy_breadth"": 47.72256728778468, ""activity_leader_strength"": 11.10260225217341}"
2026-06-26,AUTOMOTIVE,3.3551253743275895,0.06880030049690777,3,0,16.216216216216218,13.88888888888889,4.656319290465638,5,2,ACTIVE,Dataset A distribution; outcome-blind,"{""activity_sector_excess_return_3d"": -1.3650675253893185, ""activity_sector_excess_return_5d"": -1.8270934023111836, ""activity_top120_count"": 1.0, ""activity_rank_improving_count"": 0.0, ""activity_volume_expansion_breadth"": 13.752488387524883, ""activity_institution_buy_breadth"": 47.72256728778468, ""activity_leader_strength"": 11.10260225217341}"
2026-06-29,AUTOMOTIVE,1.2979809065888248,3.303588275337887,4,0,5.405405405405405,52.77777777777778,16.891891891891888,6,3,ACTIVE,Dataset A distribution; outcome-blind,"{""activity_sector_excess_return_3d"": -1.3650675253893185, ""activity_sector_excess_return_5d"": -1.8270934023111836, ""activity_top120_count"": 1.0, ""activity_rank_improving_count"": 0.0, ""activity_volume_expansion_breadth"": 13.752488387524883, ""activity_institution_buy_breadth"": 47.72256728778468, ""activity_leader_strength"": 11.10260225217341}"
2026-06-30,AUTOMOTIVE,-0.5789782791237597,1.372703463040803,2,1,29.72972972972973,38.88888888888889,23.927765237020317,6,4,HIGH_ACTIVITY,Dataset A distribution; outcome-blind,"{""activity_sector_excess_return_3d"": -1.3650675253893185, ""activity_sector_excess_return_5d"": -1.8270934023111836, ""activity_top120_count"": 1.0, ""activity_rank_improving_count"": 0.0, ""activity_volume_expansion_breadth"": 13.752488387524883, ""activity_institution_buy_breadth"": 47.72256728778468, ""activity_leader_strength"": 11.10260225217341}"
2026-07-01,AUTOMOTIVE,-4.091937902516607,-3.005982192437795,1,0,21.62162162162162,50.0,28.953229398663694,5,1,ACTIVE,Dataset A distribution; outcome-blind,"{""activity_sector_excess_return_3d"": -1.3650675253893185, ""activity_sector_excess_return_5d"": -1.8270934023111836, ""activity_top120_count"": 1.0, ""activity_rank_improving_count"": 0.0, ""activity_volume_expansion_breadth"": 13.752488387524883, ""activity_institution_buy_breadth"": 47.72256728778468, ""activity_leader_strength"": 11.10260225217341}"
2026-07-02,AUTOMOTIVE,-1.7302192002009997,-1.056960873206636,4,0,18.91891891891892,55.55555555555556,27.740492170022367,6,2,ACTIVE,Dataset A distribution; outcome-blind,"{""activity_sector_excess_return_3d"": -1.3650675253893185, ""activity_sector_excess_return_5d"": -1.8270934023111836, ""activity_top120_count"": 1.0, ""activity_rank_improving_count"": 0.0, ""activity_volume_expansion_breadth"": 13.752488387524883, ""activity_institution_buy_breadth"": 47.72256728778468, ""activity_leader_strength"": 11.10260225217341}"
2026-07-03,AUTOMOTIVE,2.39291924457663,-0.20253952192170743,2,1,37.83783783783784,66.66666666666666,34.353741496598644,7,5,HIGH_ACTIVITY,Dataset A distribution; outcome-blind,"{""activity_sector_excess_return_3d"": -1.3650675253893185, ""activity_sector_excess_return_5d"": -1.8270934023111836, ""activity_top120_count"": 1.0, ""activity_rank_improving_count"": 0.0, ""activity_volume_expansion_breadth"": 13.752488387524883, ""activity_institution_buy_breadth"": 47.72256728778468, ""activity_leader_strength"": 11.10260225217341}"
2026-07-06,AUTOMOTIVE,4.368177469531675,1.3356461948910825,3,3,32.432432432432435,55.55555555555556,34.239130434782616,7,6,HIGH_ACTIVITY,Dataset A distribution; outcome-blind,"{""activity_sector_excess_return_3d"": -1.3650675253893185, ""activity_sector_excess_return_5d"": -1.8270934023111836, ""activity_top120_count"": 1.0, ""activity_rank_improving_count"": 0.0, ""activity_volume_expansion_breadth"": 13.752488387524883, ""activity_institution_buy_breadth"": 47.72256728778468, ""activity_leader_strength"": 11.10260225217341}"
2026-07-07,AUTOMOTIVE,3.981372915990722,2.870230501013382,6,5,54.054054054054056,27.77777777777778,25.938566552901033,6,6,HIGH_ACTIVITY,Dataset A distribution; outcome-blind,"{""activity_sector_excess_return_3d"": -1.3650675253893185, ""activity_sector_excess_return_5d"": -1.8270934023111836, ""activity_top120_count"": 1.0, ""activity_rank_improving_count"": 0.0, ""activity_volume_expansion_breadth"": 13.752488387524883, ""activity_institution_buy_breadth"": 47.72256728778468, ""activity_leader_strength"": 11.10260225217341}"
2026-07-08,AUTOMOTIVE,0.10875798476905896,4.434172733277664,3,2,24.324324324324326,27.77777777777778,14.375000000000004,6,4,HIGH_ACTIVITY,Dataset A distribution; outcome-blind,"{""activity_sector_excess_return_3d"": -1.3650675253893185, ""activity_sector_excess_return_5d"": -1.8270934023111836, ""activity_top120_count"": 1.0, ""activity_rank_improving_count"": 0.0, ""activity_volume_expansion_breadth"": 13.752488387524883, ""activity_institution_buy_breadth"": 47.72256728778468, ""activity_leader_strength"": 11.10260225217341}"
2026-07-09,AUTOMOTIVE,-0.3196811363317398,3.7539208106424526,2,2,16.216216216216218,44.44444444444444,6.666666666666665,5,2,ACTIVE,Dataset A distribution; outcome-blind,"{""activity_sector_excess_return_3d"": -1.3650675253893185, ""activity_sector_excess_return_5d"": -1.8270934023111836, ""activity_top120_count"": 1.0, ""activity_rank_improving_count"": 0.0, ""activity_volume_expansion_breadth"": 13.752488387524883, ""activity_institution_buy_breadth"": 47.72256728778468, ""activity_leader_strength"": 11.10260225217341}"
2026-07-13,AUTOMOTIVE,-2.0591793234024824,0.40223246160107085,3,2,10.81081081081081,38.88888888888889,3.4431137724550753,3,2,ACTIVE,Dataset A distribution; outcome-blind,"{""activity_sector_excess_return_3d"": -1.3650675253893185, ""activity_sector_excess_return_5d"": -1.8270934023111836, ""activity_top120_count"": 1.0, ""activity_rank_improving_count"": 0.0, ""activity_volume_expansion_breadth"": 13.752488387524883, ""activity_institution_buy_breadth"": 47.72256728778468, ""activity_leader_strength"": 11.10260225217341}"
2026-07-14,AUTOMOTIVE,0.07690776393153298,-0.0713856943649005,3,2,43.24324324324324,44.44444444444444,4.244482173174879,5,3,ACTIVE,Dataset A distribution; outcome-blind,"{""activity_sector_excess_return_3d"": -1.3650675253893185, ""activity_sector_excess_return_5d"": -1.8270934023111836, ""activity_top120_count"": 1.0, ""activity_rank_improving_count"": 0.0, ""activity_volume_expansion_breadth"": 13.752488387524883, ""activity_institution_buy_breadth"": 47.72256728778468, ""activity_leader_strength"": 11.10260225217341}"
2026-07-15,AUTOMOTIVE,-1.0985035479304073,-2.04467652018846,2,0,18.91891891891892,63.888888888888886,12.244897959183687,6,1,ACTIVE,Dataset A distribution; outcome-blind,"{""activity_sector_excess_return_3d"": -1.3650675253893185, ""activity_sector_excess_return_5d"": -1.8270934023111836, ""activity_top120_count"": 1.0, ""activity_rank_improving_count"": 0.0, ""activity_volume_expansion_breadth"": 13.752488387524883, ""activity_institution_buy_breadth"": 47.72256728778468, ""activity_leader_strength"": 11.10260225217341}"
2026-07-16,AUTOMOTIVE,-0.24756847268829762,-0.9254103525227708,1,1,18.91891891891892,58.333333333333336,12.371134020618557,7,1,ACTIVE,Dataset A distribution; outcome-blind,"{""activity_sector_excess_return_3d"": -1.3650675253893185, ""activity_sector_excess_return_5d"": -1.8270934023111836, ""activity_top120_count"": 1.0, ""activity_rank_improving_count"": 0.0, ""activity_volume_expansion_breadth"": 13.752488387524883, ""activity_institution_buy_breadth"": 47.72256728778468, ""activity_leader_strength"": 11.10260225217341}"
2026-07-17,AUTOMOTIVE,2.316421838048371,3.0215986921552744,2,1,35.13513513513514,52.77777777777778,5.932203389830515,6,4,HIGH_ACTIVITY,Dataset A distribution; outcome-blind,"{""activity_sector_excess_return_3d"": -1.3650675253893185, ""activity_sector_excess_return_5d"": -1.8270934023111836, ""activity_top120_count"": 1.0, ""activity_rank_improving_count"": 0.0, ""activity_volume_expansion_breadth"": 13.752488387524883, ""activity_institution_buy_breadth"": 47.72256728778468, ""activity_leader_strength"": 11.10260225217341}"
2026-07-20,AUTOMOTIVE,3.6795851373857773,3.419247958414639,2,1,16.216216216216218,66.66666666666666,16.63685152057246,7,4,HIGH_ACTIVITY,Dataset A distribution; outcome-blind,"{""activity_sector_excess_return_3d"": -1.3650675253893185, ""activity_sector_excess_return_5d"": -1.8270934023111836, ""activity_top120_count"": 1.0, ""activity_rank_improving_count"": 0.0, ""activity_volume_expansion_breadth"": 13.752488387524883, ""activity_institution_buy_breadth"": 47.72256728778468, ""activity_leader_strength"": 11.10260225217341}"
2026-07-21,AUTOMOTIVE,1.0591694650029626,-1.1358339681469931,1,0,10.81081081081081,44.44444444444444,8.571428571428585,4,1,ACTIVE,Dataset A distribution; outcome-blind,"{""activity_sector_excess_return_3d"": -1.3650675253893185, ""activity_sector_excess_return_5d"": -1.8270934023111836, ""activity_top120_count"": 1.0, ""activity_rank_improving_count"": 0.0, ""activity_volume_expansion_breadth"": 13.752488387524883, ""activity_institution_buy_breadth"": 47.72256728778468, ""activity_leader_strength"": 11.10260225217341}"
2026-07-22,AUTOMOTIVE,-5.604918102758877,-1.408699334741348,1,0,16.216216216216218,22.22222222222222,5.447470817120625,4,0,ACTIVE,Dataset A distribution; outcome-blind,"{""activity_sector_excess_return_3d"": -1.3650675253893185, ""activity_sector_excess_return_5d"": -1.8270934023111836, ""activity_top120_count"": 1.0, ""activity_rank_improving_count"": 0.0, ""activity_volume_expansion_breadth"": 13.752488387524883, ""activity_institution_buy_breadth"": 47.72256728778468, ""activity_leader_strength"": 11.10260225217341}"
2026-07-23,AUTOMOTIVE,-5.656365062650615,-1.874616868716572,0,0,10.81081081081081,30.555555555555557,2.941176470588225,1,0,LOW_ACTIVITY,Dataset A distribution; outcome-blind,"{""activity_sector_excess_return_3d"": -1.3650675253893185, ""activity_sector_excess_return_5d"": -1.8270934023111836, ""activity_top120_count"": 1.0, ""activity_rank_improving_count"": 0.0, ""activity_volume_expansion_breadth"": 13.752488387524883, ""activity_institution_buy_breadth"": 47.72256728778468, ""activity_leader_strength"": 11.10260225217341}"
2026-07-24,AUTOMOTIVE,0.17896881914465368,-4.009538954856096,0,0,10.81081081081081,27.77777777777778,4.387291981845687,2,0,LOW_ACTIVITY,Dataset A distribution; outcome-blind,"{""activity_sector_excess_return_3d"": -1.3650675253893185, ""activity_sector_excess_return_5d"": -1.8270934023111836, ""activity_top120_count"": 1.0, ""activity_rank_improving_count"": 0.0, ""activity_volume_expansion_breadth"": 13.752488387524883, ""activity_institution_buy_breadth"": 47.72256728778468, ""activity_leader_strength"": 11.10260225217341}"
2026-05-28,BIG_DATA_CLOUD,0.3138867719421401,-4.3783505962616704,3,0,25.0,50.0,41.46023468057365,6,3,ACTIVE,Dataset A distribution; outcome-blind,"{""activity_sector_excess_return_3d"": -1.3650675253893185, ""activity_sector_excess_return_5d"": -1.8270934023111836, ""activity_top120_count"": 1.0, ""activity_rank_improving_count"": 0.0, ""activity_volume_expansion_breadth"": 13.752488387524883, ""activity_institution_buy_breadth"": 47.72256728778468, ""activity_leader_strength"": 11.10260225217341}"
2026-05-29,BIG_DATA_CLOUD,-2.4090223313990022,-4.2943124889900925,3,0,35.0,55.00000000000001,29.300118623962046,5,3,ACTIVE,Dataset A distribution; outcome-blind,"{""activity_sector_excess_return_3d"": -1.3650675253893185, ""activity_sector_excess_return_5d"": -1.8270934023111836, ""activity_top120_count"": 1.0, ""activity_rank_improving_count"": 0.0, ""activity_volume_expansion_breadth"": 13.752488387524883, ""activity_institution_buy_breadth"": 47.72256728778468, ""activity_leader_strength"": 11.10260225217341}"
2026-06-01,BIG_DATA_CLOUD,1.5602793955227234,4.667864160904778,3,0,70.0,75.0,17.693522906793046,7,5,HIGH_ACTIVITY,Dataset A distribution; outcome-blind,"{""activity_sector_excess_return_3d"": -1.3650675253893185, ""activity_sector_excess_return_5d"": -1.8270934023111836, ""activity_top120_count"": 1.0, ""activity_rank_improving_count"": 0.0, ""activity_volume_expansion_breadth"": 13.752488387524883, ""activity_institution_buy_breadth"": 47.72256728778468, ""activity_leader_strength"": 11.10260225217341}"
2026-06-02,BIG_DATA_CLOUD,1.772753474671818,2.141412213054272,4,1,60.0,55.00000000000001,26.54028436018958,7,6,HIGH_ACTIVITY,Dataset A distribution; outcome-blind,"{""activity_sector_excess_return_3d"": -1.3650675253893185, ""activity_sector_excess_return_5d"": -1.8270934023111836, ""activity_top120_count"": 1.0, ""activity_rank_improving_count"": 0.0, ""activity_volume_expansion_breadth"": 13.752488387524883, ""activity_institution_buy_breadth"": 47.72256728778468, ""activity_leader_strength"": 11.10260225217341}"
2026-06-03,BIG_DATA_CLOUD,1.9015948263791165,0.8750969388127139,4,4,40.0,55.00000000000001,33.653846153846146,7,5,HIGH_ACTIVITY,Dataset A distribution; outcome-blind,"{""activity_sector_excess_return_3d"": -1.3650675253893185, ""activity_sector_excess_return_5d"": -1.8270934023111836, ""activity_top120_count"": 1.0, ""activity_rank_improving_count"": 0.0, ""activity_volume_expansion_breadth"": 13.752488387524883, ""activity_institution_buy_breadth"": 47.72256728778468, ""activity_leader_strength"": 11.10260225217341}"
2026-06-04,BIG_DATA_CLOUD,-0.6506999167641525,2.917104828788064,4,4,35.0,55.00000000000001,30.95623987034035,7,5,HIGH_ACTIVITY,Dataset A distribution; outcome-blind,"{""activity_sector_excess_return_3d"": -1.3650675253893185, ""activity_sector_excess_return_5d"": -1.8270934023111836, ""activity_top120_count"": 1.0, ""activity_rank_improving_count"": 0.0, ""activity_volume_expansion_breadth"": 13.752488387524883, ""activity_institution_buy_breadth"": 47.72256728778468, ""activity_leader_strength"": 11.10260225217341}"
2026-06-05,BIG_DATA_CLOUD,0.03608334045102635,2.3319682159683053,1,0,20.0,50.0,16.82242990654206,7,1,ACTIVE,Dataset A distribution; outcome-blind,"{""activity_sector_excess_return_3d"": -1.3650675253893185, ""activity_sector_excess_return_5d"": -1.8270934023111836, ""activity_top120_count"": 1.0, ""activity_rank_improving_count"": 0.0, ""activity_volume_expansion_breadth"": 13.752488387524883, ""activity_institution_buy_breadth"": 47.72256728778468, ""activity_leader_strength"": 11.10260225217341}"
2026-06-08,BIG_DATA_CLOUD,-0.9406245752412898,0.8388754076223854,0,0,25.0,70.0,8.820403825717339,5,2,ACTIVE,Dataset A distribution; outcome-blind,"{""activity_sector_excess_return_3d"": -1.3650675253893185, ""activity_sector_excess_return_5d"": -1.8270934023111836, ""activity_top120_count"": 1.0, ""activity_rank_improving_count"": 0.0, ""activity_volume_expansion_breadth"": 13.752488387524883, ""activity_institution_buy_breadth"": 47.72256728778468, ""activity_leader_strength"": 11.10260225217341}"
2026-06-09,BIG_DATA_CLOUD,-2.1283720425250507,-1.2464318704472066,1,0,15.0,20.0,2.564102564102577,4,0,ACTIVE,Dataset A distribution; outcome-blind,"{""activity_sector_excess_return_3d"": -1.3650675253893185, ""activity_sector_excess_return_5d"": -1.8270934023111836, ""activity_top120_count"": 1.0, ""activity_rank_improving_count"": 0.0, ""activity_volume_expansion_breadth"": 13.752488387524883, ""activity_institution_buy_breadth"": 47.72256728778468, ""activity_leader_strength"": 11.10260225217341}"
2026-06-10,BIG_DATA_CLOUD,-0.7186931723505321,-1.137276564368988,2,0,10.0,50.0,-0.8695652173913104,5,0,ACTIVE,Dataset A distribution; outcome-blind,"{""activity_sector_excess_return_3d"": -1.3650675253893185, ""activity_sector_excess_return_5d"": -1.8270934023111836, ""activity_top120_count"": 1.0, ""activity_rank_improving_count"": 0.0, ""activity_volume_expansion_breadth"": 13.752488387524883, ""activity_institution_buy_breadth"": 47.72256728778468, ""activity_leader_strength"": 11.10260225217341}"
2026-06-11,BIG_DATA_CLOUD,-1.15438029410867,-2.1085769437897364,2,0,10.0,45.0,0.0,3,0,ACTIVE,Dataset A distribution; outcome-blind,"{""activity_sector_excess_return_3d"": -1.3650675253893185, ""activity_sector_excess_return_5d"": -1.8270934023111836, ""activity_top120_count"": 1.0, ""activity_rank_improving_count"": 0.0, ""activity_volume_expansion_breadth"": 13.752488387524883, ""activity_institution_buy_breadth"": 47.72256728778468, ""activity_leader_strength"": 11.10260225217341}"
2026-06-12,BIG_DATA_CLOUD,-1.2037117677389797,-2.9738679584963847,1,0,0.0,60.0,2.892561983471076,4,1,ACTIVE,Dataset A distribution; outcome-blind,"{""activity_sector_excess_return_3d"": -1.3650675253893185, ""activity_sector_excess_return_5d"": -1.8270934023111836, ""activity_top120_count"": 1.0, ""activity_rank_improving_count"": 0.0, ""activity_volume_expansion_breadth"": 13.752488387524883, ""activity_institution_buy_breadth"": 47.72256728778468, ""activity_leader_strength"": 11.10260225217341}"
2026-06-15,BIG_DATA_CLOUD,-5.0209560485228515,-5.528031106755455,0,0,15.0,50.0,8.602150537634401,3,0,ACTIVE,Dataset A distribution; outcome-blind,"{""activity_sector_excess_return_3d"": -1.3650675253893185, ""activity_sector_excess_return_5d"": -1.8270934023111836, ""activity_top120_count"": 1.0, ""activity_rank_improving_count"": 0.0, ""activity_volume_expansion_breadth"": 13.752488387524883, ""activity_institution_buy_breadth"": 47.72256728778468, ""activity_leader_strength"": 11.10260225217341}"
2026-06-16,BIG_DATA_CLOUD,-5.851493709307132,-5.796665484685398,0,0,5.0,50.0,1.8018018018018056,2,0,LOW_ACTIVITY,Dataset A distribution; outcome-blind,"{""activity_sector_excess_return_3d"": -1.3650675253893185, ""activity_sector_excess_return_5d"": -1.8270934023111836, ""activity_top120_count"": 1.0, ""activity_rank_improving_count"": 0.0, ""activity_volume_expansion_breadth"": 13.752488387524883, ""activity_institution_buy_breadth"": 47.72256728778468, ""activity_leader_strength"": 11.10260225217341}"
2026-06-17,BIG_DATA_CLOUD,-3.598937222781773,-6.035824032790288,1,0,10.0,65.0,11.850311850311845,4,1,ACTIVE,Dataset A distribution; outcome-blind,"{""activity_sector_excess_return_3d"": -1.3650675253893185, ""activity_sector_excess_return_5d"": -1.8270934023111836, ""activity_top120_count"": 1.0, ""activity_rank_improving_count"": 0.0, ""activity_volume_expansion_breadth"": 13.752488387524883, ""activity_institution_buy_breadth"": 47.72256728778468, ""activity_leader_strength"": 11.10260225217341}"
2026-06-18,BIG_DATA_CLOUD,-2.668688461802499,-6.14711094732836,1,0,10.0,45.0,6.465517241379315,2,0,LOW_ACTIVITY,Dataset A distribution; outcome-blind,"{""activity_sector_excess_return_3d"": -1.3650675253893185, ""activity_sector_excess_return_5d"": -1.8270934023111836, ""activity_top120_count"": 1.0, ""activity_rank_improving_count"": 0.0, ""activity_volume_expansion_breadth"": 13.752488387524883, ""activity_institution_buy_breadth"": 47.72256728778468, ""activity_leader_strength"": 11.10260225217341}"
2026-06-22,BIG_DATA_CLOUD,-3.0662969561590314,-7.670639724331196,1,0,5.0,65.0,7.532467532467524,3,1,ACTIVE,Dataset A distribution; outcome-blind,"{""activity_sector_excess_return_3d"": -1.3650675253893185, ""activity_sector_excess_return_5d"": -1.8270934023111836, ""activity_top120_count"": 1.0, ""activity_rank_improving_count"": 0.0, ""activity_volume_expansion_breadth"": 13.752488387524883, ""activity_institution_buy_breadth"": 47.72256728778468, ""activity_leader_strength"": 11.10260225217341}"
2026-06-23,BIG_DATA_CLOUD,-4.697388209510378,-5.100464066470073,1,0,5.0,35.0,7.71084337349397,2,0,LOW_ACTIVITY,Dataset A distribution; outcome-blind,"{""activity_sector_excess_return_3d"": -1.3650675253893185, ""activity_sector_excess_return_5d"": -1.8270934023111836, ""activity_top120_count"": 1.0, ""activity_rank_improving_count"": 0.0, ""activity_volume_expansion_breadth"": 13.752488387524883, ""activity_institution_buy_breadth"": 47.72256728778468, ""activity_leader_strength"": 11.10260225217341}"
2026-06-24,BIG_DATA_CLOUD,-0.18218999897067767,-0.6608279148905716,0,0,5.0,40.0,7.4747474747474785,3,0,ACTIVE,Dataset A distribution; outcome-blind,"{""activity_sector_excess_return_3d"": -1.3650675253893185, ""activity_sector_excess_return_5d"": -1.8270934023111836, ""activity_top120_count"": 1.0, ""activity_rank_improving_count"": 0.0, ""activity_volume_expansion_breadth"": 13.752488387524883, ""activity_institution_buy_breadth"": 47.72256728778468, ""activity_leader_strength"": 11.10260225217341}"
2026-06-25,BIG_DATA_CLOUD,1.3603610114537146,-2.100166212649862,0,0,15.0,45.0,3.218116805721083,3,1,ACTIVE,Dataset A distribution; outcome-blind,"{""activity_sector_excess_return_3d"": -1.3650675253893185, ""activity_sector_excess_return_5d"": -1.8270934023111836, ""activity_top120_count"": 1.0, ""activity_rank_improving_count"": 0.0, ""activity_volume_expansion_breadth"": 13.752488387524883, ""activity_institution_buy_breadth"": 47.72256728778468, ""activity_leader_strength"": 11.10260225217341}"
2026-06-26,BIG_DATA_CLOUD,2.299972099322434,0.2353492315268655,0,0,0.0,15.0,1.312649164677815,3,1,ACTIVE,Dataset A distribution; outcome-blind,"{""activity_sector_excess_return_3d"": -1.3650675253893185, ""activity_sector_excess_return_5d"": -1.8270934023111836, ""activity_top120_count"": 1.0, ""activity_rank_improving_count"": 0.0, ""activity_volume_expansion_breadth"": 13.752488387524883, ""activity_institution_buy_breadth"": 47.72256728778468, ""activity_leader_strength"": 11.10260225217341}"
2026-06-29,BIG_DATA_CLOUD,0.34744026019406515,2.0051168210413195,2,0,10.0,55.00000000000001,3.6407766990291357,5,1,ACTIVE,Dataset A distribution; outcome-blind,"{""activity_sector_excess_return_3d"": -1.3650675253893185, ""activity_sector_excess_return_5d"": -1.8270934023111836, ""activity_top120_count"": 1.0, ""activity_rank_improving_count"": 0.0, ""activity_volume_expansion_breadth"": 13.752488387524883, ""activity_institution_buy_breadth"": 47.72256728778468, ""activity_leader_strength"": 11.10260225217341}"
2026-06-30,BIG_DATA_CLOUD,-0.5684643373980003,1.2906502363904115,0,0,0.0,65.0,3.31125827814569,4,2,ACTIVE,Dataset A distribution; outcome-blind,"{""activity_sector_excess_return_3d"": -1.3650675253893185, ""activity_sector_excess_return_5d"": -1.8270934023111836, ""activity_top120_count"": 1.0, ""activity_rank_improving_count"": 0.0, ""activity_volume_expansion_breadth"": 13.752488387524883, ""activity_institution_buy_breadth"": 47.72256728778468, ""activity_leader_strength"": 11.10260225217341}"
2026-07-01,BIG_DATA_CLOUD,-4.2246285584761845,-2.9795695616102122,0,0,10.0,40.0,6.23020063357973,1,0,LOW_ACTIVITY,Dataset A distribution; outcome-blind,"{""activity_sector_excess_return_3d"": -1.3650675253893185, ""activity_sector_excess_return_5d"": -1.8270934023111836, ""activity_top120_count"": 1.0, ""activity_rank_improving_count"": 0.0, ""activity_volume_expansion_breadth"": 13.752488387524883, ""activity_institution_buy_breadth"": 47.72256728778468, ""activity_leader_strength"": 11.10260225217341}"
2026-07-02,BIG_DATA_CLOUD,-2.341652355635404,-0.9943042316026163,1,1,15.0,75.0,7.333333333333325,5,2,ACTIVE,Dataset A distribution; outcome-blind,"{""activity_sector_excess_return_3d"": -1.3650675253893185, ""activity_sector_excess_return_5d"": -1.8270934023111836, ""activity_top120_count"": 1.0, ""activity_rank_improving_count"": 0.0, ""activity_volume_expansion_breadth"": 13.752488387524883, ""activity_institution_buy_breadth"": 47.72256728778468, ""activity_leader_strength"": 11.10260225217341}"
2026-07-03,BIG_DATA_CLOUD,1.0534286159906259,-1.5257914214545032,1,1,20.0,80.0,14.379802414928644,7,3,ACTIVE,Dataset A distribution; outcome-blind,"{""activity_sector_excess_return_3d"": -1.3650675253893185, ""activity_sector_excess_return_5d"": -1.8270934023111836, ""activity_top120_count"": 1.0, ""activity_rank_improving_count"": 0.0, ""activity_volume_expansion_breadth"": 13.752488387524883, ""activity_institution_buy_breadth"": 47.72256728778468, ""activity_leader_strength"": 11.10260225217341}"
2026-07-06,BIG_DATA_CLOUD,3.7870614600591934,-0.16109950793515848,1,1,25.0,45.0,13.502109704641342,6,3,ACTIVE,Dataset A distribution; outcome-blind,"{""activity_sector_excess_return_3d"": -1.3650675253893185, ""activity_sector_excess_return_5d"": -1.8270934023111836, ""activity_top120_count"": 1.0, ""activity_rank_improving_count"": 0.0, ""activity_volume_expansion_breadth"": 13.752488387524883, ""activity_institution_buy_breadth"": 47.72256728778468, ""activity_leader_strength"": 11.10260225217341}"
2026-07-07,BIG_DATA_CLOUD,2.4885317696528517,2.247791403384569,3,0,20.0,55.00000000000001,6.1475409836065475,6,3,ACTIVE,Dataset A distribution; outcome-blind,"{""activity_sector_excess_return_3d"": -1.3650675253893185, ""activity_sector_excess_return_5d"": -1.8270934023111836, ""activity_top120_count"": 1.0, ""activity_rank_improving_count"": 0.0, ""activity_volume_expansion_breadth"": 13.752488387524883, ""activity_institution_buy_breadth"": 47.72256728778468, ""activity_leader_strength"": 11.10260225217341}"
2026-07-08,BIG_DATA_CLOUD,1.6306182612849218,4.624526276710716,0,0,15.0,45.0,8.548707753479135,4,2,ACTIVE,Dataset A distribution; outcome-blind,"{""activity_sector_excess_return_3d"": -1.3650675253893185, ""activity_sector_excess_return_5d"": -1.8270934023111836, ""activity_top120_count"": 1.0, ""activity_rank_improving_count"": 0.0, ""activity_volume_expansion_breadth"": 13.752488387524883, ""activity_institution_buy_breadth"": 47.72256728778468, ""activity_leader_strength"": 11.10260225217341}"
2026-07-09,BIG_DATA_CLOUD,0.9717720007050512,2.9726708106424526,4,0,15.0,50.0,12.40506329113924,7,3,ACTIVE,Dataset A distribution; outcome-blind,"{""activity_sector_excess_return_3d"": -1.3650675253893185, ""activity_sector_excess_return_5d"": -1.8270934023111836, ""activity_top120_count"": 1.0, ""activity_rank_improving_count"": 0.0, ""activity_volume_expansion_breadth"": 13.752488387524883, ""activity_institution_buy_breadth"": 47.72256728778468, ""activity_leader_strength"": 11.10260225217341}"
2026-07-13,BIG_DATA_CLOUD,-0.006932799237918674,2.6371467744399912,2,1,35.0,50.0,8.652657601977754,6,3,ACTIVE,Dataset A distribution; outcome-blind,"{""activity_sector_excess_return_3d"": -1.3650675253893185, ""activity_sector_excess_return_5d"": -1.8270934023111836, ""activity_top120_count"": 1.0, ""activity_rank_improving_count"": 0.0, ""activity_volume_expansion_breadth"": 13.752488387524883, ""activity_institution_buy_breadth"": 47.72256728778468, ""activity_leader_strength"": 11.10260225217341}"
2026-07-14,BIG_DATA_CLOUD,0.03548348294069559,0.285501340715383,0,0,45.0,35.0,4.749999999999988,4,1,ACTIVE,Dataset A distribution; outcome-blind,"{""activity_sector_excess_return_3d"": -1.3650675253893185, ""activity_sector_excess_return_5d"": -1.8270934023111836, ""activity_top120_count"": 1.0, ""activity_rank_improving_count"": 0.0, ""activity_volume_expansion_breadth"": 13.752488387524883, ""activity_institution_buy_breadth"": 47.72256728778468, ""activity_leader_strength"": 11.10260225217341}"
2026-07-15,BIG_DATA_CLOUD,-1.7287716300598388,-1.427371568518182,0,0,5.0,80.0,7.351460221550865,3,1,ACTIVE,Dataset A distribution; outcome-blind,"{""activity_sector_excess_return_3d"": -1.3650675253893185, ""activity_sector_excess_return_5d"": -1.8270934023111836, ""activity_top120_count"": 1.0, ""activity_rank_improving_count"": 0.0, ""activity_volume_expansion_breadth"": 13.752488387524883, ""activity_institution_buy_breadth"": 47.72256728778468, ""activity_leader_strength"": 11.10260225217341}"
2026-07-16,BIG_DATA_CLOUD,-2.7153274388635684,-2.3523366825836725,0,0,5.0,55.00000000000001,3.366583541147139,2,0,LOW_ACTIVITY,Dataset A distribution; outcome-blind,"{""activity_sector_excess_return_3d"": -1.3650675253893185, ""activity_sector_excess_return_5d"": -1.8270934023111836, ""activity_top120_count"": 1.0, ""activity_rank_improving_count"": 0.0, ""activity_volume_expansion_breadth"": 13.752488387524883, ""activity_institution_buy_breadth"": 47.72256728778468, ""activity_leader_strength"": 11.10260225217341}"
2026-07-17,BIG_DATA_CLOUD,1.193074198006344,0.6573465720443927,0,0,35.0,50.0,1.8703241895261735,5,2,ACTIVE,Dataset A distribution; outcome-blind,"{""activity_sector_excess_return_3d"": -1.3650675253893185, ""activity_sector_excess_return_5d"": -1.8270934023111836, ""activity_top120_count"": 1.0, ""activity_rank_improving_count"": 0.0, ""activity_volume_expansion_breadth"": 13.752488387524883, ""activity_institution_buy_breadth"": 47.72256728778468, ""activity_leader_strength"": 11.10260225217341}"
2026-07-20,BIG_DATA_CLOUD,1.9992562494849881,-0.5055056393329149,1,0,25.0,75.0,3.370786516853941,6,3,ACTIVE,Dataset A distribution; outcome-blind,"{""activity_sector_excess_return_3d"": -1.3650675253893185, ""activity_sector_excess_return_5d"": -1.8270934023111836, ""activity_top120_count"": 1.0, ""activity_rank_improving_count"": 0.0, ""activity_volume_expansion_breadth"": 13.752488387524883, ""activity_institution_buy_breadth"": 47.72256728778468, ""activity_leader_strength"": 11.10260225217341}"
2026-07-21,BIG_DATA_CLOUD,1.4069543649064264,0.07047966187694876,1,0,10.0,55.00000000000001,7.183364839319473,5,1,ACTIVE,Dataset A distribution; outcome-blind,"{""activity_sector_excess_return_3d"": -1.3650675253893185, ""activity_sector_excess_return_5d"": -1.8270934023111836, ""activity_top120_count"": 1.0, ""activity_rank_improving_count"": 0.0, ""activity_volume_expansion_breadth"": 13.752488387524883, ""activity_institution_buy_breadth"": 47.72256728778468, ""activity_leader_strength"": 11.10260225217341}"
2026-07-22,BIG_DATA_CLOUD,-3.518658701431576,-0.41055552224129066,0,0,15.0,25.0,11.819887429643527,4,0,ACTIVE,Dataset A distribution; outcome-blind,"{""activity_sector_excess_return_3d"": -1.3650675253893185, ""activity_sector_excess_return_5d"": -1.8270934023111836, ""activity_top120_count"": 1.0, ""activity_rank_improving_count"": 0.0, ""activity_volume_expansion_breadth"": 13.752488387524883, ""activity_institution_buy_breadth"": 47.72256728778468, ""activity_leader_strength"": 11.10260225217341}"
2026-07-23,BIG_DATA_CLOUD,-3.2386206001149054,0.2185925425497781,1,0,5.0,45.0,13.207547169811317,4,0,ACTIVE,Dataset A distribution; outcome-blind,"{""activity_sector_excess_return_3d"": -1.3650675253893185, ""activity_sector_excess_return_5d"": -1.8270934023111836, ""activity_top120_count"": 1.0, ""activity_rank_improving_count"": 0.0, ""activity_volume_expansion_breadth"": 13.752488387524883, ""activity_institution_buy_breadth"": 47.72256728778468, ""activity_leader_strength"": 11.10260225217341}"
2026-07-24,BIG_DATA_CLOUD,0.9483654289487276,-1.259794168336581,3,3,10.0,30.0,13.255360623781677,5,2,ACTIVE,Dataset A distribution; outcome-blind,"{""activity_sector_excess_return_3d"": -1.3650675253893185, ""activity_sector_excess_return_5d"": -1.8270934023111836, ""activity_top120_count"": 1.0, ""activity_rank_improving_count"": 0.0, ""activity_volume_expansion_breadth"": 13.752488387524883, ""activity_institution_buy_breadth"": 47.72256728778468, ""activity_leader_strength"": 11.10260225217341}"
2026-05-28,BIOTECH_MEDICAL,-1.8336135440735202,-7.8514477535693405,0,0,33.33333333333333,50.0,-0.2500000000000058,3,1,ACTIVE,Dataset A distribution; outcome-blind,"{""activity_sector_excess_return_3d"": -1.3650675253893185, ""activity_sector_excess_return_5d"": -1.8270934023111836, ""activity_top120_count"": 1.0, ""activity_rank_improving_count"": 0.0, ""activity_volume_expansion_breadth"": 13.752488387524883, ""activity_institution_buy_breadth"": 47.72256728778468, ""activity_leader_strength"": 11.10260225217341}"
2026-05-29,BIOTECH_MEDICAL,-4.45038255817315,-9.419212067534122,0,0,22.22222222222222,50.0,0.5031446540880502,3,1,ACTIVE,Dataset A distribution; outcome-blind,"{""activity_sector_excess_return_3d"": -1.3650675253893185, ""activity_sector_excess_return_5d"": -1.8270934023111836, ""activity_top120_count"": 1.0, ""activity_rank_improving_count"": 0.0, ""activity_volume_expansion_breadth"": 13.752488387524883, ""activity_institution_buy_breadth"": 47.72256728778468, ""activity_leader_strength"": 11.10260225217341}"
2026-06-01,BIOTECH_MEDICAL,-3.2878814707808846,-5.7095140974138925,0,0,33.33333333333333,62.5,3.504380475594493,3,2,ACTIVE,Dataset A distribution; outcome-blind,"{""activity_sector_excess_return_3d"": -1.3650675253893185, ""activity_sector_excess_return_5d"": -1.8270934023111836, ""activity_top120_count"": 1.0, ""activity_rank_improving_count"": 0.0, ""activity_volume_expansion_breadth"": 13.752488387524883, ""activity_institution_buy_breadth"": 47.72256728778468, ""activity_leader_strength"": 11.10260225217341}"
2026-06-02,BIOTECH_MEDICAL,-4.686076955615315,-6.623711000435783,0,0,0.0,62.5,5.209656925031769,2,1,LOW_ACTIVITY,Dataset A distribution; outcome-blind,"{""activity_sector_excess_return_3d"": -1.3650675253893185, ""activity_sector_excess_return_5d"": -1.8270934023111836, ""activity_top120_count"": 1.0, ""activity_rank_improving_count"": 0.0, ""activity_volume_expansion_breadth"": 13.752488387524883, ""activity_institution_buy_breadth"": 47.72256728778468, ""activity_leader_strength"": 11.10260225217341}"
2026-06-03,BIOTECH_MEDICAL,-3.8589460026548617,-4.694629882292611,0,0,11.11111111111111,37.5,5.316455696202538,1,0,LOW_ACTIVITY,Dataset A distribution; outcome-blind,"{""activity_sector_excess_return_3d"": -1.3650675253893185, ""activity_sector_excess_return_5d"": -1.8270934023111836, ""activity_top120_count"": 1.0, ""activity_rank_improving_count"": 0.0, ""activity_volume_expansion_breadth"": 13.752488387524883, ""activity_institution_buy_breadth"": 47.72256728778468, ""activity_leader_strength"": 11.10260225217341}"
2026-06-04,BIOTECH_MEDICAL,-0.14433682247347868,-3.2568747692191424,0,0,0.0,12.5,4.854368932038833,2,0,LOW_ACTIVITY,Dataset A distribution; outcome-blind,"{""activity_sector_excess_return_3d"": -1.3650675253893185, ""activity_sector_excess_return_5d"": -1.8270934023111836, ""activity_top120_count"": 1.0, ""activity_rank_improving_count"": 0.0, ""activity_volume_expansion_breadth"": 13.752488387524883, ""activity_institution_buy_breadth"": 47.72256728778468, ""activity_leader_strength"": 11.10260225217341}"
2026-06-05,BIOTECH_MEDICAL,2.6060618862432494,1.259908558513878,0,0,0.0,37.5,7.26072607260726,3,2,ACTIVE,Dataset A distribution; outcome-blind,"{""activity_sector_excess_return_3d"": -1.3650675253893185, ""activity_sector_excess_return_5d"": -1.8270934023111836, ""activity_top120_count"": 1.0, ""activity_rank_improving_count"": 0.0, ""activity_volume_expansion_breadth"": 13.752488387524883, ""activity_institution_buy_breadth"": 47.72256728778468, ""activity_leader_strength"": 11.10260225217341}"
2026-06-08,BIOTECH_MEDICAL,5.019309270187377,4.429351635342848,0,0,22.22222222222222,25.0,5.124223602484479,4,3,ACTIVE,Dataset A distribution; outcome-blind,"{""activity_sector_excess_return_3d"": -1.3650675253893185, ""activity_sector_excess_return_5d"": -1.8270934023111836, ""activity_top120_count"": 1.0, ""activity_rank_improving_count"": 0.0, ""activity_volume_expansion_breadth"": 13.752488387524883, ""activity_institution_buy_breadth"": 47.72256728778468, ""activity_leader_strength"": 11.10260225217341}"
2026-06-09,BIOTECH_MEDICAL,1.2238528461517073,2.7951584836431453,0,0,11.11111111111111,25.0,11.568938193343904,4,2,ACTIVE,Dataset A distribution; outcome-blind,"{""activity_sector_excess_return_3d"": -1.3650675253893185, ""activity_sector_excess_return_5d"": -1.8270934023111836, ""activity_top120_count"": 1.0, ""activity_rank_improving_count"": 0.0, ""activity_volume_expansion_breadth"": 13.752488387524883, ""activity_institution_buy_breadth"": 47.72256728778468, ""activity_leader_strength"": 11.10260225217341}"
2026-06-10,BIOTECH_MEDICAL,1.558202356718919,5.073341996436653,1,0,44.44444444444444,25.0,14.173228346456689,6,3,ACTIVE,Dataset A distribution; outcome-blind,"{""activity_sector_excess_return_3d"": -1.3650675253893185, ""activity_sector_excess_return_5d"": -1.8270934023111836, ""activity_top120_count"": 1.0, ""activity_rank_improving_count"": 0.0, ""activity_volume_expansion_breadth"": 13.752488387524883, ""activity_institution_buy_breadth"": 47.72256728778468, ""activity_leader_strength"": 11.10260225217341}"
2026-06-11,BIOTECH_MEDICAL,1.1189264466074267,4.325999137604752,0,0,22.22222222222222,12.5,9.147286821705425,4,3,ACTIVE,Dataset A distribution; outcome-blind,"{""activity_sector_excess_return_3d"": -1.3650675253893185, ""activity_sector_excess_return_5d"": -1.8270934023111836, ""activity_top120_count"": 1.0, ""activity_rank_improving_count"": 0.0, ""activity_volume_expansion_breadth"": 13.752488387524883, ""activity_institution_buy_breadth"": 47.72256728778468, ""activity_leader_strength"": 11.10260225217341}"
2026-06-12,BIOTECH_MEDICAL,0.892765854151778,0.5085303368091987,0,0,11.11111111111111,50.0,8.966565349544076,4,0,ACTIVE,Dataset A distribution; outcome-blind,"{""activity_sector_excess_return_3d"": -1.3650675253893185, ""activity_sector_excess_return_5d"": -1.8270934023111836, ""activity_top120_count"": 1.0, ""activity_rank_improving_count"": 0.0, ""activity_volume_expansion_breadth"": 13.752488387524883, ""activity_institution_buy_breadth"": 47.72256728778468, ""activity_leader_strength"": 11.10260225217341}"
2026-06-15,BIOTECH_MEDICAL,-3.485073158849361,-3.973999340074519,0,0,22.22222222222222,50.0,9.305760709010347,3,1,ACTIVE,Dataset A distribution; outcome-blind,"{""activity_sector_excess_return_3d"": -1.3650675253893185, ""activity_sector_excess_return_5d"": -1.8270934023111836, ""activity_top120_count"": 1.0, ""activity_rank_improving_count"": 0.0, ""activity_volume_expansion_breadth"": 13.752488387524883, ""activity_institution_buy_breadth"": 47.72256728778468, ""activity_leader_strength"": 11.10260225217341}"
2026-06-16,BIOTECH_MEDICAL,-6.328738355106145,-2.471231045506883,0,0,11.11111111111111,62.5,15.625,3,1,ACTIVE,Dataset A distribution; outcome-blind,"{""activity_sector_excess_return_3d"": -1.3650675253893185, ""activity_sector_excess_return_5d"": -1.8270934023111836, ""activity_top120_count"": 1.0, ""activity_rank_improving_count"": 0.0, ""activity_volume_expansion_breadth"": 13.752488387524883, ""activity_institution_buy_breadth"": 47.72256728778468, ""activity_leader_strength"": 11.10260225217341}"
2026-06-17,BIOTECH_MEDICAL,-3.5619440295293403,-4.596453143923007,0,0,11.11111111111111,25.0,23.448275862068968,2,1,LOW_ACTIVITY,Dataset A distribution; outcome-blind,"{""activity_sector_excess_return_3d"": -1.3650675253893185, ""activity_sector_excess_return_5d"": -1.8270934023111836, ""activity_top120_count"": 1.0, ""activity_rank_improving_count"": 0.0, ""activity_volume_expansion_breadth"": 13.752488387524883, ""activity_institution_buy_breadth"": 47.72256728778468, ""activity_leader_strength"": 11.10260225217341}"
2026-06-18,BIOTECH_MEDICAL,-1.8467123542437625,-6.197325162371503,1,0,22.22222222222222,62.5,29.403409090909083,5,3,ACTIVE,Dataset A distribution; outcome-blind,"{""activity_sector_excess_return_3d"": -1.3650675253893185, ""activity_sector_excess_return_5d"": -1.8270934023111836, ""activity_top120_count"": 1.0, ""activity_rank_improving_count"": 0.0, ""activity_volume_expansion_breadth"": 13.752488387524883, ""activity_institution_buy_breadth"": 47.72256728778468, ""activity_leader_strength"": 11.10260225217341}"
2026-06-22,BIOTECH_MEDICAL,-4.827948997282617,-8.62009158932967,0,0,11.11111111111111,12.5,23.570432357043238,2,1,LOW_ACTIVITY,Dataset A distribution; outcome-blind,"{""activity_sector_excess_return_3d"": -1.3650675253893185, ""activity_sector_excess_return_5d"": -1.8270934023111836, ""activity_top120_count"": 1.0, ""activity_rank_improving_count"": 0.0, ""activity_volume_expansion_breadth"": 13.752488387524883, ""activity_institution_buy_breadth"": 47.72256728778468, ""activity_leader_strength"": 11.10260225217341}"
2026-06-23,BIOTECH_MEDICAL,-6.952082185021557,-4.5103796328987755,0,0,33.33333333333333,37.5,12.567567567567561,3,1,ACTIVE,Dataset A distribution; outcome-blind,"{""activity_sector_excess_return_3d"": -1.3650675253893185, ""activity_sector_excess_return_5d"": -1.8270934023111836, ""activity_top120_count"": 1.0, ""activity_rank_improving_count"": 0.0, ""activity_volume_expansion_breadth"": 13.752488387524883, ""activity_institution_buy_breadth"": 47.72256728778468, ""activity_leader_strength"": 11.10260225217341}"
2026-06-24,BIOTECH_MEDICAL,-0.00728843385124911,-1.42634369632475,0,0,0.0,62.5,5.651105651105648,4,1,ACTIVE,Dataset A distribution; outcome-blind,"{""activity_sector_excess_return_3d"": -1.3650675253893185, ""activity_sector_excess_return_5d"": -1.8270934023111836, ""activity_top120_count"": 1.0, ""activity_rank_improving_count"": 0.0, ""activity_volume_expansion_breadth"": 13.752488387524883, ""activity_institution_buy_breadth"": 47.72256728778468, ""activity_leader_strength"": 11.10260225217341}"
2026-06-25,BIOTECH_MEDICAL,2.1928735620642015,-2.3480421560971076,0,0,22.22222222222222,25.0,3.7142857142857144,3,2,ACTIVE,Dataset A distribution; outcome-blind,"{""activity_sector_excess_return_3d"": -1.3650675253893185, ""activity_sector_excess_return_5d"": -1.8270934023111836, ""activity_top120_count"": 1.0, ""activity_rank_improving_count"": 0.0, ""activity_volume_expansion_breadth"": 13.752488387524883, ""activity_institution_buy_breadth"": 47.72256728778468, ""activity_leader_strength"": 11.10260225217341}"
2026-06-26,BIOTECH_MEDICAL,4.106492847194932,-0.30104933727019834,0,0,0.0,25.0,-0.28328611898015277,3,1,ACTIVE,Dataset A distribution; outcome-blind,"{""activity_sector_excess_return_3d"": -1.3650675253893185, ""activity_sector_excess_return_5d"": -1.8270934023111836, ""activity_top120_count"": 1.0, ""activity_rank_improving_count"": 0.0, ""activity_volume_expansion_breadth"": 13.752488387524883, ""activity_institution_buy_breadth"": 47.72256728778468, ""activity_leader_strength"": 11.10260225217341}"
2026-06-29,BIOTECH_MEDICAL,1.4550762332212974,5.41634839151981,1,0,0.0,50.0,5.813953488372103,5,2,ACTIVE,Dataset A distribution; outcome-blind,"{""activity_sector_excess_return_3d"": -1.3650675253893185, ""activity_sector_excess_return_5d"": -1.8270934023111836, ""activity_top120_count"": 1.0, ""activity_rank_improving_count"": 0.0, ""activity_volume_expansion_breadth"": 13.752488387524883, ""activity_institution_buy_breadth"": 47.72256728778468, ""activity_leader_strength"": 11.10260225217341}"
2026-06-30,BIOTECH_MEDICAL,0.27964387185370754,3.7473354665298775,0,0,0.0,50.0,9.552238805970159,4,1,ACTIVE,Dataset A distribution; outcome-blind,"{""activity_sector_excess_return_3d"": -1.3650675253893185, ""activity_sector_excess_return_5d"": -1.8270934023111836, ""activity_top120_count"": 1.0, ""activity_rank_improving_count"": 0.0, ""activity_volume_expansion_breadth"": 13.752488387524883, ""activity_institution_buy_breadth"": 47.72256728778468, ""activity_leader_strength"": 11.10260225217341}"
2026-07-01,BIOTECH_MEDICAL,-3.785993846572566,-3.2254162339119707,1,0,11.11111111111111,62.5,5.348837209302326,3,1,ACTIVE,Dataset A distribution; outcome-blind,"{""activity_sector_excess_return_3d"": -1.3650675253893185, ""activity_sector_excess_return_5d"": -1.8270934023111836, ""activity_top120_count"": 1.0, ""activity_rank_improving_count"": 0.0, ""activity_volume_expansion_breadth"": 13.752488387524883, ""activity_institution_buy_breadth"": 47.72256728778468, ""activity_leader_strength"": 11.10260225217341}"
2026-07-02,BIOTECH_MEDICAL,-4.0398080680950414,-1.607925060534443,1,0,0.0,37.5,1.2514220705347023,3,0,ACTIVE,Dataset A distribution; outcome-blind,"{""activity_sector_excess_return_3d"": -1.3650675253893185, ""activity_sector_excess_return_5d"": -1.8270934023111836, ""activity_top120_count"": 1.0, ""activity_rank_improving_count"": 0.0, ""activity_volume_expansion_breadth"": 13.752488387524883, ""activity_institution_buy_breadth"": 47.72256728778468, ""activity_leader_strength"": 11.10260225217341}"
2026-07-03,BIOTECH_MEDICAL,0.2307675455357705,-0.4102842452057498,1,0,22.22222222222222,75.0,9.599999999999987,6,2,ACTIVE,Dataset A distribution; outcome-blind,"{""activity_sector_excess_return_3d"": -1.3650675253893185, ""activity_sector_excess_return_5d"": -1.8270934023111836, ""activity_top120_count"": 1.0, ""activity_rank_improving_count"": 0.0, ""activity_volume_expansion_breadth"": 13.752488387524883, ""activity_institution_buy_breadth"": 47.72256728778468, ""activity_leader_strength"": 11.10260225217341}"
2026-07-06,BIOTECH_MEDICAL,4.152425606083043,-0.42089966950979996,0,0,22.22222222222222,37.5,4.528301886792452,4,2,ACTIVE,Dataset A distribution; outcome-blind,"{""activity_sector_excess_return_3d"": -1.3650675253893185, ""activity_sector_excess_return_5d"": -1.8270934023111836, ""activity_top120_count"": 1.0, ""activity_rank_improving_count"": 0.0, ""activity_volume_expansion_breadth"": 13.752488387524883, ""activity_institution_buy_breadth"": 47.72256728778468, ""activity_leader_strength"": 11.10260225217341}"
2026-07-07,BIOTECH_MEDICAL,5.748152473707124,3.0371261419984585,1,1,33.33333333333333,50.0,7.169811320754715,6,4,HIGH_ACTIVITY,Dataset A distribution; outcome-blind,"{""activity_sector_excess_return_3d"": -1.3650675253893185, ""activity_sector_excess_return_5d"": -1.8270934023111836, ""activity_top120_count"": 1.0, ""activity_rank_improving_count"": 0.0, ""activity_volume_expansion_breadth"": 13.752488387524883, ""activity_institution_buy_breadth"": 47.72256728778468, ""activity_leader_strength"": 11.10260225217341}"
2026-07-08,BIOTECH_MEDICAL,1.873221433329153,6.49380055959663,3,1,22.22222222222222,12.5,7.5418994413407825,5,5,HIGH_ACTIVITY,Dataset A distribution; outcome-blind,"{""activity_sector_excess_return_3d"": -1.3650675253893185, ""activity_sector_excess_return_5d"": -1.8270934023111836, ""activity_top120_count"": 1.0, ""activity_rank_improving_count"": 0.0, ""activity_volume_expansion_breadth"": 13.752488387524883, ""activity_institution_buy_breadth"": 47.72256728778468, ""activity_leader_strength"": 11.10260225217341}"
2026-07-09,BIOTECH_MEDICAL,2.278312451422948,5.4648826486486834,0,0,0.0,37.5,7.648725212464602,3,2,ACTIVE,Dataset A distribution; outcome-blind,"{""activity_sector_excess_return_3d"": -1.3650675253893185, ""activity_sector_excess_return_5d"": -1.8270934023111836, ""activity_top120_count"": 1.0, ""activity_rank_improving_count"": 0.0, ""activity_volume_expansion_breadth"": 13.752488387524883, ""activity_institution_buy_breadth"": 47.72256728778468, ""activity_leader_strength"": 11.10260225217341}"
2026-07-13,BIOTECH_MEDICAL,-2.5746805648565463,0.5405899604363107,0,0,11.11111111111111,0.0,0.6134969325153339,2,0,LOW_ACTIVITY,Dataset A distribution; outcome-blind,"{""activity_sector_excess_return_3d"": -1.3650675253893185, ""activity_sector_excess_return_5d"": -1.8270934023111836, ""activity_top120_count"": 1.0, ""activity_rank_improving_count"": 0.0, ""activity_volume_expansion_breadth"": 13.752488387524883, ""activity_institution_buy_breadth"": 47.72256728778468, ""activity_leader_strength"": 11.10260225217341}"
2026-07-14,BIOTECH_MEDICAL,-0.42536956400368586,0.9885450555982667,1,0,0.0,50.0,4.938271604938271,5,0,ACTIVE,Dataset A distribution; outcome-blind,"{""activity_sector_excess_return_3d"": -1.3650675253893185, ""activity_sector_excess_return_5d"": -1.8270934023111836, ""activity_top120_count"": 1.0, ""activity_rank_improving_count"": 0.0, ""activity_volume_expansion_breadth"": 13.752488387524883, ""activity_institution_buy_breadth"": 47.72256728778468, ""activity_leader_strength"": 11.10260225217341}"
2026-07-15,BIOTECH_MEDICAL,-0.890028278820143,-1.1686081441200757,1,0,11.11111111111111,62.5,11.413043478260864,6,1,ACTIVE,Dataset A distribution; outcome-blind,"{""activity_sector_excess_return_3d"": -1.3650675253893185, ""activity_sector_excess_return_5d"": -1.8270934023111836, ""activity_top120_count"": 1.0, ""activity_rank_improving_count"": 0.0, ""activity_volume_expansion_breadth"": 13.752488387524883, ""activity_institution_buy_breadth"": 47.72256728778468, ""activity_leader_strength"": 11.10260225217341}"
2026-07-16,BIOTECH_MEDICAL,1.4533425846833703,-0.31628276292524626,1,0,11.11111111111111,75.0,15.104166666666675,6,2,ACTIVE,Dataset A distribution; outcome-blind,"{""activity_sector_excess_return_3d"": -1.3650675253893185, ""activity_sector_excess_return_5d"": -1.8270934023111836, ""activity_top120_count"": 1.0, ""activity_rank_improving_count"": 0.0, ""activity_volume_expansion_breadth"": 13.752488387524883, ""activity_institution_buy_breadth"": 47.72256728778468, ""activity_leader_strength"": 11.10260225217341}"
2026-07-17,BIOTECH_MEDICAL,4.21135998061819,5.004501477709944,0,0,33.33333333333333,62.5,11.351351351351347,6,4,HIGH_ACTIVITY,Dataset A distribution; outcome-blind,"{""activity_sector_excess_return_3d"": -1.3650675253893185, ""activity_sector_excess_return_5d"": -1.8270934023111836, ""activity_top120_count"": 1.0, ""activity_rank_improving_count"": 0.0, ""activity_volume_expansion_breadth"": 13.752488387524883, ""activity_institution_buy_breadth"": 47.72256728778468, ""activity_leader_strength"": 11.10260225217341}"
2026-07-20,BIOTECH_MEDICAL,5.165769395375819,5.848565666931815,0,0,11.11111111111111,87.5,10.111111111111114,4,3,ACTIVE,Dataset A distribution; outcome-blind,"{""activity_sector_excess_return_3d"": -1.3650675253893185, ""activity_sector_excess_return_5d"": -1.8270934023111836, ""activity_top120_count"": 1.0, ""activity_rank_improving_count"": 0.0, ""activity_volume_expansion_breadth"": 13.752488387524883, ""activity_institution_buy_breadth"": 47.72256728778468, ""activity_leader_strength"": 11.10260225217341}"
2026-07-21,BIOTECH_MEDICAL,2.0294899709739744,2.353464190140697,0,0,0.0,37.5,6.310160427807476,3,2,ACTIVE,Dataset A distribution; outcome-blind,"{""activity_sector_excess_return_3d"": -1.3650675253893185, ""activity_sector_excess_return_5d"": -1.8270934023111836, ""activity_top120_count"": 1.0, ""activity_rank_improving_count"": 0.0, ""activity_volume_expansion_breadth"": 13.752488387524883, ""activity_institution_buy_breadth"": 47.72256728778468, ""activity_leader_strength"": 11.10260225217341}"
2026-07-22,BIOTECH_MEDICAL,-5.355836529490865,0.24883683606916618,1,0,11.11111111111111,50.0,5.107526881720426,4,0,ACTIVE,Dataset A distribution; outcome-blind,"{""activity_sector_excess_return_3d"": -1.3650675253893185, ""activity_sector_excess_return_5d"": -1.8270934023111836, ""activity_top120_count"": 1.0, ""activity_rank_improving_count"": 0.0, ""activity_volume_expansion_breadth"": 13.752488387524883, ""activity_institution_buy_breadth"": 47.72256728778468, ""activity_leader_strength"": 11.10260225217341}"
2026-07-23,BIOTECH_MEDICAL,-5.349616596392948,0.7877207936210828,0,0,0.0,37.5,3.2432432432432545,2,0,LOW_ACTIVITY,Dataset A distribution; outcome-blind,"{""activity_sector_excess_return_3d"": -1.3650675253893185, ""activity_sector_excess_return_5d"": -1.8270934023111836, ""activity_top120_count"": 1.0, ""activity_rank_improving_count"": 0.0, ""activity_volume_expansion_breadth"": 13.752488387524883, ""activity_institution_buy_breadth"": 47.72256728778468, ""activity_leader_strength"": 11.10260225217341}"
2026-07-24,BIOTECH_MEDICAL,1.1055811245560654,-2.015976159270161,0,0,0.0,50.0,3.660565723793674,3,1,ACTIVE,Dataset A distribution; outcome-blind,"{""activity_sector_excess_return_3d"": -1.3650675253893185, ""activity_sector_excess_return_5d"": -1.8270934023111836, ""activity_top120_count"": 1.0, ""activity_rank_improving_count"": 0.0, ""activity_volume_expansion_breadth"": 13.752488387524883, ""activity_institution_buy_breadth"": 47.72256728778468, ""activity_leader_strength"": 11.10260225217341}"
2026-05-28,BUILDING_MATERIALS_CONSTRUCTION,-0.6375334172541103,-7.2800668700709785,1,0,29.03225806451613,53.333333333333336,11.737089201877925,6,1,ACTIVE,Dataset A distribution; outcome-blind,"{""activity_sector_excess_return_3d"": -1.3650675253893185, ""activity_sector_excess_return_5d"": -1.8270934023111836, ""activity_top120_count"": 1.0, ""activity_rank_improving_count"": 0.0, ""activity_volume_expansion_breadth"": 13.752488387524883, ""activity_institution_buy_breadth"": 47.72256728778468, ""activity_leader_strength"": 11.10260225217341}"
2026-05-29,BUILDING_MATERIALS_CONSTRUCTION,-2.774404904541883,-6.739944946813548,2,0,24.193548387096776,55.00000000000001,19.34731934731935,5,1,ACTIVE,Dataset A distribution; outcome-blind,"{""activity_sector_excess_return_3d"": -1.3650675253893185, ""activity_sector_excess_return_5d"": -1.8270934023111836, ""activity_top120_count"": 1.0, ""activity_rank_improving_count"": 0.0, ""activity_volume_expansion_breadth"": 13.752488387524883, ""activity_institution_buy_breadth"": 47.72256728778468, ""activity_leader_strength"": 11.10260225217341}"
2026-06-01,BUILDING_MATERIALS_CONSTRUCTION,-0.1305053005420831,-2.4749502880578866,2,0,50.0,86.66666666666667,14.222222222222225,6,2,ACTIVE,Dataset A distribution; outcome-blind,"{""activity_sector_excess_return_3d"": -1.3650675253893185, ""activity_sector_excess_return_5d"": -1.8270934023111836, ""activity_top120_count"": 1.0, ""activity_rank_improving_count"": 0.0, ""activity_volume_expansion_breadth"": 13.752488387524883, ""activity_institution_buy_breadth"": 47.72256728778468, ""activity_leader_strength"": 11.10260225217341}"
2026-06-02,BUILDING_MATERIALS_CONSTRUCTION,-2.8156121632481157,-3.077882433471446,2,1,29.03225806451613,45.0,13.913043478260857,4,2,ACTIVE,Dataset A distribution; outcome-blind,"{""activity_sector_excess_return_3d"": -1.3650675253893185, ""activity_sector_excess_return_5d"": -1.8270934023111836, ""activity_top120_count"": 1.0, ""activity_rank_improving_count"": 0.0, ""activity_volume_expansion_breadth"": 13.752488387524883, ""activity_institution_buy_breadth"": 47.72256728778468, ""activity_leader_strength"": 11.10260225217341}"
2026-06-03,BUILDING_MATERIALS_CONSTRUCTION,-0.759790822574824,-0.7392220425842089,1,1,51.61290322580645,81.66666666666667,26.576576576576592,7,4,HIGH_ACTIVITY,Dataset A distribution; outcome-blind,"{""activity_sector_excess_return_3d"": -1.3650675253893185, ""activity_sector_excess_return_5d"": -1.8270934023111836, ""activity_top120_count"": 1.0, ""activity_rank_improving_count"": 0.0, ""activity_volume_expansion_breadth"": 13.752488387524883, ""activity_institution_buy_breadth"": 47.72256728778468, ""activity_leader_strength"": 11.10260225217341}"
2026-06-04,BUILDING_MATERIALS_CONSTRUCTION,1.3010540044849361,0.07895724932291959,1,1,38.70967741935484,55.00000000000001,40.11976047904191,7,4,HIGH_ACTIVITY,Dataset A distribution; outcome-blind,"{""activity_sector_excess_return_3d"": -1.3650675253893185, ""activity_sector_excess_return_5d"": -1.8270934023111836, ""activity_top120_count"": 1.0, ""activity_rank_improving_count"": 0.0, ""activity_volume_expansion_breadth"": 13.752488387524883, ""activity_institution_buy_breadth"": 47.72256728778468, ""activity_leader_strength"": 11.10260225217341}"
2026-06-05,BUILDING_MATERIALS_CONSTRUCTION,3.774207602533519,3.975126071486801,9,0,45.16129032258064,61.66666666666667,36.85419058553387,7,6,HIGH_ACTIVITY,Dataset A distribution; outcome-blind,"{""activity_sector_excess_return_3d"": -1.3650675253893185, ""activity_sector_excess_return_5d"": -1.8270934023111836, ""activity_top120_count"": 1.0, ""activity_rank_improving_count"": 0.0, ""activity_volume_expansion_breadth"": 13.752488387524883, ""activity_institution_buy_breadth"": 47.72256728778468, ""activity_leader_strength"": 11.10260225217341}"
2026-06-08,BUILDING_MATERIALS_CONSTRUCTION,5.656925835223286,4.915269152701661,15,0,38.70967741935484,55.00000000000001,17.827298050139273,7,4,HIGH_ACTIVITY,Dataset A distribution; outcome-blind,"{""activity_sector_excess_return_3d"": -1.3650675253893185, ""activity_sector_excess_return_5d"": -1.8270934023111836, ""activity_top120_count"": 1.0, ""activity_rank_improving_count"": 0.0, ""activity_volume_expansion_breadth"": 13.752488387524883, ""activity_institution_buy_breadth"": 47.72256728778468, ""activity_leader_strength"": 11.10260225217341}"
2026-06-09,BUILDING_MATERIALS_CONSTRUCTION,1.6257186576080385,3.8249452030123754,14,1,32.25806451612903,23.333333333333332,15.047879616963055,6,5,HIGH_ACTIVITY,Dataset A distribution; outcome-blind,"{""activity_sector_excess_return_3d"": -1.3650675253893185, ""activity_sector_excess_return_5d"": -1.8270934023111836, ""activity_top120_count"": 1.0, ""activity_rank_improving_count"": 0.0, ""activity_volume_expansion_breadth"": 13.752488387524883, ""activity_institution_buy_breadth"": 47.72256728778468, ""activity_leader_strength"": 11.10260225217341}"
2026-06-10,BUILDING_MATERIALS_CONSTRUCTION,6.467774573506369,11.655560529869113,19,17,83.87096774193549,55.00000000000001,17.68447837150129,7,5,HIGH_ACTIVITY,Dataset A distribution; outcome-blind,"{""activity_sector_excess_return_3d"": -1.3650675253893185, ""activity_sector_excess_return_5d"": -1.8270934023111836, ""activity_top120_count"": 1.0, ""activity_rank_improving_count"": 0.0, ""activity_volume_expansion_breadth"": 13.752488387524883, ""activity_institution_buy_breadth"": 47.72256728778468, ""activity_leader_strength"": 11.10260225217341}"
2026-06-11,BUILDING_MATERIALS_CONSTRUCTION,3.082666112906862,6.567759522347982,20,15,50.0,46.666666666666664,18.472906403940883,6,5,HIGH_ACTIVITY,Dataset A distribution; outcome-blind,"{""activity_sector_excess_return_3d"": -1.3650675253893185, ""activity_sector_excess_return_5d"": -1.8270934023111836, ""activity_top120_count"": 1.0, ""activity_rank_improving_count"": 0.0, ""activity_volume_expansion_breadth"": 13.752488387524883, ""activity_institution_buy_breadth"": 47.72256728778468, ""activity_leader_strength"": 11.10260225217341}"
2026-06-12,BUILDING_MATERIALS_CONSTRUCTION,4.759645462247275,3.525552672501142,16,10,33.87096774193548,68.33333333333333,16.747572815533985,7,6,HIGH_ACTIVITY,Dataset A distribution; outcome-blind,"{""activity_sector_excess_return_3d"": -1.3650675253893185, ""activity_sector_excess_return_5d"": -1.8270934023111836, ""activity_top120_count"": 1.0, ""activity_rank_improving_count"": 0.0, ""activity_volume_expansion_breadth"": 13.752488387524883, ""activity_institution_buy_breadth"": 47.72256728778468, ""activity_leader_strength"": 11.10260225217341}"
2026-06-15,BUILDING_MATERIALS_CONSTRUCTION,-5.023534697310894,-0.4138773905619231,1,1,24.193548387096776,53.333333333333336,20.398009950248742,6,2,ACTIVE,Dataset A distribution; outcome-blind,"{""activity_sector_excess_return_3d"": -1.3650675253893185, ""activity_sector_excess_return_5d"": -1.8270934023111836, ""activity_top120_count"": 1.0, ""activity_rank_improving_count"": 0.0, ""activity_volume_expansion_breadth"": 13.752488387524883, ""activity_institution_buy_breadth"": 47.72256728778468, ""activity_leader_strength"": 11.10260225217341}"
2026-06-16,BUILDING_MATERIALS_CONSTRUCTION,-5.668944204356641,0.5716230451790039,1,1,11.29032258064516,63.33333333333333,18.119266055045856,5,2,ACTIVE,Dataset A distribution; outcome-blind,"{""activity_sector_excess_return_3d"": -1.3650675253893185, ""activity_sector_excess_return_5d"": -1.8270934023111836, ""activity_top120_count"": 1.0, ""activity_rank_improving_count"": 0.0, ""activity_volume_expansion_breadth"": 13.752488387524883, ""activity_institution_buy_breadth"": 47.72256728778468, ""activity_leader_strength"": 11.10260225217341}"
2026-06-17,BUILDING_MATERIALS_CONSTRUCTION,-2.968873483358858,-5.726875906336004,1,1,14.516129032258066,66.66666666666666,15.909090909090917,5,2,ACTIVE,Dataset A distribution; outcome-blind,"{""activity_sector_excess_return_3d"": -1.3650675253893185, ""activity_sector_excess_return_5d"": -1.8270934023111836, ""activity_top120_count"": 1.0, ""activity_rank_improving_count"": 0.0, ""activity_volume_expansion_breadth"": 13.752488387524883, ""activity_institution_buy_breadth"": 47.72256728778468, ""activity_leader_strength"": 11.10260225217341}"
2026-06-18,BUILDING_MATERIALS_CONSTRUCTION,-2.093445508571856,-5.884637859133967,0,0,30.64516129032258,43.333333333333336,15.028901734104029,3,1,ACTIVE,Dataset A distribution; outcome-blind,"{""activity_sector_excess_return_3d"": -1.3650675253893185, ""activity_sector_excess_return_5d"": -1.8270934023111836, ""activity_top120_count"": 1.0, ""activity_rank_improving_count"": 0.0, ""activity_volume_expansion_breadth"": 13.752488387524883, ""activity_institution_buy_breadth"": 47.72256728778468, ""activity_leader_strength"": 11.10260225217341}"
2026-06-22,BUILDING_MATERIALS_CONSTRUCTION,-5.696025412036921,-9.68392137656371,0,0,33.87096774193548,30.0,17.95407098121087,3,1,ACTIVE,Dataset A distribution; outcome-blind,"{""activity_sector_excess_return_3d"": -1.3650675253893185, ""activity_sector_excess_return_5d"": -1.8270934023111836, ""activity_top120_count"": 1.0, ""activity_rank_improving_count"": 0.0, ""activity_volume_expansion_breadth"": 13.752488387524883, ""activity_institution_buy_breadth"": 47.72256728778468, ""activity_leader_strength"": 11.10260225217341}"
2026-06-23,BUILDING_MATERIALS_CONSTRUCTION,-5.5200372904738115,-5.455013536165776,1,0,9.67741935483871,58.333333333333336,4.660194174757271,3,0,ACTIVE,Dataset A distribution; outcome-blind,"{""activity_sector_excess_return_3d"": -1.3650675253893185, ""activity_sector_excess_return_5d"": -1.8270934023111836, ""activity_top120_count"": 1.0, ""activity_rank_improving_count"": 0.0, ""activity_volume_expansion_breadth"": 13.752488387524883, ""activity_institution_buy_breadth"": 47.72256728778468, ""activity_leader_strength"": 11.10260225217341}"
2026-06-24,BUILDING_MATERIALS_CONSTRUCTION,-1.7093122645692347,-2.236047709791161,1,0,8.064516129032258,65.0,9.696969696969692,3,1,ACTIVE,Dataset A distribution; outcome-blind,"{""activity_sector_excess_return_3d"": -1.3650675253893185, ""activity_sector_excess_return_5d"": -1.8270934023111836, ""activity_top120_count"": 1.0, ""activity_rank_improving_count"": 0.0, ""activity_volume_expansion_breadth"": 13.752488387524883, ""activity_institution_buy_breadth"": 47.72256728778468, ""activity_leader_strength"": 11.10260225217341}"
2026-06-25,BUILDING_MATERIALS_CONSTRUCTION,3.1131189608372245,-3.4305179144095033,1,0,6.451612903225806,60.0,5.986696230598665,4,2,ACTIVE,Dataset A distribution; outcome-blind,"{""activity_sector_excess_return_3d"": -1.3650675253893185, ""activity_sector_excess_return_5d"": -1.8270934023111836, ""activity_top120_count"": 1.0, ""activity_rank_improving_count"": 0.0, ""activity_volume_expansion_breadth"": 13.752488387524883, ""activity_institution_buy_breadth"": 47.72256728778468, ""activity_leader_strength"": 11.10260225217341}"
2026-06-26,BUILDING_MATERIALS_CONSTRUCTION,4.017751778665252,-0.10615532319698762,16,0,8.064516129032258,36.666666666666664,2.621722846441954,4,2,ACTIVE,Dataset A distribution; outcome-blind,"{""activity_sector_excess_return_3d"": -1.3650675253893185, ""activity_sector_excess_return_5d"": -1.8270934023111836, ""activity_top120_count"": 1.0, ""activity_rank_improving_count"": 0.0, ""activity_volume_expansion_breadth"": 13.752488387524883, ""activity_institution_buy_breadth"": 47.72256728778468, ""activity_leader_strength"": 11.10260225217341}"
2026-06-29,BUILDING_MATERIALS_CONSTRUCTION,1.4503135177844184,4.402783189333303,1,0,4.838709677419355,60.0,8.54166666666667,5,3,ACTIVE,Dataset A distribution; outcome-blind,"{""activity_sector_excess_return_3d"": -1.3650675253893185, ""activity_sector_excess_return_5d"": -1.8270934023111836, ""activity_top120_count"": 1.0, ""activity_rank_improving_count"": 0.0, ""activity_volume_expansion_breadth"": 13.752488387524883, ""activity_institution_buy_breadth"": 47.72256728778468, ""activity_leader_strength"": 11.10260225217341}"
2026-06-30,BUILDING_MATERIALS_CONSTRUCTION,-0.5560396052531225,1.3188846102840823,0,0,6.451612903225806,41.66666666666667,7.9812206572769995,3,1,ACTIVE,Dataset A distribution; outcome-blind,"{""activity_sector_excess_return_3d"": -1.3650675253893185, ""activity_sector_excess_return_5d"": -1.8270934023111836, ""activity_top120_count"": 1.0, ""activity_rank_improving_count"": 0.0, ""activity_volume_expansion_breadth"": 13.752488387524883, ""activity_institution_buy_breadth"": 47.72256728778468, ""activity_leader_strength"": 11.10260225217341}"
2026-07-01,BUILDING_MATERIALS_CONSTRUCTION,-4.78599948469528,-2.472539866497198,1,1,11.29032258064516,63.33333333333333,6.889763779527569,3,2,ACTIVE,Dataset A distribution; outcome-blind,"{""activity_sector_excess_return_3d"": -1.3650675253893185, ""activity_sector_excess_return_5d"": -1.8270934023111836, ""activity_top120_count"": 1.0, ""activity_rank_improving_count"": 0.0, ""activity_volume_expansion_breadth"": 13.752488387524883, ""activity_institution_buy_breadth"": 47.72256728778468, ""activity_leader_strength"": 11.10260225217341}"
2026-07-02,BUILDING_MATERIALS_CONSTRUCTION,-3.7141167021754073,-1.4744749196028306,0,0,12.903225806451612,50.0,6.976744186046502,3,0,ACTIVE,Dataset A distribution; outcome-blind,"{""activity_sector_excess_return_3d"": -1.3650675253893185, ""activity_sector_excess_return_5d"": -1.8270934023111836, ""activity_top120_count"": 1.0, ""activity_rank_improving_count"": 0.0, ""activity_volume_expansion_breadth"": 13.752488387524883, ""activity_institution_buy_breadth"": 47.72256728778468, ""activity_leader_strength"": 11.10260225217341}"
2026-07-03,BUILDING_MATERIALS_CONSTRUCTION,0.25978389016438896,-2.5173406626069705,0,0,22.58064516129032,75.0,19.845360824742286,5,2,ACTIVE,Dataset A distribution; outcome-blind,"{""activity_sector_excess_return_3d"": -1.3650675253893185, ""activity_sector_excess_return_5d"": -1.8270934023111836, ""activity_top120_count"": 1.0, ""activity_rank_improving_count"": 0.0, ""activity_volume_expansion_breadth"": 13.752488387524883, ""activity_institution_buy_breadth"": 47.72256728778468, ""activity_leader_strength"": 11.10260225217341}"
2026-07-06,BUILDING_MATERIALS_CONSTRUCTION,2.5312802900179454,-1.2355541949513493,0,0,17.741935483870968,58.333333333333336,19.095477386934668,6,1,ACTIVE,Dataset A distribution; outcome-blind,"{""activity_sector_excess_return_3d"": -1.3650675253893185, ""activity_sector_excess_return_5d"": -1.8270934023111836, ""activity_top120_count"": 1.0, ""activity_rank_improving_count"": 0.0, ""activity_volume_expansion_breadth"": 13.752488387524883, ""activity_institution_buy_breadth"": 47.72256728778468, ""activity_leader_strength"": 11.10260225217341}"
2026-07-07,BUILDING_MATERIALS_CONSTRUCTION,3.1707948946835485,2.0511623271424417,0,0,11.29032258064516,38.333333333333336,12.880562060889922,4,2,ACTIVE,Dataset A distribution; outcome-blind,"{""activity_sector_excess_return_3d"": -1.3650675253893185, ""activity_sector_excess_return_5d"": -1.8270934023111836, ""activity_top120_count"": 1.0, ""activity_rank_improving_count"": 0.0, ""activity_volume_expansion_breadth"": 13.752488387524883, ""activity_institution_buy_breadth"": 47.72256728778468, ""activity_leader_strength"": 11.10260225217341}"
2026-07-08,BUILDING_MATERIALS_CONSTRUCTION,0.6042218750468342,2.732045073703193,0,0,16.129032258064516,26.666666666666668,17.266187050359694,5,1,ACTIVE,Dataset A distribution; outcome-blind,"{""activity_sector_excess_return_3d"": -1.3650675253893185, ""activity_sector_excess_return_5d"": -1.8270934023111836, ""activity_top120_count"": 1.0, ""activity_rank_improving_count"": 0.0, ""activity_volume_expansion_breadth"": 13.752488387524883, ""activity_institution_buy_breadth"": 47.72256728778468, ""activity_leader_strength"": 11.10260225217341}"
2026-07-09,BUILDING_MATERIALS_CONSTRUCTION,1.0898923286422058,2.9726708106424526,0,0,12.903225806451612,48.333333333333336,12.765957446808528,5,2,ACTIVE,Dataset A distribution; outcome-blind,"{""activity_sector_excess_return_3d"": -1.3650675253893185, ""activity_sector_excess_return_5d"": -1.8270934023111836, ""activity_top120_count"": 1.0, ""activity_rank_improving_count"": 0.0, ""activity_volume_expansion_breadth"": 13.752488387524883, ""activity_institution_buy_breadth"": 47.72256728778468, ""activity_leader_strength"": 11.10260225217341}"
2026-07-13,BUILDING_MATERIALS_CONSTRUCTION,-0.44618644242511163,1.1950715183078497,1,0,16.129032258064516,43.333333333333336,12.68817204301076,6,1,ACTIVE,Dataset A distribution; outcome-blind,"{""activity_sector_excess_return_3d"": -1.3650675253893185, ""activity_sector_excess_return_5d"": -1.8270934023111836, ""activity_top120_count"": 1.0, ""activity_rank_improving_count"": 0.0, ""activity_volume_expansion_breadth"": 13.752488387524883, ""activity_institution_buy_breadth"": 47.72256728778468, ""activity_leader_strength"": 11.10260225217341}"
2026-07-14,BUILDING_MATERIALS_CONSTRUCTION,1.5162188369455043,1.3628976149184178,3,0,22.58064516129032,63.33333333333333,21.518987341772156,7,5,HIGH_ACTIVITY,Dataset A distribution; outcome-blind,"{""activity_sector_excess_return_3d"": -1.3650675253893185, ""activity_sector_excess_return_5d"": -1.8270934023111836, ""activity_top120_count"": 1.0, ""activity_rank_improving_count"": 0.0, ""activity_volume_expansion_breadth"": 13.752488387524883, ""activity_institution_buy_breadth"": 47.72256728778468, ""activity_leader_strength"": 11.10260225217341}"
2026-07-15,BUILDING_MATERIALS_CONSTRUCTION,-0.03533571809433145,-0.16443198618537602,4,0,12.903225806451612,76.66666666666667,29.045643153526978,6,3,ACTIVE,Dataset A distribution; outcome-blind,"{""activity_sector_excess_return_3d"": -1.3650675253893185, ""activity_sector_excess_return_5d"": -1.8270934023111836, ""activity_top120_count"": 1.0, ""activity_rank_improving_count"": 0.0, ""activity_volume_expansion_breadth"": 13.752488387524883, ""activity_institution_buy_breadth"": 47.72256728778468, ""activity_leader_strength"": 11.10260225217341}"
2026-07-16,BUILDING_MATERIALS_CONSTRUCTION,1.069153849428317,1.8803484395017112,16,4,29.03225806451613,76.66666666666667,25.349650349650354,7,7,HIGH_ACTIVITY,Dataset A distribution; outcome-blind,"{""activity_sector_excess_return_3d"": -1.3650675253893185, ""activity_sector_excess_return_5d"": -1.8270934023111836, ""activity_top120_count"": 1.0, ""activity_rank_improving_count"": 0.0, ""activity_volume_expansion_breadth"": 13.752488387524883, ""activity_institution_buy_breadth"": 47.72256728778468, ""activity_leader_strength"": 11.10260225217341}"
2026-07-17,BUILDING_MATERIALS_CONSTRUCTION,5.626397386656723,6.085029218641024,11,2,43.54838709677419,70.0,31.86003683241252,7,7,HIGH_ACTIVITY,Dataset A distribution; outcome-blind,"{""activity_sector_excess_return_3d"": -1.3650675253893185, ""activity_sector_excess_return_5d"": -1.8270934023111836, ""activity_top120_count"": 1.0, ""activity_rank_improving_count"": 0.0, ""activity_volume_expansion_breadth"": 13.752488387524883, ""activity_institution_buy_breadth"": 47.72256728778468, ""activity_leader_strength"": 11.10260225217341}"
2026-07-20,BUILDING_MATERIALS_CONSTRUCTION,6.276603746628024,7.3338578069677585,7,4,24.193548387096776,73.33333333333333,26.086956521739136,7,7,HIGH_ACTIVITY,Dataset A distribution; outcome-blind,"{""activity_sector_excess_return_3d"": -1.3650675253893185, ""activity_sector_excess_return_5d"": -1.8270934023111836, ""activity_top120_count"": 1.0, ""activity_rank_improving_count"": 0.0, ""activity_volume_expansion_breadth"": 13.752488387524883, ""activity_institution_buy_breadth"": 47.72256728778468, ""activity_leader_strength"": 11.10260225217341}"
2026-07-21,BUILDING_MATERIALS_CONSTRUCTION,2.2804855667971524,2.857836249666479,10,7,19.35483870967742,78.33333333333333,20.958083832335326,7,5,HIGH_ACTIVITY,Dataset A distribution; outcome-blind,"{""activity_sector_excess_return_3d"": -1.3650675253893185, ""activity_sector_excess_return_5d"": -1.8270934023111836, ""activity_top120_count"": 1.0, ""activity_rank_improving_count"": 0.0, ""activity_volume_expansion_breadth"": 13.752488387524883, ""activity_institution_buy_breadth"": 47.72256728778468, ""activity_leader_strength"": 11.10260225217341}"
2026-07-22,BUILDING_MATERIALS_CONSTRUCTION,-4.857143734374514,1.5816208048985592,8,4,22.58064516129032,35.0,23.404255319148916,5,5,HIGH_ACTIVITY,Dataset A distribution; outcome-blind,"{""activity_sector_excess_return_3d"": -1.3650675253893185, ""activity_sector_excess_return_5d"": -1.8270934023111836, ""activity_top120_count"": 1.0, ""activity_rank_improving_count"": 0.0, ""activity_volume_expansion_breadth"": 13.752488387524883, ""activity_institution_buy_breadth"": 47.72256728778468, ""activity_leader_strength"": 11.10260225217341}"
2026-07-23,BUILDING_MATERIALS_CONSTRUCTION,-5.805033199739185,0.10061503135708194,7,2,14.516129032258066,30.0,36.38132295719843,5,3,ACTIVE,Dataset A distribution; outcome-blind,"{""activity_sector_excess_return_3d"": -1.3650675253893185, ""activity_sector_excess_return_5d"": -1.8270934023111836, ""activity_top120_count"": 1.0, ""activity_rank_improving_count"": 0.0, ""activity_volume_expansion_breadth"": 13.752488387524883, ""activity_institution_buy_breadth"": 47.72256728778468, ""activity_leader_strength"": 11.10260225217341}"
2026-07-24,BUILDING_MATERIALS_CONSTRUCTION,0.3849929812221875,-2.246376853182852,7,3,11.29032258064516,48.333333333333336,60.62499999999999,5,3,ACTIVE,Dataset A distribution; outcome-blind,"{""activity_sector_excess_return_3d"": -1.3650675253893185, ""activity_sector_excess_return_5d"": -1.8270934023111836, ""activity_top120_count"": 1.0, ""activity_rank_improving_count"": 0.0, ""activity_volume_expansion_breadth"": 13.752488387524883, ""activity_institution_buy_breadth"": 47.72256728778468, ""activity_leader_strength"": 11.10260225217341}"
2026-05-28,CEMENT,-0.03682777151683414,-6.711075103047609,0,0,12.5,37.5,2.8503562945368044,2,0,LOW_ACTIVITY,Dataset A distribution; outcome-blind,"{""activity_sector_excess_return_3d"": -1.3650675253893185, ""activity_sector_excess_return_5d"": -1.8270934023111836, ""activity_top120_count"": 1.0, ""activity_rank_improving_count"": 0.0, ""activity_volume_expansion_breadth"": 13.752488387524883, ""activity_institution_buy_breadth"": 47.72256728778468, ""activity_leader_strength"": 11.10260225217341}"
2026-05-29,CEMENT,-1.8508736146312765,-4.724757051235096,0,0,37.5,87.5,2.8235294117647136,3,2,ACTIVE,Dataset A distribution; outcome-blind,"{""activity_sector_excess_return_3d"": -1.3650675253893185, ""activity_sector_excess_return_5d"": -1.8270934023111836, ""activity_top120_count"": 1.0, ""activity_rank_improving_count"": 0.0, ""activity_volume_expansion_breadth"": 13.752488387524883, ""activity_institution_buy_breadth"": 47.72256728778468, ""activity_leader_strength"": 11.10260225217341}"
2026-06-01,CEMENT,-0.5448615966481607,-2.3769815377416514,0,0,37.5,75.0,4.285714285714293,4,2,ACTIVE,Dataset A distribution; outcome-blind,"{""activity_sector_excess_return_3d"": -1.3650675253893185, ""activity_sector_excess_return_5d"": -1.8270934023111836, ""activity_top120_count"": 1.0, ""activity_rank_improving_count"": 0.0, ""activity_volume_expansion_breadth"": 13.752488387524883, ""activity_institution_buy_breadth"": 47.72256728778468, ""activity_leader_strength"": 11.10260225217341}"
2026-06-02,CEMENT,-2.4649840678089507,-3.0400512474444974,0,0,25.0,37.5,4.570383912248621,2,1,LOW_ACTIVITY,Dataset A distribution; outcome-blind,"{""activity_sector_excess_return_3d"": -1.3650675253893185, ""activity_sector_excess_return_5d"": -1.8270934023111836, ""activity_top120_count"": 1.0, ""activity_rank_improving_count"": 0.0, ""activity_volume_expansion_breadth"": 13.752488387524883, ""activity_institution_buy_breadth"": 47.72256728778468, ""activity_leader_strength"": 11.10260225217341}"
2026-06-03,CEMENT,-1.841924344164958,-1.7403851263031345,0,0,62.5,75.0,13.120567375886516,5,2,ACTIVE,Dataset A distribution; outcome-blind,"{""activity_sector_excess_return_3d"": -1.3650675253893185, ""activity_sector_excess_return_5d"": -1.8270934023111836, ""activity_top120_count"": 1.0, ""activity_rank_improving_count"": 0.0, ""activity_volume_expansion_breadth"": 13.752488387524883, ""activity_institution_buy_breadth"": 47.72256728778468, ""activity_leader_strength"": 11.10260225217341}"
2026-06-04,CEMENT,1.1912670986821028,-0.9157074028425582,0,0,37.5,25.0,14.28571428571428,5,2,ACTIVE,Dataset A distribution; outcome-blind,"{""activity_sector_excess_return_3d"": -1.3650675253893185, ""activity_sector_excess_return_5d"": -1.8270934023111836, ""activity_top120_count"": 1.0, ""activity_rank_improving_count"": 0.0, ""activity_volume_expansion_breadth"": 13.752488387524883, ""activity_institution_buy_breadth"": 47.72256728778468, ""activity_leader_strength"": 11.10260225217341}"
2026-06-05,CEMENT,3.1487956030384012,1.3591503018044682,0,0,50.0,25.0,9.589041095890405,4,3,ACTIVE,Dataset A distribution; outcome-blind,"{""activity_sector_excess_return_3d"": -1.3650675253893185, ""activity_sector_excess_return_5d"": -1.8270934023111836, ""activity_top120_count"": 1.0, ""activity_rank_improving_count"": 0.0, ""activity_volume_expansion_breadth"": 13.752488387524883, ""activity_institution_buy_breadth"": 47.72256728778468, ""activity_leader_strength"": 11.10260225217341}"
2026-06-08,CEMENT,4.825265619858342,3.8516395376382513,0,0,37.5,0.0,5.47945205479452,4,3,ACTIVE,Dataset A distribution; outcome-blind,"{""activity_sector_excess_return_3d"": -1.3650675253893185, ""activity_sector_excess_return_5d"": -1.8270934023111836, ""activity_top120_count"": 1.0, ""activity_rank_improving_count"": 0.0, ""activity_volume_expansion_breadth"": 13.752488387524883, ""activity_institution_buy_breadth"": 47.72256728778468, ""activity_leader_strength"": 11.10260225217341}"
2026-06-09,CEMENT,0.39841393967406935,2.658794847279511,0,0,0.0,25.0,6.20689655172415,3,1,ACTIVE,Dataset A distribution; outcome-blind,"{""activity_sector_excess_return_3d"": -1.3650675253893185, ""activity_sector_excess_return_5d"": -1.8270934023111836, ""activity_top120_count"": 1.0, ""activity_rank_improving_count"": 0.0, ""activity_volume_expansion_breadth"": 13.752488387524883, ""activity_institution_buy_breadth"": 47.72256728778468, ""activity_leader_strength"": 11.10260225217341}"
2026-06-10,CEMENT,2.528045717866612,6.004747243879632,0,0,37.5,75.0,3.6211699164345523,5,4,HIGH_ACTIVITY,Dataset A distribution; outcome-blind,"{""activity_sector_excess_return_3d"": -1.3650675253893185, ""activity_sector_excess_return_5d"": -1.8270934023111836, ""activity_top120_count"": 1.0, ""activity_rank_improving_count"": 0.0, ""activity_volume_expansion_breadth"": 13.752488387524883, ""activity_institution_buy_breadth"": 47.72256728778468, ""activity_leader_strength"": 11.10260225217341}"
2026-06-11,CEMENT,1.1690118903843638,4.1026436390415535,0,0,25.0,37.5,2.777777777777768,4,3,ACTIVE,Dataset A distribution; outcome-blind,"{""activity_sector_excess_return_3d"": -1.3650675253893185, ""activity_sector_excess_return_5d"": -1.8270934023111836, ""activity_top120_count"": 1.0, ""activity_rank_improving_count"": 0.0, ""activity_volume_expansion_breadth"": 13.752488387524883, ""activity_institution_buy_breadth"": 47.72256728778468, ""activity_leader_strength"": 11.10260225217341}"
2026-06-12,CEMENT,1.6376376441308071,1.7778533645277594,0,0,0.0,50.0,1.7906336088154395,4,2,ACTIVE,Dataset A distribution; outcome-blind,"{""activity_sector_excess_return_3d"": -1.3650675253893185, ""activity_sector_excess_return_5d"": -1.8270934023111836, ""activity_top120_count"": 1.0, ""activity_rank_improving_count"": 0.0, ""activity_volume_expansion_breadth"": 13.752488387524883, ""activity_institution_buy_breadth"": 47.72256728778468, ""activity_leader_strength"": 11.10260225217341}"
2026-06-15,CEMENT,-3.826464768768445,-2.0353526793311705,0,0,75.0,75.0,4.192872117400426,3,2,ACTIVE,Dataset A distribution; outcome-blind,"{""activity_sector_excess_return_3d"": -1.3650675253893185, ""activity_sector_excess_return_5d"": -1.8270934023111836, ""activity_top120_count"": 1.0, ""activity_rank_improving_count"": 0.0, ""activity_volume_expansion_breadth"": 13.752488387524883, ""activity_institution_buy_breadth"": 47.72256728778468, ""activity_leader_strength"": 11.10260225217341}"
2026-06-16,CEMENT,-5.479842306679739,-1.8803219545977856,0,0,25.0,37.5,2.2964509394572064,2,1,LOW_ACTIVITY,Dataset A distribution; outcome-blind,"{""activity_sector_excess_return_3d"": -1.3650675253893185, ""activity_sector_excess_return_5d"": -1.8270934023111836, ""activity_top120_count"": 1.0, ""activity_rank_improving_count"": 0.0, ""activity_volume_expansion_breadth"": 13.752488387524883, ""activity_institution_buy_breadth"": 47.72256728778468, ""activity_leader_strength"": 11.10260225217341}"
2026-06-17,CEMENT,-4.037822454293726,-5.620815240078347,0,0,37.5,25.0,2.7196652719665426,2,1,LOW_ACTIVITY,Dataset A distribution; outcome-blind,"{""activity_sector_excess_return_3d"": -1.3650675253893185, ""activity_sector_excess_return_5d"": -1.8270934023111836, ""activity_top120_count"": 1.0, ""activity_rank_improving_count"": 0.0, ""activity_volume_expansion_breadth"": 13.752488387524883, ""activity_institution_buy_breadth"": 47.72256728778468, ""activity_leader_strength"": 11.10260225217341}"
2026-06-18,CEMENT,-3.3962498711279543,-7.340667340139362,0,0,37.5,12.5,1.831501831501825,2,1,LOW_ACTIVITY,Dataset A distribution; outcome-blind,"{""activity_sector_excess_return_3d"": -1.3650675253893185, ""activity_sector_excess_return_5d"": -1.8270934023111836, ""activity_top120_count"": 1.0, ""activity_rank_improving_count"": 0.0, ""activity_volume_expansion_breadth"": 13.752488387524883, ""activity_institution_buy_breadth"": 47.72256728778468, ""activity_leader_strength"": 11.10260225217341}"
2026-06-22,CEMENT,-5.204587457544774,-8.837974424697387,0,0,75.0,37.5,0.7246376811594235,2,1,LOW_ACTIVITY,Dataset A distribution; outcome-blind,"{""activity_sector_excess_return_3d"": -1.3650675253893185, ""activity_sector_excess_return_5d"": -1.8270934023111836, ""activity_top120_count"": 1.0, ""activity_rank_improving_count"": 0.0, ""activity_volume_expansion_breadth"": 13.752488387524883, ""activity_institution_buy_breadth"": 47.72256728778468, ""activity_leader_strength"": 11.10260225217341}"
2026-06-23,CEMENT,-4.115952485348073,-5.730383793795446,0,0,50.0,37.5,0.0,2,1,LOW_ACTIVITY,Dataset A distribution; outcome-blind,"{""activity_sector_excess_return_3d"": -1.3650675253893185, ""activity_sector_excess_return_5d"": -1.8270934023111836, ""activity_top120_count"": 1.0, ""activity_rank_improving_count"": 0.0, ""activity_volume_expansion_breadth"": 13.752488387524883, ""activity_institution_buy_breadth"": 47.72256728778468, ""activity_leader_strength"": 11.10260225217341}"
2026-06-24,CEMENT,0.03568808978290927,-1.9856324524776259,0,0,25.0,50.0,0.11025358324145973,4,1,ACTIVE,Dataset A distribution; outcome-blind,"{""activity_sector_excess_return_3d"": -1.3650675253893185, ""activity_sector_excess_return_5d"": -1.8270934023111836, ""activity_top120_count"": 1.0, ""activity_rank_improving_count"": 0.0, ""activity_volume_expansion_breadth"": 13.752488387524883, ""activity_institution_buy_breadth"": 47.72256728778468, ""activity_leader_strength"": 11.10260225217341}"
2026-06-25,CEMENT,3.2786818747445157,-1.6271511246590098,0,0,25.0,87.5,0.22050716648291946,5,3,ACTIVE,Dataset A distribution; outcome-blind,"{""activity_sector_excess_return_3d"": -1.3650675253893185, ""activity_sector_excess_return_5d"": -1.8270934023111836, ""activity_top120_count"": 1.0, ""activity_rank_improving_count"": 0.0, ""activity_volume_expansion_breadth"": 13.752488387524883, ""activity_institution_buy_breadth"": 47.72256728778468, ""activity_leader_strength"": 11.10260225217341}"
2026-06-26,CEMENT,5.00680026924148,2.6412534539767774,0,0,12.5,12.5,0.33149171270718814,3,2,ACTIVE,Dataset A distribution; outcome-blind,"{""activity_sector_excess_return_3d"": -1.3650675253893185, ""activity_sector_excess_return_5d"": -1.8270934023111836, ""activity_top120_count"": 1.0, ""activity_rank_improving_count"": 0.0, ""activity_volume_expansion_breadth"": 13.752488387524883, ""activity_institution_buy_breadth"": 47.72256728778468, ""activity_leader_strength"": 11.10260225217341}"
2026-06-29,CEMENT,1.8011399192059185,4.865734581311504,0,0,0.0,25.0,0.34482758620690834,3,2,ACTIVE,Dataset A distribution; outcome-blind,"{""activity_sector_excess_return_3d"": -1.3650675253893185, ""activity_sector_excess_return_5d"": -1.8270934023111836, ""activity_top120_count"": 1.0, ""activity_rank_improving_count"": 0.0, ""activity_volume_expansion_breadth"": 13.752488387524883, ""activity_institution_buy_breadth"": 47.72256728778468, ""activity_leader_strength"": 11.10260225217341}"
2026-06-30,CEMENT,0.10841099514138364,2.391026525896711,0,0,12.5,37.5,1.526717557251911,3,1,ACTIVE,Dataset A distribution; outcome-blind,"{""activity_sector_excess_return_3d"": -1.3650675253893185, ""activity_sector_excess_return_5d"": -1.8270934023111836, ""activity_top120_count"": 1.0, ""activity_rank_improving_count"": 0.0, ""activity_volume_expansion_breadth"": 13.752488387524883, ""activity_institution_buy_breadth"": 47.72256728778468, ""activity_leader_strength"": 11.10260225217341}"
2026-07-01,CEMENT,-4.93140971501822,-2.4857843233834886,0,0,25.0,50.0,0.9090909090909038,3,1,ACTIVE,Dataset A distribution; outcome-blind,"{""activity_sector_excess_return_3d"": -1.3650675253893185, ""activity_sector_excess_return_5d"": -1.8270934023111836, ""activity_top120_count"": 1.0, ""activity_rank_improving_count"": 0.0, ""activity_volume_expansion_breadth"": 13.752488387524883, ""activity_institution_buy_breadth"": 47.72256728778468, ""activity_leader_strength"": 11.10260225217341}"
2026-07-02,CEMENT,-3.968734539574709,-1.5905125904986772,0,0,25.0,12.5,2.614379084967311,3,1,ACTIVE,Dataset A distribution; outcome-blind,"{""activity_sector_excess_return_3d"": -1.3650675253893185, ""activity_sector_excess_return_5d"": -1.8270934023111836, ""activity_top120_count"": 1.0, ""activity_rank_improving_count"": 0.0, ""activity_volume_expansion_breadth"": 13.752488387524883, ""activity_institution_buy_breadth"": 47.72256728778468, ""activity_leader_strength"": 11.10260225217341}"
2026-07-03,CEMENT,-0.5886945554447243,-3.883346029936341,0,0,37.5,87.5,7.0469798657718075,4,2,ACTIVE,Dataset A distribution; outcome-blind,"{""activity_sector_excess_return_3d"": -1.3650675253893185, ""activity_sector_excess_return_5d"": -1.8270934023111836, ""activity_top120_count"": 1.0, ""activity_rank_improving_count"": 0.0, ""activity_volume_expansion_breadth"": 13.752488387524883, ""activity_institution_buy_breadth"": 47.72256728778468, ""activity_leader_strength"": 11.10260225217341}"
2026-07-06,CEMENT,3.115691600668846,-1.5812493053259824,0,0,37.5,50.0,6.000000000000005,5,2,ACTIVE,Dataset A distribution; outcome-blind,"{""activity_sector_excess_return_3d"": -1.3650675253893185, ""activity_sector_excess_return_5d"": -1.8270934023111836, ""activity_top120_count"": 1.0, ""activity_rank_improving_count"": 0.0, ""activity_volume_expansion_breadth"": 13.752488387524883, ""activity_institution_buy_breadth"": 47.72256728778468, ""activity_leader_strength"": 11.10260225217341}"
2026-07-07,CEMENT,3.8711419455265017,2.3969459021651263,0,0,0.0,0.0,2.7985074626865725,3,2,ACTIVE,Dataset A distribution; outcome-blind,"{""activity_sector_excess_return_3d"": -1.3650675253893185, ""activity_sector_excess_return_5d"": -1.8270934023111836, ""activity_top120_count"": 1.0, ""activity_rank_improving_count"": 0.0, ""activity_volume_expansion_breadth"": 13.752488387524883, ""activity_institution_buy_breadth"": 47.72256728778468, ""activity_leader_strength"": 11.10260225217341}"
2026-07-08,CEMENT,2.236417559237136,3.5979762809486004,0,0,12.5,12.5,2.9032258064516148,3,2,ACTIVE,Dataset A distribution; outcome-blind,"{""activity_sector_excess_return_3d"": -1.3650675253893185, ""activity_sector_excess_return_5d"": -1.8270934023111836, ""activity_top120_count"": 1.0, ""activity_rank_improving_count"": 0.0, ""activity_volume_expansion_breadth"": 13.752488387524883, ""activity_institution_buy_breadth"": 47.72256728778468, ""activity_leader_strength"": 11.10260225217341}"
2026-07-09,CEMENT,0.9600481386032811,2.790189058817638,0,0,25.0,0.0,1.0309278350515427,4,3,ACTIVE,Dataset A distribution; outcome-blind,"{""activity_sector_excess_return_3d"": -1.3650675253893185, ""activity_sector_excess_return_5d"": -1.8270934023111836, ""activity_top120_count"": 1.0, ""activity_rank_improving_count"": 0.0, ""activity_volume_expansion_breadth"": 13.752488387524883, ""activity_institution_buy_breadth"": 47.72256728778468, ""activity_leader_strength"": 11.10260225217341}"
2026-07-13,CEMENT,-1.6751848846103201,1.3971420119722577,0,0,25.0,0.0,0.0,3,2,ACTIVE,Dataset A distribution; outcome-blind,"{""activity_sector_excess_return_3d"": -1.3650675253893185, ""activity_sector_excess_return_5d"": -1.8270934023111836, ""activity_top120_count"": 1.0, ""activity_rank_improving_count"": 0.0, ""activity_volume_expansion_breadth"": 13.752488387524883, ""activity_institution_buy_breadth"": 47.72256728778468, ""activity_leader_strength"": 11.10260225217341}"
2026-07-14,CEMENT,0.6672397792975293,1.0746710619459474,0,0,25.0,25.0,-0.3424657534246589,4,1,ACTIVE,Dataset A distribution; outcome-blind,"{""activity_sector_excess_return_3d"": -1.3650675253893185, ""activity_sector_excess_return_5d"": -1.8270934023111836, ""activity_top120_count"": 1.0, ""activity_rank_improving_count"": 0.0, ""activity_volume_expansion_breadth"": 13.752488387524883, ""activity_institution_buy_breadth"": 47.72256728778468, ""activity_leader_strength"": 11.10260225217341}"
2026-07-15,CEMENT,-0.5976165139423117,-0.6765757147099538,0,0,37.5,75.0,2.215189873417711,5,2,ACTIVE,Dataset A distribution; outcome-blind,"{""activity_sector_excess_return_3d"": -1.3650675253893185, ""activity_sector_excess_return_5d"": -1.8270934023111836, ""activity_top120_count"": 1.0, ""activity_rank_improving_count"": 0.0, ""activity_volume_expansion_breadth"": 13.752488387524883, ""activity_institution_buy_breadth"": 47.72256728778468, ""activity_leader_strength"": 11.10260225217341}"
2026-07-16,CEMENT,-0.034934709072009795,-0.15163522603890423,2,0,25.0,75.0,3.6796536796536605,6,2,ACTIVE,Dataset A distribution; outcome-blind,"{""activity_sector_excess_return_3d"": -1.3650675253893185, ""activity_sector_excess_return_5d"": -1.8270934023111836, ""activity_top120_count"": 1.0, ""activity_rank_improving_count"": 0.0, ""activity_volume_expansion_breadth"": 13.752488387524883, ""activity_institution_buy_breadth"": 47.72256728778468, ""activity_leader_strength"": 11.10260225217341}"
2026-07-17,CEMENT,4.5180668558081285,5.334910610285687,2,0,50.0,62.5,3.524229074889873,6,4,HIGH_ACTIVITY,Dataset A distribution; outcome-blind,"{""activity_sector_excess_return_3d"": -1.3650675253893185, ""activity_sector_excess_return_5d"": -1.8270934023111836, ""activity_top120_count"": 1.0, ""activity_rank_improving_count"": 0.0, ""activity_volume_expansion_breadth"": 13.752488387524883, ""activity_institution_buy_breadth"": 47.72256728778468, ""activity_leader_strength"": 11.10260225217341}"
2026-07-20,CEMENT,5.702034177075566,6.504292460463473,0,0,12.5,62.5,4.157549234135671,4,3,ACTIVE,Dataset A distribution; outcome-blind,"{""activity_sector_excess_return_3d"": -1.3650675253893185, ""activity_sector_excess_return_5d"": -1.8270934023111836, ""activity_top120_count"": 1.0, ""activity_rank_improving_count"": 0.0, ""activity_volume_expansion_breadth"": 13.752488387524883, ""activity_institution_buy_breadth"": 47.72256728778468, ""activity_leader_strength"": 11.10260225217341}"
2026-07-21,CEMENT,2.7406423313017347,2.7838207299197504,0,0,0.0,50.0,5.947136563876665,4,2,ACTIVE,Dataset A distribution; outcome-blind,"{""activity_sector_excess_return_3d"": -1.3650675253893185, ""activity_sector_excess_return_5d"": -1.8270934023111836, ""activity_top120_count"": 1.0, ""activity_rank_improving_count"": 0.0, ""activity_volume_expansion_breadth"": 13.752488387524883, ""activity_institution_buy_breadth"": 47.72256728778468, ""activity_leader_strength"": 11.10260225217341}"
2026-07-22,CEMENT,-5.351474464017758,0.6497384675088202,0,0,0.0,0.0,1.273885350318471,2,0,LOW_ACTIVITY,Dataset A distribution; outcome-blind,"{""activity_sector_excess_return_3d"": -1.3650675253893185, ""activity_sector_excess_return_5d"": -1.8270934023111836, ""activity_top120_count"": 1.0, ""activity_rank_improving_count"": 0.0, ""activity_volume_expansion_breadth"": 13.752488387524883, ""activity_institution_buy_breadth"": 47.72256728778468, ""activity_leader_strength"": 11.10260225217341}"
2026-07-23,CEMENT,-5.29085933683251,1.2792376795216553,0,0,0.0,25.0,0.20876826722338038,2,1,LOW_ACTIVITY,Dataset A distribution; outcome-blind,"{""activity_sector_excess_return_3d"": -1.3650675253893185, ""activity_sector_excess_return_5d"": -1.8270934023111836, ""activity_top120_count"": 1.0, ""activity_rank_improving_count"": 0.0, ""activity_volume_expansion_breadth"": 13.752488387524883, ""activity_institution_buy_breadth"": 47.72256728778468, ""activity_leader_strength"": 11.10260225217341}"
2026-07-24,CEMENT,0.8358307542020715,-2.419409976283177,0,0,0.0,37.5,1.5923566878981,2,0,LOW_ACTIVITY,Dataset A distribution; outcome-blind,"{""activity_sector_excess_return_3d"": -1.3650675253893185, ""activity_sector_excess_return_5d"": -1.8270934023111836, ""activity_top120_count"": 1.0, ""activity_rank_improving_count"": 0.0, ""activity_volume_expansion_breadth"": 13.752488387524883, ""activity_institution_buy_breadth"": 47.72256728778468, ""activity_leader_strength"": 11.10260225217341}"
2026-05-28,CHEMICAL,-2.1556747356999417,-5.807351025262086,0,0,22.22222222222222,42.857142857142854,1.0479041916167775,2,1,LOW_ACTIVITY,Dataset A distribution; outcome-blind,"{""activity_sector_excess_return_3d"": -1.3650675253893185, ""activity_sector_excess_return_5d"": -1.8270934023111836, ""activity_top120_count"": 1.0, ""activity_rank_improving_count"": 0.0, ""activity_volume_expansion_breadth"": 13.752488387524883, ""activity_institution_buy_breadth"": 47.72256728778468, ""activity_leader_strength"": 11.10260225217341}"
2026-05-29,CHEMICAL,-3.0355015102859984,-7.015200074008499,0,0,11.11111111111111,71.42857142857143,1.303780964797907,2,1,LOW_ACTIVITY,Dataset A distribution; outcome-blind,"{""activity_sector_excess_return_3d"": -1.3650675253893185, ""activity_sector_excess_return_5d"": -1.8270934023111836, ""activity_top120_count"": 1.0, ""activity_rank_improving_count"": 0.0, ""activity_volume_expansion_breadth"": 13.752488387524883, ""activity_institution_buy_breadth"": 47.72256728778468, ""activity_leader_strength"": 11.10260225217341}"
2026-06-01,CHEMICAL,-1.111450101500111,-4.6048834858903875,0,0,22.22222222222222,71.42857142857143,2.617230098146117,4,2,ACTIVE,Dataset A distribution; outcome-blind,"{""activity_sector_excess_return_3d"": -1.3650675253893185, ""activity_sector_excess_return_5d"": -1.8270934023111836, ""activity_top120_count"": 1.0, ""activity_rank_improving_count"": 0.0, ""activity_volume_expansion_breadth"": 13.752488387524883, ""activity_institution_buy_breadth"": 47.72256728778468, ""activity_leader_strength"": 11.10260225217341}"
2026-06-02,CHEMICAL,1.5533489410686663,-1.939146095944566,0,0,11.11111111111111,71.42857142857143,5.417276720351394,3,2,ACTIVE,Dataset A distribution; outcome-blind,"{""activity_sector_excess_return_3d"": -1.3650675253893185, ""activity_sector_excess_return_5d"": -1.8270934023111836, ""activity_top120_count"": 1.0, ""activity_rank_improving_count"": 0.0, ""activity_volume_expansion_breadth"": 13.752488387524883, ""activity_institution_buy_breadth"": 47.72256728778468, ""activity_leader_strength"": 11.10260225217341}"
2026-06-03,CHEMICAL,3.5982667112815836,1.1831002667173962,0,0,44.44444444444444,71.42857142857143,12.743823146944088,6,4,HIGH_ACTIVITY,Dataset A distribution; outcome-blind,"{""activity_sector_excess_return_3d"": -1.3650675253893185, ""activity_sector_excess_return_5d"": -1.8270934023111836, ""activity_top120_count"": 1.0, ""activity_rank_improving_count"": 0.0, ""activity_volume_expansion_breadth"": 13.752488387524883, ""activity_institution_buy_breadth"": 47.72256728778468, ""activity_leader_strength"": 11.10260225217341}"
2026-06-04,CHEMICAL,4.298016612931366,6.3648543081551,1,0,55.55555555555556,28.57142857142857,30.547945205479454,6,4,HIGH_ACTIVITY,Dataset A distribution; outcome-blind,"{""activity_sector_excess_return_3d"": -1.3650675253893185, ""activity_sector_excess_return_5d"": -1.8270934023111836, ""activity_top120_count"": 1.0, ""activity_rank_improving_count"": 0.0, ""activity_volume_expansion_breadth"": 13.752488387524883, ""activity_institution_buy_breadth"": 47.72256728778468, ""activity_leader_strength"": 11.10260225217341}"
2026-06-05,CHEMICAL,3.618078562446969,5.723622286456864,1,0,44.44444444444444,28.57142857142857,28.53403141361257,6,4,HIGH_ACTIVITY,Dataset A distribution; outcome-blind,"{""activity_sector_excess_return_3d"": -1.3650675253893185, ""activity_sector_excess_return_5d"": -1.8270934023111836, ""activity_top120_count"": 1.0, ""activity_rank_improving_count"": 0.0, ""activity_volume_expansion_breadth"": 13.752488387524883, ""activity_institution_buy_breadth"": 47.72256728778468, ""activity_leader_strength"": 11.10260225217341}"
2026-06-08,CHEMICAL,5.84201885790756,5.429181278973571,1,0,22.22222222222222,28.57142857142857,14.507772020725396,6,3,ACTIVE,Dataset A distribution; outcome-blind,"{""activity_sector_excess_return_3d"": -1.3650675253893185, ""activity_sector_excess_return_5d"": -1.8270934023111836, ""activity_top120_count"": 1.0, ""activity_rank_improving_count"": 0.0, ""activity_volume_expansion_breadth"": 13.752488387524883, ""activity_institution_buy_breadth"": 47.72256728778468, ""activity_leader_strength"": 11.10260225217341}"
2026-06-09,CHEMICAL,0.8675709944015897,3.0410507422878097,0,0,44.44444444444444,28.57142857142857,14.955640050697072,5,2,ACTIVE,Dataset A distribution; outcome-blind,"{""activity_sector_excess_return_3d"": -1.3650675253893185, ""activity_sector_excess_return_5d"": -1.8270934023111836, ""activity_top120_count"": 1.0, ""activity_rank_improving_count"": 0.0, ""activity_volume_expansion_breadth"": 13.752488387524883, ""activity_institution_buy_breadth"": 47.72256728778468, ""activity_leader_strength"": 11.10260225217341}"
2026-06-10,CHEMICAL,2.125522323678431,7.216544705677097,1,0,22.22222222222222,28.57142857142857,7.26643598615917,5,3,ACTIVE,Dataset A distribution; outcome-blind,"{""activity_sector_excess_return_3d"": -1.3650675253893185, ""activity_sector_excess_return_5d"": -1.8270934023111836, ""activity_top120_count"": 1.0, ""activity_rank_improving_count"": 0.0, ""activity_volume_expansion_breadth"": 13.752488387524883, ""activity_institution_buy_breadth"": 47.72256728778468, ""activity_leader_strength"": 11.10260225217341}"
2026-06-11,CHEMICAL,0.7073561774147419,3.1354684531163635,0,0,11.11111111111111,28.57142857142857,-0.8324661810613865,3,1,ACTIVE,Dataset A distribution; outcome-blind,"{""activity_sector_excess_return_3d"": -1.3650675253893185, ""activity_sector_excess_return_5d"": -1.8270934023111836, ""activity_top120_count"": 1.0, ""activity_rank_improving_count"": 0.0, ""activity_volume_expansion_breadth"": 13.752488387524883, ""activity_institution_buy_breadth"": 47.72256728778468, ""activity_leader_strength"": 11.10260225217341}"
2026-06-12,CHEMICAL,0.9418894272289147,0.610422896765439,0,0,22.22222222222222,42.857142857142854,2.066590126291623,4,1,ACTIVE,Dataset A distribution; outcome-blind,"{""activity_sector_excess_return_3d"": -1.3650675253893185, ""activity_sector_excess_return_5d"": -1.8270934023111836, ""activity_top120_count"": 1.0, ""activity_rank_improving_count"": 0.0, ""activity_volume_expansion_breadth"": 13.752488387524883, ""activity_institution_buy_breadth"": 47.72256728778468, ""activity_leader_strength"": 11.10260225217341}"
2026-06-15,CHEMICAL,-3.7805968442035542,-1.943326009451396,0,0,22.22222222222222,42.857142857142854,7.239819004524883,2,1,LOW_ACTIVITY,Dataset A distribution; outcome-blind,"{""activity_sector_excess_return_3d"": -1.3650675253893185, ""activity_sector_excess_return_5d"": -1.8270934023111836, ""activity_top120_count"": 1.0, ""activity_rank_improving_count"": 0.0, ""activity_volume_expansion_breadth"": 13.752488387524883, ""activity_institution_buy_breadth"": 47.72256728778468, ""activity_leader_strength"": 11.10260225217341}"
2026-06-16,CHEMICAL,-4.094136012023819,-1.5760903805452475,0,0,0.0,71.42857142857143,2.2058823529411686,3,1,ACTIVE,Dataset A distribution; outcome-blind,"{""activity_sector_excess_return_3d"": -1.3650675253893185, ""activity_sector_excess_return_5d"": -1.8270934023111836, ""activity_top120_count"": 1.0, ""activity_rank_improving_count"": 0.0, ""activity_volume_expansion_breadth"": 13.752488387524883, ""activity_institution_buy_breadth"": 47.72256728778468, ""activity_leader_strength"": 11.10260225217341}"
2026-06-17,CHEMICAL,-3.642782548567669,-5.495528493126223,0,0,0.0,28.57142857142857,3.2769556025370017,1,0,LOW_ACTIVITY,Dataset A distribution; outcome-blind,"{""activity_sector_excess_return_3d"": -1.3650675253893185, ""activity_sector_excess_return_5d"": -1.8270934023111836, ""activity_top120_count"": 1.0, ""activity_rank_improving_count"": 0.0, ""activity_volume_expansion_breadth"": 13.752488387524883, ""activity_institution_buy_breadth"": 47.72256728778468, ""activity_leader_strength"": 11.10260225217341}"
2026-06-18,CHEMICAL,-2.480430003199652,-6.427171152812305,0,0,11.11111111111111,14.285714285714285,10.428100987925347,1,0,LOW_ACTIVITY,Dataset A distribution; outcome-blind,"{""activity_sector_excess_return_3d"": -1.3650675253893185, ""activity_sector_excess_return_5d"": -1.8270934023111836, ""activity_top120_count"": 1.0, ""activity_rank_improving_count"": 0.0, ""activity_volume_expansion_breadth"": 13.752488387524883, ""activity_institution_buy_breadth"": 47.72256728778468, ""activity_leader_strength"": 11.10260225217341}"
2026-06-22,CHEMICAL,-5.232134598074012,-7.959971567507518,0,0,11.11111111111111,28.57142857142857,7.499999999999996,1,0,LOW_ACTIVITY,Dataset A distribution; outcome-blind,"{""activity_sector_excess_return_3d"": -1.3650675253893185, ""activity_sector_excess_return_5d"": -1.8270934023111836, ""activity_top120_count"": 1.0, ""activity_rank_improving_count"": 0.0, ""activity_volume_expansion_breadth"": 13.752488387524883, ""activity_institution_buy_breadth"": 47.72256728778468, ""activity_leader_strength"": 11.10260225217341}"
2026-06-23,CHEMICAL,-2.0310438840595024,-2.861084130100089,1,0,11.11111111111111,14.285714285714285,4.129464285714279,2,0,LOW_ACTIVITY,Dataset A distribution; outcome-blind,"{""activity_sector_excess_return_3d"": -1.3650675253893185, ""activity_sector_excess_return_5d"": -1.8270934023111836, ""activity_top120_count"": 1.0, ""activity_rank_improving_count"": 0.0, ""activity_volume_expansion_breadth"": 13.752488387524883, ""activity_institution_buy_breadth"": 47.72256728778468, ""activity_leader_strength"": 11.10260225217341}"
2026-06-24,CHEMICAL,1.5451008145310308,-0.5117095499832969,0,0,0.0,42.857142857142854,13.47826086956523,4,1,ACTIVE,Dataset A distribution; outcome-blind,"{""activity_sector_excess_return_3d"": -1.3650675253893185, ""activity_sector_excess_return_5d"": -1.8270934023111836, ""activity_top120_count"": 1.0, ""activity_rank_improving_count"": 0.0, ""activity_volume_expansion_breadth"": 13.752488387524883, ""activity_institution_buy_breadth"": 47.72256728778468, ""activity_leader_strength"": 11.10260225217341}"
2026-06-25,CHEMICAL,2.800618960837231,-0.9358853577614346,1,1,0.0,28.57142857142857,15.409836065573757,5,2,ACTIVE,Dataset A distribution; outcome-blind,"{""activity_sector_excess_return_3d"": -1.3650675253893185, ""activity_sector_excess_return_5d"": -1.8270934023111836, ""activity_top120_count"": 1.0, ""activity_rank_improving_count"": 0.0, ""activity_volume_expansion_breadth"": 13.752488387524883, ""activity_institution_buy_breadth"": 47.72256728778468, ""activity_leader_strength"": 11.10260225217341}"
2026-06-26,CHEMICAL,4.359018099720192,2.2690945542020557,1,0,22.22222222222222,0.0,6.361829025844945,5,3,ACTIVE,Dataset A distribution; outcome-blind,"{""activity_sector_excess_return_3d"": -1.3650675253893185, ""activity_sector_excess_return_5d"": -1.8270934023111836, ""activity_top120_count"": 1.0, ""activity_rank_improving_count"": 0.0, ""activity_volume_expansion_breadth"": 13.752488387524883, ""activity_institution_buy_breadth"": 47.72256728778468, ""activity_leader_strength"": 11.10260225217341}"
2026-06-29,CHEMICAL,2.266764544909605,5.870653638693201,1,0,11.11111111111111,42.857142857142854,4.9342105263157965,4,2,ACTIVE,Dataset A distribution; outcome-blind,"{""activity_sector_excess_return_3d"": -1.3650675253893185, ""activity_sector_excess_return_5d"": -1.8270934023111836, ""activity_top120_count"": 1.0, ""activity_rank_improving_count"": 0.0, ""activity_volume_expansion_breadth"": 13.752488387524883, ""activity_institution_buy_breadth"": 47.72256728778468, ""activity_leader_strength"": 11.10260225217341}"
2026-06-30,CHEMICAL,-0.4817774479432435,1.7543570671164188,1,0,11.11111111111111,14.285714285714285,8.00405268490374,4,1,ACTIVE,Dataset A distribution; outcome-blind,"{""activity_sector_excess_return_3d"": -1.3650675253893185, ""activity_sector_excess_return_5d"": -1.8270934023111836, ""activity_top120_count"": 1.0, ""activity_rank_improving_count"": 0.0, ""activity_volume_expansion_breadth"": 13.752488387524883, ""activity_institution_buy_breadth"": 47.72256728778468, ""activity_leader_strength"": 11.10260225217341}"
2026-07-01,CHEMICAL,-5.362988280709846,-2.6425141784763184,0,0,11.11111111111111,57.14285714285714,6.44444444444443,2,0,LOW_ACTIVITY,Dataset A distribution; outcome-blind,"{""activity_sector_excess_return_3d"": -1.3650675253893185, ""activity_sector_excess_return_5d"": -1.8270934023111836, ""activity_top120_count"": 1.0, ""activity_rank_improving_count"": 0.0, ""activity_volume_expansion_breadth"": 13.752488387524883, ""activity_institution_buy_breadth"": 47.72256728778468, ""activity_leader_strength"": 11.10260225217341}"
2026-07-02,CHEMICAL,-3.0375675235020383,-0.5344948334992106,1,1,22.22222222222222,57.14285714285714,11.23595505617978,6,2,ACTIVE,Dataset A distribution; outcome-blind,"{""activity_sector_excess_return_3d"": -1.3650675253893185, ""activity_sector_excess_return_5d"": -1.8270934023111836, ""activity_top120_count"": 1.0, ""activity_rank_improving_count"": 0.0, ""activity_volume_expansion_breadth"": 13.752488387524883, ""activity_institution_buy_breadth"": 47.72256728778468, ""activity_leader_strength"": 11.10260225217341}"
2026-07-03,CHEMICAL,1.3203285564313605,-0.5726219075433914,1,1,22.22222222222222,42.857142857142854,17.931034482758612,6,3,ACTIVE,Dataset A distribution; outcome-blind,"{""activity_sector_excess_return_3d"": -1.3650675253893185, ""activity_sector_excess_return_5d"": -1.8270934023111836, ""activity_top120_count"": 1.0, ""activity_rank_improving_count"": 0.0, ""activity_volume_expansion_breadth"": 13.752488387524883, ""activity_institution_buy_breadth"": 47.72256728778468, ""activity_leader_strength"": 11.10260225217341}"
2026-07-06,CHEMICAL,5.36799141042299,-0.8383292796788622,0,0,22.22222222222222,28.57142857142857,14.471243042671622,5,2,ACTIVE,Dataset A distribution; outcome-blind,"{""activity_sector_excess_return_3d"": -1.3650675253893185, ""activity_sector_excess_return_5d"": -1.8270934023111836, ""activity_top120_count"": 1.0, ""activity_rank_improving_count"": 0.0, ""activity_volume_expansion_breadth"": 13.752488387524883, ""activity_institution_buy_breadth"": 47.72256728778468, ""activity_leader_strength"": 11.10260225217341}"
2026-07-07,CHEMICAL,2.8102774826001875,2.8774858494777233,1,1,0.0,42.857142857142854,12.570356472795496,5,3,ACTIVE,Dataset A distribution; outcome-blind,"{""activity_sector_excess_return_3d"": -1.3650675253893185, ""activity_sector_excess_return_5d"": -1.8270934023111836, ""activity_top120_count"": 1.0, ""activity_rank_improving_count"": 0.0, ""activity_volume_expansion_breadth"": 13.752488387524883, ""activity_institution_buy_breadth"": 47.72256728778468, ""activity_leader_strength"": 11.10260225217341}"
2026-07-08,CHEMICAL,0.8005201233396986,3.99653400942499,1,1,0.0,14.285714285714285,15.606936416184979,5,2,ACTIVE,Dataset A distribution; outcome-blind,"{""activity_sector_excess_return_3d"": -1.3650675253893185, ""activity_sector_excess_return_5d"": -1.8270934023111836, ""activity_top120_count"": 1.0, ""activity_rank_improving_count"": 0.0, ""activity_volume_expansion_breadth"": 13.752488387524883, ""activity_institution_buy_breadth"": 47.72256728778468, ""activity_leader_strength"": 11.10260225217341}"
2026-07-09,CHEMICAL,-0.2787185325743402,3.868957622422231,0,0,0.0,0.0,3.4257748776509,3,1,ACTIVE,Dataset A distribution; outcome-blind,"{""activity_sector_excess_return_3d"": -1.3650675253893185, ""activity_sector_excess_return_5d"": -1.8270934023111836, ""activity_top120_count"": 1.0, ""activity_rank_improving_count"": 0.0, ""activity_volume_expansion_breadth"": 13.752488387524883, ""activity_institution_buy_breadth"": 47.72256728778468, ""activity_leader_strength"": 11.10260225217341}"
2026-07-13,CHEMICAL,-1.756220191127078,-3.2279337766441984,1,0,0.0,14.285714285714285,0.3826530612244916,2,0,LOW_ACTIVITY,Dataset A distribution; outcome-blind,"{""activity_sector_excess_return_3d"": -1.3650675253893185, ""activity_sector_excess_return_5d"": -1.8270934023111836, ""activity_top120_count"": 1.0, ""activity_rank_improving_count"": 0.0, ""activity_volume_expansion_breadth"": 13.752488387524883, ""activity_institution_buy_breadth"": 47.72256728778468, ""activity_leader_strength"": 11.10260225217341}"
2026-07-14,CHEMICAL,-1.4159741391670977,-3.326817369607882,0,0,22.22222222222222,57.14285714285714,1.1494252873563315,3,1,ACTIVE,Dataset A distribution; outcome-blind,"{""activity_sector_excess_return_3d"": -1.3650675253893185, ""activity_sector_excess_return_5d"": -1.8270934023111836, ""activity_top120_count"": 1.0, ""activity_rank_improving_count"": 0.0, ""activity_volume_expansion_breadth"": 13.752488387524883, ""activity_institution_buy_breadth"": 47.72256728778468, ""activity_leader_strength"": 11.10260225217341}"
2026-07-15,CHEMICAL,-1.9762448883690054,-1.6467502206228057,0,0,11.11111111111111,57.14285714285714,1.532567049808442,3,0,ACTIVE,Dataset A distribution; outcome-blind,"{""activity_sector_excess_return_3d"": -1.3650675253893185, ""activity_sector_excess_return_5d"": -1.8270934023111836, ""activity_top120_count"": 1.0, ""activity_rank_improving_count"": 0.0, ""activity_volume_expansion_breadth"": 13.752488387524883, ""activity_institution_buy_breadth"": 47.72256728778468, ""activity_leader_strength"": 11.10260225217341}"
2026-07-16,CHEMICAL,-0.11540886454615151,-2.5385049851474606,0,0,0.0,42.857142857142854,1.532567049808442,2,0,LOW_ACTIVITY,Dataset A distribution; outcome-blind,"{""activity_sector_excess_return_3d"": -1.3650675253893185, ""activity_sector_excess_return_5d"": -1.8270934023111836, ""activity_top120_count"": 1.0, ""activity_rank_improving_count"": 0.0, ""activity_volume_expansion_breadth"": 13.752488387524883, ""activity_institution_buy_breadth"": 47.72256728778468, ""activity_leader_strength"": 11.10260225217341}"
2026-07-17,CHEMICAL,3.673151006176689,1.1894648247508854,0,0,11.11111111111111,42.857142857142854,2.15736040609138,3,2,ACTIVE,Dataset A distribution; outcome-blind,"{""activity_sector_excess_return_3d"": -1.3650675253893185, ""activity_sector_excess_return_5d"": -1.8270934023111836, ""activity_top120_count"": 1.0, ""activity_rank_improving_count"": 0.0, ""activity_volume_expansion_breadth"": 13.752488387524883, ""activity_institution_buy_breadth"": 47.72256728778468, ""activity_leader_strength"": 11.10260225217341}"
2026-07-20,CHEMICAL,4.4755997678543,5.716796340763963,0,0,22.22222222222222,42.857142857142854,2.857142857142869,4,3,ACTIVE,Dataset A distribution; outcome-blind,"{""activity_sector_excess_return_3d"": -1.3650675253893185, ""activity_sector_excess_return_5d"": -1.8270934023111836, ""activity_top120_count"": 1.0, ""activity_rank_improving_count"": 0.0, ""activity_volume_expansion_breadth"": 13.752488387524883, ""activity_institution_buy_breadth"": 47.72256728778468, ""activity_leader_strength"": 11.10260225217341}"
2026-07-21,CHEMICAL,-1.2255282222355164,-2.785167019919088,0,0,22.22222222222222,42.857142857142854,10.601092896174858,3,1,ACTIVE,Dataset A distribution; outcome-blind,"{""activity_sector_excess_return_3d"": -1.3650675253893185, ""activity_sector_excess_return_5d"": -1.8270934023111836, ""activity_top120_count"": 1.0, ""activity_rank_improving_count"": 0.0, ""activity_volume_expansion_breadth"": 13.752488387524883, ""activity_institution_buy_breadth"": 47.72256728778468, ""activity_leader_strength"": 11.10260225217341}"
2026-07-22,CHEMICAL,-5.7698087839539,-2.819634079009436,0,0,22.22222222222222,28.57142857142857,7.135250266240667,2,1,LOW_ACTIVITY,Dataset A distribution; outcome-blind,"{""activity_sector_excess_return_3d"": -1.3650675253893185, ""activity_sector_excess_return_5d"": -1.8270934023111836, ""activity_top120_count"": 1.0, ""activity_rank_improving_count"": 0.0, ""activity_volume_expansion_breadth"": 13.752488387524883, ""activity_institution_buy_breadth"": 47.72256728778468, ""activity_leader_strength"": 11.10260225217341}"
2026-07-23,CHEMICAL,-5.4745468808324205,-1.881005828593918,0,0,11.11111111111111,14.285714285714285,4.8472075869335995,1,0,LOW_ACTIVITY,Dataset A distribution; outcome-blind,"{""activity_sector_excess_return_3d"": -1.3650675253893185, ""activity_sector_excess_return_5d"": -1.8270934023111836, ""activity_top120_count"": 1.0, ""activity_rank_improving_count"": 0.0, ""activity_volume_expansion_breadth"": 13.752488387524883, ""activity_institution_buy_breadth"": 47.72256728778468, ""activity_leader_strength"": 11.10260225217341}"
2026-07-24,CHEMICAL,0.18108480328888898,-3.6850359631556473,0,0,0.0,14.285714285714285,11.135611907386988,3,0,ACTIVE,Dataset A distribution; outcome-blind,"{""activity_sector_excess_return_3d"": -1.3650675253893185, ""activity_sector_excess_return_5d"": -1.8270934023111836, ""activity_top120_count"": 1.0, ""activity_rank_improving_count"": 0.0, ""activity_volume_expansion_breadth"": 13.752488387524883, ""activity_institution_buy_breadth"": 47.72256728778468, ""activity_leader_strength"": 11.10260225217341}"
2026-05-28,COMMUNICATION_NETWORK,-1.9493542848142753,-5.102714781245643,3,0,40.42553191489361,46.666666666666664,21.593830334190223,4,2,ACTIVE,Dataset A distribution; outcome-blind,"{""activity_sector_excess_return_3d"": -1.3650675253893185, ""activity_sector_excess_return_5d"": -1.8270934023111836, ""activity_top120_count"": 1.0, ""activity_rank_improving_count"": 0.0, ""activity_volume_expansion_breadth"": 13.752488387524883, ""activity_institution_buy_breadth"": 47.72256728778468, ""activity_leader_strength"": 11.10260225217341}"
2026-05-29,COMMUNICATION_NETWORK,-2.136107032201462,-5.831768121345782,1,0,31.914893617021278,55.55555555555556,23.325062034739474,5,2,ACTIVE,Dataset A distribution; outcome-blind,"{""activity_sector_excess_return_3d"": -1.3650675253893185, ""activity_sector_excess_return_5d"": -1.8270934023111836, ""activity_top120_count"": 1.0, ""activity_rank_improving_count"": 0.0, ""activity_volume_expansion_breadth"": 13.752488387524883, ""activity_institution_buy_breadth"": 47.72256728778468, ""activity_leader_strength"": 11.10260225217341}"
2026-06-01,COMMUNICATION_NETWORK,1.005464813823287,-1.6380933383632446,2,0,48.93617021276596,66.66666666666666,20.541760722347636,7,3,ACTIVE,Dataset A distribution; outcome-blind,"{""activity_sector_excess_return_3d"": -1.3650675253893185, ""activity_sector_excess_return_5d"": -1.8270934023111836, ""activity_top120_count"": 1.0, ""activity_rank_improving_count"": 0.0, ""activity_volume_expansion_breadth"": 13.752488387524883, ""activity_institution_buy_breadth"": 47.72256728778468, ""activity_leader_strength"": 11.10260225217341}"
2026-06-02,COMMUNICATION_NETWORK,-0.2461418906802404,-0.5017370711993152,8,0,48.93617021276596,62.22222222222222,23.453908984830797,7,4,HIGH_ACTIVITY,Dataset A distribution; outcome-blind,"{""activity_sector_excess_return_3d"": -1.3650675253893185, ""activity_sector_excess_return_5d"": -1.8270934023111836, ""activity_top120_count"": 1.0, ""activity_rank_improving_count"": 0.0, ""activity_volume_expansion_breadth"": 13.752488387524883, ""activity_institution_buy_breadth"": 47.72256728778468, ""activity_leader_strength"": 11.10260225217341}"
2026-06-03,COMMUNICATION_NETWORK,1.1928674688477248,1.4339363871187505,11,2,38.297872340425535,60.0,19.975639464068216,7,6,HIGH_ACTIVITY,Dataset A distribution; outcome-blind,"{""activity_sector_excess_return_3d"": -1.3650675253893185, ""activity_sector_excess_return_5d"": -1.8270934023111836, ""activity_top120_count"": 1.0, ""activity_rank_improving_count"": 0.0, ""activity_volume_expansion_breadth"": 13.752488387524883, ""activity_institution_buy_breadth"": 47.72256728778468, ""activity_leader_strength"": 11.10260225217341}"
2026-06-04,COMMUNICATION_NETWORK,0.17699418204979445,-0.18816522798636992,12,0,17.02127659574468,40.0,25.974025974025984,6,2,ACTIVE,Dataset A distribution; outcome-blind,"{""activity_sector_excess_return_3d"": -1.3650675253893185, ""activity_sector_excess_return_5d"": -1.8270934023111836, ""activity_top120_count"": 1.0, ""activity_rank_improving_count"": 0.0, ""activity_volume_expansion_breadth"": 13.752488387524883, ""activity_institution_buy_breadth"": 47.72256728778468, ""activity_leader_strength"": 11.10260225217341}"
2026-06-05,COMMUNICATION_NETWORK,0.1473549490087156,1.3850774654195153,0,0,19.148936170212767,51.11111111111111,22.26415094339622,6,1,ACTIVE,Dataset A distribution; outcome-blind,"{""activity_sector_excess_return_3d"": -1.3650675253893185, ""activity_sector_excess_return_5d"": -1.8270934023111836, ""activity_top120_count"": 1.0, ""activity_rank_improving_count"": 0.0, ""activity_volume_expansion_breadth"": 13.752488387524883, ""activity_institution_buy_breadth"": 47.72256728778468, ""activity_leader_strength"": 11.10260225217341}"
2026-06-08,COMMUNICATION_NETWORK,-0.11411796059713275,0.9034922094195648,0,0,10.638297872340425,31.11111111111111,5.822784810126569,3,0,ACTIVE,Dataset A distribution; outcome-blind,"{""activity_sector_excess_return_3d"": -1.3650675253893185, ""activity_sector_excess_return_5d"": -1.8270934023111836, ""activity_top120_count"": 1.0, ""activity_rank_improving_count"": 0.0, ""activity_volume_expansion_breadth"": 13.752488387524883, ""activity_institution_buy_breadth"": 47.72256728778468, ""activity_leader_strength"": 11.10260225217341}"
2026-06-09,COMMUNICATION_NETWORK,-1.5423173628551892,-1.865040709557436,2,2,8.51063829787234,35.55555555555556,11.702127659574458,3,1,ACTIVE,Dataset A distribution; outcome-blind,"{""activity_sector_excess_return_3d"": -1.3650675253893185, ""activity_sector_excess_return_5d"": -1.8270934023111836, ""activity_top120_count"": 1.0, ""activity_rank_improving_count"": 0.0, ""activity_volume_expansion_breadth"": 13.752488387524883, ""activity_institution_buy_breadth"": 47.72256728778468, ""activity_leader_strength"": 11.10260225217341}"
2026-06-10,COMMUNICATION_NETWORK,-0.990311521934994,-0.45826317684592954,8,0,10.638297872340425,40.0,5.970149253731338,4,1,ACTIVE,Dataset A distribution; outcome-blind,"{""activity_sector_excess_return_3d"": -1.3650675253893185, ""activity_sector_excess_return_5d"": -1.8270934023111836, ""activity_top120_count"": 1.0, ""activity_rank_improving_count"": 0.0, ""activity_volume_expansion_breadth"": 13.752488387524883, ""activity_institution_buy_breadth"": 47.72256728778468, ""activity_leader_strength"": 11.10260225217341}"
2026-06-11,COMMUNICATION_NETWORK,-0.5924430396558877,-0.3746325569846549,10,0,2.127659574468085,33.33333333333333,6.8627450980392135,4,1,ACTIVE,Dataset A distribution; outcome-blind,"{""activity_sector_excess_return_3d"": -1.3650675253893185, ""activity_sector_excess_return_5d"": -1.8270934023111836, ""activity_top120_count"": 1.0, ""activity_rank_improving_count"": 0.0, ""activity_volume_expansion_breadth"": 13.752488387524883, ""activity_institution_buy_breadth"": 47.72256728778468, ""activity_leader_strength"": 11.10260225217341}"
2026-06-12,COMMUNICATION_NETWORK,-0.7089747402954538,-2.8207352847684497,1,0,4.25531914893617,51.11111111111111,7.389162561576357,4,0,ACTIVE,Dataset A distribution; outcome-blind,"{""activity_sector_excess_return_3d"": -1.3650675253893185, ""activity_sector_excess_return_5d"": -1.8270934023111836, ""activity_top120_count"": 1.0, ""activity_rank_improving_count"": 0.0, ""activity_volume_expansion_breadth"": 13.752488387524883, ""activity_institution_buy_breadth"": 47.72256728778468, ""activity_leader_strength"": 11.10260225217341}"
2026-06-15,COMMUNICATION_NETWORK,-2.7799449537211585,-2.4651760721110416,0,0,8.51063829787234,62.22222222222222,9.97830802603037,2,1,LOW_ACTIVITY,Dataset A distribution; outcome-blind,"{""activity_sector_excess_return_3d"": -1.3650675253893185, ""activity_sector_excess_return_5d"": -1.8270934023111836, ""activity_top120_count"": 1.0, ""activity_rank_improving_count"": 0.0, ""activity_volume_expansion_breadth"": 13.752488387524883, ""activity_institution_buy_breadth"": 47.72256728778468, ""activity_leader_strength"": 11.10260225217341}"
2026-06-16,COMMUNICATION_NETWORK,-4.903489507626468,-3.8317799749374992,2,0,8.51063829787234,20.0,8.143322475570036,2,0,LOW_ACTIVITY,Dataset A distribution; outcome-blind,"{""activity_sector_excess_return_3d"": -1.3650675253893185, ""activity_sector_excess_return_5d"": -1.8270934023111836, ""activity_top120_count"": 1.0, ""activity_rank_improving_count"": 0.0, ""activity_volume_expansion_breadth"": 13.752488387524883, ""activity_institution_buy_breadth"": 47.72256728778468, ""activity_leader_strength"": 11.10260225217341}"
2026-06-17,COMMUNICATION_NETWORK,-3.5229268408759618,-4.430369227839082,0,0,19.148936170212767,53.333333333333336,16.987179487179493,4,0,ACTIVE,Dataset A distribution; outcome-blind,"{""activity_sector_excess_return_3d"": -1.3650675253893185, ""activity_sector_excess_return_5d"": -1.8270934023111836, ""activity_top120_count"": 1.0, ""activity_rank_improving_count"": 0.0, ""activity_volume_expansion_breadth"": 13.752488387524883, ""activity_institution_buy_breadth"": 47.72256728778468, ""activity_leader_strength"": 11.10260225217341}"
2026-06-18,COMMUNICATION_NETWORK,-2.535190830645051,-4.981611307252454,1,0,21.27659574468085,46.666666666666664,27.707006369426757,4,1,ACTIVE,Dataset A distribution; outcome-blind,"{""activity_sector_excess_return_3d"": -1.3650675253893185, ""activity_sector_excess_return_5d"": -1.8270934023111836, ""activity_top120_count"": 1.0, ""activity_rank_improving_count"": 0.0, ""activity_volume_expansion_breadth"": 13.752488387524883, ""activity_institution_buy_breadth"": 47.72256728778468, ""activity_leader_strength"": 11.10260225217341}"
2026-06-22,COMMUNICATION_NETWORK,-2.7583388851231128,-6.453704184568498,0,0,17.02127659574468,42.22222222222222,22.258064516129018,3,0,ACTIVE,Dataset A distribution; outcome-blind,"{""activity_sector_excess_return_3d"": -1.3650675253893185, ""activity_sector_excess_return_5d"": -1.8270934023111836, ""activity_top120_count"": 1.0, ""activity_rank_improving_count"": 0.0, ""activity_volume_expansion_breadth"": 13.752488387524883, ""activity_institution_buy_breadth"": 47.72256728778468, ""activity_leader_strength"": 11.10260225217341}"
2026-06-23,COMMUNICATION_NETWORK,-3.801119672356912,-5.148152712532328,0,0,17.02127659574468,31.11111111111111,20.710059171597628,3,0,ACTIVE,Dataset A distribution; outcome-blind,"{""activity_sector_excess_return_3d"": -1.3650675253893185, ""activity_sector_excess_return_5d"": -1.8270934023111836, ""activity_top120_count"": 1.0, ""activity_rank_improving_count"": 0.0, ""activity_volume_expansion_breadth"": 13.752488387524883, ""activity_institution_buy_breadth"": 47.72256728778468, ""activity_leader_strength"": 11.10260225217341}"
2026-06-24,COMMUNICATION_NETWORK,-0.5077486271324427,-0.7105167070409424,2,1,12.76595744680851,31.11111111111111,16.316316316316314,5,1,ACTIVE,Dataset A distribution; outcome-blind,"{""activity_sector_excess_return_3d"": -1.3650675253893185, ""activity_sector_excess_return_5d"": -1.8270934023111836, ""activity_top120_count"": 1.0, ""activity_rank_improving_count"": 0.0, ""activity_volume_expansion_breadth"": 13.752488387524883, ""activity_institution_buy_breadth"": 47.72256728778468, ""activity_leader_strength"": 11.10260225217341}"
2026-06-25,COMMUNICATION_NETWORK,0.44814434154789584,-1.967442761867877,2,0,8.51063829787234,33.33333333333333,14.00778210116731,4,0,ACTIVE,Dataset A distribution; outcome-blind,"{""activity_sector_excess_return_3d"": -1.3650675253893185, ""activity_sector_excess_return_5d"": -1.8270934023111836, ""activity_top120_count"": 1.0, ""activity_rank_improving_count"": 0.0, ""activity_volume_expansion_breadth"": 13.752488387524883, ""activity_institution_buy_breadth"": 47.72256728778468, ""activity_leader_strength"": 11.10260225217341}"
2026-06-26,COMMUNICATION_NETWORK,1.0502107508346903,-1.752946199640121,1,0,14.893617021276595,28.888888888888886,-0.2564102564102555,5,1,ACTIVE,Dataset A distribution; outcome-blind,"{""activity_sector_excess_return_3d"": -1.3650675253893185, ""activity_sector_excess_return_5d"": -1.8270934023111836, ""activity_top120_count"": 1.0, ""activity_rank_improving_count"": 0.0, ""activity_volume_expansion_breadth"": 13.752488387524883, ""activity_institution_buy_breadth"": 47.72256728778468, ""activity_leader_strength"": 11.10260225217341}"
2026-06-29,COMMUNICATION_NETWORK,-2.1750778973034737,-0.3682909938655614,0,0,6.382978723404255,35.55555555555556,0.34843205574912606,2,0,LOW_ACTIVITY,Dataset A distribution; outcome-blind,"{""activity_sector_excess_return_3d"": -1.3650675253893185, ""activity_sector_excess_return_5d"": -1.8270934023111836, ""activity_top120_count"": 1.0, ""activity_rank_improving_count"": 0.0, ""activity_volume_expansion_breadth"": 13.752488387524883, ""activity_institution_buy_breadth"": 47.72256728778468, ""activity_leader_strength"": 11.10260225217341}"
2026-06-30,COMMUNICATION_NETWORK,-0.992032428724321,0.3478188420703021,0,0,21.27659574468085,57.77777777777777,9.964412811387891,5,0,ACTIVE,Dataset A distribution; outcome-blind,"{""activity_sector_excess_return_3d"": -1.3650675253893185, ""activity_sector_excess_return_5d"": -1.8270934023111836, ""activity_top120_count"": 1.0, ""activity_rank_improving_count"": 0.0, ""activity_volume_expansion_breadth"": 13.752488387524883, ""activity_institution_buy_breadth"": 47.72256728778468, ""activity_leader_strength"": 11.10260225217341}"
2026-07-01,COMMUNICATION_NETWORK,-4.345484452116654,-4.9458825644494,1,0,12.76595744680851,28.888888888888886,12.00000000000001,3,0,ACTIVE,Dataset A distribution; outcome-blind,"{""activity_sector_excess_return_3d"": -1.3650675253893185, ""activity_sector_excess_return_5d"": -1.8270934023111836, ""activity_top120_count"": 1.0, ""activity_rank_improving_count"": 0.0, ""activity_volume_expansion_breadth"": 13.752488387524883, ""activity_institution_buy_breadth"": 47.72256728778468, ""activity_leader_strength"": 11.10260225217341}"
2026-07-02,COMMUNICATION_NETWORK,-2.31672155133279,-2.443646766020857,1,1,12.76595744680851,44.44444444444444,15.546218487394947,3,1,ACTIVE,Dataset A distribution; outcome-blind,"{""activity_sector_excess_return_3d"": -1.3650675253893185, ""activity_sector_excess_return_5d"": -1.8270934023111836, ""activity_top120_count"": 1.0, ""activity_rank_improving_count"": 0.0, ""activity_volume_expansion_breadth"": 13.752488387524883, ""activity_institution_buy_breadth"": 47.72256728778468, ""activity_leader_strength"": 11.10260225217341}"
2026-07-03,COMMUNICATION_NETWORK,0.42806015615275417,-1.1650299783997342,0,0,21.27659574468085,55.55555555555556,20.28725314183124,6,0,ACTIVE,Dataset A distribution; outcome-blind,"{""activity_sector_excess_return_3d"": -1.3650675253893185, ""activity_sector_excess_return_5d"": -1.8270934023111836, ""activity_top120_count"": 1.0, ""activity_rank_improving_count"": 0.0, ""activity_volume_expansion_breadth"": 13.752488387524883, ""activity_institution_buy_breadth"": 47.72256728778468, ""activity_leader_strength"": 11.10260225217341}"
2026-07-06,COMMUNICATION_NETWORK,2.783105149719589,-0.30705917153596163,0,0,19.148936170212767,37.77777777777778,15.724381625441698,5,1,ACTIVE,Dataset A distribution; outcome-blind,"{""activity_sector_excess_return_3d"": -1.3650675253893185, ""activity_sector_excess_return_5d"": -1.8270934023111836, ""activity_top120_count"": 1.0, ""activity_rank_improving_count"": 0.0, ""activity_volume_expansion_breadth"": 13.752488387524883, ""activity_institution_buy_breadth"": 47.72256728778468, ""activity_leader_strength"": 11.10260225217341}"
2026-07-07,COMMUNICATION_NETWORK,1.4889682824095751,-0.026322670769129974,1,0,25.53191489361702,24.444444444444443,13.607990012484406,6,2,ACTIVE,Dataset A distribution; outcome-blind,"{""activity_sector_excess_return_3d"": -1.3650675253893185, ""activity_sector_excess_return_5d"": -1.8270934023111836, ""activity_top120_count"": 1.0, ""activity_rank_improving_count"": 0.0, ""activity_volume_expansion_breadth"": 13.752488387524883, ""activity_institution_buy_breadth"": 47.72256728778468, ""activity_leader_strength"": 11.10260225217341}"
2026-07-08,COMMUNICATION_NETWORK,-0.6336400771662198,2.6453899610515474,3,0,27.659574468085108,37.77777777777778,25.14285714285713,6,4,HIGH_ACTIVITY,Dataset A distribution; outcome-blind,"{""activity_sector_excess_return_3d"": -1.3650675253893185, ""activity_sector_excess_return_5d"": -1.8270934023111836, ""activity_top120_count"": 1.0, ""activity_rank_improving_count"": 0.0, ""activity_volume_expansion_breadth"": 13.752488387524883, ""activity_institution_buy_breadth"": 47.72256728778468, ""activity_leader_strength"": 11.10260225217341}"
2026-07-09,COMMUNICATION_NETWORK,0.8269567895409669,2.4936186128402484,2,0,27.659574468085108,48.888888888888886,32.14285714285716,7,3,ACTIVE,Dataset A distribution; outcome-blind,"{""activity_sector_excess_return_3d"": -1.3650675253893185, ""activity_sector_excess_return_5d"": -1.8270934023111836, ""activity_top120_count"": 1.0, ""activity_rank_improving_count"": 0.0, ""activity_volume_expansion_breadth"": 13.752488387524883, ""activity_institution_buy_breadth"": 47.72256728778468, ""activity_leader_strength"": 11.10260225217341}"
2026-07-13,COMMUNICATION_NETWORK,-0.32966724013717696,-0.4262116103282252,9,1,25.53191489361702,46.666666666666664,29.749999999999986,6,4,HIGH_ACTIVITY,Dataset A distribution; outcome-blind,"{""activity_sector_excess_return_3d"": -1.3650675253893185, ""activity_sector_excess_return_5d"": -1.8270934023111836, ""activity_top120_count"": 1.0, ""activity_rank_improving_count"": 0.0, ""activity_volume_expansion_breadth"": 13.752488387524883, ""activity_institution_buy_breadth"": 47.72256728778468, ""activity_leader_strength"": 11.10260225217341}"
2026-07-14,COMMUNICATION_NETWORK,-1.3506146620429038,-2.779349735894387,5,1,40.42553191489361,42.22222222222222,23.33333333333334,5,4,HIGH_ACTIVITY,Dataset A distribution; outcome-blind,"{""activity_sector_excess_return_3d"": -1.3650675253893185, ""activity_sector_excess_return_5d"": -1.8270934023111836, ""activity_top120_count"": 1.0, ""activity_rank_improving_count"": 0.0, ""activity_volume_expansion_breadth"": 13.752488387524883, ""activity_institution_buy_breadth"": 47.72256728778468, ""activity_leader_strength"": 11.10260225217341}"
2026-07-15,COMMUNICATION_NETWORK,-2.7612363042902044,-2.097389348231682,3,0,17.02127659574468,48.888888888888886,18.045112781954884,5,1,ACTIVE,Dataset A distribution; outcome-blind,"{""activity_sector_excess_return_3d"": -1.3650675253893185, ""activity_sector_excess_return_5d"": -1.8270934023111836, ""activity_top120_count"": 1.0, ""activity_rank_improving_count"": 0.0, ""activity_volume_expansion_breadth"": 13.752488387524883, ""activity_institution_buy_breadth"": 47.72256728778468, ""activity_leader_strength"": 11.10260225217341}"
2026-07-16,COMMUNICATION_NETWORK,-2.356871106008407,-2.1269823514025954,4,2,12.76595744680851,35.55555555555556,23.41269841269842,3,3,ACTIVE,Dataset A distribution; outcome-blind,"{""activity_sector_excess_return_3d"": -1.3650675253893185, ""activity_sector_excess_return_5d"": -1.8270934023111836, ""activity_top120_count"": 1.0, ""activity_rank_improving_count"": 0.0, ""activity_volume_expansion_breadth"": 13.752488387524883, ""activity_institution_buy_breadth"": 47.72256728778468, ""activity_leader_strength"": 11.10260225217341}"
2026-07-17,COMMUNICATION_NETWORK,0.19243991259099147,-1.622105957408138,4,2,27.659574468085108,35.55555555555556,18.772563176895307,6,3,ACTIVE,Dataset A distribution; outcome-blind,"{""activity_sector_excess_return_3d"": -1.3650675253893185, ""activity_sector_excess_return_5d"": -1.8270934023111836, ""activity_top120_count"": 1.0, ""activity_rank_improving_count"": 0.0, ""activity_volume_expansion_breadth"": 13.752488387524883, ""activity_institution_buy_breadth"": 47.72256728778468, ""activity_leader_strength"": 11.10260225217341}"
2026-07-20,COMMUNICATION_NETWORK,-0.6996359600612729,-1.900811362442191,7,2,8.51063829787234,64.44444444444444,8.740894901144646,4,3,ACTIVE,Dataset A distribution; outcome-blind,"{""activity_sector_excess_return_3d"": -1.3650675253893185, ""activity_sector_excess_return_5d"": -1.8270934023111836, ""activity_top120_count"": 1.0, ""activity_rank_improving_count"": 0.0, ""activity_volume_expansion_breadth"": 13.752488387524883, ""activity_institution_buy_breadth"": 47.72256728778468, ""activity_leader_strength"": 11.10260225217341}"
2026-07-21,COMMUNICATION_NETWORK,0.6702489565605374,-1.1146153493674094,8,7,10.638297872340425,60.0,18.75,6,3,ACTIVE,Dataset A distribution; outcome-blind,"{""activity_sector_excess_return_3d"": -1.3650675253893185, ""activity_sector_excess_return_5d"": -1.8270934023111836, ""activity_top120_count"": 1.0, ""activity_rank_improving_count"": 0.0, ""activity_volume_expansion_breadth"": 13.752488387524883, ""activity_institution_buy_breadth"": 47.72256728778468, ""activity_leader_strength"": 11.10260225217341}"
2026-07-22,COMMUNICATION_NETWORK,-2.540127489756472,-0.8831027826547322,9,8,10.638297872340425,55.55555555555556,8.695652173913038,4,2,ACTIVE,Dataset A distribution; outcome-blind,"{""activity_sector_excess_return_3d"": -1.3650675253893185, ""activity_sector_excess_return_5d"": -1.8270934023111836, ""activity_top120_count"": 1.0, ""activity_rank_improving_count"": 0.0, ""activity_volume_expansion_breadth"": 13.752488387524883, ""activity_institution_buy_breadth"": 47.72256728778468, ""activity_leader_strength"": 11.10260225217341}"
2026-07-23,COMMUNICATION_NETWORK,-3.434371229145994,-0.11513191746606033,9,6,12.76595744680851,33.33333333333333,12.223393045310837,4,2,ACTIVE,Dataset A distribution; outcome-blind,"{""activity_sector_excess_return_3d"": -1.3650675253893185, ""activity_sector_excess_return_5d"": -1.8270934023111836, ""activity_top120_count"": 1.0, ""activity_rank_improving_count"": 0.0, ""activity_volume_expansion_breadth"": 13.752488387524883, ""activity_institution_buy_breadth"": 47.72256728778468, ""activity_leader_strength"": 11.10260225217341}"
2026-07-24,COMMUNICATION_NETWORK,0.4099273814697546,-1.387562307650092,8,5,12.76595744680851,26.666666666666668,13.36254107338446,5,2,ACTIVE,Dataset A distribution; outcome-blind,"{""activity_sector_excess_return_3d"": -1.3650675253893185, ""activity_sector_excess_return_5d"": -1.8270934023111836, ""activity_top120_count"": 1.0, ""activity_rank_improving_count"": 0.0, ""activity_volume_expansion_breadth"": 13.752488387524883, ""activity_institution_buy_breadth"": 47.72256728778468, ""activity_leader_strength"": 11.10260225217341}"
2026-05-28,COMPUTER_PERIPHERALS,-2.411203290619779,-4.013133197354146,29,0,27.00729927007299,61.73913043478261,38.59934853420195,5,4,HIGH_ACTIVITY,Dataset A distribution; outcome-blind,"{""activity_sector_excess_return_3d"": -1.3650675253893185, ""activity_sector_excess_return_5d"": -1.8270934023111836, ""activity_top120_count"": 1.0, ""activity_rank_improving_count"": 0.0, ""activity_volume_expansion_breadth"": 13.752488387524883, ""activity_institution_buy_breadth"": 47.72256728778468, ""activity_leader_strength"": 11.10260225217341}"
2026-05-29,COMPUTER_PERIPHERALS,-2.145911794329891,-4.135067458385855,35,0,33.57664233576642,59.130434782608695,30.37037037037038,5,3,ACTIVE,Dataset A distribution; outcome-blind,"{""activity_sector_excess_return_3d"": -1.3650675253893185, ""activity_sector_excess_return_5d"": -1.8270934023111836, ""activity_top120_count"": 1.0, ""activity_rank_improving_count"": 0.0, ""activity_volume_expansion_breadth"": 13.752488387524883, ""activity_institution_buy_breadth"": 47.72256728778468, ""activity_leader_strength"": 11.10260225217341}"
2026-06-01,COMPUTER_PERIPHERALS,2.4581174774427117,0.01697981862580633,40,0,51.09489051094891,68.69565217391305,30.458221024258748,7,5,HIGH_ACTIVITY,Dataset A distribution; outcome-blind,"{""activity_sector_excess_return_3d"": -1.3650675253893185, ""activity_sector_excess_return_5d"": -1.8270934023111836, ""activity_top120_count"": 1.0, ""activity_rank_improving_count"": 0.0, ""activity_volume_expansion_breadth"": 13.752488387524883, ""activity_institution_buy_breadth"": 47.72256728778468, ""activity_leader_strength"": 11.10260225217341}"
2026-06-02,COMPUTER_PERIPHERALS,2.2026790252459456,-1.0046505244983517,31,18,45.25547445255474,43.47826086956522,33.385579937304065,6,5,HIGH_ACTIVITY,Dataset A distribution; outcome-blind,"{""activity_sector_excess_return_3d"": -1.3650675253893185, ""activity_sector_excess_return_5d"": -1.8270934023111836, ""activity_top120_count"": 1.0, ""activity_rank_improving_count"": 0.0, ""activity_volume_expansion_breadth"": 13.752488387524883, ""activity_institution_buy_breadth"": 47.72256728778468, ""activity_leader_strength"": 11.10260225217341}"
2026-06-03,COMPUTER_PERIPHERALS,2.562757294048434,2.857438072903406,37,19,45.25547445255474,52.17391304347826,38.21656050955413,7,6,HIGH_ACTIVITY,Dataset A distribution; outcome-blind,"{""activity_sector_excess_return_3d"": -1.3650675253893185, ""activity_sector_excess_return_5d"": -1.8270934023111836, ""activity_top120_count"": 1.0, ""activity_rank_improving_count"": 0.0, ""activity_volume_expansion_breadth"": 13.752488387524883, ""activity_institution_buy_breadth"": 47.72256728778468, ""activity_leader_strength"": 11.10260225217341}"
2026-06-04,COMPUTER_PERIPHERALS,-0.16046513554843767,2.338108078122203,8,4,26.277372262773724,41.73913043478261,49.23619271445359,6,5,HIGH_ACTIVITY,Dataset A distribution; outcome-blind,"{""activity_sector_excess_return_3d"": -1.3650675253893185, ""activity_sector_excess_return_5d"": -1.8270934023111836, ""activity_top120_count"": 1.0, ""activity_rank_improving_count"": 0.0, ""activity_volume_expansion_breadth"": 13.752488387524883, ""activity_institution_buy_breadth"": 47.72256728778468, ""activity_leader_strength"": 11.10260225217341}"
2026-06-05,COMPUTER_PERIPHERALS,-1.0056868329296695,2.2321698985894978,10,4,23.357664233576642,44.34782608695652,45.4954954954955,6,5,HIGH_ACTIVITY,Dataset A distribution; outcome-blind,"{""activity_sector_excess_return_3d"": -1.3650675253893185, ""activity_sector_excess_return_5d"": -1.8270934023111836, ""activity_top120_count"": 1.0, ""activity_rank_improving_count"": 0.0, ""activity_volume_expansion_breadth"": 13.752488387524883, ""activity_institution_buy_breadth"": 47.72256728778468, ""activity_leader_strength"": 11.10260225217341}"
2026-06-08,COMPUTER_PERIPHERALS,-0.9976128106287838,-0.6513452750194997,8,7,8.75912408759124,52.17391304347826,46.09053497942386,6,3,ACTIVE,Dataset A distribution; outcome-blind,"{""activity_sector_excess_return_3d"": -1.3650675253893185, ""activity_sector_excess_return_5d"": -1.8270934023111836, ""activity_top120_count"": 1.0, ""activity_rank_improving_count"": 0.0, ""activity_volume_expansion_breadth"": 13.752488387524883, ""activity_institution_buy_breadth"": 47.72256728778468, ""activity_leader_strength"": 11.10260225217341}"
2026-06-09,COMPUTER_PERIPHERALS,-1.643889599457621,-2.0451883104608712,7,0,15.328467153284672,41.73913043478261,33.89162561576355,4,2,ACTIVE,Dataset A distribution; outcome-blind,"{""activity_sector_excess_return_3d"": -1.3650675253893185, ""activity_sector_excess_return_5d"": -1.8270934023111836, ""activity_top120_count"": 1.0, ""activity_rank_improving_count"": 0.0, ""activity_volume_expansion_breadth"": 13.752488387524883, ""activity_institution_buy_breadth"": 47.72256728778468, ""activity_leader_strength"": 11.10260225217341}"
2026-06-10,COMPUTER_PERIPHERALS,-1.8842330519117212,-1.2228283054422926,8,2,24.087591240875913,40.0,30.504587155963293,5,4,HIGH_ACTIVITY,Dataset A distribution; outcome-blind,"{""activity_sector_excess_return_3d"": -1.3650675253893185, ""activity_sector_excess_return_5d"": -1.8270934023111836, ""activity_top120_count"": 1.0, ""activity_rank_improving_count"": 0.0, ""activity_volume_expansion_breadth"": 13.752488387524883, ""activity_institution_buy_breadth"": 47.72256728778468, ""activity_leader_strength"": 11.10260225217341}"
2026-06-11,COMPUTER_PERIPHERALS,-1.050025870285537,-2.3352956075619824,7,3,10.218978102189782,46.08695652173913,29.25170068027212,4,3,ACTIVE,Dataset A distribution; outcome-blind,"{""activity_sector_excess_return_3d"": -1.3650675253893185, ""activity_sector_excess_return_5d"": -1.8270934023111836, ""activity_top120_count"": 1.0, ""activity_rank_improving_count"": 0.0, ""activity_volume_expansion_breadth"": 13.752488387524883, ""activity_institution_buy_breadth"": 47.72256728778468, ""activity_leader_strength"": 11.10260225217341}"
2026-06-12,COMPUTER_PERIPHERALS,-1.7278245423314633,-2.987268275107879,7,2,12.408759124087592,52.17391304347826,22.953736654804267,4,2,ACTIVE,Dataset A distribution; outcome-blind,"{""activity_sector_excess_return_3d"": -1.3650675253893185, ""activity_sector_excess_return_5d"": -1.8270934023111836, ""activity_top120_count"": 1.0, ""activity_rank_improving_count"": 0.0, ""activity_volume_expansion_breadth"": 13.752488387524883, ""activity_institution_buy_breadth"": 47.72256728778468, ""activity_leader_strength"": 11.10260225217341}"
2026-06-15,COMPUTER_PERIPHERALS,-2.682695337240759,-3.0967266873998534,5,3,16.78832116788321,62.60869565217392,25.035360678925045,5,4,HIGH_ACTIVITY,Dataset A distribution; outcome-blind,"{""activity_sector_excess_return_3d"": -1.3650675253893185, ""activity_sector_excess_return_5d"": -1.8270934023111836, ""activity_top120_count"": 1.0, ""activity_rank_improving_count"": 0.0, ""activity_volume_expansion_breadth"": 13.752488387524883, ""activity_institution_buy_breadth"": 47.72256728778468, ""activity_leader_strength"": 11.10260225217341}"
2026-06-16,COMPUTER_PERIPHERALS,-4.450199448525116,-5.1084359442638725,6,1,13.86861313868613,33.91304347826087,31.956521739130437,4,3,ACTIVE,Dataset A distribution; outcome-blind,"{""activity_sector_excess_return_3d"": -1.3650675253893185, ""activity_sector_excess_return_5d"": -1.8270934023111836, ""activity_top120_count"": 1.0, ""activity_rank_improving_count"": 0.0, ""activity_volume_expansion_breadth"": 13.752488387524883, ""activity_institution_buy_breadth"": 47.72256728778468, ""activity_leader_strength"": 11.10260225217341}"
2026-06-17,COMPUTER_PERIPHERALS,-2.9015708522036165,-4.010268790033256,5,1,13.138686131386862,51.30434782608696,35.0993377483444,4,3,ACTIVE,Dataset A distribution; outcome-blind,"{""activity_sector_excess_return_3d"": -1.3650675253893185, ""activity_sector_excess_return_5d"": -1.8270934023111836, ""activity_top120_count"": 1.0, ""activity_rank_improving_count"": 0.0, ""activity_volume_expansion_breadth"": 13.752488387524883, ""activity_institution_buy_breadth"": 47.72256728778468, ""activity_leader_strength"": 11.10260225217341}"
2026-06-18,COMPUTER_PERIPHERALS,-1.9457094926077279,-4.167494438089703,5,2,11.678832116788321,46.08695652173913,47.264770240700194,3,3,ACTIVE,Dataset A distribution; outcome-blind,"{""activity_sector_excess_return_3d"": -1.3650675253893185, ""activity_sector_excess_return_5d"": -1.8270934023111836, ""activity_top120_count"": 1.0, ""activity_rank_improving_count"": 0.0, ""activity_volume_expansion_breadth"": 13.752488387524883, ""activity_institution_buy_breadth"": 47.72256728778468, ""activity_leader_strength"": 11.10260225217341}"
2026-06-22,COMPUTER_PERIPHERALS,-2.1084882583714437,-5.327440499393621,7,2,13.86861313868613,50.43478260869565,47.410358565737056,5,3,ACTIVE,Dataset A distribution; outcome-blind,"{""activity_sector_excess_return_3d"": -1.3650675253893185, ""activity_sector_excess_return_5d"": -1.8270934023111836, ""activity_top120_count"": 1.0, ""activity_rank_improving_count"": 0.0, ""activity_volume_expansion_breadth"": 13.752488387524883, ""activity_institution_buy_breadth"": 47.72256728778468, ""activity_leader_strength"": 11.10260225217341}"
2026-06-23,COMPUTER_PERIPHERALS,-3.532704532970643,-4.709741674366086,7,1,5.839416058394161,35.65217391304348,34.42028985507246,3,3,ACTIVE,Dataset A distribution; outcome-blind,"{""activity_sector_excess_return_3d"": -1.3650675253893185, ""activity_sector_excess_return_5d"": -1.8270934023111836, ""activity_top120_count"": 1.0, ""activity_rank_improving_count"": 0.0, ""activity_volume_expansion_breadth"": 13.752488387524883, ""activity_institution_buy_breadth"": 47.72256728778468, ""activity_leader_strength"": 11.10260225217341}"
2026-06-24,COMPUTER_PERIPHERALS,-0.5461426596028218,-0.011709549983307532,5,2,5.839416058394161,42.608695652173914,35.41364296081275,5,3,ACTIVE,Dataset A distribution; outcome-blind,"{""activity_sector_excess_return_3d"": -1.3650675253893185, ""activity_sector_excess_return_5d"": -1.8270934023111836, ""activity_top120_count"": 1.0, ""activity_rank_improving_count"": 0.0, ""activity_volume_expansion_breadth"": 13.752488387524883, ""activity_institution_buy_breadth"": 47.72256728778468, ""activity_leader_strength"": 11.10260225217341}"
2026-06-25,COMPUTER_PERIPHERALS,-0.24508999438666024,-2.162937626480377,6,4,6.569343065693431,22.608695652173914,23.529411764705866,4,3,ACTIVE,Dataset A distribution; outcome-blind,"{""activity_sector_excess_return_3d"": -1.3650675253893185, ""activity_sector_excess_return_5d"": -1.8270934023111836, ""activity_top120_count"": 1.0, ""activity_rank_improving_count"": 0.0, ""activity_volume_expansion_breadth"": 13.752488387524883, ""activity_institution_buy_breadth"": 47.72256728778468, ""activity_leader_strength"": 11.10260225217341}"
2026-06-26,COMPUTER_PERIPHERALS,0.8781011457493442,-1.5588391882072612,9,2,9.48905109489051,24.347826086956523,7.866666666666666,4,2,ACTIVE,Dataset A distribution; outcome-blind,"{""activity_sector_excess_return_3d"": -1.3650675253893185, ""activity_sector_excess_return_5d"": -1.8270934023111836, ""activity_top120_count"": 1.0, ""activity_rank_improving_count"": 0.0, ""activity_volume_expansion_breadth"": 13.752488387524883, ""activity_institution_buy_breadth"": 47.72256728778468, ""activity_leader_strength"": 11.10260225217341}"
2026-06-29,COMPUTER_PERIPHERALS,-2.2994455007524945,-0.6901358724298987,7,2,5.109489051094891,41.73913043478261,4.948805460750849,3,2,ACTIVE,Dataset A distribution; outcome-blind,"{""activity_sector_excess_return_3d"": -1.3650675253893185, ""activity_sector_excess_return_5d"": -1.8270934023111836, ""activity_top120_count"": 1.0, ""activity_rank_improving_count"": 0.0, ""activity_volume_expansion_breadth"": 13.752488387524883, ""activity_institution_buy_breadth"": 47.72256728778468, ""activity_leader_strength"": 11.10260225217341}"
2026-06-30,COMPUTER_PERIPHERALS,-1.2166154797672357,-0.146944522619874,5,2,7.2992700729927,63.47826086956522,14.866581956797976,6,3,ACTIVE,Dataset A distribution; outcome-blind,"{""activity_sector_excess_return_3d"": -1.3650675253893185, ""activity_sector_excess_return_5d"": -1.8270934023111836, ""activity_top120_count"": 1.0, ""activity_rank_improving_count"": 0.0, ""activity_volume_expansion_breadth"": 13.752488387524883, ""activity_institution_buy_breadth"": 47.72256728778468, ""activity_leader_strength"": 11.10260225217341}"
2026-07-01,COMPUTER_PERIPHERALS,-3.9905393011180124,-5.323533368929468,1,1,15.328467153284672,43.47826086956522,13.116883116883105,4,1,ACTIVE,Dataset A distribution; outcome-blind,"{""activity_sector_excess_return_3d"": -1.3650675253893185, ""activity_sector_excess_return_5d"": -1.8270934023111836, ""activity_top120_count"": 1.0, ""activity_rank_improving_count"": 0.0, ""activity_volume_expansion_breadth"": 13.752488387524883, ""activity_institution_buy_breadth"": 47.72256728778468, ""activity_leader_strength"": 11.10260225217341}"
2026-07-02,COMPUTER_PERIPHERALS,-1.3792574890864384,-2.072189299602578,5,2,13.86861313868613,62.60869565217392,15.57788944723617,5,3,ACTIVE,Dataset A distribution; outcome-blind,"{""activity_sector_excess_return_3d"": -1.3650675253893185, ""activity_sector_excess_return_5d"": -1.8270934023111836, ""activity_top120_count"": 1.0, ""activity_rank_improving_count"": 0.0, ""activity_volume_expansion_breadth"": 13.752488387524883, ""activity_institution_buy_breadth"": 47.72256728778468, ""activity_leader_strength"": 11.10260225217341}"
2026-07-03,COMPUTER_PERIPHERALS,0.6160898324016562,-0.6161161491508471,5,2,17.51824817518248,59.130434782608695,25.778546712802775,7,3,ACTIVE,Dataset A distribution; outcome-blind,"{""activity_sector_excess_return_3d"": -1.3650675253893185, ""activity_sector_excess_return_5d"": -1.8270934023111836, ""activity_top120_count"": 1.0, ""activity_rank_improving_count"": 0.0, ""activity_volume_expansion_breadth"": 13.752488387524883, ""activity_institution_buy_breadth"": 47.72256728778468, ""activity_leader_strength"": 11.10260225217341}"
2026-07-06,COMPUTER_PERIPHERALS,3.250178581562835,1.1713090600240283,4,2,15.328467153284672,49.56521739130435,27.427597955706972,7,5,HIGH_ACTIVITY,Dataset A distribution; outcome-blind,"{""activity_sector_excess_return_3d"": -1.3650675253893185, ""activity_sector_excess_return_5d"": -1.8270934023111836, ""activity_top120_count"": 1.0, ""activity_rank_improving_count"": 0.0, ""activity_volume_expansion_breadth"": 13.752488387524883, ""activity_institution_buy_breadth"": 47.72256728778468, ""activity_leader_strength"": 11.10260225217341}"
2026-07-07,COMPUTER_PERIPHERALS,0.8165589124873529,-0.46517611352429045,5,0,15.328467153284672,30.434782608695656,18.456375838926164,6,1,ACTIVE,Dataset A distribution; outcome-blind,"{""activity_sector_excess_return_3d"": -1.3650675253893185, ""activity_sector_excess_return_5d"": -1.8270934023111836, ""activity_top120_count"": 1.0, ""activity_rank_improving_count"": 0.0, ""activity_volume_expansion_breadth"": 13.752488387524883, ""activity_institution_buy_breadth"": 47.72256728778468, ""activity_leader_strength"": 11.10260225217341}"
2026-07-08,COMPUTER_PERIPHERALS,-1.5595857405646396,1.5496396262013046,5,2,10.218978102189782,39.130434782608695,15.342465753424662,4,3,ACTIVE,Dataset A distribution; outcome-blind,"{""activity_sector_excess_return_3d"": -1.3650675253893185, ""activity_sector_excess_return_5d"": -1.8270934023111836, ""activity_top120_count"": 1.0, ""activity_rank_improving_count"": 0.0, ""activity_volume_expansion_breadth"": 13.752488387524883, ""activity_institution_buy_breadth"": 47.72256728778468, ""activity_leader_strength"": 11.10260225217341}"
2026-07-09,COMPUTER_PERIPHERALS,-1.105537385846711,0.8989178265992273,27,1,11.678832116788321,40.0,26.591230551626577,5,3,ACTIVE,Dataset A distribution; outcome-blind,"{""activity_sector_excess_return_3d"": -1.3650675253893185, ""activity_sector_excess_return_5d"": -1.8270934023111836, ""activity_top120_count"": 1.0, ""activity_rank_improving_count"": 0.0, ""activity_volume_expansion_breadth"": 13.752488387524883, ""activity_institution_buy_breadth"": 47.72256728778468, ""activity_leader_strength"": 11.10260225217341}"
2026-07-13,COMPUTER_PERIPHERALS,-0.5835385352325917,-1.4710408323396096,18,1,13.86861313868613,46.08695652173913,17.029972752043587,6,2,ACTIVE,Dataset A distribution; outcome-blind,"{""activity_sector_excess_return_3d"": -1.3650675253893185, ""activity_sector_excess_return_5d"": -1.8270934023111836, ""activity_top120_count"": 1.0, ""activity_rank_improving_count"": 0.0, ""activity_volume_expansion_breadth"": 13.752488387524883, ""activity_institution_buy_breadth"": 47.72256728778468, ""activity_leader_strength"": 11.10260225217341}"
2026-07-14,COMPUTER_PERIPHERALS,-1.1794984221875082,-2.900571998565982,6,2,24.087591240875913,39.130434782608695,12.45033112582783,5,3,ACTIVE,Dataset A distribution; outcome-blind,"{""activity_sector_excess_return_3d"": -1.3650675253893185, ""activity_sector_excess_return_5d"": -1.8270934023111836, ""activity_top120_count"": 1.0, ""activity_rank_improving_count"": 0.0, ""activity_volume_expansion_breadth"": 13.752488387524883, ""activity_institution_buy_breadth"": 47.72256728778468, ""activity_leader_strength"": 11.10260225217341}"
2026-07-15,COMPUTER_PERIPHERALS,-2.367374095503921,-1.644665358050429,5,4,5.839416058394161,53.91304347826087,19.23076923076923,5,2,ACTIVE,Dataset A distribution; outcome-blind,"{""activity_sector_excess_return_3d"": -1.3650675253893185, ""activity_sector_excess_return_5d"": -1.8270934023111836, ""activity_top120_count"": 1.0, ""activity_rank_improving_count"": 0.0, ""activity_volume_expansion_breadth"": 13.752488387524883, ""activity_institution_buy_breadth"": 47.72256728778468, ""activity_leader_strength"": 11.10260225217341}"
2026-07-16,COMPUTER_PERIPHERALS,-2.3249731793736403,-2.094140223565227,5,3,5.109489051094891,34.78260869565217,16.896551724137932,3,2,ACTIVE,Dataset A distribution; outcome-blind,"{""activity_sector_excess_return_3d"": -1.3650675253893185, ""activity_sector_excess_return_5d"": -1.8270934023111836, ""activity_top120_count"": 1.0, ""activity_rank_improving_count"": 0.0, ""activity_volume_expansion_breadth"": 13.752488387524883, ""activity_institution_buy_breadth"": 47.72256728778468, ""activity_leader_strength"": 11.10260225217341}"
2026-07-17,COMPUTER_PERIPHERALS,0.21945284479789606,-1.9571857685153518,0,0,21.897810218978105,23.47826086956522,4.972375690607733,3,0,ACTIVE,Dataset A distribution; outcome-blind,"{""activity_sector_excess_return_3d"": -1.3650675253893185, ""activity_sector_excess_return_5d"": -1.8270934023111836, ""activity_top120_count"": 1.0, ""activity_rank_improving_count"": 0.0, ""activity_volume_expansion_breadth"": 13.752488387524883, ""activity_institution_buy_breadth"": 47.72256728778468, ""activity_leader_strength"": 11.10260225217341}"
2026-07-20,COMPUTER_PERIPHERALS,0.48904649601704353,-0.9997295936234725,8,0,13.86861313868613,60.0,4.247104247104239,6,2,ACTIVE,Dataset A distribution; outcome-blind,"{""activity_sector_excess_return_3d"": -1.3650675253893185, ""activity_sector_excess_return_5d"": -1.8270934023111836, ""activity_top120_count"": 1.0, ""activity_rank_improving_count"": 0.0, ""activity_volume_expansion_breadth"": 13.752488387524883, ""activity_institution_buy_breadth"": 47.72256728778468, ""activity_leader_strength"": 11.10260225217341}"
2026-07-21,COMPUTER_PERIPHERALS,-0.011555315883526873,-1.4130595405846882,12,2,9.48905109489051,53.04347826086957,18.01324503311259,6,2,ACTIVE,Dataset A distribution; outcome-blind,"{""activity_sector_excess_return_3d"": -1.3650675253893185, ""activity_sector_excess_return_5d"": -1.8270934023111836, ""activity_top120_count"": 1.0, ""activity_rank_improving_count"": 0.0, ""activity_volume_expansion_breadth"": 13.752488387524883, ""activity_institution_buy_breadth"": 47.72256728778468, ""activity_leader_strength"": 11.10260225217341}"
2026-07-22,COMPUTER_PERIPHERALS,-2.5048351631083987,-1.7429880890027558,16,3,15.328467153284672,56.52173913043478,24.207858048162233,6,3,ACTIVE,Dataset A distribution; outcome-blind,"{""activity_sector_excess_return_3d"": -1.3650675253893185, ""activity_sector_excess_return_5d"": -1.8270934023111836, ""activity_top120_count"": 1.0, ""activity_rank_improving_count"": 0.0, ""activity_volume_expansion_breadth"": 13.752488387524883, ""activity_institution_buy_breadth"": 47.72256728778468, ""activity_leader_strength"": 11.10260225217341}"
2026-07-23,COMPUTER_PERIPHERALS,-2.1483090493423784,-0.9651182703242887,20,19,13.86861313868613,45.21739130434783,25.750000000000007,5,3,ACTIVE,Dataset A distribution; outcome-blind,"{""activity_sector_excess_return_3d"": -1.3650675253893185, ""activity_sector_excess_return_5d"": -1.8270934023111836, ""activity_top120_count"": 1.0, ""activity_rank_improving_count"": 0.0, ""activity_volume_expansion_breadth"": 13.752488387524883, ""activity_institution_buy_breadth"": 47.72256728778468, ""activity_leader_strength"": 11.10260225217341}"
2026-07-24,COMPUTER_PERIPHERALS,0.670319987665341,-1.3269925438304853,24,20,13.86861313868613,26.956521739130434,39.33054393305439,6,3,ACTIVE,Dataset A distribution; outcome-blind,"{""activity_sector_excess_return_3d"": -1.3650675253893185, ""activity_sector_excess_return_5d"": -1.8270934023111836, ""activity_top120_count"": 1.0, ""activity_rank_improving_count"": 0.0, ""activity_volume_expansion_breadth"": 13.752488387524883, ""activity_institution_buy_breadth"": 47.72256728778468, ""activity_leader_strength"": 11.10260225217341}"
2026-05-28,CULTURAL_CREATIVE,-1.09043978227652,-5.699946440634079,0,0,14.285714285714285,50.0,1.8939393939394034,4,0,ACTIVE,Dataset A distribution; outcome-blind,"{""activity_sector_excess_return_3d"": -1.3650675253893185, ""activity_sector_excess_return_5d"": -1.8270934023111836, ""activity_top120_count"": 1.0, ""activity_rank_improving_count"": 0.0, ""activity_volume_expansion_breadth"": 13.752488387524883, ""activity_institution_buy_breadth"": 47.72256728778468, ""activity_leader_strength"": 11.10260225217341}"
2026-05-29,CULTURAL_CREATIVE,-3.5256757745977696,-6.079386249225988,0,0,14.285714285714285,50.0,0.4103967168262779,3,0,ACTIVE,Dataset A distribution; outcome-blind,"{""activity_sector_excess_return_3d"": -1.3650675253893185, ""activity_sector_excess_return_5d"": -1.8270934023111836, ""activity_top120_count"": 1.0, ""activity_rank_improving_count"": 0.0, ""activity_volume_expansion_breadth"": 13.752488387524883, ""activity_institution_buy_breadth"": 47.72256728778468, ""activity_leader_strength"": 11.10260225217341}"
2026-06-01,CULTURAL_CREATIVE,-1.2628803599463168,-3.880245804730964,0,0,57.14285714285714,66.66666666666666,5.950840879689534,4,2,ACTIVE,Dataset A distribution; outcome-blind,"{""activity_sector_excess_return_3d"": -1.3650675253893185, ""activity_sector_excess_return_5d"": -1.8270934023111836, ""activity_top120_count"": 1.0, ""activity_rank_improving_count"": 0.0, ""activity_volume_expansion_breadth"": 13.752488387524883, ""activity_institution_buy_breadth"": 47.72256728778468, ""activity_leader_strength"": 11.10260225217341}"
2026-06-02,CULTURAL_CREATIVE,-3.2454634551297157,-4.529127971849256,0,0,0.0,50.0,3.0927835051546504,2,0,LOW_ACTIVITY,Dataset A distribution; outcome-blind,"{""activity_sector_excess_return_3d"": -1.3650675253893185, ""activity_sector_excess_return_5d"": -1.8270934023111836, ""activity_top120_count"": 1.0, ""activity_rank_improving_count"": 0.0, ""activity_volume_expansion_breadth"": 13.752488387524883, ""activity_institution_buy_breadth"": 47.72256728778468, ""activity_leader_strength"": 11.10260225217341}"
2026-06-03,CULTURAL_CREATIVE,-3.3662629820827683,-4.009120180146663,0,0,28.57142857142857,50.0,2.8277634961439535,3,1,ACTIVE,Dataset A distribution; outcome-blind,"{""activity_sector_excess_return_3d"": -1.3650675253893185, ""activity_sector_excess_return_5d"": -1.8270934023111836, ""activity_top120_count"": 1.0, ""activity_rank_improving_count"": 0.0, ""activity_volume_expansion_breadth"": 13.752488387524883, ""activity_institution_buy_breadth"": 47.72256728778468, ""activity_leader_strength"": 11.10260225217341}"
2026-06-04,CULTURAL_CREATIVE,-1.0190526843881387,-3.14527639418829,0,0,14.285714285714285,83.33333333333334,8.43373493975903,4,1,ACTIVE,Dataset A distribution; outcome-blind,"{""activity_sector_excess_return_3d"": -1.3650675253893185, ""activity_sector_excess_return_5d"": -1.8270934023111836, ""activity_top120_count"": 1.0, ""activity_rank_improving_count"": 0.0, ""activity_volume_expansion_breadth"": 13.752488387524883, ""activity_institution_buy_breadth"": 47.72256728778468, ""activity_leader_strength"": 11.10260225217341}"
2026-06-05,CULTURAL_CREATIVE,2.3773829564773696,0.3512022037042484,0,0,0.0,50.0,6.447368421052646,4,1,ACTIVE,Dataset A distribution; outcome-blind,"{""activity_sector_excess_return_3d"": -1.3650675253893185, ""activity_sector_excess_return_5d"": -1.8270934023111836, ""activity_top120_count"": 1.0, ""activity_rank_improving_count"": 0.0, ""activity_volume_expansion_breadth"": 13.752488387524883, ""activity_institution_buy_breadth"": 47.72256728778468, ""activity_leader_strength"": 11.10260225217341}"
2026-06-08,CULTURAL_CREATIVE,6.116128164984896,2.3235343149953898,0,0,28.57142857142857,50.0,0.5440696409140466,5,3,ACTIVE,Dataset A distribution; outcome-blind,"{""activity_sector_excess_return_3d"": -1.3650675253893185, ""activity_sector_excess_return_5d"": -1.8270934023111836, ""activity_top120_count"": 1.0, ""activity_rank_improving_count"": 0.0, ""activity_volume_expansion_breadth"": 13.752488387524883, ""activity_institution_buy_breadth"": 47.72256728778468, ""activity_leader_strength"": 11.10260225217341}"
2026-06-09,CULTURAL_CREATIVE,1.8524194792500726,2.8911032996966624,0,0,28.57142857142857,16.666666666666664,6.034482758620707,4,3,ACTIVE,Dataset A distribution; outcome-blind,"{""activity_sector_excess_return_3d"": -1.3650675253893185, ""activity_sector_excess_return_5d"": -1.8270934023111836, ""activity_top120_count"": 1.0, ""activity_rank_improving_count"": 0.0, ""activity_volume_expansion_breadth"": 13.752488387524883, ""activity_institution_buy_breadth"": 47.72256728778468, ""activity_leader_strength"": 11.10260225217341}"
2026-06-10,CULTURAL_CREATIVE,3.9401046318383375,7.650387754036286,0,0,28.57142857142857,33.33333333333333,11.45374449339207,5,3,ACTIVE,Dataset A distribution; outcome-blind,"{""activity_sector_excess_return_3d"": -1.3650675253893185, ""activity_sector_excess_return_5d"": -1.8270934023111836, ""activity_top120_count"": 1.0, ""activity_rank_improving_count"": 0.0, ""activity_volume_expansion_breadth"": 13.752488387524883, ""activity_institution_buy_breadth"": 47.72256728778468, ""activity_leader_strength"": 11.10260225217341}"
2026-06-11,CULTURAL_CREATIVE,3.816120361829345,7.403601591731435,0,0,42.857142857142854,66.66666666666666,5.309734513274322,5,4,HIGH_ACTIVITY,Dataset A distribution; outcome-blind,"{""activity_sector_excess_return_3d"": -1.3650675253893185, ""activity_sector_excess_return_5d"": -1.8270934023111836, ""activity_top120_count"": 1.0, ""activity_rank_improving_count"": 0.0, ""activity_volume_expansion_breadth"": 13.752488387524883, ""activity_institution_buy_breadth"": 47.72256728778468, ""activity_leader_strength"": 11.10260225217341}"
2026-06-12,CULTURAL_CREATIVE,1.5043923691899108,2.2213319674226573,0,0,42.857142857142854,16.666666666666664,3.748326639892907,4,3,ACTIVE,Dataset A distribution; outcome-blind,"{""activity_sector_excess_return_3d"": -1.3650675253893185, ""activity_sector_excess_return_5d"": -1.8270934023111836, ""activity_top120_count"": 1.0, ""activity_rank_improving_count"": 0.0, ""activity_volume_expansion_breadth"": 13.752488387524883, ""activity_institution_buy_breadth"": 47.72256728778468, ""activity_leader_strength"": 11.10260225217341}"
2026-06-15,CULTURAL_CREATIVE,-4.493259262302917,-2.346294631460355,0,0,28.57142857142857,50.0,5.35714285714286,3,1,ACTIVE,Dataset A distribution; outcome-blind,"{""activity_sector_excess_return_3d"": -1.3650675253893185, ""activity_sector_excess_return_5d"": -1.8270934023111836, ""activity_top120_count"": 1.0, ""activity_rank_improving_count"": 0.0, ""activity_volume_expansion_breadth"": 13.752488387524883, ""activity_institution_buy_breadth"": 47.72256728778468, ""activity_leader_strength"": 11.10260225217341}"
2026-06-16,CULTURAL_CREATIVE,-5.626709965113285,-1.645732567058411,0,0,28.57142857142857,66.66666666666666,4.283801874163329,4,2,ACTIVE,Dataset A distribution; outcome-blind,"{""activity_sector_excess_return_3d"": -1.3650675253893185, ""activity_sector_excess_return_5d"": -1.8270934023111836, ""activity_top120_count"": 1.0, ""activity_rank_improving_count"": 0.0, ""activity_volume_expansion_breadth"": 13.752488387524883, ""activity_institution_buy_breadth"": 47.72256728778468, ""activity_leader_strength"": 11.10260225217341}"
2026-06-17,CULTURAL_CREATIVE,-2.7714777872287932,-5.831718084771692,0,0,28.57142857142857,50.0,7.02247191011236,3,1,ACTIVE,Dataset A distribution; outcome-blind,"{""activity_sector_excess_return_3d"": -1.3650675253893185, ""activity_sector_excess_return_5d"": -1.8270934023111836, ""activity_top120_count"": 1.0, ""activity_rank_improving_count"": 0.0, ""activity_volume_expansion_breadth"": 13.752488387524883, ""activity_institution_buy_breadth"": 47.72256728778468, ""activity_leader_strength"": 11.10260225217341}"
2026-06-18,CULTURAL_CREATIVE,-0.9974383084409344,-6.343526564017488,0,0,28.57142857142857,83.33333333333334,6.72268907563025,4,2,ACTIVE,Dataset A distribution; outcome-blind,"{""activity_sector_excess_return_3d"": -1.3650675253893185, ""activity_sector_excess_return_5d"": -1.8270934023111836, ""activity_top120_count"": 1.0, ""activity_rank_improving_count"": 0.0, ""activity_volume_expansion_breadth"": 13.752488387524883, ""activity_institution_buy_breadth"": 47.72256728778468, ""activity_leader_strength"": 11.10260225217341}"
2026-06-22,CULTURAL_CREATIVE,-3.7706897804627992,-6.4757710236005295,0,0,28.57142857142857,66.66666666666666,5.263157894736836,3,2,ACTIVE,Dataset A distribution; outcome-blind,"{""activity_sector_excess_return_3d"": -1.3650675253893185, ""activity_sector_excess_return_5d"": -1.8270934023111836, ""activity_top120_count"": 1.0, ""activity_rank_improving_count"": 0.0, ""activity_volume_expansion_breadth"": 13.752488387524883, ""activity_institution_buy_breadth"": 47.72256728778468, ""activity_leader_strength"": 11.10260225217341}"
2026-06-23,CULTURAL_CREATIVE,-3.487955525211145,-3.4193974265403773,0,0,28.57142857142857,50.0,4.748603351955305,3,1,ACTIVE,Dataset A distribution; outcome-blind,"{""activity_sector_excess_return_3d"": -1.3650675253893185, ""activity_sector_excess_return_5d"": -1.8270934023111836, ""activity_top120_count"": 1.0, ""activity_rank_improving_count"": 0.0, ""activity_volume_expansion_breadth"": 13.752488387524883, ""activity_institution_buy_breadth"": 47.72256728778468, ""activity_leader_strength"": 11.10260225217341}"
2026-06-24,CULTURAL_CREATIVE,-0.36220462964078326,-1.0905297051834295,0,0,14.285714285714285,66.66666666666666,2.7700831024930705,5,1,ACTIVE,Dataset A distribution; outcome-blind,"{""activity_sector_excess_return_3d"": -1.3650675253893185, ""activity_sector_excess_return_5d"": -1.8270934023111836, ""activity_top120_count"": 1.0, ""activity_rank_improving_count"": 0.0, ""activity_volume_expansion_breadth"": 13.752488387524883, ""activity_institution_buy_breadth"": 47.72256728778468, ""activity_leader_strength"": 11.10260225217341}"
2026-06-25,CULTURAL_CREATIVE,1.532243695751434,-2.514546319624511,0,0,28.57142857142857,33.33333333333333,-0.6305170239596425,3,2,ACTIVE,Dataset A distribution; outcome-blind,"{""activity_sector_excess_return_3d"": -1.3650675253893185, ""activity_sector_excess_return_5d"": -1.8270934023111836, ""activity_top120_count"": 1.0, ""activity_rank_improving_count"": 0.0, ""activity_volume_expansion_breadth"": 13.752488387524883, ""activity_institution_buy_breadth"": 47.72256728778468, ""activity_leader_strength"": 11.10260225217341}"
2026-06-26,CULTURAL_CREATIVE,2.50664740217183,0.8754686791992041,0,0,28.57142857142857,33.33333333333333,0.2688172043010528,4,2,ACTIVE,Dataset A distribution; outcome-blind,"{""activity_sector_excess_return_3d"": -1.3650675253893185, ""activity_sector_excess_return_5d"": -1.8270934023111836, ""activity_top120_count"": 1.0, ""activity_rank_improving_count"": 0.0, ""activity_volume_expansion_breadth"": 13.752488387524883, ""activity_institution_buy_breadth"": 47.72256728778468, ""activity_leader_strength"": 11.10260225217341}"
2026-06-29,CULTURAL_CREATIVE,0.5492127414231107,2.741152100830085,0,0,14.285714285714285,50.0,0.0,5,1,ACTIVE,Dataset A distribution; outcome-blind,"{""activity_sector_excess_return_3d"": -1.3650675253893185, ""activity_sector_excess_return_5d"": -1.8270934023111836, ""activity_top120_count"": 1.0, ""activity_rank_improving_count"": 0.0, ""activity_volume_expansion_breadth"": 13.752488387524883, ""activity_institution_buy_breadth"": 47.72256728778468, ""activity_leader_strength"": 11.10260225217341}"
2026-06-30,CULTURAL_CREATIVE,-0.47869496440656745,-0.062118614065143074,0,0,0.0,16.666666666666664,0.7672634271099765,3,0,ACTIVE,Dataset A distribution; outcome-blind,"{""activity_sector_excess_return_3d"": -1.3650675253893185, ""activity_sector_excess_return_5d"": -1.8270934023111836, ""activity_top120_count"": 1.0, ""activity_rank_improving_count"": 0.0, ""activity_volume_expansion_breadth"": 13.752488387524883, ""activity_institution_buy_breadth"": 47.72256728778468, ""activity_leader_strength"": 11.10260225217341}"
2026-07-01,CULTURAL_CREATIVE,-5.426189236767942,-3.597078774454565,0,0,0.0,33.33333333333333,0.6435006435006496,1,0,LOW_ACTIVITY,Dataset A distribution; outcome-blind,"{""activity_sector_excess_return_3d"": -1.3650675253893185, ""activity_sector_excess_return_5d"": -1.8270934023111836, ""activity_top120_count"": 1.0, ""activity_rank_improving_count"": 0.0, ""activity_volume_expansion_breadth"": 13.752488387524883, ""activity_institution_buy_breadth"": 47.72256728778468, ""activity_leader_strength"": 11.10260225217341}"
2026-07-02,CULTURAL_CREATIVE,-3.459783534649652,-2.449530838616998,0,0,0.0,33.33333333333333,1.1494252873563315,1,0,LOW_ACTIVITY,Dataset A distribution; outcome-blind,"{""activity_sector_excess_return_3d"": -1.3650675253893185, ""activity_sector_excess_return_5d"": -1.8270934023111836, ""activity_top120_count"": 1.0, ""activity_rank_improving_count"": 0.0, ""activity_volume_expansion_breadth"": 13.752488387524883, ""activity_institution_buy_breadth"": 47.72256728778468, ""activity_leader_strength"": 11.10260225217341}"
2026-07-03,CULTURAL_CREATIVE,-1.068278671029621,-3.890905372885678,0,0,28.57142857142857,66.66666666666666,2.199223803363526,4,2,ACTIVE,Dataset A distribution; outcome-blind,"{""activity_sector_excess_return_3d"": -1.3650675253893185, ""activity_sector_excess_return_5d"": -1.8270934023111836, ""activity_top120_count"": 1.0, ""activity_rank_improving_count"": 0.0, ""activity_volume_expansion_breadth"": 13.752488387524883, ""activity_institution_buy_breadth"": 47.72256728778468, ""activity_leader_strength"": 11.10260225217341}"
2026-07-06,CULTURAL_CREATIVE,1.5754648299276863,-3.067957071761651,0,0,14.285714285714285,50.0,1.8099547511312153,4,1,ACTIVE,Dataset A distribution; outcome-blind,"{""activity_sector_excess_return_3d"": -1.3650675253893185, ""activity_sector_excess_return_5d"": -1.8270934023111836, ""activity_top120_count"": 1.0, ""activity_rank_improving_count"": 0.0, ""activity_volume_expansion_breadth"": 13.752488387524883, ""activity_institution_buy_breadth"": 47.72256728778468, ""activity_leader_strength"": 11.10260225217341}"
2026-07-07,CULTURAL_CREATIVE,2.5140196863423947,0.48178157204032956,0,0,0.0,33.33333333333333,0.6345177664974555,3,1,ACTIVE,Dataset A distribution; outcome-blind,"{""activity_sector_excess_return_3d"": -1.3650675253893185, ""activity_sector_excess_return_5d"": -1.8270934023111836, ""activity_top120_count"": 1.0, ""activity_rank_improving_count"": 0.0, ""activity_volume_expansion_breadth"": 13.752488387524883, ""activity_institution_buy_breadth"": 47.72256728778468, ""activity_leader_strength"": 11.10260225217341}"
2026-07-08,CULTURAL_CREATIVE,1.2965656083557764,2.505800729811786,0,0,0.0,33.33333333333333,1.278772378516635,3,2,ACTIVE,Dataset A distribution; outcome-blind,"{""activity_sector_excess_return_3d"": -1.3650675253893185, ""activity_sector_excess_return_5d"": -1.8270934023111836, ""activity_top120_count"": 1.0, ""activity_rank_improving_count"": 0.0, ""activity_volume_expansion_breadth"": 13.752488387524883, ""activity_institution_buy_breadth"": 47.72256728778468, ""activity_leader_strength"": 11.10260225217341}"
2026-07-09,CULTURAL_CREATIVE,2.0451280058107644,2.6495870316763206,0,0,14.285714285714285,50.0,0.7692307692307665,5,2,ACTIVE,Dataset A distribution; outcome-blind,"{""activity_sector_excess_return_3d"": -1.3650675253893185, ""activity_sector_excess_return_5d"": -1.8270934023111836, ""activity_top120_count"": 1.0, ""activity_rank_improving_count"": 0.0, ""activity_volume_expansion_breadth"": 13.752488387524883, ""activity_institution_buy_breadth"": 47.72256728778468, ""activity_leader_strength"": 11.10260225217341}"
2026-07-13,CULTURAL_CREATIVE,-0.05348942297575543,2.2625633946232515,0,0,28.57142857142857,50.0,1.3924050632911245,5,2,ACTIVE,Dataset A distribution; outcome-blind,"{""activity_sector_excess_return_3d"": -1.3650675253893185, ""activity_sector_excess_return_5d"": -1.8270934023111836, ""activity_top120_count"": 1.0, ""activity_rank_improving_count"": 0.0, ""activity_volume_expansion_breadth"": 13.752488387524883, ""activity_institution_buy_breadth"": 47.72256728778468, ""activity_leader_strength"": 11.10260225217341}"
2026-07-14,CULTURAL_CREATIVE,0.9564383803042531,2.0327687533379546,0,0,28.57142857142857,50.0,-1.1560693641618491,5,3,ACTIVE,Dataset A distribution; outcome-blind,"{""activity_sector_excess_return_3d"": -1.3650675253893185, ""activity_sector_excess_return_5d"": -1.8270934023111836, ""activity_top120_count"": 1.0, ""activity_rank_improving_count"": 0.0, ""activity_volume_expansion_breadth"": 13.752488387524883, ""activity_institution_buy_breadth"": 47.72256728778468, ""activity_leader_strength"": 11.10260225217341}"
2026-07-15,CULTURAL_CREATIVE,-0.8163051536787647,-0.47077616580029624,0,0,0.0,100.0,0.44642857142858094,4,1,ACTIVE,Dataset A distribution; outcome-blind,"{""activity_sector_excess_return_3d"": -1.3650675253893185, ""activity_sector_excess_return_5d"": -1.8270934023111836, ""activity_top120_count"": 1.0, ""activity_rank_improving_count"": 0.0, ""activity_volume_expansion_breadth"": 13.752488387524883, ""activity_institution_buy_breadth"": 47.72256728778468, ""activity_leader_strength"": 11.10260225217341}"
2026-07-16,CULTURAL_CREATIVE,-1.1412587613638059,-0.40978535642783864,0,0,0.0,66.66666666666666,3.1818181818181746,4,1,ACTIVE,Dataset A distribution; outcome-blind,"{""activity_sector_excess_return_3d"": -1.3650675253893185, ""activity_sector_excess_return_5d"": -1.8270934023111836, ""activity_top120_count"": 1.0, ""activity_rank_improving_count"": 0.0, ""activity_volume_expansion_breadth"": 13.752488387524883, ""activity_institution_buy_breadth"": 47.72256728778468, ""activity_leader_strength"": 11.10260225217341}"
2026-07-17,CULTURAL_CREATIVE,3.80305900840745,3.3461795956807534,0,0,57.14285714285714,83.33333333333334,4.109589041095907,5,4,HIGH_ACTIVITY,Dataset A distribution; outcome-blind,"{""activity_sector_excess_return_3d"": -1.3650675253893185, ""activity_sector_excess_return_5d"": -1.8270934023111836, ""activity_top120_count"": 1.0, ""activity_rank_improving_count"": 0.0, ""activity_volume_expansion_breadth"": 13.752488387524883, ""activity_institution_buy_breadth"": 47.72256728778468, ""activity_leader_strength"": 11.10260225217341}"
2026-07-20,CULTURAL_CREATIVE,5.871523643203752,5.001341245012264,0,0,28.57142857142857,66.66666666666666,-0.1168224299065379,5,4,HIGH_ACTIVITY,Dataset A distribution; outcome-blind,"{""activity_sector_excess_return_3d"": -1.3650675253893185, ""activity_sector_excess_return_5d"": -1.8270934023111836, ""activity_top120_count"": 1.0, ""activity_rank_improving_count"": 0.0, ""activity_volume_expansion_breadth"": 13.752488387524883, ""activity_institution_buy_breadth"": 47.72256728778468, ""activity_leader_strength"": 11.10260225217341}"
2026-07-21,CULTURAL_CREATIVE,1.3753020919683334,-0.6219491284107037,0,0,14.285714285714285,50.0,3.686635944700467,5,1,ACTIVE,Dataset A distribution; outcome-blind,"{""activity_sector_excess_return_3d"": -1.3650675253893185, ""activity_sector_excess_return_5d"": -1.8270934023111836, ""activity_top120_count"": 1.0, ""activity_rank_improving_count"": 0.0, ""activity_volume_expansion_breadth"": 13.752488387524883, ""activity_institution_buy_breadth"": 47.72256728778468, ""activity_leader_strength"": 11.10260225217341}"
2026-07-22,CULTURAL_CREATIVE,-4.580593575708791,0.22348968228883548,0,0,14.285714285714285,50.0,3.111111111111109,4,0,ACTIVE,Dataset A distribution; outcome-blind,"{""activity_sector_excess_return_3d"": -1.3650675253893185, ""activity_sector_excess_return_5d"": -1.8270934023111836, ""activity_top120_count"": 1.0, ""activity_rank_improving_count"": 0.0, ""activity_volume_expansion_breadth"": 13.752488387524883, ""activity_institution_buy_breadth"": 47.72256728778468, ""activity_leader_strength"": 11.10260225217341}"
2026-07-23,CULTURAL_CREATIVE,-5.440434646285691,0.7372446762391016,0,0,14.285714285714285,50.0,2.2026431718061623,4,0,ACTIVE,Dataset A distribution; outcome-blind,"{""activity_sector_excess_return_3d"": -1.3650675253893185, ""activity_sector_excess_return_5d"": -1.8270934023111836, ""activity_top120_count"": 1.0, ""activity_rank_improving_count"": 0.0, ""activity_volume_expansion_breadth"": 13.752488387524883, ""activity_institution_buy_breadth"": 47.72256728778468, ""activity_leader_strength"": 11.10260225217341}"
2026-07-24,CULTURAL_CREATIVE,1.281739748802524,-2.656117095816257,0,0,0.0,33.33333333333333,3.4188034188034067,2,1,LOW_ACTIVITY,Dataset A distribution; outcome-blind,"{""activity_sector_excess_return_3d"": -1.3650675253893185, ""activity_sector_excess_return_5d"": -1.8270934023111836, ""activity_top120_count"": 1.0, ""activity_rank_improving_count"": 0.0, ""activity_volume_expansion_breadth"": 13.752488387524883, ""activity_institution_buy_breadth"": 47.72256728778468, ""activity_leader_strength"": 11.10260225217341}"
2026-05-28,DIVERSIFIED_OTHER,-0.11726304723523318,-5.483026700937765,1,0,15.254237288135593,44.44444444444444,12.927756653992395,5,0,ACTIVE,Dataset A distribution; outcome-blind,"{""activity_sector_excess_return_3d"": -1.3650675253893185, ""activity_sector_excess_return_5d"": -1.8270934023111836, ""activity_top120_count"": 1.0, ""activity_rank_improving_count"": 0.0, ""activity_volume_expansion_breadth"": 13.752488387524883, ""activity_institution_buy_breadth"": 47.72256728778468, ""activity_leader_strength"": 11.10260225217341}"
2026-05-29,DIVERSIFIED_OTHER,-3.014946747634595,-5.599209981810905,0,0,15.254237288135593,41.66666666666667,23.954372623574137,3,1,ACTIVE,Dataset A distribution; outcome-blind,"{""activity_sector_excess_return_3d"": -1.3650675253893185, ""activity_sector_excess_return_5d"": -1.8270934023111836, ""activity_top120_count"": 1.0, ""activity_rank_improving_count"": 0.0, ""activity_volume_expansion_breadth"": 13.752488387524883, ""activity_institution_buy_breadth"": 47.72256728778468, ""activity_leader_strength"": 11.10260225217341}"
2026-06-01,DIVERSIFIED_OTHER,-1.6947057821439349,-4.029277101303236,1,0,20.33898305084746,44.44444444444444,17.537313432835823,4,0,ACTIVE,Dataset A distribution; outcome-blind,"{""activity_sector_excess_return_3d"": -1.3650675253893185, ""activity_sector_excess_return_5d"": -1.8270934023111836, ""activity_top120_count"": 1.0, ""activity_rank_improving_count"": 0.0, ""activity_volume_expansion_breadth"": 13.752488387524883, ""activity_institution_buy_breadth"": 47.72256728778468, ""activity_leader_strength"": 11.10260225217341}"
2026-06-02,DIVERSIFIED_OTHER,-3.484342324890499,-4.1624379927893145,1,0,16.94915254237288,38.88888888888889,27.90697674418603,4,1,ACTIVE,Dataset A distribution; outcome-blind,"{""activity_sector_excess_return_3d"": -1.3650675253893185, ""activity_sector_excess_return_5d"": -1.8270934023111836, ""activity_top120_count"": 1.0, ""activity_rank_improving_count"": 0.0, ""activity_volume_expansion_breadth"": 13.752488387524883, ""activity_institution_buy_breadth"": 47.72256728778468, ""activity_leader_strength"": 11.10260225217341}"
2026-06-03,DIVERSIFIED_OTHER,-2.196190777189333,-3.4524607406577146,1,1,22.033898305084744,38.88888888888889,33.82899628252789,4,2,ACTIVE,Dataset A distribution; outcome-blind,"{""activity_sector_excess_return_3d"": -1.3650675253893185, ""activity_sector_excess_return_5d"": -1.8270934023111836, ""activity_top120_count"": 1.0, ""activity_rank_improving_count"": 0.0, ""activity_volume_expansion_breadth"": 13.752488387524883, ""activity_institution_buy_breadth"": 47.72256728778468, ""activity_leader_strength"": 11.10260225217341}"
2026-06-04,DIVERSIFIED_OTHER,0.41787570691084186,-2.8316049352774098,4,1,22.033898305084744,47.22222222222222,46.125461254612546,5,3,ACTIVE,Dataset A distribution; outcome-blind,"{""activity_sector_excess_return_3d"": -1.3650675253893185, ""activity_sector_excess_return_5d"": -1.8270934023111836, ""activity_top120_count"": 1.0, ""activity_rank_improving_count"": 0.0, ""activity_volume_expansion_breadth"": 13.752488387524883, ""activity_institution_buy_breadth"": 47.72256728778468, ""activity_leader_strength"": 11.10260225217341}"
2026-06-05,DIVERSIFIED_OTHER,1.0676003477817164,-1.125965687825481,5,3,16.94915254237288,30.555555555555557,41.071428571428584,6,4,HIGH_ACTIVITY,Dataset A distribution; outcome-blind,"{""activity_sector_excess_return_3d"": -1.3650675253893185, ""activity_sector_excess_return_5d"": -1.8270934023111836, ""activity_top120_count"": 1.0, ""activity_rank_improving_count"": 0.0, ""activity_volume_expansion_breadth"": 13.752488387524883, ""activity_institution_buy_breadth"": 47.72256728778468, ""activity_leader_strength"": 11.10260225217341}"
2026-06-08,DIVERSIFIED_OTHER,3.1579221361641094,1.9923501171783426,1,1,13.559322033898304,30.555555555555557,25.0,5,4,HIGH_ACTIVITY,Dataset A distribution; outcome-blind,"{""activity_sector_excess_return_3d"": -1.3650675253893185, ""activity_sector_excess_return_5d"": -1.8270934023111836, ""activity_top120_count"": 1.0, ""activity_rank_improving_count"": 0.0, ""activity_volume_expansion_breadth"": 13.752488387524883, ""activity_institution_buy_breadth"": 47.72256728778468, ""activity_leader_strength"": 11.10260225217341}"
2026-06-09,DIVERSIFIED_OTHER,-0.5799379801224527,0.17038180709535444,0,0,13.559322033898304,22.22222222222222,13.333333333333353,4,0,ACTIVE,Dataset A distribution; outcome-blind,"{""activity_sector_excess_return_3d"": -1.3650675253893185, ""activity_sector_excess_return_5d"": -1.8270934023111836, ""activity_top120_count"": 1.0, ""activity_rank_improving_count"": 0.0, ""activity_volume_expansion_breadth"": 13.752488387524883, ""activity_institution_buy_breadth"": 47.72256728778468, ""activity_leader_strength"": 11.10260225217341}"
2026-06-10,DIVERSIFIED_OTHER,1.672288912057141,3.7830637667310096,1,1,20.33898305084746,22.22222222222222,2.4193548387096753,5,3,ACTIVE,Dataset A distribution; outcome-blind,"{""activity_sector_excess_return_3d"": -1.3650675253893185, ""activity_sector_excess_return_5d"": -1.8270934023111836, ""activity_top120_count"": 1.0, ""activity_rank_improving_count"": 0.0, ""activity_volume_expansion_breadth"": 13.752488387524883, ""activity_institution_buy_breadth"": 47.72256728778468, ""activity_leader_strength"": 11.10260225217341}"
2026-06-11,DIVERSIFIED_OTHER,-0.4085551109283714,1.9204547381026504,0,0,15.254237288135593,38.88888888888889,14.344262295081966,5,1,ACTIVE,Dataset A distribution; outcome-blind,"{""activity_sector_excess_return_3d"": -1.3650675253893185, ""activity_sector_excess_return_5d"": -1.8270934023111836, ""activity_top120_count"": 1.0, ""activity_rank_improving_count"": 0.0, ""activity_volume_expansion_breadth"": 13.752488387524883, ""activity_institution_buy_breadth"": 47.72256728778468, ""activity_leader_strength"": 11.10260225217341}"
2026-06-12,DIVERSIFIED_OTHER,0.2124222280553978,-1.1064133722627325,1,0,3.389830508474576,33.33333333333333,11.387163561076608,5,0,ACTIVE,Dataset A distribution; outcome-blind,"{""activity_sector_excess_return_3d"": -1.3650675253893185, ""activity_sector_excess_return_5d"": -1.8270934023111836, ""activity_top120_count"": 1.0, ""activity_rank_improving_count"": 0.0, ""activity_volume_expansion_breadth"": 13.752488387524883, ""activity_institution_buy_breadth"": 47.72256728778468, ""activity_leader_strength"": 11.10260225217341}"
2026-06-15,DIVERSIFIED_OTHER,-4.674939988675442,-4.503481208299926,1,0,15.254237288135593,47.22222222222222,23.49137931034482,4,1,ACTIVE,Dataset A distribution; outcome-blind,"{""activity_sector_excess_return_3d"": -1.3650675253893185, ""activity_sector_excess_return_5d"": -1.8270934023111836, ""activity_top120_count"": 1.0, ""activity_rank_improving_count"": 0.0, ""activity_volume_expansion_breadth"": 13.752488387524883, ""activity_institution_buy_breadth"": 47.72256728778468, ""activity_leader_strength"": 11.10260225217341}"
2026-06-16,DIVERSIFIED_OTHER,-5.849798454572486,-3.480695379706489,0,0,8.47457627118644,50.0,19.913419913419904,3,0,ACTIVE,Dataset A distribution; outcome-blind,"{""activity_sector_excess_return_3d"": -1.3650675253893185, ""activity_sector_excess_return_5d"": -1.8270934023111836, ""activity_top120_count"": 1.0, ""activity_rank_improving_count"": 0.0, ""activity_volume_expansion_breadth"": 13.752488387524883, ""activity_institution_buy_breadth"": 47.72256728778468, ""activity_leader_strength"": 11.10260225217341}"
2026-06-17,DIVERSIFIED_OTHER,-3.867754427082848,-5.733134684945673,0,0,0.0,36.11111111111111,12.407407407407401,2,0,LOW_ACTIVITY,Dataset A distribution; outcome-blind,"{""activity_sector_excess_return_3d"": -1.3650675253893185, ""activity_sector_excess_return_5d"": -1.8270934023111836, ""activity_top120_count"": 1.0, ""activity_rank_improving_count"": 0.0, ""activity_volume_expansion_breadth"": 13.752488387524883, ""activity_institution_buy_breadth"": 47.72256728778468, ""activity_leader_strength"": 11.10260225217341}"
2026-06-18,DIVERSIFIED_OTHER,-2.6005662206430635,-7.149554651666401,0,0,3.389830508474576,44.44444444444444,20.744680851063823,2,0,LOW_ACTIVITY,Dataset A distribution; outcome-blind,"{""activity_sector_excess_return_3d"": -1.3650675253893185, ""activity_sector_excess_return_5d"": -1.8270934023111836, ""activity_top120_count"": 1.0, ""activity_rank_improving_count"": 0.0, ""activity_volume_expansion_breadth"": 13.752488387524883, ""activity_institution_buy_breadth"": 47.72256728778468, ""activity_leader_strength"": 11.10260225217341}"
2026-06-22,DIVERSIFIED_OTHER,-4.004283521428709,-7.8142040929729095,0,0,10.16949152542373,38.88888888888889,21.08843537414966,2,0,LOW_ACTIVITY,Dataset A distribution; outcome-blind,"{""activity_sector_excess_return_3d"": -1.3650675253893185, ""activity_sector_excess_return_5d"": -1.8270934023111836, ""activity_top120_count"": 1.0, ""activity_rank_improving_count"": 0.0, ""activity_volume_expansion_breadth"": 13.752488387524883, ""activity_institution_buy_breadth"": 47.72256728778468, ""activity_leader_strength"": 11.10260225217341}"
2026-06-23,DIVERSIFIED_OTHER,-3.0918998142008935,-4.6618947844139225,2,0,11.864406779661017,47.22222222222222,29.470198675496697,3,1,ACTIVE,Dataset A distribution; outcome-blind,"{""activity_sector_excess_return_3d"": -1.3650675253893185, ""activity_sector_excess_return_5d"": -1.8270934023111836, ""activity_top120_count"": 1.0, ""activity_rank_improving_count"": 0.0, ""activity_volume_expansion_breadth"": 13.752488387524883, ""activity_institution_buy_breadth"": 47.72256728778468, ""activity_leader_strength"": 11.10260225217341}"
2026-06-24,DIVERSIFIED_OTHER,0.17307997822447185,-0.876673053632937,1,0,5.084745762711865,30.555555555555557,45.27027027027026,5,1,ACTIVE,Dataset A distribution; outcome-blind,"{""activity_sector_excess_return_3d"": -1.3650675253893185, ""activity_sector_excess_return_5d"": -1.8270934023111836, ""activity_top120_count"": 1.0, ""activity_rank_improving_count"": 0.0, ""activity_volume_expansion_breadth"": 13.752488387524883, ""activity_institution_buy_breadth"": 47.72256728778468, ""activity_leader_strength"": 11.10260225217341}"
2026-06-25,DIVERSIFIED_OTHER,2.0298828287455217,-1.3111616701962314,2,1,5.084745762711865,27.77777777777778,42.3728813559322,5,3,ACTIVE,Dataset A distribution; outcome-blind,"{""activity_sector_excess_return_3d"": -1.3650675253893185, ""activity_sector_excess_return_5d"": -1.8270934023111836, ""activity_top120_count"": 1.0, ""activity_rank_improving_count"": 0.0, ""activity_volume_expansion_breadth"": 13.752488387524883, ""activity_institution_buy_breadth"": 47.72256728778468, ""activity_leader_strength"": 11.10260225217341}"
2026-06-26,DIVERSIFIED_OTHER,2.845932871975277,1.256406587254494,1,0,10.16949152542373,16.666666666666664,22.530864197530875,5,2,ACTIVE,Dataset A distribution; outcome-blind,"{""activity_sector_excess_return_3d"": -1.3650675253893185, ""activity_sector_excess_return_5d"": -1.8270934023111836, ""activity_top120_count"": 1.0, ""activity_rank_improving_count"": 0.0, ""activity_volume_expansion_breadth"": 13.752488387524883, ""activity_institution_buy_breadth"": 47.72256728778468, ""activity_leader_strength"": 11.10260225217341}"
2026-06-29,DIVERSIFIED_OTHER,0.47585448862840773,3.3426126655817896,1,0,0.0,44.44444444444444,10.95505617977528,4,1,ACTIVE,Dataset A distribution; outcome-blind,"{""activity_sector_excess_return_3d"": -1.3650675253893185, ""activity_sector_excess_return_5d"": -1.8270934023111836, ""activity_top120_count"": 1.0, ""activity_rank_improving_count"": 0.0, ""activity_volume_expansion_breadth"": 13.752488387524883, ""activity_institution_buy_breadth"": 47.72256728778468, ""activity_leader_strength"": 11.10260225217341}"
2026-06-30,DIVERSIFIED_OTHER,-0.7104551380472834,1.1890406453518798,1,1,1.694915254237288,38.88888888888889,10.997442455242968,4,2,ACTIVE,Dataset A distribution; outcome-blind,"{""activity_sector_excess_return_3d"": -1.3650675253893185, ""activity_sector_excess_return_5d"": -1.8270934023111836, ""activity_top120_count"": 1.0, ""activity_rank_improving_count"": 0.0, ""activity_volume_expansion_breadth"": 13.752488387524883, ""activity_institution_buy_breadth"": 47.72256728778468, ""activity_leader_strength"": 11.10260225217341}"
2026-07-01,DIVERSIFIED_OTHER,-4.502780164821196,-3.2546623824683376,1,1,6.779661016949152,30.555555555555557,9.375,2,1,LOW_ACTIVITY,Dataset A distribution; outcome-blind,"{""activity_sector_excess_return_3d"": -1.3650675253893185, ""activity_sector_excess_return_5d"": -1.8270934023111836, ""activity_top120_count"": 1.0, ""activity_rank_improving_count"": 0.0, ""activity_volume_expansion_breadth"": 13.752488387524883, ""activity_institution_buy_breadth"": 47.72256728778468, ""activity_leader_strength"": 11.10260225217341}"
2026-07-02,DIVERSIFIED_OTHER,-2.690371195993979,-1.4265053141113815,1,1,11.864406779661017,38.88888888888889,10.000000000000009,3,1,ACTIVE,Dataset A distribution; outcome-blind,"{""activity_sector_excess_return_3d"": -1.3650675253893185, ""activity_sector_excess_return_5d"": -1.8270934023111836, ""activity_top120_count"": 1.0, ""activity_rank_improving_count"": 0.0, ""activity_volume_expansion_breadth"": 13.752488387524883, ""activity_institution_buy_breadth"": 47.72256728778468, ""activity_leader_strength"": 11.10260225217341}"
2026-07-03,DIVERSIFIED_OTHER,-0.7200654409887042,-2.7739206088420953,3,0,8.47457627118644,58.333333333333336,26.44836272040303,5,2,ACTIVE,Dataset A distribution; outcome-blind,"{""activity_sector_excess_return_3d"": -1.3650675253893185, ""activity_sector_excess_return_5d"": -1.8270934023111836, ""activity_top120_count"": 1.0, ""activity_rank_improving_count"": 0.0, ""activity_volume_expansion_breadth"": 13.752488387524883, ""activity_institution_buy_breadth"": 47.72256728778468, ""activity_leader_strength"": 11.10260225217341}"
2026-07-06,DIVERSIFIED_OTHER,1.8965521318025647,-0.693387627390396,1,0,16.94915254237288,44.44444444444444,39.74683544303799,6,2,ACTIVE,Dataset A distribution; outcome-blind,"{""activity_sector_excess_return_3d"": -1.3650675253893185, ""activity_sector_excess_return_5d"": -1.8270934023111836, ""activity_top120_count"": 1.0, ""activity_rank_improving_count"": 0.0, ""activity_volume_expansion_breadth"": 13.752488387524883, ""activity_institution_buy_breadth"": 47.72256728778468, ""activity_leader_strength"": 11.10260225217341}"
2026-07-07,DIVERSIFIED_OTHER,2.815976501457107,1.4022487578022935,1,0,18.64406779661017,30.555555555555557,15.437788018433185,6,2,ACTIVE,Dataset A distribution; outcome-blind,"{""activity_sector_excess_return_3d"": -1.3650675253893185, ""activity_sector_excess_return_5d"": -1.8270934023111836, ""activity_top120_count"": 1.0, ""activity_rank_improving_count"": 0.0, ""activity_volume_expansion_breadth"": 13.752488387524883, ""activity_institution_buy_breadth"": 47.72256728778468, ""activity_leader_strength"": 11.10260225217341}"
2026-07-08,DIVERSIFIED_OTHER,1.0719342986840075,2.5117807565225747,1,1,8.47457627118644,33.33333333333333,31.19047619047619,5,4,HIGH_ACTIVITY,Dataset A distribution; outcome-blind,"{""activity_sector_excess_return_3d"": -1.3650675253893185, ""activity_sector_excess_return_5d"": -1.8270934023111836, ""activity_top120_count"": 1.0, ""activity_rank_improving_count"": 0.0, ""activity_volume_expansion_breadth"": 13.752488387524883, ""activity_institution_buy_breadth"": 47.72256728778468, ""activity_leader_strength"": 11.10260225217341}"
2026-07-09,DIVERSIFIED_OTHER,1.2670824317843998,2.9726708106424526,1,1,6.779661016949152,36.11111111111111,20.99567099567099,5,3,ACTIVE,Dataset A distribution; outcome-blind,"{""activity_sector_excess_return_3d"": -1.3650675253893185, ""activity_sector_excess_return_5d"": -1.8270934023111836, ""activity_top120_count"": 1.0, ""activity_rank_improving_count"": 0.0, ""activity_volume_expansion_breadth"": 13.752488387524883, ""activity_institution_buy_breadth"": 47.72256728778468, ""activity_leader_strength"": 11.10260225217341}"
2026-07-13,DIVERSIFIED_OTHER,-0.10061835501168348,1.6828623686083288,4,1,15.254237288135593,27.77777777777778,11.111111111111116,6,3,ACTIVE,Dataset A distribution; outcome-blind,"{""activity_sector_excess_return_3d"": -1.3650675253893185, ""activity_sector_excess_return_5d"": -1.8270934023111836, ""activity_top120_count"": 1.0, ""activity_rank_improving_count"": 0.0, ""activity_volume_expansion_breadth"": 13.752488387524883, ""activity_institution_buy_breadth"": 47.72256728778468, ""activity_leader_strength"": 11.10260225217341}"
2026-07-14,DIVERSIFIED_OTHER,0.6630862698789708,0.6865731065779093,1,0,16.94915254237288,36.11111111111111,13.024757804090402,6,0,ACTIVE,Dataset A distribution; outcome-blind,"{""activity_sector_excess_return_3d"": -1.3650675253893185, ""activity_sector_excess_return_5d"": -1.8270934023111836, ""activity_top120_count"": 1.0, ""activity_rank_improving_count"": 0.0, ""activity_volume_expansion_breadth"": 13.752488387524883, ""activity_institution_buy_breadth"": 47.72256728778468, ""activity_leader_strength"": 11.10260225217341}"
2026-07-15,DIVERSIFIED_OTHER,-0.7511481080838656,-0.9982152381250775,5,0,18.64406779661017,55.55555555555556,14.975845410628018,7,1,ACTIVE,Dataset A distribution; outcome-blind,"{""activity_sector_excess_return_3d"": -1.3650675253893185, ""activity_sector_excess_return_5d"": -1.8270934023111836, ""activity_top120_count"": 1.0, ""activity_rank_improving_count"": 0.0, ""activity_volume_expansion_breadth"": 13.752488387524883, ""activity_institution_buy_breadth"": 47.72256728778468, ""activity_leader_strength"": 11.10260225217341}"
2026-07-16,DIVERSIFIED_OTHER,-0.5386892878265881,-0.8596283062707766,4,2,11.864406779661017,38.88888888888889,19.377990430622006,5,2,ACTIVE,Dataset A distribution; outcome-blind,"{""activity_sector_excess_return_3d"": -1.3650675253893185, ""activity_sector_excess_return_5d"": -1.8270934023111836, ""activity_top120_count"": 1.0, ""activity_rank_improving_count"": 0.0, ""activity_volume_expansion_breadth"": 13.752488387524883, ""activity_institution_buy_breadth"": 47.72256728778468, ""activity_leader_strength"": 11.10260225217341}"
2026-07-17,DIVERSIFIED_OTHER,3.1700717808500203,3.9736296717920556,2,1,25.423728813559322,47.22222222222222,17.66109785202863,6,4,HIGH_ACTIVITY,Dataset A distribution; outcome-blind,"{""activity_sector_excess_return_3d"": -1.3650675253893185, ""activity_sector_excess_return_5d"": -1.8270934023111836, ""activity_top120_count"": 1.0, ""activity_rank_improving_count"": 0.0, ""activity_volume_expansion_breadth"": 13.752488387524883, ""activity_institution_buy_breadth"": 47.72256728778468, ""activity_leader_strength"": 11.10260225217341}"
2026-07-20,DIVERSIFIED_OTHER,4.7651631781914565,4.560218260796223,3,3,23.728813559322035,61.111111111111114,17.966903073286055,7,6,HIGH_ACTIVITY,Dataset A distribution; outcome-blind,"{""activity_sector_excess_return_3d"": -1.3650675253893185, ""activity_sector_excess_return_5d"": -1.8270934023111836, ""activity_top120_count"": 1.0, ""activity_rank_improving_count"": 0.0, ""activity_volume_expansion_breadth"": 13.752488387524883, ""activity_institution_buy_breadth"": 47.72256728778468, ""activity_leader_strength"": 11.10260225217341}"
2026-07-21,DIVERSIFIED_OTHER,1.903425153868732,0.6527839180318629,2,2,6.779661016949152,36.11111111111111,10.000000000000009,4,2,ACTIVE,Dataset A distribution; outcome-blind,"{""activity_sector_excess_return_3d"": -1.3650675253893185, ""activity_sector_excess_return_5d"": -1.8270934023111836, ""activity_top120_count"": 1.0, ""activity_rank_improving_count"": 0.0, ""activity_volume_expansion_breadth"": 13.752488387524883, ""activity_institution_buy_breadth"": 47.72256728778468, ""activity_leader_strength"": 11.10260225217341}"
2026-07-22,DIVERSIFIED_OTHER,-4.885675696891944,0.206547703040888,2,2,5.084745762711865,30.555555555555557,6.0924369747899165,3,1,ACTIVE,Dataset A distribution; outcome-blind,"{""activity_sector_excess_return_3d"": -1.3650675253893185, ""activity_sector_excess_return_5d"": -1.8270934023111836, ""activity_top120_count"": 1.0, ""activity_rank_improving_count"": 0.0, ""activity_volume_expansion_breadth"": 13.752488387524883, ""activity_institution_buy_breadth"": 47.72256728778468, ""activity_leader_strength"": 11.10260225217341}"
2026-07-23,DIVERSIFIED_OTHER,-4.581096245446314,0.25796278184867516,1,1,8.47457627118644,47.22222222222222,4.444444444444429,3,1,ACTIVE,Dataset A distribution; outcome-blind,"{""activity_sector_excess_return_3d"": -1.3650675253893185, ""activity_sector_excess_return_5d"": -1.8270934023111836, ""activity_top120_count"": 1.0, ""activity_rank_improving_count"": 0.0, ""activity_volume_expansion_breadth"": 13.752488387524883, ""activity_institution_buy_breadth"": 47.72256728778468, ""activity_leader_strength"": 11.10260225217341}"
2026-07-24,DIVERSIFIED_OTHER,0.6445367123876999,-2.582771278088414,2,0,10.16949152542373,33.33333333333333,18.567103935418782,4,0,ACTIVE,Dataset A distribution; outcome-blind,"{""activity_sector_excess_return_3d"": -1.3650675253893185, ""activity_sector_excess_return_5d"": -1.8270934023111836, ""activity_top120_count"": 1.0, ""activity_rank_improving_count"": 0.0, ""activity_volume_expansion_breadth"": 13.752488387524883, ""activity_institution_buy_breadth"": 47.72256728778468, ""activity_leader_strength"": 11.10260225217341}"
2026-05-28,ELECTRICAL_CABLE,0.3805675702579836,-3.2796195473940415,0,0,40.0,31.25,15.355805243445708,4,1,ACTIVE,Dataset A distribution; outcome-blind,"{""activity_sector_excess_return_3d"": -1.3650675253893185, ""activity_sector_excess_return_5d"": -1.8270934023111836, ""activity_top120_count"": 1.0, ""activity_rank_improving_count"": 0.0, ""activity_volume_expansion_breadth"": 13.752488387524883, ""activity_institution_buy_breadth"": 47.72256728778468, ""activity_leader_strength"": 11.10260225217341}"
2026-05-29,ELECTRICAL_CABLE,-1.0885856197025867,-1.373937479754117,0,0,60.0,56.25,15.714285714285703,6,1,ACTIVE,Dataset A distribution; outcome-blind,"{""activity_sector_excess_return_3d"": -1.3650675253893185, ""activity_sector_excess_return_5d"": -1.8270934023111836, ""activity_top120_count"": 1.0, ""activity_rank_improving_count"": 0.0, ""activity_volume_expansion_breadth"": 13.752488387524883, ""activity_institution_buy_breadth"": 47.72256728778468, ""activity_leader_strength"": 11.10260225217341}"
2026-06-01,ELECTRICAL_CABLE,0.08705608836303558,0.5648807171543258,0,0,45.0,68.75,19.78221415607986,6,2,ACTIVE,Dataset A distribution; outcome-blind,"{""activity_sector_excess_return_3d"": -1.3650675253893185, ""activity_sector_excess_return_5d"": -1.8270934023111836, ""activity_top120_count"": 1.0, ""activity_rank_improving_count"": 0.0, ""activity_volume_expansion_breadth"": 13.752488387524883, ""activity_institution_buy_breadth"": 47.72256728778468, ""activity_leader_strength"": 11.10260225217341}"
2026-06-02,ELECTRICAL_CABLE,-1.0688533449988658,-2.5398343216504027,0,0,25.0,50.0,11.347517730496449,5,1,ACTIVE,Dataset A distribution; outcome-blind,"{""activity_sector_excess_return_3d"": -1.3650675253893185, ""activity_sector_excess_return_5d"": -1.8270934023111836, ""activity_top120_count"": 1.0, ""activity_rank_improving_count"": 0.0, ""activity_volume_expansion_breadth"": 13.752488387524883, ""activity_institution_buy_breadth"": 47.72256728778468, ""activity_leader_strength"": 11.10260225217341}"
2026-06-03,ELECTRICAL_CABLE,3.389823882936949,3.5447884979708526,6,0,70.0,68.75,17.087667161961374,7,5,HIGH_ACTIVITY,Dataset A distribution; outcome-blind,"{""activity_sector_excess_return_3d"": -1.3650675253893185, ""activity_sector_excess_return_5d"": -1.8270934023111836, ""activity_top120_count"": 1.0, ""activity_rank_improving_count"": 0.0, ""activity_volume_expansion_breadth"": 13.752488387524883, ""activity_institution_buy_breadth"": 47.72256728778468, ""activity_leader_strength"": 11.10260225217341}"
2026-06-04,ELECTRICAL_CABLE,5.003666490748004,5.13698985561737,1,0,65.0,25.0,22.703639514731357,6,3,ACTIVE,Dataset A distribution; outcome-blind,"{""activity_sector_excess_return_3d"": -1.3650675253893185, ""activity_sector_excess_return_5d"": -1.8270934023111836, ""activity_top120_count"": 1.0, ""activity_rank_improving_count"": 0.0, ""activity_volume_expansion_breadth"": 13.752488387524883, ""activity_institution_buy_breadth"": 47.72256728778468, ""activity_leader_strength"": 11.10260225217341}"
2026-06-05,ELECTRICAL_CABLE,2.0511960175698563,1.6917118027492073,0,0,45.0,31.25,6.737588652482285,4,3,ACTIVE,Dataset A distribution; outcome-blind,"{""activity_sector_excess_return_3d"": -1.3650675253893185, ""activity_sector_excess_return_5d"": -1.8270934023111836, ""activity_top120_count"": 1.0, ""activity_rank_improving_count"": 0.0, ""activity_volume_expansion_breadth"": 13.752488387524883, ""activity_institution_buy_breadth"": 47.72256728778468, ""activity_leader_strength"": 11.10260225217341}"
2026-06-08,ELECTRICAL_CABLE,-2.0494714456702816,0.4132218655863049,0,0,10.0,56.25,1.822323462414599,3,0,ACTIVE,Dataset A distribution; outcome-blind,"{""activity_sector_excess_return_3d"": -1.3650675253893185, ""activity_sector_excess_return_5d"": -1.8270934023111836, ""activity_top120_count"": 1.0, ""activity_rank_improving_count"": 0.0, ""activity_volume_expansion_breadth"": 13.752488387524883, ""activity_institution_buy_breadth"": 47.72256728778468, ""activity_leader_strength"": 11.10260225217341}"
2026-06-09,ELECTRICAL_CABLE,-4.512884503978431,0.9176811957691489,7,0,5.0,18.75,5.647058823529405,3,1,ACTIVE,Dataset A distribution; outcome-blind,"{""activity_sector_excess_return_3d"": -1.3650675253893185, ""activity_sector_excess_return_5d"": -1.8270934023111836, ""activity_top120_count"": 1.0, ""activity_rank_improving_count"": 0.0, ""activity_volume_expansion_breadth"": 13.752488387524883, ""activity_institution_buy_breadth"": 47.72256728778468, ""activity_leader_strength"": 11.10260225217341}"
2026-06-10,ELECTRICAL_CABLE,-1.5746829998399985,-2.1803593200210303,0,0,10.0,43.75,-2.2630834512022746,1,0,LOW_ACTIVITY,Dataset A distribution; outcome-blind,"{""activity_sector_excess_return_3d"": -1.3650675253893185, ""activity_sector_excess_return_5d"": -1.8270934023111836, ""activity_top120_count"": 1.0, ""activity_rank_improving_count"": 0.0, ""activity_volume_expansion_breadth"": 13.752488387524883, ""activity_institution_buy_breadth"": 47.72256728778468, ""activity_leader_strength"": 11.10260225217341}"
2026-06-11,ELECTRICAL_CABLE,-1.0718532877731946,-6.424357558274752,0,0,10.0,31.25,-2.4285714285714355,2,0,LOW_ACTIVITY,Dataset A distribution; outcome-blind,"{""activity_sector_excess_return_3d"": -1.3650675253893185, ""activity_sector_excess_return_5d"": -1.8270934023111836, ""activity_top120_count"": 1.0, ""activity_rank_improving_count"": 0.0, ""activity_volume_expansion_breadth"": 13.752488387524883, ""activity_institution_buy_breadth"": 47.72256728778468, ""activity_leader_strength"": 11.10260225217341}"
2026-06-12,ELECTRICAL_CABLE,-0.07405826280966754,-2.4279509968247845,3,0,5.0,75.0,2.1791767554479424,4,2,ACTIVE,Dataset A distribution; outcome-blind,"{""activity_sector_excess_return_3d"": -1.3650675253893185, ""activity_sector_excess_return_5d"": -1.8270934023111836, ""activity_top120_count"": 1.0, ""activity_rank_improving_count"": 0.0, ""activity_volume_expansion_breadth"": 13.752488387524883, ""activity_institution_buy_breadth"": 47.72256728778468, ""activity_leader_strength"": 11.10260225217341}"
2026-06-15,ELECTRICAL_CABLE,-3.4657211646994424,-3.375187400490476,1,0,10.0,75.0,11.73184357541901,4,1,ACTIVE,Dataset A distribution; outcome-blind,"{""activity_sector_excess_return_3d"": -1.3650675253893185, ""activity_sector_excess_return_5d"": -1.8270934023111836, ""activity_top120_count"": 1.0, ""activity_rank_improving_count"": 0.0, ""activity_volume_expansion_breadth"": 13.752488387524883, ""activity_institution_buy_breadth"": 47.72256728778468, ""activity_leader_strength"": 11.10260225217341}"
2026-06-16,ELECTRICAL_CABLE,-4.399081428605378,-3.793469896415458,0,0,0.0,25.0,7.260273972602738,1,0,LOW_ACTIVITY,Dataset A distribution; outcome-blind,"{""activity_sector_excess_return_3d"": -1.3650675253893185, ""activity_sector_excess_return_5d"": -1.8270934023111836, ""activity_top120_count"": 1.0, ""activity_rank_improving_count"": 0.0, ""activity_volume_expansion_breadth"": 13.752488387524883, ""activity_institution_buy_breadth"": 47.72256728778468, ""activity_leader_strength"": 11.10260225217341}"
2026-06-17,ELECTRICAL_CABLE,-3.4035634456504926,-4.8573500386197015,0,0,0.0,50.0,11.206896551724155,3,0,ACTIVE,Dataset A distribution; outcome-blind,"{""activity_sector_excess_return_3d"": -1.3650675253893185, ""activity_sector_excess_return_5d"": -1.8270934023111836, ""activity_top120_count"": 1.0, ""activity_rank_improving_count"": 0.0, ""activity_volume_expansion_breadth"": 13.752488387524883, ""activity_institution_buy_breadth"": 47.72256728778468, ""activity_leader_strength"": 11.10260225217341}"
2026-06-18,ELECTRICAL_CABLE,-2.9401002292051723,-4.4277190738056245,0,0,5.0,50.0,13.702623906705558,3,0,ACTIVE,Dataset A distribution; outcome-blind,"{""activity_sector_excess_return_3d"": -1.3650675253893185, ""activity_sector_excess_return_5d"": -1.8270934023111836, ""activity_top120_count"": 1.0, ""activity_rank_improving_count"": 0.0, ""activity_volume_expansion_breadth"": 13.752488387524883, ""activity_institution_buy_breadth"": 47.72256728778468, ""activity_leader_strength"": 11.10260225217341}"
2026-06-22,ELECTRICAL_CABLE,-2.749125612635561,-6.195943027215945,0,0,10.0,81.25,9.982788296041312,2,1,LOW_ACTIVITY,Dataset A distribution; outcome-blind,"{""activity_sector_excess_return_3d"": -1.3650675253893185, ""activity_sector_excess_return_5d"": -1.8270934023111836, ""activity_top120_count"": 1.0, ""activity_rank_improving_count"": 0.0, ""activity_volume_expansion_breadth"": 13.752488387524883, ""activity_institution_buy_breadth"": 47.72256728778468, ""activity_leader_strength"": 11.10260225217341}"
2026-06-23,ELECTRICAL_CABLE,-3.220271964319321,-5.594269429291387,0,0,5.0,18.75,7.058823529411762,1,0,LOW_ACTIVITY,Dataset A distribution; outcome-blind,"{""activity_sector_excess_return_3d"": -1.3650675253893185, ""activity_sector_excess_return_5d"": -1.8270934023111836, ""activity_top120_count"": 1.0, ""activity_rank_improving_count"": 0.0, ""activity_volume_expansion_breadth"": 13.752488387524883, ""activity_institution_buy_breadth"": 47.72256728778468, ""activity_leader_strength"": 11.10260225217341}"
2026-06-24,ELECTRICAL_CABLE,0.06563211635183253,-0.6966810627406228,0,0,5.0,50.0,9.792284866468837,4,0,ACTIVE,Dataset A distribution; outcome-blind,"{""activity_sector_excess_return_3d"": -1.3650675253893185, ""activity_sector_excess_return_5d"": -1.8270934023111836, ""activity_top120_count"": 1.0, ""activity_rank_improving_count"": 0.0, ""activity_volume_expansion_breadth"": 13.752488387524883, ""activity_institution_buy_breadth"": 47.72256728778468, ""activity_leader_strength"": 11.10260225217341}"
2026-06-25,ELECTRICAL_CABLE,1.299056951594163,-1.3836610087891277,1,0,0.0,31.25,7.558139534883712,4,1,ACTIVE,Dataset A distribution; outcome-blind,"{""activity_sector_excess_return_3d"": -1.3650675253893185, ""activity_sector_excess_return_5d"": -1.8270934023111836, ""activity_top120_count"": 1.0, ""activity_rank_improving_count"": 0.0, ""activity_volume_expansion_breadth"": 13.752488387524883, ""activity_institution_buy_breadth"": 47.72256728778468, ""activity_leader_strength"": 11.10260225217341}"
2026-06-26,ELECTRICAL_CABLE,1.3329098514075435,-0.7157062277651782,0,0,5.0,12.5,-0.5665722379603388,3,1,ACTIVE,Dataset A distribution; outcome-blind,"{""activity_sector_excess_return_3d"": -1.3650675253893185, ""activity_sector_excess_return_5d"": -1.8270934023111836, ""activity_top120_count"": 1.0, ""activity_rank_improving_count"": 0.0, ""activity_volume_expansion_breadth"": 13.752488387524883, ""activity_institution_buy_breadth"": 47.72256728778468, ""activity_leader_strength"": 11.10260225217341}"
2026-06-29,ELECTRICAL_CABLE,-1.3778686018523447,1.2888751764450301,0,0,0.0,50.0,-0.6741573033707815,3,1,ACTIVE,Dataset A distribution; outcome-blind,"{""activity_sector_excess_return_3d"": -1.3650675253893185, ""activity_sector_excess_return_5d"": -1.8270934023111836, ""activity_top120_count"": 1.0, ""activity_rank_improving_count"": 0.0, ""activity_volume_expansion_breadth"": 13.752488387524883, ""activity_institution_buy_breadth"": 47.72256728778468, ""activity_leader_strength"": 11.10260225217341}"
2026-06-30,ELECTRICAL_CABLE,-0.6609563886934455,0.6109387068645222,0,0,15.0,62.5,4.4117647058823595,5,1,ACTIVE,Dataset A distribution; outcome-blind,"{""activity_sector_excess_return_3d"": -1.3650675253893185, ""activity_sector_excess_return_5d"": -1.8270934023111836, ""activity_top120_count"": 1.0, ""activity_rank_improving_count"": 0.0, ""activity_volume_expansion_breadth"": 13.752488387524883, ""activity_institution_buy_breadth"": 47.72256728778468, ""activity_leader_strength"": 11.10260225217341}"
2026-07-01,ELECTRICAL_CABLE,-3.493465193743839,-3.87025530256167,0,0,30.0,56.25,3.4759358288770192,3,1,ACTIVE,Dataset A distribution; outcome-blind,"{""activity_sector_excess_return_3d"": -1.3650675253893185, ""activity_sector_excess_return_5d"": -1.8270934023111836, ""activity_top120_count"": 1.0, ""activity_rank_improving_count"": 0.0, ""activity_volume_expansion_breadth"": 13.752488387524883, ""activity_institution_buy_breadth"": 47.72256728778468, ""activity_leader_strength"": 11.10260225217341}"
2026-07-02,ELECTRICAL_CABLE,-3.1975408746802603,-1.8729121758201739,1,0,15.0,25.0,5.853658536585371,3,0,ACTIVE,Dataset A distribution; outcome-blind,"{""activity_sector_excess_return_3d"": -1.3650675253893185, ""activity_sector_excess_return_5d"": -1.8270934023111836, ""activity_top120_count"": 1.0, ""activity_rank_improving_count"": 0.0, ""activity_volume_expansion_breadth"": 13.752488387524883, ""activity_institution_buy_breadth"": 47.72256728778468, ""activity_leader_strength"": 11.10260225217341}"
2026-07-03,ELECTRICAL_CABLE,-1.2556051981072347,-1.8387975122886369,0,0,20.0,75.0,12.747875354107641,5,1,ACTIVE,Dataset A distribution; outcome-blind,"{""activity_sector_excess_return_3d"": -1.3650675253893185, ""activity_sector_excess_return_5d"": -1.8270934023111836, ""activity_top120_count"": 1.0, ""activity_rank_improving_count"": 0.0, ""activity_volume_expansion_breadth"": 13.752488387524883, ""activity_institution_buy_breadth"": 47.72256728778468, ""activity_leader_strength"": 11.10260225217341}"
2026-07-06,ELECTRICAL_CABLE,3.4773093643484576,0.7495639678594124,0,0,20.0,68.75,18.72455902306649,6,2,ACTIVE,Dataset A distribution; outcome-blind,"{""activity_sector_excess_return_3d"": -1.3650675253893185, ""activity_sector_excess_return_5d"": -1.8270934023111836, ""activity_top120_count"": 1.0, ""activity_rank_improving_count"": 0.0, ""activity_volume_expansion_breadth"": 13.752488387524883, ""activity_institution_buy_breadth"": 47.72256728778468, ""activity_leader_strength"": 11.10260225217341}"
2026-07-07,ELECTRICAL_CABLE,2.56110115165622,0.29210566682599803,0,0,25.0,18.75,10.394736842105278,4,2,ACTIVE,Dataset A distribution; outcome-blind,"{""activity_sector_excess_return_3d"": -1.3650675253893185, ""activity_sector_excess_return_5d"": -1.8270934023111836, ""activity_top120_count"": 1.0, ""activity_rank_improving_count"": 0.0, ""activity_volume_expansion_breadth"": 13.752488387524883, ""activity_institution_buy_breadth"": 47.72256728778468, ""activity_leader_strength"": 11.10260225217341}"
2026-07-08,ELECTRICAL_CABLE,0.2375482147492003,1.724362028006271,0,0,10.0,12.5,8.450704225352123,3,1,ACTIVE,Dataset A distribution; outcome-blind,"{""activity_sector_excess_return_3d"": -1.3650675253893185, ""activity_sector_excess_return_5d"": -1.8270934023111836, ""activity_top120_count"": 1.0, ""activity_rank_improving_count"": 0.0, ""activity_volume_expansion_breadth"": 13.752488387524883, ""activity_institution_buy_breadth"": 47.72256728778468, ""activity_leader_strength"": 11.10260225217341}"
2026-07-09,ELECTRICAL_CABLE,-1.7099677868572911,1.0246716349466611,1,0,15.0,18.75,7.345971563981046,4,0,ACTIVE,Dataset A distribution; outcome-blind,"{""activity_sector_excess_return_3d"": -1.3650675253893185, ""activity_sector_excess_return_5d"": -1.8270934023111836, ""activity_top120_count"": 1.0, ""activity_rank_improving_count"": 0.0, ""activity_volume_expansion_breadth"": 13.752488387524883, ""activity_institution_buy_breadth"": 47.72256728778468, ""activity_leader_strength"": 11.10260225217341}"
2026-07-13,ELECTRICAL_CABLE,-2.8274760202819773,0.11846135722987094,2,0,20.0,37.5,8.177570093457941,4,0,ACTIVE,Dataset A distribution; outcome-blind,"{""activity_sector_excess_return_3d"": -1.3650675253893185, ""activity_sector_excess_return_5d"": -1.8270934023111836, ""activity_top120_count"": 1.0, ""activity_rank_improving_count"": 0.0, ""activity_volume_expansion_breadth"": 13.752488387524883, ""activity_institution_buy_breadth"": 47.72256728778468, ""activity_leader_strength"": 11.10260225217341}"
2026-07-14,ELECTRICAL_CABLE,-3.1602335254949656,-6.188899696949983,0,0,30.0,25.0,3.4028540065861757,2,1,LOW_ACTIVITY,Dataset A distribution; outcome-blind,"{""activity_sector_excess_return_3d"": -1.3650675253893185, ""activity_sector_excess_return_5d"": -1.8270934023111836, ""activity_top120_count"": 1.0, ""activity_rank_improving_count"": 0.0, ""activity_volume_expansion_breadth"": 13.752488387524883, ""activity_institution_buy_breadth"": 47.72256728778468, ""activity_leader_strength"": 11.10260225217341}"
2026-07-15,ELECTRICAL_CABLE,-1.7315109986279997,-5.351865236661369,0,0,5.0,68.75,2.9540481400437413,2,1,LOW_ACTIVITY,Dataset A distribution; outcome-blind,"{""activity_sector_excess_return_3d"": -1.3650675253893185, ""activity_sector_excess_return_5d"": -1.8270934023111836, ""activity_top120_count"": 1.0, ""activity_rank_improving_count"": 0.0, ""activity_volume_expansion_breadth"": 13.752488387524883, ""activity_institution_buy_breadth"": 47.72256728778468, ""activity_leader_strength"": 11.10260225217341}"
2026-07-16,ELECTRICAL_CABLE,-2.6886590626992115,-4.609689644984593,1,0,10.0,18.75,6.161137440758302,2,0,LOW_ACTIVITY,Dataset A distribution; outcome-blind,"{""activity_sector_excess_return_3d"": -1.3650675253893185, ""activity_sector_excess_return_5d"": -1.8270934023111836, ""activity_top120_count"": 1.0, ""activity_rank_improving_count"": 0.0, ""activity_volume_expansion_breadth"": 13.752488387524883, ""activity_institution_buy_breadth"": 47.72256728778468, ""activity_leader_strength"": 11.10260225217341}"
2026-07-17,ELECTRICAL_CABLE,1.2882822129257567,0.007820060020051756,1,0,25.0,18.75,2.511773940345363,5,2,ACTIVE,Dataset A distribution; outcome-blind,"{""activity_sector_excess_return_3d"": -1.3650675253893185, ""activity_sector_excess_return_5d"": -1.8270934023111836, ""activity_top120_count"": 1.0, ""activity_rank_improving_count"": 0.0, ""activity_volume_expansion_breadth"": 13.752488387524883, ""activity_institution_buy_breadth"": 47.72256728778468, ""activity_leader_strength"": 11.10260225217341}"
2026-07-20,ELECTRICAL_CABLE,0.9519447501574021,0.1568511762574829,0,0,10.0,50.0,0.9302325581395321,4,0,ACTIVE,Dataset A distribution; outcome-blind,"{""activity_sector_excess_return_3d"": -1.3650675253893185, ""activity_sector_excess_return_5d"": -1.8270934023111836, ""activity_top120_count"": 1.0, ""activity_rank_improving_count"": 0.0, ""activity_volume_expansion_breadth"": 13.752488387524883, ""activity_institution_buy_breadth"": 47.72256728778468, ""activity_leader_strength"": 11.10260225217341}"
2026-07-21,ELECTRICAL_CABLE,0.3437923213483516,-0.5771935098324854,1,0,10.0,56.25,2.34375,5,0,ACTIVE,Dataset A distribution; outcome-blind,"{""activity_sector_excess_return_3d"": -1.3650675253893185, ""activity_sector_excess_return_5d"": -1.8270934023111836, ""activity_top120_count"": 1.0, ""activity_rank_improving_count"": 0.0, ""activity_volume_expansion_breadth"": 13.752488387524883, ""activity_institution_buy_breadth"": 47.72256728778468, ""activity_leader_strength"": 11.10260225217341}"
2026-07-22,ELECTRICAL_CABLE,-3.5979654041489617,-2.2877813284730317,0,0,0.0,31.25,1.558441558441559,1,0,LOW_ACTIVITY,Dataset A distribution; outcome-blind,"{""activity_sector_excess_return_3d"": -1.3650675253893185, ""activity_sector_excess_return_5d"": -1.8270934023111836, ""activity_top120_count"": 1.0, ""activity_rank_improving_count"": 0.0, ""activity_volume_expansion_breadth"": 13.752488387524883, ""activity_institution_buy_breadth"": 47.72256728778468, ""activity_leader_strength"": 11.10260225217341}"
2026-07-23,ELECTRICAL_CABLE,-4.366436353367065,-1.944033490382929,0,0,0.0,37.5,2.026049204052094,1,0,LOW_ACTIVITY,Dataset A distribution; outcome-blind,"{""activity_sector_excess_return_3d"": -1.3650675253893185, ""activity_sector_excess_return_5d"": -1.8270934023111836, ""activity_top120_count"": 1.0, ""activity_rank_improving_count"": 0.0, ""activity_volume_expansion_breadth"": 13.752488387524883, ""activity_institution_buy_breadth"": 47.72256728778468, ""activity_leader_strength"": 11.10260225217341}"
2026-07-24,ELECTRICAL_CABLE,0.24649730772577372,-2.304993500310637,0,0,0.0,31.25,6.412213740458017,2,0,LOW_ACTIVITY,Dataset A distribution; outcome-blind,"{""activity_sector_excess_return_3d"": -1.3650675253893185, ""activity_sector_excess_return_5d"": -1.8270934023111836, ""activity_top120_count"": 1.0, ""activity_rank_improving_count"": 0.0, ""activity_volume_expansion_breadth"": 13.752488387524883, ""activity_institution_buy_breadth"": 47.72256728778468, ""activity_leader_strength"": 11.10260225217341}"
2026-05-28,ELECTRICAL_MACHINERY,0.018238307778317697,-4.431778343513315,2,0,41.37931034482759,56.36363636363636,44.99121265377857,6,2,ACTIVE,Dataset A distribution; outcome-blind,"{""activity_sector_excess_return_3d"": -1.3650675253893185, ""activity_sector_excess_return_5d"": -1.8270934023111836, ""activity_top120_count"": 1.0, ""activity_rank_improving_count"": 0.0, ""activity_volume_expansion_breadth"": 13.752488387524883, ""activity_institution_buy_breadth"": 47.72256728778468, ""activity_leader_strength"": 11.10260225217341}"
2026-05-29,ELECTRICAL_MACHINERY,-2.719760095798718,-5.548411274017662,7,0,31.03448275862069,49.09090909090909,56.11015490533562,5,3,ACTIVE,Dataset A distribution; outcome-blind,"{""activity_sector_excess_return_3d"": -1.3650675253893185, ""activity_sector_excess_return_5d"": -1.8270934023111836, ""activity_top120_count"": 1.0, ""activity_rank_improving_count"": 0.0, ""activity_volume_expansion_breadth"": 13.752488387524883, ""activity_institution_buy_breadth"": 47.72256728778468, ""activity_leader_strength"": 11.10260225217341}"
2026-06-01,ELECTRICAL_MACHINERY,-0.054520914342304216,-1.8658057694575958,10,0,53.44827586206896,74.54545454545455,55.868544600938954,6,4,HIGH_ACTIVITY,Dataset A distribution; outcome-blind,"{""activity_sector_excess_return_3d"": -1.3650675253893185, ""activity_sector_excess_return_5d"": -1.8270934023111836, ""activity_top120_count"": 1.0, ""activity_rank_improving_count"": 0.0, ""activity_volume_expansion_breadth"": 13.752488387524883, ""activity_institution_buy_breadth"": 47.72256728778468, ""activity_leader_strength"": 11.10260225217341}"
2026-06-02,ELECTRICAL_MACHINERY,-3.380304832933134,-3.1634097397231553,2,1,34.48275862068966,36.36363636363637,37.891737891737876,4,3,ACTIVE,Dataset A distribution; outcome-blind,"{""activity_sector_excess_return_3d"": -1.3650675253893185, ""activity_sector_excess_return_5d"": -1.8270934023111836, ""activity_top120_count"": 1.0, ""activity_rank_improving_count"": 0.0, ""activity_volume_expansion_breadth"": 13.752488387524883, ""activity_institution_buy_breadth"": 47.72256728778468, ""activity_leader_strength"": 11.10260225217341}"
2026-06-03,ELECTRICAL_MACHINERY,-2.9985563922652503,-1.9928856006502293,3,2,32.758620689655174,69.0909090909091,23.466666666666658,5,5,HIGH_ACTIVITY,Dataset A distribution; outcome-blind,"{""activity_sector_excess_return_3d"": -1.3650675253893185, ""activity_sector_excess_return_5d"": -1.8270934023111836, ""activity_top120_count"": 1.0, ""activity_rank_improving_count"": 0.0, ""activity_volume_expansion_breadth"": 13.752488387524883, ""activity_institution_buy_breadth"": 47.72256728778468, ""activity_leader_strength"": 11.10260225217341}"
2026-06-04,ELECTRICAL_MACHINERY,-0.18473235010870726,-2.1844002675035834,14,11,39.6551724137931,56.36363636363636,22.708039492242584,6,3,ACTIVE,Dataset A distribution; outcome-blind,"{""activity_sector_excess_return_3d"": -1.3650675253893185, ""activity_sector_excess_return_5d"": -1.8270934023111836, ""activity_top120_count"": 1.0, ""activity_rank_improving_count"": 0.0, ""activity_volume_expansion_breadth"": 13.752488387524883, ""activity_institution_buy_breadth"": 47.72256728778468, ""activity_leader_strength"": 11.10260225217341}"
2026-06-05,ELECTRICAL_MACHINERY,1.1355351303904193,0.6610255655217889,4,2,27.586206896551722,34.54545454545455,24.734607218683657,6,5,HIGH_ACTIVITY,Dataset A distribution; outcome-blind,"{""activity_sector_excess_return_3d"": -1.3650675253893185, ""activity_sector_excess_return_5d"": -1.8270934023111836, ""activity_top120_count"": 1.0, ""activity_rank_improving_count"": 0.0, ""activity_volume_expansion_breadth"": 13.752488387524883, ""activity_institution_buy_breadth"": 47.72256728778468, ""activity_leader_strength"": 11.10260225217341}"
2026-06-08,ELECTRICAL_MACHINERY,2.7717552401434746,0.31011149620344636,13,0,27.586206896551722,52.72727272727272,29.815303430079165,7,4,HIGH_ACTIVITY,Dataset A distribution; outcome-blind,"{""activity_sector_excess_return_3d"": -1.3650675253893185, ""activity_sector_excess_return_5d"": -1.8270934023111836, ""activity_top120_count"": 1.0, ""activity_rank_improving_count"": 0.0, ""activity_volume_expansion_breadth"": 13.752488387524883, ""activity_institution_buy_breadth"": 47.72256728778468, ""activity_leader_strength"": 11.10260225217341}"
2026-06-09,ELECTRICAL_MACHINERY,-1.8020529035449764,-0.5674788789942098,11,6,13.793103448275861,27.27272727272727,29.120879120879128,5,3,ACTIVE,Dataset A distribution; outcome-blind,"{""activity_sector_excess_return_3d"": -1.3650675253893185, ""activity_sector_excess_return_5d"": -1.8270934023111836, ""activity_top120_count"": 1.0, ""activity_rank_improving_count"": 0.0, ""activity_volume_expansion_breadth"": 13.752488387524883, ""activity_institution_buy_breadth"": 47.72256728778468, ""activity_leader_strength"": 11.10260225217341}"
2026-06-10,ELECTRICAL_MACHINERY,-0.35713606951266463,1.0133057185731706,3,1,15.517241379310345,45.45454545454545,30.22670025188916,6,3,ACTIVE,Dataset A distribution; outcome-blind,"{""activity_sector_excess_return_3d"": -1.3650675253893185, ""activity_sector_excess_return_5d"": -1.8270934023111836, ""activity_top120_count"": 1.0, ""activity_rank_improving_count"": 0.0, ""activity_volume_expansion_breadth"": 13.752488387524883, ""activity_institution_buy_breadth"": 47.72256728778468, ""activity_leader_strength"": 11.10260225217341}"
2026-06-11,ELECTRICAL_MACHINERY,-1.1802883162402522,-0.3190258082562014,1,0,5.172413793103448,50.90909090909091,32.843137254901954,6,1,ACTIVE,Dataset A distribution; outcome-blind,"{""activity_sector_excess_return_3d"": -1.3650675253893185, ""activity_sector_excess_return_5d"": -1.8270934023111836, ""activity_top120_count"": 1.0, ""activity_rank_improving_count"": 0.0, ""activity_volume_expansion_breadth"": 13.752488387524883, ""activity_institution_buy_breadth"": 47.72256728778468, ""activity_leader_strength"": 11.10260225217341}"
2026-06-12,ELECTRICAL_MACHINERY,0.17889476774475277,-1.3996395363023106,6,1,5.172413793103448,49.09090909090909,18.75,6,2,ACTIVE,Dataset A distribution; outcome-blind,"{""activity_sector_excess_return_3d"": -1.3650675253893185, ""activity_sector_excess_return_5d"": -1.8270934023111836, ""activity_top120_count"": 1.0, ""activity_rank_improving_count"": 0.0, ""activity_volume_expansion_breadth"": 13.752488387524883, ""activity_institution_buy_breadth"": 47.72256728778468, ""activity_leader_strength"": 11.10260225217341}"
2026-06-15,ELECTRICAL_MACHINERY,-3.8014965862918304,-3.732807087495016,3,0,5.172413793103448,60.0,19.999999999999996,4,2,ACTIVE,Dataset A distribution; outcome-blind,"{""activity_sector_excess_return_3d"": -1.3650675253893185, ""activity_sector_excess_return_5d"": -1.8270934023111836, ""activity_top120_count"": 1.0, ""activity_rank_improving_count"": 0.0, ""activity_volume_expansion_breadth"": 13.752488387524883, ""activity_institution_buy_breadth"": 47.72256728778468, ""activity_leader_strength"": 11.10260225217341}"
2026-06-16,ELECTRICAL_MACHINERY,-5.408009497440569,-2.8061300433321392,3,0,8.620689655172415,47.27272727272727,19.66666666666668,3,1,ACTIVE,Dataset A distribution; outcome-blind,"{""activity_sector_excess_return_3d"": -1.3650675253893185, ""activity_sector_excess_return_5d"": -1.8270934023111836, ""activity_top120_count"": 1.0, ""activity_rank_improving_count"": 0.0, ""activity_volume_expansion_breadth"": 13.752488387524883, ""activity_institution_buy_breadth"": 47.72256728778468, ""activity_leader_strength"": 11.10260225217341}"
2026-06-17,ELECTRICAL_MACHINERY,-3.521733665837168,-4.875921876629152,10,9,5.172413793103448,41.81818181818181,33.43881856540085,3,3,ACTIVE,Dataset A distribution; outcome-blind,"{""activity_sector_excess_return_3d"": -1.3650675253893185, ""activity_sector_excess_return_5d"": -1.8270934023111836, ""activity_top120_count"": 1.0, ""activity_rank_improving_count"": 0.0, ""activity_volume_expansion_breadth"": 13.752488387524883, ""activity_institution_buy_breadth"": 47.72256728778468, ""activity_leader_strength"": 11.10260225217341}"
2026-06-18,ELECTRICAL_MACHINERY,-1.9969554056772143,-5.749091337890366,5,5,20.689655172413794,47.27272727272727,43.44685242518058,4,3,ACTIVE,Dataset A distribution; outcome-blind,"{""activity_sector_excess_return_3d"": -1.3650675253893185, ""activity_sector_excess_return_5d"": -1.8270934023111836, ""activity_top120_count"": 1.0, ""activity_rank_improving_count"": 0.0, ""activity_volume_expansion_breadth"": 13.752488387524883, ""activity_institution_buy_breadth"": 47.72256728778468, ""activity_leader_strength"": 11.10260225217341}"
2026-06-22,ELECTRICAL_MACHINERY,-3.7400405692850303,-7.1196025868946355,2,2,20.689655172413794,47.27272727272727,43.1924882629108,4,2,ACTIVE,Dataset A distribution; outcome-blind,"{""activity_sector_excess_return_3d"": -1.3650675253893185, ""activity_sector_excess_return_5d"": -1.8270934023111836, ""activity_top120_count"": 1.0, ""activity_rank_improving_count"": 0.0, ""activity_volume_expansion_breadth"": 13.752488387524883, ""activity_institution_buy_breadth"": 47.72256728778468, ""activity_leader_strength"": 11.10260225217341}"
2026-06-23,ELECTRICAL_MACHINERY,-3.3012885342279086,-4.489311509695105,10,6,8.620689655172415,49.09090909090909,32.05128205128205,4,3,ACTIVE,Dataset A distribution; outcome-blind,"{""activity_sector_excess_return_3d"": -1.3650675253893185, ""activity_sector_excess_return_5d"": -1.8270934023111836, ""activity_top120_count"": 1.0, ""activity_rank_improving_count"": 0.0, ""activity_volume_expansion_breadth"": 13.752488387524883, ""activity_institution_buy_breadth"": 47.72256728778468, ""activity_leader_strength"": 11.10260225217341}"
2026-06-24,ELECTRICAL_MACHINERY,0.05753249701527241,-0.8695949078686482,9,6,5.172413793103448,45.45454545454545,35.65217391304347,5,3,ACTIVE,Dataset A distribution; outcome-blind,"{""activity_sector_excess_return_3d"": -1.3650675253893185, ""activity_sector_excess_return_5d"": -1.8270934023111836, ""activity_top120_count"": 1.0, ""activity_rank_improving_count"": 0.0, ""activity_volume_expansion_breadth"": 13.752488387524883, ""activity_institution_buy_breadth"": 47.72256728778468, ""activity_leader_strength"": 11.10260225217341}"
2026-06-25,ELECTRICAL_MACHINERY,1.5895732544660257,-1.80818074482475,6,2,6.896551724137931,49.09090909090909,22.529644268774707,6,3,ACTIVE,Dataset A distribution; outcome-blind,"{""activity_sector_excess_return_3d"": -1.3650675253893185, ""activity_sector_excess_return_5d"": -1.8270934023111836, ""activity_top120_count"": 1.0, ""activity_rank_improving_count"": 0.0, ""activity_volume_expansion_breadth"": 13.752488387524883, ""activity_institution_buy_breadth"": 47.72256728778468, ""activity_leader_strength"": 11.10260225217341}"
2026-06-26,ELECTRICAL_MACHINERY,2.5634566417037212,1.0701092597621145,3,2,12.068965517241379,30.909090909090907,17.76061776061777,5,3,ACTIVE,Dataset A distribution; outcome-blind,"{""activity_sector_excess_return_3d"": -1.3650675253893185, ""activity_sector_excess_return_5d"": -1.8270934023111836, ""activity_top120_count"": 1.0, ""activity_rank_improving_count"": 0.0, ""activity_volume_expansion_breadth"": 13.752488387524883, ""activity_institution_buy_breadth"": 47.72256728778468, ""activity_leader_strength"": 11.10260225217341}"
2026-06-29,ELECTRICAL_MACHINERY,0.6024094824963022,2.5680094909786173,9,8,12.068965517241379,65.45454545454545,14.78102189781023,6,4,HIGH_ACTIVITY,Dataset A distribution; outcome-blind,"{""activity_sector_excess_return_3d"": -1.3650675253893185, ""activity_sector_excess_return_5d"": -1.8270934023111836, ""activity_top120_count"": 1.0, ""activity_rank_improving_count"": 0.0, ""activity_volume_expansion_breadth"": 13.752488387524883, ""activity_institution_buy_breadth"": 47.72256728778468, ""activity_leader_strength"": 11.10260225217341}"
2026-06-30,ELECTRICAL_MACHINERY,-0.13789266259305322,1.3410752091078781,6,4,8.620689655172415,60.0,20.335820895522396,6,4,HIGH_ACTIVITY,Dataset A distribution; outcome-blind,"{""activity_sector_excess_return_3d"": -1.3650675253893185, ""activity_sector_excess_return_5d"": -1.8270934023111836, ""activity_top120_count"": 1.0, ""activity_rank_improving_count"": 0.0, ""activity_volume_expansion_breadth"": 13.752488387524883, ""activity_institution_buy_breadth"": 47.72256728778468, ""activity_leader_strength"": 11.10260225217341}"
2026-07-01,ELECTRICAL_MACHINERY,-3.6874528813649166,-2.927177188156016,5,1,15.517241379310345,61.81818181818181,31.296296296296312,5,4,HIGH_ACTIVITY,Dataset A distribution; outcome-blind,"{""activity_sector_excess_return_3d"": -1.3650675253893185, ""activity_sector_excess_return_5d"": -1.8270934023111836, ""activity_top120_count"": 1.0, ""activity_rank_improving_count"": 0.0, ""activity_volume_expansion_breadth"": 13.752488387524883, ""activity_institution_buy_breadth"": 47.72256728778468, ""activity_leader_strength"": 11.10260225217341}"
2026-07-02,ELECTRICAL_MACHINERY,-0.9058449172791416,0.6097057934600247,8,5,32.758620689655174,50.90909090909091,31.144781144781163,7,4,HIGH_ACTIVITY,Dataset A distribution; outcome-blind,"{""activity_sector_excess_return_3d"": -1.3650675253893185, ""activity_sector_excess_return_5d"": -1.8270934023111836, ""activity_top120_count"": 1.0, ""activity_rank_improving_count"": 0.0, ""activity_volume_expansion_breadth"": 13.752488387524883, ""activity_institution_buy_breadth"": 47.72256728778468, ""activity_leader_strength"": 11.10260225217341}"
2026-07-03,ELECTRICAL_MACHINERY,2.6385735435268565,1.0805334698007814,3,1,36.206896551724135,69.0909090909091,37.704918032786885,7,6,HIGH_ACTIVITY,Dataset A distribution; outcome-blind,"{""activity_sector_excess_return_3d"": -1.3650675253893185, ""activity_sector_excess_return_5d"": -1.8270934023111836, ""activity_top120_count"": 1.0, ""activity_rank_improving_count"": 0.0, ""activity_volume_expansion_breadth"": 13.752488387524883, ""activity_institution_buy_breadth"": 47.72256728778468, ""activity_leader_strength"": 11.10260225217341}"
2026-07-06,ELECTRICAL_MACHINERY,3.826516156929094,2.0375795476551106,2,0,39.6551724137931,49.09090909090909,37.04663212435233,7,4,HIGH_ACTIVITY,Dataset A distribution; outcome-blind,"{""activity_sector_excess_return_3d"": -1.3650675253893185, ""activity_sector_excess_return_5d"": -1.8270934023111836, ""activity_top120_count"": 1.0, ""activity_rank_improving_count"": 0.0, ""activity_volume_expansion_breadth"": 13.752488387524883, ""activity_institution_buy_breadth"": 47.72256728778468, ""activity_leader_strength"": 11.10260225217341}"
2026-07-07,ELECTRICAL_MACHINERY,2.038819211141918,2.60706803491072,4,2,20.689655172413794,32.72727272727273,20.155038759689916,6,4,HIGH_ACTIVITY,Dataset A distribution; outcome-blind,"{""activity_sector_excess_return_3d"": -1.3650675253893185, ""activity_sector_excess_return_5d"": -1.8270934023111836, ""activity_top120_count"": 1.0, ""activity_rank_improving_count"": 0.0, ""activity_volume_expansion_breadth"": 13.752488387524883, ""activity_institution_buy_breadth"": 47.72256728778468, ""activity_leader_strength"": 11.10260225217341}"
2026-07-08,ELECTRICAL_MACHINERY,-0.476494528674948,3.1296108164181824,2,1,8.620689655172415,23.636363636363637,17.06629055007052,5,2,ACTIVE,Dataset A distribution; outcome-blind,"{""activity_sector_excess_return_3d"": -1.3650675253893185, ""activity_sector_excess_return_5d"": -1.8270934023111836, ""activity_top120_count"": 1.0, ""activity_rank_improving_count"": 0.0, ""activity_volume_expansion_breadth"": 13.752488387524883, ""activity_institution_buy_breadth"": 47.72256728778468, ""activity_leader_strength"": 11.10260225217341}"
2026-07-09,ELECTRICAL_MACHINERY,-0.738061193998746,1.9499041901438363,2,1,15.517241379310345,27.27272727272727,16.26506024096386,6,2,ACTIVE,Dataset A distribution; outcome-blind,"{""activity_sector_excess_return_3d"": -1.3650675253893185, ""activity_sector_excess_return_5d"": -1.8270934023111836, ""activity_top120_count"": 1.0, ""activity_rank_improving_count"": 0.0, ""activity_volume_expansion_breadth"": 13.752488387524883, ""activity_institution_buy_breadth"": 47.72256728778468, ""activity_leader_strength"": 11.10260225217341}"
2026-07-13,ELECTRICAL_MACHINERY,-0.18931052326386366,-0.17376062993605945,3,2,20.689655172413794,47.27272727272727,15.068493150684926,6,2,ACTIVE,Dataset A distribution; outcome-blind,"{""activity_sector_excess_return_3d"": -1.3650675253893185, ""activity_sector_excess_return_5d"": -1.8270934023111836, ""activity_top120_count"": 1.0, ""activity_rank_improving_count"": 0.0, ""activity_volume_expansion_breadth"": 13.752488387524883, ""activity_institution_buy_breadth"": 47.72256728778468, ""activity_leader_strength"": 11.10260225217341}"
2026-07-14,ELECTRICAL_MACHINERY,0.7554295905205066,-0.15054289507396312,3,1,44.827586206896555,50.90909090909091,14.225941422594147,7,3,ACTIVE,Dataset A distribution; outcome-blind,"{""activity_sector_excess_return_3d"": -1.3650675253893185, ""activity_sector_excess_return_5d"": -1.8270934023111836, ""activity_top120_count"": 1.0, ""activity_rank_improving_count"": 0.0, ""activity_volume_expansion_breadth"": 13.752488387524883, ""activity_institution_buy_breadth"": 47.72256728778468, ""activity_leader_strength"": 11.10260225217341}"
2026-07-15,ELECTRICAL_MACHINERY,-0.328110887293831,-0.5107425198115023,4,1,31.03448275862069,69.0909090909091,36.63663663663663,7,5,HIGH_ACTIVITY,Dataset A distribution; outcome-blind,"{""activity_sector_excess_return_3d"": -1.3650675253893185, ""activity_sector_excess_return_5d"": -1.8270934023111836, ""activity_top120_count"": 1.0, ""activity_rank_improving_count"": 0.0, ""activity_volume_expansion_breadth"": 13.752488387524883, ""activity_institution_buy_breadth"": 47.72256728778468, ""activity_leader_strength"": 11.10260225217341}"
2026-07-16,ELECTRICAL_MACHINERY,-0.15554752537449978,0.6103315837634571,2,2,24.137931034482758,56.36363636363636,21.42857142857142,7,2,ACTIVE,Dataset A distribution; outcome-blind,"{""activity_sector_excess_return_3d"": -1.3650675253893185, ""activity_sector_excess_return_5d"": -1.8270934023111836, ""activity_top120_count"": 1.0, ""activity_rank_improving_count"": 0.0, ""activity_volume_expansion_breadth"": 13.752488387524883, ""activity_institution_buy_breadth"": 47.72256728778468, ""activity_leader_strength"": 11.10260225217341}"
2026-07-17,ELECTRICAL_MACHINERY,2.3643573644217817,3.309135018306791,3,1,32.758620689655174,41.81818181818181,19.791666666666675,6,5,HIGH_ACTIVITY,Dataset A distribution; outcome-blind,"{""activity_sector_excess_return_3d"": -1.3650675253893185, ""activity_sector_excess_return_5d"": -1.8270934023111836, ""activity_top120_count"": 1.0, ""activity_rank_improving_count"": 0.0, ""activity_volume_expansion_breadth"": 13.752488387524883, ""activity_institution_buy_breadth"": 47.72256728778468, ""activity_leader_strength"": 11.10260225217341}"
2026-07-20,ELECTRICAL_MACHINERY,3.6100699156822404,2.646662571667657,2,1,27.586206896551722,63.63636363636363,22.18309859154932,7,5,HIGH_ACTIVITY,Dataset A distribution; outcome-blind,"{""activity_sector_excess_return_3d"": -1.3650675253893185, ""activity_sector_excess_return_5d"": -1.8270934023111836, ""activity_top120_count"": 1.0, ""activity_rank_improving_count"": 0.0, ""activity_volume_expansion_breadth"": 13.752488387524883, ""activity_institution_buy_breadth"": 47.72256728778468, ""activity_leader_strength"": 11.10260225217341}"
2026-07-21,ELECTRICAL_MACHINERY,1.0467469945285135,0.5492642492947897,3,0,22.413793103448278,49.09090909090909,18.309859154929597,7,3,ACTIVE,Dataset A distribution; outcome-blind,"{""activity_sector_excess_return_3d"": -1.3650675253893185, ""activity_sector_excess_return_5d"": -1.8270934023111836, ""activity_top120_count"": 1.0, ""activity_rank_improving_count"": 0.0, ""activity_volume_expansion_breadth"": 13.752488387524883, ""activity_institution_buy_breadth"": 47.72256728778468, ""activity_leader_strength"": 11.10260225217341}"
2026-07-22,ELECTRICAL_MACHINERY,-4.389934599216005,-1.324341432559084,1,0,20.689655172413794,41.81818181818181,13.636363636363624,5,0,ACTIVE,Dataset A distribution; outcome-blind,"{""activity_sector_excess_return_3d"": -1.3650675253893185, ""activity_sector_excess_return_5d"": -1.8270934023111836, ""activity_top120_count"": 1.0, ""activity_rank_improving_count"": 0.0, ""activity_volume_expansion_breadth"": 13.752488387524883, ""activity_institution_buy_breadth"": 47.72256728778468, ""activity_leader_strength"": 11.10260225217341}"
2026-07-23,ELECTRICAL_MACHINERY,-5.211400422770717,-1.4307333020893322,1,0,15.517241379310345,23.636363636363637,10.485933503836309,4,0,ACTIVE,Dataset A distribution; outcome-blind,"{""activity_sector_excess_return_3d"": -1.3650675253893185, ""activity_sector_excess_return_5d"": -1.8270934023111836, ""activity_top120_count"": 1.0, ""activity_rank_improving_count"": 0.0, ""activity_volume_expansion_breadth"": 13.752488387524883, ""activity_institution_buy_breadth"": 47.72256728778468, ""activity_leader_strength"": 11.10260225217341}"
2026-07-24,ELECTRICAL_MACHINERY,0.37220892876449474,-2.932773375247044,0,0,15.517241379310345,36.36363636363637,17.656765676567645,4,0,ACTIVE,Dataset A distribution; outcome-blind,"{""activity_sector_excess_return_3d"": -1.3650675253893185, ""activity_sector_excess_return_5d"": -1.8270934023111836, ""activity_top120_count"": 1.0, ""activity_rank_improving_count"": 0.0, ""activity_volume_expansion_breadth"": 13.752488387524883, ""activity_institution_buy_breadth"": 47.72256728778468, ""activity_leader_strength"": 11.10260225217341}"
2026-05-28,ENERGY_UTILITY,0.018238307778317697,-5.996725331074748,0,0,14.285714285714285,100.0,2.4249422632794504,4,1,ACTIVE,Dataset A distribution; outcome-blind,"{""activity_sector_excess_return_3d"": -1.3650675253893185, ""activity_sector_excess_return_5d"": -1.8270934023111836, ""activity_top120_count"": 1.0, ""activity_rank_improving_count"": 0.0, ""activity_volume_expansion_breadth"": 13.752488387524883, ""activity_institution_buy_breadth"": 47.72256728778468, ""activity_leader_strength"": 11.10260225217341}"
2026-05-29,ENERGY_UTILITY,-2.602583598699959,-6.003000998058116,0,0,14.285714285714285,71.42857142857143,1.0204081632652962,3,1,ACTIVE,Dataset A distribution; outcome-blind,"{""activity_sector_excess_return_3d"": -1.3650675253893185, ""activity_sector_excess_return_5d"": -1.8270934023111836, ""activity_top120_count"": 1.0, ""activity_rank_improving_count"": 0.0, ""activity_volume_expansion_breadth"": 13.752488387524883, ""activity_institution_buy_breadth"": 47.72256728778468, ""activity_leader_strength"": 11.10260225217341}"
2026-06-01,ENERGY_UTILITY,-1.9012948027583132,-3.500498969287924,0,0,14.285714285714285,85.71428571428571,2.6587887740029403,3,1,ACTIVE,Dataset A distribution; outcome-blind,"{""activity_sector_excess_return_3d"": -1.3650675253893185, ""activity_sector_excess_return_5d"": -1.8270934023111836, ""activity_top120_count"": 1.0, ""activity_rank_improving_count"": 0.0, ""activity_volume_expansion_breadth"": 13.752488387524883, ""activity_institution_buy_breadth"": 47.72256728778468, ""activity_leader_strength"": 11.10260225217341}"
2026-06-02,ENERGY_UTILITY,-3.7135178881767317,-4.152939820340196,0,0,0.0,85.71428571428571,3.0973451327433787,2,1,LOW_ACTIVITY,Dataset A distribution; outcome-blind,"{""activity_sector_excess_return_3d"": -1.3650675253893185, ""activity_sector_excess_return_5d"": -1.8270934023111836, ""activity_top120_count"": 1.0, ""activity_rank_improving_count"": 0.0, ""activity_volume_expansion_breadth"": 13.752488387524883, ""activity_institution_buy_breadth"": 47.72256728778468, ""activity_leader_strength"": 11.10260225217341}"
2026-06-03,ENERGY_UTILITY,-2.302525769191832,-3.893287532162959,0,0,42.857142857142854,100.0,8.513341804320195,3,2,ACTIVE,Dataset A distribution; outcome-blind,"{""activity_sector_excess_return_3d"": -1.3650675253893185, ""activity_sector_excess_return_5d"": -1.8270934023111836, ""activity_top120_count"": 1.0, ""activity_rank_improving_count"": 0.0, ""activity_volume_expansion_breadth"": 13.752488387524883, ""activity_institution_buy_breadth"": 47.72256728778468, ""activity_leader_strength"": 11.10260225217341}"
2026-06-04,ENERGY_UTILITY,0.6873339652800459,-3.4725100375652573,0,0,28.57142857142857,85.71428571428571,8.354755784061707,4,2,ACTIVE,Dataset A distribution; outcome-blind,"{""activity_sector_excess_return_3d"": -1.3650675253893185, ""activity_sector_excess_return_5d"": -1.8270934023111836, ""activity_top120_count"": 1.0, ""activity_rank_improving_count"": 0.0, ""activity_volume_expansion_breadth"": 13.752488387524883, ""activity_institution_buy_breadth"": 47.72256728778468, ""activity_leader_strength"": 11.10260225217341}"
2026-06-05,ENERGY_UTILITY,1.7513610315423978,0.27356420227044875,1,0,28.57142857142857,71.42857142857143,9.583858764186637,6,3,ACTIVE,Dataset A distribution; outcome-blind,"{""activity_sector_excess_return_3d"": -1.3650675253893185, ""activity_sector_excess_return_5d"": -1.8270934023111836, ""activity_top120_count"": 1.0, ""activity_rank_improving_count"": 0.0, ""activity_volume_expansion_breadth"": 13.752488387524883, ""activity_institution_buy_breadth"": 47.72256728778468, ""activity_leader_strength"": 11.10260225217341}"
2026-06-08,ENERGY_UTILITY,5.451541188349284,3.877023781866051,0,0,28.57142857142857,28.57142857142857,5.422446406052961,4,3,ACTIVE,Dataset A distribution; outcome-blind,"{""activity_sector_excess_return_3d"": -1.3650675253893185, ""activity_sector_excess_return_5d"": -1.8270934023111836, ""activity_top120_count"": 1.0, ""activity_rank_improving_count"": 0.0, ""activity_volume_expansion_breadth"": 13.752488387524883, ""activity_institution_buy_breadth"": 47.72256728778468, ""activity_leader_strength"": 11.10260225217341}"
2026-06-09,ENERGY_UTILITY,-0.34767884916683256,1.97401835975074,0,0,28.57142857142857,14.285714285714285,3.811944091486663,4,2,ACTIVE,Dataset A distribution; outcome-blind,"{""activity_sector_excess_return_3d"": -1.3650675253893185, ""activity_sector_excess_return_5d"": -1.8270934023111836, ""activity_top120_count"": 1.0, ""activity_rank_improving_count"": 0.0, ""activity_volume_expansion_breadth"": 13.752488387524883, ""activity_institution_buy_breadth"": 47.72256728778468, ""activity_leader_strength"": 11.10260225217341}"
2026-06-10,ENERGY_UTILITY,3.1967681725542545,5.531563020695418,0,0,0.0,57.14285714285714,0.3412969283276279,4,2,ACTIVE,Dataset A distribution; outcome-blind,"{""activity_sector_excess_return_3d"": -1.3650675253893185, ""activity_sector_excess_return_5d"": -1.8270934023111836, ""activity_top120_count"": 1.0, ""activity_rank_improving_count"": 0.0, ""activity_volume_expansion_breadth"": 13.752488387524883, ""activity_institution_buy_breadth"": 47.72256728778468, ""activity_leader_strength"": 11.10260225217341}"
2026-06-11,ENERGY_UTILITY,0.2745435717476097,3.698300160015877,0,0,14.285714285714285,57.14285714285714,0.3401360544217802,5,1,ACTIVE,Dataset A distribution; outcome-blind,"{""activity_sector_excess_return_3d"": -1.3650675253893185, ""activity_sector_excess_return_5d"": -1.8270934023111836, ""activity_top120_count"": 1.0, ""activity_rank_improving_count"": 0.0, ""activity_volume_expansion_breadth"": 13.752488387524883, ""activity_institution_buy_breadth"": 47.72256728778468, ""activity_leader_strength"": 11.10260225217341}"
2026-06-12,ENERGY_UTILITY,1.8086418662723647,1.2888169379913217,0,0,0.0,57.14285714285714,0.508646998982698,4,2,ACTIVE,Dataset A distribution; outcome-blind,"{""activity_sector_excess_return_3d"": -1.3650675253893185, ""activity_sector_excess_return_5d"": -1.8270934023111836, ""activity_top120_count"": 1.0, ""activity_rank_improving_count"": 0.0, ""activity_volume_expansion_breadth"": 13.752488387524883, ""activity_institution_buy_breadth"": 47.72256728778468, ""activity_leader_strength"": 11.10260225217341}"
2026-06-15,ENERGY_UTILITY,-4.117737595861626,-3.3285864513156183,0,0,14.285714285714285,85.71428571428571,2.392344497607657,3,1,ACTIVE,Dataset A distribution; outcome-blind,"{""activity_sector_excess_return_3d"": -1.3650675253893185, ""activity_sector_excess_return_5d"": -1.8270934023111836, ""activity_top120_count"": 1.0, ""activity_rank_improving_count"": 0.0, ""activity_volume_expansion_breadth"": 13.752488387524883, ""activity_institution_buy_breadth"": 47.72256728778468, ""activity_leader_strength"": 11.10260225217341}"
2026-06-16,ENERGY_UTILITY,-5.486027607612232,-1.1060433321963048,0,0,0.0,71.42857142857143,3.6719706242350103,3,1,ACTIVE,Dataset A distribution; outcome-blind,"{""activity_sector_excess_return_3d"": -1.3650675253893185, ""activity_sector_excess_return_5d"": -1.8270934023111836, ""activity_top120_count"": 1.0, ""activity_rank_improving_count"": 0.0, ""activity_volume_expansion_breadth"": 13.752488387524883, ""activity_institution_buy_breadth"": 47.72256728778468, ""activity_leader_strength"": 11.10260225217341}"
2026-06-17,ENERGY_UTILITY,-3.2938663352607644,-5.284574546330112,0,0,0.0,57.14285714285714,6.296296296296289,2,0,LOW_ACTIVITY,Dataset A distribution; outcome-blind,"{""activity_sector_excess_return_3d"": -1.3650675253893185, ""activity_sector_excess_return_5d"": -1.8270934023111836, ""activity_top120_count"": 1.0, ""activity_rank_improving_count"": 0.0, ""activity_volume_expansion_breadth"": 13.752488387524883, ""activity_institution_buy_breadth"": 47.72256728778468, ""activity_leader_strength"": 11.10260225217341}"
2026-06-18,ENERGY_UTILITY,-2.7035087578874406,-7.684314009955151,0,0,14.285714285714285,42.857142857142854,3.3939393939393936,2,0,LOW_ACTIVITY,Dataset A distribution; outcome-blind,"{""activity_sector_excess_return_3d"": -1.3650675253893185, ""activity_sector_excess_return_5d"": -1.8270934023111836, ""activity_top120_count"": 1.0, ""activity_rank_improving_count"": 0.0, ""activity_volume_expansion_breadth"": 13.752488387524883, ""activity_institution_buy_breadth"": 47.72256728778468, ""activity_leader_strength"": 11.10260225217341}"
2026-06-22,ENERGY_UTILITY,-4.075539547367857,-7.370816580935036,0,0,14.285714285714285,100.0,6.8376068376068355,3,1,ACTIVE,Dataset A distribution; outcome-blind,"{""activity_sector_excess_return_3d"": -1.3650675253893185, ""activity_sector_excess_return_5d"": -1.8270934023111836, ""activity_top120_count"": 1.0, ""activity_rank_improving_count"": 0.0, ""activity_volume_expansion_breadth"": 13.752488387524883, ""activity_institution_buy_breadth"": 47.72256728778468, ""activity_leader_strength"": 11.10260225217341}"
2026-06-23,ENERGY_UTILITY,-2.1604657070644295,-2.9444897875632092,0,0,28.57142857142857,85.71428571428571,3.433476394849788,3,2,ACTIVE,Dataset A distribution; outcome-blind,"{""activity_sector_excess_return_3d"": -1.3650675253893185, ""activity_sector_excess_return_5d"": -1.8270934023111836, ""activity_top120_count"": 1.0, ""activity_rank_improving_count"": 0.0, ""activity_volume_expansion_breadth"": 13.752488387524883, ""activity_institution_buy_breadth"": 47.72256728778468, ""activity_leader_strength"": 11.10260225217341}"
2026-06-24,ENERGY_UTILITY,1.7533694011534928,-0.20989868479215357,0,0,42.857142857142854,71.42857142857143,2.9787234042553123,5,3,ACTIVE,Dataset A distribution; outcome-blind,"{""activity_sector_excess_return_3d"": -1.3650675253893185, ""activity_sector_excess_return_5d"": -1.8270934023111836, ""activity_top120_count"": 1.0, ""activity_rank_improving_count"": 0.0, ""activity_volume_expansion_breadth"": 13.752488387524883, ""activity_institution_buy_breadth"": 47.72256728778468, ""activity_leader_strength"": 11.10260225217341}"
2026-06-25,ENERGY_UTILITY,3.1131189608372245,-0.8236519121946673,0,0,14.285714285714285,57.14285714285714,5.150214592274671,5,1,ACTIVE,Dataset A distribution; outcome-blind,"{""activity_sector_excess_return_3d"": -1.3650675253893185, ""activity_sector_excess_return_5d"": -1.8270934023111836, ""activity_top120_count"": 1.0, ""activity_rank_improving_count"": 0.0, ""activity_volume_expansion_breadth"": 13.752488387524883, ""activity_institution_buy_breadth"": 47.72256728778468, ""activity_leader_strength"": 11.10260225217341}"
2026-06-26,ENERGY_UTILITY,4.338191274769665,3.8717115961738213,0,0,28.57142857142857,28.57142857142857,1.2765957446808418,4,3,ACTIVE,Dataset A distribution; outcome-blind,"{""activity_sector_excess_return_3d"": -1.3650675253893185, ""activity_sector_excess_return_5d"": -1.8270934023111836, ""activity_top120_count"": 1.0, ""activity_rank_improving_count"": 0.0, ""activity_volume_expansion_breadth"": 13.752488387524883, ""activity_institution_buy_breadth"": 47.72256728778468, ""activity_leader_strength"": 11.10260225217341}"
2026-06-29,ENERGY_UTILITY,1.5956236053122907,5.742612665581792,0,0,0.0,57.14285714285714,2.1008403361344463,4,2,ACTIVE,Dataset A distribution; outcome-blind,"{""activity_sector_excess_return_3d"": -1.3650675253893185, ""activity_sector_excess_return_5d"": -1.8270934023111836, ""activity_top120_count"": 1.0, ""activity_rank_improving_count"": 0.0, ""activity_volume_expansion_breadth"": 13.752488387524883, ""activity_institution_buy_breadth"": 47.72256728778468, ""activity_leader_strength"": 11.10260225217341}"
2026-06-30,ENERGY_UTILITY,0.27964387185370754,1.3821978941688906,0,0,28.57142857142857,42.857142857142854,2.0746887966804906,4,2,ACTIVE,Dataset A distribution; outcome-blind,"{""activity_sector_excess_return_3d"": -1.3650675253893185, ""activity_sector_excess_return_5d"": -1.8270934023111836, ""activity_top120_count"": 1.0, ""activity_rank_improving_count"": 0.0, ""activity_volume_expansion_breadth"": 13.752488387524883, ""activity_institution_buy_breadth"": 47.72256728778468, ""activity_leader_strength"": 11.10260225217341}"
2026-07-01,ENERGY_UTILITY,-4.947061040248446,-2.531628304297129,0,0,14.285714285714285,57.14285714285714,0.3616636528029016,3,0,ACTIVE,Dataset A distribution; outcome-blind,"{""activity_sector_excess_return_3d"": -1.3650675253893185, ""activity_sector_excess_return_5d"": -1.8270934023111836, ""activity_top120_count"": 1.0, ""activity_rank_improving_count"": 0.0, ""activity_volume_expansion_breadth"": 13.752488387524883, ""activity_institution_buy_breadth"": 47.72256728778468, ""activity_leader_strength"": 11.10260225217341}"
2026-07-02,ENERGY_UTILITY,-4.056647362144572,-1.6336621419494324,0,0,0.0,14.285714285714285,0.3030303030302939,2,0,LOW_ACTIVITY,Dataset A distribution; outcome-blind,"{""activity_sector_excess_return_3d"": -1.3650675253893185, ""activity_sector_excess_return_5d"": -1.8270934023111836, ""activity_top120_count"": 1.0, ""activity_rank_improving_count"": 0.0, ""activity_volume_expansion_breadth"": 13.752488387524883, ""activity_institution_buy_breadth"": 47.72256728778468, ""activity_leader_strength"": 11.10260225217341}"
2026-07-03,ENERGY_UTILITY,-1.5347377247144522,-4.724257309178803,0,0,42.857142857142854,71.42857142857143,1.4256619144602745,3,2,ACTIVE,Dataset A distribution; outcome-blind,"{""activity_sector_excess_return_3d"": -1.3650675253893185, ""activity_sector_excess_return_5d"": -1.8270934023111836, ""activity_top120_count"": 1.0, ""activity_rank_improving_count"": 0.0, ""activity_volume_expansion_breadth"": 13.752488387524883, ""activity_institution_buy_breadth"": 47.72256728778468, ""activity_leader_strength"": 11.10260225217341}"
2026-07-06,ENERGY_UTILITY,1.6549987383292608,-3.0473517193092547,0,0,14.285714285714285,57.14285714285714,1.4051522248243353,4,1,ACTIVE,Dataset A distribution; outcome-blind,"{""activity_sector_excess_return_3d"": -1.3650675253893185, ""activity_sector_excess_return_5d"": -1.8270934023111836, ""activity_top120_count"": 1.0, ""activity_rank_improving_count"": 0.0, ""activity_volume_expansion_breadth"": 13.752488387524883, ""activity_institution_buy_breadth"": 47.72256728778468, ""activity_leader_strength"": 11.10260225217341}"
2026-07-07,ENERGY_UTILITY,2.7063273786500863,1.2214169314008538,0,0,0.0,57.14285714285714,0.9174311926605672,4,2,ACTIVE,Dataset A distribution; outcome-blind,"{""activity_sector_excess_return_3d"": -1.3650675253893185, ""activity_sector_excess_return_5d"": -1.8270934023111836, ""activity_top120_count"": 1.0, ""activity_rank_improving_count"": 0.0, ""activity_volume_expansion_breadth"": 13.752488387524883, ""activity_institution_buy_breadth"": 47.72256728778468, ""activity_leader_strength"": 11.10260225217341}"
2026-07-08,ENERGY_UTILITY,1.503816826636395,2.2280128156386803,0,0,0.0,57.14285714285714,0.0,4,2,ACTIVE,Dataset A distribution; outcome-blind,"{""activity_sector_excess_return_3d"": -1.3650675253893185, ""activity_sector_excess_return_5d"": -1.8270934023111836, ""activity_top120_count"": 1.0, ""activity_rank_improving_count"": 0.0, ""activity_volume_expansion_breadth"": 13.752488387524883, ""activity_institution_buy_breadth"": 47.72256728778468, ""activity_leader_strength"": 11.10260225217341}"
2026-07-09,ENERGY_UTILITY,2.132912261179698,3.3910808524834524,0,0,28.57142857142857,71.42857142857143,1.5081206496519783,5,4,HIGH_ACTIVITY,Dataset A distribution; outcome-blind,"{""activity_sector_excess_return_3d"": -1.3650675253893185, ""activity_sector_excess_return_5d"": -1.8270934023111836, ""activity_top120_count"": 1.0, ""activity_rank_improving_count"": 0.0, ""activity_volume_expansion_breadth"": 13.752488387524883, ""activity_institution_buy_breadth"": 47.72256728778468, ""activity_leader_strength"": 11.10260225217341}"
2026-07-13,ENERGY_UTILITY,0.5628016085401977,3.160691271629934,0,0,0.0,42.857142857142854,0.9090909090909038,3,1,ACTIVE,Dataset A distribution; outcome-blind,"{""activity_sector_excess_return_3d"": -1.3650675253893185, ""activity_sector_excess_return_5d"": -1.8270934023111836, ""activity_top120_count"": 1.0, ""activity_rank_improving_count"": 0.0, ""activity_volume_expansion_breadth"": 13.752488387524883, ""activity_institution_buy_breadth"": 47.72256728778468, ""activity_leader_strength"": 11.10260225217341}"
2026-07-14,ENERGY_UTILITY,2.7812067412171793,3.756410201816651,0,0,57.14285714285714,85.71428571428571,2.350813743218816,5,4,HIGH_ACTIVITY,Dataset A distribution; outcome-blind,"{""activity_sector_excess_return_3d"": -1.3650675253893185, ""activity_sector_excess_return_5d"": -1.8270934023111836, ""activity_top120_count"": 1.0, ""activity_rank_improving_count"": 0.0, ""activity_volume_expansion_breadth"": 13.752488387524883, ""activity_institution_buy_breadth"": 47.72256728778468, ""activity_leader_strength"": 11.10260225217341}"
2026-07-15,ENERGY_UTILITY,0.09423587191093041,0.6748261993142712,0,0,28.57142857142857,100.0,3.079710144927539,5,2,ACTIVE,Dataset A distribution; outcome-blind,"{""activity_sector_excess_return_3d"": -1.3650675253893185, ""activity_sector_excess_return_5d"": -1.8270934023111836, ""activity_top120_count"": 1.0, ""activity_rank_improving_count"": 0.0, ""activity_volume_expansion_breadth"": 13.752488387524883, ""activity_institution_buy_breadth"": 47.72256728778468, ""activity_leader_strength"": 11.10260225217341}"
2026-07-16,ENERGY_UTILITY,-0.04607845038817615,1.4997769943109862,0,0,14.285714285714285,57.14285714285714,2.259036144578319,5,1,ACTIVE,Dataset A distribution; outcome-blind,"{""activity_sector_excess_return_3d"": -1.3650675253893185, ""activity_sector_excess_return_5d"": -1.8270934023111836, ""activity_top120_count"": 1.0, ""activity_rank_improving_count"": 0.0, ""activity_volume_expansion_breadth"": 13.752488387524883, ""activity_institution_buy_breadth"": 47.72256728778468, ""activity_leader_strength"": 11.10260225217341}"
2026-07-17,ENERGY_UTILITY,2.250445939191148,5.194333920403581,0,0,57.14285714285714,85.71428571428571,2.316213494461228,5,4,HIGH_ACTIVITY,Dataset A distribution; outcome-blind,"{""activity_sector_excess_return_3d"": -1.3650675253893185, ""activity_sector_excess_return_5d"": -1.8270934023111836, ""activity_top120_count"": 1.0, ""activity_rank_improving_count"": 0.0, ""activity_volume_expansion_breadth"": 13.752488387524883, ""activity_institution_buy_breadth"": 47.72256728778468, ""activity_leader_strength"": 11.10260225217341}"
2026-07-20,ENERGY_UTILITY,6.29272620219492,7.147976936906574,0,0,57.14285714285714,85.71428571428571,2.4242424242424176,5,4,HIGH_ACTIVITY,Dataset A distribution; outcome-blind,"{""activity_sector_excess_return_3d"": -1.3650675253893185, ""activity_sector_excess_return_5d"": -1.8270934023111836, ""activity_top120_count"": 1.0, ""activity_rank_improving_count"": 0.0, ""activity_volume_expansion_breadth"": 13.752488387524883, ""activity_institution_buy_breadth"": 47.72256728778468, ""activity_leader_strength"": 11.10260225217341}"
2026-07-21,ENERGY_UTILITY,2.9039259325055466,0.06890372284423796,0,0,14.285714285714285,57.14285714285714,1.4970059880239583,5,1,ACTIVE,Dataset A distribution; outcome-blind,"{""activity_sector_excess_return_3d"": -1.3650675253893185, ""activity_sector_excess_return_5d"": -1.8270934023111836, ""activity_top120_count"": 1.0, ""activity_rank_improving_count"": 0.0, ""activity_volume_expansion_breadth"": 13.752488387524883, ""activity_institution_buy_breadth"": 47.72256728778468, ""activity_leader_strength"": 11.10260225217341}"
2026-07-22,ENERGY_UTILITY,-5.5636678230959635,0.4053596221747391,0,0,14.285714285714285,14.285714285714285,-0.29673590504450953,3,0,ACTIVE,Dataset A distribution; outcome-blind,"{""activity_sector_excess_return_3d"": -1.3650675253893185, ""activity_sector_excess_return_5d"": -1.8270934023111836, ""activity_top120_count"": 1.0, ""activity_rank_improving_count"": 0.0, ""activity_volume_expansion_breadth"": 13.752488387524883, ""activity_institution_buy_breadth"": 47.72256728778468, ""activity_leader_strength"": 11.10260225217341}"
2026-07-23,ENERGY_UTILITY,-5.484543756808691,0.5938705262414135,0,0,0.0,71.42857142857143,0.44182621502208974,3,1,ACTIVE,Dataset A distribution; outcome-blind,"{""activity_sector_excess_return_3d"": -1.3650675253893185, ""activity_sector_excess_return_5d"": -1.8270934023111836, ""activity_top120_count"": 1.0, ""activity_rank_improving_count"": 0.0, ""activity_volume_expansion_breadth"": 13.752488387524883, ""activity_institution_buy_breadth"": 47.72256728778468, ""activity_leader_strength"": 11.10260225217341}"
2026-07-24,ENERGY_UTILITY,1.3067883680168313,-2.123175318492443,0,0,14.285714285714285,71.42857142857143,2.298850574712641,4,2,ACTIVE,Dataset A distribution; outcome-blind,"{""activity_sector_excess_return_3d"": -1.3650675253893185, ""activity_sector_excess_return_5d"": -1.8270934023111836, ""activity_top120_count"": 1.0, ""activity_rank_improving_count"": 0.0, ""activity_volume_expansion_breadth"": 13.752488387524883, ""activity_institution_buy_breadth"": 47.72256728778468, ""activity_leader_strength"": 11.10260225217341}"
2026-05-28,ENVIRONMENTAL_SERVICES,-0.39302644546282406,-5.742187742403527,0,0,31.25,62.5,12.899262899262908,5,2,ACTIVE,Dataset A distribution; outcome-blind,"{""activity_sector_excess_return_3d"": -1.3650675253893185, ""activity_sector_excess_return_5d"": -1.8270934023111836, ""activity_top120_count"": 1.0, ""activity_rank_improving_count"": 0.0, ""activity_volume_expansion_breadth"": 13.752488387524883, ""activity_institution_buy_breadth"": 47.72256728778468, ""activity_leader_strength"": 11.10260225217341}"
2026-05-29,ENVIRONMENTAL_SERVICES,-2.8210389517912047,-5.2854887269508595,0,0,12.5,75.0,26.633165829145746,3,2,ACTIVE,Dataset A distribution; outcome-blind,"{""activity_sector_excess_return_3d"": -1.3650675253893185, ""activity_sector_excess_return_5d"": -1.8270934023111836, ""activity_top120_count"": 1.0, ""activity_rank_improving_count"": 0.0, ""activity_volume_expansion_breadth"": 13.752488387524883, ""activity_institution_buy_breadth"": 47.72256728778468, ""activity_leader_strength"": 11.10260225217341}"
2026-06-01,ENVIRONMENTAL_SERVICES,-0.9007864233595231,-2.62552991573336,0,0,37.5,81.25,32.219570405727914,5,3,ACTIVE,Dataset A distribution; outcome-blind,"{""activity_sector_excess_return_3d"": -1.3650675253893185, ""activity_sector_excess_return_5d"": -1.8270934023111836, ""activity_top120_count"": 1.0, ""activity_rank_improving_count"": 0.0, ""activity_volume_expansion_breadth"": 13.752488387524883, ""activity_institution_buy_breadth"": 47.72256728778468, ""activity_leader_strength"": 11.10260225217341}"
2026-06-02,ENVIRONMENTAL_SERVICES,-3.1975730774055577,-3.3444518166736548,1,0,12.5,50.0,33.0166270783848,4,1,ACTIVE,Dataset A distribution; outcome-blind,"{""activity_sector_excess_return_3d"": -1.3650675253893185, ""activity_sector_excess_return_5d"": -1.8270934023111836, ""activity_top120_count"": 1.0, ""activity_rank_improving_count"": 0.0, ""activity_volume_expansion_breadth"": 13.752488387524883, ""activity_institution_buy_breadth"": 47.72256728778468, ""activity_leader_strength"": 11.10260225217341}"
2026-06-03,ENVIRONMENTAL_SERVICES,-2.899194144587247,-2.7052697728376707,0,0,37.5,75.0,24.620770128354707,4,3,ACTIVE,Dataset A distribution; outcome-blind,"{""activity_sector_excess_return_3d"": -1.3650675253893185, ""activity_sector_excess_return_5d"": -1.8270934023111836, ""activity_top120_count"": 1.0, ""activity_rank_improving_count"": 0.0, ""activity_volume_expansion_breadth"": 13.752488387524883, ""activity_institution_buy_breadth"": 47.72256728778468, ""activity_leader_strength"": 11.10260225217341}"
2026-06-04,ENVIRONMENTAL_SERVICES,-0.4813791962806735,-2.207900482834091,2,0,50.0,62.5,18.824809575625668,6,2,ACTIVE,Dataset A distribution; outcome-blind,"{""activity_sector_excess_return_3d"": -1.3650675253893185, ""activity_sector_excess_return_5d"": -1.8270934023111836, ""activity_top120_count"": 1.0, ""activity_rank_improving_count"": 0.0, ""activity_volume_expansion_breadth"": 13.752488387524883, ""activity_institution_buy_breadth"": 47.72256728778468, ""activity_leader_strength"": 11.10260225217341}"
2026-06-05,ENVIRONMENTAL_SERVICES,1.6344887903292082,0.7581765136866703,2,1,25.0,62.5,7.9365079365079305,6,4,HIGH_ACTIVITY,Dataset A distribution; outcome-blind,"{""activity_sector_excess_return_3d"": -1.3650675253893185, ""activity_sector_excess_return_5d"": -1.8270934023111836, ""activity_top120_count"": 1.0, ""activity_rank_improving_count"": 0.0, ""activity_volume_expansion_breadth"": 13.752488387524883, ""activity_institution_buy_breadth"": 47.72256728778468, ""activity_leader_strength"": 11.10260225217341}"
2026-06-08,ENVIRONMENTAL_SERVICES,5.244377462477867,1.8457939867654867,1,0,43.75,56.25,10.897435897435903,6,3,ACTIVE,Dataset A distribution; outcome-blind,"{""activity_sector_excess_return_3d"": -1.3650675253893185, ""activity_sector_excess_return_5d"": -1.8270934023111836, ""activity_top120_count"": 1.0, ""activity_rank_improving_count"": 0.0, ""activity_volume_expansion_breadth"": 13.752488387524883, ""activity_institution_buy_breadth"": 47.72256728778468, ""activity_leader_strength"": 11.10260225217341}"
2026-06-09,ENVIRONMENTAL_SERVICES,0.6572444500527852,1.4798098978027585,1,1,37.5,31.25,21.753246753246746,6,3,ACTIVE,Dataset A distribution; outcome-blind,"{""activity_sector_excess_return_3d"": -1.3650675253893185, ""activity_sector_excess_return_5d"": -1.8270934023111836, ""activity_top120_count"": 1.0, ""activity_rank_improving_count"": 0.0, ""activity_volume_expansion_breadth"": 13.752488387524883, ""activity_institution_buy_breadth"": 47.72256728778468, ""activity_leader_strength"": 11.10260225217341}"
2026-06-10,ENVIRONMENTAL_SERVICES,3.277903608780231,6.756440944740322,4,4,56.25,56.25,20.569620253164555,7,5,HIGH_ACTIVITY,Dataset A distribution; outcome-blind,"{""activity_sector_excess_return_3d"": -1.3650675253893185, ""activity_sector_excess_return_5d"": -1.8270934023111836, ""activity_top120_count"": 1.0, ""activity_rank_improving_count"": 0.0, ""activity_volume_expansion_breadth"": 13.752488387524883, ""activity_institution_buy_breadth"": 47.72256728778468, ""activity_leader_strength"": 11.10260225217341}"
2026-06-11,ENVIRONMENTAL_SERVICES,1.42070135088187,4.801734230655441,2,1,43.75,50.0,22.364217252396145,7,4,HIGH_ACTIVITY,Dataset A distribution; outcome-blind,"{""activity_sector_excess_return_3d"": -1.3650675253893185, ""activity_sector_excess_return_5d"": -1.8270934023111836, ""activity_top120_count"": 1.0, ""activity_rank_improving_count"": 0.0, ""activity_volume_expansion_breadth"": 13.752488387524883, ""activity_institution_buy_breadth"": 47.72256728778468, ""activity_leader_strength"": 11.10260225217341}"
2026-06-12,ENVIRONMENTAL_SERVICES,2.11845274525273,1.8104704456677057,5,1,31.25,81.25,24.761904761904763,7,7,HIGH_ACTIVITY,Dataset A distribution; outcome-blind,"{""activity_sector_excess_return_3d"": -1.3650675253893185, ""activity_sector_excess_return_5d"": -1.8270934023111836, ""activity_top120_count"": 1.0, ""activity_rank_improving_count"": 0.0, ""activity_volume_expansion_breadth"": 13.752488387524883, ""activity_institution_buy_breadth"": 47.72256728778468, ""activity_leader_strength"": 11.10260225217341}"
2026-06-15,ENVIRONMENTAL_SERVICES,-3.7779150732267897,-1.5639148117063462,3,1,12.5,68.75,13.87283236994219,5,3,ACTIVE,Dataset A distribution; outcome-blind,"{""activity_sector_excess_return_3d"": -1.3650675253893185, ""activity_sector_excess_return_5d"": -1.8270934023111836, ""activity_top120_count"": 1.0, ""activity_rank_improving_count"": 0.0, ""activity_volume_expansion_breadth"": 13.752488387524883, ""activity_institution_buy_breadth"": 47.72256728778468, ""activity_leader_strength"": 11.10260225217341}"
2026-06-16,ENVIRONMENTAL_SERVICES,-5.28151544670078,-1.1950363100098227,0,0,18.75,37.5,8.750000000000014,3,0,ACTIVE,Dataset A distribution; outcome-blind,"{""activity_sector_excess_return_3d"": -1.3650675253893185, ""activity_sector_excess_return_5d"": -1.8270934023111836, ""activity_top120_count"": 1.0, ""activity_rank_improving_count"": 0.0, ""activity_volume_expansion_breadth"": 13.752488387524883, ""activity_institution_buy_breadth"": 47.72256728778468, ""activity_leader_strength"": 11.10260225217341}"
2026-06-17,ENVIRONMENTAL_SERVICES,-4.505509529123669,-5.9055568842194095,0,0,6.25,31.25,12.885462555066084,2,0,LOW_ACTIVITY,Dataset A distribution; outcome-blind,"{""activity_sector_excess_return_3d"": -1.3650675253893185, ""activity_sector_excess_return_5d"": -1.8270934023111836, ""activity_top120_count"": 1.0, ""activity_rank_improving_count"": 0.0, ""activity_volume_expansion_breadth"": 13.752488387524883, ""activity_institution_buy_breadth"": 47.72256728778468, ""activity_leader_strength"": 11.10260225217341}"
2026-06-18,ENVIRONMENTAL_SERVICES,-2.750626456675925,-7.505102540421104,0,0,18.75,50.0,13.577023498694519,4,0,ACTIVE,Dataset A distribution; outcome-blind,"{""activity_sector_excess_return_3d"": -1.3650675253893185, ""activity_sector_excess_return_5d"": -1.8270934023111836, ""activity_top120_count"": 1.0, ""activity_rank_improving_count"": 0.0, ""activity_volume_expansion_breadth"": 13.752488387524883, ""activity_institution_buy_breadth"": 47.72256728778468, ""activity_leader_strength"": 11.10260225217341}"
2026-06-22,ENVIRONMENTAL_SERVICES,-3.7105761226083445,-8.088176695712646,1,0,31.25,50.0,17.358892438764627,5,1,ACTIVE,Dataset A distribution; outcome-blind,"{""activity_sector_excess_return_3d"": -1.3650675253893185, ""activity_sector_excess_return_5d"": -1.8270934023111836, ""activity_top120_count"": 1.0, ""activity_rank_improving_count"": 0.0, ""activity_volume_expansion_breadth"": 13.752488387524883, ""activity_institution_buy_breadth"": 47.72256728778468, ""activity_leader_strength"": 11.10260225217341}"
2026-06-23,ENVIRONMENTAL_SERVICES,-1.841970183111763,-4.0925369494263455,5,0,25.0,68.75,17.413972888425434,5,3,ACTIVE,Dataset A distribution; outcome-blind,"{""activity_sector_excess_return_3d"": -1.3650675253893185, ""activity_sector_excess_return_5d"": -1.8270934023111836, ""activity_top120_count"": 1.0, ""activity_rank_improving_count"": 0.0, ""activity_volume_expansion_breadth"": 13.752488387524883, ""activity_institution_buy_breadth"": 47.72256728778468, ""activity_leader_strength"": 11.10260225217341}"
2026-06-24,ENVIRONMENTAL_SERVICES,0.12006563365699052,-1.012255048609434,2,0,43.75,25.0,23.301985370950895,6,2,ACTIVE,Dataset A distribution; outcome-blind,"{""activity_sector_excess_return_3d"": -1.3650675253893185, ""activity_sector_excess_return_5d"": -1.8270934023111836, ""activity_top120_count"": 1.0, ""activity_rank_improving_count"": 0.0, ""activity_volume_expansion_breadth"": 13.752488387524883, ""activity_institution_buy_breadth"": 47.72256728778468, ""activity_leader_strength"": 11.10260225217341}"
2026-06-25,ENVIRONMENTAL_SERVICES,1.3826796380953688,-2.338890390068732,2,2,18.75,43.75,19.69696969696968,5,2,ACTIVE,Dataset A distribution; outcome-blind,"{""activity_sector_excess_return_3d"": -1.3650675253893185, ""activity_sector_excess_return_5d"": -1.8270934023111836, ""activity_top120_count"": 1.0, ""activity_rank_improving_count"": 0.0, ""activity_volume_expansion_breadth"": 13.752488387524883, ""activity_institution_buy_breadth"": 47.72256728778468, ""activity_leader_strength"": 11.10260225217341}"
2026-06-26,ENVIRONMENTAL_SERVICES,2.772477486498776,1.5566848600078953,3,2,43.75,25.0,15.76846307385229,6,5,HIGH_ACTIVITY,Dataset A distribution; outcome-blind,"{""activity_sector_excess_return_3d"": -1.3650675253893185, ""activity_sector_excess_return_5d"": -1.8270934023111836, ""activity_top120_count"": 1.0, ""activity_rank_improving_count"": 0.0, ""activity_volume_expansion_breadth"": 13.752488387524883, ""activity_institution_buy_breadth"": 47.72256728778468, ""activity_leader_strength"": 11.10260225217341}"
2026-06-29,ENVIRONMENTAL_SERVICES,0.77113483698939,2.2995367427327045,3,2,12.5,68.75,8.31509846827132,5,4,HIGH_ACTIVITY,Dataset A distribution; outcome-blind,"{""activity_sector_excess_return_3d"": -1.3650675253893185, ""activity_sector_excess_return_5d"": -1.8270934023111836, ""activity_top120_count"": 1.0, ""activity_rank_improving_count"": 0.0, ""activity_volume_expansion_breadth"": 13.752488387524883, ""activity_institution_buy_breadth"": 47.72256728778468, ""activity_leader_strength"": 11.10260225217341}"
2026-06-30,ENVIRONMENTAL_SERVICES,0.07043885093320768,-0.20655880662419612,2,2,12.5,37.5,15.275310834813505,5,1,ACTIVE,Dataset A distribution; outcome-blind,"{""activity_sector_excess_return_3d"": -1.3650675253893185, ""activity_sector_excess_return_5d"": -1.8270934023111836, ""activity_top120_count"": 1.0, ""activity_rank_improving_count"": 0.0, ""activity_volume_expansion_breadth"": 13.752488387524883, ""activity_institution_buy_breadth"": 47.72256728778468, ""activity_leader_strength"": 11.10260225217341}"
2026-07-01,ENVIRONMENTAL_SERVICES,-4.499090668159933,-3.6242321930386345,2,2,6.25,56.25,20.847457627118636,4,1,ACTIVE,Dataset A distribution; outcome-blind,"{""activity_sector_excess_return_3d"": -1.3650675253893185, ""activity_sector_excess_return_5d"": -1.8270934023111836, ""activity_top120_count"": 1.0, ""activity_rank_improving_count"": 0.0, ""activity_volume_expansion_breadth"": 13.752488387524883, ""activity_institution_buy_breadth"": 47.72256728778468, ""activity_leader_strength"": 11.10260225217341}"
2026-07-02,ENVIRONMENTAL_SERVICES,-3.574067724815433,-1.5709795647954161,2,1,25.0,43.75,35.17241379310345,5,3,ACTIVE,Dataset A distribution; outcome-blind,"{""activity_sector_excess_return_3d"": -1.3650675253893185, ""activity_sector_excess_return_5d"": -1.8270934023111836, ""activity_top120_count"": 1.0, ""activity_rank_improving_count"": 0.0, ""activity_volume_expansion_breadth"": 13.752488387524883, ""activity_institution_buy_breadth"": 47.72256728778468, ""activity_leader_strength"": 11.10260225217341}"
2026-07-03,ENVIRONMENTAL_SERVICES,0.13877245309784625,-2.6107808050337633,2,0,31.25,75.0,48.62068965517241,6,3,ACTIVE,Dataset A distribution; outcome-blind,"{""activity_sector_excess_return_3d"": -1.3650675253893185, ""activity_sector_excess_return_5d"": -1.8270934023111836, ""activity_top120_count"": 1.0, ""activity_rank_improving_count"": 0.0, ""activity_volume_expansion_breadth"": 13.752488387524883, ""activity_institution_buy_breadth"": 47.72256728778468, ""activity_leader_strength"": 11.10260225217341}"
2026-07-06,ENVIRONMENTAL_SERVICES,2.7381873125867373,-1.1422454518410285,2,1,18.75,25.0,60.67796610169491,6,3,ACTIVE,Dataset A distribution; outcome-blind,"{""activity_sector_excess_return_3d"": -1.3650675253893185, ""activity_sector_excess_return_5d"": -1.8270934023111836, ""activity_top120_count"": 1.0, ""activity_rank_improving_count"": 0.0, ""activity_volume_expansion_breadth"": 13.752488387524883, ""activity_institution_buy_breadth"": 47.72256728778468, ""activity_leader_strength"": 11.10260225217341}"
2026-07-07,ENVIRONMENTAL_SERVICES,3.5508252602486245,1.496945727499266,1,0,25.0,25.0,42.68104776579351,6,4,HIGH_ACTIVITY,Dataset A distribution; outcome-blind,"{""activity_sector_excess_return_3d"": -1.3650675253893185, ""activity_sector_excess_return_5d"": -1.8270934023111836, ""activity_top120_count"": 1.0, ""activity_rank_improving_count"": 0.0, ""activity_volume_expansion_breadth"": 13.752488387524883, ""activity_institution_buy_breadth"": 47.72256728778468, ""activity_leader_strength"": 11.10260225217341}"
2026-07-08,ENVIRONMENTAL_SERVICES,1.3794036645134566,3.4665101429886547,1,0,6.25,31.25,35.90462833099581,5,3,ACTIVE,Dataset A distribution; outcome-blind,"{""activity_sector_excess_return_3d"": -1.3650675253893185, ""activity_sector_excess_return_5d"": -1.8270934023111836, ""activity_top120_count"": 1.0, ""activity_rank_improving_count"": 0.0, ""activity_volume_expansion_breadth"": 13.752488387524883, ""activity_institution_buy_breadth"": 47.72256728778468, ""activity_leader_strength"": 11.10260225217341}"
2026-07-09,ENVIRONMENTAL_SERVICES,1.5410163254201525,2.84592809834841,1,1,18.75,50.0,25.637755102040806,7,4,HIGH_ACTIVITY,Dataset A distribution; outcome-blind,"{""activity_sector_excess_return_3d"": -1.3650675253893185, ""activity_sector_excess_return_5d"": -1.8270934023111836, ""activity_top120_count"": 1.0, ""activity_rank_improving_count"": 0.0, ""activity_volume_expansion_breadth"": 13.752488387524883, ""activity_institution_buy_breadth"": 47.72256728778468, ""activity_leader_strength"": 11.10260225217341}"
2026-07-13,ENVIRONMENTAL_SERVICES,-1.2108617516651876,1.6898239887503164,2,1,37.5,50.0,16.589327146171694,7,3,ACTIVE,Dataset A distribution; outcome-blind,"{""activity_sector_excess_return_3d"": -1.3650675253893185, ""activity_sector_excess_return_5d"": -1.8270934023111836, ""activity_top120_count"": 1.0, ""activity_rank_improving_count"": 0.0, ""activity_volume_expansion_breadth"": 13.752488387524883, ""activity_institution_buy_breadth"": 47.72256728778468, ""activity_leader_strength"": 11.10260225217341}"
2026-07-14,ENVIRONMENTAL_SERVICES,0.44846550318313194,1.3943462655217562,1,0,31.25,31.25,10.759493670886089,5,2,ACTIVE,Dataset A distribution; outcome-blind,"{""activity_sector_excess_return_3d"": -1.3650675253893185, ""activity_sector_excess_return_5d"": -1.8270934023111836, ""activity_top120_count"": 1.0, ""activity_rank_improving_count"": 0.0, ""activity_volume_expansion_breadth"": 13.752488387524883, ""activity_institution_buy_breadth"": 47.72256728778468, ""activity_leader_strength"": 11.10260225217341}"
2026-07-15,ENVIRONMENTAL_SERVICES,-1.3652163282573182,-1.154641104617804,4,0,6.25,81.25,24.730021598272156,5,3,ACTIVE,Dataset A distribution; outcome-blind,"{""activity_sector_excess_return_3d"": -1.3650675253893185, ""activity_sector_excess_return_5d"": -1.8270934023111836, ""activity_top120_count"": 1.0, ""activity_rank_improving_count"": 0.0, ""activity_volume_expansion_breadth"": 13.752488387524883, ""activity_institution_buy_breadth"": 47.72256728778468, ""activity_leader_strength"": 11.10260225217341}"
2026-07-16,ENVIRONMENTAL_SERVICES,0.34412523051027266,0.056811804333828375,1,0,18.75,50.0,24.871001031991735,7,1,ACTIVE,Dataset A distribution; outcome-blind,"{""activity_sector_excess_return_3d"": -1.3650675253893185, ""activity_sector_excess_return_5d"": -1.8270934023111836, ""activity_top120_count"": 1.0, ""activity_rank_improving_count"": 0.0, ""activity_volume_expansion_breadth"": 13.752488387524883, ""activity_institution_buy_breadth"": 47.72256728778468, ""activity_leader_strength"": 11.10260225217341}"
2026-07-17,ENVIRONMENTAL_SERVICES,4.828146333546012,4.2954789730656415,3,0,37.5,50.0,23.85786802030456,7,5,HIGH_ACTIVITY,Dataset A distribution; outcome-blind,"{""activity_sector_excess_return_3d"": -1.3650675253893185, ""activity_sector_excess_return_5d"": -1.8270934023111836, ""activity_top120_count"": 1.0, ""activity_rank_improving_count"": 0.0, ""activity_volume_expansion_breadth"": 13.752488387524883, ""activity_institution_buy_breadth"": 47.72256728778468, ""activity_leader_strength"": 11.10260225217341}"
2026-07-20,ENVIRONMENTAL_SERVICES,4.913239920933272,4.993826790214467,1,0,12.5,75.0,18.407960199004968,6,3,ACTIVE,Dataset A distribution; outcome-blind,"{""activity_sector_excess_return_3d"": -1.3650675253893185, ""activity_sector_excess_return_5d"": -1.8270934023111836, ""activity_top120_count"": 1.0, ""activity_rank_improving_count"": 0.0, ""activity_volume_expansion_breadth"": 13.752488387524883, ""activity_institution_buy_breadth"": 47.72256728778468, ""activity_leader_strength"": 11.10260225217341}"
2026-07-21,ENVIRONMENTAL_SERVICES,1.9061101344408138,2.5127847394688096,1,0,12.5,81.25,12.380952380952381,6,3,ACTIVE,Dataset A distribution; outcome-blind,"{""activity_sector_excess_return_3d"": -1.3650675253893185, ""activity_sector_excess_return_5d"": -1.8270934023111836, ""activity_top120_count"": 1.0, ""activity_rank_improving_count"": 0.0, ""activity_volume_expansion_breadth"": 13.752488387524883, ""activity_institution_buy_breadth"": 47.72256728778468, ""activity_leader_strength"": 11.10260225217341}"
2026-07-22,ENVIRONMENTAL_SERVICES,-5.121942038526184,0.4360260226309476,1,1,25.0,50.0,3.3333333333333437,5,2,ACTIVE,Dataset A distribution; outcome-blind,"{""activity_sector_excess_return_3d"": -1.3650675253893185, ""activity_sector_excess_return_5d"": -1.8270934023111836, ""activity_top120_count"": 1.0, ""activity_rank_improving_count"": 0.0, ""activity_volume_expansion_breadth"": 13.752488387524883, ""activity_institution_buy_breadth"": 47.72256728778468, ""activity_leader_strength"": 11.10260225217341}"
2026-07-23,ENVIRONMENTAL_SERVICES,-4.784554374752092,0.8407669787427297,1,1,6.25,25.0,3.5864978902953704,3,1,ACTIVE,Dataset A distribution; outcome-blind,"{""activity_sector_excess_return_3d"": -1.3650675253893185, ""activity_sector_excess_return_5d"": -1.8270934023111836, ""activity_top120_count"": 1.0, ""activity_rank_improving_count"": 0.0, ""activity_volume_expansion_breadth"": 13.752488387524883, ""activity_institution_buy_breadth"": 47.72256728778468, ""activity_leader_strength"": 11.10260225217341}"
2026-07-24,ENVIRONMENTAL_SERVICES,0.682652821682117,-2.200826833643965,1,1,31.25,31.25,2.604166666666674,4,2,ACTIVE,Dataset A distribution; outcome-blind,"{""activity_sector_excess_return_3d"": -1.3650675253893185, ""activity_sector_excess_return_5d"": -1.8270934023111836, ""activity_top120_count"": 1.0, ""activity_rank_improving_count"": 0.0, ""activity_volume_expansion_breadth"": 13.752488387524883, ""activity_institution_buy_breadth"": 47.72256728778468, ""activity_leader_strength"": 11.10260225217341}"
2026-05-28,EV_BATTERY,-2.1898714481246087,-3.527458311106435,1,0,40.0,50.0,39.561707035755475,5,2,ACTIVE,Dataset A distribution; outcome-blind,"{""activity_sector_excess_return_3d"": -1.3650675253893185, ""activity_sector_excess_return_5d"": -1.8270934023111836, ""activity_top120_count"": 1.0, ""activity_rank_improving_count"": 0.0, ""activity_volume_expansion_breadth"": 13.752488387524883, ""activity_institution_buy_breadth"": 47.72256728778468, ""activity_leader_strength"": 11.10260225217341}"
2026-05-29,EV_BATTERY,-2.506444061668145,-5.102252218342573,2,0,26.666666666666668,42.857142857142854,34.52256033578174,4,2,ACTIVE,Dataset A distribution; outcome-blind,"{""activity_sector_excess_return_3d"": -1.3650675253893185, ""activity_sector_excess_return_5d"": -1.8270934023111836, ""activity_top120_count"": 1.0, ""activity_rank_improving_count"": 0.0, ""activity_volume_expansion_breadth"": 13.752488387524883, ""activity_institution_buy_breadth"": 47.72256728778468, ""activity_leader_strength"": 11.10260225217341}"
2026-06-01,EV_BATTERY,2.3493247820257412,-0.935514753827249,1,0,53.333333333333336,64.28571428571429,28.489483747609935,7,4,HIGH_ACTIVITY,Dataset A distribution; outcome-blind,"{""activity_sector_excess_return_3d"": -1.3650675253893185, ""activity_sector_excess_return_5d"": -1.8270934023111836, ""activity_top120_count"": 1.0, ""activity_rank_improving_count"": 0.0, ""activity_volume_expansion_breadth"": 13.752488387524883, ""activity_institution_buy_breadth"": 47.72256728778468, ""activity_leader_strength"": 11.10260225217341}"
2026-06-02,EV_BATTERY,-1.4640345501363616,-2.4431110911802056,1,0,33.33333333333333,42.857142857142854,14.035087719298245,4,1,ACTIVE,Dataset A distribution; outcome-blind,"{""activity_sector_excess_return_3d"": -1.3650675253893185, ""activity_sector_excess_return_5d"": -1.8270934023111836, ""activity_top120_count"": 1.0, ""activity_rank_improving_count"": 0.0, ""activity_volume_expansion_breadth"": 13.752488387524883, ""activity_institution_buy_breadth"": 47.72256728778468, ""activity_leader_strength"": 11.10260225217341}"
2026-06-03,EV_BATTERY,-1.5671287762368258,-0.030857775970472012,2,0,26.666666666666668,71.42857142857143,18.695652173913047,6,2,ACTIVE,Dataset A distribution; outcome-blind,"{""activity_sector_excess_return_3d"": -1.3650675253893185, ""activity_sector_excess_return_5d"": -1.8270934023111836, ""activity_top120_count"": 1.0, ""activity_rank_improving_count"": 0.0, ""activity_volume_expansion_breadth"": 13.752488387524883, ""activity_institution_buy_breadth"": 47.72256728778468, ""activity_leader_strength"": 11.10260225217341}"
2026-06-04,EV_BATTERY,-0.744436495995332,-0.4733328280685063,2,0,20.0,21.428571428571427,32.15859030837005,6,1,ACTIVE,Dataset A distribution; outcome-blind,"{""activity_sector_excess_return_3d"": -1.3650675253893185, ""activity_sector_excess_return_5d"": -1.8270934023111836, ""activity_top120_count"": 1.0, ""activity_rank_improving_count"": 0.0, ""activity_volume_expansion_breadth"": 13.752488387524883, ""activity_institution_buy_breadth"": 47.72256728778468, ""activity_leader_strength"": 11.10260225217341}"
2026-06-05,EV_BATTERY,0.4204152290797847,0.8261992812436114,1,1,13.333333333333334,50.0,19.999999999999996,6,1,ACTIVE,Dataset A distribution; outcome-blind,"{""activity_sector_excess_return_3d"": -1.3650675253893185, ""activity_sector_excess_return_5d"": -1.8270934023111836, ""activity_top120_count"": 1.0, ""activity_rank_improving_count"": 0.0, ""activity_volume_expansion_breadth"": 13.752488387524883, ""activity_institution_buy_breadth"": 47.72256728778468, ""activity_leader_strength"": 11.10260225217341}"
2026-06-08,EV_BATTERY,2.8667715179636173,-1.2450513100581766,2,1,26.666666666666668,42.857142857142854,9.31174089068827,5,3,ACTIVE,Dataset A distribution; outcome-blind,"{""activity_sector_excess_return_3d"": -1.3650675253893185, ""activity_sector_excess_return_5d"": -1.8270934023111836, ""activity_top120_count"": 1.0, ""activity_rank_improving_count"": 0.0, ""activity_volume_expansion_breadth"": 13.752488387524883, ""activity_institution_buy_breadth"": 47.72256728778468, ""activity_leader_strength"": 11.10260225217341}"
2026-06-09,EV_BATTERY,-0.9010846198847622,0.14316774949668098,2,1,13.333333333333334,21.428571428571427,20.93023255813953,5,1,ACTIVE,Dataset A distribution; outcome-blind,"{""activity_sector_excess_return_3d"": -1.3650675253893185, ""activity_sector_excess_return_5d"": -1.8270934023111836, ""activity_top120_count"": 1.0, ""activity_rank_improving_count"": 0.0, ""activity_volume_expansion_breadth"": 13.752488387524883, ""activity_institution_buy_breadth"": 47.72256728778468, ""activity_leader_strength"": 11.10260225217341}"
2026-06-10,EV_BATTERY,1.4395945899356395,2.6868181798699426,1,1,26.666666666666668,57.14285714285714,9.170305676855905,6,4,HIGH_ACTIVITY,Dataset A distribution; outcome-blind,"{""activity_sector_excess_return_3d"": -1.3650675253893185, ""activity_sector_excess_return_5d"": -1.8270934023111836, ""activity_top120_count"": 1.0, ""activity_rank_improving_count"": 0.0, ""activity_volume_expansion_breadth"": 13.752488387524883, ""activity_institution_buy_breadth"": 47.72256728778468, ""activity_leader_strength"": 11.10260225217341}"
2026-06-11,EV_BATTERY,2.9987934390486637,2.0208822953336645,1,1,20.0,35.714285714285715,11.7363344051447,6,3,ACTIVE,Dataset A distribution; outcome-blind,"{""activity_sector_excess_return_3d"": -1.3650675253893185, ""activity_sector_excess_return_5d"": -1.8270934023111836, ""activity_top120_count"": 1.0, ""activity_rank_improving_count"": 0.0, ""activity_volume_expansion_breadth"": 13.752488387524883, ""activity_institution_buy_breadth"": 47.72256728778468, ""activity_leader_strength"": 11.10260225217341}"
2026-06-12,EV_BATTERY,1.0699299821148756,-0.5224195227564179,1,0,33.33333333333333,71.42857142857143,22.0447284345048,7,3,ACTIVE,Dataset A distribution; outcome-blind,"{""activity_sector_excess_return_3d"": -1.3650675253893185, ""activity_sector_excess_return_5d"": -1.8270934023111836, ""activity_top120_count"": 1.0, ""activity_rank_improving_count"": 0.0, ""activity_volume_expansion_breadth"": 13.752488387524883, ""activity_institution_buy_breadth"": 47.72256728778468, ""activity_leader_strength"": 11.10260225217341}"
2026-06-15,EV_BATTERY,-2.8994718710795286,-1.3303897659319608,1,0,26.666666666666668,50.0,39.76705490848587,6,2,ACTIVE,Dataset A distribution; outcome-blind,"{""activity_sector_excess_return_3d"": -1.3650675253893185, ""activity_sector_excess_return_5d"": -1.8270934023111836, ""activity_top120_count"": 1.0, ""activity_rank_improving_count"": 0.0, ""activity_volume_expansion_breadth"": 13.752488387524883, ""activity_institution_buy_breadth"": 47.72256728778468, ""activity_leader_strength"": 11.10260225217341}"
2026-06-16,EV_BATTERY,-5.532170147591331,-3.4604334140195983,0,0,33.33333333333333,35.714285714285715,23.298033282904697,3,2,ACTIVE,Dataset A distribution; outcome-blind,"{""activity_sector_excess_return_3d"": -1.3650675253893185, ""activity_sector_excess_return_5d"": -1.8270934023111836, ""activity_top120_count"": 1.0, ""activity_rank_improving_count"": 0.0, ""activity_volume_expansion_breadth"": 13.752488387524883, ""activity_institution_buy_breadth"": 47.72256728778468, ""activity_leader_strength"": 11.10260225217341}"
2026-06-17,EV_BATTERY,-3.7560532277909564,-3.9022342050243686,2,1,40.0,42.857142857142854,39.563862928348904,4,3,ACTIVE,Dataset A distribution; outcome-blind,"{""activity_sector_excess_return_3d"": -1.3650675253893185, ""activity_sector_excess_return_5d"": -1.8270934023111836, ""activity_top120_count"": 1.0, ""activity_rank_improving_count"": 0.0, ""activity_volume_expansion_breadth"": 13.752488387524883, ""activity_institution_buy_breadth"": 47.72256728778468, ""activity_leader_strength"": 11.10260225217341}"
2026-06-18,EV_BATTERY,-1.0638209341392146,-5.800253520782849,1,1,26.666666666666668,50.0,29.7841726618705,6,3,ACTIVE,Dataset A distribution; outcome-blind,"{""activity_sector_excess_return_3d"": -1.3650675253893185, ""activity_sector_excess_return_5d"": -1.8270934023111836, ""activity_top120_count"": 1.0, ""activity_rank_improving_count"": 0.0, ""activity_volume_expansion_breadth"": 13.752488387524883, ""activity_institution_buy_breadth"": 47.72256728778468, ""activity_leader_strength"": 11.10260225217341}"
2026-06-22,EV_BATTERY,-0.4769277117503412,-4.482197689554123,1,1,20.0,71.42857142857143,24.07407407407409,6,3,ACTIVE,Dataset A distribution; outcome-blind,"{""activity_sector_excess_return_3d"": -1.3650675253893185, ""activity_sector_excess_return_5d"": -1.8270934023111836, ""activity_top120_count"": 1.0, ""activity_rank_improving_count"": 0.0, ""activity_volume_expansion_breadth"": 13.752488387524883, ""activity_institution_buy_breadth"": 47.72256728778468, ""activity_leader_strength"": 11.10260225217341}"
2026-06-23,EV_BATTERY,-2.9274971863595844,-5.16710635892485,1,1,13.333333333333334,21.428571428571427,8.742331288343564,2,1,LOW_ACTIVITY,Dataset A distribution; outcome-blind,"{""activity_sector_excess_return_3d"": -1.3650675253893185, ""activity_sector_excess_return_5d"": -1.8270934023111836, ""activity_top120_count"": 1.0, ""activity_rank_improving_count"": 0.0, ""activity_volume_expansion_breadth"": 13.752488387524883, ""activity_institution_buy_breadth"": 47.72256728778468, ""activity_leader_strength"": 11.10260225217341}"
2026-06-24,EV_BATTERY,0.024451967633770666,0.3832741036210452,1,0,6.666666666666667,42.857142857142854,15.161290322580644,5,0,ACTIVE,Dataset A distribution; outcome-blind,"{""activity_sector_excess_return_3d"": -1.3650675253893185, ""activity_sector_excess_return_5d"": -1.8270934023111836, ""activity_top120_count"": 1.0, ""activity_rank_improving_count"": 0.0, ""activity_volume_expansion_breadth"": 13.752488387524883, ""activity_institution_buy_breadth"": 47.72256728778468, ""activity_leader_strength"": 11.10260225217341}"
2026-06-25,EV_BATTERY,-1.2169417621637373,-2.669420179015569,0,0,0.0,21.428571428571427,7.645259938837912,2,0,LOW_ACTIVITY,Dataset A distribution; outcome-blind,"{""activity_sector_excess_return_3d"": -1.3650675253893185, ""activity_sector_excess_return_5d"": -1.8270934023111836, ""activity_top120_count"": 1.0, ""activity_rank_improving_count"": 0.0, ""activity_volume_expansion_breadth"": 13.752488387524883, ""activity_institution_buy_breadth"": 47.72256728778468, ""activity_leader_strength"": 11.10260225217341}"
2026-06-26,EV_BATTERY,1.3112141609000432,-0.4354389040964408,1,0,6.666666666666667,42.857142857142854,2.0804438280166426,4,1,ACTIVE,Dataset A distribution; outcome-blind,"{""activity_sector_excess_return_3d"": -1.3650675253893185, ""activity_sector_excess_return_5d"": -1.8270934023111836, ""activity_top120_count"": 1.0, ""activity_rank_improving_count"": 0.0, ""activity_volume_expansion_breadth"": 13.752488387524883, ""activity_institution_buy_breadth"": 47.72256728778468, ""activity_leader_strength"": 11.10260225217341}"
2026-06-29,EV_BATTERY,-0.8159146462531797,-1.397444180443891,4,0,6.666666666666667,57.14285714285714,6.267029972752036,5,1,ACTIVE,Dataset A distribution; outcome-blind,"{""activity_sector_excess_return_3d"": -1.3650675253893185, ""activity_sector_excess_return_5d"": -1.8270934023111836, ""activity_top120_count"": 1.0, ""activity_rank_improving_count"": 0.0, ""activity_volume_expansion_breadth"": 13.752488387524883, ""activity_institution_buy_breadth"": 47.72256728778468, ""activity_leader_strength"": 11.10260225217341}"
2026-06-30,EV_BATTERY,1.3225821447691577,0.24898982691627936,0,0,13.333333333333334,50.0,8.59916782246879,4,1,ACTIVE,Dataset A distribution; outcome-blind,"{""activity_sector_excess_return_3d"": -1.3650675253893185, ""activity_sector_excess_return_5d"": -1.8270934023111836, ""activity_top120_count"": 1.0, ""activity_rank_improving_count"": 0.0, ""activity_volume_expansion_breadth"": 13.752488387524883, ""activity_institution_buy_breadth"": 47.72256728778468, ""activity_leader_strength"": 11.10260225217341}"
2026-07-01,EV_BATTERY,-1.7612153668373653,-4.680028998908309,0,0,0.0,42.857142857142854,12.939698492462304,2,0,LOW_ACTIVITY,Dataset A distribution; outcome-blind,"{""activity_sector_excess_return_3d"": -1.3650675253893185, ""activity_sector_excess_return_5d"": -1.8270934023111836, ""activity_top120_count"": 1.0, ""activity_rank_improving_count"": 0.0, ""activity_volume_expansion_breadth"": 13.752488387524883, ""activity_institution_buy_breadth"": 47.72256728778468, ""activity_leader_strength"": 11.10260225217341}"
2026-07-02,EV_BATTERY,-1.2012762631789964,0.028332681966436457,1,0,6.666666666666667,57.14285714285714,16.601815823605715,6,0,ACTIVE,Dataset A distribution; outcome-blind,"{""activity_sector_excess_return_3d"": -1.3650675253893185, ""activity_sector_excess_return_5d"": -1.8270934023111836, ""activity_top120_count"": 1.0, ""activity_rank_improving_count"": 0.0, ""activity_volume_expansion_breadth"": 13.752488387524883, ""activity_institution_buy_breadth"": 47.72256728778468, ""activity_leader_strength"": 11.10260225217341}"
2026-07-03,EV_BATTERY,0.9903652207806757,-0.07105729549620232,1,0,13.333333333333334,71.42857142857143,35.52812071330589,6,3,ACTIVE,Dataset A distribution; outcome-blind,"{""activity_sector_excess_return_3d"": -1.3650675253893185, ""activity_sector_excess_return_5d"": -1.8270934023111836, ""activity_top120_count"": 1.0, ""activity_rank_improving_count"": 0.0, ""activity_volume_expansion_breadth"": 13.752488387524883, ""activity_institution_buy_breadth"": 47.72256728778468, ""activity_leader_strength"": 11.10260225217341}"
2026-07-06,EV_BATTERY,4.664372224656321,1.3388869974754085,1,1,33.33333333333333,71.42857142857143,25.718015665796344,7,6,HIGH_ACTIVITY,Dataset A distribution; outcome-blind,"{""activity_sector_excess_return_3d"": -1.3650675253893185, ""activity_sector_excess_return_5d"": -1.8270934023111836, ""activity_top120_count"": 1.0, ""activity_rank_improving_count"": 0.0, ""activity_volume_expansion_breadth"": 13.752488387524883, ""activity_institution_buy_breadth"": 47.72256728778468, ""activity_leader_strength"": 11.10260225217341}"
2026-07-07,EV_BATTERY,1.9497574674697926,0.40116895991408885,1,1,26.666666666666668,14.285714285714285,7.3375262054507395,5,3,ACTIVE,Dataset A distribution; outcome-blind,"{""activity_sector_excess_return_3d"": -1.3650675253893185, ""activity_sector_excess_return_5d"": -1.8270934023111836, ""activity_top120_count"": 1.0, ""activity_rank_improving_count"": 0.0, ""activity_volume_expansion_breadth"": 13.752488387524883, ""activity_institution_buy_breadth"": 47.72256728778468, ""activity_leader_strength"": 11.10260225217341}"
2026-07-08,EV_BATTERY,-0.9028301880258827,2.432343305315743,1,1,13.333333333333334,28.57142857142857,6.006674082313679,4,2,ACTIVE,Dataset A distribution; outcome-blind,"{""activity_sector_excess_return_3d"": -1.3650675253893185, ""activity_sector_excess_return_5d"": -1.8270934023111836, ""activity_top120_count"": 1.0, ""activity_rank_improving_count"": 0.0, ""activity_volume_expansion_breadth"": 13.752488387524883, ""activity_institution_buy_breadth"": 47.72256728778468, ""activity_leader_strength"": 11.10260225217341}"
2026-07-09,EV_BATTERY,-1.0403386805274142,1.4287238786358236,3,1,33.33333333333333,50.0,11.790878754171308,7,4,HIGH_ACTIVITY,Dataset A distribution; outcome-blind,"{""activity_sector_excess_return_3d"": -1.3650675253893185, ""activity_sector_excess_return_5d"": -1.8270934023111836, ""activity_top120_count"": 1.0, ""activity_rank_improving_count"": 0.0, ""activity_volume_expansion_breadth"": 13.752488387524883, ""activity_institution_buy_breadth"": 47.72256728778468, ""activity_leader_strength"": 11.10260225217341}"
2026-07-13,EV_BATTERY,-1.9275397327400912,-1.9547101537895402,1,1,33.33333333333333,50.0,7.471264367816088,4,2,ACTIVE,Dataset A distribution; outcome-blind,"{""activity_sector_excess_return_3d"": -1.3650675253893185, ""activity_sector_excess_return_5d"": -1.8270934023111836, ""activity_top120_count"": 1.0, ""activity_rank_improving_count"": 0.0, ""activity_volume_expansion_breadth"": 13.752488387524883, ""activity_institution_buy_breadth"": 47.72256728778468, ""activity_leader_strength"": 11.10260225217341}"
2026-07-14,EV_BATTERY,-0.5917260565845628,-3.2625883236918227,1,0,26.666666666666668,42.857142857142854,0.7345225603357708,4,1,ACTIVE,Dataset A distribution; outcome-blind,"{""activity_sector_excess_return_3d"": -1.3650675253893185, ""activity_sector_excess_return_5d"": -1.8270934023111836, ""activity_top120_count"": 1.0, ""activity_rank_improving_count"": 0.0, ""activity_volume_expansion_breadth"": 13.752488387524883, ""activity_institution_buy_breadth"": 47.72256728778468, ""activity_leader_strength"": 11.10260225217341}"
2026-07-15,EV_BATTERY,-3.032101175814711,-2.010982779400894,0,0,6.666666666666667,64.28571428571429,9.41358024691359,2,1,LOW_ACTIVITY,Dataset A distribution; outcome-blind,"{""activity_sector_excess_return_3d"": -1.3650675253893185, ""activity_sector_excess_return_5d"": -1.8270934023111836, ""activity_top120_count"": 1.0, ""activity_rank_improving_count"": 0.0, ""activity_volume_expansion_breadth"": 13.752488387524883, ""activity_institution_buy_breadth"": 47.72256728778468, ""activity_leader_strength"": 11.10260225217341}"
2026-07-16,EV_BATTERY,-1.9725934453554028,-3.7612299840682706,0,0,20.0,42.857142857142854,13.477088948787053,3,0,ACTIVE,Dataset A distribution; outcome-blind,"{""activity_sector_excess_return_3d"": -1.3650675253893185, ""activity_sector_excess_return_5d"": -1.8270934023111836, ""activity_top120_count"": 1.0, ""activity_rank_improving_count"": 0.0, ""activity_volume_expansion_breadth"": 13.752488387524883, ""activity_institution_buy_breadth"": 47.72256728778468, ""activity_leader_strength"": 11.10260225217341}"
2026-07-17,EV_BATTERY,0.17816834198093812,-2.1027972261879864,0,0,20.0,35.714285714285715,15.384615384615397,4,0,ACTIVE,Dataset A distribution; outcome-blind,"{""activity_sector_excess_return_3d"": -1.3650675253893185, ""activity_sector_excess_return_5d"": -1.8270934023111836, ""activity_top120_count"": 1.0, ""activity_rank_improving_count"": 0.0, ""activity_volume_expansion_breadth"": 13.752488387524883, ""activity_institution_buy_breadth"": 47.72256728778468, ""activity_leader_strength"": 11.10260225217341}"
2026-07-20,EV_BATTERY,-0.011917297484919764,-1.3877618809111265,0,0,6.666666666666667,42.857142857142854,5.835543766578244,3,0,ACTIVE,Dataset A distribution; outcome-blind,"{""activity_sector_excess_return_3d"": -1.3650675253893185, ""activity_sector_excess_return_5d"": -1.8270934023111836, ""activity_top120_count"": 1.0, ""activity_rank_improving_count"": 0.0, ""activity_volume_expansion_breadth"": 13.752488387524883, ""activity_institution_buy_breadth"": 47.72256728778468, ""activity_leader_strength"": 11.10260225217341}"
2026-07-21,EV_BATTERY,-1.3833610320256873,-2.7975084796289624,0,0,13.333333333333334,57.14285714285714,5.650459921156381,2,0,LOW_ACTIVITY,Dataset A distribution; outcome-blind,"{""activity_sector_excess_return_3d"": -1.3650675253893185, ""activity_sector_excess_return_5d"": -1.8270934023111836, ""activity_top120_count"": 1.0, ""activity_rank_improving_count"": 0.0, ""activity_volume_expansion_breadth"": 13.752488387524883, ""activity_institution_buy_breadth"": 47.72256728778468, ""activity_leader_strength"": 11.10260225217341}"
2026-07-22,EV_BATTERY,-5.617655205532529,-1.804840025168863,0,0,6.666666666666667,50.0,3.524804177545704,3,0,ACTIVE,Dataset A distribution; outcome-blind,"{""activity_sector_excess_return_3d"": -1.3650675253893185, ""activity_sector_excess_return_5d"": -1.8270934023111836, ""activity_top120_count"": 1.0, ""activity_rank_improving_count"": 0.0, ""activity_volume_expansion_breadth"": 13.752488387524883, ""activity_institution_buy_breadth"": 47.72256728778468, ""activity_leader_strength"": 11.10260225217341}"
2026-07-23,EV_BATTERY,-3.5077440489989287,-2.7588737847374203,0,0,6.666666666666667,42.857142857142854,2.127659574468077,1,0,LOW_ACTIVITY,Dataset A distribution; outcome-blind,"{""activity_sector_excess_return_3d"": -1.3650675253893185, ""activity_sector_excess_return_5d"": -1.8270934023111836, ""activity_top120_count"": 1.0, ""activity_rank_improving_count"": 0.0, ""activity_volume_expansion_breadth"": 13.752488387524883, ""activity_institution_buy_breadth"": 47.72256728778468, ""activity_leader_strength"": 11.10260225217341}"
2026-07-24,EV_BATTERY,-0.4457195840262329,-3.6741161809087264,0,0,0.0,28.57142857142857,4.867256637168138,2,0,LOW_ACTIVITY,Dataset A distribution; outcome-blind,"{""activity_sector_excess_return_3d"": -1.3650675253893185, ""activity_sector_excess_return_5d"": -1.8270934023111836, ""activity_top120_count"": 1.0, ""activity_rank_improving_count"": 0.0, ""activity_volume_expansion_breadth"": 13.752488387524883, ""activity_institution_buy_breadth"": 47.72256728778468, ""activity_leader_strength"": 11.10260225217341}"
2026-05-28,FACTORY_ENGINEERING,-2.769482141387458,-1.3869939092528094,1,0,20.0,50.0,15.48311990686846,6,0,ACTIVE,Dataset A distribution; outcome-blind,"{""activity_sector_excess_return_3d"": -1.3650675253893185, ""activity_sector_excess_return_5d"": -1.8270934023111836, ""activity_top120_count"": 1.0, ""activity_rank_improving_count"": 0.0, ""activity_volume_expansion_breadth"": 13.752488387524883, ""activity_institution_buy_breadth"": 47.72256728778468, ""activity_leader_strength"": 11.10260225217341}"
2026-05-29,FACTORY_ENGINEERING,-5.316777785897814,-3.1048831768815455,0,0,0.0,50.0,15.610859728506776,3,0,ACTIVE,Dataset A distribution; outcome-blind,"{""activity_sector_excess_return_3d"": -1.3650675253893185, ""activity_sector_excess_return_5d"": -1.8270934023111836, ""activity_top120_count"": 1.0, ""activity_rank_improving_count"": 0.0, ""activity_volume_expansion_breadth"": 13.752488387524883, ""activity_institution_buy_breadth"": 47.72256728778468, ""activity_leader_strength"": 11.10260225217341}"
2026-06-01,FACTORY_ENGINEERING,-6.46777198960467,-5.584183102600609,0,0,0.0,25.0,5.555555555555558,1,0,LOW_ACTIVITY,Dataset A distribution; outcome-blind,"{""activity_sector_excess_return_3d"": -1.3650675253893185, ""activity_sector_excess_return_5d"": -1.8270934023111836, ""activity_top120_count"": 1.0, ""activity_rank_improving_count"": 0.0, ""activity_volume_expansion_breadth"": 13.752488387524883, ""activity_institution_buy_breadth"": 47.72256728778468, ""activity_leader_strength"": 11.10260225217341}"
2026-06-02,FACTORY_ENGINEERING,-4.362801093546342,-9.004034209089662,0,0,0.0,50.0,2.1739130434782705,2,0,LOW_ACTIVITY,Dataset A distribution; outcome-blind,"{""activity_sector_excess_return_3d"": -1.3650675253893185, ""activity_sector_excess_return_5d"": -1.8270934023111836, ""activity_top120_count"": 1.0, ""activity_rank_improving_count"": 0.0, ""activity_volume_expansion_breadth"": 13.752488387524883, ""activity_institution_buy_breadth"": 47.72256728778468, ""activity_leader_strength"": 11.10260225217341}"
2026-06-03,FACTORY_ENGINEERING,-3.956793360776195,-8.79226692533923,0,0,0.0,50.0,2.0000000000000018,2,0,LOW_ACTIVITY,Dataset A distribution; outcome-blind,"{""activity_sector_excess_return_3d"": -1.3650675253893185, ""activity_sector_excess_return_5d"": -1.8270934023111836, ""activity_top120_count"": 1.0, ""activity_rank_improving_count"": 0.0, ""activity_volume_expansion_breadth"": 13.752488387524883, ""activity_institution_buy_breadth"": 47.72256728778468, ""activity_leader_strength"": 11.10260225217341}"
2026-06-04,FACTORY_ENGINEERING,0.7143008055826128,-0.8536363224601162,3,0,40.0,75.0,6.865284974093266,6,3,ACTIVE,Dataset A distribution; outcome-blind,"{""activity_sector_excess_return_3d"": -1.3650675253893185, ""activity_sector_excess_return_5d"": -1.8270934023111836, ""activity_top120_count"": 1.0, ""activity_rank_improving_count"": 0.0, ""activity_volume_expansion_breadth"": 13.752488387524883, ""activity_institution_buy_breadth"": 47.72256728778468, ""activity_leader_strength"": 11.10260225217341}"
2026-06-05,FACTORY_ENGINEERING,3.303625192502213,0.15963231205823325,3,0,20.0,75.0,4.329004329004338,6,3,ACTIVE,Dataset A distribution; outcome-blind,"{""activity_sector_excess_return_3d"": -1.3650675253893185, ""activity_sector_excess_return_5d"": -1.8270934023111836, ""activity_top120_count"": 1.0, ""activity_rank_improving_count"": 0.0, ""activity_volume_expansion_breadth"": 13.752488387524883, ""activity_institution_buy_breadth"": 47.72256728778468, ""activity_leader_strength"": 11.10260225217341}"
2026-06-08,FACTORY_ENGINEERING,1.9869703030926607,-1.2036653177376966,1,0,20.0,25.0,-4.783950617283949,5,1,ACTIVE,Dataset A distribution; outcome-blind,"{""activity_sector_excess_return_3d"": -1.3650675253893185, ""activity_sector_excess_return_5d"": -1.8270934023111836, ""activity_top120_count"": 1.0, ""activity_rank_improving_count"": 0.0, ""activity_volume_expansion_breadth"": 13.752488387524883, ""activity_institution_buy_breadth"": 47.72256728778468, ""activity_leader_strength"": 11.10260225217341}"
2026-06-09,FACTORY_ENGINEERING,0.6616613118258896,1.6187386962150385,0,0,0.0,75.0,3.4782608695652195,4,2,ACTIVE,Dataset A distribution; outcome-blind,"{""activity_sector_excess_return_3d"": -1.3650675253893185, ""activity_sector_excess_return_5d"": -1.8270934023111836, ""activity_top120_count"": 1.0, ""activity_rank_improving_count"": 0.0, ""activity_volume_expansion_breadth"": 13.752488387524883, ""activity_institution_buy_breadth"": 47.72256728778468, ""activity_leader_strength"": 11.10260225217341}"
2026-06-10,FACTORY_ENGINEERING,1.0334603650513872,4.971990354419598,3,1,40.0,75.0,-0.43290043290042934,6,6,HIGH_ACTIVITY,Dataset A distribution; outcome-blind,"{""activity_sector_excess_return_3d"": -1.3650675253893185, ""activity_sector_excess_return_5d"": -1.8270934023111836, ""activity_top120_count"": 1.0, ""activity_rank_improving_count"": 0.0, ""activity_volume_expansion_breadth"": 13.752488387524883, ""activity_institution_buy_breadth"": 47.72256728778468, ""activity_leader_strength"": 11.10260225217341}"
2026-06-11,FACTORY_ENGINEERING,4.125231215607206,4.111694124463988,0,0,20.0,25.0,0.31496062992126816,4,2,ACTIVE,Dataset A distribution; outcome-blind,"{""activity_sector_excess_return_3d"": -1.3650675253893185, ""activity_sector_excess_return_5d"": -1.8270934023111836, ""activity_top120_count"": 1.0, ""activity_rank_improving_count"": 0.0, ""activity_volume_expansion_breadth"": 13.752488387524883, ""activity_institution_buy_breadth"": 47.72256728778468, ""activity_leader_strength"": 11.10260225217341}"
2026-06-12,FACTORY_ENGINEERING,9.017594313002819,10.018350260342734,4,0,60.0,100.0,8.73015873015872,6,5,HIGH_ACTIVITY,Dataset A distribution; outcome-blind,"{""activity_sector_excess_return_3d"": -1.3650675253893185, ""activity_sector_excess_return_5d"": -1.8270934023111836, ""activity_top120_count"": 1.0, ""activity_rank_improving_count"": 0.0, ""activity_volume_expansion_breadth"": 13.752488387524883, ""activity_institution_buy_breadth"": 47.72256728778468, ""activity_leader_strength"": 11.10260225217341}"
2026-06-15,FACTORY_ENGINEERING,14.865705809018216,17.773958356658678,4,3,60.0,75.0,24.32432432432432,7,7,HIGH_ACTIVITY,Dataset A distribution; outcome-blind,"{""activity_sector_excess_return_3d"": -1.3650675253893185, ""activity_sector_excess_return_5d"": -1.8270934023111836, ""activity_top120_count"": 1.0, ""activity_rank_improving_count"": 0.0, ""activity_volume_expansion_breadth"": 13.752488387524883, ""activity_institution_buy_breadth"": 47.72256728778468, ""activity_leader_strength"": 11.10260225217341}"
2026-06-16,FACTORY_ENGINEERING,2.9711220856447182,4.045300800876527,0,0,80.0,0.0,11.459968602825743,5,3,ACTIVE,Dataset A distribution; outcome-blind,"{""activity_sector_excess_return_3d"": -1.3650675253893185, ""activity_sector_excess_return_5d"": -1.8270934023111836, ""activity_top120_count"": 1.0, ""activity_rank_improving_count"": 0.0, ""activity_volume_expansion_breadth"": 13.752488387524883, ""activity_institution_buy_breadth"": 47.72256728778468, ""activity_leader_strength"": 11.10260225217341}"
2026-06-17,FACTORY_ENGINEERING,-4.444328757227472,4.16331368097701,0,0,0.0,25.0,11.304347826086957,3,1,ACTIVE,Dataset A distribution; outcome-blind,"{""activity_sector_excess_return_3d"": -1.3650675253893185, ""activity_sector_excess_return_5d"": -1.8270934023111836, ""activity_top120_count"": 1.0, ""activity_rank_improving_count"": 0.0, ""activity_volume_expansion_breadth"": 13.752488387524883, ""activity_institution_buy_breadth"": 47.72256728778468, ""activity_leader_strength"": 11.10260225217341}"
2026-06-18,FACTORY_ENGINEERING,-8.299723658496877,4.781532984580372,0,0,0.0,75.0,13.02982731554161,4,2,ACTIVE,Dataset A distribution; outcome-blind,"{""activity_sector_excess_return_3d"": -1.3650675253893185, ""activity_sector_excess_return_5d"": -1.8270934023111836, ""activity_top120_count"": 1.0, ""activity_rank_improving_count"": 0.0, ""activity_volume_expansion_breadth"": 13.752488387524883, ""activity_institution_buy_breadth"": 47.72256728778468, ""activity_leader_strength"": 11.10260225217341}"
2026-06-22,FACTORY_ENGINEERING,-1.5449647759590013,-6.500245426727746,1,0,0.0,50.0,5.660377358490565,3,0,ACTIVE,Dataset A distribution; outcome-blind,"{""activity_sector_excess_return_3d"": -1.3650675253893185, ""activity_sector_excess_return_5d"": -1.8270934023111836, ""activity_top120_count"": 1.0, ""activity_rank_improving_count"": 0.0, ""activity_volume_expansion_breadth"": 13.752488387524883, ""activity_institution_buy_breadth"": 47.72256728778468, ""activity_leader_strength"": 11.10260225217341}"
2026-06-23,FACTORY_ENGINEERING,-3.447617899307276,-11.072888879056292,1,0,0.0,50.0,-5.584642233856895,3,0,ACTIVE,Dataset A distribution; outcome-blind,"{""activity_sector_excess_return_3d"": -1.3650675253893185, ""activity_sector_excess_return_5d"": -1.8270934023111836, ""activity_top120_count"": 1.0, ""activity_rank_improving_count"": 0.0, ""activity_volume_expansion_breadth"": 13.752488387524883, ""activity_institution_buy_breadth"": 47.72256728778468, ""activity_leader_strength"": 11.10260225217341}"
2026-06-24,FACTORY_ENGINEERING,0.20832208832526344,0.25935500379833387,0,0,20.0,50.0,6.760563380281681,5,0,ACTIVE,Dataset A distribution; outcome-blind,"{""activity_sector_excess_return_3d"": -1.3650675253893185, ""activity_sector_excess_return_5d"": -1.8270934023111836, ""activity_top120_count"": 1.0, ""activity_rank_improving_count"": 0.0, ""activity_volume_expansion_breadth"": 13.752488387524883, ""activity_institution_buy_breadth"": 47.72256728778468, ""activity_leader_strength"": 11.10260225217341}"
2026-06-25,FACTORY_ENGINEERING,10.445777139849566,6.777057610137837,3,3,60.0,100.0,13.371266002844951,7,6,HIGH_ACTIVITY,Dataset A distribution; outcome-blind,"{""activity_sector_excess_return_3d"": -1.3650675253893185, ""activity_sector_excess_return_5d"": -1.8270934023111836, ""activity_top120_count"": 1.0, ""activity_rank_improving_count"": 0.0, ""activity_volume_expansion_breadth"": 13.752488387524883, ""activity_institution_buy_breadth"": 47.72256728778468, ""activity_leader_strength"": 11.10260225217341}"
2026-06-26,FACTORY_ENGINEERING,14.04309017317279,10.38082428502235,3,3,40.0,75.0,10.138888888888896,6,6,HIGH_ACTIVITY,Dataset A distribution; outcome-blind,"{""activity_sector_excess_return_3d"": -1.3650675253893185, ""activity_sector_excess_return_5d"": -1.8270934023111836, ""activity_top120_count"": 1.0, ""activity_rank_improving_count"": 0.0, ""activity_volume_expansion_breadth"": 13.752488387524883, ""activity_institution_buy_breadth"": 47.72256728778468, ""activity_leader_strength"": 11.10260225217341}"
2026-06-29,FACTORY_ENGINEERING,8.890664722563102,13.469261017230139,3,0,40.0,75.0,17.901234567901227,7,5,HIGH_ACTIVITY,Dataset A distribution; outcome-blind,"{""activity_sector_excess_return_3d"": -1.3650675253893185, ""activity_sector_excess_return_5d"": -1.8270934023111836, ""activity_top120_count"": 1.0, ""activity_rank_improving_count"": 0.0, ""activity_volume_expansion_breadth"": 13.752488387524883, ""activity_institution_buy_breadth"": 47.72256728778468, ""activity_leader_strength"": 11.10260225217341}"
2026-06-30,FACTORY_ENGINEERING,-1.8159349679111756,7.89144673444403,1,1,40.0,25.0,16.687737041719352,5,3,ACTIVE,Dataset A distribution; outcome-blind,"{""activity_sector_excess_return_3d"": -1.3650675253893185, ""activity_sector_excess_return_5d"": -1.8270934023111836, ""activity_top120_count"": 1.0, ""activity_rank_improving_count"": 0.0, ""activity_volume_expansion_breadth"": 13.752488387524883, ""activity_institution_buy_breadth"": 47.72256728778468, ""activity_leader_strength"": 11.10260225217341}"
2026-07-01,FACTORY_ENGINEERING,-5.046857935735344,2.5447938918280677,4,1,40.0,50.0,11.49144254278729,6,4,HIGH_ACTIVITY,Dataset A distribution; outcome-blind,"{""activity_sector_excess_return_3d"": -1.3650675253893185, ""activity_sector_excess_return_5d"": -1.8270934023111836, ""activity_top120_count"": 1.0, ""activity_rank_improving_count"": 0.0, ""activity_volume_expansion_breadth"": 13.752488387524883, ""activity_institution_buy_breadth"": 47.72256728778468, ""activity_leader_strength"": 11.10260225217341}"
2026-07-02,FACTORY_ENGINEERING,-3.7947206350018305,2.2695575695908743,4,2,0.0,100.0,7.314285714285718,4,4,HIGH_ACTIVITY,Dataset A distribution; outcome-blind,"{""activity_sector_excess_return_3d"": -1.3650675253893185, ""activity_sector_excess_return_5d"": -1.8270934023111836, ""activity_top120_count"": 1.0, ""activity_rank_improving_count"": 0.0, ""activity_volume_expansion_breadth"": 13.752488387524883, ""activity_institution_buy_breadth"": 47.72256728778468, ""activity_leader_strength"": 11.10260225217341}"
2026-07-03,FACTORY_ENGINEERING,1.071245688691358,-0.5962718882701727,4,1,0.0,50.0,10.73446327683616,5,3,ACTIVE,Dataset A distribution; outcome-blind,"{""activity_sector_excess_return_3d"": -1.3650675253893185, ""activity_sector_excess_return_5d"": -1.8270934023111836, ""activity_top120_count"": 1.0, ""activity_rank_improving_count"": 0.0, ""activity_volume_expansion_breadth"": 13.752488387524883, ""activity_institution_buy_breadth"": 47.72256728778468, ""activity_leader_strength"": 11.10260225217341}"
2026-07-06,FACTORY_ENGINEERING,1.6655228937070332,-6.133651070023633,0,0,0.0,0.0,7.14285714285714,2,1,LOW_ACTIVITY,Dataset A distribution; outcome-blind,"{""activity_sector_excess_return_3d"": -1.3650675253893185, ""activity_sector_excess_return_5d"": -1.8270934023111836, ""activity_top120_count"": 1.0, ""activity_rank_improving_count"": 0.0, ""activity_volume_expansion_breadth"": 13.752488387524883, ""activity_institution_buy_breadth"": 47.72256728778468, ""activity_leader_strength"": 11.10260225217341}"
2026-07-07,FACTORY_ENGINEERING,-2.7559860095719264,-2.9327982166553856,0,0,0.0,25.0,1.4440433212996373,1,0,LOW_ACTIVITY,Dataset A distribution; outcome-blind,"{""activity_sector_excess_return_3d"": -1.3650675253893185, ""activity_sector_excess_return_5d"": -1.8270934023111836, ""activity_top120_count"": 1.0, ""activity_rank_improving_count"": 0.0, ""activity_volume_expansion_breadth"": 13.752488387524883, ""activity_institution_buy_breadth"": 47.72256728778468, ""activity_leader_strength"": 11.10260225217341}"
2026-07-08,FACTORY_ENGINEERING,-5.659905526959369,-2.1232180841915413,0,0,0.0,0.0,-4.378283712784592,1,0,LOW_ACTIVITY,Dataset A distribution; outcome-blind,"{""activity_sector_excess_return_3d"": -1.3650675253893185, ""activity_sector_excess_return_5d"": -1.8270934023111836, ""activity_top120_count"": 1.0, ""activity_rank_improving_count"": 0.0, ""activity_volume_expansion_breadth"": 13.752488387524883, ""activity_institution_buy_breadth"": 47.72256728778468, ""activity_leader_strength"": 11.10260225217341}"
2026-07-09,FACTORY_ENGINEERING,-3.150393951153685,-4.221110696822023,0,0,0.0,0.0,-6.632653061224492,1,0,LOW_ACTIVITY,Dataset A distribution; outcome-blind,"{""activity_sector_excess_return_3d"": -1.3650675253893185, ""activity_sector_excess_return_5d"": -1.8270934023111836, ""activity_top120_count"": 1.0, ""activity_rank_improving_count"": 0.0, ""activity_volume_expansion_breadth"": 13.752488387524883, ""activity_institution_buy_breadth"": 47.72256728778468, ""activity_leader_strength"": 11.10260225217341}"
2026-07-13,FACTORY_ENGINEERING,-0.9679107955821775,-3.5816225088648515,2,0,0.0,75.0,-4.855643044619418,4,1,ACTIVE,Dataset A distribution; outcome-blind,"{""activity_sector_excess_return_3d"": -1.3650675253893185, ""activity_sector_excess_return_5d"": -1.8270934023111836, ""activity_top120_count"": 1.0, ""activity_rank_improving_count"": 0.0, ""activity_volume_expansion_breadth"": 13.752488387524883, ""activity_institution_buy_breadth"": 47.72256728778468, ""activity_leader_strength"": 11.10260225217341}"
2026-07-14,FACTORY_ENGINEERING,0.8384707623366405,-4.082080881530665,0,0,0.0,25.0,-5.438596491228065,2,0,LOW_ACTIVITY,Dataset A distribution; outcome-blind,"{""activity_sector_excess_return_3d"": -1.3650675253893185, ""activity_sector_excess_return_5d"": -1.8270934023111836, ""activity_top120_count"": 1.0, ""activity_rank_improving_count"": 0.0, ""activity_volume_expansion_breadth"": 13.752488387524883, ""activity_institution_buy_breadth"": 47.72256728778468, ""activity_leader_strength"": 11.10260225217341}"
2026-07-15,FACTORY_ENGINEERING,5.447925868027292,2.373821648309715,0,0,0.0,100.0,4.0925266903914626,4,3,ACTIVE,Dataset A distribution; outcome-blind,"{""activity_sector_excess_return_3d"": -1.3650675253893185, ""activity_sector_excess_return_5d"": -1.8270934023111836, ""activity_top120_count"": 1.0, ""activity_rank_improving_count"": 0.0, ""activity_volume_expansion_breadth"": 13.752488387524883, ""activity_institution_buy_breadth"": 47.72256728778468, ""activity_leader_strength"": 11.10260225217341}"
2026-07-16,FACTORY_ENGINEERING,2.274318842254719,5.049878853236378,0,0,20.0,25.0,8.058608058608051,4,2,ACTIVE,Dataset A distribution; outcome-blind,"{""activity_sector_excess_return_3d"": -1.3650675253893185, ""activity_sector_excess_return_5d"": -1.8270934023111836, ""activity_top120_count"": 1.0, ""activity_rank_improving_count"": 0.0, ""activity_volume_expansion_breadth"": 13.752488387524883, ""activity_institution_buy_breadth"": 47.72256728778468, ""activity_leader_strength"": 11.10260225217341}"
2026-07-17,FACTORY_ENGINEERING,3.493748939433611,3.01545832678638,0,0,20.0,25.0,-0.5649717514124242,4,2,ACTIVE,Dataset A distribution; outcome-blind,"{""activity_sector_excess_return_3d"": -1.3650675253893185, ""activity_sector_excess_return_5d"": -1.8270934023111836, ""activity_top120_count"": 1.0, ""activity_rank_improving_count"": 0.0, ""activity_volume_expansion_breadth"": 13.752488387524883, ""activity_institution_buy_breadth"": 47.72256728778468, ""activity_leader_strength"": 11.10260225217341}"
2026-07-20,FACTORY_ENGINEERING,-4.590073290943641,-0.39802220729539606,0,0,0.0,25.0,-4.413793103448271,2,0,LOW_ACTIVITY,Dataset A distribution; outcome-blind,"{""activity_sector_excess_return_3d"": -1.3650675253893185, ""activity_sector_excess_return_5d"": -1.8270934023111836, ""activity_top120_count"": 1.0, ""activity_rank_improving_count"": 0.0, ""activity_volume_expansion_breadth"": 13.752488387524883, ""activity_institution_buy_breadth"": 47.72256728778468, ""activity_leader_strength"": 11.10260225217341}"
2026-07-21,FACTORY_ENGINEERING,-4.001794054192148,0.08265004368421258,0,0,0.0,25.0,2.269503546099294,2,0,LOW_ACTIVITY,Dataset A distribution; outcome-blind,"{""activity_sector_excess_return_3d"": -1.3650675253893185, ""activity_sector_excess_return_5d"": -1.8270934023111836, ""activity_top120_count"": 1.0, ""activity_rank_improving_count"": 0.0, ""activity_volume_expansion_breadth"": 13.752488387524883, ""activity_institution_buy_breadth"": 47.72256728778468, ""activity_leader_strength"": 11.10260225217341}"
2026-07-22,FACTORY_ENGINEERING,-2.840036339095253,-4.245651333704531,0,0,0.0,75.0,-3.585657370517925,2,1,LOW_ACTIVITY,Dataset A distribution; outcome-blind,"{""activity_sector_excess_return_3d"": -1.3650675253893185, ""activity_sector_excess_return_5d"": -1.8270934023111836, ""activity_top120_count"": 1.0, ""activity_rank_improving_count"": 0.0, ""activity_volume_expansion_breadth"": 13.752488387524883, ""activity_institution_buy_breadth"": 47.72256728778468, ""activity_leader_strength"": 11.10260225217341}"
2026-07-23,FACTORY_ENGINEERING,-0.573684979970535,-3.294700233627535,0,0,0.0,50.0,-1.1520737327188946,3,0,ACTIVE,Dataset A distribution; outcome-blind,"{""activity_sector_excess_return_3d"": -1.3650675253893185, ""activity_sector_excess_return_5d"": -1.8270934023111836, ""activity_top120_count"": 1.0, ""activity_rank_improving_count"": 0.0, ""activity_volume_expansion_breadth"": 13.752488387524883, ""activity_institution_buy_breadth"": 47.72256728778468, ""activity_leader_strength"": 11.10260225217341}"
2026-07-24,FACTORY_ENGINEERING,-0.5442929490839021,-3.1418037150036993,0,0,20.0,0.0,5.1314142678347885,3,0,ACTIVE,Dataset A distribution; outcome-blind,"{""activity_sector_excess_return_3d"": -1.3650675253893185, ""activity_sector_excess_return_5d"": -1.8270934023111836, ""activity_top120_count"": 1.0, ""activity_rank_improving_count"": 0.0, ""activity_volume_expansion_breadth"": 13.752488387524883, ""activity_institution_buy_breadth"": 47.72256728778468, ""activity_leader_strength"": 11.10260225217341}"
2026-05-28,FINANCIAL,-0.032012948503090666,-6.14023985815092,1,0,35.064935064935064,20.33898305084746,14.464099895941729,5,1,ACTIVE,Dataset A distribution; outcome-blind,"{""activity_sector_excess_return_3d"": -1.3650675253893185, ""activity_sector_excess_return_5d"": -1.8270934023111836, ""activity_top120_count"": 1.0, ""activity_rank_improving_count"": 0.0, ""activity_volume_expansion_breadth"": 13.752488387524883, ""activity_institution_buy_breadth"": 47.72256728778468, ""activity_leader_strength"": 11.10260225217341}"
2026-05-29,FINANCIAL,-2.774404904541883,-6.055384394324753,0,0,38.961038961038966,38.983050847457626,20.68965517241379,3,1,ACTIVE,Dataset A distribution; outcome-blind,"{""activity_sector_excess_return_3d"": -1.3650675253893185, ""activity_sector_excess_return_5d"": -1.8270934023111836, ""activity_top120_count"": 1.0, ""activity_rank_improving_count"": 0.0, ""activity_volume_expansion_breadth"": 13.752488387524883, ""activity_institution_buy_breadth"": 47.72256728778468, ""activity_leader_strength"": 11.10260225217341}"
2026-06-01,FINANCIAL,-2.0223397669496657,-3.4665913580526064,0,0,33.76623376623377,54.23728813559322,21.100917431192645,4,1,ACTIVE,Dataset A distribution; outcome-blind,"{""activity_sector_excess_return_3d"": -1.3650675253893185, ""activity_sector_excess_return_5d"": -1.8270934023111836, ""activity_top120_count"": 1.0, ""activity_rank_improving_count"": 0.0, ""activity_volume_expansion_breadth"": 13.752488387524883, ""activity_institution_buy_breadth"": 47.72256728778468, ""activity_leader_strength"": 11.10260225217341}"
2026-06-02,FINANCIAL,-2.9981142642420022,-3.4127882841373025,3,0,40.25974025974026,49.152542372881356,24.810892586989432,5,3,ACTIVE,Dataset A distribution; outcome-blind,"{""activity_sector_excess_return_3d"": -1.3650675253893185, ""activity_sector_excess_return_5d"": -1.8270934023111836, ""activity_top120_count"": 1.0, ""activity_rank_improving_count"": 0.0, ""activity_volume_expansion_breadth"": 13.752488387524883, ""activity_institution_buy_breadth"": 47.72256728778468, ""activity_leader_strength"": 11.10260225217341}"
2026-06-03,FINANCIAL,-0.8131822426053814,-2.184112230929891,2,0,53.246753246753244,61.016949152542374,27.714285714285715,6,3,ACTIVE,Dataset A distribution; outcome-blind,"{""activity_sector_excess_return_3d"": -1.3650675253893185, ""activity_sector_excess_return_5d"": -1.8270934023111836, ""activity_top120_count"": 1.0, ""activity_rank_improving_count"": 0.0, ""activity_volume_expansion_breadth"": 13.752488387524883, ""activity_institution_buy_breadth"": 47.72256728778468, ""activity_leader_strength"": 11.10260225217341}"
2026-06-04,FINANCIAL,1.99076429715207,-0.7000614521795678,6,1,40.25974025974026,69.49152542372882,27.36486486486487,7,6,HIGH_ACTIVITY,Dataset A distribution; outcome-blind,"{""activity_sector_excess_return_3d"": -1.3650675253893185, ""activity_sector_excess_return_5d"": -1.8270934023111836, ""activity_top120_count"": 1.0, ""activity_rank_improving_count"": 0.0, ""activity_volume_expansion_breadth"": 13.752488387524883, ""activity_institution_buy_breadth"": 47.72256728778468, ""activity_leader_strength"": 11.10260225217341}"
2026-06-05,FINANCIAL,3.091875507650099,2.630901692585752,8,2,27.27272727272727,42.3728813559322,24.421052631578945,6,6,HIGH_ACTIVITY,Dataset A distribution; outcome-blind,"{""activity_sector_excess_return_3d"": -1.3650675253893185, ""activity_sector_excess_return_5d"": -1.8270934023111836, ""activity_top120_count"": 1.0, ""activity_rank_improving_count"": 0.0, ""activity_volume_expansion_breadth"": 13.752488387524883, ""activity_institution_buy_breadth"": 47.72256728778468, ""activity_leader_strength"": 11.10260225217341}"
2026-06-08,FINANCIAL,5.575993716889604,4.98774275131778,4,2,32.467532467532465,32.20338983050847,18.101545253863137,6,5,HIGH_ACTIVITY,Dataset A distribution; outcome-blind,"{""activity_sector_excess_return_3d"": -1.3650675253893185, ""activity_sector_excess_return_5d"": -1.8270934023111836, ""activity_top120_count"": 1.0, ""activity_rank_improving_count"": 0.0, ""activity_volume_expansion_breadth"": 13.752488387524883, ""activity_institution_buy_breadth"": 47.72256728778468, ""activity_leader_strength"": 11.10260225217341}"
2026-06-09,FINANCIAL,2.480255600085024,5.342797395707233,9,4,37.66233766233766,69.49152542372882,24.14529914529915,7,7,HIGH_ACTIVITY,Dataset A distribution; outcome-blind,"{""activity_sector_excess_return_3d"": -1.3650675253893185, ""activity_sector_excess_return_5d"": -1.8270934023111836, ""activity_top120_count"": 1.0, ""activity_rank_improving_count"": 0.0, ""activity_volume_expansion_breadth"": 13.752488387524883, ""activity_institution_buy_breadth"": 47.72256728778468, ""activity_leader_strength"": 11.10260225217341}"
2026-06-10,FINANCIAL,4.407926148767016,7.323128470541773,10,6,20.77922077922078,40.67796610169492,9.727626459143979,5,4,HIGH_ACTIVITY,Dataset A distribution; outcome-blind,"{""activity_sector_excess_return_3d"": -1.3650675253893185, ""activity_sector_excess_return_5d"": -1.8270934023111836, ""activity_top120_count"": 1.0, ""activity_rank_improving_count"": 0.0, ""activity_volume_expansion_breadth"": 13.752488387524883, ""activity_institution_buy_breadth"": 47.72256728778468, ""activity_leader_strength"": 11.10260225217341}"
2026-06-11,FINANCIAL,2.512858252458594,5.534458352106264,4,0,15.584415584415584,50.847457627118644,10.087719298245613,6,3,ACTIVE,Dataset A distribution; outcome-blind,"{""activity_sector_excess_return_3d"": -1.3650675253893185, ""activity_sector_excess_return_5d"": -1.8270934023111836, ""activity_top120_count"": 1.0, ""activity_rank_improving_count"": 0.0, ""activity_volume_expansion_breadth"": 13.752488387524883, ""activity_institution_buy_breadth"": 47.72256728778468, ""activity_leader_strength"": 11.10260225217341}"
2026-06-12,FINANCIAL,1.1976439029322439,2.6319824767404576,5,1,18.181818181818183,45.76271186440678,5.802047781569963,5,4,HIGH_ACTIVITY,Dataset A distribution; outcome-blind,"{""activity_sector_excess_return_3d"": -1.3650675253893185, ""activity_sector_excess_return_5d"": -1.8270934023111836, ""activity_top120_count"": 1.0, ""activity_rank_improving_count"": 0.0, ""activity_volume_expansion_breadth"": 13.752488387524883, ""activity_institution_buy_breadth"": 47.72256728778468, ""activity_leader_strength"": 11.10260225217341}"
2026-06-15,FINANCIAL,-4.564303895782585,-1.756824879554042,5,3,20.77922077922078,45.76271186440678,13.873873873873887,5,2,ACTIVE,Dataset A distribution; outcome-blind,"{""activity_sector_excess_return_3d"": -1.3650675253893185, ""activity_sector_excess_return_5d"": -1.8270934023111836, ""activity_top120_count"": 1.0, ""activity_rank_improving_count"": 0.0, ""activity_volume_expansion_breadth"": 13.752488387524883, ""activity_institution_buy_breadth"": 47.72256728778468, ""activity_leader_strength"": 11.10260225217341}"
2026-06-16,FINANCIAL,-5.261060996790556,-1.9834261674581022,5,1,22.07792207792208,66.10169491525424,9.306260575296088,4,3,ACTIVE,Dataset A distribution; outcome-blind,"{""activity_sector_excess_return_3d"": -1.3650675253893185, ""activity_sector_excess_return_5d"": -1.8270934023111836, ""activity_top120_count"": 1.0, ""activity_rank_improving_count"": 0.0, ""activity_volume_expansion_breadth"": 13.752488387524883, ""activity_institution_buy_breadth"": 47.72256728778468, ""activity_leader_strength"": 11.10260225217341}"
2026-06-17,FINANCIAL,-2.713908273236676,-5.046024630850288,4,2,16.883116883116884,49.152542372881356,13.613613613613618,5,2,ACTIVE,Dataset A distribution; outcome-blind,"{""activity_sector_excess_return_3d"": -1.3650675253893185, ""activity_sector_excess_return_5d"": -1.8270934023111836, ""activity_top120_count"": 1.0, ""activity_rank_improving_count"": 0.0, ""activity_volume_expansion_breadth"": 13.752488387524883, ""activity_institution_buy_breadth"": 47.72256728778468, ""activity_leader_strength"": 11.10260225217341}"
2026-06-18,FINANCIAL,-1.7387526093269101,-6.31913207846837,2,1,15.584415584415584,45.76271186440678,19.69924812030075,4,1,ACTIVE,Dataset A distribution; outcome-blind,"{""activity_sector_excess_return_3d"": -1.3650675253893185, ""activity_sector_excess_return_5d"": -1.8270934023111836, ""activity_top120_count"": 1.0, ""activity_rank_improving_count"": 0.0, ""activity_volume_expansion_breadth"": 13.752488387524883, ""activity_institution_buy_breadth"": 47.72256728778468, ""activity_leader_strength"": 11.10260225217341}"
2026-06-22,FINANCIAL,-4.009591291814363,-7.23243097444124,1,0,10.38961038961039,40.67796610169492,16.544655929721806,3,0,ACTIVE,Dataset A distribution; outcome-blind,"{""activity_sector_excess_return_3d"": -1.3650675253893185, ""activity_sector_excess_return_5d"": -1.8270934023111836, ""activity_top120_count"": 1.0, ""activity_rank_improving_count"": 0.0, ""activity_volume_expansion_breadth"": 13.752488387524883, ""activity_institution_buy_breadth"": 47.72256728778468, ""activity_leader_strength"": 11.10260225217341}"
2026-06-23,FINANCIAL,-2.666367899307276,-3.265296076980717,3,0,6.493506493506493,61.016949152542374,13.06818181818179,4,2,ACTIVE,Dataset A distribution; outcome-blind,"{""activity_sector_excess_return_3d"": -1.3650675253893185, ""activity_sector_excess_return_5d"": -1.8270934023111836, ""activity_top120_count"": 1.0, ""activity_rank_improving_count"": 0.0, ""activity_volume_expansion_breadth"": 13.752488387524883, ""activity_institution_buy_breadth"": 47.72256728778468, ""activity_leader_strength"": 11.10260225217341}"
2026-06-24,FINANCIAL,0.5596538264926287,-0.5117095499832969,2,1,10.38961038961039,30.508474576271187,12.039660056657219,5,1,ACTIVE,Dataset A distribution; outcome-blind,"{""activity_sector_excess_return_3d"": -1.3650675253893185, ""activity_sector_excess_return_5d"": -1.8270934023111836, ""activity_top120_count"": 1.0, ""activity_rank_improving_count"": 0.0, ""activity_volume_expansion_breadth"": 13.752488387524883, ""activity_institution_buy_breadth"": 47.72256728778468, ""activity_leader_strength"": 11.10260225217341}"
2026-06-25,FINANCIAL,3.2972810234523364,-0.6353279950571888,2,0,11.688311688311687,59.32203389830508,9.903713892709764,5,2,ACTIVE,Dataset A distribution; outcome-blind,"{""activity_sector_excess_return_3d"": -1.3650675253893185, ""activity_sector_excess_return_5d"": -1.8270934023111836, ""activity_top120_count"": 1.0, ""activity_rank_improving_count"": 0.0, ""activity_volume_expansion_breadth"": 13.752488387524883, ""activity_institution_buy_breadth"": 47.72256728778468, ""activity_leader_strength"": 11.10260225217341}"
2026-06-26,FINANCIAL,4.923148630698926,3.8520534119758807,5,0,14.285714285714285,47.45762711864407,2.4070021881837933,5,3,ACTIVE,Dataset A distribution; outcome-blind,"{""activity_sector_excess_return_3d"": -1.3650675253893185, ""activity_sector_excess_return_5d"": -1.8270934023111836, ""activity_top120_count"": 1.0, ""activity_rank_improving_count"": 0.0, ""activity_volume_expansion_breadth"": 13.752488387524883, ""activity_institution_buy_breadth"": 47.72256728778468, ""activity_leader_strength"": 11.10260225217341}"
2026-06-29,FINANCIAL,2.266764544909605,5.742612665581792,3,1,16.883116883116884,44.06779661016949,3.2569360675512637,5,4,HIGH_ACTIVITY,Dataset A distribution; outcome-blind,"{""activity_sector_excess_return_3d"": -1.3650675253893185, ""activity_sector_excess_return_5d"": -1.8270934023111836, ""activity_top120_count"": 1.0, ""activity_rank_improving_count"": 0.0, ""activity_volume_expansion_breadth"": 13.752488387524883, ""activity_institution_buy_breadth"": 47.72256728778468, ""activity_leader_strength"": 11.10260225217341}"
2026-06-30,FINANCIAL,-0.20579302135017574,1.8497472440476836,3,0,22.07792207792208,33.89830508474576,3.4482758620689724,5,2,ACTIVE,Dataset A distribution; outcome-blind,"{""activity_sector_excess_return_3d"": -1.3650675253893185, ""activity_sector_excess_return_5d"": -1.8270934023111836, ""activity_top120_count"": 1.0, ""activity_rank_improving_count"": 0.0, ""activity_volume_expansion_breadth"": 13.752488387524883, ""activity_institution_buy_breadth"": 47.72256728778468, ""activity_leader_strength"": 11.10260225217341}"
2026-07-01,FINANCIAL,-5.490539301118003,-2.194048129005494,0,0,22.07792207792208,40.67796610169492,5.537974683544311,2,0,LOW_ACTIVITY,Dataset A distribution; outcome-blind,"{""activity_sector_excess_return_3d"": -1.3650675253893185, ""activity_sector_excess_return_5d"": -1.8270934023111836, ""activity_top120_count"": 1.0, ""activity_rank_improving_count"": 0.0, ""activity_volume_expansion_breadth"": 13.752488387524883, ""activity_institution_buy_breadth"": 47.72256728778468, ""activity_leader_strength"": 11.10260225217341}"
2026-07-02,FINANCIAL,-4.445131989656359,-2.406286210537978,1,0,16.883116883116884,30.508474576271187,3.610675039246458,3,0,ACTIVE,Dataset A distribution; outcome-blind,"{""activity_sector_excess_return_3d"": -1.3650675253893185, ""activity_sector_excess_return_5d"": -1.8270934023111836, ""activity_top120_count"": 1.0, ""activity_rank_improving_count"": 0.0, ""activity_volume_expansion_breadth"": 13.752488387524883, ""activity_institution_buy_breadth"": 47.72256728778468, ""activity_leader_strength"": 11.10260225217341}"
2026-07-03,FINANCIAL,-1.4193974709658885,-4.875993974073356,2,0,14.285714285714285,64.40677966101694,7.053291536050166,4,1,ACTIVE,Dataset A distribution; outcome-blind,"{""activity_sector_excess_return_3d"": -1.3650675253893185, ""activity_sector_excess_return_5d"": -1.8270934023111836, ""activity_top120_count"": 1.0, ""activity_rank_improving_count"": 0.0, ""activity_volume_expansion_breadth"": 13.752488387524883, ""activity_institution_buy_breadth"": 47.72256728778468, ""activity_leader_strength"": 11.10260225217341}"
2026-07-06,FINANCIAL,1.8173644182647775,-3.299384719880294,4,0,10.38961038961039,52.54237288135594,12.842712842712857,5,2,ACTIVE,Dataset A distribution; outcome-blind,"{""activity_sector_excess_return_3d"": -1.3650675253893185, ""activity_sector_excess_return_5d"": -1.8270934023111836, ""activity_top120_count"": 1.0, ""activity_rank_improving_count"": 0.0, ""activity_volume_expansion_breadth"": 13.752488387524883, ""activity_institution_buy_breadth"": 47.72256728778468, ""activity_leader_strength"": 11.10260225217341}"
2026-07-07,FINANCIAL,3.8204060962516717,1.8524536716980844,6,0,9.090909090909092,55.932203389830505,8.167770419426045,5,3,ACTIVE,Dataset A distribution; outcome-blind,"{""activity_sector_excess_return_3d"": -1.3650675253893185, ""activity_sector_excess_return_5d"": -1.8270934023111836, ""activity_top120_count"": 1.0, ""activity_rank_improving_count"": 0.0, ""activity_volume_expansion_breadth"": 13.752488387524883, ""activity_institution_buy_breadth"": 47.72256728778468, ""activity_leader_strength"": 11.10260225217341}"
2026-07-08,FINANCIAL,2.7238017461521324,3.635289282413734,6,3,15.584415584415584,50.847457627118644,9.29203539823007,6,4,HIGH_ACTIVITY,Dataset A distribution; outcome-blind,"{""activity_sector_excess_return_3d"": -1.3650675253893185, ""activity_sector_excess_return_5d"": -1.8270934023111836, ""activity_top120_count"": 1.0, ""activity_rank_improving_count"": 0.0, ""activity_volume_expansion_breadth"": 13.752488387524883, ""activity_institution_buy_breadth"": 47.72256728778468, ""activity_leader_strength"": 11.10260225217341}"
2026-07-09,FINANCIAL,2.581342754453253,4.032082838364337,4,2,7.792207792207792,33.89830508474576,11.66666666666667,5,4,HIGH_ACTIVITY,Dataset A distribution; outcome-blind,"{""activity_sector_excess_return_3d"": -1.3650675253893185, ""activity_sector_excess_return_5d"": -1.8270934023111836, ""activity_top120_count"": 1.0, ""activity_rank_improving_count"": 0.0, ""activity_volume_expansion_breadth"": 13.752488387524883, ""activity_institution_buy_breadth"": 47.72256728778468, ""activity_leader_strength"": 11.10260225217341}"
2026-07-13,FINANCIAL,0.26935708283605253,3.5226530079396023,2,0,15.584415584415584,52.54237288135594,5.666666666666664,6,1,ACTIVE,Dataset A distribution; outcome-blind,"{""activity_sector_excess_return_3d"": -1.3650675253893185, ""activity_sector_excess_return_5d"": -1.8270934023111836, ""activity_top120_count"": 1.0, ""activity_rank_improving_count"": 0.0, ""activity_volume_expansion_breadth"": 13.752488387524883, ""activity_institution_buy_breadth"": 47.72256728778468, ""activity_leader_strength"": 11.10260225217341}"
2026-07-14,FINANCIAL,1.7854830547382294,3.90588703290784,1,0,14.285714285714285,44.06779661016949,7.194244604316546,5,2,ACTIVE,Dataset A distribution; outcome-blind,"{""activity_sector_excess_return_3d"": -1.3650675253893185, ""activity_sector_excess_return_5d"": -1.8270934023111836, ""activity_top120_count"": 1.0, ""activity_rank_improving_count"": 0.0, ""activity_volume_expansion_breadth"": 13.752488387524883, ""activity_institution_buy_breadth"": 47.72256728778468, ""activity_leader_strength"": 11.10260225217341}"
2026-07-15,FINANCIAL,-0.6106986698816153,-0.4077385789026833,1,0,7.792207792207792,49.152542372881356,5.188679245283034,5,0,ACTIVE,Dataset A distribution; outcome-blind,"{""activity_sector_excess_return_3d"": -1.3650675253893185, ""activity_sector_excess_return_5d"": -1.8270934023111836, ""activity_top120_count"": 1.0, ""activity_rank_improving_count"": 0.0, ""activity_volume_expansion_breadth"": 13.752488387524883, ""activity_institution_buy_breadth"": 47.72256728778468, ""activity_leader_strength"": 11.10260225217341}"
2026-07-16,FINANCIAL,-0.46653921567650913,0.15703595052505848,1,0,7.792207792207792,52.54237288135594,5.640423031727404,5,0,ACTIVE,Dataset A distribution; outcome-blind,"{""activity_sector_excess_return_3d"": -1.3650675253893185, ""activity_sector_excess_return_5d"": -1.8270934023111836, ""activity_top120_count"": 1.0, ""activity_rank_improving_count"": 0.0, ""activity_volume_expansion_breadth"": 13.752488387524883, ""activity_institution_buy_breadth"": 47.72256728778468, ""activity_leader_strength"": 11.10260225217341}"
2026-07-17,FINANCIAL,4.672099481465852,5.751062260542821,5,0,25.97402597402597,54.23728813559322,5.6074766355140415,6,4,HIGH_ACTIVITY,Dataset A distribution; outcome-blind,"{""activity_sector_excess_return_3d"": -1.3650675253893185, ""activity_sector_excess_return_5d"": -1.8270934023111836, ""activity_top120_count"": 1.0, ""activity_rank_improving_count"": 0.0, ""activity_volume_expansion_breadth"": 13.752488387524883, ""activity_institution_buy_breadth"": 47.72256728778468, ""activity_leader_strength"": 11.10260225217341}"
2026-07-20,FINANCIAL,6.8678458399554,6.247351300357762,5,1,23.376623376623375,49.152542372881356,5.150214592274671,6,5,HIGH_ACTIVITY,Dataset A distribution; outcome-blind,"{""activity_sector_excess_return_3d"": -1.3650675253893185, ""activity_sector_excess_return_5d"": -1.8270934023111836, ""activity_top120_count"": 1.0, ""activity_rank_improving_count"": 0.0, ""activity_volume_expansion_breadth"": 13.752488387524883, ""activity_institution_buy_breadth"": 47.72256728778468, ""activity_leader_strength"": 11.10260225217341}"
2026-07-21,FINANCIAL,3.051201337512921,1.6144570488226373,2,1,15.584415584415584,61.016949152542374,7.701019252548136,6,4,HIGH_ACTIVITY,Dataset A distribution; outcome-blind,"{""activity_sector_excess_return_3d"": -1.3650675253893185, ""activity_sector_excess_return_5d"": -1.8270934023111836, ""activity_top120_count"": 1.0, ""activity_rank_improving_count"": 0.0, ""activity_volume_expansion_breadth"": 13.752488387524883, ""activity_institution_buy_breadth"": 47.72256728778468, ""activity_leader_strength"": 11.10260225217341}"
2026-07-22,FINANCIAL,-4.787582678096236,1.7659038398618154,1,1,14.285714285714285,30.508474576271187,6.177606177606165,4,2,ACTIVE,Dataset A distribution; outcome-blind,"{""activity_sector_excess_return_3d"": -1.3650675253893185, ""activity_sector_excess_return_5d"": -1.8270934023111836, ""activity_top120_count"": 1.0, ""activity_rank_improving_count"": 0.0, ""activity_volume_expansion_breadth"": 13.752488387524883, ""activity_institution_buy_breadth"": 47.72256728778468, ""activity_leader_strength"": 11.10260225217341}"
2026-07-23,FINANCIAL,-5.551101904755873,1.6968117027119867,1,0,9.090909090909092,25.423728813559322,4.695431472081224,3,1,ACTIVE,Dataset A distribution; outcome-blind,"{""activity_sector_excess_return_3d"": -1.3650675253893185, ""activity_sector_excess_return_5d"": -1.8270934023111836, ""activity_top120_count"": 1.0, ""activity_rank_improving_count"": 0.0, ""activity_volume_expansion_breadth"": 13.752488387524883, ""activity_institution_buy_breadth"": 47.72256728778468, ""activity_leader_strength"": 11.10260225217341}"
2026-07-24,FINANCIAL,1.3067883680168313,-1.9528808242543105,1,0,3.896103896103896,59.32203389830508,5.454545454545445,4,2,ACTIVE,Dataset A distribution; outcome-blind,"{""activity_sector_excess_return_3d"": -1.3650675253893185, ""activity_sector_excess_return_5d"": -1.8270934023111836, ""activity_top120_count"": 1.0, ""activity_rank_improving_count"": 0.0, ""activity_volume_expansion_breadth"": 13.752488387524883, ""activity_institution_buy_breadth"": 47.72256728778468, ""activity_leader_strength"": 11.10260225217341}"
2026-05-28,FOOD,-0.16379617610421393,-6.328526498494153,0,0,40.0,46.42857142857143,9.383378016085796,3,1,ACTIVE,Dataset A distribution; outcome-blind,"{""activity_sector_excess_return_3d"": -1.3650675253893185, ""activity_sector_excess_return_5d"": -1.8270934023111836, ""activity_top120_count"": 1.0, ""activity_rank_improving_count"": 0.0, ""activity_volume_expansion_breadth"": 13.752488387524883, ""activity_institution_buy_breadth"": 47.72256728778468, ""activity_leader_strength"": 11.10260225217341}"
2026-05-29,FOOD,-2.0322343956249544,-5.414509031887526,0,0,36.666666666666664,64.28571428571429,11.989100817438691,4,2,ACTIVE,Dataset A distribution; outcome-blind,"{""activity_sector_excess_return_3d"": -1.3650675253893185, ""activity_sector_excess_return_5d"": -1.8270934023111836, ""activity_top120_count"": 1.0, ""activity_rank_improving_count"": 0.0, ""activity_volume_expansion_breadth"": 13.752488387524883, ""activity_institution_buy_breadth"": 47.72256728778468, ""activity_leader_strength"": 11.10260225217341}"
2026-06-01,FOOD,-0.8998858882992566,-2.2802609964632903,0,0,60.0,71.42857142857143,13.858695652173903,5,2,ACTIVE,Dataset A distribution; outcome-blind,"{""activity_sector_excess_return_3d"": -1.3650675253893185, ""activity_sector_excess_return_5d"": -1.8270934023111836, ""activity_top120_count"": 1.0, ""activity_rank_improving_count"": 0.0, ""activity_volume_expansion_breadth"": 13.752488387524883, ""activity_institution_buy_breadth"": 47.72256728778468, ""activity_leader_strength"": 11.10260225217341}"
2026-06-02,FOOD,-2.6728872408783633,-2.719498628376915,0,0,26.666666666666668,50.0,7.76315789473685,3,1,ACTIVE,Dataset A distribution; outcome-blind,"{""activity_sector_excess_return_3d"": -1.3650675253893185, ""activity_sector_excess_return_5d"": -1.8270934023111836, ""activity_top120_count"": 1.0, ""activity_rank_improving_count"": 0.0, ""activity_volume_expansion_breadth"": 13.752488387524883, ""activity_institution_buy_breadth"": 47.72256728778468, ""activity_leader_strength"": 11.10260225217341}"
2026-06-03,FOOD,-2.181844034855218,-2.0683601245992222,0,0,40.0,50.0,6.233062330623329,3,1,ACTIVE,Dataset A distribution; outcome-blind,"{""activity_sector_excess_return_3d"": -1.3650675253893185, ""activity_sector_excess_return_5d"": -1.8270934023111836, ""activity_top120_count"": 1.0, ""activity_rank_improving_count"": 0.0, ""activity_volume_expansion_breadth"": 13.752488387524883, ""activity_institution_buy_breadth"": 47.72256728778468, ""activity_leader_strength"": 11.10260225217341}"
2026-06-04,FOOD,0.5269853215146059,-1.899551536895916,0,0,43.333333333333336,60.71428571428571,9.97876857749469,4,2,ACTIVE,Dataset A distribution; outcome-blind,"{""activity_sector_excess_return_3d"": -1.3650675253893185, ""activity_sector_excess_return_5d"": -1.8270934023111836, ""activity_top120_count"": 1.0, ""activity_rank_improving_count"": 0.0, ""activity_volume_expansion_breadth"": 13.752488387524883, ""activity_institution_buy_breadth"": 47.72256728778468, ""activity_leader_strength"": 11.10260225217341}"
2026-06-05,FOOD,1.9933515179462957,1.4310121896848327,3,0,43.333333333333336,39.285714285714285,5.579399141630903,5,4,HIGH_ACTIVITY,Dataset A distribution; outcome-blind,"{""activity_sector_excess_return_3d"": -1.3650675253893185, ""activity_sector_excess_return_5d"": -1.8270934023111836, ""activity_top120_count"": 1.0, ""activity_rank_improving_count"": 0.0, ""activity_volume_expansion_breadth"": 13.752488387524883, ""activity_institution_buy_breadth"": 47.72256728778468, ""activity_leader_strength"": 11.10260225217341}"
2026-06-08,FOOD,5.914487657620937,4.298332602622434,6,0,36.666666666666664,53.57142857142857,4.065040650406493,6,4,HIGH_ACTIVITY,Dataset A distribution; outcome-blind,"{""activity_sector_excess_return_3d"": -1.3650675253893185, ""activity_sector_excess_return_5d"": -1.8270934023111836, ""activity_top120_count"": 1.0, ""activity_rank_improving_count"": 0.0, ""activity_volume_expansion_breadth"": 13.752488387524883, ""activity_institution_buy_breadth"": 47.72256728778468, ""activity_leader_strength"": 11.10260225217341}"
2026-06-09,FOOD,1.6173767442073328,1.87208156056623,4,0,30.0,35.714285714285715,3.6437246963562764,5,4,HIGH_ACTIVITY,Dataset A distribution; outcome-blind,"{""activity_sector_excess_return_3d"": -1.3650675253893185, ""activity_sector_excess_return_5d"": -1.8270934023111836, ""activity_top120_count"": 1.0, ""activity_rank_improving_count"": 0.0, ""activity_volume_expansion_breadth"": 13.752488387524883, ""activity_institution_buy_breadth"": 47.72256728778468, ""activity_leader_strength"": 11.10260225217341}"
2026-06-10,FOOD,3.5716599890009366,6.781526570107832,4,3,33.33333333333333,53.57142857142857,3.5087719298245723,6,5,HIGH_ACTIVITY,Dataset A distribution; outcome-blind,"{""activity_sector_excess_return_3d"": -1.3650675253893185, ""activity_sector_excess_return_5d"": -1.8270934023111836, ""activity_top120_count"": 1.0, ""activity_rank_improving_count"": 0.0, ""activity_volume_expansion_breadth"": 13.752488387524883, ""activity_institution_buy_breadth"": 47.72256728778468, ""activity_leader_strength"": 11.10260225217341}"
2026-06-11,FOOD,1.7911897548160804,5.692187058730869,6,5,20.0,60.71428571428571,6.386292834890961,6,5,HIGH_ACTIVITY,Dataset A distribution; outcome-blind,"{""activity_sector_excess_return_3d"": -1.3650675253893185, ""activity_sector_excess_return_5d"": -1.8270934023111836, ""activity_top120_count"": 1.0, ""activity_rank_improving_count"": 0.0, ""activity_volume_expansion_breadth"": 13.752488387524883, ""activity_institution_buy_breadth"": 47.72256728778468, ""activity_leader_strength"": 11.10260225217341}"
2026-06-12,FOOD,2.518526590721404,2.173817421836488,4,3,20.0,60.71428571428571,5.790297339593109,6,5,HIGH_ACTIVITY,Dataset A distribution; outcome-blind,"{""activity_sector_excess_return_3d"": -1.3650675253893185, ""activity_sector_excess_return_5d"": -1.8270934023111836, ""activity_top120_count"": 1.0, ""activity_rank_improving_count"": 0.0, ""activity_volume_expansion_breadth"": 13.752488387524883, ""activity_institution_buy_breadth"": 47.72256728778468, ""activity_leader_strength"": 11.10260225217341}"
2026-06-15,FOOD,-4.449481884452111,-2.9377968820557987,0,0,30.0,42.857142857142854,7.9365079365079305,2,1,LOW_ACTIVITY,Dataset A distribution; outcome-blind,"{""activity_sector_excess_return_3d"": -1.3650675253893185, ""activity_sector_excess_return_5d"": -1.8270934023111836, ""activity_top120_count"": 1.0, ""activity_rank_improving_count"": 0.0, ""activity_volume_expansion_breadth"": 13.752488387524883, ""activity_institution_buy_breadth"": 47.72256728778468, ""activity_leader_strength"": 11.10260225217341}"
2026-06-16,FOOD,-6.163993709307136,-2.053839741159058,0,0,13.333333333333334,53.57142857142857,7.619047619047614,2,0,LOW_ACTIVITY,Dataset A distribution; outcome-blind,"{""activity_sector_excess_return_3d"": -1.3650675253893185, ""activity_sector_excess_return_5d"": -1.8270934023111836, ""activity_top120_count"": 1.0, ""activity_rank_improving_count"": 0.0, ""activity_volume_expansion_breadth"": 13.752488387524883, ""activity_institution_buy_breadth"": 47.72256728778468, ""activity_leader_strength"": 11.10260225217341}"
2026-06-17,FOOD,-4.39069883935847,-5.851198768537591,0,0,16.666666666666664,32.142857142857146,8.731466227347596,2,0,LOW_ACTIVITY,Dataset A distribution; outcome-blind,"{""activity_sector_excess_return_3d"": -1.3650675253893185, ""activity_sector_excess_return_5d"": -1.8270934023111836, ""activity_top120_count"": 1.0, ""activity_rank_improving_count"": 0.0, ""activity_volume_expansion_breadth"": 13.752488387524883, ""activity_institution_buy_breadth"": 47.72256728778468, ""activity_leader_strength"": 11.10260225217341}"
2026-06-18,FOOD,-2.512531101341664,-7.504153974178685,0,0,13.333333333333334,39.285714285714285,9.880749574105607,1,0,LOW_ACTIVITY,Dataset A distribution; outcome-blind,"{""activity_sector_excess_return_3d"": -1.3650675253893185, ""activity_sector_excess_return_5d"": -1.8270934023111836, ""activity_top120_count"": 1.0, ""activity_rank_improving_count"": 0.0, ""activity_volume_expansion_breadth"": 13.752488387524883, ""activity_institution_buy_breadth"": 47.72256728778468, ""activity_leader_strength"": 11.10260225217341}"
2026-06-22,FOOD,-4.633846303422867,-8.448690339372355,0,0,16.666666666666664,25.0,1.6853932584269593,2,0,LOW_ACTIVITY,Dataset A distribution; outcome-blind,"{""activity_sector_excess_return_3d"": -1.3650675253893185, ""activity_sector_excess_return_5d"": -1.8270934023111836, ""activity_top120_count"": 1.0, ""activity_rank_improving_count"": 0.0, ""activity_volume_expansion_breadth"": 13.752488387524883, ""activity_institution_buy_breadth"": 47.72256728778468, ""activity_leader_strength"": 11.10260225217341}"
2026-06-23,FOOD,-2.940020939896615,-4.152803875323019,0,0,10.0,64.28571428571429,1.0638297872340496,2,1,LOW_ACTIVITY,Dataset A distribution; outcome-blind,"{""activity_sector_excess_return_3d"": -1.3650675253893185, ""activity_sector_excess_return_5d"": -1.8270934023111836, ""activity_top120_count"": 1.0, ""activity_rank_improving_count"": 0.0, ""activity_volume_expansion_breadth"": 13.752488387524883, ""activity_institution_buy_breadth"": 47.72256728778468, ""activity_leader_strength"": 11.10260225217341}"
2026-06-24,FOOD,0.8214350595692421,-0.5117095499832969,6,0,6.666666666666667,71.42857142857143,1.1146496815286566,5,2,ACTIVE,Dataset A distribution; outcome-blind,"{""activity_sector_excess_return_3d"": -1.3650675253893185, ""activity_sector_excess_return_5d"": -1.8270934023111836, ""activity_top120_count"": 1.0, ""activity_rank_improving_count"": 0.0, ""activity_volume_expansion_breadth"": 13.752488387524883, ""activity_institution_buy_breadth"": 47.72256728778468, ""activity_leader_strength"": 11.10260225217341}"
2026-06-25,FOOD,3.2609756140731583,-0.7447875588823649,6,0,10.0,50.0,2.238805970149249,5,2,ACTIVE,Dataset A distribution; outcome-blind,"{""activity_sector_excess_return_3d"": -1.3650675253893185, ""activity_sector_excess_return_5d"": -1.8270934023111836, ""activity_top120_count"": 1.0, ""activity_rank_improving_count"": 0.0, ""activity_volume_expansion_breadth"": 13.752488387524883, ""activity_institution_buy_breadth"": 47.72256728778468, ""activity_leader_strength"": 11.10260225217341}"
2026-06-26,FOOD,4.611716789918875,3.0226106660421803,6,0,13.333333333333334,7.142857142857142,1.943198804185342,4,3,ACTIVE,Dataset A distribution; outcome-blind,"{""activity_sector_excess_return_3d"": -1.3650675253893185, ""activity_sector_excess_return_5d"": -1.8270934023111836, ""activity_top120_count"": 1.0, ""activity_rank_improving_count"": 0.0, ""activity_volume_expansion_breadth"": 13.752488387524883, ""activity_institution_buy_breadth"": 47.72256728778468, ""activity_leader_strength"": 11.10260225217341}"
2026-06-29,FOOD,1.9840664426223786,5.645900866742331,0,0,6.666666666666667,60.71428571428571,3.0257186081694476,4,3,ACTIVE,Dataset A distribution; outcome-blind,"{""activity_sector_excess_return_3d"": -1.3650675253893185, ""activity_sector_excess_return_5d"": -1.8270934023111836, ""activity_top120_count"": 1.0, ""activity_rank_improving_count"": 0.0, ""activity_volume_expansion_breadth"": 13.752488387524883, ""activity_institution_buy_breadth"": 47.72256728778468, ""activity_leader_strength"": 11.10260225217341}"
2026-06-30,FOOD,-0.2522004666640043,1.7411425155490268,0,0,13.333333333333334,21.428571428571427,2.297090352220521,3,1,ACTIVE,Dataset A distribution; outcome-blind,"{""activity_sector_excess_return_3d"": -1.3650675253893185, ""activity_sector_excess_return_5d"": -1.8270934023111836, ""activity_top120_count"": 1.0, ""activity_rank_improving_count"": 0.0, ""activity_volume_expansion_breadth"": 13.752488387524883, ""activity_institution_buy_breadth"": 47.72256728778468, ""activity_leader_strength"": 11.10260225217341}"
2026-07-01,FOOD,-4.967699544525717,-2.4381740917701844,0,0,13.333333333333334,57.14285714285714,3.064066852367686,2,0,LOW_ACTIVITY,Dataset A distribution; outcome-blind,"{""activity_sector_excess_return_3d"": -1.3650675253893185, ""activity_sector_excess_return_5d"": -1.8270934023111836, ""activity_top120_count"": 1.0, ""activity_rank_improving_count"": 0.0, ""activity_volume_expansion_breadth"": 13.752488387524883, ""activity_institution_buy_breadth"": 47.72256728778468, ""activity_leader_strength"": 11.10260225217341}"
2026-07-02,FOOD,-4.090050931387379,-1.693927697851183,0,0,30.0,39.285714285714285,3.779527559055129,3,1,ACTIVE,Dataset A distribution; outcome-blind,"{""activity_sector_excess_return_3d"": -1.3650675253893185, ""activity_sector_excess_return_5d"": -1.8270934023111836, ""activity_top120_count"": 1.0, ""activity_rank_improving_count"": 0.0, ""activity_volume_expansion_breadth"": 13.752488387524883, ""activity_institution_buy_breadth"": 47.72256728778468, ""activity_leader_strength"": 11.10260225217341}"
2026-07-03,FOOD,-0.31726686517460356,-3.1520648526579653,5,0,43.333333333333336,75.0,9.039548022598876,5,3,ACTIVE,Dataset A distribution; outcome-blind,"{""activity_sector_excess_return_3d"": -1.3650675253893185, ""activity_sector_excess_return_5d"": -1.8270934023111836, ""activity_top120_count"": 1.0, ""activity_rank_improving_count"": 0.0, ""activity_volume_expansion_breadth"": 13.752488387524883, ""activity_institution_buy_breadth"": 47.72256728778468, ""activity_leader_strength"": 11.10260225217341}"
2026-07-06,FOOD,1.6714575358951933,-2.8247889502679313,5,0,50.0,53.57142857142857,13.068181818181813,6,3,ACTIVE,Dataset A distribution; outcome-blind,"{""activity_sector_excess_return_3d"": -1.3650675253893185, ""activity_sector_excess_return_5d"": -1.8270934023111836, ""activity_top120_count"": 1.0, ""activity_rank_improving_count"": 0.0, ""activity_volume_expansion_breadth"": 13.752488387524883, ""activity_institution_buy_breadth"": 47.72256728778468, ""activity_leader_strength"": 11.10260225217341}"
2026-07-07,FOOD,3.1984089287521167,2.1367487135375396,6,0,30.0,46.42857142857143,11.420612813370479,6,4,HIGH_ACTIVITY,Dataset A distribution; outcome-blind,"{""activity_sector_excess_return_3d"": -1.3650675253893185, ""activity_sector_excess_return_5d"": -1.8270934023111836, ""activity_top120_count"": 1.0, ""activity_rank_improving_count"": 0.0, ""activity_volume_expansion_breadth"": 13.752488387524883, ""activity_institution_buy_breadth"": 47.72256728778468, ""activity_leader_strength"": 11.10260225217341}"
2026-07-08,FOOD,1.0405361105938815,2.4092268202070057,8,6,23.333333333333332,32.142857142857146,11.386138613861396,6,5,HIGH_ACTIVITY,Dataset A distribution; outcome-blind,"{""activity_sector_excess_return_3d"": -1.3650675253893185, ""activity_sector_excess_return_5d"": -1.8270934023111836, ""activity_top120_count"": 1.0, ""activity_rank_improving_count"": 0.0, ""activity_volume_expansion_breadth"": 13.752488387524883, ""activity_institution_buy_breadth"": 47.72256728778468, ""activity_leader_strength"": 11.10260225217341}"
2026-07-09,FOOD,0.5787608470491143,2.6017509293368155,5,3,23.333333333333332,53.57142857142857,9.223300970873783,6,4,HIGH_ACTIVITY,Dataset A distribution; outcome-blind,"{""activity_sector_excess_return_3d"": -1.3650675253893185, ""activity_sector_excess_return_5d"": -1.8270934023111836, ""activity_top120_count"": 1.0, ""activity_rank_improving_count"": 0.0, ""activity_volume_expansion_breadth"": 13.752488387524883, ""activity_institution_buy_breadth"": 47.72256728778468, ""activity_leader_strength"": 11.10260225217341}"
2026-07-13,FOOD,-0.7554376931184881,2.0209478509917664,5,3,36.666666666666664,53.57142857142857,3.0716723549488067,6,4,HIGH_ACTIVITY,Dataset A distribution; outcome-blind,"{""activity_sector_excess_return_3d"": -1.3650675253893185, ""activity_sector_excess_return_5d"": -1.8270934023111836, ""activity_top120_count"": 1.0, ""activity_rank_improving_count"": 0.0, ""activity_volume_expansion_breadth"": 13.752488387524883, ""activity_institution_buy_breadth"": 47.72256728778468, ""activity_leader_strength"": 11.10260225217341}"
2026-07-14,FOOD,1.683303666073721,1.1586659944818223,1,0,33.33333333333333,57.14285714285714,3.03030303030305,6,3,ACTIVE,Dataset A distribution; outcome-blind,"{""activity_sector_excess_return_3d"": -1.3650675253893185, ""activity_sector_excess_return_5d"": -1.8270934023111836, ""activity_top120_count"": 1.0, ""activity_rank_improving_count"": 0.0, ""activity_volume_expansion_breadth"": 13.752488387524883, ""activity_institution_buy_breadth"": 47.72256728778468, ""activity_leader_strength"": 11.10260225217341}"
2026-07-15,FOOD,0.07499866491210705,-0.33527481078674537,1,0,23.333333333333332,82.14285714285714,4.545454545454541,6,2,ACTIVE,Dataset A distribution; outcome-blind,"{""activity_sector_excess_return_3d"": -1.3650675253893185, ""activity_sector_excess_return_5d"": -1.8270934023111836, ""activity_top120_count"": 1.0, ""activity_rank_improving_count"": 0.0, ""activity_volume_expansion_breadth"": 13.752488387524883, ""activity_institution_buy_breadth"": 47.72256728778468, ""activity_leader_strength"": 11.10260225217341}"
2026-07-16,FOOD,0.7372277775641534,1.7493399067242787,1,1,26.666666666666668,71.42857142857143,11.340206185567014,7,4,HIGH_ACTIVITY,Dataset A distribution; outcome-blind,"{""activity_sector_excess_return_3d"": -1.3650675253893185, ""activity_sector_excess_return_5d"": -1.8270934023111836, ""activity_top120_count"": 1.0, ""activity_rank_improving_count"": 0.0, ""activity_volume_expansion_breadth"": 13.752488387524883, ""activity_institution_buy_breadth"": 47.72256728778468, ""activity_leader_strength"": 11.10260225217341}"
2026-07-17,FOOD,5.8934085962427885,6.588624488616423,10,0,50.0,78.57142857142857,15.807560137457056,7,5,HIGH_ACTIVITY,Dataset A distribution; outcome-blind,"{""activity_sector_excess_return_3d"": -1.3650675253893185, ""activity_sector_excess_return_5d"": -1.8270934023111836, ""activity_top120_count"": 1.0, ""activity_rank_improving_count"": 0.0, ""activity_volume_expansion_breadth"": 13.752488387524883, ""activity_institution_buy_breadth"": 47.72256728778468, ""activity_leader_strength"": 11.10260225217341}"
2026-07-20,FOOD,6.97299831103847,7.38424769041871,12,0,26.666666666666668,75.0,9.918319719953317,6,5,HIGH_ACTIVITY,Dataset A distribution; outcome-blind,"{""activity_sector_excess_return_3d"": -1.3650675253893185, ""activity_sector_excess_return_5d"": -1.8270934023111836, ""activity_top120_count"": 1.0, ""activity_rank_improving_count"": 0.0, ""activity_volume_expansion_breadth"": 13.752488387524883, ""activity_institution_buy_breadth"": 47.72256728778468, ""activity_leader_strength"": 11.10260225217341}"
2026-07-21,FOOD,3.051201337512921,2.3128486125917336,0,0,0.0,71.42857142857143,7.590759075907583,4,3,ACTIVE,Dataset A distribution; outcome-blind,"{""activity_sector_excess_return_3d"": -1.3650675253893185, ""activity_sector_excess_return_5d"": -1.8270934023111836, ""activity_top120_count"": 1.0, ""activity_rank_improving_count"": 0.0, ""activity_volume_expansion_breadth"": 13.752488387524883, ""activity_institution_buy_breadth"": 47.72256728778468, ""activity_leader_strength"": 11.10260225217341}"
2026-07-22,FOOD,-5.475527295642557,0.41087425406300393,0,0,10.0,7.142857142857142,3.5674470457079277,2,0,LOW_ACTIVITY,Dataset A distribution; outcome-blind,"{""activity_sector_excess_return_3d"": -1.3650675253893185, ""activity_sector_excess_return_5d"": -1.8270934023111836, ""activity_top120_count"": 1.0, ""activity_rank_improving_count"": 0.0, ""activity_volume_expansion_breadth"": 13.752488387524883, ""activity_institution_buy_breadth"": 47.72256728778468, ""activity_leader_strength"": 11.10260225217341}"
2026-07-23,FOOD,-6.115080658980887,0.15835016425045367,0,0,6.666666666666667,25.0,4.888888888888898,2,0,LOW_ACTIVITY,Dataset A distribution; outcome-blind,"{""activity_sector_excess_return_3d"": -1.3650675253893185, ""activity_sector_excess_return_5d"": -1.8270934023111836, ""activity_top120_count"": 1.0, ""activity_rank_improving_count"": 0.0, ""activity_volume_expansion_breadth"": 13.752488387524883, ""activity_institution_buy_breadth"": 47.72256728778468, ""activity_leader_strength"": 11.10260225217341}"
2026-07-24,FOOD,0.4904240585018371,-2.985265609154175,0,0,0.0,71.42857142857143,2.6362038664323295,3,1,ACTIVE,Dataset A distribution; outcome-blind,"{""activity_sector_excess_return_3d"": -1.3650675253893185, ""activity_sector_excess_return_5d"": -1.8270934023111836, ""activity_top120_count"": 1.0, ""activity_rank_improving_count"": 0.0, ""activity_volume_expansion_breadth"": 13.752488387524883, ""activity_institution_buy_breadth"": 47.72256728778468, ""activity_leader_strength"": 11.10260225217341}"
2026-05-28,HOME_APPLIANCE_CONSUMER,-0.9163411314740411,-7.217130747180544,0,0,27.77777777777778,52.94117647058824,0.4773269689737569,4,1,ACTIVE,Dataset A distribution; outcome-blind,"{""activity_sector_excess_return_3d"": -1.3650675253893185, ""activity_sector_excess_return_5d"": -1.8270934023111836, ""activity_top120_count"": 1.0, ""activity_rank_improving_count"": 0.0, ""activity_volume_expansion_breadth"": 13.752488387524883, ""activity_institution_buy_breadth"": 47.72256728778468, ""activity_leader_strength"": 11.10260225217341}"
2026-05-29,HOME_APPLIANCE_CONSUMER,-2.025341234129896,-5.5305633020686695,0,0,33.33333333333333,70.58823529411765,3.6231884057970953,3,2,ACTIVE,Dataset A distribution; outcome-blind,"{""activity_sector_excess_return_3d"": -1.3650675253893185, ""activity_sector_excess_return_5d"": -1.8270934023111836, ""activity_top120_count"": 1.0, ""activity_rank_improving_count"": 0.0, ""activity_volume_expansion_breadth"": 13.752488387524883, ""activity_institution_buy_breadth"": 47.72256728778468, ""activity_leader_strength"": 11.10260225217341}"
2026-06-01,HOME_APPLIANCE_CONSUMER,1.959704675024776,-2.075191653106412,0,0,72.22222222222221,82.35294117647058,6.047197640118007,4,3,ACTIVE,Dataset A distribution; outcome-blind,"{""activity_sector_excess_return_3d"": -1.3650675253893185, ""activity_sector_excess_return_5d"": -1.8270934023111836, ""activity_top120_count"": 1.0, ""activity_rank_improving_count"": 0.0, ""activity_volume_expansion_breadth"": 13.752488387524883, ""activity_institution_buy_breadth"": 47.72256728778468, ""activity_leader_strength"": 11.10260225217341}"
2026-06-02,HOME_APPLIANCE_CONSUMER,-0.8305574750958167,-2.6081818678184154,0,0,50.0,41.17647058823529,17.037037037037027,4,1,ACTIVE,Dataset A distribution; outcome-blind,"{""activity_sector_excess_return_3d"": -1.3650675253893185, ""activity_sector_excess_return_5d"": -1.8270934023111836, ""activity_top120_count"": 1.0, ""activity_rank_improving_count"": 0.0, ""activity_volume_expansion_breadth"": 13.752488387524883, ""activity_institution_buy_breadth"": 47.72256728778468, ""activity_leader_strength"": 11.10260225217341}"
2026-06-03,HOME_APPLIANCE_CONSUMER,-1.5556830468007377,0.004522888739710851,0,0,61.111111111111114,64.70588235294117,22.76785714285714,5,2,ACTIVE,Dataset A distribution; outcome-blind,"{""activity_sector_excess_return_3d"": -1.3650675253893185, ""activity_sector_excess_return_5d"": -1.8270934023111836, ""activity_top120_count"": 1.0, ""activity_rank_improving_count"": 0.0, ""activity_volume_expansion_breadth"": 13.752488387524883, ""activity_institution_buy_breadth"": 47.72256728778468, ""activity_leader_strength"": 11.10260225217341}"
2026-06-04,HOME_APPLIANCE_CONSUMER,1.5766496514726835,1.3226706853263215,3,0,44.44444444444444,64.70588235294117,18.38235294117647,7,5,HIGH_ACTIVITY,Dataset A distribution; outcome-blind,"{""activity_sector_excess_return_3d"": -1.3650675253893185, ""activity_sector_excess_return_5d"": -1.8270934023111836, ""activity_top120_count"": 1.0, ""activity_rank_improving_count"": 0.0, ""activity_volume_expansion_breadth"": 13.752488387524883, ""activity_institution_buy_breadth"": 47.72256728778468, ""activity_leader_strength"": 11.10260225217341}"
2026-06-05,HOME_APPLIANCE_CONSUMER,2.905835641899357,3.1736777670242633,2,0,55.55555555555556,35.294117647058826,13.800205973223466,6,3,ACTIVE,Dataset A distribution; outcome-blind,"{""activity_sector_excess_return_3d"": -1.3650675253893185, ""activity_sector_excess_return_5d"": -1.8270934023111836, ""activity_top120_count"": 1.0, ""activity_rank_improving_count"": 0.0, ""activity_volume_expansion_breadth"": 13.752488387524883, ""activity_institution_buy_breadth"": 47.72256728778468, ""activity_leader_strength"": 11.10260225217341}"
2026-06-08,HOME_APPLIANCE_CONSUMER,4.791966720264185,5.127919159610117,0,0,50.0,47.05882352941176,9.179415855354645,4,3,ACTIVE,Dataset A distribution; outcome-blind,"{""activity_sector_excess_return_3d"": -1.3650675253893185, ""activity_sector_excess_return_5d"": -1.8270934023111836, ""activity_top120_count"": 1.0, ""activity_rank_improving_count"": 0.0, ""activity_volume_expansion_breadth"": 13.752488387524883, ""activity_institution_buy_breadth"": 47.72256728778468, ""activity_leader_strength"": 11.10260225217341}"
2026-06-09,HOME_APPLIANCE_CONSUMER,2.130197257027855,3.40464861037465,0,0,33.33333333333333,29.411764705882355,9.240506329113929,4,3,ACTIVE,Dataset A distribution; outcome-blind,"{""activity_sector_excess_return_3d"": -1.3650675253893185, ""activity_sector_excess_return_5d"": -1.8270934023111836, ""activity_top120_count"": 1.0, ""activity_rank_improving_count"": 0.0, ""activity_volume_expansion_breadth"": 13.752488387524883, ""activity_institution_buy_breadth"": 47.72256728778468, ""activity_leader_strength"": 11.10260225217341}"
2026-06-10,HOME_APPLIANCE_CONSUMER,2.94665805713269,6.9601344492668415,2,1,38.88888888888889,47.05882352941176,13.939393939393941,6,4,HIGH_ACTIVITY,Dataset A distribution; outcome-blind,"{""activity_sector_excess_return_3d"": -1.3650675253893185, ""activity_sector_excess_return_5d"": -1.8270934023111836, ""activity_top120_count"": 1.0, ""activity_rank_improving_count"": 0.0, ""activity_volume_expansion_breadth"": 13.752488387524883, ""activity_institution_buy_breadth"": 47.72256728778468, ""activity_leader_strength"": 11.10260225217341}"
2026-06-11,HOME_APPLIANCE_CONSUMER,0.4859137062877772,3.682606500254415,1,0,22.22222222222222,41.17647058823529,20.496894409937894,6,2,ACTIVE,Dataset A distribution; outcome-blind,"{""activity_sector_excess_return_3d"": -1.3650675253893185, ""activity_sector_excess_return_5d"": -1.8270934023111836, ""activity_top120_count"": 1.0, ""activity_rank_improving_count"": 0.0, ""activity_volume_expansion_breadth"": 13.752488387524883, ""activity_institution_buy_breadth"": 47.72256728778468, ""activity_leader_strength"": 11.10260225217341}"
2026-06-12,HOME_APPLIANCE_CONSUMER,0.821704053308181,1.4271795584199332,1,0,11.11111111111111,70.58823529411765,19.50585175552666,6,2,ACTIVE,Dataset A distribution; outcome-blind,"{""activity_sector_excess_return_3d"": -1.3650675253893185, ""activity_sector_excess_return_5d"": -1.8270934023111836, ""activity_top120_count"": 1.0, ""activity_rank_improving_count"": 0.0, ""activity_volume_expansion_breadth"": 13.752488387524883, ""activity_institution_buy_breadth"": 47.72256728778468, ""activity_leader_strength"": 11.10260225217341}"
2026-06-15,HOME_APPLIANCE_CONSUMER,-4.457496961461849,-4.35422747695664,0,0,0.0,23.52941176470588,5.038167938931304,1,0,LOW_ACTIVITY,Dataset A distribution; outcome-blind,"{""activity_sector_excess_return_3d"": -1.3650675253893185, ""activity_sector_excess_return_5d"": -1.8270934023111836, ""activity_top120_count"": 1.0, ""activity_rank_improving_count"": 0.0, ""activity_volume_expansion_breadth"": 13.752488387524883, ""activity_institution_buy_breadth"": 47.72256728778468, ""activity_leader_strength"": 11.10260225217341}"
2026-06-16,HOME_APPLIANCE_CONSUMER,-6.163993709307136,-3.603306517204996,0,0,5.555555555555555,41.17647058823529,5.405405405405395,1,0,LOW_ACTIVITY,Dataset A distribution; outcome-blind,"{""activity_sector_excess_return_3d"": -1.3650675253893185, ""activity_sector_excess_return_5d"": -1.8270934023111836, ""activity_top120_count"": 1.0, ""activity_rank_improving_count"": 0.0, ""activity_volume_expansion_breadth"": 13.752488387524883, ""activity_institution_buy_breadth"": 47.72256728778468, ""activity_leader_strength"": 11.10260225217341}"
2026-06-17,HOME_APPLIANCE_CONSUMER,-4.19562327954186,-5.409225277449847,0,0,5.555555555555555,58.82352941176471,3.7878787878787845,2,0,LOW_ACTIVITY,Dataset A distribution; outcome-blind,"{""activity_sector_excess_return_3d"": -1.3650675253893185, ""activity_sector_excess_return_5d"": -1.8270934023111836, ""activity_top120_count"": 1.0, ""activity_rank_improving_count"": 0.0, ""activity_volume_expansion_breadth"": 13.752488387524883, ""activity_institution_buy_breadth"": 47.72256728778468, ""activity_leader_strength"": 11.10260225217341}"
2026-06-18,HOME_APPLIANCE_CONSUMER,-2.783457537034384,-6.958624605020458,0,0,22.22222222222222,41.17647058823529,6.231454005934722,2,1,LOW_ACTIVITY,Dataset A distribution; outcome-blind,"{""activity_sector_excess_return_3d"": -1.3650675253893185, ""activity_sector_excess_return_5d"": -1.8270934023111836, ""activity_top120_count"": 1.0, ""activity_rank_improving_count"": 0.0, ""activity_volume_expansion_breadth"": 13.752488387524883, ""activity_institution_buy_breadth"": 47.72256728778468, ""activity_leader_strength"": 11.10260225217341}"
2026-06-22,HOME_APPLIANCE_CONSUMER,-4.218192899721651,-8.805536810490267,0,0,22.22222222222222,52.94117647058824,9.652509652509655,3,1,ACTIVE,Dataset A distribution; outcome-blind,"{""activity_sector_excess_return_3d"": -1.3650675253893185, ""activity_sector_excess_return_5d"": -1.8270934023111836, ""activity_top120_count"": 1.0, ""activity_rank_improving_count"": 0.0, ""activity_volume_expansion_breadth"": 13.752488387524883, ""activity_institution_buy_breadth"": 47.72256728778468, ""activity_leader_strength"": 11.10260225217341}"
2026-06-23,HOME_APPLIANCE_CONSUMER,-4.023833962655699,-4.6618947844139225,2,0,16.666666666666664,47.05882352941176,9.302325581395344,3,0,ACTIVE,Dataset A distribution; outcome-blind,"{""activity_sector_excess_return_3d"": -1.3650675253893185, ""activity_sector_excess_return_5d"": -1.8270934023111836, ""activity_top120_count"": 1.0, ""activity_rank_improving_count"": 0.0, ""activity_volume_expansion_breadth"": 13.752488387524883, ""activity_institution_buy_breadth"": 47.72256728778468, ""activity_leader_strength"": 11.10260225217341}"
2026-06-24,HOME_APPLIANCE_CONSUMER,-0.005896296642216026,-1.198208405818546,1,0,5.555555555555555,41.17647058823529,12.00000000000001,5,0,ACTIVE,Dataset A distribution; outcome-blind,"{""activity_sector_excess_return_3d"": -1.3650675253893185, ""activity_sector_excess_return_5d"": -1.8270934023111836, ""activity_top120_count"": 1.0, ""activity_rank_improving_count"": 0.0, ""activity_volume_expansion_breadth"": 13.752488387524883, ""activity_institution_buy_breadth"": 47.72256728778468, ""activity_leader_strength"": 11.10260225217341}"
2026-06-25,HOME_APPLIANCE_CONSUMER,2.5384063171590587,-1.1118363502350181,2,2,11.11111111111111,41.17647058823529,8.627450980392148,4,2,ACTIVE,Dataset A distribution; outcome-blind,"{""activity_sector_excess_return_3d"": -1.3650675253893185, ""activity_sector_excess_return_5d"": -1.8270934023111836, ""activity_top120_count"": 1.0, ""activity_rank_improving_count"": 0.0, ""activity_volume_expansion_breadth"": 13.752488387524883, ""activity_institution_buy_breadth"": 47.72256728778468, ""activity_leader_strength"": 11.10260225217341}"
2026-06-26,HOME_APPLIANCE_CONSUMER,3.928196919619465,1.5635481035800036,2,2,38.88888888888889,5.88235294117647,8.4942084942085,5,4,HIGH_ACTIVITY,Dataset A distribution; outcome-blind,"{""activity_sector_excess_return_3d"": -1.3650675253893185, ""activity_sector_excess_return_5d"": -1.8270934023111836, ""activity_top120_count"": 1.0, ""activity_rank_improving_count"": 0.0, ""activity_volume_expansion_breadth"": 13.752488387524883, ""activity_institution_buy_breadth"": 47.72256728778468, ""activity_leader_strength"": 11.10260225217341}"
2026-06-29,HOME_APPLIANCE_CONSUMER,2.0663637433063986,4.763819843395833,3,0,16.666666666666664,52.94117647058824,10.882956878850102,6,3,ACTIVE,Dataset A distribution; outcome-blind,"{""activity_sector_excess_return_3d"": -1.3650675253893185, ""activity_sector_excess_return_5d"": -1.8270934023111836, ""activity_top120_count"": 1.0, ""activity_rank_improving_count"": 0.0, ""activity_volume_expansion_breadth"": 13.752488387524883, ""activity_institution_buy_breadth"": 47.72256728778468, ""activity_leader_strength"": 11.10260225217341}"
2026-06-30,HOME_APPLIANCE_CONSUMER,-0.32059622418471045,1.7405357491155349,2,2,22.22222222222222,35.294117647058826,21.28966223132036,6,3,ACTIVE,Dataset A distribution; outcome-blind,"{""activity_sector_excess_return_3d"": -1.3650675253893185, ""activity_sector_excess_return_5d"": -1.8270934023111836, ""activity_top120_count"": 1.0, ""activity_rank_improving_count"": 0.0, ""activity_volume_expansion_breadth"": 13.752488387524883, ""activity_institution_buy_breadth"": 47.72256728778468, ""activity_leader_strength"": 11.10260225217341}"
2026-07-01,HOME_APPLIANCE_CONSUMER,-3.6360457205188546,-1.2051631546688313,1,1,38.88888888888889,52.94117647058824,32.857142857142854,6,3,ACTIVE,Dataset A distribution; outcome-blind,"{""activity_sector_excess_return_3d"": -1.3650675253893185, ""activity_sector_excess_return_5d"": -1.8270934023111836, ""activity_top120_count"": 1.0, ""activity_rank_improving_count"": 0.0, ""activity_volume_expansion_breadth"": 13.752488387524883, ""activity_institution_buy_breadth"": 47.72256728778468, ""activity_leader_strength"": 11.10260225217341}"
2026-07-02,HOME_APPLIANCE_CONSUMER,-2.8925353896050554,-1.9240128963280312,3,2,33.33333333333333,58.82352941176471,34.29602888086642,5,4,HIGH_ACTIVITY,Dataset A distribution; outcome-blind,"{""activity_sector_excess_return_3d"": -1.3650675253893185, ""activity_sector_excess_return_5d"": -1.8270934023111836, ""activity_top120_count"": 1.0, ""activity_rank_improving_count"": 0.0, ""activity_volume_expansion_breadth"": 13.752488387524883, ""activity_institution_buy_breadth"": 47.72256728778468, ""activity_leader_strength"": 11.10260225217341}"
2026-07-03,HOME_APPLIANCE_CONSUMER,0.9189794203683599,-1.808039032791009,4,2,22.22222222222222,88.23529411764706,45.551601423487554,7,5,HIGH_ACTIVITY,Dataset A distribution; outcome-blind,"{""activity_sector_excess_return_3d"": -1.3650675253893185, ""activity_sector_excess_return_5d"": -1.8270934023111836, ""activity_top120_count"": 1.0, ""activity_rank_improving_count"": 0.0, ""activity_volume_expansion_breadth"": 13.752488387524883, ""activity_institution_buy_breadth"": 47.72256728778468, ""activity_leader_strength"": 11.10260225217341}"
2026-07-06,HOME_APPLIANCE_CONSUMER,2.1814625891511286,0.7395989293886407,1,1,16.666666666666664,41.17647058823529,43.689320388349515,6,3,ACTIVE,Dataset A distribution; outcome-blind,"{""activity_sector_excess_return_3d"": -1.3650675253893185, ""activity_sector_excess_return_5d"": -1.8270934023111836, ""activity_top120_count"": 1.0, ""activity_rank_improving_count"": 0.0, ""activity_volume_expansion_breadth"": 13.752488387524883, ""activity_institution_buy_breadth"": 47.72256728778468, ""activity_leader_strength"": 11.10260225217341}"
2026-07-07,HOME_APPLIANCE_CONSUMER,3.646177002710238,3.0930700138409484,1,1,16.666666666666664,35.294117647058826,22.123893805309724,6,3,ACTIVE,Dataset A distribution; outcome-blind,"{""activity_sector_excess_return_3d"": -1.3650675253893185, ""activity_sector_excess_return_5d"": -1.8270934023111836, ""activity_top120_count"": 1.0, ""activity_rank_improving_count"": 0.0, ""activity_volume_expansion_breadth"": 13.752488387524883, ""activity_institution_buy_breadth"": 47.72256728778468, ""activity_leader_strength"": 11.10260225217341}"
2026-07-08,HOME_APPLIANCE_CONSUMER,0.00637061088032409,2.593923526741859,1,1,0.0,5.88235294117647,22.311827956989248,5,2,ACTIVE,Dataset A distribution; outcome-blind,"{""activity_sector_excess_return_3d"": -1.3650675253893185, ""activity_sector_excess_return_5d"": -1.8270934023111836, ""activity_top120_count"": 1.0, ""activity_rank_improving_count"": 0.0, ""activity_volume_expansion_breadth"": 13.752488387524883, ""activity_institution_buy_breadth"": 47.72256728778468, ""activity_leader_strength"": 11.10260225217341}"
2026-07-09,HOME_APPLIANCE_CONSUMER,0.12469535560931666,2.5967309610183897,1,0,5.555555555555555,35.294117647058826,22.043010752688176,5,1,ACTIVE,Dataset A distribution; outcome-blind,"{""activity_sector_excess_return_3d"": -1.3650675253893185, ""activity_sector_excess_return_5d"": -1.8270934023111836, ""activity_top120_count"": 1.0, ""activity_rank_improving_count"": 0.0, ""activity_volume_expansion_breadth"": 13.752488387524883, ""activity_institution_buy_breadth"": 47.72256728778468, ""activity_leader_strength"": 11.10260225217341}"
2026-07-13,HOME_APPLIANCE_CONSUMER,-0.10169049028510013,2.171309792599141,3,0,11.11111111111111,47.05882352941176,22.004889975550125,5,2,ACTIVE,Dataset A distribution; outcome-blind,"{""activity_sector_excess_return_3d"": -1.3650675253893185, ""activity_sector_excess_return_5d"": -1.8270934023111836, ""activity_top120_count"": 1.0, ""activity_rank_improving_count"": 0.0, ""activity_volume_expansion_breadth"": 13.752488387524883, ""activity_institution_buy_breadth"": 47.72256728778468, ""activity_leader_strength"": 11.10260225217341}"
2026-07-14,HOME_APPLIANCE_CONSUMER,1.9678266385279475,1.9369751158093917,1,0,16.666666666666664,47.05882352941176,18.918918918918926,6,2,ACTIVE,Dataset A distribution; outcome-blind,"{""activity_sector_excess_return_3d"": -1.3650675253893185, ""activity_sector_excess_return_5d"": -1.8270934023111836, ""activity_top120_count"": 1.0, ""activity_rank_improving_count"": 0.0, ""activity_volume_expansion_breadth"": 13.752488387524883, ""activity_institution_buy_breadth"": 47.72256728778468, ""activity_leader_strength"": 11.10260225217341}"
2026-07-15,HOME_APPLIANCE_CONSUMER,-0.1412151018065133,-0.6915693476038487,4,0,5.555555555555555,82.35294117647058,30.193236714975846,6,3,ACTIVE,Dataset A distribution; outcome-blind,"{""activity_sector_excess_return_3d"": -1.3650675253893185, ""activity_sector_excess_return_5d"": -1.8270934023111836, ""activity_top120_count"": 1.0, ""activity_rank_improving_count"": 0.0, ""activity_volume_expansion_breadth"": 13.752488387524883, ""activity_institution_buy_breadth"": 47.72256728778468, ""activity_leader_strength"": 11.10260225217341}"
2026-07-16,HOME_APPLIANCE_CONSUMER,-0.14729985534127632,1.1782399287805445,1,0,16.666666666666664,82.35294117647058,6.813186813186811,6,2,ACTIVE,Dataset A distribution; outcome-blind,"{""activity_sector_excess_return_3d"": -1.3650675253893185, ""activity_sector_excess_return_5d"": -1.8270934023111836, ""activity_top120_count"": 1.0, ""activity_rank_improving_count"": 0.0, ""activity_volume_expansion_breadth"": 13.752488387524883, ""activity_institution_buy_breadth"": 47.72256728778468, ""activity_leader_strength"": 11.10260225217341}"
2026-07-17,HOME_APPLIANCE_CONSUMER,4.126912408485883,4.2731630927904884,1,0,16.666666666666664,58.82352941176471,2.9126213592232997,6,2,ACTIVE,Dataset A distribution; outcome-blind,"{""activity_sector_excess_return_3d"": -1.3650675253893185, ""activity_sector_excess_return_5d"": -1.8270934023111836, ""activity_top120_count"": 1.0, ""activity_rank_improving_count"": 0.0, ""activity_volume_expansion_breadth"": 13.752488387524883, ""activity_institution_buy_breadth"": 47.72256728778468, ""activity_leader_strength"": 11.10260225217341}"
2026-07-20,HOME_APPLIANCE_CONSUMER,5.777779187532495,5.205712161152487,1,0,22.22222222222222,64.70588235294117,1.1869436201780381,6,4,HIGH_ACTIVITY,Dataset A distribution; outcome-blind,"{""activity_sector_excess_return_3d"": -1.3650675253893185, ""activity_sector_excess_return_5d"": -1.8270934023111836, ""activity_top120_count"": 1.0, ""activity_rank_improving_count"": 0.0, ""activity_volume_expansion_breadth"": 13.752488387524883, ""activity_institution_buy_breadth"": 47.72256728778468, ""activity_leader_strength"": 11.10260225217341}"
2026-07-21,HOME_APPLIANCE_CONSUMER,1.6558525003036118,1.6029080435114307,1,0,22.22222222222222,58.82352941176471,7.326732673267333,6,3,ACTIVE,Dataset A distribution; outcome-blind,"{""activity_sector_excess_return_3d"": -1.3650675253893185, ""activity_sector_excess_return_5d"": -1.8270934023111836, ""activity_top120_count"": 1.0, ""activity_rank_improving_count"": 0.0, ""activity_volume_expansion_breadth"": 13.752488387524883, ""activity_institution_buy_breadth"": 47.72256728778468, ""activity_leader_strength"": 11.10260225217341}"
2026-07-22,HOME_APPLIANCE_CONSUMER,-4.777717642609036,0.597679540796392,1,0,16.666666666666664,35.294117647058826,3.125,4,0,ACTIVE,Dataset A distribution; outcome-blind,"{""activity_sector_excess_return_3d"": -1.3650675253893185, ""activity_sector_excess_return_5d"": -1.8270934023111836, ""activity_top120_count"": 1.0, ""activity_rank_improving_count"": 0.0, ""activity_volume_expansion_breadth"": 13.752488387524883, ""activity_institution_buy_breadth"": 47.72256728778468, ""activity_leader_strength"": 11.10260225217341}"
2026-07-23,HOME_APPLIANCE_CONSUMER,-6.290614534109384,0.011418444285027363,1,1,5.555555555555555,23.52941176470588,4.093567251461994,3,1,ACTIVE,Dataset A distribution; outcome-blind,"{""activity_sector_excess_return_3d"": -1.3650675253893185, ""activity_sector_excess_return_5d"": -1.8270934023111836, ""activity_top120_count"": 1.0, ""activity_rank_improving_count"": 0.0, ""activity_volume_expansion_breadth"": 13.752488387524883, ""activity_institution_buy_breadth"": 47.72256728778468, ""activity_leader_strength"": 11.10260225217341}"
2026-07-24,HOME_APPLIANCE_CONSUMER,0.5605197113004112,-3.1180016303919533,1,0,11.11111111111111,47.05882352941176,4.950495049504955,3,0,ACTIVE,Dataset A distribution; outcome-blind,"{""activity_sector_excess_return_3d"": -1.3650675253893185, ""activity_sector_excess_return_5d"": -1.8270934023111836, ""activity_top120_count"": 1.0, ""activity_rank_improving_count"": 0.0, ""activity_volume_expansion_breadth"": 13.752488387524883, ""activity_institution_buy_breadth"": 47.72256728778468, ""activity_leader_strength"": 11.10260225217341}"
2026-05-28,INVESTMENT_HOLDING,-0.33511858268104877,-7.225186979683407,0,0,0.0,66.66666666666666,-1.0526315789473717,3,1,ACTIVE,Dataset A distribution; outcome-blind,"{""activity_sector_excess_return_3d"": -1.3650675253893185, ""activity_sector_excess_return_5d"": -1.8270934023111836, ""activity_top120_count"": 1.0, ""activity_rank_improving_count"": 0.0, ""activity_volume_expansion_breadth"": 13.752488387524883, ""activity_institution_buy_breadth"": 47.72256728778468, ""activity_leader_strength"": 11.10260225217341}"
2026-05-29,INVESTMENT_HOLDING,-2.774404904541883,-7.5739284000914235,0,0,33.33333333333333,100.0,-0.35087719298245723,3,2,ACTIVE,Dataset A distribution; outcome-blind,"{""activity_sector_excess_return_3d"": -1.3650675253893185, ""activity_sector_excess_return_5d"": -1.8270934023111836, ""activity_top120_count"": 1.0, ""activity_rank_improving_count"": 0.0, ""activity_volume_expansion_breadth"": 13.752488387524883, ""activity_institution_buy_breadth"": 47.72256728778468, ""activity_leader_strength"": 11.10260225217341}"
2026-06-01,INVESTMENT_HOLDING,-1.7285253339599738,-4.2336026951903305,0,0,66.66666666666666,66.66666666666666,0.5309734513274211,3,2,ACTIVE,Dataset A distribution; outcome-blind,"{""activity_sector_excess_return_3d"": -1.3650675253893185, ""activity_sector_excess_return_5d"": -1.8270934023111836, ""activity_top120_count"": 1.0, ""activity_rank_improving_count"": 0.0, ""activity_volume_expansion_breadth"": 13.752488387524883, ""activity_institution_buy_breadth"": 47.72256728778468, ""activity_leader_strength"": 11.10260225217341}"
2026-06-02,INVESTMENT_HOLDING,-2.8062413656733343,-3.4316546212582066,0,0,0.0,33.33333333333333,3.124999999999978,1,0,LOW_ACTIVITY,Dataset A distribution; outcome-blind,"{""activity_sector_excess_return_3d"": -1.3650675253893185, ""activity_sector_excess_return_5d"": -1.8270934023111836, ""activity_top120_count"": 1.0, ""activity_rank_improving_count"": 0.0, ""activity_volume_expansion_breadth"": 13.752488387524883, ""activity_institution_buy_breadth"": 47.72256728778468, ""activity_leader_strength"": 11.10260225217341}"
2026-06-03,INVESTMENT_HOLDING,-1.7462699463168363,-2.321452766500509,0,0,33.33333333333333,33.33333333333333,17.14285714285715,3,1,ACTIVE,Dataset A distribution; outcome-blind,"{""activity_sector_excess_return_3d"": -1.3650675253893185, ""activity_sector_excess_return_5d"": -1.8270934023111836, ""activity_top120_count"": 1.0, ""activity_rank_improving_count"": 0.0, ""activity_volume_expansion_breadth"": 13.752488387524883, ""activity_institution_buy_breadth"": 47.72256728778468, ""activity_leader_strength"": 11.10260225217341}"
2026-06-04,INVESTMENT_HOLDING,2.244026002602739,-0.9539250593545212,0,0,33.33333333333333,33.33333333333333,17.886178861788604,5,2,ACTIVE,Dataset A distribution; outcome-blind,"{""activity_sector_excess_return_3d"": -1.3650675253893185, ""activity_sector_excess_return_5d"": -1.8270934023111836, ""activity_top120_count"": 1.0, ""activity_rank_improving_count"": 0.0, ""activity_volume_expansion_breadth"": 13.752488387524883, ""activity_institution_buy_breadth"": 47.72256728778468, ""activity_leader_strength"": 11.10260225217341}"
2026-06-05,INVESTMENT_HOLDING,2.812801045862001,1.8852497529674217,1,0,33.33333333333333,66.66666666666666,15.322580645161299,7,4,HIGH_ACTIVITY,Dataset A distribution; outcome-blind,"{""activity_sector_excess_return_3d"": -1.3650675253893185, ""activity_sector_excess_return_5d"": -1.8270934023111836, ""activity_top120_count"": 1.0, ""activity_rank_improving_count"": 0.0, ""activity_volume_expansion_breadth"": 13.752488387524883, ""activity_institution_buy_breadth"": 47.72256728778468, ""activity_leader_strength"": 11.10260225217341}"
2026-06-08,INVESTMENT_HOLDING,4.81167115376172,4.575841260114399,1,0,66.66666666666666,33.33333333333333,19.39163498098859,6,3,ACTIVE,Dataset A distribution; outcome-blind,"{""activity_sector_excess_return_3d"": -1.3650675253893185, ""activity_sector_excess_return_5d"": -1.8270934023111836, ""activity_top120_count"": 1.0, ""activity_rank_improving_count"": 0.0, ""activity_volume_expansion_breadth"": 13.752488387524883, ""activity_institution_buy_breadth"": 47.72256728778468, ""activity_leader_strength"": 11.10260225217341}"
2026-06-09,INVESTMENT_HOLDING,1.4259719049151798,2.0466016303742562,1,1,33.33333333333333,0.0,21.212121212121215,6,4,HIGH_ACTIVITY,Dataset A distribution; outcome-blind,"{""activity_sector_excess_return_3d"": -1.3650675253893185, ""activity_sector_excess_return_5d"": -1.8270934023111836, ""activity_top120_count"": 1.0, ""activity_rank_improving_count"": 0.0, ""activity_volume_expansion_breadth"": 13.752488387524883, ""activity_institution_buy_breadth"": 47.72256728778468, ""activity_leader_strength"": 11.10260225217341}"
2026-06-10,INVESTMENT_HOLDING,2.7222215478094784,6.098065483749604,1,0,33.33333333333333,33.33333333333333,12.195121951219523,6,3,ACTIVE,Dataset A distribution; outcome-blind,"{""activity_sector_excess_return_3d"": -1.3650675253893185, ""activity_sector_excess_return_5d"": -1.8270934023111836, ""activity_top120_count"": 1.0, ""activity_rank_improving_count"": 0.0, ""activity_volume_expansion_breadth"": 13.752488387524883, ""activity_institution_buy_breadth"": 47.72256728778468, ""activity_leader_strength"": 11.10260225217341}"
2026-06-11,INVESTMENT_HOLDING,2.9137541624863594,5.192578010225912,0,0,0.0,100.0,10.689655172413804,4,3,ACTIVE,Dataset A distribution; outcome-blind,"{""activity_sector_excess_return_3d"": -1.3650675253893185, ""activity_sector_excess_return_5d"": -1.8270934023111836, ""activity_top120_count"": 1.0, ""activity_rank_improving_count"": 0.0, ""activity_volume_expansion_breadth"": 13.752488387524883, ""activity_institution_buy_breadth"": 47.72256728778468, ""activity_leader_strength"": 11.10260225217341}"
2026-06-12,INVESTMENT_HOLDING,2.4476439029322394,3.716333516451309,1,1,0.0,100.0,13.286713286713269,6,4,HIGH_ACTIVITY,Dataset A distribution; outcome-blind,"{""activity_sector_excess_return_3d"": -1.3650675253893185, ""activity_sector_excess_return_5d"": -1.8270934023111836, ""activity_top120_count"": 1.0, ""activity_rank_improving_count"": 0.0, ""activity_volume_expansion_breadth"": 13.752488387524883, ""activity_institution_buy_breadth"": 47.72256728778468, ""activity_leader_strength"": 11.10260225217341}"
2026-06-15,INVESTMENT_HOLDING,-3.9597049100768444,-2.4433994514789337,1,1,0.0,66.66666666666666,4.028021015761807,3,2,ACTIVE,Dataset A distribution; outcome-blind,"{""activity_sector_excess_return_3d"": -1.3650675253893185, ""activity_sector_excess_return_5d"": -1.8270934023111836, ""activity_top120_count"": 1.0, ""activity_rank_improving_count"": 0.0, ""activity_volume_expansion_breadth"": 13.752488387524883, ""activity_institution_buy_breadth"": 47.72256728778468, ""activity_leader_strength"": 11.10260225217341}"
2026-06-16,INVESTMENT_HOLDING,-5.81063681884777,-1.7620111873508648,0,0,0.0,100.0,2.961672473867605,3,1,ACTIVE,Dataset A distribution; outcome-blind,"{""activity_sector_excess_return_3d"": -1.3650675253893185, ""activity_sector_excess_return_5d"": -1.8270934023111836, ""activity_top120_count"": 1.0, ""activity_rank_improving_count"": 0.0, ""activity_volume_expansion_breadth"": 13.752488387524883, ""activity_institution_buy_breadth"": 47.72256728778468, ""activity_leader_strength"": 11.10260225217341}"
2026-06-17,INVESTMENT_HOLDING,-4.205022555244731,-5.425694824228522,0,0,0.0,33.33333333333333,2.7826086956521667,1,0,LOW_ACTIVITY,Dataset A distribution; outcome-blind,"{""activity_sector_excess_return_3d"": -1.3650675253893185, ""activity_sector_excess_return_5d"": -1.8270934023111836, ""activity_top120_count"": 1.0, ""activity_rank_improving_count"": 0.0, ""activity_volume_expansion_breadth"": 13.752488387524883, ""activity_institution_buy_breadth"": 47.72256728778468, ""activity_leader_strength"": 11.10260225217341}"
2026-06-18,INVESTMENT_HOLDING,-2.353041468167816,-6.312101316987739,0,0,0.0,66.66666666666666,3.1152647975077885,2,1,LOW_ACTIVITY,Dataset A distribution; outcome-blind,"{""activity_sector_excess_return_3d"": -1.3650675253893185, ""activity_sector_excess_return_5d"": -1.8270934023111836, ""activity_top120_count"": 1.0, ""activity_rank_improving_count"": 0.0, ""activity_volume_expansion_breadth"": 13.752488387524883, ""activity_institution_buy_breadth"": 47.72256728778468, ""activity_leader_strength"": 11.10260225217341}"
2026-06-22,INVESTMENT_HOLDING,-3.1618548715526273,-7.386422309747731,1,0,33.33333333333333,66.66666666666666,7.098765432098775,4,2,ACTIVE,Dataset A distribution; outcome-blind,"{""activity_sector_excess_return_3d"": -1.3650675253893185, ""activity_sector_excess_return_5d"": -1.8270934023111836, ""activity_top120_count"": 1.0, ""activity_rank_improving_count"": 0.0, ""activity_volume_expansion_breadth"": 13.752488387524883, ""activity_institution_buy_breadth"": 47.72256728778468, ""activity_leader_strength"": 11.10260225217341}"
2026-06-23,INVESTMENT_HOLDING,-0.9743205219807205,-2.574352696871829,2,0,0.0,33.33333333333333,5.937499999999996,3,0,ACTIVE,Dataset A distribution; outcome-blind,"{""activity_sector_excess_return_3d"": -1.3650675253893185, ""activity_sector_excess_return_5d"": -1.8270934023111836, ""activity_top120_count"": 1.0, ""activity_rank_improving_count"": 0.0, ""activity_volume_expansion_breadth"": 13.752488387524883, ""activity_institution_buy_breadth"": 47.72256728778468, ""activity_leader_strength"": 11.10260225217341}"
2026-06-24,INVESTMENT_HOLDING,2.5993930898167594,1.1803378273432585,0,0,0.0,100.0,10.932475884244376,4,3,ACTIVE,Dataset A distribution; outcome-blind,"{""activity_sector_excess_return_3d"": -1.3650675253893185, ""activity_sector_excess_return_5d"": -1.8270934023111836, ""activity_top120_count"": 1.0, ""activity_rank_improving_count"": 0.0, ""activity_volume_expansion_breadth"": 13.752488387524883, ""activity_institution_buy_breadth"": 47.72256728778468, ""activity_leader_strength"": 11.10260225217341}"
2026-06-25,INVESTMENT_HOLDING,4.625724002854026,1.3760096783298703,2,1,66.66666666666666,100.0,17.3374613003096,7,5,HIGH_ACTIVITY,Dataset A distribution; outcome-blind,"{""activity_sector_excess_return_3d"": -1.3650675253893185, ""activity_sector_excess_return_5d"": -1.8270934023111836, ""activity_top120_count"": 1.0, ""activity_rank_improving_count"": 0.0, ""activity_volume_expansion_breadth"": 13.752488387524883, ""activity_institution_buy_breadth"": 47.72256728778468, ""activity_leader_strength"": 11.10260225217341}"
2026-06-26,INVESTMENT_HOLDING,5.535508460902728,5.936215743753381,2,1,33.33333333333333,0.0,10.574018126888207,5,4,HIGH_ACTIVITY,Dataset A distribution; outcome-blind,"{""activity_sector_excess_return_3d"": -1.3650675253893185, ""activity_sector_excess_return_5d"": -1.8270934023111836, ""activity_top120_count"": 1.0, ""activity_rank_improving_count"": 0.0, ""activity_volume_expansion_breadth"": 13.752488387524883, ""activity_institution_buy_breadth"": 47.72256728778468, ""activity_leader_strength"": 11.10260225217341}"
2026-06-29,INVESTMENT_HOLDING,3.3268352162877046,6.919083253817082,2,0,0.0,66.66666666666666,4.034582132564846,5,3,ACTIVE,Dataset A distribution; outcome-blind,"{""activity_sector_excess_return_3d"": -1.3650675253893185, ""activity_sector_excess_return_5d"": -1.8270934023111836, ""activity_top120_count"": 1.0, ""activity_rank_improving_count"": 0.0, ""activity_volume_expansion_breadth"": 13.752488387524883, ""activity_institution_buy_breadth"": 47.72256728778468, ""activity_leader_strength"": 11.10260225217341}"
2026-06-30,INVESTMENT_HOLDING,0.27964387185370754,2.5686511707811777,1,0,0.0,66.66666666666666,10.914454277286145,5,2,ACTIVE,Dataset A distribution; outcome-blind,"{""activity_sector_excess_return_3d"": -1.3650675253893185, ""activity_sector_excess_return_5d"": -1.8270934023111836, ""activity_top120_count"": 1.0, ""activity_rank_improving_count"": 0.0, ""activity_volume_expansion_breadth"": 13.752488387524883, ""activity_institution_buy_breadth"": 47.72256728778468, ""activity_leader_strength"": 11.10260225217341}"
2026-07-01,INVESTMENT_HOLDING,-4.788784915153088,-0.7049776019637966,0,0,0.0,66.66666666666666,6.956521739130439,3,1,ACTIVE,Dataset A distribution; outcome-blind,"{""activity_sector_excess_return_3d"": -1.3650675253893185, ""activity_sector_excess_return_5d"": -1.8270934023111836, ""activity_top120_count"": 1.0, ""activity_rank_improving_count"": 0.0, ""activity_volume_expansion_breadth"": 13.752488387524883, ""activity_institution_buy_breadth"": 47.72256728778468, ""activity_leader_strength"": 11.10260225217341}"
2026-07-02,INVESTMENT_HOLDING,-3.2116901197395853,-0.7258350453920537,2,0,0.0,66.66666666666666,0.6993006993007089,4,1,ACTIVE,Dataset A distribution; outcome-blind,"{""activity_sector_excess_return_3d"": -1.3650675253893185, ""activity_sector_excess_return_5d"": -1.8270934023111836, ""activity_top120_count"": 1.0, ""activity_rank_improving_count"": 0.0, ""activity_volume_expansion_breadth"": 13.752488387524883, ""activity_institution_buy_breadth"": 47.72256728778468, ""activity_leader_strength"": 11.10260225217341}"
2026-07-03,INVESTMENT_HOLDING,-0.02079607236449288,-1.6770502660701236,2,0,33.33333333333333,66.66666666666666,3.322259136212624,6,2,ACTIVE,Dataset A distribution; outcome-blind,"{""activity_sector_excess_return_3d"": -1.3650675253893185, ""activity_sector_excess_return_5d"": -1.8270934023111836, ""activity_top120_count"": 1.0, ""activity_rank_improving_count"": 0.0, ""activity_volume_expansion_breadth"": 13.752488387524883, ""activity_institution_buy_breadth"": 47.72256728778468, ""activity_leader_strength"": 11.10260225217341}"
2026-07-06,INVESTMENT_HOLDING,3.422882188975862,1.2502669211840844,0,0,100.0,33.33333333333333,4.817275747508298,4,3,ACTIVE,Dataset A distribution; outcome-blind,"{""activity_sector_excess_return_3d"": -1.3650675253893185, ""activity_sector_excess_return_5d"": -1.8270934023111836, ""activity_top120_count"": 1.0, ""activity_rank_improving_count"": 0.0, ""activity_volume_expansion_breadth"": 13.752488387524883, ""activity_institution_buy_breadth"": 47.72256728778468, ""activity_leader_strength"": 11.10260225217341}"
2026-07-07,INVESTMENT_HOLDING,4.356492395151745,3.2639508854618637,0,0,33.33333333333333,33.33333333333333,1.9867549668874274,4,3,ACTIVE,Dataset A distribution; outcome-blind,"{""activity_sector_excess_return_3d"": -1.3650675253893185, ""activity_sector_excess_return_5d"": -1.8270934023111836, ""activity_top120_count"": 1.0, ""activity_rank_improving_count"": 0.0, ""activity_volume_expansion_breadth"": 13.752488387524883, ""activity_institution_buy_breadth"": 47.72256728778468, ""activity_leader_strength"": 11.10260225217341}"
2026-07-08,INVESTMENT_HOLDING,0.9502439257966122,4.219648379488317,0,0,33.33333333333333,33.33333333333333,14.092140921409225,5,2,ACTIVE,Dataset A distribution; outcome-blind,"{""activity_sector_excess_return_3d"": -1.3650675253893185, ""activity_sector_excess_return_5d"": -1.8270934023111836, ""activity_top120_count"": 1.0, ""activity_rank_improving_count"": 0.0, ""activity_volume_expansion_breadth"": 13.752488387524883, ""activity_institution_buy_breadth"": 47.72256728778468, ""activity_leader_strength"": 11.10260225217341}"
2026-07-09,INVESTMENT_HOLDING,1.197259709470555,4.622835827144112,0,0,33.33333333333333,33.33333333333333,15.598885793871876,5,3,ACTIVE,Dataset A distribution; outcome-blind,"{""activity_sector_excess_return_3d"": -1.3650675253893185, ""activity_sector_excess_return_5d"": -1.8270934023111836, ""activity_top120_count"": 1.0, ""activity_rank_improving_count"": 0.0, ""activity_volume_expansion_breadth"": 13.752488387524883, ""activity_institution_buy_breadth"": 47.72256728778468, ""activity_leader_strength"": 11.10260225217341}"
2026-07-13,INVESTMENT_HOLDING,-0.5949074643937902,2.199255243079812,2,0,100.0,33.33333333333333,-0.6896551724137945,5,2,ACTIVE,Dataset A distribution; outcome-blind,"{""activity_sector_excess_return_3d"": -1.3650675253893185, ""activity_sector_excess_return_5d"": -1.8270934023111836, ""activity_top120_count"": 1.0, ""activity_rank_improving_count"": 0.0, ""activity_volume_expansion_breadth"": 13.752488387524883, ""activity_institution_buy_breadth"": 47.72256728778468, ""activity_leader_strength"": 11.10260225217341}"
2026-07-14,INVESTMENT_HOLDING,1.3644648551059735,3.213845510416491,1,0,66.66666666666666,33.33333333333333,-0.5291005291005124,5,3,ACTIVE,Dataset A distribution; outcome-blind,"{""activity_sector_excess_return_3d"": -1.3650675253893185, ""activity_sector_excess_return_5d"": -1.8270934023111836, ""activity_top120_count"": 1.0, ""activity_rank_improving_count"": 0.0, ""activity_volume_expansion_breadth"": 13.752488387524883, ""activity_institution_buy_breadth"": 47.72256728778468, ""activity_leader_strength"": 11.10260225217341}"
2026-07-15,INVESTMENT_HOLDING,-0.4483610075439515,0.1869184007015079,2,0,0.0,100.0,1.7482517482517501,5,1,ACTIVE,Dataset A distribution; outcome-blind,"{""activity_sector_excess_return_3d"": -1.3650675253893185, ""activity_sector_excess_return_5d"": -1.8270934023111836, ""activity_top120_count"": 1.0, ""activity_rank_improving_count"": 0.0, ""activity_volume_expansion_breadth"": 13.752488387524883, ""activity_institution_buy_breadth"": 47.72256728778468, ""activity_leader_strength"": 11.10260225217341}"
2026-07-16,INVESTMENT_HOLDING,1.197421823284528,0.23927279263031842,1,1,33.33333333333333,33.33333333333333,2.447552447552437,5,3,ACTIVE,Dataset A distribution; outcome-blind,"{""activity_sector_excess_return_3d"": -1.3650675253893185, ""activity_sector_excess_return_5d"": -1.8270934023111836, ""activity_top120_count"": 1.0, ""activity_rank_improving_count"": 0.0, ""activity_volume_expansion_breadth"": 13.752488387524883, ""activity_institution_buy_breadth"": 47.72256728778468, ""activity_leader_strength"": 11.10260225217341}"
2026-07-17,INVESTMENT_HOLDING,4.9679553016734435,5.429342594040409,1,1,33.33333333333333,33.33333333333333,1.0526315789473717,5,4,HIGH_ACTIVITY,Dataset A distribution; outcome-blind,"{""activity_sector_excess_return_3d"": -1.3650675253893185, ""activity_sector_excess_return_5d"": -1.8270934023111836, ""activity_top120_count"": 1.0, ""activity_rank_improving_count"": 0.0, ""activity_volume_expansion_breadth"": 13.752488387524883, ""activity_institution_buy_breadth"": 47.72256728778468, ""activity_leader_strength"": 11.10260225217341}"
2026-07-20,INVESTMENT_HOLDING,6.97299831103847,7.499988431159454,1,0,66.66666666666666,100.0,1.6366612111292866,6,4,HIGH_ACTIVITY,Dataset A distribution; outcome-blind,"{""activity_sector_excess_return_3d"": -1.3650675253893185, ""activity_sector_excess_return_5d"": -1.8270934023111836, ""activity_top120_count"": 1.0, ""activity_rank_improving_count"": 0.0, ""activity_volume_expansion_breadth"": 13.752488387524883, ""activity_institution_buy_breadth"": 47.72256728778468, ""activity_leader_strength"": 11.10260225217341}"
2026-07-21,INVESTMENT_HOLDING,2.0273105525299817,2.1742705614697155,0,0,33.33333333333333,33.33333333333333,2.4630541871921263,4,3,ACTIVE,Dataset A distribution; outcome-blind,"{""activity_sector_excess_return_3d"": -1.3650675253893185, ""activity_sector_excess_return_5d"": -1.8270934023111836, ""activity_top120_count"": 1.0, ""activity_rank_improving_count"": 0.0, ""activity_volume_expansion_breadth"": 13.752488387524883, ""activity_institution_buy_breadth"": 47.72256728778468, ""activity_leader_strength"": 11.10260225217341}"
2026-07-22,INVESTMENT_HOLDING,-4.701865841010955,1.0786186164941203,0,0,33.33333333333333,66.66666666666666,0.9724473257698429,4,2,ACTIVE,Dataset A distribution; outcome-blind,"{""activity_sector_excess_return_3d"": -1.3650675253893185, ""activity_sector_excess_return_5d"": -1.8270934023111836, ""activity_top120_count"": 1.0, ""activity_rank_improving_count"": 0.0, ""activity_volume_expansion_breadth"": 13.752488387524883, ""activity_institution_buy_breadth"": 47.72256728778468, ""activity_leader_strength"": 11.10260225217341}"
2026-07-23,INVESTMENT_HOLDING,-6.000007674334462,0.6729209177290474,0,0,0.0,33.33333333333333,0.9771986970684043,2,0,LOW_ACTIVITY,Dataset A distribution; outcome-blind,"{""activity_sector_excess_return_3d"": -1.3650675253893185, ""activity_sector_excess_return_5d"": -1.8270934023111836, ""activity_top120_count"": 1.0, ""activity_rank_improving_count"": 0.0, ""activity_volume_expansion_breadth"": 13.752488387524883, ""activity_institution_buy_breadth"": 47.72256728778468, ""activity_leader_strength"": 11.10260225217341}"
2026-07-24,INVESTMENT_HOLDING,0.34524990647836207,-1.610549055866195,0,0,0.0,100.0,0.815660685154973,4,1,ACTIVE,Dataset A distribution; outcome-blind,"{""activity_sector_excess_return_3d"": -1.3650675253893185, ""activity_sector_excess_return_5d"": -1.8270934023111836, ""activity_top120_count"": 1.0, ""activity_rank_improving_count"": 0.0, ""activity_volume_expansion_breadth"": 13.752488387524883, ""activity_institution_buy_breadth"": 47.72256728778468, ""activity_leader_strength"": 11.10260225217341}"
2026-05-28,LED_LIGHTING,-3.1828321986898835,-3.474226596970287,2,0,33.33333333333333,58.333333333333336,26.363636363636367,5,2,ACTIVE,Dataset A distribution; outcome-blind,"{""activity_sector_excess_return_3d"": -1.3650675253893185, ""activity_sector_excess_return_5d"": -1.8270934023111836, ""activity_top120_count"": 1.0, ""activity_rank_improving_count"": 0.0, ""activity_volume_expansion_breadth"": 13.752488387524883, ""activity_institution_buy_breadth"": 47.72256728778468, ""activity_leader_strength"": 11.10260225217341}"
2026-05-29,LED_LIGHTING,-3.087715873590552,-5.548868005849861,1,0,33.33333333333333,50.0,31.192660550458704,5,2,ACTIVE,Dataset A distribution; outcome-blind,"{""activity_sector_excess_return_3d"": -1.3650675253893185, ""activity_sector_excess_return_5d"": -1.8270934023111836, ""activity_top120_count"": 1.0, ""activity_rank_improving_count"": 0.0, ""activity_volume_expansion_breadth"": 13.752488387524883, ""activity_institution_buy_breadth"": 47.72256728778468, ""activity_leader_strength"": 11.10260225217341}"
2026-06-01,LED_LIGHTING,-0.21807499998023339,-3.8086368158498862,2,0,40.0,75.0,47.18750000000001,6,3,ACTIVE,Dataset A distribution; outcome-blind,"{""activity_sector_excess_return_3d"": -1.3650675253893185, ""activity_sector_excess_return_5d"": -1.8270934023111836, ""activity_top120_count"": 1.0, ""activity_rank_improving_count"": 0.0, ""activity_volume_expansion_breadth"": 13.752488387524883, ""activity_institution_buy_breadth"": 47.72256728778468, ""activity_leader_strength"": 11.10260225217341}"
2026-06-02,LED_LIGHTING,-1.700936920127738,-3.1333160185677222,1,0,33.33333333333333,25.0,42.414860681114575,4,2,ACTIVE,Dataset A distribution; outcome-blind,"{""activity_sector_excess_return_3d"": -1.3650675253893185, ""activity_sector_excess_return_5d"": -1.8270934023111836, ""activity_top120_count"": 1.0, ""activity_rank_improving_count"": 0.0, ""activity_volume_expansion_breadth"": 13.752488387524883, ""activity_institution_buy_breadth"": 47.72256728778468, ""activity_leader_strength"": 11.10260225217341}"
2026-06-03,LED_LIGHTING,-1.6392040727301382,-0.9426422581166332,1,0,33.33333333333333,75.0,37.25055432372504,6,3,ACTIVE,Dataset A distribution; outcome-blind,"{""activity_sector_excess_return_3d"": -1.3650675253893185, ""activity_sector_excess_return_5d"": -1.8270934023111836, ""activity_top120_count"": 1.0, ""activity_rank_improving_count"": 0.0, ""activity_volume_expansion_breadth"": 13.752488387524883, ""activity_institution_buy_breadth"": 47.72256728778468, ""activity_leader_strength"": 11.10260225217341}"
2026-06-04,LED_LIGHTING,-1.3447420237076235,-0.9339239667368382,1,1,20.0,41.66666666666667,52.46636771300448,6,2,ACTIVE,Dataset A distribution; outcome-blind,"{""activity_sector_excess_return_3d"": -1.3650675253893185, ""activity_sector_excess_return_5d"": -1.8270934023111836, ""activity_top120_count"": 1.0, ""activity_rank_improving_count"": 0.0, ""activity_volume_expansion_breadth"": 13.752488387524883, ""activity_institution_buy_breadth"": 47.72256728778468, ""activity_leader_strength"": 11.10260225217341}"
2026-06-05,LED_LIGHTING,0.3443020729370527,0.01383784325311721,6,1,20.0,58.333333333333336,48.92703862660945,7,3,ACTIVE,Dataset A distribution; outcome-blind,"{""activity_sector_excess_return_3d"": -1.3650675253893185, ""activity_sector_excess_return_5d"": -1.8270934023111836, ""activity_top120_count"": 1.0, ""activity_rank_improving_count"": 0.0, ""activity_volume_expansion_breadth"": 13.752488387524883, ""activity_institution_buy_breadth"": 47.72256728778468, ""activity_leader_strength"": 11.10260225217341}"
2026-06-08,LED_LIGHTING,-0.8277116146459438,-2.502750166088985,2,1,13.333333333333334,50.0,22.0703125,5,1,ACTIVE,Dataset A distribution; outcome-blind,"{""activity_sector_excess_return_3d"": -1.3650675253893185, ""activity_sector_excess_return_5d"": -1.8270934023111836, ""activity_top120_count"": 1.0, ""activity_rank_improving_count"": 0.0, ""activity_volume_expansion_breadth"": 13.752488387524883, ""activity_institution_buy_breadth"": 47.72256728778468, ""activity_leader_strength"": 11.10260225217341}"
2026-06-09,LED_LIGHTING,-2.105298311062392,-2.678863137906728,2,0,6.666666666666667,50.0,20.840336134453775,4,0,ACTIVE,Dataset A distribution; outcome-blind,"{""activity_sector_excess_return_3d"": -1.3650675253893185, ""activity_sector_excess_return_5d"": -1.8270934023111836, ""activity_top120_count"": 1.0, ""activity_rank_improving_count"": 0.0, ""activity_volume_expansion_breadth"": 13.752488387524883, ""activity_institution_buy_breadth"": 47.72256728778468, ""activity_leader_strength"": 11.10260225217341}"
2026-06-10,LED_LIGHTING,-4.936030255921837,-3.438895007569525,2,2,6.666666666666667,50.0,11.71617161716172,4,1,ACTIVE,Dataset A distribution; outcome-blind,"{""activity_sector_excess_return_3d"": -1.3650675253893185, ""activity_sector_excess_return_5d"": -1.8270934023111836, ""activity_top120_count"": 1.0, ""activity_rank_improving_count"": 0.0, ""activity_volume_expansion_breadth"": 13.752488387524883, ""activity_institution_buy_breadth"": 47.72256728778468, ""activity_leader_strength"": 11.10260225217341}"
2026-06-11,LED_LIGHTING,-2.8561358843839924,-3.2499274369571074,3,1,6.666666666666667,50.0,5.159332321699539,3,2,ACTIVE,Dataset A distribution; outcome-blind,"{""activity_sector_excess_return_3d"": -1.3650675253893185, ""activity_sector_excess_return_5d"": -1.8270934023111836, ""activity_top120_count"": 1.0, ""activity_rank_improving_count"": 0.0, ""activity_volume_expansion_breadth"": 13.752488387524883, ""activity_institution_buy_breadth"": 47.72256728778468, ""activity_leader_strength"": 11.10260225217341}"
2026-06-12,LED_LIGHTING,-1.261196469293957,-5.22276998596673,2,0,6.666666666666667,83.33333333333334,-2.2900763358778553,4,1,ACTIVE,Dataset A distribution; outcome-blind,"{""activity_sector_excess_return_3d"": -1.3650675253893185, ""activity_sector_excess_return_5d"": -1.8270934023111836, ""activity_top120_count"": 1.0, ""activity_rank_improving_count"": 0.0, ""activity_volume_expansion_breadth"": 13.752488387524883, ""activity_institution_buy_breadth"": 47.72256728778468, ""activity_leader_strength"": 11.10260225217341}"
2026-06-15,LED_LIGHTING,-0.7557213158895237,-3.9382447555743494,2,0,6.666666666666667,50.0,11.314984709480115,5,0,ACTIVE,Dataset A distribution; outcome-blind,"{""activity_sector_excess_return_3d"": -1.3650675253893185, ""activity_sector_excess_return_5d"": -1.8270934023111836, ""activity_top120_count"": 1.0, ""activity_rank_improving_count"": 0.0, ""activity_volume_expansion_breadth"": 13.752488387524883, ""activity_institution_buy_breadth"": 47.72256728778468, ""activity_leader_strength"": 11.10260225217341}"
2026-06-16,LED_LIGHTING,-2.1413636309037143,-2.9657382845213687,1,1,13.333333333333334,41.66666666666667,15.112540192926026,3,1,ACTIVE,Dataset A distribution; outcome-blind,"{""activity_sector_excess_return_3d"": -1.3650675253893185, ""activity_sector_excess_return_5d"": -1.8270934023111836, ""activity_top120_count"": 1.0, ""activity_rank_improving_count"": 0.0, ""activity_volume_expansion_breadth"": 13.752488387524883, ""activity_institution_buy_breadth"": 47.72256728778468, ""activity_leader_strength"": 11.10260225217341}"
2026-06-17,LED_LIGHTING,-0.4686045573447428,-1.0887494858433993,2,0,13.333333333333334,50.0,33.16412859560067,6,1,ACTIVE,Dataset A distribution; outcome-blind,"{""activity_sector_excess_return_3d"": -1.3650675253893185, ""activity_sector_excess_return_5d"": -1.8270934023111836, ""activity_top120_count"": 1.0, ""activity_rank_improving_count"": 0.0, ""activity_volume_expansion_breadth"": 13.752488387524883, ""activity_institution_buy_breadth"": 47.72256728778468, ""activity_leader_strength"": 11.10260225217341}"
2026-06-18,LED_LIGHTING,-0.6876078188379542,-1.7245705672894625,1,1,0.0,25.0,41.135972461273674,5,2,ACTIVE,Dataset A distribution; outcome-blind,"{""activity_sector_excess_return_3d"": -1.3650675253893185, ""activity_sector_excess_return_5d"": -1.8270934023111836, ""activity_top120_count"": 1.0, ""activity_rank_improving_count"": 0.0, ""activity_volume_expansion_breadth"": 13.752488387524883, ""activity_institution_buy_breadth"": 47.72256728778468, ""activity_leader_strength"": 11.10260225217341}"
2026-06-22,LED_LIGHTING,0.8769187295912912,-2.1140536104230723,2,2,20.0,83.33333333333334,40.575079872204476,6,3,ACTIVE,Dataset A distribution; outcome-blind,"{""activity_sector_excess_return_3d"": -1.3650675253893185, ""activity_sector_excess_return_5d"": -1.8270934023111836, ""activity_top120_count"": 1.0, ""activity_rank_improving_count"": 0.0, ""activity_volume_expansion_breadth"": 13.752488387524883, ""activity_institution_buy_breadth"": 47.72256728778468, ""activity_leader_strength"": 11.10260225217341}"
2026-06-23,LED_LIGHTING,0.1402472624503326,-0.9863397263710105,2,1,33.33333333333333,50.0,21.07558139534884,7,2,ACTIVE,Dataset A distribution; outcome-blind,"{""activity_sector_excess_return_3d"": -1.3650675253893185, ""activity_sector_excess_return_5d"": -1.8270934023111836, ""activity_top120_count"": 1.0, ""activity_rank_improving_count"": 0.0, ""activity_volume_expansion_breadth"": 13.752488387524883, ""activity_institution_buy_breadth"": 47.72256728778468, ""activity_leader_strength"": 11.10260225217341}"
2026-06-24,LED_LIGHTING,1.3915087206505306,3.2441359503201372,3,1,20.0,25.0,25.311203319502074,6,5,HIGH_ACTIVITY,Dataset A distribution; outcome-blind,"{""activity_sector_excess_return_3d"": -1.3650675253893185, ""activity_sector_excess_return_5d"": -1.8270934023111836, ""activity_top120_count"": 1.0, ""activity_rank_improving_count"": 0.0, ""activity_volume_expansion_breadth"": 13.752488387524883, ""activity_institution_buy_breadth"": 47.72256728778468, ""activity_leader_strength"": 11.10260225217341}"
2026-06-25,LED_LIGHTING,0.14999697238248233,0.120357816048966,3,1,13.333333333333334,33.33333333333333,33.8709677419355,5,3,ACTIVE,Dataset A distribution; outcome-blind,"{""activity_sector_excess_return_3d"": -1.3650675253893185, ""activity_sector_excess_return_5d"": -1.8270934023111836, ""activity_top120_count"": 1.0, ""activity_rank_improving_count"": 0.0, ""activity_volume_expansion_breadth"": 13.752488387524883, ""activity_institution_buy_breadth"": 47.72256728778468, ""activity_leader_strength"": 11.10260225217341}"
2026-06-26,LED_LIGHTING,-0.3651545395628055,-0.9248079982355994,2,1,13.333333333333334,41.66666666666667,47.177419354838705,5,2,ACTIVE,Dataset A distribution; outcome-blind,"{""activity_sector_excess_return_3d"": -1.3650675253893185, ""activity_sector_excess_return_5d"": -1.8270934023111836, ""activity_top120_count"": 1.0, ""activity_rank_improving_count"": 0.0, ""activity_volume_expansion_breadth"": 13.752488387524883, ""activity_institution_buy_breadth"": 47.72256728778468, ""activity_leader_strength"": 11.10260225217341}"
2026-06-29,LED_LIGHTING,-2.277246254312215,-2.1181397207180375,2,1,6.666666666666667,66.66666666666666,60.400000000000006,4,3,ACTIVE,Dataset A distribution; outcome-blind,"{""activity_sector_excess_return_3d"": -1.3650675253893185, ""activity_sector_excess_return_5d"": -1.8270934023111836, ""activity_top120_count"": 1.0, ""activity_rank_improving_count"": 0.0, ""activity_volume_expansion_breadth"": 13.752488387524883, ""activity_institution_buy_breadth"": 47.72256728778468, ""activity_leader_strength"": 11.10260225217341}"
2026-06-30,LED_LIGHTING,-1.3670684503530817,-2.362816117947081,2,0,20.0,50.0,60.363636363636374,5,1,ACTIVE,Dataset A distribution; outcome-blind,"{""activity_sector_excess_return_3d"": -1.3650675253893185, ""activity_sector_excess_return_5d"": -1.8270934023111836, ""activity_top120_count"": 1.0, ""activity_rank_improving_count"": 0.0, ""activity_volume_expansion_breadth"": 13.752488387524883, ""activity_institution_buy_breadth"": 47.72256728778468, ""activity_leader_strength"": 11.10260225217341}"
2026-07-01,LED_LIGHTING,-5.41584873346968,-7.753504640445342,1,0,20.0,25.0,60.59602649006624,4,1,ACTIVE,Dataset A distribution; outcome-blind,"{""activity_sector_excess_return_3d"": -1.3650675253893185, ""activity_sector_excess_return_5d"": -1.8270934023111836, ""activity_top120_count"": 1.0, ""activity_rank_improving_count"": 0.0, ""activity_volume_expansion_breadth"": 13.752488387524883, ""activity_institution_buy_breadth"": 47.72256728778468, ""activity_leader_strength"": 11.10260225217341}"
2026-07-02,LED_LIGHTING,-3.354588287350313,-4.364387975409634,1,0,13.333333333333334,58.333333333333336,60.54216867469877,4,1,ACTIVE,Dataset A distribution; outcome-blind,"{""activity_sector_excess_return_3d"": -1.3650675253893185, ""activity_sector_excess_return_5d"": -1.8270934023111836, ""activity_top120_count"": 1.0, ""activity_rank_improving_count"": 0.0, ""activity_volume_expansion_breadth"": 13.752488387524883, ""activity_institution_buy_breadth"": 47.72256728778468, ""activity_leader_strength"": 11.10260225217341}"
2026-07-03,LED_LIGHTING,0.43152418451305463,-1.8326104458313508,1,1,20.0,50.0,37.549407114624486,6,2,ACTIVE,Dataset A distribution; outcome-blind,"{""activity_sector_excess_return_3d"": -1.3650675253893185, ""activity_sector_excess_return_5d"": -1.8270934023111836, ""activity_top120_count"": 1.0, ""activity_rank_improving_count"": 0.0, ""activity_volume_expansion_breadth"": 13.752488387524883, ""activity_institution_buy_breadth"": 47.72256728778468, ""activity_leader_strength"": 11.10260225217341}"
2026-07-06,LED_LIGHTING,3.708216773090922,-0.40543923855029806,1,1,33.33333333333333,41.66666666666667,24.603174603174605,6,4,HIGH_ACTIVITY,Dataset A distribution; outcome-blind,"{""activity_sector_excess_return_3d"": -1.3650675253893185, ""activity_sector_excess_return_5d"": -1.8270934023111836, ""activity_top120_count"": 1.0, ""activity_rank_improving_count"": 0.0, ""activity_volume_expansion_breadth"": 13.752488387524883, ""activity_institution_buy_breadth"": 47.72256728778468, ""activity_leader_strength"": 11.10260225217341}"
2026-07-07,LED_LIGHTING,1.2447663032991718,0.6234032078996476,1,1,33.33333333333333,41.66666666666667,12.547528517110273,6,3,ACTIVE,Dataset A distribution; outcome-blind,"{""activity_sector_excess_return_3d"": -1.3650675253893185, ""activity_sector_excess_return_5d"": -1.8270934023111836, ""activity_top120_count"": 1.0, ""activity_rank_improving_count"": 0.0, ""activity_volume_expansion_breadth"": 13.752488387524883, ""activity_institution_buy_breadth"": 47.72256728778468, ""activity_leader_strength"": 11.10260225217341}"
2026-07-08,LED_LIGHTING,-3.0525713647496397,2.1987780533672066,1,0,13.333333333333334,50.0,4.844290657439454,4,1,ACTIVE,Dataset A distribution; outcome-blind,"{""activity_sector_excess_return_3d"": -1.3650675253893185, ""activity_sector_excess_return_5d"": -1.8270934023111836, ""activity_top120_count"": 1.0, ""activity_rank_improving_count"": 0.0, ""activity_volume_expansion_breadth"": 13.752488387524883, ""activity_institution_buy_breadth"": 47.72256728778468, ""activity_leader_strength"": 11.10260225217341}"
2026-07-09,LED_LIGHTING,-2.7890276159171172,-0.5057020297207782,1,1,0.0,41.66666666666667,2.5764895330112836,3,1,ACTIVE,Dataset A distribution; outcome-blind,"{""activity_sector_excess_return_3d"": -1.3650675253893185, ""activity_sector_excess_return_5d"": -1.8270934023111836, ""activity_top120_count"": 1.0, ""activity_rank_improving_count"": 0.0, ""activity_volume_expansion_breadth"": 13.752488387524883, ""activity_institution_buy_breadth"": 47.72256728778468, ""activity_leader_strength"": 11.10260225217341}"
2026-07-13,LED_LIGHTING,-2.8099456640087617,-4.791118501212194,1,1,13.333333333333334,50.0,6.874999999999987,3,1,ACTIVE,Dataset A distribution; outcome-blind,"{""activity_sector_excess_return_3d"": -1.3650675253893185, ""activity_sector_excess_return_5d"": -1.8270934023111836, ""activity_top120_count"": 1.0, ""activity_rank_improving_count"": 0.0, ""activity_volume_expansion_breadth"": 13.752488387524883, ""activity_institution_buy_breadth"": 47.72256728778468, ""activity_leader_strength"": 11.10260225217341}"
2026-07-14,LED_LIGHTING,-2.9479988307921365,-6.201310516862446,1,0,20.0,66.66666666666666,11.904761904761907,5,1,ACTIVE,Dataset A distribution; outcome-blind,"{""activity_sector_excess_return_3d"": -1.3650675253893185, ""activity_sector_excess_return_5d"": -1.8270934023111836, ""activity_top120_count"": 1.0, ""activity_rank_improving_count"": 0.0, ""activity_volume_expansion_breadth"": 13.752488387524883, ""activity_institution_buy_breadth"": 47.72256728778468, ""activity_leader_strength"": 11.10260225217341}"
2026-07-15,LED_LIGHTING,-5.86219863762425,-5.886575753048951,1,1,0.0,41.66666666666667,17.796610169491522,3,1,ACTIVE,Dataset A distribution; outcome-blind,"{""activity_sector_excess_return_3d"": -1.3650675253893185, ""activity_sector_excess_return_5d"": -1.8270934023111836, ""activity_top120_count"": 1.0, ""activity_rank_improving_count"": 0.0, ""activity_volume_expansion_breadth"": 13.752488387524883, ""activity_institution_buy_breadth"": 47.72256728778468, ""activity_leader_strength"": 11.10260225217341}"
2026-07-16,LED_LIGHTING,-4.310129487838211,-7.646759918784885,1,0,0.0,41.66666666666667,1.1194029850746245,2,0,LOW_ACTIVITY,Dataset A distribution; outcome-blind,"{""activity_sector_excess_return_3d"": -1.3650675253893185, ""activity_sector_excess_return_5d"": -1.8270934023111836, ""activity_top120_count"": 1.0, ""activity_rank_improving_count"": 0.0, ""activity_volume_expansion_breadth"": 13.752488387524883, ""activity_institution_buy_breadth"": 47.72256728778468, ""activity_leader_strength"": 11.10260225217341}"
2026-07-17,LED_LIGHTING,-3.6511234885288735,-9.054285905606397,1,0,13.333333333333334,41.66666666666667,-3.802281368821292,2,0,LOW_ACTIVITY,Dataset A distribution; outcome-blind,"{""activity_sector_excess_return_3d"": -1.3650675253893185, ""activity_sector_excess_return_5d"": -1.8270934023111836, ""activity_top120_count"": 1.0, ""activity_rank_improving_count"": 0.0, ""activity_volume_expansion_breadth"": 13.752488387524883, ""activity_institution_buy_breadth"": 47.72256728778468, ""activity_leader_strength"": 11.10260225217341}"
2026-07-20,LED_LIGHTING,-3.2963313515852235,-7.359164119260935,1,0,0.0,75.0,-3.5812672176308458,3,1,ACTIVE,Dataset A distribution; outcome-blind,"{""activity_sector_excess_return_3d"": -1.3650675253893185, ""activity_sector_excess_return_5d"": -1.8270934023111836, ""activity_top120_count"": 1.0, ""activity_rank_improving_count"": 0.0, ""activity_volume_expansion_breadth"": 13.752488387524883, ""activity_institution_buy_breadth"": 47.72256728778468, ""activity_leader_strength"": 11.10260225217341}"
2026-07-21,LED_LIGHTING,-3.821858338237344,-7.143266067321024,1,0,0.0,50.0,0.0,3,0,ACTIVE,Dataset A distribution; outcome-blind,"{""activity_sector_excess_return_3d"": -1.3650675253893185, ""activity_sector_excess_return_5d"": -1.8270934023111836, ""activity_top120_count"": 1.0, ""activity_rank_improving_count"": 0.0, ""activity_volume_expansion_breadth"": 13.752488387524883, ""activity_institution_buy_breadth"": 47.72256728778468, ""activity_leader_strength"": 11.10260225217341}"
2026-07-22,LED_LIGHTING,-4.085696926431648,-6.988512745213322,1,0,13.333333333333334,33.33333333333333,-1.5109890109890056,2,0,LOW_ACTIVITY,Dataset A distribution; outcome-blind,"{""activity_sector_excess_return_3d"": -1.3650675253893185, ""activity_sector_excess_return_5d"": -1.8270934023111836, ""activity_top120_count"": 1.0, ""activity_rank_improving_count"": 0.0, ""activity_volume_expansion_breadth"": 13.752488387524883, ""activity_institution_buy_breadth"": 47.72256728778468, ""activity_leader_strength"": 11.10260225217341}"
2026-07-23,LED_LIGHTING,-3.0082814389572388,-5.432396466357531,0,0,0.0,41.66666666666667,-0.4149377593360981,1,0,LOW_ACTIVITY,Dataset A distribution; outcome-blind,"{""activity_sector_excess_return_3d"": -1.3650675253893185, ""activity_sector_excess_return_5d"": -1.8270934023111836, ""activity_top120_count"": 1.0, ""activity_rank_improving_count"": 0.0, ""activity_volume_expansion_breadth"": 13.752488387524883, ""activity_institution_buy_breadth"": 47.72256728778468, ""activity_leader_strength"": 11.10260225217341}"
2026-07-24,LED_LIGHTING,0.4292307803951456,-3.81400404094307,0,0,20.0,33.33333333333333,4.0000000000000036,3,0,ACTIVE,Dataset A distribution; outcome-blind,"{""activity_sector_excess_return_3d"": -1.3650675253893185, ""activity_sector_excess_return_5d"": -1.8270934023111836, ""activity_top120_count"": 1.0, ""activity_rank_improving_count"": 0.0, ""activity_volume_expansion_breadth"": 13.752488387524883, ""activity_institution_buy_breadth"": 47.72256728778468, ""activity_leader_strength"": 11.10260225217341}"
2026-05-28,LEISURE_TOURISM,-0.3710129684553809,-6.2581163066725285,1,0,22.727272727272727,68.18181818181817,3.4375000000000044,5,2,ACTIVE,Dataset A distribution; outcome-blind,"{""activity_sector_excess_return_3d"": -1.3650675253893185, ""activity_sector_excess_return_5d"": -1.8270934023111836, ""activity_top120_count"": 1.0, ""activity_rank_improving_count"": 0.0, ""activity_volume_expansion_breadth"": 13.752488387524883, ""activity_institution_buy_breadth"": 47.72256728778468, ""activity_leader_strength"": 11.10260225217341}"
2026-05-29,LEISURE_TOURISM,-2.774404904541883,-5.831768121345782,0,0,31.818181818181817,68.18181818181817,4.6875,3,2,ACTIVE,Dataset A distribution; outcome-blind,"{""activity_sector_excess_return_3d"": -1.3650675253893185, ""activity_sector_excess_return_5d"": -1.8270934023111836, ""activity_top120_count"": 1.0, ""activity_rank_improving_count"": 0.0, ""activity_volume_expansion_breadth"": 13.752488387524883, ""activity_institution_buy_breadth"": 47.72256728778468, ""activity_leader_strength"": 11.10260225217341}"
2026-06-01,LEISURE_TOURISM,-0.9880769095886532,-3.1152519246819943,0,0,40.909090909090914,86.36363636363636,6.25,4,2,ACTIVE,Dataset A distribution; outcome-blind,"{""activity_sector_excess_return_3d"": -1.3650675253893185, ""activity_sector_excess_return_5d"": -1.8270934023111836, ""activity_top120_count"": 1.0, ""activity_rank_improving_count"": 0.0, ""activity_volume_expansion_breadth"": 13.752488387524883, ""activity_institution_buy_breadth"": 47.72256728778468, ""activity_leader_strength"": 11.10260225217341}"
2026-06-02,LEISURE_TOURISM,-2.1568806950420183,-3.30419426097176,0,0,36.36363636363637,68.18181818181817,12.739571589627952,4,2,ACTIVE,Dataset A distribution; outcome-blind,"{""activity_sector_excess_return_3d"": -1.3650675253893185, ""activity_sector_excess_return_5d"": -1.8270934023111836, ""activity_top120_count"": 1.0, ""activity_rank_improving_count"": 0.0, ""activity_volume_expansion_breadth"": 13.752488387524883, ""activity_institution_buy_breadth"": 47.72256728778468, ""activity_leader_strength"": 11.10260225217341}"
2026-06-03,LEISURE_TOURISM,-1.768144778649361,-2.392134174885341,0,0,36.36363636363637,63.63636363636363,11.870100783874582,4,2,ACTIVE,Dataset A distribution; outcome-blind,"{""activity_sector_excess_return_3d"": -1.3650675253893185, ""activity_sector_excess_return_5d"": -1.8270934023111836, ""activity_top120_count"": 1.0, ""activity_rank_improving_count"": 0.0, ""activity_volume_expansion_breadth"": 13.752488387524883, ""activity_institution_buy_breadth"": 47.72256728778468, ""activity_leader_strength"": 11.10260225217341}"
2026-06-04,LEISURE_TOURISM,2.0392184997196416,-0.027133528732981027,1,0,45.45454545454545,40.909090909090914,11.578947368421044,6,2,ACTIVE,Dataset A distribution; outcome-blind,"{""activity_sector_excess_return_3d"": -1.3650675253893185, ""activity_sector_excess_return_5d"": -1.8270934023111836, ""activity_top120_count"": 1.0, ""activity_rank_improving_count"": 0.0, ""activity_volume_expansion_breadth"": 13.752488387524883, ""activity_institution_buy_breadth"": 47.72256728778468, ""activity_leader_strength"": 11.10260225217341}"
2026-06-05,LEISURE_TOURISM,2.238680633616108,2.4056170217121697,3,0,36.36363636363637,22.727272727272727,6.94087403598973,5,4,HIGH_ACTIVITY,Dataset A distribution; outcome-blind,"{""activity_sector_excess_return_3d"": -1.3650675253893185, ""activity_sector_excess_return_5d"": -1.8270934023111836, ""activity_top120_count"": 1.0, ""activity_rank_improving_count"": 0.0, ""activity_volume_expansion_breadth"": 13.752488387524883, ""activity_institution_buy_breadth"": 47.72256728778468, ""activity_leader_strength"": 11.10260225217341}"
2026-06-08,LEISURE_TOURISM,5.412336600110734,4.353842469281565,3,0,40.909090909090914,40.909090909090914,6.153846153846154,5,4,HIGH_ACTIVITY,Dataset A distribution; outcome-blind,"{""activity_sector_excess_return_3d"": -1.3650675253893185, ""activity_sector_excess_return_5d"": -1.8270934023111836, ""activity_top120_count"": 1.0, ""activity_rank_improving_count"": 0.0, ""activity_volume_expansion_breadth"": 13.752488387524883, ""activity_institution_buy_breadth"": 47.72256728778468, ""activity_leader_strength"": 11.10260225217341}"
2026-06-09,LEISURE_TOURISM,0.5478114511981214,2.609370757427143,3,1,22.727272727272727,31.818181818181817,2.2277227722772297,5,4,HIGH_ACTIVITY,Dataset A distribution; outcome-blind,"{""activity_sector_excess_return_3d"": -1.3650675253893185, ""activity_sector_excess_return_5d"": -1.8270934023111836, ""activity_top120_count"": 1.0, ""activity_rank_improving_count"": 0.0, ""activity_volume_expansion_breadth"": 13.752488387524883, ""activity_institution_buy_breadth"": 47.72256728778468, ""activity_leader_strength"": 11.10260225217341}"
2026-06-10,LEISURE_TOURISM,2.9687267135318054,6.437346124269788,2,1,18.181818181818183,45.45454545454545,2.2727272727272707,5,3,ACTIVE,Dataset A distribution; outcome-blind,"{""activity_sector_excess_return_3d"": -1.3650675253893185, ""activity_sector_excess_return_5d"": -1.8270934023111836, ""activity_top120_count"": 1.0, ""activity_rank_improving_count"": 0.0, ""activity_volume_expansion_breadth"": 13.752488387524883, ""activity_institution_buy_breadth"": 47.72256728778468, ""activity_leader_strength"": 11.10260225217341}"
2026-06-11,LEISURE_TOURISM,1.52490763418478,4.432733325457672,0,0,13.636363636363635,50.0,7.223796033994345,4,2,ACTIVE,Dataset A distribution; outcome-blind,"{""activity_sector_excess_return_3d"": -1.3650675253893185, ""activity_sector_excess_return_5d"": -1.8270934023111836, ""activity_top120_count"": 1.0, ""activity_rank_improving_count"": 0.0, ""activity_volume_expansion_breadth"": 13.752488387524883, ""activity_institution_buy_breadth"": 47.72256728778468, ""activity_leader_strength"": 11.10260225217341}"
2026-06-12,LEISURE_TOURISM,2.167237831574076,1.6768154798020685,0,0,13.636363636363635,63.63636363636363,6.49717514124295,4,3,ACTIVE,Dataset A distribution; outcome-blind,"{""activity_sector_excess_return_3d"": -1.3650675253893185, ""activity_sector_excess_return_5d"": -1.8270934023111836, ""activity_top120_count"": 1.0, ""activity_rank_improving_count"": 0.0, ""activity_volume_expansion_breadth"": 13.752488387524883, ""activity_institution_buy_breadth"": 47.72256728778468, ""activity_leader_strength"": 11.10260225217341}"
2026-06-15,LEISURE_TOURISM,-3.0056582076034233,-1.174851548741218,0,0,31.818181818181817,63.63636363636363,7.932011331444766,4,2,ACTIVE,Dataset A distribution; outcome-blind,"{""activity_sector_excess_return_3d"": -1.3650675253893185, ""activity_sector_excess_return_5d"": -1.8270934023111836, ""activity_top120_count"": 1.0, ""activity_rank_improving_count"": 0.0, ""activity_volume_expansion_breadth"": 13.752488387524883, ""activity_institution_buy_breadth"": 47.72256728778468, ""activity_leader_strength"": 11.10260225217341}"
2026-06-16,LEISURE_TOURISM,-4.703265739958484,-0.14825122066555174,0,0,18.181818181818183,68.18181818181817,7.573632538569441,4,1,ACTIVE,Dataset A distribution; outcome-blind,"{""activity_sector_excess_return_3d"": -1.3650675253893185, ""activity_sector_excess_return_5d"": -1.8270934023111836, ""activity_top120_count"": 1.0, ""activity_rank_improving_count"": 0.0, ""activity_volume_expansion_breadth"": 13.752488387524883, ""activity_institution_buy_breadth"": 47.72256728778468, ""activity_leader_strength"": 11.10260225217341}"
2026-06-17,LEISURE_TOURISM,-2.6712212063563223,-3.304941724458821,0,0,22.727272727272727,40.909090909090914,13.636363636363647,3,1,ACTIVE,Dataset A distribution; outcome-blind,"{""activity_sector_excess_return_3d"": -1.3650675253893185, ""activity_sector_excess_return_5d"": -1.8270934023111836, ""activity_top120_count"": 1.0, ""activity_rank_improving_count"": 0.0, ""activity_volume_expansion_breadth"": 13.752488387524883, ""activity_institution_buy_breadth"": 47.72256728778468, ""activity_leader_strength"": 11.10260225217341}"
2026-06-18,LEISURE_TOURISM,-1.9165876780554925,-6.223789146434944,0,0,31.818181818181817,36.36363636363637,26.37362637362637,3,2,ACTIVE,Dataset A distribution; outcome-blind,"{""activity_sector_excess_return_3d"": -1.3650675253893185, ""activity_sector_excess_return_5d"": -1.8270934023111836, ""activity_top120_count"": 1.0, ""activity_rank_improving_count"": 0.0, ""activity_volume_expansion_breadth"": 13.752488387524883, ""activity_institution_buy_breadth"": 47.72256728778468, ""activity_leader_strength"": 11.10260225217341}"
2026-06-22,LEISURE_TOURISM,-4.500751287991495,-7.338640826057075,0,0,45.45454545454545,59.09090909090909,30.681818181818187,4,2,ACTIVE,Dataset A distribution; outcome-blind,"{""activity_sector_excess_return_3d"": -1.3650675253893185, ""activity_sector_excess_return_5d"": -1.8270934023111836, ""activity_top120_count"": 1.0, ""activity_rank_improving_count"": 0.0, ""activity_volume_expansion_breadth"": 13.752488387524883, ""activity_institution_buy_breadth"": 47.72256728778468, ""activity_leader_strength"": 11.10260225217341}"
2026-06-23,LEISURE_TOURISM,-3.7979193703241987,-3.4124157865905502,0,0,36.36363636363637,63.63636363636363,22.241379310344843,4,2,ACTIVE,Dataset A distribution; outcome-blind,"{""activity_sector_excess_return_3d"": -1.3650675253893185, ""activity_sector_excess_return_5d"": -1.8270934023111836, ""activity_top120_count"": 1.0, ""activity_rank_improving_count"": 0.0, ""activity_volume_expansion_breadth"": 13.752488387524883, ""activity_institution_buy_breadth"": 47.72256728778468, ""activity_leader_strength"": 11.10260225217341}"
2026-06-24,LEISURE_TOURISM,0.18619186633636042,-1.2534296354533903,0,0,18.181818181818183,63.63636363636363,14.495114006514665,6,1,ACTIVE,Dataset A distribution; outcome-blind,"{""activity_sector_excess_return_3d"": -1.3650675253893185, ""activity_sector_excess_return_5d"": -1.8270934023111836, ""activity_top120_count"": 1.0, ""activity_rank_improving_count"": 0.0, ""activity_volume_expansion_breadth"": 13.752488387524883, ""activity_institution_buy_breadth"": 47.72256728778468, ""activity_leader_strength"": 11.10260225217341}"
2026-06-25,LEISURE_TOURISM,2.813400641222341,-1.747793040439849,0,0,22.727272727272727,50.0,5.494505494505497,5,2,ACTIVE,Dataset A distribution; outcome-blind,"{""activity_sector_excess_return_3d"": -1.3650675253893185, ""activity_sector_excess_return_5d"": -1.8270934023111836, ""activity_top120_count"": 1.0, ""activity_rank_improving_count"": 0.0, ""activity_volume_expansion_breadth"": 13.752488387524883, ""activity_institution_buy_breadth"": 47.72256728778468, ""activity_leader_strength"": 11.10260225217341}"
2026-06-26,LEISURE_TOURISM,3.7265030685303238,1.6800374643624605,4,0,31.818181818181817,31.818181818181817,4.748603351955305,5,4,HIGH_ACTIVITY,Dataset A distribution; outcome-blind,"{""activity_sector_excess_return_3d"": -1.3650675253893185, ""activity_sector_excess_return_5d"": -1.8270934023111836, ""activity_top120_count"": 1.0, ""activity_rank_improving_count"": 0.0, ""activity_volume_expansion_breadth"": 13.752488387524883, ""activity_institution_buy_breadth"": 47.72256728778468, ""activity_leader_strength"": 11.10260225217341}"
2026-06-29,LEISURE_TOURISM,1.7693257381049654,4.734527688754208,0,0,22.727272727272727,54.54545454545454,4.564315352697101,5,3,ACTIVE,Dataset A distribution; outcome-blind,"{""activity_sector_excess_return_3d"": -1.3650675253893185, ""activity_sector_excess_return_5d"": -1.8270934023111836, ""activity_top120_count"": 1.0, ""activity_rank_improving_count"": 0.0, ""activity_volume_expansion_breadth"": 13.752488387524883, ""activity_institution_buy_breadth"": 47.72256728778468, ""activity_leader_strength"": 11.10260225217341}"
2026-06-30,LEISURE_TOURISM,0.27964387185370754,2.194796400744603,0,0,0.0,54.54545454545454,6.7842605156037905,4,1,ACTIVE,Dataset A distribution; outcome-blind,"{""activity_sector_excess_return_3d"": -1.3650675253893185, ""activity_sector_excess_return_5d"": -1.8270934023111836, ""activity_top120_count"": 1.0, ""activity_rank_improving_count"": 0.0, ""activity_volume_expansion_breadth"": 13.752488387524883, ""activity_institution_buy_breadth"": 47.72256728778468, ""activity_leader_strength"": 11.10260225217341}"
2026-07-01,LEISURE_TOURISM,-4.446148135759098,-2.591810432325692,0,0,22.727272727272727,63.63636363636363,7.120743034055743,3,2,ACTIVE,Dataset A distribution; outcome-blind,"{""activity_sector_excess_return_3d"": -1.3650675253893185, ""activity_sector_excess_return_5d"": -1.8270934023111836, ""activity_top120_count"": 1.0, ""activity_rank_improving_count"": 0.0, ""activity_volume_expansion_breadth"": 13.752488387524883, ""activity_institution_buy_breadth"": 47.72256728778468, ""activity_leader_strength"": 11.10260225217341}"
2026-07-02,LEISURE_TOURISM,-3.9422795131196784,-1.6902781731906014,0,0,13.636363636363635,50.0,7.846153846153836,3,0,ACTIVE,Dataset A distribution; outcome-blind,"{""activity_sector_excess_return_3d"": -1.3650675253893185, ""activity_sector_excess_return_5d"": -1.8270934023111836, ""activity_top120_count"": 1.0, ""activity_rank_improving_count"": 0.0, ""activity_volume_expansion_breadth"": 13.752488387524883, ""activity_institution_buy_breadth"": 47.72256728778468, ""activity_leader_strength"": 11.10260225217341}"
2026-07-03,LEISURE_TOURISM,-0.9722181835314814,-2.9492103728415153,0,0,45.45454545454545,81.81818181818183,11.84615384615384,5,2,ACTIVE,Dataset A distribution; outcome-blind,"{""activity_sector_excess_return_3d"": -1.3650675253893185, ""activity_sector_excess_return_5d"": -1.8270934023111836, ""activity_top120_count"": 1.0, ""activity_rank_improving_count"": 0.0, ""activity_volume_expansion_breadth"": 13.752488387524883, ""activity_institution_buy_breadth"": 47.72256728778468, ""activity_leader_strength"": 11.10260225217341}"
2026-07-06,LEISURE_TOURISM,2.1505922987997916,-2.072135446965373,0,0,27.27272727272727,59.09090909090909,11.550151975683898,5,2,ACTIVE,Dataset A distribution; outcome-blind,"{""activity_sector_excess_return_3d"": -1.3650675253893185, ""activity_sector_excess_return_5d"": -1.8270934023111836, ""activity_top120_count"": 1.0, ""activity_rank_improving_count"": 0.0, ""activity_volume_expansion_breadth"": 13.752488387524883, ""activity_institution_buy_breadth"": 47.72256728778468, ""activity_leader_strength"": 11.10260225217341}"
2026-07-07,LEISURE_TOURISM,3.18485212188071,1.068549641299732,0,0,18.181818181818183,36.36363636363637,9.090909090909083,4,1,ACTIVE,Dataset A distribution; outcome-blind,"{""activity_sector_excess_return_3d"": -1.3650675253893185, ""activity_sector_excess_return_5d"": -1.8270934023111836, ""activity_top120_count"": 1.0, ""activity_rank_improving_count"": 0.0, ""activity_volume_expansion_breadth"": 13.752488387524883, ""activity_institution_buy_breadth"": 47.72256728778468, ""activity_leader_strength"": 11.10260225217341}"
2026-07-08,LEISURE_TOURISM,0.696016736476518,3.3601758669032034,0,0,4.545454545454546,27.27272727272727,9.090909090909083,3,1,ACTIVE,Dataset A distribution; outcome-blind,"{""activity_sector_excess_return_3d"": -1.3650675253893185, ""activity_sector_excess_return_5d"": -1.8270934023111836, ""activity_top120_count"": 1.0, ""activity_rank_improving_count"": 0.0, ""activity_volume_expansion_breadth"": 13.752488387524883, ""activity_institution_buy_breadth"": 47.72256728778468, ""activity_leader_strength"": 11.10260225217341}"
2026-07-09,LEISURE_TOURISM,1.4721907124653932,3.5931169415830744,0,0,4.545454545454546,50.0,10.034602076124566,4,2,ACTIVE,Dataset A distribution; outcome-blind,"{""activity_sector_excess_return_3d"": -1.3650675253893185, ""activity_sector_excess_return_5d"": -1.8270934023111836, ""activity_top120_count"": 1.0, ""activity_rank_improving_count"": 0.0, ""activity_volume_expansion_breadth"": 13.752488387524883, ""activity_institution_buy_breadth"": 47.72256728778468, ""activity_leader_strength"": 11.10260225217341}"
2026-07-13,LEISURE_TOURISM,-0.1965195239537143,1.7656063069696915,0,0,18.181818181818183,31.818181818181817,8.843537414965997,4,1,ACTIVE,Dataset A distribution; outcome-blind,"{""activity_sector_excess_return_3d"": -1.3650675253893185, ""activity_sector_excess_return_5d"": -1.8270934023111836, ""activity_top120_count"": 1.0, ""activity_rank_improving_count"": 0.0, ""activity_volume_expansion_breadth"": 13.752488387524883, ""activity_institution_buy_breadth"": 47.72256728778468, ""activity_leader_strength"": 11.10260225217341}"
2026-07-14,LEISURE_TOURISM,2.178797102662977,2.546130935346863,5,0,27.27272727272727,86.36363636363636,10.596026490066235,6,5,HIGH_ACTIVITY,Dataset A distribution; outcome-blind,"{""activity_sector_excess_return_3d"": -1.3650675253893185, ""activity_sector_excess_return_5d"": -1.8270934023111836, ""activity_top120_count"": 1.0, ""activity_rank_improving_count"": 0.0, ""activity_volume_expansion_breadth"": 13.752488387524883, ""activity_institution_buy_breadth"": 47.72256728778468, ""activity_leader_strength"": 11.10260225217341}"
2026-07-15,LEISURE_TOURISM,-0.09027314945609932,0.29254024574418835,0,0,22.727272727272727,86.36363636363636,5.680317040951111,5,2,ACTIVE,Dataset A distribution; outcome-blind,"{""activity_sector_excess_return_3d"": -1.3650675253893185, ""activity_sector_excess_return_5d"": -1.8270934023111836, ""activity_top120_count"": 1.0, ""activity_rank_improving_count"": 0.0, ""activity_volume_expansion_breadth"": 13.752488387524883, ""activity_institution_buy_breadth"": 47.72256728778468, ""activity_leader_strength"": 11.10260225217341}"
2026-07-16,LEISURE_TOURISM,-0.1389070680241411,0.8549726946173175,0,0,22.727272727272727,77.27272727272727,18.758434547908244,6,2,ACTIVE,Dataset A distribution; outcome-blind,"{""activity_sector_excess_return_3d"": -1.3650675253893185, ""activity_sector_excess_return_5d"": -1.8270934023111836, ""activity_top120_count"": 1.0, ""activity_rank_improving_count"": 0.0, ""activity_volume_expansion_breadth"": 13.752488387524883, ""activity_institution_buy_breadth"": 47.72256728778468, ""activity_leader_strength"": 11.10260225217341}"
2026-07-17,LEISURE_TOURISM,3.872880352961705,4.736411955149766,0,0,36.36363636363637,63.63636363636363,19.11966987620357,6,4,HIGH_ACTIVITY,Dataset A distribution; outcome-blind,"{""activity_sector_excess_return_3d"": -1.3650675253893185, ""activity_sector_excess_return_5d"": -1.8270934023111836, ""activity_top120_count"": 1.0, ""activity_rank_improving_count"": 0.0, ""activity_volume_expansion_breadth"": 13.752488387524883, ""activity_institution_buy_breadth"": 47.72256728778468, ""activity_leader_strength"": 11.10260225217341}"
2026-07-20,LEISURE_TOURISM,5.935010082039005,6.102418438942208,0,0,31.818181818181817,95.45454545454545,5.0062578222778376,5,4,HIGH_ACTIVITY,Dataset A distribution; outcome-blind,"{""activity_sector_excess_return_3d"": -1.3650675253893185, ""activity_sector_excess_return_5d"": -1.8270934023111836, ""activity_top120_count"": 1.0, ""activity_rank_improving_count"": 0.0, ""activity_volume_expansion_breadth"": 13.752488387524883, ""activity_institution_buy_breadth"": 47.72256728778468, ""activity_leader_strength"": 11.10260225217341}"
2026-07-21,LEISURE_TOURISM,2.290745063748667,2.1670366779593553,0,0,9.090909090909092,81.81818181818183,4.143337066069441,4,3,ACTIVE,Dataset A distribution; outcome-blind,"{""activity_sector_excess_return_3d"": -1.3650675253893185, ""activity_sector_excess_return_5d"": -1.8270934023111836, ""activity_top120_count"": 1.0, ""activity_rank_improving_count"": 0.0, ""activity_volume_expansion_breadth"": 13.752488387524883, ""activity_institution_buy_breadth"": 47.72256728778468, ""activity_leader_strength"": 11.10260225217341}"
2026-07-22,LEISURE_TOURISM,-4.698688644206317,1.1456603086593797,0,0,9.090909090909092,22.727272727272727,5.7499999999999885,2,0,LOW_ACTIVITY,Dataset A distribution; outcome-blind,"{""activity_sector_excess_return_3d"": -1.3650675253893185, ""activity_sector_excess_return_5d"": -1.8270934023111836, ""activity_top120_count"": 1.0, ""activity_rank_improving_count"": 0.0, ""activity_volume_expansion_breadth"": 13.752488387524883, ""activity_institution_buy_breadth"": 47.72256728778468, ""activity_leader_strength"": 11.10260225217341}"
2026-07-23,LEISURE_TOURISM,-5.4314057294224565,0.6293104064796995,1,0,4.545454545454546,36.36363636363637,2.6431718061674214,3,0,ACTIVE,Dataset A distribution; outcome-blind,"{""activity_sector_excess_return_3d"": -1.3650675253893185, ""activity_sector_excess_return_5d"": -1.8270934023111836, ""activity_top120_count"": 1.0, ""activity_rank_improving_count"": 0.0, ""activity_volume_expansion_breadth"": 13.752488387524883, ""activity_institution_buy_breadth"": 47.72256728778468, ""activity_leader_strength"": 11.10260225217341}"
2026-07-24,LEISURE_TOURISM,0.6218568611675135,-1.89223034521111,5,0,4.545454545454546,45.45454545454545,4.529616724738683,3,1,ACTIVE,Dataset A distribution; outcome-blind,"{""activity_sector_excess_return_3d"": -1.3650675253893185, ""activity_sector_excess_return_5d"": -1.8270934023111836, ""activity_top120_count"": 1.0, ""activity_rank_improving_count"": 0.0, ""activity_volume_expansion_breadth"": 13.752488387524883, ""activity_institution_buy_breadth"": 47.72256728778468, ""activity_leader_strength"": 11.10260225217341}"
2026-05-28,MEDICAL_DEVICE,-0.8339540543150337,-6.4561321593373355,0,0,26.31578947368421,42.10526315789473,17.647058823529417,4,1,ACTIVE,Dataset A distribution; outcome-blind,"{""activity_sector_excess_return_3d"": -1.3650675253893185, ""activity_sector_excess_return_5d"": -1.8270934023111836, ""activity_top120_count"": 1.0, ""activity_rank_improving_count"": 0.0, ""activity_volume_expansion_breadth"": 13.752488387524883, ""activity_institution_buy_breadth"": 47.72256728778468, ""activity_leader_strength"": 11.10260225217341}"
2026-05-29,MEDICAL_DEVICE,-3.169410597615052,-6.92626572900129,0,0,21.052631578947366,68.42105263157895,10.121951219512205,3,1,ACTIVE,Dataset A distribution; outcome-blind,"{""activity_sector_excess_return_3d"": -1.3650675253893185, ""activity_sector_excess_return_5d"": -1.8270934023111836, ""activity_top120_count"": 1.0, ""activity_rank_improving_count"": 0.0, ""activity_volume_expansion_breadth"": 13.752488387524883, ""activity_institution_buy_breadth"": 47.72256728778468, ""activity_leader_strength"": 11.10260225217341}"
2026-06-01,MEDICAL_DEVICE,-2.1593184823546663,-4.018749959855622,0,0,34.21052631578947,84.21052631578947,9.302325581395344,3,2,ACTIVE,Dataset A distribution; outcome-blind,"{""activity_sector_excess_return_3d"": -1.3650675253893185, ""activity_sector_excess_return_5d"": -1.8270934023111836, ""activity_top120_count"": 1.0, ""activity_rank_improving_count"": 0.0, ""activity_volume_expansion_breadth"": 13.752488387524883, ""activity_institution_buy_breadth"": 47.72256728778468, ""activity_leader_strength"": 11.10260225217341}"
2026-06-02,MEDICAL_DEVICE,-3.397323907696259,-4.668403737865967,0,0,26.31578947368421,57.89473684210527,12.099644128113862,4,1,ACTIVE,Dataset A distribution; outcome-blind,"{""activity_sector_excess_return_3d"": -1.3650675253893185, ""activity_sector_excess_return_5d"": -1.8270934023111836, ""activity_top120_count"": 1.0, ""activity_rank_improving_count"": 0.0, ""activity_volume_expansion_breadth"": 13.752488387524883, ""activity_institution_buy_breadth"": 47.72256728778468, ""activity_leader_strength"": 11.10260225217341}"
2026-06-03,MEDICAL_DEVICE,-2.7681744315528722,-4.054781314496503,0,0,26.31578947368421,71.05263157894737,25.771324863883848,4,3,ACTIVE,Dataset A distribution; outcome-blind,"{""activity_sector_excess_return_3d"": -1.3650675253893185, ""activity_sector_excess_return_5d"": -1.8270934023111836, ""activity_top120_count"": 1.0, ""activity_rank_improving_count"": 0.0, ""activity_volume_expansion_breadth"": 13.752488387524883, ""activity_institution_buy_breadth"": 47.72256728778468, ""activity_leader_strength"": 11.10260225217341}"
2026-06-04,MEDICAL_DEVICE,1.1023549008949085,-1.7821697141987225,0,0,36.84210526315789,71.05263157894737,23.86980108499097,6,4,HIGH_ACTIVITY,Dataset A distribution; outcome-blind,"{""activity_sector_excess_return_3d"": -1.3650675253893185, ""activity_sector_excess_return_5d"": -1.8270934023111836, ""activity_top120_count"": 1.0, ""activity_rank_improving_count"": 0.0, ""activity_volume_expansion_breadth"": 13.752488387524883, ""activity_institution_buy_breadth"": 47.72256728778468, ""activity_leader_strength"": 11.10260225217341}"
2026-06-05,MEDICAL_DEVICE,1.8791229815265709,0.811296996929256,0,0,36.84210526315789,34.21052631578947,22.64150943396226,5,2,ACTIVE,Dataset A distribution; outcome-blind,"{""activity_sector_excess_return_3d"": -1.3650675253893185, ""activity_sector_excess_return_5d"": -1.8270934023111836, ""activity_top120_count"": 1.0, ""activity_rank_improving_count"": 0.0, ""activity_volume_expansion_breadth"": 13.752488387524883, ""activity_institution_buy_breadth"": 47.72256728778468, ""activity_leader_strength"": 11.10260225217341}"
2026-06-08,MEDICAL_DEVICE,4.873999913408483,3.3199392923833,4,0,31.57894736842105,60.526315789473685,31.176470588235293,7,6,HIGH_ACTIVITY,Dataset A distribution; outcome-blind,"{""activity_sector_excess_return_3d"": -1.3650675253893185, ""activity_sector_excess_return_5d"": -1.8270934023111836, ""activity_top120_count"": 1.0, ""activity_rank_improving_count"": 0.0, ""activity_volume_expansion_breadth"": 13.752488387524883, ""activity_institution_buy_breadth"": 47.72256728778468, ""activity_leader_strength"": 11.10260225217341}"
2026-06-09,MEDICAL_DEVICE,1.0483651818183004,1.87208156056623,2,0,34.21052631578947,26.31578947368421,31.76470588235294,6,4,HIGH_ACTIVITY,Dataset A distribution; outcome-blind,"{""activity_sector_excess_return_3d"": -1.3650675253893185, ""activity_sector_excess_return_5d"": -1.8270934023111836, ""activity_top120_count"": 1.0, ""activity_rank_improving_count"": 0.0, ""activity_volume_expansion_breadth"": 13.752488387524883, ""activity_institution_buy_breadth"": 47.72256728778468, ""activity_leader_strength"": 11.10260225217341}"
2026-06-10,MEDICAL_DEVICE,1.8327218013584616,5.147445627514569,0,0,26.31578947368421,55.26315789473685,23.529411764705888,6,4,HIGH_ACTIVITY,Dataset A distribution; outcome-blind,"{""activity_sector_excess_return_3d"": -1.3650675253893185, ""activity_sector_excess_return_5d"": -1.8270934023111836, ""activity_top120_count"": 1.0, ""activity_rank_improving_count"": 0.0, ""activity_volume_expansion_breadth"": 13.752488387524883, ""activity_institution_buy_breadth"": 47.72256728778468, ""activity_leader_strength"": 11.10260225217341}"
2026-06-11,MEDICAL_DEVICE,-0.4794546959833168,1.94424853223964,2,1,13.157894736842104,28.947368421052634,25.09025270758123,5,3,ACTIVE,Dataset A distribution; outcome-blind,"{""activity_sector_excess_return_3d"": -1.3650675253893185, ""activity_sector_excess_return_5d"": -1.8270934023111836, ""activity_top120_count"": 1.0, ""activity_rank_improving_count"": 0.0, ""activity_volume_expansion_breadth"": 13.752488387524883, ""activity_institution_buy_breadth"": 47.72256728778468, ""activity_leader_strength"": 11.10260225217341}"
2026-06-12,MEDICAL_DEVICE,0.37981660488211055,-0.3662507855121513,2,0,10.526315789473683,52.63157894736842,25.12315270935961,6,1,ACTIVE,Dataset A distribution; outcome-blind,"{""activity_sector_excess_return_3d"": -1.3650675253893185, ""activity_sector_excess_return_5d"": -1.8270934023111836, ""activity_top120_count"": 1.0, ""activity_rank_improving_count"": 0.0, ""activity_volume_expansion_breadth"": 13.752488387524883, ""activity_institution_buy_breadth"": 47.72256728778468, ""activity_leader_strength"": 11.10260225217341}"
2026-06-15,MEDICAL_DEVICE,-4.7664652885705205,-4.563871082826665,0,0,10.526315789473683,44.73684210526316,14.050822122570983,2,0,LOW_ACTIVITY,Dataset A distribution; outcome-blind,"{""activity_sector_excess_return_3d"": -1.3650675253893185, ""activity_sector_excess_return_5d"": -1.8270934023111836, ""activity_top120_count"": 1.0, ""activity_rank_improving_count"": 0.0, ""activity_volume_expansion_breadth"": 13.752488387524883, ""activity_institution_buy_breadth"": 47.72256728778468, ""activity_leader_strength"": 11.10260225217341}"
2026-06-16,MEDICAL_DEVICE,-5.656677723921955,-3.998976455797154,1,0,7.894736842105263,42.10526315789473,8.614232209737827,2,0,LOW_ACTIVITY,Dataset A distribution; outcome-blind,"{""activity_sector_excess_return_3d"": -1.3650675253893185, ""activity_sector_excess_return_5d"": -1.8270934023111836, ""activity_top120_count"": 1.0, ""activity_rank_improving_count"": 0.0, ""activity_volume_expansion_breadth"": 13.752488387524883, ""activity_institution_buy_breadth"": 47.72256728778468, ""activity_leader_strength"": 11.10260225217341}"
2026-06-17,MEDICAL_DEVICE,-4.011226450038374,-6.13491468238454,1,0,5.263157894736842,55.26315789473685,14.444444444444438,4,0,ACTIVE,Dataset A distribution; outcome-blind,"{""activity_sector_excess_return_3d"": -1.3650675253893185, ""activity_sector_excess_return_5d"": -1.8270934023111836, ""activity_top120_count"": 1.0, ""activity_rank_improving_count"": 0.0, ""activity_volume_expansion_breadth"": 13.752488387524883, ""activity_institution_buy_breadth"": 47.72256728778468, ""activity_leader_strength"": 11.10260225217341}"
2026-06-18,MEDICAL_DEVICE,-2.189642775357359,-6.916343251170886,1,1,18.421052631578945,55.26315789473685,22.240527182866554,5,1,ACTIVE,Dataset A distribution; outcome-blind,"{""activity_sector_excess_return_3d"": -1.3650675253893185, ""activity_sector_excess_return_5d"": -1.8270934023111836, ""activity_top120_count"": 1.0, ""activity_rank_improving_count"": 0.0, ""activity_volume_expansion_breadth"": 13.752488387524883, ""activity_institution_buy_breadth"": 47.72256728778468, ""activity_leader_strength"": 11.10260225217341}"
2026-06-22,MEDICAL_DEVICE,-3.719064196709454,-8.00498202017188,1,1,31.57894736842105,34.21052631578947,24.50657894736843,4,3,ACTIVE,Dataset A distribution; outcome-blind,"{""activity_sector_excess_return_3d"": -1.3650675253893185, ""activity_sector_excess_return_5d"": -1.8270934023111836, ""activity_top120_count"": 1.0, ""activity_rank_improving_count"": 0.0, ""activity_volume_expansion_breadth"": 13.752488387524883, ""activity_institution_buy_breadth"": 47.72256728778468, ""activity_leader_strength"": 11.10260225217341}"
2026-06-23,MEDICAL_DEVICE,-3.599694816368937,-4.681571816735608,1,1,15.789473684210526,68.42105263157895,21.38157894736843,5,2,ACTIVE,Dataset A distribution; outcome-blind,"{""activity_sector_excess_return_3d"": -1.3650675253893185, ""activity_sector_excess_return_5d"": -1.8270934023111836, ""activity_top120_count"": 1.0, ""activity_rank_improving_count"": 0.0, ""activity_volume_expansion_breadth"": 13.752488387524883, ""activity_institution_buy_breadth"": 47.72256728778468, ""activity_leader_strength"": 11.10260225217341}"
2026-06-24,MEDICAL_DEVICE,-0.11278033543179466,-0.8648154352535797,7,0,13.157894736842104,71.05263157894737,28.591352859135277,6,3,ACTIVE,Dataset A distribution; outcome-blind,"{""activity_sector_excess_return_3d"": -1.3650675253893185, ""activity_sector_excess_return_5d"": -1.8270934023111836, ""activity_top120_count"": 1.0, ""activity_rank_improving_count"": 0.0, ""activity_volume_expansion_breadth"": 13.752488387524883, ""activity_institution_buy_breadth"": 47.72256728778468, ""activity_leader_strength"": 11.10260225217341}"
2026-06-25,MEDICAL_DEVICE,2.296529344905507,-1.9032574918002476,2,0,7.894736842105263,39.473684210526315,40.63800277392513,4,2,ACTIVE,Dataset A distribution; outcome-blind,"{""activity_sector_excess_return_3d"": -1.3650675253893185, ""activity_sector_excess_return_5d"": -1.8270934023111836, ""activity_top120_count"": 1.0, ""activity_rank_improving_count"": 0.0, ""activity_volume_expansion_breadth"": 13.752488387524883, ""activity_institution_buy_breadth"": 47.72256728778468, ""activity_leader_strength"": 11.10260225217341}"
2026-06-26,MEDICAL_DEVICE,3.4688706813443497,1.7276750988863387,1,1,18.421052631578945,36.84210526315789,40.47919293820934,6,4,HIGH_ACTIVITY,Dataset A distribution; outcome-blind,"{""activity_sector_excess_return_3d"": -1.3650675253893185, ""activity_sector_excess_return_5d"": -1.8270934023111836, ""activity_top120_count"": 1.0, ""activity_rank_improving_count"": 0.0, ""activity_volume_expansion_breadth"": 13.752488387524883, ""activity_institution_buy_breadth"": 47.72256728778468, ""activity_leader_strength"": 11.10260225217341}"
2026-06-29,MEDICAL_DEVICE,2.266764544909605,4.9195673980920835,8,5,13.157894736842104,73.68421052631578,27.752293577981657,6,6,HIGH_ACTIVITY,Dataset A distribution; outcome-blind,"{""activity_sector_excess_return_3d"": -1.3650675253893185, ""activity_sector_excess_return_5d"": -1.8270934023111836, ""activity_top120_count"": 1.0, ""activity_rank_improving_count"": 0.0, ""activity_volume_expansion_breadth"": 13.752488387524883, ""activity_institution_buy_breadth"": 47.72256728778468, ""activity_leader_strength"": 11.10260225217341}"
2026-06-30,MEDICAL_DEVICE,0.12271413999832559,1.7565600016503147,5,0,28.947368421052634,52.63157894736842,36.11442193087009,7,4,HIGH_ACTIVITY,Dataset A distribution; outcome-blind,"{""activity_sector_excess_return_3d"": -1.3650675253893185, ""activity_sector_excess_return_5d"": -1.8270934023111836, ""activity_top120_count"": 1.0, ""activity_rank_improving_count"": 0.0, ""activity_volume_expansion_breadth"": 13.752488387524883, ""activity_institution_buy_breadth"": 47.72256728778468, ""activity_leader_strength"": 11.10260225217341}"
2026-07-01,MEDICAL_DEVICE,-3.9135397430092977,-2.6425363021155945,3,0,15.789473684210526,55.26315789473685,21.25813449023861,5,1,ACTIVE,Dataset A distribution; outcome-blind,"{""activity_sector_excess_return_3d"": -1.3650675253893185, ""activity_sector_excess_return_5d"": -1.8270934023111836, ""activity_top120_count"": 1.0, ""activity_rank_improving_count"": 0.0, ""activity_volume_expansion_breadth"": 13.752488387524883, ""activity_institution_buy_breadth"": 47.72256728778468, ""activity_leader_strength"": 11.10260225217341}"
2026-07-02,MEDICAL_DEVICE,-3.736281807121977,-0.7472630001614688,6,4,18.421052631578945,57.89473684210527,20.512820512820507,6,2,ACTIVE,Dataset A distribution; outcome-blind,"{""activity_sector_excess_return_3d"": -1.3650675253893185, ""activity_sector_excess_return_5d"": -1.8270934023111836, ""activity_top120_count"": 1.0, ""activity_rank_improving_count"": 0.0, ""activity_volume_expansion_breadth"": 13.752488387524883, ""activity_institution_buy_breadth"": 47.72256728778468, ""activity_leader_strength"": 11.10260225217341}"
2026-07-03,MEDICAL_DEVICE,0.49716419195958705,-0.9330174610847726,2,1,50.0,78.94736842105263,20.46678635547574,7,3,ACTIVE,Dataset A distribution; outcome-blind,"{""activity_sector_excess_return_3d"": -1.3650675253893185, ""activity_sector_excess_return_5d"": -1.8270934023111836, ""activity_top120_count"": 1.0, ""activity_rank_improving_count"": 0.0, ""activity_volume_expansion_breadth"": 13.752488387524883, ""activity_institution_buy_breadth"": 47.72256728778468, ""activity_leader_strength"": 11.10260225217341}"
2026-07-06,MEDICAL_DEVICE,4.308465128574901,-0.7617789173694822,12,10,42.10526315789473,68.42105263157895,25.493716337522443,7,6,HIGH_ACTIVITY,Dataset A distribution; outcome-blind,"{""activity_sector_excess_return_3d"": -1.3650675253893185, ""activity_sector_excess_return_5d"": -1.8270934023111836, ""activity_top120_count"": 1.0, ""activity_rank_improving_count"": 0.0, ""activity_volume_expansion_breadth"": 13.752488387524883, ""activity_institution_buy_breadth"": 47.72256728778468, ""activity_leader_strength"": 11.10260225217341}"
2026-07-07,MEDICAL_DEVICE,4.193423935485874,3.656104773826563,15,13,44.73684210526316,63.1578947368421,23.21839080459771,7,7,HIGH_ACTIVITY,Dataset A distribution; outcome-blind,"{""activity_sector_excess_return_3d"": -1.3650675253893185, ""activity_sector_excess_return_5d"": -1.8270934023111836, ""activity_top120_count"": 1.0, ""activity_rank_improving_count"": 0.0, ""activity_volume_expansion_breadth"": 13.752488387524883, ""activity_institution_buy_breadth"": 47.72256728778468, ""activity_leader_strength"": 11.10260225217341}"
2026-07-08,MEDICAL_DEVICE,2.078872985251196,4.550695068912535,4,0,26.31578947368421,36.84210526315789,37.77777777777778,6,5,HIGH_ACTIVITY,Dataset A distribution; outcome-blind,"{""activity_sector_excess_return_3d"": -1.3650675253893185, ""activity_sector_excess_return_5d"": -1.8270934023111836, ""activity_top120_count"": 1.0, ""activity_rank_improving_count"": 0.0, ""activity_volume_expansion_breadth"": 13.752488387524883, ""activity_institution_buy_breadth"": 47.72256728778468, ""activity_leader_strength"": 11.10260225217341}"
2026-07-09,MEDICAL_DEVICE,1.6084181214200688,4.882175601272842,4,3,15.789473684210526,50.0,33.66336633663367,7,5,HIGH_ACTIVITY,Dataset A distribution; outcome-blind,"{""activity_sector_excess_return_3d"": -1.3650675253893185, ""activity_sector_excess_return_5d"": -1.8270934023111836, ""activity_top120_count"": 1.0, ""activity_rank_improving_count"": 0.0, ""activity_volume_expansion_breadth"": 13.752488387524883, ""activity_institution_buy_breadth"": 47.72256728778468, ""activity_leader_strength"": 11.10260225217341}"
2026-07-13,MEDICAL_DEVICE,-1.5396594337359237,1.3471258866571079,2,0,26.31578947368421,44.73684210526316,14.244604316546772,5,2,ACTIVE,Dataset A distribution; outcome-blind,"{""activity_sector_excess_return_3d"": -1.3650675253893185, ""activity_sector_excess_return_5d"": -1.8270934023111836, ""activity_top120_count"": 1.0, ""activity_rank_improving_count"": 0.0, ""activity_volume_expansion_breadth"": 13.752488387524883, ""activity_institution_buy_breadth"": 47.72256728778468, ""activity_leader_strength"": 11.10260225217341}"
2026-07-14,MEDICAL_DEVICE,-0.4327494755703656,1.0162686340767388,12,1,47.368421052631575,60.526315789473685,14.705882352941169,7,4,HIGH_ACTIVITY,Dataset A distribution; outcome-blind,"{""activity_sector_excess_return_3d"": -1.3650675253893185, ""activity_sector_excess_return_5d"": -1.8270934023111836, ""activity_top120_count"": 1.0, ""activity_rank_improving_count"": 0.0, ""activity_volume_expansion_breadth"": 13.752488387524883, ""activity_institution_buy_breadth"": 47.72256728778468, ""activity_leader_strength"": 11.10260225217341}"
2026-07-15,MEDICAL_DEVICE,-1.0680323137980785,-1.4336328188621184,10,0,23.684210526315788,71.05263157894737,18.287373004354123,7,3,ACTIVE,Dataset A distribution; outcome-blind,"{""activity_sector_excess_return_3d"": -1.3650675253893185, ""activity_sector_excess_return_5d"": -1.8270934023111836, ""activity_top120_count"": 1.0, ""activity_rank_improving_count"": 0.0, ""activity_volume_expansion_breadth"": 13.752488387524883, ""activity_institution_buy_breadth"": 47.72256728778468, ""activity_leader_strength"": 11.10260225217341}"
2026-07-16,MEDICAL_DEVICE,0.1849203387079279,-0.42528068642491146,3,1,26.31578947368421,47.368421052631575,10.769230769230775,5,3,ACTIVE,Dataset A distribution; outcome-blind,"{""activity_sector_excess_return_3d"": -1.3650675253893185, ""activity_sector_excess_return_5d"": -1.8270934023111836, ""activity_top120_count"": 1.0, ""activity_rank_improving_count"": 0.0, ""activity_volume_expansion_breadth"": 13.752488387524883, ""activity_institution_buy_breadth"": 47.72256728778468, ""activity_leader_strength"": 11.10260225217341}"
2026-07-17,MEDICAL_DEVICE,4.011035719458328,2.011114698320554,3,2,52.63157894736842,39.473684210526315,21.006564551422315,6,5,HIGH_ACTIVITY,Dataset A distribution; outcome-blind,"{""activity_sector_excess_return_3d"": -1.3650675253893185, ""activity_sector_excess_return_5d"": -1.8270934023111836, ""activity_top120_count"": 1.0, ""activity_rank_improving_count"": 0.0, ""activity_volume_expansion_breadth"": 13.752488387524883, ""activity_institution_buy_breadth"": 47.72256728778468, ""activity_leader_strength"": 11.10260225217341}"
2026-07-20,MEDICAL_DEVICE,4.729579204265322,5.11549552080136,2,1,26.31578947368421,63.1578947368421,9.268292682926816,6,5,HIGH_ACTIVITY,Dataset A distribution; outcome-blind,"{""activity_sector_excess_return_3d"": -1.3650675253893185, ""activity_sector_excess_return_5d"": -1.8270934023111836, ""activity_top120_count"": 1.0, ""activity_rank_improving_count"": 0.0, ""activity_volume_expansion_breadth"": 13.752488387524883, ""activity_institution_buy_breadth"": 47.72256728778468, ""activity_leader_strength"": 11.10260225217341}"
2026-07-21,MEDICAL_DEVICE,1.91483770114928,1.4425370739435839,2,1,10.526315789473683,60.526315789473685,15.432098765432102,6,4,HIGH_ACTIVITY,Dataset A distribution; outcome-blind,"{""activity_sector_excess_return_3d"": -1.3650675253893185, ""activity_sector_excess_return_5d"": -1.8270934023111836, ""activity_top120_count"": 1.0, ""activity_rank_improving_count"": 0.0, ""activity_volume_expansion_breadth"": 13.752488387524883, ""activity_institution_buy_breadth"": 47.72256728778468, ""activity_leader_strength"": 11.10260225217341}"
2026-07-22,MEDICAL_DEVICE,-4.408614001508349,0.42395146280593266,3,1,18.421052631578945,28.947368421052634,10.732984293193715,4,2,ACTIVE,Dataset A distribution; outcome-blind,"{""activity_sector_excess_return_3d"": -1.3650675253893185, ""activity_sector_excess_return_5d"": -1.8270934023111836, ""activity_top120_count"": 1.0, ""activity_rank_improving_count"": 0.0, ""activity_volume_expansion_breadth"": 13.752488387524883, ""activity_institution_buy_breadth"": 47.72256728778468, ""activity_leader_strength"": 11.10260225217341}"
2026-07-23,MEDICAL_DEVICE,-5.457557905592947,0.21533022123050305,9,0,21.052631578947366,28.947368421052634,16.87979539641944,5,1,ACTIVE,Dataset A distribution; outcome-blind,"{""activity_sector_excess_return_3d"": -1.3650675253893185, ""activity_sector_excess_return_5d"": -1.8270934023111836, ""activity_top120_count"": 1.0, ""activity_rank_improving_count"": 0.0, ""activity_volume_expansion_breadth"": 13.752488387524883, ""activity_institution_buy_breadth"": 47.72256728778468, ""activity_leader_strength"": 11.10260225217341}"
2026-07-24,MEDICAL_DEVICE,0.8263017764191138,-2.0731348714097653,11,1,13.157894736842104,42.10526315789473,24.929178470254953,4,3,ACTIVE,Dataset A distribution; outcome-blind,"{""activity_sector_excess_return_3d"": -1.3650675253893185, ""activity_sector_excess_return_5d"": -1.8270934023111836, ""activity_top120_count"": 1.0, ""activity_rank_improving_count"": 0.0, ""activity_volume_expansion_breadth"": 13.752488387524883, ""activity_institution_buy_breadth"": 47.72256728778468, ""activity_leader_strength"": 11.10260225217341}"
2026-05-28,OPTOELECTRONICS,-3.3006650111249924,-2.9115981295092075,4,0,32.142857142857146,45.83333333333333,43.98148148148149,4,3,ACTIVE,Dataset A distribution; outcome-blind,"{""activity_sector_excess_return_3d"": -1.3650675253893185, ""activity_sector_excess_return_5d"": -1.8270934023111836, ""activity_top120_count"": 1.0, ""activity_rank_improving_count"": 0.0, ""activity_volume_expansion_breadth"": 13.752488387524883, ""activity_institution_buy_breadth"": 47.72256728778468, ""activity_leader_strength"": 11.10260225217341}"
2026-05-29,OPTOELECTRONICS,-3.3105979340324887,-5.5585440776299455,4,0,19.642857142857142,52.083333333333336,44.303797468354446,5,2,ACTIVE,Dataset A distribution; outcome-blind,"{""activity_sector_excess_return_3d"": -1.3650675253893185, ""activity_sector_excess_return_5d"": -1.8270934023111836, ""activity_top120_count"": 1.0, ""activity_rank_improving_count"": 0.0, ""activity_volume_expansion_breadth"": 13.752488387524883, ""activity_institution_buy_breadth"": 47.72256728778468, ""activity_leader_strength"": 11.10260225217341}"
2026-06-01,OPTOELECTRONICS,-0.16610351759771547,-3.880245804730964,7,0,26.785714285714285,41.66666666666667,44.61538461538461,5,3,ACTIVE,Dataset A distribution; outcome-blind,"{""activity_sector_excess_return_3d"": -1.3650675253893185, ""activity_sector_excess_return_5d"": -1.8270934023111836, ""activity_top120_count"": 1.0, ""activity_rank_improving_count"": 0.0, ""activity_volume_expansion_breadth"": 13.752488387524883, ""activity_institution_buy_breadth"": 47.72256728778468, ""activity_leader_strength"": 11.10260225217341}"
2026-06-02,OPTOELECTRONICS,-2.3253087302304687,-4.668403737865967,4,2,35.714285714285715,35.41666666666667,51.28205128205128,4,4,HIGH_ACTIVITY,Dataset A distribution; outcome-blind,"{""activity_sector_excess_return_3d"": -1.3650675253893185, ""activity_sector_excess_return_5d"": -1.8270934023111836, ""activity_top120_count"": 1.0, ""activity_rank_improving_count"": 0.0, ""activity_volume_expansion_breadth"": 13.752488387524883, ""activity_institution_buy_breadth"": 47.72256728778468, ""activity_leader_strength"": 11.10260225217341}"
2026-06-03,OPTOELECTRONICS,1.4340596684226492,-0.3511206610962381,5,0,37.5,41.66666666666667,56.55172413793104,6,4,HIGH_ACTIVITY,Dataset A distribution; outcome-blind,"{""activity_sector_excess_return_3d"": -1.3650675253893185, ""activity_sector_excess_return_5d"": -1.8270934023111836, ""activity_top120_count"": 1.0, ""activity_rank_improving_count"": 0.0, ""activity_volume_expansion_breadth"": 13.752488387524883, ""activity_institution_buy_breadth"": 47.72256728778468, ""activity_leader_strength"": 11.10260225217341}"
2026-06-04,OPTOELECTRONICS,0.5302235033546543,0.10667977968023035,5,2,26.785714285714285,31.25,39.51612903225807,6,4,HIGH_ACTIVITY,Dataset A distribution; outcome-blind,"{""activity_sector_excess_return_3d"": -1.3650675253893185, ""activity_sector_excess_return_5d"": -1.8270934023111836, ""activity_top120_count"": 1.0, ""activity_rank_improving_count"": 0.0, ""activity_volume_expansion_breadth"": 13.752488387524883, ""activity_institution_buy_breadth"": 47.72256728778468, ""activity_leader_strength"": 11.10260225217341}"
2026-06-05,OPTOELECTRONICS,0.5494656327558078,1.278833477537078,5,2,19.642857142857142,29.166666666666668,27.52808988764044,6,4,HIGH_ACTIVITY,Dataset A distribution; outcome-blind,"{""activity_sector_excess_return_3d"": -1.3650675253893185, ""activity_sector_excess_return_5d"": -1.8270934023111836, ""activity_top120_count"": 1.0, ""activity_rank_improving_count"": 0.0, ""activity_volume_expansion_breadth"": 13.752488387524883, ""activity_institution_buy_breadth"": 47.72256728778468, ""activity_leader_strength"": 11.10260225217341}"
2026-06-08,OPTOELECTRONICS,-1.0288018335639197,-0.7531449143378453,6,3,10.714285714285714,35.41666666666667,15.64885496183206,5,2,ACTIVE,Dataset A distribution; outcome-blind,"{""activity_sector_excess_return_3d"": -1.3650675253893185, ""activity_sector_excess_return_5d"": -1.8270934023111836, ""activity_top120_count"": 1.0, ""activity_rank_improving_count"": 0.0, ""activity_volume_expansion_breadth"": 13.752488387524883, ""activity_institution_buy_breadth"": 47.72256728778468, ""activity_leader_strength"": 11.10260225217341}"
2026-06-09,OPTOELECTRONICS,-3.425036926655456,-1.41558967231048,5,1,12.5,22.916666666666664,11.956521739130444,4,2,ACTIVE,Dataset A distribution; outcome-blind,"{""activity_sector_excess_return_3d"": -1.3650675253893185, ""activity_sector_excess_return_5d"": -1.8270934023111836, ""activity_top120_count"": 1.0, ""activity_rank_improving_count"": 0.0, ""activity_volume_expansion_breadth"": 13.752488387524883, ""activity_institution_buy_breadth"": 47.72256728778468, ""activity_leader_strength"": 11.10260225217341}"
2026-06-10,OPTOELECTRONICS,-4.350863264021587,-2.5805015931359856,1,0,16.071428571428573,31.25,4.4207317073170715,3,0,ACTIVE,Dataset A distribution; outcome-blind,"{""activity_sector_excess_return_3d"": -1.3650675253893185, ""activity_sector_excess_return_5d"": -1.8270934023111836, ""activity_top120_count"": 1.0, ""activity_rank_improving_count"": 0.0, ""activity_volume_expansion_breadth"": 13.752488387524883, ""activity_institution_buy_breadth"": 47.72256728778468, ""activity_leader_strength"": 11.10260225217341}"
2026-06-11,OPTOELECTRONICS,-1.9655997974280193,-4.296371913962177,10,1,5.357142857142857,41.66666666666667,6.54450261780104,2,2,LOW_ACTIVITY,Dataset A distribution; outcome-blind,"{""activity_sector_excess_return_3d"": -1.3650675253893185, ""activity_sector_excess_return_5d"": -1.8270934023111836, ""activity_top120_count"": 1.0, ""activity_rank_improving_count"": 0.0, ""activity_volume_expansion_breadth"": 13.752488387524883, ""activity_institution_buy_breadth"": 47.72256728778468, ""activity_leader_strength"": 11.10260225217341}"
2026-06-12,OPTOELECTRONICS,-1.7486299272237438,-5.208234675339362,4,1,8.928571428571429,37.5,10.049019607843146,2,2,LOW_ACTIVITY,Dataset A distribution; outcome-blind,"{""activity_sector_excess_return_3d"": -1.3650675253893185, ""activity_sector_excess_return_5d"": -1.8270934023111836, ""activity_top120_count"": 1.0, ""activity_rank_improving_count"": 0.0, ""activity_volume_expansion_breadth"": 13.752488387524883, ""activity_institution_buy_breadth"": 47.72256728778468, ""activity_leader_strength"": 11.10260225217341}"
2026-06-15,OPTOELECTRONICS,-2.289159697310894,-4.888986835245412,1,0,14.285714285714285,47.91666666666667,14.933333333333332,5,0,ACTIVE,Dataset A distribution; outcome-blind,"{""activity_sector_excess_return_3d"": -1.3650675253893185, ""activity_sector_excess_return_5d"": -1.8270934023111836, ""activity_top120_count"": 1.0, ""activity_rank_improving_count"": 0.0, ""activity_volume_expansion_breadth"": 13.752488387524883, ""activity_institution_buy_breadth"": 47.72256728778468, ""activity_leader_strength"": 11.10260225217341}"
2026-06-16,OPTOELECTRONICS,-4.608438153751582,-4.530727613012608,1,0,10.714285714285714,37.5,12.375249500997999,3,0,ACTIVE,Dataset A distribution; outcome-blind,"{""activity_sector_excess_return_3d"": -1.3650675253893185, ""activity_sector_excess_return_5d"": -1.8270934023111836, ""activity_top120_count"": 1.0, ""activity_rank_improving_count"": 0.0, ""activity_volume_expansion_breadth"": 13.752488387524883, ""activity_institution_buy_breadth"": 47.72256728778468, ""activity_leader_strength"": 11.10260225217341}"
2026-06-17,OPTOELECTRONICS,-2.960313410748916,-3.8991423246609536,13,1,12.5,58.333333333333336,32.279909706546285,4,3,ACTIVE,Dataset A distribution; outcome-blind,"{""activity_sector_excess_return_3d"": -1.3650675253893185, ""activity_sector_excess_return_5d"": -1.8270934023111836, ""activity_top120_count"": 1.0, ""activity_rank_improving_count"": 0.0, ""activity_volume_expansion_breadth"": 13.752488387524883, ""activity_institution_buy_breadth"": 47.72256728778468, ""activity_leader_strength"": 11.10260225217341}"
2026-06-18,OPTOELECTRONICS,-2.211197496536621,-3.7882101138512647,5,1,10.714285714285714,35.41666666666667,37.167199148029816,3,3,ACTIVE,Dataset A distribution; outcome-blind,"{""activity_sector_excess_return_3d"": -1.3650675253893185, ""activity_sector_excess_return_5d"": -1.8270934023111836, ""activity_top120_count"": 1.0, ""activity_rank_improving_count"": 0.0, ""activity_volume_expansion_breadth"": 13.752488387524883, ""activity_institution_buy_breadth"": 47.72256728778468, ""activity_leader_strength"": 11.10260225217341}"
2026-06-22,OPTOELECTRONICS,-0.8963143201111023,-4.924490313319252,2,1,23.214285714285715,50.0,35.94232749742534,6,3,ACTIVE,Dataset A distribution; outcome-blind,"{""activity_sector_excess_return_3d"": -1.3650675253893185, ""activity_sector_excess_return_5d"": -1.8270934023111836, ""activity_top120_count"": 1.0, ""activity_rank_improving_count"": 0.0, ""activity_volume_expansion_breadth"": 13.752488387524883, ""activity_institution_buy_breadth"": 47.72256728778468, ""activity_leader_strength"": 11.10260225217341}"
2026-06-23,OPTOELECTRONICS,-3.0974023820658836,-3.354397500821027,2,0,14.285714285714285,31.25,28.4046692607004,4,1,ACTIVE,Dataset A distribution; outcome-blind,"{""activity_sector_excess_return_3d"": -1.3650675253893185, ""activity_sector_excess_return_5d"": -1.8270934023111836, ""activity_top120_count"": 1.0, ""activity_rank_improving_count"": 0.0, ""activity_volume_expansion_breadth"": 13.752488387524883, ""activity_institution_buy_breadth"": 47.72256728778468, ""activity_leader_strength"": 11.10260225217341}"
2026-06-24,OPTOELECTRONICS,-0.3674418229205445,2.1026695349840363,5,5,17.857142857142858,47.91666666666667,30.2063789868668,7,4,HIGH_ACTIVITY,Dataset A distribution; outcome-blind,"{""activity_sector_excess_return_3d"": -1.3650675253893185, ""activity_sector_excess_return_5d"": -1.8270934023111836, ""activity_top120_count"": 1.0, ""activity_rank_improving_count"": 0.0, ""activity_volume_expansion_breadth"": 13.752488387524883, ""activity_institution_buy_breadth"": 47.72256728778468, ""activity_leader_strength"": 11.10260225217341}"
2026-06-25,OPTOELECTRONICS,0.7119890173343912,-1.2204773090200627,3,2,7.142857142857142,18.75,25.482625482625476,5,3,ACTIVE,Dataset A distribution; outcome-blind,"{""activity_sector_excess_return_3d"": -1.3650675253893185, ""activity_sector_excess_return_5d"": -1.8270934023111836, ""activity_top120_count"": 1.0, ""activity_rank_improving_count"": 0.0, ""activity_volume_expansion_breadth"": 13.752488387524883, ""activity_institution_buy_breadth"": 47.72256728778468, ""activity_leader_strength"": 11.10260225217341}"
2026-06-26,OPTOELECTRONICS,0.7043960777512241,-0.17432815600839646,5,1,10.714285714285714,27.083333333333332,24.714828897338403,5,3,ACTIVE,Dataset A distribution; outcome-blind,"{""activity_sector_excess_return_3d"": -1.3650675253893185, ""activity_sector_excess_return_5d"": -1.8270934023111836, ""activity_top120_count"": 1.0, ""activity_rank_improving_count"": 0.0, ""activity_volume_expansion_breadth"": 13.752488387524883, ""activity_institution_buy_breadth"": 47.72256728778468, ""activity_leader_strength"": 11.10260225217341}"
2026-06-29,OPTOELECTRONICS,-1.1914487115745498,0.7536991400828974,3,1,12.5,50.0,27.338129496402885,6,3,ACTIVE,Dataset A distribution; outcome-blind,"{""activity_sector_excess_return_3d"": -1.3650675253893185, ""activity_sector_excess_return_5d"": -1.8270934023111836, ""activity_top120_count"": 1.0, ""activity_rank_improving_count"": 0.0, ""activity_volume_expansion_breadth"": 13.752488387524883, ""activity_institution_buy_breadth"": 47.72256728778468, ""activity_leader_strength"": 11.10260225217341}"
2026-06-30,OPTOELECTRONICS,-0.8152466390951907,0.9745926065876875,6,0,16.071428571428573,50.0,16.36363636363636,7,1,ACTIVE,Dataset A distribution; outcome-blind,"{""activity_sector_excess_return_3d"": -1.3650675253893185, ""activity_sector_excess_return_5d"": -1.8270934023111836, ""activity_top120_count"": 1.0, ""activity_rank_improving_count"": 0.0, ""activity_volume_expansion_breadth"": 13.752488387524883, ""activity_institution_buy_breadth"": 47.72256728778468, ""activity_leader_strength"": 11.10260225217341}"
2026-07-01,OPTOELECTRONICS,-4.915826657439837,-6.515248455796763,2,0,17.857142857142858,41.66666666666667,18.518518518518512,4,0,ACTIVE,Dataset A distribution; outcome-blind,"{""activity_sector_excess_return_3d"": -1.3650675253893185, ""activity_sector_excess_return_5d"": -1.8270934023111836, ""activity_top120_count"": 1.0, ""activity_rank_improving_count"": 0.0, ""activity_volume_expansion_breadth"": 13.752488387524883, ""activity_institution_buy_breadth"": 47.72256728778468, ""activity_leader_strength"": 11.10260225217341}"
2026-07-02,OPTOELECTRONICS,-2.980619558922415,-2.8792843356212128,0,0,10.714285714285714,43.75,12.579415501905956,2,0,LOW_ACTIVITY,Dataset A distribution; outcome-blind,"{""activity_sector_excess_return_3d"": -1.3650675253893185, ""activity_sector_excess_return_5d"": -1.8270934023111836, ""activity_top120_count"": 1.0, ""activity_rank_improving_count"": 0.0, ""activity_volume_expansion_breadth"": 13.752488387524883, ""activity_institution_buy_breadth"": 47.72256728778468, ""activity_leader_strength"": 11.10260225217341}"
2026-07-03,OPTOELECTRONICS,-0.9521077513397147,-2.2487324212335125,1,0,21.428571428571427,43.75,28.49604221635884,5,1,ACTIVE,Dataset A distribution; outcome-blind,"{""activity_sector_excess_return_3d"": -1.3650675253893185, ""activity_sector_excess_return_5d"": -1.8270934023111836, ""activity_top120_count"": 1.0, ""activity_rank_improving_count"": 0.0, ""activity_volume_expansion_breadth"": 13.752488387524883, ""activity_institution_buy_breadth"": 47.72256728778468, ""activity_leader_strength"": 11.10260225217341}"
2026-07-06,OPTOELECTRONICS,3.171357798731944,0.13589688877593264,8,1,8.928571428571429,52.083333333333336,20.073439412484696,6,3,ACTIVE,Dataset A distribution; outcome-blind,"{""activity_sector_excess_return_3d"": -1.3650675253893185, ""activity_sector_excess_return_5d"": -1.8270934023111836, ""activity_top120_count"": 1.0, ""activity_rank_improving_count"": 0.0, ""activity_volume_expansion_breadth"": 13.752488387524883, ""activity_institution_buy_breadth"": 47.72256728778468, ""activity_leader_strength"": 11.10260225217341}"
2026-07-07,OPTOELECTRONICS,0.8065000902217623,-0.8352727568276652,2,0,10.714285714285714,25.0,12.415349887133175,5,0,ACTIVE,Dataset A distribution; outcome-blind,"{""activity_sector_excess_return_3d"": -1.3650675253893185, ""activity_sector_excess_return_5d"": -1.8270934023111836, ""activity_top120_count"": 1.0, ""activity_rank_improving_count"": 0.0, ""activity_volume_expansion_breadth"": 13.752488387524883, ""activity_institution_buy_breadth"": 47.72256728778468, ""activity_leader_strength"": 11.10260225217341}"
2026-07-08,OPTOELECTRONICS,-0.7756306335339525,1.645088551964058,5,0,5.357142857142857,45.83333333333333,15.873015873015884,5,2,ACTIVE,Dataset A distribution; outcome-blind,"{""activity_sector_excess_return_3d"": -1.3650675253893185, ""activity_sector_excess_return_5d"": -1.8270934023111836, ""activity_top120_count"": 1.0, ""activity_rank_improving_count"": 0.0, ""activity_volume_expansion_breadth"": 13.752488387524883, ""activity_institution_buy_breadth"": 47.72256728778468, ""activity_leader_strength"": 11.10260225217341}"
2026-07-09,OPTOELECTRONICS,-0.8728886790527968,1.0557379032942071,10,9,7.142857142857142,29.166666666666668,8.147174770039435,4,2,ACTIVE,Dataset A distribution; outcome-blind,"{""activity_sector_excess_return_3d"": -1.3650675253893185, ""activity_sector_excess_return_5d"": -1.8270934023111836, ""activity_top120_count"": 1.0, ""activity_rank_improving_count"": 0.0, ""activity_volume_expansion_breadth"": 13.752488387524883, ""activity_institution_buy_breadth"": 47.72256728778468, ""activity_leader_strength"": 11.10260225217341}"
2026-07-13,OPTOELECTRONICS,-1.5096467755474463,-2.1295883953406647,3,1,7.142857142857142,29.166666666666668,6.701708278580831,2,2,LOW_ACTIVITY,Dataset A distribution; outcome-blind,"{""activity_sector_excess_return_3d"": -1.3650675253893185, ""activity_sector_excess_return_5d"": -1.8270934023111836, ""activity_top120_count"": 1.0, ""activity_rank_improving_count"": 0.0, ""activity_volume_expansion_breadth"": 13.752488387524883, ""activity_institution_buy_breadth"": 47.72256728778468, ""activity_leader_strength"": 11.10260225217341}"
2026-07-14,OPTOELECTRONICS,-1.4042647865878388,-3.4575333946456066,2,1,17.857142857142858,39.58333333333333,0.8000000000000007,3,1,ACTIVE,Dataset A distribution; outcome-blind,"{""activity_sector_excess_return_3d"": -1.3650675253893185, ""activity_sector_excess_return_5d"": -1.8270934023111836, ""activity_top120_count"": 1.0, ""activity_rank_improving_count"": 0.0, ""activity_volume_expansion_breadth"": 13.752488387524883, ""activity_institution_buy_breadth"": 47.72256728778468, ""activity_leader_strength"": 11.10260225217341}"
2026-07-15,OPTOELECTRONICS,-2.041825682403975,-2.21418921579718,0,0,17.857142857142858,41.66666666666667,10.985277463193665,2,0,LOW_ACTIVITY,Dataset A distribution; outcome-blind,"{""activity_sector_excess_return_3d"": -1.3650675253893185, ""activity_sector_excess_return_5d"": -1.8270934023111836, ""activity_top120_count"": 1.0, ""activity_rank_improving_count"": 0.0, ""activity_volume_expansion_breadth"": 13.752488387524883, ""activity_institution_buy_breadth"": 47.72256728778468, ""activity_leader_strength"": 11.10260225217341}"
2026-07-16,OPTOELECTRONICS,-1.613958105030877,-2.5004532347669417,1,1,12.5,43.75,11.17533718689787,3,1,ACTIVE,Dataset A distribution; outcome-blind,"{""activity_sector_excess_return_3d"": -1.3650675253893185, ""activity_sector_excess_return_5d"": -1.8270934023111836, ""activity_top120_count"": 1.0, ""activity_rank_improving_count"": 0.0, ""activity_volume_expansion_breadth"": 13.752488387524883, ""activity_institution_buy_breadth"": 47.72256728778468, ""activity_leader_strength"": 11.10260225217341}"
2026-07-17,OPTOELECTRONICS,0.8609811046942473,-2.8122971703697495,4,0,19.642857142857142,33.33333333333333,14.516129032258052,5,1,ACTIVE,Dataset A distribution; outcome-blind,"{""activity_sector_excess_return_3d"": -1.3650675253893185, ""activity_sector_excess_return_5d"": -1.8270934023111836, ""activity_top120_count"": 1.0, ""activity_rank_improving_count"": 0.0, ""activity_volume_expansion_breadth"": 13.752488387524883, ""activity_institution_buy_breadth"": 47.72256728778468, ""activity_leader_strength"": 11.10260225217341}"
2026-07-20,OPTOELECTRONICS,-1.3603350222948674,-1.452428742606605,4,0,8.928571428571429,56.25,12.601626016260159,6,1,ACTIVE,Dataset A distribution; outcome-blind,"{""activity_sector_excess_return_3d"": -1.3650675253893185, ""activity_sector_excess_return_5d"": -1.8270934023111836, ""activity_top120_count"": 1.0, ""activity_rank_improving_count"": 0.0, ""activity_volume_expansion_breadth"": 13.752488387524883, ""activity_institution_buy_breadth"": 47.72256728778468, ""activity_leader_strength"": 11.10260225217341}"
2026-07-21,OPTOELECTRONICS,-2.504354218042637,-2.9471125622994028,0,0,5.357142857142857,37.5,9.126984126984139,1,0,LOW_ACTIVITY,Dataset A distribution; outcome-blind,"{""activity_sector_excess_return_3d"": -1.3650675253893185, ""activity_sector_excess_return_5d"": -1.8270934023111836, ""activity_top120_count"": 1.0, ""activity_rank_improving_count"": 0.0, ""activity_volume_expansion_breadth"": 13.752488387524883, ""activity_institution_buy_breadth"": 47.72256728778468, ""activity_leader_strength"": 11.10260225217341}"
2026-07-22,OPTOELECTRONICS,-5.049088063233187,-2.7014501120282137,0,0,10.714285714285714,43.75,9.714285714285719,1,0,LOW_ACTIVITY,Dataset A distribution; outcome-blind,"{""activity_sector_excess_return_3d"": -1.3650675253893185, ""activity_sector_excess_return_5d"": -1.8270934023111836, ""activity_top120_count"": 1.0, ""activity_rank_improving_count"": 0.0, ""activity_volume_expansion_breadth"": 13.752488387524883, ""activity_institution_buy_breadth"": 47.72256728778468, ""activity_leader_strength"": 11.10260225217341}"
2026-07-23,OPTOELECTRONICS,-4.334779159566904,-3.366479436528513,3,3,8.928571428571429,27.083333333333332,3.779069767441867,2,2,LOW_ACTIVITY,Dataset A distribution; outcome-blind,"{""activity_sector_excess_return_3d"": -1.3650675253893185, ""activity_sector_excess_return_5d"": -1.8270934023111836, ""activity_top120_count"": 1.0, ""activity_rank_improving_count"": 0.0, ""activity_volume_expansion_breadth"": 13.752488387524883, ""activity_institution_buy_breadth"": 47.72256728778468, ""activity_leader_strength"": 11.10260225217341}"
2026-07-24,OPTOELECTRONICS,-0.10830597160580435,-3.820145015462151,2,0,5.357142857142857,41.66666666666667,13.271604938271597,4,0,ACTIVE,Dataset A distribution; outcome-blind,"{""activity_sector_excess_return_3d"": -1.3650675253893185, ""activity_sector_excess_return_5d"": -1.8270934023111836, ""activity_top120_count"": 1.0, ""activity_rank_improving_count"": 0.0, ""activity_volume_expansion_breadth"": 13.752488387524883, ""activity_institution_buy_breadth"": 47.72256728778468, ""activity_leader_strength"": 11.10260225217341}"
2026-05-28,PAPER,-2.396248613750862,-6.702538896059707,0,0,37.5,75.0,1.9771071800208206,3,2,ACTIVE,Dataset A distribution; outcome-blind,"{""activity_sector_excess_return_3d"": -1.3650675253893185, ""activity_sector_excess_return_5d"": -1.8270934023111836, ""activity_top120_count"": 1.0, ""activity_rank_improving_count"": 0.0, ""activity_volume_expansion_breadth"": 13.752488387524883, ""activity_institution_buy_breadth"": 47.72256728778468, ""activity_leader_strength"": 11.10260225217341}"
2026-05-29,PAPER,-3.191071571208559,-6.355328330769872,0,0,0.0,62.5,2.6068821689259725,2,1,LOW_ACTIVITY,Dataset A distribution; outcome-blind,"{""activity_sector_excess_return_3d"": -1.3650675253893185, ""activity_sector_excess_return_5d"": -1.8270934023111836, ""activity_top120_count"": 1.0, ""activity_rank_improving_count"": 0.0, ""activity_volume_expansion_breadth"": 13.752488387524883, ""activity_institution_buy_breadth"": 47.72256728778468, ""activity_leader_strength"": 11.10260225217341}"
2026-06-01,PAPER,-0.5678110482456811,-4.696572335343207,0,0,25.0,87.5,1.8134715025906578,4,2,ACTIVE,Dataset A distribution; outcome-blind,"{""activity_sector_excess_return_3d"": -1.3650675253893185, ""activity_sector_excess_return_5d"": -1.8270934023111836, ""activity_top120_count"": 1.0, ""activity_rank_improving_count"": 0.0, ""activity_volume_expansion_breadth"": 13.752488387524883, ""activity_institution_buy_breadth"": 47.72256728778468, ""activity_leader_strength"": 11.10260225217341}"
2026-06-02,PAPER,-2.494017471889154,-3.6492954576111902,0,0,25.0,62.5,6.084656084656093,3,2,ACTIVE,Dataset A distribution; outcome-blind,"{""activity_sector_excess_return_3d"": -1.3650675253893185, ""activity_sector_excess_return_5d"": -1.8270934023111836, ""activity_top120_count"": 1.0, ""activity_rank_improving_count"": 0.0, ""activity_volume_expansion_breadth"": 13.752488387524883, ""activity_institution_buy_breadth"": 47.72256728778468, ""activity_leader_strength"": 11.10260225217341}"
2026-06-03,PAPER,0.9562835606150122,0.1922193027050101,0,0,62.5,62.5,7.594936708860756,5,2,ACTIVE,Dataset A distribution; outcome-blind,"{""activity_sector_excess_return_3d"": -1.3650675253893185, ""activity_sector_excess_return_5d"": -1.8270934023111836, ""activity_top120_count"": 1.0, ""activity_rank_improving_count"": 0.0, ""activity_volume_expansion_breadth"": 13.752488387524883, ""activity_institution_buy_breadth"": 47.72256728778468, ""activity_leader_strength"": 11.10260225217341}"
2026-06-04,PAPER,9.096200999486715,6.770482133137755,0,0,87.5,25.0,18.617021276595747,5,3,ACTIVE,Dataset A distribution; outcome-blind,"{""activity_sector_excess_return_3d"": -1.3650675253893185, ""activity_sector_excess_return_5d"": -1.8270934023111836, ""activity_top120_count"": 1.0, ""activity_rank_improving_count"": 0.0, ""activity_volume_expansion_breadth"": 13.752488387524883, ""activity_institution_buy_breadth"": 47.72256728778468, ""activity_leader_strength"": 11.10260225217341}"
2026-06-05,PAPER,8.049119854968579,8.314953394750948,0,0,75.0,50.0,24.257425742574277,6,4,HIGH_ACTIVITY,Dataset A distribution; outcome-blind,"{""activity_sector_excess_return_3d"": -1.3650675253893185, ""activity_sector_excess_return_5d"": -1.8270934023111836, ""activity_top120_count"": 1.0, ""activity_rank_improving_count"": 0.0, ""activity_volume_expansion_breadth"": 13.752488387524883, ""activity_institution_buy_breadth"": 47.72256728778468, ""activity_leader_strength"": 11.10260225217341}"
2026-06-08,PAPER,7.561000082111923,8.574421217223282,1,0,12.5,75.0,12.135922330097081,6,3,ACTIVE,Dataset A distribution; outcome-blind,"{""activity_sector_excess_return_3d"": -1.3650675253893185, ""activity_sector_excess_return_5d"": -1.8270934023111836, ""activity_top120_count"": 1.0, ""activity_rank_improving_count"": 0.0, ""activity_volume_expansion_breadth"": 13.752488387524883, ""activity_institution_buy_breadth"": 47.72256728778468, ""activity_leader_strength"": 11.10260225217341}"
2026-06-09,PAPER,-0.7902458446841232,6.800212977404019,0,0,37.5,62.5,12.718204488778051,6,3,ACTIVE,Dataset A distribution; outcome-blind,"{""activity_sector_excess_return_3d"": -1.3650675253893185, ""activity_sector_excess_return_5d"": -1.8270934023111836, ""activity_top120_count"": 1.0, ""activity_rank_improving_count"": 0.0, ""activity_volume_expansion_breadth"": 13.752488387524883, ""activity_institution_buy_breadth"": 47.72256728778468, ""activity_leader_strength"": 11.10260225217341}"
2026-06-10,PAPER,3.842861913732854,11.151751215733906,0,0,37.5,75.0,14.039408866995062,6,4,HIGH_ACTIVITY,Dataset A distribution; outcome-blind,"{""activity_sector_excess_return_3d"": -1.3650675253893185, ""activity_sector_excess_return_5d"": -1.8270934023111836, ""activity_top120_count"": 1.0, ""activity_rank_improving_count"": 0.0, ""activity_volume_expansion_breadth"": 13.752488387524883, ""activity_institution_buy_breadth"": 47.72256728778468, ""activity_leader_strength"": 11.10260225217341}"
2026-06-11,PAPER,1.9586747956363837,2.882943200591115,0,0,0.0,37.5,2.0179372197309364,3,2,ACTIVE,Dataset A distribution; outcome-blind,"{""activity_sector_excess_return_3d"": -1.3650675253893185, ""activity_sector_excess_return_5d"": -1.8270934023111836, ""activity_top120_count"": 1.0, ""activity_rank_improving_count"": 0.0, ""activity_volume_expansion_breadth"": 13.752488387524883, ""activity_institution_buy_breadth"": 47.72256728778468, ""activity_leader_strength"": 11.10260225217341}"
2026-06-12,PAPER,2.1761174841455455,1.0413747519694816,0,0,0.0,62.5,4.566210045662111,4,2,ACTIVE,Dataset A distribution; outcome-blind,"{""activity_sector_excess_return_3d"": -1.3650675253893185, ""activity_sector_excess_return_5d"": -1.8270934023111836, ""activity_top120_count"": 1.0, ""activity_rank_improving_count"": 0.0, ""activity_volume_expansion_breadth"": 13.752488387524883, ""activity_institution_buy_breadth"": 47.72256728778468, ""activity_leader_strength"": 11.10260225217341}"
2026-06-15,PAPER,-4.448822053632728,-2.7794243273503216,0,0,0.0,75.0,5.069124423963145,2,1,LOW_ACTIVITY,Dataset A distribution; outcome-blind,"{""activity_sector_excess_return_3d"": -1.3650675253893185, ""activity_sector_excess_return_5d"": -1.8270934023111836, ""activity_top120_count"": 1.0, ""activity_rank_improving_count"": 0.0, ""activity_volume_expansion_breadth"": 13.752488387524883, ""activity_institution_buy_breadth"": 47.72256728778468, ""activity_leader_strength"": 11.10260225217341}"
2026-06-16,PAPER,-3.4490615826103133,-0.48008060302902056,0,0,37.5,62.5,10.546875,4,2,ACTIVE,Dataset A distribution; outcome-blind,"{""activity_sector_excess_return_3d"": -1.3650675253893185, ""activity_sector_excess_return_5d"": -1.8270934023111836, ""activity_top120_count"": 1.0, ""activity_rank_improving_count"": 0.0, ""activity_volume_expansion_breadth"": 13.752488387524883, ""activity_institution_buy_breadth"": 47.72256728778468, ""activity_leader_strength"": 11.10260225217341}"
2026-06-17,PAPER,-2.5284687127971273,-4.341192709290387,0,0,25.0,37.5,20.077220077220083,3,1,ACTIVE,Dataset A distribution; outcome-blind,"{""activity_sector_excess_return_3d"": -1.3650675253893185, ""activity_sector_excess_return_5d"": -1.8270934023111836, ""activity_top120_count"": 1.0, ""activity_rank_improving_count"": 0.0, ""activity_volume_expansion_breadth"": 13.752488387524883, ""activity_institution_buy_breadth"": 47.72256728778468, ""activity_leader_strength"": 11.10260225217341}"
2026-06-18,PAPER,-1.0256078398492408,-4.06440450769272,0,0,25.0,62.5,34.645669291338606,5,3,ACTIVE,Dataset A distribution; outcome-blind,"{""activity_sector_excess_return_3d"": -1.3650675253893185, ""activity_sector_excess_return_5d"": -1.8270934023111836, ""activity_top120_count"": 1.0, ""activity_rank_improving_count"": 0.0, ""activity_volume_expansion_breadth"": 13.752488387524883, ""activity_institution_buy_breadth"": 47.72256728778468, ""activity_leader_strength"": 11.10260225217341}"
2026-06-22,PAPER,-3.8002200679557285,-7.277639714962891,1,0,12.5,37.5,43.023255813953476,3,1,ACTIVE,Dataset A distribution; outcome-blind,"{""activity_sector_excess_return_3d"": -1.3650675253893185, ""activity_sector_excess_return_5d"": -1.8270934023111836, ""activity_top120_count"": 1.0, ""activity_rank_improving_count"": 0.0, ""activity_volume_expansion_breadth"": 13.752488387524883, ""activity_institution_buy_breadth"": 47.72256728778468, ""activity_leader_strength"": 11.10260225217341}"
2026-06-23,PAPER,-3.9879538023909755,-4.63775962753542,0,0,12.5,50.0,29.844961240310063,3,1,ACTIVE,Dataset A distribution; outcome-blind,"{""activity_sector_excess_return_3d"": -1.3650675253893185, ""activity_sector_excess_return_5d"": -1.8270934023111836, ""activity_top120_count"": 1.0, ""activity_rank_improving_count"": 0.0, ""activity_volume_expansion_breadth"": 13.752488387524883, ""activity_institution_buy_breadth"": 47.72256728778468, ""activity_leader_strength"": 11.10260225217341}"
2026-06-24,PAPER,-0.9637561586116616,-1.3927668187057596,1,0,12.5,75.0,22.614840989399298,6,1,ACTIVE,Dataset A distribution; outcome-blind,"{""activity_sector_excess_return_3d"": -1.3650675253893185, ""activity_sector_excess_return_5d"": -1.8270934023111836, ""activity_top120_count"": 1.0, ""activity_rank_improving_count"": 0.0, ""activity_volume_expansion_breadth"": 13.752488387524883, ""activity_institution_buy_breadth"": 47.72256728778468, ""activity_leader_strength"": 11.10260225217341}"
2026-06-25,PAPER,1.351004423392299,-1.9730771995509988,1,0,0.0,50.0,8.36012861736335,4,1,ACTIVE,Dataset A distribution; outcome-blind,"{""activity_sector_excess_return_3d"": -1.3650675253893185, ""activity_sector_excess_return_5d"": -1.8270934023111836, ""activity_top120_count"": 1.0, ""activity_rank_improving_count"": 0.0, ""activity_volume_expansion_breadth"": 13.752488387524883, ""activity_institution_buy_breadth"": 47.72256728778468, ""activity_leader_strength"": 11.10260225217341}"
2026-06-26,PAPER,3.876581796388357,0.5661916988695781,1,0,12.5,37.5,0.12484394506866447,4,1,ACTIVE,Dataset A distribution; outcome-blind,"{""activity_sector_excess_return_3d"": -1.3650675253893185, ""activity_sector_excess_return_5d"": -1.8270934023111836, ""activity_top120_count"": 1.0, ""activity_rank_improving_count"": 0.0, ""activity_volume_expansion_breadth"": 13.752488387524883, ""activity_institution_buy_breadth"": 47.72256728778468, ""activity_leader_strength"": 11.10260225217341}"
2026-06-29,PAPER,1.7213099994550674,3.453330667662968,1,0,0.0,87.5,1.251564455569465,5,3,ACTIVE,Dataset A distribution; outcome-blind,"{""activity_sector_excess_return_3d"": -1.3650675253893185, ""activity_sector_excess_return_5d"": -1.8270934023111836, ""activity_top120_count"": 1.0, ""activity_rank_improving_count"": 0.0, ""activity_volume_expansion_breadth"": 13.752488387524883, ""activity_institution_buy_breadth"": 47.72256728778468, ""activity_leader_strength"": 11.10260225217341}"
2026-06-30,PAPER,-0.037480863875671844,1.647096633904055,0,0,12.5,25.0,1.492537313432818,3,1,ACTIVE,Dataset A distribution; outcome-blind,"{""activity_sector_excess_return_3d"": -1.3650675253893185, ""activity_sector_excess_return_5d"": -1.8270934023111836, ""activity_top120_count"": 1.0, ""activity_rank_improving_count"": 0.0, ""activity_volume_expansion_breadth"": 13.752488387524883, ""activity_institution_buy_breadth"": 47.72256728778468, ""activity_leader_strength"": 11.10260225217341}"
2026-07-01,PAPER,-4.934983745562449,-3.661615040344479,0,0,12.5,37.5,1.2484394506866447,1,0,LOW_ACTIVITY,Dataset A distribution; outcome-blind,"{""activity_sector_excess_return_3d"": -1.3650675253893185, ""activity_sector_excess_return_5d"": -1.8270934023111836, ""activity_top120_count"": 1.0, ""activity_rank_improving_count"": 0.0, ""activity_volume_expansion_breadth"": 13.752488387524883, ""activity_institution_buy_breadth"": 47.72256728778468, ""activity_leader_strength"": 11.10260225217341}"
2026-07-02,PAPER,-3.5053137640402188,-0.5054902849713327,0,0,12.5,62.5,3.03347280334727,3,1,ACTIVE,Dataset A distribution; outcome-blind,"{""activity_sector_excess_return_3d"": -1.3650675253893185, ""activity_sector_excess_return_5d"": -1.8270934023111836, ""activity_top120_count"": 1.0, ""activity_rank_improving_count"": 0.0, ""activity_volume_expansion_breadth"": 13.752488387524883, ""activity_institution_buy_breadth"": 47.72256728778468, ""activity_leader_strength"": 11.10260225217341}"
2026-07-03,PAPER,2.398205922459362,-0.6964795314010175,0,0,25.0,87.5,9.176470588235297,5,3,ACTIVE,Dataset A distribution; outcome-blind,"{""activity_sector_excess_return_3d"": -1.3650675253893185, ""activity_sector_excess_return_5d"": -1.8270934023111836, ""activity_top120_count"": 1.0, ""activity_rank_improving_count"": 0.0, ""activity_volume_expansion_breadth"": 13.752488387524883, ""activity_institution_buy_breadth"": 47.72256728778468, ""activity_leader_strength"": 11.10260225217341}"
2026-07-06,PAPER,6.692881739800094,1.477140272174382,0,0,37.5,75.0,12.579281183932345,6,4,HIGH_ACTIVITY,Dataset A distribution; outcome-blind,"{""activity_sector_excess_return_3d"": -1.3650675253893185, ""activity_sector_excess_return_5d"": -1.8270934023111836, ""activity_top120_count"": 1.0, ""activity_rank_improving_count"": 0.0, ""activity_volume_expansion_breadth"": 13.752488387524883, ""activity_institution_buy_breadth"": 47.72256728778468, ""activity_leader_strength"": 11.10260225217341}"
2026-07-07,PAPER,5.332377798818144,5.007763073815019,0,0,25.0,50.0,12.565445026178,6,3,ACTIVE,Dataset A distribution; outcome-blind,"{""activity_sector_excess_return_3d"": -1.3650675253893185, ""activity_sector_excess_return_5d"": -1.8270934023111836, ""activity_top120_count"": 1.0, ""activity_rank_improving_count"": 0.0, ""activity_volume_expansion_breadth"": 13.752488387524883, ""activity_institution_buy_breadth"": 47.72256728778468, ""activity_leader_strength"": 11.10260225217341}"
2026-07-08,PAPER,1.7468214760057998,5.310313950314627,0,0,25.0,37.5,13.897596656217349,5,3,ACTIVE,Dataset A distribution; outcome-blind,"{""activity_sector_excess_return_3d"": -1.3650675253893185, ""activity_sector_excess_return_5d"": -1.8270934023111836, ""activity_top120_count"": 1.0, ""activity_rank_improving_count"": 0.0, ""activity_volume_expansion_breadth"": 13.752488387524883, ""activity_institution_buy_breadth"": 47.72256728778468, ""activity_leader_strength"": 11.10260225217341}"
2026-07-09,PAPER,0.2859335728165324,4.435193662561998,0,0,37.5,25.0,6.605922551252852,4,2,ACTIVE,Dataset A distribution; outcome-blind,"{""activity_sector_excess_return_3d"": -1.3650675253893185, ""activity_sector_excess_return_5d"": -1.8270934023111836, ""activity_top120_count"": 1.0, ""activity_rank_improving_count"": 0.0, ""activity_volume_expansion_breadth"": 13.752488387524883, ""activity_institution_buy_breadth"": 47.72256728778468, ""activity_leader_strength"": 11.10260225217341}"
2026-07-13,PAPER,-4.434381943403155,-0.9147316186867926,0,0,12.5,37.5,-0.20429009193054792,2,0,LOW_ACTIVITY,Dataset A distribution; outcome-blind,"{""activity_sector_excess_return_3d"": -1.3650675253893185, ""activity_sector_excess_return_5d"": -1.8270934023111836, ""activity_top120_count"": 1.0, ""activity_rank_improving_count"": 0.0, ""activity_volume_expansion_breadth"": 13.752488387524883, ""activity_institution_buy_breadth"": 47.72256728778468, ""activity_leader_strength"": 11.10260225217341}"
2026-07-14,PAPER,-2.5220575981917177,-1.2889181618973673,0,0,12.5,87.5,-3.658536585365857,3,1,ACTIVE,Dataset A distribution; outcome-blind,"{""activity_sector_excess_return_3d"": -1.3650675253893185, ""activity_sector_excess_return_5d"": -1.8270934023111836, ""activity_top120_count"": 1.0, ""activity_rank_improving_count"": 0.0, ""activity_volume_expansion_breadth"": 13.752488387524883, ""activity_institution_buy_breadth"": 47.72256728778468, ""activity_leader_strength"": 11.10260225217341}"
2026-07-15,PAPER,-1.495654422094017,-3.1259724852053528,0,0,12.5,75.0,2.998236331569659,2,1,LOW_ACTIVITY,Dataset A distribution; outcome-blind,"{""activity_sector_excess_return_3d"": -1.3650675253893185, ""activity_sector_excess_return_5d"": -1.8270934023111836, ""activity_top120_count"": 1.0, ""activity_rank_improving_count"": 0.0, ""activity_volume_expansion_breadth"": 13.752488387524883, ""activity_institution_buy_breadth"": 47.72256728778468, ""activity_leader_strength"": 11.10260225217341}"
2026-07-16,PAPER,0.9247253463197547,-3.9427690277878735,0,0,0.0,75.0,1.9748653500897495,3,1,ACTIVE,Dataset A distribution; outcome-blind,"{""activity_sector_excess_return_3d"": -1.3650675253893185, ""activity_sector_excess_return_5d"": -1.8270934023111836, ""activity_top120_count"": 1.0, ""activity_rank_improving_count"": 0.0, ""activity_volume_expansion_breadth"": 13.752488387524883, ""activity_institution_buy_breadth"": 47.72256728778468, ""activity_leader_strength"": 11.10260225217341}"
2026-07-17,PAPER,4.619523245924317,2.8190104483100216,0,0,0.0,75.0,1.4414414414414267,4,3,ACTIVE,Dataset A distribution; outcome-blind,"{""activity_sector_excess_return_3d"": -1.3650675253893185, ""activity_sector_excess_return_5d"": -1.8270934023111836, ""activity_top120_count"": 1.0, ""activity_rank_improving_count"": 0.0, ""activity_volume_expansion_breadth"": 13.752488387524883, ""activity_institution_buy_breadth"": 47.72256728778468, ""activity_leader_strength"": 11.10260225217341}"
2026-07-20,PAPER,2.712908624939814,5.100855701144358,0,0,12.5,37.5,2.5878003696857554,3,2,ACTIVE,Dataset A distribution; outcome-blind,"{""activity_sector_excess_return_3d"": -1.3650675253893185, ""activity_sector_excess_return_5d"": -1.8270934023111836, ""activity_top120_count"": 1.0, ""activity_rank_improving_count"": 0.0, ""activity_volume_expansion_breadth"": 13.752488387524883, ""activity_institution_buy_breadth"": 47.72256728778468, ""activity_leader_strength"": 11.10260225217341}"
2026-07-21,PAPER,2.346975985400246,2.498837407920973,0,0,0.0,87.5,2.815432742440027,4,3,ACTIVE,Dataset A distribution; outcome-blind,"{""activity_sector_excess_return_3d"": -1.3650675253893185, ""activity_sector_excess_return_5d"": -1.8270934023111836, ""activity_top120_count"": 1.0, ""activity_rank_improving_count"": 0.0, ""activity_volume_expansion_breadth"": 13.752488387524883, ""activity_institution_buy_breadth"": 47.72256728778468, ""activity_leader_strength"": 11.10260225217341}"
2026-07-22,PAPER,-5.562962677827221,-1.5833784567888975,0,0,0.0,25.0,-0.2590673575129543,2,0,LOW_ACTIVITY,Dataset A distribution; outcome-blind,"{""activity_sector_excess_return_3d"": -1.3650675253893185, ""activity_sector_excess_return_5d"": -1.8270934023111836, ""activity_top120_count"": 1.0, ""activity_rank_improving_count"": 0.0, ""activity_volume_expansion_breadth"": 13.752488387524883, ""activity_institution_buy_breadth"": 47.72256728778468, ""activity_leader_strength"": 11.10260225217341}"
2026-07-23,PAPER,-4.575283981569522,-0.09691027038218891,0,0,0.0,75.0,0.1029866117404854,3,1,ACTIVE,Dataset A distribution; outcome-blind,"{""activity_sector_excess_return_3d"": -1.3650675253893185, ""activity_sector_excess_return_5d"": -1.8270934023111836, ""activity_top120_count"": 1.0, ""activity_rank_improving_count"": 0.0, ""activity_volume_expansion_breadth"": 13.752488387524883, ""activity_institution_buy_breadth"": 47.72256728778468, ""activity_leader_strength"": 11.10260225217341}"
2026-07-24,PAPER,0.4954293416476685,-2.7616145048768415,0,0,0.0,25.0,0.5138746145940454,2,0,LOW_ACTIVITY,Dataset A distribution; outcome-blind,"{""activity_sector_excess_return_3d"": -1.3650675253893185, ""activity_sector_excess_return_5d"": -1.8270934023111836, ""activity_top120_count"": 1.0, ""activity_rank_improving_count"": 0.0, ""activity_volume_expansion_breadth"": 13.752488387524883, ""activity_institution_buy_breadth"": 47.72256728778468, ""activity_leader_strength"": 11.10260225217341}"
2026-05-28,PASSIVE_CONNECTOR,1.8632567579628168,0.8718893662085225,14,0,33.33333333333333,61.76470588235294,60.23391812865495,7,5,HIGH_ACTIVITY,Dataset A distribution; outcome-blind,"{""activity_sector_excess_return_3d"": -1.3650675253893185, ""activity_sector_excess_return_5d"": -1.8270934023111836, ""activity_top120_count"": 1.0, ""activity_rank_improving_count"": 0.0, ""activity_volume_expansion_breadth"": 13.752488387524883, ""activity_institution_buy_breadth"": 47.72256728778468, ""activity_leader_strength"": 11.10260225217341}"
2026-05-29,PASSIVE_CONNECTOR,-0.5521826823196463,-2.113568512735209,6,0,36.11111111111111,41.17647058823529,60.10638297872342,5,3,ACTIVE,Dataset A distribution; outcome-blind,"{""activity_sector_excess_return_3d"": -1.3650675253893185, ""activity_sector_excess_return_5d"": -1.8270934023111836, ""activity_top120_count"": 1.0, ""activity_rank_improving_count"": 0.0, ""activity_volume_expansion_breadth"": 13.752488387524883, ""activity_institution_buy_breadth"": 47.72256728778468, ""activity_leader_strength"": 11.10260225217341}"
2026-06-01,PASSIVE_CONNECTOR,1.5717874919003005,0.2568700345125352,8,0,27.77777777777778,52.94117647058824,60.2905569007264,7,4,HIGH_ACTIVITY,Dataset A distribution; outcome-blind,"{""activity_sector_excess_return_3d"": -1.3650675253893185, ""activity_sector_excess_return_5d"": -1.8270934023111836, ""activity_top120_count"": 1.0, ""activity_rank_improving_count"": 0.0, ""activity_volume_expansion_breadth"": 13.752488387524883, ""activity_institution_buy_breadth"": 47.72256728778468, ""activity_leader_strength"": 11.10260225217341}"
2026-06-02,PASSIVE_CONNECTOR,-0.9613645148928818,-1.2201278757969947,12,1,16.666666666666664,41.17647058823529,60.352422907488986,6,3,ACTIVE,Dataset A distribution; outcome-blind,"{""activity_sector_excess_return_3d"": -1.3650675253893185, ""activity_sector_excess_return_5d"": -1.8270934023111836, ""activity_top120_count"": 1.0, ""activity_rank_improving_count"": 0.0, ""activity_volume_expansion_breadth"": 13.752488387524883, ""activity_institution_buy_breadth"": 47.72256728778468, ""activity_leader_strength"": 11.10260225217341}"
2026-06-03,PASSIVE_CONNECTOR,-3.039273871507331,-0.9222659690836243,8,4,22.22222222222222,44.11764705882353,60.320641282565134,5,4,HIGH_ACTIVITY,Dataset A distribution; outcome-blind,"{""activity_sector_excess_return_3d"": -1.3650675253893185, ""activity_sector_excess_return_5d"": -1.8270934023111836, ""activity_top120_count"": 1.0, ""activity_rank_improving_count"": 0.0, ""activity_volume_expansion_breadth"": 13.752488387524883, ""activity_institution_buy_breadth"": 47.72256728778468, ""activity_leader_strength"": 11.10260225217341}"
2026-06-04,PASSIVE_CONNECTOR,-2.344676424727199,-2.8101093976612423,8,4,16.666666666666664,50.0,31.38686131386863,5,3,ACTIVE,Dataset A distribution; outcome-blind,"{""activity_sector_excess_return_3d"": -1.3650675253893185, ""activity_sector_excess_return_5d"": -1.8270934023111836, ""activity_top120_count"": 1.0, ""activity_rank_improving_count"": 0.0, ""activity_volume_expansion_breadth"": 13.752488387524883, ""activity_institution_buy_breadth"": 47.72256728778468, ""activity_leader_strength"": 11.10260225217341}"
2026-06-05,PASSIVE_CONNECTOR,1.4251688817507158,-1.5272002557267128,11,4,22.22222222222222,35.294117647058826,26.273885350318473,6,5,HIGH_ACTIVITY,Dataset A distribution; outcome-blind,"{""activity_sector_excess_return_3d"": -1.3650675253893185, ""activity_sector_excess_return_5d"": -1.8270934023111836, ""activity_top120_count"": 1.0, ""activity_rank_improving_count"": 0.0, ""activity_volume_expansion_breadth"": 13.752488387524883, ""activity_institution_buy_breadth"": 47.72256728778468, ""activity_leader_strength"": 11.10260225217341}"
2026-06-08,PASSIVE_CONNECTOR,1.842118695948069,0.20151839987603237,13,4,8.333333333333332,50.0,12.028985507246382,6,3,ACTIVE,Dataset A distribution; outcome-blind,"{""activity_sector_excess_return_3d"": -1.3650675253893185, ""activity_sector_excess_return_5d"": -1.8270934023111836, ""activity_top120_count"": 1.0, ""activity_rank_improving_count"": 0.0, ""activity_volume_expansion_breadth"": 13.752488387524883, ""activity_institution_buy_breadth"": 47.72256728778468, ""activity_leader_strength"": 11.10260225217341}"
2026-06-09,PASSIVE_CONNECTOR,5.482152564290432,2.348839605858244,12,0,27.77777777777778,29.411764705882355,17.148362235067438,6,4,HIGH_ACTIVITY,Dataset A distribution; outcome-blind,"{""activity_sector_excess_return_3d"": -1.3650675253893185, ""activity_sector_excess_return_5d"": -1.8270934023111836, ""activity_top120_count"": 1.0, ""activity_rank_improving_count"": 0.0, ""activity_volume_expansion_breadth"": 13.752488387524883, ""activity_institution_buy_breadth"": 47.72256728778468, ""activity_leader_strength"": 11.10260225217341}"
2026-06-10,PASSIVE_CONNECTOR,2.05116501000765,3.3015978639009846,9,3,30.555555555555557,58.82352941176471,24.087591240875916,7,6,HIGH_ACTIVITY,Dataset A distribution; outcome-blind,"{""activity_sector_excess_return_3d"": -1.3650675253893185, ""activity_sector_excess_return_5d"": -1.8270934023111836, ""activity_top120_count"": 1.0, ""activity_rank_improving_count"": 0.0, ""activity_volume_expansion_breadth"": 13.752488387524883, ""activity_institution_buy_breadth"": 47.72256728778468, ""activity_leader_strength"": 11.10260225217341}"
2026-06-11,PASSIVE_CONNECTOR,4.057015738461844,5.850414118299008,18,10,33.33333333333333,52.94117647058824,29.0909090909091,7,6,HIGH_ACTIVITY,Dataset A distribution; outcome-blind,"{""activity_sector_excess_return_3d"": -1.3650675253893185, ""activity_sector_excess_return_5d"": -1.8270934023111836, ""activity_top120_count"": 1.0, ""activity_rank_improving_count"": 0.0, ""activity_volume_expansion_breadth"": 13.752488387524883, ""activity_institution_buy_breadth"": 47.72256728778468, ""activity_leader_strength"": 11.10260225217341}"
2026-06-12,PASSIVE_CONNECTOR,1.735278311534394,3.590892769478926,11,7,27.77777777777778,44.11764705882353,26.325757575757592,6,6,HIGH_ACTIVITY,Dataset A distribution; outcome-blind,"{""activity_sector_excess_return_3d"": -1.3650675253893185, ""activity_sector_excess_return_5d"": -1.8270934023111836, ""activity_top120_count"": 1.0, ""activity_rank_improving_count"": 0.0, ""activity_volume_expansion_breadth"": 13.752488387524883, ""activity_institution_buy_breadth"": 47.72256728778468, ""activity_leader_strength"": 11.10260225217341}"
2026-06-15,PASSIVE_CONNECTOR,2.9933429398198994,2.6172010944719215,12,8,22.22222222222222,64.70588235294117,37.38872403560831,7,7,HIGH_ACTIVITY,Dataset A distribution; outcome-blind,"{""activity_sector_excess_return_3d"": -1.3650675253893185, ""activity_sector_excess_return_5d"": -1.8270934023111836, ""activity_top120_count"": 1.0, ""activity_rank_improving_count"": 0.0, ""activity_volume_expansion_breadth"": 13.752488387524883, ""activity_institution_buy_breadth"": 47.72256728778468, ""activity_leader_strength"": 11.10260225217341}"
2026-06-16,PASSIVE_CONNECTOR,-4.097878006827793,-2.252412664762904,5,4,36.11111111111111,29.411764705882355,23.952095808383223,4,4,HIGH_ACTIVITY,Dataset A distribution; outcome-blind,"{""activity_sector_excess_return_3d"": -1.3650675253893185, ""activity_sector_excess_return_5d"": -1.8270934023111836, ""activity_top120_count"": 1.0, ""activity_rank_improving_count"": 0.0, ""activity_volume_expansion_breadth"": 13.752488387524883, ""activity_institution_buy_breadth"": 47.72256728778468, ""activity_leader_strength"": 11.10260225217341}"
2026-06-17,PASSIVE_CONNECTOR,-1.1891829985114288,-1.4620174861228685,16,8,22.22222222222222,55.88235294117647,42.68867924528301,7,4,HIGH_ACTIVITY,Dataset A distribution; outcome-blind,"{""activity_sector_excess_return_3d"": -1.3650675253893185, ""activity_sector_excess_return_5d"": -1.8270934023111836, ""activity_top120_count"": 1.0, ""activity_rank_improving_count"": 0.0, ""activity_volume_expansion_breadth"": 13.752488387524883, ""activity_institution_buy_breadth"": 47.72256728778468, ""activity_leader_strength"": 11.10260225217341}"
2026-06-18,PASSIVE_CONNECTOR,-2.0046094124186897,1.7645048876826488,13,7,33.33333333333333,38.23529411764706,42.70386266094421,5,5,HIGH_ACTIVITY,Dataset A distribution; outcome-blind,"{""activity_sector_excess_return_3d"": -1.3650675253893185, ""activity_sector_excess_return_5d"": -1.8270934023111836, ""activity_top120_count"": 1.0, ""activity_rank_improving_count"": 0.0, ""activity_volume_expansion_breadth"": 13.752488387524883, ""activity_institution_buy_breadth"": 47.72256728778468, ""activity_leader_strength"": 11.10260225217341}"
2026-06-22,PASSIVE_CONNECTOR,-1.828706639267641,-4.739962409998366,6,4,33.33333333333333,44.11764705882353,50.85574572127138,4,4,HIGH_ACTIVITY,Dataset A distribution; outcome-blind,"{""activity_sector_excess_return_3d"": -1.3650675253893185, ""activity_sector_excess_return_5d"": -1.8270934023111836, ""activity_top120_count"": 1.0, ""activity_rank_improving_count"": 0.0, ""activity_volume_expansion_breadth"": 13.752488387524883, ""activity_institution_buy_breadth"": 47.72256728778468, ""activity_leader_strength"": 11.10260225217341}"
2026-06-23,PASSIVE_CONNECTOR,-2.666367899307276,-4.759093183499119,7,2,19.444444444444446,47.05882352941176,28.364849833147932,4,3,ACTIVE,Dataset A distribution; outcome-blind,"{""activity_sector_excess_return_3d"": -1.3650675253893185, ""activity_sector_excess_return_5d"": -1.8270934023111836, ""activity_top120_count"": 1.0, ""activity_rank_improving_count"": 0.0, ""activity_volume_expansion_breadth"": 13.752488387524883, ""activity_institution_buy_breadth"": 47.72256728778468, ""activity_leader_strength"": 11.10260225217341}"
2026-06-24,PASSIVE_CONNECTOR,-1.4944010124006257,3.373182536347641,6,3,13.88888888888889,44.11764705882353,45.83333333333333,5,4,HIGH_ACTIVITY,Dataset A distribution; outcome-blind,"{""activity_sector_excess_return_3d"": -1.3650675253893185, ""activity_sector_excess_return_5d"": -1.8270934023111836, ""activity_top120_count"": 1.0, ""activity_rank_improving_count"": 0.0, ""activity_volume_expansion_breadth"": 13.752488387524883, ""activity_institution_buy_breadth"": 47.72256728778468, ""activity_leader_strength"": 11.10260225217341}"
2026-06-25,PASSIVE_CONNECTOR,2.0128744620597327,-0.13304417738804197,11,5,25.0,47.05882352941176,35.82251082251082,6,5,HIGH_ACTIVITY,Dataset A distribution; outcome-blind,"{""activity_sector_excess_return_3d"": -1.3650675253893185, ""activity_sector_excess_return_5d"": -1.8270934023111836, ""activity_top120_count"": 1.0, ""activity_rank_improving_count"": 0.0, ""activity_volume_expansion_breadth"": 13.752488387524883, ""activity_institution_buy_breadth"": 47.72256728778468, ""activity_leader_strength"": 11.10260225217341}"
2026-06-26,PASSIVE_CONNECTOR,2.90826899796437,-1.933620062292973,6,2,16.666666666666664,38.23529411764706,19.211822660098534,5,3,ACTIVE,Dataset A distribution; outcome-blind,"{""activity_sector_excess_return_3d"": -1.3650675253893185, ""activity_sector_excess_return_5d"": -1.8270934023111836, ""activity_top120_count"": 1.0, ""activity_rank_improving_count"": 0.0, ""activity_volume_expansion_breadth"": 13.752488387524883, ""activity_institution_buy_breadth"": 47.72256728778468, ""activity_leader_strength"": 11.10260225217341}"
2026-06-29,PASSIVE_CONNECTOR,-1.0344734193269867,1.5090360232460132,10,1,19.444444444444446,55.88235294117647,18.808777429467092,7,3,ACTIVE,Dataset A distribution; outcome-blind,"{""activity_sector_excess_return_3d"": -1.3650675253893185, ""activity_sector_excess_return_5d"": -1.8270934023111836, ""activity_top120_count"": 1.0, ""activity_rank_improving_count"": 0.0, ""activity_volume_expansion_breadth"": 13.752488387524883, ""activity_institution_buy_breadth"": 47.72256728778468, ""activity_leader_strength"": 11.10260225217341}"
2026-06-30,PASSIVE_CONNECTOR,0.04379481524993123,2.7044037524572184,6,1,16.666666666666664,58.82352941176471,31.645569620253156,7,4,HIGH_ACTIVITY,Dataset A distribution; outcome-blind,"{""activity_sector_excess_return_3d"": -1.3650675253893185, ""activity_sector_excess_return_5d"": -1.8270934023111836, ""activity_top120_count"": 1.0, ""activity_rank_improving_count"": 0.0, ""activity_volume_expansion_breadth"": 13.752488387524883, ""activity_institution_buy_breadth"": 47.72256728778468, ""activity_leader_strength"": 11.10260225217341}"
2026-07-01,PASSIVE_CONNECTOR,-2.8434804775886002,-0.9689798764449309,8,2,27.77777777777778,55.88235294117647,43.710691823899374,6,4,HIGH_ACTIVITY,Dataset A distribution; outcome-blind,"{""activity_sector_excess_return_3d"": -1.3650675253893185, ""activity_sector_excess_return_5d"": -1.8270934023111836, ""activity_top120_count"": 1.0, ""activity_rank_improving_count"": 0.0, ""activity_volume_expansion_breadth"": 13.752488387524883, ""activity_institution_buy_breadth"": 47.72256728778468, ""activity_leader_strength"": 11.10260225217341}"
2026-07-02,PASSIVE_CONNECTOR,-0.118566189406355,-0.08293489918065333,11,2,25.0,55.88235294117647,30.79178885630498,7,4,HIGH_ACTIVITY,Dataset A distribution; outcome-blind,"{""activity_sector_excess_return_3d"": -1.3650675253893185, ""activity_sector_excess_return_5d"": -1.8270934023111836, ""activity_top120_count"": 1.0, ""activity_rank_improving_count"": 0.0, ""activity_volume_expansion_breadth"": 13.752488387524883, ""activity_institution_buy_breadth"": 47.72256728778468, ""activity_leader_strength"": 11.10260225217341}"
2026-07-03,PASSIVE_CONNECTOR,0.888294836726411,0.599816764895289,8,0,25.0,47.05882352941176,42.02898550724639,6,3,ACTIVE,Dataset A distribution; outcome-blind,"{""activity_sector_excess_return_3d"": -1.3650675253893185, ""activity_sector_excess_return_5d"": -1.8270934023111836, ""activity_top120_count"": 1.0, ""activity_rank_improving_count"": 0.0, ""activity_volume_expansion_breadth"": 13.752488387524883, ""activity_institution_buy_breadth"": 47.72256728778468, ""activity_leader_strength"": 11.10260225217341}"
2026-07-06,PASSIVE_CONNECTOR,3.1343954331405577,2.750275973743266,4,1,30.555555555555557,35.294117647058826,40.89709762532983,6,6,HIGH_ACTIVITY,Dataset A distribution; outcome-blind,"{""activity_sector_excess_return_3d"": -1.3650675253893185, ""activity_sector_excess_return_5d"": -1.8270934023111836, ""activity_top120_count"": 1.0, ""activity_rank_improving_count"": 0.0, ""activity_volume_expansion_breadth"": 13.752488387524883, ""activity_institution_buy_breadth"": 47.72256728778468, ""activity_leader_strength"": 11.10260225217341}"
2026-07-07,PASSIVE_CONNECTOR,0.1531358892883805,-0.08023102656429248,10,4,36.11111111111111,55.88235294117647,19.972451790633606,7,3,ACTIVE,Dataset A distribution; outcome-blind,"{""activity_sector_excess_return_3d"": -1.3650675253893185, ""activity_sector_excess_return_5d"": -1.8270934023111836, ""activity_top120_count"": 1.0, ""activity_rank_improving_count"": 0.0, ""activity_volume_expansion_breadth"": 13.752488387524883, ""activity_institution_buy_breadth"": 47.72256728778468, ""activity_leader_strength"": 11.10260225217341}"
2026-07-08,PASSIVE_CONNECTOR,-2.3789670561474736,1.907869249527372,10,5,13.88888888888889,35.294117647058826,15.664160401002514,5,3,ACTIVE,Dataset A distribution; outcome-blind,"{""activity_sector_excess_return_3d"": -1.3650675253893185, ""activity_sector_excess_return_5d"": -1.8270934023111836, ""activity_top120_count"": 1.0, ""activity_rank_improving_count"": 0.0, ""activity_volume_expansion_breadth"": 13.752488387524883, ""activity_institution_buy_breadth"": 47.72256728778468, ""activity_leader_strength"": 11.10260225217341}"
2026-07-09,PASSIVE_CONNECTOR,-2.801680019873853,-0.7586724729396366,3,2,11.11111111111111,11.76470588235294,5.3811659192825045,3,2,ACTIVE,Dataset A distribution; outcome-blind,"{""activity_sector_excess_return_3d"": -1.3650675253893185, ""activity_sector_excess_return_5d"": -1.8270934023111836, ""activity_top120_count"": 1.0, ""activity_rank_improving_count"": 0.0, ""activity_volume_expansion_breadth"": 13.752488387524883, ""activity_institution_buy_breadth"": 47.72256728778468, ""activity_leader_strength"": 11.10260225217341}"
2026-07-13,PASSIVE_CONNECTOR,-4.150031379779717,-6.69370364987908,3,1,25.0,41.17647058823529,5.2730696798493515,3,3,ACTIVE,Dataset A distribution; outcome-blind,"{""activity_sector_excess_return_3d"": -1.3650675253893185, ""activity_sector_excess_return_5d"": -1.8270934023111836, ""activity_top120_count"": 1.0, ""activity_rank_improving_count"": 0.0, ""activity_volume_expansion_breadth"": 13.752488387524883, ""activity_institution_buy_breadth"": 47.72256728778468, ""activity_leader_strength"": 11.10260225217341}"
2026-07-14,PASSIVE_CONNECTOR,-5.396960473094603,-8.863343736322927,4,2,25.0,55.88235294117647,5.363984674329503,4,3,ACTIVE,Dataset A distribution; outcome-blind,"{""activity_sector_excess_return_3d"": -1.3650675253893185, ""activity_sector_excess_return_5d"": -1.8270934023111836, ""activity_top120_count"": 1.0, ""activity_rank_improving_count"": 0.0, ""activity_volume_expansion_breadth"": 13.752488387524883, ""activity_institution_buy_breadth"": 47.72256728778468, ""activity_leader_strength"": 11.10260225217341}"
2026-07-15,PASSIVE_CONNECTOR,-6.737613330713132,-6.764666314805113,1,1,8.333333333333332,26.47058823529412,7.751937984496116,2,1,LOW_ACTIVITY,Dataset A distribution; outcome-blind,"{""activity_sector_excess_return_3d"": -1.3650675253893185, ""activity_sector_excess_return_5d"": -1.8270934023111836, ""activity_top120_count"": 1.0, ""activity_rank_improving_count"": 0.0, ""activity_volume_expansion_breadth"": 13.752488387524883, ""activity_institution_buy_breadth"": 47.72256728778468, ""activity_leader_strength"": 11.10260225217341}"
2026-07-16,PASSIVE_CONNECTOR,-4.156260347258112,-8.592636039278512,1,0,8.333333333333332,29.411764705882355,17.092337917485256,3,0,ACTIVE,Dataset A distribution; outcome-blind,"{""activity_sector_excess_return_3d"": -1.3650675253893185, ""activity_sector_excess_return_5d"": -1.8270934023111836, ""activity_top120_count"": 1.0, ""activity_rank_improving_count"": 0.0, ""activity_volume_expansion_breadth"": 13.752488387524883, ""activity_institution_buy_breadth"": 47.72256728778468, ""activity_leader_strength"": 11.10260225217341}"
2026-07-17,PASSIVE_CONNECTOR,-3.2864596600585827,-8.074105468231174,2,1,22.22222222222222,55.88235294117647,10.412573673870341,4,2,ACTIVE,Dataset A distribution; outcome-blind,"{""activity_sector_excess_return_3d"": -1.3650675253893185, ""activity_sector_excess_return_5d"": -1.8270934023111836, ""activity_top120_count"": 1.0, ""activity_rank_improving_count"": 0.0, ""activity_volume_expansion_breadth"": 13.752488387524883, ""activity_institution_buy_breadth"": 47.72256728778468, ""activity_leader_strength"": 11.10260225217341}"
2026-07-20,PASSIVE_CONNECTOR,-4.590170853843766,-7.500011568840559,2,0,5.555555555555555,64.70588235294117,4.651162790697683,3,1,ACTIVE,Dataset A distribution; outcome-blind,"{""activity_sector_excess_return_3d"": -1.3650675253893185, ""activity_sector_excess_return_5d"": -1.8270934023111836, ""activity_top120_count"": 1.0, ""activity_rank_improving_count"": 0.0, ""activity_volume_expansion_breadth"": 13.752488387524883, ""activity_institution_buy_breadth"": 47.72256728778468, ""activity_leader_strength"": 11.10260225217341}"
2026-07-21,PASSIVE_CONNECTOR,-5.7366774503658675,-7.060680778191452,1,0,11.11111111111111,26.47058823529412,5.454545454545445,2,0,LOW_ACTIVITY,Dataset A distribution; outcome-blind,"{""activity_sector_excess_return_3d"": -1.3650675253893185, ""activity_sector_excess_return_5d"": -1.8270934023111836, ""activity_top120_count"": 1.0, ""activity_rank_improving_count"": 0.0, ""activity_volume_expansion_breadth"": 13.752488387524883, ""activity_institution_buy_breadth"": 47.72256728778468, ""activity_leader_strength"": 11.10260225217341}"
2026-07-22,PASSIVE_CONNECTOR,-4.548462281005405,-5.781265971458938,1,0,13.88888888888889,26.47058823529412,8.158508158508159,3,0,ACTIVE,Dataset A distribution; outcome-blind,"{""activity_sector_excess_return_3d"": -1.3650675253893185, ""activity_sector_excess_return_5d"": -1.8270934023111836, ""activity_top120_count"": 1.0, ""activity_rank_improving_count"": 0.0, ""activity_volume_expansion_breadth"": 13.752488387524883, ""activity_institution_buy_breadth"": 47.72256728778468, ""activity_leader_strength"": 11.10260225217341}"
2026-07-23,PASSIVE_CONNECTOR,-2.8990121214741427,-6.181976176075898,2,1,2.7777777777777777,35.294117647058826,11.307420494699638,3,1,ACTIVE,Dataset A distribution; outcome-blind,"{""activity_sector_excess_return_3d"": -1.3650675253893185, ""activity_sector_excess_return_5d"": -1.8270934023111836, ""activity_top120_count"": 1.0, ""activity_rank_improving_count"": 0.0, ""activity_volume_expansion_breadth"": 13.752488387524883, ""activity_institution_buy_breadth"": 47.72256728778468, ""activity_leader_strength"": 11.10260225217341}"
2026-07-24,PASSIVE_CONNECTOR,-0.4789259176974592,-4.957099584554003,3,0,2.7777777777777777,44.11764705882353,14.754098360655732,4,1,ACTIVE,Dataset A distribution; outcome-blind,"{""activity_sector_excess_return_3d"": -1.3650675253893185, ""activity_sector_excess_return_5d"": -1.8270934023111836, ""activity_top120_count"": 1.0, ""activity_rank_improving_count"": 0.0, ""activity_volume_expansion_breadth"": 13.752488387524883, ""activity_institution_buy_breadth"": 47.72256728778468, ""activity_leader_strength"": 11.10260225217341}"
2026-05-28,PCB_ELECTRONIC_MATERIALS,-2.264866715052738,-0.8077020256130885,1,0,37.2093023255814,23.809523809523807,27.12418300653594,5,2,ACTIVE,Dataset A distribution; outcome-blind,"{""activity_sector_excess_return_3d"": -1.3650675253893185, ""activity_sector_excess_return_5d"": -1.8270934023111836, ""activity_top120_count"": 1.0, ""activity_rank_improving_count"": 0.0, ""activity_volume_expansion_breadth"": 13.752488387524883, ""activity_institution_buy_breadth"": 47.72256728778468, ""activity_leader_strength"": 11.10260225217341}"
2026-05-29,PCB_ELECTRONIC_MATERIALS,-3.93181231194929,-3.8459525185088994,0,0,20.930232558139537,42.857142857142854,35.29411764705883,3,1,ACTIVE,Dataset A distribution; outcome-blind,"{""activity_sector_excess_return_3d"": -1.3650675253893185, ""activity_sector_excess_return_5d"": -1.8270934023111836, ""activity_top120_count"": 1.0, ""activity_rank_improving_count"": 0.0, ""activity_volume_expansion_breadth"": 13.752488387524883, ""activity_institution_buy_breadth"": 47.72256728778468, ""activity_leader_strength"": 11.10260225217341}"
2026-06-01,PCB_ELECTRONIC_MATERIALS,-2.4428110482456855,-2.6623838290882107,4,0,23.25581395348837,47.61904761904761,36.615384615384606,4,3,ACTIVE,Dataset A distribution; outcome-blind,"{""activity_sector_excess_return_3d"": -1.3650675253893185, ""activity_sector_excess_return_5d"": -1.8270934023111836, ""activity_top120_count"": 1.0, ""activity_rank_improving_count"": 0.0, ""activity_volume_expansion_breadth"": 13.752488387524883, ""activity_institution_buy_breadth"": 47.72256728778468, ""activity_leader_strength"": 11.10260225217341}"
2026-06-02,PCB_ELECTRONIC_MATERIALS,-4.750823255826719,-8.891052490265194,0,0,25.581395348837212,21.428571428571427,26.124818577648767,3,2,ACTIVE,Dataset A distribution; outcome-blind,"{""activity_sector_excess_return_3d"": -1.3650675253893185, ""activity_sector_excess_return_5d"": -1.8270934023111836, ""activity_top120_count"": 1.0, ""activity_rank_improving_count"": 0.0, ""activity_volume_expansion_breadth"": 13.752488387524883, ""activity_institution_buy_breadth"": 47.72256728778468, ""activity_leader_strength"": 11.10260225217341}"
2026-06-03,PCB_ELECTRONIC_MATERIALS,-4.612714846875965,-7.589146626463094,0,0,23.25581395348837,45.23809523809524,23.40764331210192,3,2,ACTIVE,Dataset A distribution; outcome-blind,"{""activity_sector_excess_return_3d"": -1.3650675253893185, ""activity_sector_excess_return_5d"": -1.8270934023111836, ""activity_top120_count"": 1.0, ""activity_rank_improving_count"": 0.0, ""activity_volume_expansion_breadth"": 13.752488387524883, ""activity_institution_buy_breadth"": 47.72256728778468, ""activity_leader_strength"": 11.10260225217341}"
2026-06-04,PCB_ELECTRONIC_MATERIALS,-5.482659554527025,-5.780270491144268,1,0,16.27906976744186,21.428571428571427,23.618784530386726,4,1,ACTIVE,Dataset A distribution; outcome-blind,"{""activity_sector_excess_return_3d"": -1.3650675253893185, ""activity_sector_excess_return_5d"": -1.8270934023111836, ""activity_top120_count"": 1.0, ""activity_rank_improving_count"": 0.0, ""activity_volume_expansion_breadth"": 13.752488387524883, ""activity_institution_buy_breadth"": 47.72256728778468, ""activity_leader_strength"": 11.10260225217341}"
2026-06-05,PCB_ELECTRONIC_MATERIALS,-1.5639785995867017,-5.222454107080476,1,0,6.976744186046512,30.952380952380953,21.513944223107572,3,0,ACTIVE,Dataset A distribution; outcome-blind,"{""activity_sector_excess_return_3d"": -1.3650675253893185, ""activity_sector_excess_return_5d"": -1.8270934023111836, ""activity_top120_count"": 1.0, ""activity_rank_improving_count"": 0.0, ""activity_volume_expansion_breadth"": 13.752488387524883, ""activity_institution_buy_breadth"": 47.72256728778468, ""activity_leader_strength"": 11.10260225217341}"
2026-06-08,PCB_ELECTRONIC_MATERIALS,-1.4616910144062194,-5.858869810044887,0,0,6.976744186046512,42.857142857142854,10.000000000000009,1,0,LOW_ACTIVITY,Dataset A distribution; outcome-blind,"{""activity_sector_excess_return_3d"": -1.3650675253893185, ""activity_sector_excess_return_5d"": -1.8270934023111836, ""activity_top120_count"": 1.0, ""activity_rank_improving_count"": 0.0, ""activity_volume_expansion_breadth"": 13.752488387524883, ""activity_institution_buy_breadth"": 47.72256728778468, ""activity_leader_strength"": 11.10260225217341}"
2026-06-09,PCB_ELECTRONIC_MATERIALS,0.3053797387796764,-1.0154564333547444,9,1,9.30232558139535,45.23809523809524,17.25490196078432,5,2,ACTIVE,Dataset A distribution; outcome-blind,"{""activity_sector_excess_return_3d"": -1.3650675253893185, ""activity_sector_excess_return_5d"": -1.8270934023111836, ""activity_top120_count"": 1.0, ""activity_rank_improving_count"": 0.0, ""activity_volume_expansion_breadth"": 13.752488387524883, ""activity_institution_buy_breadth"": 47.72256728778468, ""activity_leader_strength"": 11.10260225217341}"
2026-06-10,PCB_ELECTRONIC_MATERIALS,-1.157441429105221,-1.7680451018553542,3,0,13.953488372093023,42.857142857142854,11.764705882352944,6,1,ACTIVE,Dataset A distribution; outcome-blind,"{""activity_sector_excess_return_3d"": -1.3650675253893185, ""activity_sector_excess_return_5d"": -1.8270934023111836, ""activity_top120_count"": 1.0, ""activity_rank_improving_count"": 0.0, ""activity_volume_expansion_breadth"": 13.752488387524883, ""activity_institution_buy_breadth"": 47.72256728778468, ""activity_leader_strength"": 11.10260225217341}"
2026-06-11,PCB_ELECTRONIC_MATERIALS,-0.8007252454566904,-2.2996430303822146,10,1,6.976744186046512,52.38095238095239,10.027100271002709,4,2,ACTIVE,Dataset A distribution; outcome-blind,"{""activity_sector_excess_return_3d"": -1.3650675253893185, ""activity_sector_excess_return_5d"": -1.8270934023111836, ""activity_top120_count"": 1.0, ""activity_rank_improving_count"": 0.0, ""activity_volume_expansion_breadth"": 13.752488387524883, ""activity_institution_buy_breadth"": 47.72256728778468, ""activity_leader_strength"": 11.10260225217341}"
2026-06-12,PCB_ELECTRONIC_MATERIALS,-2.635108710308176,-0.8291210290032547,4,1,11.627906976744185,52.38095238095239,20.270270270270263,5,2,ACTIVE,Dataset A distribution; outcome-blind,"{""activity_sector_excess_return_3d"": -1.3650675253893185, ""activity_sector_excess_return_5d"": -1.8270934023111836, ""activity_top120_count"": 1.0, ""activity_rank_improving_count"": 0.0, ""activity_volume_expansion_breadth"": 13.752488387524883, ""activity_institution_buy_breadth"": 47.72256728778468, ""activity_leader_strength"": 11.10260225217341}"
2026-06-15,PCB_ELECTRONIC_MATERIALS,-0.00878543477400573,-0.1875608102899884,9,0,18.6046511627907,61.904761904761905,38.71951219512195,7,3,ACTIVE,Dataset A distribution; outcome-blind,"{""activity_sector_excess_return_3d"": -1.3650675253893185, ""activity_sector_excess_return_5d"": -1.8270934023111836, ""activity_top120_count"": 1.0, ""activity_rank_improving_count"": 0.0, ""activity_volume_expansion_breadth"": 13.752488387524883, ""activity_institution_buy_breadth"": 47.72256728778468, ""activity_leader_strength"": 11.10260225217341}"
2026-06-16,PCB_ELECTRONIC_MATERIALS,-2.3283772709509654,-3.137897712173554,5,3,18.6046511627907,47.61904761904761,47.928994082840234,4,3,ACTIVE,Dataset A distribution; outcome-blind,"{""activity_sector_excess_return_3d"": -1.3650675253893185, ""activity_sector_excess_return_5d"": -1.8270934023111836, ""activity_top120_count"": 1.0, ""activity_rank_improving_count"": 0.0, ""activity_volume_expansion_breadth"": 13.752488387524883, ""activity_institution_buy_breadth"": 47.72256728778468, ""activity_leader_strength"": 11.10260225217341}"
2026-06-17,PCB_ELECTRONIC_MATERIALS,-0.07987563920406338,-0.6704338080675942,19,4,18.6046511627907,61.904761904761905,37.95013850415512,7,4,HIGH_ACTIVITY,Dataset A distribution; outcome-blind,"{""activity_sector_excess_return_3d"": -1.3650675253893185, ""activity_sector_excess_return_5d"": -1.8270934023111836, ""activity_top120_count"": 1.0, ""activity_rank_improving_count"": 0.0, ""activity_volume_expansion_breadth"": 13.752488387524883, ""activity_institution_buy_breadth"": 47.72256728778468, ""activity_leader_strength"": 11.10260225217341}"
2026-06-18,PCB_ELECTRONIC_MATERIALS,0.2984736833473445,1.5548164248274654,11,9,13.953488372093023,59.523809523809526,45.092838196286465,7,5,HIGH_ACTIVITY,Dataset A distribution; outcome-blind,"{""activity_sector_excess_return_3d"": -1.3650675253893185, ""activity_sector_excess_return_5d"": -1.8270934023111836, ""activity_top120_count"": 1.0, ""activity_rank_improving_count"": 0.0, ""activity_volume_expansion_breadth"": 13.752488387524883, ""activity_institution_buy_breadth"": 47.72256728778468, ""activity_leader_strength"": 11.10260225217341}"
2026-06-22,PCB_ELECTRONIC_MATERIALS,1.4994267035455477,0.43895508723308474,10,8,39.53488372093023,50.0,44.87179487179487,7,5,HIGH_ACTIVITY,Dataset A distribution; outcome-blind,"{""activity_sector_excess_return_3d"": -1.3650675253893185, ""activity_sector_excess_return_5d"": -1.8270934023111836, ""activity_top120_count"": 1.0, ""activity_rank_improving_count"": 0.0, ""activity_volume_expansion_breadth"": 13.752488387524883, ""activity_institution_buy_breadth"": 47.72256728778468, ""activity_leader_strength"": 11.10260225217341}"
2026-06-23,PCB_ELECTRONIC_MATERIALS,-1.9541171870565588,-3.0583594308785766,7,4,34.883720930232556,21.428571428571427,26.822157434402328,4,4,HIGH_ACTIVITY,Dataset A distribution; outcome-blind,"{""activity_sector_excess_return_3d"": -1.3650675253893185, ""activity_sector_excess_return_5d"": -1.8270934023111836, ""activity_top120_count"": 1.0, ""activity_rank_improving_count"": 0.0, ""activity_volume_expansion_breadth"": 13.752488387524883, ""activity_institution_buy_breadth"": 47.72256728778468, ""activity_leader_strength"": 11.10260225217341}"
2026-06-24,PCB_ELECTRONIC_MATERIALS,-0.59035014004436,2.099824726404065,5,3,13.953488372093023,38.095238095238095,29.70588235294118,6,4,HIGH_ACTIVITY,Dataset A distribution; outcome-blind,"{""activity_sector_excess_return_3d"": -1.3650675253893185, ""activity_sector_excess_return_5d"": -1.8270934023111836, ""activity_top120_count"": 1.0, ""activity_rank_improving_count"": 0.0, ""activity_volume_expansion_breadth"": 13.752488387524883, ""activity_institution_buy_breadth"": 47.72256728778468, ""activity_leader_strength"": 11.10260225217341}"
2026-06-25,PCB_ELECTRONIC_MATERIALS,-1.569503307633124,-0.3907514792942379,11,9,20.930232558139537,35.714285714285715,27.81456953642385,5,3,ACTIVE,Dataset A distribution; outcome-blind,"{""activity_sector_excess_return_3d"": -1.3650675253893185, ""activity_sector_excess_return_5d"": -1.8270934023111836, ""activity_top120_count"": 1.0, ""activity_rank_improving_count"": 0.0, ""activity_volume_expansion_breadth"": 13.752488387524883, ""activity_institution_buy_breadth"": 47.72256728778468, ""activity_leader_strength"": 11.10260225217341}"
2026-06-26,PCB_ELECTRONIC_MATERIALS,-0.059762540558827126,-1.7909581590153438,10,4,23.25581395348837,42.857142857142854,28.718535469107543,6,4,HIGH_ACTIVITY,Dataset A distribution; outcome-blind,"{""activity_sector_excess_return_3d"": -1.3650675253893185, ""activity_sector_excess_return_5d"": -1.8270934023111836, ""activity_top120_count"": 1.0, ""activity_rank_improving_count"": 0.0, ""activity_volume_expansion_breadth"": 13.752488387524883, ""activity_institution_buy_breadth"": 47.72256728778468, ""activity_leader_strength"": 11.10260225217341}"
2026-06-29,PCB_ELECTRONIC_MATERIALS,-1.7120152959391954,-2.9652525029575276,14,3,9.30232558139535,52.38095238095239,25.0,4,3,ACTIVE,Dataset A distribution; outcome-blind,"{""activity_sector_excess_return_3d"": -1.3650675253893185, ""activity_sector_excess_return_5d"": -1.8270934023111836, ""activity_top120_count"": 1.0, ""activity_rank_improving_count"": 0.0, ""activity_volume_expansion_breadth"": 13.752488387524883, ""activity_institution_buy_breadth"": 47.72256728778468, ""activity_leader_strength"": 11.10260225217341}"
2026-06-30,PCB_ELECTRONIC_MATERIALS,-0.26309696939460503,1.3094396864833935,10,7,18.6046511627907,54.761904761904766,31.850533807829184,7,4,HIGH_ACTIVITY,Dataset A distribution; outcome-blind,"{""activity_sector_excess_return_3d"": -1.3650675253893185, ""activity_sector_excess_return_5d"": -1.8270934023111836, ""activity_top120_count"": 1.0, ""activity_rank_improving_count"": 0.0, ""activity_volume_expansion_breadth"": 13.752488387524883, ""activity_institution_buy_breadth"": 47.72256728778468, ""activity_leader_strength"": 11.10260225217341}"
2026-07-01,PCB_ELECTRONIC_MATERIALS,-2.0373018910460505,-2.858050134215462,10,6,32.55813953488372,40.476190476190474,47.5609756097561,4,4,HIGH_ACTIVITY,Dataset A distribution; outcome-blind,"{""activity_sector_excess_return_3d"": -1.3650675253893185, ""activity_sector_excess_return_5d"": -1.8270934023111836, ""activity_top120_count"": 1.0, ""activity_rank_improving_count"": 0.0, ""activity_volume_expansion_breadth"": 13.752488387524883, ""activity_institution_buy_breadth"": 47.72256728778468, ""activity_leader_strength"": 11.10260225217341}"
2026-07-02,PCB_ELECTRONIC_MATERIALS,0.33897433208764927,-1.7214127004491653,5,3,27.906976744186046,50.0,45.82338902147971,7,4,HIGH_ACTIVITY,Dataset A distribution; outcome-blind,"{""activity_sector_excess_return_3d"": -1.3650675253893185, ""activity_sector_excess_return_5d"": -1.8270934023111836, ""activity_top120_count"": 1.0, ""activity_rank_improving_count"": 0.0, ""activity_volume_expansion_breadth"": 13.752488387524883, ""activity_institution_buy_breadth"": 47.72256728778468, ""activity_leader_strength"": 11.10260225217341}"
2026-07-03,PCB_ELECTRONIC_MATERIALS,-0.0771155917712596,0.37759454267305426,6,5,23.25581395348837,47.61904761904761,35.93919652551574,6,4,HIGH_ACTIVITY,Dataset A distribution; outcome-blind,"{""activity_sector_excess_return_3d"": -1.3650675253893185, ""activity_sector_excess_return_5d"": -1.8270934023111836, ""activity_top120_count"": 1.0, ""activity_rank_improving_count"": 0.0, ""activity_volume_expansion_breadth"": 13.752488387524883, ""activity_institution_buy_breadth"": 47.72256728778468, ""activity_leader_strength"": 11.10260225217341}"
2026-07-06,PCB_ELECTRONIC_MATERIALS,1.1700775380243167,0.7793845243800224,7,6,20.930232558139537,26.190476190476193,39.79848866498739,6,4,HIGH_ACTIVITY,Dataset A distribution; outcome-blind,"{""activity_sector_excess_return_3d"": -1.3650675253893185, ""activity_sector_excess_return_5d"": -1.8270934023111836, ""activity_top120_count"": 1.0, ""activity_rank_improving_count"": 0.0, ""activity_volume_expansion_breadth"": 13.752488387524883, ""activity_institution_buy_breadth"": 47.72256728778468, ""activity_leader_strength"": 11.10260225217341}"
2026-07-07,PCB_ELECTRONIC_MATERIALS,-3.202763530440822,-4.014417908864376,6,2,32.55813953488372,30.952380952380953,14.432989690721666,4,3,ACTIVE,Dataset A distribution; outcome-blind,"{""activity_sector_excess_return_3d"": -1.3650675253893185, ""activity_sector_excess_return_5d"": -1.8270934023111836, ""activity_top120_count"": 1.0, ""activity_rank_improving_count"": 0.0, ""activity_volume_expansion_breadth"": 13.752488387524883, ""activity_institution_buy_breadth"": 47.72256728778468, ""activity_leader_strength"": 11.10260225217341}"
2026-07-08,PCB_ELECTRONIC_MATERIALS,-3.768484401547168,-1.322008980350864,7,2,6.976744186046512,35.714285714285715,9.305555555555545,3,2,ACTIVE,Dataset A distribution; outcome-blind,"{""activity_sector_excess_return_3d"": -1.3650675253893185, ""activity_sector_excess_return_5d"": -1.8270934023111836, ""activity_top120_count"": 1.0, ""activity_rank_improving_count"": 0.0, ""activity_volume_expansion_breadth"": 13.752488387524883, ""activity_institution_buy_breadth"": 47.72256728778468, ""activity_leader_strength"": 11.10260225217341}"
2026-07-09,PCB_ELECTRONIC_MATERIALS,-2.525040224270148,-3.3933769347156417,6,1,11.627906976744185,19.047619047619047,7.3919107391910766,2,2,LOW_ACTIVITY,Dataset A distribution; outcome-blind,"{""activity_sector_excess_return_3d"": -1.3650675253893185, ""activity_sector_excess_return_5d"": -1.8270934023111836, ""activity_top120_count"": 1.0, ""activity_rank_improving_count"": 0.0, ""activity_volume_expansion_breadth"": 13.752488387524883, ""activity_institution_buy_breadth"": 47.72256728778468, ""activity_leader_strength"": 11.10260225217341}"
2026-07-13,PCB_ELECTRONIC_MATERIALS,-3.3933274559545756,-5.46423682041226,9,1,16.27906976744186,35.714285714285715,11.920529801324498,4,2,ACTIVE,Dataset A distribution; outcome-blind,"{""activity_sector_excess_return_3d"": -1.3650675253893185, ""activity_sector_excess_return_5d"": -1.8270934023111836, ""activity_top120_count"": 1.0, ""activity_rank_improving_count"": 0.0, ""activity_volume_expansion_breadth"": 13.752488387524883, ""activity_institution_buy_breadth"": 47.72256728778468, ""activity_leader_strength"": 11.10260225217341}"
2026-07-14,PCB_ELECTRONIC_MATERIALS,-3.6296801343856933,-7.2052240782032655,7,1,25.581395348837212,47.61904761904761,24.080267558528433,4,4,HIGH_ACTIVITY,Dataset A distribution; outcome-blind,"{""activity_sector_excess_return_3d"": -1.3650675253893185, ""activity_sector_excess_return_5d"": -1.8270934023111836, ""activity_top120_count"": 1.0, ""activity_rank_improving_count"": 0.0, ""activity_volume_expansion_breadth"": 13.752488387524883, ""activity_institution_buy_breadth"": 47.72256728778468, ""activity_leader_strength"": 11.10260225217341}"
2026-07-15,PCB_ELECTRONIC_MATERIALS,-3.7272298351932687,-4.501941477453408,1,0,9.30232558139535,38.095238095238095,37.37864077669904,3,1,ACTIVE,Dataset A distribution; outcome-blind,"{""activity_sector_excess_return_3d"": -1.3650675253893185, ""activity_sector_excess_return_5d"": -1.8270934023111836, ""activity_top120_count"": 1.0, ""activity_rank_improving_count"": 0.0, ""activity_volume_expansion_breadth"": 13.752488387524883, ""activity_institution_buy_breadth"": 47.72256728778468, ""activity_leader_strength"": 11.10260225217341}"
2026-07-16,PCB_ELECTRONIC_MATERIALS,-3.859722498158691,-6.275878722521188,3,2,6.976744186046512,40.476190476190474,42.50000000000001,3,3,ACTIVE,Dataset A distribution; outcome-blind,"{""activity_sector_excess_return_3d"": -1.3650675253893185, ""activity_sector_excess_return_5d"": -1.8270934023111836, ""activity_top120_count"": 1.0, ""activity_rank_improving_count"": 0.0, ""activity_volume_expansion_breadth"": 13.752488387524883, ""activity_institution_buy_breadth"": 47.72256728778468, ""activity_leader_strength"": 11.10260225217341}"
2026-07-17,PCB_ELECTRONIC_MATERIALS,-3.4313242117028127,-6.332448246697798,3,0,18.6046511627907,42.857142857142854,25.0,4,2,ACTIVE,Dataset A distribution; outcome-blind,"{""activity_sector_excess_return_3d"": -1.3650675253893185, ""activity_sector_excess_return_5d"": -1.8270934023111836, ""activity_top120_count"": 1.0, ""activity_rank_improving_count"": 0.0, ""activity_volume_expansion_breadth"": 13.752488387524883, ""activity_institution_buy_breadth"": 47.72256728778468, ""activity_leader_strength"": 11.10260225217341}"
2026-07-20,PCB_ELECTRONIC_MATERIALS,-5.326466929603246,-6.793462129492944,2,2,16.27906976744186,57.14285714285714,14.201183431952668,5,1,ACTIVE,Dataset A distribution; outcome-blind,"{""activity_sector_excess_return_3d"": -1.3650675253893185, ""activity_sector_excess_return_5d"": -1.8270934023111836, ""activity_top120_count"": 1.0, ""activity_rank_improving_count"": 0.0, ""activity_volume_expansion_breadth"": 13.752488387524883, ""activity_institution_buy_breadth"": 47.72256728778468, ""activity_leader_strength"": 11.10260225217341}"
2026-07-21,PCB_ELECTRONIC_MATERIALS,-5.321626466594498,-5.704358939110998,2,0,6.976744186046512,30.952380952380953,14.28571428571428,3,0,ACTIVE,Dataset A distribution; outcome-blind,"{""activity_sector_excess_return_3d"": -1.3650675253893185, ""activity_sector_excess_return_5d"": -1.8270934023111836, ""activity_top120_count"": 1.0, ""activity_rank_improving_count"": 0.0, ""activity_volume_expansion_breadth"": 13.752488387524883, ""activity_institution_buy_breadth"": 47.72256728778468, ""activity_leader_strength"": 11.10260225217341}"
2026-07-22,PCB_ELECTRONIC_MATERIALS,-3.6467148161997365,-6.52677908696745,3,0,9.30232558139535,21.428571428571427,28.37465564738293,3,2,ACTIVE,Dataset A distribution; outcome-blind,"{""activity_sector_excess_return_3d"": -1.3650675253893185, ""activity_sector_excess_return_5d"": -1.8270934023111836, ""activity_top120_count"": 1.0, ""activity_rank_improving_count"": 0.0, ""activity_volume_expansion_breadth"": 13.752488387524883, ""activity_institution_buy_breadth"": 47.72256728778468, ""activity_leader_strength"": 11.10260225217341}"
2026-07-23,PCB_ELECTRONIC_MATERIALS,-2.5521522023401966,-5.1997400214259475,2,0,9.30232558139535,38.095238095238095,28.320802005012524,3,1,ACTIVE,Dataset A distribution; outcome-blind,"{""activity_sector_excess_return_3d"": -1.3650675253893185, ""activity_sector_excess_return_5d"": -1.8270934023111836, ""activity_top120_count"": 1.0, ""activity_rank_improving_count"": 0.0, ""activity_volume_expansion_breadth"": 13.752488387524883, ""activity_institution_buy_breadth"": 47.72256728778468, ""activity_leader_strength"": 11.10260225217341}"
2026-07-24,PCB_ELECTRONIC_MATERIALS,-1.4829112027986313,-5.109739994377516,2,0,4.651162790697675,11.904761904761903,24.675324675324674,3,1,ACTIVE,Dataset A distribution; outcome-blind,"{""activity_sector_excess_return_3d"": -1.3650675253893185, ""activity_sector_excess_return_5d"": -1.8270934023111836, ""activity_top120_count"": 1.0, ""activity_rank_improving_count"": 0.0, ""activity_volume_expansion_breadth"": 13.752488387524883, ""activity_institution_buy_breadth"": 47.72256728778468, ""activity_leader_strength"": 11.10260225217341}"
2026-05-28,PETROCHEMICAL,-0.13825621491339035,-5.721690185424643,0,0,42.22222222222222,51.11111111111111,11.46788990825689,5,1,ACTIVE,Dataset A distribution; outcome-blind,"{""activity_sector_excess_return_3d"": -1.3650675253893185, ""activity_sector_excess_return_5d"": -1.8270934023111836, ""activity_top120_count"": 1.0, ""activity_rank_improving_count"": 0.0, ""activity_volume_expansion_breadth"": 13.752488387524883, ""activity_institution_buy_breadth"": 47.72256728778468, ""activity_leader_strength"": 11.10260225217341}"
2026-05-29,PETROCHEMICAL,-1.94795862355015,-6.02978792332598,0,0,42.22222222222222,57.77777777777777,12.039312039312033,4,1,ACTIVE,Dataset A distribution; outcome-blind,"{""activity_sector_excess_return_3d"": -1.3650675253893185, ""activity_sector_excess_return_5d"": -1.8270934023111836, ""activity_top120_count"": 1.0, ""activity_rank_improving_count"": 0.0, ""activity_volume_expansion_breadth"": 13.752488387524883, ""activity_institution_buy_breadth"": 47.72256728778468, ""activity_leader_strength"": 11.10260225217341}"
2026-06-01,PETROCHEMICAL,0.6719430501149759,-1.6904647828331676,0,0,55.55555555555556,80.0,19.6885428253615,6,2,ACTIVE,Dataset A distribution; outcome-blind,"{""activity_sector_excess_return_3d"": -1.3650675253893185, ""activity_sector_excess_return_5d"": -1.8270934023111836, ""activity_top120_count"": 1.0, ""activity_rank_improving_count"": 0.0, ""activity_volume_expansion_breadth"": 13.752488387524883, ""activity_institution_buy_breadth"": 47.72256728778468, ""activity_leader_strength"": 11.10260225217341}"
2026-06-02,PETROCHEMICAL,-1.9901122060791199,-1.1472769773025915,0,0,46.666666666666664,46.666666666666664,31.188118811881193,4,2,ACTIVE,Dataset A distribution; outcome-blind,"{""activity_sector_excess_return_3d"": -1.3650675253893185, ""activity_sector_excess_return_5d"": -1.8270934023111836, ""activity_top120_count"": 1.0, ""activity_rank_improving_count"": 0.0, ""activity_volume_expansion_breadth"": 13.752488387524883, ""activity_institution_buy_breadth"": 47.72256728778468, ""activity_leader_strength"": 11.10260225217341}"
2026-06-03,PETROCHEMICAL,1.5865985518005887,0.9060329180388127,1,1,68.88888888888889,62.22222222222222,45.79158316633267,7,5,HIGH_ACTIVITY,Dataset A distribution; outcome-blind,"{""activity_sector_excess_return_3d"": -1.3650675253893185, ""activity_sector_excess_return_5d"": -1.8270934023111836, ""activity_top120_count"": 1.0, ""activity_rank_improving_count"": 0.0, ""activity_volume_expansion_breadth"": 13.752488387524883, ""activity_institution_buy_breadth"": 47.72256728778468, ""activity_leader_strength"": 11.10260225217341}"
2026-06-04,PETROCHEMICAL,2.1814711865268066,0.9349155832854894,1,1,60.0,57.77777777777777,29.680365296803647,7,4,HIGH_ACTIVITY,Dataset A distribution; outcome-blind,"{""activity_sector_excess_return_3d"": -1.3650675253893185, ""activity_sector_excess_return_5d"": -1.8270934023111836, ""activity_top120_count"": 1.0, ""activity_rank_improving_count"": 0.0, ""activity_volume_expansion_breadth"": 13.752488387524883, ""activity_institution_buy_breadth"": 47.72256728778468, ""activity_leader_strength"": 11.10260225217341}"
2026-06-05,PETROCHEMICAL,2.212638515720655,3.3845320710799376,2,1,24.444444444444443,55.55555555555556,26.87224669603525,7,5,HIGH_ACTIVITY,Dataset A distribution; outcome-blind,"{""activity_sector_excess_return_3d"": -1.3650675253893185, ""activity_sector_excess_return_5d"": -1.8270934023111836, ""activity_top120_count"": 1.0, ""activity_rank_improving_count"": 0.0, ""activity_volume_expansion_breadth"": 13.752488387524883, ""activity_institution_buy_breadth"": 47.72256728778468, ""activity_leader_strength"": 11.10260225217341}"
2026-06-08,PETROCHEMICAL,3.7298351017169047,3.526964082928063,0,0,26.666666666666668,53.333333333333336,28.950050968399598,6,4,HIGH_ACTIVITY,Dataset A distribution; outcome-blind,"{""activity_sector_excess_return_3d"": -1.3650675253893185, ""activity_sector_excess_return_5d"": -1.8270934023111836, ""activity_top120_count"": 1.0, ""activity_rank_improving_count"": 0.0, ""activity_volume_expansion_breadth"": 13.752488387524883, ""activity_institution_buy_breadth"": 47.72256728778468, ""activity_leader_strength"": 11.10260225217341}"
2026-06-09,PETROCHEMICAL,-0.4956233118999398,1.87208156056623,0,0,17.77777777777778,26.666666666666668,39.000000000000014,5,2,ACTIVE,Dataset A distribution; outcome-blind,"{""activity_sector_excess_return_3d"": -1.3650675253893185, ""activity_sector_excess_return_5d"": -1.8270934023111836, ""activity_top120_count"": 1.0, ""activity_rank_improving_count"": 0.0, ""activity_volume_expansion_breadth"": 13.752488387524883, ""activity_institution_buy_breadth"": 47.72256728778468, ""activity_leader_strength"": 11.10260225217341}"
2026-06-10,PETROCHEMICAL,1.2906959230198805,3.8593592554683864,1,0,22.22222222222222,60.0,27.01612903225805,7,5,HIGH_ACTIVITY,Dataset A distribution; outcome-blind,"{""activity_sector_excess_return_3d"": -1.3650675253893185, ""activity_sector_excess_return_5d"": -1.8270934023111836, ""activity_top120_count"": 1.0, ""activity_rank_improving_count"": 0.0, ""activity_volume_expansion_breadth"": 13.752488387524883, ""activity_institution_buy_breadth"": 47.72256728778468, ""activity_leader_strength"": 11.10260225217341}"
2026-06-11,PETROCHEMICAL,1.2014303734189546,2.3615918313185102,2,0,17.77777777777778,44.44444444444444,19.00826446280992,6,2,ACTIVE,Dataset A distribution; outcome-blind,"{""activity_sector_excess_return_3d"": -1.3650675253893185, ""activity_sector_excess_return_5d"": -1.8270934023111836, ""activity_top120_count"": 1.0, ""activity_rank_improving_count"": 0.0, ""activity_volume_expansion_breadth"": 13.752488387524883, ""activity_institution_buy_breadth"": 47.72256728778468, ""activity_leader_strength"": 11.10260225217341}"
2026-06-12,PETROCHEMICAL,2.321239408550224,0.5570243289424015,2,0,20.0,82.22222222222221,32.17391304347825,7,3,ACTIVE,Dataset A distribution; outcome-blind,"{""activity_sector_excess_return_3d"": -1.3650675253893185, ""activity_sector_excess_return_5d"": -1.8270934023111836, ""activity_top120_count"": 1.0, ""activity_rank_improving_count"": 0.0, ""activity_volume_expansion_breadth"": 13.752488387524883, ""activity_institution_buy_breadth"": 47.72256728778468, ""activity_leader_strength"": 11.10260225217341}"
2026-06-15,PETROCHEMICAL,-3.581227005003207,-2.6246851234514645,2,0,20.0,51.11111111111111,32.01581027667984,5,1,ACTIVE,Dataset A distribution; outcome-blind,"{""activity_sector_excess_return_3d"": -1.3650675253893185, ""activity_sector_excess_return_5d"": -1.8270934023111836, ""activity_top120_count"": 1.0, ""activity_rank_improving_count"": 0.0, ""activity_volume_expansion_breadth"": 13.752488387524883, ""activity_institution_buy_breadth"": 47.72256728778468, ""activity_leader_strength"": 11.10260225217341}"
2026-06-16,PETROCHEMICAL,-5.333625975024803,-1.7249623887904741,2,2,8.88888888888889,53.333333333333336,29.136690647482013,5,2,ACTIVE,Dataset A distribution; outcome-blind,"{""activity_sector_excess_return_3d"": -1.3650675253893185, ""activity_sector_excess_return_5d"": -1.8270934023111836, ""activity_top120_count"": 1.0, ""activity_rank_improving_count"": 0.0, ""activity_volume_expansion_breadth"": 13.752488387524883, ""activity_institution_buy_breadth"": 47.72256728778468, ""activity_leader_strength"": 11.10260225217341}"
2026-06-17,PETROCHEMICAL,-4.097639484554117,-4.777448619036129,2,0,11.11111111111111,55.55555555555556,46.94656488549618,4,1,ACTIVE,Dataset A distribution; outcome-blind,"{""activity_sector_excess_return_3d"": -1.3650675253893185, ""activity_sector_excess_return_5d"": -1.8270934023111836, ""activity_top120_count"": 1.0, ""activity_rank_improving_count"": 0.0, ""activity_volume_expansion_breadth"": 13.752488387524883, ""activity_institution_buy_breadth"": 47.72256728778468, ""activity_leader_strength"": 11.10260225217341}"
2026-06-18,PETROCHEMICAL,-1.9778069465918202,-5.626700841230869,2,0,20.0,57.77777777777777,41.31944444444444,5,1,ACTIVE,Dataset A distribution; outcome-blind,"{""activity_sector_excess_return_3d"": -1.3650675253893185, ""activity_sector_excess_return_5d"": -1.8270934023111836, ""activity_top120_count"": 1.0, ""activity_rank_improving_count"": 0.0, ""activity_volume_expansion_breadth"": 13.752488387524883, ""activity_institution_buy_breadth"": 47.72256728778468, ""activity_leader_strength"": 11.10260225217341}"
2026-06-22,PETROCHEMICAL,-2.6402836295047027,-7.467058683290295,3,2,26.666666666666668,55.55555555555556,27.202472952086552,5,4,HIGH_ACTIVITY,Dataset A distribution; outcome-blind,"{""activity_sector_excess_return_3d"": -1.3650675253893185, ""activity_sector_excess_return_5d"": -1.8270934023111836, ""activity_top120_count"": 1.0, ""activity_rank_improving_count"": 0.0, ""activity_volume_expansion_breadth"": 13.752488387524883, ""activity_institution_buy_breadth"": 47.72256728778468, ""activity_leader_strength"": 11.10260225217341}"
2026-06-23,PETROCHEMICAL,-3.1078690030600264,-4.198734756036515,2,1,20.0,28.888888888888886,15.14792899408286,4,1,ACTIVE,Dataset A distribution; outcome-blind,"{""activity_sector_excess_return_3d"": -1.3650675253893185, ""activity_sector_excess_return_5d"": -1.8270934023111836, ""activity_top120_count"": 1.0, ""activity_rank_improving_count"": 0.0, ""activity_volume_expansion_breadth"": 13.752488387524883, ""activity_institution_buy_breadth"": 47.72256728778468, ""activity_leader_strength"": 11.10260225217341}"
2026-06-24,PETROCHEMICAL,1.1426398301372709,0.526352733753721,5,2,13.333333333333334,75.55555555555556,16.823529411764703,6,4,HIGH_ACTIVITY,Dataset A distribution; outcome-blind,"{""activity_sector_excess_return_3d"": -1.3650675253893185, ""activity_sector_excess_return_5d"": -1.8270934023111836, ""activity_top120_count"": 1.0, ""activity_rank_improving_count"": 0.0, ""activity_volume_expansion_breadth"": 13.752488387524883, ""activity_institution_buy_breadth"": 47.72256728778468, ""activity_leader_strength"": 11.10260225217341}"
2026-06-25,PETROCHEMICAL,2.3526626870729705,-1.0264916687869552,14,1,11.11111111111111,42.22222222222222,15.958668197474157,5,3,ACTIVE,Dataset A distribution; outcome-blind,"{""activity_sector_excess_return_3d"": -1.3650675253893185, ""activity_sector_excess_return_5d"": -1.8270934023111836, ""activity_top120_count"": 1.0, ""activity_rank_improving_count"": 0.0, ""activity_volume_expansion_breadth"": 13.752488387524883, ""activity_institution_buy_breadth"": 47.72256728778468, ""activity_leader_strength"": 11.10260225217341}"
2026-06-26,PETROCHEMICAL,4.455877100688777,2.0410653236094034,9,1,13.333333333333334,37.77777777777778,7.0194384449244085,4,4,HIGH_ACTIVITY,Dataset A distribution; outcome-blind,"{""activity_sector_excess_return_3d"": -1.3650675253893185, ""activity_sector_excess_return_5d"": -1.8270934023111836, ""activity_top120_count"": 1.0, ""activity_rank_improving_count"": 0.0, ""activity_volume_expansion_breadth"": 13.752488387524883, ""activity_institution_buy_breadth"": 47.72256728778468, ""activity_leader_strength"": 11.10260225217341}"
2026-06-29,PETROCHEMICAL,0.6327776168050248,3.8907608137299428,12,2,4.444444444444445,57.77777777777777,3.750000000000009,5,3,ACTIVE,Dataset A distribution; outcome-blind,"{""activity_sector_excess_return_3d"": -1.3650675253893185, ""activity_sector_excess_return_5d"": -1.8270934023111836, ""activity_top120_count"": 1.0, ""activity_rank_improving_count"": 0.0, ""activity_volume_expansion_breadth"": 13.752488387524883, ""activity_institution_buy_breadth"": 47.72256728778468, ""activity_leader_strength"": 11.10260225217341}"
2026-06-30,PETROCHEMICAL,-0.20579302135018684,2.5261041221028124,7,4,13.333333333333334,48.888888888888886,10.084033613445364,5,3,ACTIVE,Dataset A distribution; outcome-blind,"{""activity_sector_excess_return_3d"": -1.3650675253893185, ""activity_sector_excess_return_5d"": -1.8270934023111836, ""activity_top120_count"": 1.0, ""activity_rank_improving_count"": 0.0, ""activity_volume_expansion_breadth"": 13.752488387524883, ""activity_institution_buy_breadth"": 47.72256728778468, ""activity_leader_strength"": 11.10260225217341}"
2026-07-01,PETROCHEMICAL,-4.112586545212493,-2.8536992814483186,1,0,22.22222222222222,60.0,8.920187793427225,4,2,ACTIVE,Dataset A distribution; outcome-blind,"{""activity_sector_excess_return_3d"": -1.3650675253893185, ""activity_sector_excess_return_5d"": -1.8270934023111836, ""activity_top120_count"": 1.0, ""activity_rank_improving_count"": 0.0, ""activity_volume_expansion_breadth"": 13.752488387524883, ""activity_institution_buy_breadth"": 47.72256728778468, ""activity_leader_strength"": 11.10260225217341}"
2026-07-02,PETROCHEMICAL,-0.8528861330286297,0.3853468191010512,10,6,24.444444444444443,75.55555555555556,11.89189189189188,7,4,HIGH_ACTIVITY,Dataset A distribution; outcome-blind,"{""activity_sector_excess_return_3d"": -1.3650675253893185, ""activity_sector_excess_return_5d"": -1.8270934023111836, ""activity_top120_count"": 1.0, ""activity_rank_improving_count"": 0.0, ""activity_volume_expansion_breadth"": 13.752488387524883, ""activity_institution_buy_breadth"": 47.72256728778468, ""activity_leader_strength"": 11.10260225217341}"
2026-07-03,PETROCHEMICAL,3.3326686447366027,2.447316438481928,13,8,62.22222222222222,75.55555555555556,25.461254612546114,7,7,HIGH_ACTIVITY,Dataset A distribution; outcome-blind,"{""activity_sector_excess_return_3d"": -1.3650675253893185, ""activity_sector_excess_return_5d"": -1.8270934023111836, ""activity_top120_count"": 1.0, ""activity_rank_improving_count"": 0.0, ""activity_volume_expansion_breadth"": 13.752488387524883, ""activity_institution_buy_breadth"": 47.72256728778468, ""activity_leader_strength"": 11.10260225217341}"
2026-07-06,PETROCHEMICAL,6.389263204137374,3.023884267635535,17,0,57.77777777777777,51.11111111111111,25.757575757575758,7,5,HIGH_ACTIVITY,Dataset A distribution; outcome-blind,"{""activity_sector_excess_return_3d"": -1.3650675253893185, ""activity_sector_excess_return_5d"": -1.8270934023111836, ""activity_top120_count"": 1.0, ""activity_rank_improving_count"": 0.0, ""activity_volume_expansion_breadth"": 13.752488387524883, ""activity_institution_buy_breadth"": 47.72256728778468, ""activity_leader_strength"": 11.10260225217341}"
2026-07-07,PETROCHEMICAL,3.257631233525371,3.591281697255677,1,0,22.22222222222222,33.33333333333333,19.082125603864732,6,3,ACTIVE,Dataset A distribution; outcome-blind,"{""activity_sector_excess_return_3d"": -1.3650675253893185, ""activity_sector_excess_return_5d"": -1.8270934023111836, ""activity_top120_count"": 1.0, ""activity_rank_improving_count"": 0.0, ""activity_volume_expansion_breadth"": 13.752488387524883, ""activity_institution_buy_breadth"": 47.72256728778468, ""activity_leader_strength"": 11.10260225217341}"
2026-07-08,PETROCHEMICAL,-0.61332337340535,4.178990411323769,1,0,20.0,17.77777777777778,15.533980582524265,6,1,ACTIVE,Dataset A distribution; outcome-blind,"{""activity_sector_excess_return_3d"": -1.3650675253893185, ""activity_sector_excess_return_5d"": -1.8270934023111836, ""activity_top120_count"": 1.0, ""activity_rank_improving_count"": 0.0, ""activity_volume_expansion_breadth"": 13.752488387524883, ""activity_institution_buy_breadth"": 47.72256728778468, ""activity_leader_strength"": 11.10260225217341}"
2026-07-09,PETROCHEMICAL,-1.5759421498116817,2.1957068583230432,0,0,6.666666666666667,22.22222222222222,7.71028037383179,2,1,LOW_ACTIVITY,Dataset A distribution; outcome-blind,"{""activity_sector_excess_return_3d"": -1.3650675253893185, ""activity_sector_excess_return_5d"": -1.8270934023111836, ""activity_top120_count"": 1.0, ""activity_rank_improving_count"": 0.0, ""activity_volume_expansion_breadth"": 13.752488387524883, ""activity_institution_buy_breadth"": 47.72256728778468, ""activity_leader_strength"": 11.10260225217341}"
2026-07-13,PETROCHEMICAL,-1.6762660354046666,-1.6563000551728488,7,1,15.555555555555555,51.11111111111111,13.080168776371304,6,2,ACTIVE,Dataset A distribution; outcome-blind,"{""activity_sector_excess_return_3d"": -1.3650675253893185, ""activity_sector_excess_return_5d"": -1.8270934023111836, ""activity_top120_count"": 1.0, ""activity_rank_improving_count"": 0.0, ""activity_volume_expansion_breadth"": 13.752488387524883, ""activity_institution_buy_breadth"": 47.72256728778468, ""activity_leader_strength"": 11.10260225217341}"
2026-07-14,PETROCHEMICAL,0.3439347173418761,-0.27321744470409914,8,1,28.888888888888886,53.333333333333336,12.87726358148893,7,3,ACTIVE,Dataset A distribution; outcome-blind,"{""activity_sector_excess_return_3d"": -1.3650675253893185, ""activity_sector_excess_return_5d"": -1.8270934023111836, ""activity_top120_count"": 1.0, ""activity_rank_improving_count"": 0.0, ""activity_volume_expansion_breadth"": 13.752488387524883, ""activity_institution_buy_breadth"": 47.72256728778468, ""activity_leader_strength"": 11.10260225217341}"
2026-07-15,PETROCHEMICAL,0.2611956058939269,-1.0049385215159357,8,0,15.555555555555555,71.11111111111111,25.517241379310327,7,3,ACTIVE,Dataset A distribution; outcome-blind,"{""activity_sector_excess_return_3d"": -1.3650675253893185, ""activity_sector_excess_return_5d"": -1.8270934023111836, ""activity_top120_count"": 1.0, ""activity_rank_improving_count"": 0.0, ""activity_volume_expansion_breadth"": 13.752488387524883, ""activity_institution_buy_breadth"": 47.72256728778468, ""activity_leader_strength"": 11.10260225217341}"
2026-07-16,PETROCHEMICAL,0.502268981106957,0.23927279263031842,11,7,15.555555555555555,48.888888888888886,34.680134680134685,7,3,ACTIVE,Dataset A distribution; outcome-blind,"{""activity_sector_excess_return_3d"": -1.3650675253893185, ""activity_sector_excess_return_5d"": -1.8270934023111836, ""activity_top120_count"": 1.0, ""activity_rank_improving_count"": 0.0, ""activity_volume_expansion_breadth"": 13.752488387524883, ""activity_institution_buy_breadth"": 47.72256728778468, ""activity_leader_strength"": 11.10260225217341}"
2026-07-17,PETROCHEMICAL,3.282227554988215,4.187976884222954,12,8,28.888888888888886,35.55555555555556,38.26530612244898,6,6,HIGH_ACTIVITY,Dataset A distribution; outcome-blind,"{""activity_sector_excess_return_3d"": -1.3650675253893185, ""activity_sector_excess_return_5d"": -1.8270934023111836, ""activity_top120_count"": 1.0, ""activity_rank_improving_count"": 0.0, ""activity_volume_expansion_breadth"": 13.752488387524883, ""activity_institution_buy_breadth"": 47.72256728778468, ""activity_leader_strength"": 11.10260225217341}"
2026-07-20,PETROCHEMICAL,3.306168674165722,4.265299147516305,13,8,15.555555555555555,55.55555555555556,23.137876386687807,7,5,HIGH_ACTIVITY,Dataset A distribution; outcome-blind,"{""activity_sector_excess_return_3d"": -1.3650675253893185, ""activity_sector_excess_return_5d"": -1.8270934023111836, ""activity_top120_count"": 1.0, ""activity_rank_improving_count"": 0.0, ""activity_volume_expansion_breadth"": 13.752488387524883, ""activity_institution_buy_breadth"": 47.72256728778468, ""activity_leader_strength"": 11.10260225217341}"
2026-07-21,PETROCHEMICAL,1.5711639532435207,0.7728918802450857,15,13,17.77777777777778,64.44444444444444,29.003021148036257,7,5,HIGH_ACTIVITY,Dataset A distribution; outcome-blind,"{""activity_sector_excess_return_3d"": -1.3650675253893185, ""activity_sector_excess_return_5d"": -1.8270934023111836, ""activity_top120_count"": 1.0, ""activity_rank_improving_count"": 0.0, ""activity_volume_expansion_breadth"": 13.752488387524883, ""activity_institution_buy_breadth"": 47.72256728778468, ""activity_leader_strength"": 11.10260225217341}"
2026-07-22,PETROCHEMICAL,-4.5677695515765615,-0.18441144262494324,4,3,24.444444444444443,46.666666666666664,16.8956043956044,5,3,ACTIVE,Dataset A distribution; outcome-blind,"{""activity_sector_excess_return_3d"": -1.3650675253893185, ""activity_sector_excess_return_5d"": -1.8270934023111836, ""activity_top120_count"": 1.0, ""activity_rank_improving_count"": 0.0, ""activity_volume_expansion_breadth"": 13.752488387524883, ""activity_institution_buy_breadth"": 47.72256728778468, ""activity_leader_strength"": 11.10260225217341}"
2026-07-23,PETROCHEMICAL,-3.239248077109491,0.09989203985926176,7,3,26.666666666666668,26.666666666666668,16.500000000000004,5,3,ACTIVE,Dataset A distribution; outcome-blind,"{""activity_sector_excess_return_3d"": -1.3650675253893185, ""activity_sector_excess_return_5d"": -1.8270934023111836, ""activity_top120_count"": 1.0, ""activity_rank_improving_count"": 0.0, ""activity_volume_expansion_breadth"": 13.752488387524883, ""activity_institution_buy_breadth"": 47.72256728778468, ""activity_leader_strength"": 11.10260225217341}"
2026-07-24,PETROCHEMICAL,0.6168378541226593,-2.304993500310637,2,1,13.333333333333334,26.666666666666668,10.358565737051784,3,1,ACTIVE,Dataset A distribution; outcome-blind,"{""activity_sector_excess_return_3d"": -1.3650675253893185, ""activity_sector_excess_return_5d"": -1.8270934023111836, ""activity_top120_count"": 1.0, ""activity_rank_improving_count"": 0.0, ""activity_volume_expansion_breadth"": 13.752488387524883, ""activity_institution_buy_breadth"": 47.72256728778468, ""activity_leader_strength"": 11.10260225217341}"
2026-05-28,PHARMACEUTICAL,-0.9832307722449696,-8.0084466832543,3,0,12.5,47.82608695652174,8.020050125313283,4,1,ACTIVE,Dataset A distribution; outcome-blind,"{""activity_sector_excess_return_3d"": -1.3650675253893185, ""activity_sector_excess_return_5d"": -1.8270934023111836, ""activity_top120_count"": 1.0, ""activity_rank_improving_count"": 0.0, ""activity_volume_expansion_breadth"": 13.752488387524883, ""activity_institution_buy_breadth"": 47.72256728778468, ""activity_leader_strength"": 11.10260225217341}"
2026-05-29,PHARMACEUTICAL,-2.6846382977196215,-6.5831818201811165,3,0,33.33333333333333,78.26086956521739,14.814814814814813,5,3,ACTIVE,Dataset A distribution; outcome-blind,"{""activity_sector_excess_return_3d"": -1.3650675253893185, ""activity_sector_excess_return_5d"": -1.8270934023111836, ""activity_top120_count"": 1.0, ""activity_rank_improving_count"": 0.0, ""activity_volume_expansion_breadth"": 13.752488387524883, ""activity_institution_buy_breadth"": 47.72256728778468, ""activity_leader_strength"": 11.10260225217341}"
2026-06-01,PHARMACEUTICAL,-1.0969085846961657,-3.44786977823488,0,0,41.66666666666667,78.26086956521739,14.523809523809517,5,2,ACTIVE,Dataset A distribution; outcome-blind,"{""activity_sector_excess_return_3d"": -1.3650675253893185, ""activity_sector_excess_return_5d"": -1.8270934023111836, ""activity_top120_count"": 1.0, ""activity_rank_improving_count"": 0.0, ""activity_volume_expansion_breadth"": 13.752488387524883, ""activity_institution_buy_breadth"": 47.72256728778468, ""activity_leader_strength"": 11.10260225217341}"
2026-06-02,PHARMACEUTICAL,-3.035026516803041,-3.8051287722570715,0,0,20.833333333333336,52.17391304347826,14.186046511627914,4,0,ACTIVE,Dataset A distribution; outcome-blind,"{""activity_sector_excess_return_3d"": -1.3650675253893185, ""activity_sector_excess_return_5d"": -1.8270934023111836, ""activity_top120_count"": 1.0, ""activity_rank_improving_count"": 0.0, ""activity_volume_expansion_breadth"": 13.752488387524883, ""activity_institution_buy_breadth"": 47.72256728778468, ""activity_leader_strength"": 11.10260225217341}"
2026-06-03,PHARMACEUTICAL,-2.984310434141735,-3.291047373932021,0,0,16.666666666666664,60.86956521739131,15.330188679245293,4,1,ACTIVE,Dataset A distribution; outcome-blind,"{""activity_sector_excess_return_3d"": -1.3650675253893185, ""activity_sector_excess_return_5d"": -1.8270934023111836, ""activity_top120_count"": 1.0, ""activity_rank_improving_count"": 0.0, ""activity_volume_expansion_breadth"": 13.752488387524883, ""activity_institution_buy_breadth"": 47.72256728778468, ""activity_leader_strength"": 11.10260225217341}"
2026-06-04,PHARMACEUTICAL,1.0743501635572361,-1.4300909133882933,0,0,37.5,73.91304347826086,16.666666666666675,6,3,ACTIVE,Dataset A distribution; outcome-blind,"{""activity_sector_excess_return_3d"": -1.3650675253893185, ""activity_sector_excess_return_5d"": -1.8270934023111836, ""activity_top120_count"": 1.0, ""activity_rank_improving_count"": 0.0, ""activity_volume_expansion_breadth"": 13.752488387524883, ""activity_institution_buy_breadth"": 47.72256728778468, ""activity_leader_strength"": 11.10260225217341}"
2026-06-05,PHARMACEUTICAL,2.8417938961688205,1.6874014252159064,3,0,33.33333333333333,52.17391304347826,28.260869565217405,7,5,HIGH_ACTIVITY,Dataset A distribution; outcome-blind,"{""activity_sector_excess_return_3d"": -1.3650675253893185, ""activity_sector_excess_return_5d"": -1.8270934023111836, ""activity_top120_count"": 1.0, ""activity_rank_improving_count"": 0.0, ""activity_volume_expansion_breadth"": 13.752488387524883, ""activity_institution_buy_breadth"": 47.72256728778468, ""activity_leader_strength"": 11.10260225217341}"
2026-06-08,PHARMACEUTICAL,6.485197971351708,4.940529388887016,1,0,20.833333333333336,47.82608695652174,13.646532438478731,7,2,ACTIVE,Dataset A distribution; outcome-blind,"{""activity_sector_excess_return_3d"": -1.3650675253893185, ""activity_sector_excess_return_5d"": -1.8270934023111836, ""activity_top120_count"": 1.0, ""activity_rank_improving_count"": 0.0, ""activity_volume_expansion_breadth"": 13.752488387524883, ""activity_institution_buy_breadth"": 47.72256728778468, ""activity_leader_strength"": 11.10260225217341}"
2026-06-09,PHARMACEUTICAL,2.130197257027855,4.028721742178043,4,0,29.166666666666668,43.47826086956522,11.428571428571432,6,4,HIGH_ACTIVITY,Dataset A distribution; outcome-blind,"{""activity_sector_excess_return_3d"": -1.3650675253893185, ""activity_sector_excess_return_5d"": -1.8270934023111836, ""activity_top120_count"": 1.0, ""activity_rank_improving_count"": 0.0, ""activity_volume_expansion_breadth"": 13.752488387524883, ""activity_institution_buy_breadth"": 47.72256728778468, ""activity_leader_strength"": 11.10260225217341}"
2026-06-10,PHARMACEUTICAL,3.172775254601768,7.765287428332868,2,2,25.0,47.82608695652174,12.429378531073443,7,4,HIGH_ACTIVITY,Dataset A distribution; outcome-blind,"{""activity_sector_excess_return_3d"": -1.3650675253893185, ""activity_sector_excess_return_5d"": -1.8270934023111836, ""activity_top120_count"": 1.0, ""activity_rank_improving_count"": 0.0, ""activity_volume_expansion_breadth"": 13.752488387524883, ""activity_institution_buy_breadth"": 47.72256728778468, ""activity_leader_strength"": 11.10260225217341}"
2026-06-11,PHARMACEUTICAL,0.014729814480540782,3.0009263103775163,0,0,20.833333333333336,26.08695652173913,4.820936639118467,4,1,ACTIVE,Dataset A distribution; outcome-blind,"{""activity_sector_excess_return_3d"": -1.3650675253893185, ""activity_sector_excess_return_5d"": -1.8270934023111836, ""activity_top120_count"": 1.0, ""activity_rank_improving_count"": 0.0, ""activity_volume_expansion_breadth"": 13.752488387524883, ""activity_institution_buy_breadth"": 47.72256728778468, ""activity_leader_strength"": 11.10260225217341}"
2026-06-12,PHARMACEUTICAL,-0.2219144566892095,0.9935109751790683,0,0,0.0,78.26086956521739,5.114401076716013,4,1,ACTIVE,Dataset A distribution; outcome-blind,"{""activity_sector_excess_return_3d"": -1.3650675253893185, ""activity_sector_excess_return_5d"": -1.8270934023111836, ""activity_top120_count"": 1.0, ""activity_rank_improving_count"": 0.0, ""activity_volume_expansion_breadth"": 13.752488387524883, ""activity_institution_buy_breadth"": 47.72256728778468, ""activity_leader_strength"": 11.10260225217341}"
2026-06-15,PHARMACEUTICAL,-5.023534697310894,-4.070941357976476,1,0,0.0,69.56521739130434,4.859335038363177,3,1,ACTIVE,Dataset A distribution; outcome-blind,"{""activity_sector_excess_return_3d"": -1.3650675253893185, ""activity_sector_excess_return_5d"": -1.8270934023111836, ""activity_top120_count"": 1.0, ""activity_rank_improving_count"": 0.0, ""activity_volume_expansion_breadth"": 13.752488387524883, ""activity_institution_buy_breadth"": 47.72256728778468, ""activity_leader_strength"": 11.10260225217341}"
2026-06-16,PHARMACEUTICAL,-5.149500955683939,-3.7330606985037207,1,0,0.0,47.82608695652174,7.278481012658222,3,0,ACTIVE,Dataset A distribution; outcome-blind,"{""activity_sector_excess_return_3d"": -1.3650675253893185, ""activity_sector_excess_return_5d"": -1.8270934023111836, ""activity_top120_count"": 1.0, ""activity_rank_improving_count"": 0.0, ""activity_volume_expansion_breadth"": 13.752488387524883, ""activity_institution_buy_breadth"": 47.72256728778468, ""activity_leader_strength"": 11.10260225217341}"
2026-06-17,PHARMACEUTICAL,-2.5299617849423806,-5.362713910183747,3,1,4.166666666666666,56.52173913043478,12.104072398190024,4,2,ACTIVE,Dataset A distribution; outcome-blind,"{""activity_sector_excess_return_3d"": -1.3650675253893185, ""activity_sector_excess_return_5d"": -1.8270934023111836, ""activity_top120_count"": 1.0, ""activity_rank_improving_count"": 0.0, ""activity_volume_expansion_breadth"": 13.752488387524883, ""activity_institution_buy_breadth"": 47.72256728778468, ""activity_leader_strength"": 11.10260225217341}"
2026-06-18,PHARMACEUTICAL,-1.7414206730607784,-5.135294402112023,2,2,8.333333333333332,52.17391304347826,23.582766439909285,4,2,ACTIVE,Dataset A distribution; outcome-blind,"{""activity_sector_excess_return_3d"": -1.3650675253893185, ""activity_sector_excess_return_5d"": -1.8270934023111836, ""activity_top120_count"": 1.0, ""activity_rank_improving_count"": 0.0, ""activity_volume_expansion_breadth"": 13.752488387524883, ""activity_institution_buy_breadth"": 47.72256728778468, ""activity_leader_strength"": 11.10260225217341}"
2026-06-22,PHARMACEUTICAL,-3.388317381049455,-6.183414790950725,3,2,20.833333333333336,39.130434782608695,28.910463861920178,4,3,ACTIVE,Dataset A distribution; outcome-blind,"{""activity_sector_excess_return_3d"": -1.3650675253893185, ""activity_sector_excess_return_5d"": -1.8270934023111836, ""activity_top120_count"": 1.0, ""activity_rank_improving_count"": 0.0, ""activity_volume_expansion_breadth"": 13.752488387524883, ""activity_institution_buy_breadth"": 47.72256728778468, ""activity_leader_strength"": 11.10260225217341}"
2026-06-23,PHARMACEUTICAL,-2.8957256974724177,-3.3217693925643887,0,0,16.666666666666664,60.86956521739131,15.021008403361336,4,1,ACTIVE,Dataset A distribution; outcome-blind,"{""activity_sector_excess_return_3d"": -1.3650675253893185, ""activity_sector_excess_return_5d"": -1.8270934023111836, ""activity_top120_count"": 1.0, ""activity_rank_improving_count"": 0.0, ""activity_volume_expansion_breadth"": 13.752488387524883, ""activity_institution_buy_breadth"": 47.72256728778468, ""activity_leader_strength"": 11.10260225217341}"
2026-06-24,PHARMACEUTICAL,1.020467884435905,0.6360666336608922,1,1,16.666666666666664,65.21739130434783,17.053481331987896,7,3,ACTIVE,Dataset A distribution; outcome-blind,"{""activity_sector_excess_return_3d"": -1.3650675253893185, ""activity_sector_excess_return_5d"": -1.8270934023111836, ""activity_top120_count"": 1.0, ""activity_rank_improving_count"": 0.0, ""activity_volume_expansion_breadth"": 13.752488387524883, ""activity_institution_buy_breadth"": 47.72256728778468, ""activity_leader_strength"": 11.10260225217341}"
2026-06-25,PHARMACEUTICAL,3.2660241596139783,-0.6218355650705387,1,1,4.166666666666666,43.47826086956522,18.31683168316831,5,2,ACTIVE,Dataset A distribution; outcome-blind,"{""activity_sector_excess_return_3d"": -1.3650675253893185, ""activity_sector_excess_return_5d"": -1.8270934023111836, ""activity_top120_count"": 1.0, ""activity_rank_improving_count"": 0.0, ""activity_volume_expansion_breadth"": 13.752488387524883, ""activity_institution_buy_breadth"": 47.72256728778468, ""activity_leader_strength"": 11.10260225217341}"
2026-06-26,PHARMACEUTICAL,4.376211308402755,3.24163029536082,0,0,16.666666666666664,17.391304347826086,8.962264150943389,4,2,ACTIVE,Dataset A distribution; outcome-blind,"{""activity_sector_excess_return_3d"": -1.3650675253893185, ""activity_sector_excess_return_5d"": -1.8270934023111836, ""activity_top120_count"": 1.0, ""activity_rank_improving_count"": 0.0, ""activity_volume_expansion_breadth"": 13.752488387524883, ""activity_institution_buy_breadth"": 47.72256728778468, ""activity_leader_strength"": 11.10260225217341}"
2026-06-29,PHARMACEUTICAL,2.5721080563600007,6.694993617962741,1,0,25.0,65.21739130434783,15.981735159817356,7,4,HIGH_ACTIVITY,Dataset A distribution; outcome-blind,"{""activity_sector_excess_return_3d"": -1.3650675253893185, ""activity_sector_excess_return_5d"": -1.8270934023111836, ""activity_top120_count"": 1.0, ""activity_rank_improving_count"": 0.0, ""activity_volume_expansion_breadth"": 13.752488387524883, ""activity_institution_buy_breadth"": 47.72256728778468, ""activity_leader_strength"": 11.10260225217341}"
2026-06-30,PHARMACEUTICAL,0.875591428468736,2.902816450869916,0,0,16.666666666666664,26.08695652173913,22.374429223744286,5,1,ACTIVE,Dataset A distribution; outcome-blind,"{""activity_sector_excess_return_3d"": -1.3650675253893185, ""activity_sector_excess_return_5d"": -1.8270934023111836, ""activity_top120_count"": 1.0, ""activity_rank_improving_count"": 0.0, ""activity_volume_expansion_breadth"": 13.752488387524883, ""activity_institution_buy_breadth"": 47.72256728778468, ""activity_leader_strength"": 11.10260225217341}"
2026-07-01,PHARMACEUTICAL,-3.6500485035719787,-2.5350718304679387,0,0,12.5,39.130434782608695,17.24137931034482,2,0,LOW_ACTIVITY,Dataset A distribution; outcome-blind,"{""activity_sector_excess_return_3d"": -1.3650675253893185, ""activity_sector_excess_return_5d"": -1.8270934023111836, ""activity_top120_count"": 1.0, ""activity_rank_improving_count"": 0.0, ""activity_volume_expansion_breadth"": 13.752488387524883, ""activity_institution_buy_breadth"": 47.72256728778468, ""activity_leader_strength"": 11.10260225217341}"
2026-07-02,PHARMACEUTICAL,-4.685858546172394,-1.056960873206636,1,1,0.0,30.434782608695656,16.736401673640167,4,1,ACTIVE,Dataset A distribution; outcome-blind,"{""activity_sector_excess_return_3d"": -1.3650675253893185, ""activity_sector_excess_return_5d"": -1.8270934023111836, ""activity_top120_count"": 1.0, ""activity_rank_improving_count"": 0.0, ""activity_volume_expansion_breadth"": 13.752488387524883, ""activity_institution_buy_breadth"": 47.72256728778468, ""activity_leader_strength"": 11.10260225217341}"
2026-07-03,PHARMACEUTICAL,-0.3041558352781637,-0.7057387906602708,1,1,41.66666666666667,82.6086956521739,20.779220779220786,7,3,ACTIVE,Dataset A distribution; outcome-blind,"{""activity_sector_excess_return_3d"": -1.3650675253893185, ""activity_sector_excess_return_5d"": -1.8270934023111836, ""activity_top120_count"": 1.0, ""activity_rank_improving_count"": 0.0, ""activity_volume_expansion_breadth"": 13.752488387524883, ""activity_institution_buy_breadth"": 47.72256728778468, ""activity_leader_strength"": 11.10260225217341}"
2026-07-06,PHARMACEUTICAL,3.6965581686456472,-0.8874457816255621,1,1,29.166666666666668,56.52173913043478,13.779527559055115,7,3,ACTIVE,Dataset A distribution; outcome-blind,"{""activity_sector_excess_return_3d"": -1.3650675253893185, ""activity_sector_excess_return_5d"": -1.8270934023111836, ""activity_top120_count"": 1.0, ""activity_rank_improving_count"": 0.0, ""activity_volume_expansion_breadth"": 13.752488387524883, ""activity_institution_buy_breadth"": 47.72256728778468, ""activity_leader_strength"": 11.10260225217341}"
2026-07-07,PHARMACEUTICAL,5.169381565842213,3.075111211333892,1,0,29.166666666666668,69.56521739130434,11.567164179104484,7,4,HIGH_ACTIVITY,Dataset A distribution; outcome-blind,"{""activity_sector_excess_return_3d"": -1.3650675253893185, ""activity_sector_excess_return_5d"": -1.8270934023111836, ""activity_top120_count"": 1.0, ""activity_rank_improving_count"": 0.0, ""activity_volume_expansion_breadth"": 13.752488387524883, ""activity_institution_buy_breadth"": 47.72256728778468, ""activity_leader_strength"": 11.10260225217341}"
2026-07-08,PHARMACEUTICAL,1.9948716655173282,3.9872751992262145,1,1,12.5,21.73913043478261,12.5,5,3,ACTIVE,Dataset A distribution; outcome-blind,"{""activity_sector_excess_return_3d"": -1.3650675253893185, ""activity_sector_excess_return_5d"": -1.8270934023111836, ""activity_top120_count"": 1.0, ""activity_rank_improving_count"": 0.0, ""activity_volume_expansion_breadth"": 13.752488387524883, ""activity_institution_buy_breadth"": 47.72256728778468, ""activity_leader_strength"": 11.10260225217341}"
2026-07-09,PHARMACEUTICAL,1.4577472488352838,4.204197904238516,0,0,12.5,52.17391304347826,14.197530864197528,5,2,ACTIVE,Dataset A distribution; outcome-blind,"{""activity_sector_excess_return_3d"": -1.3650675253893185, ""activity_sector_excess_return_5d"": -1.8270934023111836, ""activity_top120_count"": 1.0, ""activity_rank_improving_count"": 0.0, ""activity_volume_expansion_breadth"": 13.752488387524883, ""activity_institution_buy_breadth"": 47.72256728778468, ""activity_leader_strength"": 11.10260225217341}"
2026-07-13,PHARMACEUTICAL,-2.055946425432753,1.489146638234362,1,1,12.5,34.78260869565217,7.823470411233702,3,2,ACTIVE,Dataset A distribution; outcome-blind,"{""activity_sector_excess_return_3d"": -1.3650675253893185, ""activity_sector_excess_return_5d"": -1.8270934023111836, ""activity_top120_count"": 1.0, ""activity_rank_improving_count"": 0.0, ""activity_volume_expansion_breadth"": 13.752488387524883, ""activity_institution_buy_breadth"": 47.72256728778468, ""activity_leader_strength"": 11.10260225217341}"
2026-07-14,PHARMACEUTICAL,0.04609568086202387,0.22772611336761006,4,1,20.833333333333336,52.17391304347826,7.499999999999996,6,2,ACTIVE,Dataset A distribution; outcome-blind,"{""activity_sector_excess_return_3d"": -1.3650675253893185, ""activity_sector_excess_return_5d"": -1.8270934023111836, ""activity_top120_count"": 1.0, ""activity_rank_improving_count"": 0.0, ""activity_volume_expansion_breadth"": 13.752488387524883, ""activity_institution_buy_breadth"": 47.72256728778468, ""activity_leader_strength"": 11.10260225217341}"
2026-07-15,PHARMACEUTICAL,-1.3459927875286715,-1.9547080091673052,4,0,4.166666666666666,82.6086956521739,2.7932960893854775,4,2,ACTIVE,Dataset A distribution; outcome-blind,"{""activity_sector_excess_return_3d"": -1.3650675253893185, ""activity_sector_excess_return_5d"": -1.8270934023111836, ""activity_top120_count"": 1.0, ""activity_rank_improving_count"": 0.0, ""activity_volume_expansion_breadth"": 13.752488387524883, ""activity_institution_buy_breadth"": 47.72256728778468, ""activity_leader_strength"": 11.10260225217341}"
2026-07-16,PHARMACEUTICAL,0.0922255386718307,-0.9022797187852039,0,0,16.666666666666664,52.17391304347826,8.61244019138756,5,0,ACTIVE,Dataset A distribution; outcome-blind,"{""activity_sector_excess_return_3d"": -1.3650675253893185, ""activity_sector_excess_return_5d"": -1.8270934023111836, ""activity_top120_count"": 1.0, ""activity_rank_improving_count"": 0.0, ""activity_volume_expansion_breadth"": 13.752488387524883, ""activity_institution_buy_breadth"": 47.72256728778468, ""activity_leader_strength"": 11.10260225217341}"
2026-07-17,PHARMACEUTICAL,3.6648693079768258,2.0919929748211215,0,0,25.0,39.130434782608695,1.8681318681318615,4,3,ACTIVE,Dataset A distribution; outcome-blind,"{""activity_sector_excess_return_3d"": -1.3650675253893185, ""activity_sector_excess_return_5d"": -1.8270934023111836, ""activity_top120_count"": 1.0, ""activity_rank_improving_count"": 0.0, ""activity_volume_expansion_breadth"": 13.752488387524883, ""activity_institution_buy_breadth"": 47.72256728778468, ""activity_leader_strength"": 11.10260225217341}"
2026-07-20,PHARMACEUTICAL,4.1952205332606916,4.589162885988118,0,0,8.333333333333332,73.91304347826086,2.63736263736265,4,3,ACTIVE,Dataset A distribution; outcome-blind,"{""activity_sector_excess_return_3d"": -1.3650675253893185, ""activity_sector_excess_return_5d"": -1.8270934023111836, ""activity_top120_count"": 1.0, ""activity_rank_improving_count"": 0.0, ""activity_volume_expansion_breadth"": 13.752488387524883, ""activity_institution_buy_breadth"": 47.72256728778468, ""activity_leader_strength"": 11.10260225217341}"
2026-07-21,PHARMACEUTICAL,1.3530881299657516,0.7465652164020731,0,0,12.5,52.17391304347826,8.520179372197312,4,1,ACTIVE,Dataset A distribution; outcome-blind,"{""activity_sector_excess_return_3d"": -1.3650675253893185, ""activity_sector_excess_return_5d"": -1.8270934023111836, ""activity_top120_count"": 1.0, ""activity_rank_improving_count"": 0.0, ""activity_volume_expansion_breadth"": 13.752488387524883, ""activity_institution_buy_breadth"": 47.72256728778468, ""activity_leader_strength"": 11.10260225217341}"
2026-07-22,PHARMACEUTICAL,-4.567160352389799,-0.23046639607284813,0,0,16.666666666666664,47.82608695652174,8.260869565217387,4,0,ACTIVE,Dataset A distribution; outcome-blind,"{""activity_sector_excess_return_3d"": -1.3650675253893185, ""activity_sector_excess_return_5d"": -1.8270934023111836, ""activity_top120_count"": 1.0, ""activity_rank_improving_count"": 0.0, ""activity_volume_expansion_breadth"": 13.752488387524883, ""activity_institution_buy_breadth"": 47.72256728778468, ""activity_leader_strength"": 11.10260225217341}"
2026-07-23,PHARMACEUTICAL,-5.920915327200882,-1.3662513603510784,0,0,12.5,8.695652173913043,4.574468085106376,2,0,LOW_ACTIVITY,Dataset A distribution; outcome-blind,"{""activity_sector_excess_return_3d"": -1.3650675253893185, ""activity_sector_excess_return_5d"": -1.8270934023111836, ""activity_top120_count"": 1.0, ""activity_rank_improving_count"": 0.0, ""activity_volume_expansion_breadth"": 13.752488387524883, ""activity_institution_buy_breadth"": 47.72256728778468, ""activity_leader_strength"": 11.10260225217341}"
2026-07-24,PHARMACEUTICAL,-0.6882241008111079,-3.1888318841490237,1,0,16.666666666666664,30.434782608695656,11.97411003236246,5,0,ACTIVE,Dataset A distribution; outcome-blind,"{""activity_sector_excess_return_3d"": -1.3650675253893185, ""activity_sector_excess_return_5d"": -1.8270934023111836, ""activity_top120_count"": 1.0, ""activity_rank_improving_count"": 0.0, ""activity_volume_expansion_breadth"": 13.752488387524883, ""activity_institution_buy_breadth"": 47.72256728778468, ""activity_leader_strength"": 11.10260225217341}"
2026-05-28,REAL_ESTATE_TRUST,-0.06804296918457853,-5.830852787894281,0,0,12.5,0.0,1.2802275960170695,2,0,LOW_ACTIVITY,Dataset A distribution; outcome-blind,"{""activity_sector_excess_return_3d"": -1.3650675253893185, ""activity_sector_excess_return_5d"": -1.8270934023111836, ""activity_top120_count"": 1.0, ""activity_rank_improving_count"": 0.0, ""activity_volume_expansion_breadth"": 13.752488387524883, ""activity_institution_buy_breadth"": 47.72256728778468, ""activity_leader_strength"": 11.10260225217341}"
2026-05-29,REAL_ESTATE_TRUST,-2.774404904541883,-6.307958597536267,0,0,12.5,0.0,0.8522727272727293,1,0,LOW_ACTIVITY,Dataset A distribution; outcome-blind,"{""activity_sector_excess_return_3d"": -1.3650675253893185, ""activity_sector_excess_return_5d"": -1.8270934023111836, ""activity_top120_count"": 1.0, ""activity_rank_improving_count"": 0.0, ""activity_volume_expansion_breadth"": 13.752488387524883, ""activity_institution_buy_breadth"": 47.72256728778468, ""activity_leader_strength"": 11.10260225217341}"
2026-06-01,REAL_ESTATE_TRUST,-2.63310600542932,-3.9754838999690567,0,0,50.0,0.0,0.6392045454545414,2,1,LOW_ACTIVITY,Dataset A distribution; outcome-blind,"{""activity_sector_excess_return_3d"": -1.3650675253893185, ""activity_sector_excess_return_5d"": -1.8270934023111836, ""activity_top120_count"": 1.0, ""activity_rank_improving_count"": 0.0, ""activity_volume_expansion_breadth"": 13.752488387524883, ""activity_institution_buy_breadth"": 47.72256728778468, ""activity_leader_strength"": 11.10260225217341}"
2026-06-02,REAL_ESTATE_TRUST,-4.701570009510153,-4.825266482964002,0,0,0.0,0.0,0.14184397163119478,1,0,LOW_ACTIVITY,Dataset A distribution; outcome-blind,"{""activity_sector_excess_return_3d"": -1.3650675253893185, ""activity_sector_excess_return_5d"": -1.8270934023111836, ""activity_top120_count"": 1.0, ""activity_rank_improving_count"": 0.0, ""activity_volume_expansion_breadth"": 13.752488387524883, ""activity_institution_buy_breadth"": 47.72256728778468, ""activity_leader_strength"": 11.10260225217341}"
2026-06-03,REAL_ESTATE_TRUST,-3.8589460026548617,-5.290045513333752,0,0,12.5,0.0,0.5253940455341555,1,0,LOW_ACTIVITY,Dataset A distribution; outcome-blind,"{""activity_sector_excess_return_3d"": -1.3650675253893185, ""activity_sector_excess_return_5d"": -1.8270934023111836, ""activity_top120_count"": 1.0, ""activity_rank_improving_count"": 0.0, ""activity_volume_expansion_breadth"": 13.752488387524883, ""activity_institution_buy_breadth"": 47.72256728778468, ""activity_leader_strength"": 11.10260225217341}"
2026-06-04,REAL_ESTATE_TRUST,-1.063397152681178,-5.226348922516822,0,0,0.0,16.666666666666664,0.6044905008635526,2,0,LOW_ACTIVITY,Dataset A distribution; outcome-blind,"{""activity_sector_excess_return_3d"": -1.3650675253893185, ""activity_sector_excess_return_5d"": -1.8270934023111836, ""activity_top120_count"": 1.0, ""activity_rank_improving_count"": 0.0, ""activity_volume_expansion_breadth"": 13.752488387524883, ""activity_institution_buy_breadth"": 47.72256728778468, ""activity_leader_strength"": 11.10260225217341}"
2026-06-05,REAL_ESTATE_TRUST,0.8536490470443026,-0.7555953174551044,0,0,0.0,0.0,0.34965034965035446,3,0,ACTIVE,Dataset A distribution; outcome-blind,"{""activity_sector_excess_return_3d"": -1.3650675253893185, ""activity_sector_excess_return_5d"": -1.8270934023111836, ""activity_top120_count"": 1.0, ""activity_rank_improving_count"": 0.0, ""activity_volume_expansion_breadth"": 13.752488387524883, ""activity_institution_buy_breadth"": 47.72256728778468, ""activity_leader_strength"": 11.10260225217341}"
2026-06-08,REAL_ESTATE_TRUST,6.150930702457623,3.483099204392614,0,0,12.5,16.666666666666664,0.17241379310344307,3,2,ACTIVE,Dataset A distribution; outcome-blind,"{""activity_sector_excess_return_3d"": -1.3650675253893185, ""activity_sector_excess_return_5d"": -1.8270934023111836, ""activity_top120_count"": 1.0, ""activity_rank_improving_count"": 0.0, ""activity_volume_expansion_breadth"": 13.752488387524883, ""activity_institution_buy_breadth"": 47.72256728778468, ""activity_leader_strength"": 11.10260225217341}"
2026-06-09,REAL_ESTATE_TRUST,1.988353285396649,1.5873087300837752,0,0,0.0,0.0,0.0,3,2,ACTIVE,Dataset A distribution; outcome-blind,"{""activity_sector_excess_return_3d"": -1.3650675253893185, ""activity_sector_excess_return_5d"": -1.8270934023111836, ""activity_top120_count"": 1.0, ""activity_rank_improving_count"": 0.0, ""activity_volume_expansion_breadth"": 13.752488387524883, ""activity_institution_buy_breadth"": 47.72256728778468, ""activity_leader_strength"": 11.10260225217341}"
2026-06-10,REAL_ESTATE_TRUST,3.77872784772243,6.616491837582982,0,0,25.0,16.666666666666664,-0.191387559808609,4,3,ACTIVE,Dataset A distribution; outcome-blind,"{""activity_sector_excess_return_3d"": -1.3650675253893185, ""activity_sector_excess_return_5d"": -1.8270934023111836, ""activity_top120_count"": 1.0, ""activity_rank_improving_count"": 0.0, ""activity_volume_expansion_breadth"": 13.752488387524883, ""activity_institution_buy_breadth"": 47.72256728778468, ""activity_leader_strength"": 11.10260225217341}"
2026-06-11,REAL_ESTATE_TRUST,0.7163925397367321,5.276947622492523,0,0,25.0,0.0,0.0,4,2,ACTIVE,Dataset A distribution; outcome-blind,"{""activity_sector_excess_return_3d"": -1.3650675253893185, ""activity_sector_excess_return_5d"": -1.8270934023111836, ""activity_top120_count"": 1.0, ""activity_rank_improving_count"": 0.0, ""activity_volume_expansion_breadth"": 13.752488387524883, ""activity_institution_buy_breadth"": 47.72256728778468, ""activity_leader_strength"": 11.10260225217341}"
2026-06-12,REAL_ESTATE_TRUST,1.0234278750576808,1.8096800904334298,0,0,12.5,16.666666666666664,-0.0859106529209619,3,2,ACTIVE,Dataset A distribution; outcome-blind,"{""activity_sector_excess_return_3d"": -1.3650675253893185, ""activity_sector_excess_return_5d"": -1.8270934023111836, ""activity_top120_count"": 1.0, ""activity_rank_improving_count"": 0.0, ""activity_volume_expansion_breadth"": 13.752488387524883, ""activity_institution_buy_breadth"": 47.72256728778468, ""activity_leader_strength"": 11.10260225217341}"
2026-06-15,REAL_ESTATE_TRUST,-5.023534697310894,-4.35422747695664,0,0,12.5,0.0,0.8818342151675429,1,0,LOW_ACTIVITY,Dataset A distribution; outcome-blind,"{""activity_sector_excess_return_3d"": -1.3650675253893185, ""activity_sector_excess_return_5d"": -1.8270934023111836, ""activity_top120_count"": 1.0, ""activity_rank_improving_count"": 0.0, ""activity_volume_expansion_breadth"": 13.752488387524883, ""activity_institution_buy_breadth"": 47.72256728778468, ""activity_leader_strength"": 11.10260225217341}"
2026-06-16,REAL_ESTATE_TRUST,-6.068116432221804,-2.5669248254111876,0,0,37.5,0.0,0.4310344827586299,2,1,LOW_ACTIVITY,Dataset A distribution; outcome-blind,"{""activity_sector_excess_return_3d"": -1.3650675253893185, ""activity_sector_excess_return_5d"": -1.8270934023111836, ""activity_top120_count"": 1.0, ""activity_rank_improving_count"": 0.0, ""activity_volume_expansion_breadth"": 13.752488387524883, ""activity_institution_buy_breadth"": 47.72256728778468, ""activity_leader_strength"": 11.10260225217341}"
2026-06-17,REAL_ESTATE_TRUST,-4.025982275184125,-6.039037405299208,0,0,12.5,33.33333333333333,0.4310344827586299,1,0,LOW_ACTIVITY,Dataset A distribution; outcome-blind,"{""activity_sector_excess_return_3d"": -1.3650675253893185, ""activity_sector_excess_return_5d"": -1.8270934023111836, ""activity_top120_count"": 1.0, ""activity_rank_improving_count"": 0.0, ""activity_volume_expansion_breadth"": 13.752488387524883, ""activity_institution_buy_breadth"": 47.72256728778468, ""activity_leader_strength"": 11.10260225217341}"
2026-06-18,REAL_ESTATE_TRUST,-2.43228077086195,-7.604948930590072,0,0,37.5,33.33333333333333,0.09587727708533222,2,1,LOW_ACTIVITY,Dataset A distribution; outcome-blind,"{""activity_sector_excess_return_3d"": -1.3650675253893185, ""activity_sector_excess_return_5d"": -1.8270934023111836, ""activity_top120_count"": 1.0, ""activity_rank_improving_count"": 0.0, ""activity_volume_expansion_breadth"": 13.752488387524883, ""activity_institution_buy_breadth"": 47.72256728778468, ""activity_leader_strength"": 11.10260225217341}"
2026-06-22,REAL_ESTATE_TRUST,-4.297432202415785,-8.325518467864557,0,0,50.0,0.0,0.09587727708533222,2,1,LOW_ACTIVITY,Dataset A distribution; outcome-blind,"{""activity_sector_excess_return_3d"": -1.3650675253893185, ""activity_sector_excess_return_5d"": -1.8270934023111836, ""activity_top120_count"": 1.0, ""activity_rank_improving_count"": 0.0, ""activity_volume_expansion_breadth"": 13.752488387524883, ""activity_institution_buy_breadth"": 47.72256728778468, ""activity_leader_strength"": 11.10260225217341}"
2026-06-23,REAL_ESTATE_TRUST,-2.7417018363686263,-3.8403621652127518,0,0,12.5,0.0,0.0,1,0,LOW_ACTIVITY,Dataset A distribution; outcome-blind,"{""activity_sector_excess_return_3d"": -1.3650675253893185, ""activity_sector_excess_return_5d"": -1.8270934023111836, ""activity_top120_count"": 1.0, ""activity_rank_improving_count"": 0.0, ""activity_volume_expansion_breadth"": 13.752488387524883, ""activity_institution_buy_breadth"": 47.72256728778468, ""activity_leader_strength"": 11.10260225217341}"
2026-06-24,REAL_ESTATE_TRUST,0.821361189704295,-0.7692202795970382,0,0,25.0,16.666666666666664,0.0,4,1,ACTIVE,Dataset A distribution; outcome-blind,"{""activity_sector_excess_return_3d"": -1.3650675253893185, ""activity_sector_excess_return_5d"": -1.8270934023111836, ""activity_top120_count"": 1.0, ""activity_rank_improving_count"": 0.0, ""activity_volume_expansion_breadth"": 13.752488387524883, ""activity_institution_buy_breadth"": 47.72256728778468, ""activity_leader_strength"": 11.10260225217341}"
2026-06-25,REAL_ESTATE_TRUST,3.0271344380513154,-1.0811626418084086,0,0,25.0,33.33333333333333,-0.15847860538826808,4,2,ACTIVE,Dataset A distribution; outcome-blind,"{""activity_sector_excess_return_3d"": -1.3650675253893185, ""activity_sector_excess_return_5d"": -1.8270934023111836, ""activity_top120_count"": 1.0, ""activity_rank_improving_count"": 0.0, ""activity_volume_expansion_breadth"": 13.752488387524883, ""activity_institution_buy_breadth"": 47.72256728778468, ""activity_leader_strength"": 11.10260225217341}"
2026-06-26,REAL_ESTATE_TRUST,5.114545537678328,3.7577550640629176,0,0,12.5,33.33333333333333,-0.17482517482516613,3,2,ACTIVE,Dataset A distribution; outcome-blind,"{""activity_sector_excess_return_3d"": -1.3650675253893185, ""activity_sector_excess_return_5d"": -1.8270934023111836, ""activity_top120_count"": 1.0, ""activity_rank_improving_count"": 0.0, ""activity_volume_expansion_breadth"": 13.752488387524883, ""activity_institution_buy_breadth"": 47.72256728778468, ""activity_leader_strength"": 11.10260225217341}"
2026-06-29,REAL_ESTATE_TRUST,2.266764544909605,5.656628142795883,0,0,12.5,16.666666666666664,0.17513134851137035,3,2,ACTIVE,Dataset A distribution; outcome-blind,"{""activity_sector_excess_return_3d"": -1.3650675253893185, ""activity_sector_excess_return_5d"": -1.8270934023111836, ""activity_top120_count"": 1.0, ""activity_rank_improving_count"": 0.0, ""activity_volume_expansion_breadth"": 13.752488387524883, ""activity_institution_buy_breadth"": 47.72256728778468, ""activity_leader_strength"": 11.10260225217341}"
2026-06-30,REAL_ESTATE_TRUST,-0.07061882516905538,1.4233681959898103,0,0,25.0,16.666666666666664,-0.07930214115781098,4,2,ACTIVE,Dataset A distribution; outcome-blind,"{""activity_sector_excess_return_3d"": -1.3650675253893185, ""activity_sector_excess_return_5d"": -1.8270934023111836, ""activity_top120_count"": 1.0, ""activity_rank_improving_count"": 0.0, ""activity_volume_expansion_breadth"": 13.752488387524883, ""activity_institution_buy_breadth"": 47.72256728778468, ""activity_leader_strength"": 11.10260225217341}"
2026-07-01,REAL_ESTATE_TRUST,-5.8408019981407655,-2.642880688276772,0,0,12.5,16.666666666666664,-0.08605851979345269,1,0,LOW_ACTIVITY,Dataset A distribution; outcome-blind,"{""activity_sector_excess_return_3d"": -1.3650675253893185, ""activity_sector_excess_return_5d"": -1.8270934023111836, ""activity_top120_count"": 1.0, ""activity_rank_improving_count"": 0.0, ""activity_volume_expansion_breadth"": 13.752488387524883, ""activity_institution_buy_breadth"": 47.72256728778468, ""activity_leader_strength"": 11.10260225217341}"
2026-07-02,REAL_ESTATE_TRUST,-4.400617471457624,-1.8506116668574268,0,0,25.0,16.666666666666664,-0.3502626970227629,2,1,LOW_ACTIVITY,Dataset A distribution; outcome-blind,"{""activity_sector_excess_return_3d"": -1.3650675253893185, ""activity_sector_excess_return_5d"": -1.8270934023111836, ""activity_top120_count"": 1.0, ""activity_rank_improving_count"": 0.0, ""activity_volume_expansion_breadth"": 13.752488387524883, ""activity_institution_buy_breadth"": 47.72256728778468, ""activity_leader_strength"": 11.10260225217341}"
2026-07-03,REAL_ESTATE_TRUST,-1.8062446663237086,-5.910392728607771,0,0,25.0,33.33333333333333,0.0,2,1,LOW_ACTIVITY,Dataset A distribution; outcome-blind,"{""activity_sector_excess_return_3d"": -1.3650675253893185, ""activity_sector_excess_return_5d"": -1.8270934023111836, ""activity_top120_count"": 1.0, ""activity_rank_improving_count"": 0.0, ""activity_volume_expansion_breadth"": 13.752488387524883, ""activity_institution_buy_breadth"": 47.72256728778468, ""activity_leader_strength"": 11.10260225217341}"
2026-07-06,REAL_ESTATE_TRUST,0.6948404576915035,-4.17829881348577,0,0,25.0,16.666666666666664,-0.4826254826254761,3,1,ACTIVE,Dataset A distribution; outcome-blind,"{""activity_sector_excess_return_3d"": -1.3650675253893185, ""activity_sector_excess_return_5d"": -1.8270934023111836, ""activity_top120_count"": 1.0, ""activity_rank_improving_count"": 0.0, ""activity_volume_expansion_breadth"": 13.752488387524883, ""activity_institution_buy_breadth"": 47.72256728778468, ""activity_leader_strength"": 11.10260225217341}"
2026-07-07,REAL_ESTATE_TRUST,2.5613998424181883,1.0154015624444734,0,0,0.0,33.33333333333333,0.35149384885764245,3,1,ACTIVE,Dataset A distribution; outcome-blind,"{""activity_sector_excess_return_3d"": -1.3650675253893185, ""activity_sector_excess_return_5d"": -1.8270934023111836, ""activity_top120_count"": 1.0, ""activity_rank_improving_count"": 0.0, ""activity_volume_expansion_breadth"": 13.752488387524883, ""activity_institution_buy_breadth"": 47.72256728778468, ""activity_leader_strength"": 11.10260225217341}"
2026-07-08,REAL_ESTATE_TRUST,2.139330180596344,2.0817560563621496,0,0,0.0,16.666666666666664,0.5272407732864526,3,2,ACTIVE,Dataset A distribution; outcome-blind,"{""activity_sector_excess_return_3d"": -1.3650675253893185, ""activity_sector_excess_return_5d"": -1.8270934023111836, ""activity_top120_count"": 1.0, ""activity_rank_improving_count"": 0.0, ""activity_volume_expansion_breadth"": 13.752488387524883, ""activity_institution_buy_breadth"": 47.72256728778468, ""activity_leader_strength"": 11.10260225217341}"
2026-07-09,REAL_ESTATE_TRUST,2.500956902363227,2.4536396687739326,0,0,25.0,16.666666666666664,0.5272407732864526,4,3,ACTIVE,Dataset A distribution; outcome-blind,"{""activity_sector_excess_return_3d"": -1.3650675253893185, ""activity_sector_excess_return_5d"": -1.8270934023111836, ""activity_top120_count"": 1.0, ""activity_rank_improving_count"": 0.0, ""activity_volume_expansion_breadth"": 13.752488387524883, ""activity_institution_buy_breadth"": 47.72256728778468, ""activity_leader_strength"": 11.10260225217341}"
2026-07-13,REAL_ESTATE_TRUST,0.042867803816259986,2.7028407720460557,0,0,0.0,33.33333333333333,0.7766990291262044,3,1,ACTIVE,Dataset A distribution; outcome-blind,"{""activity_sector_excess_return_3d"": -1.3650675253893185, ""activity_sector_excess_return_5d"": -1.8270934023111836, ""activity_top120_count"": 1.0, ""activity_rank_improving_count"": 0.0, ""activity_volume_expansion_breadth"": 13.752488387524883, ""activity_institution_buy_breadth"": 47.72256728778468, ""activity_leader_strength"": 11.10260225217341}"
2026-07-14,REAL_ESTATE_TRUST,1.8291467530126337,3.471104424212179,0,0,37.5,16.666666666666664,0.17574692442881013,4,3,ACTIVE,Dataset A distribution; outcome-blind,"{""activity_sector_excess_return_3d"": -1.3650675253893185, ""activity_sector_excess_return_5d"": -1.8270934023111836, ""activity_top120_count"": 1.0, ""activity_rank_improving_count"": 0.0, ""activity_volume_expansion_breadth"": 13.752488387524883, ""activity_institution_buy_breadth"": 47.72256728778468, ""activity_leader_strength"": 11.10260225217341}"
2026-07-15,REAL_ESTATE_TRUST,-0.7855238447067814,-0.7700574194824061,0,0,12.5,16.666666666666664,0.0970873786407811,3,0,ACTIVE,Dataset A distribution; outcome-blind,"{""activity_sector_excess_return_3d"": -1.3650675253893185, ""activity_sector_excess_return_5d"": -1.8270934023111836, ""activity_top120_count"": 1.0, ""activity_rank_improving_count"": 0.0, ""activity_volume_expansion_breadth"": 13.752488387524883, ""activity_institution_buy_breadth"": 47.72256728778468, ""activity_leader_strength"": 11.10260225217341}"
2026-07-16,REAL_ESTATE_TRUST,-0.9023256514629541,-0.12436357100604756,0,0,25.0,33.33333333333333,0.09718172983481654,4,1,ACTIVE,Dataset A distribution; outcome-blind,"{""activity_sector_excess_return_3d"": -1.3650675253893185, ""activity_sector_excess_return_5d"": -1.8270934023111836, ""activity_top120_count"": 1.0, ""activity_rank_improving_count"": 0.0, ""activity_volume_expansion_breadth"": 13.752488387524883, ""activity_institution_buy_breadth"": 47.72256728778468, ""activity_leader_strength"": 11.10260225217341}"
2026-07-17,REAL_ESTATE_TRUST,4.522435867283525,5.217054881752702,0,0,25.0,16.666666666666664,0.0,4,3,ACTIVE,Dataset A distribution; outcome-blind,"{""activity_sector_excess_return_3d"": -1.3650675253893185, ""activity_sector_excess_return_5d"": -1.8270934023111836, ""activity_top120_count"": 1.0, ""activity_rank_improving_count"": 0.0, ""activity_volume_expansion_breadth"": 13.752488387524883, ""activity_institution_buy_breadth"": 47.72256728778468, ""activity_leader_strength"": 11.10260225217341}"
2026-07-20,REAL_ESTATE_TRUST,6.7790118900879275,5.761457652994517,0,0,12.5,16.666666666666664,-0.21818181818181737,3,2,ACTIVE,Dataset A distribution; outcome-blind,"{""activity_sector_excess_return_3d"": -1.3650675253893185, ""activity_sector_excess_return_5d"": -1.8270934023111836, ""activity_top120_count"": 1.0, ""activity_rank_improving_count"": 0.0, ""activity_volume_expansion_breadth"": 13.752488387524883, ""activity_institution_buy_breadth"": 47.72256728778468, ""activity_leader_strength"": 11.10260225217341}"
2026-07-21,REAL_ESTATE_TRUST,2.969900524504776,0.9832017994701459,0,0,25.0,0.0,0.17543859649122862,4,2,ACTIVE,Dataset A distribution; outcome-blind,"{""activity_sector_excess_return_3d"": -1.3650675253893185, ""activity_sector_excess_return_5d"": -1.8270934023111836, ""activity_top120_count"": 1.0, ""activity_rank_improving_count"": 0.0, ""activity_volume_expansion_breadth"": 13.752488387524883, ""activity_institution_buy_breadth"": 47.72256728778468, ""activity_leader_strength"": 11.10260225217341}"
2026-07-22,REAL_ESTATE_TRUST,-5.049088063233187,1.5719174189112728,0,0,50.0,16.666666666666664,-0.07293946024800047,3,2,ACTIVE,Dataset A distribution; outcome-blind,"{""activity_sector_excess_return_3d"": -1.3650675253893185, ""activity_sector_excess_return_5d"": -1.8270934023111836, ""activity_top120_count"": 1.0, ""activity_rank_improving_count"": 0.0, ""activity_volume_expansion_breadth"": 13.752488387524883, ""activity_institution_buy_breadth"": 47.72256728778468, ""activity_leader_strength"": 11.10260225217341}"
2026-07-23,REAL_ESTATE_TRUST,-5.802137657402806,1.521373106220758,0,0,25.0,16.666666666666664,0.6504065040650486,3,2,ACTIVE,Dataset A distribution; outcome-blind,"{""activity_sector_excess_return_3d"": -1.3650675253893185, ""activity_sector_excess_return_5d"": -1.8270934023111836, ""activity_top120_count"": 1.0, ""activity_rank_improving_count"": 0.0, ""activity_volume_expansion_breadth"": 13.752488387524883, ""activity_institution_buy_breadth"": 47.72256728778468, ""activity_leader_strength"": 11.10260225217341}"
2026-07-24,REAL_ESTATE_TRUST,1.2337956672869077,-2.450872420806638,0,0,12.5,33.33333333333333,0.5281690140845008,2,1,LOW_ACTIVITY,Dataset A distribution; outcome-blind,"{""activity_sector_excess_return_3d"": -1.3650675253893185, ""activity_sector_excess_return_5d"": -1.8270934023111836, ""activity_top120_count"": 1.0, ""activity_rank_improving_count"": 0.0, ""activity_volume_expansion_breadth"": 13.752488387524883, ""activity_institution_buy_breadth"": 47.72256728778468, ""activity_leader_strength"": 11.10260225217341}"
2026-05-28,RETAIL_TRADE,-0.35213206259205876,-5.539780389927546,2,0,27.500000000000004,46.15384615384615,19.521912350597614,5,1,ACTIVE,Dataset A distribution; outcome-blind,"{""activity_sector_excess_return_3d"": -1.3650675253893185, ""activity_sector_excess_return_5d"": -1.8270934023111836, ""activity_top120_count"": 1.0, ""activity_rank_improving_count"": 0.0, ""activity_volume_expansion_breadth"": 13.752488387524883, ""activity_institution_buy_breadth"": 47.72256728778468, ""activity_leader_strength"": 11.10260225217341}"
2026-05-29,RETAIL_TRADE,-2.774404904541883,-5.831768121345782,1,0,27.500000000000004,74.35897435897436,25.0,5,3,ACTIVE,Dataset A distribution; outcome-blind,"{""activity_sector_excess_return_3d"": -1.3650675253893185, ""activity_sector_excess_return_5d"": -1.8270934023111836, ""activity_top120_count"": 1.0, ""activity_rank_improving_count"": 0.0, ""activity_volume_expansion_breadth"": 13.752488387524883, ""activity_institution_buy_breadth"": 47.72256728778468, ""activity_leader_strength"": 11.10260225217341}"
2026-06-01,RETAIL_TRADE,-1.3357999781349994,-2.6874028623850466,0,0,55.00000000000001,82.05128205128204,28.457446808510632,5,3,ACTIVE,Dataset A distribution; outcome-blind,"{""activity_sector_excess_return_3d"": -1.3650675253893185, ""activity_sector_excess_return_5d"": -1.8270934023111836, ""activity_top120_count"": 1.0, ""activity_rank_improving_count"": 0.0, ""activity_volume_expansion_breadth"": 13.752488387524883, ""activity_institution_buy_breadth"": 47.72256728778468, ""activity_leader_strength"": 11.10260225217341}"
2026-06-02,RETAIL_TRADE,-2.6299822387291116,-2.889747611383764,4,1,40.0,64.1025641025641,41.22340425531914,5,5,HIGH_ACTIVITY,Dataset A distribution; outcome-blind,"{""activity_sector_excess_return_3d"": -1.3650675253893185, ""activity_sector_excess_return_5d"": -1.8270934023111836, ""activity_top120_count"": 1.0, ""activity_rank_improving_count"": 0.0, ""activity_volume_expansion_breadth"": 13.752488387524883, ""activity_institution_buy_breadth"": 47.72256728778468, ""activity_leader_strength"": 11.10260225217341}"
2026-06-03,RETAIL_TRADE,-1.0978415608781544,-1.390662652619734,4,0,52.5,64.1025641025641,52.87958115183247,7,4,HIGH_ACTIVITY,Dataset A distribution; outcome-blind,"{""activity_sector_excess_return_3d"": -1.3650675253893185, ""activity_sector_excess_return_5d"": -1.8270934023111836, ""activity_top120_count"": 1.0, ""activity_rank_improving_count"": 0.0, ""activity_volume_expansion_breadth"": 13.752488387524883, ""activity_institution_buy_breadth"": 47.72256728778468, ""activity_leader_strength"": 11.10260225217341}"
2026-06-04,RETAIL_TRADE,1.3878203928759936,-1.007604544031504,6,1,42.5,58.97435897435898,52.85714285714285,7,5,HIGH_ACTIVITY,Dataset A distribution; outcome-blind,"{""activity_sector_excess_return_3d"": -1.3650675253893185, ""activity_sector_excess_return_5d"": -1.8270934023111836, ""activity_top120_count"": 1.0, ""activity_rank_improving_count"": 0.0, ""activity_volume_expansion_breadth"": 13.752488387524883, ""activity_institution_buy_breadth"": 47.72256728778468, ""activity_leader_strength"": 11.10260225217341}"
2026-06-05,RETAIL_TRADE,2.581886062067429,2.288901169664337,7,6,32.5,53.84615384615385,52.813852813852826,7,6,HIGH_ACTIVITY,Dataset A distribution; outcome-blind,"{""activity_sector_excess_return_3d"": -1.3650675253893185, ""activity_sector_excess_return_5d"": -1.8270934023111836, ""activity_top120_count"": 1.0, ""activity_rank_improving_count"": 0.0, ""activity_volume_expansion_breadth"": 13.752488387524883, ""activity_institution_buy_breadth"": 47.72256728778468, ""activity_leader_strength"": 11.10260225217341}"
2026-06-08,RETAIL_TRADE,5.102891090012074,4.31292423541979,8,7,32.5,38.46153846153847,60.66252587991718,6,6,HIGH_ACTIVITY,Dataset A distribution; outcome-blind,"{""activity_sector_excess_return_3d"": -1.3650675253893185, ""activity_sector_excess_return_5d"": -1.8270934023111836, ""activity_top120_count"": 1.0, ""activity_rank_improving_count"": 0.0, ""activity_volume_expansion_breadth"": 13.752488387524883, ""activity_institution_buy_breadth"": 47.72256728778468, ""activity_leader_strength"": 11.10260225217341}"
2026-06-09,RETAIL_TRADE,0.03814704782283407,1.805768563218746,2,1,20.0,17.94871794871795,60.64030131826741,6,3,ACTIVE,Dataset A distribution; outcome-blind,"{""activity_sector_excess_return_3d"": -1.3650675253893185, ""activity_sector_excess_return_5d"": -1.8270934023111836, ""activity_top120_count"": 1.0, ""activity_rank_improving_count"": 0.0, ""activity_volume_expansion_breadth"": 13.752488387524883, ""activity_institution_buy_breadth"": 47.72256728778468, ""activity_leader_strength"": 11.10260225217341}"
2026-06-10,RETAIL_TRADE,2.6982354103675226,5.287740806210639,8,6,30.0,43.58974358974359,53.93835616438356,6,6,HIGH_ACTIVITY,Dataset A distribution; outcome-blind,"{""activity_sector_excess_return_3d"": -1.3650675253893185, ""activity_sector_excess_return_5d"": -1.8270934023111836, ""activity_top120_count"": 1.0, ""activity_rank_improving_count"": 0.0, ""activity_volume_expansion_breadth"": 13.752488387524883, ""activity_institution_buy_breadth"": 47.72256728778468, ""activity_leader_strength"": 11.10260225217341}"
2026-06-11,RETAIL_TRADE,1.4835754584495153,4.639001625182571,10,6,15.0,53.84615384615385,23.364485981308402,7,5,HIGH_ACTIVITY,Dataset A distribution; outcome-blind,"{""activity_sector_excess_return_3d"": -1.3650675253893185, ""activity_sector_excess_return_5d"": -1.8270934023111836, ""activity_top120_count"": 1.0, ""activity_rank_improving_count"": 0.0, ""activity_volume_expansion_breadth"": 13.752488387524883, ""activity_institution_buy_breadth"": 47.72256728778468, ""activity_leader_strength"": 11.10260225217341}"
2026-06-12,RETAIL_TRADE,1.4632481526002383,1.2993132642771243,3,0,17.5,56.41025641025641,6.493506493506485,6,3,ACTIVE,Dataset A distribution; outcome-blind,"{""activity_sector_excess_return_3d"": -1.3650675253893185, ""activity_sector_excess_return_5d"": -1.8270934023111836, ""activity_top120_count"": 1.0, ""activity_rank_improving_count"": 0.0, ""activity_volume_expansion_breadth"": 13.752488387524883, ""activity_institution_buy_breadth"": 47.72256728778468, ""activity_leader_strength"": 11.10260225217341}"
2026-06-15,RETAIL_TRADE,-4.072964355105579,-3.2113703340994837,3,1,27.500000000000004,64.1025641025641,29.87012987012987,5,5,HIGH_ACTIVITY,Dataset A distribution; outcome-blind,"{""activity_sector_excess_return_3d"": -1.3650675253893185, ""activity_sector_excess_return_5d"": -1.8270934023111836, ""activity_top120_count"": 1.0, ""activity_rank_improving_count"": 0.0, ""activity_volume_expansion_breadth"": 13.752488387524883, ""activity_institution_buy_breadth"": 47.72256728778468, ""activity_leader_strength"": 11.10260225217341}"
2026-06-16,RETAIL_TRADE,-4.956867502180939,-1.4863825606583947,2,0,22.5,64.1025641025641,23.858615611192914,6,3,ACTIVE,Dataset A distribution; outcome-blind,"{""activity_sector_excess_return_3d"": -1.3650675253893185, ""activity_sector_excess_return_5d"": -1.8270934023111836, ""activity_top120_count"": 1.0, ""activity_rank_improving_count"": 0.0, ""activity_volume_expansion_breadth"": 13.752488387524883, ""activity_institution_buy_breadth"": 47.72256728778468, ""activity_leader_strength"": 11.10260225217341}"
2026-06-17,RETAIL_TRADE,-3.075675219162055,-4.942071740038623,2,1,12.5,41.02564102564102,17.820324005890996,3,1,ACTIVE,Dataset A distribution; outcome-blind,"{""activity_sector_excess_return_3d"": -1.3650675253893185, ""activity_sector_excess_return_5d"": -1.8270934023111836, ""activity_top120_count"": 1.0, ""activity_rank_improving_count"": 0.0, ""activity_volume_expansion_breadth"": 13.752488387524883, ""activity_institution_buy_breadth"": 47.72256728778468, ""activity_leader_strength"": 11.10260225217341}"
2026-06-18,RETAIL_TRADE,-2.353041468167816,-6.139602682635125,1,1,17.5,35.8974358974359,17.962466487935668,4,1,ACTIVE,Dataset A distribution; outcome-blind,"{""activity_sector_excess_return_3d"": -1.3650675253893185, ""activity_sector_excess_return_5d"": -1.8270934023111836, ""activity_top120_count"": 1.0, ""activity_rank_improving_count"": 0.0, ""activity_volume_expansion_breadth"": 13.752488387524883, ""activity_institution_buy_breadth"": 47.72256728778468, ""activity_leader_strength"": 11.10260225217341}"
2026-06-22,RETAIL_TRADE,-4.448259001766686,-7.700579796487839,1,0,22.5,23.076923076923077,8.356545961002793,3,1,ACTIVE,Dataset A distribution; outcome-blind,"{""activity_sector_excess_return_3d"": -1.3650675253893185, ""activity_sector_excess_return_5d"": -1.8270934023111836, ""activity_top120_count"": 1.0, ""activity_rank_improving_count"": 0.0, ""activity_volume_expansion_breadth"": 13.752488387524883, ""activity_institution_buy_breadth"": 47.72256728778468, ""activity_leader_strength"": 11.10260225217341}"
2026-06-23,RETAIL_TRADE,-3.1298673199329885,-4.2948092953772115,2,0,15.0,56.41025641025641,7.725788900979325,4,0,ACTIVE,Dataset A distribution; outcome-blind,"{""activity_sector_excess_return_3d"": -1.3650675253893185, ""activity_sector_excess_return_5d"": -1.8270934023111836, ""activity_top120_count"": 1.0, ""activity_rank_improving_count"": 0.0, ""activity_volume_expansion_breadth"": 13.752488387524883, ""activity_institution_buy_breadth"": 47.72256728778468, ""activity_leader_strength"": 11.10260225217341}"
2026-06-24,RETAIL_TRADE,0.10741704370907934,-1.2303221132560493,9,1,12.5,58.97435897435898,8.411214953271017,5,2,ACTIVE,Dataset A distribution; outcome-blind,"{""activity_sector_excess_return_3d"": -1.3650675253893185, ""activity_sector_excess_return_5d"": -1.8270934023111836, ""activity_top120_count"": 1.0, ""activity_rank_improving_count"": 0.0, ""activity_volume_expansion_breadth"": 13.752488387524883, ""activity_institution_buy_breadth"": 47.72256728778468, ""activity_leader_strength"": 11.10260225217341}"
2026-06-25,RETAIL_TRADE,2.7422907778953065,-1.7364166836550787,2,1,2.5,33.33333333333333,7.460317460317456,4,2,ACTIVE,Dataset A distribution; outcome-blind,"{""activity_sector_excess_return_3d"": -1.3650675253893185, ""activity_sector_excess_return_5d"": -1.8270934023111836, ""activity_top120_count"": 1.0, ""activity_rank_improving_count"": 0.0, ""activity_volume_expansion_breadth"": 13.752488387524883, ""activity_institution_buy_breadth"": 47.72256728778468, ""activity_leader_strength"": 11.10260225217341}"
2026-06-26,RETAIL_TRADE,3.8401548529467036,1.5586214623906414,3,1,20.0,30.76923076923077,10.077519379844958,5,4,HIGH_ACTIVITY,Dataset A distribution; outcome-blind,"{""activity_sector_excess_return_3d"": -1.3650675253893185, ""activity_sector_excess_return_5d"": -1.8270934023111836, ""activity_top120_count"": 1.0, ""activity_rank_improving_count"": 0.0, ""activity_volume_expansion_breadth"": 13.752488387524883, ""activity_institution_buy_breadth"": 47.72256728778468, ""activity_leader_strength"": 11.10260225217341}"
2026-06-29,RETAIL_TRADE,1.1260801342632187,4.033210956180088,2,1,12.5,48.717948717948715,20.463320463320468,6,3,ACTIVE,Dataset A distribution; outcome-blind,"{""activity_sector_excess_return_3d"": -1.3650675253893185, ""activity_sector_excess_return_5d"": -1.8270934023111836, ""activity_top120_count"": 1.0, ""activity_rank_improving_count"": 0.0, ""activity_volume_expansion_breadth"": 13.752488387524883, ""activity_institution_buy_breadth"": 47.72256728778468, ""activity_leader_strength"": 11.10260225217341}"
2026-06-30,RETAIL_TRADE,-1.0477897564648786,0.4796992445463333,0,0,17.5,30.76923076923077,12.790697674418606,5,0,ACTIVE,Dataset A distribution; outcome-blind,"{""activity_sector_excess_return_3d"": -1.3650675253893185, ""activity_sector_excess_return_5d"": -1.8270934023111836, ""activity_top120_count"": 1.0, ""activity_rank_improving_count"": 0.0, ""activity_volume_expansion_breadth"": 13.752488387524883, ""activity_institution_buy_breadth"": 47.72256728778468, ""activity_leader_strength"": 11.10260225217341}"
2026-07-01,RETAIL_TRADE,-5.240690630967659,-3.204182773911607,0,0,15.0,43.58974358974359,8.880308880308885,2,0,LOW_ACTIVITY,Dataset A distribution; outcome-blind,"{""activity_sector_excess_return_3d"": -1.3650675253893185, ""activity_sector_excess_return_5d"": -1.8270934023111836, ""activity_top120_count"": 1.0, ""activity_rank_improving_count"": 0.0, ""activity_volume_expansion_breadth"": 13.752488387524883, ""activity_institution_buy_breadth"": 47.72256728778468, ""activity_leader_strength"": 11.10260225217341}"
2026-07-02,RETAIL_TRADE,-3.315917857346262,-1.6034089606383306,1,1,15.0,58.97435897435898,10.424710424710426,5,1,ACTIVE,Dataset A distribution; outcome-blind,"{""activity_sector_excess_return_3d"": -1.3650675253893185, ""activity_sector_excess_return_5d"": -1.8270934023111836, ""activity_top120_count"": 1.0, ""activity_rank_improving_count"": 0.0, ""activity_volume_expansion_breadth"": 13.752488387524883, ""activity_institution_buy_breadth"": 47.72256728778468, ""activity_leader_strength"": 11.10260225217341}"
2026-07-03,RETAIL_TRADE,0.33841502903411147,-3.188954338363459,1,0,40.0,76.92307692307693,13.960113960113961,6,2,ACTIVE,Dataset A distribution; outcome-blind,"{""activity_sector_excess_return_3d"": -1.3650675253893185, ""activity_sector_excess_return_5d"": -1.8270934023111836, ""activity_top120_count"": 1.0, ""activity_rank_improving_count"": 0.0, ""activity_volume_expansion_breadth"": 13.752488387524883, ""activity_institution_buy_breadth"": 47.72256728778468, ""activity_leader_strength"": 11.10260225217341}"
2026-07-06,RETAIL_TRADE,2.6322094470836,-1.8994201620209816,7,0,30.0,58.97435897435898,22.44897959183674,6,3,ACTIVE,Dataset A distribution; outcome-blind,"{""activity_sector_excess_return_3d"": -1.3650675253893185, ""activity_sector_excess_return_5d"": -1.8270934023111836, ""activity_top120_count"": 1.0, ""activity_rank_improving_count"": 0.0, ""activity_volume_expansion_breadth"": 13.752488387524883, ""activity_institution_buy_breadth"": 47.72256728778468, ""activity_leader_strength"": 11.10260225217341}"
2026-07-07,RETAIL_TRADE,3.192667463435761,2.175490860967666,10,0,17.5,43.58974358974359,26.055045871559624,6,4,HIGH_ACTIVITY,Dataset A distribution; outcome-blind,"{""activity_sector_excess_return_3d"": -1.3650675253893185, ""activity_sector_excess_return_5d"": -1.8270934023111836, ""activity_top120_count"": 1.0, ""activity_rank_improving_count"": 0.0, ""activity_volume_expansion_breadth"": 13.752488387524883, ""activity_institution_buy_breadth"": 47.72256728778468, ""activity_leader_strength"": 11.10260225217341}"
2026-07-08,RETAIL_TRADE,1.5776560309103904,3.383174765928776,13,0,7.5,38.46153846153847,39.04235727440148,5,4,HIGH_ACTIVITY,Dataset A distribution; outcome-blind,"{""activity_sector_excess_return_3d"": -1.3650675253893185, ""activity_sector_excess_return_5d"": -1.8270934023111836, ""activity_top120_count"": 1.0, ""activity_rank_improving_count"": 0.0, ""activity_volume_expansion_breadth"": 13.752488387524883, ""activity_institution_buy_breadth"": 47.72256728778468, ""activity_leader_strength"": 11.10260225217341}"
2026-07-09,RETAIL_TRADE,1.8179839758272975,2.9726708106424526,10,9,20.0,43.58974358974359,46.15384615384617,6,5,HIGH_ACTIVITY,Dataset A distribution; outcome-blind,"{""activity_sector_excess_return_3d"": -1.3650675253893185, ""activity_sector_excess_return_5d"": -1.8270934023111836, ""activity_top120_count"": 1.0, ""activity_rank_improving_count"": 0.0, ""activity_volume_expansion_breadth"": 13.752488387524883, ""activity_institution_buy_breadth"": 47.72256728778468, ""activity_leader_strength"": 11.10260225217341}"
2026-07-13,RETAIL_TRADE,-0.8758964982432393,1.1179060367306093,2,1,20.0,35.8974358974359,21.83333333333333,6,1,ACTIVE,Dataset A distribution; outcome-blind,"{""activity_sector_excess_return_3d"": -1.3650675253893185, ""activity_sector_excess_return_5d"": -1.8270934023111836, ""activity_top120_count"": 1.0, ""activity_rank_improving_count"": 0.0, ""activity_volume_expansion_breadth"": 13.752488387524883, ""activity_institution_buy_breadth"": 47.72256728778468, ""activity_leader_strength"": 11.10260225217341}"
2026-07-14,RETAIL_TRADE,1.2079233162552105,1.7945626567082207,2,1,25.0,64.1025641025641,9.843400447427285,6,5,HIGH_ACTIVITY,Dataset A distribution; outcome-blind,"{""activity_sector_excess_return_3d"": -1.3650675253893185, ""activity_sector_excess_return_5d"": -1.8270934023111836, ""activity_top120_count"": 1.0, ""activity_rank_improving_count"": 0.0, ""activity_volume_expansion_breadth"": 13.752488387524883, ""activity_institution_buy_breadth"": 47.72256728778468, ""activity_leader_strength"": 11.10260225217341}"
2026-07-15,RETAIL_TRADE,-0.5357361511409864,-0.5397686676243463,7,3,10.0,76.92307692307693,21.62162162162162,6,3,ACTIVE,Dataset A distribution; outcome-blind,"{""activity_sector_excess_return_3d"": -1.3650675253893185, ""activity_sector_excess_return_5d"": -1.8270934023111836, ""activity_top120_count"": 1.0, ""activity_rank_improving_count"": 0.0, ""activity_volume_expansion_breadth"": 13.752488387524883, ""activity_institution_buy_breadth"": 47.72256728778468, ""activity_leader_strength"": 11.10260225217341}"
2026-07-16,RETAIL_TRADE,0.1425663507493624,0.48673611112072246,2,2,17.5,66.66666666666666,13.52785145888593,7,2,ACTIVE,Dataset A distribution; outcome-blind,"{""activity_sector_excess_return_3d"": -1.3650675253893185, ""activity_sector_excess_return_5d"": -1.8270934023111836, ""activity_top120_count"": 1.0, ""activity_rank_improving_count"": 0.0, ""activity_volume_expansion_breadth"": 13.752488387524883, ""activity_institution_buy_breadth"": 47.72256728778468, ""activity_leader_strength"": 11.10260225217341}"
2026-07-17,RETAIL_TRADE,4.815601677296866,5.503508948342594,10,2,20.0,71.7948717948718,11.587982832618016,7,5,HIGH_ACTIVITY,Dataset A distribution; outcome-blind,"{""activity_sector_excess_return_3d"": -1.3650675253893185, ""activity_sector_excess_return_5d"": -1.8270934023111836, ""activity_top120_count"": 1.0, ""activity_rank_improving_count"": 0.0, ""activity_volume_expansion_breadth"": 13.752488387524883, ""activity_institution_buy_breadth"": 47.72256728778468, ""activity_leader_strength"": 11.10260225217341}"
2026-07-20,RETAIL_TRADE,6.2007975388376995,6.784054663515581,13,12,7.5,74.35897435897436,15.212527964205801,6,5,HIGH_ACTIVITY,Dataset A distribution; outcome-blind,"{""activity_sector_excess_return_3d"": -1.3650675253893185, ""activity_sector_excess_return_5d"": -1.8270934023111836, ""activity_top120_count"": 1.0, ""activity_rank_improving_count"": 0.0, ""activity_volume_expansion_breadth"": 13.752488387524883, ""activity_institution_buy_breadth"": 47.72256728778468, ""activity_leader_strength"": 11.10260225217341}"
2026-07-21,RETAIL_TRADE,2.4956457819573563,1.648454913702857,5,2,17.5,53.84615384615385,15.274949083503063,7,4,HIGH_ACTIVITY,Dataset A distribution; outcome-blind,"{""activity_sector_excess_return_3d"": -1.3650675253893185, ""activity_sector_excess_return_5d"": -1.8270934023111836, ""activity_top120_count"": 1.0, ""activity_rank_improving_count"": 0.0, ""activity_volume_expansion_breadth"": 13.752488387524883, ""activity_institution_buy_breadth"": 47.72256728778468, ""activity_leader_strength"": 11.10260225217341}"
2026-07-22,RETAIL_TRADE,-5.049088063233187,0.8788768553602111,2,1,20.0,30.76923076923077,16.032608695652193,5,1,ACTIVE,Dataset A distribution; outcome-blind,"{""activity_sector_excess_return_3d"": -1.3650675253893185, ""activity_sector_excess_return_5d"": -1.8270934023111836, ""activity_top120_count"": 1.0, ""activity_rank_improving_count"": 0.0, ""activity_volume_expansion_breadth"": 13.752488387524883, ""activity_institution_buy_breadth"": 47.72256728778468, ""activity_leader_strength"": 11.10260225217341}"
2026-07-23,RETAIL_TRADE,-6.0949615538786865,0.41291893513130673,2,1,7.5,33.33333333333333,7.91100123609394,3,1,ACTIVE,Dataset A distribution; outcome-blind,"{""activity_sector_excess_return_3d"": -1.3650675253893185, ""activity_sector_excess_return_5d"": -1.8270934023111836, ""activity_top120_count"": 1.0, ""activity_rank_improving_count"": 0.0, ""activity_volume_expansion_breadth"": 13.752488387524883, ""activity_institution_buy_breadth"": 47.72256728778468, ""activity_leader_strength"": 11.10260225217341}"
2026-07-24,RETAIL_TRADE,0.15294221417067044,-2.722508304159632,3,1,10.0,41.02564102564102,5.92105263157896,3,2,ACTIVE,Dataset A distribution; outcome-blind,"{""activity_sector_excess_return_3d"": -1.3650675253893185, ""activity_sector_excess_return_5d"": -1.8270934023111836, ""activity_top120_count"": 1.0, ""activity_rank_improving_count"": 0.0, ""activity_volume_expansion_breadth"": 13.752488387524883, ""activity_institution_buy_breadth"": 47.72256728778468, ""activity_leader_strength"": 11.10260225217341}"
2026-05-28,SEMICONDUCTOR,-0.6311123415723263,-2.4755079039452843,38,0,37.27272727272727,47.91666666666667,39.240506329113934,6,3,ACTIVE,Dataset A distribution; outcome-blind,"{""activity_sector_excess_return_3d"": -1.3650675253893185, ""activity_sector_excess_return_5d"": -1.8270934023111836, ""activity_top120_count"": 1.0, ""activity_rank_improving_count"": 0.0, ""activity_volume_expansion_breadth"": 13.752488387524883, ""activity_institution_buy_breadth"": 47.72256728778468, ""activity_leader_strength"": 11.10260225217341}"
2026-05-29,SEMICONDUCTOR,-4.043147695776028,-4.579531985388718,36,0,23.636363636363637,20.833333333333336,42.85714285714286,4,3,ACTIVE,Dataset A distribution; outcome-blind,"{""activity_sector_excess_return_3d"": -1.3650675253893185, ""activity_sector_excess_return_5d"": -1.8270934023111836, ""activity_top120_count"": 1.0, ""activity_rank_improving_count"": 0.0, ""activity_volume_expansion_breadth"": 13.752488387524883, ""activity_institution_buy_breadth"": 47.72256728778468, ""activity_leader_strength"": 11.10260225217341}"
2026-06-01,SEMICONDUCTOR,-1.7823090667397512,-3.988120669887396,23,0,14.545454545454545,42.70833333333333,40.82969432314412,4,2,ACTIVE,Dataset A distribution; outcome-blind,"{""activity_sector_excess_return_3d"": -1.3650675253893185, ""activity_sector_excess_return_5d"": -1.8270934023111836, ""activity_top120_count"": 1.0, ""activity_rank_improving_count"": 0.0, ""activity_volume_expansion_breadth"": 13.752488387524883, ""activity_institution_buy_breadth"": 47.72256728778468, ""activity_leader_strength"": 11.10260225217341}"
2026-06-02,SEMICONDUCTOR,-3.7353193798577378,-5.52800259173416,25,15,17.272727272727273,47.91666666666667,38.22075782537067,5,3,ACTIVE,Dataset A distribution; outcome-blind,"{""activity_sector_excess_return_3d"": -1.3650675253893185, ""activity_sector_excess_return_5d"": -1.8270934023111836, ""activity_top120_count"": 1.0, ""activity_rank_improving_count"": 0.0, ""activity_volume_expansion_breadth"": 13.752488387524883, ""activity_institution_buy_breadth"": 47.72256728778468, ""activity_leader_strength"": 11.10260225217341}"
2026-06-03,SEMICONDUCTOR,-3.8589460026548617,-4.976320023137681,7,4,10.0,42.70833333333333,34.78260869565217,3,3,ACTIVE,Dataset A distribution; outcome-blind,"{""activity_sector_excess_return_3d"": -1.3650675253893185, ""activity_sector_excess_return_5d"": -1.8270934023111836, ""activity_top120_count"": 1.0, ""activity_rank_improving_count"": 0.0, ""activity_volume_expansion_breadth"": 13.752488387524883, ""activity_institution_buy_breadth"": 47.72256728778468, ""activity_leader_strength"": 11.10260225217341}"
2026-06-04,SEMICONDUCTOR,-3.4931688459617583,-5.114010537381109,8,7,9.090909090909092,38.54166666666667,48.47870182555782,3,3,ACTIVE,Dataset A distribution; outcome-blind,"{""activity_sector_excess_return_3d"": -1.3650675253893185, ""activity_sector_excess_return_5d"": -1.8270934023111836, ""activity_top120_count"": 1.0, ""activity_rank_improving_count"": 0.0, ""activity_volume_expansion_breadth"": 13.752488387524883, ""activity_institution_buy_breadth"": 47.72256728778468, ""activity_leader_strength"": 11.10260225217341}"
2026-06-05,SEMICONDUCTOR,-2.8310351298011294,-4.316426177989241,11,6,8.181818181818182,37.5,34.730538922155674,3,3,ACTIVE,Dataset A distribution; outcome-blind,"{""activity_sector_excess_return_3d"": -1.3650675253893185, ""activity_sector_excess_return_5d"": -1.8270934023111836, ""activity_top120_count"": 1.0, ""activity_rank_improving_count"": 0.0, ""activity_volume_expansion_breadth"": 13.752488387524883, ""activity_institution_buy_breadth"": 47.72256728778468, ""activity_leader_strength"": 11.10260225217341}"
2026-06-08,SEMICONDUCTOR,-3.5933146650172,-6.144351387648129,5,2,7.2727272727272725,36.45833333333333,10.344827586206895,2,2,LOW_ACTIVITY,Dataset A distribution; outcome-blind,"{""activity_sector_excess_return_3d"": -1.3650675253893185, ""activity_sector_excess_return_5d"": -1.8270934023111836, ""activity_top120_count"": 1.0, ""activity_rank_improving_count"": 0.0, ""activity_volume_expansion_breadth"": 13.752488387524883, ""activity_institution_buy_breadth"": 47.72256728778468, ""activity_leader_strength"": 11.10260225217341}"
2026-06-09,SEMICONDUCTOR,-3.3974409339269096,-5.196525508040839,4,1,8.181818181818182,32.29166666666667,6.559405940594054,2,2,LOW_ACTIVITY,Dataset A distribution; outcome-blind,"{""activity_sector_excess_return_3d"": -1.3650675253893185, ""activity_sector_excess_return_5d"": -1.8270934023111836, ""activity_top120_count"": 1.0, ""activity_rank_improving_count"": 0.0, ""activity_volume_expansion_breadth"": 13.752488387524883, ""activity_institution_buy_breadth"": 47.72256728778468, ""activity_leader_strength"": 11.10260225217341}"
2026-06-10,SEMICONDUCTOR,-3.8576354759987215,-4.561604681167942,6,2,15.454545454545453,35.41666666666667,8.506224066390033,3,2,ACTIVE,Dataset A distribution; outcome-blind,"{""activity_sector_excess_return_3d"": -1.3650675253893185, ""activity_sector_excess_return_5d"": -1.8270934023111836, ""activity_top120_count"": 1.0, ""activity_rank_improving_count"": 0.0, ""activity_volume_expansion_breadth"": 13.752488387524883, ""activity_institution_buy_breadth"": 47.72256728778468, ""activity_leader_strength"": 11.10260225217341}"
2026-06-11,SEMICONDUCTOR,-0.1010640287826603,-3.895593461365233,5,1,12.727272727272727,55.208333333333336,10.619469026548668,4,2,ACTIVE,Dataset A distribution; outcome-blind,"{""activity_sector_excess_return_3d"": -1.3650675253893185, ""activity_sector_excess_return_5d"": -1.8270934023111836, ""activity_top120_count"": 1.0, ""activity_rank_improving_count"": 0.0, ""activity_volume_expansion_breadth"": 13.752488387524883, ""activity_institution_buy_breadth"": 47.72256728778468, ""activity_leader_strength"": 11.10260225217341}"
2026-06-12,SEMICONDUCTOR,1.0124587177470556,-1.8869572331172146,16,0,14.545454545454545,59.375,13.82789317507418,6,3,ACTIVE,Dataset A distribution; outcome-blind,"{""activity_sector_excess_return_3d"": -1.3650675253893185, ""activity_sector_excess_return_5d"": -1.8270934023111836, ""activity_top120_count"": 1.0, ""activity_rank_improving_count"": 0.0, ""activity_volume_expansion_breadth"": 13.752488387524883, ""activity_institution_buy_breadth"": 47.72256728778468, ""activity_leader_strength"": 11.10260225217341}"
2026-06-15,SEMICONDUCTOR,1.4805303433395034,1.976370412844064,10,0,12.727272727272727,50.0,37.54789272030652,6,4,HIGH_ACTIVITY,Dataset A distribution; outcome-blind,"{""activity_sector_excess_return_3d"": -1.3650675253893185, ""activity_sector_excess_return_5d"": -1.8270934023111836, ""activity_top120_count"": 1.0, ""activity_rank_improving_count"": 0.0, ""activity_volume_expansion_breadth"": 13.752488387524883, ""activity_institution_buy_breadth"": 47.72256728778468, ""activity_leader_strength"": 11.10260225217341}"
2026-06-16,SEMICONDUCTOR,-1.107813934026236,-0.3957593473936649,15,3,18.181818181818183,38.54166666666667,38.66432337434096,6,3,ACTIVE,Dataset A distribution; outcome-blind,"{""activity_sector_excess_return_3d"": -1.3650675253893185, ""activity_sector_excess_return_5d"": -1.8270934023111836, ""activity_top120_count"": 1.0, ""activity_rank_improving_count"": 0.0, ""activity_volume_expansion_breadth"": 13.752488387524883, ""activity_institution_buy_breadth"": 47.72256728778468, ""activity_leader_strength"": 11.10260225217341}"
2026-06-17,SEMICONDUCTOR,-0.16405072337912774,1.2563896654415485,12,12,17.272727272727273,45.83333333333333,46.48148148148148,6,4,HIGH_ACTIVITY,Dataset A distribution; outcome-blind,"{""activity_sector_excess_return_3d"": -1.3650675253893185, ""activity_sector_excess_return_5d"": -1.8270934023111836, ""activity_top120_count"": 1.0, ""activity_rank_improving_count"": 0.0, ""activity_volume_expansion_breadth"": 13.752488387524883, ""activity_institution_buy_breadth"": 47.72256728778468, ""activity_leader_strength"": 11.10260225217341}"
2026-06-18,SEMICONDUCTOR,1.8415894043154024,4.6279983023571605,10,9,34.54545454545455,59.375,49.20634920634921,7,7,HIGH_ACTIVITY,Dataset A distribution; outcome-blind,"{""activity_sector_excess_return_3d"": -1.3650675253893185, ""activity_sector_excess_return_5d"": -1.8270934023111836, ""activity_top120_count"": 1.0, ""activity_rank_improving_count"": 0.0, ""activity_volume_expansion_breadth"": 13.752488387524883, ""activity_institution_buy_breadth"": 47.72256728778468, ""activity_leader_strength"": 11.10260225217341}"
2026-06-22,SEMICONDUCTOR,7.3355919608361075,7.055753216677841,23,22,41.81818181818181,63.541666666666664,45.63106796116505,7,7,HIGH_ACTIVITY,Dataset A distribution; outcome-blind,"{""activity_sector_excess_return_3d"": -1.3650675253893185, ""activity_sector_excess_return_5d"": -1.8270934023111836, ""activity_top120_count"": 1.0, ""activity_rank_improving_count"": 0.0, ""activity_volume_expansion_breadth"": 13.752488387524883, ""activity_institution_buy_breadth"": 47.72256728778468, ""activity_leader_strength"": 11.10260225217341}"
2026-06-23,SEMICONDUCTOR,2.1581935042015,4.106274715462899,38,6,44.54545454545455,43.75,44.783715012722645,6,6,HIGH_ACTIVITY,Dataset A distribution; outcome-blind,"{""activity_sector_excess_return_3d"": -1.3650675253893185, ""activity_sector_excess_return_5d"": -1.8270934023111836, ""activity_top120_count"": 1.0, ""activity_rank_improving_count"": 0.0, ""activity_volume_expansion_breadth"": 13.752488387524883, ""activity_institution_buy_breadth"": 47.72256728778468, ""activity_leader_strength"": 11.10260225217341}"
2026-06-24,SEMICONDUCTOR,2.682493641484296,7.351538313264561,15,2,29.09090909090909,40.625,46.314102564102555,6,6,HIGH_ACTIVITY,Dataset A distribution; outcome-blind,"{""activity_sector_excess_return_3d"": -1.3650675253893185, ""activity_sector_excess_return_5d"": -1.8270934023111836, ""activity_top120_count"": 1.0, ""activity_rank_improving_count"": 0.0, ""activity_volume_expansion_breadth"": 13.752488387524883, ""activity_institution_buy_breadth"": 47.72256728778468, ""activity_leader_strength"": 11.10260225217341}"
2026-06-25,SEMICONDUCTOR,0.8324172064512636,3.0802519917092264,11,8,26.36363636363636,33.33333333333333,39.212598425196866,6,5,HIGH_ACTIVITY,Dataset A distribution; outcome-blind,"{""activity_sector_excess_return_3d"": -1.3650675253893185, ""activity_sector_excess_return_5d"": -1.8270934023111836, ""activity_top120_count"": 1.0, ""activity_rank_improving_count"": 0.0, ""activity_volume_expansion_breadth"": 13.752488387524883, ""activity_institution_buy_breadth"": 47.72256728778468, ""activity_leader_strength"": 11.10260225217341}"
2026-06-26,SEMICONDUCTOR,-1.0647044195905675,0.22880978254030682,8,5,27.27272727272727,36.45833333333333,23.209169054441258,6,4,HIGH_ACTIVITY,Dataset A distribution; outcome-blind,"{""activity_sector_excess_return_3d"": -1.3650675253893185, ""activity_sector_excess_return_5d"": -1.8270934023111836, ""activity_top120_count"": 1.0, ""activity_rank_improving_count"": 0.0, ""activity_volume_expansion_breadth"": 13.752488387524883, ""activity_institution_buy_breadth"": 47.72256728778468, ""activity_leader_strength"": 11.10260225217341}"
2026-06-29,SEMICONDUCTOR,-5.194475765167915,-2.1190225545439922,5,1,10.0,42.70833333333333,14.67391304347827,3,2,ACTIVE,Dataset A distribution; outcome-blind,"{""activity_sector_excess_return_3d"": -1.3650675253893185, ""activity_sector_excess_return_5d"": -1.8270934023111836, ""activity_top120_count"": 1.0, ""activity_rank_improving_count"": 0.0, ""activity_volume_expansion_breadth"": 13.752488387524883, ""activity_institution_buy_breadth"": 47.72256728778468, ""activity_leader_strength"": 11.10260225217341}"
2026-06-30,SEMICONDUCTOR,-2.559472847389188,-1.7859385692104102,5,0,10.0,36.45833333333333,27.612761276127596,4,2,ACTIVE,Dataset A distribution; outcome-blind,"{""activity_sector_excess_return_3d"": -1.3650675253893185, ""activity_sector_excess_return_5d"": -1.8270934023111836, ""activity_top120_count"": 1.0, ""activity_rank_improving_count"": 0.0, ""activity_volume_expansion_breadth"": 13.752488387524883, ""activity_institution_buy_breadth"": 47.72256728778468, ""activity_leader_strength"": 11.10260225217341}"
2026-07-01,SEMICONDUCTOR,-2.88830881784663,-6.94074018918197,20,3,26.36363636363636,59.375,27.627627627627625,5,5,HIGH_ACTIVITY,Dataset A distribution; outcome-blind,"{""activity_sector_excess_return_3d"": -1.3650675253893185, ""activity_sector_excess_return_5d"": -1.8270934023111836, ""activity_top120_count"": 1.0, ""activity_rank_improving_count"": 0.0, ""activity_volume_expansion_breadth"": 13.752488387524883, ""activity_institution_buy_breadth"": 47.72256728778468, ""activity_leader_strength"": 11.10260225217341}"
2026-07-02,SEMICONDUCTOR,0.5069749361347631,-1.4255112417570048,13,1,14.545454545454545,57.291666666666664,37.254901960784316,7,3,ACTIVE,Dataset A distribution; outcome-blind,"{""activity_sector_excess_return_3d"": -1.3650675253893185, ""activity_sector_excess_return_5d"": -1.8270934023111836, ""activity_top120_count"": 1.0, ""activity_rank_improving_count"": 0.0, ""activity_volume_expansion_breadth"": 13.752488387524883, ""activity_institution_buy_breadth"": 47.72256728778468, ""activity_leader_strength"": 11.10260225217341}"
2026-07-03,SEMICONDUCTOR,0.3097091572761945,0.6204693877783996,8,2,16.363636363636363,39.58333333333333,58.85416666666667,6,3,ACTIVE,Dataset A distribution; outcome-blind,"{""activity_sector_excess_return_3d"": -1.3650675253893185, ""activity_sector_excess_return_5d"": -1.8270934023111836, ""activity_top120_count"": 1.0, ""activity_rank_improving_count"": 0.0, ""activity_volume_expansion_breadth"": 13.752488387524883, ""activity_institution_buy_breadth"": 47.72256728778468, ""activity_leader_strength"": 11.10260225217341}"
2026-07-06,SEMICONDUCTOR,3.53487820689522,1.411255517075749,17,14,19.090909090909093,48.95833333333333,52.13270142180095,7,5,HIGH_ACTIVITY,Dataset A distribution; outcome-blind,"{""activity_sector_excess_return_3d"": -1.3650675253893185, ""activity_sector_excess_return_5d"": -1.8270934023111836, ""activity_top120_count"": 1.0, ""activity_rank_improving_count"": 0.0, ""activity_volume_expansion_breadth"": 13.752488387524883, ""activity_institution_buy_breadth"": 47.72256728778468, ""activity_leader_strength"": 11.10260225217341}"
2026-07-07,SEMICONDUCTOR,-1.0732001804050317,-0.963681841566788,20,6,27.27272727272727,43.75,51.72413793103448,6,4,HIGH_ACTIVITY,Dataset A distribution; outcome-blind,"{""activity_sector_excess_return_3d"": -1.3650675253893185, ""activity_sector_excess_return_5d"": -1.8270934023111836, ""activity_top120_count"": 1.0, ""activity_rank_improving_count"": 0.0, ""activity_volume_expansion_breadth"": 13.752488387524883, ""activity_institution_buy_breadth"": 47.72256728778468, ""activity_leader_strength"": 11.10260225217341}"
2026-07-08,SEMICONDUCTOR,-2.098410542407114,0.8154723566795141,21,5,6.363636363636363,35.41666666666667,32.15686274509804,4,3,ACTIVE,Dataset A distribution; outcome-blind,"{""activity_sector_excess_return_3d"": -1.3650675253893185, ""activity_sector_excess_return_5d"": -1.8270934023111836, ""activity_top120_count"": 1.0, ""activity_rank_improving_count"": 0.0, ""activity_volume_expansion_breadth"": 13.752488387524883, ""activity_institution_buy_breadth"": 47.72256728778468, ""activity_leader_strength"": 11.10260225217341}"
2026-07-09,SEMICONDUCTOR,-1.6686572455467452,-0.8420430858153138,15,2,9.090909090909092,41.66666666666667,19.819819819819816,4,2,ACTIVE,Dataset A distribution; outcome-blind,"{""activity_sector_excess_return_3d"": -1.3650675253893185, ""activity_sector_excess_return_5d"": -1.8270934023111836, ""activity_top120_count"": 1.0, ""activity_rank_improving_count"": 0.0, ""activity_volume_expansion_breadth"": 13.752488387524883, ""activity_institution_buy_breadth"": 47.72256728778468, ""activity_leader_strength"": 11.10260225217341}"
2026-07-13,SEMICONDUCTOR,-2.585320728887619,-3.0016443719887547,10,2,13.636363636363635,39.58333333333333,9.523809523809534,2,2,LOW_ACTIVITY,Dataset A distribution; outcome-blind,"{""activity_sector_excess_return_3d"": -1.3650675253893185, ""activity_sector_excess_return_5d"": -1.8270934023111836, ""activity_top120_count"": 1.0, ""activity_rank_improving_count"": 0.0, ""activity_volume_expansion_breadth"": 13.752488387524883, ""activity_institution_buy_breadth"": 47.72256728778468, ""activity_leader_strength"": 11.10260225217341}"
2026-07-14,SEMICONDUCTOR,-3.864087887590439,-5.77721155864146,10,2,18.181818181818183,43.75,25.61576354679802,4,3,ACTIVE,Dataset A distribution; outcome-blind,"{""activity_sector_excess_return_3d"": -1.3650675253893185, ""activity_sector_excess_return_5d"": -1.8270934023111836, ""activity_top120_count"": 1.0, ""activity_rank_improving_count"": 0.0, ""activity_volume_expansion_breadth"": 13.752488387524883, ""activity_institution_buy_breadth"": 47.72256728778468, ""activity_leader_strength"": 11.10260225217341}"
2026-07-15,SEMICONDUCTOR,-3.06971506332423,-2.1947789430181497,14,3,9.090909090909092,40.625,36.55352480417755,3,3,ACTIVE,Dataset A distribution; outcome-blind,"{""activity_sector_excess_return_3d"": -1.3650675253893185, ""activity_sector_excess_return_5d"": -1.8270934023111836, ""activity_top120_count"": 1.0, ""activity_rank_improving_count"": 0.0, ""activity_volume_expansion_breadth"": 13.752488387524883, ""activity_institution_buy_breadth"": 47.72256728778468, ""activity_leader_strength"": 11.10260225217341}"
2026-07-16,SEMICONDUCTOR,-3.3087723903196586,-5.277968586680027,12,4,10.0,35.41666666666667,19.875,3,2,ACTIVE,Dataset A distribution; outcome-blind,"{""activity_sector_excess_return_3d"": -1.3650675253893185, ""activity_sector_excess_return_5d"": -1.8270934023111836, ""activity_top120_count"": 1.0, ""activity_rank_improving_count"": 0.0, ""activity_volume_expansion_breadth"": 13.752488387524883, ""activity_institution_buy_breadth"": 47.72256728778468, ""activity_leader_strength"": 11.10260225217341}"
2026-07-17,SEMICONDUCTOR,-2.2520861573306457,-6.5836444189466,7,1,14.545454545454545,34.375,30.467762326169414,4,3,ACTIVE,Dataset A distribution; outcome-blind,"{""activity_sector_excess_return_3d"": -1.3650675253893185, ""activity_sector_excess_return_5d"": -1.8270934023111836, ""activity_top120_count"": 1.0, ""activity_rank_improving_count"": 0.0, ""activity_volume_expansion_breadth"": 13.752488387524883, ""activity_institution_buy_breadth"": 47.72256728778468, ""activity_leader_strength"": 11.10260225217341}"
2026-07-20,SEMICONDUCTOR,-4.893503543102451,-6.221416797598723,4,3,11.818181818181818,60.416666666666664,28.8488210818308,4,4,HIGH_ACTIVITY,Dataset A distribution; outcome-blind,"{""activity_sector_excess_return_3d"": -1.3650675253893185, ""activity_sector_excess_return_5d"": -1.8270934023111836, ""activity_top120_count"": 1.0, ""activity_rank_improving_count"": 0.0, ""activity_volume_expansion_breadth"": 13.752488387524883, ""activity_institution_buy_breadth"": 47.72256728778468, ""activity_leader_strength"": 11.10260225217341}"
2026-07-21,SEMICONDUCTOR,-3.8027312467567413,-5.191780322758799,5,2,9.090909090909092,35.41666666666667,28.625472887767977,3,3,ACTIVE,Dataset A distribution; outcome-blind,"{""activity_sector_excess_return_3d"": -1.3650675253893185, ""activity_sector_excess_return_5d"": -1.8270934023111836, ""activity_top120_count"": 1.0, ""activity_rank_improving_count"": 0.0, ""activity_volume_expansion_breadth"": 13.752488387524883, ""activity_institution_buy_breadth"": 47.72256728778468, ""activity_leader_strength"": 11.10260225217341}"
2026-07-22,SEMICONDUCTOR,-1.649322529821684,-4.032912728185522,3,1,13.636363636363635,50.0,14.908256880733939,4,2,ACTIVE,Dataset A distribution; outcome-blind,"{""activity_sector_excess_return_3d"": -1.3650675253893185, ""activity_sector_excess_return_5d"": -1.8270934023111836, ""activity_top120_count"": 1.0, ""activity_rank_improving_count"": 0.0, ""activity_volume_expansion_breadth"": 13.752488387524883, ""activity_institution_buy_breadth"": 47.72256728778468, ""activity_leader_strength"": 11.10260225217341}"
2026-07-23,SEMICONDUCTOR,-1.1325555388410846,-3.4313934254931455,1,0,6.363636363636363,31.25,10.223642172523961,3,0,ACTIVE,Dataset A distribution; outcome-blind,"{""activity_sector_excess_return_3d"": -1.3650675253893185, ""activity_sector_excess_return_5d"": -1.8270934023111836, ""activity_top120_count"": 1.0, ""activity_rank_improving_count"": 0.0, ""activity_volume_expansion_breadth"": 13.752488387524883, ""activity_institution_buy_breadth"": 47.72256728778468, ""activity_leader_strength"": 11.10260225217341}"
2026-07-24,SEMICONDUCTOR,0.11156924451085626,-2.193758795082612,5,3,9.090909090909092,31.25,18.085106382978733,4,2,ACTIVE,Dataset A distribution; outcome-blind,"{""activity_sector_excess_return_3d"": -1.3650675253893185, ""activity_sector_excess_return_5d"": -1.8270934023111836, ""activity_top120_count"": 1.0, ""activity_rank_improving_count"": 0.0, ""activity_volume_expansion_breadth"": 13.752488387524883, ""activity_institution_buy_breadth"": 47.72256728778468, ""activity_leader_strength"": 11.10260225217341}"
2026-05-28,SHIPPING_CONTAINER,-0.22806711094089938,-5.483026700937765,3,0,46.15384615384615,80.0,9.076923076923094,5,3,ACTIVE,Dataset A distribution; outcome-blind,"{""activity_sector_excess_return_3d"": -1.3650675253893185, ""activity_sector_excess_return_5d"": -1.8270934023111836, ""activity_top120_count"": 1.0, ""activity_rank_improving_count"": 0.0, ""activity_volume_expansion_breadth"": 13.752488387524883, ""activity_institution_buy_breadth"": 47.72256728778468, ""activity_leader_strength"": 11.10260225217341}"
2026-05-29,SHIPPING_CONTAINER,-1.999211106092269,-5.445667735245396,3,0,53.84615384615385,68.0,5.758426966292118,4,3,ACTIVE,Dataset A distribution; outcome-blind,"{""activity_sector_excess_return_3d"": -1.3650675253893185, ""activity_sector_excess_return_5d"": -1.8270934023111836, ""activity_top120_count"": 1.0, ""activity_rank_improving_count"": 0.0, ""activity_volume_expansion_breadth"": 13.752488387524883, ""activity_institution_buy_breadth"": 47.72256728778468, ""activity_leader_strength"": 11.10260225217341}"
2026-06-01,SHIPPING_CONTAINER,1.3780058160494324,-0.7874622995763358,6,0,76.92307692307693,92.0,8.272058823529417,6,4,HIGH_ACTIVITY,Dataset A distribution; outcome-blind,"{""activity_sector_excess_return_3d"": -1.3650675253893185, ""activity_sector_excess_return_5d"": -1.8270934023111836, ""activity_top120_count"": 1.0, ""activity_rank_improving_count"": 0.0, ""activity_volume_expansion_breadth"": 13.752488387524883, ""activity_institution_buy_breadth"": 47.72256728778468, ""activity_leader_strength"": 11.10260225217341}"
2026-06-02,SHIPPING_CONTAINER,-1.5478634249599166,-1.72722726727772,3,3,46.15384615384615,28.000000000000004,9.219858156028371,4,3,ACTIVE,Dataset A distribution; outcome-blind,"{""activity_sector_excess_return_3d"": -1.3650675253893185, ""activity_sector_excess_return_5d"": -1.8270934023111836, ""activity_top120_count"": 1.0, ""activity_rank_improving_count"": 0.0, ""activity_volume_expansion_breadth"": 13.752488387524883, ""activity_institution_buy_breadth"": 47.72256728778468, ""activity_leader_strength"": 11.10260225217341}"
2026-06-03,SHIPPING_CONTAINER,-0.9379838033421573,-1.1914594653687605,4,4,50.0,72.0,12.056737588652489,7,4,HIGH_ACTIVITY,Dataset A distribution; outcome-blind,"{""activity_sector_excess_return_3d"": -1.3650675253893185, ""activity_sector_excess_return_5d"": -1.8270934023111836, ""activity_top120_count"": 1.0, ""activity_rank_improving_count"": 0.0, ""activity_volume_expansion_breadth"": 13.752488387524883, ""activity_institution_buy_breadth"": 47.72256728778468, ""activity_leader_strength"": 11.10260225217341}"
2026-06-04,SHIPPING_CONTAINER,-1.0822650772094766,-1.2682384055827667,4,3,19.230769230769234,40.0,11.848341232227488,6,2,ACTIVE,Dataset A distribution; outcome-blind,"{""activity_sector_excess_return_3d"": -1.3650675253893185, ""activity_sector_excess_return_5d"": -1.8270934023111836, ""activity_top120_count"": 1.0, ""activity_rank_improving_count"": 0.0, ""activity_volume_expansion_breadth"": 13.752488387524883, ""activity_institution_buy_breadth"": 47.72256728778468, ""activity_leader_strength"": 11.10260225217341}"
2026-06-05,SHIPPING_CONTAINER,2.356998628584017,2.6808307993833935,1,1,42.30769230769231,52.0,8.920187793427225,6,4,HIGH_ACTIVITY,Dataset A distribution; outcome-blind,"{""activity_sector_excess_return_3d"": -1.3650675253893185, ""activity_sector_excess_return_5d"": -1.8270934023111836, ""activity_top120_count"": 1.0, ""activity_rank_improving_count"": 0.0, ""activity_volume_expansion_breadth"": 13.752488387524883, ""activity_institution_buy_breadth"": 47.72256728778468, ""activity_leader_strength"": 11.10260225217341}"
2026-06-08,SHIPPING_CONTAINER,3.839123447032566,1.7143389126965443,1,1,30.76923076923077,52.0,1.831501831501825,6,4,HIGH_ACTIVITY,Dataset A distribution; outcome-blind,"{""activity_sector_excess_return_3d"": -1.3650675253893185, ""activity_sector_excess_return_5d"": -1.8270934023111836, ""activity_top120_count"": 1.0, ""activity_rank_improving_count"": 0.0, ""activity_volume_expansion_breadth"": 13.752488387524883, ""activity_institution_buy_breadth"": 47.72256728778468, ""activity_leader_strength"": 11.10260225217341}"
2026-06-09,SHIPPING_CONTAINER,1.543113108299865,2.267338477562275,0,0,26.923076923076923,36.0,6.443914081145596,4,3,ACTIVE,Dataset A distribution; outcome-blind,"{""activity_sector_excess_return_3d"": -1.3650675253893185, ""activity_sector_excess_return_5d"": -1.8270934023111836, ""activity_top120_count"": 1.0, ""activity_rank_improving_count"": 0.0, ""activity_volume_expansion_breadth"": 13.752488387524883, ""activity_institution_buy_breadth"": 47.72256728778468, ""activity_leader_strength"": 11.10260225217341}"
2026-06-10,SHIPPING_CONTAINER,2.289380089152327,5.661433150565543,1,0,23.076923076923077,40.0,12.439024390243913,6,3,ACTIVE,Dataset A distribution; outcome-blind,"{""activity_sector_excess_return_3d"": -1.3650675253893185, ""activity_sector_excess_return_5d"": -1.8270934023111836, ""activity_top120_count"": 1.0, ""activity_rank_improving_count"": 0.0, ""activity_volume_expansion_breadth"": 13.752488387524883, ""activity_institution_buy_breadth"": 47.72256728778468, ""activity_leader_strength"": 11.10260225217341}"
2026-06-11,SHIPPING_CONTAINER,1.414587618903984,4.751679487135618,0,0,19.230769230769234,48.0,5.769230769230771,5,2,ACTIVE,Dataset A distribution; outcome-blind,"{""activity_sector_excess_return_3d"": -1.3650675253893185, ""activity_sector_excess_return_5d"": -1.8270934023111836, ""activity_top120_count"": 1.0, ""activity_rank_improving_count"": 0.0, ""activity_volume_expansion_breadth"": 13.752488387524883, ""activity_institution_buy_breadth"": 47.72256728778468, ""activity_leader_strength"": 11.10260225217341}"
2026-06-12,SHIPPING_CONTAINER,1.695775907913566,0.8849962216706087,7,0,23.076923076923077,76.0,4.044117647058831,6,4,HIGH_ACTIVITY,Dataset A distribution; outcome-blind,"{""activity_sector_excess_return_3d"": -1.3650675253893185, ""activity_sector_excess_return_5d"": -1.8270934023111836, ""activity_top120_count"": 1.0, ""activity_rank_improving_count"": 0.0, ""activity_volume_expansion_breadth"": 13.752488387524883, ""activity_institution_buy_breadth"": 47.72256728778468, ""activity_leader_strength"": 11.10260225217341}"
2026-06-15,SHIPPING_CONTAINER,-3.8845825333017725,-2.5613987916976777,2,0,23.076923076923077,60.0,12.335958005249337,5,2,ACTIVE,Dataset A distribution; outcome-blind,"{""activity_sector_excess_return_3d"": -1.3650675253893185, ""activity_sector_excess_return_5d"": -1.8270934023111836, ""activity_top120_count"": 1.0, ""activity_rank_improving_count"": 0.0, ""activity_volume_expansion_breadth"": 13.752488387524883, ""activity_institution_buy_breadth"": 47.72256728778468, ""activity_leader_strength"": 11.10260225217341}"
2026-06-16,SHIPPING_CONTAINER,-6.0346276032269275,-3.146906721182563,0,0,3.8461538461538463,44.0,8.717948717948708,1,0,LOW_ACTIVITY,Dataset A distribution; outcome-blind,"{""activity_sector_excess_return_3d"": -1.3650675253893185, ""activity_sector_excess_return_5d"": -1.8270934023111836, ""activity_top120_count"": 1.0, ""activity_rank_improving_count"": 0.0, ""activity_volume_expansion_breadth"": 13.752488387524883, ""activity_institution_buy_breadth"": 47.72256728778468, ""activity_leader_strength"": 11.10260225217341}"
2026-06-17,SHIPPING_CONTAINER,-3.867754427082848,-5.031973505913956,5,4,23.076923076923077,72.0,14.228187919463075,5,4,HIGH_ACTIVITY,Dataset A distribution; outcome-blind,"{""activity_sector_excess_return_3d"": -1.3650675253893185, ""activity_sector_excess_return_5d"": -1.8270934023111836, ""activity_top120_count"": 1.0, ""activity_rank_improving_count"": 0.0, ""activity_volume_expansion_breadth"": 13.752488387524883, ""activity_institution_buy_breadth"": 47.72256728778468, ""activity_leader_strength"": 11.10260225217341}"
2026-06-18,SHIPPING_CONTAINER,-3.119324993072037,-7.435557791049696,3,1,15.384615384615385,32.0,13.110539845758362,4,2,ACTIVE,Dataset A distribution; outcome-blind,"{""activity_sector_excess_return_3d"": -1.3650675253893185, ""activity_sector_excess_return_5d"": -1.8270934023111836, ""activity_top120_count"": 1.0, ""activity_rank_improving_count"": 0.0, ""activity_volume_expansion_breadth"": 13.752488387524883, ""activity_institution_buy_breadth"": 47.72256728778468, ""activity_leader_strength"": 11.10260225217341}"
2026-06-22,SHIPPING_CONTAINER,-4.094736109598207,-8.490186745963912,2,0,11.538461538461538,56.00000000000001,10.141206675224645,3,0,ACTIVE,Dataset A distribution; outcome-blind,"{""activity_sector_excess_return_3d"": -1.3650675253893185, ""activity_sector_excess_return_5d"": -1.8270934023111836, ""activity_top120_count"": 1.0, ""activity_rank_improving_count"": 0.0, ""activity_volume_expansion_breadth"": 13.752488387524883, ""activity_institution_buy_breadth"": 47.72256728778468, ""activity_leader_strength"": 11.10260225217341}"
2026-06-23,SHIPPING_CONTAINER,-3.441561697756901,-4.851704974224125,5,3,3.8461538461538463,52.0,7.509386733416767,3,2,ACTIVE,Dataset A distribution; outcome-blind,"{""activity_sector_excess_return_3d"": -1.3650675253893185, ""activity_sector_excess_return_5d"": -1.8270934023111836, ""activity_top120_count"": 1.0, ""activity_rank_improving_count"": 0.0, ""activity_volume_expansion_breadth"": 13.752488387524883, ""activity_institution_buy_breadth"": 47.72256728778468, ""activity_leader_strength"": 11.10260225217341}"
2026-06-24,SHIPPING_CONTAINER,0.5637031008063453,-1.455105776398391,5,4,11.538461538461538,72.0,11.347517730496449,6,3,ACTIVE,Dataset A distribution; outcome-blind,"{""activity_sector_excess_return_3d"": -1.3650675253893185, ""activity_sector_excess_return_5d"": -1.8270934023111836, ""activity_top120_count"": 1.0, ""activity_rank_improving_count"": 0.0, ""activity_volume_expansion_breadth"": 13.752488387524883, ""activity_institution_buy_breadth"": 47.72256728778468, ""activity_leader_strength"": 11.10260225217341}"
2026-06-25,SHIPPING_CONTAINER,2.1935787309521726,-1.6275104330949919,4,4,7.6923076923076925,48.0,10.998307952622666,5,3,ACTIVE,Dataset A distribution; outcome-blind,"{""activity_sector_excess_return_3d"": -1.3650675253893185, ""activity_sector_excess_return_5d"": -1.8270934023111836, ""activity_top120_count"": 1.0, ""activity_rank_improving_count"": 0.0, ""activity_volume_expansion_breadth"": 13.752488387524883, ""activity_institution_buy_breadth"": 47.72256728778468, ""activity_leader_strength"": 11.10260225217341}"
2026-06-26,SHIPPING_CONTAINER,3.537617278319361,1.2259607796913041,5,4,11.538461538461538,20.0,7.560137457044669,4,4,HIGH_ACTIVITY,Dataset A distribution; outcome-blind,"{""activity_sector_excess_return_3d"": -1.3650675253893185, ""activity_sector_excess_return_5d"": -1.8270934023111836, ""activity_top120_count"": 1.0, ""activity_rank_improving_count"": 0.0, ""activity_volume_expansion_breadth"": 13.752488387524883, ""activity_institution_buy_breadth"": 47.72256728778468, ""activity_leader_strength"": 11.10260225217341}"
2026-06-29,SHIPPING_CONTAINER,1.2322817862889135,3.745940452603413,1,1,7.6923076923076925,64.0,5.9633027522935755,5,4,HIGH_ACTIVITY,Dataset A distribution; outcome-blind,"{""activity_sector_excess_return_3d"": -1.3650675253893185, ""activity_sector_excess_return_5d"": -1.8270934023111836, ""activity_top120_count"": 1.0, ""activity_rank_improving_count"": 0.0, ""activity_volume_expansion_breadth"": 13.752488387524883, ""activity_institution_buy_breadth"": 47.72256728778468, ""activity_leader_strength"": 11.10260225217341}"
2026-06-30,SHIPPING_CONTAINER,-0.4476288554190133,1.4846877958991644,5,2,11.538461538461538,60.0,15.895610913404523,6,4,HIGH_ACTIVITY,Dataset A distribution; outcome-blind,"{""activity_sector_excess_return_3d"": -1.3650675253893185, ""activity_sector_excess_return_5d"": -1.8270934023111836, ""activity_top120_count"": 1.0, ""activity_rank_improving_count"": 0.0, ""activity_volume_expansion_breadth"": 13.752488387524883, ""activity_institution_buy_breadth"": 47.72256728778468, ""activity_leader_strength"": 11.10260225217341}"
2026-07-01,SHIPPING_CONTAINER,-4.794887127204972,-2.8361085130835573,0,0,19.230769230769234,36.0,21.5547703180212,3,0,ACTIVE,Dataset A distribution; outcome-blind,"{""activity_sector_excess_return_3d"": -1.3650675253893185, ""activity_sector_excess_return_5d"": -1.8270934023111836, ""activity_top120_count"": 1.0, ""activity_rank_improving_count"": 0.0, ""activity_volume_expansion_breadth"": 13.752488387524883, ""activity_institution_buy_breadth"": 47.72256728778468, ""activity_leader_strength"": 11.10260225217341}"
2026-07-02,SHIPPING_CONTAINER,-3.8761419469821146,-1.5742022525169763,0,0,15.384615384615385,56.00000000000001,20.80856123662307,5,0,ACTIVE,Dataset A distribution; outcome-blind,"{""activity_sector_excess_return_3d"": -1.3650675253893185, ""activity_sector_excess_return_5d"": -1.8270934023111836, ""activity_top120_count"": 1.0, ""activity_rank_improving_count"": 0.0, ""activity_volume_expansion_breadth"": 13.752488387524883, ""activity_institution_buy_breadth"": 47.72256728778468, ""activity_leader_strength"": 11.10260225217341}"
2026-07-03,SHIPPING_CONTAINER,1.0681647180888376,-1.170878232891348,6,4,53.84615384615385,88.0,33.65269461077845,7,6,HIGH_ACTIVITY,Dataset A distribution; outcome-blind,"{""activity_sector_excess_return_3d"": -1.3650675253893185, ""activity_sector_excess_return_5d"": -1.8270934023111836, ""activity_top120_count"": 1.0, ""activity_rank_improving_count"": 0.0, ""activity_volume_expansion_breadth"": 13.752488387524883, ""activity_institution_buy_breadth"": 47.72256728778468, ""activity_leader_strength"": 11.10260225217341}"
2026-07-06,SHIPPING_CONTAINER,3.980112480379905,-0.488577323351147,6,0,26.923076923076923,68.0,38.372093023255815,7,5,HIGH_ACTIVITY,Dataset A distribution; outcome-blind,"{""activity_sector_excess_return_3d"": -1.3650675253893185, ""activity_sector_excess_return_5d"": -1.8270934023111836, ""activity_top120_count"": 1.0, ""activity_rank_improving_count"": 0.0, ""activity_volume_expansion_breadth"": 13.752488387524883, ""activity_institution_buy_breadth"": 47.72256728778468, ""activity_leader_strength"": 11.10260225217341}"
2026-07-07,SHIPPING_CONTAINER,3.5854482577709623,2.2581688719249926,2,0,15.384615384615385,44.0,15.633423180592999,6,2,ACTIVE,Dataset A distribution; outcome-blind,"{""activity_sector_excess_return_3d"": -1.3650675253893185, ""activity_sector_excess_return_5d"": -1.8270934023111836, ""activity_top120_count"": 1.0, ""activity_rank_improving_count"": 0.0, ""activity_volume_expansion_breadth"": 13.752488387524883, ""activity_institution_buy_breadth"": 47.72256728778468, ""activity_leader_strength"": 11.10260225217341}"
2026-07-08,SHIPPING_CONTAINER,2.04557786458065,4.286449218780919,9,8,11.538461538461538,56.00000000000001,15.441176470588225,6,4,HIGH_ACTIVITY,Dataset A distribution; outcome-blind,"{""activity_sector_excess_return_3d"": -1.3650675253893185, ""activity_sector_excess_return_5d"": -1.8270934023111836, ""activity_top120_count"": 1.0, ""activity_rank_improving_count"": 0.0, ""activity_volume_expansion_breadth"": 13.752488387524883, ""activity_institution_buy_breadth"": 47.72256728778468, ""activity_leader_strength"": 11.10260225217341}"
2026-07-09,SHIPPING_CONTAINER,1.6073167804272814,4.840802678774314,7,3,11.538461538461538,68.0,21.8274111675127,6,5,HIGH_ACTIVITY,Dataset A distribution; outcome-blind,"{""activity_sector_excess_return_3d"": -1.3650675253893185, ""activity_sector_excess_return_5d"": -1.8270934023111836, ""activity_top120_count"": 1.0, ""activity_rank_improving_count"": 0.0, ""activity_volume_expansion_breadth"": 13.752488387524883, ""activity_institution_buy_breadth"": 47.72256728778468, ""activity_leader_strength"": 11.10260225217341}"
2026-07-13,SHIPPING_CONTAINER,0.7304794774315115,1.6869358874768703,6,1,38.46153846153847,60.0,16.166281755196298,7,5,HIGH_ACTIVITY,Dataset A distribution; outcome-blind,"{""activity_sector_excess_return_3d"": -1.3650675253893185, ""activity_sector_excess_return_5d"": -1.8270934023111836, ""activity_top120_count"": 1.0, ""activity_rank_improving_count"": 0.0, ""activity_volume_expansion_breadth"": 13.752488387524883, ""activity_institution_buy_breadth"": 47.72256728778468, ""activity_leader_strength"": 11.10260225217341}"
2026-07-14,SHIPPING_CONTAINER,1.158388939397681,1.7954974225182219,4,3,38.46153846153847,52.0,10.657193605683846,6,5,HIGH_ACTIVITY,Dataset A distribution; outcome-blind,"{""activity_sector_excess_return_3d"": -1.3650675253893185, ""activity_sector_excess_return_5d"": -1.8270934023111836, ""activity_top120_count"": 1.0, ""activity_rank_improving_count"": 0.0, ""activity_volume_expansion_breadth"": 13.752488387524883, ""activity_institution_buy_breadth"": 47.72256728778468, ""activity_leader_strength"": 11.10260225217341}"
2026-07-15,SHIPPING_CONTAINER,-0.3643932511623982,0.34965669606257244,4,2,15.384615384615385,84.0,12.82051282051282,7,3,ACTIVE,Dataset A distribution; outcome-blind,"{""activity_sector_excess_return_3d"": -1.3650675253893185, ""activity_sector_excess_return_5d"": -1.8270934023111836, ""activity_top120_count"": 1.0, ""activity_rank_improving_count"": 0.0, ""activity_volume_expansion_breadth"": 13.752488387524883, ""activity_institution_buy_breadth"": 47.72256728778468, ""activity_leader_strength"": 11.10260225217341}"
2026-07-16,SHIPPING_CONTAINER,-0.8829233670004322,-0.12837426619319858,4,2,0.0,56.00000000000001,5.144291091593467,5,2,ACTIVE,Dataset A distribution; outcome-blind,"{""activity_sector_excess_return_3d"": -1.3650675253893185, ""activity_sector_excess_return_5d"": -1.8270934023111836, ""activity_top120_count"": 1.0, ""activity_rank_improving_count"": 0.0, ""activity_volume_expansion_breadth"": 13.752488387524883, ""activity_institution_buy_breadth"": 47.72256728778468, ""activity_leader_strength"": 11.10260225217341}"
2026-07-17,SHIPPING_CONTAINER,3.3116761634293335,2.4799294642149134,6,4,26.923076923076923,64.0,4.040404040404044,6,6,HIGH_ACTIVITY,Dataset A distribution; outcome-blind,"{""activity_sector_excess_return_3d"": -1.3650675253893185, ""activity_sector_excess_return_5d"": -1.8270934023111836, ""activity_top120_count"": 1.0, ""activity_rank_improving_count"": 0.0, ""activity_volume_expansion_breadth"": 13.752488387524883, ""activity_institution_buy_breadth"": 47.72256728778468, ""activity_leader_strength"": 11.10260225217341}"
2026-07-20,SHIPPING_CONTAINER,4.95122537169166,4.262712982057648,6,5,15.384615384615385,80.0,1.6414141414141437,6,5,HIGH_ACTIVITY,Dataset A distribution; outcome-blind,"{""activity_sector_excess_return_3d"": -1.3650675253893185, ""activity_sector_excess_return_5d"": -1.8270934023111836, ""activity_top120_count"": 1.0, ""activity_rank_improving_count"": 0.0, ""activity_volume_expansion_breadth"": 13.752488387524883, ""activity_institution_buy_breadth"": 47.72256728778468, ""activity_leader_strength"": 11.10260225217341}"
2026-07-21,SHIPPING_CONTAINER,3.051201337512921,2.3362178549869106,11,9,26.923076923076923,96.0,7.304785894206556,6,6,HIGH_ACTIVITY,Dataset A distribution; outcome-blind,"{""activity_sector_excess_return_3d"": -1.3650675253893185, ""activity_sector_excess_return_5d"": -1.8270934023111836, ""activity_top120_count"": 1.0, ""activity_rank_improving_count"": 0.0, ""activity_volume_expansion_breadth"": 13.752488387524883, ""activity_institution_buy_breadth"": 47.72256728778468, ""activity_leader_strength"": 11.10260225217341}"
2026-07-22,SHIPPING_CONTAINER,-2.8646220438157233,1.4083353058927939,5,5,23.076923076923077,64.0,4.161566707466324,5,5,HIGH_ACTIVITY,Dataset A distribution; outcome-blind,"{""activity_sector_excess_return_3d"": -1.3650675253893185, ""activity_sector_excess_return_5d"": -1.8270934023111836, ""activity_top120_count"": 1.0, ""activity_rank_improving_count"": 0.0, ""activity_volume_expansion_breadth"": 13.752488387524883, ""activity_institution_buy_breadth"": 47.72256728778468, ""activity_leader_strength"": 11.10260225217341}"
2026-07-23,SHIPPING_CONTAINER,-5.2695178672927945,0.9319933470714581,2,2,7.6923076923076925,40.0,4.708798017348204,3,1,ACTIVE,Dataset A distribution; outcome-blind,"{""activity_sector_excess_return_3d"": -1.3650675253893185, ""activity_sector_excess_return_5d"": -1.8270934023111836, ""activity_top120_count"": 1.0, ""activity_rank_improving_count"": 0.0, ""activity_volume_expansion_breadth"": 13.752488387524883, ""activity_institution_buy_breadth"": 47.72256728778468, ""activity_leader_strength"": 11.10260225217341}"
2026-07-24,SHIPPING_CONTAINER,1.115217486790776,-0.7759415125430547,10,7,26.923076923076923,76.0,9.433962264150942,6,5,HIGH_ACTIVITY,Dataset A distribution; outcome-blind,"{""activity_sector_excess_return_3d"": -1.3650675253893185, ""activity_sector_excess_return_5d"": -1.8270934023111836, ""activity_top120_count"": 1.0, ""activity_rank_improving_count"": 0.0, ""activity_volume_expansion_breadth"": 13.752488387524883, ""activity_institution_buy_breadth"": 47.72256728778468, ""activity_leader_strength"": 11.10260225217341}"
2026-05-28,SOFTWARE_ECOMMERCE,-0.878622678768759,-4.884224305728191,0,0,22.22222222222222,55.55555555555556,10.416666666666675,4,1,ACTIVE,Dataset A distribution; outcome-blind,"{""activity_sector_excess_return_3d"": -1.3650675253893185, ""activity_sector_excess_return_5d"": -1.8270934023111836, ""activity_top120_count"": 1.0, ""activity_rank_improving_count"": 0.0, ""activity_volume_expansion_breadth"": 13.752488387524883, ""activity_institution_buy_breadth"": 47.72256728778468, ""activity_leader_strength"": 11.10260225217341}"
2026-05-29,SOFTWARE_ECOMMERCE,-3.2228353978154267,-6.058012465237184,0,0,11.11111111111111,66.66666666666666,10.424710424710426,2,1,LOW_ACTIVITY,Dataset A distribution; outcome-blind,"{""activity_sector_excess_return_3d"": -1.3650675253893185, ""activity_sector_excess_return_5d"": -1.8270934023111836, ""activity_top120_count"": 1.0, ""activity_rank_improving_count"": 0.0, ""activity_volume_expansion_breadth"": 13.752488387524883, ""activity_institution_buy_breadth"": 47.72256728778468, ""activity_leader_strength"": 11.10260225217341}"
2026-06-01,SOFTWARE_ECOMMERCE,4.081822773325561,2.0269271910496434,0,0,66.66666666666666,77.77777777777779,11.627906976744185,6,4,HIGH_ACTIVITY,Dataset A distribution; outcome-blind,"{""activity_sector_excess_return_3d"": -1.3650675253893185, ""activity_sector_excess_return_5d"": -1.8270934023111836, ""activity_top120_count"": 1.0, ""activity_rank_improving_count"": 0.0, ""activity_volume_expansion_breadth"": 13.752488387524883, ""activity_institution_buy_breadth"": 47.72256728778468, ""activity_leader_strength"": 11.10260225217341}"
2026-06-02,SOFTWARE_ECOMMERCE,0.24018029776959882,-2.0941463121233905,0,0,55.55555555555556,44.44444444444444,22.00772200772201,4,1,ACTIVE,Dataset A distribution; outcome-blind,"{""activity_sector_excess_return_3d"": -1.3650675253893185, ""activity_sector_excess_return_5d"": -1.8270934023111836, ""activity_top120_count"": 1.0, ""activity_rank_improving_count"": 0.0, ""activity_volume_expansion_breadth"": 13.752488387524883, ""activity_institution_buy_breadth"": 47.72256728778468, ""activity_leader_strength"": 11.10260225217341}"
2026-06-03,SOFTWARE_ECOMMERCE,1.6648635211546692,0.6486799768623319,0,0,33.33333333333333,55.55555555555556,22.96072507552871,6,2,ACTIVE,Dataset A distribution; outcome-blind,"{""activity_sector_excess_return_3d"": -1.3650675253893185, ""activity_sector_excess_return_5d"": -1.8270934023111836, ""activity_top120_count"": 1.0, ""activity_rank_improving_count"": 0.0, ""activity_volume_expansion_breadth"": 13.752488387524883, ""activity_institution_buy_breadth"": 47.72256728778468, ""activity_leader_strength"": 11.10260225217341}"
2026-06-04,SOFTWARE_ECOMMERCE,-0.5231981095646265,2.1100010020683957,1,0,55.55555555555556,22.22222222222222,35.606060606060595,6,3,ACTIVE,Dataset A distribution; outcome-blind,"{""activity_sector_excess_return_3d"": -1.3650675253893185, ""activity_sector_excess_return_5d"": -1.8270934023111836, ""activity_top120_count"": 1.0, ""activity_rank_improving_count"": 0.0, ""activity_volume_expansion_breadth"": 13.752488387524883, ""activity_institution_buy_breadth"": 47.72256728778468, ""activity_leader_strength"": 11.10260225217341}"
2026-06-05,SOFTWARE_ECOMMERCE,2.806730782564315,4.64981008795029,1,0,55.55555555555556,66.66666666666666,23.192771084337327,7,5,HIGH_ACTIVITY,Dataset A distribution; outcome-blind,"{""activity_sector_excess_return_3d"": -1.3650675253893185, ""activity_sector_excess_return_5d"": -1.8270934023111836, ""activity_top120_count"": 1.0, ""activity_rank_improving_count"": 0.0, ""activity_volume_expansion_breadth"": 13.752488387524883, ""activity_institution_buy_breadth"": 47.72256728778468, ""activity_leader_strength"": 11.10260225217341}"
2026-06-08,SOFTWARE_ECOMMERCE,5.597111766788531,4.047672246029876,2,1,55.55555555555556,66.66666666666666,23.15068493150685,7,6,HIGH_ACTIVITY,Dataset A distribution; outcome-blind,"{""activity_sector_excess_return_3d"": -1.3650675253893185, ""activity_sector_excess_return_5d"": -1.8270934023111836, ""activity_top120_count"": 1.0, ""activity_rank_improving_count"": 0.0, ""activity_volume_expansion_breadth"": 13.752488387524883, ""activity_institution_buy_breadth"": 47.72256728778468, ""activity_leader_strength"": 11.10260225217341}"
2026-06-09,SOFTWARE_ECOMMERCE,1.904972031802632,6.112364246078606,2,0,66.66666666666666,66.66666666666666,18.484288354898325,7,4,HIGH_ACTIVITY,Dataset A distribution; outcome-blind,"{""activity_sector_excess_return_3d"": -1.3650675253893185, ""activity_sector_excess_return_5d"": -1.8270934023111836, ""activity_top120_count"": 1.0, ""activity_rank_improving_count"": 0.0, ""activity_volume_expansion_breadth"": 13.752488387524883, ""activity_institution_buy_breadth"": 47.72256728778468, ""activity_leader_strength"": 11.10260225217341}"
2026-06-10,SOFTWARE_ECOMMERCE,4.319659466002113,5.798844126686187,3,0,55.55555555555556,22.22222222222222,25.270758122743686,6,5,HIGH_ACTIVITY,Dataset A distribution; outcome-blind,"{""activity_sector_excess_return_3d"": -1.3650675253893185, ""activity_sector_excess_return_5d"": -1.8270934023111836, ""activity_top120_count"": 1.0, ""activity_rank_improving_count"": 0.0, ""activity_volume_expansion_breadth"": 13.752488387524883, ""activity_institution_buy_breadth"": 47.72256728778468, ""activity_leader_strength"": 11.10260225217341}"
2026-06-11,SOFTWARE_ECOMMERCE,1.7151125175958182,0.2011250187729301,1,0,22.22222222222222,22.22222222222222,33.273381294964025,6,3,ACTIVE,Dataset A distribution; outcome-blind,"{""activity_sector_excess_return_3d"": -1.3650675253893185, ""activity_sector_excess_return_5d"": -1.8270934023111836, ""activity_top120_count"": 1.0, ""activity_rank_improving_count"": 0.0, ""activity_volume_expansion_breadth"": 13.752488387524883, ""activity_institution_buy_breadth"": 47.72256728778468, ""activity_leader_strength"": 11.10260225217341}"
2026-06-12,SOFTWARE_ECOMMERCE,2.110885912064675,2.693109172733399,0,0,44.44444444444444,44.44444444444444,15.909090909090917,5,3,ACTIVE,Dataset A distribution; outcome-blind,"{""activity_sector_excess_return_3d"": -1.3650675253893185, ""activity_sector_excess_return_5d"": -1.8270934023111836, ""activity_top120_count"": 1.0, ""activity_rank_improving_count"": 0.0, ""activity_volume_expansion_breadth"": 13.752488387524883, ""activity_institution_buy_breadth"": 47.72256728778468, ""activity_leader_strength"": 11.10260225217341}"
2026-06-15,SOFTWARE_ECOMMERCE,-3.0010627871985385,-1.8711574995299962,1,1,44.44444444444444,44.44444444444444,17.374517374517385,4,2,ACTIVE,Dataset A distribution; outcome-blind,"{""activity_sector_excess_return_3d"": -1.3650675253893185, ""activity_sector_excess_return_5d"": -1.8270934023111836, ""activity_top120_count"": 1.0, ""activity_rank_improving_count"": 0.0, ""activity_volume_expansion_breadth"": 13.752488387524883, ""activity_institution_buy_breadth"": 47.72256728778468, ""activity_leader_strength"": 11.10260225217341}"
2026-06-16,SOFTWARE_ECOMMERCE,-6.868219061419811,-1.1013680318082475,0,0,22.22222222222222,55.55555555555556,10.924369747899142,4,1,ACTIVE,Dataset A distribution; outcome-blind,"{""activity_sector_excess_return_3d"": -1.3650675253893185, ""activity_sector_excess_return_5d"": -1.8270934023111836, ""activity_top120_count"": 1.0, ""activity_rank_improving_count"": 0.0, ""activity_volume_expansion_breadth"": 13.752488387524883, ""activity_institution_buy_breadth"": 47.72256728778468, ""activity_leader_strength"": 11.10260225217341}"
2026-06-17,SOFTWARE_ECOMMERCE,-6.1636727944297975,-5.482173168024218,0,0,11.11111111111111,22.22222222222222,17.553793884484705,2,0,LOW_ACTIVITY,Dataset A distribution; outcome-blind,"{""activity_sector_excess_return_3d"": -1.3650675253893185, ""activity_sector_excess_return_5d"": -1.8270934023111836, ""activity_top120_count"": 1.0, ""activity_rank_improving_count"": 0.0, ""activity_volume_expansion_breadth"": 13.752488387524883, ""activity_institution_buy_breadth"": 47.72256728778468, ""activity_leader_strength"": 11.10260225217341}"
2026-06-18,SOFTWARE_ECOMMERCE,-3.0523421674685136,-7.684314009955151,0,0,22.22222222222222,44.44444444444444,4.1170097508125725,2,1,LOW_ACTIVITY,Dataset A distribution; outcome-blind,"{""activity_sector_excess_return_3d"": -1.3650675253893185, ""activity_sector_excess_return_5d"": -1.8270934023111836, ""activity_top120_count"": 1.0, ""activity_rank_improving_count"": 0.0, ""activity_volume_expansion_breadth"": 13.752488387524883, ""activity_institution_buy_breadth"": 47.72256728778468, ""activity_leader_strength"": 11.10260225217341}"
2026-06-22,SOFTWARE_ECOMMERCE,-5.105110859810347,-9.967875943832949,1,0,44.44444444444444,33.33333333333333,8.289611752360981,3,1,ACTIVE,Dataset A distribution; outcome-blind,"{""activity_sector_excess_return_3d"": -1.3650675253893185, ""activity_sector_excess_return_5d"": -1.8270934023111836, ""activity_top120_count"": 1.0, ""activity_rank_improving_count"": 0.0, ""activity_volume_expansion_breadth"": 13.752488387524883, ""activity_institution_buy_breadth"": 47.72256728778468, ""activity_leader_strength"": 11.10260225217341}"
2026-06-23,SOFTWARE_ECOMMERCE,-4.908520365674985,-7.717561584574117,2,1,11.11111111111111,44.44444444444444,7.392996108949412,2,1,LOW_ACTIVITY,Dataset A distribution; outcome-blind,"{""activity_sector_excess_return_3d"": -1.3650675253893185, ""activity_sector_excess_return_5d"": -1.8270934023111836, ""activity_top120_count"": 1.0, ""activity_rank_improving_count"": 0.0, ""activity_volume_expansion_breadth"": 13.752488387524883, ""activity_institution_buy_breadth"": 47.72256728778468, ""activity_leader_strength"": 11.10260225217341}"
2026-06-24,SOFTWARE_ECOMMERCE,-1.85581218224663,-2.630914847996535,0,0,22.22222222222222,22.22222222222222,7.392996108949412,2,1,LOW_ACTIVITY,Dataset A distribution; outcome-blind,"{""activity_sector_excess_return_3d"": -1.3650675253893185, ""activity_sector_excess_return_5d"": -1.8270934023111836, ""activity_top120_count"": 1.0, ""activity_rank_improving_count"": 0.0, ""activity_volume_expansion_breadth"": 13.752488387524883, ""activity_institution_buy_breadth"": 47.72256728778468, ""activity_leader_strength"": 11.10260225217341}"
2026-06-25,SOFTWARE_ECOMMERCE,1.743255947138611,-1.9397233407660974,1,0,11.11111111111111,33.33333333333333,4.247104247104239,3,1,ACTIVE,Dataset A distribution; outcome-blind,"{""activity_sector_excess_return_3d"": -1.3650675253893185, ""activity_sector_excess_return_5d"": -1.8270934023111836, ""activity_top120_count"": 1.0, ""activity_rank_improving_count"": 0.0, ""activity_volume_expansion_breadth"": 13.752488387524883, ""activity_institution_buy_breadth"": 47.72256728778468, ""activity_leader_strength"": 11.10260225217341}"
2026-06-26,SOFTWARE_ECOMMERCE,2.470568385183514,1.372260925991453,1,0,22.22222222222222,33.33333333333333,0.9365244536940764,5,3,ACTIVE,Dataset A distribution; outcome-blind,"{""activity_sector_excess_return_3d"": -1.3650675253893185, ""activity_sector_excess_return_5d"": -1.8270934023111836, ""activity_top120_count"": 1.0, ""activity_rank_improving_count"": 0.0, ""activity_volume_expansion_breadth"": 13.752488387524883, ""activity_institution_buy_breadth"": 47.72256728778468, ""activity_leader_strength"": 11.10260225217341}"
2026-06-29,SOFTWARE_ECOMMERCE,-0.04728504186725102,-0.8924584244655929,1,0,0.0,22.22222222222222,-1.118568232662187,4,0,ACTIVE,Dataset A distribution; outcome-blind,"{""activity_sector_excess_return_3d"": -1.3650675253893185, ""activity_sector_excess_return_5d"": -1.8270934023111836, ""activity_top120_count"": 1.0, ""activity_rank_improving_count"": 0.0, ""activity_volume_expansion_breadth"": 13.752488387524883, ""activity_institution_buy_breadth"": 47.72256728778468, ""activity_leader_strength"": 11.10260225217341}"
2026-06-30,SOFTWARE_ECOMMERCE,-1.9862171553366226,0.5988948822424622,0,0,11.11111111111111,55.55555555555556,5.718954248366015,3,0,ACTIVE,Dataset A distribution; outcome-blind,"{""activity_sector_excess_return_3d"": -1.3650675253893185, ""activity_sector_excess_return_5d"": -1.8270934023111836, ""activity_top120_count"": 1.0, ""activity_rank_improving_count"": 0.0, ""activity_volume_expansion_breadth"": 13.752488387524883, ""activity_institution_buy_breadth"": 47.72256728778468, ""activity_leader_strength"": 11.10260225217341}"
2026-07-01,SOFTWARE_ECOMMERCE,-4.583509822659959,-4.432454750578119,0,0,11.11111111111111,11.11111111111111,5.149501661129574,1,0,LOW_ACTIVITY,Dataset A distribution; outcome-blind,"{""activity_sector_excess_return_3d"": -1.3650675253893185, ""activity_sector_excess_return_5d"": -1.8270934023111836, ""activity_top120_count"": 1.0, ""activity_rank_improving_count"": 0.0, ""activity_volume_expansion_breadth"": 13.752488387524883, ""activity_institution_buy_breadth"": 47.72256728778468, ""activity_leader_strength"": 11.10260225217341}"
2026-07-02,SOFTWARE_ECOMMERCE,-0.15521171442396398,0.4405432865271397,1,1,11.11111111111111,55.55555555555556,4.93150684931507,5,1,ACTIVE,Dataset A distribution; outcome-blind,"{""activity_sector_excess_return_3d"": -1.3650675253893185, ""activity_sector_excess_return_5d"": -1.8270934023111836, ""activity_top120_count"": 1.0, ""activity_rank_improving_count"": 0.0, ""activity_volume_expansion_breadth"": 13.752488387524883, ""activity_institution_buy_breadth"": 47.72256728778468, ""activity_leader_strength"": 11.10260225217341}"
2026-07-03,SOFTWARE_ECOMMERCE,1.4612609652481012,-1.252035086956571,1,0,22.22222222222222,55.55555555555556,12.318840579710155,7,2,ACTIVE,Dataset A distribution; outcome-blind,"{""activity_sector_excess_return_3d"": -1.3650675253893185, ""activity_sector_excess_return_5d"": -1.8270934023111836, ""activity_top120_count"": 1.0, ""activity_rank_improving_count"": 0.0, ""activity_volume_expansion_breadth"": 13.752488387524883, ""activity_institution_buy_breadth"": 47.72256728778468, ""activity_leader_strength"": 11.10260225217341}"
2026-07-06,SOFTWARE_ECOMMERCE,3.7361513767135923,0.9404488279949552,0,0,22.22222222222222,55.55555555555556,14.822546972860117,6,2,ACTIVE,Dataset A distribution; outcome-blind,"{""activity_sector_excess_return_3d"": -1.3650675253893185, ""activity_sector_excess_return_5d"": -1.8270934023111836, ""activity_top120_count"": 1.0, ""activity_rank_improving_count"": 0.0, ""activity_volume_expansion_breadth"": 13.752488387524883, ""activity_institution_buy_breadth"": 47.72256728778468, ""activity_leader_strength"": 11.10260225217341}"
2026-07-07,SOFTWARE_ECOMMERCE,2.2578968853765424,3.060623550505437,0,0,11.11111111111111,55.55555555555556,8.52272727272727,4,2,ACTIVE,Dataset A distribution; outcome-blind,"{""activity_sector_excess_return_3d"": -1.3650675253893185, ""activity_sector_excess_return_5d"": -1.8270934023111836, ""activity_top120_count"": 1.0, ""activity_rank_improving_count"": 0.0, ""activity_volume_expansion_breadth"": 13.752488387524883, ""activity_institution_buy_breadth"": 47.72256728778468, ""activity_leader_strength"": 11.10260225217341}"
2026-07-08,SOFTWARE_ECOMMERCE,1.5860110551720985,3.8598646225753708,1,0,0.0,55.55555555555556,6.456241032998555,5,2,ACTIVE,Dataset A distribution; outcome-blind,"{""activity_sector_excess_return_3d"": -1.3650675253893185, ""activity_sector_excess_return_5d"": -1.8270934023111836, ""activity_top120_count"": 1.0, ""activity_rank_improving_count"": 0.0, ""activity_volume_expansion_breadth"": 13.752488387524883, ""activity_institution_buy_breadth"": 47.72256728778468, ""activity_leader_strength"": 11.10260225217341}"
2026-07-09,SOFTWARE_ECOMMERCE,2.355098410561851,2.075809824095376,2,0,11.11111111111111,55.55555555555556,8.712121212121215,5,2,ACTIVE,Dataset A distribution; outcome-blind,"{""activity_sector_excess_return_3d"": -1.3650675253893185, ""activity_sector_excess_return_5d"": -1.8270934023111836, ""activity_top120_count"": 1.0, ""activity_rank_improving_count"": 0.0, ""activity_volume_expansion_breadth"": 13.752488387524883, ""activity_institution_buy_breadth"": 47.72256728778468, ""activity_leader_strength"": 11.10260225217341}"
2026-07-13,SOFTWARE_ECOMMERCE,-0.23366960315592822,1.6536203224449042,0,0,22.22222222222222,22.22222222222222,5.617977528089879,4,2,ACTIVE,Dataset A distribution; outcome-blind,"{""activity_sector_excess_return_3d"": -1.3650675253893185, ""activity_sector_excess_return_5d"": -1.8270934023111836, ""activity_top120_count"": 1.0, ""activity_rank_improving_count"": 0.0, ""activity_volume_expansion_breadth"": 13.752488387524883, ""activity_institution_buy_breadth"": 47.72256728778468, ""activity_leader_strength"": 11.10260225217341}"
2026-07-14,SOFTWARE_ECOMMERCE,-1.1669278044002196,0.462178423636328,0,0,33.33333333333333,44.44444444444444,3.0794165316045286,4,1,ACTIVE,Dataset A distribution; outcome-blind,"{""activity_sector_excess_return_3d"": -1.3650675253893185, ""activity_sector_excess_return_5d"": -1.8270934023111836, ""activity_top120_count"": 1.0, ""activity_rank_improving_count"": 0.0, ""activity_volume_expansion_breadth"": 13.752488387524883, ""activity_institution_buy_breadth"": 47.72256728778468, ""activity_leader_strength"": 11.10260225217341}"
2026-07-15,SOFTWARE_ECOMMERCE,-3.883425942608887,-2.4295156484830938,1,0,22.22222222222222,55.55555555555556,6.015037593984962,4,1,ACTIVE,Dataset A distribution; outcome-blind,"{""activity_sector_excess_return_3d"": -1.3650675253893185, ""activity_sector_excess_return_5d"": -1.8270934023111836, ""activity_top120_count"": 1.0, ""activity_rank_improving_count"": 0.0, ""activity_volume_expansion_breadth"": 13.752488387524883, ""activity_institution_buy_breadth"": 47.72256728778468, ""activity_leader_strength"": 11.10260225217341}"
2026-07-16,SOFTWARE_ECOMMERCE,-3.565005077300265,-2.3629576906410543,0,0,11.11111111111111,55.55555555555556,3.703703703703698,2,0,LOW_ACTIVITY,Dataset A distribution; outcome-blind,"{""activity_sector_excess_return_3d"": -1.3650675253893185, ""activity_sector_excess_return_5d"": -1.8270934023111836, ""activity_top120_count"": 1.0, ""activity_rank_improving_count"": 0.0, ""activity_volume_expansion_breadth"": 13.752488387524883, ""activity_institution_buy_breadth"": 47.72256728778468, ""activity_leader_strength"": 11.10260225217341}"
2026-07-17,SOFTWARE_ECOMMERCE,0.7733693997704738,-0.771047218324517,0,0,22.22222222222222,44.44444444444444,0.4524886877828038,4,1,ACTIVE,Dataset A distribution; outcome-blind,"{""activity_sector_excess_return_3d"": -1.3650675253893185, ""activity_sector_excess_return_5d"": -1.8270934023111836, ""activity_top120_count"": 1.0, ""activity_rank_improving_count"": 0.0, ""activity_volume_expansion_breadth"": 13.752488387524883, ""activity_institution_buy_breadth"": 47.72256728778468, ""activity_leader_strength"": 11.10260225217341}"
2026-07-20,SOFTWARE_ECOMMERCE,0.9569555302898056,-1.6864746155977226,0,0,11.11111111111111,77.77777777777779,0.32626427406199365,4,2,ACTIVE,Dataset A distribution; outcome-blind,"{""activity_sector_excess_return_3d"": -1.3650675253893185, ""activity_sector_excess_return_5d"": -1.8270934023111836, ""activity_top120_count"": 1.0, ""activity_rank_improving_count"": 0.0, ""activity_volume_expansion_breadth"": 13.752488387524883, ""activity_institution_buy_breadth"": 47.72256728778468, ""activity_leader_strength"": 11.10260225217341}"
2026-07-21,SOFTWARE_ECOMMERCE,-0.20524370997691,-1.0658129857502363,0,0,11.11111111111111,66.66666666666666,2.1523178807947074,4,1,ACTIVE,Dataset A distribution; outcome-blind,"{""activity_sector_excess_return_3d"": -1.3650675253893185, ""activity_sector_excess_return_5d"": -1.8270934023111836, ""activity_top120_count"": 1.0, ""activity_rank_improving_count"": 0.0, ""activity_volume_expansion_breadth"": 13.752488387524883, ""activity_institution_buy_breadth"": 47.72256728778468, ""activity_leader_strength"": 11.10260225217341}"
2026-07-22,SOFTWARE_ECOMMERCE,-2.9455281926830112,-3.046930384737112,0,0,22.22222222222222,55.55555555555556,1.9575856443719397,3,1,ACTIVE,Dataset A distribution; outcome-blind,"{""activity_sector_excess_return_3d"": -1.3650675253893185, ""activity_sector_excess_return_5d"": -1.8270934023111836, ""activity_top120_count"": 1.0, ""activity_rank_improving_count"": 0.0, ""activity_volume_expansion_breadth"": 13.752488387524883, ""activity_institution_buy_breadth"": 47.72256728778468, ""activity_leader_strength"": 11.10260225217341}"
2026-07-23,SOFTWARE_ECOMMERCE,-5.656365062650615,-2.854233807743123,0,0,11.11111111111111,22.22222222222222,1.228501228501222,1,0,LOW_ACTIVITY,Dataset A distribution; outcome-blind,"{""activity_sector_excess_return_3d"": -1.3650675253893185, ""activity_sector_excess_return_5d"": -1.8270934023111836, ""activity_top120_count"": 1.0, ""activity_rank_improving_count"": 0.0, ""activity_volume_expansion_breadth"": 13.752488387524883, ""activity_institution_buy_breadth"": 47.72256728778468, ""activity_leader_strength"": 11.10260225217341}"
2026-07-24,SOFTWARE_ECOMMERCE,-0.10663919382062348,-2.017637178471543,0,0,11.11111111111111,11.11111111111111,1.8248175182481674,2,0,LOW_ACTIVITY,Dataset A distribution; outcome-blind,"{""activity_sector_excess_return_3d"": -1.3650675253893185, ""activity_sector_excess_return_5d"": -1.8270934023111836, ""activity_top120_count"": 1.0, ""activity_rank_improving_count"": 0.0, ""activity_volume_expansion_breadth"": 13.752488387524883, ""activity_institution_buy_breadth"": 47.72256728778468, ""activity_leader_strength"": 11.10260225217341}"
2026-05-28,SOLAR_ENERGY,-2.3347028686922733,-1.9009371486989446,2,0,23.076923076923077,54.54545454545454,24.149659863945594,5,2,ACTIVE,Dataset A distribution; outcome-blind,"{""activity_sector_excess_return_3d"": -1.3650675253893185, ""activity_sector_excess_return_5d"": -1.8270934023111836, ""activity_top120_count"": 1.0, ""activity_rank_improving_count"": 0.0, ""activity_volume_expansion_breadth"": 13.752488387524883, ""activity_institution_buy_breadth"": 47.72256728778468, ""activity_leader_strength"": 11.10260225217341}"
2026-05-29,SOLAR_ENERGY,-3.631547761684728,-5.283822915866332,1,0,7.6923076923076925,63.63636363636363,32.7212020033389,4,2,ACTIVE,Dataset A distribution; outcome-blind,"{""activity_sector_excess_return_3d"": -1.3650675253893185, ""activity_sector_excess_return_5d"": -1.8270934023111836, ""activity_top120_count"": 1.0, ""activity_rank_improving_count"": 0.0, ""activity_volume_expansion_breadth"": 13.752488387524883, ""activity_institution_buy_breadth"": 47.72256728778468, ""activity_leader_strength"": 11.10260225217341}"
2026-06-01,SOLAR_ENERGY,0.11504522459233613,-4.159966084451239,0,0,30.76923076923077,81.81818181818183,23.83333333333333,5,3,ACTIVE,Dataset A distribution; outcome-blind,"{""activity_sector_excess_return_3d"": -1.3650675253893185, ""activity_sector_excess_return_5d"": -1.8270934023111836, ""activity_top120_count"": 1.0, ""activity_rank_improving_count"": 0.0, ""activity_volume_expansion_breadth"": 13.752488387524883, ""activity_institution_buy_breadth"": 47.72256728778468, ""activity_leader_strength"": 11.10260225217341}"
2026-06-02,SOLAR_ENERGY,-3.198978527727414,-4.077387189402604,0,0,46.15384615384615,27.27272727272727,18.87417218543046,3,1,ACTIVE,Dataset A distribution; outcome-blind,"{""activity_sector_excess_return_3d"": -1.3650675253893185, ""activity_sector_excess_return_5d"": -1.8270934023111836, ""activity_top120_count"": 1.0, ""activity_rank_improving_count"": 0.0, ""activity_volume_expansion_breadth"": 13.752488387524883, ""activity_institution_buy_breadth"": 47.72256728778468, ""activity_leader_strength"": 11.10260225217341}"
2026-06-03,SOLAR_ENERGY,-0.3668825105913598,-0.46962087575643796,3,0,69.23076923076923,81.81818181818183,13.709677419354826,7,3,ACTIVE,Dataset A distribution; outcome-blind,"{""activity_sector_excess_return_3d"": -1.3650675253893185, ""activity_sector_excess_return_5d"": -1.8270934023111836, ""activity_top120_count"": 1.0, ""activity_rank_improving_count"": 0.0, ""activity_volume_expansion_breadth"": 13.752488387524883, ""activity_institution_buy_breadth"": 47.72256728778468, ""activity_leader_strength"": 11.10260225217341}"
2026-06-04,SOLAR_ENERGY,-1.8852953802397932,-2.081532034080369,2,0,38.46153846153847,27.27272727272727,20.743919885550778,4,1,ACTIVE,Dataset A distribution; outcome-blind,"{""activity_sector_excess_return_3d"": -1.3650675253893185, ""activity_sector_excess_return_5d"": -1.8270934023111836, ""activity_top120_count"": 1.0, ""activity_rank_improving_count"": 0.0, ""activity_volume_expansion_breadth"": 13.752488387524883, ""activity_institution_buy_breadth"": 47.72256728778468, ""activity_leader_strength"": 11.10260225217341}"
2026-06-05,SOLAR_ENERGY,0.11521939540076742,-1.7079762698360534,1,0,23.076923076923077,27.27272727272727,30.888575458392097,6,2,ACTIVE,Dataset A distribution; outcome-blind,"{""activity_sector_excess_return_3d"": -1.3650675253893185, ""activity_sector_excess_return_5d"": -1.8270934023111836, ""activity_top120_count"": 1.0, ""activity_rank_improving_count"": 0.0, ""activity_volume_expansion_breadth"": 13.752488387524883, ""activity_institution_buy_breadth"": 47.72256728778468, ""activity_leader_strength"": 11.10260225217341}"
2026-06-08,SOLAR_ENERGY,-4.679549493583325,-6.8158375032737375,4,4,23.076923076923077,36.36363636363637,26.22720897615709,4,4,HIGH_ACTIVITY,Dataset A distribution; outcome-blind,"{""activity_sector_excess_return_3d"": -1.3650675253893185, ""activity_sector_excess_return_5d"": -1.8270934023111836, ""activity_top120_count"": 1.0, ""activity_rank_improving_count"": 0.0, ""activity_volume_expansion_breadth"": 13.752488387524883, ""activity_institution_buy_breadth"": 47.72256728778468, ""activity_leader_strength"": 11.10260225217341}"
2026-06-09,SOLAR_ENERGY,-2.301935706961067,-0.8025098213059745,3,2,23.076923076923077,27.27272727272727,23.31536388140161,5,4,HIGH_ACTIVITY,Dataset A distribution; outcome-blind,"{""activity_sector_excess_return_3d"": -1.3650675253893185, ""activity_sector_excess_return_5d"": -1.8270934023111836, ""activity_top120_count"": 1.0, ""activity_rank_improving_count"": 0.0, ""activity_volume_expansion_breadth"": 13.752488387524883, ""activity_institution_buy_breadth"": 47.72256728778468, ""activity_leader_strength"": 11.10260225217341}"
2026-06-10,SOLAR_ENERGY,1.1704576325897502,0.43332792246032437,1,0,38.46153846153847,54.54545454545454,11.328125,7,2,ACTIVE,Dataset A distribution; outcome-blind,"{""activity_sector_excess_return_3d"": -1.3650675253893185, ""activity_sector_excess_return_5d"": -1.8270934023111836, ""activity_top120_count"": 1.0, ""activity_rank_improving_count"": 0.0, ""activity_volume_expansion_breadth"": 13.752488387524883, ""activity_institution_buy_breadth"": 47.72256728778468, ""activity_leader_strength"": 11.10260225217341}"
2026-06-11,SOLAR_ENERGY,2.6358861870366956,1.9200005207809623,0,0,23.076923076923077,81.81818181818183,2.3376623376623273,5,4,HIGH_ACTIVITY,Dataset A distribution; outcome-blind,"{""activity_sector_excess_return_3d"": -1.3650675253893185, ""activity_sector_excess_return_5d"": -1.8270934023111836, ""activity_top120_count"": 1.0, ""activity_rank_improving_count"": 0.0, ""activity_volume_expansion_breadth"": 13.752488387524883, ""activity_institution_buy_breadth"": 47.72256728778468, ""activity_leader_strength"": 11.10260225217341}"
2026-06-12,SOLAR_ENERGY,3.2625406580945038,3.1706582935168814,4,4,38.46153846153847,100.0,15.451895043731788,7,6,HIGH_ACTIVITY,Dataset A distribution; outcome-blind,"{""activity_sector_excess_return_3d"": -1.3650675253893185, ""activity_sector_excess_return_5d"": -1.8270934023111836, ""activity_top120_count"": 1.0, ""activity_rank_improving_count"": 0.0, ""activity_volume_expansion_breadth"": 13.752488387524883, ""activity_institution_buy_breadth"": 47.72256728778468, ""activity_leader_strength"": 11.10260225217341}"
2026-06-15,SOLAR_ENERGY,0.4709707971946031,1.3240059615291733,0,0,30.76923076923077,54.54545454545454,33.757961783439505,6,3,ACTIVE,Dataset A distribution; outcome-blind,"{""activity_sector_excess_return_3d"": -1.3650675253893185, ""activity_sector_excess_return_5d"": -1.8270934023111836, ""activity_top120_count"": 1.0, ""activity_rank_improving_count"": 0.0, ""activity_volume_expansion_breadth"": 13.752488387524883, ""activity_institution_buy_breadth"": 47.72256728778468, ""activity_leader_strength"": 11.10260225217341}"
2026-06-16,SOLAR_ENERGY,-4.074441470501156,-2.8603361038726294,0,0,23.076923076923077,27.27272727272727,10.144927536231885,2,1,LOW_ACTIVITY,Dataset A distribution; outcome-blind,"{""activity_sector_excess_return_3d"": -1.3650675253893185, ""activity_sector_excess_return_5d"": -1.8270934023111836, ""activity_top120_count"": 1.0, ""activity_rank_improving_count"": 0.0, ""activity_volume_expansion_breadth"": 13.752488387524883, ""activity_institution_buy_breadth"": 47.72256728778468, ""activity_leader_strength"": 11.10260225217341}"
2026-06-17,SOLAR_ENERGY,-5.251837472065546,-1.315637573950812,0,0,7.6923076923076925,45.45454545454545,12.48073959938365,3,0,ACTIVE,Dataset A distribution; outcome-blind,"{""activity_sector_excess_return_3d"": -1.3650675253893185, ""activity_sector_excess_return_5d"": -1.8270934023111836, ""activity_top120_count"": 1.0, ""activity_rank_improving_count"": 0.0, ""activity_volume_expansion_breadth"": 13.752488387524883, ""activity_institution_buy_breadth"": 47.72256728778468, ""activity_leader_strength"": 11.10260225217341}"
2026-06-18,SOLAR_ENERGY,-4.608680565912183,-5.322109285545706,0,0,7.6923076923076925,27.27272727272727,19.722650231124806,2,0,LOW_ACTIVITY,Dataset A distribution; outcome-blind,"{""activity_sector_excess_return_3d"": -1.3650675253893185, ""activity_sector_excess_return_5d"": -1.8270934023111836, ""activity_top120_count"": 1.0, ""activity_rank_improving_count"": 0.0, ""activity_volume_expansion_breadth"": 13.752488387524883, ""activity_institution_buy_breadth"": 47.72256728778468, ""activity_leader_strength"": 11.10260225217341}"
2026-06-22,SOLAR_ENERGY,-3.1261492179743833,-8.955228718834041,0,0,7.6923076923076925,100.0,31.384615384615387,3,2,ACTIVE,Dataset A distribution; outcome-blind,"{""activity_sector_excess_return_3d"": -1.3650675253893185, ""activity_sector_excess_return_5d"": -1.8270934023111836, ""activity_top120_count"": 1.0, ""activity_rank_improving_count"": 0.0, ""activity_volume_expansion_breadth"": 13.752488387524883, ""activity_institution_buy_breadth"": 47.72256728778468, ""activity_leader_strength"": 11.10260225217341}"
2026-06-23,SOLAR_ENERGY,-5.122508250184465,-7.225026097545239,1,0,15.384615384615385,36.36363636363637,35.89001447178004,4,1,ACTIVE,Dataset A distribution; outcome-blind,"{""activity_sector_excess_return_3d"": -1.3650675253893185, ""activity_sector_excess_return_5d"": -1.8270934023111836, ""activity_top120_count"": 1.0, ""activity_rank_improving_count"": 0.0, ""activity_volume_expansion_breadth"": 13.752488387524883, ""activity_institution_buy_breadth"": 47.72256728778468, ""activity_leader_strength"": 11.10260225217341}"
2026-06-24,SOLAR_ENERGY,-0.20376539862090315,-1.2917407512313406,1,0,7.6923076923076925,36.36363636363637,17.23684210526315,5,0,ACTIVE,Dataset A distribution; outcome-blind,"{""activity_sector_excess_return_3d"": -1.3650675253893185, ""activity_sector_excess_return_5d"": -1.8270934023111836, ""activity_top120_count"": 1.0, ""activity_rank_improving_count"": 0.0, ""activity_volume_expansion_breadth"": 13.752488387524883, ""activity_institution_buy_breadth"": 47.72256728778468, ""activity_leader_strength"": 11.10260225217341}"
2026-06-25,SOLAR_ENERGY,-0.09887247385228504,-2.7573535696532425,2,0,15.384615384615385,27.27272727272727,12.191780821917808,5,0,ACTIVE,Dataset A distribution; outcome-blind,"{""activity_sector_excess_return_3d"": -1.3650675253893185, ""activity_sector_excess_return_5d"": -1.8270934023111836, ""activity_top120_count"": 1.0, ""activity_rank_improving_count"": 0.0, ""activity_volume_expansion_breadth"": 13.752488387524883, ""activity_institution_buy_breadth"": 47.72256728778468, ""activity_leader_strength"": 11.10260225217341}"
2026-06-26,SOLAR_ENERGY,-0.075006964677371,-1.6942671405366205,2,0,7.6923076923076925,36.36363636363637,8.365508365508356,4,0,ACTIVE,Dataset A distribution; outcome-blind,"{""activity_sector_excess_return_3d"": -1.3650675253893185, ""activity_sector_excess_return_5d"": -1.8270934023111836, ""activity_top120_count"": 1.0, ""activity_rank_improving_count"": 0.0, ""activity_volume_expansion_breadth"": 13.752488387524883, ""activity_institution_buy_breadth"": 47.72256728778468, ""activity_leader_strength"": 11.10260225217341}"
2026-06-29,SOLAR_ENERGY,-2.1357511783608456,-0.43499351202437353,2,0,7.6923076923076925,72.72727272727273,8.16542948038177,4,1,ACTIVE,Dataset A distribution; outcome-blind,"{""activity_sector_excess_return_3d"": -1.3650675253893185, ""activity_sector_excess_return_5d"": -1.8270934023111836, ""activity_top120_count"": 1.0, ""activity_rank_improving_count"": 0.0, ""activity_volume_expansion_breadth"": 13.752488387524883, ""activity_institution_buy_breadth"": 47.72256728778468, ""activity_leader_strength"": 11.10260225217341}"
2026-06-30,SOLAR_ENERGY,3.2426068348166748,2.0694831175365858,4,4,30.76923076923077,100.0,23.66863905325445,7,7,HIGH_ACTIVITY,Dataset A distribution; outcome-blind,"{""activity_sector_excess_return_3d"": -1.3650675253893185, ""activity_sector_excess_return_5d"": -1.8270934023111836, ""activity_top120_count"": 1.0, ""activity_rank_improving_count"": 0.0, ""activity_volume_expansion_breadth"": 13.752488387524883, ""activity_institution_buy_breadth"": 47.72256728778468, ""activity_leader_strength"": 11.10260225217341}"
2026-07-01,SOLAR_ENERGY,-0.8573346679133786,-3.92999936669981,3,3,38.46153846153847,45.45454545454545,23.767798466593646,5,4,HIGH_ACTIVITY,Dataset A distribution; outcome-blind,"{""activity_sector_excess_return_3d"": -1.3650675253893185, ""activity_sector_excess_return_5d"": -1.8270934023111836, ""activity_top120_count"": 1.0, ""activity_rank_improving_count"": 0.0, ""activity_volume_expansion_breadth"": 13.752488387524883, ""activity_institution_buy_breadth"": 47.72256728778468, ""activity_leader_strength"": 11.10260225217341}"
2026-07-02,SOLAR_ENERGY,1.3870159477547217,0.7129506312181455,4,2,38.46153846153847,54.54545454545454,28.205128205128194,7,5,HIGH_ACTIVITY,Dataset A distribution; outcome-blind,"{""activity_sector_excess_return_3d"": -1.3650675253893185, ""activity_sector_excess_return_5d"": -1.8270934023111836, ""activity_top120_count"": 1.0, ""activity_rank_improving_count"": 0.0, ""activity_volume_expansion_breadth"": 13.752488387524883, ""activity_institution_buy_breadth"": 47.72256728778468, ""activity_leader_strength"": 11.10260225217341}"
2026-07-03,SOLAR_ENERGY,-1.4193974709658885,2.021005395386233,3,2,23.076923076923077,54.54545454545454,37.054631828978636,6,5,HIGH_ACTIVITY,Dataset A distribution; outcome-blind,"{""activity_sector_excess_return_3d"": -1.3650675253893185, ""activity_sector_excess_return_5d"": -1.8270934023111836, ""activity_top120_count"": 1.0, ""activity_rank_improving_count"": 0.0, ""activity_volume_expansion_breadth"": 13.752488387524883, ""activity_institution_buy_breadth"": 47.72256728778468, ""activity_leader_strength"": 11.10260225217341}"
2026-07-06,SOLAR_ENERGY,4.093310535050376,2.5112749006772184,3,2,23.076923076923077,45.45454545454545,37.46835443037975,6,6,HIGH_ACTIVITY,Dataset A distribution; outcome-blind,"{""activity_sector_excess_return_3d"": -1.3650675253893185, ""activity_sector_excess_return_5d"": -1.8270934023111836, ""activity_top120_count"": 1.0, ""activity_rank_improving_count"": 0.0, ""activity_volume_expansion_breadth"": 13.752488387524883, ""activity_institution_buy_breadth"": 47.72256728778468, ""activity_leader_strength"": 11.10260225217341}"
2026-07-07,SOLAR_ENERGY,-0.2676503165171984,-2.35497667572373,1,0,38.46153846153847,18.181818181818183,18.296892980437264,5,1,ACTIVE,Dataset A distribution; outcome-blind,"{""activity_sector_excess_return_3d"": -1.3650675253893185, ""activity_sector_excess_return_5d"": -1.8270934023111836, ""activity_top120_count"": 1.0, ""activity_rank_improving_count"": 0.0, ""activity_volume_expansion_breadth"": 13.752488387524883, ""activity_institution_buy_breadth"": 47.72256728778468, ""activity_leader_strength"": 11.10260225217341}"
2026-07-08,SOLAR_ENERGY,-2.763582440762857,0.3791038972326133,1,1,15.384615384615385,27.27272727272727,18.324607329842934,5,1,ACTIVE,Dataset A distribution; outcome-blind,"{""activity_sector_excess_return_3d"": -1.3650675253893185, ""activity_sector_excess_return_5d"": -1.8270934023111836, ""activity_top120_count"": 1.0, ""activity_rank_improving_count"": 0.0, ""activity_volume_expansion_breadth"": 13.752488387524883, ""activity_institution_buy_breadth"": 47.72256728778468, ""activity_leader_strength"": 11.10260225217341}"
2026-07-09,SOLAR_ENERGY,-2.3319520432346197,-1.723461786042635,1,1,7.6923076923076925,36.36363636363637,18.601190476190467,4,1,ACTIVE,Dataset A distribution; outcome-blind,"{""activity_sector_excess_return_3d"": -1.3650675253893185, ""activity_sector_excess_return_5d"": -1.8270934023111836, ""activity_top120_count"": 1.0, ""activity_rank_improving_count"": 0.0, ""activity_volume_expansion_breadth"": 13.752488387524883, ""activity_institution_buy_breadth"": 47.72256728778468, ""activity_leader_strength"": 11.10260225217341}"
2026-07-13,SOLAR_ENERGY,-1.4092354128680928,-3.3654754661595843,1,1,15.384615384615385,54.54545454545454,18.370883882149023,5,1,ACTIVE,Dataset A distribution; outcome-blind,"{""activity_sector_excess_return_3d"": -1.3650675253893185, ""activity_sector_excess_return_5d"": -1.8270934023111836, ""activity_top120_count"": 1.0, ""activity_rank_improving_count"": 0.0, ""activity_volume_expansion_breadth"": 13.752488387524883, ""activity_institution_buy_breadth"": 47.72256728778468, ""activity_leader_strength"": 11.10260225217341}"
2026-07-14,SOLAR_ENERGY,-0.7281796415230746,-2.7415118110228125,1,1,38.46153846153847,45.45454545454545,38.30570902394106,5,3,ACTIVE,Dataset A distribution; outcome-blind,"{""activity_sector_excess_return_3d"": -1.3650675253893185, ""activity_sector_excess_return_5d"": -1.8270934023111836, ""activity_top120_count"": 1.0, ""activity_rank_improving_count"": 0.0, ""activity_volume_expansion_breadth"": 13.752488387524883, ""activity_institution_buy_breadth"": 47.72256728778468, ""activity_leader_strength"": 11.10260225217341}"
2026-07-15,SOLAR_ENERGY,-2.8731421087956455,-1.5547870059086977,1,1,15.384615384615385,54.54545454545454,60.70038910505835,6,2,ACTIVE,Dataset A distribution; outcome-blind,"{""activity_sector_excess_return_3d"": -1.3650675253893185, ""activity_sector_excess_return_5d"": -1.8270934023111836, ""activity_top120_count"": 1.0, ""activity_rank_improving_count"": 0.0, ""activity_volume_expansion_breadth"": 13.752488387524883, ""activity_institution_buy_breadth"": 47.72256728778468, ""activity_leader_strength"": 11.10260225217341}"
2026-07-16,SOLAR_ENERGY,-2.3478998141423735,-2.77277540014077,1,0,0.0,27.27272727272727,60.7079646017699,3,1,ACTIVE,Dataset A distribution; outcome-blind,"{""activity_sector_excess_return_3d"": -1.3650675253893185, ""activity_sector_excess_return_5d"": -1.8270934023111836, ""activity_top120_count"": 1.0, ""activity_rank_improving_count"": 0.0, ""activity_volume_expansion_breadth"": 13.752488387524883, ""activity_institution_buy_breadth"": 47.72256728778468, ""activity_leader_strength"": 11.10260225217341}"
2026-07-17,SOLAR_ENERGY,-1.5731373045343995,0.141279593211463,1,1,38.46153846153847,45.45454545454545,31.723027375201273,5,3,ACTIVE,Dataset A distribution; outcome-blind,"{""activity_sector_excess_return_3d"": -1.3650675253893185, ""activity_sector_excess_return_5d"": -1.8270934023111836, ""activity_top120_count"": 1.0, ""activity_rank_improving_count"": 0.0, ""activity_volume_expansion_breadth"": 13.752488387524883, ""activity_institution_buy_breadth"": 47.72256728778468, ""activity_leader_strength"": 11.10260225217341}"
2026-07-20,SOLAR_ENERGY,-1.4151595836983653,0.1076108640188469,3,1,15.384615384615385,45.45454545454545,10.479041916167663,4,2,ACTIVE,Dataset A distribution; outcome-blind,"{""activity_sector_excess_return_3d"": -1.3650675253893185, ""activity_sector_excess_return_5d"": -1.8270934023111836, ""activity_top120_count"": 1.0, ""activity_rank_improving_count"": 0.0, ""activity_volume_expansion_breadth"": 13.752488387524883, ""activity_institution_buy_breadth"": 47.72256728778468, ""activity_leader_strength"": 11.10260225217341}"
2026-07-21,SOLAR_ENERGY,-1.806420103023099,-3.887748013804415,3,1,15.384615384615385,54.54545454545454,9.142857142857142,4,2,ACTIVE,Dataset A distribution; outcome-blind,"{""activity_sector_excess_return_3d"": -1.3650675253893185, ""activity_sector_excess_return_5d"": -1.8270934023111836, ""activity_top120_count"": 1.0, ""activity_rank_improving_count"": 0.0, ""activity_volume_expansion_breadth"": 13.752488387524883, ""activity_institution_buy_breadth"": 47.72256728778468, ""activity_leader_strength"": 11.10260225217341}"
2026-07-22,SOLAR_ENERGY,-1.8432969567181878,-3.0919160653514632,3,0,15.384615384615385,54.54545454545454,9.887005649717517,4,1,ACTIVE,Dataset A distribution; outcome-blind,"{""activity_sector_excess_return_3d"": -1.3650675253893185, ""activity_sector_excess_return_5d"": -1.8270934023111836, ""activity_top120_count"": 1.0, ""activity_rank_improving_count"": 0.0, ""activity_volume_expansion_breadth"": 13.752488387524883, ""activity_institution_buy_breadth"": 47.72256728778468, ""activity_leader_strength"": 11.10260225217341}"
2026-07-23,SOLAR_ENERGY,-4.441790163865189,-2.7929842156553697,3,0,7.6923076923076925,36.36363636363637,3.672316384180796,2,1,LOW_ACTIVITY,Dataset A distribution; outcome-blind,"{""activity_sector_excess_return_3d"": -1.3650675253893185, ""activity_sector_excess_return_5d"": -1.8270934023111836, ""activity_top120_count"": 1.0, ""activity_rank_improving_count"": 0.0, ""activity_volume_expansion_breadth"": 13.752488387524883, ""activity_institution_buy_breadth"": 47.72256728778468, ""activity_leader_strength"": 11.10260225217341}"
2026-07-24,SOLAR_ENERGY,0.11631217754064505,-1.4354282829193377,2,1,0.0,45.45454545454545,8.455284552845544,4,1,ACTIVE,Dataset A distribution; outcome-blind,"{""activity_sector_excess_return_3d"": -1.3650675253893185, ""activity_sector_excess_return_5d"": -1.8270934023111836, ""activity_top120_count"": 1.0, ""activity_rank_improving_count"": 0.0, ""activity_volume_expansion_breadth"": 13.752488387524883, ""activity_institution_buy_breadth"": 47.72256728778468, ""activity_leader_strength"": 11.10260225217341}"
2026-05-28,SPORTING_GOODS,-0.4085909605143656,-6.572776426659549,0,0,14.285714285714285,71.42857142857143,2.2280471821756187,4,1,ACTIVE,Dataset A distribution; outcome-blind,"{""activity_sector_excess_return_3d"": -1.3650675253893185, ""activity_sector_excess_return_5d"": -1.8270934023111836, ""activity_top120_count"": 1.0, ""activity_rank_improving_count"": 0.0, ""activity_volume_expansion_breadth"": 13.752488387524883, ""activity_institution_buy_breadth"": 47.72256728778468, ""activity_leader_strength"": 11.10260225217341}"
2026-05-29,SPORTING_GOODS,-2.1975727046692595,-5.260126594273351,0,0,28.57142857142857,71.42857142857143,1.741293532338295,3,2,ACTIVE,Dataset A distribution; outcome-blind,"{""activity_sector_excess_return_3d"": -1.3650675253893185, ""activity_sector_excess_return_5d"": -1.8270934023111836, ""activity_top120_count"": 1.0, ""activity_rank_improving_count"": 0.0, ""activity_volume_expansion_breadth"": 13.752488387524883, ""activity_institution_buy_breadth"": 47.72256728778468, ""activity_leader_strength"": 11.10260225217341}"
2026-06-01,SPORTING_GOODS,0.3833901529555206,-1.1646247619617633,0,0,85.71428571428571,71.42857142857143,4.268292682926833,5,2,ACTIVE,Dataset A distribution; outcome-blind,"{""activity_sector_excess_return_3d"": -1.3650675253893185, ""activity_sector_excess_return_5d"": -1.8270934023111836, ""activity_top120_count"": 1.0, ""activity_rank_improving_count"": 0.0, ""activity_volume_expansion_breadth"": 13.752488387524883, ""activity_institution_buy_breadth"": 47.72256728778468, ""activity_leader_strength"": 11.10260225217341}"
2026-06-02,SPORTING_GOODS,-0.5108894432506617,0.27143669451082886,0,0,42.857142857142854,85.71428571428571,13.313609467455612,6,2,ACTIVE,Dataset A distribution; outcome-blind,"{""activity_sector_excess_return_3d"": -1.3650675253893185, ""activity_sector_excess_return_5d"": -1.8270934023111836, ""activity_top120_count"": 1.0, ""activity_rank_improving_count"": 0.0, ""activity_volume_expansion_breadth"": 13.752488387524883, ""activity_institution_buy_breadth"": 47.72256728778468, ""activity_leader_strength"": 11.10260225217341}"
2026-06-03,SPORTING_GOODS,0.5253312011289202,1.5521698204602146,0,0,71.42857142857143,57.14285714285714,23.46041055718475,6,3,ACTIVE,Dataset A distribution; outcome-blind,"{""activity_sector_excess_return_3d"": -1.3650675253893185, ""activity_sector_excess_return_5d"": -1.8270934023111836, ""activity_top120_count"": 1.0, ""activity_rank_improving_count"": 0.0, ""activity_volume_expansion_breadth"": 13.752488387524883, ""activity_institution_buy_breadth"": 47.72256728778468, ""activity_leader_strength"": 11.10260225217341}"
2026-06-04,SPORTING_GOODS,1.44203013660128,0.4645951814943645,0,0,28.57142857142857,71.42857142857143,36.578171091445434,6,4,HIGH_ACTIVITY,Dataset A distribution; outcome-blind,"{""activity_sector_excess_return_3d"": -1.3650675253893185, ""activity_sector_excess_return_5d"": -1.8270934023111836, ""activity_top120_count"": 1.0, ""activity_rank_improving_count"": 0.0, ""activity_volume_expansion_breadth"": 13.752488387524883, ""activity_institution_buy_breadth"": 47.72256728778468, ""activity_leader_strength"": 11.10260225217341}"
2026-06-05,SPORTING_GOODS,2.209758284811447,3.7616686815907574,1,0,42.857142857142854,28.57142857142857,44.776119402985074,6,4,HIGH_ACTIVITY,Dataset A distribution; outcome-blind,"{""activity_sector_excess_return_3d"": -1.3650675253893185, ""activity_sector_excess_return_5d"": -1.8270934023111836, ""activity_top120_count"": 1.0, ""activity_rank_improving_count"": 0.0, ""activity_volume_expansion_breadth"": 13.752488387524883, ""activity_institution_buy_breadth"": 47.72256728778468, ""activity_leader_strength"": 11.10260225217341}"
2026-06-08,SPORTING_GOODS,6.3022705973162285,6.2147779669901695,1,0,42.857142857142854,85.71428571428571,42.97994269340975,7,5,HIGH_ACTIVITY,Dataset A distribution; outcome-blind,"{""activity_sector_excess_return_3d"": -1.3650675253893185, ""activity_sector_excess_return_5d"": -1.8270934023111836, ""activity_top120_count"": 1.0, ""activity_rank_improving_count"": 0.0, ""activity_volume_expansion_breadth"": 13.752488387524883, ""activity_institution_buy_breadth"": 47.72256728778468, ""activity_leader_strength"": 11.10260225217341}"
2026-06-09,SPORTING_GOODS,2.6004323159245004,3.9430874777259928,1,0,28.57142857142857,57.14285714285714,43.080939947780685,7,4,HIGH_ACTIVITY,Dataset A distribution; outcome-blind,"{""activity_sector_excess_return_3d"": -1.3650675253893185, ""activity_sector_excess_return_5d"": -1.8270934023111836, ""activity_top120_count"": 1.0, ""activity_rank_improving_count"": 0.0, ""activity_volume_expansion_breadth"": 13.752488387524883, ""activity_institution_buy_breadth"": 47.72256728778468, ""activity_leader_strength"": 11.10260225217341}"
2026-06-10,SPORTING_GOODS,5.05017558270039,6.686161846527111,2,2,42.857142857142854,71.42857142857143,33.0166270783848,7,6,HIGH_ACTIVITY,Dataset A distribution; outcome-blind,"{""activity_sector_excess_return_3d"": -1.3650675253893185, ""activity_sector_excess_return_5d"": -1.8270934023111836, ""activity_top120_count"": 1.0, ""activity_rank_improving_count"": 0.0, ""activity_volume_expansion_breadth"": 13.752488387524883, ""activity_institution_buy_breadth"": 47.72256728778468, ""activity_leader_strength"": 11.10260225217341}"
2026-06-11,SPORTING_GOODS,4.028767842100899,6.446912245493797,1,0,14.285714285714285,71.42857142857143,22.67818574514038,7,3,ACTIVE,Dataset A distribution; outcome-blind,"{""activity_sector_excess_return_3d"": -1.3650675253893185, ""activity_sector_excess_return_5d"": -1.8270934023111836, ""activity_top120_count"": 1.0, ""activity_rank_improving_count"": 0.0, ""activity_volume_expansion_breadth"": 13.752488387524883, ""activity_institution_buy_breadth"": 47.72256728778468, ""activity_leader_strength"": 11.10260225217341}"
2026-06-12,SPORTING_GOODS,1.7531994584877975,3.465356986102386,1,1,14.285714285714285,57.14285714285714,5.567010309278353,6,3,ACTIVE,Dataset A distribution; outcome-blind,"{""activity_sector_excess_return_3d"": -1.3650675253893185, ""activity_sector_excess_return_5d"": -1.8270934023111836, ""activity_top120_count"": 1.0, ""activity_rank_improving_count"": 0.0, ""activity_volume_expansion_breadth"": 13.752488387524883, ""activity_institution_buy_breadth"": 47.72256728778468, ""activity_leader_strength"": 11.10260225217341}"
2026-06-15,SPORTING_GOODS,-5.1612757441428405,-3.068540778691531,0,0,0.0,85.71428571428571,8.294930875576046,2,1,LOW_ACTIVITY,Dataset A distribution; outcome-blind,"{""activity_sector_excess_return_3d"": -1.3650675253893185, ""activity_sector_excess_return_5d"": -1.8270934023111836, ""activity_top120_count"": 1.0, ""activity_rank_improving_count"": 0.0, ""activity_volume_expansion_breadth"": 13.752488387524883, ""activity_institution_buy_breadth"": 47.72256728778468, ""activity_leader_strength"": 11.10260225217341}"
2026-06-16,SPORTING_GOODS,-6.94986179667314,-2.9208662868087987,0,0,0.0,71.42857142857143,8.796296296296301,2,1,LOW_ACTIVITY,Dataset A distribution; outcome-blind,"{""activity_sector_excess_return_3d"": -1.3650675253893185, ""activity_sector_excess_return_5d"": -1.8270934023111836, ""activity_top120_count"": 1.0, ""activity_rank_improving_count"": 0.0, ""activity_volume_expansion_breadth"": 13.752488387524883, ""activity_institution_buy_breadth"": 47.72256728778468, ""activity_leader_strength"": 11.10260225217341}"
2026-06-17,SPORTING_GOODS,-5.892096780265144,-8.546366866563993,0,0,14.285714285714285,14.285714285714285,5.35714285714286,2,0,LOW_ACTIVITY,Dataset A distribution; outcome-blind,"{""activity_sector_excess_return_3d"": -1.3650675253893185, ""activity_sector_excess_return_5d"": -1.8270934023111836, ""activity_top120_count"": 1.0, ""activity_rank_improving_count"": 0.0, ""activity_volume_expansion_breadth"": 13.752488387524883, ""activity_institution_buy_breadth"": 47.72256728778468, ""activity_leader_strength"": 11.10260225217341}"
2026-06-18,SPORTING_GOODS,-3.0436492029744464,-9.613954948075964,0,0,0.0,28.57142857142857,5.752212389380529,1,0,LOW_ACTIVITY,Dataset A distribution; outcome-blind,"{""activity_sector_excess_return_3d"": -1.3650675253893185, ""activity_sector_excess_return_5d"": -1.8270934023111836, ""activity_top120_count"": 1.0, ""activity_rank_improving_count"": 0.0, ""activity_volume_expansion_breadth"": 13.752488387524883, ""activity_institution_buy_breadth"": 47.72256728778468, ""activity_leader_strength"": 11.10260225217341}"
2026-06-22,SPORTING_GOODS,-7.745255490589748,-12.807295680759617,0,0,14.285714285714285,0.0,0.0,2,0,LOW_ACTIVITY,Dataset A distribution; outcome-blind,"{""activity_sector_excess_return_3d"": -1.3650675253893185, ""activity_sector_excess_return_5d"": -1.8270934023111836, ""activity_top120_count"": 1.0, ""activity_rank_improving_count"": 0.0, ""activity_volume_expansion_breadth"": 13.752488387524883, ""activity_institution_buy_breadth"": 47.72256728778468, ""activity_leader_strength"": 11.10260225217341}"
2026-06-23,SPORTING_GOODS,-4.792849121485371,-6.831268869164642,0,0,14.285714285714285,42.857142857142854,3.2537960954446943,2,0,LOW_ACTIVITY,Dataset A distribution; outcome-blind,"{""activity_sector_excess_return_3d"": -1.3650675253893185, ""activity_sector_excess_return_5d"": -1.8270934023111836, ""activity_top120_count"": 1.0, ""activity_rank_improving_count"": 0.0, ""activity_volume_expansion_breadth"": 13.752488387524883, ""activity_institution_buy_breadth"": 47.72256728778468, ""activity_leader_strength"": 11.10260225217341}"
2026-06-24,SPORTING_GOODS,-0.7501074309807843,-2.471983113400189,1,0,0.0,42.857142857142854,5.714285714285716,3,0,ACTIVE,Dataset A distribution; outcome-blind,"{""activity_sector_excess_return_3d"": -1.3650675253893185, ""activity_sector_excess_return_5d"": -1.8270934023111836, ""activity_top120_count"": 1.0, ""activity_rank_improving_count"": 0.0, ""activity_volume_expansion_breadth"": 13.752488387524883, ""activity_institution_buy_breadth"": 47.72256728778468, ""activity_leader_strength"": 11.10260225217341}"
2026-06-25,SPORTING_GOODS,3.4160501605451588,-2.9956646710329435,1,0,0.0,14.285714285714285,8.771929824561408,3,1,ACTIVE,Dataset A distribution; outcome-blind,"{""activity_sector_excess_return_3d"": -1.3650675253893185, ""activity_sector_excess_return_5d"": -1.8270934023111836, ""activity_top120_count"": 1.0, ""activity_rank_improving_count"": 0.0, ""activity_volume_expansion_breadth"": 13.752488387524883, ""activity_institution_buy_breadth"": 47.72256728778468, ""activity_leader_strength"": 11.10260225217341}"
2026-06-26,SPORTING_GOODS,2.9806805917516392,-1.0380330168086207,0,0,14.285714285714285,28.57142857142857,-0.8368200836820106,4,1,ACTIVE,Dataset A distribution; outcome-blind,"{""activity_sector_excess_return_3d"": -1.3650675253893185, ""activity_sector_excess_return_5d"": -1.8270934023111836, ""activity_top120_count"": 1.0, ""activity_rank_improving_count"": 0.0, ""activity_volume_expansion_breadth"": 13.752488387524883, ""activity_institution_buy_breadth"": 47.72256728778468, ""activity_leader_strength"": 11.10260225217341}"
2026-06-29,SPORTING_GOODS,0.69861051161621,4.048384213057426,1,0,14.285714285714285,71.42857142857143,11.637931034482762,7,2,ACTIVE,Dataset A distribution; outcome-blind,"{""activity_sector_excess_return_3d"": -1.3650675253893185, ""activity_sector_excess_return_5d"": -1.8270934023111836, ""activity_top120_count"": 1.0, ""activity_rank_improving_count"": 0.0, ""activity_volume_expansion_breadth"": 13.752488387524883, ""activity_institution_buy_breadth"": 47.72256728778468, ""activity_leader_strength"": 11.10260225217341}"
2026-06-30,SPORTING_GOODS,-1.6635979086901953,-1.4753363015337584,1,1,14.285714285714285,14.285714285714285,10.087719298245613,4,1,ACTIVE,Dataset A distribution; outcome-blind,"{""activity_sector_excess_return_3d"": -1.3650675253893185, ""activity_sector_excess_return_5d"": -1.8270934023111836, ""activity_top120_count"": 1.0, ""activity_rank_improving_count"": 0.0, ""activity_volume_expansion_breadth"": 13.752488387524883, ""activity_institution_buy_breadth"": 47.72256728778468, ""activity_leader_strength"": 11.10260225217341}"
2026-07-01,SPORTING_GOODS,-5.881164301117997,-3.802225111039226,1,1,14.285714285714285,14.285714285714285,12.3404255319149,4,1,ACTIVE,Dataset A distribution; outcome-blind,"{""activity_sector_excess_return_3d"": -1.3650675253893185, ""activity_sector_excess_return_5d"": -1.8270934023111836, ""activity_top120_count"": 1.0, ""activity_rank_improving_count"": 0.0, ""activity_volume_expansion_breadth"": 13.752488387524883, ""activity_institution_buy_breadth"": 47.72256728778468, ""activity_leader_strength"": 11.10260225217341}"
2026-07-02,SPORTING_GOODS,-4.711047001836022,-2.835643299304053,1,0,14.285714285714285,28.57142857142857,7.563025210084029,3,0,ACTIVE,Dataset A distribution; outcome-blind,"{""activity_sector_excess_return_3d"": -1.3650675253893185, ""activity_sector_excess_return_5d"": -1.8270934023111836, ""activity_top120_count"": 1.0, ""activity_rank_improving_count"": 0.0, ""activity_volume_expansion_breadth"": 13.752488387524883, ""activity_institution_buy_breadth"": 47.72256728778468, ""activity_leader_strength"": 11.10260225217341}"
2026-07-03,SPORTING_GOODS,2.8180064752544975,-2.4224776520464064,1,1,14.285714285714285,71.42857142857143,10.970464135021096,5,3,ACTIVE,Dataset A distribution; outcome-blind,"{""activity_sector_excess_return_3d"": -1.3650675253893185, ""activity_sector_excess_return_5d"": -1.8270934023111836, ""activity_top120_count"": 1.0, ""activity_rank_improving_count"": 0.0, ""activity_volume_expansion_breadth"": 13.752488387524883, ""activity_institution_buy_breadth"": 47.72256728778468, ""activity_leader_strength"": 11.10260225217341}"
2026-07-06,SPORTING_GOODS,3.597251827603354,-1.6462819039867571,0,0,0.0,42.857142857142854,5.459057071960305,3,1,ACTIVE,Dataset A distribution; outcome-blind,"{""activity_sector_excess_return_3d"": -1.3650675253893185, ""activity_sector_excess_return_5d"": -1.8270934023111836, ""activity_top120_count"": 1.0, ""activity_rank_improving_count"": 0.0, ""activity_volume_expansion_breadth"": 13.752488387524883, ""activity_institution_buy_breadth"": 47.72256728778468, ""activity_leader_strength"": 11.10260225217341}"
2026-07-07,SPORTING_GOODS,4.060962661426437,4.6267364280363825,0,0,14.285714285714285,42.857142857142854,8.883248730964466,4,2,ACTIVE,Dataset A distribution; outcome-blind,"{""activity_sector_excess_return_3d"": -1.3650675253893185, ""activity_sector_excess_return_5d"": -1.8270934023111836, ""activity_top120_count"": 1.0, ""activity_rank_improving_count"": 0.0, ""activity_volume_expansion_breadth"": 13.752488387524883, ""activity_institution_buy_breadth"": 47.72256728778468, ""activity_leader_strength"": 11.10260225217341}"
2026-07-08,SPORTING_GOODS,1.4329218864049642,2.6008114779026648,0,0,0.0,28.57142857142857,5.044510385756662,3,2,ACTIVE,Dataset A distribution; outcome-blind,"{""activity_sector_excess_return_3d"": -1.3650675253893185, ""activity_sector_excess_return_5d"": -1.8270934023111836, ""activity_top120_count"": 1.0, ""activity_rank_improving_count"": 0.0, ""activity_volume_expansion_breadth"": 13.752488387524883, ""activity_institution_buy_breadth"": 47.72256728778468, ""activity_leader_strength"": 11.10260225217341}"
2026-07-09,SPORTING_GOODS,0.9561813451191836,4.774640919338102,0,0,0.0,42.857142857142854,6.735751295336789,3,1,ACTIVE,Dataset A distribution; outcome-blind,"{""activity_sector_excess_return_3d"": -1.3650675253893185, ""activity_sector_excess_return_5d"": -1.8270934023111836, ""activity_top120_count"": 1.0, ""activity_rank_improving_count"": 0.0, ""activity_volume_expansion_breadth"": 13.752488387524883, ""activity_institution_buy_breadth"": 47.72256728778468, ""activity_leader_strength"": 11.10260225217341}"
2026-07-13,SPORTING_GOODS,-0.2924705531468341,1.1436425166789999,1,0,14.285714285714285,57.14285714285714,2.564102564102555,6,0,ACTIVE,Dataset A distribution; outcome-blind,"{""activity_sector_excess_return_3d"": -1.3650675253893185, ""activity_sector_excess_return_5d"": -1.8270934023111836, ""activity_top120_count"": 1.0, ""activity_rank_improving_count"": 0.0, ""activity_volume_expansion_breadth"": 13.752488387524883, ""activity_institution_buy_breadth"": 47.72256728778468, ""activity_leader_strength"": 11.10260225217341}"
2026-07-14,SPORTING_GOODS,1.1094117320828323,1.6478841865072646,0,0,28.57142857142857,57.14285714285714,-0.6329113924050667,5,3,ACTIVE,Dataset A distribution; outcome-blind,"{""activity_sector_excess_return_3d"": -1.3650675253893185, ""activity_sector_excess_return_5d"": -1.8270934023111836, ""activity_top120_count"": 1.0, ""activity_rank_improving_count"": 0.0, ""activity_volume_expansion_breadth"": 13.752488387524883, ""activity_institution_buy_breadth"": 47.72256728778468, ""activity_leader_strength"": 11.10260225217341}"
2026-07-15,SPORTING_GOODS,0.0638702956356374,0.6921257972467343,1,0,14.285714285714285,85.71428571428571,3.6649214659685736,6,1,ACTIVE,Dataset A distribution; outcome-blind,"{""activity_sector_excess_return_3d"": -1.3650675253893185, ""activity_sector_excess_return_5d"": -1.8270934023111836, ""activity_top120_count"": 1.0, ""activity_rank_improving_count"": 0.0, ""activity_volume_expansion_breadth"": 13.752488387524883, ""activity_institution_buy_breadth"": 47.72256728778468, ""activity_leader_strength"": 11.10260225217341}"
2026-07-16,SPORTING_GOODS,2.137649997887703,1.9341880468676131,0,0,28.57142857142857,85.71428571428571,6.842105263157894,5,4,HIGH_ACTIVITY,Dataset A distribution; outcome-blind,"{""activity_sector_excess_return_3d"": -1.3650675253893185, ""activity_sector_excess_return_5d"": -1.8270934023111836, ""activity_top120_count"": 1.0, ""activity_rank_improving_count"": 0.0, ""activity_volume_expansion_breadth"": 13.752488387524883, ""activity_institution_buy_breadth"": 47.72256728778468, ""activity_leader_strength"": 11.10260225217341}"
2026-07-17,SPORTING_GOODS,6.496436141945495,6.201549755810687,0,0,28.57142857142857,85.71428571428571,4.022988505747138,5,4,HIGH_ACTIVITY,Dataset A distribution; outcome-blind,"{""activity_sector_excess_return_3d"": -1.3650675253893185, ""activity_sector_excess_return_5d"": -1.8270934023111836, ""activity_top120_count"": 1.0, ""activity_rank_improving_count"": 0.0, ""activity_volume_expansion_breadth"": 13.752488387524883, ""activity_institution_buy_breadth"": 47.72256728778468, ""activity_leader_strength"": 11.10260225217341}"
2026-07-20,SPORTING_GOODS,7.638259412620319,9.995524145445167,1,0,28.57142857142857,85.71428571428571,5.46875,6,4,HIGH_ACTIVITY,Dataset A distribution; outcome-blind,"{""activity_sector_excess_return_3d"": -1.3650675253893185, ""activity_sector_excess_return_5d"": -1.8270934023111836, ""activity_top120_count"": 1.0, ""activity_rank_improving_count"": 0.0, ""activity_volume_expansion_breadth"": 13.752488387524883, ""activity_institution_buy_breadth"": 47.72256728778468, ""activity_leader_strength"": 11.10260225217341}"
2026-07-21,SPORTING_GOODS,3.3365816908660975,4.62248088772883,2,0,28.57142857142857,71.42857142857143,10.116731517509736,6,4,HIGH_ACTIVITY,Dataset A distribution; outcome-blind,"{""activity_sector_excess_return_3d"": -1.3650675253893185, ""activity_sector_excess_return_5d"": -1.8270934023111836, ""activity_top120_count"": 1.0, ""activity_rank_improving_count"": 0.0, ""activity_volume_expansion_breadth"": 13.752488387524883, ""activity_institution_buy_breadth"": 47.72256728778468, ""activity_leader_strength"": 11.10260225217341}"
2026-07-22,SPORTING_GOODS,-5.806668651824842,1.5133785873365613,0,0,28.57142857142857,0.0,4.198473282442738,3,2,ACTIVE,Dataset A distribution; outcome-blind,"{""activity_sector_excess_return_3d"": -1.3650675253893185, ""activity_sector_excess_return_5d"": -1.8270934023111836, ""activity_top120_count"": 1.0, ""activity_rank_improving_count"": 0.0, ""activity_volume_expansion_breadth"": 13.752488387524883, ""activity_institution_buy_breadth"": 47.72256728778468, ""activity_leader_strength"": 11.10260225217341}"
2026-07-23,SPORTING_GOODS,-7.001394302416697,-0.4210492274501041,0,0,0.0,14.285714285714285,1.9379844961240345,2,0,LOW_ACTIVITY,Dataset A distribution; outcome-blind,"{""activity_sector_excess_return_3d"": -1.3650675253893185, ""activity_sector_excess_return_5d"": -1.8270934023111836, ""activity_top120_count"": 1.0, ""activity_rank_improving_count"": 0.0, ""activity_volume_expansion_breadth"": 13.752488387524883, ""activity_institution_buy_breadth"": 47.72256728778468, ""activity_leader_strength"": 11.10260225217341}"
2026-07-24,SPORTING_GOODS,-0.8264846607785925,-2.701391339596615,0,0,0.0,28.57142857142857,8.333333333333325,2,0,LOW_ACTIVITY,Dataset A distribution; outcome-blind,"{""activity_sector_excess_return_3d"": -1.3650675253893185, ""activity_sector_excess_return_5d"": -1.8270934023111836, ""activity_top120_count"": 1.0, ""activity_rank_improving_count"": 0.0, ""activity_volume_expansion_breadth"": 13.752488387524883, ""activity_institution_buy_breadth"": 47.72256728778468, ""activity_leader_strength"": 11.10260225217341}"
2026-05-28,STEEL,-2.244860911842639,-4.954580999224733,2,0,23.684210526315788,76.31578947368422,14.583333333333325,5,2,ACTIVE,Dataset A distribution; outcome-blind,"{""activity_sector_excess_return_3d"": -1.3650675253893185, ""activity_sector_excess_return_5d"": -1.8270934023111836, ""activity_top120_count"": 1.0, ""activity_rank_improving_count"": 0.0, ""activity_volume_expansion_breadth"": 13.752488387524883, ""activity_institution_buy_breadth"": 47.72256728778468, ""activity_leader_strength"": 11.10260225217341}"
2026-05-29,STEEL,-2.330377101359149,-4.399787214424533,2,0,21.052631578947366,71.05263157894737,17.999999999999993,5,1,ACTIVE,Dataset A distribution; outcome-blind,"{""activity_sector_excess_return_3d"": -1.3650675253893185, ""activity_sector_excess_return_5d"": -1.8270934023111836, ""activity_top120_count"": 1.0, ""activity_rank_improving_count"": 0.0, ""activity_volume_expansion_breadth"": 13.752488387524883, ""activity_institution_buy_breadth"": 47.72256728778468, ""activity_leader_strength"": 11.10260225217341}"
2026-06-01,STEEL,-0.885479082525209,-4.88965338164426,1,0,36.84210526315789,81.57894736842105,29.200000000000003,6,3,ACTIVE,Dataset A distribution; outcome-blind,"{""activity_sector_excess_return_3d"": -1.3650675253893185, ""activity_sector_excess_return_5d"": -1.8270934023111836, ""activity_top120_count"": 1.0, ""activity_rank_improving_count"": 0.0, ""activity_volume_expansion_breadth"": 13.752488387524883, ""activity_institution_buy_breadth"": 47.72256728778468, ""activity_leader_strength"": 11.10260225217341}"
2026-06-02,STEEL,-2.4507201032538894,-3.410672850697949,1,0,15.789473684210526,44.73684210526316,33.73015873015872,4,1,ACTIVE,Dataset A distribution; outcome-blind,"{""activity_sector_excess_return_3d"": -1.3650675253893185, ""activity_sector_excess_return_5d"": -1.8270934023111836, ""activity_top120_count"": 1.0, ""activity_rank_improving_count"": 0.0, ""activity_volume_expansion_breadth"": 13.752488387524883, ""activity_institution_buy_breadth"": 47.72256728778468, ""activity_leader_strength"": 11.10260225217341}"
2026-06-03,STEEL,-0.9177695320666257,-1.6346128676606453,6,1,47.368421052631575,84.21052631578947,34.959349593495936,7,5,HIGH_ACTIVITY,Dataset A distribution; outcome-blind,"{""activity_sector_excess_return_3d"": -1.3650675253893185, ""activity_sector_excess_return_5d"": -1.8270934023111836, ""activity_top120_count"": 1.0, ""activity_rank_improving_count"": 0.0, ""activity_volume_expansion_breadth"": 13.752488387524883, ""activity_institution_buy_breadth"": 47.72256728778468, ""activity_leader_strength"": 11.10260225217341}"
2026-06-04,STEEL,1.069421374646562,-0.8251398330305082,1,1,15.789473684210526,63.1578947368421,28.62453531598512,7,4,HIGH_ACTIVITY,Dataset A distribution; outcome-blind,"{""activity_sector_excess_return_3d"": -1.3650675253893185, ""activity_sector_excess_return_5d"": -1.8270934023111836, ""activity_top120_count"": 1.0, ""activity_rank_improving_count"": 0.0, ""activity_volume_expansion_breadth"": 13.752488387524883, ""activity_institution_buy_breadth"": 47.72256728778468, ""activity_leader_strength"": 11.10260225217341}"
2026-06-05,STEEL,2.882536182718076,1.4332240375767746,2,1,13.157894736842104,50.0,19.496855345911946,6,3,ACTIVE,Dataset A distribution; outcome-blind,"{""activity_sector_excess_return_3d"": -1.3650675253893185, ""activity_sector_excess_return_5d"": -1.8270934023111836, ""activity_top120_count"": 1.0, ""activity_rank_improving_count"": 0.0, ""activity_volume_expansion_breadth"": 13.752488387524883, ""activity_institution_buy_breadth"": 47.72256728778468, ""activity_leader_strength"": 11.10260225217341}"
2026-06-08,STEEL,4.024699564309946,3.5765554295985598,2,2,28.947368421052634,39.473684210526315,23.529411764705866,6,5,HIGH_ACTIVITY,Dataset A distribution; outcome-blind,"{""activity_sector_excess_return_3d"": -1.3650675253893185, ""activity_sector_excess_return_5d"": -1.8270934023111836, ""activity_top120_count"": 1.0, ""activity_rank_improving_count"": 0.0, ""activity_volume_expansion_breadth"": 13.752488387524883, ""activity_institution_buy_breadth"": 47.72256728778468, ""activity_leader_strength"": 11.10260225217341}"
2026-06-09,STEEL,0.290477810014933,1.5593914754080784,2,0,18.421052631578945,23.684210526315788,26.446280991735538,6,2,ACTIVE,Dataset A distribution; outcome-blind,"{""activity_sector_excess_return_3d"": -1.3650675253893185, ""activity_sector_excess_return_5d"": -1.8270934023111836, ""activity_top120_count"": 1.0, ""activity_rank_improving_count"": 0.0, ""activity_volume_expansion_breadth"": 13.752488387524883, ""activity_institution_buy_breadth"": 47.72256728778468, ""activity_leader_strength"": 11.10260225217341}"
2026-06-10,STEEL,1.641859715031619,4.1732736803232084,4,0,15.789473684210526,52.63157894736842,17.959183673469383,7,3,ACTIVE,Dataset A distribution; outcome-blind,"{""activity_sector_excess_return_3d"": -1.3650675253893185, ""activity_sector_excess_return_5d"": -1.8270934023111836, ""activity_top120_count"": 1.0, ""activity_rank_improving_count"": 0.0, ""activity_volume_expansion_breadth"": 13.752488387524883, ""activity_institution_buy_breadth"": 47.72256728778468, ""activity_leader_strength"": 11.10260225217341}"
2026-06-11,STEEL,0.06674926658331581,2.8498897568743464,1,0,13.157894736842104,47.368421052631575,13.934426229508201,5,1,ACTIVE,Dataset A distribution; outcome-blind,"{""activity_sector_excess_return_3d"": -1.3650675253893185, ""activity_sector_excess_return_5d"": -1.8270934023111836, ""activity_top120_count"": 1.0, ""activity_rank_improving_count"": 0.0, ""activity_volume_expansion_breadth"": 13.752488387524883, ""activity_institution_buy_breadth"": 47.72256728778468, ""activity_leader_strength"": 11.10260225217341}"
2026-06-12,STEEL,1.7737002409604186,1.1475952062234451,1,0,21.052631578947366,84.21052631578947,5.223880597014929,6,2,ACTIVE,Dataset A distribution; outcome-blind,"{""activity_sector_excess_return_3d"": -1.3650675253893185, ""activity_sector_excess_return_5d"": -1.8270934023111836, ""activity_top120_count"": 1.0, ""activity_rank_improving_count"": 0.0, ""activity_volume_expansion_breadth"": 13.752488387524883, ""activity_institution_buy_breadth"": 47.72256728778468, ""activity_leader_strength"": 11.10260225217341}"
2026-06-15,STEEL,-2.4105760599585024,-2.523255726554352,3,2,31.57894736842105,78.94736842105263,9.471766848816031,4,4,HIGH_ACTIVITY,Dataset A distribution; outcome-blind,"{""activity_sector_excess_return_3d"": -1.3650675253893185, ""activity_sector_excess_return_5d"": -1.8270934023111836, ""activity_top120_count"": 1.0, ""activity_rank_improving_count"": 0.0, ""activity_volume_expansion_breadth"": 13.752488387524883, ""activity_institution_buy_breadth"": 47.72256728778468, ""activity_leader_strength"": 11.10260225217341}"
2026-06-16,STEEL,-5.088503828163537,-2.1123589514009278,1,0,21.052631578947366,42.10526315789473,9.742647058823529,3,0,ACTIVE,Dataset A distribution; outcome-blind,"{""activity_sector_excess_return_3d"": -1.3650675253893185, ""activity_sector_excess_return_5d"": -1.8270934023111836, ""activity_top120_count"": 1.0, ""activity_rank_improving_count"": 0.0, ""activity_volume_expansion_breadth"": 13.752488387524883, ""activity_institution_buy_breadth"": 47.72256728778468, ""activity_leader_strength"": 11.10260225217341}"
2026-06-17,STEEL,-3.9329434753227477,-4.978999474898904,1,1,7.894736842105263,42.10526315789473,22.028985507246368,3,1,ACTIVE,Dataset A distribution; outcome-blind,"{""activity_sector_excess_return_3d"": -1.3650675253893185, ""activity_sector_excess_return_5d"": -1.8270934023111836, ""activity_top120_count"": 1.0, ""activity_rank_improving_count"": 0.0, ""activity_volume_expansion_breadth"": 13.752488387524883, ""activity_institution_buy_breadth"": 47.72256728778468, ""activity_leader_strength"": 11.10260225217341}"
2026-06-18,STEEL,-3.208965927503782,-6.261948255608429,1,1,26.31578947368421,50.0,48.87459807073955,5,3,ACTIVE,Dataset A distribution; outcome-blind,"{""activity_sector_excess_return_3d"": -1.3650675253893185, ""activity_sector_excess_return_5d"": -1.8270934023111836, ""activity_top120_count"": 1.0, ""activity_rank_improving_count"": 0.0, ""activity_volume_expansion_breadth"": 13.752488387524883, ""activity_institution_buy_breadth"": 47.72256728778468, ""activity_leader_strength"": 11.10260225217341}"
2026-06-22,STEEL,-3.807884263461303,-7.876312288932985,4,1,42.10526315789473,68.42105263157895,57.54716981132076,5,5,HIGH_ACTIVITY,Dataset A distribution; outcome-blind,"{""activity_sector_excess_return_3d"": -1.3650675253893185, ""activity_sector_excess_return_5d"": -1.8270934023111836, ""activity_top120_count"": 1.0, ""activity_rank_improving_count"": 0.0, ""activity_volume_expansion_breadth"": 13.752488387524883, ""activity_institution_buy_breadth"": 47.72256728778468, ""activity_leader_strength"": 11.10260225217341}"
2026-06-23,STEEL,-2.9746252919053804,-5.2408010013954565,1,0,23.684210526315788,50.0,38.39541547277936,5,2,ACTIVE,Dataset A distribution; outcome-blind,"{""activity_sector_excess_return_3d"": -1.3650675253893185, ""activity_sector_excess_return_5d"": -1.8270934023111836, ""activity_top120_count"": 1.0, ""activity_rank_improving_count"": 0.0, ""activity_volume_expansion_breadth"": 13.752488387524883, ""activity_institution_buy_breadth"": 47.72256728778468, ""activity_leader_strength"": 11.10260225217341}"
2026-06-24,STEEL,0.8490026553140018,-1.2580197699777251,1,1,13.157894736842104,44.73684210526316,23.57954545454546,5,2,ACTIVE,Dataset A distribution; outcome-blind,"{""activity_sector_excess_return_3d"": -1.3650675253893185, ""activity_sector_excess_return_5d"": -1.8270934023111836, ""activity_top120_count"": 1.0, ""activity_rank_improving_count"": 0.0, ""activity_volume_expansion_breadth"": 13.752488387524883, ""activity_institution_buy_breadth"": 47.72256728778468, ""activity_leader_strength"": 11.10260225217341}"
2026-06-25,STEEL,1.67719513170701,-1.7628726456025923,1,1,18.421052631578945,42.10526315789473,16.11111111111112,6,2,ACTIVE,Dataset A distribution; outcome-blind,"{""activity_sector_excess_return_3d"": -1.3650675253893185, ""activity_sector_excess_return_5d"": -1.8270934023111836, ""activity_top120_count"": 1.0, ""activity_rank_improving_count"": 0.0, ""activity_volume_expansion_breadth"": 13.752488387524883, ""activity_institution_buy_breadth"": 47.72256728778468, ""activity_leader_strength"": 11.10260225217341}"
2026-06-26,STEEL,3.611818390123778,2.0163694435543498,1,0,21.052631578947366,28.947368421052634,13.838550247116954,6,2,ACTIVE,Dataset A distribution; outcome-blind,"{""activity_sector_excess_return_3d"": -1.3650675253893185, ""activity_sector_excess_return_5d"": -1.8270934023111836, ""activity_top120_count"": 1.0, ""activity_rank_improving_count"": 0.0, ""activity_volume_expansion_breadth"": 13.752488387524883, ""activity_institution_buy_breadth"": 47.72256728778468, ""activity_leader_strength"": 11.10260225217341}"
2026-06-29,STEEL,0.8539351925333394,3.4651710061176564,2,0,10.526315789473683,60.526315789473685,23.597359735973612,6,3,ACTIVE,Dataset A distribution; outcome-blind,"{""activity_sector_excess_return_3d"": -1.3650675253893185, ""activity_sector_excess_return_5d"": -1.8270934023111836, ""activity_top120_count"": 1.0, ""activity_rank_improving_count"": 0.0, ""activity_volume_expansion_breadth"": 13.752488387524883, ""activity_institution_buy_breadth"": 47.72256728778468, ""activity_leader_strength"": 11.10260225217341}"
2026-06-30,STEEL,-0.6256300656782898,0.8727833771475235,2,0,15.789473684210526,31.57894736842105,24.17218543046358,6,1,ACTIVE,Dataset A distribution; outcome-blind,"{""activity_sector_excess_return_3d"": -1.3650675253893185, ""activity_sector_excess_return_5d"": -1.8270934023111836, ""activity_top120_count"": 1.0, ""activity_rank_improving_count"": 0.0, ""activity_volume_expansion_breadth"": 13.752488387524883, ""activity_institution_buy_breadth"": 47.72256728778468, ""activity_leader_strength"": 11.10260225217341}"
2026-07-01,STEEL,-4.422422358637723,-2.814120137320769,2,0,21.052631578947366,50.0,18.810289389067524,5,0,ACTIVE,Dataset A distribution; outcome-blind,"{""activity_sector_excess_return_3d"": -1.3650675253893185, ""activity_sector_excess_return_5d"": -1.8270934023111836, ""activity_top120_count"": 1.0, ""activity_rank_improving_count"": 0.0, ""activity_volume_expansion_breadth"": 13.752488387524883, ""activity_institution_buy_breadth"": 47.72256728778468, ""activity_leader_strength"": 11.10260225217341}"
2026-07-02,STEEL,-3.5849928786591434,-1.6547501806733589,3,2,13.157894736842104,52.63157894736842,10.888888888888882,4,2,ACTIVE,Dataset A distribution; outcome-blind,"{""activity_sector_excess_return_3d"": -1.3650675253893185, ""activity_sector_excess_return_5d"": -1.8270934023111836, ""activity_top120_count"": 1.0, ""activity_rank_improving_count"": 0.0, ""activity_volume_expansion_breadth"": 13.752488387524883, ""activity_institution_buy_breadth"": 47.72256728778468, ""activity_leader_strength"": 11.10260225217341}"
2026-07-03,STEEL,0.44257519359235387,-1.8401774514147151,1,1,28.947368421052634,84.21052631578947,25.92592592592593,6,4,HIGH_ACTIVITY,Dataset A distribution; outcome-blind,"{""activity_sector_excess_return_3d"": -1.3650675253893185, ""activity_sector_excess_return_5d"": -1.8270934023111836, ""activity_top120_count"": 1.0, ""activity_rank_improving_count"": 0.0, ""activity_volume_expansion_breadth"": 13.752488387524883, ""activity_institution_buy_breadth"": 47.72256728778468, ""activity_leader_strength"": 11.10260225217341}"
2026-07-06,STEEL,2.9596340800638,-1.4616235639287822,7,2,15.789473684210526,60.526315789473685,26.086956521739136,7,5,HIGH_ACTIVITY,Dataset A distribution; outcome-blind,"{""activity_sector_excess_return_3d"": -1.3650675253893185, ""activity_sector_excess_return_5d"": -1.8270934023111836, ""activity_top120_count"": 1.0, ""activity_rank_improving_count"": 0.0, ""activity_volume_expansion_breadth"": 13.752488387524883, ""activity_institution_buy_breadth"": 47.72256728778468, ""activity_leader_strength"": 11.10260225217341}"
2026-07-07,STEEL,2.9825789049016116,2.126886438961717,7,2,26.31578947368421,36.84210526315789,9.328358208955233,5,5,HIGH_ACTIVITY,Dataset A distribution; outcome-blind,"{""activity_sector_excess_return_3d"": -1.3650675253893185, ""activity_sector_excess_return_5d"": -1.8270934023111836, ""activity_top120_count"": 1.0, ""activity_rank_improving_count"": 0.0, ""activity_volume_expansion_breadth"": 13.752488387524883, ""activity_institution_buy_breadth"": 47.72256728778468, ""activity_leader_strength"": 11.10260225217341}"
2026-07-08,STEEL,0.30870671586363807,3.0001415884485017,2,1,15.789473684210526,21.052631578947366,5.818181818181811,5,2,ACTIVE,Dataset A distribution; outcome-blind,"{""activity_sector_excess_return_3d"": -1.3650675253893185, ""activity_sector_excess_return_5d"": -1.8270934023111836, ""activity_top120_count"": 1.0, ""activity_rank_improving_count"": 0.0, ""activity_volume_expansion_breadth"": 13.752488387524883, ""activity_institution_buy_breadth"": 47.72256728778468, ""activity_leader_strength"": 11.10260225217341}"
2026-07-09,STEEL,0.4739638455058315,2.6929133712826125,2,1,5.263157894736842,47.368421052631575,12.454212454212454,5,2,ACTIVE,Dataset A distribution; outcome-blind,"{""activity_sector_excess_return_3d"": -1.3650675253893185, ""activity_sector_excess_return_5d"": -1.8270934023111836, ""activity_top120_count"": 1.0, ""activity_rank_improving_count"": 0.0, ""activity_volume_expansion_breadth"": 13.752488387524883, ""activity_institution_buy_breadth"": 47.72256728778468, ""activity_leader_strength"": 11.10260225217341}"
2026-07-13,STEEL,-0.8276103180643979,0.017328457735815928,1,1,21.052631578947366,44.73684210526316,4.029304029304015,5,1,ACTIVE,Dataset A distribution; outcome-blind,"{""activity_sector_excess_return_3d"": -1.3650675253893185, ""activity_sector_excess_return_5d"": -1.8270934023111836, ""activity_top120_count"": 1.0, ""activity_rank_improving_count"": 0.0, ""activity_volume_expansion_breadth"": 13.752488387524883, ""activity_institution_buy_breadth"": 47.72256728778468, ""activity_leader_strength"": 11.10260225217341}"
2026-07-14,STEEL,0.7975816330497154,0.34948972651053234,12,1,26.31578947368421,68.42105263157895,3.296703296703285,6,4,HIGH_ACTIVITY,Dataset A distribution; outcome-blind,"{""activity_sector_excess_return_3d"": -1.3650675253893185, ""activity_sector_excess_return_5d"": -1.8270934023111836, ""activity_top120_count"": 1.0, ""activity_rank_improving_count"": 0.0, ""activity_volume_expansion_breadth"": 13.752488387524883, ""activity_institution_buy_breadth"": 47.72256728778468, ""activity_leader_strength"": 11.10260225217341}"
2026-07-15,STEEL,0.19038474378959558,0.07034263137939423,11,1,21.052631578947366,78.94736842105263,6.95443645083933,6,3,ACTIVE,Dataset A distribution; outcome-blind,"{""activity_sector_excess_return_3d"": -1.3650675253893185, ""activity_sector_excess_return_5d"": -1.8270934023111836, ""activity_top120_count"": 1.0, ""activity_rank_improving_count"": 0.0, ""activity_volume_expansion_breadth"": 13.752488387524883, ""activity_institution_buy_breadth"": 47.72256728778468, ""activity_leader_strength"": 11.10260225217341}"
2026-07-16,STEEL,0.31572229404357444,0.3444252637133882,11,1,13.157894736842104,63.1578947368421,15.214866434378639,6,3,ACTIVE,Dataset A distribution; outcome-blind,"{""activity_sector_excess_return_3d"": -1.3650675253893185, ""activity_sector_excess_return_5d"": -1.8270934023111836, ""activity_top120_count"": 1.0, ""activity_rank_improving_count"": 0.0, ""activity_volume_expansion_breadth"": 13.752488387524883, ""activity_institution_buy_breadth"": 47.72256728778468, ""activity_leader_strength"": 11.10260225217341}"
2026-07-17,STEEL,3.8182456010436017,4.02114525858897,10,7,42.10526315789473,52.63157894736842,10.867052023121392,6,5,HIGH_ACTIVITY,Dataset A distribution; outcome-blind,"{""activity_sector_excess_return_3d"": -1.3650675253893185, ""activity_sector_excess_return_5d"": -1.8270934023111836, ""activity_top120_count"": 1.0, ""activity_rank_improving_count"": 0.0, ""activity_volume_expansion_breadth"": 13.752488387524883, ""activity_institution_buy_breadth"": 47.72256728778468, ""activity_leader_strength"": 11.10260225217341}"
2026-07-20,STEEL,4.277566941255512,4.924080144044268,0,0,15.789473684210526,71.05263157894737,6.8259385665528916,5,3,ACTIVE,Dataset A distribution; outcome-blind,"{""activity_sector_excess_return_3d"": -1.3650675253893185, ""activity_sector_excess_return_5d"": -1.8270934023111836, ""activity_top120_count"": 1.0, ""activity_rank_improving_count"": 0.0, ""activity_volume_expansion_breadth"": 13.752488387524883, ""activity_institution_buy_breadth"": 47.72256728778468, ""activity_leader_strength"": 11.10260225217341}"
2026-07-21,STEEL,1.731979957582297,0.8033441421214926,13,7,5.263157894736842,73.68421052631578,5.242966751918154,5,4,HIGH_ACTIVITY,Dataset A distribution; outcome-blind,"{""activity_sector_excess_return_3d"": -1.3650675253893185, ""activity_sector_excess_return_5d"": -1.8270934023111836, ""activity_top120_count"": 1.0, ""activity_rank_improving_count"": 0.0, ""activity_volume_expansion_breadth"": 13.752488387524883, ""activity_institution_buy_breadth"": 47.72256728778468, ""activity_leader_strength"": 11.10260225217341}"
2026-07-22,STEEL,-4.761275760572836,0.06285403795270317,5,2,13.157894736842104,39.473684210526315,5.932203389830515,3,2,ACTIVE,Dataset A distribution; outcome-blind,"{""activity_sector_excess_return_3d"": -1.3650675253893185, ""activity_sector_excess_return_5d"": -1.8270934023111836, ""activity_top120_count"": 1.0, ""activity_rank_improving_count"": 0.0, ""activity_volume_expansion_breadth"": 13.752488387524883, ""activity_institution_buy_breadth"": 47.72256728778468, ""activity_leader_strength"": 11.10260225217341}"
2026-07-23,STEEL,-4.684484339381134,0.37705330276985305,5,0,21.052631578947366,39.473684210526315,8.292682926829276,4,1,ACTIVE,Dataset A distribution; outcome-blind,"{""activity_sector_excess_return_3d"": -1.3650675253893185, ""activity_sector_excess_return_5d"": -1.8270934023111836, ""activity_top120_count"": 1.0, ""activity_rank_improving_count"": 0.0, ""activity_volume_expansion_breadth"": 13.752488387524883, ""activity_institution_buy_breadth"": 47.72256728778468, ""activity_leader_strength"": 11.10260225217341}"
2026-07-24,STEEL,1.150538368016829,-1.746613526919616,10,5,15.789473684210526,47.368421052631575,7.134071340713399,5,3,ACTIVE,Dataset A distribution; outcome-blind,"{""activity_sector_excess_return_3d"": -1.3650675253893185, ""activity_sector_excess_return_5d"": -1.8270934023111836, ""activity_top120_count"": 1.0, ""activity_rank_improving_count"": 0.0, ""activity_volume_expansion_breadth"": 13.752488387524883, ""activity_institution_buy_breadth"": 47.72256728778468, ""activity_leader_strength"": 11.10260225217341}"
2026-05-28,TEXTILE_FIBER,-0.46852089445768574,-6.598697613549459,0,0,41.07142857142857,81.81818181818183,22.418879056047203,5,2,ACTIVE,Dataset A distribution; outcome-blind,"{""activity_sector_excess_return_3d"": -1.3650675253893185, ""activity_sector_excess_return_5d"": -1.8270934023111836, ""activity_top120_count"": 1.0, ""activity_rank_improving_count"": 0.0, ""activity_volume_expansion_breadth"": 13.752488387524883, ""activity_institution_buy_breadth"": 47.72256728778468, ""activity_leader_strength"": 11.10260225217341}"
2026-05-29,TEXTILE_FIBER,-2.0163845602539365,-5.926107743987291,3,0,44.642857142857146,80.0,32.558139534883736,5,4,HIGH_ACTIVITY,Dataset A distribution; outcome-blind,"{""activity_sector_excess_return_3d"": -1.3650675253893185, ""activity_sector_excess_return_5d"": -1.8270934023111836, ""activity_top120_count"": 1.0, ""activity_rank_improving_count"": 0.0, ""activity_volume_expansion_breadth"": 13.752488387524883, ""activity_institution_buy_breadth"": 47.72256728778468, ""activity_leader_strength"": 11.10260225217341}"
2026-06-01,TEXTILE_FIBER,0.0257349496253112,-2.8039702009548306,3,0,64.28571428571429,85.45454545454545,42.32954545454544,6,4,HIGH_ACTIVITY,Dataset A distribution; outcome-blind,"{""activity_sector_excess_return_3d"": -1.3650675253893185, ""activity_sector_excess_return_5d"": -1.8270934023111836, ""activity_top120_count"": 1.0, ""activity_rank_improving_count"": 0.0, ""activity_volume_expansion_breadth"": 13.752488387524883, ""activity_institution_buy_breadth"": 47.72256728778468, ""activity_leader_strength"": 11.10260225217341}"
2026-06-02,TEXTILE_FIBER,-1.1680093512286605,-1.8236647507305581,7,0,46.42857142857143,60.0,56.09065155807367,7,4,HIGH_ACTIVITY,Dataset A distribution; outcome-blind,"{""activity_sector_excess_return_3d"": -1.3650675253893185, ""activity_sector_excess_return_5d"": -1.8270934023111836, ""activity_top120_count"": 1.0, ""activity_rank_improving_count"": 0.0, ""activity_volume_expansion_breadth"": 13.752488387524883, ""activity_institution_buy_breadth"": 47.72256728778468, ""activity_leader_strength"": 11.10260225217341}"
2026-06-03,TEXTILE_FIBER,0.9430370491696598,0.9382786050413543,8,6,69.64285714285714,70.9090909090909,60.31746031746032,7,5,HIGH_ACTIVITY,Dataset A distribution; outcome-blind,"{""activity_sector_excess_return_3d"": -1.3650675253893185, ""activity_sector_excess_return_5d"": -1.8270934023111836, ""activity_top120_count"": 1.0, ""activity_rank_improving_count"": 0.0, ""activity_volume_expansion_breadth"": 13.752488387524883, ""activity_institution_buy_breadth"": 47.72256728778468, ""activity_leader_strength"": 11.10260225217341}"
2026-06-04,TEXTILE_FIBER,2.5059682410082273,0.9740116814949014,13,2,44.642857142857146,58.18181818181818,51.24999999999999,7,5,HIGH_ACTIVITY,Dataset A distribution; outcome-blind,"{""activity_sector_excess_return_3d"": -1.3650675253893185, ""activity_sector_excess_return_5d"": -1.8270934023111836, ""activity_top120_count"": 1.0, ""activity_rank_improving_count"": 0.0, ""activity_volume_expansion_breadth"": 13.752488387524883, ""activity_institution_buy_breadth"": 47.72256728778468, ""activity_leader_strength"": 11.10260225217341}"
2026-06-05,TEXTILE_FIBER,2.4004265817235693,3.68126979003367,4,2,35.714285714285715,47.27272727272727,48.791540785498476,6,6,HIGH_ACTIVITY,Dataset A distribution; outcome-blind,"{""activity_sector_excess_return_3d"": -1.3650675253893185, ""activity_sector_excess_return_5d"": -1.8270934023111836, ""activity_top120_count"": 1.0, ""activity_rank_improving_count"": 0.0, ""activity_volume_expansion_breadth"": 13.752488387524883, ""activity_institution_buy_breadth"": 47.72256728778468, ""activity_leader_strength"": 11.10260225217341}"
2026-06-08,TEXTILE_FIBER,4.540774505023914,5.373015610564913,5,4,26.785714285714285,29.09090909090909,37.362637362637365,6,6,HIGH_ACTIVITY,Dataset A distribution; outcome-blind,"{""activity_sector_excess_return_3d"": -1.3650675253893185, ""activity_sector_excess_return_5d"": -1.8270934023111836, ""activity_top120_count"": 1.0, ""activity_rank_improving_count"": 0.0, ""activity_volume_expansion_breadth"": 13.752488387524883, ""activity_institution_buy_breadth"": 47.72256728778468, ""activity_leader_strength"": 11.10260225217341}"
2026-06-09,TEXTILE_FIBER,0.392576484080992,2.3303172485474866,2,2,25.0,21.818181818181817,18.47826086956521,6,3,ACTIVE,Dataset A distribution; outcome-blind,"{""activity_sector_excess_return_3d"": -1.3650675253893185, ""activity_sector_excess_return_5d"": -1.8270934023111836, ""activity_top120_count"": 1.0, ""activity_rank_improving_count"": 0.0, ""activity_volume_expansion_breadth"": 13.752488387524883, ""activity_institution_buy_breadth"": 47.72256728778468, ""activity_leader_strength"": 11.10260225217341}"
2026-06-10,TEXTILE_FIBER,2.0541487464680324,5.294810785554793,3,2,25.0,43.63636363636363,13.4453781512605,6,5,HIGH_ACTIVITY,Dataset A distribution; outcome-blind,"{""activity_sector_excess_return_3d"": -1.3650675253893185, ""activity_sector_excess_return_5d"": -1.8270934023111836, ""activity_top120_count"": 1.0, ""activity_rank_improving_count"": 0.0, ""activity_volume_expansion_breadth"": 13.752488387524883, ""activity_institution_buy_breadth"": 47.72256728778468, ""activity_leader_strength"": 11.10260225217341}"
2026-06-11,TEXTILE_FIBER,0.10419341817242134,3.7635020356953985,1,0,5.357142857142857,52.72727272727272,6.467661691542292,5,1,ACTIVE,Dataset A distribution; outcome-blind,"{""activity_sector_excess_return_3d"": -1.3650675253893185, ""activity_sector_excess_return_5d"": -1.8270934023111836, ""activity_top120_count"": 1.0, ""activity_rank_improving_count"": 0.0, ""activity_volume_expansion_breadth"": 13.752488387524883, ""activity_institution_buy_breadth"": 47.72256728778468, ""activity_leader_strength"": 11.10260225217341}"
2026-06-12,TEXTILE_FIBER,1.3818059655473558,1.177538238477327,3,0,19.642857142857142,72.72727272727273,12.98076923076923,7,4,HIGH_ACTIVITY,Dataset A distribution; outcome-blind,"{""activity_sector_excess_return_3d"": -1.3650675253893185, ""activity_sector_excess_return_5d"": -1.8270934023111836, ""activity_top120_count"": 1.0, ""activity_rank_improving_count"": 0.0, ""activity_volume_expansion_breadth"": 13.752488387524883, ""activity_institution_buy_breadth"": 47.72256728778468, ""activity_leader_strength"": 11.10260225217341}"
2026-06-15,TEXTILE_FIBER,-3.888782924261247,-3.873458246187411,1,1,19.642857142857142,63.63636363636363,6.666666666666665,4,2,ACTIVE,Dataset A distribution; outcome-blind,"{""activity_sector_excess_return_3d"": -1.3650675253893185, ""activity_sector_excess_return_5d"": -1.8270934023111836, ""activity_top120_count"": 1.0, ""activity_rank_improving_count"": 0.0, ""activity_volume_expansion_breadth"": 13.752488387524883, ""activity_institution_buy_breadth"": 47.72256728778468, ""activity_leader_strength"": 11.10260225217341}"
2026-06-16,TEXTILE_FIBER,-5.775926425495892,-2.580640235878884,4,0,5.357142857142857,61.81818181818181,8.032128514056236,3,2,ACTIVE,Dataset A distribution; outcome-blind,"{""activity_sector_excess_return_3d"": -1.3650675253893185, ""activity_sector_excess_return_5d"": -1.8270934023111836, ""activity_top120_count"": 1.0, ""activity_rank_improving_count"": 0.0, ""activity_volume_expansion_breadth"": 13.752488387524883, ""activity_institution_buy_breadth"": 47.72256728778468, ""activity_leader_strength"": 11.10260225217341}"
2026-06-17,TEXTILE_FIBER,-3.867754427082848,-5.261497373179925,11,1,14.285714285714285,49.09090909090909,9.999999999999986,4,2,ACTIVE,Dataset A distribution; outcome-blind,"{""activity_sector_excess_return_3d"": -1.3650675253893185, ""activity_sector_excess_return_5d"": -1.8270934023111836, ""activity_top120_count"": 1.0, ""activity_rank_improving_count"": 0.0, ""activity_volume_expansion_breadth"": 13.752488387524883, ""activity_institution_buy_breadth"": 47.72256728778468, ""activity_leader_strength"": 11.10260225217341}"
2026-06-18,TEXTILE_FIBER,-2.774982396437853,-6.926478274425529,5,0,17.857142857142858,43.63636363636363,163.05970149253727,4,2,ACTIVE,Dataset A distribution; outcome-blind,"{""activity_sector_excess_return_3d"": -1.3650675253893185, ""activity_sector_excess_return_5d"": -1.8270934023111836, ""activity_top120_count"": 1.0, ""activity_rank_improving_count"": 0.0, ""activity_volume_expansion_breadth"": 13.752488387524883, ""activity_institution_buy_breadth"": 47.72256728778468, ""activity_leader_strength"": 11.10260225217341}"
2026-06-22,TEXTILE_FIBER,-4.495941761755695,-8.513708610606264,5,2,32.142857142857146,40.0,15.80110497237568,4,3,ACTIVE,Dataset A distribution; outcome-blind,"{""activity_sector_excess_return_3d"": -1.3650675253893185, ""activity_sector_excess_return_5d"": -1.8270934023111836, ""activity_top120_count"": 1.0, ""activity_rank_improving_count"": 0.0, ""activity_volume_expansion_breadth"": 13.752488387524883, ""activity_institution_buy_breadth"": 47.72256728778468, ""activity_leader_strength"": 11.10260225217341}"
2026-06-23,TEXTILE_FIBER,-3.474375031165616,-4.582679393995226,2,1,19.642857142857142,63.63636363636363,12.180746561886057,5,2,ACTIVE,Dataset A distribution; outcome-blind,"{""activity_sector_excess_return_3d"": -1.3650675253893185, ""activity_sector_excess_return_5d"": -1.8270934023111836, ""activity_top120_count"": 1.0, ""activity_rank_improving_count"": 0.0, ""activity_volume_expansion_breadth"": 13.752488387524883, ""activity_institution_buy_breadth"": 47.72256728778468, ""activity_leader_strength"": 11.10260225217341}"
2026-06-24,TEXTILE_FIBER,-0.15132954307623958,-0.9457144454832089,16,13,12.5,58.18181818181818,16.577540106951872,6,2,ACTIVE,Dataset A distribution; outcome-blind,"{""activity_sector_excess_return_3d"": -1.3650675253893185, ""activity_sector_excess_return_5d"": -1.8270934023111836, ""activity_top120_count"": 1.0, ""activity_rank_improving_count"": 0.0, ""activity_volume_expansion_breadth"": 13.752488387524883, ""activity_institution_buy_breadth"": 47.72256728778468, ""activity_leader_strength"": 11.10260225217341}"
2026-06-25,TEXTILE_FIBER,3.059814056786042,-1.6759246394674077,10,9,19.642857142857142,49.09090909090909,20.95933263816474,7,3,ACTIVE,Dataset A distribution; outcome-blind,"{""activity_sector_excess_return_3d"": -1.3650675253893185, ""activity_sector_excess_return_5d"": -1.8270934023111836, ""activity_top120_count"": 1.0, ""activity_rank_improving_count"": 0.0, ""activity_volume_expansion_breadth"": 13.752488387524883, ""activity_institution_buy_breadth"": 47.72256728778468, ""activity_leader_strength"": 11.10260225217341}"
2026-06-26,TEXTILE_FIBER,4.845558900397118,2.5889975078385197,4,1,17.857142857142858,21.818181818181817,60.63829787234043,6,5,HIGH_ACTIVITY,Dataset A distribution; outcome-blind,"{""activity_sector_excess_return_3d"": -1.3650675253893185, ""activity_sector_excess_return_5d"": -1.8270934023111836, ""activity_top120_count"": 1.0, ""activity_rank_improving_count"": 0.0, ""activity_volume_expansion_breadth"": 13.752488387524883, ""activity_institution_buy_breadth"": 47.72256728778468, ""activity_leader_strength"": 11.10260225217341}"
2026-06-29,TEXTILE_FIBER,2.266764544909605,5.742612665581792,4,3,8.928571428571429,67.27272727272727,60.64516129032258,6,6,HIGH_ACTIVITY,Dataset A distribution; outcome-blind,"{""activity_sector_excess_return_3d"": -1.3650675253893185, ""activity_sector_excess_return_5d"": -1.8270934023111836, ""activity_top120_count"": 1.0, ""activity_rank_improving_count"": 0.0, ""activity_volume_expansion_breadth"": 13.752488387524883, ""activity_institution_buy_breadth"": 47.72256728778468, ""activity_leader_strength"": 11.10260225217341}"
2026-06-30,TEXTILE_FIBER,0.03660962972405479,2.3576675555769144,2,1,16.071428571428573,52.72727272727272,60.41055718475072,7,3,ACTIVE,Dataset A distribution; outcome-blind,"{""activity_sector_excess_return_3d"": -1.3650675253893185, ""activity_sector_excess_return_5d"": -1.8270934023111836, ""activity_top120_count"": 1.0, ""activity_rank_improving_count"": 0.0, ""activity_volume_expansion_breadth"": 13.752488387524883, ""activity_institution_buy_breadth"": 47.72256728778468, ""activity_leader_strength"": 11.10260225217341}"
2026-07-01,TEXTILE_FIBER,-4.3035956809399645,-2.1184051638012624,1,1,32.142857142857146,61.81818181818181,60.266666666666666,5,4,HIGH_ACTIVITY,Dataset A distribution; outcome-blind,"{""activity_sector_excess_return_3d"": -1.3650675253893185, ""activity_sector_excess_return_5d"": -1.8270934023111836, ""activity_top120_count"": 1.0, ""activity_rank_improving_count"": 0.0, ""activity_volume_expansion_breadth"": 13.752488387524883, ""activity_institution_buy_breadth"": 47.72256728778468, ""activity_leader_strength"": 11.10260225217341}"
2026-07-02,TEXTILE_FIBER,-1.9056985972284224,0.5605064880384591,19,3,50.0,65.45454545454545,60.43689320388348,6,5,HIGH_ACTIVITY,Dataset A distribution; outcome-blind,"{""activity_sector_excess_return_3d"": -1.3650675253893185, ""activity_sector_excess_return_5d"": -1.8270934023111836, ""activity_top120_count"": 1.0, ""activity_rank_improving_count"": 0.0, ""activity_volume_expansion_breadth"": 13.752488387524883, ""activity_institution_buy_breadth"": 47.72256728778468, ""activity_leader_strength"": 11.10260225217341}"
2026-07-03,TEXTILE_FIBER,2.9185020724131094,0.30741910407658946,23,2,64.28571428571429,72.72727272727273,60.61093247588425,7,6,HIGH_ACTIVITY,Dataset A distribution; outcome-blind,"{""activity_sector_excess_return_3d"": -1.3650675253893185, ""activity_sector_excess_return_5d"": -1.8270934023111836, ""activity_top120_count"": 1.0, ""activity_rank_improving_count"": 0.0, ""activity_volume_expansion_breadth"": 13.752488387524883, ""activity_institution_buy_breadth"": 47.72256728778468, ""activity_leader_strength"": 11.10260225217341}"
2026-07-06,TEXTILE_FIBER,4.13346409794455,0.5951797009999371,3,2,55.35714285714286,49.09090909090909,39.03508771929825,7,5,HIGH_ACTIVITY,Dataset A distribution; outcome-blind,"{""activity_sector_excess_return_3d"": -1.3650675253893185, ""activity_sector_excess_return_5d"": -1.8270934023111836, ""activity_top120_count"": 1.0, ""activity_rank_improving_count"": 0.0, ""activity_volume_expansion_breadth"": 13.752488387524883, ""activity_institution_buy_breadth"": 47.72256728778468, ""activity_leader_strength"": 11.10260225217341}"
2026-07-07,TEXTILE_FIBER,3.093924277874893,4.211237521847233,2,1,26.785714285714285,56.36363636363636,31.081081081081074,7,5,HIGH_ACTIVITY,Dataset A distribution; outcome-blind,"{""activity_sector_excess_return_3d"": -1.3650675253893185, ""activity_sector_excess_return_5d"": -1.8270934023111836, ""activity_top120_count"": 1.0, ""activity_rank_improving_count"": 0.0, ""activity_volume_expansion_breadth"": 13.752488387524883, ""activity_institution_buy_breadth"": 47.72256728778468, ""activity_leader_strength"": 11.10260225217341}"
2026-07-08,TEXTILE_FIBER,-0.1694401813486457,4.398711740369854,3,1,16.071428571428573,45.45454545454545,15.751789976133622,6,3,ACTIVE,Dataset A distribution; outcome-blind,"{""activity_sector_excess_return_3d"": -1.3650675253893185, ""activity_sector_excess_return_5d"": -1.8270934023111836, ""activity_top120_count"": 1.0, ""activity_rank_improving_count"": 0.0, ""activity_volume_expansion_breadth"": 13.752488387524883, ""activity_institution_buy_breadth"": 47.72256728778468, ""activity_leader_strength"": 11.10260225217341}"
2026-07-09,TEXTILE_FIBER,-0.5263154031494022,2.197477012192839,2,2,14.285714285714285,45.45454545454545,10.02178649237473,5,2,ACTIVE,Dataset A distribution; outcome-blind,"{""activity_sector_excess_return_3d"": -1.3650675253893185, ""activity_sector_excess_return_5d"": -1.8270934023111836, ""activity_top120_count"": 1.0, ""activity_rank_improving_count"": 0.0, ""activity_volume_expansion_breadth"": 13.752488387524883, ""activity_institution_buy_breadth"": 47.72256728778468, ""activity_leader_strength"": 11.10260225217341}"
2026-07-13,TEXTILE_FIBER,-1.976201608845829,-0.07222806288625927,6,2,7.142857142857142,41.81818181818181,13.28976034858389,4,2,ACTIVE,Dataset A distribution; outcome-blind,"{""activity_sector_excess_return_3d"": -1.3650675253893185, ""activity_sector_excess_return_5d"": -1.8270934023111836, ""activity_top120_count"": 1.0, ""activity_rank_improving_count"": 0.0, ""activity_volume_expansion_breadth"": 13.752488387524883, ""activity_institution_buy_breadth"": 47.72256728778468, ""activity_leader_strength"": 11.10260225217341}"
2026-07-14,TEXTILE_FIBER,0.8772786644851038,-0.029712251528646316,14,0,17.857142857142858,67.27272727272727,18.002195389681685,7,2,ACTIVE,Dataset A distribution; outcome-blind,"{""activity_sector_excess_return_3d"": -1.3650675253893185, ""activity_sector_excess_return_5d"": -1.8270934023111836, ""activity_top120_count"": 1.0, ""activity_rank_improving_count"": 0.0, ""activity_volume_expansion_breadth"": 13.752488387524883, ""activity_institution_buy_breadth"": 47.72256728778468, ""activity_leader_strength"": 11.10260225217341}"
2026-07-15,TEXTILE_FIBER,0.3794003400193757,-1.306148597194523,10,0,17.857142857142858,72.72727272727273,17.486338797814206,7,2,ACTIVE,Dataset A distribution; outcome-blind,"{""activity_sector_excess_return_3d"": -1.3650675253893185, ""activity_sector_excess_return_5d"": -1.8270934023111836, ""activity_top120_count"": 1.0, ""activity_rank_improving_count"": 0.0, ""activity_volume_expansion_breadth"": 13.752488387524883, ""activity_institution_buy_breadth"": 47.72256728778468, ""activity_leader_strength"": 11.10260225217341}"
2026-07-16,TEXTILE_FIBER,0.5139422911207836,0.9195449014738566,17,2,14.285714285714285,69.0909090909091,13.10344827586205,7,3,ACTIVE,Dataset A distribution; outcome-blind,"{""activity_sector_excess_return_3d"": -1.3650675253893185, ""activity_sector_excess_return_5d"": -1.8270934023111836, ""activity_top120_count"": 1.0, ""activity_rank_improving_count"": 0.0, ""activity_volume_expansion_breadth"": 13.752488387524883, ""activity_institution_buy_breadth"": 47.72256728778468, ""activity_leader_strength"": 11.10260225217341}"
2026-07-17,TEXTILE_FIBER,4.918030708610899,5.440165104862915,4,1,19.642857142857142,67.27272727272727,14.598540145985407,7,5,HIGH_ACTIVITY,Dataset A distribution; outcome-blind,"{""activity_sector_excess_return_3d"": -1.3650675253893185, ""activity_sector_excess_return_5d"": -1.8270934023111836, ""activity_top120_count"": 1.0, ""activity_rank_improving_count"": 0.0, ""activity_volume_expansion_breadth"": 13.752488387524883, ""activity_institution_buy_breadth"": 47.72256728778468, ""activity_leader_strength"": 11.10260225217341}"
2026-07-20,TEXTILE_FIBER,5.574396912437086,6.188051494222501,6,3,8.928571428571429,81.81818181818183,23.045267489711918,6,6,HIGH_ACTIVITY,Dataset A distribution; outcome-blind,"{""activity_sector_excess_return_3d"": -1.3650675253893185, ""activity_sector_excess_return_5d"": -1.8270934023111836, ""activity_top120_count"": 1.0, ""activity_rank_improving_count"": 0.0, ""activity_volume_expansion_breadth"": 13.752488387524883, ""activity_institution_buy_breadth"": 47.72256728778468, ""activity_leader_strength"": 11.10260225217341}"
2026-07-21,TEXTILE_FIBER,1.9793899763124956,1.9041681926719511,6,3,17.857142857142858,65.45454545454545,23.674911660777376,7,6,HIGH_ACTIVITY,Dataset A distribution; outcome-blind,"{""activity_sector_excess_return_3d"": -1.3650675253893185, ""activity_sector_excess_return_5d"": -1.8270934023111836, ""activity_top120_count"": 1.0, ""activity_rank_improving_count"": 0.0, ""activity_volume_expansion_breadth"": 13.752488387524883, ""activity_institution_buy_breadth"": 47.72256728778468, ""activity_leader_strength"": 11.10260225217341}"
2026-07-22,TEXTILE_FIBER,-5.4062309203760535,-0.024377490061466833,10,2,17.857142857142858,29.09090909090909,11.111111111111116,5,2,ACTIVE,Dataset A distribution; outcome-blind,"{""activity_sector_excess_return_3d"": -1.3650675253893185, ""activity_sector_excess_return_5d"": -1.8270934023111836, ""activity_top120_count"": 1.0, ""activity_rank_improving_count"": 0.0, ""activity_volume_expansion_breadth"": 13.752488387524883, ""activity_institution_buy_breadth"": 47.72256728778468, ""activity_leader_strength"": 11.10260225217341}"
2026-07-23,TEXTILE_FIBER,-5.656365062650615,-0.37382640436609016,10,1,14.285714285714285,36.36363636363637,15.083798882681588,5,2,ACTIVE,Dataset A distribution; outcome-blind,"{""activity_sector_excess_return_3d"": -1.3650675253893185, ""activity_sector_excess_return_5d"": -1.8270934023111836, ""activity_top120_count"": 1.0, ""activity_rank_improving_count"": 0.0, ""activity_volume_expansion_breadth"": 13.752488387524883, ""activity_institution_buy_breadth"": 47.72256728778468, ""activity_leader_strength"": 11.10260225217341}"
2026-07-24,TEXTILE_FIBER,0.17911752217540378,-2.648791949923041,5,2,5.357142857142857,34.54545454545455,14.942528735632198,4,2,ACTIVE,Dataset A distribution; outcome-blind,"{""activity_sector_excess_return_3d"": -1.3650675253893185, ""activity_sector_excess_return_5d"": -1.8270934023111836, ""activity_top120_count"": 1.0, ""activity_rank_improving_count"": 0.0, ""activity_volume_expansion_breadth"": 13.752488387524883, ""activity_institution_buy_breadth"": 47.72256728778468, ""activity_leader_strength"": 11.10260225217341}"
2026-05-28,WIND_ENERGY,-0.781761692221683,-4.889906890736095,0,0,37.5,43.75,14.588859416445633,4,1,ACTIVE,Dataset A distribution; outcome-blind,"{""activity_sector_excess_return_3d"": -1.3650675253893185, ""activity_sector_excess_return_5d"": -1.8270934023111836, ""activity_top120_count"": 1.0, ""activity_rank_improving_count"": 0.0, ""activity_volume_expansion_breadth"": 13.752488387524883, ""activity_institution_buy_breadth"": 47.72256728778468, ""activity_leader_strength"": 11.10260225217341}"
2026-05-29,WIND_ENERGY,-1.564727485187034,-3.886688029812624,0,0,31.25,43.75,13.003095975232215,3,1,ACTIVE,Dataset A distribution; outcome-blind,"{""activity_sector_excess_return_3d"": -1.3650675253893185, ""activity_sector_excess_return_5d"": -1.8270934023111836, ""activity_top120_count"": 1.0, ""activity_rank_improving_count"": 0.0, ""activity_volume_expansion_breadth"": 13.752488387524883, ""activity_institution_buy_breadth"": 47.72256728778468, ""activity_leader_strength"": 11.10260225217341}"
2026-06-01,WIND_ENERGY,-1.2428110482456844,-3.053799523739209,0,0,25.0,43.75,24.374999999999993,4,2,ACTIVE,Dataset A distribution; outcome-blind,"{""activity_sector_excess_return_3d"": -1.3650675253893185, ""activity_sector_excess_return_5d"": -1.8270934023111836, ""activity_top120_count"": 1.0, ""activity_rank_improving_count"": 0.0, ""activity_volume_expansion_breadth"": 13.752488387524883, ""activity_institution_buy_breadth"": 47.72256728778468, ""activity_leader_strength"": 11.10260225217341}"
2026-06-02,WIND_ENERGY,-3.930287933316845,-4.110990136974113,0,0,25.0,25.0,18.266253869969052,3,1,ACTIVE,Dataset A distribution; outcome-blind,"{""activity_sector_excess_return_3d"": -1.3650675253893185, ""activity_sector_excess_return_5d"": -1.8270934023111836, ""activity_top120_count"": 1.0, ""activity_rank_improving_count"": 0.0, ""activity_volume_expansion_breadth"": 13.752488387524883, ""activity_institution_buy_breadth"": 47.72256728778468, ""activity_leader_strength"": 11.10260225217341}"
2026-06-03,WIND_ENERGY,0.7824042083156124,-1.3399563867740438,0,0,56.25,87.5,22.741433021806845,6,2,ACTIVE,Dataset A distribution; outcome-blind,"{""activity_sector_excess_return_3d"": -1.3650675253893185, ""activity_sector_excess_return_5d"": -1.8270934023111836, ""activity_top120_count"": 1.0, ""activity_rank_improving_count"": 0.0, ""activity_volume_expansion_breadth"": 13.752488387524883, ""activity_institution_buy_breadth"": 47.72256728778468, ""activity_leader_strength"": 11.10260225217341}"
2026-06-04,WIND_ENERGY,4.903242169167332,2.90067960063094,5,0,56.25,56.25,24.07407407407407,7,5,HIGH_ACTIVITY,Dataset A distribution; outcome-blind,"{""activity_sector_excess_return_3d"": -1.3650675253893185, ""activity_sector_excess_return_5d"": -1.8270934023111836, ""activity_top120_count"": 1.0, ""activity_rank_improving_count"": 0.0, ""activity_volume_expansion_breadth"": 13.752488387524883, ""activity_institution_buy_breadth"": 47.72256728778468, ""activity_leader_strength"": 11.10260225217341}"
2026-06-05,WIND_ENERGY,4.171813208092134,3.621509059649286,0,0,43.75,25.0,16.90821256038648,5,3,ACTIVE,Dataset A distribution; outcome-blind,"{""activity_sector_excess_return_3d"": -1.3650675253893185, ""activity_sector_excess_return_5d"": -1.8270934023111836, ""activity_top120_count"": 1.0, ""activity_rank_improving_count"": 0.0, ""activity_volume_expansion_breadth"": 13.752488387524883, ""activity_institution_buy_breadth"": 47.72256728778468, ""activity_leader_strength"": 11.10260225217341}"
2026-06-08,WIND_ENERGY,2.2650346359550433,3.577636993385935,1,0,25.0,25.0,9.523809523809534,5,3,ACTIVE,Dataset A distribution; outcome-blind,"{""activity_sector_excess_return_3d"": -1.3650675253893185, ""activity_sector_excess_return_5d"": -1.8270934023111836, ""activity_top120_count"": 1.0, ""activity_rank_improving_count"": 0.0, ""activity_volume_expansion_breadth"": 13.752488387524883, ""activity_institution_buy_breadth"": 47.72256728778468, ""activity_leader_strength"": 11.10260225217341}"
2026-06-09,WIND_ENERGY,-0.6923833881334329,2.7089016442482294,0,0,12.5,18.75,10.73170731707318,3,1,ACTIVE,Dataset A distribution; outcome-blind,"{""activity_sector_excess_return_3d"": -1.3650675253893185, ""activity_sector_excess_return_5d"": -1.8270934023111836, ""activity_top120_count"": 1.0, ""activity_rank_improving_count"": 0.0, ""activity_volume_expansion_breadth"": 13.752488387524883, ""activity_institution_buy_breadth"": 47.72256728778468, ""activity_leader_strength"": 11.10260225217341}"
2026-06-10,WIND_ENERGY,0.4944342407768758,4.501118055824216,0,0,12.5,56.25,6.534090909090895,4,1,ACTIVE,Dataset A distribution; outcome-blind,"{""activity_sector_excess_return_3d"": -1.3650675253893185, ""activity_sector_excess_return_5d"": -1.8270934023111836, ""activity_top120_count"": 1.0, ""activity_rank_improving_count"": 0.0, ""activity_volume_expansion_breadth"": 13.752488387524883, ""activity_institution_buy_breadth"": 47.72256728778468, ""activity_leader_strength"": 11.10260225217341}"
2026-06-11,WIND_ENERGY,-2.154447483185473,0.42807537338286306,0,0,12.5,25.0,6.995884773662553,2,0,LOW_ACTIVITY,Dataset A distribution; outcome-blind,"{""activity_sector_excess_return_3d"": -1.3650675253893185, ""activity_sector_excess_return_5d"": -1.8270934023111836, ""activity_top120_count"": 1.0, ""activity_rank_improving_count"": 0.0, ""activity_volume_expansion_breadth"": 13.752488387524883, ""activity_institution_buy_breadth"": 47.72256728778468, ""activity_leader_strength"": 11.10260225217341}"
2026-06-12,WIND_ENERGY,0.10474772806885468,-3.3624603592931184,0,0,6.25,37.5,6.609195402298873,2,0,LOW_ACTIVITY,Dataset A distribution; outcome-blind,"{""activity_sector_excess_return_3d"": -1.3650675253893185, ""activity_sector_excess_return_5d"": -1.8270934023111836, ""activity_top120_count"": 1.0, ""activity_rank_improving_count"": 0.0, ""activity_volume_expansion_breadth"": 13.752488387524883, ""activity_institution_buy_breadth"": 47.72256728778468, ""activity_leader_strength"": 11.10260225217341}"
2026-06-15,WIND_ENERGY,-5.301312475088671,-6.310749216087075,0,0,6.25,37.5,8.221225710014956,1,0,LOW_ACTIVITY,Dataset A distribution; outcome-blind,"{""activity_sector_excess_return_3d"": -1.3650675253893185, ""activity_sector_excess_return_5d"": -1.8270934023111836, ""activity_top120_count"": 1.0, ""activity_rank_improving_count"": 0.0, ""activity_volume_expansion_breadth"": 13.752488387524883, ""activity_institution_buy_breadth"": 47.72256728778468, ""activity_leader_strength"": 11.10260225217341}"
2026-06-16,WIND_ENERGY,-5.880707590326972,-5.3757953608595805,0,0,6.25,31.25,7.05394190871369,1,0,LOW_ACTIVITY,Dataset A distribution; outcome-blind,"{""activity_sector_excess_return_3d"": -1.3650675253893185, ""activity_sector_excess_return_5d"": -1.8270934023111836, ""activity_top120_count"": 1.0, ""activity_rank_improving_count"": 0.0, ""activity_volume_expansion_breadth"": 13.752488387524883, ""activity_institution_buy_breadth"": 47.72256728778468, ""activity_leader_strength"": 11.10260225217341}"
2026-06-17,WIND_ENERGY,-3.4026381480130707,-6.13491468238454,1,0,6.25,37.5,8.986175115207384,2,0,LOW_ACTIVITY,Dataset A distribution; outcome-blind,"{""activity_sector_excess_return_3d"": -1.3650675253893185, ""activity_sector_excess_return_5d"": -1.8270934023111836, ""activity_top120_count"": 1.0, ""activity_rank_improving_count"": 0.0, ""activity_volume_expansion_breadth"": 13.752488387524883, ""activity_institution_buy_breadth"": 47.72256728778468, ""activity_leader_strength"": 11.10260225217341}"
2026-06-18,WIND_ENERGY,-2.9324157439499676,-7.450669150142053,0,0,12.5,50.0,12.325581395348827,3,0,ACTIVE,Dataset A distribution; outcome-blind,"{""activity_sector_excess_return_3d"": -1.3650675253893185, ""activity_sector_excess_return_5d"": -1.8270934023111836, ""activity_top120_count"": 1.0, ""activity_rank_improving_count"": 0.0, ""activity_volume_expansion_breadth"": 13.752488387524883, ""activity_institution_buy_breadth"": 47.72256728778468, ""activity_leader_strength"": 11.10260225217341}"
2026-06-22,WIND_ENERGY,-2.9178027826865405,-7.965777674904828,0,0,12.5,50.0,11.363636363636353,3,0,ACTIVE,Dataset A distribution; outcome-blind,"{""activity_sector_excess_return_3d"": -1.3650675253893185, ""activity_sector_excess_return_5d"": -1.8270934023111836, ""activity_top120_count"": 1.0, ""activity_rank_improving_count"": 0.0, ""activity_volume_expansion_breadth"": 13.752488387524883, ""activity_institution_buy_breadth"": 47.72256728778468, ""activity_leader_strength"": 11.10260225217341}"
2026-06-23,WIND_ENERGY,-2.666367899307276,-3.868678730479452,5,0,6.25,56.25,13.53591160220995,4,1,ACTIVE,Dataset A distribution; outcome-blind,"{""activity_sector_excess_return_3d"": -1.3650675253893185, ""activity_sector_excess_return_5d"": -1.8270934023111836, ""activity_top120_count"": 1.0, ""activity_rank_improving_count"": 0.0, ""activity_volume_expansion_breadth"": 13.752488387524883, ""activity_institution_buy_breadth"": 47.72256728778468, ""activity_leader_strength"": 11.10260225217341}"
2026-06-24,WIND_ENERGY,1.3303534823482899,0.6873999061860703,0,0,0.0,50.0,10.46770601336302,4,1,ACTIVE,Dataset A distribution; outcome-blind,"{""activity_sector_excess_return_3d"": -1.3650675253893185, ""activity_sector_excess_return_5d"": -1.8270934023111836, ""activity_top120_count"": 1.0, ""activity_rank_improving_count"": 0.0, ""activity_volume_expansion_breadth"": 13.752488387524883, ""activity_institution_buy_breadth"": 47.72256728778468, ""activity_leader_strength"": 11.10260225217341}"
2026-06-25,WIND_ENERGY,2.5008740628780446,-0.38697068948725377,0,0,6.25,25.0,5.79896907216495,3,1,ACTIVE,Dataset A distribution; outcome-blind,"{""activity_sector_excess_return_3d"": -1.3650675253893185, ""activity_sector_excess_return_5d"": -1.8270934023111836, ""activity_top120_count"": 1.0, ""activity_rank_improving_count"": 0.0, ""activity_volume_expansion_breadth"": 13.752488387524883, ""activity_institution_buy_breadth"": 47.72256728778468, ""activity_leader_strength"": 11.10260225217341}"
2026-06-26,WIND_ENERGY,1.9736719865861678,1.1143011028142356,0,0,18.75,18.75,1.9813519813519864,4,1,ACTIVE,Dataset A distribution; outcome-blind,"{""activity_sector_excess_return_3d"": -1.3650675253893185, ""activity_sector_excess_return_5d"": -1.8270934023111836, ""activity_top120_count"": 1.0, ""activity_rank_improving_count"": 0.0, ""activity_volume_expansion_breadth"": 13.752488387524883, ""activity_institution_buy_breadth"": 47.72256728778468, ""activity_leader_strength"": 11.10260225217341}"
2026-06-29,WIND_ENERGY,0.06498082138675088,3.030099532044999,0,0,6.25,50.0,2.328288707799775,4,1,ACTIVE,Dataset A distribution; outcome-blind,"{""activity_sector_excess_return_3d"": -1.3650675253893185, ""activity_sector_excess_return_5d"": -1.8270934023111836, ""activity_top120_count"": 1.0, ""activity_rank_improving_count"": 0.0, ""activity_volume_expansion_breadth"": 13.752488387524883, ""activity_institution_buy_breadth"": 47.72256728778468, ""activity_leader_strength"": 11.10260225217341}"
2026-06-30,WIND_ENERGY,-1.3630666004255554,-0.294308248812325,0,0,25.0,31.25,9.971509971509974,4,1,ACTIVE,Dataset A distribution; outcome-blind,"{""activity_sector_excess_return_3d"": -1.3650675253893185, ""activity_sector_excess_return_5d"": -1.8270934023111836, ""activity_top120_count"": 1.0, ""activity_rank_improving_count"": 0.0, ""activity_volume_expansion_breadth"": 13.752488387524883, ""activity_institution_buy_breadth"": 47.72256728778468, ""activity_leader_strength"": 11.10260225217341}"
2026-07-01,WIND_ENERGY,-5.27471196298851,-4.768405163801259,0,0,18.75,50.0,5.932203389830515,3,0,ACTIVE,Dataset A distribution; outcome-blind,"{""activity_sector_excess_return_3d"": -1.3650675253893185, ""activity_sector_excess_return_5d"": -1.8270934023111836, ""activity_top120_count"": 1.0, ""activity_rank_improving_count"": 0.0, ""activity_volume_expansion_breadth"": 13.752488387524883, ""activity_institution_buy_breadth"": 47.72256728778468, ""activity_leader_strength"": 11.10260225217341}"
2026-07-02,WIND_ENERGY,-3.8761419469821146,-2.7257670349524754,0,0,18.75,31.25,8.285714285714274,2,0,LOW_ACTIVITY,Dataset A distribution; outcome-blind,"{""activity_sector_excess_return_3d"": -1.3650675253893185, ""activity_sector_excess_return_5d"": -1.8270934023111836, ""activity_top120_count"": 1.0, ""activity_rank_improving_count"": 0.0, ""activity_volume_expansion_breadth"": 13.752488387524883, ""activity_institution_buy_breadth"": 47.72256728778468, ""activity_leader_strength"": 11.10260225217341}"
2026-07-03,WIND_ENERGY,0.5660913024432612,-3.013120381232437,0,0,31.25,62.5,20.93023255813955,5,2,ACTIVE,Dataset A distribution; outcome-blind,"{""activity_sector_excess_return_3d"": -1.3650675253893185, ""activity_sector_excess_return_5d"": -1.8270934023111836, ""activity_top120_count"": 1.0, ""activity_rank_improving_count"": 0.0, ""activity_volume_expansion_breadth"": 13.752488387524883, ""activity_institution_buy_breadth"": 47.72256728778468, ""activity_leader_strength"": 11.10260225217341}"
2026-07-06,WIND_ENERGY,4.640896800598537,0.7584063459651569,2,0,37.5,50.0,15.669515669515665,7,2,ACTIVE,Dataset A distribution; outcome-blind,"{""activity_sector_excess_return_3d"": -1.3650675253893185, ""activity_sector_excess_return_5d"": -1.8270934023111836, ""activity_top120_count"": 1.0, ""activity_rank_improving_count"": 0.0, ""activity_volume_expansion_breadth"": 13.752488387524883, ""activity_institution_buy_breadth"": 47.72256728778468, ""activity_leader_strength"": 11.10260225217341}"
2026-07-07,WIND_ENERGY,2.7647871955955527,1.7470763440091908,3,0,31.25,31.25,8.383961117861482,5,4,HIGH_ACTIVITY,Dataset A distribution; outcome-blind,"{""activity_sector_excess_return_3d"": -1.3650675253893185, ""activity_sector_excess_return_5d"": -1.8270934023111836, ""activity_top120_count"": 1.0, ""activity_rank_improving_count"": 0.0, ""activity_volume_expansion_breadth"": 13.752488387524883, ""activity_institution_buy_breadth"": 47.72256728778468, ""activity_leader_strength"": 11.10260225217341}"
2026-07-08,WIND_ENERGY,1.001661461676162,3.820706962071607,0,0,31.25,25.0,8.63746958637468,4,3,ACTIVE,Dataset A distribution; outcome-blind,"{""activity_sector_excess_return_3d"": -1.3650675253893185, ""activity_sector_excess_return_5d"": -1.8270934023111836, ""activity_top120_count"": 1.0, ""activity_rank_improving_count"": 0.0, ""activity_volume_expansion_breadth"": 13.752488387524883, ""activity_institution_buy_breadth"": 47.72256728778468, ""activity_leader_strength"": 11.10260225217341}"
2026-07-09,WIND_ENERGY,-0.22561920617876208,3.449467595823341,0,0,12.5,25.0,7.72357723577235,3,1,ACTIVE,Dataset A distribution; outcome-blind,"{""activity_sector_excess_return_3d"": -1.3650675253893185, ""activity_sector_excess_return_5d"": -1.8270934023111836, ""activity_top120_count"": 1.0, ""activity_rank_improving_count"": 0.0, ""activity_volume_expansion_breadth"": 13.752488387524883, ""activity_institution_buy_breadth"": 47.72256728778468, ""activity_leader_strength"": 11.10260225217341}"
2026-07-13,WIND_ENERGY,-0.5723874312354604,0.7072523621402484,1,1,25.0,25.0,6.349206349206349,5,2,ACTIVE,Dataset A distribution; outcome-blind,"{""activity_sector_excess_return_3d"": -1.3650675253893185, ""activity_sector_excess_return_5d"": -1.8270934023111836, ""activity_top120_count"": 1.0, ""activity_rank_improving_count"": 0.0, ""activity_volume_expansion_breadth"": 13.752488387524883, ""activity_institution_buy_breadth"": 47.72256728778468, ""activity_leader_strength"": 11.10260225217341}"
2026-07-14,WIND_ENERGY,-2.12750830188011,-0.47627374732130434,1,0,37.5,31.25,5.645161290322576,4,1,ACTIVE,Dataset A distribution; outcome-blind,"{""activity_sector_excess_return_3d"": -1.3650675253893185, ""activity_sector_excess_return_5d"": -1.8270934023111836, ""activity_top120_count"": 1.0, ""activity_rank_improving_count"": 0.0, ""activity_volume_expansion_breadth"": 13.752488387524883, ""activity_institution_buy_breadth"": 47.72256728778468, ""activity_leader_strength"": 11.10260225217341}"
2026-07-15,WIND_ENERGY,-2.1977094715968706,-3.4664129347907524,1,0,12.5,50.0,10.256410256410264,3,0,ACTIVE,Dataset A distribution; outcome-blind,"{""activity_sector_excess_return_3d"": -1.3650675253893185, ""activity_sector_excess_return_5d"": -1.8270934023111836, ""activity_top120_count"": 1.0, ""activity_rank_improving_count"": 0.0, ""activity_volume_expansion_breadth"": 13.752488387524883, ""activity_institution_buy_breadth"": 47.72256728778468, ""activity_leader_strength"": 11.10260225217341}"
2026-07-16,WIND_ENERGY,-3.3175439323528675,-2.4157333687269578,1,0,12.5,37.5,5.890052356020936,2,0,LOW_ACTIVITY,Dataset A distribution; outcome-blind,"{""activity_sector_excess_return_3d"": -1.3650675253893185, ""activity_sector_excess_return_5d"": -1.8270934023111836, ""activity_top120_count"": 1.0, ""activity_rank_improving_count"": 0.0, ""activity_volume_expansion_breadth"": 13.752488387524883, ""activity_institution_buy_breadth"": 47.72256728778468, ""activity_leader_strength"": 11.10260225217341}"
2026-07-17,WIND_ENERGY,0.8701193355761974,0.3499435481286728,1,0,18.75,31.25,2.6075619295958363,5,0,ACTIVE,Dataset A distribution; outcome-blind,"{""activity_sector_excess_return_3d"": -1.3650675253893185, ""activity_sector_excess_return_5d"": -1.8270934023111836, ""activity_top120_count"": 1.0, ""activity_rank_improving_count"": 0.0, ""activity_volume_expansion_breadth"": 13.752488387524883, ""activity_institution_buy_breadth"": 47.72256728778468, ""activity_leader_strength"": 11.10260225217341}"
2026-07-20,WIND_ENERGY,2.184686805051822,1.870587085452451,0,0,6.25,68.75,0.366300366300365,4,3,ACTIVE,Dataset A distribution; outcome-blind,"{""activity_sector_excess_return_3d"": -1.3650675253893185, ""activity_sector_excess_return_5d"": -1.8270934023111836, ""activity_top120_count"": 1.0, ""activity_rank_improving_count"": 0.0, ""activity_volume_expansion_breadth"": 13.752488387524883, ""activity_institution_buy_breadth"": 47.72256728778468, ""activity_leader_strength"": 11.10260225217341}"
2026-07-21,WIND_ENERGY,3.566492497965368,1.383750230235814,0,0,6.25,81.25,6.481481481481488,4,3,ACTIVE,Dataset A distribution; outcome-blind,"{""activity_sector_excess_return_3d"": -1.3650675253893185, ""activity_sector_excess_return_5d"": -1.8270934023111836, ""activity_top120_count"": 1.0, ""activity_rank_improving_count"": 0.0, ""activity_volume_expansion_breadth"": 13.752488387524883, ""activity_institution_buy_breadth"": 47.72256728778468, ""activity_leader_strength"": 11.10260225217341}"
2026-07-22,WIND_ENERGY,-1.7271787843021746,0.418932012635842,0,0,0.0,43.75,11.455108359133126,3,0,ACTIVE,Dataset A distribution; outcome-blind,"{""activity_sector_excess_return_3d"": -1.3650675253893185, ""activity_sector_excess_return_5d"": -1.8270934023111836, ""activity_top120_count"": 1.0, ""activity_rank_improving_count"": 0.0, ""activity_volume_expansion_breadth"": 13.752488387524883, ""activity_institution_buy_breadth"": 47.72256728778468, ""activity_leader_strength"": 11.10260225217341}"
2026-07-23,WIND_ENERGY,-5.19943813386724,0.6697471641970709,0,0,6.25,43.75,7.624633431085037,2,0,LOW_ACTIVITY,Dataset A distribution; outcome-blind,"{""activity_sector_excess_return_3d"": -1.3650675253893185, ""activity_sector_excess_return_5d"": -1.8270934023111836, ""activity_top120_count"": 1.0, ""activity_rank_improving_count"": 0.0, ""activity_volume_expansion_breadth"": 13.752488387524883, ""activity_institution_buy_breadth"": 47.72256728778468, ""activity_leader_strength"": 11.10260225217341}"
2026-07-24,WIND_ENERGY,-0.01942144862530082,-0.6711911252969105,0,0,0.0,31.25,12.688821752265845,4,0,ACTIVE,Dataset A distribution; outcome-blind,"{""activity_sector_excess_return_3d"": -1.3650675253893185, ""activity_sector_excess_return_5d"": -1.8270934023111836, ""activity_top120_count"": 1.0, ""activity_rank_improving_count"": 0.0, ""activity_volume_expansion_breadth"": 13.752488387524883, ""activity_institution_buy_breadth"": 47.72256728778468, ""activity_leader_strength"": 11.10260225217341}"
