stock_id,episode_start_date,action_date,old_episode_return_copied_to_candidate_day,old_episode_outcome_copied_to_candidate_day,recalculated_forward_return_10d_from_action_date,forward_outcome_from_action_date,forward_maturity_date,copy_pattern_detected,outcome_label_changed_after_recalculation,audit_classification
00403A,2026-06-17,2026-06-17,3.6279069767442,NEUTRAL,3.6279069767441996,NEUTRAL,2026-07-02,False,False,NO_COPY_PATTERN
0050,2026-06-15,2026-06-15,2.422802850356298,NEUTRAL,2.422802850356298,NEUTRAL,2026-06-30,False,False,NO_COPY_PATTERN
0050,2026-06-15,2026-06-16,2.422802850356298,NEUTRAL,3.25779036827194,NEUTRAL,2026-07-01,True,False,LIFECYCLE_OUTCOME_LEAKAGE_FOUND
0050,2026-06-15,2026-07-01,2.422802850356298,NEUTRAL,-2.6977594878829336,NEUTRAL,2026-07-16,True,False,LIFECYCLE_OUTCOME_LEAKAGE_FOUND
0051,2026-06-18,2026-06-18,1.1171293161814422,NEUTRAL,1.1171293161814422,NEUTRAL,2026-07-03,False,False,NO_COPY_PATTERN
0051,2026-06-18,2026-06-22,1.1171293161814422,NEUTRAL,-1.320132013201325,NEUTRAL,2026-07-06,True,False,LIFECYCLE_OUTCOME_LEAKAGE_FOUND
0052,2026-06-16,2026-06-16,4.122877930476965,NEUTRAL,4.122877930476965,NEUTRAL,2026-07-01,False,False,NO_COPY_PATTERN
0052,2026-06-16,2026-06-18,4.122877930476965,NEUTRAL,1.194267515923575,NEUTRAL,2026-07-03,True,False,LIFECYCLE_OUTCOME_LEAKAGE_FOUND
0053,2026-06-16,2026-06-16,3.3912324234904867,NEUTRAL,3.3912324234904867,NEUTRAL,2026-07-01,False,False,NO_COPY_PATTERN
0055,2026-06-15,2026-06-15,2.3658536585365875,NEUTRAL,2.3658536585365875,NEUTRAL,2026-06-30,False,False,NO_COPY_PATTERN
0055,2026-06-15,2026-06-16,2.3658536585365875,NEUTRAL,-0.6908051453072828,NEUTRAL,2026-07-01,True,False,LIFECYCLE_OUTCOME_LEAKAGE_FOUND
0055,2026-06-15,2026-06-18,2.3658536585365875,NEUTRAL,-4.4178554993097086,NEUTRAL,2026-07-03,True,False,LIFECYCLE_OUTCOME_LEAKAGE_FOUND
0055,2026-06-15,2026-06-30,2.3658536585365875,NEUTRAL,0.9530617107457617,NEUTRAL,2026-07-15,True,False,LIFECYCLE_OUTCOME_LEAKAGE_FOUND
0055,2026-06-15,2026-07-01,2.3658536585365875,NEUTRAL,1.4391940513312607,NEUTRAL,2026-07-16,True,False,LIFECYCLE_OUTCOME_LEAKAGE_FOUND
0057,2026-06-16,2026-06-16,3.327495621716281,NEUTRAL,3.327495621716281,NEUTRAL,2026-07-01,False,False,NO_COPY_PATTERN
0057,2026-06-16,2026-06-18,3.327495621716281,NEUTRAL,1.7023959646910614,NEUTRAL,2026-07-03,True,False,LIFECYCLE_OUTCOME_LEAKAGE_FOUND
0057,2026-06-16,2026-06-22,3.327495621716281,NEUTRAL,-0.7693491306354772,NEUTRAL,2026-07-06,True,False,LIFECYCLE_OUTCOME_LEAKAGE_FOUND
0061,2026-06-30,2026-06-30,-1.2090483619344838,NEUTRAL,-1.2090483619344838,NEUTRAL,2026-07-15,False,False,NO_COPY_PATTERN
0061,2026-06-30,2026-07-01,-1.2090483619344838,NEUTRAL,-3.2083494395052203,NEUTRAL,2026-07-16,True,False,LIFECYCLE_OUTCOME_LEAKAGE_FOUND
006204,2026-06-15,2026-06-15,2.841409691629959,NEUTRAL,2.841409691629959,NEUTRAL,2026-06-30,False,False,NO_COPY_PATTERN
006205,2026-06-30,2026-06-30,-0.978053435114512,NEUTRAL,-0.978053435114512,NEUTRAL,2026-07-15,False,False,NO_COPY_PATTERN
006205,2026-06-30,2026-07-01,-0.978053435114512,NEUTRAL,-2.635953455236284,NEUTRAL,2026-07-16,True,False,LIFECYCLE_OUTCOME_LEAKAGE_FOUND
006205,2026-06-30,2026-07-22,-0.978053435114512,NEUTRAL,,,,True,False,LIFECYCLE_OUTCOME_LEAKAGE_FOUND
006206,2026-06-30,2026-06-30,2.558691638090238,NEUTRAL,2.558691638090238,NEUTRAL,2026-07-15,False,False,NO_COPY_PATTERN
006206,2026-06-30,2026-07-01,2.558691638090238,NEUTRAL,-0.052438384897757206,NEUTRAL,2026-07-16,True,False,LIFECYCLE_OUTCOME_LEAKAGE_FOUND
006206,2026-06-30,2026-07-22,2.558691638090238,NEUTRAL,,,,True,False,LIFECYCLE_OUTCOME_LEAKAGE_FOUND
006206,2026-06-30,2026-07-23,2.558691638090238,NEUTRAL,,,,True,False,LIFECYCLE_OUTCOME_LEAKAGE_FOUND
006207,2026-06-30,2026-06-30,-1.7446932247746516,NEUTRAL,-1.7446932247746516,NEUTRAL,2026-07-15,False,False,NO_COPY_PATTERN
006207,2026-06-30,2026-07-01,-1.7446932247746516,NEUTRAL,-2.9326364692218276,NEUTRAL,2026-07-16,True,False,LIFECYCLE_OUTCOME_LEAKAGE_FOUND
006208,2026-06-15,2026-06-15,2.498975829578032,NEUTRAL,2.4989758295780318,NEUTRAL,2026-06-30,False,False,NO_COPY_PATTERN
006208,2026-06-15,2026-06-16,2.498975829578032,NEUTRAL,3.3829223558182298,NEUTRAL,2026-07-01,True,False,LIFECYCLE_OUTCOME_LEAKAGE_FOUND
006208,2026-06-15,2026-06-18,2.498975829578032,NEUTRAL,0.9032517061421164,NEUTRAL,2026-07-03,True,False,LIFECYCLE_OUTCOME_LEAKAGE_FOUND
006208,2026-06-15,2026-06-22,2.498975829578032,NEUTRAL,-2.3693921149737784,NEUTRAL,2026-07-06,True,False,LIFECYCLE_OUTCOME_LEAKAGE_FOUND
006208,2026-06-15,2026-06-30,2.498975829578032,NEUTRAL,-1.4388489208633115,NEUTRAL,2026-07-15,True,False,LIFECYCLE_OUTCOME_LEAKAGE_FOUND
006208,2026-06-15,2026-07-01,2.498975829578032,NEUTRAL,-4.395821013207179,NEUTRAL,2026-07-16,True,False,LIFECYCLE_OUTCOME_LEAKAGE_FOUND
00631L,2026-06-15,2026-06-15,3.641758834637177,NEUTRAL,3.6417588346371765,NEUTRAL,2026-06-30,False,False,NO_COPY_PATTERN
00631L,2026-06-15,2026-06-16,3.641758834637177,NEUTRAL,5.816135084427754,NEUTRAL,2026-07-01,True,False,LIFECYCLE_OUTCOME_LEAKAGE_FOUND
00631L,2026-06-15,2026-06-22,3.641758834637177,NEUTRAL,-6.219748305905126,LOSER,2026-07-06,True,True,LIFECYCLE_OUTCOME_LEAKAGE_FOUND
00631L,2026-06-15,2026-07-01,3.641758834637177,NEUTRAL,-5.800405268490372,NEUTRAL,2026-07-16,True,False,LIFECYCLE_OUTCOME_LEAKAGE_FOUND
00638R,2026-06-29,2026-06-29,1.3595166163141936,NEUTRAL,1.3595166163141936,NEUTRAL,2026-07-14,False,False,NO_COPY_PATTERN
00639,2026-06-22,2026-06-22,-4.283447911158111,NEUTRAL,-4.283447911158111,NEUTRAL,2026-07-06,False,False,NO_COPY_PATTERN
00639,2026-06-22,2026-06-30,-4.283447911158111,NEUTRAL,-4.255319148936176,NEUTRAL,2026-07-15,True,False,LIFECYCLE_OUTCOME_LEAKAGE_FOUND
00643,2026-07-01,2026-07-01,-4.270633397312862,NEUTRAL,-4.270633397312862,NEUTRAL,2026-07-16,False,False,NO_COPY_PATTERN
00648R,2026-06-30,2026-06-30,-0.990099009900991,NEUTRAL,-0.990099009900991,NEUTRAL,2026-07-15,False,False,NO_COPY_PATTERN
00651R,2026-06-30,2026-06-30,-7.8767123287671215,LOSER,-7.8767123287671215,LOSER,2026-07-15,False,False,NO_COPY_PATTERN
00651R,2026-06-30,2026-07-01,-7.8767123287671215,LOSER,-9.450171821305853,LOSER,2026-07-16,True,False,LIFECYCLE_OUTCOME_LEAKAGE_FOUND
00652,2026-06-30,2026-06-30,0.8479709267110724,NEUTRAL,0.8479709267110724,NEUTRAL,2026-07-15,False,False,NO_COPY_PATTERN
00652,2026-06-30,2026-07-01,0.8479709267110724,NEUTRAL,0.3928679359322951,NEUTRAL,2026-07-16,True,False,LIFECYCLE_OUTCOME_LEAKAGE_FOUND
00656R,2026-06-29,2026-06-29,1.718213058419238,NEUTRAL,1.7182130584192379,NEUTRAL,2026-07-14,False,False,NO_COPY_PATTERN
00657,2026-06-15,2026-06-15,1.9183168316831756,NEUTRAL,1.9183168316831756,NEUTRAL,2026-06-30,False,False,NO_COPY_PATTERN
00657,2026-06-15,2026-06-16,1.9183168316831756,NEUTRAL,1.5422578655151176,NEUTRAL,2026-07-01,True,False,LIFECYCLE_OUTCOME_LEAKAGE_FOUND
00661,2026-06-15,2026-06-15,1.7357222844344822,NEUTRAL,1.7357222844344822,NEUTRAL,2026-06-30,False,False,NO_COPY_PATTERN
00661,2026-06-15,2026-06-16,1.7357222844344822,NEUTRAL,1.3919821826280598,NEUTRAL,2026-07-01,True,False,LIFECYCLE_OUTCOME_LEAKAGE_FOUND
00663L,2026-06-15,2026-06-15,3.7639405204461074,NEUTRAL,3.7639405204461074,NEUTRAL,2026-06-30,False,False,NO_COPY_PATTERN
00663L,2026-06-15,2026-06-16,3.7639405204461074,NEUTRAL,5.25830258302582,NEUTRAL,2026-07-01,True,False,LIFECYCLE_OUTCOME_LEAKAGE_FOUND
00663L,2026-06-15,2026-06-18,3.7639405204461074,NEUTRAL,0.8042895442359255,NEUTRAL,2026-07-03,True,False,LIFECYCLE_OUTCOME_LEAKAGE_FOUND
00663L,2026-06-15,2026-06-22,3.7639405204461074,NEUTRAL,-6.697171381031608,LOSER,2026-07-06,True,True,LIFECYCLE_OUTCOME_LEAKAGE_FOUND
00663L,2026-06-15,2026-07-01,3.7639405204461074,NEUTRAL,-6.441717791411039,LOSER,2026-07-16,True,True,LIFECYCLE_OUTCOME_LEAKAGE_FOUND
00666R,2026-06-30,2026-06-30,-8.463035019455244,LOSER,-8.463035019455244,LOSER,2026-07-15,False,False,NO_COPY_PATTERN
00666R,2026-06-30,2026-07-01,-8.463035019455244,LOSER,-10.536585365853657,LOSER,2026-07-16,True,False,LIFECYCLE_OUTCOME_LEAKAGE_FOUND
00671R,2026-06-29,2026-06-29,-0.406504065040647,NEUTRAL,-0.40650406504064707,NEUTRAL,2026-07-14,False,False,NO_COPY_PATTERN
00671R,2026-06-29,2026-07-20,-0.406504065040647,NEUTRAL,,,,True,False,LIFECYCLE_OUTCOME_LEAKAGE_FOUND
00671R,2026-06-29,2026-07-22,-0.406504065040647,NEUTRAL,,,,True,False,LIFECYCLE_OUTCOME_LEAKAGE_FOUND
00674R,2026-06-25,2026-06-25,-1.9792342634652793,NEUTRAL,-1.9792342634652793,NEUTRAL,2026-07-09,False,False,NO_COPY_PATTERN
00674R,2026-06-25,2026-06-30,-1.9792342634652793,NEUTRAL,-1.1010362694300557,NEUTRAL,2026-07-15,True,False,LIFECYCLE_OUTCOME_LEAKAGE_FOUND
00674R,2026-06-25,2026-07-01,-1.9792342634652793,NEUTRAL,-1.3565891472868241,NEUTRAL,2026-07-16,True,False,LIFECYCLE_OUTCOME_LEAKAGE_FOUND
00675L,2026-06-15,2026-06-15,3.8514653981893465,NEUTRAL,3.8514653981893465,NEUTRAL,2026-06-30,False,False,NO_COPY_PATTERN
00675L,2026-06-15,2026-06-16,3.8514653981893465,NEUTRAL,5.106382978723412,NEUTRAL,2026-07-01,True,False,LIFECYCLE_OUTCOME_LEAKAGE_FOUND
00675L,2026-06-15,2026-06-18,3.8514653981893465,NEUTRAL,1.2557246269759181,NEUTRAL,2026-07-03,True,False,LIFECYCLE_OUTCOME_LEAKAGE_FOUND
00675L,2026-06-15,2026-06-22,3.8514653981893465,NEUTRAL,-6.648351648351647,LOSER,2026-07-06,True,True,LIFECYCLE_OUTCOME_LEAKAGE_FOUND
00675L,2026-06-15,2026-07-01,3.8514653981893465,NEUTRAL,-6.578947368421051,LOSER,2026-07-16,True,True,LIFECYCLE_OUTCOME_LEAKAGE_FOUND
00678,2026-06-30,2026-06-30,-0.2972504334902037,NEUTRAL,-0.29725043349020375,NEUTRAL,2026-07-15,False,False,NO_COPY_PATTERN
00678,2026-06-30,2026-07-01,-0.2972504334902037,NEUTRAL,1.195814648729443,NEUTRAL,2026-07-16,True,False,LIFECYCLE_OUTCOME_LEAKAGE_FOUND
00678,2026-06-30,2026-07-22,-0.2972504334902037,NEUTRAL,,,,True,False,LIFECYCLE_OUTCOME_LEAKAGE_FOUND
00678,2026-06-30,2026-07-23,-0.2972504334902037,NEUTRAL,,,,True,False,LIFECYCLE_OUTCOME_LEAKAGE_FOUND
00680L,2026-06-30,2026-06-30,-7.0637119113573394,LOSER,-7.0637119113573394,LOSER,2026-07-15,False,False,NO_COPY_PATTERN
00685L,2026-06-15,2026-06-15,3.3958438925494105,NEUTRAL,3.3958438925494105,NEUTRAL,2026-06-30,False,False,NO_COPY_PATTERN
00685L,2026-06-15,2026-06-16,3.3958438925494105,NEUTRAL,,,2026-07-01,True,False,LIFECYCLE_OUTCOME_LEAKAGE_FOUND
00685L,2026-06-15,2026-06-18,3.3958438925494105,NEUTRAL,,,2026-07-03,True,False,LIFECYCLE_OUTCOME_LEAKAGE_FOUND
00685L,2026-06-15,2026-06-22,3.3958438925494105,NEUTRAL,,,2026-07-06,True,False,LIFECYCLE_OUTCOME_LEAKAGE_FOUND
00688L,2026-06-30,2026-06-30,-6.8340306834030695,LOSER,-6.8340306834030695,LOSER,2026-07-15,False,False,NO_COPY_PATTERN
00690,2026-06-15,2026-06-15,1.3707165109034136,NEUTRAL,1.3707165109034136,NEUTRAL,2026-06-30,False,False,NO_COPY_PATTERN
00690,2026-06-15,2026-06-16,1.3707165109034136,NEUTRAL,2.5862068965517127,NEUTRAL,2026-07-01,True,False,LIFECYCLE_OUTCOME_LEAKAGE_FOUND
00690,2026-06-15,2026-06-22,1.3707165109034136,NEUTRAL,-3.8846380223660937,NEUTRAL,2026-07-06,True,False,LIFECYCLE_OUTCOME_LEAKAGE_FOUND
00690,2026-06-15,2026-07-01,1.3707165109034136,NEUTRAL,-7.142857142857151,LOSER,2026-07-16,True,True,LIFECYCLE_OUTCOME_LEAKAGE_FOUND
00692,2026-06-15,2026-06-15,2.251510159253156,NEUTRAL,2.251510159253156,NEUTRAL,2026-06-30,False,False,NO_COPY_PATTERN
00692,2026-06-15,2026-06-16,2.251510159253156,NEUTRAL,2.8368794326241176,NEUTRAL,2026-07-01,True,False,LIFECYCLE_OUTCOME_LEAKAGE_FOUND
00692,2026-06-15,2026-06-18,2.251510159253156,NEUTRAL,0.4849137931034475,NEUTRAL,2026-07-03,True,False,LIFECYCLE_OUTCOME_LEAKAGE_FOUND
00692,2026-06-15,2026-06-22,2.251510159253156,NEUTRAL,-2.4517475221700558,NEUTRAL,2026-07-06,True,False,LIFECYCLE_OUTCOME_LEAKAGE_FOUND
00692,2026-06-15,2026-07-01,2.251510159253156,NEUTRAL,-3.9787798408488118,NEUTRAL,2026-07-16,True,False,LIFECYCLE_OUTCOME_LEAKAGE_FOUND
00701,2026-06-15,2026-06-15,4.253056884635842,NEUTRAL,4.253056884635842,NEUTRAL,2026-06-30,False,False,NO_COPY_PATTERN
00701,2026-06-15,2026-06-16,4.253056884635842,NEUTRAL,2.0157068062827133,NEUTRAL,2026-07-01,True,False,LIFECYCLE_OUTCOME_LEAKAGE_FOUND
00701,2026-06-15,2026-06-18,4.253056884635842,NEUTRAL,-0.9395632300660317,NEUTRAL,2026-07-03,True,False,LIFECYCLE_OUTCOME_LEAKAGE_FOUND
00701,2026-06-15,2026-06-22,4.253056884635842,NEUTRAL,-1.4285714285714346,NEUTRAL,2026-07-06,True,False,LIFECYCLE_OUTCOME_LEAKAGE_FOUND
00701,2026-06-15,2026-06-30,4.253056884635842,NEUTRAL,-0.025497195308510356,NEUTRAL,2026-07-15,True,False,LIFECYCLE_OUTCOME_LEAKAGE_FOUND
00712,2026-06-29,2026-06-29,0.3420752565564511,NEUTRAL,0.3420752565564511,NEUTRAL,2026-07-14,False,False,NO_COPY_PATTERN
00712,2026-06-29,2026-07-08,0.3420752565564511,NEUTRAL,0.0,NEUTRAL,2026-07-23,True,False,LIFECYCLE_OUTCOME_LEAKAGE_FOUND
00712,2026-06-29,2026-07-17,0.3420752565564511,NEUTRAL,,,,True,False,LIFECYCLE_OUTCOME_LEAKAGE_FOUND
00712,2026-06-29,2026-07-20,0.3420752565564511,NEUTRAL,,,,True,False,LIFECYCLE_OUTCOME_LEAKAGE_FOUND
00712,2026-06-29,2026-07-22,0.3420752565564511,NEUTRAL,,,,True,False,LIFECYCLE_OUTCOME_LEAKAGE_FOUND
00714,2026-06-30,2026-06-30,0.0,NEUTRAL,0.0,NEUTRAL,2026-07-15,False,False,NO_COPY_PATTERN
00714,2026-06-30,2026-07-22,0.0,NEUTRAL,,,,True,False,LIFECYCLE_OUTCOME_LEAKAGE_FOUND
00714,2026-06-30,2026-07-23,0.0,NEUTRAL,,,,True,False,LIFECYCLE_OUTCOME_LEAKAGE_FOUND
00728,2026-07-01,2026-07-01,-2.4981074943224657,NEUTRAL,-2.4981074943224657,NEUTRAL,2026-07-16,False,False,NO_COPY_PATTERN
00731,2026-06-15,2026-06-15,1.8327605956472093,NEUTRAL,1.8327605956472093,NEUTRAL,2026-06-30,False,False,NO_COPY_PATTERN
00731,2026-06-15,2026-06-16,1.8327605956472093,NEUTRAL,-0.8417508417508435,NEUTRAL,2026-07-01,True,False,LIFECYCLE_OUTCOME_LEAKAGE_FOUND
00731,2026-06-15,2026-06-18,1.8327605956472093,NEUTRAL,-3.713817586018564,NEUTRAL,2026-07-03,True,False,LIFECYCLE_OUTCOME_LEAKAGE_FOUND
00731,2026-06-15,2026-06-22,1.8327605956472093,NEUTRAL,-3.4934497816593746,NEUTRAL,2026-07-06,True,False,LIFECYCLE_OUTCOME_LEAKAGE_FOUND
00731,2026-06-15,2026-06-30,1.8327605956472093,NEUTRAL,-0.11248593925760053,NEUTRAL,2026-07-15,True,False,LIFECYCLE_OUTCOME_LEAKAGE_FOUND
00731,2026-06-15,2026-07-01,1.8327605956472093,NEUTRAL,0.28296547821164975,NEUTRAL,2026-07-16,True,False,LIFECYCLE_OUTCOME_LEAKAGE_FOUND
00733,2026-06-18,2026-06-18,0.575079872204487,NEUTRAL,0.575079872204487,NEUTRAL,2026-07-03,False,False,NO_COPY_PATTERN
00733,2026-06-18,2026-06-22,0.575079872204487,NEUTRAL,-3.609209707529548,NEUTRAL,2026-07-06,True,False,LIFECYCLE_OUTCOME_LEAKAGE_FOUND
00735,2026-06-15,2026-06-15,3.4070796460176966,NEUTRAL,3.4070796460176966,NEUTRAL,2026-06-30,False,False,NO_COPY_PATTERN
00735,2026-06-15,2026-06-16,3.4070796460176966,NEUTRAL,1.5371102327624175,NEUTRAL,2026-07-01,True,False,LIFECYCLE_OUTCOME_LEAKAGE_FOUND
00735,2026-06-15,2026-06-18,3.4070796460176966,NEUTRAL,-4.47635135135136,NEUTRAL,2026-07-03,True,False,LIFECYCLE_OUTCOME_LEAKAGE_FOUND
00735,2026-06-15,2026-06-22,3.4070796460176966,NEUTRAL,-8.194048104362018,LOSER,2026-07-06,True,True,LIFECYCLE_OUTCOME_LEAKAGE_FOUND
00739,2026-06-30,2026-06-30,-2.1841397849462485,NEUTRAL,-2.1841397849462485,NEUTRAL,2026-07-15,False,False,NO_COPY_PATTERN
00739,2026-06-30,2026-07-01,-2.1841397849462485,NEUTRAL,-3.7767379679144453,NEUTRAL,2026-07-16,True,False,LIFECYCLE_OUTCOME_LEAKAGE_FOUND
00762,2026-06-18,2026-06-18,-6.450287592440429,LOSER,-6.450287592440429,LOSER,2026-07-03,False,False,NO_COPY_PATTERN
00762,2026-06-18,2026-06-22,-6.450287592440429,LOSER,-6.983353633779954,LOSER,2026-07-06,True,False,LIFECYCLE_OUTCOME_LEAKAGE_FOUND
00783,2026-06-30,2026-06-30,-6.727444199937116,LOSER,-6.727444199937116,LOSER,2026-07-15,False,False,NO_COPY_PATTERN
00783,2026-06-30,2026-07-01,-6.727444199937116,LOSER,-9.215442092154413,LOSER,2026-07-16,True,False,LIFECYCLE_OUTCOME_LEAKAGE_FOUND
00830,2026-06-15,2026-06-15,-0.6602336211274817,NEUTRAL,-0.6602336211274817,NEUTRAL,2026-06-30,False,False,NO_COPY_PATTERN
00830,2026-06-15,2026-06-16,-0.6602336211274817,NEUTRAL,1.422041645505323,NEUTRAL,2026-07-01,True,False,LIFECYCLE_OUTCOME_LEAKAGE_FOUND
00830,2026-06-15,2026-06-22,-0.6602336211274817,NEUTRAL,-8.15109343936381,LOSER,2026-07-06,True,True,LIFECYCLE_OUTCOME_LEAKAGE_FOUND
00830,2026-06-15,2026-07-01,-0.6602336211274817,NEUTRAL,-10.816224336504753,LOSER,2026-07-16,True,True,LIFECYCLE_OUTCOME_LEAKAGE_FOUND
00850,2026-06-15,2026-06-15,1.8815716657443415,NEUTRAL,1.8815716657443415,NEUTRAL,2026-06-30,False,False,NO_COPY_PATTERN
00850,2026-06-15,2026-06-16,1.8815716657443415,NEUTRAL,2.1416803953871577,NEUTRAL,2026-07-01,True,False,LIFECYCLE_OUTCOME_LEAKAGE_FOUND
00850,2026-06-15,2026-06-18,1.8815716657443415,NEUTRAL,0.27041644131964304,NEUTRAL,2026-07-03,True,False,LIFECYCLE_OUTCOME_LEAKAGE_FOUND
00850,2026-06-15,2026-06-22,1.8815716657443415,NEUTRAL,-2.5789473684210584,NEUTRAL,2026-07-06,True,False,LIFECYCLE_OUTCOME_LEAKAGE_FOUND
00851,2026-06-16,2026-06-16,1.8280297901151157,NEUTRAL,1.8280297901151155,NEUTRAL,2026-07-01,False,False,NO_COPY_PATTERN
00861,2026-06-16,2026-06-16,1.5167364016736462,NEUTRAL,1.5167364016736462,NEUTRAL,2026-07-01,False,False,NO_COPY_PATTERN
00861,2026-06-16,2026-06-18,1.5167364016736462,NEUTRAL,-4.467532467532465,NEUTRAL,2026-07-03,True,False,LIFECYCLE_OUTCOME_LEAKAGE_FOUND
00861,2026-06-16,2026-07-01,1.5167364016736462,NEUTRAL,-8.603812467800099,LOSER,2026-07-16,True,True,LIFECYCLE_OUTCOME_LEAKAGE_FOUND
00865B,2026-06-30,2026-06-30,1.0923330585325577,NEUTRAL,1.0923330585325575,NEUTRAL,2026-07-15,False,False,NO_COPY_PATTERN
00875,2026-06-30,2026-06-30,8.83813306852035,NEUTRAL,8.83813306852035,NEUTRAL,2026-07-15,False,False,NO_COPY_PATTERN
00875,2026-06-30,2026-07-23,8.83813306852035,NEUTRAL,,,,True,False,LIFECYCLE_OUTCOME_LEAKAGE_FOUND
00876,2026-06-15,2026-06-15,7.233181588265047,NEUTRAL,7.233181588265047,NEUTRAL,2026-06-30,False,False,NO_COPY_PATTERN
00876,2026-06-15,2026-06-16,7.233181588265047,NEUTRAL,7.4850299401197695,NEUTRAL,2026-07-01,True,False,LIFECYCLE_OUTCOME_LEAKAGE_FOUND
00876,2026-06-15,2026-06-18,7.233181588265047,NEUTRAL,-1.4264633546483108,NEUTRAL,2026-07-03,True,False,LIFECYCLE_OUTCOME_LEAKAGE_FOUND
00876,2026-06-15,2026-06-22,7.233181588265047,NEUTRAL,-4.865125240847778,NEUTRAL,2026-07-06,True,False,LIFECYCLE_OUTCOME_LEAKAGE_FOUND
00876,2026-06-15,2026-06-30,7.233181588265047,NEUTRAL,-9.009433962264147,LOSER,2026-07-15,True,True,LIFECYCLE_OUTCOME_LEAKAGE_FOUND
00876,2026-06-15,2026-07-01,7.233181588265047,NEUTRAL,-12.906220984215421,LOSER,2026-07-16,True,True,LIFECYCLE_OUTCOME_LEAKAGE_FOUND
00881,2026-06-16,2026-06-16,1.823154056517784,NEUTRAL,1.823154056517784,NEUTRAL,2026-07-01,False,False,NO_COPY_PATTERN
00892,2026-06-16,2026-06-16,3.2451655923538603,NEUTRAL,3.2451655923538603,NEUTRAL,2026-07-01,False,False,NO_COPY_PATTERN
00893,2026-06-16,2026-06-16,-0.0841396718552767,NEUTRAL,-0.08413967185527671,NEUTRAL,2026-07-01,False,False,NO_COPY_PATTERN
00896,2026-06-18,2026-06-18,1.2155881301394444,NEUTRAL,1.2155881301394444,NEUTRAL,2026-07-03,False,False,NO_COPY_PATTERN
00896,2026-06-18,2026-06-22,1.2155881301394444,NEUTRAL,-0.6654991243432606,NEUTRAL,2026-07-06,True,False,LIFECYCLE_OUTCOME_LEAKAGE_FOUND
00897,2026-06-30,2026-06-30,-1.5030946065428763,NEUTRAL,-1.5030946065428763,NEUTRAL,2026-07-15,False,False,NO_COPY_PATTERN
00897,2026-06-30,2026-07-01,-1.5030946065428763,NEUTRAL,0.267618198037467,NEUTRAL,2026-07-16,True,False,LIFECYCLE_OUTCOME_LEAKAGE_FOUND
00897,2026-06-30,2026-07-22,-1.5030946065428763,NEUTRAL,,,,True,False,LIFECYCLE_OUTCOME_LEAKAGE_FOUND
00897,2026-06-30,2026-07-23,-1.5030946065428763,NEUTRAL,,,,True,False,LIFECYCLE_OUTCOME_LEAKAGE_FOUND
00898,2026-06-16,2026-06-16,10.18957345971565,NEUTRAL,10.18957345971565,NEUTRAL,2026-07-01,False,False,NO_COPY_PATTERN
00898,2026-06-16,2026-06-30,10.18957345971565,NEUTRAL,-0.10660980810236476,NEUTRAL,2026-07-15,True,False,LIFECYCLE_OUTCOME_LEAKAGE_FOUND
00898,2026-06-16,2026-07-01,10.18957345971565,NEUTRAL,1.7204301075268935,NEUTRAL,2026-07-16,True,False,LIFECYCLE_OUTCOME_LEAKAGE_FOUND
00898,2026-06-16,2026-07-22,10.18957345971565,NEUTRAL,,,,True,False,LIFECYCLE_OUTCOME_LEAKAGE_FOUND
00898,2026-06-16,2026-07-23,10.18957345971565,NEUTRAL,,,,True,False,LIFECYCLE_OUTCOME_LEAKAGE_FOUND
00900,2026-06-15,2026-06-15,-1.5376729882111806,NEUTRAL,-1.5376729882111806,NEUTRAL,2026-06-30,False,False,NO_COPY_PATTERN
00900,2026-06-15,2026-06-16,-1.5376729882111806,NEUTRAL,-0.3610108303249149,NEUTRAL,2026-07-01,True,False,LIFECYCLE_OUTCOME_LEAKAGE_FOUND
00900,2026-06-15,2026-06-18,-1.5376729882111806,NEUTRAL,-0.3575076608784311,NEUTRAL,2026-07-03,True,False,LIFECYCLE_OUTCOME_LEAKAGE_FOUND
00901,2026-06-15,2026-06-15,1.716738197424883,NEUTRAL,1.716738197424883,NEUTRAL,2026-06-30,False,False,NO_COPY_PATTERN
00901,2026-06-15,2026-06-16,1.716738197424883,NEUTRAL,2.777184362315732,NEUTRAL,2026-07-01,True,False,LIFECYCLE_OUTCOME_LEAKAGE_FOUND
00905,2026-06-15,2026-06-15,2.743682310469331,NEUTRAL,2.743682310469331,NEUTRAL,2026-06-30,False,False,NO_COPY_PATTERN
00905,2026-06-15,2026-06-16,2.743682310469331,NEUTRAL,3.4569679510262796,NEUTRAL,2026-07-01,True,False,LIFECYCLE_OUTCOME_LEAKAGE_FOUND
00905,2026-06-15,2026-06-30,2.743682310469331,NEUTRAL,-3.162333099086445,NEUTRAL,2026-07-15,True,False,LIFECYCLE_OUTCOME_LEAKAGE_FOUND
00905,2026-06-15,2026-07-01,2.743682310469331,NEUTRAL,-8.249216846501916,LOSER,2026-07-16,True,True,LIFECYCLE_OUTCOME_LEAKAGE_FOUND
00907,2026-06-15,2026-06-15,-0.916870415647908,NEUTRAL,-0.9168704156479079,NEUTRAL,2026-06-30,False,False,NO_COPY_PATTERN
00908,2026-06-15,2026-06-15,0.5952380952381153,NEUTRAL,0.5952380952381153,NEUTRAL,2026-06-30,False,False,NO_COPY_PATTERN
00908,2026-06-15,2026-06-30,0.5952380952381153,NEUTRAL,1.512163050624582,NEUTRAL,2026-07-15,True,False,LIFECYCLE_OUTCOME_LEAKAGE_FOUND
00908,2026-06-15,2026-07-22,0.5952380952381153,NEUTRAL,,,,True,False,LIFECYCLE_OUTCOME_LEAKAGE_FOUND
00908,2026-06-15,2026-07-23,0.5952380952381153,NEUTRAL,,,,True,False,LIFECYCLE_OUTCOME_LEAKAGE_FOUND
00911,2026-06-16,2026-06-16,2.4719101123595655,NEUTRAL,2.4719101123595655,NEUTRAL,2026-07-01,False,False,NO_COPY_PATTERN
00911,2026-06-16,2026-06-22,2.4719101123595655,NEUTRAL,-6.4896755162241915,LOSER,2026-07-06,True,True,LIFECYCLE_OUTCOME_LEAKAGE_FOUND
00912,2026-06-15,2026-06-15,1.4762326542663071,NEUTRAL,1.4762326542663073,NEUTRAL,2026-06-30,False,False,NO_COPY_PATTERN
00912,2026-06-15,2026-06-16,1.4762326542663071,NEUTRAL,2.4318781130969747,NEUTRAL,2026-07-01,True,False,LIFECYCLE_OUTCOME_LEAKAGE_FOUND
00912,2026-06-15,2026-06-18,1.4762326542663071,NEUTRAL,0.6620610247553227,NEUTRAL,2026-07-03,True,False,LIFECYCLE_OUTCOME_LEAKAGE_FOUND
00912,2026-06-15,2026-07-01,1.4762326542663071,NEUTRAL,-5.320366132723109,NEUTRAL,2026-07-16,True,False,LIFECYCLE_OUTCOME_LEAKAGE_FOUND
00913,2026-06-16,2026-06-16,5.09615384615385,NEUTRAL,5.09615384615385,NEUTRAL,2026-07-01,False,False,NO_COPY_PATTERN
00913,2026-06-16,2026-06-18,5.09615384615385,NEUTRAL,0.5565862708719838,NEUTRAL,2026-07-03,True,False,LIFECYCLE_OUTCOME_LEAKAGE_FOUND
00915,2026-06-15,2026-06-15,3.242212333121408,NEUTRAL,3.242212333121408,NEUTRAL,2026-06-30,False,False,NO_COPY_PATTERN
00915,2026-06-15,2026-06-16,3.242212333121408,NEUTRAL,3.0612244897959107,NEUTRAL,2026-07-01,True,False,LIFECYCLE_OUTCOME_LEAKAGE_FOUND
00915,2026-06-15,2026-06-18,3.242212333121408,NEUTRAL,0.27881040892192566,NEUTRAL,2026-07-03,True,False,LIFECYCLE_OUTCOME_LEAKAGE_FOUND
00915,2026-06-15,2026-06-22,3.242212333121408,NEUTRAL,-1.5477996965098773,NEUTRAL,2026-07-06,True,False,LIFECYCLE_OUTCOME_LEAKAGE_FOUND
00915,2026-06-15,2026-06-30,3.242212333121408,NEUTRAL,-1.8780788177339747,NEUTRAL,2026-07-15,True,False,LIFECYCLE_OUTCOME_LEAKAGE_FOUND
00918,2026-06-15,2026-06-15,0.7841907151819427,NEUTRAL,0.7841907151819427,NEUTRAL,2026-06-30,False,False,NO_COPY_PATTERN
00918,2026-06-15,2026-06-16,0.7841907151819427,NEUTRAL,-0.8717310087173025,NEUTRAL,2026-07-01,True,False,LIFECYCLE_OUTCOME_LEAKAGE_FOUND
00918,2026-06-15,2026-06-18,0.7841907151819427,NEUTRAL,-0.15625000000000222,NEUTRAL,2026-07-03,True,False,LIFECYCLE_OUTCOME_LEAKAGE_FOUND
00918,2026-06-15,2026-06-22,0.7841907151819427,NEUTRAL,-0.15571473061350982,NEUTRAL,2026-07-06,True,False,LIFECYCLE_OUTCOME_LEAKAGE_FOUND
00918,2026-06-15,2026-06-23,0.7841907151819427,NEUTRAL,-1.0312499999999947,NEUTRAL,2026-07-07,True,False,LIFECYCLE_OUTCOME_LEAKAGE_FOUND
00918,2026-06-15,2026-06-24,0.7841907151819427,NEUTRAL,-0.6234413965087282,NEUTRAL,2026-07-08,True,False,LIFECYCLE_OUTCOME_LEAKAGE_FOUND
00918,2026-06-15,2026-06-25,0.7841907151819427,NEUTRAL,-1.6625615763546708,NEUTRAL,2026-07-09,True,False,LIFECYCLE_OUTCOME_LEAKAGE_FOUND
00918,2026-06-15,2026-06-30,0.7841907151819427,NEUTRAL,-0.6847183317771677,NEUTRAL,2026-07-15,True,False,LIFECYCLE_OUTCOME_LEAKAGE_FOUND
00918,2026-06-15,2026-07-03,0.7841907151819427,NEUTRAL,-3.2237871674491325,NEUTRAL,2026-07-20,True,False,LIFECYCLE_OUTCOME_LEAKAGE_FOUND
00918,2026-06-15,2026-07-22,0.7841907151819427,NEUTRAL,,,,True,False,LIFECYCLE_OUTCOME_LEAKAGE_FOUND
00922,2026-06-16,2026-06-16,3.532608695652173,NEUTRAL,3.532608695652173,NEUTRAL,2026-07-01,False,False,NO_COPY_PATTERN
00922,2026-06-16,2026-07-01,3.532608695652173,NEUTRAL,-3.6029587210689495,NEUTRAL,2026-07-16,True,False,LIFECYCLE_OUTCOME_LEAKAGE_FOUND
00923,2026-06-15,2026-06-15,1.5805614531729129,NEUTRAL,1.5805614531729129,NEUTRAL,2026-06-30,False,False,NO_COPY_PATTERN
00923,2026-06-15,2026-06-16,1.5805614531729129,NEUTRAL,2.414439756211917,NEUTRAL,2026-07-01,True,False,LIFECYCLE_OUTCOME_LEAKAGE_FOUND
00923,2026-06-15,2026-06-18,1.5805614531729129,NEUTRAL,0.41685965724873597,NEUTRAL,2026-07-03,True,False,LIFECYCLE_OUTCOME_LEAKAGE_FOUND
00923,2026-06-15,2026-06-22,1.5805614531729129,NEUTRAL,-3.2489356934797264,NEUTRAL,2026-07-06,True,False,LIFECYCLE_OUTCOME_LEAKAGE_FOUND
00927,2026-06-15,2026-06-15,5.402676091895997,NEUTRAL,5.402676091895997,NEUTRAL,2026-06-30,False,False,NO_COPY_PATTERN
00927,2026-06-15,2026-06-16,5.402676091895997,NEUTRAL,6.4394888499123,NEUTRAL,2026-07-01,True,False,LIFECYCLE_OUTCOME_LEAKAGE_FOUND
00927,2026-06-15,2026-06-18,5.402676091895997,NEUTRAL,3.078787878787881,NEUTRAL,2026-07-03,True,False,LIFECYCLE_OUTCOME_LEAKAGE_FOUND
00929,2026-06-15,2026-06-15,0.951131518530679,NEUTRAL,0.951131518530679,NEUTRAL,2026-06-30,False,False,NO_COPY_PATTERN
00929,2026-06-15,2026-06-16,0.951131518530679,NEUTRAL,0.48971596474045587,NEUTRAL,2026-07-01,True,False,LIFECYCLE_OUTCOME_LEAKAGE_FOUND
00929,2026-06-15,2026-06-18,0.951131518530679,NEUTRAL,0.7717041800643143,NEUTRAL,2026-07-03,True,False,LIFECYCLE_OUTCOME_LEAKAGE_FOUND
00929,2026-06-15,2026-06-22,0.951131518530679,NEUTRAL,-2.487562189054715,NEUTRAL,2026-07-06,True,False,LIFECYCLE_OUTCOME_LEAKAGE_FOUND
00930,2026-06-15,2026-06-15,0.8488278092158463,NEUTRAL,0.8488278092158463,NEUTRAL,2026-06-30,False,False,NO_COPY_PATTERN
00930,2026-06-15,2026-06-16,0.8488278092158463,NEUTRAL,1.651228352799028,NEUTRAL,2026-07-01,True,False,LIFECYCLE_OUTCOME_LEAKAGE_FOUND
00930,2026-06-15,2026-06-18,0.8488278092158463,NEUTRAL,-2.1168169345354815,NEUTRAL,2026-07-03,True,False,LIFECYCLE_OUTCOME_LEAKAGE_FOUND
00930,2026-06-15,2026-06-22,0.8488278092158463,NEUTRAL,-4.543718976708677,NEUTRAL,2026-07-06,True,False,LIFECYCLE_OUTCOME_LEAKAGE_FOUND
00935,2026-06-15,2026-06-15,2.629416598192269,NEUTRAL,2.629416598192269,NEUTRAL,2026-06-30,False,False,NO_COPY_PATTERN
00935,2026-06-15,2026-06-16,2.629416598192269,NEUTRAL,2.6079869600652117,NEUTRAL,2026-07-01,True,False,LIFECYCLE_OUTCOME_LEAKAGE_FOUND
00938,2026-07-01,2026-07-01,1.0660106601065866,NEUTRAL,1.0660106601065866,NEUTRAL,2026-07-16,False,False,NO_COPY_PATTERN
00939,2026-06-15,2026-06-15,0.8932769158439102,NEUTRAL,0.8932769158439102,NEUTRAL,2026-06-30,False,False,NO_COPY_PATTERN
00939,2026-06-15,2026-06-16,0.8932769158439102,NEUTRAL,-0.9315323707498768,NEUTRAL,2026-07-01,True,False,LIFECYCLE_OUTCOME_LEAKAGE_FOUND
00939,2026-06-15,2026-06-18,0.8932769158439102,NEUTRAL,-3.052391799544407,NEUTRAL,2026-07-03,True,False,LIFECYCLE_OUTCOME_LEAKAGE_FOUND
00939,2026-06-15,2026-06-22,0.8932769158439102,NEUTRAL,-2.3679417122040025,NEUTRAL,2026-07-06,True,False,LIFECYCLE_OUTCOME_LEAKAGE_FOUND
00939,2026-06-15,2026-07-23,0.8932769158439102,NEUTRAL,,,,True,False,LIFECYCLE_OUTCOME_LEAKAGE_FOUND
00941,2026-06-15,2026-06-15,4.163750874737593,NEUTRAL,4.163750874737593,NEUTRAL,2026-06-30,False,False,NO_COPY_PATTERN
00941,2026-06-15,2026-06-16,4.163750874737593,NEUTRAL,6.900175131348507,NEUTRAL,2026-07-01,True,False,LIFECYCLE_OUTCOME_LEAKAGE_FOUND
00941,2026-06-15,2026-06-30,4.163750874737593,NEUTRAL,-4.568357406785351,NEUTRAL,2026-07-15,True,False,LIFECYCLE_OUTCOME_LEAKAGE_FOUND
00941,2026-06-15,2026-07-01,4.163750874737593,NEUTRAL,-9.141546526867629,LOSER,2026-07-16,True,True,LIFECYCLE_OUTCOME_LEAKAGE_FOUND
00944,2026-06-15,2026-06-15,4.260299625468167,NEUTRAL,4.260299625468167,NEUTRAL,2026-06-30,False,False,NO_COPY_PATTERN
00944,2026-06-15,2026-06-16,4.260299625468167,NEUTRAL,3.3488372093023244,NEUTRAL,2026-07-01,True,False,LIFECYCLE_OUTCOME_LEAKAGE_FOUND
00944,2026-06-15,2026-06-18,4.260299625468167,NEUTRAL,0.36084799278304214,NEUTRAL,2026-07-03,True,False,LIFECYCLE_OUTCOME_LEAKAGE_FOUND
00944,2026-06-15,2026-06-22,4.260299625468167,NEUTRAL,-1.2422360248447117,NEUTRAL,2026-07-06,True,False,LIFECYCLE_OUTCOME_LEAKAGE_FOUND
00944,2026-06-15,2026-06-30,4.260299625468167,NEUTRAL,-2.5594970812752638,NEUTRAL,2026-07-15,True,False,LIFECYCLE_OUTCOME_LEAKAGE_FOUND
00944,2026-06-15,2026-07-01,4.260299625468167,NEUTRAL,-3.4203420342034163,NEUTRAL,2026-07-16,True,False,LIFECYCLE_OUTCOME_LEAKAGE_FOUND
00946,2026-06-18,2026-06-18,1.9480519480519431,NEUTRAL,1.9480519480519431,NEUTRAL,2026-07-03,False,False,NO_COPY_PATTERN
00946,2026-06-18,2026-06-22,1.9480519480519431,NEUTRAL,-0.8832807570977819,NEUTRAL,2026-07-06,True,False,LIFECYCLE_OUTCOME_LEAKAGE_FOUND
00947,2026-06-15,2026-06-15,2.6125193998965512,NEUTRAL,2.6125193998965512,NEUTRAL,2026-06-30,False,False,NO_COPY_PATTERN
00947,2026-06-15,2026-06-16,2.6125193998965512,NEUTRAL,-1.0627530364372473,NEUTRAL,2026-07-01,True,False,LIFECYCLE_OUTCOME_LEAKAGE_FOUND
00947,2026-06-15,2026-06-17,2.6125193998965512,NEUTRAL,-1.1838790931990029,NEUTRAL,2026-07-02,True,False,LIFECYCLE_OUTCOME_LEAKAGE_FOUND
00947,2026-06-15,2026-06-18,2.6125193998965512,NEUTRAL,-6.0532687651331685,LOSER,2026-07-03,True,True,LIFECYCLE_OUTCOME_LEAKAGE_FOUND
00951,2026-06-15,2026-06-15,6.278481012658221,NEUTRAL,6.278481012658221,NEUTRAL,2026-06-30,False,False,NO_COPY_PATTERN
00951,2026-06-15,2026-06-16,6.278481012658221,NEUTRAL,9.649568308786183,NEUTRAL,2026-07-01,True,False,LIFECYCLE_OUTCOME_LEAKAGE_FOUND
00951,2026-06-15,2026-06-18,6.278481012658221,NEUTRAL,0.782013685239491,NEUTRAL,2026-07-03,True,False,LIFECYCLE_OUTCOME_LEAKAGE_FOUND
00951,2026-06-15,2026-06-30,6.278481012658221,NEUTRAL,-2.620295378751769,NEUTRAL,2026-07-15,True,False,LIFECYCLE_OUTCOME_LEAKAGE_FOUND
00951,2026-06-15,2026-07-01,6.278481012658221,NEUTRAL,-9.495136637332102,LOSER,2026-07-16,True,True,LIFECYCLE_OUTCOME_LEAKAGE_FOUND
00954,2026-06-15,2026-06-15,6.166982922201147,NEUTRAL,6.166982922201147,NEUTRAL,2026-06-30,False,False,NO_COPY_PATTERN
00954,2026-06-15,2026-06-16,6.166982922201147,NEUTRAL,9.752616555661287,NEUTRAL,2026-07-01,True,False,LIFECYCLE_OUTCOME_LEAKAGE_FOUND
00954,2026-06-15,2026-06-18,6.166982922201147,NEUTRAL,0.9157509157509125,NEUTRAL,2026-07-03,True,False,LIFECYCLE_OUTCOME_LEAKAGE_FOUND
00954,2026-06-15,2026-06-22,6.166982922201147,NEUTRAL,-3.746143675628033,NEUTRAL,2026-07-06,True,False,LIFECYCLE_OUTCOME_LEAKAGE_FOUND
00954,2026-06-15,2026-06-30,6.166982922201147,NEUTRAL,-2.3681858802502176,NEUTRAL,2026-07-15,True,False,LIFECYCLE_OUTCOME_LEAKAGE_FOUND
00954,2026-06-15,2026-07-01,6.166982922201147,NEUTRAL,-9.492847854356313,LOSER,2026-07-16,True,True,LIFECYCLE_OUTCOME_LEAKAGE_FOUND
009802,2026-06-15,2026-06-15,-2.5602409638554313,NEUTRAL,-2.5602409638554313,NEUTRAL,2026-06-30,False,False,NO_COPY_PATTERN
009802,2026-06-15,2026-06-16,-2.5602409638554313,NEUTRAL,-1.9607843137254943,NEUTRAL,2026-07-01,True,False,LIFECYCLE_OUTCOME_LEAKAGE_FOUND
009803,2026-06-18,2026-06-18,-0.0910332271279013,NEUTRAL,-0.0910332271279013,NEUTRAL,2026-07-03,False,False,NO_COPY_PATTERN
009803,2026-06-18,2026-06-22,-0.0910332271279013,NEUTRAL,-3.653169014084501,NEUTRAL,2026-07-06,True,False,LIFECYCLE_OUTCOME_LEAKAGE_FOUND
009804,2026-06-15,2026-06-15,2.408111533586798,NEUTRAL,2.4081115335867986,NEUTRAL,2026-06-30,False,False,NO_COPY_PATTERN
009804,2026-06-15,2026-06-16,2.408111533586798,NEUTRAL,2.1739130434782483,NEUTRAL,2026-07-01,True,False,LIFECYCLE_OUTCOME_LEAKAGE_FOUND
009805,2026-06-30,2026-06-30,-2.697947214076246,NEUTRAL,-2.697947214076246,NEUTRAL,2026-07-15,False,False,NO_COPY_PATTERN
009805,2026-06-30,2026-07-01,-2.697947214076246,NEUTRAL,-4.844290657439442,NEUTRAL,2026-07-16,True,False,LIFECYCLE_OUTCOME_LEAKAGE_FOUND
009808,2026-06-18,2026-06-18,0.0,NEUTRAL,0.0,NEUTRAL,2026-07-03,False,False,NO_COPY_PATTERN
009808,2026-06-18,2026-06-22,0.0,NEUTRAL,-2.9073288915808626,NEUTRAL,2026-07-06,True,False,LIFECYCLE_OUTCOME_LEAKAGE_FOUND
009808,2026-06-18,2026-06-30,0.0,NEUTRAL,-2.4772656005017213,NEUTRAL,2026-07-15,True,False,LIFECYCLE_OUTCOME_LEAKAGE_FOUND
009808,2026-06-18,2026-07-01,0.0,NEUTRAL,-3.5027898326100426,NEUTRAL,2026-07-16,True,False,LIFECYCLE_OUTCOME_LEAKAGE_FOUND
009809,2026-06-16,2026-06-16,5.114942528735633,NEUTRAL,5.114942528735633,NEUTRAL,2026-07-01,False,False,NO_COPY_PATTERN
009809,2026-06-16,2026-06-30,5.114942528735633,NEUTRAL,0.27932960893854997,NEUTRAL,2026-07-15,True,False,LIFECYCLE_OUTCOME_LEAKAGE_FOUND
009809,2026-06-16,2026-07-01,5.114942528735633,NEUTRAL,-1.3668671405139388,NEUTRAL,2026-07-16,True,False,LIFECYCLE_OUTCOME_LEAKAGE_FOUND
00980A,2026-06-16,2026-06-16,1.2601626016260026,NEUTRAL,1.2601626016260026,NEUTRAL,2026-07-01,False,False,NO_COPY_PATTERN
00980A,2026-06-16,2026-06-18,1.2601626016260026,NEUTRAL,0.23952095808381646,NEUTRAL,2026-07-03,True,False,LIFECYCLE_OUTCOME_LEAKAGE_FOUND
009816,2026-06-16,2026-06-16,2.063185041908455,NEUTRAL,2.063185041908455,NEUTRAL,2026-07-01,False,False,NO_COPY_PATTERN
00981A,2026-07-02,2026-07-02,-17.535101404056153,LOSER,-17.535101404056153,LOSER,2026-07-17,False,False,NO_COPY_PATTERN
00981A,2026-07-02,2026-07-03,-17.535101404056153,LOSER,-19.714817110973335,LOSER,2026-07-20,True,False,LIFECYCLE_OUTCOME_LEAKAGE_FOUND
00982A,2026-06-18,2026-06-18,2.7386226339106035,NEUTRAL,2.7386226339106035,NEUTRAL,2026-07-03,False,False,NO_COPY_PATTERN
00982A,2026-06-18,2026-06-22,2.7386226339106035,NEUTRAL,-0.6679764243614827,NEUTRAL,2026-07-06,True,False,LIFECYCLE_OUTCOME_LEAKAGE_FOUND
00982A,2026-06-18,2026-07-01,2.7386226339106035,NEUTRAL,-5.644515612489998,NEUTRAL,2026-07-16,True,False,LIFECYCLE_OUTCOME_LEAKAGE_FOUND
00983A,2026-06-16,2026-06-16,3.433835845896138,NEUTRAL,3.433835845896138,NEUTRAL,2026-07-01,False,False,NO_COPY_PATTERN
00983A,2026-06-16,2026-06-30,3.433835845896138,NEUTRAL,-1.1345218800648316,NEUTRAL,2026-07-15,True,False,LIFECYCLE_OUTCOME_LEAKAGE_FOUND
00983A,2026-06-16,2026-07-01,3.433835845896138,NEUTRAL,-1.3765182186234792,NEUTRAL,2026-07-16,True,False,LIFECYCLE_OUTCOME_LEAKAGE_FOUND
00983D,2026-06-30,2026-06-30,-0.6849315068493178,NEUTRAL,-0.6849315068493178,NEUTRAL,2026-07-15,False,False,NO_COPY_PATTERN
00988A,2026-06-15,2026-06-15,-0.3577817531305816,NEUTRAL,-0.3577817531305816,NEUTRAL,2026-06-30,False,False,NO_COPY_PATTERN
00988A,2026-06-15,2026-06-16,-0.3577817531305816,NEUTRAL,0.44091710758378255,NEUTRAL,2026-07-01,True,False,LIFECYCLE_OUTCOME_LEAKAGE_FOUND
00988A,2026-06-15,2026-06-18,-0.3577817531305816,NEUTRAL,-7.099303135888513,LOSER,2026-07-03,True,True,LIFECYCLE_OUTCOME_LEAKAGE_FOUND
00988A,2026-06-15,2026-07-01,-0.3577817531305816,NEUTRAL,-20.061457418788407,LOSER,2026-07-16,True,True,LIFECYCLE_OUTCOME_LEAKAGE_FOUND
00989A,2026-06-16,2026-06-16,2.8322440087146017,NEUTRAL,2.8322440087146017,NEUTRAL,2026-07-01,False,False,NO_COPY_PATTERN
00989A,2026-06-16,2026-06-30,2.8322440087146017,NEUTRAL,-2.487831260140605,NEUTRAL,2026-07-15,True,False,LIFECYCLE_OUTCOME_LEAKAGE_FOUND
00989A,2026-06-16,2026-07-01,2.8322440087146017,NEUTRAL,-6.25,LOSER,2026-07-16,True,True,LIFECYCLE_OUTCOME_LEAKAGE_FOUND
00990A,2026-06-15,2026-06-15,1.514411333659016,NEUTRAL,1.514411333659016,NEUTRAL,2026-06-30,False,False,NO_COPY_PATTERN
00990A,2026-06-15,2026-06-16,1.514411333659016,NEUTRAL,1.6275730014361,NEUTRAL,2026-07-01,True,False,LIFECYCLE_OUTCOME_LEAKAGE_FOUND
00990A,2026-06-15,2026-06-18,1.514411333659016,NEUTRAL,-5.770147830233652,NEUTRAL,2026-07-03,True,False,LIFECYCLE_OUTCOME_LEAKAGE_FOUND
00990A,2026-06-15,2026-06-22,1.514411333659016,NEUTRAL,-11.09065807639209,LOSER,2026-07-06,True,True,LIFECYCLE_OUTCOME_LEAKAGE_FOUND
00990A,2026-06-15,2026-07-01,1.514411333659016,NEUTRAL,-19.029674988224208,LOSER,2026-07-16,True,True,LIFECYCLE_OUTCOME_LEAKAGE_FOUND
00991A,2026-06-16,2026-06-16,5.191532258064524,NEUTRAL,5.191532258064524,NEUTRAL,2026-07-01,False,False,NO_COPY_PATTERN
00991A,2026-06-16,2026-07-01,5.191532258064524,NEUTRAL,-11.212266411116435,LOSER,2026-07-16,True,True,LIFECYCLE_OUTCOME_LEAKAGE_FOUND
00993A,2026-06-18,2026-06-18,0.7697690692792358,NEUTRAL,0.7697690692792358,NEUTRAL,2026-07-03,False,False,NO_COPY_PATTERN
00993A,2026-06-18,2026-07-01,0.7697690692792358,NEUTRAL,-9.090909090909093,LOSER,2026-07-16,True,True,LIFECYCLE_OUTCOME_LEAKAGE_FOUND
00995A,2026-06-16,2026-06-16,2.839643652561241,NEUTRAL,2.839643652561241,NEUTRAL,2026-07-01,False,False,NO_COPY_PATTERN
00995A,2026-06-16,2026-07-01,2.839643652561241,NEUTRAL,-9.204114780725503,LOSER,2026-07-16,True,True,LIFECYCLE_OUTCOME_LEAKAGE_FOUND
020036,2026-06-11,2026-06-11,6.236323851203496,NEUTRAL,6.236323851203496,NEUTRAL,2026-06-26,False,False,NO_COPY_PATTERN
020037,2026-07-09,2026-07-09,0.7252946509519465,NEUTRAL,0.7252946509519465,NEUTRAL,2026-07-24,False,False,NO_COPY_PATTERN
020037,2026-07-09,2026-07-24,0.7252946509519465,NEUTRAL,,,,True,False,LIFECYCLE_OUTCOME_LEAKAGE_FOUND
1203,2026-07-08,2026-07-08,8.755760368663612,NEUTRAL,8.755760368663612,NEUTRAL,2026-07-23,False,False,NO_COPY_PATTERN
1203,2026-07-08,2026-07-09,8.755760368663612,NEUTRAL,8.690614136732332,NEUTRAL,2026-07-24,True,False,LIFECYCLE_OUTCOME_LEAKAGE_FOUND
1203,2026-07-08,2026-07-17,8.755760368663612,NEUTRAL,,,,True,False,LIFECYCLE_OUTCOME_LEAKAGE_FOUND
1203,2026-07-08,2026-07-20,8.755760368663612,NEUTRAL,,,,True,False,LIFECYCLE_OUTCOME_LEAKAGE_FOUND
1216,2026-06-24,2026-06-24,4.6604527296937315,NEUTRAL,4.6604527296937315,NEUTRAL,2026-07-08,False,False,NO_COPY_PATTERN
1216,2026-06-24,2026-06-25,4.6604527296937315,NEUTRAL,3.70370370370372,NEUTRAL,2026-07-09,True,False,LIFECYCLE_OUTCOME_LEAKAGE_FOUND
1216,2026-06-24,2026-06-26,4.6604527296937315,NEUTRAL,5.227882037533527,NEUTRAL,2026-07-13,True,False,LIFECYCLE_OUTCOME_LEAKAGE_FOUND
1216,2026-06-24,2026-07-03,4.6604527296937315,NEUTRAL,5.242463958060295,NEUTRAL,2026-07-20,True,False,LIFECYCLE_OUTCOME_LEAKAGE_FOUND
1216,2026-06-24,2026-07-06,4.6604527296937315,NEUTRAL,2.3136246786632286,NEUTRAL,2026-07-21,True,False,LIFECYCLE_OUTCOME_LEAKAGE_FOUND
1216,2026-06-24,2026-07-07,4.6604527296937315,NEUTRAL,-1.538461538461544,NEUTRAL,2026-07-22,True,False,LIFECYCLE_OUTCOME_LEAKAGE_FOUND
1216,2026-06-24,2026-07-08,4.6604527296937315,NEUTRAL,-2.035623409669207,NEUTRAL,2026-07-23,True,False,LIFECYCLE_OUTCOME_LEAKAGE_FOUND
1216,2026-06-24,2026-07-09,4.6604527296937315,NEUTRAL,-1.2755102040816313,NEUTRAL,2026-07-24,True,False,LIFECYCLE_OUTCOME_LEAKAGE_FOUND
1216,2026-06-24,2026-07-13,4.6604527296937315,NEUTRAL,-1.7834394904458706,NEUTRAL,2026-07-27,True,False,LIFECYCLE_OUTCOME_LEAKAGE_FOUND
1216,2026-06-24,2026-07-17,4.6604527296937315,NEUTRAL,,,,True,False,LIFECYCLE_OUTCOME_LEAKAGE_FOUND
1216,2026-06-24,2026-07-20,4.6604527296937315,NEUTRAL,,,,True,False,LIFECYCLE_OUTCOME_LEAKAGE_FOUND
1217,2026-07-03,2026-07-03,-1.9704433497537033,NEUTRAL,-1.9704433497537033,NEUTRAL,2026-07-20,False,False,NO_COPY_PATTERN
1217,2026-07-03,2026-07-17,-1.9704433497537033,NEUTRAL,,,,True,False,LIFECYCLE_OUTCOME_LEAKAGE_FOUND
1217,2026-07-03,2026-07-20,-1.9704433497537033,NEUTRAL,,,,True,False,LIFECYCLE_OUTCOME_LEAKAGE_FOUND
1227,2026-06-11,2026-06-11,0.6932409012131657,NEUTRAL,0.6932409012131657,NEUTRAL,2026-06-26,False,False,NO_COPY_PATTERN
1227,2026-06-11,2026-07-03,0.6932409012131657,NEUTRAL,0.49999999999998934,NEUTRAL,2026-07-20,True,False,LIFECYCLE_OUTCOME_LEAKAGE_FOUND
1227,2026-06-11,2026-07-06,0.6932409012131657,NEUTRAL,-1.4681892332789492,NEUTRAL,2026-07-21,True,False,LIFECYCLE_OUTCOME_LEAKAGE_FOUND
1227,2026-06-11,2026-07-07,0.6932409012131657,NEUTRAL,-0.4983388704319025,NEUTRAL,2026-07-22,True,False,LIFECYCLE_OUTCOME_LEAKAGE_FOUND
1227,2026-06-11,2026-07-08,0.6932409012131657,NEUTRAL,-3.3557046979865723,NEUTRAL,2026-07-23,True,False,LIFECYCLE_OUTCOME_LEAKAGE_FOUND
1227,2026-06-11,2026-07-09,0.6932409012131657,NEUTRAL,-1.8487394957983239,NEUTRAL,2026-07-24,True,False,LIFECYCLE_OUTCOME_LEAKAGE_FOUND
1227,2026-06-11,2026-07-13,0.6932409012131657,NEUTRAL,-2.9900332225913706,NEUTRAL,2026-07-27,True,False,LIFECYCLE_OUTCOME_LEAKAGE_FOUND
1227,2026-06-11,2026-07-17,0.6932409012131657,NEUTRAL,,,,True,False,LIFECYCLE_OUTCOME_LEAKAGE_FOUND
1229,2026-06-29,2026-06-29,-6.323185011709609,LOSER,-6.323185011709609,LOSER,2026-07-14,False,False,NO_COPY_PATTERN
1234,2026-06-24,2026-06-24,-5.832147937411092,NEUTRAL,-5.832147937411092,NEUTRAL,2026-07-08,False,False,NO_COPY_PATTERN
1234,2026-06-24,2026-06-26,-5.832147937411092,NEUTRAL,-4.721030042918473,NEUTRAL,2026-07-13,True,False,LIFECYCLE_OUTCOME_LEAKAGE_FOUND
1234,2026-06-24,2026-07-20,-5.832147937411092,NEUTRAL,,,,True,False,LIFECYCLE_OUTCOME_LEAKAGE_FOUND
1236,2026-06-24,2026-06-24,1.9379844961240345,NEUTRAL,1.9379844961240345,NEUTRAL,2026-07-08,False,False,NO_COPY_PATTERN
1236,2026-06-24,2026-06-25,1.9379844961240345,NEUTRAL,-5.029013539651839,NEUTRAL,2026-07-09,True,False,LIFECYCLE_OUTCOME_LEAKAGE_FOUND
1236,2026-06-24,2026-07-08,1.9379844961240345,NEUTRAL,-10.456273764258551,LOSER,2026-07-23,True,True,LIFECYCLE_OUTCOME_LEAKAGE_FOUND
1256,2026-07-06,2026-07-06,-7.0351758793969825,LOSER,-7.0351758793969825,LOSER,2026-07-21,False,False,NO_COPY_PATTERN
1256,2026-07-06,2026-07-07,-7.0351758793969825,LOSER,-8.250000000000002,LOSER,2026-07-22,True,False,LIFECYCLE_OUTCOME_LEAKAGE_FOUND
1256,2026-07-06,2026-07-08,-7.0351758793969825,LOSER,-5.7644110275689275,NEUTRAL,2026-07-23,True,True,LIFECYCLE_OUTCOME_LEAKAGE_FOUND
1256,2026-07-06,2026-07-09,-7.0351758793969825,LOSER,-7.088607594936713,LOSER,2026-07-24,True,False,LIFECYCLE_OUTCOME_LEAKAGE_FOUND
1256,2026-07-06,2026-07-13,-7.0351758793969825,LOSER,-3.90625,NEUTRAL,2026-07-27,True,True,LIFECYCLE_OUTCOME_LEAKAGE_FOUND
1256,2026-07-06,2026-07-20,-7.0351758793969825,LOSER,,,,True,False,LIFECYCLE_OUTCOME_LEAKAGE_FOUND
1301,2026-06-17,2026-06-17,24.504692387904072,WINNER,24.504692387904072,WINNER,2026-07-02,False,False,NO_COPY_PATTERN
1301,2026-06-17,2026-06-18,24.504692387904072,WINNER,20.116054158607355,WINNER,2026-07-03,True,False,LIFECYCLE_OUTCOME_LEAKAGE_FOUND
1301,2026-06-17,2026-06-22,24.504692387904072,WINNER,15.267175572519086,WINNER,2026-07-06,True,False,LIFECYCLE_OUTCOME_LEAKAGE_FOUND
1301,2026-06-17,2026-06-24,24.504692387904072,WINNER,6.422018348623859,NEUTRAL,2026-07-08,True,True,LIFECYCLE_OUTCOME_LEAKAGE_FOUND
1301,2026-06-17,2026-06-25,24.504692387904072,WINNER,-5.517241379310345,NEUTRAL,2026-07-09,True,True,LIFECYCLE_OUTCOME_LEAKAGE_FOUND
1301,2026-06-17,2026-06-26,24.504692387904072,WINNER,15.325670498084287,WINNER,2026-07-13,True,False,LIFECYCLE_OUTCOME_LEAKAGE_FOUND
1301,2026-06-17,2026-07-02,24.504692387904072,WINNER,5.192629815745375,NEUTRAL,2026-07-17,True,True,LIFECYCLE_OUTCOME_LEAKAGE_FOUND
1301,2026-06-17,2026-07-03,24.504692387904072,WINNER,-2.4154589371980673,NEUTRAL,2026-07-20,True,True,LIFECYCLE_OUTCOME_LEAKAGE_FOUND
1301,2026-06-17,2026-07-13,24.504692387904072,WINNER,2.491694352159479,NEUTRAL,2026-07-27,True,True,LIFECYCLE_OUTCOME_LEAKAGE_FOUND
1301,2026-06-17,2026-07-14,24.504692387904072,WINNER,,,,True,False,LIFECYCLE_OUTCOME_LEAKAGE_FOUND
1301,2026-06-17,2026-07-15,24.504692387904072,WINNER,,,,True,False,LIFECYCLE_OUTCOME_LEAKAGE_FOUND
1301,2026-06-17,2026-07-16,24.504692387904072,WINNER,,,,True,False,LIFECYCLE_OUTCOME_LEAKAGE_FOUND
1301,2026-06-17,2026-07-17,24.504692387904072,WINNER,,,,True,False,LIFECYCLE_OUTCOME_LEAKAGE_FOUND
1301,2026-06-17,2026-07-20,24.504692387904072,WINNER,,,,True,False,LIFECYCLE_OUTCOME_LEAKAGE_FOUND
1301,2026-06-17,2026-07-21,24.504692387904072,WINNER,,,,True,False,LIFECYCLE_OUTCOME_LEAKAGE_FOUND
1301,2026-06-17,2026-07-22,24.504692387904072,WINNER,,,,True,False,LIFECYCLE_OUTCOME_LEAKAGE_FOUND
1301,2026-06-17,2026-07-23,24.504692387904072,WINNER,,,,True,False,LIFECYCLE_OUTCOME_LEAKAGE_FOUND
1304,2026-07-03,2026-07-03,-16.451612903225808,LOSER,-16.451612903225808,LOSER,2026-07-20,False,False,NO_COPY_PATTERN
1310,2026-06-24,2026-06-24,11.278952668680777,NEUTRAL,11.278952668680775,NEUTRAL,2026-07-08,False,False,NO_COPY_PATTERN
1310,2026-06-24,2026-06-25,11.278952668680777,NEUTRAL,2.4752475247524774,NEUTRAL,2026-07-09,True,False,LIFECYCLE_OUTCOME_LEAKAGE_FOUND
1310,2026-06-24,2026-06-26,11.278952668680777,NEUTRAL,4.439959636730562,NEUTRAL,2026-07-13,True,False,LIFECYCLE_OUTCOME_LEAKAGE_FOUND
1310,2026-06-24,2026-06-29,11.278952668680777,NEUTRAL,3.0000000000000027,NEUTRAL,2026-07-14,True,False,LIFECYCLE_OUTCOME_LEAKAGE_FOUND
1310,2026-06-24,2026-06-30,11.278952668680777,NEUTRAL,-0.4739336492891044,NEUTRAL,2026-07-15,True,False,LIFECYCLE_OUTCOME_LEAKAGE_FOUND
1310,2026-06-24,2026-07-02,11.278952668680777,NEUTRAL,-2.4038461538461564,NEUTRAL,2026-07-17,True,False,LIFECYCLE_OUTCOME_LEAKAGE_FOUND
1310,2026-06-24,2026-07-03,11.278952668680777,NEUTRAL,-12.982456140350884,LOSER,2026-07-20,True,True,LIFECYCLE_OUTCOME_LEAKAGE_FOUND
1310,2026-06-24,2026-07-06,11.278952668680777,NEUTRAL,-15.593220338983048,LOSER,2026-07-21,True,True,LIFECYCLE_OUTCOME_LEAKAGE_FOUND
1310,2026-06-24,2026-07-13,11.278952668680777,NEUTRAL,-13.33333333333332,LOSER,2026-07-27,True,True,LIFECYCLE_OUTCOME_LEAKAGE_FOUND
1310,2026-06-24,2026-07-14,11.278952668680777,NEUTRAL,,,,True,False,LIFECYCLE_OUTCOME_LEAKAGE_FOUND
1310,2026-06-24,2026-07-15,11.278952668680777,NEUTRAL,,,,True,False,LIFECYCLE_OUTCOME_LEAKAGE_FOUND
1310,2026-06-24,2026-07-16,11.278952668680777,NEUTRAL,,,,True,False,LIFECYCLE_OUTCOME_LEAKAGE_FOUND
1310,2026-06-24,2026-07-17,11.278952668680777,NEUTRAL,,,,True,False,LIFECYCLE_OUTCOME_LEAKAGE_FOUND
1310,2026-06-24,2026-07-20,11.278952668680777,NEUTRAL,,,,True,False,LIFECYCLE_OUTCOME_LEAKAGE_FOUND
1313,2026-06-25,2026-06-25,-0.3984063745020028,NEUTRAL,-0.3984063745020028,NEUTRAL,2026-07-09,False,False,NO_COPY_PATTERN
1313,2026-06-25,2026-06-29,-0.3984063745020028,NEUTRAL,0.819672131147553,NEUTRAL,2026-07-14,True,False,LIFECYCLE_OUTCOME_LEAKAGE_FOUND
1313,2026-06-25,2026-06-30,-0.3984063745020028,NEUTRAL,1.6064257028112428,NEUTRAL,2026-07-15,True,False,LIFECYCLE_OUTCOME_LEAKAGE_FOUND
1313,2026-06-25,2026-07-02,-0.3984063745020028,NEUTRAL,-6.153846153846154,LOSER,2026-07-17,True,True,LIFECYCLE_OUTCOME_LEAKAGE_FOUND
1313,2026-06-25,2026-07-03,-0.3984063745020028,NEUTRAL,-17.48251748251748,LOSER,2026-07-20,True,True,LIFECYCLE_OUTCOME_LEAKAGE_FOUND
1313,2026-06-25,2026-07-06,-0.3984063745020028,NEUTRAL,-11.808118081180819,LOSER,2026-07-21,True,True,LIFECYCLE_OUTCOME_LEAKAGE_FOUND
1313,2026-06-25,2026-07-14,-0.3984063745020028,NEUTRAL,,,,True,False,LIFECYCLE_OUTCOME_LEAKAGE_FOUND
1313,2026-06-25,2026-07-15,-0.3984063745020028,NEUTRAL,,,,True,False,LIFECYCLE_OUTCOME_LEAKAGE_FOUND
1313,2026-06-25,2026-07-16,-0.3984063745020028,NEUTRAL,,,,True,False,LIFECYCLE_OUTCOME_LEAKAGE_FOUND
1315,2026-06-24,2026-06-24,2.4077046548956593,NEUTRAL,2.4077046548956593,NEUTRAL,2026-07-08,False,False,NO_COPY_PATTERN
1321,2026-07-03,2026-07-03,0.3134796238244641,NEUTRAL,0.31347962382446415,NEUTRAL,2026-07-20,False,False,NO_COPY_PATTERN
1321,2026-07-03,2026-07-06,0.3134796238244641,NEUTRAL,0.0,NEUTRAL,2026-07-21,True,False,LIFECYCLE_OUTCOME_LEAKAGE_FOUND
1321,2026-07-03,2026-07-21,0.3134796238244641,NEUTRAL,,,,True,False,LIFECYCLE_OUTCOME_LEAKAGE_FOUND
1339,2026-07-06,2026-07-06,-0.660066006600668,NEUTRAL,-0.660066006600668,NEUTRAL,2026-07-21,False,False,NO_COPY_PATTERN
1339,2026-07-06,2026-07-21,-0.660066006600668,NEUTRAL,,,,True,False,LIFECYCLE_OUTCOME_LEAKAGE_FOUND
1416,2026-07-08,2026-07-08,0.0,NEUTRAL,0.0,NEUTRAL,2026-07-23,False,False,NO_COPY_PATTERN
1416,2026-07-08,2026-07-09,0.0,NEUTRAL,-1.3574660633484226,NEUTRAL,2026-07-24,True,False,LIFECYCLE_OUTCOME_LEAKAGE_FOUND
1417,2026-07-02,2026-07-02,-5.621621621621619,NEUTRAL,-5.621621621621619,NEUTRAL,2026-07-17,False,False,NO_COPY_PATTERN
1417,2026-07-02,2026-07-03,-5.621621621621619,NEUTRAL,-5.263157894736825,NEUTRAL,2026-07-20,True,False,LIFECYCLE_OUTCOME_LEAKAGE_FOUND
1417,2026-07-02,2026-07-16,-5.621621621621619,NEUTRAL,,,,True,False,LIFECYCLE_OUTCOME_LEAKAGE_FOUND
1419,2026-07-07,2026-07-07,-0.1515151515151469,NEUTRAL,-0.15151515151514694,NEUTRAL,2026-07-22,False,False,NO_COPY_PATTERN
1419,2026-07-07,2026-07-08,-0.1515151515151469,NEUTRAL,-1.0526315789473717,NEUTRAL,2026-07-23,True,False,LIFECYCLE_OUTCOME_LEAKAGE_FOUND
1419,2026-07-07,2026-07-09,-0.1515151515151469,NEUTRAL,0.0,NEUTRAL,2026-07-24,True,False,LIFECYCLE_OUTCOME_LEAKAGE_FOUND
1419,2026-07-07,2026-07-17,-0.1515151515151469,NEUTRAL,,,,True,False,LIFECYCLE_OUTCOME_LEAKAGE_FOUND
1419,2026-07-07,2026-07-20,-0.1515151515151469,NEUTRAL,,,,True,False,LIFECYCLE_OUTCOME_LEAKAGE_FOUND
1435,2026-06-29,2026-06-29,6.626506024096401,NEUTRAL,6.626506024096401,NEUTRAL,2026-07-14,False,False,NO_COPY_PATTERN
1435,2026-06-29,2026-06-30,6.626506024096401,NEUTRAL,-2.925045703839124,NEUTRAL,2026-07-15,True,False,LIFECYCLE_OUTCOME_LEAKAGE_FOUND
1435,2026-06-29,2026-07-02,6.626506024096401,NEUTRAL,-30.71104387291982,LOSER,2026-07-17,True,True,LIFECYCLE_OUTCOME_LEAKAGE_FOUND
1435,2026-06-29,2026-07-03,6.626506024096401,NEUTRAL,-30.58823529411765,LOSER,2026-07-20,True,True,LIFECYCLE_OUTCOME_LEAKAGE_FOUND
1435,2026-06-29,2026-07-06,6.626506024096401,NEUTRAL,-30.22388059701493,LOSER,2026-07-21,True,True,LIFECYCLE_OUTCOME_LEAKAGE_FOUND
1435,2026-06-29,2026-07-07,6.626506024096401,NEUTRAL,-28.358208955223883,LOSER,2026-07-22,True,True,LIFECYCLE_OUTCOME_LEAKAGE_FOUND
1435,2026-06-29,2026-07-08,6.626506024096401,NEUTRAL,-21.996303142329023,LOSER,2026-07-23,True,True,LIFECYCLE_OUTCOME_LEAKAGE_FOUND
1435,2026-06-29,2026-07-09,6.626506024096401,NEUTRAL,-20.547945205479458,LOSER,2026-07-24,True,True,LIFECYCLE_OUTCOME_LEAKAGE_FOUND
1435,2026-06-29,2026-07-13,6.626506024096401,NEUTRAL,-5.380333951762517,NEUTRAL,2026-07-27,True,False,LIFECYCLE_OUTCOME_LEAKAGE_FOUND
1437,2026-06-23,2026-06-23,2.4958402662229595,NEUTRAL,2.4958402662229595,NEUTRAL,2026-07-07,False,False,NO_COPY_PATTERN
1437,2026-06-23,2026-06-25,2.4958402662229595,NEUTRAL,1.9867549668874274,NEUTRAL,2026-07-09,True,False,LIFECYCLE_OUTCOME_LEAKAGE_FOUND
1437,2026-06-23,2026-06-26,2.4958402662229595,NEUTRAL,1.4950166112956742,NEUTRAL,2026-07-13,True,False,LIFECYCLE_OUTCOME_LEAKAGE_FOUND
1437,2026-06-23,2026-06-29,2.4958402662229595,NEUTRAL,1.1627906976744207,NEUTRAL,2026-07-14,True,False,LIFECYCLE_OUTCOME_LEAKAGE_FOUND
1437,2026-06-23,2026-07-02,2.4958402662229595,NEUTRAL,1.1551155115511413,NEUTRAL,2026-07-17,True,False,LIFECYCLE_OUTCOME_LEAKAGE_FOUND
1437,2026-06-23,2026-07-03,2.4958402662229595,NEUTRAL,-0.1607717041800627,NEUTRAL,2026-07-20,True,False,LIFECYCLE_OUTCOME_LEAKAGE_FOUND
1437,2026-06-23,2026-07-13,2.4958402662229595,NEUTRAL,1.1456628477904962,NEUTRAL,2026-07-27,True,False,LIFECYCLE_OUTCOME_LEAKAGE_FOUND
1437,2026-06-23,2026-07-15,2.4958402662229595,NEUTRAL,,,,True,False,LIFECYCLE_OUTCOME_LEAKAGE_FOUND
1438,2026-06-11,2026-06-11,-5.197505197505192,NEUTRAL,-5.197505197505192,NEUTRAL,2026-06-26,False,False,NO_COPY_PATTERN
1438,2026-06-11,2026-06-26,-5.197505197505192,NEUTRAL,-4.1666666666666625,NEUTRAL,2026-07-13,True,False,LIFECYCLE_OUTCOME_LEAKAGE_FOUND
1438,2026-06-11,2026-07-21,-5.197505197505192,NEUTRAL,,,,True,False,LIFECYCLE_OUTCOME_LEAKAGE_FOUND
1445,2026-07-02,2026-07-02,-8.097165991902832,LOSER,-8.097165991902832,LOSER,2026-07-17,False,False,NO_COPY_PATTERN
1449,2026-06-24,2026-06-24,-6.688963210702337,LOSER,-6.688963210702337,LOSER,2026-07-08,False,False,NO_COPY_PATTERN
1452,2026-07-03,2026-07-03,-3.765690376569031,NEUTRAL,-3.765690376569031,NEUTRAL,2026-07-20,False,False,NO_COPY_PATTERN
1452,2026-07-03,2026-07-14,-3.765690376569031,NEUTRAL,,,,True,False,LIFECYCLE_OUTCOME_LEAKAGE_FOUND
1452,2026-07-03,2026-07-15,-3.765690376569031,NEUTRAL,,,,True,False,LIFECYCLE_OUTCOME_LEAKAGE_FOUND
1452,2026-07-03,2026-07-16,-3.765690376569031,NEUTRAL,,,,True,False,LIFECYCLE_OUTCOME_LEAKAGE_FOUND
1456,2026-06-16,2026-06-16,-3.7800687285223455,NEUTRAL,-3.7800687285223455,NEUTRAL,2026-07-01,False,False,NO_COPY_PATTERN
1456,2026-06-16,2026-06-17,-3.7800687285223455,NEUTRAL,-6.930693069306937,LOSER,2026-07-02,True,True,LIFECYCLE_OUTCOME_LEAKAGE_FOUND
1456,2026-06-16,2026-06-18,-3.7800687285223455,NEUTRAL,-9.03225806451613,LOSER,2026-07-03,True,True,LIFECYCLE_OUTCOME_LEAKAGE_FOUND
1456,2026-06-16,2026-06-24,-3.7800687285223455,NEUTRAL,-7.046979865771819,LOSER,2026-07-08,True,True,LIFECYCLE_OUTCOME_LEAKAGE_FOUND
1464,2026-07-03,2026-07-03,-5.000000000000004,NEUTRAL,-5.000000000000004,NEUTRAL,2026-07-20,False,False,NO_COPY_PATTERN
1465,2026-06-17,2026-06-17,1.2048192771084263,NEUTRAL,1.2048192771084265,NEUTRAL,2026-07-02,False,False,NO_COPY_PATTERN
1465,2026-06-17,2026-07-03,1.2048192771084263,NEUTRAL,-0.3861003861003742,NEUTRAL,2026-07-20,True,False,LIFECYCLE_OUTCOME_LEAKAGE_FOUND
1465,2026-06-17,2026-07-14,1.2048192771084263,NEUTRAL,,,,True,False,LIFECYCLE_OUTCOME_LEAKAGE_FOUND
1465,2026-06-17,2026-07-16,1.2048192771084263,NEUTRAL,,,,True,False,LIFECYCLE_OUTCOME_LEAKAGE_FOUND
1466,2026-07-02,2026-07-02,-4.201680672268903,NEUTRAL,-4.201680672268903,NEUTRAL,2026-07-17,False,False,NO_COPY_PATTERN
1466,2026-07-02,2026-07-03,-4.201680672268903,NEUTRAL,-5.978260869565211,NEUTRAL,2026-07-20,True,False,LIFECYCLE_OUTCOME_LEAKAGE_FOUND
1466,2026-07-02,2026-07-14,-4.201680672268903,NEUTRAL,,,,True,False,LIFECYCLE_OUTCOME_LEAKAGE_FOUND
1466,2026-07-02,2026-07-16,-4.201680672268903,NEUTRAL,,,,True,False,LIFECYCLE_OUTCOME_LEAKAGE_FOUND
1466,2026-07-02,2026-07-17,-4.201680672268903,NEUTRAL,,,,True,False,LIFECYCLE_OUTCOME_LEAKAGE_FOUND
1466,2026-07-02,2026-07-20,-4.201680672268903,NEUTRAL,,,,True,False,LIFECYCLE_OUTCOME_LEAKAGE_FOUND
1466,2026-07-02,2026-07-21,-4.201680672268903,NEUTRAL,,,,True,False,LIFECYCLE_OUTCOME_LEAKAGE_FOUND
1466,2026-07-02,2026-07-22,-4.201680672268903,NEUTRAL,,,,True,False,LIFECYCLE_OUTCOME_LEAKAGE_FOUND
1466,2026-07-02,2026-07-23,-4.201680672268903,NEUTRAL,,,,True,False,LIFECYCLE_OUTCOME_LEAKAGE_FOUND
1466,2026-07-02,2026-07-24,-4.201680672268903,NEUTRAL,,,,True,False,LIFECYCLE_OUTCOME_LEAKAGE_FOUND
1467,2026-07-02,2026-07-02,-1.4722536806342057,NEUTRAL,-1.4722536806342057,NEUTRAL,2026-07-17,False,False,NO_COPY_PATTERN
1467,2026-07-02,2026-07-03,-1.4722536806342057,NEUTRAL,-1.4418125643666402,NEUTRAL,2026-07-20,True,False,LIFECYCLE_OUTCOME_LEAKAGE_FOUND
1467,2026-07-02,2026-07-14,-1.4722536806342057,NEUTRAL,,,,True,False,LIFECYCLE_OUTCOME_LEAKAGE_FOUND
1467,2026-07-02,2026-07-15,-1.4722536806342057,NEUTRAL,,,,True,False,LIFECYCLE_OUTCOME_LEAKAGE_FOUND
1467,2026-07-02,2026-07-16,-1.4722536806342057,NEUTRAL,,,,True,False,LIFECYCLE_OUTCOME_LEAKAGE_FOUND
1467,2026-07-02,2026-07-20,-1.4722536806342057,NEUTRAL,,,,True,False,LIFECYCLE_OUTCOME_LEAKAGE_FOUND
1467,2026-07-02,2026-07-21,-1.4722536806342057,NEUTRAL,,,,True,False,LIFECYCLE_OUTCOME_LEAKAGE_FOUND
1467,2026-07-02,2026-07-22,-1.4722536806342057,NEUTRAL,,,,True,False,LIFECYCLE_OUTCOME_LEAKAGE_FOUND
1467,2026-07-02,2026-07-23,-1.4722536806342057,NEUTRAL,,,,True,False,LIFECYCLE_OUTCOME_LEAKAGE_FOUND
1467,2026-07-02,2026-07-24,-1.4722536806342057,NEUTRAL,,,,True,False,LIFECYCLE_OUTCOME_LEAKAGE_FOUND
1474,2026-07-02,2026-07-02,0.9661835748792312,NEUTRAL,0.9661835748792313,NEUTRAL,2026-07-17,False,False,NO_COPY_PATTERN
1474,2026-07-02,2026-07-03,0.9661835748792312,NEUTRAL,-7.488986784140961,LOSER,2026-07-20,True,True,LIFECYCLE_OUTCOME_LEAKAGE_FOUND
1474,2026-07-02,2026-07-16,0.9661835748792312,NEUTRAL,,,,True,False,LIFECYCLE_OUTCOME_LEAKAGE_FOUND
1475,2026-06-24,2026-06-24,0.7407407407407307,NEUTRAL,0.7407407407407307,NEUTRAL,2026-07-08,False,False,NO_COPY_PATTERN
1515,2026-06-17,2026-06-17,51.55642023346305,WINNER,51.55642023346305,WINNER,2026-07-02,False,False,NO_COPY_PATTERN
1515,2026-06-17,2026-06-23,51.55642023346305,WINNER,44.589552238805965,WINNER,2026-07-07,True,False,LIFECYCLE_OUTCOME_LEAKAGE_FOUND
1515,2026-06-17,2026-06-24,51.55642023346305,WINNER,53.703703703703695,WINNER,2026-07-08,True,False,LIFECYCLE_OUTCOME_LEAKAGE_FOUND
1515,2026-06-17,2026-06-25,51.55642023346305,WINNER,35.18518518518518,WINNER,2026-07-09,True,False,LIFECYCLE_OUTCOME_LEAKAGE_FOUND
1515,2026-06-17,2026-06-26,51.55642023346305,WINNER,34.918032786885234,WINNER,2026-07-13,True,False,LIFECYCLE_OUTCOME_LEAKAGE_FOUND
1515,2026-06-17,2026-06-29,51.55642023346305,WINNER,30.36565977742449,WINNER,2026-07-14,True,False,LIFECYCLE_OUTCOME_LEAKAGE_FOUND
1515,2026-06-17,2026-06-30,51.55642023346305,WINNER,27.441860465116275,WINNER,2026-07-15,True,False,LIFECYCLE_OUTCOME_LEAKAGE_FOUND
1515,2026-06-17,2026-07-01,51.55642023346305,WINNER,26.51622002820875,WINNER,2026-07-16,True,False,LIFECYCLE_OUTCOME_LEAKAGE_FOUND
1515,2026-06-17,2026-07-02,51.55642023346305,WINNER,5.134788189987161,NEUTRAL,2026-07-17,True,True,LIFECYCLE_OUTCOME_LEAKAGE_FOUND
1515,2026-06-17,2026-07-03,51.55642023346305,WINNER,4.761904761904767,NEUTRAL,2026-07-20,True,True,LIFECYCLE_OUTCOME_LEAKAGE_FOUND
1515,2026-06-17,2026-07-06,51.55642023346305,WINNER,-0.4678362573099504,NEUTRAL,2026-07-21,True,True,LIFECYCLE_OUTCOME_LEAKAGE_FOUND
1515,2026-06-17,2026-07-07,51.55642023346305,WINNER,-1.1612903225806548,NEUTRAL,2026-07-22,True,True,LIFECYCLE_OUTCOME_LEAKAGE_FOUND
1515,2026-06-17,2026-07-08,51.55642023346305,WINNER,-16.867469879518072,LOSER,2026-07-23,True,True,LIFECYCLE_OUTCOME_LEAKAGE_FOUND
1515,2026-06-17,2026-07-09,51.55642023346305,WINNER,-15.442092154420916,LOSER,2026-07-24,True,True,LIFECYCLE_OUTCOME_LEAKAGE_FOUND
1515,2026-06-17,2026-07-13,51.55642023346305,WINNER,-21.142162818955036,LOSER,2026-07-27,True,True,LIFECYCLE_OUTCOME_LEAKAGE_FOUND
1515,2026-06-17,2026-07-14,51.55642023346305,WINNER,,,,True,False,LIFECYCLE_OUTCOME_LEAKAGE_FOUND
1515,2026-06-17,2026-07-15,51.55642023346305,WINNER,,,,True,False,LIFECYCLE_OUTCOME_LEAKAGE_FOUND
1515,2026-06-17,2026-07-16,51.55642023346305,WINNER,,,,True,False,LIFECYCLE_OUTCOME_LEAKAGE_FOUND
1515,2026-06-17,2026-07-17,51.55642023346305,WINNER,,,,True,False,LIFECYCLE_OUTCOME_LEAKAGE_FOUND
1515,2026-06-17,2026-07-20,51.55642023346305,WINNER,,,,True,False,LIFECYCLE_OUTCOME_LEAKAGE_FOUND
1515,2026-06-17,2026-07-21,51.55642023346305,WINNER,,,,True,False,LIFECYCLE_OUTCOME_LEAKAGE_FOUND
1529,2026-06-23,2026-06-23,-1.7429193899782036,NEUTRAL,-1.7429193899782036,NEUTRAL,2026-07-07,False,False,NO_COPY_PATTERN
1531,2026-06-17,2026-06-17,-0.3861003861003742,NEUTRAL,-0.3861003861003742,NEUTRAL,2026-07-02,False,False,NO_COPY_PATTERN
1531,2026-06-17,2026-06-23,-0.3861003861003742,NEUTRAL,1.9379844961240345,NEUTRAL,2026-07-07,True,False,LIFECYCLE_OUTCOME_LEAKAGE_FOUND
1531,2026-06-17,2026-06-24,-0.3861003861003742,NEUTRAL,1.1627906976744207,NEUTRAL,2026-07-08,True,False,LIFECYCLE_OUTCOME_LEAKAGE_FOUND
1531,2026-06-17,2026-06-29,-0.3861003861003742,NEUTRAL,1.1673151750972721,NEUTRAL,2026-07-14,True,False,LIFECYCLE_OUTCOME_LEAKAGE_FOUND
1532,2026-06-11,2026-06-11,-2.1691973969631184,NEUTRAL,-2.1691973969631184,NEUTRAL,2026-06-26,False,False,NO_COPY_PATTERN
1532,2026-06-11,2026-06-24,-2.1691973969631184,NEUTRAL,0.433839479392617,NEUTRAL,2026-07-08,True,False,LIFECYCLE_OUTCOME_LEAKAGE_FOUND
1532,2026-06-11,2026-07-06,-2.1691973969631184,NEUTRAL,-1.6949152542372947,NEUTRAL,2026-07-21,True,False,LIFECYCLE_OUTCOME_LEAKAGE_FOUND
1532,2026-06-11,2026-07-07,-2.1691973969631184,NEUTRAL,-1.0683760683760646,NEUTRAL,2026-07-22,True,False,LIFECYCLE_OUTCOME_LEAKAGE_FOUND
1532,2026-06-11,2026-07-08,-2.1691973969631184,NEUTRAL,0.4319654427645814,NEUTRAL,2026-07-23,True,False,LIFECYCLE_OUTCOME_LEAKAGE_FOUND
1532,2026-06-11,2026-07-20,-2.1691973969631184,NEUTRAL,,,,True,False,LIFECYCLE_OUTCOME_LEAKAGE_FOUND
1535,2026-06-23,2026-06-23,0.2000000000000001,NEUTRAL,0.20000000000000018,NEUTRAL,2026-07-07,False,False,NO_COPY_PATTERN
1536,2026-07-09,2026-07-09,-7.454545454545459,LOSER,-7.454545454545459,LOSER,2026-07-24,False,False,NO_COPY_PATTERN
1541,2026-06-17,2026-06-17,-4.888888888888898,NEUTRAL,-4.888888888888898,NEUTRAL,2026-07-02,False,False,NO_COPY_PATTERN
1604,2026-07-06,2026-07-06,-1.0504201680672232,NEUTRAL,-1.0504201680672232,NEUTRAL,2026-07-21,False,False,NO_COPY_PATTERN
1604,2026-07-06,2026-07-17,-1.0504201680672232,NEUTRAL,,,,True,False,LIFECYCLE_OUTCOME_LEAKAGE_FOUND
1604,2026-07-06,2026-07-20,-1.0504201680672232,NEUTRAL,,,,True,False,LIFECYCLE_OUTCOME_LEAKAGE_FOUND
1623,2026-07-09,2026-07-09,-3.31125827814569,NEUTRAL,-3.31125827814569,NEUTRAL,2026-07-24,False,False,NO_COPY_PATTERN
1623,2026-07-09,2026-07-13,-3.31125827814569,NEUTRAL,-5.399568034557234,NEUTRAL,2026-07-27,True,False,LIFECYCLE_OUTCOME_LEAKAGE_FOUND
1626,2026-06-29,2026-06-29,-6.018518518518523,LOSER,-6.018518518518523,LOSER,2026-07-14,False,False,NO_COPY_PATTERN
1626,2026-06-29,2026-06-30,-6.018518518518523,LOSER,-12.236286919831219,LOSER,2026-07-15,True,False,LIFECYCLE_OUTCOME_LEAKAGE_FOUND
1626,2026-06-29,2026-07-02,-6.018518518518523,LOSER,-8.18181818181819,LOSER,2026-07-17,True,False,LIFECYCLE_OUTCOME_LEAKAGE_FOUND
1626,2026-06-29,2026-07-03,-6.018518518518523,LOSER,-10.267857142857128,LOSER,2026-07-20,True,False,LIFECYCLE_OUTCOME_LEAKAGE_FOUND
1702,2026-07-03,2026-07-03,4.147465437788034,NEUTRAL,4.147465437788034,NEUTRAL,2026-07-20,False,False,NO_COPY_PATTERN
1702,2026-07-03,2026-07-06,4.147465437788034,NEUTRAL,0.2954209748892156,NEUTRAL,2026-07-21,True,False,LIFECYCLE_OUTCOME_LEAKAGE_FOUND
1702,2026-07-03,2026-07-07,4.147465437788034,NEUTRAL,0.4497751124437732,NEUTRAL,2026-07-22,True,False,LIFECYCLE_OUTCOME_LEAKAGE_FOUND
1702,2026-07-03,2026-07-08,4.147465437788034,NEUTRAL,0.3016591251885359,NEUTRAL,2026-07-23,True,False,LIFECYCLE_OUTCOME_LEAKAGE_FOUND
1702,2026-07-03,2026-07-09,4.147465437788034,NEUTRAL,2.300613496932513,NEUTRAL,2026-07-24,True,False,LIFECYCLE_OUTCOME_LEAKAGE_FOUND
1702,2026-07-03,2026-07-13,4.147465437788034,NEUTRAL,1.83486238532109,NEUTRAL,2026-07-27,True,False,LIFECYCLE_OUTCOME_LEAKAGE_FOUND
1702,2026-07-03,2026-07-17,4.147465437788034,NEUTRAL,,,,True,False,LIFECYCLE_OUTCOME_LEAKAGE_FOUND
1702,2026-07-03,2026-07-20,4.147465437788034,NEUTRAL,,,,True,False,LIFECYCLE_OUTCOME_LEAKAGE_FOUND
1709,2026-06-25,2026-06-25,14.018691588785035,WINNER,14.018691588785037,WINNER,2026-07-09,False,False,NO_COPY_PATTERN
1709,2026-06-25,2026-06-26,14.018691588785035,WINNER,27.315914489311165,WINNER,2026-07-13,True,False,LIFECYCLE_OUTCOME_LEAKAGE_FOUND
1709,2026-06-25,2026-06-29,14.018691588785035,WINNER,31.690140845070424,WINNER,2026-07-14,True,False,LIFECYCLE_OUTCOME_LEAKAGE_FOUND
1709,2026-06-25,2026-06-30,14.018691588785035,WINNER,24.60136674259683,WINNER,2026-07-15,True,False,LIFECYCLE_OUTCOME_LEAKAGE_FOUND
1709,2026-06-25,2026-07-02,14.018691588785035,WINNER,11.324786324786329,NEUTRAL,2026-07-17,True,True,LIFECYCLE_OUTCOME_LEAKAGE_FOUND
1709,2026-06-25,2026-07-03,14.018691588785035,WINNER,10.54852320675106,NEUTRAL,2026-07-20,True,True,LIFECYCLE_OUTCOME_LEAKAGE_FOUND
1709,2026-06-25,2026-07-06,14.018691588785035,WINNER,13.078470824949706,WINNER,2026-07-21,True,False,LIFECYCLE_OUTCOME_LEAKAGE_FOUND
1709,2026-06-25,2026-07-13,14.018691588785035,WINNER,-3.171641791044777,NEUTRAL,2026-07-27,True,True,LIFECYCLE_OUTCOME_LEAKAGE_FOUND
1709,2026-06-25,2026-07-14,14.018691588785035,WINNER,,,,True,False,LIFECYCLE_OUTCOME_LEAKAGE_FOUND
1709,2026-06-25,2026-07-15,14.018691588785035,WINNER,,,,True,False,LIFECYCLE_OUTCOME_LEAKAGE_FOUND
1709,2026-06-25,2026-07-16,14.018691588785035,WINNER,,,,True,False,LIFECYCLE_OUTCOME_LEAKAGE_FOUND
1709,2026-06-25,2026-07-17,14.018691588785035,WINNER,,,,True,False,LIFECYCLE_OUTCOME_LEAKAGE_FOUND
1709,2026-06-25,2026-07-20,14.018691588785035,WINNER,,,,True,False,LIFECYCLE_OUTCOME_LEAKAGE_FOUND
1709,2026-06-25,2026-07-21,14.018691588785035,WINNER,,,,True,False,LIFECYCLE_OUTCOME_LEAKAGE_FOUND
1709,2026-06-25,2026-07-22,14.018691588785035,WINNER,,,,True,False,LIFECYCLE_OUTCOME_LEAKAGE_FOUND
1709,2026-06-25,2026-07-23,14.018691588785035,WINNER,,,,True,False,LIFECYCLE_OUTCOME_LEAKAGE_FOUND
1709,2026-06-25,2026-07-24,14.018691588785035,WINNER,,,,True,False,LIFECYCLE_OUTCOME_LEAKAGE_FOUND
1712,2026-07-02,2026-07-02,-1.8633540372670845,NEUTRAL,-1.8633540372670843,NEUTRAL,2026-07-17,False,False,NO_COPY_PATTERN
1712,2026-07-02,2026-07-20,-1.8633540372670845,NEUTRAL,,,,True,False,LIFECYCLE_OUTCOME_LEAKAGE_FOUND
1712,2026-07-02,2026-07-21,-1.8633540372670845,NEUTRAL,,,,True,False,LIFECYCLE_OUTCOME_LEAKAGE_FOUND
1714,2026-06-11,2026-06-11,28.819444444444443,WINNER,28.819444444444443,WINNER,2026-06-26,False,False,NO_COPY_PATTERN
1714,2026-06-11,2026-06-12,28.819444444444443,WINNER,24.342105263157897,WINNER,2026-06-29,True,False,LIFECYCLE_OUTCOME_LEAKAGE_FOUND
1714,2026-06-11,2026-06-15,28.819444444444443,WINNER,17.664670658682624,WINNER,2026-06-30,True,False,LIFECYCLE_OUTCOME_LEAKAGE_FOUND
1714,2026-06-11,2026-06-16,28.819444444444443,WINNER,7.520891364902504,NEUTRAL,2026-07-01,True,True,LIFECYCLE_OUTCOME_LEAKAGE_FOUND
1714,2026-06-11,2026-06-17,28.819444444444443,WINNER,7.532467532467524,NEUTRAL,2026-07-02,True,True,LIFECYCLE_OUTCOME_LEAKAGE_FOUND
1714,2026-06-11,2026-06-18,28.819444444444443,WINNER,11.793611793611781,NEUTRAL,2026-07-03,True,True,LIFECYCLE_OUTCOME_LEAKAGE_FOUND
1714,2026-06-11,2026-06-22,28.819444444444443,WINNER,13.89645776566757,WINNER,2026-07-06,True,False,LIFECYCLE_OUTCOME_LEAKAGE_FOUND
1714,2026-06-11,2026-06-23,28.819444444444443,WINNER,5.602240896358546,NEUTRAL,2026-07-07,True,True,LIFECYCLE_OUTCOME_LEAKAGE_FOUND
1714,2026-06-11,2026-06-24,28.819444444444443,WINNER,-6.824146981627299,LOSER,2026-07-08,True,True,LIFECYCLE_OUTCOME_LEAKAGE_FOUND
1714,2026-06-11,2026-06-25,28.819444444444443,WINNER,-6.756756756756754,LOSER,2026-07-09,True,True,LIFECYCLE_OUTCOME_LEAKAGE_FOUND
1714,2026-06-11,2026-06-26,28.819444444444443,WINNER,-10.24258760107818,LOSER,2026-07-13,True,True,LIFECYCLE_OUTCOME_LEAKAGE_FOUND
1714,2026-06-11,2026-06-29,28.819444444444443,WINNER,-9.788359788359779,LOSER,2026-07-14,True,True,LIFECYCLE_OUTCOME_LEAKAGE_FOUND
1714,2026-06-11,2026-06-30,28.819444444444443,WINNER,-15.012722646310428,LOSER,2026-07-15,True,True,LIFECYCLE_OUTCOME_LEAKAGE_FOUND
1714,2026-06-11,2026-07-01,28.819444444444443,WINNER,-16.06217616580311,LOSER,2026-07-16,True,True,LIFECYCLE_OUTCOME_LEAKAGE_FOUND
1714,2026-06-11,2026-07-02,28.819444444444443,WINNER,-26.086956521739125,LOSER,2026-07-17,True,True,LIFECYCLE_OUTCOME_LEAKAGE_FOUND
1714,2026-06-11,2026-07-03,28.819444444444443,WINNER,-34.065934065934066,LOSER,2026-07-20,True,True,LIFECYCLE_OUTCOME_LEAKAGE_FOUND
1714,2026-06-11,2026-07-06,28.819444444444443,WINNER,-27.27272727272727,LOSER,2026-07-21,True,True,LIFECYCLE_OUTCOME_LEAKAGE_FOUND
1714,2026-06-11,2026-07-07,28.819444444444443,WINNER,-16.710875331565,LOSER,2026-07-22,True,True,LIFECYCLE_OUTCOME_LEAKAGE_FOUND
1714,2026-06-11,2026-07-13,28.819444444444443,WINNER,-13.213213213213216,LOSER,2026-07-27,True,True,LIFECYCLE_OUTCOME_LEAKAGE_FOUND
1714,2026-06-11,2026-07-14,28.819444444444443,WINNER,,,,True,False,LIFECYCLE_OUTCOME_LEAKAGE_FOUND
1717,2026-07-03,2026-07-03,-23.89705882352941,LOSER,-23.897058823529406,LOSER,2026-07-20,False,False,NO_COPY_PATTERN
1717,2026-07-03,2026-07-06,-23.89705882352941,LOSER,-25.995316159250592,LOSER,2026-07-21,True,False,LIFECYCLE_OUTCOME_LEAKAGE_FOUND
1717,2026-07-03,2026-07-07,-23.89705882352941,LOSER,-18.80674448767833,LOSER,2026-07-22,True,False,LIFECYCLE_OUTCOME_LEAKAGE_FOUND
1717,2026-07-03,2026-07-08,-23.89705882352941,LOSER,-19.03520208604954,LOSER,2026-07-23,True,False,LIFECYCLE_OUTCOME_LEAKAGE_FOUND
1721,2026-07-06,2026-07-06,-29.259896729776248,LOSER,-29.259896729776248,LOSER,2026-07-21,False,False,NO_COPY_PATTERN
1725,2026-06-25,2026-06-25,-9.843081312410828,LOSER,-9.843081312410828,LOSER,2026-07-09,False,False,NO_COPY_PATTERN
1725,2026-06-25,2026-06-26,-9.843081312410828,LOSER,-12.71676300578035,LOSER,2026-07-13,True,False,LIFECYCLE_OUTCOME_LEAKAGE_FOUND
1725,2026-06-25,2026-06-29,-9.843081312410828,LOSER,-16.47727272727274,LOSER,2026-07-14,True,False,LIFECYCLE_OUTCOME_LEAKAGE_FOUND
1725,2026-06-25,2026-07-06,-9.843081312410828,LOSER,-17.08333333333333,LOSER,2026-07-21,True,False,LIFECYCLE_OUTCOME_LEAKAGE_FOUND
1727,2026-07-06,2026-07-06,-19.901477832512317,LOSER,-19.901477832512317,LOSER,2026-07-21,False,False,NO_COPY_PATTERN
1736,2026-06-29,2026-06-29,-0.7722007722007707,NEUTRAL,-0.7722007722007707,NEUTRAL,2026-07-14,False,False,NO_COPY_PATTERN
1736,2026-06-29,2026-06-30,-0.7722007722007707,NEUTRAL,4.3824701195219085,NEUTRAL,2026-07-15,True,False,LIFECYCLE_OUTCOME_LEAKAGE_FOUND
1736,2026-06-29,2026-07-01,-0.7722007722007707,NEUTRAL,-2.2727272727272707,NEUTRAL,2026-07-16,True,False,LIFECYCLE_OUTCOME_LEAKAGE_FOUND
1736,2026-06-29,2026-07-02,-0.7722007722007707,NEUTRAL,-1.5625,NEUTRAL,2026-07-17,True,False,LIFECYCLE_OUTCOME_LEAKAGE_FOUND
1736,2026-06-29,2026-07-03,-0.7722007722007707,NEUTRAL,2.6615969581748944,NEUTRAL,2026-07-20,True,False,LIFECYCLE_OUTCOME_LEAKAGE_FOUND
1736,2026-06-29,2026-07-13,-0.7722007722007707,NEUTRAL,4.296875,NEUTRAL,2026-07-27,True,False,LIFECYCLE_OUTCOME_LEAKAGE_FOUND
1736,2026-06-29,2026-07-15,-0.7722007722007707,NEUTRAL,,,,True,False,LIFECYCLE_OUTCOME_LEAKAGE_FOUND
1736,2026-06-29,2026-07-21,-0.7722007722007707,NEUTRAL,,,,True,False,LIFECYCLE_OUTCOME_LEAKAGE_FOUND
1760,2026-07-06,2026-07-06,-6.676783004552355,LOSER,-6.676783004552355,LOSER,2026-07-21,False,False,NO_COPY_PATTERN
1760,2026-07-06,2026-07-07,-6.676783004552355,LOSER,-5.384615384615388,NEUTRAL,2026-07-22,True,True,LIFECYCLE_OUTCOME_LEAKAGE_FOUND
1773,2026-07-06,2026-07-06,-8.378378378378383,LOSER,-8.378378378378383,LOSER,2026-07-21,False,False,NO_COPY_PATTERN
1773,2026-07-06,2026-07-15,-8.378378378378383,LOSER,,,,True,False,LIFECYCLE_OUTCOME_LEAKAGE_FOUND
1773,2026-07-06,2026-07-16,-8.378378378378383,LOSER,,,,True,False,LIFECYCLE_OUTCOME_LEAKAGE_FOUND
1776,2026-06-25,2026-06-25,-2.0050125313283096,NEUTRAL,-2.0050125313283096,NEUTRAL,2026-07-09,False,False,NO_COPY_PATTERN
1776,2026-06-25,2026-06-26,-2.0050125313283096,NEUTRAL,-4.282115869017645,NEUTRAL,2026-07-13,True,False,LIFECYCLE_OUTCOME_LEAKAGE_FOUND
1776,2026-06-25,2026-06-29,-2.0050125313283096,NEUTRAL,-4.603580562659859,NEUTRAL,2026-07-14,True,False,LIFECYCLE_OUTCOME_LEAKAGE_FOUND
1776,2026-06-25,2026-06-30,-2.0050125313283096,NEUTRAL,-8.312958435207818,LOSER,2026-07-15,True,True,LIFECYCLE_OUTCOME_LEAKAGE_FOUND
1776,2026-06-25,2026-07-02,-2.0050125313283096,NEUTRAL,-11.980440097799505,LOSER,2026-07-17,True,True,LIFECYCLE_OUTCOME_LEAKAGE_FOUND
1776,2026-06-25,2026-07-03,-2.0050125313283096,NEUTRAL,-11.576354679802957,LOSER,2026-07-20,True,True,LIFECYCLE_OUTCOME_LEAKAGE_FOUND
1776,2026-06-25,2026-07-06,-2.0050125313283096,NEUTRAL,-11.166253101736977,LOSER,2026-07-21,True,True,LIFECYCLE_OUTCOME_LEAKAGE_FOUND
1783,2026-07-06,2026-07-06,-1.1083743842364546,NEUTRAL,-1.1083743842364546,NEUTRAL,2026-07-21,False,False,NO_COPY_PATTERN
1783,2026-07-06,2026-07-07,-1.1083743842364546,NEUTRAL,-1.845018450184499,NEUTRAL,2026-07-22,True,False,LIFECYCLE_OUTCOME_LEAKAGE_FOUND
1783,2026-07-06,2026-07-14,-1.1083743842364546,NEUTRAL,,,,True,False,LIFECYCLE_OUTCOME_LEAKAGE_FOUND
1783,2026-07-06,2026-07-24,-1.1083743842364546,NEUTRAL,,,,True,False,LIFECYCLE_OUTCOME_LEAKAGE_FOUND
1802,2026-06-17,2026-06-17,1.587301587301604,NEUTRAL,1.5873015873016039,NEUTRAL,2026-07-02,False,False,NO_COPY_PATTERN
1905,2026-06-22,2026-06-22,-8.6720867208672,LOSER,-8.6720867208672,LOSER,2026-07-06,False,False,NO_COPY_PATTERN
1905,2026-06-22,2026-06-24,-8.6720867208672,LOSER,-9.510086455331423,LOSER,2026-07-08,True,False,LIFECYCLE_OUTCOME_LEAKAGE_FOUND
1905,2026-06-22,2026-06-25,-8.6720867208672,LOSER,-6.528189910979232,LOSER,2026-07-09,True,False,LIFECYCLE_OUTCOME_LEAKAGE_FOUND
1905,2026-06-22,2026-06-26,-8.6720867208672,LOSER,-8.484848484848484,LOSER,2026-07-13,True,False,LIFECYCLE_OUTCOME_LEAKAGE_FOUND
1905,2026-06-22,2026-06-29,-8.6720867208672,LOSER,-12.979351032448372,LOSER,2026-07-14,True,False,LIFECYCLE_OUTCOME_LEAKAGE_FOUND
2012,2026-07-06,2026-07-06,-4.242424242424237,NEUTRAL,-4.242424242424237,NEUTRAL,2026-07-21,False,False,NO_COPY_PATTERN
2012,2026-07-06,2026-07-07,-4.242424242424237,NEUTRAL,-3.703703703703698,NEUTRAL,2026-07-22,True,False,LIFECYCLE_OUTCOME_LEAKAGE_FOUND
2012,2026-07-06,2026-07-14,-4.242424242424237,NEUTRAL,,,,True,False,LIFECYCLE_OUTCOME_LEAKAGE_FOUND
2012,2026-07-06,2026-07-15,-4.242424242424237,NEUTRAL,,,,True,False,LIFECYCLE_OUTCOME_LEAKAGE_FOUND
2012,2026-07-06,2026-07-16,-4.242424242424237,NEUTRAL,,,,True,False,LIFECYCLE_OUTCOME_LEAKAGE_FOUND
2012,2026-07-06,2026-07-21,-4.242424242424237,NEUTRAL,,,,True,False,LIFECYCLE_OUTCOME_LEAKAGE_FOUND
2033,2026-07-06,2026-07-06,-7.62195121951218,LOSER,-7.62195121951218,LOSER,2026-07-21,False,False,NO_COPY_PATTERN
2034,2026-07-07,2026-07-07,-5.32687651331718,NEUTRAL,-5.32687651331718,NEUTRAL,2026-07-22,False,False,NO_COPY_PATTERN
2034,2026-07-07,2026-07-14,-5.32687651331718,NEUTRAL,,,,True,False,LIFECYCLE_OUTCOME_LEAKAGE_FOUND
2103,2026-06-25,2026-06-25,7.459207459207473,NEUTRAL,7.459207459207473,NEUTRAL,2026-07-09,False,False,NO_COPY_PATTERN
2103,2026-06-25,2026-06-29,7.459207459207473,NEUTRAL,21.065375302663437,WINNER,2026-07-14,True,True,LIFECYCLE_OUTCOME_LEAKAGE_FOUND
2103,2026-06-25,2026-07-03,7.459207459207473,NEUTRAL,-1.9148936170212738,NEUTRAL,2026-07-20,True,False,LIFECYCLE_OUTCOME_LEAKAGE_FOUND
2103,2026-06-25,2026-07-06,7.459207459207473,NEUTRAL,-2.2727272727272707,NEUTRAL,2026-07-21,True,False,LIFECYCLE_OUTCOME_LEAKAGE_FOUND
2103,2026-06-25,2026-07-13,7.459207459207473,NEUTRAL,-4.7210300429184615,NEUTRAL,2026-07-27,True,False,LIFECYCLE_OUTCOME_LEAKAGE_FOUND
2103,2026-06-25,2026-07-14,7.459207459207473,NEUTRAL,,,,True,False,LIFECYCLE_OUTCOME_LEAKAGE_FOUND
2103,2026-06-25,2026-07-15,7.459207459207473,NEUTRAL,,,,True,False,LIFECYCLE_OUTCOME_LEAKAGE_FOUND
2103,2026-06-25,2026-07-16,7.459207459207473,NEUTRAL,,,,True,False,LIFECYCLE_OUTCOME_LEAKAGE_FOUND
2103,2026-06-25,2026-07-17,7.459207459207473,NEUTRAL,,,,True,False,LIFECYCLE_OUTCOME_LEAKAGE_FOUND
2103,2026-06-25,2026-07-20,7.459207459207473,NEUTRAL,,,,True,False,LIFECYCLE_OUTCOME_LEAKAGE_FOUND
2103,2026-06-25,2026-07-21,7.459207459207473,NEUTRAL,,,,True,False,LIFECYCLE_OUTCOME_LEAKAGE_FOUND
2103,2026-06-25,2026-07-23,7.459207459207473,NEUTRAL,,,,True,False,LIFECYCLE_OUTCOME_LEAKAGE_FOUND
2104,2026-07-06,2026-07-06,-8.771929824561408,LOSER,-8.771929824561408,LOSER,2026-07-21,False,False,NO_COPY_PATTERN
2104,2026-07-06,2026-07-16,-8.771929824561408,LOSER,,,,True,False,LIFECYCLE_OUTCOME_LEAKAGE_FOUND
2104,2026-07-06,2026-07-17,-8.771929824561408,LOSER,,,,True,False,LIFECYCLE_OUTCOME_LEAKAGE_FOUND
2107,2026-06-25,2026-06-25,-1.1583011583011449,NEUTRAL,-1.1583011583011449,NEUTRAL,2026-07-09,False,False,NO_COPY_PATTERN
2107,2026-06-25,2026-07-15,-1.1583011583011449,NEUTRAL,,,,True,False,LIFECYCLE_OUTCOME_LEAKAGE_FOUND
2107,2026-06-25,2026-07-16,-1.1583011583011449,NEUTRAL,,,,True,False,LIFECYCLE_OUTCOME_LEAKAGE_FOUND
2107,2026-06-25,2026-07-17,-1.1583011583011449,NEUTRAL,,,,True,False,LIFECYCLE_OUTCOME_LEAKAGE_FOUND
2107,2026-06-25,2026-07-20,-1.1583011583011449,NEUTRAL,,,,True,False,LIFECYCLE_OUTCOME_LEAKAGE_FOUND
2107,2026-06-25,2026-07-21,-1.1583011583011449,NEUTRAL,,,,True,False,LIFECYCLE_OUTCOME_LEAKAGE_FOUND
2109,2026-07-02,2026-07-02,-0.6802721088435382,NEUTRAL,-0.6802721088435382,NEUTRAL,2026-07-17,False,False,NO_COPY_PATTERN
2109,2026-07-02,2026-07-03,-0.6802721088435382,NEUTRAL,-2.341137123745818,NEUTRAL,2026-07-20,True,False,LIFECYCLE_OUTCOME_LEAKAGE_FOUND
2109,2026-07-02,2026-07-06,-0.6802721088435382,NEUTRAL,-1.6722408026755842,NEUTRAL,2026-07-21,True,False,LIFECYCLE_OUTCOME_LEAKAGE_FOUND
2109,2026-07-02,2026-07-21,-0.6802721088435382,NEUTRAL,,,,True,False,LIFECYCLE_OUTCOME_LEAKAGE_FOUND
2208,2026-07-07,2026-07-07,3.076923076923088,NEUTRAL,3.076923076923088,NEUTRAL,2026-07-22,False,False,NO_COPY_PATTERN
2231,2026-07-03,2026-07-03,-9.704641350210974,LOSER,-9.704641350210974,LOSER,2026-07-20,False,False,NO_COPY_PATTERN
2231,2026-07-03,2026-07-06,-9.704641350210974,LOSER,-9.311740890688258,LOSER,2026-07-21,True,False,LIFECYCLE_OUTCOME_LEAKAGE_FOUND
2231,2026-07-03,2026-07-07,-9.704641350210974,LOSER,-9.482758620689658,LOSER,2026-07-22,True,False,LIFECYCLE_OUTCOME_LEAKAGE_FOUND
2231,2026-07-03,2026-07-15,-9.704641350210974,LOSER,,,,True,False,LIFECYCLE_OUTCOME_LEAKAGE_FOUND
2236,2026-06-29,2026-06-29,14.28571428571428,WINNER,14.28571428571428,WINNER,2026-07-14,False,False,NO_COPY_PATTERN
2236,2026-06-29,2026-07-01,14.28571428571428,WINNER,0.0,NEUTRAL,2026-07-16,True,True,LIFECYCLE_OUTCOME_LEAKAGE_FOUND
2236,2026-06-29,2026-07-02,14.28571428571428,WINNER,-3.880597014925369,NEUTRAL,2026-07-17,True,True,LIFECYCLE_OUTCOME_LEAKAGE_FOUND
2236,2026-06-29,2026-07-07,14.28571428571428,WINNER,-16.80216802168022,LOSER,2026-07-22,True,True,LIFECYCLE_OUTCOME_LEAKAGE_FOUND
2236,2026-06-29,2026-07-17,14.28571428571428,WINNER,,,,True,False,LIFECYCLE_OUTCOME_LEAKAGE_FOUND
2313,2026-06-11,2026-06-11,-19.090909090909093,LOSER,-19.090909090909093,LOSER,2026-06-26,False,False,NO_COPY_PATTERN
2330,2026-06-23,2026-06-23,-2.008032128514059,NEUTRAL,-2.008032128514059,NEUTRAL,2026-07-07,False,False,NO_COPY_PATTERN
2330,2026-06-23,2026-07-01,-2.008032128514059,NEUTRAL,-1.397205588822359,NEUTRAL,2026-07-16,True,False,LIFECYCLE_OUTCOME_LEAKAGE_FOUND
2330,2026-06-23,2026-07-07,-2.008032128514059,NEUTRAL,-1.6393442622950838,NEUTRAL,2026-07-22,True,False,LIFECYCLE_OUTCOME_LEAKAGE_FOUND
2340,2026-06-16,2026-06-16,-10.10230179028133,LOSER,-10.10230179028133,LOSER,2026-07-01,False,False,NO_COPY_PATTERN
2340,2026-06-16,2026-06-17,-10.10230179028133,LOSER,0.3896103896103842,NEUTRAL,2026-07-02,True,True,LIFECYCLE_OUTCOME_LEAKAGE_FOUND
2340,2026-06-16,2026-06-18,-10.10230179028133,LOSER,-4.630788485607007,NEUTRAL,2026-07-03,True,True,LIFECYCLE_OUTCOME_LEAKAGE_FOUND
2340,2026-06-16,2026-06-22,-10.10230179028133,LOSER,-8.99532710280373,LOSER,2026-07-06,True,False,LIFECYCLE_OUTCOME_LEAKAGE_FOUND
2340,2026-06-16,2026-06-24,-10.10230179028133,LOSER,-12.380952380952392,LOSER,2026-07-08,True,False,LIFECYCLE_OUTCOME_LEAKAGE_FOUND
2345,2026-07-01,2026-07-01,-12.781954887218047,LOSER,-12.781954887218049,LOSER,2026-07-16,False,False,NO_COPY_PATTERN
2345,2026-07-01,2026-07-02,-12.781954887218047,LOSER,-24.0,LOSER,2026-07-17,True,False,LIFECYCLE_OUTCOME_LEAKAGE_FOUND
2351,2026-07-02,2026-07-02,-19.01408450704225,LOSER,-19.01408450704225,LOSER,2026-07-17,False,False,NO_COPY_PATTERN
2351,2026-07-02,2026-07-06,-19.01408450704225,LOSER,-28.28947368421053,LOSER,2026-07-21,True,False,LIFECYCLE_OUTCOME_LEAKAGE_FOUND
2351,2026-07-02,2026-07-07,-19.01408450704225,LOSER,-21.311475409836067,LOSER,2026-07-22,True,False,LIFECYCLE_OUTCOME_LEAKAGE_FOUND
2351,2026-07-02,2026-07-14,-19.01408450704225,LOSER,,,,True,False,LIFECYCLE_OUTCOME_LEAKAGE_FOUND
2351,2026-07-02,2026-07-15,-19.01408450704225,LOSER,,,,True,False,LIFECYCLE_OUTCOME_LEAKAGE_FOUND
2351,2026-07-02,2026-07-16,-19.01408450704225,LOSER,,,,True,False,LIFECYCLE_OUTCOME_LEAKAGE_FOUND
2352,2026-06-24,2026-06-24,12.418300653594772,WINNER,12.418300653594772,WINNER,2026-07-08,False,False,NO_COPY_PATTERN
2352,2026-06-24,2026-06-29,12.418300653594772,WINNER,-1.2903225806451535,NEUTRAL,2026-07-14,True,True,LIFECYCLE_OUTCOME_LEAKAGE_FOUND
2352,2026-06-24,2026-06-30,12.418300653594772,WINNER,-7.624633431085048,LOSER,2026-07-15,True,True,LIFECYCLE_OUTCOME_LEAKAGE_FOUND
2352,2026-06-24,2026-07-06,12.418300653594772,WINNER,-13.418079096045199,LOSER,2026-07-21,True,True,LIFECYCLE_OUTCOME_LEAKAGE_FOUND
2352,2026-06-24,2026-07-07,12.418300653594772,WINNER,-11.756168359941954,LOSER,2026-07-22,True,True,LIFECYCLE_OUTCOME_LEAKAGE_FOUND
2352,2026-06-24,2026-07-09,12.418300653594772,WINNER,-11.515151515151523,LOSER,2026-07-24,True,True,LIFECYCLE_OUTCOME_LEAKAGE_FOUND
2355,2026-06-11,2026-06-11,-11.925042589437815,LOSER,-11.925042589437817,LOSER,2026-06-26,False,False,NO_COPY_PATTERN
2380,2026-06-29,2026-06-29,-12.325581395348827,LOSER,-12.325581395348827,LOSER,2026-07-14,False,False,NO_COPY_PATTERN
2380,2026-06-29,2026-06-30,-12.325581395348827,LOSER,2.3255813953488413,NEUTRAL,2026-07-15,True,True,LIFECYCLE_OUTCOME_LEAKAGE_FOUND
2380,2026-06-29,2026-07-02,-12.325581395348827,LOSER,-5.999999999999995,NEUTRAL,2026-07-17,True,True,LIFECYCLE_OUTCOME_LEAKAGE_FOUND
2380,2026-06-29,2026-07-07,-12.325581395348827,LOSER,-7.281553398058249,LOSER,2026-07-22,True,False,LIFECYCLE_OUTCOME_LEAKAGE_FOUND
2380,2026-06-29,2026-07-08,-12.325581395348827,LOSER,-8.653846153846157,LOSER,2026-07-23,True,False,LIFECYCLE_OUTCOME_LEAKAGE_FOUND
2380,2026-06-29,2026-07-09,-12.325581395348827,LOSER,-2.500000000000002,NEUTRAL,2026-07-24,True,True,LIFECYCLE_OUTCOME_LEAKAGE_FOUND
2383,2026-06-11,2026-06-11,3.140333660451433,NEUTRAL,3.140333660451433,NEUTRAL,2026-06-26,False,False,NO_COPY_PATTERN
2383,2026-06-11,2026-06-17,3.140333660451433,NEUTRAL,8.749999999999991,NEUTRAL,2026-07-02,True,False,LIFECYCLE_OUTCOME_LEAKAGE_FOUND
2383,2026-06-11,2026-06-18,3.140333660451433,NEUTRAL,8.571428571428562,NEUTRAL,2026-07-03,True,False,LIFECYCLE_OUTCOME_LEAKAGE_FOUND
2383,2026-06-11,2026-06-22,3.140333660451433,NEUTRAL,-6.008583690987123,LOSER,2026-07-06,True,True,LIFECYCLE_OUTCOME_LEAKAGE_FOUND
2383,2026-06-11,2026-06-23,3.140333660451433,NEUTRAL,-8.421052631578952,LOSER,2026-07-07,True,True,LIFECYCLE_OUTCOME_LEAKAGE_FOUND
2383,2026-06-11,2026-06-24,3.140333660451433,NEUTRAL,-4.406474820143879,NEUTRAL,2026-07-08,True,False,LIFECYCLE_OUTCOME_LEAKAGE_FOUND
2383,2026-06-11,2026-06-29,3.140333660451433,NEUTRAL,-8.807339449541285,LOSER,2026-07-14,True,True,LIFECYCLE_OUTCOME_LEAKAGE_FOUND
2383,2026-06-11,2026-07-03,3.140333660451433,NEUTRAL,-27.713815789473685,LOSER,2026-07-20,True,True,LIFECYCLE_OUTCOME_LEAKAGE_FOUND
2383,2026-06-11,2026-07-09,3.140333660451433,NEUTRAL,-10.198300283286121,LOSER,2026-07-24,True,True,LIFECYCLE_OUTCOME_LEAKAGE_FOUND
2383,2026-06-11,2026-07-14,3.140333660451433,NEUTRAL,,,,True,False,LIFECYCLE_OUTCOME_LEAKAGE_FOUND
2388,2026-07-08,2026-07-08,-1.2113055181695698,NEUTRAL,-1.2113055181695698,NEUTRAL,2026-07-23,False,False,NO_COPY_PATTERN
2388,2026-07-08,2026-07-09,-1.2113055181695698,NEUTRAL,2.4623803009576006,NEUTRAL,2026-07-24,True,False,LIFECYCLE_OUTCOME_LEAKAGE_FOUND
2388,2026-07-08,2026-07-15,-1.2113055181695698,NEUTRAL,,,,True,False,LIFECYCLE_OUTCOME_LEAKAGE_FOUND
2388,2026-07-08,2026-07-16,-1.2113055181695698,NEUTRAL,,,,True,False,LIFECYCLE_OUTCOME_LEAKAGE_FOUND
2388,2026-07-08,2026-07-24,-1.2113055181695698,NEUTRAL,,,,True,False,LIFECYCLE_OUTCOME_LEAKAGE_FOUND
2390,2026-07-07,2026-07-07,-12.355212355212352,LOSER,-12.355212355212352,LOSER,2026-07-22,False,False,NO_COPY_PATTERN
2390,2026-07-07,2026-07-09,-12.355212355212352,LOSER,-15.116279069767447,LOSER,2026-07-24,True,False,LIFECYCLE_OUTCOME_LEAKAGE_FOUND
2393,2026-06-12,2026-06-12,-5.9238363892806785,NEUTRAL,-5.9238363892806785,NEUTRAL,2026-06-29,False,False,NO_COPY_PATTERN
2393,2026-06-12,2026-06-17,-5.9238363892806785,NEUTRAL,-5.174825174825182,NEUTRAL,2026-07-02,True,False,LIFECYCLE_OUTCOME_LEAKAGE_FOUND
2393,2026-06-12,2026-07-06,-5.9238363892806785,NEUTRAL,-3.57142857142857,NEUTRAL,2026-07-21,True,False,LIFECYCLE_OUTCOME_LEAKAGE_FOUND
2393,2026-06-12,2026-07-09,-5.9238363892806785,NEUTRAL,-6.901408450704238,LOSER,2026-07-24,True,True,LIFECYCLE_OUTCOME_LEAKAGE_FOUND
2399,2026-06-23,2026-06-23,-2.7504911591355596,NEUTRAL,-2.7504911591355596,NEUTRAL,2026-07-07,False,False,NO_COPY_PATTERN
2402,2026-06-17,2026-06-17,-4.090267983074758,NEUTRAL,-4.090267983074758,NEUTRAL,2026-07-02,False,False,NO_COPY_PATTERN
2413,2026-06-12,2026-06-12,-23.937908496732028,LOSER,-23.937908496732028,LOSER,2026-06-29,False,False,NO_COPY_PATTERN
2415,2026-06-22,2026-06-22,37.45874587458744,WINNER,37.45874587458744,WINNER,2026-07-06,False,False,NO_COPY_PATTERN
2415,2026-06-22,2026-06-29,37.45874587458744,WINNER,-4.939919893190925,NEUTRAL,2026-07-14,True,True,LIFECYCLE_OUTCOME_LEAKAGE_FOUND
2415,2026-06-22,2026-06-30,37.45874587458744,WINNER,-6.000000000000005,LOSER,2026-07-15,True,True,LIFECYCLE_OUTCOME_LEAKAGE_FOUND
2415,2026-06-22,2026-07-02,37.45874587458744,WINNER,-12.666666666666671,LOSER,2026-07-17,True,True,LIFECYCLE_OUTCOME_LEAKAGE_FOUND
2415,2026-06-22,2026-07-06,37.45874587458744,WINNER,-18.36734693877551,LOSER,2026-07-21,True,True,LIFECYCLE_OUTCOME_LEAKAGE_FOUND
2415,2026-06-22,2026-07-07,37.45874587458744,WINNER,-7.038512616201853,LOSER,2026-07-22,True,True,LIFECYCLE_OUTCOME_LEAKAGE_FOUND
2415,2026-06-22,2026-07-08,37.45874587458744,WINNER,-8.499335989375822,LOSER,2026-07-23,True,True,LIFECYCLE_OUTCOME_LEAKAGE_FOUND
2415,2026-06-22,2026-07-09,37.45874587458744,WINNER,-14.751958224543083,LOSER,2026-07-24,True,True,LIFECYCLE_OUTCOME_LEAKAGE_FOUND
2415,2026-06-22,2026-07-14,37.45874587458744,WINNER,,,,True,False,LIFECYCLE_OUTCOME_LEAKAGE_FOUND
2415,2026-06-22,2026-07-15,37.45874587458744,WINNER,,,,True,False,LIFECYCLE_OUTCOME_LEAKAGE_FOUND
2415,2026-06-22,2026-07-16,37.45874587458744,WINNER,,,,True,False,LIFECYCLE_OUTCOME_LEAKAGE_FOUND
2415,2026-06-22,2026-07-17,37.45874587458744,WINNER,,,,True,False,LIFECYCLE_OUTCOME_LEAKAGE_FOUND
2415,2026-06-22,2026-07-21,37.45874587458744,WINNER,,,,True,False,LIFECYCLE_OUTCOME_LEAKAGE_FOUND
2415,2026-06-22,2026-07-22,37.45874587458744,WINNER,,,,True,False,LIFECYCLE_OUTCOME_LEAKAGE_FOUND
2415,2026-06-22,2026-07-23,37.45874587458744,WINNER,,,,True,False,LIFECYCLE_OUTCOME_LEAKAGE_FOUND
2427,2026-07-08,2026-07-08,-9.197651663405091,LOSER,-9.197651663405093,LOSER,2026-07-23,False,False,NO_COPY_PATTERN
2429,2026-07-01,2026-07-01,-1.5625,NEUTRAL,-1.5625,NEUTRAL,2026-07-16,False,False,NO_COPY_PATTERN
2429,2026-07-01,2026-07-03,-1.5625,NEUTRAL,-17.864476386036966,LOSER,2026-07-20,True,True,LIFECYCLE_OUTCOME_LEAKAGE_FOUND
2429,2026-07-01,2026-07-06,-1.5625,NEUTRAL,-12.33435270132517,LOSER,2026-07-21,True,True,LIFECYCLE_OUTCOME_LEAKAGE_FOUND
2429,2026-07-01,2026-07-07,-1.5625,NEUTRAL,-7.361268403171007,LOSER,2026-07-22,True,True,LIFECYCLE_OUTCOME_LEAKAGE_FOUND
2429,2026-07-01,2026-07-08,-1.5625,NEUTRAL,-11.136107986501697,LOSER,2026-07-23,True,True,LIFECYCLE_OUTCOME_LEAKAGE_FOUND
2431,2026-07-09,2026-07-09,-6.550218340611358,LOSER,-6.550218340611358,LOSER,2026-07-24,False,False,NO_COPY_PATTERN
2433,2026-07-01,2026-07-01,-6.249999999999989,LOSER,-6.249999999999989,LOSER,2026-07-16,False,False,NO_COPY_PATTERN
2458,2026-06-25,2026-06-25,1.9444444444444375,NEUTRAL,1.9444444444444375,NEUTRAL,2026-07-09,False,False,NO_COPY_PATTERN
2458,2026-06-25,2026-06-26,1.9444444444444375,NEUTRAL,6.3953488372092915,NEUTRAL,2026-07-13,True,False,LIFECYCLE_OUTCOME_LEAKAGE_FOUND
2458,2026-06-25,2026-07-07,1.9444444444444375,NEUTRAL,-7.180851063829785,LOSER,2026-07-22,True,True,LIFECYCLE_OUTCOME_LEAKAGE_FOUND
2458,2026-06-25,2026-07-08,1.9444444444444375,NEUTRAL,-8.064516129032262,LOSER,2026-07-23,True,True,LIFECYCLE_OUTCOME_LEAKAGE_FOUND
2460,2026-06-17,2026-06-17,2.8169014084507005,NEUTRAL,2.8169014084507005,NEUTRAL,2026-07-02,False,False,NO_COPY_PATTERN
2460,2026-06-17,2026-06-18,2.8169014084507005,NEUTRAL,11.350574712643692,NEUTRAL,2026-07-03,True,False,LIFECYCLE_OUTCOME_LEAKAGE_FOUND
2460,2026-06-17,2026-06-25,2.8169014084507005,NEUTRAL,-11.825192802056561,LOSER,2026-07-09,True,True,LIFECYCLE_OUTCOME_LEAKAGE_FOUND
2465,2026-07-09,2026-07-09,-10.05586592178771,LOSER,-10.05586592178771,LOSER,2026-07-24,False,False,NO_COPY_PATTERN
2465,2026-07-09,2026-07-13,-10.05586592178771,LOSER,-8.032596041909201,LOSER,2026-07-27,True,False,LIFECYCLE_OUTCOME_LEAKAGE_FOUND
2465,2026-07-09,2026-07-14,-10.05586592178771,LOSER,,,,True,False,LIFECYCLE_OUTCOME_LEAKAGE_FOUND
2465,2026-07-09,2026-07-22,-10.05586592178771,LOSER,,,,True,False,LIFECYCLE_OUTCOME_LEAKAGE_FOUND
2465,2026-07-09,2026-07-23,-10.05586592178771,LOSER,,,,True,False,LIFECYCLE_OUTCOME_LEAKAGE_FOUND
2466,2026-06-23,2026-06-23,64.47602131438721,WINNER,64.47602131438721,WINNER,2026-07-07,False,False,NO_COPY_PATTERN
2466,2026-06-23,2026-06-24,64.47602131438721,WINNER,64.23728813559325,WINNER,2026-07-08,True,False,LIFECYCLE_OUTCOME_LEAKAGE_FOUND
2466,2026-06-23,2026-06-25,64.47602131438721,WINNER,69.82758620689656,WINNER,2026-07-09,True,False,LIFECYCLE_OUTCOME_LEAKAGE_FOUND
2466,2026-06-23,2026-06-26,64.47602131438721,WINNER,73.27586206896552,WINNER,2026-07-13,True,False,LIFECYCLE_OUTCOME_LEAKAGE_FOUND
2466,2026-06-23,2026-06-29,64.47602131438721,WINNER,77.96610169491525,WINNER,2026-07-14,True,False,LIFECYCLE_OUTCOME_LEAKAGE_FOUND
2466,2026-06-23,2026-06-30,64.47602131438721,WINNER,77.96610169491525,WINNER,2026-07-15,True,False,LIFECYCLE_OUTCOME_LEAKAGE_FOUND
2466,2026-06-23,2026-07-01,64.47602131438721,WINNER,69.7054698457223,WINNER,2026-07-16,True,False,LIFECYCLE_OUTCOME_LEAKAGE_FOUND
2466,2026-06-23,2026-07-02,64.47602131438721,WINNER,55.61224489795917,WINNER,2026-07-17,True,False,LIFECYCLE_OUTCOME_LEAKAGE_FOUND
2466,2026-06-23,2026-07-03,64.47602131438721,WINNER,38.05104408352668,WINNER,2026-07-20,True,False,LIFECYCLE_OUTCOME_LEAKAGE_FOUND
2466,2026-06-23,2026-07-06,64.47602131438721,WINNER,24.47257383966246,WINNER,2026-07-21,True,False,LIFECYCLE_OUTCOME_LEAKAGE_FOUND
2466,2026-06-23,2026-07-07,64.47602131438721,WINNER,24.730021598272156,WINNER,2026-07-22,True,False,LIFECYCLE_OUTCOME_LEAKAGE_FOUND
2466,2026-06-23,2026-07-08,64.47602131438721,WINNER,7.32714138286894,NEUTRAL,2026-07-23,True,True,LIFECYCLE_OUTCOME_LEAKAGE_FOUND
2466,2026-06-23,2026-07-09,64.47602131438721,WINNER,-3.5532994923857864,NEUTRAL,2026-07-24,True,True,LIFECYCLE_OUTCOME_LEAKAGE_FOUND
2466,2026-06-23,2026-07-13,64.47602131438721,WINNER,-6.567164179104468,LOSER,2026-07-27,True,True,LIFECYCLE_OUTCOME_LEAKAGE_FOUND
2466,2026-06-23,2026-07-14,64.47602131438721,WINNER,,,,True,False,LIFECYCLE_OUTCOME_LEAKAGE_FOUND
2466,2026-06-23,2026-07-15,64.47602131438721,WINNER,,,,True,False,LIFECYCLE_OUTCOME_LEAKAGE_FOUND
2466,2026-06-23,2026-07-16,64.47602131438721,WINNER,,,,True,False,LIFECYCLE_OUTCOME_LEAKAGE_FOUND
2466,2026-06-23,2026-07-17,64.47602131438721,WINNER,,,,True,False,LIFECYCLE_OUTCOME_LEAKAGE_FOUND
2466,2026-06-23,2026-07-20,64.47602131438721,WINNER,,,,True,False,LIFECYCLE_OUTCOME_LEAKAGE_FOUND
2466,2026-06-23,2026-07-21,64.47602131438721,WINNER,,,,True,False,LIFECYCLE_OUTCOME_LEAKAGE_FOUND
2466,2026-06-23,2026-07-22,64.47602131438721,WINNER,,,,True,False,LIFECYCLE_OUTCOME_LEAKAGE_FOUND
2466,2026-06-23,2026-07-23,64.47602131438721,WINNER,,,,True,False,LIFECYCLE_OUTCOME_LEAKAGE_FOUND
2466,2026-06-23,2026-07-24,64.47602131438721,WINNER,,,,True,False,LIFECYCLE_OUTCOME_LEAKAGE_FOUND
2467,2026-07-02,2026-07-02,-15.197568389057746,LOSER,-15.197568389057746,LOSER,2026-07-17,False,False,NO_COPY_PATTERN
2467,2026-07-02,2026-07-06,-15.197568389057746,LOSER,-19.083969465648853,LOSER,2026-07-21,True,False,LIFECYCLE_OUTCOME_LEAKAGE_FOUND
2467,2026-07-02,2026-07-13,-15.197568389057746,LOSER,-10.588235294117643,LOSER,2026-07-27,True,False,LIFECYCLE_OUTCOME_LEAKAGE_FOUND
2467,2026-07-02,2026-07-16,-15.197568389057746,LOSER,,,,True,False,LIFECYCLE_OUTCOME_LEAKAGE_FOUND
2476,2026-07-02,2026-07-02,-11.567164179104472,LOSER,-11.567164179104472,LOSER,2026-07-17,False,False,NO_COPY_PATTERN
2480,2026-07-07,2026-07-07,-1.851851851851849,NEUTRAL,-1.851851851851849,NEUTRAL,2026-07-22,False,False,NO_COPY_PATTERN
2480,2026-07-07,2026-07-09,-1.851851851851849,NEUTRAL,-0.9345794392523366,NEUTRAL,2026-07-24,True,False,LIFECYCLE_OUTCOME_LEAKAGE_FOUND
2486,2026-07-09,2026-07-09,-15.444015444015449,LOSER,-15.444015444015447,LOSER,2026-07-24,False,False,NO_COPY_PATTERN
2486,2026-07-09,2026-07-16,-15.444015444015449,LOSER,,,,True,False,LIFECYCLE_OUTCOME_LEAKAGE_FOUND
2489,2026-06-17,2026-06-17,-14.40329218106996,LOSER,-14.40329218106996,LOSER,2026-07-02,False,False,NO_COPY_PATTERN
2516,2026-06-26,2026-06-26,0.0,NEUTRAL,0.0,NEUTRAL,2026-07-13,False,False,NO_COPY_PATTERN
2527,2026-06-26,2026-06-26,13.135068153655505,WINNER,13.135068153655505,WINNER,2026-07-13,False,False,NO_COPY_PATTERN
2527,2026-06-26,2026-07-16,13.135068153655505,WINNER,,,,True,False,LIFECYCLE_OUTCOME_LEAKAGE_FOUND
2527,2026-06-26,2026-07-17,13.135068153655505,WINNER,,,,True,False,LIFECYCLE_OUTCOME_LEAKAGE_FOUND
2527,2026-06-26,2026-07-20,13.135068153655505,WINNER,,,,True,False,LIFECYCLE_OUTCOME_LEAKAGE_FOUND
2527,2026-06-26,2026-07-21,13.135068153655505,WINNER,,,,True,False,LIFECYCLE_OUTCOME_LEAKAGE_FOUND
2527,2026-06-26,2026-07-22,13.135068153655505,WINNER,,,,True,False,LIFECYCLE_OUTCOME_LEAKAGE_FOUND
2527,2026-06-26,2026-07-23,13.135068153655505,WINNER,,,,True,False,LIFECYCLE_OUTCOME_LEAKAGE_FOUND
2528,2026-07-01,2026-07-01,-0.6696428571428492,NEUTRAL,-0.6696428571428492,NEUTRAL,2026-07-16,False,False,NO_COPY_PATTERN
2539,2026-06-24,2026-06-24,0.127877237851659,NEUTRAL,0.12787723785165905,NEUTRAL,2026-07-08,False,False,NO_COPY_PATTERN
2539,2026-06-24,2026-06-25,0.127877237851659,NEUTRAL,0.8985879332477298,NEUTRAL,2026-07-09,True,False,LIFECYCLE_OUTCOME_LEAKAGE_FOUND
2539,2026-06-24,2026-07-16,0.127877237851659,NEUTRAL,,,,True,False,LIFECYCLE_OUTCOME_LEAKAGE_FOUND
2539,2026-06-24,2026-07-17,0.127877237851659,NEUTRAL,,,,True,False,LIFECYCLE_OUTCOME_LEAKAGE_FOUND
2611,2026-06-17,2026-06-17,-2.135231316725983,NEUTRAL,-2.135231316725983,NEUTRAL,2026-07-02,False,False,NO_COPY_PATTERN
2611,2026-06-17,2026-06-24,-2.135231316725983,NEUTRAL,4.3636363636363695,NEUTRAL,2026-07-08,True,False,LIFECYCLE_OUTCOME_LEAKAGE_FOUND
2611,2026-06-17,2026-07-03,-2.135231316725983,NEUTRAL,-0.6993006993007089,NEUTRAL,2026-07-20,True,False,LIFECYCLE_OUTCOME_LEAKAGE_FOUND
2611,2026-06-17,2026-07-08,-2.135231316725983,NEUTRAL,-0.6968641114982521,NEUTRAL,2026-07-23,True,False,LIFECYCLE_OUTCOME_LEAKAGE_FOUND
2611,2026-06-17,2026-07-09,-2.135231316725983,NEUTRAL,-2.73972602739726,NEUTRAL,2026-07-24,True,False,LIFECYCLE_OUTCOME_LEAKAGE_FOUND
2611,2026-06-17,2026-07-13,-2.135231316725983,NEUTRAL,-4.467353951890041,NEUTRAL,2026-07-27,True,False,LIFECYCLE_OUTCOME_LEAKAGE_FOUND
2611,2026-06-17,2026-07-21,-2.135231316725983,NEUTRAL,,,,True,False,LIFECYCLE_OUTCOME_LEAKAGE_FOUND
2611,2026-06-17,2026-07-22,-2.135231316725983,NEUTRAL,,,,True,False,LIFECYCLE_OUTCOME_LEAKAGE_FOUND
2611,2026-06-17,2026-07-24,-2.135231316725983,NEUTRAL,,,,True,False,LIFECYCLE_OUTCOME_LEAKAGE_FOUND
2617,2026-07-03,2026-07-03,-6.065573770491806,LOSER,-6.065573770491806,LOSER,2026-07-20,False,False,NO_COPY_PATTERN
2617,2026-07-03,2026-07-06,-6.065573770491806,LOSER,-5.35714285714286,NEUTRAL,2026-07-21,True,True,LIFECYCLE_OUTCOME_LEAKAGE_FOUND
2617,2026-07-03,2026-07-08,-6.065573770491806,LOSER,-4.597701149425282,NEUTRAL,2026-07-23,True,True,LIFECYCLE_OUTCOME_LEAKAGE_FOUND
2617,2026-07-03,2026-07-09,-6.065573770491806,LOSER,-4.262295081967215,NEUTRAL,2026-07-24,True,True,LIFECYCLE_OUTCOME_LEAKAGE_FOUND
2630,2026-06-29,2026-06-29,40.15748031496062,WINNER,40.15748031496062,WINNER,2026-07-14,False,False,NO_COPY_PATTERN
2630,2026-06-29,2026-06-30,40.15748031496062,WINNER,23.848515864892516,WINNER,2026-07-15,True,False,LIFECYCLE_OUTCOME_LEAKAGE_FOUND
2630,2026-06-29,2026-07-03,40.15748031496062,WINNER,-3.9426523297490967,NEUTRAL,2026-07-20,True,True,LIFECYCLE_OUTCOME_LEAKAGE_FOUND
2630,2026-06-29,2026-07-06,40.15748031496062,WINNER,4.618117229129659,NEUTRAL,2026-07-21,True,True,LIFECYCLE_OUTCOME_LEAKAGE_FOUND
2630,2026-06-29,2026-07-07,40.15748031496062,WINNER,-1.1152416356877248,NEUTRAL,2026-07-22,True,True,LIFECYCLE_OUTCOME_LEAKAGE_FOUND
2630,2026-06-29,2026-07-08,40.15748031496062,WINNER,-4.651162790697672,NEUTRAL,2026-07-23,True,True,LIFECYCLE_OUTCOME_LEAKAGE_FOUND
2630,2026-06-29,2026-07-09,40.15748031496062,WINNER,0.0,NEUTRAL,2026-07-24,True,True,LIFECYCLE_OUTCOME_LEAKAGE_FOUND
2630,2026-06-29,2026-07-13,40.15748031496062,WINNER,-9.700176366843039,LOSER,2026-07-27,True,True,LIFECYCLE_OUTCOME_LEAKAGE_FOUND
2630,2026-06-29,2026-07-14,40.15748031496062,WINNER,,,,True,False,LIFECYCLE_OUTCOME_LEAKAGE_FOUND
2630,2026-06-29,2026-07-15,40.15748031496062,WINNER,,,,True,False,LIFECYCLE_OUTCOME_LEAKAGE_FOUND
2630,2026-06-29,2026-07-16,40.15748031496062,WINNER,,,,True,False,LIFECYCLE_OUTCOME_LEAKAGE_FOUND
2630,2026-06-29,2026-07-17,40.15748031496062,WINNER,,,,True,False,LIFECYCLE_OUTCOME_LEAKAGE_FOUND
2630,2026-06-29,2026-07-21,40.15748031496062,WINNER,,,,True,False,LIFECYCLE_OUTCOME_LEAKAGE_FOUND
2630,2026-06-29,2026-07-23,40.15748031496062,WINNER,,,,True,False,LIFECYCLE_OUTCOME_LEAKAGE_FOUND
2630,2026-06-29,2026-07-24,40.15748031496062,WINNER,,,,True,False,LIFECYCLE_OUTCOME_LEAKAGE_FOUND
2633,2026-06-26,2026-06-26,1.5355086372360829,NEUTRAL,1.5355086372360827,NEUTRAL,2026-07-13,False,False,NO_COPY_PATTERN
2634,2026-06-23,2026-06-23,17.50503018108651,WINNER,17.50503018108651,WINNER,2026-07-07,False,False,NO_COPY_PATTERN
2634,2026-06-23,2026-06-26,17.50503018108651,WINNER,29.67479674796747,WINNER,2026-07-13,True,False,LIFECYCLE_OUTCOME_LEAKAGE_FOUND
2634,2026-06-23,2026-06-29,17.50503018108651,WINNER,29.038461538461526,WINNER,2026-07-14,True,False,LIFECYCLE_OUTCOME_LEAKAGE_FOUND
2634,2026-06-23,2026-07-02,17.50503018108651,WINNER,12.08791208791209,WINNER,2026-07-17,True,False,LIFECYCLE_OUTCOME_LEAKAGE_FOUND
2634,2026-06-23,2026-07-03,17.50503018108651,WINNER,8.333333333333325,NEUTRAL,2026-07-20,True,True,LIFECYCLE_OUTCOME_LEAKAGE_FOUND
2634,2026-06-23,2026-07-13,17.50503018108651,WINNER,-3.1347962382445194,NEUTRAL,2026-07-27,True,True,LIFECYCLE_OUTCOME_LEAKAGE_FOUND
2634,2026-06-23,2026-07-14,17.50503018108651,WINNER,,,,True,False,LIFECYCLE_OUTCOME_LEAKAGE_FOUND
2634,2026-06-23,2026-07-15,17.50503018108651,WINNER,,,,True,False,LIFECYCLE_OUTCOME_LEAKAGE_FOUND
2634,2026-06-23,2026-07-16,17.50503018108651,WINNER,,,,True,False,LIFECYCLE_OUTCOME_LEAKAGE_FOUND
2634,2026-06-23,2026-07-17,17.50503018108651,WINNER,,,,True,False,LIFECYCLE_OUTCOME_LEAKAGE_FOUND
2634,2026-06-23,2026-07-20,17.50503018108651,WINNER,,,,True,False,LIFECYCLE_OUTCOME_LEAKAGE_FOUND
2634,2026-06-23,2026-07-21,17.50503018108651,WINNER,,,,True,False,LIFECYCLE_OUTCOME_LEAKAGE_FOUND
2634,2026-06-23,2026-07-24,17.50503018108651,WINNER,,,,True,False,LIFECYCLE_OUTCOME_LEAKAGE_FOUND
2636,2026-06-12,2026-06-12,-3.2303370786516794,NEUTRAL,-3.2303370786516794,NEUTRAL,2026-06-29,False,False,NO_COPY_PATTERN
2636,2026-06-12,2026-07-06,-3.2303370786516794,NEUTRAL,-9.344490934449102,LOSER,2026-07-21,True,True,LIFECYCLE_OUTCOME_LEAKAGE_FOUND
2636,2026-06-12,2026-07-08,-3.2303370786516794,NEUTRAL,-7.344632768361581,LOSER,2026-07-23,True,True,LIFECYCLE_OUTCOME_LEAKAGE_FOUND
2646,2026-06-23,2026-06-23,-0.4672897196261627,NEUTRAL,-0.4672897196261627,NEUTRAL,2026-07-07,False,False,NO_COPY_PATTERN
2646,2026-06-23,2026-06-24,-0.4672897196261627,NEUTRAL,-2.304147465437789,NEUTRAL,2026-07-08,True,False,LIFECYCLE_OUTCOME_LEAKAGE_FOUND
2646,2026-06-23,2026-06-25,-0.4672897196261627,NEUTRAL,-3.6446469248291646,NEUTRAL,2026-07-09,True,False,LIFECYCLE_OUTCOME_LEAKAGE_FOUND
2646,2026-06-23,2026-06-26,-0.4672897196261627,NEUTRAL,0.0,NEUTRAL,2026-07-13,True,False,LIFECYCLE_OUTCOME_LEAKAGE_FOUND
2646,2026-06-23,2026-07-06,-0.4672897196261627,NEUTRAL,3.0444964871194413,NEUTRAL,2026-07-21,True,False,LIFECYCLE_OUTCOME_LEAKAGE_FOUND
2646,2026-06-23,2026-07-08,-0.4672897196261627,NEUTRAL,0.2358490566037874,NEUTRAL,2026-07-23,True,False,LIFECYCLE_OUTCOME_LEAKAGE_FOUND
2646,2026-06-23,2026-07-14,-0.4672897196261627,NEUTRAL,,,,True,False,LIFECYCLE_OUTCOME_LEAKAGE_FOUND
2646,2026-06-23,2026-07-16,-0.4672897196261627,NEUTRAL,,,,True,False,LIFECYCLE_OUTCOME_LEAKAGE_FOUND
2646,2026-06-23,2026-07-17,-0.4672897196261627,NEUTRAL,,,,True,False,LIFECYCLE_OUTCOME_LEAKAGE_FOUND
2646,2026-06-23,2026-07-20,-0.4672897196261627,NEUTRAL,,,,True,False,LIFECYCLE_OUTCOME_LEAKAGE_FOUND
2646,2026-06-23,2026-07-21,-0.4672897196261627,NEUTRAL,,,,True,False,LIFECYCLE_OUTCOME_LEAKAGE_FOUND
2706,2026-06-26,2026-06-26,1.2096774193548487,NEUTRAL,1.2096774193548487,NEUTRAL,2026-07-13,False,False,NO_COPY_PATTERN
2706,2026-06-26,2026-07-14,1.2096774193548487,NEUTRAL,,,,True,False,LIFECYCLE_OUTCOME_LEAKAGE_FOUND
2723,2026-06-11,2026-06-11,-0.146412884333813,NEUTRAL,-0.14641288433381305,NEUTRAL,2026-06-26,False,False,NO_COPY_PATTERN
2723,2026-06-11,2026-06-12,-0.146412884333813,NEUTRAL,0.7396449704142105,NEUTRAL,2026-06-29,True,False,LIFECYCLE_OUTCOME_LEAKAGE_FOUND
2723,2026-06-11,2026-06-24,-0.146412884333813,NEUTRAL,-0.7451564828613977,NEUTRAL,2026-07-08,True,False,LIFECYCLE_OUTCOME_LEAKAGE_FOUND
2723,2026-06-11,2026-06-25,-0.146412884333813,NEUTRAL,-2.3357664233576547,NEUTRAL,2026-07-09,True,False,LIFECYCLE_OUTCOME_LEAKAGE_FOUND
2723,2026-06-11,2026-06-26,-0.146412884333813,NEUTRAL,-4.398826979472137,NEUTRAL,2026-07-13,True,False,LIFECYCLE_OUTCOME_LEAKAGE_FOUND
2723,2026-06-11,2026-07-07,-0.146412884333813,NEUTRAL,-7.216494845360833,LOSER,2026-07-22,True,True,LIFECYCLE_OUTCOME_LEAKAGE_FOUND
2723,2026-06-11,2026-07-08,-0.146412884333813,NEUTRAL,-6.756756756756744,LOSER,2026-07-23,True,True,LIFECYCLE_OUTCOME_LEAKAGE_FOUND
2739,2026-06-26,2026-06-26,-9.200000000000008,LOSER,-9.200000000000008,LOSER,2026-07-13,False,False,NO_COPY_PATTERN
2832,2026-06-23,2026-06-23,0.3546099290780091,NEUTRAL,0.35460992907800915,NEUTRAL,2026-07-07,False,False,NO_COPY_PATTERN
2885,2026-07-06,2026-07-06,-10.380116959064337,LOSER,-10.380116959064335,LOSER,2026-07-21,False,False,NO_COPY_PATTERN
2885,2026-07-06,2026-07-07,-10.380116959064337,LOSER,-9.598853868194833,LOSER,2026-07-22,True,False,LIFECYCLE_OUTCOME_LEAKAGE_FOUND
2891,2026-06-15,2026-06-15,1.2838801711840375,NEUTRAL,1.2838801711840375,NEUTRAL,2026-06-30,False,False,NO_COPY_PATTERN
2891,2026-06-15,2026-06-16,1.2838801711840375,NEUTRAL,-0.28248587570621764,NEUTRAL,2026-07-01,True,False,LIFECYCLE_OUTCOME_LEAKAGE_FOUND
2891,2026-06-15,2026-06-29,1.2838801711840375,NEUTRAL,-7.539118065433847,LOSER,2026-07-14,True,True,LIFECYCLE_OUTCOME_LEAKAGE_FOUND
2901,2026-07-07,2026-07-07,1.2396694214876105,NEUTRAL,1.2396694214876103,NEUTRAL,2026-07-22,False,False,NO_COPY_PATTERN
2901,2026-07-07,2026-07-08,1.2396694214876105,NEUTRAL,0.2057613168724215,NEUTRAL,2026-07-23,True,False,LIFECYCLE_OUTCOME_LEAKAGE_FOUND
2901,2026-07-07,2026-07-09,1.2396694214876105,NEUTRAL,2.73109243697478,NEUTRAL,2026-07-24,True,False,LIFECYCLE_OUTCOME_LEAKAGE_FOUND
2901,2026-07-07,2026-07-20,1.2396694214876105,NEUTRAL,,,,True,False,LIFECYCLE_OUTCOME_LEAKAGE_FOUND
2905,2026-06-11,2026-06-11,3.4965034965035,NEUTRAL,3.4965034965035002,NEUTRAL,2026-06-26,False,False,NO_COPY_PATTERN
2905,2026-06-11,2026-06-24,3.4965034965035,NEUTRAL,2.3333333333333206,NEUTRAL,2026-07-08,True,False,LIFECYCLE_OUTCOME_LEAKAGE_FOUND
2905,2026-06-11,2026-07-06,3.4965034965035,NEUTRAL,4.590163934426217,NEUTRAL,2026-07-21,True,False,LIFECYCLE_OUTCOME_LEAKAGE_FOUND
2905,2026-06-11,2026-07-07,3.4965034965035,NEUTRAL,4.6052631578947345,NEUTRAL,2026-07-22,True,False,LIFECYCLE_OUTCOME_LEAKAGE_FOUND
2905,2026-06-11,2026-07-08,3.4965034965035,NEUTRAL,2.931596091205213,NEUTRAL,2026-07-23,True,False,LIFECYCLE_OUTCOME_LEAKAGE_FOUND
2905,2026-06-11,2026-07-09,3.4965034965035,NEUTRAL,4.545454545454541,NEUTRAL,2026-07-24,True,False,LIFECYCLE_OUTCOME_LEAKAGE_FOUND
2905,2026-06-11,2026-07-17,3.4965034965035,NEUTRAL,,,,True,False,LIFECYCLE_OUTCOME_LEAKAGE_FOUND
2905,2026-06-11,2026-07-20,3.4965034965035,NEUTRAL,,,,True,False,LIFECYCLE_OUTCOME_LEAKAGE_FOUND
2910,2026-06-24,2026-06-24,-3.3039647577092546,NEUTRAL,-3.3039647577092546,NEUTRAL,2026-07-08,False,False,NO_COPY_PATTERN
2910,2026-06-24,2026-07-08,-3.3039647577092546,NEUTRAL,9.339407744874716,NEUTRAL,2026-07-23,True,False,LIFECYCLE_OUTCOME_LEAKAGE_FOUND
2910,2026-06-24,2026-07-09,-3.3039647577092546,NEUTRAL,5.369127516778516,NEUTRAL,2026-07-24,True,False,LIFECYCLE_OUTCOME_LEAKAGE_FOUND
2910,2026-06-24,2026-07-15,-3.3039647577092546,NEUTRAL,,,,True,False,LIFECYCLE_OUTCOME_LEAKAGE_FOUND
2910,2026-06-24,2026-07-17,-3.3039647577092546,NEUTRAL,,,,True,False,LIFECYCLE_OUTCOME_LEAKAGE_FOUND
2910,2026-06-24,2026-07-20,-3.3039647577092546,NEUTRAL,,,,True,False,LIFECYCLE_OUTCOME_LEAKAGE_FOUND
2910,2026-06-24,2026-07-21,-3.3039647577092546,NEUTRAL,,,,True,False,LIFECYCLE_OUTCOME_LEAKAGE_FOUND
3003,2026-06-11,2026-06-11,-1.9402985074626788,NEUTRAL,-1.9402985074626788,NEUTRAL,2026-06-26,False,False,NO_COPY_PATTERN
3003,2026-06-11,2026-06-16,-1.9402985074626788,NEUTRAL,-2.2255192878338326,NEUTRAL,2026-07-01,True,False,LIFECYCLE_OUTCOME_LEAKAGE_FOUND
3003,2026-06-11,2026-06-17,-1.9402985074626788,NEUTRAL,-2.238805970149249,NEUTRAL,2026-07-02,True,False,LIFECYCLE_OUTCOME_LEAKAGE_FOUND
3003,2026-06-11,2026-06-18,-1.9402985074626788,NEUTRAL,-6.580829756795437,LOSER,2026-07-03,True,True,LIFECYCLE_OUTCOME_LEAKAGE_FOUND
3003,2026-06-11,2026-06-25,-1.9402985074626788,NEUTRAL,-3.6443148688046656,NEUTRAL,2026-07-09,True,False,LIFECYCLE_OUTCOME_LEAKAGE_FOUND
3005,2026-07-09,2026-07-09,0.8928571428571397,NEUTRAL,0.8928571428571397,NEUTRAL,2026-07-24,False,False,NO_COPY_PATTERN
3005,2026-07-09,2026-07-13,0.8928571428571397,NEUTRAL,-2.1739130434782594,NEUTRAL,2026-07-27,True,False,LIFECYCLE_OUTCOME_LEAKAGE_FOUND
3005,2026-07-09,2026-07-20,0.8928571428571397,NEUTRAL,,,,True,False,LIFECYCLE_OUTCOME_LEAKAGE_FOUND
3005,2026-07-09,2026-07-21,0.8928571428571397,NEUTRAL,,,,True,False,LIFECYCLE_OUTCOME_LEAKAGE_FOUND
3005,2026-07-09,2026-07-22,0.8928571428571397,NEUTRAL,,,,True,False,LIFECYCLE_OUTCOME_LEAKAGE_FOUND
3005,2026-07-09,2026-07-23,0.8928571428571397,NEUTRAL,,,,True,False,LIFECYCLE_OUTCOME_LEAKAGE_FOUND
3005,2026-07-09,2026-07-24,0.8928571428571397,NEUTRAL,,,,True,False,LIFECYCLE_OUTCOME_LEAKAGE_FOUND
3015,2026-07-09,2026-07-09,-15.10903426791278,LOSER,-15.10903426791278,LOSER,2026-07-24,False,False,NO_COPY_PATTERN
3015,2026-07-09,2026-07-13,-15.10903426791278,LOSER,-12.816455696202533,LOSER,2026-07-27,True,False,LIFECYCLE_OUTCOME_LEAKAGE_FOUND
3025,2026-06-11,2026-06-11,-3.730272596843631,NEUTRAL,-3.730272596843631,NEUTRAL,2026-06-26,False,False,NO_COPY_PATTERN
3031,2026-07-06,2026-07-06,-26.51851851851852,LOSER,-26.51851851851852,LOSER,2026-07-21,False,False,NO_COPY_PATTERN
3041,2026-06-15,2026-06-15,5.9259259259259345,NEUTRAL,5.9259259259259345,NEUTRAL,2026-06-30,False,False,NO_COPY_PATTERN
3041,2026-06-15,2026-06-23,5.9259259259259345,NEUTRAL,-14.262820512820507,LOSER,2026-07-07,True,True,LIFECYCLE_OUTCOME_LEAKAGE_FOUND
3041,2026-06-15,2026-06-29,5.9259259259259345,NEUTRAL,-4.291044776119413,NEUTRAL,2026-07-14,True,False,LIFECYCLE_OUTCOME_LEAKAGE_FOUND
3041,2026-06-15,2026-07-07,5.9259259259259345,NEUTRAL,-10.093457943925232,LOSER,2026-07-22,True,True,LIFECYCLE_OUTCOME_LEAKAGE_FOUND
3041,2026-06-15,2026-07-08,5.9259259259259345,NEUTRAL,-9.193245778611626,LOSER,2026-07-23,True,True,LIFECYCLE_OUTCOME_LEAKAGE_FOUND
3044,2026-06-15,2026-06-15,-0.3846153846153832,NEUTRAL,-0.38461538461538325,NEUTRAL,2026-06-30,False,False,NO_COPY_PATTERN
3044,2026-06-15,2026-06-16,-0.3846153846153832,NEUTRAL,-7.326007326007322,LOSER,2026-07-01,True,True,LIFECYCLE_OUTCOME_LEAKAGE_FOUND
3044,2026-06-15,2026-06-17,-0.3846153846153832,NEUTRAL,-11.383537653239928,LOSER,2026-07-02,True,True,LIFECYCLE_OUTCOME_LEAKAGE_FOUND
3044,2026-06-15,2026-06-18,-0.3846153846153832,NEUTRAL,-9.24956369982548,LOSER,2026-07-03,True,True,LIFECYCLE_OUTCOME_LEAKAGE_FOUND
3044,2026-06-15,2026-06-22,-0.3846153846153832,NEUTRAL,-10.600706713780916,LOSER,2026-07-06,True,True,LIFECYCLE_OUTCOME_LEAKAGE_FOUND
3413,2026-06-30,2026-06-30,5.295007564296528,NEUTRAL,5.295007564296528,NEUTRAL,2026-07-15,False,False,NO_COPY_PATTERN
3413,2026-06-30,2026-07-01,5.295007564296528,NEUTRAL,15.060240963855431,WINNER,2026-07-16,True,True,LIFECYCLE_OUTCOME_LEAKAGE_FOUND
3413,2026-06-30,2026-07-07,5.295007564296528,NEUTRAL,5.523255813953498,NEUTRAL,2026-07-22,True,False,LIFECYCLE_OUTCOME_LEAKAGE_FOUND
3413,2026-06-30,2026-07-08,5.295007564296528,NEUTRAL,0.5899705014749346,NEUTRAL,2026-07-23,True,False,LIFECYCLE_OUTCOME_LEAKAGE_FOUND
3413,2026-06-30,2026-07-16,5.295007564296528,NEUTRAL,,,,True,False,LIFECYCLE_OUTCOME_LEAKAGE_FOUND
3413,2026-06-30,2026-07-21,5.295007564296528,NEUTRAL,,,,True,False,LIFECYCLE_OUTCOME_LEAKAGE_FOUND
3416,2026-07-08,2026-07-08,-4.545454545454541,NEUTRAL,-4.545454545454541,NEUTRAL,2026-07-23,False,False,NO_COPY_PATTERN
3416,2026-07-08,2026-07-24,-4.545454545454541,NEUTRAL,,,,True,False,LIFECYCLE_OUTCOME_LEAKAGE_FOUND
3443,2026-07-02,2026-07-02,-28.04878048780488,LOSER,-28.04878048780488,LOSER,2026-07-17,False,False,NO_COPY_PATTERN
3518,2026-07-03,2026-07-03,-27.922971114167815,LOSER,-27.922971114167815,LOSER,2026-07-20,False,False,NO_COPY_PATTERN
3518,2026-07-03,2026-07-06,-27.922971114167815,LOSER,-26.768377253814148,LOSER,2026-07-21,True,False,LIFECYCLE_OUTCOME_LEAKAGE_FOUND
3518,2026-07-03,2026-07-07,-27.922971114167815,LOSER,-23.796033994334277,LOSER,2026-07-22,True,False,LIFECYCLE_OUTCOME_LEAKAGE_FOUND
3518,2026-07-03,2026-07-08,-27.922971114167815,LOSER,-18.26625386996904,LOSER,2026-07-23,True,False,LIFECYCLE_OUTCOME_LEAKAGE_FOUND
3518,2026-07-03,2026-07-09,-27.922971114167815,LOSER,-11.390284757118929,LOSER,2026-07-24,True,False,LIFECYCLE_OUTCOME_LEAKAGE_FOUND
3530,2026-06-23,2026-06-23,-8.831521739130432,LOSER,-8.831521739130432,LOSER,2026-07-07,False,False,NO_COPY_PATTERN
3535,2026-06-17,2026-06-17,-14.12639405204461,LOSER,-14.12639405204461,LOSER,2026-07-02,False,False,NO_COPY_PATTERN
3545,2026-07-07,2026-07-07,-11.908931698774085,LOSER,-11.908931698774083,LOSER,2026-07-22,False,False,NO_COPY_PATTERN
3545,2026-07-07,2026-07-08,-11.908931698774085,LOSER,-15.120274914089348,LOSER,2026-07-23,True,False,LIFECYCLE_OUTCOME_LEAKAGE_FOUND
3576,2026-06-12,2026-06-12,-15.151515151515149,LOSER,-15.151515151515149,LOSER,2026-06-29,False,False,NO_COPY_PATTERN
3576,2026-06-12,2026-07-20,-15.151515151515149,LOSER,,,,True,False,LIFECYCLE_OUTCOME_LEAKAGE_FOUND
3576,2026-06-12,2026-07-21,-15.151515151515149,LOSER,,,,True,False,LIFECYCLE_OUTCOME_LEAKAGE_FOUND
3576,2026-06-12,2026-07-22,-15.151515151515149,LOSER,,,,True,False,LIFECYCLE_OUTCOME_LEAKAGE_FOUND
3576,2026-06-12,2026-07-23,-15.151515151515149,LOSER,,,,True,False,LIFECYCLE_OUTCOME_LEAKAGE_FOUND
3588,2026-06-24,2026-06-24,-10.408432147562586,LOSER,-10.408432147562586,LOSER,2026-07-08,False,False,NO_COPY_PATTERN
3588,2026-06-24,2026-06-26,-10.408432147562586,LOSER,-9.77653631284916,LOSER,2026-07-13,True,False,LIFECYCLE_OUTCOME_LEAKAGE_FOUND
3591,2026-06-25,2026-06-25,-6.238532110091743,LOSER,-6.238532110091743,LOSER,2026-07-09,False,False,NO_COPY_PATTERN
3605,2026-07-01,2026-07-01,-0.8177570093457764,NEUTRAL,-0.8177570093457764,NEUTRAL,2026-07-16,False,False,NO_COPY_PATTERN
3605,2026-07-01,2026-07-02,-0.8177570093457764,NEUTRAL,-11.98668146503884,LOSER,2026-07-17,True,True,LIFECYCLE_OUTCOME_LEAKAGE_FOUND
3605,2026-07-01,2026-07-03,-0.8177570093457764,NEUTRAL,-12.925170068027214,LOSER,2026-07-20,True,True,LIFECYCLE_OUTCOME_LEAKAGE_FOUND
3605,2026-07-01,2026-07-23,-0.8177570093457764,NEUTRAL,,,,True,False,LIFECYCLE_OUTCOME_LEAKAGE_FOUND
3605,2026-07-01,2026-07-24,-0.8177570093457764,NEUTRAL,,,,True,False,LIFECYCLE_OUTCOME_LEAKAGE_FOUND
3617,2026-07-09,2026-07-09,-11.98347107438017,LOSER,-11.98347107438017,LOSER,2026-07-24,False,False,NO_COPY_PATTERN
3617,2026-07-09,2026-07-23,-11.98347107438017,LOSER,,,,True,False,LIFECYCLE_OUTCOME_LEAKAGE_FOUND
3661,2026-07-02,2026-07-02,-28.9070480081716,LOSER,-28.9070480081716,LOSER,2026-07-17,False,False,NO_COPY_PATTERN
3661,2026-07-02,2026-07-03,-28.9070480081716,LOSER,-27.63440860215054,LOSER,2026-07-20,True,False,LIFECYCLE_OUTCOME_LEAKAGE_FOUND
3712,2026-06-23,2026-06-23,-2.228412256267398,NEUTRAL,-2.228412256267398,NEUTRAL,2026-07-07,False,False,NO_COPY_PATTERN
3712,2026-06-23,2026-07-06,-2.228412256267398,NEUTRAL,-11.311053984575835,LOSER,2026-07-21,True,True,LIFECYCLE_OUTCOME_LEAKAGE_FOUND
3717,2026-06-26,2026-06-26,7.627118644067776,NEUTRAL,7.627118644067776,NEUTRAL,2026-07-13,False,False,NO_COPY_PATTERN
3717,2026-06-26,2026-06-29,7.627118644067776,NEUTRAL,-5.587668593448935,NEUTRAL,2026-07-14,True,False,LIFECYCLE_OUTCOME_LEAKAGE_FOUND
3717,2026-06-26,2026-06-30,7.627118644067776,NEUTRAL,-11.475409836065564,LOSER,2026-07-15,True,True,LIFECYCLE_OUTCOME_LEAKAGE_FOUND
4119,2026-06-24,2026-06-24,1.1299435028248483,NEUTRAL,1.1299435028248483,NEUTRAL,2026-07-08,False,False,NO_COPY_PATTERN
4119,2026-06-24,2026-06-25,1.1299435028248483,NEUTRAL,1.903695408734607,NEUTRAL,2026-07-09,True,False,LIFECYCLE_OUTCOME_LEAKAGE_FOUND
4119,2026-06-24,2026-07-24,1.1299435028248483,NEUTRAL,,,,True,False,LIFECYCLE_OUTCOME_LEAKAGE_FOUND
4133,2026-07-07,2026-07-07,2.1226415094339535,NEUTRAL,2.1226415094339535,NEUTRAL,2026-07-22,False,False,NO_COPY_PATTERN
4133,2026-07-07,2026-07-23,2.1226415094339535,NEUTRAL,,,,True,False,LIFECYCLE_OUTCOME_LEAKAGE_FOUND
4155,2026-06-30,2026-06-30,7.308970099667755,NEUTRAL,7.308970099667755,NEUTRAL,2026-07-15,False,False,NO_COPY_PATTERN
4155,2026-06-30,2026-07-01,7.308970099667755,NEUTRAL,5.555555555555536,NEUTRAL,2026-07-16,True,False,LIFECYCLE_OUTCOME_LEAKAGE_FOUND
4155,2026-06-30,2026-07-02,7.308970099667755,NEUTRAL,4.90196078431373,NEUTRAL,2026-07-17,True,False,LIFECYCLE_OUTCOME_LEAKAGE_FOUND
4155,2026-06-30,2026-07-06,7.308970099667755,NEUTRAL,0.6369426751592355,NEUTRAL,2026-07-21,True,False,LIFECYCLE_OUTCOME_LEAKAGE_FOUND
4155,2026-06-30,2026-07-07,7.308970099667755,NEUTRAL,1.9292604501607746,NEUTRAL,2026-07-22,True,False,LIFECYCLE_OUTCOME_LEAKAGE_FOUND
4155,2026-06-30,2026-07-14,7.308970099667755,NEUTRAL,,,,True,False,LIFECYCLE_OUTCOME_LEAKAGE_FOUND
4155,2026-06-30,2026-07-15,7.308970099667755,NEUTRAL,,,,True,False,LIFECYCLE_OUTCOME_LEAKAGE_FOUND
4164,2026-06-24,2026-06-24,-5.237315875613757,NEUTRAL,-5.237315875613757,NEUTRAL,2026-07-08,False,False,NO_COPY_PATTERN
4164,2026-06-24,2026-06-29,-5.237315875613757,NEUTRAL,-6.17495711835333,LOSER,2026-07-14,True,True,LIFECYCLE_OUTCOME_LEAKAGE_FOUND
4169,2026-06-24,2026-06-24,44.55958549222798,WINNER,44.55958549222798,WINNER,2026-07-08,False,False,NO_COPY_PATTERN
4169,2026-06-24,2026-06-25,44.55958549222798,WINNER,41.36125654450262,WINNER,2026-07-09,True,False,LIFECYCLE_OUTCOME_LEAKAGE_FOUND
4169,2026-06-24,2026-06-29,44.55958549222798,WINNER,16.267942583732054,WINNER,2026-07-14,True,False,LIFECYCLE_OUTCOME_LEAKAGE_FOUND
4169,2026-06-24,2026-06-30,44.55958549222798,WINNER,14.482758620689662,WINNER,2026-07-15,True,False,LIFECYCLE_OUTCOME_LEAKAGE_FOUND
4169,2026-06-24,2026-07-06,44.55958549222798,WINNER,14.959016393442614,WINNER,2026-07-21,True,False,LIFECYCLE_OUTCOME_LEAKAGE_FOUND
4169,2026-06-24,2026-07-07,44.55958549222798,WINNER,2.6119402985074647,NEUTRAL,2026-07-22,True,True,LIFECYCLE_OUTCOME_LEAKAGE_FOUND
4169,2026-06-24,2026-07-08,44.55958549222798,WINNER,-100.0,LOSER,2026-07-23,True,True,LIFECYCLE_OUTCOME_LEAKAGE_FOUND
4169,2026-06-24,2026-07-09,44.55958549222798,WINNER,-8.333333333333337,LOSER,2026-07-24,True,True,LIFECYCLE_OUTCOME_LEAKAGE_FOUND
4169,2026-06-24,2026-07-13,44.55958549222798,WINNER,-8.230452674897116,LOSER,2026-07-27,True,True,LIFECYCLE_OUTCOME_LEAKAGE_FOUND
4169,2026-06-24,2026-07-14,44.55958549222798,WINNER,,,,True,False,LIFECYCLE_OUTCOME_LEAKAGE_FOUND
4169,2026-06-24,2026-07-15,44.55958549222798,WINNER,,,,True,False,LIFECYCLE_OUTCOME_LEAKAGE_FOUND
4169,2026-06-24,2026-07-16,44.55958549222798,WINNER,,,,True,False,LIFECYCLE_OUTCOME_LEAKAGE_FOUND
4169,2026-06-24,2026-07-17,44.55958549222798,WINNER,,,,True,False,LIFECYCLE_OUTCOME_LEAKAGE_FOUND
4169,2026-06-24,2026-07-20,44.55958549222798,WINNER,,,,True,False,LIFECYCLE_OUTCOME_LEAKAGE_FOUND
4169,2026-06-24,2026-07-21,44.55958549222798,WINNER,,,,True,False,LIFECYCLE_OUTCOME_LEAKAGE_FOUND
4169,2026-06-24,2026-07-22,44.55958549222798,WINNER,,,,True,False,LIFECYCLE_OUTCOME_LEAKAGE_FOUND
4169,2026-06-24,2026-07-24,44.55958549222798,WINNER,,,,True,False,LIFECYCLE_OUTCOME_LEAKAGE_FOUND
4178,2026-07-08,2026-07-08,-0.7792207792207684,NEUTRAL,-0.7792207792207684,NEUTRAL,2026-07-23,False,False,NO_COPY_PATTERN
4195,2026-07-08,2026-07-08,-7.954545454545469,LOSER,-7.954545454545469,LOSER,2026-07-23,False,False,NO_COPY_PATTERN
4306,2026-06-25,2026-06-25,-2.515723270440251,NEUTRAL,-2.515723270440251,NEUTRAL,2026-07-09,False,False,NO_COPY_PATTERN
4306,2026-06-25,2026-06-26,-2.515723270440251,NEUTRAL,-7.232704402515722,LOSER,2026-07-13,True,True,LIFECYCLE_OUTCOME_LEAKAGE_FOUND
4306,2026-06-25,2026-06-29,-2.515723270440251,NEUTRAL,-8.490566037735848,LOSER,2026-07-14,True,True,LIFECYCLE_OUTCOME_LEAKAGE_FOUND
4306,2026-06-25,2026-07-02,-2.515723270440251,NEUTRAL,-9.785932721712543,LOSER,2026-07-17,True,True,LIFECYCLE_OUTCOME_LEAKAGE_FOUND
4306,2026-06-25,2026-07-03,-2.515723270440251,NEUTRAL,-13.293051359516618,LOSER,2026-07-20,True,True,LIFECYCLE_OUTCOME_LEAKAGE_FOUND
4306,2026-06-25,2026-07-06,-2.515723270440251,NEUTRAL,-11.550151975683887,LOSER,2026-07-21,True,True,LIFECYCLE_OUTCOME_LEAKAGE_FOUND
4414,2026-06-25,2026-06-25,1.5116279069767424,NEUTRAL,1.5116279069767424,NEUTRAL,2026-07-09,False,False,NO_COPY_PATTERN
4438,2026-07-07,2026-07-07,-2.8799999999999937,NEUTRAL,-2.8799999999999937,NEUTRAL,2026-07-22,False,False,NO_COPY_PATTERN
4551,2026-06-15,2026-06-15,34.730538922155695,WINNER,34.730538922155695,WINNER,2026-06-30,False,False,NO_COPY_PATTERN
4551,2026-06-15,2026-06-16,34.730538922155695,WINNER,27.520435967302447,WINNER,2026-07-01,True,False,LIFECYCLE_OUTCOME_LEAKAGE_FOUND
4551,2026-06-15,2026-06-17,34.730538922155695,WINNER,19.602977667493793,WINNER,2026-07-02,True,False,LIFECYCLE_OUTCOME_LEAKAGE_FOUND
4551,2026-06-15,2026-06-18,34.730538922155695,WINNER,19.63882618510158,WINNER,2026-07-03,True,False,LIFECYCLE_OUTCOME_LEAKAGE_FOUND
4551,2026-06-15,2026-06-22,34.730538922155695,WINNER,24.778761061946895,WINNER,2026-07-06,True,False,LIFECYCLE_OUTCOME_LEAKAGE_FOUND
4551,2026-06-15,2026-06-23,34.730538922155695,WINNER,3.6734693877551017,NEUTRAL,2026-07-07,True,True,LIFECYCLE_OUTCOME_LEAKAGE_FOUND
4551,2026-06-15,2026-06-24,34.730538922155695,WINNER,0.8196721311475308,NEUTRAL,2026-07-08,True,True,LIFECYCLE_OUTCOME_LEAKAGE_FOUND
4551,2026-06-15,2026-06-25,34.730538922155695,WINNER,-8.016032064128254,LOSER,2026-07-09,True,True,LIFECYCLE_OUTCOME_LEAKAGE_FOUND
4551,2026-06-15,2026-06-26,34.730538922155695,WINNER,-4.8888888888888875,NEUTRAL,2026-07-13,True,True,LIFECYCLE_OUTCOME_LEAKAGE_FOUND
4551,2026-06-15,2026-06-29,34.730538922155695,WINNER,-7.349665924276172,LOSER,2026-07-14,True,True,LIFECYCLE_OUTCOME_LEAKAGE_FOUND
4551,2026-06-15,2026-07-02,34.730538922155695,WINNER,-21.991701244813278,LOSER,2026-07-17,True,True,LIFECYCLE_OUTCOME_LEAKAGE_FOUND
4551,2026-06-15,2026-07-03,34.730538922155695,WINNER,-32.26415094339623,LOSER,2026-07-20,True,True,LIFECYCLE_OUTCOME_LEAKAGE_FOUND
4551,2026-06-15,2026-07-06,34.730538922155695,WINNER,-35.28368794326241,LOSER,2026-07-21,True,True,LIFECYCLE_OUTCOME_LEAKAGE_FOUND
4551,2026-06-15,2026-07-07,34.730538922155695,WINNER,-28.346456692913392,LOSER,2026-07-22,True,True,LIFECYCLE_OUTCOME_LEAKAGE_FOUND
4551,2026-06-15,2026-07-08,34.730538922155695,WINNER,-23.577235772357717,LOSER,2026-07-23,True,True,LIFECYCLE_OUTCOME_LEAKAGE_FOUND
4551,2026-06-15,2026-07-09,34.730538922155695,WINNER,-19.825708061002178,LOSER,2026-07-24,True,True,LIFECYCLE_OUTCOME_LEAKAGE_FOUND
4551,2026-06-15,2026-07-13,34.730538922155695,WINNER,-14.953271028037385,LOSER,2026-07-27,True,True,LIFECYCLE_OUTCOME_LEAKAGE_FOUND
4551,2026-06-15,2026-07-14,34.730538922155695,WINNER,,,,True,False,LIFECYCLE_OUTCOME_LEAKAGE_FOUND
4560,2026-06-29,2026-06-29,2.2900763358778553,NEUTRAL,2.2900763358778553,NEUTRAL,2026-07-14,False,False,NO_COPY_PATTERN
4560,2026-06-29,2026-07-02,2.2900763358778553,NEUTRAL,-0.8797653958944385,NEUTRAL,2026-07-17,True,False,LIFECYCLE_OUTCOME_LEAKAGE_FOUND
4572,2026-07-02,2026-07-02,-2.0270270270270285,NEUTRAL,-2.0270270270270285,NEUTRAL,2026-07-17,False,False,NO_COPY_PATTERN
4576,2026-07-07,2026-07-07,-11.210762331838565,LOSER,-11.210762331838565,LOSER,2026-07-22,False,False,NO_COPY_PATTERN
4722,2026-06-17,2026-06-17,4.924242424242431,NEUTRAL,4.924242424242431,NEUTRAL,2026-07-02,False,False,NO_COPY_PATTERN
4722,2026-06-17,2026-06-24,4.924242424242431,NEUTRAL,-13.787375415282387,LOSER,2026-07-08,True,True,LIFECYCLE_OUTCOME_LEAKAGE_FOUND
4722,2026-06-17,2026-06-29,4.924242424242431,NEUTRAL,-15.008156606851554,LOSER,2026-07-14,True,True,LIFECYCLE_OUTCOME_LEAKAGE_FOUND
4722,2026-06-17,2026-07-09,4.924242424242431,NEUTRAL,-21.052631578947366,LOSER,2026-07-24,True,True,LIFECYCLE_OUTCOME_LEAKAGE_FOUND
4722,2026-06-17,2026-07-14,4.924242424242431,NEUTRAL,,,,True,False,LIFECYCLE_OUTCOME_LEAKAGE_FOUND
4771,2026-07-02,2026-07-02,-2.977667493796521,NEUTRAL,-2.977667493796521,NEUTRAL,2026-07-17,False,False,NO_COPY_PATTERN
4771,2026-07-02,2026-07-06,-2.977667493796521,NEUTRAL,-7.943925233644855,LOSER,2026-07-21,True,True,LIFECYCLE_OUTCOME_LEAKAGE_FOUND
4771,2026-07-02,2026-07-07,-2.977667493796521,NEUTRAL,-7.962529274004682,LOSER,2026-07-22,True,True,LIFECYCLE_OUTCOME_LEAKAGE_FOUND
4771,2026-07-02,2026-07-14,-2.977667493796521,NEUTRAL,,,,True,False,LIFECYCLE_OUTCOME_LEAKAGE_FOUND
4934,2026-06-30,2026-06-30,-8.695652173913038,LOSER,-8.695652173913038,LOSER,2026-07-15,False,False,NO_COPY_PATTERN
4934,2026-06-30,2026-07-01,-8.695652173913038,LOSER,-7.909604519774005,LOSER,2026-07-16,True,False,LIFECYCLE_OUTCOME_LEAKAGE_FOUND
4934,2026-06-30,2026-07-02,-8.695652173913038,LOSER,-15.74585635359117,LOSER,2026-07-17,True,False,LIFECYCLE_OUTCOME_LEAKAGE_FOUND
4952,2026-06-15,2026-06-15,-1.7094017094017144,NEUTRAL,-1.7094017094017144,NEUTRAL,2026-06-30,False,False,NO_COPY_PATTERN
4952,2026-06-15,2026-06-16,-1.7094017094017144,NEUTRAL,-1.2500000000000067,NEUTRAL,2026-07-01,True,False,LIFECYCLE_OUTCOME_LEAKAGE_FOUND
4952,2026-06-15,2026-06-17,-1.7094017094017144,NEUTRAL,4.181184668989535,NEUTRAL,2026-07-02,True,False,LIFECYCLE_OUTCOME_LEAKAGE_FOUND
4952,2026-06-15,2026-07-02,-1.7094017094017144,NEUTRAL,-19.06354515050167,LOSER,2026-07-17,True,True,LIFECYCLE_OUTCOME_LEAKAGE_FOUND
4952,2026-06-15,2026-07-03,-1.7094017094017144,NEUTRAL,-21.38103161397671,LOSER,2026-07-20,True,True,LIFECYCLE_OUTCOME_LEAKAGE_FOUND
4952,2026-06-15,2026-07-07,-1.7094017094017144,NEUTRAL,-10.178571428571438,LOSER,2026-07-22,True,True,LIFECYCLE_OUTCOME_LEAKAGE_FOUND
4952,2026-06-15,2026-07-08,-1.7094017094017144,NEUTRAL,-13.76306620209059,LOSER,2026-07-23,True,True,LIFECYCLE_OUTCOME_LEAKAGE_FOUND
4952,2026-06-15,2026-07-09,-1.7094017094017144,NEUTRAL,-15.484429065743942,LOSER,2026-07-24,True,True,LIFECYCLE_OUTCOME_LEAKAGE_FOUND
4961,2026-07-07,2026-07-07,-6.000000000000005,LOSER,-6.000000000000005,LOSER,2026-07-22,False,False,NO_COPY_PATTERN
4989,2026-07-03,2026-07-03,-41.26696832579185,LOSER,-41.26696832579185,LOSER,2026-07-20,False,False,NO_COPY_PATTERN
4989,2026-07-03,2026-07-06,-41.26696832579185,LOSER,-37.83783783783784,LOSER,2026-07-21,True,False,LIFECYCLE_OUTCOME_LEAKAGE_FOUND
4989,2026-07-03,2026-07-07,-41.26696832579185,LOSER,-27.427427427427432,LOSER,2026-07-22,True,False,LIFECYCLE_OUTCOME_LEAKAGE_FOUND
4989,2026-07-03,2026-07-08,-41.26696832579185,LOSER,-28.556910569105696,LOSER,2026-07-23,True,False,LIFECYCLE_OUTCOME_LEAKAGE_FOUND
5258,2026-07-09,2026-07-09,-1.325757575757569,NEUTRAL,-1.325757575757569,NEUTRAL,2026-07-24,False,False,NO_COPY_PATTERN
5258,2026-07-09,2026-07-13,-1.325757575757569,NEUTRAL,-4.395604395604391,NEUTRAL,2026-07-27,True,False,LIFECYCLE_OUTCOME_LEAKAGE_FOUND
5258,2026-07-09,2026-07-21,-1.325757575757569,NEUTRAL,,,,True,False,LIFECYCLE_OUTCOME_LEAKAGE_FOUND
5258,2026-07-09,2026-07-22,-1.325757575757569,NEUTRAL,,,,True,False,LIFECYCLE_OUTCOME_LEAKAGE_FOUND
5258,2026-07-09,2026-07-23,-1.325757575757569,NEUTRAL,,,,True,False,LIFECYCLE_OUTCOME_LEAKAGE_FOUND
5258,2026-07-09,2026-07-24,-1.325757575757569,NEUTRAL,,,,True,False,LIFECYCLE_OUTCOME_LEAKAGE_FOUND
5269,2026-07-08,2026-07-08,-7.868852459016395,LOSER,-7.868852459016395,LOSER,2026-07-23,False,False,NO_COPY_PATTERN
5269,2026-07-08,2026-07-14,-7.868852459016395,LOSER,,,,True,False,LIFECYCLE_OUTCOME_LEAKAGE_FOUND
5283,2026-06-23,2026-06-23,-6.445993031358876,LOSER,-6.445993031358876,LOSER,2026-07-07,False,False,NO_COPY_PATTERN
5283,2026-06-23,2026-06-24,-6.445993031358876,LOSER,-7.826086956521738,LOSER,2026-07-08,True,False,LIFECYCLE_OUTCOME_LEAKAGE_FOUND
5388,2026-06-11,2026-06-11,-11.03368176538908,LOSER,-11.03368176538908,LOSER,2026-06-26,False,False,NO_COPY_PATTERN
5388,2026-06-11,2026-07-13,-11.03368176538908,LOSER,6.08899297423886,NEUTRAL,2026-07-27,True,True,LIFECYCLE_OUTCOME_LEAKAGE_FOUND
5388,2026-06-11,2026-07-14,-11.03368176538908,LOSER,,,,True,False,LIFECYCLE_OUTCOME_LEAKAGE_FOUND
5388,2026-06-11,2026-07-16,-11.03368176538908,LOSER,,,,True,False,LIFECYCLE_OUTCOME_LEAKAGE_FOUND
5388,2026-06-11,2026-07-20,-11.03368176538908,LOSER,,,,True,False,LIFECYCLE_OUTCOME_LEAKAGE_FOUND
5388,2026-06-11,2026-07-21,-11.03368176538908,LOSER,,,,True,False,LIFECYCLE_OUTCOME_LEAKAGE_FOUND
5388,2026-06-11,2026-07-22,-11.03368176538908,LOSER,,,,True,False,LIFECYCLE_OUTCOME_LEAKAGE_FOUND
5388,2026-06-11,2026-07-23,-11.03368176538908,LOSER,,,,True,False,LIFECYCLE_OUTCOME_LEAKAGE_FOUND
5388,2026-06-11,2026-07-24,-11.03368176538908,LOSER,,,,True,False,LIFECYCLE_OUTCOME_LEAKAGE_FOUND
5434,2026-06-15,2026-06-15,17.307692307692314,WINNER,17.307692307692314,WINNER,2026-06-30,False,False,NO_COPY_PATTERN
5434,2026-06-15,2026-06-29,17.307692307692314,WINNER,2.0408163265306145,NEUTRAL,2026-07-14,True,True,LIFECYCLE_OUTCOME_LEAKAGE_FOUND
5434,2026-06-15,2026-07-07,17.307692307692314,WINNER,9.496124031007746,NEUTRAL,2026-07-22,True,True,LIFECYCLE_OUTCOME_LEAKAGE_FOUND
5434,2026-06-15,2026-07-08,17.307692307692314,WINNER,9.82318271119842,NEUTRAL,2026-07-23,True,True,LIFECYCLE_OUTCOME_LEAKAGE_FOUND
5434,2026-06-15,2026-07-14,17.307692307692314,WINNER,,,,True,False,LIFECYCLE_OUTCOME_LEAKAGE_FOUND
5434,2026-06-15,2026-07-17,17.307692307692314,WINNER,,,,True,False,LIFECYCLE_OUTCOME_LEAKAGE_FOUND
5434,2026-06-15,2026-07-20,17.307692307692314,WINNER,,,,True,False,LIFECYCLE_OUTCOME_LEAKAGE_FOUND
5434,2026-06-15,2026-07-24,17.307692307692314,WINNER,,,,True,False,LIFECYCLE_OUTCOME_LEAKAGE_FOUND
5469,2026-06-17,2026-06-17,1.039260969976907,NEUTRAL,1.0392609699769073,NEUTRAL,2026-07-02,False,False,NO_COPY_PATTERN
5469,2026-06-17,2026-06-22,1.039260969976907,NEUTRAL,-2.8697571743929284,NEUTRAL,2026-07-06,True,False,LIFECYCLE_OUTCOME_LEAKAGE_FOUND
5469,2026-06-17,2026-06-29,1.039260969976907,NEUTRAL,-16.237402015677493,LOSER,2026-07-14,True,True,LIFECYCLE_OUTCOME_LEAKAGE_FOUND
5471,2026-06-15,2026-06-15,7.317073170731714,NEUTRAL,7.317073170731714,NEUTRAL,2026-06-30,False,False,NO_COPY_PATTERN
5471,2026-06-15,2026-06-17,7.317073170731714,NEUTRAL,1.437699680511173,NEUTRAL,2026-07-02,True,False,LIFECYCLE_OUTCOME_LEAKAGE_FOUND
5471,2026-06-15,2026-06-22,7.317073170731714,NEUTRAL,0.3144654088050203,NEUTRAL,2026-07-06,True,False,LIFECYCLE_OUTCOME_LEAKAGE_FOUND
5471,2026-06-15,2026-06-23,7.317073170731714,NEUTRAL,-2.083333333333326,NEUTRAL,2026-07-07,True,False,LIFECYCLE_OUTCOME_LEAKAGE_FOUND
5471,2026-06-15,2026-07-01,7.317073170731714,NEUTRAL,0.5016722408026864,NEUTRAL,2026-07-16,True,False,LIFECYCLE_OUTCOME_LEAKAGE_FOUND
5471,2026-06-15,2026-07-09,7.317073170731714,NEUTRAL,-18.934911242603548,LOSER,2026-07-24,True,True,LIFECYCLE_OUTCOME_LEAKAGE_FOUND
5519,2026-06-11,2026-06-11,0.4431314623338123,NEUTRAL,0.4431314623338123,NEUTRAL,2026-06-26,False,False,NO_COPY_PATTERN
5519,2026-06-11,2026-06-12,0.4431314623338123,NEUTRAL,-0.8695652173912993,NEUTRAL,2026-06-29,True,False,LIFECYCLE_OUTCOME_LEAKAGE_FOUND
5519,2026-06-11,2026-06-26,0.4431314623338123,NEUTRAL,-15.000000000000002,LOSER,2026-07-13,True,True,LIFECYCLE_OUTCOME_LEAKAGE_FOUND
5546,2026-06-11,2026-06-11,-5.000000000000004,NEUTRAL,-5.000000000000004,NEUTRAL,2026-06-26,False,False,NO_COPY_PATTERN
5880,2026-06-25,2026-06-25,0.1992031872509736,NEUTRAL,0.19920318725097363,NEUTRAL,2026-07-09,False,False,NO_COPY_PATTERN
5880,2026-06-25,2026-06-26,0.1992031872509736,NEUTRAL,2.0242914979757165,NEUTRAL,2026-07-13,True,False,LIFECYCLE_OUTCOME_LEAKAGE_FOUND
6133,2026-06-11,2026-06-11,-5.054945054945048,NEUTRAL,-5.054945054945048,NEUTRAL,2026-06-26,False,False,NO_COPY_PATTERN
6133,2026-06-11,2026-07-02,-5.054945054945048,NEUTRAL,-19.80952380952381,LOSER,2026-07-17,True,True,LIFECYCLE_OUTCOME_LEAKAGE_FOUND
6141,2026-06-11,2026-06-11,23.417721518987335,WINNER,23.417721518987335,WINNER,2026-06-26,False,False,NO_COPY_PATTERN
6141,2026-06-11,2026-06-25,23.417721518987335,WINNER,-7.683215130023646,LOSER,2026-07-09,True,True,LIFECYCLE_OUTCOME_LEAKAGE_FOUND
6141,2026-06-11,2026-07-13,23.417721518987335,WINNER,-8.147174770039411,LOSER,2026-07-27,True,True,LIFECYCLE_OUTCOME_LEAKAGE_FOUND
6168,2026-06-26,2026-06-26,-6.280991735537189,LOSER,-6.280991735537189,LOSER,2026-07-13,False,False,NO_COPY_PATTERN
6168,2026-06-26,2026-06-30,-6.280991735537189,LOSER,-11.111111111111105,LOSER,2026-07-15,True,False,LIFECYCLE_OUTCOME_LEAKAGE_FOUND
6176,2026-07-09,2026-07-09,-2.759381898454749,NEUTRAL,-2.759381898454749,NEUTRAL,2026-07-24,False,False,NO_COPY_PATTERN
6177,2026-06-26,2026-06-26,0.9857612267250904,NEUTRAL,0.9857612267250904,NEUTRAL,2026-07-13,False,False,NO_COPY_PATTERN
6177,2026-06-26,2026-07-15,0.9857612267250904,NEUTRAL,,,,True,False,LIFECYCLE_OUTCOME_LEAKAGE_FOUND
6177,2026-06-26,2026-07-16,0.9857612267250904,NEUTRAL,,,,True,False,LIFECYCLE_OUTCOME_LEAKAGE_FOUND
6177,2026-06-26,2026-07-17,0.9857612267250904,NEUTRAL,,,,True,False,LIFECYCLE_OUTCOME_LEAKAGE_FOUND
6177,2026-06-26,2026-07-20,0.9857612267250904,NEUTRAL,,,,True,False,LIFECYCLE_OUTCOME_LEAKAGE_FOUND
6177,2026-06-26,2026-07-21,0.9857612267250904,NEUTRAL,,,,True,False,LIFECYCLE_OUTCOME_LEAKAGE_FOUND
6177,2026-06-26,2026-07-22,0.9857612267250904,NEUTRAL,,,,True,False,LIFECYCLE_OUTCOME_LEAKAGE_FOUND
6177,2026-06-26,2026-07-23,0.9857612267250904,NEUTRAL,,,,True,False,LIFECYCLE_OUTCOME_LEAKAGE_FOUND
6177,2026-06-26,2026-07-24,0.9857612267250904,NEUTRAL,,,,True,False,LIFECYCLE_OUTCOME_LEAKAGE_FOUND
6189,2026-06-11,2026-06-11,-3.441682600382401,NEUTRAL,-3.441682600382401,NEUTRAL,2026-06-26,False,False,NO_COPY_PATTERN
6191,2026-06-15,2026-06-15,3.398058252427183,NEUTRAL,3.398058252427183,NEUTRAL,2026-06-30,False,False,NO_COPY_PATTERN
6191,2026-06-15,2026-06-29,3.398058252427183,NEUTRAL,-9.245283018867923,LOSER,2026-07-14,True,True,LIFECYCLE_OUTCOME_LEAKAGE_FOUND
6191,2026-06-15,2026-06-30,3.398058252427183,NEUTRAL,-9.014084507042252,LOSER,2026-07-15,True,True,LIFECYCLE_OUTCOME_LEAKAGE_FOUND
6191,2026-06-15,2026-07-01,3.398058252427183,NEUTRAL,-9.661835748792269,LOSER,2026-07-16,True,True,LIFECYCLE_OUTCOME_LEAKAGE_FOUND
6201,2026-07-07,2026-07-07,-0.3051881993896166,NEUTRAL,-0.3051881993896166,NEUTRAL,2026-07-22,False,False,NO_COPY_PATTERN
6202,2026-06-15,2026-06-15,-0.1533742331288445,NEUTRAL,-0.15337423312884457,NEUTRAL,2026-06-30,False,False,NO_COPY_PATTERN
6202,2026-06-15,2026-06-17,-0.1533742331288445,NEUTRAL,6.8807339449541205,NEUTRAL,2026-07-02,True,False,LIFECYCLE_OUTCOME_LEAKAGE_FOUND
6202,2026-06-15,2026-06-29,-0.1533742331288445,NEUTRAL,7.460317460317456,NEUTRAL,2026-07-14,True,False,LIFECYCLE_OUTCOME_LEAKAGE_FOUND
6202,2026-06-15,2026-07-09,-0.1533742331288445,NEUTRAL,-26.05729877216916,LOSER,2026-07-24,True,True,LIFECYCLE_OUTCOME_LEAKAGE_FOUND
6205,2026-06-12,2026-06-12,-15.14450867052023,LOSER,-15.14450867052023,LOSER,2026-06-29,False,False,NO_COPY_PATTERN
6213,2026-06-17,2026-06-17,34.01869158878505,WINNER,34.01869158878505,WINNER,2026-07-02,False,False,NO_COPY_PATTERN
6213,2026-06-17,2026-06-18,34.01869158878505,WINNER,40.71428571428572,WINNER,2026-07-03,True,False,LIFECYCLE_OUTCOME_LEAKAGE_FOUND
6213,2026-06-17,2026-06-22,34.01869158878505,WINNER,28.57142857142858,WINNER,2026-07-06,True,False,LIFECYCLE_OUTCOME_LEAKAGE_FOUND
6213,2026-06-17,2026-06-23,34.01869158878505,WINNER,34.87544483985765,WINNER,2026-07-07,True,False,LIFECYCLE_OUTCOME_LEAKAGE_FOUND
6213,2026-06-17,2026-06-24,34.01869158878505,WINNER,27.346278317152105,WINNER,2026-07-08,True,False,LIFECYCLE_OUTCOME_LEAKAGE_FOUND
6213,2026-06-17,2026-06-25,34.01869158878505,WINNER,13.4020618556701,WINNER,2026-07-09,True,False,LIFECYCLE_OUTCOME_LEAKAGE_FOUND
6213,2026-06-17,2026-06-26,34.01869158878505,WINNER,3.7518037518037506,NEUTRAL,2026-07-13,True,True,LIFECYCLE_OUTCOME_LEAKAGE_FOUND
6213,2026-06-17,2026-06-29,34.01869158878505,WINNER,1.3081395348837122,NEUTRAL,2026-07-14,True,True,LIFECYCLE_OUTCOME_LEAKAGE_FOUND
6213,2026-06-17,2026-06-30,34.01869158878505,WINNER,-9.581646423751689,LOSER,2026-07-15,True,True,LIFECYCLE_OUTCOME_LEAKAGE_FOUND
6213,2026-06-17,2026-07-01,34.01869158878505,WINNER,-9.722222222222221,LOSER,2026-07-16,True,True,LIFECYCLE_OUTCOME_LEAKAGE_FOUND
6213,2026-06-17,2026-07-03,34.01869158878505,WINNER,-18.147208121827408,LOSER,2026-07-20,True,True,LIFECYCLE_OUTCOME_LEAKAGE_FOUND
6213,2026-06-17,2026-07-06,34.01869158878505,WINNER,-10.479797979797977,LOSER,2026-07-21,True,True,LIFECYCLE_OUTCOME_LEAKAGE_FOUND
6213,2026-06-17,2026-07-07,34.01869158878505,WINNER,-3.16622691292876,NEUTRAL,2026-07-22,True,True,LIFECYCLE_OUTCOME_LEAKAGE_FOUND
6213,2026-06-17,2026-07-08,34.01869158878505,WINNER,-12.706480304955525,LOSER,2026-07-23,True,True,LIFECYCLE_OUTCOME_LEAKAGE_FOUND
6213,2026-06-17,2026-07-09,34.01869158878505,WINNER,-19.61038961038961,LOSER,2026-07-24,True,True,LIFECYCLE_OUTCOME_LEAKAGE_FOUND
6213,2026-06-17,2026-07-13,34.01869158878505,WINNER,-14.60361613351877,LOSER,2026-07-27,True,True,LIFECYCLE_OUTCOME_LEAKAGE_FOUND
6213,2026-06-17,2026-07-14,34.01869158878505,WINNER,,,,True,False,LIFECYCLE_OUTCOME_LEAKAGE_FOUND
6213,2026-06-17,2026-07-17,34.01869158878505,WINNER,,,,True,False,LIFECYCLE_OUTCOME_LEAKAGE_FOUND
6213,2026-06-17,2026-07-22,34.01869158878505,WINNER,,,,True,False,LIFECYCLE_OUTCOME_LEAKAGE_FOUND
6235,2026-07-06,2026-07-06,-14.909478168264112,LOSER,-14.909478168264112,LOSER,2026-07-21,False,False,NO_COPY_PATTERN
6243,2026-06-23,2026-06-23,-5.421686746987953,NEUTRAL,-5.421686746987953,NEUTRAL,2026-07-07,False,False,NO_COPY_PATTERN
6243,2026-06-23,2026-06-24,-5.421686746987953,NEUTRAL,-12.376779846659359,LOSER,2026-07-08,True,True,LIFECYCLE_OUTCOME_LEAKAGE_FOUND
6243,2026-06-23,2026-06-25,-5.421686746987953,NEUTRAL,-10.520361990950233,LOSER,2026-07-09,True,True,LIFECYCLE_OUTCOME_LEAKAGE_FOUND
6243,2026-06-23,2026-06-26,-5.421686746987953,NEUTRAL,-16.162790697674424,LOSER,2026-07-13,True,True,LIFECYCLE_OUTCOME_LEAKAGE_FOUND
6243,2026-06-23,2026-07-15,-5.421686746987953,NEUTRAL,,,,True,False,LIFECYCLE_OUTCOME_LEAKAGE_FOUND
6243,2026-06-23,2026-07-16,-5.421686746987953,NEUTRAL,,,,True,False,LIFECYCLE_OUTCOME_LEAKAGE_FOUND
6243,2026-06-23,2026-07-17,-5.421686746987953,NEUTRAL,,,,True,False,LIFECYCLE_OUTCOME_LEAKAGE_FOUND
6243,2026-06-23,2026-07-20,-5.421686746987953,NEUTRAL,,,,True,False,LIFECYCLE_OUTCOME_LEAKAGE_FOUND
6243,2026-06-23,2026-07-21,-5.421686746987953,NEUTRAL,,,,True,False,LIFECYCLE_OUTCOME_LEAKAGE_FOUND
6243,2026-06-23,2026-07-22,-5.421686746987953,NEUTRAL,,,,True,False,LIFECYCLE_OUTCOME_LEAKAGE_FOUND
6243,2026-06-23,2026-07-24,-5.421686746987953,NEUTRAL,,,,True,False,LIFECYCLE_OUTCOME_LEAKAGE_FOUND
6257,2026-06-23,2026-06-23,2.1097046413502074,NEUTRAL,2.1097046413502074,NEUTRAL,2026-07-07,False,False,NO_COPY_PATTERN
6257,2026-06-23,2026-06-24,2.1097046413502074,NEUTRAL,0.8247422680412342,NEUTRAL,2026-07-08,True,False,LIFECYCLE_OUTCOME_LEAKAGE_FOUND
6257,2026-06-23,2026-07-01,2.1097046413502074,NEUTRAL,-2.857142857142858,NEUTRAL,2026-07-16,True,False,LIFECYCLE_OUTCOME_LEAKAGE_FOUND
6257,2026-06-23,2026-07-02,2.1097046413502074,NEUTRAL,-14.541832669322707,LOSER,2026-07-17,True,True,LIFECYCLE_OUTCOME_LEAKAGE_FOUND
6257,2026-06-23,2026-07-06,2.1097046413502074,NEUTRAL,-20.879120879120883,LOSER,2026-07-21,True,True,LIFECYCLE_OUTCOME_LEAKAGE_FOUND
6416,2026-07-07,2026-07-07,16.483516483516492,WINNER,16.483516483516492,WINNER,2026-07-22,False,False,NO_COPY_PATTERN
6416,2026-07-07,2026-07-08,16.483516483516492,WINNER,9.567901234567898,NEUTRAL,2026-07-23,True,True,LIFECYCLE_OUTCOME_LEAKAGE_FOUND
6416,2026-07-07,2026-07-09,16.483516483516492,WINNER,5.182926829268286,NEUTRAL,2026-07-24,True,True,LIFECYCLE_OUTCOME_LEAKAGE_FOUND
6416,2026-07-07,2026-07-13,16.483516483516492,WINNER,5.4808686659772565,NEUTRAL,2026-07-27,True,True,LIFECYCLE_OUTCOME_LEAKAGE_FOUND
6416,2026-07-07,2026-07-14,16.483516483516492,WINNER,,,,True,False,LIFECYCLE_OUTCOME_LEAKAGE_FOUND
6416,2026-07-07,2026-07-16,16.483516483516492,WINNER,,,,True,False,LIFECYCLE_OUTCOME_LEAKAGE_FOUND
6416,2026-07-07,2026-07-17,16.483516483516492,WINNER,,,,True,False,LIFECYCLE_OUTCOME_LEAKAGE_FOUND
6416,2026-07-07,2026-07-20,16.483516483516492,WINNER,,,,True,False,LIFECYCLE_OUTCOME_LEAKAGE_FOUND
6416,2026-07-07,2026-07-21,16.483516483516492,WINNER,,,,True,False,LIFECYCLE_OUTCOME_LEAKAGE_FOUND
6416,2026-07-07,2026-07-22,16.483516483516492,WINNER,,,,True,False,LIFECYCLE_OUTCOME_LEAKAGE_FOUND
6416,2026-07-07,2026-07-23,16.483516483516492,WINNER,,,,True,False,LIFECYCLE_OUTCOME_LEAKAGE_FOUND
6416,2026-07-07,2026-07-24,16.483516483516492,WINNER,,,,True,False,LIFECYCLE_OUTCOME_LEAKAGE_FOUND
6472,2026-06-17,2026-06-17,4.7272727272727355,NEUTRAL,4.7272727272727355,NEUTRAL,2026-07-02,False,False,NO_COPY_PATTERN
6472,2026-06-17,2026-06-18,4.7272727272727355,NEUTRAL,4.023668639053257,NEUTRAL,2026-07-03,True,False,LIFECYCLE_OUTCOME_LEAKAGE_FOUND
6472,2026-06-17,2026-06-22,4.7272727272727355,NEUTRAL,1.6548463356973908,NEUTRAL,2026-07-06,True,False,LIFECYCLE_OUTCOME_LEAKAGE_FOUND
6472,2026-06-17,2026-07-14,4.7272727272727355,NEUTRAL,,,,True,False,LIFECYCLE_OUTCOME_LEAKAGE_FOUND
6472,2026-06-17,2026-07-15,4.7272727272727355,NEUTRAL,,,,True,False,LIFECYCLE_OUTCOME_LEAKAGE_FOUND
6477,2026-07-03,2026-07-03,11.111111111111116,NEUTRAL,11.111111111111116,NEUTRAL,2026-07-20,False,False,NO_COPY_PATTERN
6477,2026-07-03,2026-07-06,11.111111111111116,NEUTRAL,8.450704225352123,NEUTRAL,2026-07-21,True,False,LIFECYCLE_OUTCOME_LEAKAGE_FOUND
6477,2026-07-03,2026-07-20,11.111111111111116,NEUTRAL,,,,True,False,LIFECYCLE_OUTCOME_LEAKAGE_FOUND
6477,2026-07-03,2026-07-21,11.111111111111116,NEUTRAL,,,,True,False,LIFECYCLE_OUTCOME_LEAKAGE_FOUND
6477,2026-07-03,2026-07-22,11.111111111111116,NEUTRAL,,,,True,False,LIFECYCLE_OUTCOME_LEAKAGE_FOUND
6477,2026-07-03,2026-07-23,11.111111111111116,NEUTRAL,,,,True,False,LIFECYCLE_OUTCOME_LEAKAGE_FOUND
6477,2026-07-03,2026-07-24,11.111111111111116,NEUTRAL,,,,True,False,LIFECYCLE_OUTCOME_LEAKAGE_FOUND
6491,2026-06-29,2026-06-29,8.006042296072513,NEUTRAL,8.006042296072513,NEUTRAL,2026-07-14,False,False,NO_COPY_PATTERN
6491,2026-06-29,2026-06-30,8.006042296072513,NEUTRAL,5.797101449275366,NEUTRAL,2026-07-15,True,False,LIFECYCLE_OUTCOME_LEAKAGE_FOUND
6491,2026-06-29,2026-07-01,8.006042296072513,NEUTRAL,5.735294117647061,NEUTRAL,2026-07-16,True,False,LIFECYCLE_OUTCOME_LEAKAGE_FOUND
6491,2026-06-29,2026-07-02,8.006042296072513,NEUTRAL,-3.458213256484155,NEUTRAL,2026-07-17,True,False,LIFECYCLE_OUTCOME_LEAKAGE_FOUND
6491,2026-06-29,2026-07-03,8.006042296072513,NEUTRAL,-9.932885906040267,LOSER,2026-07-20,True,True,LIFECYCLE_OUTCOME_LEAKAGE_FOUND
6491,2026-06-29,2026-07-06,8.006042296072513,NEUTRAL,-10.427807486631014,LOSER,2026-07-21,True,True,LIFECYCLE_OUTCOME_LEAKAGE_FOUND
6491,2026-06-29,2026-07-07,8.006042296072513,NEUTRAL,-10.582010582010582,LOSER,2026-07-22,True,True,LIFECYCLE_OUTCOME_LEAKAGE_FOUND
6491,2026-06-29,2026-07-14,8.006042296072513,NEUTRAL,,,,True,False,LIFECYCLE_OUTCOME_LEAKAGE_FOUND
6491,2026-06-29,2026-07-15,8.006042296072513,NEUTRAL,,,,True,False,LIFECYCLE_OUTCOME_LEAKAGE_FOUND
6505,2026-06-24,2026-06-24,7.608695652173902,NEUTRAL,7.608695652173902,NEUTRAL,2026-07-08,False,False,NO_COPY_PATTERN
6505,2026-06-24,2026-06-25,7.608695652173902,NEUTRAL,5.187835420393561,NEUTRAL,2026-07-09,True,False,LIFECYCLE_OUTCOME_LEAKAGE_FOUND
6505,2026-06-24,2026-06-26,7.608695652173902,NEUTRAL,17.943925233644855,WINNER,2026-07-13,True,True,LIFECYCLE_OUTCOME_LEAKAGE_FOUND
6505,2026-06-24,2026-06-29,7.608695652173902,NEUTRAL,19.710669077757693,WINNER,2026-07-14,True,True,LIFECYCLE_OUTCOME_LEAKAGE_FOUND
6505,2026-06-24,2026-07-06,7.608695652173902,NEUTRAL,43.529411764705884,WINNER,2026-07-21,True,True,LIFECYCLE_OUTCOME_LEAKAGE_FOUND
6505,2026-06-24,2026-07-13,7.608695652173902,NEUTRAL,23.454833597464344,WINNER,2026-07-27,True,True,LIFECYCLE_OUTCOME_LEAKAGE_FOUND
6505,2026-06-24,2026-07-14,7.608695652173902,NEUTRAL,,,,True,False,LIFECYCLE_OUTCOME_LEAKAGE_FOUND
6505,2026-06-24,2026-07-15,7.608695652173902,NEUTRAL,,,,True,False,LIFECYCLE_OUTCOME_LEAKAGE_FOUND
6505,2026-06-24,2026-07-16,7.608695652173902,NEUTRAL,,,,True,False,LIFECYCLE_OUTCOME_LEAKAGE_FOUND
6505,2026-06-24,2026-07-17,7.608695652173902,NEUTRAL,,,,True,False,LIFECYCLE_OUTCOME_LEAKAGE_FOUND
6505,2026-06-24,2026-07-20,7.608695652173902,NEUTRAL,,,,True,False,LIFECYCLE_OUTCOME_LEAKAGE_FOUND
6505,2026-06-24,2026-07-21,7.608695652173902,NEUTRAL,,,,True,False,LIFECYCLE_OUTCOME_LEAKAGE_FOUND
6505,2026-06-24,2026-07-22,7.608695652173902,NEUTRAL,,,,True,False,LIFECYCLE_OUTCOME_LEAKAGE_FOUND
6505,2026-06-24,2026-07-23,7.608695652173902,NEUTRAL,,,,True,False,LIFECYCLE_OUTCOME_LEAKAGE_FOUND
6505,2026-06-24,2026-07-24,7.608695652173902,NEUTRAL,,,,True,False,LIFECYCLE_OUTCOME_LEAKAGE_FOUND
6515,2026-07-02,2026-07-02,-34.962406015037594,LOSER,-34.962406015037594,LOSER,2026-07-17,False,False,NO_COPY_PATTERN
6515,2026-07-02,2026-07-03,-34.962406015037594,LOSER,-38.888888888888886,LOSER,2026-07-20,True,False,LIFECYCLE_OUTCOME_LEAKAGE_FOUND
6525,2026-07-02,2026-07-02,3.603603603603611,NEUTRAL,3.603603603603611,NEUTRAL,2026-07-17,False,False,NO_COPY_PATTERN
6525,2026-07-02,2026-07-03,3.603603603603611,NEUTRAL,-15.02732240437158,LOSER,2026-07-20,True,True,LIFECYCLE_OUTCOME_LEAKAGE_FOUND
6525,2026-07-02,2026-07-06,3.603603603603611,NEUTRAL,-24.87562189054726,LOSER,2026-07-21,True,True,LIFECYCLE_OUTCOME_LEAKAGE_FOUND
6525,2026-07-02,2026-07-07,3.603603603603611,NEUTRAL,-29.864253393665162,LOSER,2026-07-22,True,True,LIFECYCLE_OUTCOME_LEAKAGE_FOUND
6525,2026-07-02,2026-07-08,3.603603603603611,NEUTRAL,-25.125628140703515,LOSER,2026-07-23,True,True,LIFECYCLE_OUTCOME_LEAKAGE_FOUND
6525,2026-07-02,2026-07-09,3.603603603603611,NEUTRAL,-29.07268170426065,LOSER,2026-07-24,True,True,LIFECYCLE_OUTCOME_LEAKAGE_FOUND
6525,2026-07-02,2026-07-13,3.603603603603611,NEUTRAL,-26.233766233766232,LOSER,2026-07-27,True,True,LIFECYCLE_OUTCOME_LEAKAGE_FOUND
6525,2026-07-02,2026-07-14,3.603603603603611,NEUTRAL,,,,True,False,LIFECYCLE_OUTCOME_LEAKAGE_FOUND
6525,2026-07-02,2026-07-15,3.603603603603611,NEUTRAL,,,,True,False,LIFECYCLE_OUTCOME_LEAKAGE_FOUND
6525,2026-07-02,2026-07-16,3.603603603603611,NEUTRAL,,,,True,False,LIFECYCLE_OUTCOME_LEAKAGE_FOUND
6525,2026-07-02,2026-07-17,3.603603603603611,NEUTRAL,,,,True,False,LIFECYCLE_OUTCOME_LEAKAGE_FOUND
6573,2026-06-23,2026-06-23,28.132992327365724,WINNER,28.132992327365724,WINNER,2026-07-07,False,False,NO_COPY_PATTERN
6573,2026-06-23,2026-06-24,28.132992327365724,WINNER,28.13953488372094,WINNER,2026-07-08,True,False,LIFECYCLE_OUTCOME_LEAKAGE_FOUND
6573,2026-06-23,2026-06-25,28.132992327365724,WINNER,33.09523809523809,WINNER,2026-07-09,True,False,LIFECYCLE_OUTCOME_LEAKAGE_FOUND
6573,2026-06-23,2026-06-30,28.132992327365724,WINNER,7.603686635944706,NEUTRAL,2026-07-15,True,True,LIFECYCLE_OUTCOME_LEAKAGE_FOUND
6573,2026-06-23,2026-07-03,28.132992327365724,WINNER,-20.517928286852595,LOSER,2026-07-20,True,True,LIFECYCLE_OUTCOME_LEAKAGE_FOUND
6573,2026-06-23,2026-07-06,28.132992327365724,WINNER,-28.44202898550725,LOSER,2026-07-21,True,True,LIFECYCLE_OUTCOME_LEAKAGE_FOUND
6573,2026-06-23,2026-07-07,28.132992327365724,WINNER,-13.373253493013982,LOSER,2026-07-22,True,True,LIFECYCLE_OUTCOME_LEAKAGE_FOUND
6573,2026-06-23,2026-07-08,28.132992327365724,WINNER,-26.86025408348458,LOSER,2026-07-23,True,True,LIFECYCLE_OUTCOME_LEAKAGE_FOUND
6573,2026-06-23,2026-07-09,28.132992327365724,WINNER,-32.021466905187836,LOSER,2026-07-24,True,True,LIFECYCLE_OUTCOME_LEAKAGE_FOUND
6573,2026-06-23,2026-07-13,28.132992327365724,WINNER,-29.61538461538461,LOSER,2026-07-27,True,True,LIFECYCLE_OUTCOME_LEAKAGE_FOUND
6573,2026-06-23,2026-07-14,28.132992327365724,WINNER,,,,True,False,LIFECYCLE_OUTCOME_LEAKAGE_FOUND
6573,2026-06-23,2026-07-15,28.132992327365724,WINNER,,,,True,False,LIFECYCLE_OUTCOME_LEAKAGE_FOUND
6573,2026-06-23,2026-07-16,28.132992327365724,WINNER,,,,True,False,LIFECYCLE_OUTCOME_LEAKAGE_FOUND
6573,2026-06-23,2026-07-17,28.132992327365724,WINNER,,,,True,False,LIFECYCLE_OUTCOME_LEAKAGE_FOUND
6573,2026-06-23,2026-07-20,28.132992327365724,WINNER,,,,True,False,LIFECYCLE_OUTCOME_LEAKAGE_FOUND
6582,2026-06-25,2026-06-25,-0.3039513677811634,NEUTRAL,-0.3039513677811634,NEUTRAL,2026-07-09,False,False,NO_COPY_PATTERN
6582,2026-06-25,2026-06-29,-0.3039513677811634,NEUTRAL,-3.3132530120482007,NEUTRAL,2026-07-14,True,False,LIFECYCLE_OUTCOME_LEAKAGE_FOUND
6582,2026-06-25,2026-07-16,-0.3039513677811634,NEUTRAL,,,,True,False,LIFECYCLE_OUTCOME_LEAKAGE_FOUND
6582,2026-06-25,2026-07-21,-0.3039513677811634,NEUTRAL,,,,True,False,LIFECYCLE_OUTCOME_LEAKAGE_FOUND
6691,2026-06-12,2026-06-12,15.384615384615374,WINNER,15.384615384615374,WINNER,2026-06-29,False,False,NO_COPY_PATTERN
6691,2026-06-12,2026-06-15,15.384615384615374,WINNER,0.5284015852047519,NEUTRAL,2026-06-30,True,True,LIFECYCLE_OUTCOME_LEAKAGE_FOUND
6691,2026-06-12,2026-06-22,15.384615384615374,WINNER,2.7472527472527375,NEUTRAL,2026-07-06,True,True,LIFECYCLE_OUTCOME_LEAKAGE_FOUND
6691,2026-06-12,2026-06-23,15.384615384615374,WINNER,2.2471910112359605,NEUTRAL,2026-07-07,True,True,LIFECYCLE_OUTCOME_LEAKAGE_FOUND
6691,2026-06-12,2026-06-25,15.384615384615374,WINNER,-11.166875784190712,LOSER,2026-07-09,True,True,LIFECYCLE_OUTCOME_LEAKAGE_FOUND
6691,2026-06-12,2026-06-26,15.384615384615374,WINNER,-8.575031525851195,LOSER,2026-07-13,True,True,LIFECYCLE_OUTCOME_LEAKAGE_FOUND
6691,2026-06-12,2026-06-29,15.384615384615374,WINNER,-11.32075471698113,LOSER,2026-07-14,True,True,LIFECYCLE_OUTCOME_LEAKAGE_FOUND
6691,2026-06-12,2026-07-01,15.384615384615374,WINNER,0.5333333333333412,NEUTRAL,2026-07-16,True,True,LIFECYCLE_OUTCOME_LEAKAGE_FOUND
6691,2026-06-12,2026-07-02,15.384615384615374,WINNER,-8.09399477806788,LOSER,2026-07-17,True,True,LIFECYCLE_OUTCOME_LEAKAGE_FOUND
6691,2026-06-12,2026-07-03,15.384615384615374,WINNER,-9.055118110236215,LOSER,2026-07-20,True,True,LIFECYCLE_OUTCOME_LEAKAGE_FOUND
6691,2026-06-12,2026-07-13,15.384615384615374,WINNER,-4.0000000000000036,NEUTRAL,2026-07-27,True,True,LIFECYCLE_OUTCOME_LEAKAGE_FOUND
6715,2026-06-23,2026-06-23,-20.562390158172228,LOSER,-20.562390158172228,LOSER,2026-07-07,False,False,NO_COPY_PATTERN
6715,2026-06-23,2026-06-24,-20.562390158172228,LOSER,-15.204678362573098,LOSER,2026-07-08,True,False,LIFECYCLE_OUTCOME_LEAKAGE_FOUND
6743,2026-06-26,2026-06-26,-2.568218298555369,NEUTRAL,-2.568218298555369,NEUTRAL,2026-07-13,False,False,NO_COPY_PATTERN
6743,2026-06-26,2026-07-20,-2.568218298555369,NEUTRAL,,,,True,False,LIFECYCLE_OUTCOME_LEAKAGE_FOUND
6743,2026-06-26,2026-07-21,-2.568218298555369,NEUTRAL,,,,True,False,LIFECYCLE_OUTCOME_LEAKAGE_FOUND
6743,2026-06-26,2026-07-24,-2.568218298555369,NEUTRAL,,,,True,False,LIFECYCLE_OUTCOME_LEAKAGE_FOUND
6753,2026-07-02,2026-07-02,-0.7142857142857117,NEUTRAL,-0.7142857142857117,NEUTRAL,2026-07-17,False,False,NO_COPY_PATTERN
6753,2026-07-02,2026-07-03,-0.7142857142857117,NEUTRAL,-9.41558441558441,LOSER,2026-07-20,True,True,LIFECYCLE_OUTCOME_LEAKAGE_FOUND
6753,2026-07-02,2026-07-13,-0.7142857142857117,NEUTRAL,-13.479623824451414,LOSER,2026-07-27,True,True,LIFECYCLE_OUTCOME_LEAKAGE_FOUND
6753,2026-07-02,2026-07-14,-0.7142857142857117,NEUTRAL,,,,True,False,LIFECYCLE_OUTCOME_LEAKAGE_FOUND
6753,2026-07-02,2026-07-15,-0.7142857142857117,NEUTRAL,,,,True,False,LIFECYCLE_OUTCOME_LEAKAGE_FOUND
6753,2026-07-02,2026-07-21,-0.7142857142857117,NEUTRAL,,,,True,False,LIFECYCLE_OUTCOME_LEAKAGE_FOUND
6782,2026-07-06,2026-07-06,-6.714628297362113,LOSER,-6.714628297362113,LOSER,2026-07-21,False,False,NO_COPY_PATTERN
6782,2026-07-06,2026-07-07,-6.714628297362113,LOSER,-10.663507109004744,LOSER,2026-07-22,True,False,LIFECYCLE_OUTCOME_LEAKAGE_FOUND
6794,2026-07-08,2026-07-08,-5.589307411907651,NEUTRAL,-5.589307411907651,NEUTRAL,2026-07-23,False,False,NO_COPY_PATTERN
6873,2026-07-07,2026-07-07,-1.7937219730941756,NEUTRAL,-1.7937219730941756,NEUTRAL,2026-07-22,False,False,NO_COPY_PATTERN
6873,2026-07-07,2026-07-13,-1.7937219730941756,NEUTRAL,-5.2222222222222285,NEUTRAL,2026-07-27,True,False,LIFECYCLE_OUTCOME_LEAKAGE_FOUND
6873,2026-07-07,2026-07-14,-1.7937219730941756,NEUTRAL,,,,True,False,LIFECYCLE_OUTCOME_LEAKAGE_FOUND
6909,2026-06-24,2026-06-24,-12.74834437086092,LOSER,-12.74834437086092,LOSER,2026-07-08,False,False,NO_COPY_PATTERN
6909,2026-06-24,2026-06-25,-12.74834437086092,LOSER,-12.157534246575342,LOSER,2026-07-09,True,False,LIFECYCLE_OUTCOME_LEAKAGE_FOUND
6909,2026-06-24,2026-06-26,-12.74834437086092,LOSER,-9.363636363636363,LOSER,2026-07-13,True,False,LIFECYCLE_OUTCOME_LEAKAGE_FOUND
6918,2026-07-06,2026-07-06,-3.443708609271512,NEUTRAL,-3.443708609271512,NEUTRAL,2026-07-21,False,False,NO_COPY_PATTERN
6919,2026-06-22,2026-06-22,-16.317991631799167,LOSER,-16.317991631799167,LOSER,2026-07-06,False,False,NO_COPY_PATTERN
6919,2026-06-22,2026-07-14,-16.317991631799167,LOSER,,,,True,False,LIFECYCLE_OUTCOME_LEAKAGE_FOUND
6919,2026-06-22,2026-07-15,-16.317991631799167,LOSER,,,,True,False,LIFECYCLE_OUTCOME_LEAKAGE_FOUND
6928,2026-07-09,2026-07-09,0.5628517823639934,NEUTRAL,0.5628517823639934,NEUTRAL,2026-07-24,False,False,NO_COPY_PATTERN
6928,2026-07-09,2026-07-13,0.5628517823639934,NEUTRAL,-6.13382899628252,LOSER,2026-07-27,True,True,LIFECYCLE_OUTCOME_LEAKAGE_FOUND
6928,2026-07-09,2026-07-20,0.5628517823639934,NEUTRAL,,,,True,False,LIFECYCLE_OUTCOME_LEAKAGE_FOUND
6928,2026-07-09,2026-07-21,0.5628517823639934,NEUTRAL,,,,True,False,LIFECYCLE_OUTCOME_LEAKAGE_FOUND
6928,2026-07-09,2026-07-22,0.5628517823639934,NEUTRAL,,,,True,False,LIFECYCLE_OUTCOME_LEAKAGE_FOUND
6928,2026-07-09,2026-07-23,0.5628517823639934,NEUTRAL,,,,True,False,LIFECYCLE_OUTCOME_LEAKAGE_FOUND
6928,2026-07-09,2026-07-24,0.5628517823639934,NEUTRAL,,,,True,False,LIFECYCLE_OUTCOME_LEAKAGE_FOUND
6934,2026-07-08,2026-07-08,8.42391304347827,NEUTRAL,8.42391304347827,NEUTRAL,2026-07-23,False,False,NO_COPY_PATTERN
6934,2026-07-08,2026-07-09,8.42391304347827,NEUTRAL,-0.8782936010037656,NEUTRAL,2026-07-24,True,False,LIFECYCLE_OUTCOME_LEAKAGE_FOUND
6934,2026-07-08,2026-07-15,8.42391304347827,NEUTRAL,,,,True,False,LIFECYCLE_OUTCOME_LEAKAGE_FOUND
6934,2026-07-08,2026-07-24,8.42391304347827,NEUTRAL,,,,True,False,LIFECYCLE_OUTCOME_LEAKAGE_FOUND
6944,2026-06-12,2026-06-12,-0.7063572149344055,NEUTRAL,-0.7063572149344055,NEUTRAL,2026-06-29,False,False,NO_COPY_PATTERN
6944,2026-06-12,2026-06-15,-0.7063572149344055,NEUTRAL,-2.7860696517412964,NEUTRAL,2026-06-30,True,False,LIFECYCLE_OUTCOME_LEAKAGE_FOUND
6944,2026-06-12,2026-06-22,-0.7063572149344055,NEUTRAL,-8.317757009345794,LOSER,2026-07-06,True,True,LIFECYCLE_OUTCOME_LEAKAGE_FOUND
6944,2026-06-12,2026-06-23,-0.7063572149344055,NEUTRAL,-8.584905660377363,LOSER,2026-07-07,True,True,LIFECYCLE_OUTCOME_LEAKAGE_FOUND
6944,2026-06-12,2026-07-13,-0.7063572149344055,NEUTRAL,-24.78468899521531,LOSER,2026-07-27,True,True,LIFECYCLE_OUTCOME_LEAKAGE_FOUND
6944,2026-06-12,2026-07-15,-0.7063572149344055,NEUTRAL,,,,True,False,LIFECYCLE_OUTCOME_LEAKAGE_FOUND
7631,2026-06-26,2026-06-26,-11.585365853658535,LOSER,-11.585365853658535,LOSER,2026-07-13,False,False,NO_COPY_PATTERN
7631,2026-06-26,2026-06-29,-11.585365853658535,LOSER,-16.384180790960457,LOSER,2026-07-14,True,False,LIFECYCLE_OUTCOME_LEAKAGE_FOUND
7631,2026-06-26,2026-07-06,-11.585365853658535,LOSER,-9.385113268608414,LOSER,2026-07-21,True,False,LIFECYCLE_OUTCOME_LEAKAGE_FOUND
7631,2026-06-26,2026-07-09,-11.585365853658535,LOSER,-9.446254071661242,LOSER,2026-07-24,True,False,LIFECYCLE_OUTCOME_LEAKAGE_FOUND
7631,2026-06-26,2026-07-17,-11.585365853658535,LOSER,,,,True,False,LIFECYCLE_OUTCOME_LEAKAGE_FOUND
7631,2026-06-26,2026-07-20,-11.585365853658535,LOSER,,,,True,False,LIFECYCLE_OUTCOME_LEAKAGE_FOUND
7786,2026-06-17,2026-06-17,-4.651162790697672,NEUTRAL,-4.651162790697672,NEUTRAL,2026-07-02,False,False,NO_COPY_PATTERN
7795,2026-06-17,2026-06-17,52.75000000000001,WINNER,52.75000000000001,WINNER,2026-07-02,False,False,NO_COPY_PATTERN
7795,2026-06-17,2026-06-26,52.75000000000001,WINNER,19.86970684039089,WINNER,2026-07-13,True,False,LIFECYCLE_OUTCOME_LEAKAGE_FOUND
7795,2026-06-17,2026-06-29,52.75000000000001,WINNER,9.486166007905128,NEUTRAL,2026-07-14,True,True,LIFECYCLE_OUTCOME_LEAKAGE_FOUND
7795,2026-06-17,2026-06-30,52.75000000000001,WINNER,6.474820143884896,NEUTRAL,2026-07-15,True,True,LIFECYCLE_OUTCOME_LEAKAGE_FOUND
7795,2026-06-17,2026-07-01,52.75000000000001,WINNER,-6.94214876033058,LOSER,2026-07-16,True,True,LIFECYCLE_OUTCOME_LEAKAGE_FOUND
7795,2026-06-17,2026-07-02,52.75000000000001,WINNER,-17.021276595744684,LOSER,2026-07-17,True,True,LIFECYCLE_OUTCOME_LEAKAGE_FOUND
7795,2026-06-17,2026-07-03,52.75000000000001,WINNER,-27.076677316293928,LOSER,2026-07-20,True,True,LIFECYCLE_OUTCOME_LEAKAGE_FOUND
7795,2026-06-17,2026-07-06,52.75000000000001,WINNER,-37.612612612612615,LOSER,2026-07-21,True,True,LIFECYCLE_OUTCOME_LEAKAGE_FOUND
7795,2026-06-17,2026-07-07,52.75000000000001,WINNER,-27.66666666666666,LOSER,2026-07-22,True,True,LIFECYCLE_OUTCOME_LEAKAGE_FOUND
7795,2026-06-17,2026-07-08,52.75000000000001,WINNER,-29.982964224872234,LOSER,2026-07-23,True,True,LIFECYCLE_OUTCOME_LEAKAGE_FOUND
7795,2026-06-17,2026-07-09,52.75000000000001,WINNER,-28.894927536231883,LOSER,2026-07-24,True,True,LIFECYCLE_OUTCOME_LEAKAGE_FOUND
7799,2026-06-24,2026-06-24,7.021791767554486,NEUTRAL,7.021791767554486,NEUTRAL,2026-07-08,False,False,NO_COPY_PATTERN
7799,2026-06-24,2026-06-29,7.021791767554486,NEUTRAL,-4.9219687875150075,NEUTRAL,2026-07-14,True,False,LIFECYCLE_OUTCOME_LEAKAGE_FOUND
7799,2026-06-24,2026-07-02,7.021791767554486,NEUTRAL,4.396984924623126,NEUTRAL,2026-07-17,True,False,LIFECYCLE_OUTCOME_LEAKAGE_FOUND
7799,2026-06-24,2026-07-06,7.021791767554486,NEUTRAL,-1.1627906976744207,NEUTRAL,2026-07-21,True,False,LIFECYCLE_OUTCOME_LEAKAGE_FOUND
7799,2026-06-24,2026-07-07,7.021791767554486,NEUTRAL,-12.017167381974247,LOSER,2026-07-22,True,True,LIFECYCLE_OUTCOME_LEAKAGE_FOUND
7799,2026-06-24,2026-07-14,7.021791767554486,NEUTRAL,,,,True,False,LIFECYCLE_OUTCOME_LEAKAGE_FOUND
7799,2026-06-24,2026-07-20,7.021791767554486,NEUTRAL,,,,True,False,LIFECYCLE_OUTCOME_LEAKAGE_FOUND
7803,2026-06-29,2026-06-29,-3.433476394849788,NEUTRAL,-3.433476394849788,NEUTRAL,2026-07-14,False,False,NO_COPY_PATTERN
7803,2026-06-29,2026-07-02,-3.433476394849788,NEUTRAL,-11.6910229645094,LOSER,2026-07-17,True,True,LIFECYCLE_OUTCOME_LEAKAGE_FOUND
7803,2026-06-29,2026-07-03,-3.433476394849788,NEUTRAL,-10.71428571428572,LOSER,2026-07-20,True,True,LIFECYCLE_OUTCOME_LEAKAGE_FOUND
7818,2026-07-03,2026-07-03,-0.2906976744186051,NEUTRAL,-0.29069767441860517,NEUTRAL,2026-07-20,False,False,NO_COPY_PATTERN
7823,2026-07-09,2026-07-09,-6.4189189189189255,LOSER,-6.4189189189189255,LOSER,2026-07-24,False,False,NO_COPY_PATTERN
8033,2026-06-26,2026-06-26,77.58007117437722,WINNER,77.58007117437722,WINNER,2026-07-13,False,False,NO_COPY_PATTERN
8033,2026-06-26,2026-06-29,77.58007117437722,WINNER,70.87378640776699,WINNER,2026-07-14,True,False,LIFECYCLE_OUTCOME_LEAKAGE_FOUND
8033,2026-06-26,2026-06-30,77.58007117437722,WINNER,58.99705014749264,WINNER,2026-07-15,True,False,LIFECYCLE_OUTCOME_LEAKAGE_FOUND
8033,2026-06-26,2026-07-01,77.58007117437722,WINNER,30.645161290322577,WINNER,2026-07-16,True,False,LIFECYCLE_OUTCOME_LEAKAGE_FOUND
8033,2026-06-26,2026-07-02,77.58007117437722,WINNER,17.741935483870975,WINNER,2026-07-17,True,False,LIFECYCLE_OUTCOME_LEAKAGE_FOUND
8033,2026-06-26,2026-07-03,77.58007117437722,WINNER,0.0,NEUTRAL,2026-07-20,True,True,LIFECYCLE_OUTCOME_LEAKAGE_FOUND
8033,2026-06-26,2026-07-06,77.58007117437722,WINNER,-3.6036036036036,NEUTRAL,2026-07-21,True,True,LIFECYCLE_OUTCOME_LEAKAGE_FOUND
8033,2026-06-26,2026-07-07,77.58007117437722,WINNER,-5.072463768115942,NEUTRAL,2026-07-22,True,True,LIFECYCLE_OUTCOME_LEAKAGE_FOUND
8033,2026-06-26,2026-07-08,77.58007117437722,WINNER,-16.263736263736263,LOSER,2026-07-23,True,True,LIFECYCLE_OUTCOME_LEAKAGE_FOUND
8033,2026-06-26,2026-07-09,77.58007117437722,WINNER,-17.62114537444934,LOSER,2026-07-24,True,True,LIFECYCLE_OUTCOME_LEAKAGE_FOUND
8033,2026-06-26,2026-07-13,77.58007117437722,WINNER,-25.450901803607216,LOSER,2026-07-27,True,True,LIFECYCLE_OUTCOME_LEAKAGE_FOUND
8033,2026-06-26,2026-07-14,77.58007117437722,WINNER,,,,True,False,LIFECYCLE_OUTCOME_LEAKAGE_FOUND
8033,2026-06-26,2026-07-15,77.58007117437722,WINNER,,,,True,False,LIFECYCLE_OUTCOME_LEAKAGE_FOUND
8033,2026-06-26,2026-07-16,77.58007117437722,WINNER,,,,True,False,LIFECYCLE_OUTCOME_LEAKAGE_FOUND
8033,2026-06-26,2026-07-17,77.58007117437722,WINNER,,,,True,False,LIFECYCLE_OUTCOME_LEAKAGE_FOUND
8033,2026-06-26,2026-07-20,77.58007117437722,WINNER,,,,True,False,LIFECYCLE_OUTCOME_LEAKAGE_FOUND
8033,2026-06-26,2026-07-21,77.58007117437722,WINNER,,,,True,False,LIFECYCLE_OUTCOME_LEAKAGE_FOUND
8033,2026-06-26,2026-07-22,77.58007117437722,WINNER,,,,True,False,LIFECYCLE_OUTCOME_LEAKAGE_FOUND
8033,2026-06-26,2026-07-23,77.58007117437722,WINNER,,,,True,False,LIFECYCLE_OUTCOME_LEAKAGE_FOUND
8033,2026-06-26,2026-07-24,77.58007117437722,WINNER,,,,True,False,LIFECYCLE_OUTCOME_LEAKAGE_FOUND
8039,2026-06-17,2026-06-17,1.3698630136986356,NEUTRAL,1.3698630136986356,NEUTRAL,2026-07-02,False,False,NO_COPY_PATTERN
8039,2026-06-17,2026-07-13,1.3698630136986356,NEUTRAL,27.810650887573974,WINNER,2026-07-27,True,True,LIFECYCLE_OUTCOME_LEAKAGE_FOUND
8039,2026-06-17,2026-07-14,1.3698630136986356,NEUTRAL,,,,True,False,LIFECYCLE_OUTCOME_LEAKAGE_FOUND
8039,2026-06-17,2026-07-16,1.3698630136986356,NEUTRAL,,,,True,False,LIFECYCLE_OUTCOME_LEAKAGE_FOUND
8039,2026-06-17,2026-07-17,1.3698630136986356,NEUTRAL,,,,True,False,LIFECYCLE_OUTCOME_LEAKAGE_FOUND
8039,2026-06-17,2026-07-20,1.3698630136986356,NEUTRAL,,,,True,False,LIFECYCLE_OUTCOME_LEAKAGE_FOUND
8039,2026-06-17,2026-07-21,1.3698630136986356,NEUTRAL,,,,True,False,LIFECYCLE_OUTCOME_LEAKAGE_FOUND
8039,2026-06-17,2026-07-22,1.3698630136986356,NEUTRAL,,,,True,False,LIFECYCLE_OUTCOME_LEAKAGE_FOUND
8039,2026-06-17,2026-07-23,1.3698630136986356,NEUTRAL,,,,True,False,LIFECYCLE_OUTCOME_LEAKAGE_FOUND
8039,2026-06-17,2026-07-24,1.3698630136986356,NEUTRAL,,,,True,False,LIFECYCLE_OUTCOME_LEAKAGE_FOUND
8046,2026-06-23,2026-06-23,13.311331133113312,WINNER,13.311331133113313,WINNER,2026-07-07,False,False,NO_COPY_PATTERN
8046,2026-06-23,2026-06-24,13.311331133113312,WINNER,15.706806282722518,WINNER,2026-07-08,True,False,LIFECYCLE_OUTCOME_LEAKAGE_FOUND
8046,2026-06-23,2026-06-25,13.311331133113312,WINNER,16.267942583732054,WINNER,2026-07-09,True,False,LIFECYCLE_OUTCOME_LEAKAGE_FOUND
8046,2026-06-23,2026-06-26,13.311331133113312,WINNER,12.888888888888882,WINNER,2026-07-13,True,False,LIFECYCLE_OUTCOME_LEAKAGE_FOUND
8046,2026-06-23,2026-06-29,13.311331133113312,WINNER,19.444444444444443,WINNER,2026-07-14,True,False,LIFECYCLE_OUTCOME_LEAKAGE_FOUND
8046,2026-06-23,2026-06-30,13.311331133113312,WINNER,19.409282700421947,WINNER,2026-07-15,True,False,LIFECYCLE_OUTCOME_LEAKAGE_FOUND
8046,2026-06-23,2026-07-01,13.311331133113312,WINNER,8.51063829787233,NEUTRAL,2026-07-16,True,True,LIFECYCLE_OUTCOME_LEAKAGE_FOUND
8046,2026-06-23,2026-07-02,13.311331133113312,WINNER,0.4366812227074135,NEUTRAL,2026-07-17,True,True,LIFECYCLE_OUTCOME_LEAKAGE_FOUND
8046,2026-06-23,2026-07-08,13.311331133113312,WINNER,11.31221719457014,NEUTRAL,2026-07-23,True,True,LIFECYCLE_OUTCOME_LEAKAGE_FOUND
8046,2026-06-23,2026-07-09,13.311331133113312,WINNER,-8.64197530864198,LOSER,2026-07-24,True,True,LIFECYCLE_OUTCOME_LEAKAGE_FOUND
8046,2026-06-23,2026-07-13,13.311331133113312,WINNER,-15.354330708661411,LOSER,2026-07-27,True,True,LIFECYCLE_OUTCOME_LEAKAGE_FOUND
8046,2026-06-23,2026-07-14,13.311331133113312,WINNER,,,,True,False,LIFECYCLE_OUTCOME_LEAKAGE_FOUND
8046,2026-06-23,2026-07-15,13.311331133113312,WINNER,,,,True,False,LIFECYCLE_OUTCOME_LEAKAGE_FOUND
8046,2026-06-23,2026-07-16,13.311331133113312,WINNER,,,,True,False,LIFECYCLE_OUTCOME_LEAKAGE_FOUND
8046,2026-06-23,2026-07-17,13.311331133113312,WINNER,,,,True,False,LIFECYCLE_OUTCOME_LEAKAGE_FOUND
8046,2026-06-23,2026-07-20,13.311331133113312,WINNER,,,,True,False,LIFECYCLE_OUTCOME_LEAKAGE_FOUND
8046,2026-06-23,2026-07-21,13.311331133113312,WINNER,,,,True,False,LIFECYCLE_OUTCOME_LEAKAGE_FOUND
8046,2026-06-23,2026-07-22,13.311331133113312,WINNER,,,,True,False,LIFECYCLE_OUTCOME_LEAKAGE_FOUND
8046,2026-06-23,2026-07-23,13.311331133113312,WINNER,,,,True,False,LIFECYCLE_OUTCOME_LEAKAGE_FOUND
8046,2026-06-23,2026-07-24,13.311331133113312,WINNER,,,,True,False,LIFECYCLE_OUTCOME_LEAKAGE_FOUND
8070,2026-06-11,2026-06-11,-8.673469387755095,LOSER,-8.673469387755095,LOSER,2026-06-26,False,False,NO_COPY_PATTERN
8070,2026-06-11,2026-06-17,-8.673469387755095,LOSER,3.4798534798534675,NEUTRAL,2026-07-02,True,True,LIFECYCLE_OUTCOME_LEAKAGE_FOUND
8072,2026-06-22,2026-06-22,-6.240000000000001,LOSER,-6.240000000000001,LOSER,2026-07-06,False,False,NO_COPY_PATTERN
8072,2026-06-22,2026-06-23,-6.240000000000001,LOSER,-5.882352941176472,NEUTRAL,2026-07-07,True,True,LIFECYCLE_OUTCOME_LEAKAGE_FOUND
8072,2026-06-22,2026-06-25,-6.240000000000001,LOSER,-3.161397670549082,NEUTRAL,2026-07-09,True,True,LIFECYCLE_OUTCOME_LEAKAGE_FOUND
8072,2026-06-22,2026-06-26,-6.240000000000001,LOSER,-2.2413793103448265,NEUTRAL,2026-07-13,True,True,LIFECYCLE_OUTCOME_LEAKAGE_FOUND
8081,2026-06-12,2026-06-12,9.71731448763251,NEUTRAL,9.71731448763251,NEUTRAL,2026-06-29,False,False,NO_COPY_PATTERN
8081,2026-06-12,2026-06-22,9.71731448763251,NEUTRAL,-5.1244509516837455,NEUTRAL,2026-07-06,True,False,LIFECYCLE_OUTCOME_LEAKAGE_FOUND
8081,2026-06-12,2026-06-29,9.71731448763251,NEUTRAL,-14.975845410628018,LOSER,2026-07-14,True,True,LIFECYCLE_OUTCOME_LEAKAGE_FOUND
8081,2026-06-12,2026-07-07,9.71731448763251,NEUTRAL,-16.63920922570017,LOSER,2026-07-22,True,True,LIFECYCLE_OUTCOME_LEAKAGE_FOUND
8081,2026-06-12,2026-07-08,9.71731448763251,NEUTRAL,-15.059221658206434,LOSER,2026-07-23,True,True,LIFECYCLE_OUTCOME_LEAKAGE_FOUND
8438,2026-06-23,2026-06-23,-3.861386138613865,NEUTRAL,-3.861386138613865,NEUTRAL,2026-07-07,False,False,NO_COPY_PATTERN
8438,2026-06-23,2026-06-25,-3.861386138613865,NEUTRAL,-0.8456659619450302,NEUTRAL,2026-07-09,True,False,LIFECYCLE_OUTCOME_LEAKAGE_FOUND
8438,2026-06-23,2026-06-29,-3.861386138613865,NEUTRAL,-5.219206680584554,NEUTRAL,2026-07-14,True,False,LIFECYCLE_OUTCOME_LEAKAGE_FOUND
8443,2026-07-08,2026-07-08,-1.30434782608696,NEUTRAL,-1.30434782608696,NEUTRAL,2026-07-23,False,False,NO_COPY_PATTERN
8464,2026-06-25,2026-06-25,1.265822784810133,NEUTRAL,1.2658227848101333,NEUTRAL,2026-07-09,False,False,NO_COPY_PATTERN
8464,2026-06-25,2026-06-26,1.265822784810133,NEUTRAL,4.992867332382311,NEUTRAL,2026-07-13,True,False,LIFECYCLE_OUTCOME_LEAKAGE_FOUND
8464,2026-06-25,2026-06-29,1.265822784810133,NEUTRAL,5.050505050505061,NEUTRAL,2026-07-14,True,False,LIFECYCLE_OUTCOME_LEAKAGE_FOUND
8464,2026-06-25,2026-07-02,1.265822784810133,NEUTRAL,-5.65045992115637,NEUTRAL,2026-07-17,True,False,LIFECYCLE_OUTCOME_LEAKAGE_FOUND
8464,2026-06-25,2026-07-03,1.265822784810133,NEUTRAL,-2.4390243902439046,NEUTRAL,2026-07-20,True,False,LIFECYCLE_OUTCOME_LEAKAGE_FOUND
8464,2026-06-25,2026-07-13,1.265822784810133,NEUTRAL,2.9891304347826164,NEUTRAL,2026-07-27,True,False,LIFECYCLE_OUTCOME_LEAKAGE_FOUND
8466,2026-07-01,2026-07-01,1.4285714285714235,NEUTRAL,1.4285714285714235,NEUTRAL,2026-07-16,False,False,NO_COPY_PATTERN
8466,2026-07-01,2026-07-02,1.4285714285714235,NEUTRAL,-1.7391304347826098,NEUTRAL,2026-07-17,True,False,LIFECYCLE_OUTCOME_LEAKAGE_FOUND
8466,2026-07-01,2026-07-03,1.4285714285714235,NEUTRAL,-2.298850574712641,NEUTRAL,2026-07-20,True,False,LIFECYCLE_OUTCOME_LEAKAGE_FOUND
9136,2026-06-17,2026-06-17,-18.01801801801801,LOSER,-18.01801801801801,LOSER,2026-07-02,False,False,NO_COPY_PATTERN
9905,2026-06-29,2026-06-29,-3.294117647058825,NEUTRAL,-3.294117647058825,NEUTRAL,2026-07-14,False,False,NO_COPY_PATTERN
9905,2026-06-29,2026-07-02,-3.294117647058825,NEUTRAL,-2.5882352941176467,NEUTRAL,2026-07-17,True,False,LIFECYCLE_OUTCOME_LEAKAGE_FOUND
9905,2026-06-29,2026-07-03,-3.294117647058825,NEUTRAL,-3.512880562060894,NEUTRAL,2026-07-20,True,False,LIFECYCLE_OUTCOME_LEAKAGE_FOUND
9911,2026-07-03,2026-07-03,-2.347417840375587,NEUTRAL,-2.3474178403755874,NEUTRAL,2026-07-20,False,False,NO_COPY_PATTERN
9912,2026-07-06,2026-07-06,-0.7874015748031482,NEUTRAL,-0.7874015748031482,NEUTRAL,2026-07-21,False,False,NO_COPY_PATTERN
9914,2026-06-26,2026-06-26,2.44565217391306,NEUTRAL,2.44565217391306,NEUTRAL,2026-07-13,False,False,NO_COPY_PATTERN
9914,2026-06-26,2026-06-29,2.44565217391306,NEUTRAL,-2.4358974358974383,NEUTRAL,2026-07-14,True,False,LIFECYCLE_OUTCOME_LEAKAGE_FOUND
9921,2026-06-26,2026-06-26,4.444444444444451,NEUTRAL,4.444444444444451,NEUTRAL,2026-07-13,False,False,NO_COPY_PATTERN
9921,2026-06-26,2026-07-14,4.444444444444451,NEUTRAL,,,,True,False,LIFECYCLE_OUTCOME_LEAKAGE_FOUND
9921,2026-06-26,2026-07-24,4.444444444444451,NEUTRAL,,,,True,False,LIFECYCLE_OUTCOME_LEAKAGE_FOUND
9930,2026-06-23,2026-06-23,-9.985734664764612,LOSER,-9.985734664764612,LOSER,2026-07-07,False,False,NO_COPY_PATTERN
9935,2026-07-01,2026-07-01,-4.822335025380708,NEUTRAL,-4.822335025380708,NEUTRAL,2026-07-16,False,False,NO_COPY_PATTERN
9935,2026-07-01,2026-07-02,-4.822335025380708,NEUTRAL,-7.980049875311723,LOSER,2026-07-17,True,True,LIFECYCLE_OUTCOME_LEAKAGE_FOUND
9935,2026-07-01,2026-07-03,-4.822335025380708,NEUTRAL,-8.292682926829265,LOSER,2026-07-20,True,True,LIFECYCLE_OUTCOME_LEAKAGE_FOUND
9940,2026-06-23,2026-06-23,2.0779220779220786,NEUTRAL,2.0779220779220786,NEUTRAL,2026-07-07,False,False,NO_COPY_PATTERN
9940,2026-06-23,2026-06-29,2.0779220779220786,NEUTRAL,1.8276762402088753,NEUTRAL,2026-07-14,True,False,LIFECYCLE_OUTCOME_LEAKAGE_FOUND
9944,2026-06-24,2026-06-24,0.0,NEUTRAL,0.0,NEUTRAL,2026-07-08,False,False,NO_COPY_PATTERN
9944,2026-06-24,2026-07-03,0.0,NEUTRAL,0.0,NEUTRAL,2026-07-20,True,False,LIFECYCLE_OUTCOME_LEAKAGE_FOUND
9944,2026-06-24,2026-07-16,0.0,NEUTRAL,,,,True,False,LIFECYCLE_OUTCOME_LEAKAGE_FOUND
9944,2026-06-24,2026-07-22,0.0,NEUTRAL,,,,True,False,LIFECYCLE_OUTCOME_LEAKAGE_FOUND
9945,2026-06-11,2026-06-11,2.111324376199608,NEUTRAL,2.111324376199608,NEUTRAL,2026-06-26,False,False,NO_COPY_PATTERN
9945,2026-06-11,2026-06-12,2.111324376199608,NEUTRAL,0.5597014925373012,NEUTRAL,2026-06-29,True,False,LIFECYCLE_OUTCOME_LEAKAGE_FOUND
9945,2026-06-11,2026-06-26,2.111324376199608,NEUTRAL,-4.511278195488733,NEUTRAL,2026-07-13,True,False,LIFECYCLE_OUTCOME_LEAKAGE_FOUND
9945,2026-06-11,2026-07-16,2.111324376199608,NEUTRAL,,,,True,False,LIFECYCLE_OUTCOME_LEAKAGE_FOUND
Plastics,2026-06-24,2026-06-24,13.321884200196266,WINNER,13.321884200196266,WINNER,2026-07-08,False,False,NO_COPY_PATTERN
Plastics,2026-06-24,2026-07-03,13.321884200196266,WINNER,-5.475272036386658,NEUTRAL,2026-07-20,True,True,LIFECYCLE_OUTCOME_LEAKAGE_FOUND
Plastics,2026-06-24,2026-07-07,13.321884200196266,WINNER,18.049180327868864,WINNER,2026-07-22,True,False,LIFECYCLE_OUTCOME_LEAKAGE_FOUND
Plastics,2026-06-24,2026-07-08,13.321884200196266,WINNER,8.693904060866608,NEUTRAL,2026-07-23,True,True,LIFECYCLE_OUTCOME_LEAKAGE_FOUND
Plastics,2026-06-24,2026-07-09,13.321884200196266,WINNER,2.4983354998256324,NEUTRAL,2026-07-24,True,True,LIFECYCLE_OUTCOME_LEAKAGE_FOUND
Plastics,2026-06-24,2026-07-14,13.321884200196266,WINNER,,,,True,False,LIFECYCLE_OUTCOME_LEAKAGE_FOUND
Plastics,2026-06-24,2026-07-16,13.321884200196266,WINNER,,,,True,False,LIFECYCLE_OUTCOME_LEAKAGE_FOUND
Plastics,2026-06-24,2026-07-17,13.321884200196266,WINNER,,,,True,False,LIFECYCLE_OUTCOME_LEAKAGE_FOUND
Plastics,2026-06-24,2026-07-20,13.321884200196266,WINNER,,,,True,False,LIFECYCLE_OUTCOME_LEAKAGE_FOUND
Plastics,2026-06-24,2026-07-21,13.321884200196266,WINNER,,,,True,False,LIFECYCLE_OUTCOME_LEAKAGE_FOUND
