stock_id,stock_name,evaluation_date,dataset,policy,market_gate_pass,pocket_gate_pass,state_aware_pocket_gate_pass,survival_gate_pass,selected,outcome,future_return_10d,data_status
020036,元大金融配息N,2026-06-11,A,P0_BASELINE,False,False,False,False,True,NEUTRAL,6.236323851203496,RECONSTRUCTED_NOT_PRODUCTION_EXACT
1227,佳格,2026-06-11,A,P0_BASELINE,False,True,True,True,True,NEUTRAL,0.6932409012131657,RECONSTRUCTED_NOT_PRODUCTION_EXACT
1438,三地開發,2026-06-11,A,P0_BASELINE,False,True,False,True,True,NEUTRAL,-5.197505197505192,RECONSTRUCTED_NOT_PRODUCTION_EXACT
1532,勤美,2026-06-11,A,P0_BASELINE,False,True,False,True,True,NEUTRAL,-2.1691973969631184,RECONSTRUCTED_NOT_PRODUCTION_EXACT
1714,和桐,2026-06-11,A,P0_BASELINE,False,True,False,False,True,WINNER,28.819444444444443,RECONSTRUCTED_NOT_PRODUCTION_EXACT
2313,華通,2026-06-11,A,P0_BASELINE,False,True,False,False,True,LOSER,-19.090909090909093,RECONSTRUCTED_NOT_PRODUCTION_EXACT
2355,敬鵬,2026-06-11,A,P0_BASELINE,False,True,False,False,True,LOSER,-11.925042589437815,RECONSTRUCTED_NOT_PRODUCTION_EXACT
2383,台光電,2026-06-11,A,P0_BASELINE,False,True,False,True,True,NEUTRAL,3.140333660451433,RECONSTRUCTED_NOT_PRODUCTION_EXACT
2723,美食-KY,2026-06-11,A,P0_BASELINE,False,True,True,True,True,NEUTRAL,-0.146412884333813,RECONSTRUCTED_NOT_PRODUCTION_EXACT
2905,三商,2026-06-11,A,P0_BASELINE,False,True,False,False,True,NEUTRAL,3.4965034965035,RECONSTRUCTED_NOT_PRODUCTION_EXACT
3003,健和興,2026-06-11,A,P0_BASELINE,False,True,False,True,True,NEUTRAL,-1.9402985074626788,RECONSTRUCTED_NOT_PRODUCTION_EXACT
3025,星通,2026-06-11,A,P0_BASELINE,False,False,False,False,True,NEUTRAL,-3.730272596843631,RECONSTRUCTED_NOT_PRODUCTION_EXACT
5388,中磊,2026-06-11,A,P0_BASELINE,False,False,False,False,True,LOSER,-11.03368176538908,RECONSTRUCTED_NOT_PRODUCTION_EXACT
5519,隆大,2026-06-11,A,P0_BASELINE,False,True,True,True,True,NEUTRAL,0.4431314623338123,RECONSTRUCTED_NOT_PRODUCTION_EXACT
5546,永固-KY,2026-06-11,A,P0_BASELINE,False,True,False,False,True,NEUTRAL,-5.000000000000004,RECONSTRUCTED_NOT_PRODUCTION_EXACT
6133,金橋,2026-06-11,A,P0_BASELINE,False,True,False,False,True,NEUTRAL,-5.054945054945048,RECONSTRUCTED_NOT_PRODUCTION_EXACT
6141,柏承,2026-06-11,A,P0_BASELINE,False,True,False,False,True,WINNER,23.417721518987335,RECONSTRUCTED_NOT_PRODUCTION_EXACT
6189,豐藝,2026-06-11,A,P0_BASELINE,False,True,False,False,True,NEUTRAL,-3.441682600382401,RECONSTRUCTED_NOT_PRODUCTION_EXACT
8070,長華*,2026-06-11,A,P0_BASELINE,False,False,False,False,True,LOSER,-8.673469387755095,RECONSTRUCTED_NOT_PRODUCTION_EXACT
9945,潤泰新,2026-06-11,A,P0_BASELINE,False,True,False,False,True,NEUTRAL,2.111324376199608,RECONSTRUCTED_NOT_PRODUCTION_EXACT
2393,億光,2026-06-12,A,P0_BASELINE,False,True,False,False,True,NEUTRAL,-5.9238363892806785,RECONSTRUCTED_NOT_PRODUCTION_EXACT
2413,環科,2026-06-12,A,P0_BASELINE,False,True,False,False,True,LOSER,-23.937908496732028,RECONSTRUCTED_NOT_PRODUCTION_EXACT
2636,台驊控股,2026-06-12,A,P0_BASELINE,True,True,True,True,True,NEUTRAL,-3.2303370786516794,RECONSTRUCTED_NOT_PRODUCTION_EXACT
3576,聯合再生,2026-06-12,A,P0_BASELINE,False,True,False,False,True,LOSER,-15.151515151515149,RECONSTRUCTED_NOT_PRODUCTION_EXACT
6205,詮欣,2026-06-12,A,P0_BASELINE,False,True,False,False,True,LOSER,-15.14450867052023,RECONSTRUCTED_NOT_PRODUCTION_EXACT
6691,洋基工程,2026-06-12,A,P0_BASELINE,False,True,False,False,True,WINNER,15.384615384615374,RECONSTRUCTED_NOT_PRODUCTION_EXACT
6944,兆聯實業,2026-06-12,A,P0_BASELINE,True,True,False,True,True,NEUTRAL,-0.7063572149344055,RECONSTRUCTED_NOT_PRODUCTION_EXACT
8081,致新,2026-06-12,A,P0_BASELINE,False,True,False,False,True,NEUTRAL,9.71731448763251,RECONSTRUCTED_NOT_PRODUCTION_EXACT
0050,元大台灣50,2026-06-15,A,P0_BASELINE,True,False,False,False,True,NEUTRAL,2.422802850356298,RECONSTRUCTED_NOT_PRODUCTION_EXACT
0055,元大MSCI金融,2026-06-15,A,P0_BASELINE,True,False,False,True,True,NEUTRAL,2.3658536585365875,RECONSTRUCTED_NOT_PRODUCTION_EXACT
006204,永豐臺灣加權,2026-06-15,A,P0_BASELINE,True,False,False,False,True,NEUTRAL,2.841409691629959,RECONSTRUCTED_NOT_PRODUCTION_EXACT
006208,富邦台50,2026-06-15,A,P0_BASELINE,True,False,False,False,True,NEUTRAL,2.498975829578032,RECONSTRUCTED_NOT_PRODUCTION_EXACT
00631L,元大台灣50正2,2026-06-15,A,P0_BASELINE,True,False,False,False,True,NEUTRAL,3.641758834637177,RECONSTRUCTED_NOT_PRODUCTION_EXACT
00657,國泰日經225,2026-06-15,A,P0_BASELINE,True,False,False,False,True,NEUTRAL,1.9183168316831756,RECONSTRUCTED_NOT_PRODUCTION_EXACT
00661,元大日經225,2026-06-15,A,P0_BASELINE,True,False,False,False,True,NEUTRAL,1.7357222844344822,RECONSTRUCTED_NOT_PRODUCTION_EXACT
00663L,國泰臺灣加權正2,2026-06-15,A,P0_BASELINE,True,False,False,False,True,NEUTRAL,3.7639405204461074,RECONSTRUCTED_NOT_PRODUCTION_EXACT
00675L,富邦臺灣加權正2,2026-06-15,A,P0_BASELINE,True,False,False,False,True,NEUTRAL,3.8514653981893465,RECONSTRUCTED_NOT_PRODUCTION_EXACT
00685L,群益臺灣加權正2,2026-06-15,A,P0_BASELINE,True,False,False,False,True,NEUTRAL,3.3958438925494105,RECONSTRUCTED_NOT_PRODUCTION_EXACT
00690,兆豐藍籌30,2026-06-15,A,P0_BASELINE,True,False,False,False,True,NEUTRAL,1.3707165109034136,RECONSTRUCTED_NOT_PRODUCTION_EXACT
00692,富邦公司治理,2026-06-15,A,P0_BASELINE,True,False,False,False,True,NEUTRAL,2.251510159253156,RECONSTRUCTED_NOT_PRODUCTION_EXACT
00701,國泰股利精選30,2026-06-15,A,P0_BASELINE,True,False,False,True,True,NEUTRAL,4.253056884635842,RECONSTRUCTED_NOT_PRODUCTION_EXACT
00731,復華富時高息低波,2026-06-15,A,P0_BASELINE,True,False,False,True,True,NEUTRAL,1.8327605956472093,RECONSTRUCTED_NOT_PRODUCTION_EXACT
00735,國泰臺韓科技,2026-06-15,A,P0_BASELINE,True,False,False,False,True,NEUTRAL,3.4070796460176966,RECONSTRUCTED_NOT_PRODUCTION_EXACT
00830,國泰費城半導體,2026-06-15,A,P0_BASELINE,True,False,False,False,True,NEUTRAL,-0.6602336211274817,RECONSTRUCTED_NOT_PRODUCTION_EXACT
00850,元大臺灣ESG永續,2026-06-15,A,P0_BASELINE,True,False,False,False,True,NEUTRAL,1.8815716657443415,RECONSTRUCTED_NOT_PRODUCTION_EXACT
00876,元大全球5G,2026-06-15,A,P0_BASELINE,True,False,False,False,True,NEUTRAL,7.233181588265047,RECONSTRUCTED_NOT_PRODUCTION_EXACT
00900,富邦特選高股息30,2026-06-15,A,P0_BASELINE,True,False,False,False,True,NEUTRAL,-1.5376729882111806,RECONSTRUCTED_NOT_PRODUCTION_EXACT
00901,永豐智能車供應鏈,2026-06-15,A,P0_BASELINE,True,False,False,False,True,NEUTRAL,1.716738197424883,RECONSTRUCTED_NOT_PRODUCTION_EXACT
00905,FT臺灣Smart,2026-06-15,A,P0_BASELINE,True,False,False,False,True,NEUTRAL,2.743682310469331,RECONSTRUCTED_NOT_PRODUCTION_EXACT
00907,永豐優息存股,2026-06-15,A,P0_BASELINE,True,False,False,True,True,NEUTRAL,-0.916870415647908,RECONSTRUCTED_NOT_PRODUCTION_EXACT
00908,富邦入息REITs+,2026-06-15,A,P0_BASELINE,True,False,False,True,True,NEUTRAL,0.5952380952381153,RECONSTRUCTED_NOT_PRODUCTION_EXACT
00912,中信臺灣智慧50,2026-06-15,A,P0_BASELINE,True,False,False,True,True,NEUTRAL,1.4762326542663071,RECONSTRUCTED_NOT_PRODUCTION_EXACT
00915,凱基優選高股息30,2026-06-15,A,P0_BASELINE,True,False,False,True,True,NEUTRAL,3.242212333121408,RECONSTRUCTED_NOT_PRODUCTION_EXACT
00918,大華優利高填息30,2026-06-15,A,P0_BASELINE,True,False,False,False,True,NEUTRAL,0.7841907151819427,RECONSTRUCTED_NOT_PRODUCTION_EXACT
00923,群益台ESG低碳50,2026-06-15,A,P0_BASELINE,True,False,False,False,True,NEUTRAL,1.5805614531729129,RECONSTRUCTED_NOT_PRODUCTION_EXACT
00927,群益半導體收益,2026-06-15,A,P0_BASELINE,True,False,False,False,True,NEUTRAL,5.402676091895997,RECONSTRUCTED_NOT_PRODUCTION_EXACT
00929,復華台灣科技優息,2026-06-15,A,P0_BASELINE,True,False,False,False,True,NEUTRAL,0.951131518530679,RECONSTRUCTED_NOT_PRODUCTION_EXACT
00930,永豐ESG低碳高息,2026-06-15,A,P0_BASELINE,True,False,False,False,True,NEUTRAL,0.8488278092158463,RECONSTRUCTED_NOT_PRODUCTION_EXACT
00935,野村臺灣新科技50,2026-06-15,A,P0_BASELINE,True,False,False,False,True,NEUTRAL,2.629416598192269,RECONSTRUCTED_NOT_PRODUCTION_EXACT
00939,統一台灣高息動能,2026-06-15,A,P0_BASELINE,True,False,False,True,True,NEUTRAL,0.8932769158439102,RECONSTRUCTED_NOT_PRODUCTION_EXACT
00941,中信上游半導體,2026-06-15,A,P0_BASELINE,True,False,False,False,True,NEUTRAL,4.163750874737593,RECONSTRUCTED_NOT_PRODUCTION_EXACT
00944,野村趨勢動能高息,2026-06-15,A,P0_BASELINE,True,False,False,True,True,NEUTRAL,4.260299625468167,RECONSTRUCTED_NOT_PRODUCTION_EXACT
00947,台新臺灣IC設計,2026-06-15,A,P0_BASELINE,True,False,False,False,True,NEUTRAL,2.6125193998965512,RECONSTRUCTED_NOT_PRODUCTION_EXACT
00951,台新日本半導體,2026-06-15,A,P0_BASELINE,True,False,False,False,True,NEUTRAL,6.278481012658221,RECONSTRUCTED_NOT_PRODUCTION_EXACT
00954,中信日本半導體,2026-06-15,A,P0_BASELINE,True,False,False,False,True,NEUTRAL,6.166982922201147,RECONSTRUCTED_NOT_PRODUCTION_EXACT
009802,富邦旗艦50,2026-06-15,A,P0_BASELINE,True,False,False,False,True,NEUTRAL,-2.5602409638554313,RECONSTRUCTED_NOT_PRODUCTION_EXACT
009804,聯邦台精彩50,2026-06-15,A,P0_BASELINE,True,False,False,False,True,NEUTRAL,2.408111533586798,RECONSTRUCTED_NOT_PRODUCTION_EXACT
00988A,主動統一全球創新,2026-06-15,A,P0_BASELINE,True,False,False,False,True,NEUTRAL,-0.3577817531305816,RECONSTRUCTED_NOT_PRODUCTION_EXACT
00990A,主動元大AI新經濟,2026-06-15,A,P0_BASELINE,True,False,False,False,True,NEUTRAL,1.514411333659016,RECONSTRUCTED_NOT_PRODUCTION_EXACT
2891,中信金,2026-06-15,A,P0_BASELINE,True,True,True,False,True,NEUTRAL,1.2838801711840375,RECONSTRUCTED_NOT_PRODUCTION_EXACT
3041,揚智,2026-06-15,A,P0_BASELINE,True,True,True,False,True,NEUTRAL,5.9259259259259345,RECONSTRUCTED_NOT_PRODUCTION_EXACT
3044,健鼎,2026-06-15,A,P0_BASELINE,True,True,True,False,True,NEUTRAL,-0.3846153846153832,RECONSTRUCTED_NOT_PRODUCTION_EXACT
4551,智伸科,2026-06-15,A,P0_BASELINE,True,True,True,False,True,WINNER,34.730538922155695,RECONSTRUCTED_NOT_PRODUCTION_EXACT
4952,凌通,2026-06-15,A,P0_BASELINE,True,True,True,False,True,NEUTRAL,-1.7094017094017144,RECONSTRUCTED_NOT_PRODUCTION_EXACT
5434,崇越,2026-06-15,A,P0_BASELINE,True,True,True,False,True,WINNER,17.307692307692314,RECONSTRUCTED_NOT_PRODUCTION_EXACT
5471,松翰,2026-06-15,A,P0_BASELINE,True,True,True,False,True,NEUTRAL,7.317073170731714,RECONSTRUCTED_NOT_PRODUCTION_EXACT
6191,精成科,2026-06-15,A,P0_BASELINE,True,True,True,False,True,NEUTRAL,3.398058252427183,RECONSTRUCTED_NOT_PRODUCTION_EXACT
6202,盛群,2026-06-15,A,P0_BASELINE,True,True,True,False,True,NEUTRAL,-0.1533742331288445,RECONSTRUCTED_NOT_PRODUCTION_EXACT
0052,富邦科技,2026-06-16,A,P0_BASELINE,True,False,False,False,True,NEUTRAL,4.122877930476965,RECONSTRUCTED_NOT_PRODUCTION_EXACT
0053,元大電子,2026-06-16,A,P0_BASELINE,True,False,False,False,True,NEUTRAL,3.3912324234904867,RECONSTRUCTED_NOT_PRODUCTION_EXACT
0057,富邦摩台,2026-06-16,A,P0_BASELINE,True,False,False,False,True,NEUTRAL,3.327495621716281,RECONSTRUCTED_NOT_PRODUCTION_EXACT
00851,台新全球AI,2026-06-16,A,P0_BASELINE,True,False,False,False,True,NEUTRAL,1.8280297901151157,RECONSTRUCTED_NOT_PRODUCTION_EXACT
00861,元大全球未來通訊,2026-06-16,A,P0_BASELINE,True,False,False,False,True,NEUTRAL,1.5167364016736462,RECONSTRUCTED_NOT_PRODUCTION_EXACT
00881,國泰台灣科技龍頭,2026-06-16,A,P0_BASELINE,True,False,False,False,True,NEUTRAL,1.823154056517784,RECONSTRUCTED_NOT_PRODUCTION_EXACT
00892,富邦台灣半導體,2026-06-16,A,P0_BASELINE,True,False,False,False,True,NEUTRAL,3.2451655923538603,RECONSTRUCTED_NOT_PRODUCTION_EXACT
00893,國泰智能電動車,2026-06-16,A,P0_BASELINE,True,False,False,False,True,NEUTRAL,-0.0841396718552767,RECONSTRUCTED_NOT_PRODUCTION_EXACT
00898,國泰基因免疫革命,2026-06-16,A,P0_BASELINE,True,False,False,True,True,NEUTRAL,10.18957345971565,RECONSTRUCTED_NOT_PRODUCTION_EXACT
00911,兆豐洲際半導體,2026-06-16,A,P0_BASELINE,True,False,False,False,True,NEUTRAL,2.4719101123595655,RECONSTRUCTED_NOT_PRODUCTION_EXACT
00913,兆豐台灣晶圓製造,2026-06-16,A,P0_BASELINE,True,False,False,False,True,NEUTRAL,5.09615384615385,RECONSTRUCTED_NOT_PRODUCTION_EXACT
00922,國泰台灣領袖50,2026-06-16,A,P0_BASELINE,True,False,False,False,True,NEUTRAL,3.532608695652173,RECONSTRUCTED_NOT_PRODUCTION_EXACT
009809,富邦淨零ESG50,2026-06-16,A,P0_BASELINE,True,False,False,False,True,NEUTRAL,5.114942528735633,RECONSTRUCTED_NOT_PRODUCTION_EXACT
00980A,主動野村臺灣優選,2026-06-16,A,P0_BASELINE,True,False,False,False,True,NEUTRAL,1.2601626016260026,RECONSTRUCTED_NOT_PRODUCTION_EXACT
009816,凱基台灣TOP50,2026-06-16,A,P0_BASELINE,True,False,False,False,True,NEUTRAL,2.063185041908455,RECONSTRUCTED_NOT_PRODUCTION_EXACT
00983A,主動中信ARK創新,2026-06-16,A,P0_BASELINE,True,False,False,False,True,NEUTRAL,3.433835845896138,RECONSTRUCTED_NOT_PRODUCTION_EXACT
00989A,主動摩根美國科技,2026-06-16,A,P0_BASELINE,True,False,False,False,True,NEUTRAL,2.8322440087146017,RECONSTRUCTED_NOT_PRODUCTION_EXACT
00991A,主動復華未來50,2026-06-16,A,P0_BASELINE,True,False,False,False,True,NEUTRAL,5.191532258064524,RECONSTRUCTED_NOT_PRODUCTION_EXACT
00995A,主動中信台灣卓越,2026-06-16,A,P0_BASELINE,True,False,False,False,True,NEUTRAL,2.839643652561241,RECONSTRUCTED_NOT_PRODUCTION_EXACT
1456,怡華,2026-06-16,A,P0_BASELINE,True,True,True,True,True,NEUTRAL,-3.7800687285223455,RECONSTRUCTED_NOT_PRODUCTION_EXACT
2340,台亞,2026-06-16,A,P0_BASELINE,True,True,True,False,True,LOSER,-10.10230179028133,RECONSTRUCTED_NOT_PRODUCTION_EXACT
00403A,主動統一升級50,2026-06-17,A,P0_BASELINE,True,False,False,False,True,NEUTRAL,3.6279069767442,RECONSTRUCTED_NOT_PRODUCTION_EXACT
1301,台塑,2026-06-17,A,P0_BASELINE,True,True,True,False,True,WINNER,24.504692387904072,RECONSTRUCTED_NOT_PRODUCTION_EXACT
1465,偉全,2026-06-17,A,P0_BASELINE,True,True,True,True,True,NEUTRAL,1.2048192771084263,RECONSTRUCTED_NOT_PRODUCTION_EXACT
1515,力山,2026-06-17,A,P0_BASELINE,True,True,True,False,True,WINNER,51.55642023346305,RECONSTRUCTED_NOT_PRODUCTION_EXACT
1531,高林股,2026-06-17,A,P0_BASELINE,True,False,False,True,True,NEUTRAL,-0.3861003861003742,RECONSTRUCTED_NOT_PRODUCTION_EXACT
1541,錩泰,2026-06-17,A,P0_BASELINE,True,True,True,False,True,NEUTRAL,-4.888888888888898,RECONSTRUCTED_NOT_PRODUCTION_EXACT
1802,台玻,2026-06-17,A,P0_BASELINE,True,True,True,False,True,NEUTRAL,1.587301587301604,RECONSTRUCTED_NOT_PRODUCTION_EXACT
2402,毅嘉,2026-06-17,A,P0_BASELINE,True,True,True,False,True,NEUTRAL,-4.090267983074758,RECONSTRUCTED_NOT_PRODUCTION_EXACT
2460,建通,2026-06-17,A,P0_BASELINE,True,True,True,False,True,NEUTRAL,2.8169014084507005,RECONSTRUCTED_NOT_PRODUCTION_EXACT
2489,瑞軒,2026-06-17,A,P0_BASELINE,True,True,True,False,True,LOSER,-14.40329218106996,RECONSTRUCTED_NOT_PRODUCTION_EXACT
2611,志信,2026-06-17,A,P0_BASELINE,True,True,True,True,True,NEUTRAL,-2.135231316725983,RECONSTRUCTED_NOT_PRODUCTION_EXACT
3535,晶彩科,2026-06-17,A,P0_BASELINE,True,True,True,False,True,LOSER,-14.12639405204461,RECONSTRUCTED_NOT_PRODUCTION_EXACT
4722,國精化,2026-06-17,A,P0_BASELINE,True,True,True,False,True,NEUTRAL,4.924242424242431,RECONSTRUCTED_NOT_PRODUCTION_EXACT
5469,瀚宇博,2026-06-17,A,P0_BASELINE,True,True,True,False,True,NEUTRAL,1.039260969976907,RECONSTRUCTED_NOT_PRODUCTION_EXACT
6213,聯茂,2026-06-17,A,P0_BASELINE,True,True,True,False,True,WINNER,34.01869158878505,RECONSTRUCTED_NOT_PRODUCTION_EXACT
6472,保瑞,2026-06-17,A,P0_BASELINE,True,True,True,True,True,NEUTRAL,4.7272727272727355,RECONSTRUCTED_NOT_PRODUCTION_EXACT
7786,東方風能,2026-06-17,A,P0_BASELINE,True,True,True,False,True,NEUTRAL,-4.651162790697672,RECONSTRUCTED_NOT_PRODUCTION_EXACT
7795,長廣,2026-06-17,A,P0_BASELINE,True,True,True,False,True,WINNER,52.75000000000001,RECONSTRUCTED_NOT_PRODUCTION_EXACT
8039,台虹,2026-06-17,A,P0_BASELINE,True,True,True,False,True,NEUTRAL,1.3698630136986356,RECONSTRUCTED_NOT_PRODUCTION_EXACT
9136,巨騰-DR,2026-06-17,A,P0_BASELINE,True,True,True,True,True,LOSER,-18.01801801801801,RECONSTRUCTED_NOT_PRODUCTION_EXACT
0051,元大中型100,2026-06-18,A,P0_BASELINE,True,False,False,False,True,NEUTRAL,1.1171293161814422,RECONSTRUCTED_NOT_PRODUCTION_EXACT
00733,富邦臺灣中小,2026-06-18,A,P0_BASELINE,True,False,False,False,True,NEUTRAL,0.575079872204487,RECONSTRUCTED_NOT_PRODUCTION_EXACT
00762,元大全球AI,2026-06-18,A,P0_BASELINE,True,False,False,False,True,LOSER,-6.450287592440429,RECONSTRUCTED_NOT_PRODUCTION_EXACT
00896,中信綠能及電動車,2026-06-18,A,P0_BASELINE,True,False,False,False,True,NEUTRAL,1.2155881301394444,RECONSTRUCTED_NOT_PRODUCTION_EXACT
00946,群益科技高息成長,2026-06-18,A,P0_BASELINE,True,False,False,True,True,NEUTRAL,1.9480519480519431,RECONSTRUCTED_NOT_PRODUCTION_EXACT
009803,玉山市值動能50,2026-06-18,A,P0_BASELINE,True,False,False,False,True,NEUTRAL,-0.0910332271279013,RECONSTRUCTED_NOT_PRODUCTION_EXACT
009808,華南永昌優選50,2026-06-18,A,P0_BASELINE,True,False,False,False,True,NEUTRAL,0.0,RECONSTRUCTED_NOT_PRODUCTION_EXACT
00982A,主動群益台灣強棒,2026-06-18,A,P0_BASELINE,True,False,False,False,True,NEUTRAL,2.7386226339106035,RECONSTRUCTED_NOT_PRODUCTION_EXACT
00993A,主動安聯台灣,2026-06-18,A,P0_BASELINE,True,False,False,False,True,NEUTRAL,0.7697690692792358,RECONSTRUCTED_NOT_PRODUCTION_EXACT
00639,富邦深100,2026-06-22,A,P0_BASELINE,True,False,False,False,True,NEUTRAL,-4.283447911158111,RECONSTRUCTED_NOT_PRODUCTION_EXACT
1905,華紙,2026-06-22,A,P0_BASELINE,True,True,True,True,True,LOSER,-8.6720867208672,RECONSTRUCTED_NOT_PRODUCTION_EXACT
2415,錩新,2026-06-22,A,P0_BASELINE,True,True,True,True,True,WINNER,37.45874587458744,RECONSTRUCTED_NOT_PRODUCTION_EXACT
6919,康霈*,2026-06-22,A,P0_BASELINE,True,True,True,False,True,LOSER,-16.317991631799167,RECONSTRUCTED_NOT_PRODUCTION_EXACT
8072,陞泰,2026-06-22,A,P0_BASELINE,True,True,True,False,True,LOSER,-6.240000000000001,RECONSTRUCTED_NOT_PRODUCTION_EXACT
1437,勤益控,2026-06-23,A,P0_BASELINE,True,True,True,True,True,NEUTRAL,2.4958402662229595,RECONSTRUCTED_NOT_PRODUCTION_EXACT
1529,樂事綠能,2026-06-23,A,P0_BASELINE,True,True,True,True,True,NEUTRAL,-1.7429193899782036,RECONSTRUCTED_NOT_PRODUCTION_EXACT
1535,中宇,2026-06-23,A,P0_BASELINE,True,True,True,True,True,NEUTRAL,0.2000000000000001,RECONSTRUCTED_NOT_PRODUCTION_EXACT
2330,台積電,2026-06-23,A,P0_BASELINE,True,True,True,False,True,NEUTRAL,-2.008032128514059,RECONSTRUCTED_NOT_PRODUCTION_EXACT
2399,映泰,2026-06-23,A,P0_BASELINE,True,True,True,False,True,NEUTRAL,-2.7504911591355596,RECONSTRUCTED_NOT_PRODUCTION_EXACT
2466,冠西電,2026-06-23,A,P0_BASELINE,True,True,True,True,True,WINNER,64.47602131438721,RECONSTRUCTED_NOT_PRODUCTION_EXACT
2634,漢翔,2026-06-23,A,P0_BASELINE,True,False,False,False,True,WINNER,17.50503018108651,RECONSTRUCTED_NOT_PRODUCTION_EXACT
2646,星宇航空,2026-06-23,A,P0_BASELINE,True,False,False,True,True,NEUTRAL,-0.4672897196261627,RECONSTRUCTED_NOT_PRODUCTION_EXACT
2832,台產,2026-06-23,A,P0_BASELINE,True,True,True,False,True,NEUTRAL,0.3546099290780091,RECONSTRUCTED_NOT_PRODUCTION_EXACT
3530,晶相光,2026-06-23,A,P0_BASELINE,True,True,True,False,True,LOSER,-8.831521739130432,RECONSTRUCTED_NOT_PRODUCTION_EXACT
3712,永崴投控,2026-06-23,A,P0_BASELINE,True,True,True,False,True,NEUTRAL,-2.228412256267398,RECONSTRUCTED_NOT_PRODUCTION_EXACT
5283,禾聯碩,2026-06-23,A,P0_BASELINE,True,True,True,True,True,LOSER,-6.445993031358876,RECONSTRUCTED_NOT_PRODUCTION_EXACT
6243,迅杰,2026-06-23,A,P0_BASELINE,True,True,True,False,True,NEUTRAL,-5.421686746987953,RECONSTRUCTED_NOT_PRODUCTION_EXACT
6257,矽格,2026-06-23,A,P0_BASELINE,True,True,True,False,True,NEUTRAL,2.1097046413502074,RECONSTRUCTED_NOT_PRODUCTION_EXACT
6573,虹揚-KY,2026-06-23,A,P0_BASELINE,True,True,True,False,True,WINNER,28.132992327365724,RECONSTRUCTED_NOT_PRODUCTION_EXACT
6715,嘉基,2026-06-23,A,P0_BASELINE,True,True,True,False,True,LOSER,-20.562390158172228,RECONSTRUCTED_NOT_PRODUCTION_EXACT
8046,南電,2026-06-23,A,P0_BASELINE,True,True,True,False,True,WINNER,13.311331133113312,RECONSTRUCTED_NOT_PRODUCTION_EXACT
8438,昶昕,2026-06-23,A,P0_BASELINE,True,True,True,False,True,NEUTRAL,-3.861386138613865,RECONSTRUCTED_NOT_PRODUCTION_EXACT
9930,中聯資源,2026-06-23,A,P0_BASELINE,True,True,True,False,True,LOSER,-9.985734664764612,RECONSTRUCTED_NOT_PRODUCTION_EXACT
9940,信義,2026-06-23,A,P0_BASELINE,True,False,False,False,True,NEUTRAL,2.0779220779220786,RECONSTRUCTED_NOT_PRODUCTION_EXACT
1216,統一,2026-06-24,A,P0_BASELINE,True,True,True,True,True,NEUTRAL,4.6604527296937315,RECONSTRUCTED_NOT_PRODUCTION_EXACT
1234,黑松,2026-06-24,A,P0_BASELINE,True,True,True,True,True,NEUTRAL,-5.832147937411092,RECONSTRUCTED_NOT_PRODUCTION_EXACT
1236,宏亞,2026-06-24,A,P0_BASELINE,True,True,True,True,True,NEUTRAL,1.9379844961240345,RECONSTRUCTED_NOT_PRODUCTION_EXACT
1310,台苯,2026-06-24,A,P0_BASELINE,True,True,True,False,True,NEUTRAL,11.278952668680777,RECONSTRUCTED_NOT_PRODUCTION_EXACT
1315,達新,2026-06-24,A,P0_BASELINE,True,True,True,True,True,NEUTRAL,2.4077046548956593,RECONSTRUCTED_NOT_PRODUCTION_EXACT
1449,佳和,2026-06-24,A,P0_BASELINE,True,True,True,False,True,LOSER,-6.688963210702337,RECONSTRUCTED_NOT_PRODUCTION_EXACT
1475,業旺,2026-06-24,A,P0_BASELINE,True,True,True,False,True,NEUTRAL,0.7407407407407307,RECONSTRUCTED_NOT_PRODUCTION_EXACT
2352,佳世達,2026-06-24,A,P0_BASELINE,True,True,True,True,True,WINNER,12.418300653594772,RECONSTRUCTED_NOT_PRODUCTION_EXACT
2539,櫻花建,2026-06-24,A,P0_BASELINE,True,True,True,False,True,NEUTRAL,0.127877237851659,RECONSTRUCTED_NOT_PRODUCTION_EXACT
2910,統領,2026-06-24,A,P0_BASELINE,True,True,True,True,True,NEUTRAL,-3.3039647577092546,RECONSTRUCTED_NOT_PRODUCTION_EXACT
3588,通嘉,2026-06-24,A,P0_BASELINE,True,True,True,False,True,LOSER,-10.408432147562586,RECONSTRUCTED_NOT_PRODUCTION_EXACT
4119,旭富,2026-06-24,A,P0_BASELINE,True,True,True,False,True,NEUTRAL,1.1299435028248483,RECONSTRUCTED_NOT_PRODUCTION_EXACT
4164,承業醫,2026-06-24,A,P0_BASELINE,True,True,True,False,True,NEUTRAL,-5.237315875613757,RECONSTRUCTED_NOT_PRODUCTION_EXACT
4169,泰宗,2026-06-24,A,P0_BASELINE,True,True,True,True,True,WINNER,44.55958549222798,RECONSTRUCTED_NOT_PRODUCTION_EXACT
6505,台塑化,2026-06-24,A,P0_BASELINE,True,True,True,False,True,NEUTRAL,7.608695652173902,RECONSTRUCTED_NOT_PRODUCTION_EXACT
6909,創控,2026-06-24,A,P0_BASELINE,True,True,True,False,True,LOSER,-12.74834437086092,RECONSTRUCTED_NOT_PRODUCTION_EXACT
7799,禾榮科,2026-06-24,A,P0_BASELINE,True,True,True,False,True,NEUTRAL,7.021791767554486,RECONSTRUCTED_NOT_PRODUCTION_EXACT
9944,新麗,2026-06-24,A,P0_BASELINE,True,True,True,True,True,NEUTRAL,0.0,RECONSTRUCTED_NOT_PRODUCTION_EXACT
Plastics,塑膠類指數,2026-06-24,A,P0_BASELINE,True,False,False,False,True,WINNER,13.321884200196266,RECONSTRUCTED_NOT_PRODUCTION_EXACT
00674R,期元大S&P黃金反1,2026-06-25,A,P0_BASELINE,True,False,False,True,True,NEUTRAL,-1.9792342634652793,RECONSTRUCTED_NOT_PRODUCTION_EXACT
1313,聯成,2026-06-25,A,P0_BASELINE,True,True,True,False,True,NEUTRAL,-0.3984063745020028,RECONSTRUCTED_NOT_PRODUCTION_EXACT
1709,和益,2026-06-25,A,P0_BASELINE,True,True,True,False,True,WINNER,14.018691588785035,RECONSTRUCTED_NOT_PRODUCTION_EXACT
1725,元禎,2026-06-25,A,P0_BASELINE,True,True,True,False,True,LOSER,-9.843081312410828,RECONSTRUCTED_NOT_PRODUCTION_EXACT
1776,展宇,2026-06-25,A,P0_BASELINE,True,True,True,False,True,NEUTRAL,-2.0050125313283096,RECONSTRUCTED_NOT_PRODUCTION_EXACT
2103,台橡,2026-06-25,A,P0_BASELINE,True,True,True,True,True,NEUTRAL,7.459207459207473,RECONSTRUCTED_NOT_PRODUCTION_EXACT
2107,厚生,2026-06-25,A,P0_BASELINE,True,True,True,True,True,NEUTRAL,-1.1583011583011449,RECONSTRUCTED_NOT_PRODUCTION_EXACT
2458,義隆,2026-06-25,A,P0_BASELINE,True,True,True,False,True,NEUTRAL,1.9444444444444375,RECONSTRUCTED_NOT_PRODUCTION_EXACT
3591,艾笛森,2026-06-25,A,P0_BASELINE,True,True,True,True,True,LOSER,-6.238532110091743,RECONSTRUCTED_NOT_PRODUCTION_EXACT
4306,炎洲,2026-06-25,A,P0_BASELINE,True,True,True,True,True,NEUTRAL,-2.515723270440251,RECONSTRUCTED_NOT_PRODUCTION_EXACT
4414,如興,2026-06-25,A,P0_BASELINE,True,True,True,True,True,NEUTRAL,1.5116279069767424,RECONSTRUCTED_NOT_PRODUCTION_EXACT
5880,合庫金,2026-06-25,A,P0_BASELINE,True,True,True,True,True,NEUTRAL,0.1992031872509736,RECONSTRUCTED_NOT_PRODUCTION_EXACT
6582,申豐,2026-06-25,A,P0_BASELINE,True,True,True,True,True,NEUTRAL,-0.3039513677811634,RECONSTRUCTED_NOT_PRODUCTION_EXACT
8464,億豐,2026-06-25,A,P0_BASELINE,True,True,True,True,True,NEUTRAL,1.265822784810133,RECONSTRUCTED_NOT_PRODUCTION_EXACT
2516,新建,2026-06-26,A,P0_BASELINE,True,True,False,True,True,NEUTRAL,0.0,RECONSTRUCTED_NOT_PRODUCTION_EXACT
2527,宏璟,2026-06-26,A,P0_BASELINE,True,True,False,True,True,WINNER,13.135068153655505,RECONSTRUCTED_NOT_PRODUCTION_EXACT
2633,台灣高鐵,2026-06-26,A,P0_BASELINE,True,True,False,True,True,NEUTRAL,1.5355086372360829,RECONSTRUCTED_NOT_PRODUCTION_EXACT
2706,第一店,2026-06-26,A,P0_BASELINE,True,True,False,True,True,NEUTRAL,1.2096774193548487,RECONSTRUCTED_NOT_PRODUCTION_EXACT
2739,寒舍,2026-06-26,A,P0_BASELINE,True,True,False,True,True,LOSER,-9.200000000000008,RECONSTRUCTED_NOT_PRODUCTION_EXACT
3717,聯嘉投控,2026-06-26,A,P0_BASELINE,True,False,False,True,True,NEUTRAL,7.627118644067776,RECONSTRUCTED_NOT_PRODUCTION_EXACT
6168,宏齊,2026-06-26,A,P0_BASELINE,False,True,True,False,True,LOSER,-6.280991735537189,RECONSTRUCTED_NOT_PRODUCTION_EXACT
6177,達麗,2026-06-26,A,P0_BASELINE,True,True,False,True,True,NEUTRAL,0.9857612267250904,RECONSTRUCTED_NOT_PRODUCTION_EXACT
6743,安普新,2026-06-26,A,P0_BASELINE,True,False,False,True,True,NEUTRAL,-2.568218298555369,RECONSTRUCTED_NOT_PRODUCTION_EXACT
7631,聚賢研發-創,2026-06-26,A,P0_BASELINE,True,True,True,True,True,LOSER,-11.585365853658535,RECONSTRUCTED_NOT_PRODUCTION_EXACT
8033,雷虎,2026-06-26,A,P0_BASELINE,True,True,True,True,True,WINNER,77.58007117437722,RECONSTRUCTED_NOT_PRODUCTION_EXACT
9914,美利達,2026-06-26,A,P0_BASELINE,False,True,True,False,True,NEUTRAL,2.44565217391306,RECONSTRUCTED_NOT_PRODUCTION_EXACT
9921,巨大,2026-06-26,A,P0_BASELINE,False,True,False,False,True,NEUTRAL,4.444444444444451,RECONSTRUCTED_NOT_PRODUCTION_EXACT
00638R,元大滬深300反1,2026-06-29,A,P0_BASELINE,False,False,False,True,True,NEUTRAL,1.3595166163141936,RECONSTRUCTED_NOT_PRODUCTION_EXACT
00656R,國泰中國A50反1,2026-06-29,A,P0_BASELINE,False,False,False,True,True,NEUTRAL,1.718213058419238,RECONSTRUCTED_NOT_PRODUCTION_EXACT
00671R,富邦NASDAQ反1,2026-06-29,A,P0_BASELINE,False,False,False,True,True,NEUTRAL,-0.406504065040647,RECONSTRUCTED_NOT_PRODUCTION_EXACT
00712,復華富時不動產,2026-06-29,A,P0_BASELINE,False,False,False,True,True,NEUTRAL,0.3420752565564511,RECONSTRUCTED_NOT_PRODUCTION_EXACT
1229,聯華,2026-06-29,A,P0_BASELINE,False,True,False,True,True,LOSER,-6.323185011709609,RECONSTRUCTED_NOT_PRODUCTION_EXACT
1435,中福,2026-06-29,A,P0_BASELINE,False,True,False,True,True,NEUTRAL,6.626506024096401,RECONSTRUCTED_NOT_PRODUCTION_EXACT
1626,艾美特-KY,2026-06-29,A,P0_BASELINE,False,True,False,True,True,LOSER,-6.018518518518523,RECONSTRUCTED_NOT_PRODUCTION_EXACT
1736,喬山,2026-06-29,A,P0_BASELINE,False,False,False,False,True,NEUTRAL,-0.7722007722007707,RECONSTRUCTED_NOT_PRODUCTION_EXACT
2236,百達-KY,2026-06-29,A,P0_BASELINE,False,True,False,False,True,WINNER,14.28571428571428,RECONSTRUCTED_NOT_PRODUCTION_EXACT
2380,虹光,2026-06-29,A,P0_BASELINE,False,True,False,False,True,LOSER,-12.325581395348827,RECONSTRUCTED_NOT_PRODUCTION_EXACT
2630,亞航,2026-06-29,A,P0_BASELINE,False,True,False,False,True,WINNER,40.15748031496062,RECONSTRUCTED_NOT_PRODUCTION_EXACT
4560,強信-KY,2026-06-29,A,P0_BASELINE,False,True,False,True,True,NEUTRAL,2.2900763358778553,RECONSTRUCTED_NOT_PRODUCTION_EXACT
6491,晶碩,2026-06-29,A,P0_BASELINE,False,True,False,True,True,NEUTRAL,8.006042296072513,RECONSTRUCTED_NOT_PRODUCTION_EXACT
7803,雲象科技-創,2026-06-29,A,P0_BASELINE,False,False,False,True,True,NEUTRAL,-3.433476394849788,RECONSTRUCTED_NOT_PRODUCTION_EXACT
9905,大華,2026-06-29,A,P0_BASELINE,False,False,False,True,True,NEUTRAL,-3.294117647058825,RECONSTRUCTED_NOT_PRODUCTION_EXACT
0061,元大寶滬深,2026-06-30,A,P0_BASELINE,False,False,False,False,True,NEUTRAL,-1.2090483619344838,RECONSTRUCTED_NOT_PRODUCTION_EXACT
006205,富邦上証,2026-06-30,A,P0_BASELINE,True,False,False,True,True,NEUTRAL,-0.978053435114512,RECONSTRUCTED_NOT_PRODUCTION_EXACT
006206,元大上證50,2026-06-30,A,P0_BASELINE,True,False,False,True,True,NEUTRAL,2.558691638090238,RECONSTRUCTED_NOT_PRODUCTION_EXACT
006207,復華滬深,2026-06-30,A,P0_BASELINE,False,False,False,False,True,NEUTRAL,-1.7446932247746516,RECONSTRUCTED_NOT_PRODUCTION_EXACT
00648R,元大S&P500反1,2026-06-30,A,P0_BASELINE,True,False,False,True,True,NEUTRAL,-0.990099009900991,RECONSTRUCTED_NOT_PRODUCTION_EXACT
00651R,復華香港反1,2026-06-30,A,P0_BASELINE,True,False,False,True,True,LOSER,-7.8767123287671215,RECONSTRUCTED_NOT_PRODUCTION_EXACT
00652,富邦印度,2026-06-30,A,P0_BASELINE,True,False,False,True,True,NEUTRAL,0.8479709267110724,RECONSTRUCTED_NOT_PRODUCTION_EXACT
00666R,富邦恒生國企反1,2026-06-30,A,P0_BASELINE,True,False,False,True,True,LOSER,-8.463035019455244,RECONSTRUCTED_NOT_PRODUCTION_EXACT
00678,群益那斯達克生技,2026-06-30,A,P0_BASELINE,True,False,False,True,True,NEUTRAL,-0.2972504334902037,RECONSTRUCTED_NOT_PRODUCTION_EXACT
00680L,元大美債20正2,2026-06-30,A,P0_BASELINE,True,False,False,True,True,LOSER,-7.0637119113573394,RECONSTRUCTED_NOT_PRODUCTION_EXACT
00688L,國泰20年美債正2,2026-06-30,A,P0_BASELINE,True,False,False,True,True,LOSER,-6.8340306834030695,RECONSTRUCTED_NOT_PRODUCTION_EXACT
00714,群益道瓊美國地產,2026-06-30,A,P0_BASELINE,True,False,False,True,True,NEUTRAL,0.0,RECONSTRUCTED_NOT_PRODUCTION_EXACT
00739,元大MSCI A股,2026-06-30,A,P0_BASELINE,True,False,False,True,True,NEUTRAL,-2.1841397849462485,RECONSTRUCTED_NOT_PRODUCTION_EXACT
00783,富邦中証500,2026-06-30,A,P0_BASELINE,True,False,False,True,True,LOSER,-6.727444199937116,RECONSTRUCTED_NOT_PRODUCTION_EXACT
00865B,國泰US短期公債,2026-06-30,A,P0_BASELINE,True,False,False,True,True,NEUTRAL,1.0923330585325577,RECONSTRUCTED_NOT_PRODUCTION_EXACT
00875,國泰網路資安,2026-06-30,A,P0_BASELINE,False,False,False,False,True,NEUTRAL,8.83813306852035,RECONSTRUCTED_NOT_PRODUCTION_EXACT
00897,富邦基因免疫生技,2026-06-30,A,P0_BASELINE,True,False,False,True,True,NEUTRAL,-1.5030946065428763,RECONSTRUCTED_NOT_PRODUCTION_EXACT
009805,台新美國電力基建,2026-06-30,A,P0_BASELINE,True,False,False,True,True,NEUTRAL,-2.697947214076246,RECONSTRUCTED_NOT_PRODUCTION_EXACT
00983D,主動富邦複合收益,2026-06-30,A,P0_BASELINE,True,False,False,True,True,NEUTRAL,-0.6849315068493178,RECONSTRUCTED_NOT_PRODUCTION_EXACT
3413,京鼎,2026-06-30,A,P0_BASELINE,False,False,False,False,True,NEUTRAL,5.295007564296528,RECONSTRUCTED_NOT_PRODUCTION_EXACT
4155,訊映,2026-06-30,A,P0_BASELINE,False,True,True,False,True,NEUTRAL,7.308970099667755,RECONSTRUCTED_NOT_PRODUCTION_EXACT
4934,太極,2026-06-30,A,P0_BASELINE,False,True,False,False,True,LOSER,-8.695652173913038,RECONSTRUCTED_NOT_PRODUCTION_EXACT
00643,群益深証中小,2026-07-01,A,P0_BASELINE,True,False,False,True,True,NEUTRAL,-4.270633397312862,RECONSTRUCTED_NOT_PRODUCTION_EXACT
00728,第一金工業30,2026-07-01,A,P0_BASELINE,True,False,False,False,True,NEUTRAL,-2.4981074943224657,RECONSTRUCTED_NOT_PRODUCTION_EXACT
00938,凱基優選30,2026-07-01,A,P0_BASELINE,True,False,False,False,True,NEUTRAL,1.0660106601065866,RECONSTRUCTED_NOT_PRODUCTION_EXACT
2345,智邦,2026-07-01,A,P0_BASELINE,True,True,True,False,True,LOSER,-12.781954887218047,RECONSTRUCTED_NOT_PRODUCTION_EXACT
2429,銘旺科,2026-07-01,A,P0_BASELINE,True,True,True,False,True,NEUTRAL,-1.5625,RECONSTRUCTED_NOT_PRODUCTION_EXACT
2433,互盛電,2026-07-01,A,P0_BASELINE,True,False,False,True,True,LOSER,-6.249999999999989,RECONSTRUCTED_NOT_PRODUCTION_EXACT
2528,皇普,2026-07-01,A,P0_BASELINE,True,True,True,False,True,NEUTRAL,-0.6696428571428492,RECONSTRUCTED_NOT_PRODUCTION_EXACT
3605,宏致,2026-07-01,A,P0_BASELINE,True,True,True,False,True,NEUTRAL,-0.8177570093457764,RECONSTRUCTED_NOT_PRODUCTION_EXACT
8466,美吉吉-KY,2026-07-01,A,P0_BASELINE,True,True,True,True,True,NEUTRAL,1.4285714285714235,RECONSTRUCTED_NOT_PRODUCTION_EXACT
9935,慶豐富,2026-07-01,A,P0_BASELINE,True,False,False,True,True,NEUTRAL,-4.822335025380708,RECONSTRUCTED_NOT_PRODUCTION_EXACT
00981A,主動統一台股增長,2026-07-02,B,P0_BASELINE,True,False,False,False,True,LOSER,-17.535101404056153,RECONSTRUCTED_NOT_PRODUCTION_EXACT
1417,嘉裕,2026-07-02,B,P0_BASELINE,True,True,True,True,True,NEUTRAL,-5.621621621621619,RECONSTRUCTED_NOT_PRODUCTION_EXACT
1445,大宇,2026-07-02,B,P0_BASELINE,True,True,True,True,True,LOSER,-8.097165991902832,RECONSTRUCTED_NOT_PRODUCTION_EXACT
1466,聚隆,2026-07-02,B,P0_BASELINE,True,True,True,False,True,NEUTRAL,-4.201680672268903,RECONSTRUCTED_NOT_PRODUCTION_EXACT
1467,南緯,2026-07-02,B,P0_BASELINE,True,True,True,True,True,NEUTRAL,-1.4722536806342057,RECONSTRUCTED_NOT_PRODUCTION_EXACT
1474,弘裕,2026-07-02,B,P0_BASELINE,True,True,True,True,True,NEUTRAL,0.9661835748792312,RECONSTRUCTED_NOT_PRODUCTION_EXACT
1712,興農,2026-07-02,B,P0_BASELINE,True,True,True,True,True,NEUTRAL,-1.8633540372670845,RECONSTRUCTED_NOT_PRODUCTION_EXACT
2109,華豐,2026-07-02,B,P0_BASELINE,True,True,True,True,True,NEUTRAL,-0.6802721088435382,RECONSTRUCTED_NOT_PRODUCTION_EXACT
2351,順德,2026-07-02,B,P0_BASELINE,True,True,True,False,True,LOSER,-19.01408450704225,RECONSTRUCTED_NOT_PRODUCTION_EXACT
2467,志聖,2026-07-02,B,P0_BASELINE,True,True,True,False,True,LOSER,-15.197568389057746,RECONSTRUCTED_NOT_PRODUCTION_EXACT
2476,鉅祥,2026-07-02,B,P0_BASELINE,True,True,True,True,True,LOSER,-11.567164179104472,RECONSTRUCTED_NOT_PRODUCTION_EXACT
3443,創意,2026-07-02,B,P0_BASELINE,True,True,True,False,True,LOSER,-28.04878048780488,RECONSTRUCTED_NOT_PRODUCTION_EXACT
3661,世芯-KY,2026-07-02,B,P0_BASELINE,True,True,True,False,True,LOSER,-28.9070480081716,RECONSTRUCTED_NOT_PRODUCTION_EXACT
4572,駐龍,2026-07-02,B,P0_BASELINE,True,True,True,True,True,NEUTRAL,-2.0270270270270285,RECONSTRUCTED_NOT_PRODUCTION_EXACT
4771,望隼,2026-07-02,B,P0_BASELINE,True,True,True,True,True,NEUTRAL,-2.977667493796521,RECONSTRUCTED_NOT_PRODUCTION_EXACT
6515,穎崴,2026-07-02,B,P0_BASELINE,True,True,True,False,True,LOSER,-34.962406015037594,RECONSTRUCTED_NOT_PRODUCTION_EXACT
6525,捷敏-KY,2026-07-02,B,P0_BASELINE,True,True,True,False,True,NEUTRAL,3.603603603603611,RECONSTRUCTED_NOT_PRODUCTION_EXACT
6753,龍德造船,2026-07-02,B,P0_BASELINE,True,False,False,False,True,NEUTRAL,-0.7142857142857117,RECONSTRUCTED_NOT_PRODUCTION_EXACT
1217,愛之味,2026-07-03,B,P0_BASELINE,True,True,True,True,True,NEUTRAL,-1.9704433497537033,RECONSTRUCTED_NOT_PRODUCTION_EXACT
1304,台聚,2026-07-03,B,P0_BASELINE,True,True,True,False,True,LOSER,-16.451612903225808,RECONSTRUCTED_NOT_PRODUCTION_EXACT
1321,大洋,2026-07-03,B,P0_BASELINE,True,True,True,False,True,NEUTRAL,0.3134796238244641,RECONSTRUCTED_NOT_PRODUCTION_EXACT
1452,宏益,2026-07-03,B,P0_BASELINE,True,True,True,True,True,NEUTRAL,-3.765690376569031,RECONSTRUCTED_NOT_PRODUCTION_EXACT
1464,得力,2026-07-03,B,P0_BASELINE,True,True,True,True,True,NEUTRAL,-5.000000000000004,RECONSTRUCTED_NOT_PRODUCTION_EXACT
1702,南僑,2026-07-03,B,P0_BASELINE,True,True,True,True,True,NEUTRAL,4.147465437788034,RECONSTRUCTED_NOT_PRODUCTION_EXACT
1717,長興,2026-07-03,B,P0_BASELINE,True,True,True,False,True,LOSER,-23.89705882352941,RECONSTRUCTED_NOT_PRODUCTION_EXACT
2231,為升,2026-07-03,B,P0_BASELINE,True,True,True,False,True,LOSER,-9.704641350210974,RECONSTRUCTED_NOT_PRODUCTION_EXACT
2617,台航,2026-07-03,B,P0_BASELINE,True,True,True,True,True,LOSER,-6.065573770491806,RECONSTRUCTED_NOT_PRODUCTION_EXACT
3518,柏騰,2026-07-03,B,P0_BASELINE,True,True,True,False,True,LOSER,-27.922971114167815,RECONSTRUCTED_NOT_PRODUCTION_EXACT
4989,榮科,2026-07-03,B,P0_BASELINE,True,False,False,False,True,LOSER,-41.26696832579185,RECONSTRUCTED_NOT_PRODUCTION_EXACT
6477,安集,2026-07-03,B,P0_BASELINE,True,True,True,False,True,NEUTRAL,11.111111111111116,RECONSTRUCTED_NOT_PRODUCTION_EXACT
7818,溢泰實業,2026-07-03,B,P0_BASELINE,True,True,True,True,True,NEUTRAL,-0.2906976744186051,RECONSTRUCTED_NOT_PRODUCTION_EXACT
9911,櫻花,2026-07-03,B,P0_BASELINE,True,True,True,True,True,NEUTRAL,-2.347417840375587,RECONSTRUCTED_NOT_PRODUCTION_EXACT
1256,鮮活果汁-KY,2026-07-06,B,P0_BASELINE,True,True,True,True,True,LOSER,-7.0351758793969825,RECONSTRUCTED_NOT_PRODUCTION_EXACT
1339,昭輝,2026-07-06,B,P0_BASELINE,True,True,True,True,True,NEUTRAL,-0.660066006600668,RECONSTRUCTED_NOT_PRODUCTION_EXACT
1604,聲寶,2026-07-06,B,P0_BASELINE,True,True,True,True,True,NEUTRAL,-1.0504201680672232,RECONSTRUCTED_NOT_PRODUCTION_EXACT
1721,三晃,2026-07-06,B,P0_BASELINE,True,True,True,False,True,LOSER,-29.259896729776248,RECONSTRUCTED_NOT_PRODUCTION_EXACT
1727,中華化,2026-07-06,B,P0_BASELINE,True,True,True,False,True,LOSER,-19.901477832512317,RECONSTRUCTED_NOT_PRODUCTION_EXACT
1760,寶齡富錦,2026-07-06,B,P0_BASELINE,True,True,True,True,True,LOSER,-6.676783004552355,RECONSTRUCTED_NOT_PRODUCTION_EXACT
1773,勝一,2026-07-06,B,P0_BASELINE,True,True,True,False,True,LOSER,-8.378378378378383,RECONSTRUCTED_NOT_PRODUCTION_EXACT
1783,和康生,2026-07-06,B,P0_BASELINE,True,True,True,True,True,NEUTRAL,-1.1083743842364546,RECONSTRUCTED_NOT_PRODUCTION_EXACT
2012,春雨,2026-07-06,B,P0_BASELINE,True,True,True,False,True,NEUTRAL,-4.242424242424237,RECONSTRUCTED_NOT_PRODUCTION_EXACT
2033,佳大,2026-07-06,B,P0_BASELINE,True,True,True,False,True,LOSER,-7.62195121951218,RECONSTRUCTED_NOT_PRODUCTION_EXACT
2104,國際中橡,2026-07-06,B,P0_BASELINE,True,True,True,False,True,LOSER,-8.771929824561408,RECONSTRUCTED_NOT_PRODUCTION_EXACT
2885,元大金,2026-07-06,B,P0_BASELINE,True,True,True,False,True,LOSER,-10.380116959064337,RECONSTRUCTED_NOT_PRODUCTION_EXACT
3031,佰鴻,2026-07-06,B,P0_BASELINE,True,True,True,False,True,LOSER,-26.51851851851852,RECONSTRUCTED_NOT_PRODUCTION_EXACT
6235,華孚,2026-07-06,B,P0_BASELINE,True,True,True,False,True,LOSER,-14.909478168264112,RECONSTRUCTED_NOT_PRODUCTION_EXACT
6782,視陽,2026-07-06,B,P0_BASELINE,True,True,True,False,True,LOSER,-6.714628297362113,RECONSTRUCTED_NOT_PRODUCTION_EXACT
6918,愛派司,2026-07-06,B,P0_BASELINE,True,True,True,True,True,NEUTRAL,-3.443708609271512,RECONSTRUCTED_NOT_PRODUCTION_EXACT
9912,偉聯,2026-07-06,B,P0_BASELINE,True,True,True,True,True,NEUTRAL,-0.7874015748031482,RECONSTRUCTED_NOT_PRODUCTION_EXACT
1419,新紡,2026-07-07,B,P0_BASELINE,True,True,True,False,True,NEUTRAL,-0.1515151515151469,RECONSTRUCTED_NOT_PRODUCTION_EXACT
2034,允強,2026-07-07,B,P0_BASELINE,True,True,True,True,True,NEUTRAL,-5.32687651331718,RECONSTRUCTED_NOT_PRODUCTION_EXACT
2208,台船,2026-07-07,B,P0_BASELINE,True,False,False,False,True,NEUTRAL,3.076923076923088,RECONSTRUCTED_NOT_PRODUCTION_EXACT
2390,云辰,2026-07-07,B,P0_BASELINE,True,True,True,False,True,LOSER,-12.355212355212352,RECONSTRUCTED_NOT_PRODUCTION_EXACT
2480,敦陽科,2026-07-07,B,P0_BASELINE,True,True,True,True,True,NEUTRAL,-1.851851851851849,RECONSTRUCTED_NOT_PRODUCTION_EXACT
2901,欣欣,2026-07-07,B,P0_BASELINE,True,True,True,False,True,NEUTRAL,1.2396694214876105,RECONSTRUCTED_NOT_PRODUCTION_EXACT
3545,敦泰,2026-07-07,B,P0_BASELINE,True,False,False,False,True,LOSER,-11.908931698774085,RECONSTRUCTED_NOT_PRODUCTION_EXACT
4133,亞諾法,2026-07-07,B,P0_BASELINE,True,True,True,True,True,NEUTRAL,2.1226415094339535,RECONSTRUCTED_NOT_PRODUCTION_EXACT
4438,廣越,2026-07-07,B,P0_BASELINE,True,True,True,True,True,NEUTRAL,-2.8799999999999937,RECONSTRUCTED_NOT_PRODUCTION_EXACT
4576,大銀微系統,2026-07-07,B,P0_BASELINE,True,True,True,False,True,LOSER,-11.210762331838565,RECONSTRUCTED_NOT_PRODUCTION_EXACT
4961,天鈺,2026-07-07,B,P0_BASELINE,True,True,True,False,True,LOSER,-6.000000000000005,RECONSTRUCTED_NOT_PRODUCTION_EXACT
6201,亞弘電,2026-07-07,B,P0_BASELINE,True,True,True,True,True,NEUTRAL,-0.3051881993896166,RECONSTRUCTED_NOT_PRODUCTION_EXACT
6416,瑞祺電通,2026-07-07,B,P0_BASELINE,True,True,True,True,True,WINNER,16.483516483516492,RECONSTRUCTED_NOT_PRODUCTION_EXACT
6873,泓德能源-創,2026-07-07,B,P0_BASELINE,True,True,True,False,True,NEUTRAL,-1.7937219730941756,RECONSTRUCTED_NOT_PRODUCTION_EXACT
1203,味王,2026-07-08,B,P0_BASELINE,False,True,True,False,True,NEUTRAL,8.755760368663612,RECONSTRUCTED_NOT_PRODUCTION_EXACT
1416,廣豐,2026-07-08,B,P0_BASELINE,True,True,True,True,True,NEUTRAL,0.0,RECONSTRUCTED_NOT_PRODUCTION_EXACT
2388,威盛,2026-07-08,B,P0_BASELINE,False,False,False,False,True,NEUTRAL,-1.2113055181695698,RECONSTRUCTED_NOT_PRODUCTION_EXACT
2427,三商電,2026-07-08,B,P0_BASELINE,False,False,False,False,True,LOSER,-9.197651663405091,RECONSTRUCTED_NOT_PRODUCTION_EXACT
3416,融程電,2026-07-08,B,P0_BASELINE,False,True,False,False,True,NEUTRAL,-4.545454545454541,RECONSTRUCTED_NOT_PRODUCTION_EXACT
4178,永笙-KY,2026-07-08,B,P0_BASELINE,False,True,False,False,True,NEUTRAL,-0.7792207792207684,RECONSTRUCTED_NOT_PRODUCTION_EXACT
4195,基米-創,2026-07-08,B,P0_BASELINE,True,True,True,True,True,LOSER,-7.954545454545469,RECONSTRUCTED_NOT_PRODUCTION_EXACT
5269,祥碩,2026-07-08,B,P0_BASELINE,False,False,False,False,True,LOSER,-7.868852459016395,RECONSTRUCTED_NOT_PRODUCTION_EXACT
6794,向榮生技-創,2026-07-08,B,P0_BASELINE,False,True,False,False,True,NEUTRAL,-5.589307411907651,RECONSTRUCTED_NOT_PRODUCTION_EXACT
6934,心誠鎂,2026-07-08,B,P0_BASELINE,False,True,True,False,True,NEUTRAL,8.42391304347827,RECONSTRUCTED_NOT_PRODUCTION_EXACT
8443,阿瘦,2026-07-08,B,P0_BASELINE,True,True,False,True,True,NEUTRAL,-1.30434782608696,RECONSTRUCTED_NOT_PRODUCTION_EXACT
020037,元大金融高股息N,2026-07-09,B,P0_BASELINE,False,False,False,False,True,NEUTRAL,0.7252946509519465,RECONSTRUCTED_NOT_PRODUCTION_EXACT
1536,和大,2026-07-09,B,P0_BASELINE,False,True,False,True,True,LOSER,-7.454545454545459,RECONSTRUCTED_NOT_PRODUCTION_EXACT
1623,大東電,2026-07-09,B,P0_BASELINE,False,True,False,False,True,NEUTRAL,-3.31125827814569,RECONSTRUCTED_NOT_PRODUCTION_EXACT
2431,聯昌,2026-07-09,B,P0_BASELINE,False,False,False,False,True,LOSER,-6.550218340611358,RECONSTRUCTED_NOT_PRODUCTION_EXACT
2465,麗臺,2026-07-09,B,P0_BASELINE,False,True,False,False,True,LOSER,-10.05586592178771,RECONSTRUCTED_NOT_PRODUCTION_EXACT
2486,一詮,2026-07-09,B,P0_BASELINE,False,True,False,False,True,LOSER,-15.444015444015449,RECONSTRUCTED_NOT_PRODUCTION_EXACT
3005,神基,2026-07-09,B,P0_BASELINE,False,False,False,False,True,NEUTRAL,0.8928571428571397,RECONSTRUCTED_NOT_PRODUCTION_EXACT
3015,全漢,2026-07-09,B,P0_BASELINE,False,False,False,False,True,LOSER,-15.10903426791278,RECONSTRUCTED_NOT_PRODUCTION_EXACT
3617,碩天,2026-07-09,B,P0_BASELINE,False,True,False,True,True,LOSER,-11.98347107438017,RECONSTRUCTED_NOT_PRODUCTION_EXACT
5258,虹堡,2026-07-09,B,P0_BASELINE,False,True,False,False,True,NEUTRAL,-1.325757575757569,RECONSTRUCTED_NOT_PRODUCTION_EXACT
6176,瑞儀,2026-07-09,B,P0_BASELINE,True,False,False,True,True,NEUTRAL,-2.759381898454749,RECONSTRUCTED_NOT_PRODUCTION_EXACT
6928,攸泰科技,2026-07-09,B,P0_BASELINE,False,True,False,False,True,NEUTRAL,0.5628517823639934,RECONSTRUCTED_NOT_PRODUCTION_EXACT
7823,奧義賽博-KY創,2026-07-09,B,P0_BASELINE,False,True,False,True,True,LOSER,-6.4189189189189255,RECONSTRUCTED_NOT_PRODUCTION_EXACT
1232,大統益,2026-07-13,C,P0_BASELINE,True,True,False,True,True,,,RECONSTRUCTED_NOT_PRODUCTION_EXACT
1308,亞聚,2026-07-13,C,P0_BASELINE,False,True,False,False,True,,,RECONSTRUCTED_NOT_PRODUCTION_EXACT
2101,南港,2026-07-13,C,P0_BASELINE,True,False,False,True,True,,,RECONSTRUCTED_NOT_PRODUCTION_EXACT
2321,東訊,2026-07-13,C,P0_BASELINE,False,True,False,False,True,,,RECONSTRUCTED_NOT_PRODUCTION_EXACT
2374,佳能,2026-07-13,C,P0_BASELINE,False,True,False,False,True,,,RECONSTRUCTED_NOT_PRODUCTION_EXACT
2482,連宇,2026-07-13,C,P0_BASELINE,True,True,False,True,True,,,RECONSTRUCTED_NOT_PRODUCTION_EXACT
3596,智易,2026-07-13,C,P0_BASELINE,False,True,False,False,True,,,RECONSTRUCTED_NOT_PRODUCTION_EXACT
3694,海華,2026-07-13,C,P0_BASELINE,False,True,False,False,True,,,RECONSTRUCTED_NOT_PRODUCTION_EXACT
4564,元翎,2026-07-13,C,P0_BASELINE,False,True,False,False,True,,,RECONSTRUCTED_NOT_PRODUCTION_EXACT
4764,雙鍵,2026-07-13,C,P0_BASELINE,False,True,False,False,True,,,RECONSTRUCTED_NOT_PRODUCTION_EXACT
6142,友勁,2026-07-13,C,P0_BASELINE,False,True,False,False,True,,,RECONSTRUCTED_NOT_PRODUCTION_EXACT
6225,天瀚,2026-07-13,C,P0_BASELINE,False,True,False,False,True,,,RECONSTRUCTED_NOT_PRODUCTION_EXACT
6533,晶心科,2026-07-13,C,P0_BASELINE,False,True,False,False,True,,,RECONSTRUCTED_NOT_PRODUCTION_EXACT
6863,永道-KY,2026-07-13,C,P0_BASELINE,True,True,False,True,True,,,RECONSTRUCTED_NOT_PRODUCTION_EXACT
6933,AMAX-KY,2026-07-13,C,P0_BASELINE,False,True,False,False,True,,,RECONSTRUCTED_NOT_PRODUCTION_EXACT
8442,威宏-KY,2026-07-13,C,P0_BASELINE,False,True,False,False,True,,,RECONSTRUCTED_NOT_PRODUCTION_EXACT
9925,新保,2026-07-13,C,P0_BASELINE,True,False,False,True,True,,,RECONSTRUCTED_NOT_PRODUCTION_EXACT
9938,百和,2026-07-13,C,P0_BASELINE,False,False,False,False,True,,,RECONSTRUCTED_NOT_PRODUCTION_EXACT
1410,南染,2026-07-14,C,P0_BASELINE,False,True,False,True,True,,,RECONSTRUCTED_NOT_PRODUCTION_EXACT
1468,昶和,2026-07-14,C,P0_BASELINE,True,True,False,True,True,,,RECONSTRUCTED_NOT_PRODUCTION_EXACT
1476,儒鴻,2026-07-14,C,P0_BASELINE,True,True,False,True,True,,,RECONSTRUCTED_NOT_PRODUCTION_EXACT
1733,五鼎,2026-07-14,C,P0_BASELINE,True,True,False,True,True,,,RECONSTRUCTED_NOT_PRODUCTION_EXACT
1734,杏輝,2026-07-14,C,P0_BASELINE,True,True,False,True,True,,,RECONSTRUCTED_NOT_PRODUCTION_EXACT
2006,東和鋼鐵,2026-07-14,C,P0_BASELINE,False,True,False,True,True,,,RECONSTRUCTED_NOT_PRODUCTION_EXACT
2023,燁輝,2026-07-14,C,P0_BASELINE,False,True,False,True,True,,,RECONSTRUCTED_NOT_PRODUCTION_EXACT
2207,和泰車,2026-07-14,C,P0_BASELINE,False,True,False,True,True,,,RECONSTRUCTED_NOT_PRODUCTION_EXACT
2704,國賓,2026-07-14,C,P0_BASELINE,True,True,False,True,True,,,RECONSTRUCTED_NOT_PRODUCTION_EXACT
3702,大聯大,2026-07-14,C,P0_BASELINE,False,True,False,True,True,,,RECONSTRUCTED_NOT_PRODUCTION_EXACT
4104,佳醫,2026-07-14,C,P0_BASELINE,True,True,False,True,True,,,RECONSTRUCTED_NOT_PRODUCTION_EXACT
4106,雃博,2026-07-14,C,P0_BASELINE,True,True,False,True,True,,,RECONSTRUCTED_NOT_PRODUCTION_EXACT
4736,泰博,2026-07-14,C,P0_BASELINE,True,True,False,True,True,,,RECONSTRUCTED_NOT_PRODUCTION_EXACT
5306,桂盟,2026-07-14,C,P0_BASELINE,False,True,False,True,True,,,RECONSTRUCTED_NOT_PRODUCTION_EXACT
5525,順天,2026-07-14,C,P0_BASELINE,False,True,False,True,True,,,RECONSTRUCTED_NOT_PRODUCTION_EXACT
5538,東明-KY,2026-07-14,C,P0_BASELINE,False,True,False,True,True,,,RECONSTRUCTED_NOT_PRODUCTION_EXACT
6534,正瀚-創,2026-07-14,C,P0_BASELINE,True,True,False,True,True,,,RECONSTRUCTED_NOT_PRODUCTION_EXACT
8411,福貞-KY,2026-07-14,C,P0_BASELINE,True,True,False,True,True,,,RECONSTRUCTED_NOT_PRODUCTION_EXACT
8462,柏文,2026-07-14,C,P0_BASELINE,True,True,False,True,True,,,RECONSTRUCTED_NOT_PRODUCTION_EXACT
8481,政伸,2026-07-14,C,P0_BASELINE,True,True,False,True,True,,,RECONSTRUCTED_NOT_PRODUCTION_EXACT
910322,康師傅-DR,2026-07-14,C,P0_BASELINE,False,True,False,True,True,,,RECONSTRUCTED_NOT_PRODUCTION_EXACT
2015,豐興,2026-07-15,C,P0_BASELINE,False,True,False,False,True,,,RECONSTRUCTED_NOT_PRODUCTION_EXACT
6464,台數科,2026-07-15,C,P0_BASELINE,True,False,False,True,True,,,RECONSTRUCTED_NOT_PRODUCTION_EXACT
6598,ABC-KY,2026-07-15,C,P0_BASELINE,False,True,False,False,True,,,RECONSTRUCTED_NOT_PRODUCTION_EXACT
6669,緯穎,2026-07-15,C,P0_BASELINE,False,True,False,False,True,,,RECONSTRUCTED_NOT_PRODUCTION_EXACT
6887,寶綠特-KY,2026-07-15,C,P0_BASELINE,False,True,False,False,True,,,RECONSTRUCTED_NOT_PRODUCTION_EXACT
8478,東哥遊艇,2026-07-15,C,P0_BASELINE,False,True,False,False,True,,,RECONSTRUCTED_NOT_PRODUCTION_EXACT
8499,鼎炫-KY,2026-07-15,C,P0_BASELINE,False,True,False,False,True,,,RECONSTRUCTED_NOT_PRODUCTION_EXACT
9927,泰銘,2026-07-15,C,P0_BASELINE,True,True,False,True,True,,,RECONSTRUCTED_NOT_PRODUCTION_EXACT
00715L,期街口布蘭特正2,2026-07-16,C,P0_BASELINE,False,False,False,False,True,,,RECONSTRUCTED_NOT_PRODUCTION_EXACT
00916,國泰全球品牌50,2026-07-16,C,P0_BASELINE,True,False,False,True,True,,,RECONSTRUCTED_NOT_PRODUCTION_EXACT
1101,台泥,2026-07-16,C,P0_BASELINE,False,True,False,True,True,,,RECONSTRUCTED_NOT_PRODUCTION_EXACT
1103,嘉泥,2026-07-16,C,P0_BASELINE,True,True,False,True,True,,,RECONSTRUCTED_NOT_PRODUCTION_EXACT
1110,東泥,2026-07-16,C,P0_BASELINE,False,True,False,False,True,,,RECONSTRUCTED_NOT_PRODUCTION_EXACT
1436,華友聯,2026-07-16,C,P0_BASELINE,True,True,True,True,True,,,RECONSTRUCTED_NOT_PRODUCTION_EXACT
1439,雋揚,2026-07-16,C,P0_BASELINE,False,True,True,False,True,,,RECONSTRUCTED_NOT_PRODUCTION_EXACT
1442,名軒,2026-07-16,C,P0_BASELINE,True,True,True,True,True,,,RECONSTRUCTED_NOT_PRODUCTION_EXACT
1732,毛寶,2026-07-16,C,P0_BASELINE,False,True,True,True,True,,,RECONSTRUCTED_NOT_PRODUCTION_EXACT
2459,敦吉,2026-07-16,C,P0_BASELINE,True,True,False,True,True,,,RECONSTRUCTED_NOT_PRODUCTION_EXACT
2524,京城,2026-07-16,C,P0_BASELINE,False,True,True,True,True,,,RECONSTRUCTED_NOT_PRODUCTION_EXACT
3266,昇陽,2026-07-16,C,P0_BASELINE,False,True,True,True,True,,,RECONSTRUCTED_NOT_PRODUCTION_EXACT
6789,采鈺,2026-07-16,C,P0_BASELINE,False,True,False,False,True,,,RECONSTRUCTED_NOT_PRODUCTION_EXACT
8404,百和興業-KY,2026-07-16,C,P0_BASELINE,False,True,False,True,True,,,RECONSTRUCTED_NOT_PRODUCTION_EXACT
OilGasElectricity,油電燃氣類指數,2026-07-16,C,P0_BASELINE,False,False,False,False,True,,,RECONSTRUCTED_NOT_PRODUCTION_EXACT
00632R,元大台灣50反1,2026-07-17,C,P0_BASELINE,False,False,False,False,True,,,RECONSTRUCTED_NOT_PRODUCTION_EXACT
00642U,期元大S&P石油,2026-07-17,C,P0_BASELINE,False,False,False,False,True,,,RECONSTRUCTED_NOT_PRODUCTION_EXACT
00664R,國泰臺灣加權反1,2026-07-17,C,P0_BASELINE,False,False,False,True,True,,,RECONSTRUCTED_NOT_PRODUCTION_EXACT
00676R,富邦臺灣加權反1,2026-07-17,C,P0_BASELINE,False,False,False,True,True,,,RECONSTRUCTED_NOT_PRODUCTION_EXACT
1201,味全,2026-07-17,C,P0_BASELINE,False,True,False,True,True,,,RECONSTRUCTED_NOT_PRODUCTION_EXACT
1231,聯華食,2026-07-17,C,P0_BASELINE,False,True,False,True,True,,,RECONSTRUCTED_NOT_PRODUCTION_EXACT
1323,永裕,2026-07-17,C,P0_BASELINE,False,True,False,True,True,,,RECONSTRUCTED_NOT_PRODUCTION_EXACT
2008,高興昌,2026-07-17,C,P0_BASELINE,False,True,False,False,True,,,RECONSTRUCTED_NOT_PRODUCTION_EXACT
2024,志聯,2026-07-17,C,P0_BASELINE,False,True,False,True,True,,,RECONSTRUCTED_NOT_PRODUCTION_EXACT
2105,正新,2026-07-17,C,P0_BASELINE,False,True,False,True,True,,,RECONSTRUCTED_NOT_PRODUCTION_EXACT
2115,六暉-KY,2026-07-17,C,P0_BASELINE,False,True,False,False,True,,,RECONSTRUCTED_NOT_PRODUCTION_EXACT
2608,嘉里大榮,2026-07-17,C,P0_BASELINE,False,True,False,False,True,,,RECONSTRUCTED_NOT_PRODUCTION_EXACT
2929,淘帝-KY,2026-07-17,C,P0_BASELINE,False,True,False,False,True,,,RECONSTRUCTED_NOT_PRODUCTION_EXACT
3024,憶聲,2026-07-17,C,P0_BASELINE,False,True,False,True,True,,,RECONSTRUCTED_NOT_PRODUCTION_EXACT
4582,聚恆-創,2026-07-17,C,P0_BASELINE,False,True,False,False,True,,,RECONSTRUCTED_NOT_PRODUCTION_EXACT
6937,天虹,2026-07-17,C,P0_BASELINE,False,True,False,False,True,,,RECONSTRUCTED_NOT_PRODUCTION_EXACT
00665L,富邦恒生國企正2,2026-07-20,C,P0_BASELINE,False,False,False,False,True,,,RECONSTRUCTED_NOT_PRODUCTION_EXACT
00686R,群益臺灣加權反1,2026-07-20,C,P0_BASELINE,False,False,False,False,True,,,RECONSTRUCTED_NOT_PRODUCTION_EXACT
1220,台榮,2026-07-20,C,P0_BASELINE,False,True,False,False,True,,,RECONSTRUCTED_NOT_PRODUCTION_EXACT
1233,天仁,2026-07-20,C,P0_BASELINE,False,True,False,True,True,,,RECONSTRUCTED_NOT_PRODUCTION_EXACT
1235,興泰,2026-07-20,C,P0_BASELINE,False,True,False,True,True,,,RECONSTRUCTED_NOT_PRODUCTION_EXACT
1614,三洋電,2026-07-20,C,P0_BASELINE,False,True,False,False,True,,,RECONSTRUCTED_NOT_PRODUCTION_EXACT
2762,世界健身-KY,2026-07-20,C,P0_BASELINE,False,True,False,True,True,,,RECONSTRUCTED_NOT_PRODUCTION_EXACT
3679,新至陞,2026-07-20,C,P0_BASELINE,False,True,False,False,True,,,RECONSTRUCTED_NOT_PRODUCTION_EXACT
4770,上品,2026-07-20,C,P0_BASELINE,False,True,False,False,True,,,RECONSTRUCTED_NOT_PRODUCTION_EXACT
6281,全國電,2026-07-20,C,P0_BASELINE,False,True,False,False,True,,,RECONSTRUCTED_NOT_PRODUCTION_EXACT
6969,成信實業*-創,2026-07-20,C,P0_BASELINE,False,True,False,False,True,,,RECONSTRUCTED_NOT_PRODUCTION_EXACT
7740,熙特爾-創,2026-07-20,C,P0_BASELINE,False,True,False,False,True,,,RECONSTRUCTED_NOT_PRODUCTION_EXACT
8367,建新國際,2026-07-20,C,P0_BASELINE,False,True,False,False,True,,,RECONSTRUCTED_NOT_PRODUCTION_EXACT
9939,宏全,2026-07-20,C,P0_BASELINE,False,True,False,False,True,,,RECONSTRUCTED_NOT_PRODUCTION_EXACT
00753L,中信中國50正2,2026-07-21,C,P0_BASELINE,False,False,False,False,True,,,RECONSTRUCTED_NOT_PRODUCTION_EXACT
2029,盛餘,2026-07-21,C,P0_BASELINE,False,True,False,True,True,,,RECONSTRUCTED_NOT_PRODUCTION_EXACT
2347,聯強,2026-07-21,C,P0_BASELINE,False,False,False,False,True,,,RECONSTRUCTED_NOT_PRODUCTION_EXACT
8045,達運光電,2026-07-21,C,P0_BASELINE,False,True,False,False,True,,,RECONSTRUCTED_NOT_PRODUCTION_EXACT
9103,美德醫療-DR,2026-07-21,C,P0_BASELINE,False,True,False,False,True,,,RECONSTRUCTED_NOT_PRODUCTION_EXACT
9924,福興,2026-07-21,C,P0_BASELINE,False,True,False,True,True,,,RECONSTRUCTED_NOT_PRODUCTION_EXACT
00636,國泰中國A50,2026-07-22,C,P0_BASELINE,False,False,False,False,True,,,RECONSTRUCTED_NOT_PRODUCTION_EXACT
00669R,國泰美國道瓊反1,2026-07-22,C,P0_BASELINE,False,False,False,True,True,,,RECONSTRUCTED_NOT_PRODUCTION_EXACT
00693U,期街口S&P黃豆,2026-07-22,C,P0_BASELINE,False,False,False,True,True,,,RECONSTRUCTED_NOT_PRODUCTION_EXACT
00700,富邦恒生國企,2026-07-22,C,P0_BASELINE,False,False,False,True,True,,,RECONSTRUCTED_NOT_PRODUCTION_EXACT
00702,國泰標普低波高息,2026-07-22,C,P0_BASELINE,False,False,False,False,True,,,RECONSTRUCTED_NOT_PRODUCTION_EXACT
00709,富邦歐洲,2026-07-22,C,P0_BASELINE,False,False,False,True,True,,,RECONSTRUCTED_NOT_PRODUCTION_EXACT
00710B,復華彭博非投等債,2026-07-22,C,P0_BASELINE,False,False,False,True,True,,,RECONSTRUCTED_NOT_PRODUCTION_EXACT
00752,中信中國50,2026-07-22,C,P0_BASELINE,False,False,False,True,True,,,RECONSTRUCTED_NOT_PRODUCTION_EXACT
00763U,期街口道瓊銅,2026-07-22,C,P0_BASELINE,False,False,False,False,True,,,RECONSTRUCTED_NOT_PRODUCTION_EXACT
00917,中信特選金融,2026-07-22,C,P0_BASELINE,False,False,False,False,True,,,RECONSTRUCTED_NOT_PRODUCTION_EXACT
00924,復華S&P500成長,2026-07-22,C,P0_BASELINE,False,False,False,True,True,,,RECONSTRUCTED_NOT_PRODUCTION_EXACT
00926,凱基全球菁英55,2026-07-22,C,P0_BASELINE,False,False,False,True,True,,,RECONSTRUCTED_NOT_PRODUCTION_EXACT
00945B,凱基美國非投等債,2026-07-22,C,P0_BASELINE,False,False,False,False,True,,,RECONSTRUCTED_NOT_PRODUCTION_EXACT
00953B,群益優選非投等債,2026-07-22,C,P0_BASELINE,False,False,False,True,True,,,RECONSTRUCTED_NOT_PRODUCTION_EXACT
00956,中信日經高股息,2026-07-22,C,P0_BASELINE,False,False,False,False,True,,,RECONSTRUCTED_NOT_PRODUCTION_EXACT
00960,野村全球航運龍頭,2026-07-22,C,P0_BASELINE,False,False,False,False,True,,,RECONSTRUCTED_NOT_PRODUCTION_EXACT
00961,FT臺灣永續高息,2026-07-22,C,P0_BASELINE,False,False,False,False,True,,,RECONSTRUCTED_NOT_PRODUCTION_EXACT
00972,野村日本動能高息,2026-07-22,C,P0_BASELINE,False,False,False,False,True,,,RECONSTRUCTED_NOT_PRODUCTION_EXACT
009810,玉山全球藍籌100,2026-07-22,C,P0_BASELINE,False,False,False,True,True,,,RECONSTRUCTED_NOT_PRODUCTION_EXACT
009811,統一美國50,2026-07-22,C,P0_BASELINE,False,False,False,True,True,,,RECONSTRUCTED_NOT_PRODUCTION_EXACT
009813,貝萊德標普卓越50,2026-07-22,C,P0_BASELINE,False,False,False,True,True,,,RECONSTRUCTED_NOT_PRODUCTION_EXACT
009817,國泰日本不動產,2026-07-22,C,P0_BASELINE,False,False,False,False,True,,,RECONSTRUCTED_NOT_PRODUCTION_EXACT
1463,強盛新,2026-07-22,C,P0_BASELINE,False,True,False,False,True,,,RECONSTRUCTED_NOT_PRODUCTION_EXACT
3665,貿聯-KY,2026-07-22,C,P0_BASELINE,False,True,False,False,True,,,RECONSTRUCTED_NOT_PRODUCTION_EXACT
3669,圓展,2026-07-22,C,P0_BASELINE,False,True,False,False,True,,,RECONSTRUCTED_NOT_PRODUCTION_EXACT
00640L,富邦日本正2,2026-07-23,C,P0_BASELINE,False,False,False,False,True,,,RECONSTRUCTED_NOT_PRODUCTION_EXACT
00650L,復華香港正2,2026-07-23,C,P0_BASELINE,False,False,False,False,True,,,RECONSTRUCTED_NOT_PRODUCTION_EXACT
00882,中信中國高股息,2026-07-23,C,P0_BASELINE,False,False,False,False,True,,,RECONSTRUCTED_NOT_PRODUCTION_EXACT
1325,恆大,2026-07-23,C,P0_BASELINE,True,True,False,True,True,,,RECONSTRUCTED_NOT_PRODUCTION_EXACT
1418,東華,2026-07-23,C,P0_BASELINE,False,False,False,False,True,,,RECONSTRUCTED_NOT_PRODUCTION_EXACT
6504,南六,2026-07-23,C,P0_BASELINE,False,False,False,False,True,,,RECONSTRUCTED_NOT_PRODUCTION_EXACT
8271,宇瞻,2026-07-23,C,P0_BASELINE,False,True,False,False,True,,,RECONSTRUCTED_NOT_PRODUCTION_EXACT
00681R,元大美債20反1,2026-07-24,C,P0_BASELINE,False,False,False,False,True,,,RECONSTRUCTED_NOT_PRODUCTION_EXACT
2002,中鋼,2026-07-24,C,P0_BASELINE,False,True,False,False,True,,,RECONSTRUCTED_NOT_PRODUCTION_EXACT
2385,群光,2026-07-24,C,P0_BASELINE,True,True,False,True,True,,,RECONSTRUCTED_NOT_PRODUCTION_EXACT
2605,新興,2026-07-24,C,P0_BASELINE,False,True,False,False,True,,,RECONSTRUCTED_NOT_PRODUCTION_EXACT
2609,陽明,2026-07-24,C,P0_BASELINE,False,True,False,False,True,,,RECONSTRUCTED_NOT_PRODUCTION_EXACT
2616,山隆,2026-07-24,C,P0_BASELINE,True,True,False,True,True,,,RECONSTRUCTED_NOT_PRODUCTION_EXACT
2701,萬企,2026-07-24,C,P0_BASELINE,True,True,False,True,True,,,RECONSTRUCTED_NOT_PRODUCTION_EXACT
2712,遠雄來,2026-07-24,C,P0_BASELINE,False,True,False,False,True,,,RECONSTRUCTED_NOT_PRODUCTION_EXACT
7765,中華資安,2026-07-24,C,P0_BASELINE,True,True,False,True,True,,,RECONSTRUCTED_NOT_PRODUCTION_EXACT
9919,康那香,2026-07-24,C,P0_BASELINE,False,True,False,False,True,,,RECONSTRUCTED_NOT_PRODUCTION_EXACT
020036,元大金融配息N,2026-06-11,A,P1_MARKET_ONLY,False,False,False,False,False,NEUTRAL,6.236323851203496,RECONSTRUCTED_NOT_PRODUCTION_EXACT
1227,佳格,2026-06-11,A,P1_MARKET_ONLY,False,True,True,True,False,NEUTRAL,0.6932409012131657,RECONSTRUCTED_NOT_PRODUCTION_EXACT
1438,三地開發,2026-06-11,A,P1_MARKET_ONLY,False,True,False,True,False,NEUTRAL,-5.197505197505192,RECONSTRUCTED_NOT_PRODUCTION_EXACT
1532,勤美,2026-06-11,A,P1_MARKET_ONLY,False,True,False,True,False,NEUTRAL,-2.1691973969631184,RECONSTRUCTED_NOT_PRODUCTION_EXACT
1714,和桐,2026-06-11,A,P1_MARKET_ONLY,False,True,False,False,False,WINNER,28.819444444444443,RECONSTRUCTED_NOT_PRODUCTION_EXACT
2313,華通,2026-06-11,A,P1_MARKET_ONLY,False,True,False,False,False,LOSER,-19.090909090909093,RECONSTRUCTED_NOT_PRODUCTION_EXACT
2355,敬鵬,2026-06-11,A,P1_MARKET_ONLY,False,True,False,False,False,LOSER,-11.925042589437815,RECONSTRUCTED_NOT_PRODUCTION_EXACT
2383,台光電,2026-06-11,A,P1_MARKET_ONLY,False,True,False,True,False,NEUTRAL,3.140333660451433,RECONSTRUCTED_NOT_PRODUCTION_EXACT
2723,美食-KY,2026-06-11,A,P1_MARKET_ONLY,False,True,True,True,False,NEUTRAL,-0.146412884333813,RECONSTRUCTED_NOT_PRODUCTION_EXACT
2905,三商,2026-06-11,A,P1_MARKET_ONLY,False,True,False,False,False,NEUTRAL,3.4965034965035,RECONSTRUCTED_NOT_PRODUCTION_EXACT
3003,健和興,2026-06-11,A,P1_MARKET_ONLY,False,True,False,True,False,NEUTRAL,-1.9402985074626788,RECONSTRUCTED_NOT_PRODUCTION_EXACT
3025,星通,2026-06-11,A,P1_MARKET_ONLY,False,False,False,False,False,NEUTRAL,-3.730272596843631,RECONSTRUCTED_NOT_PRODUCTION_EXACT
5388,中磊,2026-06-11,A,P1_MARKET_ONLY,False,False,False,False,False,LOSER,-11.03368176538908,RECONSTRUCTED_NOT_PRODUCTION_EXACT
5519,隆大,2026-06-11,A,P1_MARKET_ONLY,False,True,True,True,False,NEUTRAL,0.4431314623338123,RECONSTRUCTED_NOT_PRODUCTION_EXACT
5546,永固-KY,2026-06-11,A,P1_MARKET_ONLY,False,True,False,False,False,NEUTRAL,-5.000000000000004,RECONSTRUCTED_NOT_PRODUCTION_EXACT
6133,金橋,2026-06-11,A,P1_MARKET_ONLY,False,True,False,False,False,NEUTRAL,-5.054945054945048,RECONSTRUCTED_NOT_PRODUCTION_EXACT
6141,柏承,2026-06-11,A,P1_MARKET_ONLY,False,True,False,False,False,WINNER,23.417721518987335,RECONSTRUCTED_NOT_PRODUCTION_EXACT
6189,豐藝,2026-06-11,A,P1_MARKET_ONLY,False,True,False,False,False,NEUTRAL,-3.441682600382401,RECONSTRUCTED_NOT_PRODUCTION_EXACT
8070,長華*,2026-06-11,A,P1_MARKET_ONLY,False,False,False,False,False,LOSER,-8.673469387755095,RECONSTRUCTED_NOT_PRODUCTION_EXACT
9945,潤泰新,2026-06-11,A,P1_MARKET_ONLY,False,True,False,False,False,NEUTRAL,2.111324376199608,RECONSTRUCTED_NOT_PRODUCTION_EXACT
2393,億光,2026-06-12,A,P1_MARKET_ONLY,False,True,False,False,False,NEUTRAL,-5.9238363892806785,RECONSTRUCTED_NOT_PRODUCTION_EXACT
2413,環科,2026-06-12,A,P1_MARKET_ONLY,False,True,False,False,False,LOSER,-23.937908496732028,RECONSTRUCTED_NOT_PRODUCTION_EXACT
2636,台驊控股,2026-06-12,A,P1_MARKET_ONLY,True,True,True,True,True,NEUTRAL,-3.2303370786516794,RECONSTRUCTED_NOT_PRODUCTION_EXACT
3576,聯合再生,2026-06-12,A,P1_MARKET_ONLY,False,True,False,False,False,LOSER,-15.151515151515149,RECONSTRUCTED_NOT_PRODUCTION_EXACT
6205,詮欣,2026-06-12,A,P1_MARKET_ONLY,False,True,False,False,False,LOSER,-15.14450867052023,RECONSTRUCTED_NOT_PRODUCTION_EXACT
6691,洋基工程,2026-06-12,A,P1_MARKET_ONLY,False,True,False,False,False,WINNER,15.384615384615374,RECONSTRUCTED_NOT_PRODUCTION_EXACT
6944,兆聯實業,2026-06-12,A,P1_MARKET_ONLY,True,True,False,True,True,NEUTRAL,-0.7063572149344055,RECONSTRUCTED_NOT_PRODUCTION_EXACT
8081,致新,2026-06-12,A,P1_MARKET_ONLY,False,True,False,False,False,NEUTRAL,9.71731448763251,RECONSTRUCTED_NOT_PRODUCTION_EXACT
0050,元大台灣50,2026-06-15,A,P1_MARKET_ONLY,True,False,False,False,True,NEUTRAL,2.422802850356298,RECONSTRUCTED_NOT_PRODUCTION_EXACT
0055,元大MSCI金融,2026-06-15,A,P1_MARKET_ONLY,True,False,False,True,True,NEUTRAL,2.3658536585365875,RECONSTRUCTED_NOT_PRODUCTION_EXACT
006204,永豐臺灣加權,2026-06-15,A,P1_MARKET_ONLY,True,False,False,False,True,NEUTRAL,2.841409691629959,RECONSTRUCTED_NOT_PRODUCTION_EXACT
006208,富邦台50,2026-06-15,A,P1_MARKET_ONLY,True,False,False,False,True,NEUTRAL,2.498975829578032,RECONSTRUCTED_NOT_PRODUCTION_EXACT
00631L,元大台灣50正2,2026-06-15,A,P1_MARKET_ONLY,True,False,False,False,True,NEUTRAL,3.641758834637177,RECONSTRUCTED_NOT_PRODUCTION_EXACT
00657,國泰日經225,2026-06-15,A,P1_MARKET_ONLY,True,False,False,False,True,NEUTRAL,1.9183168316831756,RECONSTRUCTED_NOT_PRODUCTION_EXACT
00661,元大日經225,2026-06-15,A,P1_MARKET_ONLY,True,False,False,False,True,NEUTRAL,1.7357222844344822,RECONSTRUCTED_NOT_PRODUCTION_EXACT
00663L,國泰臺灣加權正2,2026-06-15,A,P1_MARKET_ONLY,True,False,False,False,True,NEUTRAL,3.7639405204461074,RECONSTRUCTED_NOT_PRODUCTION_EXACT
00675L,富邦臺灣加權正2,2026-06-15,A,P1_MARKET_ONLY,True,False,False,False,True,NEUTRAL,3.8514653981893465,RECONSTRUCTED_NOT_PRODUCTION_EXACT
00685L,群益臺灣加權正2,2026-06-15,A,P1_MARKET_ONLY,True,False,False,False,True,NEUTRAL,3.3958438925494105,RECONSTRUCTED_NOT_PRODUCTION_EXACT
00690,兆豐藍籌30,2026-06-15,A,P1_MARKET_ONLY,True,False,False,False,True,NEUTRAL,1.3707165109034136,RECONSTRUCTED_NOT_PRODUCTION_EXACT
00692,富邦公司治理,2026-06-15,A,P1_MARKET_ONLY,True,False,False,False,True,NEUTRAL,2.251510159253156,RECONSTRUCTED_NOT_PRODUCTION_EXACT
00701,國泰股利精選30,2026-06-15,A,P1_MARKET_ONLY,True,False,False,True,True,NEUTRAL,4.253056884635842,RECONSTRUCTED_NOT_PRODUCTION_EXACT
00731,復華富時高息低波,2026-06-15,A,P1_MARKET_ONLY,True,False,False,True,True,NEUTRAL,1.8327605956472093,RECONSTRUCTED_NOT_PRODUCTION_EXACT
00735,國泰臺韓科技,2026-06-15,A,P1_MARKET_ONLY,True,False,False,False,True,NEUTRAL,3.4070796460176966,RECONSTRUCTED_NOT_PRODUCTION_EXACT
00830,國泰費城半導體,2026-06-15,A,P1_MARKET_ONLY,True,False,False,False,True,NEUTRAL,-0.6602336211274817,RECONSTRUCTED_NOT_PRODUCTION_EXACT
00850,元大臺灣ESG永續,2026-06-15,A,P1_MARKET_ONLY,True,False,False,False,True,NEUTRAL,1.8815716657443415,RECONSTRUCTED_NOT_PRODUCTION_EXACT
00876,元大全球5G,2026-06-15,A,P1_MARKET_ONLY,True,False,False,False,True,NEUTRAL,7.233181588265047,RECONSTRUCTED_NOT_PRODUCTION_EXACT
00900,富邦特選高股息30,2026-06-15,A,P1_MARKET_ONLY,True,False,False,False,True,NEUTRAL,-1.5376729882111806,RECONSTRUCTED_NOT_PRODUCTION_EXACT
00901,永豐智能車供應鏈,2026-06-15,A,P1_MARKET_ONLY,True,False,False,False,True,NEUTRAL,1.716738197424883,RECONSTRUCTED_NOT_PRODUCTION_EXACT
00905,FT臺灣Smart,2026-06-15,A,P1_MARKET_ONLY,True,False,False,False,True,NEUTRAL,2.743682310469331,RECONSTRUCTED_NOT_PRODUCTION_EXACT
00907,永豐優息存股,2026-06-15,A,P1_MARKET_ONLY,True,False,False,True,True,NEUTRAL,-0.916870415647908,RECONSTRUCTED_NOT_PRODUCTION_EXACT
00908,富邦入息REITs+,2026-06-15,A,P1_MARKET_ONLY,True,False,False,True,True,NEUTRAL,0.5952380952381153,RECONSTRUCTED_NOT_PRODUCTION_EXACT
00912,中信臺灣智慧50,2026-06-15,A,P1_MARKET_ONLY,True,False,False,True,True,NEUTRAL,1.4762326542663071,RECONSTRUCTED_NOT_PRODUCTION_EXACT
00915,凱基優選高股息30,2026-06-15,A,P1_MARKET_ONLY,True,False,False,True,True,NEUTRAL,3.242212333121408,RECONSTRUCTED_NOT_PRODUCTION_EXACT
00918,大華優利高填息30,2026-06-15,A,P1_MARKET_ONLY,True,False,False,False,True,NEUTRAL,0.7841907151819427,RECONSTRUCTED_NOT_PRODUCTION_EXACT
00923,群益台ESG低碳50,2026-06-15,A,P1_MARKET_ONLY,True,False,False,False,True,NEUTRAL,1.5805614531729129,RECONSTRUCTED_NOT_PRODUCTION_EXACT
00927,群益半導體收益,2026-06-15,A,P1_MARKET_ONLY,True,False,False,False,True,NEUTRAL,5.402676091895997,RECONSTRUCTED_NOT_PRODUCTION_EXACT
00929,復華台灣科技優息,2026-06-15,A,P1_MARKET_ONLY,True,False,False,False,True,NEUTRAL,0.951131518530679,RECONSTRUCTED_NOT_PRODUCTION_EXACT
00930,永豐ESG低碳高息,2026-06-15,A,P1_MARKET_ONLY,True,False,False,False,True,NEUTRAL,0.8488278092158463,RECONSTRUCTED_NOT_PRODUCTION_EXACT
00935,野村臺灣新科技50,2026-06-15,A,P1_MARKET_ONLY,True,False,False,False,True,NEUTRAL,2.629416598192269,RECONSTRUCTED_NOT_PRODUCTION_EXACT
00939,統一台灣高息動能,2026-06-15,A,P1_MARKET_ONLY,True,False,False,True,True,NEUTRAL,0.8932769158439102,RECONSTRUCTED_NOT_PRODUCTION_EXACT
00941,中信上游半導體,2026-06-15,A,P1_MARKET_ONLY,True,False,False,False,True,NEUTRAL,4.163750874737593,RECONSTRUCTED_NOT_PRODUCTION_EXACT
00944,野村趨勢動能高息,2026-06-15,A,P1_MARKET_ONLY,True,False,False,True,True,NEUTRAL,4.260299625468167,RECONSTRUCTED_NOT_PRODUCTION_EXACT
00947,台新臺灣IC設計,2026-06-15,A,P1_MARKET_ONLY,True,False,False,False,True,NEUTRAL,2.6125193998965512,RECONSTRUCTED_NOT_PRODUCTION_EXACT
00951,台新日本半導體,2026-06-15,A,P1_MARKET_ONLY,True,False,False,False,True,NEUTRAL,6.278481012658221,RECONSTRUCTED_NOT_PRODUCTION_EXACT
00954,中信日本半導體,2026-06-15,A,P1_MARKET_ONLY,True,False,False,False,True,NEUTRAL,6.166982922201147,RECONSTRUCTED_NOT_PRODUCTION_EXACT
009802,富邦旗艦50,2026-06-15,A,P1_MARKET_ONLY,True,False,False,False,True,NEUTRAL,-2.5602409638554313,RECONSTRUCTED_NOT_PRODUCTION_EXACT
009804,聯邦台精彩50,2026-06-15,A,P1_MARKET_ONLY,True,False,False,False,True,NEUTRAL,2.408111533586798,RECONSTRUCTED_NOT_PRODUCTION_EXACT
00988A,主動統一全球創新,2026-06-15,A,P1_MARKET_ONLY,True,False,False,False,True,NEUTRAL,-0.3577817531305816,RECONSTRUCTED_NOT_PRODUCTION_EXACT
00990A,主動元大AI新經濟,2026-06-15,A,P1_MARKET_ONLY,True,False,False,False,True,NEUTRAL,1.514411333659016,RECONSTRUCTED_NOT_PRODUCTION_EXACT
2891,中信金,2026-06-15,A,P1_MARKET_ONLY,True,True,True,False,True,NEUTRAL,1.2838801711840375,RECONSTRUCTED_NOT_PRODUCTION_EXACT
3041,揚智,2026-06-15,A,P1_MARKET_ONLY,True,True,True,False,True,NEUTRAL,5.9259259259259345,RECONSTRUCTED_NOT_PRODUCTION_EXACT
3044,健鼎,2026-06-15,A,P1_MARKET_ONLY,True,True,True,False,True,NEUTRAL,-0.3846153846153832,RECONSTRUCTED_NOT_PRODUCTION_EXACT
4551,智伸科,2026-06-15,A,P1_MARKET_ONLY,True,True,True,False,True,WINNER,34.730538922155695,RECONSTRUCTED_NOT_PRODUCTION_EXACT
4952,凌通,2026-06-15,A,P1_MARKET_ONLY,True,True,True,False,True,NEUTRAL,-1.7094017094017144,RECONSTRUCTED_NOT_PRODUCTION_EXACT
5434,崇越,2026-06-15,A,P1_MARKET_ONLY,True,True,True,False,True,WINNER,17.307692307692314,RECONSTRUCTED_NOT_PRODUCTION_EXACT
5471,松翰,2026-06-15,A,P1_MARKET_ONLY,True,True,True,False,True,NEUTRAL,7.317073170731714,RECONSTRUCTED_NOT_PRODUCTION_EXACT
6191,精成科,2026-06-15,A,P1_MARKET_ONLY,True,True,True,False,True,NEUTRAL,3.398058252427183,RECONSTRUCTED_NOT_PRODUCTION_EXACT
6202,盛群,2026-06-15,A,P1_MARKET_ONLY,True,True,True,False,True,NEUTRAL,-0.1533742331288445,RECONSTRUCTED_NOT_PRODUCTION_EXACT
0052,富邦科技,2026-06-16,A,P1_MARKET_ONLY,True,False,False,False,True,NEUTRAL,4.122877930476965,RECONSTRUCTED_NOT_PRODUCTION_EXACT
0053,元大電子,2026-06-16,A,P1_MARKET_ONLY,True,False,False,False,True,NEUTRAL,3.3912324234904867,RECONSTRUCTED_NOT_PRODUCTION_EXACT
0057,富邦摩台,2026-06-16,A,P1_MARKET_ONLY,True,False,False,False,True,NEUTRAL,3.327495621716281,RECONSTRUCTED_NOT_PRODUCTION_EXACT
00851,台新全球AI,2026-06-16,A,P1_MARKET_ONLY,True,False,False,False,True,NEUTRAL,1.8280297901151157,RECONSTRUCTED_NOT_PRODUCTION_EXACT
00861,元大全球未來通訊,2026-06-16,A,P1_MARKET_ONLY,True,False,False,False,True,NEUTRAL,1.5167364016736462,RECONSTRUCTED_NOT_PRODUCTION_EXACT
00881,國泰台灣科技龍頭,2026-06-16,A,P1_MARKET_ONLY,True,False,False,False,True,NEUTRAL,1.823154056517784,RECONSTRUCTED_NOT_PRODUCTION_EXACT
00892,富邦台灣半導體,2026-06-16,A,P1_MARKET_ONLY,True,False,False,False,True,NEUTRAL,3.2451655923538603,RECONSTRUCTED_NOT_PRODUCTION_EXACT
00893,國泰智能電動車,2026-06-16,A,P1_MARKET_ONLY,True,False,False,False,True,NEUTRAL,-0.0841396718552767,RECONSTRUCTED_NOT_PRODUCTION_EXACT
00898,國泰基因免疫革命,2026-06-16,A,P1_MARKET_ONLY,True,False,False,True,True,NEUTRAL,10.18957345971565,RECONSTRUCTED_NOT_PRODUCTION_EXACT
00911,兆豐洲際半導體,2026-06-16,A,P1_MARKET_ONLY,True,False,False,False,True,NEUTRAL,2.4719101123595655,RECONSTRUCTED_NOT_PRODUCTION_EXACT
00913,兆豐台灣晶圓製造,2026-06-16,A,P1_MARKET_ONLY,True,False,False,False,True,NEUTRAL,5.09615384615385,RECONSTRUCTED_NOT_PRODUCTION_EXACT
00922,國泰台灣領袖50,2026-06-16,A,P1_MARKET_ONLY,True,False,False,False,True,NEUTRAL,3.532608695652173,RECONSTRUCTED_NOT_PRODUCTION_EXACT
009809,富邦淨零ESG50,2026-06-16,A,P1_MARKET_ONLY,True,False,False,False,True,NEUTRAL,5.114942528735633,RECONSTRUCTED_NOT_PRODUCTION_EXACT
00980A,主動野村臺灣優選,2026-06-16,A,P1_MARKET_ONLY,True,False,False,False,True,NEUTRAL,1.2601626016260026,RECONSTRUCTED_NOT_PRODUCTION_EXACT
009816,凱基台灣TOP50,2026-06-16,A,P1_MARKET_ONLY,True,False,False,False,True,NEUTRAL,2.063185041908455,RECONSTRUCTED_NOT_PRODUCTION_EXACT
00983A,主動中信ARK創新,2026-06-16,A,P1_MARKET_ONLY,True,False,False,False,True,NEUTRAL,3.433835845896138,RECONSTRUCTED_NOT_PRODUCTION_EXACT
00989A,主動摩根美國科技,2026-06-16,A,P1_MARKET_ONLY,True,False,False,False,True,NEUTRAL,2.8322440087146017,RECONSTRUCTED_NOT_PRODUCTION_EXACT
00991A,主動復華未來50,2026-06-16,A,P1_MARKET_ONLY,True,False,False,False,True,NEUTRAL,5.191532258064524,RECONSTRUCTED_NOT_PRODUCTION_EXACT
00995A,主動中信台灣卓越,2026-06-16,A,P1_MARKET_ONLY,True,False,False,False,True,NEUTRAL,2.839643652561241,RECONSTRUCTED_NOT_PRODUCTION_EXACT
1456,怡華,2026-06-16,A,P1_MARKET_ONLY,True,True,True,True,True,NEUTRAL,-3.7800687285223455,RECONSTRUCTED_NOT_PRODUCTION_EXACT
2340,台亞,2026-06-16,A,P1_MARKET_ONLY,True,True,True,False,True,LOSER,-10.10230179028133,RECONSTRUCTED_NOT_PRODUCTION_EXACT
00403A,主動統一升級50,2026-06-17,A,P1_MARKET_ONLY,True,False,False,False,True,NEUTRAL,3.6279069767442,RECONSTRUCTED_NOT_PRODUCTION_EXACT
1301,台塑,2026-06-17,A,P1_MARKET_ONLY,True,True,True,False,True,WINNER,24.504692387904072,RECONSTRUCTED_NOT_PRODUCTION_EXACT
1465,偉全,2026-06-17,A,P1_MARKET_ONLY,True,True,True,True,True,NEUTRAL,1.2048192771084263,RECONSTRUCTED_NOT_PRODUCTION_EXACT
1515,力山,2026-06-17,A,P1_MARKET_ONLY,True,True,True,False,True,WINNER,51.55642023346305,RECONSTRUCTED_NOT_PRODUCTION_EXACT
1531,高林股,2026-06-17,A,P1_MARKET_ONLY,True,False,False,True,True,NEUTRAL,-0.3861003861003742,RECONSTRUCTED_NOT_PRODUCTION_EXACT
1541,錩泰,2026-06-17,A,P1_MARKET_ONLY,True,True,True,False,True,NEUTRAL,-4.888888888888898,RECONSTRUCTED_NOT_PRODUCTION_EXACT
1802,台玻,2026-06-17,A,P1_MARKET_ONLY,True,True,True,False,True,NEUTRAL,1.587301587301604,RECONSTRUCTED_NOT_PRODUCTION_EXACT
2402,毅嘉,2026-06-17,A,P1_MARKET_ONLY,True,True,True,False,True,NEUTRAL,-4.090267983074758,RECONSTRUCTED_NOT_PRODUCTION_EXACT
2460,建通,2026-06-17,A,P1_MARKET_ONLY,True,True,True,False,True,NEUTRAL,2.8169014084507005,RECONSTRUCTED_NOT_PRODUCTION_EXACT
2489,瑞軒,2026-06-17,A,P1_MARKET_ONLY,True,True,True,False,True,LOSER,-14.40329218106996,RECONSTRUCTED_NOT_PRODUCTION_EXACT
2611,志信,2026-06-17,A,P1_MARKET_ONLY,True,True,True,True,True,NEUTRAL,-2.135231316725983,RECONSTRUCTED_NOT_PRODUCTION_EXACT
3535,晶彩科,2026-06-17,A,P1_MARKET_ONLY,True,True,True,False,True,LOSER,-14.12639405204461,RECONSTRUCTED_NOT_PRODUCTION_EXACT
4722,國精化,2026-06-17,A,P1_MARKET_ONLY,True,True,True,False,True,NEUTRAL,4.924242424242431,RECONSTRUCTED_NOT_PRODUCTION_EXACT
5469,瀚宇博,2026-06-17,A,P1_MARKET_ONLY,True,True,True,False,True,NEUTRAL,1.039260969976907,RECONSTRUCTED_NOT_PRODUCTION_EXACT
6213,聯茂,2026-06-17,A,P1_MARKET_ONLY,True,True,True,False,True,WINNER,34.01869158878505,RECONSTRUCTED_NOT_PRODUCTION_EXACT
6472,保瑞,2026-06-17,A,P1_MARKET_ONLY,True,True,True,True,True,NEUTRAL,4.7272727272727355,RECONSTRUCTED_NOT_PRODUCTION_EXACT
7786,東方風能,2026-06-17,A,P1_MARKET_ONLY,True,True,True,False,True,NEUTRAL,-4.651162790697672,RECONSTRUCTED_NOT_PRODUCTION_EXACT
7795,長廣,2026-06-17,A,P1_MARKET_ONLY,True,True,True,False,True,WINNER,52.75000000000001,RECONSTRUCTED_NOT_PRODUCTION_EXACT
8039,台虹,2026-06-17,A,P1_MARKET_ONLY,True,True,True,False,True,NEUTRAL,1.3698630136986356,RECONSTRUCTED_NOT_PRODUCTION_EXACT
9136,巨騰-DR,2026-06-17,A,P1_MARKET_ONLY,True,True,True,True,True,LOSER,-18.01801801801801,RECONSTRUCTED_NOT_PRODUCTION_EXACT
0051,元大中型100,2026-06-18,A,P1_MARKET_ONLY,True,False,False,False,True,NEUTRAL,1.1171293161814422,RECONSTRUCTED_NOT_PRODUCTION_EXACT
00733,富邦臺灣中小,2026-06-18,A,P1_MARKET_ONLY,True,False,False,False,True,NEUTRAL,0.575079872204487,RECONSTRUCTED_NOT_PRODUCTION_EXACT
00762,元大全球AI,2026-06-18,A,P1_MARKET_ONLY,True,False,False,False,True,LOSER,-6.450287592440429,RECONSTRUCTED_NOT_PRODUCTION_EXACT
00896,中信綠能及電動車,2026-06-18,A,P1_MARKET_ONLY,True,False,False,False,True,NEUTRAL,1.2155881301394444,RECONSTRUCTED_NOT_PRODUCTION_EXACT
00946,群益科技高息成長,2026-06-18,A,P1_MARKET_ONLY,True,False,False,True,True,NEUTRAL,1.9480519480519431,RECONSTRUCTED_NOT_PRODUCTION_EXACT
009803,玉山市值動能50,2026-06-18,A,P1_MARKET_ONLY,True,False,False,False,True,NEUTRAL,-0.0910332271279013,RECONSTRUCTED_NOT_PRODUCTION_EXACT
009808,華南永昌優選50,2026-06-18,A,P1_MARKET_ONLY,True,False,False,False,True,NEUTRAL,0.0,RECONSTRUCTED_NOT_PRODUCTION_EXACT
00982A,主動群益台灣強棒,2026-06-18,A,P1_MARKET_ONLY,True,False,False,False,True,NEUTRAL,2.7386226339106035,RECONSTRUCTED_NOT_PRODUCTION_EXACT
00993A,主動安聯台灣,2026-06-18,A,P1_MARKET_ONLY,True,False,False,False,True,NEUTRAL,0.7697690692792358,RECONSTRUCTED_NOT_PRODUCTION_EXACT
00639,富邦深100,2026-06-22,A,P1_MARKET_ONLY,True,False,False,False,True,NEUTRAL,-4.283447911158111,RECONSTRUCTED_NOT_PRODUCTION_EXACT
1905,華紙,2026-06-22,A,P1_MARKET_ONLY,True,True,True,True,True,LOSER,-8.6720867208672,RECONSTRUCTED_NOT_PRODUCTION_EXACT
2415,錩新,2026-06-22,A,P1_MARKET_ONLY,True,True,True,True,True,WINNER,37.45874587458744,RECONSTRUCTED_NOT_PRODUCTION_EXACT
6919,康霈*,2026-06-22,A,P1_MARKET_ONLY,True,True,True,False,True,LOSER,-16.317991631799167,RECONSTRUCTED_NOT_PRODUCTION_EXACT
8072,陞泰,2026-06-22,A,P1_MARKET_ONLY,True,True,True,False,True,LOSER,-6.240000000000001,RECONSTRUCTED_NOT_PRODUCTION_EXACT
1437,勤益控,2026-06-23,A,P1_MARKET_ONLY,True,True,True,True,True,NEUTRAL,2.4958402662229595,RECONSTRUCTED_NOT_PRODUCTION_EXACT
1529,樂事綠能,2026-06-23,A,P1_MARKET_ONLY,True,True,True,True,True,NEUTRAL,-1.7429193899782036,RECONSTRUCTED_NOT_PRODUCTION_EXACT
1535,中宇,2026-06-23,A,P1_MARKET_ONLY,True,True,True,True,True,NEUTRAL,0.2000000000000001,RECONSTRUCTED_NOT_PRODUCTION_EXACT
2330,台積電,2026-06-23,A,P1_MARKET_ONLY,True,True,True,False,True,NEUTRAL,-2.008032128514059,RECONSTRUCTED_NOT_PRODUCTION_EXACT
2399,映泰,2026-06-23,A,P1_MARKET_ONLY,True,True,True,False,True,NEUTRAL,-2.7504911591355596,RECONSTRUCTED_NOT_PRODUCTION_EXACT
2466,冠西電,2026-06-23,A,P1_MARKET_ONLY,True,True,True,True,True,WINNER,64.47602131438721,RECONSTRUCTED_NOT_PRODUCTION_EXACT
2634,漢翔,2026-06-23,A,P1_MARKET_ONLY,True,False,False,False,True,WINNER,17.50503018108651,RECONSTRUCTED_NOT_PRODUCTION_EXACT
2646,星宇航空,2026-06-23,A,P1_MARKET_ONLY,True,False,False,True,True,NEUTRAL,-0.4672897196261627,RECONSTRUCTED_NOT_PRODUCTION_EXACT
2832,台產,2026-06-23,A,P1_MARKET_ONLY,True,True,True,False,True,NEUTRAL,0.3546099290780091,RECONSTRUCTED_NOT_PRODUCTION_EXACT
3530,晶相光,2026-06-23,A,P1_MARKET_ONLY,True,True,True,False,True,LOSER,-8.831521739130432,RECONSTRUCTED_NOT_PRODUCTION_EXACT
3712,永崴投控,2026-06-23,A,P1_MARKET_ONLY,True,True,True,False,True,NEUTRAL,-2.228412256267398,RECONSTRUCTED_NOT_PRODUCTION_EXACT
5283,禾聯碩,2026-06-23,A,P1_MARKET_ONLY,True,True,True,True,True,LOSER,-6.445993031358876,RECONSTRUCTED_NOT_PRODUCTION_EXACT
6243,迅杰,2026-06-23,A,P1_MARKET_ONLY,True,True,True,False,True,NEUTRAL,-5.421686746987953,RECONSTRUCTED_NOT_PRODUCTION_EXACT
6257,矽格,2026-06-23,A,P1_MARKET_ONLY,True,True,True,False,True,NEUTRAL,2.1097046413502074,RECONSTRUCTED_NOT_PRODUCTION_EXACT
6573,虹揚-KY,2026-06-23,A,P1_MARKET_ONLY,True,True,True,False,True,WINNER,28.132992327365724,RECONSTRUCTED_NOT_PRODUCTION_EXACT
6715,嘉基,2026-06-23,A,P1_MARKET_ONLY,True,True,True,False,True,LOSER,-20.562390158172228,RECONSTRUCTED_NOT_PRODUCTION_EXACT
8046,南電,2026-06-23,A,P1_MARKET_ONLY,True,True,True,False,True,WINNER,13.311331133113312,RECONSTRUCTED_NOT_PRODUCTION_EXACT
8438,昶昕,2026-06-23,A,P1_MARKET_ONLY,True,True,True,False,True,NEUTRAL,-3.861386138613865,RECONSTRUCTED_NOT_PRODUCTION_EXACT
9930,中聯資源,2026-06-23,A,P1_MARKET_ONLY,True,True,True,False,True,LOSER,-9.985734664764612,RECONSTRUCTED_NOT_PRODUCTION_EXACT
9940,信義,2026-06-23,A,P1_MARKET_ONLY,True,False,False,False,True,NEUTRAL,2.0779220779220786,RECONSTRUCTED_NOT_PRODUCTION_EXACT
1216,統一,2026-06-24,A,P1_MARKET_ONLY,True,True,True,True,True,NEUTRAL,4.6604527296937315,RECONSTRUCTED_NOT_PRODUCTION_EXACT
1234,黑松,2026-06-24,A,P1_MARKET_ONLY,True,True,True,True,True,NEUTRAL,-5.832147937411092,RECONSTRUCTED_NOT_PRODUCTION_EXACT
1236,宏亞,2026-06-24,A,P1_MARKET_ONLY,True,True,True,True,True,NEUTRAL,1.9379844961240345,RECONSTRUCTED_NOT_PRODUCTION_EXACT
1310,台苯,2026-06-24,A,P1_MARKET_ONLY,True,True,True,False,True,NEUTRAL,11.278952668680777,RECONSTRUCTED_NOT_PRODUCTION_EXACT
1315,達新,2026-06-24,A,P1_MARKET_ONLY,True,True,True,True,True,NEUTRAL,2.4077046548956593,RECONSTRUCTED_NOT_PRODUCTION_EXACT
1449,佳和,2026-06-24,A,P1_MARKET_ONLY,True,True,True,False,True,LOSER,-6.688963210702337,RECONSTRUCTED_NOT_PRODUCTION_EXACT
1475,業旺,2026-06-24,A,P1_MARKET_ONLY,True,True,True,False,True,NEUTRAL,0.7407407407407307,RECONSTRUCTED_NOT_PRODUCTION_EXACT
2352,佳世達,2026-06-24,A,P1_MARKET_ONLY,True,True,True,True,True,WINNER,12.418300653594772,RECONSTRUCTED_NOT_PRODUCTION_EXACT
2539,櫻花建,2026-06-24,A,P1_MARKET_ONLY,True,True,True,False,True,NEUTRAL,0.127877237851659,RECONSTRUCTED_NOT_PRODUCTION_EXACT
2910,統領,2026-06-24,A,P1_MARKET_ONLY,True,True,True,True,True,NEUTRAL,-3.3039647577092546,RECONSTRUCTED_NOT_PRODUCTION_EXACT
3588,通嘉,2026-06-24,A,P1_MARKET_ONLY,True,True,True,False,True,LOSER,-10.408432147562586,RECONSTRUCTED_NOT_PRODUCTION_EXACT
4119,旭富,2026-06-24,A,P1_MARKET_ONLY,True,True,True,False,True,NEUTRAL,1.1299435028248483,RECONSTRUCTED_NOT_PRODUCTION_EXACT
4164,承業醫,2026-06-24,A,P1_MARKET_ONLY,True,True,True,False,True,NEUTRAL,-5.237315875613757,RECONSTRUCTED_NOT_PRODUCTION_EXACT
4169,泰宗,2026-06-24,A,P1_MARKET_ONLY,True,True,True,True,True,WINNER,44.55958549222798,RECONSTRUCTED_NOT_PRODUCTION_EXACT
6505,台塑化,2026-06-24,A,P1_MARKET_ONLY,True,True,True,False,True,NEUTRAL,7.608695652173902,RECONSTRUCTED_NOT_PRODUCTION_EXACT
6909,創控,2026-06-24,A,P1_MARKET_ONLY,True,True,True,False,True,LOSER,-12.74834437086092,RECONSTRUCTED_NOT_PRODUCTION_EXACT
7799,禾榮科,2026-06-24,A,P1_MARKET_ONLY,True,True,True,False,True,NEUTRAL,7.021791767554486,RECONSTRUCTED_NOT_PRODUCTION_EXACT
9944,新麗,2026-06-24,A,P1_MARKET_ONLY,True,True,True,True,True,NEUTRAL,0.0,RECONSTRUCTED_NOT_PRODUCTION_EXACT
Plastics,塑膠類指數,2026-06-24,A,P1_MARKET_ONLY,True,False,False,False,True,WINNER,13.321884200196266,RECONSTRUCTED_NOT_PRODUCTION_EXACT
00674R,期元大S&P黃金反1,2026-06-25,A,P1_MARKET_ONLY,True,False,False,True,True,NEUTRAL,-1.9792342634652793,RECONSTRUCTED_NOT_PRODUCTION_EXACT
1313,聯成,2026-06-25,A,P1_MARKET_ONLY,True,True,True,False,True,NEUTRAL,-0.3984063745020028,RECONSTRUCTED_NOT_PRODUCTION_EXACT
1709,和益,2026-06-25,A,P1_MARKET_ONLY,True,True,True,False,True,WINNER,14.018691588785035,RECONSTRUCTED_NOT_PRODUCTION_EXACT
1725,元禎,2026-06-25,A,P1_MARKET_ONLY,True,True,True,False,True,LOSER,-9.843081312410828,RECONSTRUCTED_NOT_PRODUCTION_EXACT
1776,展宇,2026-06-25,A,P1_MARKET_ONLY,True,True,True,False,True,NEUTRAL,-2.0050125313283096,RECONSTRUCTED_NOT_PRODUCTION_EXACT
2103,台橡,2026-06-25,A,P1_MARKET_ONLY,True,True,True,True,True,NEUTRAL,7.459207459207473,RECONSTRUCTED_NOT_PRODUCTION_EXACT
2107,厚生,2026-06-25,A,P1_MARKET_ONLY,True,True,True,True,True,NEUTRAL,-1.1583011583011449,RECONSTRUCTED_NOT_PRODUCTION_EXACT
2458,義隆,2026-06-25,A,P1_MARKET_ONLY,True,True,True,False,True,NEUTRAL,1.9444444444444375,RECONSTRUCTED_NOT_PRODUCTION_EXACT
3591,艾笛森,2026-06-25,A,P1_MARKET_ONLY,True,True,True,True,True,LOSER,-6.238532110091743,RECONSTRUCTED_NOT_PRODUCTION_EXACT
4306,炎洲,2026-06-25,A,P1_MARKET_ONLY,True,True,True,True,True,NEUTRAL,-2.515723270440251,RECONSTRUCTED_NOT_PRODUCTION_EXACT
4414,如興,2026-06-25,A,P1_MARKET_ONLY,True,True,True,True,True,NEUTRAL,1.5116279069767424,RECONSTRUCTED_NOT_PRODUCTION_EXACT
5880,合庫金,2026-06-25,A,P1_MARKET_ONLY,True,True,True,True,True,NEUTRAL,0.1992031872509736,RECONSTRUCTED_NOT_PRODUCTION_EXACT
6582,申豐,2026-06-25,A,P1_MARKET_ONLY,True,True,True,True,True,NEUTRAL,-0.3039513677811634,RECONSTRUCTED_NOT_PRODUCTION_EXACT
8464,億豐,2026-06-25,A,P1_MARKET_ONLY,True,True,True,True,True,NEUTRAL,1.265822784810133,RECONSTRUCTED_NOT_PRODUCTION_EXACT
2516,新建,2026-06-26,A,P1_MARKET_ONLY,True,True,False,True,True,NEUTRAL,0.0,RECONSTRUCTED_NOT_PRODUCTION_EXACT
2527,宏璟,2026-06-26,A,P1_MARKET_ONLY,True,True,False,True,True,WINNER,13.135068153655505,RECONSTRUCTED_NOT_PRODUCTION_EXACT
2633,台灣高鐵,2026-06-26,A,P1_MARKET_ONLY,True,True,False,True,True,NEUTRAL,1.5355086372360829,RECONSTRUCTED_NOT_PRODUCTION_EXACT
2706,第一店,2026-06-26,A,P1_MARKET_ONLY,True,True,False,True,True,NEUTRAL,1.2096774193548487,RECONSTRUCTED_NOT_PRODUCTION_EXACT
2739,寒舍,2026-06-26,A,P1_MARKET_ONLY,True,True,False,True,True,LOSER,-9.200000000000008,RECONSTRUCTED_NOT_PRODUCTION_EXACT
3717,聯嘉投控,2026-06-26,A,P1_MARKET_ONLY,True,False,False,True,True,NEUTRAL,7.627118644067776,RECONSTRUCTED_NOT_PRODUCTION_EXACT
6168,宏齊,2026-06-26,A,P1_MARKET_ONLY,False,True,True,False,False,LOSER,-6.280991735537189,RECONSTRUCTED_NOT_PRODUCTION_EXACT
6177,達麗,2026-06-26,A,P1_MARKET_ONLY,True,True,False,True,True,NEUTRAL,0.9857612267250904,RECONSTRUCTED_NOT_PRODUCTION_EXACT
6743,安普新,2026-06-26,A,P1_MARKET_ONLY,True,False,False,True,True,NEUTRAL,-2.568218298555369,RECONSTRUCTED_NOT_PRODUCTION_EXACT
7631,聚賢研發-創,2026-06-26,A,P1_MARKET_ONLY,True,True,True,True,True,LOSER,-11.585365853658535,RECONSTRUCTED_NOT_PRODUCTION_EXACT
8033,雷虎,2026-06-26,A,P1_MARKET_ONLY,True,True,True,True,True,WINNER,77.58007117437722,RECONSTRUCTED_NOT_PRODUCTION_EXACT
9914,美利達,2026-06-26,A,P1_MARKET_ONLY,False,True,True,False,False,NEUTRAL,2.44565217391306,RECONSTRUCTED_NOT_PRODUCTION_EXACT
9921,巨大,2026-06-26,A,P1_MARKET_ONLY,False,True,False,False,False,NEUTRAL,4.444444444444451,RECONSTRUCTED_NOT_PRODUCTION_EXACT
00638R,元大滬深300反1,2026-06-29,A,P1_MARKET_ONLY,False,False,False,True,False,NEUTRAL,1.3595166163141936,RECONSTRUCTED_NOT_PRODUCTION_EXACT
00656R,國泰中國A50反1,2026-06-29,A,P1_MARKET_ONLY,False,False,False,True,False,NEUTRAL,1.718213058419238,RECONSTRUCTED_NOT_PRODUCTION_EXACT
00671R,富邦NASDAQ反1,2026-06-29,A,P1_MARKET_ONLY,False,False,False,True,False,NEUTRAL,-0.406504065040647,RECONSTRUCTED_NOT_PRODUCTION_EXACT
00712,復華富時不動產,2026-06-29,A,P1_MARKET_ONLY,False,False,False,True,False,NEUTRAL,0.3420752565564511,RECONSTRUCTED_NOT_PRODUCTION_EXACT
1229,聯華,2026-06-29,A,P1_MARKET_ONLY,False,True,False,True,False,LOSER,-6.323185011709609,RECONSTRUCTED_NOT_PRODUCTION_EXACT
1435,中福,2026-06-29,A,P1_MARKET_ONLY,False,True,False,True,False,NEUTRAL,6.626506024096401,RECONSTRUCTED_NOT_PRODUCTION_EXACT
1626,艾美特-KY,2026-06-29,A,P1_MARKET_ONLY,False,True,False,True,False,LOSER,-6.018518518518523,RECONSTRUCTED_NOT_PRODUCTION_EXACT
1736,喬山,2026-06-29,A,P1_MARKET_ONLY,False,False,False,False,False,NEUTRAL,-0.7722007722007707,RECONSTRUCTED_NOT_PRODUCTION_EXACT
2236,百達-KY,2026-06-29,A,P1_MARKET_ONLY,False,True,False,False,False,WINNER,14.28571428571428,RECONSTRUCTED_NOT_PRODUCTION_EXACT
2380,虹光,2026-06-29,A,P1_MARKET_ONLY,False,True,False,False,False,LOSER,-12.325581395348827,RECONSTRUCTED_NOT_PRODUCTION_EXACT
2630,亞航,2026-06-29,A,P1_MARKET_ONLY,False,True,False,False,False,WINNER,40.15748031496062,RECONSTRUCTED_NOT_PRODUCTION_EXACT
4560,強信-KY,2026-06-29,A,P1_MARKET_ONLY,False,True,False,True,False,NEUTRAL,2.2900763358778553,RECONSTRUCTED_NOT_PRODUCTION_EXACT
6491,晶碩,2026-06-29,A,P1_MARKET_ONLY,False,True,False,True,False,NEUTRAL,8.006042296072513,RECONSTRUCTED_NOT_PRODUCTION_EXACT
7803,雲象科技-創,2026-06-29,A,P1_MARKET_ONLY,False,False,False,True,False,NEUTRAL,-3.433476394849788,RECONSTRUCTED_NOT_PRODUCTION_EXACT
9905,大華,2026-06-29,A,P1_MARKET_ONLY,False,False,False,True,False,NEUTRAL,-3.294117647058825,RECONSTRUCTED_NOT_PRODUCTION_EXACT
0061,元大寶滬深,2026-06-30,A,P1_MARKET_ONLY,False,False,False,False,False,NEUTRAL,-1.2090483619344838,RECONSTRUCTED_NOT_PRODUCTION_EXACT
006205,富邦上証,2026-06-30,A,P1_MARKET_ONLY,True,False,False,True,True,NEUTRAL,-0.978053435114512,RECONSTRUCTED_NOT_PRODUCTION_EXACT
006206,元大上證50,2026-06-30,A,P1_MARKET_ONLY,True,False,False,True,True,NEUTRAL,2.558691638090238,RECONSTRUCTED_NOT_PRODUCTION_EXACT
006207,復華滬深,2026-06-30,A,P1_MARKET_ONLY,False,False,False,False,False,NEUTRAL,-1.7446932247746516,RECONSTRUCTED_NOT_PRODUCTION_EXACT
00648R,元大S&P500反1,2026-06-30,A,P1_MARKET_ONLY,True,False,False,True,True,NEUTRAL,-0.990099009900991,RECONSTRUCTED_NOT_PRODUCTION_EXACT
00651R,復華香港反1,2026-06-30,A,P1_MARKET_ONLY,True,False,False,True,True,LOSER,-7.8767123287671215,RECONSTRUCTED_NOT_PRODUCTION_EXACT
00652,富邦印度,2026-06-30,A,P1_MARKET_ONLY,True,False,False,True,True,NEUTRAL,0.8479709267110724,RECONSTRUCTED_NOT_PRODUCTION_EXACT
00666R,富邦恒生國企反1,2026-06-30,A,P1_MARKET_ONLY,True,False,False,True,True,LOSER,-8.463035019455244,RECONSTRUCTED_NOT_PRODUCTION_EXACT
00678,群益那斯達克生技,2026-06-30,A,P1_MARKET_ONLY,True,False,False,True,True,NEUTRAL,-0.2972504334902037,RECONSTRUCTED_NOT_PRODUCTION_EXACT
00680L,元大美債20正2,2026-06-30,A,P1_MARKET_ONLY,True,False,False,True,True,LOSER,-7.0637119113573394,RECONSTRUCTED_NOT_PRODUCTION_EXACT
00688L,國泰20年美債正2,2026-06-30,A,P1_MARKET_ONLY,True,False,False,True,True,LOSER,-6.8340306834030695,RECONSTRUCTED_NOT_PRODUCTION_EXACT
00714,群益道瓊美國地產,2026-06-30,A,P1_MARKET_ONLY,True,False,False,True,True,NEUTRAL,0.0,RECONSTRUCTED_NOT_PRODUCTION_EXACT
00739,元大MSCI A股,2026-06-30,A,P1_MARKET_ONLY,True,False,False,True,True,NEUTRAL,-2.1841397849462485,RECONSTRUCTED_NOT_PRODUCTION_EXACT
00783,富邦中証500,2026-06-30,A,P1_MARKET_ONLY,True,False,False,True,True,LOSER,-6.727444199937116,RECONSTRUCTED_NOT_PRODUCTION_EXACT
00865B,國泰US短期公債,2026-06-30,A,P1_MARKET_ONLY,True,False,False,True,True,NEUTRAL,1.0923330585325577,RECONSTRUCTED_NOT_PRODUCTION_EXACT
00875,國泰網路資安,2026-06-30,A,P1_MARKET_ONLY,False,False,False,False,False,NEUTRAL,8.83813306852035,RECONSTRUCTED_NOT_PRODUCTION_EXACT
00897,富邦基因免疫生技,2026-06-30,A,P1_MARKET_ONLY,True,False,False,True,True,NEUTRAL,-1.5030946065428763,RECONSTRUCTED_NOT_PRODUCTION_EXACT
009805,台新美國電力基建,2026-06-30,A,P1_MARKET_ONLY,True,False,False,True,True,NEUTRAL,-2.697947214076246,RECONSTRUCTED_NOT_PRODUCTION_EXACT
00983D,主動富邦複合收益,2026-06-30,A,P1_MARKET_ONLY,True,False,False,True,True,NEUTRAL,-0.6849315068493178,RECONSTRUCTED_NOT_PRODUCTION_EXACT
3413,京鼎,2026-06-30,A,P1_MARKET_ONLY,False,False,False,False,False,NEUTRAL,5.295007564296528,RECONSTRUCTED_NOT_PRODUCTION_EXACT
4155,訊映,2026-06-30,A,P1_MARKET_ONLY,False,True,True,False,False,NEUTRAL,7.308970099667755,RECONSTRUCTED_NOT_PRODUCTION_EXACT
4934,太極,2026-06-30,A,P1_MARKET_ONLY,False,True,False,False,False,LOSER,-8.695652173913038,RECONSTRUCTED_NOT_PRODUCTION_EXACT
00643,群益深証中小,2026-07-01,A,P1_MARKET_ONLY,True,False,False,True,True,NEUTRAL,-4.270633397312862,RECONSTRUCTED_NOT_PRODUCTION_EXACT
00728,第一金工業30,2026-07-01,A,P1_MARKET_ONLY,True,False,False,False,True,NEUTRAL,-2.4981074943224657,RECONSTRUCTED_NOT_PRODUCTION_EXACT
00938,凱基優選30,2026-07-01,A,P1_MARKET_ONLY,True,False,False,False,True,NEUTRAL,1.0660106601065866,RECONSTRUCTED_NOT_PRODUCTION_EXACT
2345,智邦,2026-07-01,A,P1_MARKET_ONLY,True,True,True,False,True,LOSER,-12.781954887218047,RECONSTRUCTED_NOT_PRODUCTION_EXACT
2429,銘旺科,2026-07-01,A,P1_MARKET_ONLY,True,True,True,False,True,NEUTRAL,-1.5625,RECONSTRUCTED_NOT_PRODUCTION_EXACT
2433,互盛電,2026-07-01,A,P1_MARKET_ONLY,True,False,False,True,True,LOSER,-6.249999999999989,RECONSTRUCTED_NOT_PRODUCTION_EXACT
2528,皇普,2026-07-01,A,P1_MARKET_ONLY,True,True,True,False,True,NEUTRAL,-0.6696428571428492,RECONSTRUCTED_NOT_PRODUCTION_EXACT
3605,宏致,2026-07-01,A,P1_MARKET_ONLY,True,True,True,False,True,NEUTRAL,-0.8177570093457764,RECONSTRUCTED_NOT_PRODUCTION_EXACT
8466,美吉吉-KY,2026-07-01,A,P1_MARKET_ONLY,True,True,True,True,True,NEUTRAL,1.4285714285714235,RECONSTRUCTED_NOT_PRODUCTION_EXACT
9935,慶豐富,2026-07-01,A,P1_MARKET_ONLY,True,False,False,True,True,NEUTRAL,-4.822335025380708,RECONSTRUCTED_NOT_PRODUCTION_EXACT
00981A,主動統一台股增長,2026-07-02,B,P1_MARKET_ONLY,True,False,False,False,True,LOSER,-17.535101404056153,RECONSTRUCTED_NOT_PRODUCTION_EXACT
1417,嘉裕,2026-07-02,B,P1_MARKET_ONLY,True,True,True,True,True,NEUTRAL,-5.621621621621619,RECONSTRUCTED_NOT_PRODUCTION_EXACT
1445,大宇,2026-07-02,B,P1_MARKET_ONLY,True,True,True,True,True,LOSER,-8.097165991902832,RECONSTRUCTED_NOT_PRODUCTION_EXACT
1466,聚隆,2026-07-02,B,P1_MARKET_ONLY,True,True,True,False,True,NEUTRAL,-4.201680672268903,RECONSTRUCTED_NOT_PRODUCTION_EXACT
1467,南緯,2026-07-02,B,P1_MARKET_ONLY,True,True,True,True,True,NEUTRAL,-1.4722536806342057,RECONSTRUCTED_NOT_PRODUCTION_EXACT
1474,弘裕,2026-07-02,B,P1_MARKET_ONLY,True,True,True,True,True,NEUTRAL,0.9661835748792312,RECONSTRUCTED_NOT_PRODUCTION_EXACT
1712,興農,2026-07-02,B,P1_MARKET_ONLY,True,True,True,True,True,NEUTRAL,-1.8633540372670845,RECONSTRUCTED_NOT_PRODUCTION_EXACT
2109,華豐,2026-07-02,B,P1_MARKET_ONLY,True,True,True,True,True,NEUTRAL,-0.6802721088435382,RECONSTRUCTED_NOT_PRODUCTION_EXACT
2351,順德,2026-07-02,B,P1_MARKET_ONLY,True,True,True,False,True,LOSER,-19.01408450704225,RECONSTRUCTED_NOT_PRODUCTION_EXACT
2467,志聖,2026-07-02,B,P1_MARKET_ONLY,True,True,True,False,True,LOSER,-15.197568389057746,RECONSTRUCTED_NOT_PRODUCTION_EXACT
2476,鉅祥,2026-07-02,B,P1_MARKET_ONLY,True,True,True,True,True,LOSER,-11.567164179104472,RECONSTRUCTED_NOT_PRODUCTION_EXACT
3443,創意,2026-07-02,B,P1_MARKET_ONLY,True,True,True,False,True,LOSER,-28.04878048780488,RECONSTRUCTED_NOT_PRODUCTION_EXACT
3661,世芯-KY,2026-07-02,B,P1_MARKET_ONLY,True,True,True,False,True,LOSER,-28.9070480081716,RECONSTRUCTED_NOT_PRODUCTION_EXACT
4572,駐龍,2026-07-02,B,P1_MARKET_ONLY,True,True,True,True,True,NEUTRAL,-2.0270270270270285,RECONSTRUCTED_NOT_PRODUCTION_EXACT
4771,望隼,2026-07-02,B,P1_MARKET_ONLY,True,True,True,True,True,NEUTRAL,-2.977667493796521,RECONSTRUCTED_NOT_PRODUCTION_EXACT
6515,穎崴,2026-07-02,B,P1_MARKET_ONLY,True,True,True,False,True,LOSER,-34.962406015037594,RECONSTRUCTED_NOT_PRODUCTION_EXACT
6525,捷敏-KY,2026-07-02,B,P1_MARKET_ONLY,True,True,True,False,True,NEUTRAL,3.603603603603611,RECONSTRUCTED_NOT_PRODUCTION_EXACT
6753,龍德造船,2026-07-02,B,P1_MARKET_ONLY,True,False,False,False,True,NEUTRAL,-0.7142857142857117,RECONSTRUCTED_NOT_PRODUCTION_EXACT
1217,愛之味,2026-07-03,B,P1_MARKET_ONLY,True,True,True,True,True,NEUTRAL,-1.9704433497537033,RECONSTRUCTED_NOT_PRODUCTION_EXACT
1304,台聚,2026-07-03,B,P1_MARKET_ONLY,True,True,True,False,True,LOSER,-16.451612903225808,RECONSTRUCTED_NOT_PRODUCTION_EXACT
1321,大洋,2026-07-03,B,P1_MARKET_ONLY,True,True,True,False,True,NEUTRAL,0.3134796238244641,RECONSTRUCTED_NOT_PRODUCTION_EXACT
1452,宏益,2026-07-03,B,P1_MARKET_ONLY,True,True,True,True,True,NEUTRAL,-3.765690376569031,RECONSTRUCTED_NOT_PRODUCTION_EXACT
1464,得力,2026-07-03,B,P1_MARKET_ONLY,True,True,True,True,True,NEUTRAL,-5.000000000000004,RECONSTRUCTED_NOT_PRODUCTION_EXACT
1702,南僑,2026-07-03,B,P1_MARKET_ONLY,True,True,True,True,True,NEUTRAL,4.147465437788034,RECONSTRUCTED_NOT_PRODUCTION_EXACT
1717,長興,2026-07-03,B,P1_MARKET_ONLY,True,True,True,False,True,LOSER,-23.89705882352941,RECONSTRUCTED_NOT_PRODUCTION_EXACT
2231,為升,2026-07-03,B,P1_MARKET_ONLY,True,True,True,False,True,LOSER,-9.704641350210974,RECONSTRUCTED_NOT_PRODUCTION_EXACT
2617,台航,2026-07-03,B,P1_MARKET_ONLY,True,True,True,True,True,LOSER,-6.065573770491806,RECONSTRUCTED_NOT_PRODUCTION_EXACT
3518,柏騰,2026-07-03,B,P1_MARKET_ONLY,True,True,True,False,True,LOSER,-27.922971114167815,RECONSTRUCTED_NOT_PRODUCTION_EXACT
4989,榮科,2026-07-03,B,P1_MARKET_ONLY,True,False,False,False,True,LOSER,-41.26696832579185,RECONSTRUCTED_NOT_PRODUCTION_EXACT
6477,安集,2026-07-03,B,P1_MARKET_ONLY,True,True,True,False,True,NEUTRAL,11.111111111111116,RECONSTRUCTED_NOT_PRODUCTION_EXACT
7818,溢泰實業,2026-07-03,B,P1_MARKET_ONLY,True,True,True,True,True,NEUTRAL,-0.2906976744186051,RECONSTRUCTED_NOT_PRODUCTION_EXACT
9911,櫻花,2026-07-03,B,P1_MARKET_ONLY,True,True,True,True,True,NEUTRAL,-2.347417840375587,RECONSTRUCTED_NOT_PRODUCTION_EXACT
1256,鮮活果汁-KY,2026-07-06,B,P1_MARKET_ONLY,True,True,True,True,True,LOSER,-7.0351758793969825,RECONSTRUCTED_NOT_PRODUCTION_EXACT
1339,昭輝,2026-07-06,B,P1_MARKET_ONLY,True,True,True,True,True,NEUTRAL,-0.660066006600668,RECONSTRUCTED_NOT_PRODUCTION_EXACT
1604,聲寶,2026-07-06,B,P1_MARKET_ONLY,True,True,True,True,True,NEUTRAL,-1.0504201680672232,RECONSTRUCTED_NOT_PRODUCTION_EXACT
1721,三晃,2026-07-06,B,P1_MARKET_ONLY,True,True,True,False,True,LOSER,-29.259896729776248,RECONSTRUCTED_NOT_PRODUCTION_EXACT
1727,中華化,2026-07-06,B,P1_MARKET_ONLY,True,True,True,False,True,LOSER,-19.901477832512317,RECONSTRUCTED_NOT_PRODUCTION_EXACT
1760,寶齡富錦,2026-07-06,B,P1_MARKET_ONLY,True,True,True,True,True,LOSER,-6.676783004552355,RECONSTRUCTED_NOT_PRODUCTION_EXACT
1773,勝一,2026-07-06,B,P1_MARKET_ONLY,True,True,True,False,True,LOSER,-8.378378378378383,RECONSTRUCTED_NOT_PRODUCTION_EXACT
1783,和康生,2026-07-06,B,P1_MARKET_ONLY,True,True,True,True,True,NEUTRAL,-1.1083743842364546,RECONSTRUCTED_NOT_PRODUCTION_EXACT
2012,春雨,2026-07-06,B,P1_MARKET_ONLY,True,True,True,False,True,NEUTRAL,-4.242424242424237,RECONSTRUCTED_NOT_PRODUCTION_EXACT
2033,佳大,2026-07-06,B,P1_MARKET_ONLY,True,True,True,False,True,LOSER,-7.62195121951218,RECONSTRUCTED_NOT_PRODUCTION_EXACT
2104,國際中橡,2026-07-06,B,P1_MARKET_ONLY,True,True,True,False,True,LOSER,-8.771929824561408,RECONSTRUCTED_NOT_PRODUCTION_EXACT
2885,元大金,2026-07-06,B,P1_MARKET_ONLY,True,True,True,False,True,LOSER,-10.380116959064337,RECONSTRUCTED_NOT_PRODUCTION_EXACT
3031,佰鴻,2026-07-06,B,P1_MARKET_ONLY,True,True,True,False,True,LOSER,-26.51851851851852,RECONSTRUCTED_NOT_PRODUCTION_EXACT
6235,華孚,2026-07-06,B,P1_MARKET_ONLY,True,True,True,False,True,LOSER,-14.909478168264112,RECONSTRUCTED_NOT_PRODUCTION_EXACT
6782,視陽,2026-07-06,B,P1_MARKET_ONLY,True,True,True,False,True,LOSER,-6.714628297362113,RECONSTRUCTED_NOT_PRODUCTION_EXACT
6918,愛派司,2026-07-06,B,P1_MARKET_ONLY,True,True,True,True,True,NEUTRAL,-3.443708609271512,RECONSTRUCTED_NOT_PRODUCTION_EXACT
9912,偉聯,2026-07-06,B,P1_MARKET_ONLY,True,True,True,True,True,NEUTRAL,-0.7874015748031482,RECONSTRUCTED_NOT_PRODUCTION_EXACT
1419,新紡,2026-07-07,B,P1_MARKET_ONLY,True,True,True,False,True,NEUTRAL,-0.1515151515151469,RECONSTRUCTED_NOT_PRODUCTION_EXACT
2034,允強,2026-07-07,B,P1_MARKET_ONLY,True,True,True,True,True,NEUTRAL,-5.32687651331718,RECONSTRUCTED_NOT_PRODUCTION_EXACT
2208,台船,2026-07-07,B,P1_MARKET_ONLY,True,False,False,False,True,NEUTRAL,3.076923076923088,RECONSTRUCTED_NOT_PRODUCTION_EXACT
2390,云辰,2026-07-07,B,P1_MARKET_ONLY,True,True,True,False,True,LOSER,-12.355212355212352,RECONSTRUCTED_NOT_PRODUCTION_EXACT
2480,敦陽科,2026-07-07,B,P1_MARKET_ONLY,True,True,True,True,True,NEUTRAL,-1.851851851851849,RECONSTRUCTED_NOT_PRODUCTION_EXACT
2901,欣欣,2026-07-07,B,P1_MARKET_ONLY,True,True,True,False,True,NEUTRAL,1.2396694214876105,RECONSTRUCTED_NOT_PRODUCTION_EXACT
3545,敦泰,2026-07-07,B,P1_MARKET_ONLY,True,False,False,False,True,LOSER,-11.908931698774085,RECONSTRUCTED_NOT_PRODUCTION_EXACT
4133,亞諾法,2026-07-07,B,P1_MARKET_ONLY,True,True,True,True,True,NEUTRAL,2.1226415094339535,RECONSTRUCTED_NOT_PRODUCTION_EXACT
4438,廣越,2026-07-07,B,P1_MARKET_ONLY,True,True,True,True,True,NEUTRAL,-2.8799999999999937,RECONSTRUCTED_NOT_PRODUCTION_EXACT
4576,大銀微系統,2026-07-07,B,P1_MARKET_ONLY,True,True,True,False,True,LOSER,-11.210762331838565,RECONSTRUCTED_NOT_PRODUCTION_EXACT
4961,天鈺,2026-07-07,B,P1_MARKET_ONLY,True,True,True,False,True,LOSER,-6.000000000000005,RECONSTRUCTED_NOT_PRODUCTION_EXACT
6201,亞弘電,2026-07-07,B,P1_MARKET_ONLY,True,True,True,True,True,NEUTRAL,-0.3051881993896166,RECONSTRUCTED_NOT_PRODUCTION_EXACT
6416,瑞祺電通,2026-07-07,B,P1_MARKET_ONLY,True,True,True,True,True,WINNER,16.483516483516492,RECONSTRUCTED_NOT_PRODUCTION_EXACT
6873,泓德能源-創,2026-07-07,B,P1_MARKET_ONLY,True,True,True,False,True,NEUTRAL,-1.7937219730941756,RECONSTRUCTED_NOT_PRODUCTION_EXACT
1203,味王,2026-07-08,B,P1_MARKET_ONLY,False,True,True,False,False,NEUTRAL,8.755760368663612,RECONSTRUCTED_NOT_PRODUCTION_EXACT
1416,廣豐,2026-07-08,B,P1_MARKET_ONLY,True,True,True,True,True,NEUTRAL,0.0,RECONSTRUCTED_NOT_PRODUCTION_EXACT
2388,威盛,2026-07-08,B,P1_MARKET_ONLY,False,False,False,False,False,NEUTRAL,-1.2113055181695698,RECONSTRUCTED_NOT_PRODUCTION_EXACT
2427,三商電,2026-07-08,B,P1_MARKET_ONLY,False,False,False,False,False,LOSER,-9.197651663405091,RECONSTRUCTED_NOT_PRODUCTION_EXACT
3416,融程電,2026-07-08,B,P1_MARKET_ONLY,False,True,False,False,False,NEUTRAL,-4.545454545454541,RECONSTRUCTED_NOT_PRODUCTION_EXACT
4178,永笙-KY,2026-07-08,B,P1_MARKET_ONLY,False,True,False,False,False,NEUTRAL,-0.7792207792207684,RECONSTRUCTED_NOT_PRODUCTION_EXACT
4195,基米-創,2026-07-08,B,P1_MARKET_ONLY,True,True,True,True,True,LOSER,-7.954545454545469,RECONSTRUCTED_NOT_PRODUCTION_EXACT
5269,祥碩,2026-07-08,B,P1_MARKET_ONLY,False,False,False,False,False,LOSER,-7.868852459016395,RECONSTRUCTED_NOT_PRODUCTION_EXACT
6794,向榮生技-創,2026-07-08,B,P1_MARKET_ONLY,False,True,False,False,False,NEUTRAL,-5.589307411907651,RECONSTRUCTED_NOT_PRODUCTION_EXACT
6934,心誠鎂,2026-07-08,B,P1_MARKET_ONLY,False,True,True,False,False,NEUTRAL,8.42391304347827,RECONSTRUCTED_NOT_PRODUCTION_EXACT
8443,阿瘦,2026-07-08,B,P1_MARKET_ONLY,True,True,False,True,True,NEUTRAL,-1.30434782608696,RECONSTRUCTED_NOT_PRODUCTION_EXACT
020037,元大金融高股息N,2026-07-09,B,P1_MARKET_ONLY,False,False,False,False,False,NEUTRAL,0.7252946509519465,RECONSTRUCTED_NOT_PRODUCTION_EXACT
1536,和大,2026-07-09,B,P1_MARKET_ONLY,False,True,False,True,False,LOSER,-7.454545454545459,RECONSTRUCTED_NOT_PRODUCTION_EXACT
1623,大東電,2026-07-09,B,P1_MARKET_ONLY,False,True,False,False,False,NEUTRAL,-3.31125827814569,RECONSTRUCTED_NOT_PRODUCTION_EXACT
2431,聯昌,2026-07-09,B,P1_MARKET_ONLY,False,False,False,False,False,LOSER,-6.550218340611358,RECONSTRUCTED_NOT_PRODUCTION_EXACT
2465,麗臺,2026-07-09,B,P1_MARKET_ONLY,False,True,False,False,False,LOSER,-10.05586592178771,RECONSTRUCTED_NOT_PRODUCTION_EXACT
2486,一詮,2026-07-09,B,P1_MARKET_ONLY,False,True,False,False,False,LOSER,-15.444015444015449,RECONSTRUCTED_NOT_PRODUCTION_EXACT
3005,神基,2026-07-09,B,P1_MARKET_ONLY,False,False,False,False,False,NEUTRAL,0.8928571428571397,RECONSTRUCTED_NOT_PRODUCTION_EXACT
3015,全漢,2026-07-09,B,P1_MARKET_ONLY,False,False,False,False,False,LOSER,-15.10903426791278,RECONSTRUCTED_NOT_PRODUCTION_EXACT
3617,碩天,2026-07-09,B,P1_MARKET_ONLY,False,True,False,True,False,LOSER,-11.98347107438017,RECONSTRUCTED_NOT_PRODUCTION_EXACT
5258,虹堡,2026-07-09,B,P1_MARKET_ONLY,False,True,False,False,False,NEUTRAL,-1.325757575757569,RECONSTRUCTED_NOT_PRODUCTION_EXACT
6176,瑞儀,2026-07-09,B,P1_MARKET_ONLY,True,False,False,True,True,NEUTRAL,-2.759381898454749,RECONSTRUCTED_NOT_PRODUCTION_EXACT
6928,攸泰科技,2026-07-09,B,P1_MARKET_ONLY,False,True,False,False,False,NEUTRAL,0.5628517823639934,RECONSTRUCTED_NOT_PRODUCTION_EXACT
7823,奧義賽博-KY創,2026-07-09,B,P1_MARKET_ONLY,False,True,False,True,False,LOSER,-6.4189189189189255,RECONSTRUCTED_NOT_PRODUCTION_EXACT
1232,大統益,2026-07-13,C,P1_MARKET_ONLY,True,True,False,True,True,,,RECONSTRUCTED_NOT_PRODUCTION_EXACT
1308,亞聚,2026-07-13,C,P1_MARKET_ONLY,False,True,False,False,False,,,RECONSTRUCTED_NOT_PRODUCTION_EXACT
2101,南港,2026-07-13,C,P1_MARKET_ONLY,True,False,False,True,True,,,RECONSTRUCTED_NOT_PRODUCTION_EXACT
2321,東訊,2026-07-13,C,P1_MARKET_ONLY,False,True,False,False,False,,,RECONSTRUCTED_NOT_PRODUCTION_EXACT
2374,佳能,2026-07-13,C,P1_MARKET_ONLY,False,True,False,False,False,,,RECONSTRUCTED_NOT_PRODUCTION_EXACT
2482,連宇,2026-07-13,C,P1_MARKET_ONLY,True,True,False,True,True,,,RECONSTRUCTED_NOT_PRODUCTION_EXACT
3596,智易,2026-07-13,C,P1_MARKET_ONLY,False,True,False,False,False,,,RECONSTRUCTED_NOT_PRODUCTION_EXACT
3694,海華,2026-07-13,C,P1_MARKET_ONLY,False,True,False,False,False,,,RECONSTRUCTED_NOT_PRODUCTION_EXACT
4564,元翎,2026-07-13,C,P1_MARKET_ONLY,False,True,False,False,False,,,RECONSTRUCTED_NOT_PRODUCTION_EXACT
4764,雙鍵,2026-07-13,C,P1_MARKET_ONLY,False,True,False,False,False,,,RECONSTRUCTED_NOT_PRODUCTION_EXACT
6142,友勁,2026-07-13,C,P1_MARKET_ONLY,False,True,False,False,False,,,RECONSTRUCTED_NOT_PRODUCTION_EXACT
6225,天瀚,2026-07-13,C,P1_MARKET_ONLY,False,True,False,False,False,,,RECONSTRUCTED_NOT_PRODUCTION_EXACT
6533,晶心科,2026-07-13,C,P1_MARKET_ONLY,False,True,False,False,False,,,RECONSTRUCTED_NOT_PRODUCTION_EXACT
6863,永道-KY,2026-07-13,C,P1_MARKET_ONLY,True,True,False,True,True,,,RECONSTRUCTED_NOT_PRODUCTION_EXACT
6933,AMAX-KY,2026-07-13,C,P1_MARKET_ONLY,False,True,False,False,False,,,RECONSTRUCTED_NOT_PRODUCTION_EXACT
8442,威宏-KY,2026-07-13,C,P1_MARKET_ONLY,False,True,False,False,False,,,RECONSTRUCTED_NOT_PRODUCTION_EXACT
9925,新保,2026-07-13,C,P1_MARKET_ONLY,True,False,False,True,True,,,RECONSTRUCTED_NOT_PRODUCTION_EXACT
9938,百和,2026-07-13,C,P1_MARKET_ONLY,False,False,False,False,False,,,RECONSTRUCTED_NOT_PRODUCTION_EXACT
1410,南染,2026-07-14,C,P1_MARKET_ONLY,False,True,False,True,False,,,RECONSTRUCTED_NOT_PRODUCTION_EXACT
1468,昶和,2026-07-14,C,P1_MARKET_ONLY,True,True,False,True,True,,,RECONSTRUCTED_NOT_PRODUCTION_EXACT
1476,儒鴻,2026-07-14,C,P1_MARKET_ONLY,True,True,False,True,True,,,RECONSTRUCTED_NOT_PRODUCTION_EXACT
1733,五鼎,2026-07-14,C,P1_MARKET_ONLY,True,True,False,True,True,,,RECONSTRUCTED_NOT_PRODUCTION_EXACT
1734,杏輝,2026-07-14,C,P1_MARKET_ONLY,True,True,False,True,True,,,RECONSTRUCTED_NOT_PRODUCTION_EXACT
2006,東和鋼鐵,2026-07-14,C,P1_MARKET_ONLY,False,True,False,True,False,,,RECONSTRUCTED_NOT_PRODUCTION_EXACT
2023,燁輝,2026-07-14,C,P1_MARKET_ONLY,False,True,False,True,False,,,RECONSTRUCTED_NOT_PRODUCTION_EXACT
2207,和泰車,2026-07-14,C,P1_MARKET_ONLY,False,True,False,True,False,,,RECONSTRUCTED_NOT_PRODUCTION_EXACT
2704,國賓,2026-07-14,C,P1_MARKET_ONLY,True,True,False,True,True,,,RECONSTRUCTED_NOT_PRODUCTION_EXACT
3702,大聯大,2026-07-14,C,P1_MARKET_ONLY,False,True,False,True,False,,,RECONSTRUCTED_NOT_PRODUCTION_EXACT
4104,佳醫,2026-07-14,C,P1_MARKET_ONLY,True,True,False,True,True,,,RECONSTRUCTED_NOT_PRODUCTION_EXACT
4106,雃博,2026-07-14,C,P1_MARKET_ONLY,True,True,False,True,True,,,RECONSTRUCTED_NOT_PRODUCTION_EXACT
4736,泰博,2026-07-14,C,P1_MARKET_ONLY,True,True,False,True,True,,,RECONSTRUCTED_NOT_PRODUCTION_EXACT
5306,桂盟,2026-07-14,C,P1_MARKET_ONLY,False,True,False,True,False,,,RECONSTRUCTED_NOT_PRODUCTION_EXACT
5525,順天,2026-07-14,C,P1_MARKET_ONLY,False,True,False,True,False,,,RECONSTRUCTED_NOT_PRODUCTION_EXACT
5538,東明-KY,2026-07-14,C,P1_MARKET_ONLY,False,True,False,True,False,,,RECONSTRUCTED_NOT_PRODUCTION_EXACT
6534,正瀚-創,2026-07-14,C,P1_MARKET_ONLY,True,True,False,True,True,,,RECONSTRUCTED_NOT_PRODUCTION_EXACT
8411,福貞-KY,2026-07-14,C,P1_MARKET_ONLY,True,True,False,True,True,,,RECONSTRUCTED_NOT_PRODUCTION_EXACT
8462,柏文,2026-07-14,C,P1_MARKET_ONLY,True,True,False,True,True,,,RECONSTRUCTED_NOT_PRODUCTION_EXACT
8481,政伸,2026-07-14,C,P1_MARKET_ONLY,True,True,False,True,True,,,RECONSTRUCTED_NOT_PRODUCTION_EXACT
910322,康師傅-DR,2026-07-14,C,P1_MARKET_ONLY,False,True,False,True,False,,,RECONSTRUCTED_NOT_PRODUCTION_EXACT
2015,豐興,2026-07-15,C,P1_MARKET_ONLY,False,True,False,False,False,,,RECONSTRUCTED_NOT_PRODUCTION_EXACT
6464,台數科,2026-07-15,C,P1_MARKET_ONLY,True,False,False,True,True,,,RECONSTRUCTED_NOT_PRODUCTION_EXACT
6598,ABC-KY,2026-07-15,C,P1_MARKET_ONLY,False,True,False,False,False,,,RECONSTRUCTED_NOT_PRODUCTION_EXACT
6669,緯穎,2026-07-15,C,P1_MARKET_ONLY,False,True,False,False,False,,,RECONSTRUCTED_NOT_PRODUCTION_EXACT
6887,寶綠特-KY,2026-07-15,C,P1_MARKET_ONLY,False,True,False,False,False,,,RECONSTRUCTED_NOT_PRODUCTION_EXACT
8478,東哥遊艇,2026-07-15,C,P1_MARKET_ONLY,False,True,False,False,False,,,RECONSTRUCTED_NOT_PRODUCTION_EXACT
8499,鼎炫-KY,2026-07-15,C,P1_MARKET_ONLY,False,True,False,False,False,,,RECONSTRUCTED_NOT_PRODUCTION_EXACT
9927,泰銘,2026-07-15,C,P1_MARKET_ONLY,True,True,False,True,True,,,RECONSTRUCTED_NOT_PRODUCTION_EXACT
00715L,期街口布蘭特正2,2026-07-16,C,P1_MARKET_ONLY,False,False,False,False,False,,,RECONSTRUCTED_NOT_PRODUCTION_EXACT
00916,國泰全球品牌50,2026-07-16,C,P1_MARKET_ONLY,True,False,False,True,True,,,RECONSTRUCTED_NOT_PRODUCTION_EXACT
1101,台泥,2026-07-16,C,P1_MARKET_ONLY,False,True,False,True,False,,,RECONSTRUCTED_NOT_PRODUCTION_EXACT
1103,嘉泥,2026-07-16,C,P1_MARKET_ONLY,True,True,False,True,True,,,RECONSTRUCTED_NOT_PRODUCTION_EXACT
1110,東泥,2026-07-16,C,P1_MARKET_ONLY,False,True,False,False,False,,,RECONSTRUCTED_NOT_PRODUCTION_EXACT
1436,華友聯,2026-07-16,C,P1_MARKET_ONLY,True,True,True,True,True,,,RECONSTRUCTED_NOT_PRODUCTION_EXACT
1439,雋揚,2026-07-16,C,P1_MARKET_ONLY,False,True,True,False,False,,,RECONSTRUCTED_NOT_PRODUCTION_EXACT
1442,名軒,2026-07-16,C,P1_MARKET_ONLY,True,True,True,True,True,,,RECONSTRUCTED_NOT_PRODUCTION_EXACT
1732,毛寶,2026-07-16,C,P1_MARKET_ONLY,False,True,True,True,False,,,RECONSTRUCTED_NOT_PRODUCTION_EXACT
2459,敦吉,2026-07-16,C,P1_MARKET_ONLY,True,True,False,True,True,,,RECONSTRUCTED_NOT_PRODUCTION_EXACT
2524,京城,2026-07-16,C,P1_MARKET_ONLY,False,True,True,True,False,,,RECONSTRUCTED_NOT_PRODUCTION_EXACT
3266,昇陽,2026-07-16,C,P1_MARKET_ONLY,False,True,True,True,False,,,RECONSTRUCTED_NOT_PRODUCTION_EXACT
6789,采鈺,2026-07-16,C,P1_MARKET_ONLY,False,True,False,False,False,,,RECONSTRUCTED_NOT_PRODUCTION_EXACT
8404,百和興業-KY,2026-07-16,C,P1_MARKET_ONLY,False,True,False,True,False,,,RECONSTRUCTED_NOT_PRODUCTION_EXACT
OilGasElectricity,油電燃氣類指數,2026-07-16,C,P1_MARKET_ONLY,False,False,False,False,False,,,RECONSTRUCTED_NOT_PRODUCTION_EXACT
00632R,元大台灣50反1,2026-07-17,C,P1_MARKET_ONLY,False,False,False,False,False,,,RECONSTRUCTED_NOT_PRODUCTION_EXACT
00642U,期元大S&P石油,2026-07-17,C,P1_MARKET_ONLY,False,False,False,False,False,,,RECONSTRUCTED_NOT_PRODUCTION_EXACT
00664R,國泰臺灣加權反1,2026-07-17,C,P1_MARKET_ONLY,False,False,False,True,False,,,RECONSTRUCTED_NOT_PRODUCTION_EXACT
00676R,富邦臺灣加權反1,2026-07-17,C,P1_MARKET_ONLY,False,False,False,True,False,,,RECONSTRUCTED_NOT_PRODUCTION_EXACT
1201,味全,2026-07-17,C,P1_MARKET_ONLY,False,True,False,True,False,,,RECONSTRUCTED_NOT_PRODUCTION_EXACT
1231,聯華食,2026-07-17,C,P1_MARKET_ONLY,False,True,False,True,False,,,RECONSTRUCTED_NOT_PRODUCTION_EXACT
1323,永裕,2026-07-17,C,P1_MARKET_ONLY,False,True,False,True,False,,,RECONSTRUCTED_NOT_PRODUCTION_EXACT
2008,高興昌,2026-07-17,C,P1_MARKET_ONLY,False,True,False,False,False,,,RECONSTRUCTED_NOT_PRODUCTION_EXACT
2024,志聯,2026-07-17,C,P1_MARKET_ONLY,False,True,False,True,False,,,RECONSTRUCTED_NOT_PRODUCTION_EXACT
2105,正新,2026-07-17,C,P1_MARKET_ONLY,False,True,False,True,False,,,RECONSTRUCTED_NOT_PRODUCTION_EXACT
2115,六暉-KY,2026-07-17,C,P1_MARKET_ONLY,False,True,False,False,False,,,RECONSTRUCTED_NOT_PRODUCTION_EXACT
2608,嘉里大榮,2026-07-17,C,P1_MARKET_ONLY,False,True,False,False,False,,,RECONSTRUCTED_NOT_PRODUCTION_EXACT
2929,淘帝-KY,2026-07-17,C,P1_MARKET_ONLY,False,True,False,False,False,,,RECONSTRUCTED_NOT_PRODUCTION_EXACT
3024,憶聲,2026-07-17,C,P1_MARKET_ONLY,False,True,False,True,False,,,RECONSTRUCTED_NOT_PRODUCTION_EXACT
4582,聚恆-創,2026-07-17,C,P1_MARKET_ONLY,False,True,False,False,False,,,RECONSTRUCTED_NOT_PRODUCTION_EXACT
6937,天虹,2026-07-17,C,P1_MARKET_ONLY,False,True,False,False,False,,,RECONSTRUCTED_NOT_PRODUCTION_EXACT
00665L,富邦恒生國企正2,2026-07-20,C,P1_MARKET_ONLY,False,False,False,False,False,,,RECONSTRUCTED_NOT_PRODUCTION_EXACT
00686R,群益臺灣加權反1,2026-07-20,C,P1_MARKET_ONLY,False,False,False,False,False,,,RECONSTRUCTED_NOT_PRODUCTION_EXACT
1220,台榮,2026-07-20,C,P1_MARKET_ONLY,False,True,False,False,False,,,RECONSTRUCTED_NOT_PRODUCTION_EXACT
1233,天仁,2026-07-20,C,P1_MARKET_ONLY,False,True,False,True,False,,,RECONSTRUCTED_NOT_PRODUCTION_EXACT
1235,興泰,2026-07-20,C,P1_MARKET_ONLY,False,True,False,True,False,,,RECONSTRUCTED_NOT_PRODUCTION_EXACT
1614,三洋電,2026-07-20,C,P1_MARKET_ONLY,False,True,False,False,False,,,RECONSTRUCTED_NOT_PRODUCTION_EXACT
2762,世界健身-KY,2026-07-20,C,P1_MARKET_ONLY,False,True,False,True,False,,,RECONSTRUCTED_NOT_PRODUCTION_EXACT
3679,新至陞,2026-07-20,C,P1_MARKET_ONLY,False,True,False,False,False,,,RECONSTRUCTED_NOT_PRODUCTION_EXACT
4770,上品,2026-07-20,C,P1_MARKET_ONLY,False,True,False,False,False,,,RECONSTRUCTED_NOT_PRODUCTION_EXACT
6281,全國電,2026-07-20,C,P1_MARKET_ONLY,False,True,False,False,False,,,RECONSTRUCTED_NOT_PRODUCTION_EXACT
6969,成信實業*-創,2026-07-20,C,P1_MARKET_ONLY,False,True,False,False,False,,,RECONSTRUCTED_NOT_PRODUCTION_EXACT
7740,熙特爾-創,2026-07-20,C,P1_MARKET_ONLY,False,True,False,False,False,,,RECONSTRUCTED_NOT_PRODUCTION_EXACT
8367,建新國際,2026-07-20,C,P1_MARKET_ONLY,False,True,False,False,False,,,RECONSTRUCTED_NOT_PRODUCTION_EXACT
9939,宏全,2026-07-20,C,P1_MARKET_ONLY,False,True,False,False,False,,,RECONSTRUCTED_NOT_PRODUCTION_EXACT
00753L,中信中國50正2,2026-07-21,C,P1_MARKET_ONLY,False,False,False,False,False,,,RECONSTRUCTED_NOT_PRODUCTION_EXACT
2029,盛餘,2026-07-21,C,P1_MARKET_ONLY,False,True,False,True,False,,,RECONSTRUCTED_NOT_PRODUCTION_EXACT
2347,聯強,2026-07-21,C,P1_MARKET_ONLY,False,False,False,False,False,,,RECONSTRUCTED_NOT_PRODUCTION_EXACT
8045,達運光電,2026-07-21,C,P1_MARKET_ONLY,False,True,False,False,False,,,RECONSTRUCTED_NOT_PRODUCTION_EXACT
9103,美德醫療-DR,2026-07-21,C,P1_MARKET_ONLY,False,True,False,False,False,,,RECONSTRUCTED_NOT_PRODUCTION_EXACT
9924,福興,2026-07-21,C,P1_MARKET_ONLY,False,True,False,True,False,,,RECONSTRUCTED_NOT_PRODUCTION_EXACT
00636,國泰中國A50,2026-07-22,C,P1_MARKET_ONLY,False,False,False,False,False,,,RECONSTRUCTED_NOT_PRODUCTION_EXACT
00669R,國泰美國道瓊反1,2026-07-22,C,P1_MARKET_ONLY,False,False,False,True,False,,,RECONSTRUCTED_NOT_PRODUCTION_EXACT
00693U,期街口S&P黃豆,2026-07-22,C,P1_MARKET_ONLY,False,False,False,True,False,,,RECONSTRUCTED_NOT_PRODUCTION_EXACT
00700,富邦恒生國企,2026-07-22,C,P1_MARKET_ONLY,False,False,False,True,False,,,RECONSTRUCTED_NOT_PRODUCTION_EXACT
00702,國泰標普低波高息,2026-07-22,C,P1_MARKET_ONLY,False,False,False,False,False,,,RECONSTRUCTED_NOT_PRODUCTION_EXACT
00709,富邦歐洲,2026-07-22,C,P1_MARKET_ONLY,False,False,False,True,False,,,RECONSTRUCTED_NOT_PRODUCTION_EXACT
00710B,復華彭博非投等債,2026-07-22,C,P1_MARKET_ONLY,False,False,False,True,False,,,RECONSTRUCTED_NOT_PRODUCTION_EXACT
00752,中信中國50,2026-07-22,C,P1_MARKET_ONLY,False,False,False,True,False,,,RECONSTRUCTED_NOT_PRODUCTION_EXACT
00763U,期街口道瓊銅,2026-07-22,C,P1_MARKET_ONLY,False,False,False,False,False,,,RECONSTRUCTED_NOT_PRODUCTION_EXACT
00917,中信特選金融,2026-07-22,C,P1_MARKET_ONLY,False,False,False,False,False,,,RECONSTRUCTED_NOT_PRODUCTION_EXACT
00924,復華S&P500成長,2026-07-22,C,P1_MARKET_ONLY,False,False,False,True,False,,,RECONSTRUCTED_NOT_PRODUCTION_EXACT
00926,凱基全球菁英55,2026-07-22,C,P1_MARKET_ONLY,False,False,False,True,False,,,RECONSTRUCTED_NOT_PRODUCTION_EXACT
00945B,凱基美國非投等債,2026-07-22,C,P1_MARKET_ONLY,False,False,False,False,False,,,RECONSTRUCTED_NOT_PRODUCTION_EXACT
00953B,群益優選非投等債,2026-07-22,C,P1_MARKET_ONLY,False,False,False,True,False,,,RECONSTRUCTED_NOT_PRODUCTION_EXACT
00956,中信日經高股息,2026-07-22,C,P1_MARKET_ONLY,False,False,False,False,False,,,RECONSTRUCTED_NOT_PRODUCTION_EXACT
00960,野村全球航運龍頭,2026-07-22,C,P1_MARKET_ONLY,False,False,False,False,False,,,RECONSTRUCTED_NOT_PRODUCTION_EXACT
00961,FT臺灣永續高息,2026-07-22,C,P1_MARKET_ONLY,False,False,False,False,False,,,RECONSTRUCTED_NOT_PRODUCTION_EXACT
00972,野村日本動能高息,2026-07-22,C,P1_MARKET_ONLY,False,False,False,False,False,,,RECONSTRUCTED_NOT_PRODUCTION_EXACT
009810,玉山全球藍籌100,2026-07-22,C,P1_MARKET_ONLY,False,False,False,True,False,,,RECONSTRUCTED_NOT_PRODUCTION_EXACT
009811,統一美國50,2026-07-22,C,P1_MARKET_ONLY,False,False,False,True,False,,,RECONSTRUCTED_NOT_PRODUCTION_EXACT
009813,貝萊德標普卓越50,2026-07-22,C,P1_MARKET_ONLY,False,False,False,True,False,,,RECONSTRUCTED_NOT_PRODUCTION_EXACT
009817,國泰日本不動產,2026-07-22,C,P1_MARKET_ONLY,False,False,False,False,False,,,RECONSTRUCTED_NOT_PRODUCTION_EXACT
1463,強盛新,2026-07-22,C,P1_MARKET_ONLY,False,True,False,False,False,,,RECONSTRUCTED_NOT_PRODUCTION_EXACT
3665,貿聯-KY,2026-07-22,C,P1_MARKET_ONLY,False,True,False,False,False,,,RECONSTRUCTED_NOT_PRODUCTION_EXACT
3669,圓展,2026-07-22,C,P1_MARKET_ONLY,False,True,False,False,False,,,RECONSTRUCTED_NOT_PRODUCTION_EXACT
00640L,富邦日本正2,2026-07-23,C,P1_MARKET_ONLY,False,False,False,False,False,,,RECONSTRUCTED_NOT_PRODUCTION_EXACT
00650L,復華香港正2,2026-07-23,C,P1_MARKET_ONLY,False,False,False,False,False,,,RECONSTRUCTED_NOT_PRODUCTION_EXACT
00882,中信中國高股息,2026-07-23,C,P1_MARKET_ONLY,False,False,False,False,False,,,RECONSTRUCTED_NOT_PRODUCTION_EXACT
1325,恆大,2026-07-23,C,P1_MARKET_ONLY,True,True,False,True,True,,,RECONSTRUCTED_NOT_PRODUCTION_EXACT
1418,東華,2026-07-23,C,P1_MARKET_ONLY,False,False,False,False,False,,,RECONSTRUCTED_NOT_PRODUCTION_EXACT
6504,南六,2026-07-23,C,P1_MARKET_ONLY,False,False,False,False,False,,,RECONSTRUCTED_NOT_PRODUCTION_EXACT
8271,宇瞻,2026-07-23,C,P1_MARKET_ONLY,False,True,False,False,False,,,RECONSTRUCTED_NOT_PRODUCTION_EXACT
00681R,元大美債20反1,2026-07-24,C,P1_MARKET_ONLY,False,False,False,False,False,,,RECONSTRUCTED_NOT_PRODUCTION_EXACT
2002,中鋼,2026-07-24,C,P1_MARKET_ONLY,False,True,False,False,False,,,RECONSTRUCTED_NOT_PRODUCTION_EXACT
2385,群光,2026-07-24,C,P1_MARKET_ONLY,True,True,False,True,True,,,RECONSTRUCTED_NOT_PRODUCTION_EXACT
2605,新興,2026-07-24,C,P1_MARKET_ONLY,False,True,False,False,False,,,RECONSTRUCTED_NOT_PRODUCTION_EXACT
2609,陽明,2026-07-24,C,P1_MARKET_ONLY,False,True,False,False,False,,,RECONSTRUCTED_NOT_PRODUCTION_EXACT
2616,山隆,2026-07-24,C,P1_MARKET_ONLY,True,True,False,True,True,,,RECONSTRUCTED_NOT_PRODUCTION_EXACT
2701,萬企,2026-07-24,C,P1_MARKET_ONLY,True,True,False,True,True,,,RECONSTRUCTED_NOT_PRODUCTION_EXACT
2712,遠雄來,2026-07-24,C,P1_MARKET_ONLY,False,True,False,False,False,,,RECONSTRUCTED_NOT_PRODUCTION_EXACT
7765,中華資安,2026-07-24,C,P1_MARKET_ONLY,True,True,False,True,True,,,RECONSTRUCTED_NOT_PRODUCTION_EXACT
9919,康那香,2026-07-24,C,P1_MARKET_ONLY,False,True,False,False,False,,,RECONSTRUCTED_NOT_PRODUCTION_EXACT
020036,元大金融配息N,2026-06-11,A,P2_POCKET_ONLY,False,False,False,False,False,NEUTRAL,6.236323851203496,RECONSTRUCTED_NOT_PRODUCTION_EXACT
1227,佳格,2026-06-11,A,P2_POCKET_ONLY,False,True,True,True,True,NEUTRAL,0.6932409012131657,RECONSTRUCTED_NOT_PRODUCTION_EXACT
1438,三地開發,2026-06-11,A,P2_POCKET_ONLY,False,True,False,True,True,NEUTRAL,-5.197505197505192,RECONSTRUCTED_NOT_PRODUCTION_EXACT
1532,勤美,2026-06-11,A,P2_POCKET_ONLY,False,True,False,True,True,NEUTRAL,-2.1691973969631184,RECONSTRUCTED_NOT_PRODUCTION_EXACT
1714,和桐,2026-06-11,A,P2_POCKET_ONLY,False,True,False,False,True,WINNER,28.819444444444443,RECONSTRUCTED_NOT_PRODUCTION_EXACT
2313,華通,2026-06-11,A,P2_POCKET_ONLY,False,True,False,False,True,LOSER,-19.090909090909093,RECONSTRUCTED_NOT_PRODUCTION_EXACT
2355,敬鵬,2026-06-11,A,P2_POCKET_ONLY,False,True,False,False,True,LOSER,-11.925042589437815,RECONSTRUCTED_NOT_PRODUCTION_EXACT
2383,台光電,2026-06-11,A,P2_POCKET_ONLY,False,True,False,True,True,NEUTRAL,3.140333660451433,RECONSTRUCTED_NOT_PRODUCTION_EXACT
2723,美食-KY,2026-06-11,A,P2_POCKET_ONLY,False,True,True,True,True,NEUTRAL,-0.146412884333813,RECONSTRUCTED_NOT_PRODUCTION_EXACT
2905,三商,2026-06-11,A,P2_POCKET_ONLY,False,True,False,False,True,NEUTRAL,3.4965034965035,RECONSTRUCTED_NOT_PRODUCTION_EXACT
3003,健和興,2026-06-11,A,P2_POCKET_ONLY,False,True,False,True,True,NEUTRAL,-1.9402985074626788,RECONSTRUCTED_NOT_PRODUCTION_EXACT
3025,星通,2026-06-11,A,P2_POCKET_ONLY,False,False,False,False,False,NEUTRAL,-3.730272596843631,RECONSTRUCTED_NOT_PRODUCTION_EXACT
5388,中磊,2026-06-11,A,P2_POCKET_ONLY,False,False,False,False,False,LOSER,-11.03368176538908,RECONSTRUCTED_NOT_PRODUCTION_EXACT
5519,隆大,2026-06-11,A,P2_POCKET_ONLY,False,True,True,True,True,NEUTRAL,0.4431314623338123,RECONSTRUCTED_NOT_PRODUCTION_EXACT
5546,永固-KY,2026-06-11,A,P2_POCKET_ONLY,False,True,False,False,True,NEUTRAL,-5.000000000000004,RECONSTRUCTED_NOT_PRODUCTION_EXACT
6133,金橋,2026-06-11,A,P2_POCKET_ONLY,False,True,False,False,True,NEUTRAL,-5.054945054945048,RECONSTRUCTED_NOT_PRODUCTION_EXACT
6141,柏承,2026-06-11,A,P2_POCKET_ONLY,False,True,False,False,True,WINNER,23.417721518987335,RECONSTRUCTED_NOT_PRODUCTION_EXACT
6189,豐藝,2026-06-11,A,P2_POCKET_ONLY,False,True,False,False,True,NEUTRAL,-3.441682600382401,RECONSTRUCTED_NOT_PRODUCTION_EXACT
8070,長華*,2026-06-11,A,P2_POCKET_ONLY,False,False,False,False,False,LOSER,-8.673469387755095,RECONSTRUCTED_NOT_PRODUCTION_EXACT
9945,潤泰新,2026-06-11,A,P2_POCKET_ONLY,False,True,False,False,True,NEUTRAL,2.111324376199608,RECONSTRUCTED_NOT_PRODUCTION_EXACT
2393,億光,2026-06-12,A,P2_POCKET_ONLY,False,True,False,False,True,NEUTRAL,-5.9238363892806785,RECONSTRUCTED_NOT_PRODUCTION_EXACT
2413,環科,2026-06-12,A,P2_POCKET_ONLY,False,True,False,False,True,LOSER,-23.937908496732028,RECONSTRUCTED_NOT_PRODUCTION_EXACT
2636,台驊控股,2026-06-12,A,P2_POCKET_ONLY,True,True,True,True,True,NEUTRAL,-3.2303370786516794,RECONSTRUCTED_NOT_PRODUCTION_EXACT
3576,聯合再生,2026-06-12,A,P2_POCKET_ONLY,False,True,False,False,True,LOSER,-15.151515151515149,RECONSTRUCTED_NOT_PRODUCTION_EXACT
6205,詮欣,2026-06-12,A,P2_POCKET_ONLY,False,True,False,False,True,LOSER,-15.14450867052023,RECONSTRUCTED_NOT_PRODUCTION_EXACT
6691,洋基工程,2026-06-12,A,P2_POCKET_ONLY,False,True,False,False,True,WINNER,15.384615384615374,RECONSTRUCTED_NOT_PRODUCTION_EXACT
6944,兆聯實業,2026-06-12,A,P2_POCKET_ONLY,True,True,False,True,True,NEUTRAL,-0.7063572149344055,RECONSTRUCTED_NOT_PRODUCTION_EXACT
8081,致新,2026-06-12,A,P2_POCKET_ONLY,False,True,False,False,True,NEUTRAL,9.71731448763251,RECONSTRUCTED_NOT_PRODUCTION_EXACT
0050,元大台灣50,2026-06-15,A,P2_POCKET_ONLY,True,False,False,False,False,NEUTRAL,2.422802850356298,RECONSTRUCTED_NOT_PRODUCTION_EXACT
0055,元大MSCI金融,2026-06-15,A,P2_POCKET_ONLY,True,False,False,True,False,NEUTRAL,2.3658536585365875,RECONSTRUCTED_NOT_PRODUCTION_EXACT
006204,永豐臺灣加權,2026-06-15,A,P2_POCKET_ONLY,True,False,False,False,False,NEUTRAL,2.841409691629959,RECONSTRUCTED_NOT_PRODUCTION_EXACT
006208,富邦台50,2026-06-15,A,P2_POCKET_ONLY,True,False,False,False,False,NEUTRAL,2.498975829578032,RECONSTRUCTED_NOT_PRODUCTION_EXACT
00631L,元大台灣50正2,2026-06-15,A,P2_POCKET_ONLY,True,False,False,False,False,NEUTRAL,3.641758834637177,RECONSTRUCTED_NOT_PRODUCTION_EXACT
00657,國泰日經225,2026-06-15,A,P2_POCKET_ONLY,True,False,False,False,False,NEUTRAL,1.9183168316831756,RECONSTRUCTED_NOT_PRODUCTION_EXACT
00661,元大日經225,2026-06-15,A,P2_POCKET_ONLY,True,False,False,False,False,NEUTRAL,1.7357222844344822,RECONSTRUCTED_NOT_PRODUCTION_EXACT
00663L,國泰臺灣加權正2,2026-06-15,A,P2_POCKET_ONLY,True,False,False,False,False,NEUTRAL,3.7639405204461074,RECONSTRUCTED_NOT_PRODUCTION_EXACT
00675L,富邦臺灣加權正2,2026-06-15,A,P2_POCKET_ONLY,True,False,False,False,False,NEUTRAL,3.8514653981893465,RECONSTRUCTED_NOT_PRODUCTION_EXACT
00685L,群益臺灣加權正2,2026-06-15,A,P2_POCKET_ONLY,True,False,False,False,False,NEUTRAL,3.3958438925494105,RECONSTRUCTED_NOT_PRODUCTION_EXACT
00690,兆豐藍籌30,2026-06-15,A,P2_POCKET_ONLY,True,False,False,False,False,NEUTRAL,1.3707165109034136,RECONSTRUCTED_NOT_PRODUCTION_EXACT
00692,富邦公司治理,2026-06-15,A,P2_POCKET_ONLY,True,False,False,False,False,NEUTRAL,2.251510159253156,RECONSTRUCTED_NOT_PRODUCTION_EXACT
00701,國泰股利精選30,2026-06-15,A,P2_POCKET_ONLY,True,False,False,True,False,NEUTRAL,4.253056884635842,RECONSTRUCTED_NOT_PRODUCTION_EXACT
00731,復華富時高息低波,2026-06-15,A,P2_POCKET_ONLY,True,False,False,True,False,NEUTRAL,1.8327605956472093,RECONSTRUCTED_NOT_PRODUCTION_EXACT
00735,國泰臺韓科技,2026-06-15,A,P2_POCKET_ONLY,True,False,False,False,False,NEUTRAL,3.4070796460176966,RECONSTRUCTED_NOT_PRODUCTION_EXACT
00830,國泰費城半導體,2026-06-15,A,P2_POCKET_ONLY,True,False,False,False,False,NEUTRAL,-0.6602336211274817,RECONSTRUCTED_NOT_PRODUCTION_EXACT
00850,元大臺灣ESG永續,2026-06-15,A,P2_POCKET_ONLY,True,False,False,False,False,NEUTRAL,1.8815716657443415,RECONSTRUCTED_NOT_PRODUCTION_EXACT
00876,元大全球5G,2026-06-15,A,P2_POCKET_ONLY,True,False,False,False,False,NEUTRAL,7.233181588265047,RECONSTRUCTED_NOT_PRODUCTION_EXACT
00900,富邦特選高股息30,2026-06-15,A,P2_POCKET_ONLY,True,False,False,False,False,NEUTRAL,-1.5376729882111806,RECONSTRUCTED_NOT_PRODUCTION_EXACT
00901,永豐智能車供應鏈,2026-06-15,A,P2_POCKET_ONLY,True,False,False,False,False,NEUTRAL,1.716738197424883,RECONSTRUCTED_NOT_PRODUCTION_EXACT
00905,FT臺灣Smart,2026-06-15,A,P2_POCKET_ONLY,True,False,False,False,False,NEUTRAL,2.743682310469331,RECONSTRUCTED_NOT_PRODUCTION_EXACT
00907,永豐優息存股,2026-06-15,A,P2_POCKET_ONLY,True,False,False,True,False,NEUTRAL,-0.916870415647908,RECONSTRUCTED_NOT_PRODUCTION_EXACT
00908,富邦入息REITs+,2026-06-15,A,P2_POCKET_ONLY,True,False,False,True,False,NEUTRAL,0.5952380952381153,RECONSTRUCTED_NOT_PRODUCTION_EXACT
00912,中信臺灣智慧50,2026-06-15,A,P2_POCKET_ONLY,True,False,False,True,False,NEUTRAL,1.4762326542663071,RECONSTRUCTED_NOT_PRODUCTION_EXACT
00915,凱基優選高股息30,2026-06-15,A,P2_POCKET_ONLY,True,False,False,True,False,NEUTRAL,3.242212333121408,RECONSTRUCTED_NOT_PRODUCTION_EXACT
00918,大華優利高填息30,2026-06-15,A,P2_POCKET_ONLY,True,False,False,False,False,NEUTRAL,0.7841907151819427,RECONSTRUCTED_NOT_PRODUCTION_EXACT
00923,群益台ESG低碳50,2026-06-15,A,P2_POCKET_ONLY,True,False,False,False,False,NEUTRAL,1.5805614531729129,RECONSTRUCTED_NOT_PRODUCTION_EXACT
00927,群益半導體收益,2026-06-15,A,P2_POCKET_ONLY,True,False,False,False,False,NEUTRAL,5.402676091895997,RECONSTRUCTED_NOT_PRODUCTION_EXACT
00929,復華台灣科技優息,2026-06-15,A,P2_POCKET_ONLY,True,False,False,False,False,NEUTRAL,0.951131518530679,RECONSTRUCTED_NOT_PRODUCTION_EXACT
00930,永豐ESG低碳高息,2026-06-15,A,P2_POCKET_ONLY,True,False,False,False,False,NEUTRAL,0.8488278092158463,RECONSTRUCTED_NOT_PRODUCTION_EXACT
00935,野村臺灣新科技50,2026-06-15,A,P2_POCKET_ONLY,True,False,False,False,False,NEUTRAL,2.629416598192269,RECONSTRUCTED_NOT_PRODUCTION_EXACT
00939,統一台灣高息動能,2026-06-15,A,P2_POCKET_ONLY,True,False,False,True,False,NEUTRAL,0.8932769158439102,RECONSTRUCTED_NOT_PRODUCTION_EXACT
00941,中信上游半導體,2026-06-15,A,P2_POCKET_ONLY,True,False,False,False,False,NEUTRAL,4.163750874737593,RECONSTRUCTED_NOT_PRODUCTION_EXACT
00944,野村趨勢動能高息,2026-06-15,A,P2_POCKET_ONLY,True,False,False,True,False,NEUTRAL,4.260299625468167,RECONSTRUCTED_NOT_PRODUCTION_EXACT
00947,台新臺灣IC設計,2026-06-15,A,P2_POCKET_ONLY,True,False,False,False,False,NEUTRAL,2.6125193998965512,RECONSTRUCTED_NOT_PRODUCTION_EXACT
00951,台新日本半導體,2026-06-15,A,P2_POCKET_ONLY,True,False,False,False,False,NEUTRAL,6.278481012658221,RECONSTRUCTED_NOT_PRODUCTION_EXACT
00954,中信日本半導體,2026-06-15,A,P2_POCKET_ONLY,True,False,False,False,False,NEUTRAL,6.166982922201147,RECONSTRUCTED_NOT_PRODUCTION_EXACT
009802,富邦旗艦50,2026-06-15,A,P2_POCKET_ONLY,True,False,False,False,False,NEUTRAL,-2.5602409638554313,RECONSTRUCTED_NOT_PRODUCTION_EXACT
009804,聯邦台精彩50,2026-06-15,A,P2_POCKET_ONLY,True,False,False,False,False,NEUTRAL,2.408111533586798,RECONSTRUCTED_NOT_PRODUCTION_EXACT
00988A,主動統一全球創新,2026-06-15,A,P2_POCKET_ONLY,True,False,False,False,False,NEUTRAL,-0.3577817531305816,RECONSTRUCTED_NOT_PRODUCTION_EXACT
00990A,主動元大AI新經濟,2026-06-15,A,P2_POCKET_ONLY,True,False,False,False,False,NEUTRAL,1.514411333659016,RECONSTRUCTED_NOT_PRODUCTION_EXACT
2891,中信金,2026-06-15,A,P2_POCKET_ONLY,True,True,True,False,True,NEUTRAL,1.2838801711840375,RECONSTRUCTED_NOT_PRODUCTION_EXACT
3041,揚智,2026-06-15,A,P2_POCKET_ONLY,True,True,True,False,True,NEUTRAL,5.9259259259259345,RECONSTRUCTED_NOT_PRODUCTION_EXACT
3044,健鼎,2026-06-15,A,P2_POCKET_ONLY,True,True,True,False,True,NEUTRAL,-0.3846153846153832,RECONSTRUCTED_NOT_PRODUCTION_EXACT
4551,智伸科,2026-06-15,A,P2_POCKET_ONLY,True,True,True,False,True,WINNER,34.730538922155695,RECONSTRUCTED_NOT_PRODUCTION_EXACT
4952,凌通,2026-06-15,A,P2_POCKET_ONLY,True,True,True,False,True,NEUTRAL,-1.7094017094017144,RECONSTRUCTED_NOT_PRODUCTION_EXACT
5434,崇越,2026-06-15,A,P2_POCKET_ONLY,True,True,True,False,True,WINNER,17.307692307692314,RECONSTRUCTED_NOT_PRODUCTION_EXACT
5471,松翰,2026-06-15,A,P2_POCKET_ONLY,True,True,True,False,True,NEUTRAL,7.317073170731714,RECONSTRUCTED_NOT_PRODUCTION_EXACT
6191,精成科,2026-06-15,A,P2_POCKET_ONLY,True,True,True,False,True,NEUTRAL,3.398058252427183,RECONSTRUCTED_NOT_PRODUCTION_EXACT
6202,盛群,2026-06-15,A,P2_POCKET_ONLY,True,True,True,False,True,NEUTRAL,-0.1533742331288445,RECONSTRUCTED_NOT_PRODUCTION_EXACT
0052,富邦科技,2026-06-16,A,P2_POCKET_ONLY,True,False,False,False,False,NEUTRAL,4.122877930476965,RECONSTRUCTED_NOT_PRODUCTION_EXACT
0053,元大電子,2026-06-16,A,P2_POCKET_ONLY,True,False,False,False,False,NEUTRAL,3.3912324234904867,RECONSTRUCTED_NOT_PRODUCTION_EXACT
0057,富邦摩台,2026-06-16,A,P2_POCKET_ONLY,True,False,False,False,False,NEUTRAL,3.327495621716281,RECONSTRUCTED_NOT_PRODUCTION_EXACT
00851,台新全球AI,2026-06-16,A,P2_POCKET_ONLY,True,False,False,False,False,NEUTRAL,1.8280297901151157,RECONSTRUCTED_NOT_PRODUCTION_EXACT
00861,元大全球未來通訊,2026-06-16,A,P2_POCKET_ONLY,True,False,False,False,False,NEUTRAL,1.5167364016736462,RECONSTRUCTED_NOT_PRODUCTION_EXACT
00881,國泰台灣科技龍頭,2026-06-16,A,P2_POCKET_ONLY,True,False,False,False,False,NEUTRAL,1.823154056517784,RECONSTRUCTED_NOT_PRODUCTION_EXACT
00892,富邦台灣半導體,2026-06-16,A,P2_POCKET_ONLY,True,False,False,False,False,NEUTRAL,3.2451655923538603,RECONSTRUCTED_NOT_PRODUCTION_EXACT
00893,國泰智能電動車,2026-06-16,A,P2_POCKET_ONLY,True,False,False,False,False,NEUTRAL,-0.0841396718552767,RECONSTRUCTED_NOT_PRODUCTION_EXACT
00898,國泰基因免疫革命,2026-06-16,A,P2_POCKET_ONLY,True,False,False,True,False,NEUTRAL,10.18957345971565,RECONSTRUCTED_NOT_PRODUCTION_EXACT
00911,兆豐洲際半導體,2026-06-16,A,P2_POCKET_ONLY,True,False,False,False,False,NEUTRAL,2.4719101123595655,RECONSTRUCTED_NOT_PRODUCTION_EXACT
00913,兆豐台灣晶圓製造,2026-06-16,A,P2_POCKET_ONLY,True,False,False,False,False,NEUTRAL,5.09615384615385,RECONSTRUCTED_NOT_PRODUCTION_EXACT
00922,國泰台灣領袖50,2026-06-16,A,P2_POCKET_ONLY,True,False,False,False,False,NEUTRAL,3.532608695652173,RECONSTRUCTED_NOT_PRODUCTION_EXACT
009809,富邦淨零ESG50,2026-06-16,A,P2_POCKET_ONLY,True,False,False,False,False,NEUTRAL,5.114942528735633,RECONSTRUCTED_NOT_PRODUCTION_EXACT
00980A,主動野村臺灣優選,2026-06-16,A,P2_POCKET_ONLY,True,False,False,False,False,NEUTRAL,1.2601626016260026,RECONSTRUCTED_NOT_PRODUCTION_EXACT
009816,凱基台灣TOP50,2026-06-16,A,P2_POCKET_ONLY,True,False,False,False,False,NEUTRAL,2.063185041908455,RECONSTRUCTED_NOT_PRODUCTION_EXACT
00983A,主動中信ARK創新,2026-06-16,A,P2_POCKET_ONLY,True,False,False,False,False,NEUTRAL,3.433835845896138,RECONSTRUCTED_NOT_PRODUCTION_EXACT
00989A,主動摩根美國科技,2026-06-16,A,P2_POCKET_ONLY,True,False,False,False,False,NEUTRAL,2.8322440087146017,RECONSTRUCTED_NOT_PRODUCTION_EXACT
00991A,主動復華未來50,2026-06-16,A,P2_POCKET_ONLY,True,False,False,False,False,NEUTRAL,5.191532258064524,RECONSTRUCTED_NOT_PRODUCTION_EXACT
00995A,主動中信台灣卓越,2026-06-16,A,P2_POCKET_ONLY,True,False,False,False,False,NEUTRAL,2.839643652561241,RECONSTRUCTED_NOT_PRODUCTION_EXACT
1456,怡華,2026-06-16,A,P2_POCKET_ONLY,True,True,True,True,True,NEUTRAL,-3.7800687285223455,RECONSTRUCTED_NOT_PRODUCTION_EXACT
2340,台亞,2026-06-16,A,P2_POCKET_ONLY,True,True,True,False,True,LOSER,-10.10230179028133,RECONSTRUCTED_NOT_PRODUCTION_EXACT
00403A,主動統一升級50,2026-06-17,A,P2_POCKET_ONLY,True,False,False,False,False,NEUTRAL,3.6279069767442,RECONSTRUCTED_NOT_PRODUCTION_EXACT
1301,台塑,2026-06-17,A,P2_POCKET_ONLY,True,True,True,False,True,WINNER,24.504692387904072,RECONSTRUCTED_NOT_PRODUCTION_EXACT
1465,偉全,2026-06-17,A,P2_POCKET_ONLY,True,True,True,True,True,NEUTRAL,1.2048192771084263,RECONSTRUCTED_NOT_PRODUCTION_EXACT
1515,力山,2026-06-17,A,P2_POCKET_ONLY,True,True,True,False,True,WINNER,51.55642023346305,RECONSTRUCTED_NOT_PRODUCTION_EXACT
1531,高林股,2026-06-17,A,P2_POCKET_ONLY,True,False,False,True,False,NEUTRAL,-0.3861003861003742,RECONSTRUCTED_NOT_PRODUCTION_EXACT
1541,錩泰,2026-06-17,A,P2_POCKET_ONLY,True,True,True,False,True,NEUTRAL,-4.888888888888898,RECONSTRUCTED_NOT_PRODUCTION_EXACT
1802,台玻,2026-06-17,A,P2_POCKET_ONLY,True,True,True,False,True,NEUTRAL,1.587301587301604,RECONSTRUCTED_NOT_PRODUCTION_EXACT
2402,毅嘉,2026-06-17,A,P2_POCKET_ONLY,True,True,True,False,True,NEUTRAL,-4.090267983074758,RECONSTRUCTED_NOT_PRODUCTION_EXACT
2460,建通,2026-06-17,A,P2_POCKET_ONLY,True,True,True,False,True,NEUTRAL,2.8169014084507005,RECONSTRUCTED_NOT_PRODUCTION_EXACT
2489,瑞軒,2026-06-17,A,P2_POCKET_ONLY,True,True,True,False,True,LOSER,-14.40329218106996,RECONSTRUCTED_NOT_PRODUCTION_EXACT
2611,志信,2026-06-17,A,P2_POCKET_ONLY,True,True,True,True,True,NEUTRAL,-2.135231316725983,RECONSTRUCTED_NOT_PRODUCTION_EXACT
3535,晶彩科,2026-06-17,A,P2_POCKET_ONLY,True,True,True,False,True,LOSER,-14.12639405204461,RECONSTRUCTED_NOT_PRODUCTION_EXACT
4722,國精化,2026-06-17,A,P2_POCKET_ONLY,True,True,True,False,True,NEUTRAL,4.924242424242431,RECONSTRUCTED_NOT_PRODUCTION_EXACT
5469,瀚宇博,2026-06-17,A,P2_POCKET_ONLY,True,True,True,False,True,NEUTRAL,1.039260969976907,RECONSTRUCTED_NOT_PRODUCTION_EXACT
6213,聯茂,2026-06-17,A,P2_POCKET_ONLY,True,True,True,False,True,WINNER,34.01869158878505,RECONSTRUCTED_NOT_PRODUCTION_EXACT
6472,保瑞,2026-06-17,A,P2_POCKET_ONLY,True,True,True,True,True,NEUTRAL,4.7272727272727355,RECONSTRUCTED_NOT_PRODUCTION_EXACT
7786,東方風能,2026-06-17,A,P2_POCKET_ONLY,True,True,True,False,True,NEUTRAL,-4.651162790697672,RECONSTRUCTED_NOT_PRODUCTION_EXACT
7795,長廣,2026-06-17,A,P2_POCKET_ONLY,True,True,True,False,True,WINNER,52.75000000000001,RECONSTRUCTED_NOT_PRODUCTION_EXACT
8039,台虹,2026-06-17,A,P2_POCKET_ONLY,True,True,True,False,True,NEUTRAL,1.3698630136986356,RECONSTRUCTED_NOT_PRODUCTION_EXACT
9136,巨騰-DR,2026-06-17,A,P2_POCKET_ONLY,True,True,True,True,True,LOSER,-18.01801801801801,RECONSTRUCTED_NOT_PRODUCTION_EXACT
0051,元大中型100,2026-06-18,A,P2_POCKET_ONLY,True,False,False,False,False,NEUTRAL,1.1171293161814422,RECONSTRUCTED_NOT_PRODUCTION_EXACT
00733,富邦臺灣中小,2026-06-18,A,P2_POCKET_ONLY,True,False,False,False,False,NEUTRAL,0.575079872204487,RECONSTRUCTED_NOT_PRODUCTION_EXACT
00762,元大全球AI,2026-06-18,A,P2_POCKET_ONLY,True,False,False,False,False,LOSER,-6.450287592440429,RECONSTRUCTED_NOT_PRODUCTION_EXACT
00896,中信綠能及電動車,2026-06-18,A,P2_POCKET_ONLY,True,False,False,False,False,NEUTRAL,1.2155881301394444,RECONSTRUCTED_NOT_PRODUCTION_EXACT
00946,群益科技高息成長,2026-06-18,A,P2_POCKET_ONLY,True,False,False,True,False,NEUTRAL,1.9480519480519431,RECONSTRUCTED_NOT_PRODUCTION_EXACT
009803,玉山市值動能50,2026-06-18,A,P2_POCKET_ONLY,True,False,False,False,False,NEUTRAL,-0.0910332271279013,RECONSTRUCTED_NOT_PRODUCTION_EXACT
009808,華南永昌優選50,2026-06-18,A,P2_POCKET_ONLY,True,False,False,False,False,NEUTRAL,0.0,RECONSTRUCTED_NOT_PRODUCTION_EXACT
00982A,主動群益台灣強棒,2026-06-18,A,P2_POCKET_ONLY,True,False,False,False,False,NEUTRAL,2.7386226339106035,RECONSTRUCTED_NOT_PRODUCTION_EXACT
00993A,主動安聯台灣,2026-06-18,A,P2_POCKET_ONLY,True,False,False,False,False,NEUTRAL,0.7697690692792358,RECONSTRUCTED_NOT_PRODUCTION_EXACT
00639,富邦深100,2026-06-22,A,P2_POCKET_ONLY,True,False,False,False,False,NEUTRAL,-4.283447911158111,RECONSTRUCTED_NOT_PRODUCTION_EXACT
1905,華紙,2026-06-22,A,P2_POCKET_ONLY,True,True,True,True,True,LOSER,-8.6720867208672,RECONSTRUCTED_NOT_PRODUCTION_EXACT
2415,錩新,2026-06-22,A,P2_POCKET_ONLY,True,True,True,True,True,WINNER,37.45874587458744,RECONSTRUCTED_NOT_PRODUCTION_EXACT
6919,康霈*,2026-06-22,A,P2_POCKET_ONLY,True,True,True,False,True,LOSER,-16.317991631799167,RECONSTRUCTED_NOT_PRODUCTION_EXACT
8072,陞泰,2026-06-22,A,P2_POCKET_ONLY,True,True,True,False,True,LOSER,-6.240000000000001,RECONSTRUCTED_NOT_PRODUCTION_EXACT
1437,勤益控,2026-06-23,A,P2_POCKET_ONLY,True,True,True,True,True,NEUTRAL,2.4958402662229595,RECONSTRUCTED_NOT_PRODUCTION_EXACT
1529,樂事綠能,2026-06-23,A,P2_POCKET_ONLY,True,True,True,True,True,NEUTRAL,-1.7429193899782036,RECONSTRUCTED_NOT_PRODUCTION_EXACT
1535,中宇,2026-06-23,A,P2_POCKET_ONLY,True,True,True,True,True,NEUTRAL,0.2000000000000001,RECONSTRUCTED_NOT_PRODUCTION_EXACT
2330,台積電,2026-06-23,A,P2_POCKET_ONLY,True,True,True,False,True,NEUTRAL,-2.008032128514059,RECONSTRUCTED_NOT_PRODUCTION_EXACT
2399,映泰,2026-06-23,A,P2_POCKET_ONLY,True,True,True,False,True,NEUTRAL,-2.7504911591355596,RECONSTRUCTED_NOT_PRODUCTION_EXACT
2466,冠西電,2026-06-23,A,P2_POCKET_ONLY,True,True,True,True,True,WINNER,64.47602131438721,RECONSTRUCTED_NOT_PRODUCTION_EXACT
2634,漢翔,2026-06-23,A,P2_POCKET_ONLY,True,False,False,False,False,WINNER,17.50503018108651,RECONSTRUCTED_NOT_PRODUCTION_EXACT
2646,星宇航空,2026-06-23,A,P2_POCKET_ONLY,True,False,False,True,False,NEUTRAL,-0.4672897196261627,RECONSTRUCTED_NOT_PRODUCTION_EXACT
2832,台產,2026-06-23,A,P2_POCKET_ONLY,True,True,True,False,True,NEUTRAL,0.3546099290780091,RECONSTRUCTED_NOT_PRODUCTION_EXACT
3530,晶相光,2026-06-23,A,P2_POCKET_ONLY,True,True,True,False,True,LOSER,-8.831521739130432,RECONSTRUCTED_NOT_PRODUCTION_EXACT
3712,永崴投控,2026-06-23,A,P2_POCKET_ONLY,True,True,True,False,True,NEUTRAL,-2.228412256267398,RECONSTRUCTED_NOT_PRODUCTION_EXACT
5283,禾聯碩,2026-06-23,A,P2_POCKET_ONLY,True,True,True,True,True,LOSER,-6.445993031358876,RECONSTRUCTED_NOT_PRODUCTION_EXACT
6243,迅杰,2026-06-23,A,P2_POCKET_ONLY,True,True,True,False,True,NEUTRAL,-5.421686746987953,RECONSTRUCTED_NOT_PRODUCTION_EXACT
6257,矽格,2026-06-23,A,P2_POCKET_ONLY,True,True,True,False,True,NEUTRAL,2.1097046413502074,RECONSTRUCTED_NOT_PRODUCTION_EXACT
6573,虹揚-KY,2026-06-23,A,P2_POCKET_ONLY,True,True,True,False,True,WINNER,28.132992327365724,RECONSTRUCTED_NOT_PRODUCTION_EXACT
6715,嘉基,2026-06-23,A,P2_POCKET_ONLY,True,True,True,False,True,LOSER,-20.562390158172228,RECONSTRUCTED_NOT_PRODUCTION_EXACT
8046,南電,2026-06-23,A,P2_POCKET_ONLY,True,True,True,False,True,WINNER,13.311331133113312,RECONSTRUCTED_NOT_PRODUCTION_EXACT
8438,昶昕,2026-06-23,A,P2_POCKET_ONLY,True,True,True,False,True,NEUTRAL,-3.861386138613865,RECONSTRUCTED_NOT_PRODUCTION_EXACT
9930,中聯資源,2026-06-23,A,P2_POCKET_ONLY,True,True,True,False,True,LOSER,-9.985734664764612,RECONSTRUCTED_NOT_PRODUCTION_EXACT
9940,信義,2026-06-23,A,P2_POCKET_ONLY,True,False,False,False,False,NEUTRAL,2.0779220779220786,RECONSTRUCTED_NOT_PRODUCTION_EXACT
1216,統一,2026-06-24,A,P2_POCKET_ONLY,True,True,True,True,True,NEUTRAL,4.6604527296937315,RECONSTRUCTED_NOT_PRODUCTION_EXACT
1234,黑松,2026-06-24,A,P2_POCKET_ONLY,True,True,True,True,True,NEUTRAL,-5.832147937411092,RECONSTRUCTED_NOT_PRODUCTION_EXACT
1236,宏亞,2026-06-24,A,P2_POCKET_ONLY,True,True,True,True,True,NEUTRAL,1.9379844961240345,RECONSTRUCTED_NOT_PRODUCTION_EXACT
1310,台苯,2026-06-24,A,P2_POCKET_ONLY,True,True,True,False,True,NEUTRAL,11.278952668680777,RECONSTRUCTED_NOT_PRODUCTION_EXACT
1315,達新,2026-06-24,A,P2_POCKET_ONLY,True,True,True,True,True,NEUTRAL,2.4077046548956593,RECONSTRUCTED_NOT_PRODUCTION_EXACT
1449,佳和,2026-06-24,A,P2_POCKET_ONLY,True,True,True,False,True,LOSER,-6.688963210702337,RECONSTRUCTED_NOT_PRODUCTION_EXACT
1475,業旺,2026-06-24,A,P2_POCKET_ONLY,True,True,True,False,True,NEUTRAL,0.7407407407407307,RECONSTRUCTED_NOT_PRODUCTION_EXACT
2352,佳世達,2026-06-24,A,P2_POCKET_ONLY,True,True,True,True,True,WINNER,12.418300653594772,RECONSTRUCTED_NOT_PRODUCTION_EXACT
2539,櫻花建,2026-06-24,A,P2_POCKET_ONLY,True,True,True,False,True,NEUTRAL,0.127877237851659,RECONSTRUCTED_NOT_PRODUCTION_EXACT
2910,統領,2026-06-24,A,P2_POCKET_ONLY,True,True,True,True,True,NEUTRAL,-3.3039647577092546,RECONSTRUCTED_NOT_PRODUCTION_EXACT
3588,通嘉,2026-06-24,A,P2_POCKET_ONLY,True,True,True,False,True,LOSER,-10.408432147562586,RECONSTRUCTED_NOT_PRODUCTION_EXACT
4119,旭富,2026-06-24,A,P2_POCKET_ONLY,True,True,True,False,True,NEUTRAL,1.1299435028248483,RECONSTRUCTED_NOT_PRODUCTION_EXACT
4164,承業醫,2026-06-24,A,P2_POCKET_ONLY,True,True,True,False,True,NEUTRAL,-5.237315875613757,RECONSTRUCTED_NOT_PRODUCTION_EXACT
4169,泰宗,2026-06-24,A,P2_POCKET_ONLY,True,True,True,True,True,WINNER,44.55958549222798,RECONSTRUCTED_NOT_PRODUCTION_EXACT
6505,台塑化,2026-06-24,A,P2_POCKET_ONLY,True,True,True,False,True,NEUTRAL,7.608695652173902,RECONSTRUCTED_NOT_PRODUCTION_EXACT
6909,創控,2026-06-24,A,P2_POCKET_ONLY,True,True,True,False,True,LOSER,-12.74834437086092,RECONSTRUCTED_NOT_PRODUCTION_EXACT
7799,禾榮科,2026-06-24,A,P2_POCKET_ONLY,True,True,True,False,True,NEUTRAL,7.021791767554486,RECONSTRUCTED_NOT_PRODUCTION_EXACT
9944,新麗,2026-06-24,A,P2_POCKET_ONLY,True,True,True,True,True,NEUTRAL,0.0,RECONSTRUCTED_NOT_PRODUCTION_EXACT
Plastics,塑膠類指數,2026-06-24,A,P2_POCKET_ONLY,True,False,False,False,False,WINNER,13.321884200196266,RECONSTRUCTED_NOT_PRODUCTION_EXACT
00674R,期元大S&P黃金反1,2026-06-25,A,P2_POCKET_ONLY,True,False,False,True,False,NEUTRAL,-1.9792342634652793,RECONSTRUCTED_NOT_PRODUCTION_EXACT
1313,聯成,2026-06-25,A,P2_POCKET_ONLY,True,True,True,False,True,NEUTRAL,-0.3984063745020028,RECONSTRUCTED_NOT_PRODUCTION_EXACT
1709,和益,2026-06-25,A,P2_POCKET_ONLY,True,True,True,False,True,WINNER,14.018691588785035,RECONSTRUCTED_NOT_PRODUCTION_EXACT
1725,元禎,2026-06-25,A,P2_POCKET_ONLY,True,True,True,False,True,LOSER,-9.843081312410828,RECONSTRUCTED_NOT_PRODUCTION_EXACT
1776,展宇,2026-06-25,A,P2_POCKET_ONLY,True,True,True,False,True,NEUTRAL,-2.0050125313283096,RECONSTRUCTED_NOT_PRODUCTION_EXACT
2103,台橡,2026-06-25,A,P2_POCKET_ONLY,True,True,True,True,True,NEUTRAL,7.459207459207473,RECONSTRUCTED_NOT_PRODUCTION_EXACT
2107,厚生,2026-06-25,A,P2_POCKET_ONLY,True,True,True,True,True,NEUTRAL,-1.1583011583011449,RECONSTRUCTED_NOT_PRODUCTION_EXACT
2458,義隆,2026-06-25,A,P2_POCKET_ONLY,True,True,True,False,True,NEUTRAL,1.9444444444444375,RECONSTRUCTED_NOT_PRODUCTION_EXACT
3591,艾笛森,2026-06-25,A,P2_POCKET_ONLY,True,True,True,True,True,LOSER,-6.238532110091743,RECONSTRUCTED_NOT_PRODUCTION_EXACT
4306,炎洲,2026-06-25,A,P2_POCKET_ONLY,True,True,True,True,True,NEUTRAL,-2.515723270440251,RECONSTRUCTED_NOT_PRODUCTION_EXACT
4414,如興,2026-06-25,A,P2_POCKET_ONLY,True,True,True,True,True,NEUTRAL,1.5116279069767424,RECONSTRUCTED_NOT_PRODUCTION_EXACT
5880,合庫金,2026-06-25,A,P2_POCKET_ONLY,True,True,True,True,True,NEUTRAL,0.1992031872509736,RECONSTRUCTED_NOT_PRODUCTION_EXACT
6582,申豐,2026-06-25,A,P2_POCKET_ONLY,True,True,True,True,True,NEUTRAL,-0.3039513677811634,RECONSTRUCTED_NOT_PRODUCTION_EXACT
8464,億豐,2026-06-25,A,P2_POCKET_ONLY,True,True,True,True,True,NEUTRAL,1.265822784810133,RECONSTRUCTED_NOT_PRODUCTION_EXACT
2516,新建,2026-06-26,A,P2_POCKET_ONLY,True,True,False,True,True,NEUTRAL,0.0,RECONSTRUCTED_NOT_PRODUCTION_EXACT
2527,宏璟,2026-06-26,A,P2_POCKET_ONLY,True,True,False,True,True,WINNER,13.135068153655505,RECONSTRUCTED_NOT_PRODUCTION_EXACT
2633,台灣高鐵,2026-06-26,A,P2_POCKET_ONLY,True,True,False,True,True,NEUTRAL,1.5355086372360829,RECONSTRUCTED_NOT_PRODUCTION_EXACT
2706,第一店,2026-06-26,A,P2_POCKET_ONLY,True,True,False,True,True,NEUTRAL,1.2096774193548487,RECONSTRUCTED_NOT_PRODUCTION_EXACT
2739,寒舍,2026-06-26,A,P2_POCKET_ONLY,True,True,False,True,True,LOSER,-9.200000000000008,RECONSTRUCTED_NOT_PRODUCTION_EXACT
3717,聯嘉投控,2026-06-26,A,P2_POCKET_ONLY,True,False,False,True,False,NEUTRAL,7.627118644067776,RECONSTRUCTED_NOT_PRODUCTION_EXACT
6168,宏齊,2026-06-26,A,P2_POCKET_ONLY,False,True,True,False,True,LOSER,-6.280991735537189,RECONSTRUCTED_NOT_PRODUCTION_EXACT
6177,達麗,2026-06-26,A,P2_POCKET_ONLY,True,True,False,True,True,NEUTRAL,0.9857612267250904,RECONSTRUCTED_NOT_PRODUCTION_EXACT
6743,安普新,2026-06-26,A,P2_POCKET_ONLY,True,False,False,True,False,NEUTRAL,-2.568218298555369,RECONSTRUCTED_NOT_PRODUCTION_EXACT
7631,聚賢研發-創,2026-06-26,A,P2_POCKET_ONLY,True,True,True,True,True,LOSER,-11.585365853658535,RECONSTRUCTED_NOT_PRODUCTION_EXACT
8033,雷虎,2026-06-26,A,P2_POCKET_ONLY,True,True,True,True,True,WINNER,77.58007117437722,RECONSTRUCTED_NOT_PRODUCTION_EXACT
9914,美利達,2026-06-26,A,P2_POCKET_ONLY,False,True,True,False,True,NEUTRAL,2.44565217391306,RECONSTRUCTED_NOT_PRODUCTION_EXACT
9921,巨大,2026-06-26,A,P2_POCKET_ONLY,False,True,False,False,True,NEUTRAL,4.444444444444451,RECONSTRUCTED_NOT_PRODUCTION_EXACT
00638R,元大滬深300反1,2026-06-29,A,P2_POCKET_ONLY,False,False,False,True,False,NEUTRAL,1.3595166163141936,RECONSTRUCTED_NOT_PRODUCTION_EXACT
00656R,國泰中國A50反1,2026-06-29,A,P2_POCKET_ONLY,False,False,False,True,False,NEUTRAL,1.718213058419238,RECONSTRUCTED_NOT_PRODUCTION_EXACT
00671R,富邦NASDAQ反1,2026-06-29,A,P2_POCKET_ONLY,False,False,False,True,False,NEUTRAL,-0.406504065040647,RECONSTRUCTED_NOT_PRODUCTION_EXACT
00712,復華富時不動產,2026-06-29,A,P2_POCKET_ONLY,False,False,False,True,False,NEUTRAL,0.3420752565564511,RECONSTRUCTED_NOT_PRODUCTION_EXACT
1229,聯華,2026-06-29,A,P2_POCKET_ONLY,False,True,False,True,True,LOSER,-6.323185011709609,RECONSTRUCTED_NOT_PRODUCTION_EXACT
1435,中福,2026-06-29,A,P2_POCKET_ONLY,False,True,False,True,True,NEUTRAL,6.626506024096401,RECONSTRUCTED_NOT_PRODUCTION_EXACT
1626,艾美特-KY,2026-06-29,A,P2_POCKET_ONLY,False,True,False,True,True,LOSER,-6.018518518518523,RECONSTRUCTED_NOT_PRODUCTION_EXACT
1736,喬山,2026-06-29,A,P2_POCKET_ONLY,False,False,False,False,False,NEUTRAL,-0.7722007722007707,RECONSTRUCTED_NOT_PRODUCTION_EXACT
2236,百達-KY,2026-06-29,A,P2_POCKET_ONLY,False,True,False,False,True,WINNER,14.28571428571428,RECONSTRUCTED_NOT_PRODUCTION_EXACT
2380,虹光,2026-06-29,A,P2_POCKET_ONLY,False,True,False,False,True,LOSER,-12.325581395348827,RECONSTRUCTED_NOT_PRODUCTION_EXACT
2630,亞航,2026-06-29,A,P2_POCKET_ONLY,False,True,False,False,True,WINNER,40.15748031496062,RECONSTRUCTED_NOT_PRODUCTION_EXACT
4560,強信-KY,2026-06-29,A,P2_POCKET_ONLY,False,True,False,True,True,NEUTRAL,2.2900763358778553,RECONSTRUCTED_NOT_PRODUCTION_EXACT
6491,晶碩,2026-06-29,A,P2_POCKET_ONLY,False,True,False,True,True,NEUTRAL,8.006042296072513,RECONSTRUCTED_NOT_PRODUCTION_EXACT
7803,雲象科技-創,2026-06-29,A,P2_POCKET_ONLY,False,False,False,True,False,NEUTRAL,-3.433476394849788,RECONSTRUCTED_NOT_PRODUCTION_EXACT
9905,大華,2026-06-29,A,P2_POCKET_ONLY,False,False,False,True,False,NEUTRAL,-3.294117647058825,RECONSTRUCTED_NOT_PRODUCTION_EXACT
0061,元大寶滬深,2026-06-30,A,P2_POCKET_ONLY,False,False,False,False,False,NEUTRAL,-1.2090483619344838,RECONSTRUCTED_NOT_PRODUCTION_EXACT
006205,富邦上証,2026-06-30,A,P2_POCKET_ONLY,True,False,False,True,False,NEUTRAL,-0.978053435114512,RECONSTRUCTED_NOT_PRODUCTION_EXACT
006206,元大上證50,2026-06-30,A,P2_POCKET_ONLY,True,False,False,True,False,NEUTRAL,2.558691638090238,RECONSTRUCTED_NOT_PRODUCTION_EXACT
006207,復華滬深,2026-06-30,A,P2_POCKET_ONLY,False,False,False,False,False,NEUTRAL,-1.7446932247746516,RECONSTRUCTED_NOT_PRODUCTION_EXACT
00648R,元大S&P500反1,2026-06-30,A,P2_POCKET_ONLY,True,False,False,True,False,NEUTRAL,-0.990099009900991,RECONSTRUCTED_NOT_PRODUCTION_EXACT
00651R,復華香港反1,2026-06-30,A,P2_POCKET_ONLY,True,False,False,True,False,LOSER,-7.8767123287671215,RECONSTRUCTED_NOT_PRODUCTION_EXACT
00652,富邦印度,2026-06-30,A,P2_POCKET_ONLY,True,False,False,True,False,NEUTRAL,0.8479709267110724,RECONSTRUCTED_NOT_PRODUCTION_EXACT
00666R,富邦恒生國企反1,2026-06-30,A,P2_POCKET_ONLY,True,False,False,True,False,LOSER,-8.463035019455244,RECONSTRUCTED_NOT_PRODUCTION_EXACT
00678,群益那斯達克生技,2026-06-30,A,P2_POCKET_ONLY,True,False,False,True,False,NEUTRAL,-0.2972504334902037,RECONSTRUCTED_NOT_PRODUCTION_EXACT
00680L,元大美債20正2,2026-06-30,A,P2_POCKET_ONLY,True,False,False,True,False,LOSER,-7.0637119113573394,RECONSTRUCTED_NOT_PRODUCTION_EXACT
00688L,國泰20年美債正2,2026-06-30,A,P2_POCKET_ONLY,True,False,False,True,False,LOSER,-6.8340306834030695,RECONSTRUCTED_NOT_PRODUCTION_EXACT
00714,群益道瓊美國地產,2026-06-30,A,P2_POCKET_ONLY,True,False,False,True,False,NEUTRAL,0.0,RECONSTRUCTED_NOT_PRODUCTION_EXACT
00739,元大MSCI A股,2026-06-30,A,P2_POCKET_ONLY,True,False,False,True,False,NEUTRAL,-2.1841397849462485,RECONSTRUCTED_NOT_PRODUCTION_EXACT
00783,富邦中証500,2026-06-30,A,P2_POCKET_ONLY,True,False,False,True,False,LOSER,-6.727444199937116,RECONSTRUCTED_NOT_PRODUCTION_EXACT
00865B,國泰US短期公債,2026-06-30,A,P2_POCKET_ONLY,True,False,False,True,False,NEUTRAL,1.0923330585325577,RECONSTRUCTED_NOT_PRODUCTION_EXACT
00875,國泰網路資安,2026-06-30,A,P2_POCKET_ONLY,False,False,False,False,False,NEUTRAL,8.83813306852035,RECONSTRUCTED_NOT_PRODUCTION_EXACT
00897,富邦基因免疫生技,2026-06-30,A,P2_POCKET_ONLY,True,False,False,True,False,NEUTRAL,-1.5030946065428763,RECONSTRUCTED_NOT_PRODUCTION_EXACT
009805,台新美國電力基建,2026-06-30,A,P2_POCKET_ONLY,True,False,False,True,False,NEUTRAL,-2.697947214076246,RECONSTRUCTED_NOT_PRODUCTION_EXACT
00983D,主動富邦複合收益,2026-06-30,A,P2_POCKET_ONLY,True,False,False,True,False,NEUTRAL,-0.6849315068493178,RECONSTRUCTED_NOT_PRODUCTION_EXACT
3413,京鼎,2026-06-30,A,P2_POCKET_ONLY,False,False,False,False,False,NEUTRAL,5.295007564296528,RECONSTRUCTED_NOT_PRODUCTION_EXACT
4155,訊映,2026-06-30,A,P2_POCKET_ONLY,False,True,True,False,True,NEUTRAL,7.308970099667755,RECONSTRUCTED_NOT_PRODUCTION_EXACT
4934,太極,2026-06-30,A,P2_POCKET_ONLY,False,True,False,False,True,LOSER,-8.695652173913038,RECONSTRUCTED_NOT_PRODUCTION_EXACT
00643,群益深証中小,2026-07-01,A,P2_POCKET_ONLY,True,False,False,True,False,NEUTRAL,-4.270633397312862,RECONSTRUCTED_NOT_PRODUCTION_EXACT
00728,第一金工業30,2026-07-01,A,P2_POCKET_ONLY,True,False,False,False,False,NEUTRAL,-2.4981074943224657,RECONSTRUCTED_NOT_PRODUCTION_EXACT
00938,凱基優選30,2026-07-01,A,P2_POCKET_ONLY,True,False,False,False,False,NEUTRAL,1.0660106601065866,RECONSTRUCTED_NOT_PRODUCTION_EXACT
2345,智邦,2026-07-01,A,P2_POCKET_ONLY,True,True,True,False,True,LOSER,-12.781954887218047,RECONSTRUCTED_NOT_PRODUCTION_EXACT
2429,銘旺科,2026-07-01,A,P2_POCKET_ONLY,True,True,True,False,True,NEUTRAL,-1.5625,RECONSTRUCTED_NOT_PRODUCTION_EXACT
2433,互盛電,2026-07-01,A,P2_POCKET_ONLY,True,False,False,True,False,LOSER,-6.249999999999989,RECONSTRUCTED_NOT_PRODUCTION_EXACT
2528,皇普,2026-07-01,A,P2_POCKET_ONLY,True,True,True,False,True,NEUTRAL,-0.6696428571428492,RECONSTRUCTED_NOT_PRODUCTION_EXACT
3605,宏致,2026-07-01,A,P2_POCKET_ONLY,True,True,True,False,True,NEUTRAL,-0.8177570093457764,RECONSTRUCTED_NOT_PRODUCTION_EXACT
8466,美吉吉-KY,2026-07-01,A,P2_POCKET_ONLY,True,True,True,True,True,NEUTRAL,1.4285714285714235,RECONSTRUCTED_NOT_PRODUCTION_EXACT
9935,慶豐富,2026-07-01,A,P2_POCKET_ONLY,True,False,False,True,False,NEUTRAL,-4.822335025380708,RECONSTRUCTED_NOT_PRODUCTION_EXACT
00981A,主動統一台股增長,2026-07-02,B,P2_POCKET_ONLY,True,False,False,False,False,LOSER,-17.535101404056153,RECONSTRUCTED_NOT_PRODUCTION_EXACT
1417,嘉裕,2026-07-02,B,P2_POCKET_ONLY,True,True,True,True,True,NEUTRAL,-5.621621621621619,RECONSTRUCTED_NOT_PRODUCTION_EXACT
1445,大宇,2026-07-02,B,P2_POCKET_ONLY,True,True,True,True,True,LOSER,-8.097165991902832,RECONSTRUCTED_NOT_PRODUCTION_EXACT
1466,聚隆,2026-07-02,B,P2_POCKET_ONLY,True,True,True,False,True,NEUTRAL,-4.201680672268903,RECONSTRUCTED_NOT_PRODUCTION_EXACT
1467,南緯,2026-07-02,B,P2_POCKET_ONLY,True,True,True,True,True,NEUTRAL,-1.4722536806342057,RECONSTRUCTED_NOT_PRODUCTION_EXACT
1474,弘裕,2026-07-02,B,P2_POCKET_ONLY,True,True,True,True,True,NEUTRAL,0.9661835748792312,RECONSTRUCTED_NOT_PRODUCTION_EXACT
1712,興農,2026-07-02,B,P2_POCKET_ONLY,True,True,True,True,True,NEUTRAL,-1.8633540372670845,RECONSTRUCTED_NOT_PRODUCTION_EXACT
2109,華豐,2026-07-02,B,P2_POCKET_ONLY,True,True,True,True,True,NEUTRAL,-0.6802721088435382,RECONSTRUCTED_NOT_PRODUCTION_EXACT
2351,順德,2026-07-02,B,P2_POCKET_ONLY,True,True,True,False,True,LOSER,-19.01408450704225,RECONSTRUCTED_NOT_PRODUCTION_EXACT
2467,志聖,2026-07-02,B,P2_POCKET_ONLY,True,True,True,False,True,LOSER,-15.197568389057746,RECONSTRUCTED_NOT_PRODUCTION_EXACT
2476,鉅祥,2026-07-02,B,P2_POCKET_ONLY,True,True,True,True,True,LOSER,-11.567164179104472,RECONSTRUCTED_NOT_PRODUCTION_EXACT
3443,創意,2026-07-02,B,P2_POCKET_ONLY,True,True,True,False,True,LOSER,-28.04878048780488,RECONSTRUCTED_NOT_PRODUCTION_EXACT
3661,世芯-KY,2026-07-02,B,P2_POCKET_ONLY,True,True,True,False,True,LOSER,-28.9070480081716,RECONSTRUCTED_NOT_PRODUCTION_EXACT
4572,駐龍,2026-07-02,B,P2_POCKET_ONLY,True,True,True,True,True,NEUTRAL,-2.0270270270270285,RECONSTRUCTED_NOT_PRODUCTION_EXACT
4771,望隼,2026-07-02,B,P2_POCKET_ONLY,True,True,True,True,True,NEUTRAL,-2.977667493796521,RECONSTRUCTED_NOT_PRODUCTION_EXACT
6515,穎崴,2026-07-02,B,P2_POCKET_ONLY,True,True,True,False,True,LOSER,-34.962406015037594,RECONSTRUCTED_NOT_PRODUCTION_EXACT
6525,捷敏-KY,2026-07-02,B,P2_POCKET_ONLY,True,True,True,False,True,NEUTRAL,3.603603603603611,RECONSTRUCTED_NOT_PRODUCTION_EXACT
6753,龍德造船,2026-07-02,B,P2_POCKET_ONLY,True,False,False,False,False,NEUTRAL,-0.7142857142857117,RECONSTRUCTED_NOT_PRODUCTION_EXACT
1217,愛之味,2026-07-03,B,P2_POCKET_ONLY,True,True,True,True,True,NEUTRAL,-1.9704433497537033,RECONSTRUCTED_NOT_PRODUCTION_EXACT
1304,台聚,2026-07-03,B,P2_POCKET_ONLY,True,True,True,False,True,LOSER,-16.451612903225808,RECONSTRUCTED_NOT_PRODUCTION_EXACT
1321,大洋,2026-07-03,B,P2_POCKET_ONLY,True,True,True,False,True,NEUTRAL,0.3134796238244641,RECONSTRUCTED_NOT_PRODUCTION_EXACT
1452,宏益,2026-07-03,B,P2_POCKET_ONLY,True,True,True,True,True,NEUTRAL,-3.765690376569031,RECONSTRUCTED_NOT_PRODUCTION_EXACT
1464,得力,2026-07-03,B,P2_POCKET_ONLY,True,True,True,True,True,NEUTRAL,-5.000000000000004,RECONSTRUCTED_NOT_PRODUCTION_EXACT
1702,南僑,2026-07-03,B,P2_POCKET_ONLY,True,True,True,True,True,NEUTRAL,4.147465437788034,RECONSTRUCTED_NOT_PRODUCTION_EXACT
1717,長興,2026-07-03,B,P2_POCKET_ONLY,True,True,True,False,True,LOSER,-23.89705882352941,RECONSTRUCTED_NOT_PRODUCTION_EXACT
2231,為升,2026-07-03,B,P2_POCKET_ONLY,True,True,True,False,True,LOSER,-9.704641350210974,RECONSTRUCTED_NOT_PRODUCTION_EXACT
2617,台航,2026-07-03,B,P2_POCKET_ONLY,True,True,True,True,True,LOSER,-6.065573770491806,RECONSTRUCTED_NOT_PRODUCTION_EXACT
3518,柏騰,2026-07-03,B,P2_POCKET_ONLY,True,True,True,False,True,LOSER,-27.922971114167815,RECONSTRUCTED_NOT_PRODUCTION_EXACT
4989,榮科,2026-07-03,B,P2_POCKET_ONLY,True,False,False,False,False,LOSER,-41.26696832579185,RECONSTRUCTED_NOT_PRODUCTION_EXACT
6477,安集,2026-07-03,B,P2_POCKET_ONLY,True,True,True,False,True,NEUTRAL,11.111111111111116,RECONSTRUCTED_NOT_PRODUCTION_EXACT
7818,溢泰實業,2026-07-03,B,P2_POCKET_ONLY,True,True,True,True,True,NEUTRAL,-0.2906976744186051,RECONSTRUCTED_NOT_PRODUCTION_EXACT
9911,櫻花,2026-07-03,B,P2_POCKET_ONLY,True,True,True,True,True,NEUTRAL,-2.347417840375587,RECONSTRUCTED_NOT_PRODUCTION_EXACT
1256,鮮活果汁-KY,2026-07-06,B,P2_POCKET_ONLY,True,True,True,True,True,LOSER,-7.0351758793969825,RECONSTRUCTED_NOT_PRODUCTION_EXACT
1339,昭輝,2026-07-06,B,P2_POCKET_ONLY,True,True,True,True,True,NEUTRAL,-0.660066006600668,RECONSTRUCTED_NOT_PRODUCTION_EXACT
1604,聲寶,2026-07-06,B,P2_POCKET_ONLY,True,True,True,True,True,NEUTRAL,-1.0504201680672232,RECONSTRUCTED_NOT_PRODUCTION_EXACT
1721,三晃,2026-07-06,B,P2_POCKET_ONLY,True,True,True,False,True,LOSER,-29.259896729776248,RECONSTRUCTED_NOT_PRODUCTION_EXACT
1727,中華化,2026-07-06,B,P2_POCKET_ONLY,True,True,True,False,True,LOSER,-19.901477832512317,RECONSTRUCTED_NOT_PRODUCTION_EXACT
1760,寶齡富錦,2026-07-06,B,P2_POCKET_ONLY,True,True,True,True,True,LOSER,-6.676783004552355,RECONSTRUCTED_NOT_PRODUCTION_EXACT
1773,勝一,2026-07-06,B,P2_POCKET_ONLY,True,True,True,False,True,LOSER,-8.378378378378383,RECONSTRUCTED_NOT_PRODUCTION_EXACT
1783,和康生,2026-07-06,B,P2_POCKET_ONLY,True,True,True,True,True,NEUTRAL,-1.1083743842364546,RECONSTRUCTED_NOT_PRODUCTION_EXACT
2012,春雨,2026-07-06,B,P2_POCKET_ONLY,True,True,True,False,True,NEUTRAL,-4.242424242424237,RECONSTRUCTED_NOT_PRODUCTION_EXACT
2033,佳大,2026-07-06,B,P2_POCKET_ONLY,True,True,True,False,True,LOSER,-7.62195121951218,RECONSTRUCTED_NOT_PRODUCTION_EXACT
2104,國際中橡,2026-07-06,B,P2_POCKET_ONLY,True,True,True,False,True,LOSER,-8.771929824561408,RECONSTRUCTED_NOT_PRODUCTION_EXACT
2885,元大金,2026-07-06,B,P2_POCKET_ONLY,True,True,True,False,True,LOSER,-10.380116959064337,RECONSTRUCTED_NOT_PRODUCTION_EXACT
3031,佰鴻,2026-07-06,B,P2_POCKET_ONLY,True,True,True,False,True,LOSER,-26.51851851851852,RECONSTRUCTED_NOT_PRODUCTION_EXACT
6235,華孚,2026-07-06,B,P2_POCKET_ONLY,True,True,True,False,True,LOSER,-14.909478168264112,RECONSTRUCTED_NOT_PRODUCTION_EXACT
6782,視陽,2026-07-06,B,P2_POCKET_ONLY,True,True,True,False,True,LOSER,-6.714628297362113,RECONSTRUCTED_NOT_PRODUCTION_EXACT
6918,愛派司,2026-07-06,B,P2_POCKET_ONLY,True,True,True,True,True,NEUTRAL,-3.443708609271512,RECONSTRUCTED_NOT_PRODUCTION_EXACT
9912,偉聯,2026-07-06,B,P2_POCKET_ONLY,True,True,True,True,True,NEUTRAL,-0.7874015748031482,RECONSTRUCTED_NOT_PRODUCTION_EXACT
1419,新紡,2026-07-07,B,P2_POCKET_ONLY,True,True,True,False,True,NEUTRAL,-0.1515151515151469,RECONSTRUCTED_NOT_PRODUCTION_EXACT
2034,允強,2026-07-07,B,P2_POCKET_ONLY,True,True,True,True,True,NEUTRAL,-5.32687651331718,RECONSTRUCTED_NOT_PRODUCTION_EXACT
2208,台船,2026-07-07,B,P2_POCKET_ONLY,True,False,False,False,False,NEUTRAL,3.076923076923088,RECONSTRUCTED_NOT_PRODUCTION_EXACT
2390,云辰,2026-07-07,B,P2_POCKET_ONLY,True,True,True,False,True,LOSER,-12.355212355212352,RECONSTRUCTED_NOT_PRODUCTION_EXACT
2480,敦陽科,2026-07-07,B,P2_POCKET_ONLY,True,True,True,True,True,NEUTRAL,-1.851851851851849,RECONSTRUCTED_NOT_PRODUCTION_EXACT
2901,欣欣,2026-07-07,B,P2_POCKET_ONLY,True,True,True,False,True,NEUTRAL,1.2396694214876105,RECONSTRUCTED_NOT_PRODUCTION_EXACT
3545,敦泰,2026-07-07,B,P2_POCKET_ONLY,True,False,False,False,False,LOSER,-11.908931698774085,RECONSTRUCTED_NOT_PRODUCTION_EXACT
4133,亞諾法,2026-07-07,B,P2_POCKET_ONLY,True,True,True,True,True,NEUTRAL,2.1226415094339535,RECONSTRUCTED_NOT_PRODUCTION_EXACT
4438,廣越,2026-07-07,B,P2_POCKET_ONLY,True,True,True,True,True,NEUTRAL,-2.8799999999999937,RECONSTRUCTED_NOT_PRODUCTION_EXACT
4576,大銀微系統,2026-07-07,B,P2_POCKET_ONLY,True,True,True,False,True,LOSER,-11.210762331838565,RECONSTRUCTED_NOT_PRODUCTION_EXACT
4961,天鈺,2026-07-07,B,P2_POCKET_ONLY,True,True,True,False,True,LOSER,-6.000000000000005,RECONSTRUCTED_NOT_PRODUCTION_EXACT
6201,亞弘電,2026-07-07,B,P2_POCKET_ONLY,True,True,True,True,True,NEUTRAL,-0.3051881993896166,RECONSTRUCTED_NOT_PRODUCTION_EXACT
6416,瑞祺電通,2026-07-07,B,P2_POCKET_ONLY,True,True,True,True,True,WINNER,16.483516483516492,RECONSTRUCTED_NOT_PRODUCTION_EXACT
6873,泓德能源-創,2026-07-07,B,P2_POCKET_ONLY,True,True,True,False,True,NEUTRAL,-1.7937219730941756,RECONSTRUCTED_NOT_PRODUCTION_EXACT
1203,味王,2026-07-08,B,P2_POCKET_ONLY,False,True,True,False,True,NEUTRAL,8.755760368663612,RECONSTRUCTED_NOT_PRODUCTION_EXACT
1416,廣豐,2026-07-08,B,P2_POCKET_ONLY,True,True,True,True,True,NEUTRAL,0.0,RECONSTRUCTED_NOT_PRODUCTION_EXACT
2388,威盛,2026-07-08,B,P2_POCKET_ONLY,False,False,False,False,False,NEUTRAL,-1.2113055181695698,RECONSTRUCTED_NOT_PRODUCTION_EXACT
2427,三商電,2026-07-08,B,P2_POCKET_ONLY,False,False,False,False,False,LOSER,-9.197651663405091,RECONSTRUCTED_NOT_PRODUCTION_EXACT
3416,融程電,2026-07-08,B,P2_POCKET_ONLY,False,True,False,False,True,NEUTRAL,-4.545454545454541,RECONSTRUCTED_NOT_PRODUCTION_EXACT
4178,永笙-KY,2026-07-08,B,P2_POCKET_ONLY,False,True,False,False,True,NEUTRAL,-0.7792207792207684,RECONSTRUCTED_NOT_PRODUCTION_EXACT
4195,基米-創,2026-07-08,B,P2_POCKET_ONLY,True,True,True,True,True,LOSER,-7.954545454545469,RECONSTRUCTED_NOT_PRODUCTION_EXACT
5269,祥碩,2026-07-08,B,P2_POCKET_ONLY,False,False,False,False,False,LOSER,-7.868852459016395,RECONSTRUCTED_NOT_PRODUCTION_EXACT
6794,向榮生技-創,2026-07-08,B,P2_POCKET_ONLY,False,True,False,False,True,NEUTRAL,-5.589307411907651,RECONSTRUCTED_NOT_PRODUCTION_EXACT
6934,心誠鎂,2026-07-08,B,P2_POCKET_ONLY,False,True,True,False,True,NEUTRAL,8.42391304347827,RECONSTRUCTED_NOT_PRODUCTION_EXACT
8443,阿瘦,2026-07-08,B,P2_POCKET_ONLY,True,True,False,True,True,NEUTRAL,-1.30434782608696,RECONSTRUCTED_NOT_PRODUCTION_EXACT
020037,元大金融高股息N,2026-07-09,B,P2_POCKET_ONLY,False,False,False,False,False,NEUTRAL,0.7252946509519465,RECONSTRUCTED_NOT_PRODUCTION_EXACT
1536,和大,2026-07-09,B,P2_POCKET_ONLY,False,True,False,True,True,LOSER,-7.454545454545459,RECONSTRUCTED_NOT_PRODUCTION_EXACT
1623,大東電,2026-07-09,B,P2_POCKET_ONLY,False,True,False,False,True,NEUTRAL,-3.31125827814569,RECONSTRUCTED_NOT_PRODUCTION_EXACT
2431,聯昌,2026-07-09,B,P2_POCKET_ONLY,False,False,False,False,False,LOSER,-6.550218340611358,RECONSTRUCTED_NOT_PRODUCTION_EXACT
2465,麗臺,2026-07-09,B,P2_POCKET_ONLY,False,True,False,False,True,LOSER,-10.05586592178771,RECONSTRUCTED_NOT_PRODUCTION_EXACT
2486,一詮,2026-07-09,B,P2_POCKET_ONLY,False,True,False,False,True,LOSER,-15.444015444015449,RECONSTRUCTED_NOT_PRODUCTION_EXACT
3005,神基,2026-07-09,B,P2_POCKET_ONLY,False,False,False,False,False,NEUTRAL,0.8928571428571397,RECONSTRUCTED_NOT_PRODUCTION_EXACT
3015,全漢,2026-07-09,B,P2_POCKET_ONLY,False,False,False,False,False,LOSER,-15.10903426791278,RECONSTRUCTED_NOT_PRODUCTION_EXACT
3617,碩天,2026-07-09,B,P2_POCKET_ONLY,False,True,False,True,True,LOSER,-11.98347107438017,RECONSTRUCTED_NOT_PRODUCTION_EXACT
5258,虹堡,2026-07-09,B,P2_POCKET_ONLY,False,True,False,False,True,NEUTRAL,-1.325757575757569,RECONSTRUCTED_NOT_PRODUCTION_EXACT
6176,瑞儀,2026-07-09,B,P2_POCKET_ONLY,True,False,False,True,False,NEUTRAL,-2.759381898454749,RECONSTRUCTED_NOT_PRODUCTION_EXACT
6928,攸泰科技,2026-07-09,B,P2_POCKET_ONLY,False,True,False,False,True,NEUTRAL,0.5628517823639934,RECONSTRUCTED_NOT_PRODUCTION_EXACT
7823,奧義賽博-KY創,2026-07-09,B,P2_POCKET_ONLY,False,True,False,True,True,LOSER,-6.4189189189189255,RECONSTRUCTED_NOT_PRODUCTION_EXACT
1232,大統益,2026-07-13,C,P2_POCKET_ONLY,True,True,False,True,True,,,RECONSTRUCTED_NOT_PRODUCTION_EXACT
1308,亞聚,2026-07-13,C,P2_POCKET_ONLY,False,True,False,False,True,,,RECONSTRUCTED_NOT_PRODUCTION_EXACT
2101,南港,2026-07-13,C,P2_POCKET_ONLY,True,False,False,True,False,,,RECONSTRUCTED_NOT_PRODUCTION_EXACT
2321,東訊,2026-07-13,C,P2_POCKET_ONLY,False,True,False,False,True,,,RECONSTRUCTED_NOT_PRODUCTION_EXACT
2374,佳能,2026-07-13,C,P2_POCKET_ONLY,False,True,False,False,True,,,RECONSTRUCTED_NOT_PRODUCTION_EXACT
2482,連宇,2026-07-13,C,P2_POCKET_ONLY,True,True,False,True,True,,,RECONSTRUCTED_NOT_PRODUCTION_EXACT
3596,智易,2026-07-13,C,P2_POCKET_ONLY,False,True,False,False,True,,,RECONSTRUCTED_NOT_PRODUCTION_EXACT
3694,海華,2026-07-13,C,P2_POCKET_ONLY,False,True,False,False,True,,,RECONSTRUCTED_NOT_PRODUCTION_EXACT
4564,元翎,2026-07-13,C,P2_POCKET_ONLY,False,True,False,False,True,,,RECONSTRUCTED_NOT_PRODUCTION_EXACT
4764,雙鍵,2026-07-13,C,P2_POCKET_ONLY,False,True,False,False,True,,,RECONSTRUCTED_NOT_PRODUCTION_EXACT
6142,友勁,2026-07-13,C,P2_POCKET_ONLY,False,True,False,False,True,,,RECONSTRUCTED_NOT_PRODUCTION_EXACT
6225,天瀚,2026-07-13,C,P2_POCKET_ONLY,False,True,False,False,True,,,RECONSTRUCTED_NOT_PRODUCTION_EXACT
6533,晶心科,2026-07-13,C,P2_POCKET_ONLY,False,True,False,False,True,,,RECONSTRUCTED_NOT_PRODUCTION_EXACT
6863,永道-KY,2026-07-13,C,P2_POCKET_ONLY,True,True,False,True,True,,,RECONSTRUCTED_NOT_PRODUCTION_EXACT
6933,AMAX-KY,2026-07-13,C,P2_POCKET_ONLY,False,True,False,False,True,,,RECONSTRUCTED_NOT_PRODUCTION_EXACT
8442,威宏-KY,2026-07-13,C,P2_POCKET_ONLY,False,True,False,False,True,,,RECONSTRUCTED_NOT_PRODUCTION_EXACT
9925,新保,2026-07-13,C,P2_POCKET_ONLY,True,False,False,True,False,,,RECONSTRUCTED_NOT_PRODUCTION_EXACT
9938,百和,2026-07-13,C,P2_POCKET_ONLY,False,False,False,False,False,,,RECONSTRUCTED_NOT_PRODUCTION_EXACT
1410,南染,2026-07-14,C,P2_POCKET_ONLY,False,True,False,True,True,,,RECONSTRUCTED_NOT_PRODUCTION_EXACT
1468,昶和,2026-07-14,C,P2_POCKET_ONLY,True,True,False,True,True,,,RECONSTRUCTED_NOT_PRODUCTION_EXACT
1476,儒鴻,2026-07-14,C,P2_POCKET_ONLY,True,True,False,True,True,,,RECONSTRUCTED_NOT_PRODUCTION_EXACT
1733,五鼎,2026-07-14,C,P2_POCKET_ONLY,True,True,False,True,True,,,RECONSTRUCTED_NOT_PRODUCTION_EXACT
1734,杏輝,2026-07-14,C,P2_POCKET_ONLY,True,True,False,True,True,,,RECONSTRUCTED_NOT_PRODUCTION_EXACT
2006,東和鋼鐵,2026-07-14,C,P2_POCKET_ONLY,False,True,False,True,True,,,RECONSTRUCTED_NOT_PRODUCTION_EXACT
2023,燁輝,2026-07-14,C,P2_POCKET_ONLY,False,True,False,True,True,,,RECONSTRUCTED_NOT_PRODUCTION_EXACT
2207,和泰車,2026-07-14,C,P2_POCKET_ONLY,False,True,False,True,True,,,RECONSTRUCTED_NOT_PRODUCTION_EXACT
2704,國賓,2026-07-14,C,P2_POCKET_ONLY,True,True,False,True,True,,,RECONSTRUCTED_NOT_PRODUCTION_EXACT
3702,大聯大,2026-07-14,C,P2_POCKET_ONLY,False,True,False,True,True,,,RECONSTRUCTED_NOT_PRODUCTION_EXACT
4104,佳醫,2026-07-14,C,P2_POCKET_ONLY,True,True,False,True,True,,,RECONSTRUCTED_NOT_PRODUCTION_EXACT
4106,雃博,2026-07-14,C,P2_POCKET_ONLY,True,True,False,True,True,,,RECONSTRUCTED_NOT_PRODUCTION_EXACT
4736,泰博,2026-07-14,C,P2_POCKET_ONLY,True,True,False,True,True,,,RECONSTRUCTED_NOT_PRODUCTION_EXACT
5306,桂盟,2026-07-14,C,P2_POCKET_ONLY,False,True,False,True,True,,,RECONSTRUCTED_NOT_PRODUCTION_EXACT
5525,順天,2026-07-14,C,P2_POCKET_ONLY,False,True,False,True,True,,,RECONSTRUCTED_NOT_PRODUCTION_EXACT
5538,東明-KY,2026-07-14,C,P2_POCKET_ONLY,False,True,False,True,True,,,RECONSTRUCTED_NOT_PRODUCTION_EXACT
6534,正瀚-創,2026-07-14,C,P2_POCKET_ONLY,True,True,False,True,True,,,RECONSTRUCTED_NOT_PRODUCTION_EXACT
8411,福貞-KY,2026-07-14,C,P2_POCKET_ONLY,True,True,False,True,True,,,RECONSTRUCTED_NOT_PRODUCTION_EXACT
8462,柏文,2026-07-14,C,P2_POCKET_ONLY,True,True,False,True,True,,,RECONSTRUCTED_NOT_PRODUCTION_EXACT
8481,政伸,2026-07-14,C,P2_POCKET_ONLY,True,True,False,True,True,,,RECONSTRUCTED_NOT_PRODUCTION_EXACT
910322,康師傅-DR,2026-07-14,C,P2_POCKET_ONLY,False,True,False,True,True,,,RECONSTRUCTED_NOT_PRODUCTION_EXACT
2015,豐興,2026-07-15,C,P2_POCKET_ONLY,False,True,False,False,True,,,RECONSTRUCTED_NOT_PRODUCTION_EXACT
6464,台數科,2026-07-15,C,P2_POCKET_ONLY,True,False,False,True,False,,,RECONSTRUCTED_NOT_PRODUCTION_EXACT
6598,ABC-KY,2026-07-15,C,P2_POCKET_ONLY,False,True,False,False,True,,,RECONSTRUCTED_NOT_PRODUCTION_EXACT
6669,緯穎,2026-07-15,C,P2_POCKET_ONLY,False,True,False,False,True,,,RECONSTRUCTED_NOT_PRODUCTION_EXACT
6887,寶綠特-KY,2026-07-15,C,P2_POCKET_ONLY,False,True,False,False,True,,,RECONSTRUCTED_NOT_PRODUCTION_EXACT
8478,東哥遊艇,2026-07-15,C,P2_POCKET_ONLY,False,True,False,False,True,,,RECONSTRUCTED_NOT_PRODUCTION_EXACT
8499,鼎炫-KY,2026-07-15,C,P2_POCKET_ONLY,False,True,False,False,True,,,RECONSTRUCTED_NOT_PRODUCTION_EXACT
9927,泰銘,2026-07-15,C,P2_POCKET_ONLY,True,True,False,True,True,,,RECONSTRUCTED_NOT_PRODUCTION_EXACT
00715L,期街口布蘭特正2,2026-07-16,C,P2_POCKET_ONLY,False,False,False,False,False,,,RECONSTRUCTED_NOT_PRODUCTION_EXACT
00916,國泰全球品牌50,2026-07-16,C,P2_POCKET_ONLY,True,False,False,True,False,,,RECONSTRUCTED_NOT_PRODUCTION_EXACT
1101,台泥,2026-07-16,C,P2_POCKET_ONLY,False,True,False,True,True,,,RECONSTRUCTED_NOT_PRODUCTION_EXACT
1103,嘉泥,2026-07-16,C,P2_POCKET_ONLY,True,True,False,True,True,,,RECONSTRUCTED_NOT_PRODUCTION_EXACT
1110,東泥,2026-07-16,C,P2_POCKET_ONLY,False,True,False,False,True,,,RECONSTRUCTED_NOT_PRODUCTION_EXACT
1436,華友聯,2026-07-16,C,P2_POCKET_ONLY,True,True,True,True,True,,,RECONSTRUCTED_NOT_PRODUCTION_EXACT
1439,雋揚,2026-07-16,C,P2_POCKET_ONLY,False,True,True,False,True,,,RECONSTRUCTED_NOT_PRODUCTION_EXACT
1442,名軒,2026-07-16,C,P2_POCKET_ONLY,True,True,True,True,True,,,RECONSTRUCTED_NOT_PRODUCTION_EXACT
1732,毛寶,2026-07-16,C,P2_POCKET_ONLY,False,True,True,True,True,,,RECONSTRUCTED_NOT_PRODUCTION_EXACT
2459,敦吉,2026-07-16,C,P2_POCKET_ONLY,True,True,False,True,True,,,RECONSTRUCTED_NOT_PRODUCTION_EXACT
2524,京城,2026-07-16,C,P2_POCKET_ONLY,False,True,True,True,True,,,RECONSTRUCTED_NOT_PRODUCTION_EXACT
3266,昇陽,2026-07-16,C,P2_POCKET_ONLY,False,True,True,True,True,,,RECONSTRUCTED_NOT_PRODUCTION_EXACT
6789,采鈺,2026-07-16,C,P2_POCKET_ONLY,False,True,False,False,True,,,RECONSTRUCTED_NOT_PRODUCTION_EXACT
8404,百和興業-KY,2026-07-16,C,P2_POCKET_ONLY,False,True,False,True,True,,,RECONSTRUCTED_NOT_PRODUCTION_EXACT
OilGasElectricity,油電燃氣類指數,2026-07-16,C,P2_POCKET_ONLY,False,False,False,False,False,,,RECONSTRUCTED_NOT_PRODUCTION_EXACT
00632R,元大台灣50反1,2026-07-17,C,P2_POCKET_ONLY,False,False,False,False,False,,,RECONSTRUCTED_NOT_PRODUCTION_EXACT
00642U,期元大S&P石油,2026-07-17,C,P2_POCKET_ONLY,False,False,False,False,False,,,RECONSTRUCTED_NOT_PRODUCTION_EXACT
00664R,國泰臺灣加權反1,2026-07-17,C,P2_POCKET_ONLY,False,False,False,True,False,,,RECONSTRUCTED_NOT_PRODUCTION_EXACT
00676R,富邦臺灣加權反1,2026-07-17,C,P2_POCKET_ONLY,False,False,False,True,False,,,RECONSTRUCTED_NOT_PRODUCTION_EXACT
1201,味全,2026-07-17,C,P2_POCKET_ONLY,False,True,False,True,True,,,RECONSTRUCTED_NOT_PRODUCTION_EXACT
1231,聯華食,2026-07-17,C,P2_POCKET_ONLY,False,True,False,True,True,,,RECONSTRUCTED_NOT_PRODUCTION_EXACT
1323,永裕,2026-07-17,C,P2_POCKET_ONLY,False,True,False,True,True,,,RECONSTRUCTED_NOT_PRODUCTION_EXACT
2008,高興昌,2026-07-17,C,P2_POCKET_ONLY,False,True,False,False,True,,,RECONSTRUCTED_NOT_PRODUCTION_EXACT
2024,志聯,2026-07-17,C,P2_POCKET_ONLY,False,True,False,True,True,,,RECONSTRUCTED_NOT_PRODUCTION_EXACT
2105,正新,2026-07-17,C,P2_POCKET_ONLY,False,True,False,True,True,,,RECONSTRUCTED_NOT_PRODUCTION_EXACT
2115,六暉-KY,2026-07-17,C,P2_POCKET_ONLY,False,True,False,False,True,,,RECONSTRUCTED_NOT_PRODUCTION_EXACT
2608,嘉里大榮,2026-07-17,C,P2_POCKET_ONLY,False,True,False,False,True,,,RECONSTRUCTED_NOT_PRODUCTION_EXACT
2929,淘帝-KY,2026-07-17,C,P2_POCKET_ONLY,False,True,False,False,True,,,RECONSTRUCTED_NOT_PRODUCTION_EXACT
3024,憶聲,2026-07-17,C,P2_POCKET_ONLY,False,True,False,True,True,,,RECONSTRUCTED_NOT_PRODUCTION_EXACT
4582,聚恆-創,2026-07-17,C,P2_POCKET_ONLY,False,True,False,False,True,,,RECONSTRUCTED_NOT_PRODUCTION_EXACT
6937,天虹,2026-07-17,C,P2_POCKET_ONLY,False,True,False,False,True,,,RECONSTRUCTED_NOT_PRODUCTION_EXACT
00665L,富邦恒生國企正2,2026-07-20,C,P2_POCKET_ONLY,False,False,False,False,False,,,RECONSTRUCTED_NOT_PRODUCTION_EXACT
00686R,群益臺灣加權反1,2026-07-20,C,P2_POCKET_ONLY,False,False,False,False,False,,,RECONSTRUCTED_NOT_PRODUCTION_EXACT
1220,台榮,2026-07-20,C,P2_POCKET_ONLY,False,True,False,False,True,,,RECONSTRUCTED_NOT_PRODUCTION_EXACT
1233,天仁,2026-07-20,C,P2_POCKET_ONLY,False,True,False,True,True,,,RECONSTRUCTED_NOT_PRODUCTION_EXACT
1235,興泰,2026-07-20,C,P2_POCKET_ONLY,False,True,False,True,True,,,RECONSTRUCTED_NOT_PRODUCTION_EXACT
1614,三洋電,2026-07-20,C,P2_POCKET_ONLY,False,True,False,False,True,,,RECONSTRUCTED_NOT_PRODUCTION_EXACT
2762,世界健身-KY,2026-07-20,C,P2_POCKET_ONLY,False,True,False,True,True,,,RECONSTRUCTED_NOT_PRODUCTION_EXACT
3679,新至陞,2026-07-20,C,P2_POCKET_ONLY,False,True,False,False,True,,,RECONSTRUCTED_NOT_PRODUCTION_EXACT
4770,上品,2026-07-20,C,P2_POCKET_ONLY,False,True,False,False,True,,,RECONSTRUCTED_NOT_PRODUCTION_EXACT
6281,全國電,2026-07-20,C,P2_POCKET_ONLY,False,True,False,False,True,,,RECONSTRUCTED_NOT_PRODUCTION_EXACT
6969,成信實業*-創,2026-07-20,C,P2_POCKET_ONLY,False,True,False,False,True,,,RECONSTRUCTED_NOT_PRODUCTION_EXACT
7740,熙特爾-創,2026-07-20,C,P2_POCKET_ONLY,False,True,False,False,True,,,RECONSTRUCTED_NOT_PRODUCTION_EXACT
8367,建新國際,2026-07-20,C,P2_POCKET_ONLY,False,True,False,False,True,,,RECONSTRUCTED_NOT_PRODUCTION_EXACT
9939,宏全,2026-07-20,C,P2_POCKET_ONLY,False,True,False,False,True,,,RECONSTRUCTED_NOT_PRODUCTION_EXACT
00753L,中信中國50正2,2026-07-21,C,P2_POCKET_ONLY,False,False,False,False,False,,,RECONSTRUCTED_NOT_PRODUCTION_EXACT
2029,盛餘,2026-07-21,C,P2_POCKET_ONLY,False,True,False,True,True,,,RECONSTRUCTED_NOT_PRODUCTION_EXACT
2347,聯強,2026-07-21,C,P2_POCKET_ONLY,False,False,False,False,False,,,RECONSTRUCTED_NOT_PRODUCTION_EXACT
8045,達運光電,2026-07-21,C,P2_POCKET_ONLY,False,True,False,False,True,,,RECONSTRUCTED_NOT_PRODUCTION_EXACT
9103,美德醫療-DR,2026-07-21,C,P2_POCKET_ONLY,False,True,False,False,True,,,RECONSTRUCTED_NOT_PRODUCTION_EXACT
9924,福興,2026-07-21,C,P2_POCKET_ONLY,False,True,False,True,True,,,RECONSTRUCTED_NOT_PRODUCTION_EXACT
00636,國泰中國A50,2026-07-22,C,P2_POCKET_ONLY,False,False,False,False,False,,,RECONSTRUCTED_NOT_PRODUCTION_EXACT
00669R,國泰美國道瓊反1,2026-07-22,C,P2_POCKET_ONLY,False,False,False,True,False,,,RECONSTRUCTED_NOT_PRODUCTION_EXACT
00693U,期街口S&P黃豆,2026-07-22,C,P2_POCKET_ONLY,False,False,False,True,False,,,RECONSTRUCTED_NOT_PRODUCTION_EXACT
00700,富邦恒生國企,2026-07-22,C,P2_POCKET_ONLY,False,False,False,True,False,,,RECONSTRUCTED_NOT_PRODUCTION_EXACT
00702,國泰標普低波高息,2026-07-22,C,P2_POCKET_ONLY,False,False,False,False,False,,,RECONSTRUCTED_NOT_PRODUCTION_EXACT
00709,富邦歐洲,2026-07-22,C,P2_POCKET_ONLY,False,False,False,True,False,,,RECONSTRUCTED_NOT_PRODUCTION_EXACT
00710B,復華彭博非投等債,2026-07-22,C,P2_POCKET_ONLY,False,False,False,True,False,,,RECONSTRUCTED_NOT_PRODUCTION_EXACT
00752,中信中國50,2026-07-22,C,P2_POCKET_ONLY,False,False,False,True,False,,,RECONSTRUCTED_NOT_PRODUCTION_EXACT
00763U,期街口道瓊銅,2026-07-22,C,P2_POCKET_ONLY,False,False,False,False,False,,,RECONSTRUCTED_NOT_PRODUCTION_EXACT
00917,中信特選金融,2026-07-22,C,P2_POCKET_ONLY,False,False,False,False,False,,,RECONSTRUCTED_NOT_PRODUCTION_EXACT
00924,復華S&P500成長,2026-07-22,C,P2_POCKET_ONLY,False,False,False,True,False,,,RECONSTRUCTED_NOT_PRODUCTION_EXACT
00926,凱基全球菁英55,2026-07-22,C,P2_POCKET_ONLY,False,False,False,True,False,,,RECONSTRUCTED_NOT_PRODUCTION_EXACT
00945B,凱基美國非投等債,2026-07-22,C,P2_POCKET_ONLY,False,False,False,False,False,,,RECONSTRUCTED_NOT_PRODUCTION_EXACT
00953B,群益優選非投等債,2026-07-22,C,P2_POCKET_ONLY,False,False,False,True,False,,,RECONSTRUCTED_NOT_PRODUCTION_EXACT
00956,中信日經高股息,2026-07-22,C,P2_POCKET_ONLY,False,False,False,False,False,,,RECONSTRUCTED_NOT_PRODUCTION_EXACT
00960,野村全球航運龍頭,2026-07-22,C,P2_POCKET_ONLY,False,False,False,False,False,,,RECONSTRUCTED_NOT_PRODUCTION_EXACT
00961,FT臺灣永續高息,2026-07-22,C,P2_POCKET_ONLY,False,False,False,False,False,,,RECONSTRUCTED_NOT_PRODUCTION_EXACT
00972,野村日本動能高息,2026-07-22,C,P2_POCKET_ONLY,False,False,False,False,False,,,RECONSTRUCTED_NOT_PRODUCTION_EXACT
009810,玉山全球藍籌100,2026-07-22,C,P2_POCKET_ONLY,False,False,False,True,False,,,RECONSTRUCTED_NOT_PRODUCTION_EXACT
009811,統一美國50,2026-07-22,C,P2_POCKET_ONLY,False,False,False,True,False,,,RECONSTRUCTED_NOT_PRODUCTION_EXACT
009813,貝萊德標普卓越50,2026-07-22,C,P2_POCKET_ONLY,False,False,False,True,False,,,RECONSTRUCTED_NOT_PRODUCTION_EXACT
009817,國泰日本不動產,2026-07-22,C,P2_POCKET_ONLY,False,False,False,False,False,,,RECONSTRUCTED_NOT_PRODUCTION_EXACT
1463,強盛新,2026-07-22,C,P2_POCKET_ONLY,False,True,False,False,True,,,RECONSTRUCTED_NOT_PRODUCTION_EXACT
3665,貿聯-KY,2026-07-22,C,P2_POCKET_ONLY,False,True,False,False,True,,,RECONSTRUCTED_NOT_PRODUCTION_EXACT
3669,圓展,2026-07-22,C,P2_POCKET_ONLY,False,True,False,False,True,,,RECONSTRUCTED_NOT_PRODUCTION_EXACT
00640L,富邦日本正2,2026-07-23,C,P2_POCKET_ONLY,False,False,False,False,False,,,RECONSTRUCTED_NOT_PRODUCTION_EXACT
00650L,復華香港正2,2026-07-23,C,P2_POCKET_ONLY,False,False,False,False,False,,,RECONSTRUCTED_NOT_PRODUCTION_EXACT
00882,中信中國高股息,2026-07-23,C,P2_POCKET_ONLY,False,False,False,False,False,,,RECONSTRUCTED_NOT_PRODUCTION_EXACT
1325,恆大,2026-07-23,C,P2_POCKET_ONLY,True,True,False,True,True,,,RECONSTRUCTED_NOT_PRODUCTION_EXACT
1418,東華,2026-07-23,C,P2_POCKET_ONLY,False,False,False,False,False,,,RECONSTRUCTED_NOT_PRODUCTION_EXACT
6504,南六,2026-07-23,C,P2_POCKET_ONLY,False,False,False,False,False,,,RECONSTRUCTED_NOT_PRODUCTION_EXACT
8271,宇瞻,2026-07-23,C,P2_POCKET_ONLY,False,True,False,False,True,,,RECONSTRUCTED_NOT_PRODUCTION_EXACT
00681R,元大美債20反1,2026-07-24,C,P2_POCKET_ONLY,False,False,False,False,False,,,RECONSTRUCTED_NOT_PRODUCTION_EXACT
2002,中鋼,2026-07-24,C,P2_POCKET_ONLY,False,True,False,False,True,,,RECONSTRUCTED_NOT_PRODUCTION_EXACT
2385,群光,2026-07-24,C,P2_POCKET_ONLY,True,True,False,True,True,,,RECONSTRUCTED_NOT_PRODUCTION_EXACT
2605,新興,2026-07-24,C,P2_POCKET_ONLY,False,True,False,False,True,,,RECONSTRUCTED_NOT_PRODUCTION_EXACT
2609,陽明,2026-07-24,C,P2_POCKET_ONLY,False,True,False,False,True,,,RECONSTRUCTED_NOT_PRODUCTION_EXACT
2616,山隆,2026-07-24,C,P2_POCKET_ONLY,True,True,False,True,True,,,RECONSTRUCTED_NOT_PRODUCTION_EXACT
2701,萬企,2026-07-24,C,P2_POCKET_ONLY,True,True,False,True,True,,,RECONSTRUCTED_NOT_PRODUCTION_EXACT
2712,遠雄來,2026-07-24,C,P2_POCKET_ONLY,False,True,False,False,True,,,RECONSTRUCTED_NOT_PRODUCTION_EXACT
7765,中華資安,2026-07-24,C,P2_POCKET_ONLY,True,True,False,True,True,,,RECONSTRUCTED_NOT_PRODUCTION_EXACT
9919,康那香,2026-07-24,C,P2_POCKET_ONLY,False,True,False,False,True,,,RECONSTRUCTED_NOT_PRODUCTION_EXACT
020036,元大金融配息N,2026-06-11,A,P3_SURVIVAL_ONLY,False,False,False,False,False,NEUTRAL,6.236323851203496,RECONSTRUCTED_NOT_PRODUCTION_EXACT
1227,佳格,2026-06-11,A,P3_SURVIVAL_ONLY,False,True,True,True,True,NEUTRAL,0.6932409012131657,RECONSTRUCTED_NOT_PRODUCTION_EXACT
1438,三地開發,2026-06-11,A,P3_SURVIVAL_ONLY,False,True,False,True,True,NEUTRAL,-5.197505197505192,RECONSTRUCTED_NOT_PRODUCTION_EXACT
1532,勤美,2026-06-11,A,P3_SURVIVAL_ONLY,False,True,False,True,True,NEUTRAL,-2.1691973969631184,RECONSTRUCTED_NOT_PRODUCTION_EXACT
1714,和桐,2026-06-11,A,P3_SURVIVAL_ONLY,False,True,False,False,False,WINNER,28.819444444444443,RECONSTRUCTED_NOT_PRODUCTION_EXACT
2313,華通,2026-06-11,A,P3_SURVIVAL_ONLY,False,True,False,False,False,LOSER,-19.090909090909093,RECONSTRUCTED_NOT_PRODUCTION_EXACT
2355,敬鵬,2026-06-11,A,P3_SURVIVAL_ONLY,False,True,False,False,False,LOSER,-11.925042589437815,RECONSTRUCTED_NOT_PRODUCTION_EXACT
2383,台光電,2026-06-11,A,P3_SURVIVAL_ONLY,False,True,False,True,True,NEUTRAL,3.140333660451433,RECONSTRUCTED_NOT_PRODUCTION_EXACT
2723,美食-KY,2026-06-11,A,P3_SURVIVAL_ONLY,False,True,True,True,True,NEUTRAL,-0.146412884333813,RECONSTRUCTED_NOT_PRODUCTION_EXACT
2905,三商,2026-06-11,A,P3_SURVIVAL_ONLY,False,True,False,False,False,NEUTRAL,3.4965034965035,RECONSTRUCTED_NOT_PRODUCTION_EXACT
3003,健和興,2026-06-11,A,P3_SURVIVAL_ONLY,False,True,False,True,True,NEUTRAL,-1.9402985074626788,RECONSTRUCTED_NOT_PRODUCTION_EXACT
3025,星通,2026-06-11,A,P3_SURVIVAL_ONLY,False,False,False,False,False,NEUTRAL,-3.730272596843631,RECONSTRUCTED_NOT_PRODUCTION_EXACT
5388,中磊,2026-06-11,A,P3_SURVIVAL_ONLY,False,False,False,False,False,LOSER,-11.03368176538908,RECONSTRUCTED_NOT_PRODUCTION_EXACT
5519,隆大,2026-06-11,A,P3_SURVIVAL_ONLY,False,True,True,True,True,NEUTRAL,0.4431314623338123,RECONSTRUCTED_NOT_PRODUCTION_EXACT
5546,永固-KY,2026-06-11,A,P3_SURVIVAL_ONLY,False,True,False,False,False,NEUTRAL,-5.000000000000004,RECONSTRUCTED_NOT_PRODUCTION_EXACT
6133,金橋,2026-06-11,A,P3_SURVIVAL_ONLY,False,True,False,False,False,NEUTRAL,-5.054945054945048,RECONSTRUCTED_NOT_PRODUCTION_EXACT
6141,柏承,2026-06-11,A,P3_SURVIVAL_ONLY,False,True,False,False,False,WINNER,23.417721518987335,RECONSTRUCTED_NOT_PRODUCTION_EXACT
6189,豐藝,2026-06-11,A,P3_SURVIVAL_ONLY,False,True,False,False,False,NEUTRAL,-3.441682600382401,RECONSTRUCTED_NOT_PRODUCTION_EXACT
8070,長華*,2026-06-11,A,P3_SURVIVAL_ONLY,False,False,False,False,False,LOSER,-8.673469387755095,RECONSTRUCTED_NOT_PRODUCTION_EXACT
9945,潤泰新,2026-06-11,A,P3_SURVIVAL_ONLY,False,True,False,False,False,NEUTRAL,2.111324376199608,RECONSTRUCTED_NOT_PRODUCTION_EXACT
2393,億光,2026-06-12,A,P3_SURVIVAL_ONLY,False,True,False,False,False,NEUTRAL,-5.9238363892806785,RECONSTRUCTED_NOT_PRODUCTION_EXACT
2413,環科,2026-06-12,A,P3_SURVIVAL_ONLY,False,True,False,False,False,LOSER,-23.937908496732028,RECONSTRUCTED_NOT_PRODUCTION_EXACT
2636,台驊控股,2026-06-12,A,P3_SURVIVAL_ONLY,True,True,True,True,True,NEUTRAL,-3.2303370786516794,RECONSTRUCTED_NOT_PRODUCTION_EXACT
3576,聯合再生,2026-06-12,A,P3_SURVIVAL_ONLY,False,True,False,False,False,LOSER,-15.151515151515149,RECONSTRUCTED_NOT_PRODUCTION_EXACT
6205,詮欣,2026-06-12,A,P3_SURVIVAL_ONLY,False,True,False,False,False,LOSER,-15.14450867052023,RECONSTRUCTED_NOT_PRODUCTION_EXACT
6691,洋基工程,2026-06-12,A,P3_SURVIVAL_ONLY,False,True,False,False,False,WINNER,15.384615384615374,RECONSTRUCTED_NOT_PRODUCTION_EXACT
6944,兆聯實業,2026-06-12,A,P3_SURVIVAL_ONLY,True,True,False,True,True,NEUTRAL,-0.7063572149344055,RECONSTRUCTED_NOT_PRODUCTION_EXACT
8081,致新,2026-06-12,A,P3_SURVIVAL_ONLY,False,True,False,False,False,NEUTRAL,9.71731448763251,RECONSTRUCTED_NOT_PRODUCTION_EXACT
0050,元大台灣50,2026-06-15,A,P3_SURVIVAL_ONLY,True,False,False,False,False,NEUTRAL,2.422802850356298,RECONSTRUCTED_NOT_PRODUCTION_EXACT
0055,元大MSCI金融,2026-06-15,A,P3_SURVIVAL_ONLY,True,False,False,True,True,NEUTRAL,2.3658536585365875,RECONSTRUCTED_NOT_PRODUCTION_EXACT
006204,永豐臺灣加權,2026-06-15,A,P3_SURVIVAL_ONLY,True,False,False,False,False,NEUTRAL,2.841409691629959,RECONSTRUCTED_NOT_PRODUCTION_EXACT
006208,富邦台50,2026-06-15,A,P3_SURVIVAL_ONLY,True,False,False,False,False,NEUTRAL,2.498975829578032,RECONSTRUCTED_NOT_PRODUCTION_EXACT
00631L,元大台灣50正2,2026-06-15,A,P3_SURVIVAL_ONLY,True,False,False,False,False,NEUTRAL,3.641758834637177,RECONSTRUCTED_NOT_PRODUCTION_EXACT
00657,國泰日經225,2026-06-15,A,P3_SURVIVAL_ONLY,True,False,False,False,False,NEUTRAL,1.9183168316831756,RECONSTRUCTED_NOT_PRODUCTION_EXACT
00661,元大日經225,2026-06-15,A,P3_SURVIVAL_ONLY,True,False,False,False,False,NEUTRAL,1.7357222844344822,RECONSTRUCTED_NOT_PRODUCTION_EXACT
00663L,國泰臺灣加權正2,2026-06-15,A,P3_SURVIVAL_ONLY,True,False,False,False,False,NEUTRAL,3.7639405204461074,RECONSTRUCTED_NOT_PRODUCTION_EXACT
00675L,富邦臺灣加權正2,2026-06-15,A,P3_SURVIVAL_ONLY,True,False,False,False,False,NEUTRAL,3.8514653981893465,RECONSTRUCTED_NOT_PRODUCTION_EXACT
00685L,群益臺灣加權正2,2026-06-15,A,P3_SURVIVAL_ONLY,True,False,False,False,False,NEUTRAL,3.3958438925494105,RECONSTRUCTED_NOT_PRODUCTION_EXACT
00690,兆豐藍籌30,2026-06-15,A,P3_SURVIVAL_ONLY,True,False,False,False,False,NEUTRAL,1.3707165109034136,RECONSTRUCTED_NOT_PRODUCTION_EXACT
00692,富邦公司治理,2026-06-15,A,P3_SURVIVAL_ONLY,True,False,False,False,False,NEUTRAL,2.251510159253156,RECONSTRUCTED_NOT_PRODUCTION_EXACT
00701,國泰股利精選30,2026-06-15,A,P3_SURVIVAL_ONLY,True,False,False,True,True,NEUTRAL,4.253056884635842,RECONSTRUCTED_NOT_PRODUCTION_EXACT
00731,復華富時高息低波,2026-06-15,A,P3_SURVIVAL_ONLY,True,False,False,True,True,NEUTRAL,1.8327605956472093,RECONSTRUCTED_NOT_PRODUCTION_EXACT
00735,國泰臺韓科技,2026-06-15,A,P3_SURVIVAL_ONLY,True,False,False,False,False,NEUTRAL,3.4070796460176966,RECONSTRUCTED_NOT_PRODUCTION_EXACT
00830,國泰費城半導體,2026-06-15,A,P3_SURVIVAL_ONLY,True,False,False,False,False,NEUTRAL,-0.6602336211274817,RECONSTRUCTED_NOT_PRODUCTION_EXACT
00850,元大臺灣ESG永續,2026-06-15,A,P3_SURVIVAL_ONLY,True,False,False,False,False,NEUTRAL,1.8815716657443415,RECONSTRUCTED_NOT_PRODUCTION_EXACT
00876,元大全球5G,2026-06-15,A,P3_SURVIVAL_ONLY,True,False,False,False,False,NEUTRAL,7.233181588265047,RECONSTRUCTED_NOT_PRODUCTION_EXACT
00900,富邦特選高股息30,2026-06-15,A,P3_SURVIVAL_ONLY,True,False,False,False,False,NEUTRAL,-1.5376729882111806,RECONSTRUCTED_NOT_PRODUCTION_EXACT
00901,永豐智能車供應鏈,2026-06-15,A,P3_SURVIVAL_ONLY,True,False,False,False,False,NEUTRAL,1.716738197424883,RECONSTRUCTED_NOT_PRODUCTION_EXACT
00905,FT臺灣Smart,2026-06-15,A,P3_SURVIVAL_ONLY,True,False,False,False,False,NEUTRAL,2.743682310469331,RECONSTRUCTED_NOT_PRODUCTION_EXACT
00907,永豐優息存股,2026-06-15,A,P3_SURVIVAL_ONLY,True,False,False,True,True,NEUTRAL,-0.916870415647908,RECONSTRUCTED_NOT_PRODUCTION_EXACT
00908,富邦入息REITs+,2026-06-15,A,P3_SURVIVAL_ONLY,True,False,False,True,True,NEUTRAL,0.5952380952381153,RECONSTRUCTED_NOT_PRODUCTION_EXACT
00912,中信臺灣智慧50,2026-06-15,A,P3_SURVIVAL_ONLY,True,False,False,True,True,NEUTRAL,1.4762326542663071,RECONSTRUCTED_NOT_PRODUCTION_EXACT
00915,凱基優選高股息30,2026-06-15,A,P3_SURVIVAL_ONLY,True,False,False,True,True,NEUTRAL,3.242212333121408,RECONSTRUCTED_NOT_PRODUCTION_EXACT
00918,大華優利高填息30,2026-06-15,A,P3_SURVIVAL_ONLY,True,False,False,False,False,NEUTRAL,0.7841907151819427,RECONSTRUCTED_NOT_PRODUCTION_EXACT
00923,群益台ESG低碳50,2026-06-15,A,P3_SURVIVAL_ONLY,True,False,False,False,False,NEUTRAL,1.5805614531729129,RECONSTRUCTED_NOT_PRODUCTION_EXACT
00927,群益半導體收益,2026-06-15,A,P3_SURVIVAL_ONLY,True,False,False,False,False,NEUTRAL,5.402676091895997,RECONSTRUCTED_NOT_PRODUCTION_EXACT
00929,復華台灣科技優息,2026-06-15,A,P3_SURVIVAL_ONLY,True,False,False,False,False,NEUTRAL,0.951131518530679,RECONSTRUCTED_NOT_PRODUCTION_EXACT
00930,永豐ESG低碳高息,2026-06-15,A,P3_SURVIVAL_ONLY,True,False,False,False,False,NEUTRAL,0.8488278092158463,RECONSTRUCTED_NOT_PRODUCTION_EXACT
00935,野村臺灣新科技50,2026-06-15,A,P3_SURVIVAL_ONLY,True,False,False,False,False,NEUTRAL,2.629416598192269,RECONSTRUCTED_NOT_PRODUCTION_EXACT
00939,統一台灣高息動能,2026-06-15,A,P3_SURVIVAL_ONLY,True,False,False,True,True,NEUTRAL,0.8932769158439102,RECONSTRUCTED_NOT_PRODUCTION_EXACT
00941,中信上游半導體,2026-06-15,A,P3_SURVIVAL_ONLY,True,False,False,False,False,NEUTRAL,4.163750874737593,RECONSTRUCTED_NOT_PRODUCTION_EXACT
00944,野村趨勢動能高息,2026-06-15,A,P3_SURVIVAL_ONLY,True,False,False,True,True,NEUTRAL,4.260299625468167,RECONSTRUCTED_NOT_PRODUCTION_EXACT
00947,台新臺灣IC設計,2026-06-15,A,P3_SURVIVAL_ONLY,True,False,False,False,False,NEUTRAL,2.6125193998965512,RECONSTRUCTED_NOT_PRODUCTION_EXACT
00951,台新日本半導體,2026-06-15,A,P3_SURVIVAL_ONLY,True,False,False,False,False,NEUTRAL,6.278481012658221,RECONSTRUCTED_NOT_PRODUCTION_EXACT
00954,中信日本半導體,2026-06-15,A,P3_SURVIVAL_ONLY,True,False,False,False,False,NEUTRAL,6.166982922201147,RECONSTRUCTED_NOT_PRODUCTION_EXACT
009802,富邦旗艦50,2026-06-15,A,P3_SURVIVAL_ONLY,True,False,False,False,False,NEUTRAL,-2.5602409638554313,RECONSTRUCTED_NOT_PRODUCTION_EXACT
009804,聯邦台精彩50,2026-06-15,A,P3_SURVIVAL_ONLY,True,False,False,False,False,NEUTRAL,2.408111533586798,RECONSTRUCTED_NOT_PRODUCTION_EXACT
00988A,主動統一全球創新,2026-06-15,A,P3_SURVIVAL_ONLY,True,False,False,False,False,NEUTRAL,-0.3577817531305816,RECONSTRUCTED_NOT_PRODUCTION_EXACT
00990A,主動元大AI新經濟,2026-06-15,A,P3_SURVIVAL_ONLY,True,False,False,False,False,NEUTRAL,1.514411333659016,RECONSTRUCTED_NOT_PRODUCTION_EXACT
2891,中信金,2026-06-15,A,P3_SURVIVAL_ONLY,True,True,True,False,False,NEUTRAL,1.2838801711840375,RECONSTRUCTED_NOT_PRODUCTION_EXACT
3041,揚智,2026-06-15,A,P3_SURVIVAL_ONLY,True,True,True,False,False,NEUTRAL,5.9259259259259345,RECONSTRUCTED_NOT_PRODUCTION_EXACT
3044,健鼎,2026-06-15,A,P3_SURVIVAL_ONLY,True,True,True,False,False,NEUTRAL,-0.3846153846153832,RECONSTRUCTED_NOT_PRODUCTION_EXACT
4551,智伸科,2026-06-15,A,P3_SURVIVAL_ONLY,True,True,True,False,False,WINNER,34.730538922155695,RECONSTRUCTED_NOT_PRODUCTION_EXACT
4952,凌通,2026-06-15,A,P3_SURVIVAL_ONLY,True,True,True,False,False,NEUTRAL,-1.7094017094017144,RECONSTRUCTED_NOT_PRODUCTION_EXACT
5434,崇越,2026-06-15,A,P3_SURVIVAL_ONLY,True,True,True,False,False,WINNER,17.307692307692314,RECONSTRUCTED_NOT_PRODUCTION_EXACT
5471,松翰,2026-06-15,A,P3_SURVIVAL_ONLY,True,True,True,False,False,NEUTRAL,7.317073170731714,RECONSTRUCTED_NOT_PRODUCTION_EXACT
6191,精成科,2026-06-15,A,P3_SURVIVAL_ONLY,True,True,True,False,False,NEUTRAL,3.398058252427183,RECONSTRUCTED_NOT_PRODUCTION_EXACT
6202,盛群,2026-06-15,A,P3_SURVIVAL_ONLY,True,True,True,False,False,NEUTRAL,-0.1533742331288445,RECONSTRUCTED_NOT_PRODUCTION_EXACT
0052,富邦科技,2026-06-16,A,P3_SURVIVAL_ONLY,True,False,False,False,False,NEUTRAL,4.122877930476965,RECONSTRUCTED_NOT_PRODUCTION_EXACT
0053,元大電子,2026-06-16,A,P3_SURVIVAL_ONLY,True,False,False,False,False,NEUTRAL,3.3912324234904867,RECONSTRUCTED_NOT_PRODUCTION_EXACT
0057,富邦摩台,2026-06-16,A,P3_SURVIVAL_ONLY,True,False,False,False,False,NEUTRAL,3.327495621716281,RECONSTRUCTED_NOT_PRODUCTION_EXACT
00851,台新全球AI,2026-06-16,A,P3_SURVIVAL_ONLY,True,False,False,False,False,NEUTRAL,1.8280297901151157,RECONSTRUCTED_NOT_PRODUCTION_EXACT
00861,元大全球未來通訊,2026-06-16,A,P3_SURVIVAL_ONLY,True,False,False,False,False,NEUTRAL,1.5167364016736462,RECONSTRUCTED_NOT_PRODUCTION_EXACT
00881,國泰台灣科技龍頭,2026-06-16,A,P3_SURVIVAL_ONLY,True,False,False,False,False,NEUTRAL,1.823154056517784,RECONSTRUCTED_NOT_PRODUCTION_EXACT
00892,富邦台灣半導體,2026-06-16,A,P3_SURVIVAL_ONLY,True,False,False,False,False,NEUTRAL,3.2451655923538603,RECONSTRUCTED_NOT_PRODUCTION_EXACT
00893,國泰智能電動車,2026-06-16,A,P3_SURVIVAL_ONLY,True,False,False,False,False,NEUTRAL,-0.0841396718552767,RECONSTRUCTED_NOT_PRODUCTION_EXACT
00898,國泰基因免疫革命,2026-06-16,A,P3_SURVIVAL_ONLY,True,False,False,True,True,NEUTRAL,10.18957345971565,RECONSTRUCTED_NOT_PRODUCTION_EXACT
00911,兆豐洲際半導體,2026-06-16,A,P3_SURVIVAL_ONLY,True,False,False,False,False,NEUTRAL,2.4719101123595655,RECONSTRUCTED_NOT_PRODUCTION_EXACT
00913,兆豐台灣晶圓製造,2026-06-16,A,P3_SURVIVAL_ONLY,True,False,False,False,False,NEUTRAL,5.09615384615385,RECONSTRUCTED_NOT_PRODUCTION_EXACT
00922,國泰台灣領袖50,2026-06-16,A,P3_SURVIVAL_ONLY,True,False,False,False,False,NEUTRAL,3.532608695652173,RECONSTRUCTED_NOT_PRODUCTION_EXACT
009809,富邦淨零ESG50,2026-06-16,A,P3_SURVIVAL_ONLY,True,False,False,False,False,NEUTRAL,5.114942528735633,RECONSTRUCTED_NOT_PRODUCTION_EXACT
00980A,主動野村臺灣優選,2026-06-16,A,P3_SURVIVAL_ONLY,True,False,False,False,False,NEUTRAL,1.2601626016260026,RECONSTRUCTED_NOT_PRODUCTION_EXACT
009816,凱基台灣TOP50,2026-06-16,A,P3_SURVIVAL_ONLY,True,False,False,False,False,NEUTRAL,2.063185041908455,RECONSTRUCTED_NOT_PRODUCTION_EXACT
00983A,主動中信ARK創新,2026-06-16,A,P3_SURVIVAL_ONLY,True,False,False,False,False,NEUTRAL,3.433835845896138,RECONSTRUCTED_NOT_PRODUCTION_EXACT
00989A,主動摩根美國科技,2026-06-16,A,P3_SURVIVAL_ONLY,True,False,False,False,False,NEUTRAL,2.8322440087146017,RECONSTRUCTED_NOT_PRODUCTION_EXACT
00991A,主動復華未來50,2026-06-16,A,P3_SURVIVAL_ONLY,True,False,False,False,False,NEUTRAL,5.191532258064524,RECONSTRUCTED_NOT_PRODUCTION_EXACT
00995A,主動中信台灣卓越,2026-06-16,A,P3_SURVIVAL_ONLY,True,False,False,False,False,NEUTRAL,2.839643652561241,RECONSTRUCTED_NOT_PRODUCTION_EXACT
1456,怡華,2026-06-16,A,P3_SURVIVAL_ONLY,True,True,True,True,True,NEUTRAL,-3.7800687285223455,RECONSTRUCTED_NOT_PRODUCTION_EXACT
2340,台亞,2026-06-16,A,P3_SURVIVAL_ONLY,True,True,True,False,False,LOSER,-10.10230179028133,RECONSTRUCTED_NOT_PRODUCTION_EXACT
00403A,主動統一升級50,2026-06-17,A,P3_SURVIVAL_ONLY,True,False,False,False,False,NEUTRAL,3.6279069767442,RECONSTRUCTED_NOT_PRODUCTION_EXACT
1301,台塑,2026-06-17,A,P3_SURVIVAL_ONLY,True,True,True,False,False,WINNER,24.504692387904072,RECONSTRUCTED_NOT_PRODUCTION_EXACT
1465,偉全,2026-06-17,A,P3_SURVIVAL_ONLY,True,True,True,True,True,NEUTRAL,1.2048192771084263,RECONSTRUCTED_NOT_PRODUCTION_EXACT
1515,力山,2026-06-17,A,P3_SURVIVAL_ONLY,True,True,True,False,False,WINNER,51.55642023346305,RECONSTRUCTED_NOT_PRODUCTION_EXACT
1531,高林股,2026-06-17,A,P3_SURVIVAL_ONLY,True,False,False,True,True,NEUTRAL,-0.3861003861003742,RECONSTRUCTED_NOT_PRODUCTION_EXACT
1541,錩泰,2026-06-17,A,P3_SURVIVAL_ONLY,True,True,True,False,False,NEUTRAL,-4.888888888888898,RECONSTRUCTED_NOT_PRODUCTION_EXACT
1802,台玻,2026-06-17,A,P3_SURVIVAL_ONLY,True,True,True,False,False,NEUTRAL,1.587301587301604,RECONSTRUCTED_NOT_PRODUCTION_EXACT
2402,毅嘉,2026-06-17,A,P3_SURVIVAL_ONLY,True,True,True,False,False,NEUTRAL,-4.090267983074758,RECONSTRUCTED_NOT_PRODUCTION_EXACT
2460,建通,2026-06-17,A,P3_SURVIVAL_ONLY,True,True,True,False,False,NEUTRAL,2.8169014084507005,RECONSTRUCTED_NOT_PRODUCTION_EXACT
2489,瑞軒,2026-06-17,A,P3_SURVIVAL_ONLY,True,True,True,False,False,LOSER,-14.40329218106996,RECONSTRUCTED_NOT_PRODUCTION_EXACT
2611,志信,2026-06-17,A,P3_SURVIVAL_ONLY,True,True,True,True,True,NEUTRAL,-2.135231316725983,RECONSTRUCTED_NOT_PRODUCTION_EXACT
3535,晶彩科,2026-06-17,A,P3_SURVIVAL_ONLY,True,True,True,False,False,LOSER,-14.12639405204461,RECONSTRUCTED_NOT_PRODUCTION_EXACT
4722,國精化,2026-06-17,A,P3_SURVIVAL_ONLY,True,True,True,False,False,NEUTRAL,4.924242424242431,RECONSTRUCTED_NOT_PRODUCTION_EXACT
5469,瀚宇博,2026-06-17,A,P3_SURVIVAL_ONLY,True,True,True,False,False,NEUTRAL,1.039260969976907,RECONSTRUCTED_NOT_PRODUCTION_EXACT
6213,聯茂,2026-06-17,A,P3_SURVIVAL_ONLY,True,True,True,False,False,WINNER,34.01869158878505,RECONSTRUCTED_NOT_PRODUCTION_EXACT
6472,保瑞,2026-06-17,A,P3_SURVIVAL_ONLY,True,True,True,True,True,NEUTRAL,4.7272727272727355,RECONSTRUCTED_NOT_PRODUCTION_EXACT
7786,東方風能,2026-06-17,A,P3_SURVIVAL_ONLY,True,True,True,False,False,NEUTRAL,-4.651162790697672,RECONSTRUCTED_NOT_PRODUCTION_EXACT
7795,長廣,2026-06-17,A,P3_SURVIVAL_ONLY,True,True,True,False,False,WINNER,52.75000000000001,RECONSTRUCTED_NOT_PRODUCTION_EXACT
8039,台虹,2026-06-17,A,P3_SURVIVAL_ONLY,True,True,True,False,False,NEUTRAL,1.3698630136986356,RECONSTRUCTED_NOT_PRODUCTION_EXACT
9136,巨騰-DR,2026-06-17,A,P3_SURVIVAL_ONLY,True,True,True,True,True,LOSER,-18.01801801801801,RECONSTRUCTED_NOT_PRODUCTION_EXACT
0051,元大中型100,2026-06-18,A,P3_SURVIVAL_ONLY,True,False,False,False,False,NEUTRAL,1.1171293161814422,RECONSTRUCTED_NOT_PRODUCTION_EXACT
00733,富邦臺灣中小,2026-06-18,A,P3_SURVIVAL_ONLY,True,False,False,False,False,NEUTRAL,0.575079872204487,RECONSTRUCTED_NOT_PRODUCTION_EXACT
00762,元大全球AI,2026-06-18,A,P3_SURVIVAL_ONLY,True,False,False,False,False,LOSER,-6.450287592440429,RECONSTRUCTED_NOT_PRODUCTION_EXACT
00896,中信綠能及電動車,2026-06-18,A,P3_SURVIVAL_ONLY,True,False,False,False,False,NEUTRAL,1.2155881301394444,RECONSTRUCTED_NOT_PRODUCTION_EXACT
00946,群益科技高息成長,2026-06-18,A,P3_SURVIVAL_ONLY,True,False,False,True,True,NEUTRAL,1.9480519480519431,RECONSTRUCTED_NOT_PRODUCTION_EXACT
009803,玉山市值動能50,2026-06-18,A,P3_SURVIVAL_ONLY,True,False,False,False,False,NEUTRAL,-0.0910332271279013,RECONSTRUCTED_NOT_PRODUCTION_EXACT
009808,華南永昌優選50,2026-06-18,A,P3_SURVIVAL_ONLY,True,False,False,False,False,NEUTRAL,0.0,RECONSTRUCTED_NOT_PRODUCTION_EXACT
00982A,主動群益台灣強棒,2026-06-18,A,P3_SURVIVAL_ONLY,True,False,False,False,False,NEUTRAL,2.7386226339106035,RECONSTRUCTED_NOT_PRODUCTION_EXACT
00993A,主動安聯台灣,2026-06-18,A,P3_SURVIVAL_ONLY,True,False,False,False,False,NEUTRAL,0.7697690692792358,RECONSTRUCTED_NOT_PRODUCTION_EXACT
00639,富邦深100,2026-06-22,A,P3_SURVIVAL_ONLY,True,False,False,False,False,NEUTRAL,-4.283447911158111,RECONSTRUCTED_NOT_PRODUCTION_EXACT
1905,華紙,2026-06-22,A,P3_SURVIVAL_ONLY,True,True,True,True,True,LOSER,-8.6720867208672,RECONSTRUCTED_NOT_PRODUCTION_EXACT
2415,錩新,2026-06-22,A,P3_SURVIVAL_ONLY,True,True,True,True,True,WINNER,37.45874587458744,RECONSTRUCTED_NOT_PRODUCTION_EXACT
6919,康霈*,2026-06-22,A,P3_SURVIVAL_ONLY,True,True,True,False,False,LOSER,-16.317991631799167,RECONSTRUCTED_NOT_PRODUCTION_EXACT
8072,陞泰,2026-06-22,A,P3_SURVIVAL_ONLY,True,True,True,False,False,LOSER,-6.240000000000001,RECONSTRUCTED_NOT_PRODUCTION_EXACT
1437,勤益控,2026-06-23,A,P3_SURVIVAL_ONLY,True,True,True,True,True,NEUTRAL,2.4958402662229595,RECONSTRUCTED_NOT_PRODUCTION_EXACT
1529,樂事綠能,2026-06-23,A,P3_SURVIVAL_ONLY,True,True,True,True,True,NEUTRAL,-1.7429193899782036,RECONSTRUCTED_NOT_PRODUCTION_EXACT
1535,中宇,2026-06-23,A,P3_SURVIVAL_ONLY,True,True,True,True,True,NEUTRAL,0.2000000000000001,RECONSTRUCTED_NOT_PRODUCTION_EXACT
2330,台積電,2026-06-23,A,P3_SURVIVAL_ONLY,True,True,True,False,False,NEUTRAL,-2.008032128514059,RECONSTRUCTED_NOT_PRODUCTION_EXACT
2399,映泰,2026-06-23,A,P3_SURVIVAL_ONLY,True,True,True,False,False,NEUTRAL,-2.7504911591355596,RECONSTRUCTED_NOT_PRODUCTION_EXACT
2466,冠西電,2026-06-23,A,P3_SURVIVAL_ONLY,True,True,True,True,True,WINNER,64.47602131438721,RECONSTRUCTED_NOT_PRODUCTION_EXACT
2634,漢翔,2026-06-23,A,P3_SURVIVAL_ONLY,True,False,False,False,False,WINNER,17.50503018108651,RECONSTRUCTED_NOT_PRODUCTION_EXACT
2646,星宇航空,2026-06-23,A,P3_SURVIVAL_ONLY,True,False,False,True,True,NEUTRAL,-0.4672897196261627,RECONSTRUCTED_NOT_PRODUCTION_EXACT
2832,台產,2026-06-23,A,P3_SURVIVAL_ONLY,True,True,True,False,False,NEUTRAL,0.3546099290780091,RECONSTRUCTED_NOT_PRODUCTION_EXACT
3530,晶相光,2026-06-23,A,P3_SURVIVAL_ONLY,True,True,True,False,False,LOSER,-8.831521739130432,RECONSTRUCTED_NOT_PRODUCTION_EXACT
3712,永崴投控,2026-06-23,A,P3_SURVIVAL_ONLY,True,True,True,False,False,NEUTRAL,-2.228412256267398,RECONSTRUCTED_NOT_PRODUCTION_EXACT
5283,禾聯碩,2026-06-23,A,P3_SURVIVAL_ONLY,True,True,True,True,True,LOSER,-6.445993031358876,RECONSTRUCTED_NOT_PRODUCTION_EXACT
6243,迅杰,2026-06-23,A,P3_SURVIVAL_ONLY,True,True,True,False,False,NEUTRAL,-5.421686746987953,RECONSTRUCTED_NOT_PRODUCTION_EXACT
6257,矽格,2026-06-23,A,P3_SURVIVAL_ONLY,True,True,True,False,False,NEUTRAL,2.1097046413502074,RECONSTRUCTED_NOT_PRODUCTION_EXACT
6573,虹揚-KY,2026-06-23,A,P3_SURVIVAL_ONLY,True,True,True,False,False,WINNER,28.132992327365724,RECONSTRUCTED_NOT_PRODUCTION_EXACT
6715,嘉基,2026-06-23,A,P3_SURVIVAL_ONLY,True,True,True,False,False,LOSER,-20.562390158172228,RECONSTRUCTED_NOT_PRODUCTION_EXACT
8046,南電,2026-06-23,A,P3_SURVIVAL_ONLY,True,True,True,False,False,WINNER,13.311331133113312,RECONSTRUCTED_NOT_PRODUCTION_EXACT
8438,昶昕,2026-06-23,A,P3_SURVIVAL_ONLY,True,True,True,False,False,NEUTRAL,-3.861386138613865,RECONSTRUCTED_NOT_PRODUCTION_EXACT
9930,中聯資源,2026-06-23,A,P3_SURVIVAL_ONLY,True,True,True,False,False,LOSER,-9.985734664764612,RECONSTRUCTED_NOT_PRODUCTION_EXACT
9940,信義,2026-06-23,A,P3_SURVIVAL_ONLY,True,False,False,False,False,NEUTRAL,2.0779220779220786,RECONSTRUCTED_NOT_PRODUCTION_EXACT
1216,統一,2026-06-24,A,P3_SURVIVAL_ONLY,True,True,True,True,True,NEUTRAL,4.6604527296937315,RECONSTRUCTED_NOT_PRODUCTION_EXACT
1234,黑松,2026-06-24,A,P3_SURVIVAL_ONLY,True,True,True,True,True,NEUTRAL,-5.832147937411092,RECONSTRUCTED_NOT_PRODUCTION_EXACT
1236,宏亞,2026-06-24,A,P3_SURVIVAL_ONLY,True,True,True,True,True,NEUTRAL,1.9379844961240345,RECONSTRUCTED_NOT_PRODUCTION_EXACT
1310,台苯,2026-06-24,A,P3_SURVIVAL_ONLY,True,True,True,False,False,NEUTRAL,11.278952668680777,RECONSTRUCTED_NOT_PRODUCTION_EXACT
1315,達新,2026-06-24,A,P3_SURVIVAL_ONLY,True,True,True,True,True,NEUTRAL,2.4077046548956593,RECONSTRUCTED_NOT_PRODUCTION_EXACT
1449,佳和,2026-06-24,A,P3_SURVIVAL_ONLY,True,True,True,False,False,LOSER,-6.688963210702337,RECONSTRUCTED_NOT_PRODUCTION_EXACT
1475,業旺,2026-06-24,A,P3_SURVIVAL_ONLY,True,True,True,False,False,NEUTRAL,0.7407407407407307,RECONSTRUCTED_NOT_PRODUCTION_EXACT
2352,佳世達,2026-06-24,A,P3_SURVIVAL_ONLY,True,True,True,True,True,WINNER,12.418300653594772,RECONSTRUCTED_NOT_PRODUCTION_EXACT
2539,櫻花建,2026-06-24,A,P3_SURVIVAL_ONLY,True,True,True,False,False,NEUTRAL,0.127877237851659,RECONSTRUCTED_NOT_PRODUCTION_EXACT
2910,統領,2026-06-24,A,P3_SURVIVAL_ONLY,True,True,True,True,True,NEUTRAL,-3.3039647577092546,RECONSTRUCTED_NOT_PRODUCTION_EXACT
3588,通嘉,2026-06-24,A,P3_SURVIVAL_ONLY,True,True,True,False,False,LOSER,-10.408432147562586,RECONSTRUCTED_NOT_PRODUCTION_EXACT
4119,旭富,2026-06-24,A,P3_SURVIVAL_ONLY,True,True,True,False,False,NEUTRAL,1.1299435028248483,RECONSTRUCTED_NOT_PRODUCTION_EXACT
4164,承業醫,2026-06-24,A,P3_SURVIVAL_ONLY,True,True,True,False,False,NEUTRAL,-5.237315875613757,RECONSTRUCTED_NOT_PRODUCTION_EXACT
4169,泰宗,2026-06-24,A,P3_SURVIVAL_ONLY,True,True,True,True,True,WINNER,44.55958549222798,RECONSTRUCTED_NOT_PRODUCTION_EXACT
6505,台塑化,2026-06-24,A,P3_SURVIVAL_ONLY,True,True,True,False,False,NEUTRAL,7.608695652173902,RECONSTRUCTED_NOT_PRODUCTION_EXACT
6909,創控,2026-06-24,A,P3_SURVIVAL_ONLY,True,True,True,False,False,LOSER,-12.74834437086092,RECONSTRUCTED_NOT_PRODUCTION_EXACT
7799,禾榮科,2026-06-24,A,P3_SURVIVAL_ONLY,True,True,True,False,False,NEUTRAL,7.021791767554486,RECONSTRUCTED_NOT_PRODUCTION_EXACT
9944,新麗,2026-06-24,A,P3_SURVIVAL_ONLY,True,True,True,True,True,NEUTRAL,0.0,RECONSTRUCTED_NOT_PRODUCTION_EXACT
Plastics,塑膠類指數,2026-06-24,A,P3_SURVIVAL_ONLY,True,False,False,False,False,WINNER,13.321884200196266,RECONSTRUCTED_NOT_PRODUCTION_EXACT
00674R,期元大S&P黃金反1,2026-06-25,A,P3_SURVIVAL_ONLY,True,False,False,True,True,NEUTRAL,-1.9792342634652793,RECONSTRUCTED_NOT_PRODUCTION_EXACT
1313,聯成,2026-06-25,A,P3_SURVIVAL_ONLY,True,True,True,False,False,NEUTRAL,-0.3984063745020028,RECONSTRUCTED_NOT_PRODUCTION_EXACT
1709,和益,2026-06-25,A,P3_SURVIVAL_ONLY,True,True,True,False,False,WINNER,14.018691588785035,RECONSTRUCTED_NOT_PRODUCTION_EXACT
1725,元禎,2026-06-25,A,P3_SURVIVAL_ONLY,True,True,True,False,False,LOSER,-9.843081312410828,RECONSTRUCTED_NOT_PRODUCTION_EXACT
1776,展宇,2026-06-25,A,P3_SURVIVAL_ONLY,True,True,True,False,False,NEUTRAL,-2.0050125313283096,RECONSTRUCTED_NOT_PRODUCTION_EXACT
2103,台橡,2026-06-25,A,P3_SURVIVAL_ONLY,True,True,True,True,True,NEUTRAL,7.459207459207473,RECONSTRUCTED_NOT_PRODUCTION_EXACT
2107,厚生,2026-06-25,A,P3_SURVIVAL_ONLY,True,True,True,True,True,NEUTRAL,-1.1583011583011449,RECONSTRUCTED_NOT_PRODUCTION_EXACT
2458,義隆,2026-06-25,A,P3_SURVIVAL_ONLY,True,True,True,False,False,NEUTRAL,1.9444444444444375,RECONSTRUCTED_NOT_PRODUCTION_EXACT
3591,艾笛森,2026-06-25,A,P3_SURVIVAL_ONLY,True,True,True,True,True,LOSER,-6.238532110091743,RECONSTRUCTED_NOT_PRODUCTION_EXACT
4306,炎洲,2026-06-25,A,P3_SURVIVAL_ONLY,True,True,True,True,True,NEUTRAL,-2.515723270440251,RECONSTRUCTED_NOT_PRODUCTION_EXACT
4414,如興,2026-06-25,A,P3_SURVIVAL_ONLY,True,True,True,True,True,NEUTRAL,1.5116279069767424,RECONSTRUCTED_NOT_PRODUCTION_EXACT
5880,合庫金,2026-06-25,A,P3_SURVIVAL_ONLY,True,True,True,True,True,NEUTRAL,0.1992031872509736,RECONSTRUCTED_NOT_PRODUCTION_EXACT
6582,申豐,2026-06-25,A,P3_SURVIVAL_ONLY,True,True,True,True,True,NEUTRAL,-0.3039513677811634,RECONSTRUCTED_NOT_PRODUCTION_EXACT
8464,億豐,2026-06-25,A,P3_SURVIVAL_ONLY,True,True,True,True,True,NEUTRAL,1.265822784810133,RECONSTRUCTED_NOT_PRODUCTION_EXACT
2516,新建,2026-06-26,A,P3_SURVIVAL_ONLY,True,True,False,True,True,NEUTRAL,0.0,RECONSTRUCTED_NOT_PRODUCTION_EXACT
2527,宏璟,2026-06-26,A,P3_SURVIVAL_ONLY,True,True,False,True,True,WINNER,13.135068153655505,RECONSTRUCTED_NOT_PRODUCTION_EXACT
2633,台灣高鐵,2026-06-26,A,P3_SURVIVAL_ONLY,True,True,False,True,True,NEUTRAL,1.5355086372360829,RECONSTRUCTED_NOT_PRODUCTION_EXACT
2706,第一店,2026-06-26,A,P3_SURVIVAL_ONLY,True,True,False,True,True,NEUTRAL,1.2096774193548487,RECONSTRUCTED_NOT_PRODUCTION_EXACT
2739,寒舍,2026-06-26,A,P3_SURVIVAL_ONLY,True,True,False,True,True,LOSER,-9.200000000000008,RECONSTRUCTED_NOT_PRODUCTION_EXACT
3717,聯嘉投控,2026-06-26,A,P3_SURVIVAL_ONLY,True,False,False,True,True,NEUTRAL,7.627118644067776,RECONSTRUCTED_NOT_PRODUCTION_EXACT
6168,宏齊,2026-06-26,A,P3_SURVIVAL_ONLY,False,True,True,False,False,LOSER,-6.280991735537189,RECONSTRUCTED_NOT_PRODUCTION_EXACT
6177,達麗,2026-06-26,A,P3_SURVIVAL_ONLY,True,True,False,True,True,NEUTRAL,0.9857612267250904,RECONSTRUCTED_NOT_PRODUCTION_EXACT
6743,安普新,2026-06-26,A,P3_SURVIVAL_ONLY,True,False,False,True,True,NEUTRAL,-2.568218298555369,RECONSTRUCTED_NOT_PRODUCTION_EXACT
7631,聚賢研發-創,2026-06-26,A,P3_SURVIVAL_ONLY,True,True,True,True,True,LOSER,-11.585365853658535,RECONSTRUCTED_NOT_PRODUCTION_EXACT
8033,雷虎,2026-06-26,A,P3_SURVIVAL_ONLY,True,True,True,True,True,WINNER,77.58007117437722,RECONSTRUCTED_NOT_PRODUCTION_EXACT
9914,美利達,2026-06-26,A,P3_SURVIVAL_ONLY,False,True,True,False,False,NEUTRAL,2.44565217391306,RECONSTRUCTED_NOT_PRODUCTION_EXACT
9921,巨大,2026-06-26,A,P3_SURVIVAL_ONLY,False,True,False,False,False,NEUTRAL,4.444444444444451,RECONSTRUCTED_NOT_PRODUCTION_EXACT
00638R,元大滬深300反1,2026-06-29,A,P3_SURVIVAL_ONLY,False,False,False,True,True,NEUTRAL,1.3595166163141936,RECONSTRUCTED_NOT_PRODUCTION_EXACT
00656R,國泰中國A50反1,2026-06-29,A,P3_SURVIVAL_ONLY,False,False,False,True,True,NEUTRAL,1.718213058419238,RECONSTRUCTED_NOT_PRODUCTION_EXACT
00671R,富邦NASDAQ反1,2026-06-29,A,P3_SURVIVAL_ONLY,False,False,False,True,True,NEUTRAL,-0.406504065040647,RECONSTRUCTED_NOT_PRODUCTION_EXACT
00712,復華富時不動產,2026-06-29,A,P3_SURVIVAL_ONLY,False,False,False,True,True,NEUTRAL,0.3420752565564511,RECONSTRUCTED_NOT_PRODUCTION_EXACT
1229,聯華,2026-06-29,A,P3_SURVIVAL_ONLY,False,True,False,True,True,LOSER,-6.323185011709609,RECONSTRUCTED_NOT_PRODUCTION_EXACT
1435,中福,2026-06-29,A,P3_SURVIVAL_ONLY,False,True,False,True,True,NEUTRAL,6.626506024096401,RECONSTRUCTED_NOT_PRODUCTION_EXACT
1626,艾美特-KY,2026-06-29,A,P3_SURVIVAL_ONLY,False,True,False,True,True,LOSER,-6.018518518518523,RECONSTRUCTED_NOT_PRODUCTION_EXACT
1736,喬山,2026-06-29,A,P3_SURVIVAL_ONLY,False,False,False,False,False,NEUTRAL,-0.7722007722007707,RECONSTRUCTED_NOT_PRODUCTION_EXACT
2236,百達-KY,2026-06-29,A,P3_SURVIVAL_ONLY,False,True,False,False,False,WINNER,14.28571428571428,RECONSTRUCTED_NOT_PRODUCTION_EXACT
2380,虹光,2026-06-29,A,P3_SURVIVAL_ONLY,False,True,False,False,False,LOSER,-12.325581395348827,RECONSTRUCTED_NOT_PRODUCTION_EXACT
2630,亞航,2026-06-29,A,P3_SURVIVAL_ONLY,False,True,False,False,False,WINNER,40.15748031496062,RECONSTRUCTED_NOT_PRODUCTION_EXACT
4560,強信-KY,2026-06-29,A,P3_SURVIVAL_ONLY,False,True,False,True,True,NEUTRAL,2.2900763358778553,RECONSTRUCTED_NOT_PRODUCTION_EXACT
6491,晶碩,2026-06-29,A,P3_SURVIVAL_ONLY,False,True,False,True,True,NEUTRAL,8.006042296072513,RECONSTRUCTED_NOT_PRODUCTION_EXACT
7803,雲象科技-創,2026-06-29,A,P3_SURVIVAL_ONLY,False,False,False,True,True,NEUTRAL,-3.433476394849788,RECONSTRUCTED_NOT_PRODUCTION_EXACT
9905,大華,2026-06-29,A,P3_SURVIVAL_ONLY,False,False,False,True,True,NEUTRAL,-3.294117647058825,RECONSTRUCTED_NOT_PRODUCTION_EXACT
0061,元大寶滬深,2026-06-30,A,P3_SURVIVAL_ONLY,False,False,False,False,False,NEUTRAL,-1.2090483619344838,RECONSTRUCTED_NOT_PRODUCTION_EXACT
006205,富邦上証,2026-06-30,A,P3_SURVIVAL_ONLY,True,False,False,True,True,NEUTRAL,-0.978053435114512,RECONSTRUCTED_NOT_PRODUCTION_EXACT
006206,元大上證50,2026-06-30,A,P3_SURVIVAL_ONLY,True,False,False,True,True,NEUTRAL,2.558691638090238,RECONSTRUCTED_NOT_PRODUCTION_EXACT
006207,復華滬深,2026-06-30,A,P3_SURVIVAL_ONLY,False,False,False,False,False,NEUTRAL,-1.7446932247746516,RECONSTRUCTED_NOT_PRODUCTION_EXACT
00648R,元大S&P500反1,2026-06-30,A,P3_SURVIVAL_ONLY,True,False,False,True,True,NEUTRAL,-0.990099009900991,RECONSTRUCTED_NOT_PRODUCTION_EXACT
00651R,復華香港反1,2026-06-30,A,P3_SURVIVAL_ONLY,True,False,False,True,True,LOSER,-7.8767123287671215,RECONSTRUCTED_NOT_PRODUCTION_EXACT
00652,富邦印度,2026-06-30,A,P3_SURVIVAL_ONLY,True,False,False,True,True,NEUTRAL,0.8479709267110724,RECONSTRUCTED_NOT_PRODUCTION_EXACT
00666R,富邦恒生國企反1,2026-06-30,A,P3_SURVIVAL_ONLY,True,False,False,True,True,LOSER,-8.463035019455244,RECONSTRUCTED_NOT_PRODUCTION_EXACT
00678,群益那斯達克生技,2026-06-30,A,P3_SURVIVAL_ONLY,True,False,False,True,True,NEUTRAL,-0.2972504334902037,RECONSTRUCTED_NOT_PRODUCTION_EXACT
00680L,元大美債20正2,2026-06-30,A,P3_SURVIVAL_ONLY,True,False,False,True,True,LOSER,-7.0637119113573394,RECONSTRUCTED_NOT_PRODUCTION_EXACT
00688L,國泰20年美債正2,2026-06-30,A,P3_SURVIVAL_ONLY,True,False,False,True,True,LOSER,-6.8340306834030695,RECONSTRUCTED_NOT_PRODUCTION_EXACT
00714,群益道瓊美國地產,2026-06-30,A,P3_SURVIVAL_ONLY,True,False,False,True,True,NEUTRAL,0.0,RECONSTRUCTED_NOT_PRODUCTION_EXACT
00739,元大MSCI A股,2026-06-30,A,P3_SURVIVAL_ONLY,True,False,False,True,True,NEUTRAL,-2.1841397849462485,RECONSTRUCTED_NOT_PRODUCTION_EXACT
00783,富邦中証500,2026-06-30,A,P3_SURVIVAL_ONLY,True,False,False,True,True,LOSER,-6.727444199937116,RECONSTRUCTED_NOT_PRODUCTION_EXACT
00865B,國泰US短期公債,2026-06-30,A,P3_SURVIVAL_ONLY,True,False,False,True,True,NEUTRAL,1.0923330585325577,RECONSTRUCTED_NOT_PRODUCTION_EXACT
00875,國泰網路資安,2026-06-30,A,P3_SURVIVAL_ONLY,False,False,False,False,False,NEUTRAL,8.83813306852035,RECONSTRUCTED_NOT_PRODUCTION_EXACT
00897,富邦基因免疫生技,2026-06-30,A,P3_SURVIVAL_ONLY,True,False,False,True,True,NEUTRAL,-1.5030946065428763,RECONSTRUCTED_NOT_PRODUCTION_EXACT
009805,台新美國電力基建,2026-06-30,A,P3_SURVIVAL_ONLY,True,False,False,True,True,NEUTRAL,-2.697947214076246,RECONSTRUCTED_NOT_PRODUCTION_EXACT
00983D,主動富邦複合收益,2026-06-30,A,P3_SURVIVAL_ONLY,True,False,False,True,True,NEUTRAL,-0.6849315068493178,RECONSTRUCTED_NOT_PRODUCTION_EXACT
3413,京鼎,2026-06-30,A,P3_SURVIVAL_ONLY,False,False,False,False,False,NEUTRAL,5.295007564296528,RECONSTRUCTED_NOT_PRODUCTION_EXACT
4155,訊映,2026-06-30,A,P3_SURVIVAL_ONLY,False,True,True,False,False,NEUTRAL,7.308970099667755,RECONSTRUCTED_NOT_PRODUCTION_EXACT
4934,太極,2026-06-30,A,P3_SURVIVAL_ONLY,False,True,False,False,False,LOSER,-8.695652173913038,RECONSTRUCTED_NOT_PRODUCTION_EXACT
00643,群益深証中小,2026-07-01,A,P3_SURVIVAL_ONLY,True,False,False,True,True,NEUTRAL,-4.270633397312862,RECONSTRUCTED_NOT_PRODUCTION_EXACT
00728,第一金工業30,2026-07-01,A,P3_SURVIVAL_ONLY,True,False,False,False,False,NEUTRAL,-2.4981074943224657,RECONSTRUCTED_NOT_PRODUCTION_EXACT
00938,凱基優選30,2026-07-01,A,P3_SURVIVAL_ONLY,True,False,False,False,False,NEUTRAL,1.0660106601065866,RECONSTRUCTED_NOT_PRODUCTION_EXACT
2345,智邦,2026-07-01,A,P3_SURVIVAL_ONLY,True,True,True,False,False,LOSER,-12.781954887218047,RECONSTRUCTED_NOT_PRODUCTION_EXACT
2429,銘旺科,2026-07-01,A,P3_SURVIVAL_ONLY,True,True,True,False,False,NEUTRAL,-1.5625,RECONSTRUCTED_NOT_PRODUCTION_EXACT
2433,互盛電,2026-07-01,A,P3_SURVIVAL_ONLY,True,False,False,True,True,LOSER,-6.249999999999989,RECONSTRUCTED_NOT_PRODUCTION_EXACT
2528,皇普,2026-07-01,A,P3_SURVIVAL_ONLY,True,True,True,False,False,NEUTRAL,-0.6696428571428492,RECONSTRUCTED_NOT_PRODUCTION_EXACT
3605,宏致,2026-07-01,A,P3_SURVIVAL_ONLY,True,True,True,False,False,NEUTRAL,-0.8177570093457764,RECONSTRUCTED_NOT_PRODUCTION_EXACT
8466,美吉吉-KY,2026-07-01,A,P3_SURVIVAL_ONLY,True,True,True,True,True,NEUTRAL,1.4285714285714235,RECONSTRUCTED_NOT_PRODUCTION_EXACT
9935,慶豐富,2026-07-01,A,P3_SURVIVAL_ONLY,True,False,False,True,True,NEUTRAL,-4.822335025380708,RECONSTRUCTED_NOT_PRODUCTION_EXACT
00981A,主動統一台股增長,2026-07-02,B,P3_SURVIVAL_ONLY,True,False,False,False,False,LOSER,-17.535101404056153,RECONSTRUCTED_NOT_PRODUCTION_EXACT
1417,嘉裕,2026-07-02,B,P3_SURVIVAL_ONLY,True,True,True,True,True,NEUTRAL,-5.621621621621619,RECONSTRUCTED_NOT_PRODUCTION_EXACT
1445,大宇,2026-07-02,B,P3_SURVIVAL_ONLY,True,True,True,True,True,LOSER,-8.097165991902832,RECONSTRUCTED_NOT_PRODUCTION_EXACT
1466,聚隆,2026-07-02,B,P3_SURVIVAL_ONLY,True,True,True,False,False,NEUTRAL,-4.201680672268903,RECONSTRUCTED_NOT_PRODUCTION_EXACT
1467,南緯,2026-07-02,B,P3_SURVIVAL_ONLY,True,True,True,True,True,NEUTRAL,-1.4722536806342057,RECONSTRUCTED_NOT_PRODUCTION_EXACT
1474,弘裕,2026-07-02,B,P3_SURVIVAL_ONLY,True,True,True,True,True,NEUTRAL,0.9661835748792312,RECONSTRUCTED_NOT_PRODUCTION_EXACT
1712,興農,2026-07-02,B,P3_SURVIVAL_ONLY,True,True,True,True,True,NEUTRAL,-1.8633540372670845,RECONSTRUCTED_NOT_PRODUCTION_EXACT
2109,華豐,2026-07-02,B,P3_SURVIVAL_ONLY,True,True,True,True,True,NEUTRAL,-0.6802721088435382,RECONSTRUCTED_NOT_PRODUCTION_EXACT
2351,順德,2026-07-02,B,P3_SURVIVAL_ONLY,True,True,True,False,False,LOSER,-19.01408450704225,RECONSTRUCTED_NOT_PRODUCTION_EXACT
2467,志聖,2026-07-02,B,P3_SURVIVAL_ONLY,True,True,True,False,False,LOSER,-15.197568389057746,RECONSTRUCTED_NOT_PRODUCTION_EXACT
2476,鉅祥,2026-07-02,B,P3_SURVIVAL_ONLY,True,True,True,True,True,LOSER,-11.567164179104472,RECONSTRUCTED_NOT_PRODUCTION_EXACT
3443,創意,2026-07-02,B,P3_SURVIVAL_ONLY,True,True,True,False,False,LOSER,-28.04878048780488,RECONSTRUCTED_NOT_PRODUCTION_EXACT
3661,世芯-KY,2026-07-02,B,P3_SURVIVAL_ONLY,True,True,True,False,False,LOSER,-28.9070480081716,RECONSTRUCTED_NOT_PRODUCTION_EXACT
4572,駐龍,2026-07-02,B,P3_SURVIVAL_ONLY,True,True,True,True,True,NEUTRAL,-2.0270270270270285,RECONSTRUCTED_NOT_PRODUCTION_EXACT
4771,望隼,2026-07-02,B,P3_SURVIVAL_ONLY,True,True,True,True,True,NEUTRAL,-2.977667493796521,RECONSTRUCTED_NOT_PRODUCTION_EXACT
6515,穎崴,2026-07-02,B,P3_SURVIVAL_ONLY,True,True,True,False,False,LOSER,-34.962406015037594,RECONSTRUCTED_NOT_PRODUCTION_EXACT
6525,捷敏-KY,2026-07-02,B,P3_SURVIVAL_ONLY,True,True,True,False,False,NEUTRAL,3.603603603603611,RECONSTRUCTED_NOT_PRODUCTION_EXACT
6753,龍德造船,2026-07-02,B,P3_SURVIVAL_ONLY,True,False,False,False,False,NEUTRAL,-0.7142857142857117,RECONSTRUCTED_NOT_PRODUCTION_EXACT
1217,愛之味,2026-07-03,B,P3_SURVIVAL_ONLY,True,True,True,True,True,NEUTRAL,-1.9704433497537033,RECONSTRUCTED_NOT_PRODUCTION_EXACT
1304,台聚,2026-07-03,B,P3_SURVIVAL_ONLY,True,True,True,False,False,LOSER,-16.451612903225808,RECONSTRUCTED_NOT_PRODUCTION_EXACT
1321,大洋,2026-07-03,B,P3_SURVIVAL_ONLY,True,True,True,False,False,NEUTRAL,0.3134796238244641,RECONSTRUCTED_NOT_PRODUCTION_EXACT
1452,宏益,2026-07-03,B,P3_SURVIVAL_ONLY,True,True,True,True,True,NEUTRAL,-3.765690376569031,RECONSTRUCTED_NOT_PRODUCTION_EXACT
1464,得力,2026-07-03,B,P3_SURVIVAL_ONLY,True,True,True,True,True,NEUTRAL,-5.000000000000004,RECONSTRUCTED_NOT_PRODUCTION_EXACT
1702,南僑,2026-07-03,B,P3_SURVIVAL_ONLY,True,True,True,True,True,NEUTRAL,4.147465437788034,RECONSTRUCTED_NOT_PRODUCTION_EXACT
1717,長興,2026-07-03,B,P3_SURVIVAL_ONLY,True,True,True,False,False,LOSER,-23.89705882352941,RECONSTRUCTED_NOT_PRODUCTION_EXACT
2231,為升,2026-07-03,B,P3_SURVIVAL_ONLY,True,True,True,False,False,LOSER,-9.704641350210974,RECONSTRUCTED_NOT_PRODUCTION_EXACT
2617,台航,2026-07-03,B,P3_SURVIVAL_ONLY,True,True,True,True,True,LOSER,-6.065573770491806,RECONSTRUCTED_NOT_PRODUCTION_EXACT
3518,柏騰,2026-07-03,B,P3_SURVIVAL_ONLY,True,True,True,False,False,LOSER,-27.922971114167815,RECONSTRUCTED_NOT_PRODUCTION_EXACT
4989,榮科,2026-07-03,B,P3_SURVIVAL_ONLY,True,False,False,False,False,LOSER,-41.26696832579185,RECONSTRUCTED_NOT_PRODUCTION_EXACT
6477,安集,2026-07-03,B,P3_SURVIVAL_ONLY,True,True,True,False,False,NEUTRAL,11.111111111111116,RECONSTRUCTED_NOT_PRODUCTION_EXACT
7818,溢泰實業,2026-07-03,B,P3_SURVIVAL_ONLY,True,True,True,True,True,NEUTRAL,-0.2906976744186051,RECONSTRUCTED_NOT_PRODUCTION_EXACT
9911,櫻花,2026-07-03,B,P3_SURVIVAL_ONLY,True,True,True,True,True,NEUTRAL,-2.347417840375587,RECONSTRUCTED_NOT_PRODUCTION_EXACT
1256,鮮活果汁-KY,2026-07-06,B,P3_SURVIVAL_ONLY,True,True,True,True,True,LOSER,-7.0351758793969825,RECONSTRUCTED_NOT_PRODUCTION_EXACT
1339,昭輝,2026-07-06,B,P3_SURVIVAL_ONLY,True,True,True,True,True,NEUTRAL,-0.660066006600668,RECONSTRUCTED_NOT_PRODUCTION_EXACT
1604,聲寶,2026-07-06,B,P3_SURVIVAL_ONLY,True,True,True,True,True,NEUTRAL,-1.0504201680672232,RECONSTRUCTED_NOT_PRODUCTION_EXACT
1721,三晃,2026-07-06,B,P3_SURVIVAL_ONLY,True,True,True,False,False,LOSER,-29.259896729776248,RECONSTRUCTED_NOT_PRODUCTION_EXACT
1727,中華化,2026-07-06,B,P3_SURVIVAL_ONLY,True,True,True,False,False,LOSER,-19.901477832512317,RECONSTRUCTED_NOT_PRODUCTION_EXACT
1760,寶齡富錦,2026-07-06,B,P3_SURVIVAL_ONLY,True,True,True,True,True,LOSER,-6.676783004552355,RECONSTRUCTED_NOT_PRODUCTION_EXACT
1773,勝一,2026-07-06,B,P3_SURVIVAL_ONLY,True,True,True,False,False,LOSER,-8.378378378378383,RECONSTRUCTED_NOT_PRODUCTION_EXACT
1783,和康生,2026-07-06,B,P3_SURVIVAL_ONLY,True,True,True,True,True,NEUTRAL,-1.1083743842364546,RECONSTRUCTED_NOT_PRODUCTION_EXACT
2012,春雨,2026-07-06,B,P3_SURVIVAL_ONLY,True,True,True,False,False,NEUTRAL,-4.242424242424237,RECONSTRUCTED_NOT_PRODUCTION_EXACT
2033,佳大,2026-07-06,B,P3_SURVIVAL_ONLY,True,True,True,False,False,LOSER,-7.62195121951218,RECONSTRUCTED_NOT_PRODUCTION_EXACT
2104,國際中橡,2026-07-06,B,P3_SURVIVAL_ONLY,True,True,True,False,False,LOSER,-8.771929824561408,RECONSTRUCTED_NOT_PRODUCTION_EXACT
2885,元大金,2026-07-06,B,P3_SURVIVAL_ONLY,True,True,True,False,False,LOSER,-10.380116959064337,RECONSTRUCTED_NOT_PRODUCTION_EXACT
3031,佰鴻,2026-07-06,B,P3_SURVIVAL_ONLY,True,True,True,False,False,LOSER,-26.51851851851852,RECONSTRUCTED_NOT_PRODUCTION_EXACT
6235,華孚,2026-07-06,B,P3_SURVIVAL_ONLY,True,True,True,False,False,LOSER,-14.909478168264112,RECONSTRUCTED_NOT_PRODUCTION_EXACT
6782,視陽,2026-07-06,B,P3_SURVIVAL_ONLY,True,True,True,False,False,LOSER,-6.714628297362113,RECONSTRUCTED_NOT_PRODUCTION_EXACT
6918,愛派司,2026-07-06,B,P3_SURVIVAL_ONLY,True,True,True,True,True,NEUTRAL,-3.443708609271512,RECONSTRUCTED_NOT_PRODUCTION_EXACT
9912,偉聯,2026-07-06,B,P3_SURVIVAL_ONLY,True,True,True,True,True,NEUTRAL,-0.7874015748031482,RECONSTRUCTED_NOT_PRODUCTION_EXACT
1419,新紡,2026-07-07,B,P3_SURVIVAL_ONLY,True,True,True,False,False,NEUTRAL,-0.1515151515151469,RECONSTRUCTED_NOT_PRODUCTION_EXACT
2034,允強,2026-07-07,B,P3_SURVIVAL_ONLY,True,True,True,True,True,NEUTRAL,-5.32687651331718,RECONSTRUCTED_NOT_PRODUCTION_EXACT
2208,台船,2026-07-07,B,P3_SURVIVAL_ONLY,True,False,False,False,False,NEUTRAL,3.076923076923088,RECONSTRUCTED_NOT_PRODUCTION_EXACT
2390,云辰,2026-07-07,B,P3_SURVIVAL_ONLY,True,True,True,False,False,LOSER,-12.355212355212352,RECONSTRUCTED_NOT_PRODUCTION_EXACT
2480,敦陽科,2026-07-07,B,P3_SURVIVAL_ONLY,True,True,True,True,True,NEUTRAL,-1.851851851851849,RECONSTRUCTED_NOT_PRODUCTION_EXACT
2901,欣欣,2026-07-07,B,P3_SURVIVAL_ONLY,True,True,True,False,False,NEUTRAL,1.2396694214876105,RECONSTRUCTED_NOT_PRODUCTION_EXACT
3545,敦泰,2026-07-07,B,P3_SURVIVAL_ONLY,True,False,False,False,False,LOSER,-11.908931698774085,RECONSTRUCTED_NOT_PRODUCTION_EXACT
4133,亞諾法,2026-07-07,B,P3_SURVIVAL_ONLY,True,True,True,True,True,NEUTRAL,2.1226415094339535,RECONSTRUCTED_NOT_PRODUCTION_EXACT
4438,廣越,2026-07-07,B,P3_SURVIVAL_ONLY,True,True,True,True,True,NEUTRAL,-2.8799999999999937,RECONSTRUCTED_NOT_PRODUCTION_EXACT
4576,大銀微系統,2026-07-07,B,P3_SURVIVAL_ONLY,True,True,True,False,False,LOSER,-11.210762331838565,RECONSTRUCTED_NOT_PRODUCTION_EXACT
4961,天鈺,2026-07-07,B,P3_SURVIVAL_ONLY,True,True,True,False,False,LOSER,-6.000000000000005,RECONSTRUCTED_NOT_PRODUCTION_EXACT
6201,亞弘電,2026-07-07,B,P3_SURVIVAL_ONLY,True,True,True,True,True,NEUTRAL,-0.3051881993896166,RECONSTRUCTED_NOT_PRODUCTION_EXACT
6416,瑞祺電通,2026-07-07,B,P3_SURVIVAL_ONLY,True,True,True,True,True,WINNER,16.483516483516492,RECONSTRUCTED_NOT_PRODUCTION_EXACT
6873,泓德能源-創,2026-07-07,B,P3_SURVIVAL_ONLY,True,True,True,False,False,NEUTRAL,-1.7937219730941756,RECONSTRUCTED_NOT_PRODUCTION_EXACT
1203,味王,2026-07-08,B,P3_SURVIVAL_ONLY,False,True,True,False,False,NEUTRAL,8.755760368663612,RECONSTRUCTED_NOT_PRODUCTION_EXACT
1416,廣豐,2026-07-08,B,P3_SURVIVAL_ONLY,True,True,True,True,True,NEUTRAL,0.0,RECONSTRUCTED_NOT_PRODUCTION_EXACT
2388,威盛,2026-07-08,B,P3_SURVIVAL_ONLY,False,False,False,False,False,NEUTRAL,-1.2113055181695698,RECONSTRUCTED_NOT_PRODUCTION_EXACT
2427,三商電,2026-07-08,B,P3_SURVIVAL_ONLY,False,False,False,False,False,LOSER,-9.197651663405091,RECONSTRUCTED_NOT_PRODUCTION_EXACT
3416,融程電,2026-07-08,B,P3_SURVIVAL_ONLY,False,True,False,False,False,NEUTRAL,-4.545454545454541,RECONSTRUCTED_NOT_PRODUCTION_EXACT
4178,永笙-KY,2026-07-08,B,P3_SURVIVAL_ONLY,False,True,False,False,False,NEUTRAL,-0.7792207792207684,RECONSTRUCTED_NOT_PRODUCTION_EXACT
4195,基米-創,2026-07-08,B,P3_SURVIVAL_ONLY,True,True,True,True,True,LOSER,-7.954545454545469,RECONSTRUCTED_NOT_PRODUCTION_EXACT
5269,祥碩,2026-07-08,B,P3_SURVIVAL_ONLY,False,False,False,False,False,LOSER,-7.868852459016395,RECONSTRUCTED_NOT_PRODUCTION_EXACT
6794,向榮生技-創,2026-07-08,B,P3_SURVIVAL_ONLY,False,True,False,False,False,NEUTRAL,-5.589307411907651,RECONSTRUCTED_NOT_PRODUCTION_EXACT
6934,心誠鎂,2026-07-08,B,P3_SURVIVAL_ONLY,False,True,True,False,False,NEUTRAL,8.42391304347827,RECONSTRUCTED_NOT_PRODUCTION_EXACT
8443,阿瘦,2026-07-08,B,P3_SURVIVAL_ONLY,True,True,False,True,True,NEUTRAL,-1.30434782608696,RECONSTRUCTED_NOT_PRODUCTION_EXACT
020037,元大金融高股息N,2026-07-09,B,P3_SURVIVAL_ONLY,False,False,False,False,False,NEUTRAL,0.7252946509519465,RECONSTRUCTED_NOT_PRODUCTION_EXACT
1536,和大,2026-07-09,B,P3_SURVIVAL_ONLY,False,True,False,True,True,LOSER,-7.454545454545459,RECONSTRUCTED_NOT_PRODUCTION_EXACT
1623,大東電,2026-07-09,B,P3_SURVIVAL_ONLY,False,True,False,False,False,NEUTRAL,-3.31125827814569,RECONSTRUCTED_NOT_PRODUCTION_EXACT
2431,聯昌,2026-07-09,B,P3_SURVIVAL_ONLY,False,False,False,False,False,LOSER,-6.550218340611358,RECONSTRUCTED_NOT_PRODUCTION_EXACT
2465,麗臺,2026-07-09,B,P3_SURVIVAL_ONLY,False,True,False,False,False,LOSER,-10.05586592178771,RECONSTRUCTED_NOT_PRODUCTION_EXACT
2486,一詮,2026-07-09,B,P3_SURVIVAL_ONLY,False,True,False,False,False,LOSER,-15.444015444015449,RECONSTRUCTED_NOT_PRODUCTION_EXACT
3005,神基,2026-07-09,B,P3_SURVIVAL_ONLY,False,False,False,False,False,NEUTRAL,0.8928571428571397,RECONSTRUCTED_NOT_PRODUCTION_EXACT
3015,全漢,2026-07-09,B,P3_SURVIVAL_ONLY,False,False,False,False,False,LOSER,-15.10903426791278,RECONSTRUCTED_NOT_PRODUCTION_EXACT
3617,碩天,2026-07-09,B,P3_SURVIVAL_ONLY,False,True,False,True,True,LOSER,-11.98347107438017,RECONSTRUCTED_NOT_PRODUCTION_EXACT
5258,虹堡,2026-07-09,B,P3_SURVIVAL_ONLY,False,True,False,False,False,NEUTRAL,-1.325757575757569,RECONSTRUCTED_NOT_PRODUCTION_EXACT
6176,瑞儀,2026-07-09,B,P3_SURVIVAL_ONLY,True,False,False,True,True,NEUTRAL,-2.759381898454749,RECONSTRUCTED_NOT_PRODUCTION_EXACT
6928,攸泰科技,2026-07-09,B,P3_SURVIVAL_ONLY,False,True,False,False,False,NEUTRAL,0.5628517823639934,RECONSTRUCTED_NOT_PRODUCTION_EXACT
7823,奧義賽博-KY創,2026-07-09,B,P3_SURVIVAL_ONLY,False,True,False,True,True,LOSER,-6.4189189189189255,RECONSTRUCTED_NOT_PRODUCTION_EXACT
1232,大統益,2026-07-13,C,P3_SURVIVAL_ONLY,True,True,False,True,True,,,RECONSTRUCTED_NOT_PRODUCTION_EXACT
1308,亞聚,2026-07-13,C,P3_SURVIVAL_ONLY,False,True,False,False,False,,,RECONSTRUCTED_NOT_PRODUCTION_EXACT
2101,南港,2026-07-13,C,P3_SURVIVAL_ONLY,True,False,False,True,True,,,RECONSTRUCTED_NOT_PRODUCTION_EXACT
2321,東訊,2026-07-13,C,P3_SURVIVAL_ONLY,False,True,False,False,False,,,RECONSTRUCTED_NOT_PRODUCTION_EXACT
2374,佳能,2026-07-13,C,P3_SURVIVAL_ONLY,False,True,False,False,False,,,RECONSTRUCTED_NOT_PRODUCTION_EXACT
2482,連宇,2026-07-13,C,P3_SURVIVAL_ONLY,True,True,False,True,True,,,RECONSTRUCTED_NOT_PRODUCTION_EXACT
3596,智易,2026-07-13,C,P3_SURVIVAL_ONLY,False,True,False,False,False,,,RECONSTRUCTED_NOT_PRODUCTION_EXACT
3694,海華,2026-07-13,C,P3_SURVIVAL_ONLY,False,True,False,False,False,,,RECONSTRUCTED_NOT_PRODUCTION_EXACT
4564,元翎,2026-07-13,C,P3_SURVIVAL_ONLY,False,True,False,False,False,,,RECONSTRUCTED_NOT_PRODUCTION_EXACT
4764,雙鍵,2026-07-13,C,P3_SURVIVAL_ONLY,False,True,False,False,False,,,RECONSTRUCTED_NOT_PRODUCTION_EXACT
6142,友勁,2026-07-13,C,P3_SURVIVAL_ONLY,False,True,False,False,False,,,RECONSTRUCTED_NOT_PRODUCTION_EXACT
6225,天瀚,2026-07-13,C,P3_SURVIVAL_ONLY,False,True,False,False,False,,,RECONSTRUCTED_NOT_PRODUCTION_EXACT
6533,晶心科,2026-07-13,C,P3_SURVIVAL_ONLY,False,True,False,False,False,,,RECONSTRUCTED_NOT_PRODUCTION_EXACT
6863,永道-KY,2026-07-13,C,P3_SURVIVAL_ONLY,True,True,False,True,True,,,RECONSTRUCTED_NOT_PRODUCTION_EXACT
6933,AMAX-KY,2026-07-13,C,P3_SURVIVAL_ONLY,False,True,False,False,False,,,RECONSTRUCTED_NOT_PRODUCTION_EXACT
8442,威宏-KY,2026-07-13,C,P3_SURVIVAL_ONLY,False,True,False,False,False,,,RECONSTRUCTED_NOT_PRODUCTION_EXACT
9925,新保,2026-07-13,C,P3_SURVIVAL_ONLY,True,False,False,True,True,,,RECONSTRUCTED_NOT_PRODUCTION_EXACT
9938,百和,2026-07-13,C,P3_SURVIVAL_ONLY,False,False,False,False,False,,,RECONSTRUCTED_NOT_PRODUCTION_EXACT
1410,南染,2026-07-14,C,P3_SURVIVAL_ONLY,False,True,False,True,True,,,RECONSTRUCTED_NOT_PRODUCTION_EXACT
1468,昶和,2026-07-14,C,P3_SURVIVAL_ONLY,True,True,False,True,True,,,RECONSTRUCTED_NOT_PRODUCTION_EXACT
1476,儒鴻,2026-07-14,C,P3_SURVIVAL_ONLY,True,True,False,True,True,,,RECONSTRUCTED_NOT_PRODUCTION_EXACT
1733,五鼎,2026-07-14,C,P3_SURVIVAL_ONLY,True,True,False,True,True,,,RECONSTRUCTED_NOT_PRODUCTION_EXACT
1734,杏輝,2026-07-14,C,P3_SURVIVAL_ONLY,True,True,False,True,True,,,RECONSTRUCTED_NOT_PRODUCTION_EXACT
2006,東和鋼鐵,2026-07-14,C,P3_SURVIVAL_ONLY,False,True,False,True,True,,,RECONSTRUCTED_NOT_PRODUCTION_EXACT
2023,燁輝,2026-07-14,C,P3_SURVIVAL_ONLY,False,True,False,True,True,,,RECONSTRUCTED_NOT_PRODUCTION_EXACT
2207,和泰車,2026-07-14,C,P3_SURVIVAL_ONLY,False,True,False,True,True,,,RECONSTRUCTED_NOT_PRODUCTION_EXACT
2704,國賓,2026-07-14,C,P3_SURVIVAL_ONLY,True,True,False,True,True,,,RECONSTRUCTED_NOT_PRODUCTION_EXACT
3702,大聯大,2026-07-14,C,P3_SURVIVAL_ONLY,False,True,False,True,True,,,RECONSTRUCTED_NOT_PRODUCTION_EXACT
4104,佳醫,2026-07-14,C,P3_SURVIVAL_ONLY,True,True,False,True,True,,,RECONSTRUCTED_NOT_PRODUCTION_EXACT
4106,雃博,2026-07-14,C,P3_SURVIVAL_ONLY,True,True,False,True,True,,,RECONSTRUCTED_NOT_PRODUCTION_EXACT
4736,泰博,2026-07-14,C,P3_SURVIVAL_ONLY,True,True,False,True,True,,,RECONSTRUCTED_NOT_PRODUCTION_EXACT
5306,桂盟,2026-07-14,C,P3_SURVIVAL_ONLY,False,True,False,True,True,,,RECONSTRUCTED_NOT_PRODUCTION_EXACT
5525,順天,2026-07-14,C,P3_SURVIVAL_ONLY,False,True,False,True,True,,,RECONSTRUCTED_NOT_PRODUCTION_EXACT
5538,東明-KY,2026-07-14,C,P3_SURVIVAL_ONLY,False,True,False,True,True,,,RECONSTRUCTED_NOT_PRODUCTION_EXACT
6534,正瀚-創,2026-07-14,C,P3_SURVIVAL_ONLY,True,True,False,True,True,,,RECONSTRUCTED_NOT_PRODUCTION_EXACT
8411,福貞-KY,2026-07-14,C,P3_SURVIVAL_ONLY,True,True,False,True,True,,,RECONSTRUCTED_NOT_PRODUCTION_EXACT
8462,柏文,2026-07-14,C,P3_SURVIVAL_ONLY,True,True,False,True,True,,,RECONSTRUCTED_NOT_PRODUCTION_EXACT
8481,政伸,2026-07-14,C,P3_SURVIVAL_ONLY,True,True,False,True,True,,,RECONSTRUCTED_NOT_PRODUCTION_EXACT
910322,康師傅-DR,2026-07-14,C,P3_SURVIVAL_ONLY,False,True,False,True,True,,,RECONSTRUCTED_NOT_PRODUCTION_EXACT
2015,豐興,2026-07-15,C,P3_SURVIVAL_ONLY,False,True,False,False,False,,,RECONSTRUCTED_NOT_PRODUCTION_EXACT
6464,台數科,2026-07-15,C,P3_SURVIVAL_ONLY,True,False,False,True,True,,,RECONSTRUCTED_NOT_PRODUCTION_EXACT
6598,ABC-KY,2026-07-15,C,P3_SURVIVAL_ONLY,False,True,False,False,False,,,RECONSTRUCTED_NOT_PRODUCTION_EXACT
6669,緯穎,2026-07-15,C,P3_SURVIVAL_ONLY,False,True,False,False,False,,,RECONSTRUCTED_NOT_PRODUCTION_EXACT
6887,寶綠特-KY,2026-07-15,C,P3_SURVIVAL_ONLY,False,True,False,False,False,,,RECONSTRUCTED_NOT_PRODUCTION_EXACT
8478,東哥遊艇,2026-07-15,C,P3_SURVIVAL_ONLY,False,True,False,False,False,,,RECONSTRUCTED_NOT_PRODUCTION_EXACT
8499,鼎炫-KY,2026-07-15,C,P3_SURVIVAL_ONLY,False,True,False,False,False,,,RECONSTRUCTED_NOT_PRODUCTION_EXACT
9927,泰銘,2026-07-15,C,P3_SURVIVAL_ONLY,True,True,False,True,True,,,RECONSTRUCTED_NOT_PRODUCTION_EXACT
00715L,期街口布蘭特正2,2026-07-16,C,P3_SURVIVAL_ONLY,False,False,False,False,False,,,RECONSTRUCTED_NOT_PRODUCTION_EXACT
00916,國泰全球品牌50,2026-07-16,C,P3_SURVIVAL_ONLY,True,False,False,True,True,,,RECONSTRUCTED_NOT_PRODUCTION_EXACT
1101,台泥,2026-07-16,C,P3_SURVIVAL_ONLY,False,True,False,True,True,,,RECONSTRUCTED_NOT_PRODUCTION_EXACT
1103,嘉泥,2026-07-16,C,P3_SURVIVAL_ONLY,True,True,False,True,True,,,RECONSTRUCTED_NOT_PRODUCTION_EXACT
1110,東泥,2026-07-16,C,P3_SURVIVAL_ONLY,False,True,False,False,False,,,RECONSTRUCTED_NOT_PRODUCTION_EXACT
1436,華友聯,2026-07-16,C,P3_SURVIVAL_ONLY,True,True,True,True,True,,,RECONSTRUCTED_NOT_PRODUCTION_EXACT
1439,雋揚,2026-07-16,C,P3_SURVIVAL_ONLY,False,True,True,False,False,,,RECONSTRUCTED_NOT_PRODUCTION_EXACT
1442,名軒,2026-07-16,C,P3_SURVIVAL_ONLY,True,True,True,True,True,,,RECONSTRUCTED_NOT_PRODUCTION_EXACT
1732,毛寶,2026-07-16,C,P3_SURVIVAL_ONLY,False,True,True,True,True,,,RECONSTRUCTED_NOT_PRODUCTION_EXACT
2459,敦吉,2026-07-16,C,P3_SURVIVAL_ONLY,True,True,False,True,True,,,RECONSTRUCTED_NOT_PRODUCTION_EXACT
2524,京城,2026-07-16,C,P3_SURVIVAL_ONLY,False,True,True,True,True,,,RECONSTRUCTED_NOT_PRODUCTION_EXACT
3266,昇陽,2026-07-16,C,P3_SURVIVAL_ONLY,False,True,True,True,True,,,RECONSTRUCTED_NOT_PRODUCTION_EXACT
6789,采鈺,2026-07-16,C,P3_SURVIVAL_ONLY,False,True,False,False,False,,,RECONSTRUCTED_NOT_PRODUCTION_EXACT
8404,百和興業-KY,2026-07-16,C,P3_SURVIVAL_ONLY,False,True,False,True,True,,,RECONSTRUCTED_NOT_PRODUCTION_EXACT
OilGasElectricity,油電燃氣類指數,2026-07-16,C,P3_SURVIVAL_ONLY,False,False,False,False,False,,,RECONSTRUCTED_NOT_PRODUCTION_EXACT
00632R,元大台灣50反1,2026-07-17,C,P3_SURVIVAL_ONLY,False,False,False,False,False,,,RECONSTRUCTED_NOT_PRODUCTION_EXACT
00642U,期元大S&P石油,2026-07-17,C,P3_SURVIVAL_ONLY,False,False,False,False,False,,,RECONSTRUCTED_NOT_PRODUCTION_EXACT
00664R,國泰臺灣加權反1,2026-07-17,C,P3_SURVIVAL_ONLY,False,False,False,True,True,,,RECONSTRUCTED_NOT_PRODUCTION_EXACT
00676R,富邦臺灣加權反1,2026-07-17,C,P3_SURVIVAL_ONLY,False,False,False,True,True,,,RECONSTRUCTED_NOT_PRODUCTION_EXACT
1201,味全,2026-07-17,C,P3_SURVIVAL_ONLY,False,True,False,True,True,,,RECONSTRUCTED_NOT_PRODUCTION_EXACT
1231,聯華食,2026-07-17,C,P3_SURVIVAL_ONLY,False,True,False,True,True,,,RECONSTRUCTED_NOT_PRODUCTION_EXACT
1323,永裕,2026-07-17,C,P3_SURVIVAL_ONLY,False,True,False,True,True,,,RECONSTRUCTED_NOT_PRODUCTION_EXACT
2008,高興昌,2026-07-17,C,P3_SURVIVAL_ONLY,False,True,False,False,False,,,RECONSTRUCTED_NOT_PRODUCTION_EXACT
2024,志聯,2026-07-17,C,P3_SURVIVAL_ONLY,False,True,False,True,True,,,RECONSTRUCTED_NOT_PRODUCTION_EXACT
2105,正新,2026-07-17,C,P3_SURVIVAL_ONLY,False,True,False,True,True,,,RECONSTRUCTED_NOT_PRODUCTION_EXACT
2115,六暉-KY,2026-07-17,C,P3_SURVIVAL_ONLY,False,True,False,False,False,,,RECONSTRUCTED_NOT_PRODUCTION_EXACT
2608,嘉里大榮,2026-07-17,C,P3_SURVIVAL_ONLY,False,True,False,False,False,,,RECONSTRUCTED_NOT_PRODUCTION_EXACT
2929,淘帝-KY,2026-07-17,C,P3_SURVIVAL_ONLY,False,True,False,False,False,,,RECONSTRUCTED_NOT_PRODUCTION_EXACT
3024,憶聲,2026-07-17,C,P3_SURVIVAL_ONLY,False,True,False,True,True,,,RECONSTRUCTED_NOT_PRODUCTION_EXACT
4582,聚恆-創,2026-07-17,C,P3_SURVIVAL_ONLY,False,True,False,False,False,,,RECONSTRUCTED_NOT_PRODUCTION_EXACT
6937,天虹,2026-07-17,C,P3_SURVIVAL_ONLY,False,True,False,False,False,,,RECONSTRUCTED_NOT_PRODUCTION_EXACT
00665L,富邦恒生國企正2,2026-07-20,C,P3_SURVIVAL_ONLY,False,False,False,False,False,,,RECONSTRUCTED_NOT_PRODUCTION_EXACT
00686R,群益臺灣加權反1,2026-07-20,C,P3_SURVIVAL_ONLY,False,False,False,False,False,,,RECONSTRUCTED_NOT_PRODUCTION_EXACT
1220,台榮,2026-07-20,C,P3_SURVIVAL_ONLY,False,True,False,False,False,,,RECONSTRUCTED_NOT_PRODUCTION_EXACT
1233,天仁,2026-07-20,C,P3_SURVIVAL_ONLY,False,True,False,True,True,,,RECONSTRUCTED_NOT_PRODUCTION_EXACT
1235,興泰,2026-07-20,C,P3_SURVIVAL_ONLY,False,True,False,True,True,,,RECONSTRUCTED_NOT_PRODUCTION_EXACT
1614,三洋電,2026-07-20,C,P3_SURVIVAL_ONLY,False,True,False,False,False,,,RECONSTRUCTED_NOT_PRODUCTION_EXACT
2762,世界健身-KY,2026-07-20,C,P3_SURVIVAL_ONLY,False,True,False,True,True,,,RECONSTRUCTED_NOT_PRODUCTION_EXACT
3679,新至陞,2026-07-20,C,P3_SURVIVAL_ONLY,False,True,False,False,False,,,RECONSTRUCTED_NOT_PRODUCTION_EXACT
4770,上品,2026-07-20,C,P3_SURVIVAL_ONLY,False,True,False,False,False,,,RECONSTRUCTED_NOT_PRODUCTION_EXACT
6281,全國電,2026-07-20,C,P3_SURVIVAL_ONLY,False,True,False,False,False,,,RECONSTRUCTED_NOT_PRODUCTION_EXACT
6969,成信實業*-創,2026-07-20,C,P3_SURVIVAL_ONLY,False,True,False,False,False,,,RECONSTRUCTED_NOT_PRODUCTION_EXACT
7740,熙特爾-創,2026-07-20,C,P3_SURVIVAL_ONLY,False,True,False,False,False,,,RECONSTRUCTED_NOT_PRODUCTION_EXACT
8367,建新國際,2026-07-20,C,P3_SURVIVAL_ONLY,False,True,False,False,False,,,RECONSTRUCTED_NOT_PRODUCTION_EXACT
9939,宏全,2026-07-20,C,P3_SURVIVAL_ONLY,False,True,False,False,False,,,RECONSTRUCTED_NOT_PRODUCTION_EXACT
00753L,中信中國50正2,2026-07-21,C,P3_SURVIVAL_ONLY,False,False,False,False,False,,,RECONSTRUCTED_NOT_PRODUCTION_EXACT
2029,盛餘,2026-07-21,C,P3_SURVIVAL_ONLY,False,True,False,True,True,,,RECONSTRUCTED_NOT_PRODUCTION_EXACT
2347,聯強,2026-07-21,C,P3_SURVIVAL_ONLY,False,False,False,False,False,,,RECONSTRUCTED_NOT_PRODUCTION_EXACT
8045,達運光電,2026-07-21,C,P3_SURVIVAL_ONLY,False,True,False,False,False,,,RECONSTRUCTED_NOT_PRODUCTION_EXACT
9103,美德醫療-DR,2026-07-21,C,P3_SURVIVAL_ONLY,False,True,False,False,False,,,RECONSTRUCTED_NOT_PRODUCTION_EXACT
9924,福興,2026-07-21,C,P3_SURVIVAL_ONLY,False,True,False,True,True,,,RECONSTRUCTED_NOT_PRODUCTION_EXACT
00636,國泰中國A50,2026-07-22,C,P3_SURVIVAL_ONLY,False,False,False,False,False,,,RECONSTRUCTED_NOT_PRODUCTION_EXACT
00669R,國泰美國道瓊反1,2026-07-22,C,P3_SURVIVAL_ONLY,False,False,False,True,True,,,RECONSTRUCTED_NOT_PRODUCTION_EXACT
00693U,期街口S&P黃豆,2026-07-22,C,P3_SURVIVAL_ONLY,False,False,False,True,True,,,RECONSTRUCTED_NOT_PRODUCTION_EXACT
00700,富邦恒生國企,2026-07-22,C,P3_SURVIVAL_ONLY,False,False,False,True,True,,,RECONSTRUCTED_NOT_PRODUCTION_EXACT
00702,國泰標普低波高息,2026-07-22,C,P3_SURVIVAL_ONLY,False,False,False,False,False,,,RECONSTRUCTED_NOT_PRODUCTION_EXACT
00709,富邦歐洲,2026-07-22,C,P3_SURVIVAL_ONLY,False,False,False,True,True,,,RECONSTRUCTED_NOT_PRODUCTION_EXACT
00710B,復華彭博非投等債,2026-07-22,C,P3_SURVIVAL_ONLY,False,False,False,True,True,,,RECONSTRUCTED_NOT_PRODUCTION_EXACT
00752,中信中國50,2026-07-22,C,P3_SURVIVAL_ONLY,False,False,False,True,True,,,RECONSTRUCTED_NOT_PRODUCTION_EXACT
00763U,期街口道瓊銅,2026-07-22,C,P3_SURVIVAL_ONLY,False,False,False,False,False,,,RECONSTRUCTED_NOT_PRODUCTION_EXACT
00917,中信特選金融,2026-07-22,C,P3_SURVIVAL_ONLY,False,False,False,False,False,,,RECONSTRUCTED_NOT_PRODUCTION_EXACT
00924,復華S&P500成長,2026-07-22,C,P3_SURVIVAL_ONLY,False,False,False,True,True,,,RECONSTRUCTED_NOT_PRODUCTION_EXACT
00926,凱基全球菁英55,2026-07-22,C,P3_SURVIVAL_ONLY,False,False,False,True,True,,,RECONSTRUCTED_NOT_PRODUCTION_EXACT
00945B,凱基美國非投等債,2026-07-22,C,P3_SURVIVAL_ONLY,False,False,False,False,False,,,RECONSTRUCTED_NOT_PRODUCTION_EXACT
00953B,群益優選非投等債,2026-07-22,C,P3_SURVIVAL_ONLY,False,False,False,True,True,,,RECONSTRUCTED_NOT_PRODUCTION_EXACT
00956,中信日經高股息,2026-07-22,C,P3_SURVIVAL_ONLY,False,False,False,False,False,,,RECONSTRUCTED_NOT_PRODUCTION_EXACT
00960,野村全球航運龍頭,2026-07-22,C,P3_SURVIVAL_ONLY,False,False,False,False,False,,,RECONSTRUCTED_NOT_PRODUCTION_EXACT
00961,FT臺灣永續高息,2026-07-22,C,P3_SURVIVAL_ONLY,False,False,False,False,False,,,RECONSTRUCTED_NOT_PRODUCTION_EXACT
00972,野村日本動能高息,2026-07-22,C,P3_SURVIVAL_ONLY,False,False,False,False,False,,,RECONSTRUCTED_NOT_PRODUCTION_EXACT
009810,玉山全球藍籌100,2026-07-22,C,P3_SURVIVAL_ONLY,False,False,False,True,True,,,RECONSTRUCTED_NOT_PRODUCTION_EXACT
009811,統一美國50,2026-07-22,C,P3_SURVIVAL_ONLY,False,False,False,True,True,,,RECONSTRUCTED_NOT_PRODUCTION_EXACT
009813,貝萊德標普卓越50,2026-07-22,C,P3_SURVIVAL_ONLY,False,False,False,True,True,,,RECONSTRUCTED_NOT_PRODUCTION_EXACT
009817,國泰日本不動產,2026-07-22,C,P3_SURVIVAL_ONLY,False,False,False,False,False,,,RECONSTRUCTED_NOT_PRODUCTION_EXACT
1463,強盛新,2026-07-22,C,P3_SURVIVAL_ONLY,False,True,False,False,False,,,RECONSTRUCTED_NOT_PRODUCTION_EXACT
3665,貿聯-KY,2026-07-22,C,P3_SURVIVAL_ONLY,False,True,False,False,False,,,RECONSTRUCTED_NOT_PRODUCTION_EXACT
3669,圓展,2026-07-22,C,P3_SURVIVAL_ONLY,False,True,False,False,False,,,RECONSTRUCTED_NOT_PRODUCTION_EXACT
00640L,富邦日本正2,2026-07-23,C,P3_SURVIVAL_ONLY,False,False,False,False,False,,,RECONSTRUCTED_NOT_PRODUCTION_EXACT
00650L,復華香港正2,2026-07-23,C,P3_SURVIVAL_ONLY,False,False,False,False,False,,,RECONSTRUCTED_NOT_PRODUCTION_EXACT
00882,中信中國高股息,2026-07-23,C,P3_SURVIVAL_ONLY,False,False,False,False,False,,,RECONSTRUCTED_NOT_PRODUCTION_EXACT
1325,恆大,2026-07-23,C,P3_SURVIVAL_ONLY,True,True,False,True,True,,,RECONSTRUCTED_NOT_PRODUCTION_EXACT
1418,東華,2026-07-23,C,P3_SURVIVAL_ONLY,False,False,False,False,False,,,RECONSTRUCTED_NOT_PRODUCTION_EXACT
6504,南六,2026-07-23,C,P3_SURVIVAL_ONLY,False,False,False,False,False,,,RECONSTRUCTED_NOT_PRODUCTION_EXACT
8271,宇瞻,2026-07-23,C,P3_SURVIVAL_ONLY,False,True,False,False,False,,,RECONSTRUCTED_NOT_PRODUCTION_EXACT
00681R,元大美債20反1,2026-07-24,C,P3_SURVIVAL_ONLY,False,False,False,False,False,,,RECONSTRUCTED_NOT_PRODUCTION_EXACT
2002,中鋼,2026-07-24,C,P3_SURVIVAL_ONLY,False,True,False,False,False,,,RECONSTRUCTED_NOT_PRODUCTION_EXACT
2385,群光,2026-07-24,C,P3_SURVIVAL_ONLY,True,True,False,True,True,,,RECONSTRUCTED_NOT_PRODUCTION_EXACT
2605,新興,2026-07-24,C,P3_SURVIVAL_ONLY,False,True,False,False,False,,,RECONSTRUCTED_NOT_PRODUCTION_EXACT
2609,陽明,2026-07-24,C,P3_SURVIVAL_ONLY,False,True,False,False,False,,,RECONSTRUCTED_NOT_PRODUCTION_EXACT
2616,山隆,2026-07-24,C,P3_SURVIVAL_ONLY,True,True,False,True,True,,,RECONSTRUCTED_NOT_PRODUCTION_EXACT
2701,萬企,2026-07-24,C,P3_SURVIVAL_ONLY,True,True,False,True,True,,,RECONSTRUCTED_NOT_PRODUCTION_EXACT
2712,遠雄來,2026-07-24,C,P3_SURVIVAL_ONLY,False,True,False,False,False,,,RECONSTRUCTED_NOT_PRODUCTION_EXACT
7765,中華資安,2026-07-24,C,P3_SURVIVAL_ONLY,True,True,False,True,True,,,RECONSTRUCTED_NOT_PRODUCTION_EXACT
9919,康那香,2026-07-24,C,P3_SURVIVAL_ONLY,False,True,False,False,False,,,RECONSTRUCTED_NOT_PRODUCTION_EXACT
020036,元大金融配息N,2026-06-11,A,P4_MARKET_PLUS_SURVIVAL,False,False,False,False,False,NEUTRAL,6.236323851203496,RECONSTRUCTED_NOT_PRODUCTION_EXACT
1227,佳格,2026-06-11,A,P4_MARKET_PLUS_SURVIVAL,False,True,True,True,False,NEUTRAL,0.6932409012131657,RECONSTRUCTED_NOT_PRODUCTION_EXACT
1438,三地開發,2026-06-11,A,P4_MARKET_PLUS_SURVIVAL,False,True,False,True,False,NEUTRAL,-5.197505197505192,RECONSTRUCTED_NOT_PRODUCTION_EXACT
1532,勤美,2026-06-11,A,P4_MARKET_PLUS_SURVIVAL,False,True,False,True,False,NEUTRAL,-2.1691973969631184,RECONSTRUCTED_NOT_PRODUCTION_EXACT
1714,和桐,2026-06-11,A,P4_MARKET_PLUS_SURVIVAL,False,True,False,False,False,WINNER,28.819444444444443,RECONSTRUCTED_NOT_PRODUCTION_EXACT
2313,華通,2026-06-11,A,P4_MARKET_PLUS_SURVIVAL,False,True,False,False,False,LOSER,-19.090909090909093,RECONSTRUCTED_NOT_PRODUCTION_EXACT
2355,敬鵬,2026-06-11,A,P4_MARKET_PLUS_SURVIVAL,False,True,False,False,False,LOSER,-11.925042589437815,RECONSTRUCTED_NOT_PRODUCTION_EXACT
2383,台光電,2026-06-11,A,P4_MARKET_PLUS_SURVIVAL,False,True,False,True,False,NEUTRAL,3.140333660451433,RECONSTRUCTED_NOT_PRODUCTION_EXACT
2723,美食-KY,2026-06-11,A,P4_MARKET_PLUS_SURVIVAL,False,True,True,True,False,NEUTRAL,-0.146412884333813,RECONSTRUCTED_NOT_PRODUCTION_EXACT
2905,三商,2026-06-11,A,P4_MARKET_PLUS_SURVIVAL,False,True,False,False,False,NEUTRAL,3.4965034965035,RECONSTRUCTED_NOT_PRODUCTION_EXACT
3003,健和興,2026-06-11,A,P4_MARKET_PLUS_SURVIVAL,False,True,False,True,False,NEUTRAL,-1.9402985074626788,RECONSTRUCTED_NOT_PRODUCTION_EXACT
3025,星通,2026-06-11,A,P4_MARKET_PLUS_SURVIVAL,False,False,False,False,False,NEUTRAL,-3.730272596843631,RECONSTRUCTED_NOT_PRODUCTION_EXACT
5388,中磊,2026-06-11,A,P4_MARKET_PLUS_SURVIVAL,False,False,False,False,False,LOSER,-11.03368176538908,RECONSTRUCTED_NOT_PRODUCTION_EXACT
5519,隆大,2026-06-11,A,P4_MARKET_PLUS_SURVIVAL,False,True,True,True,False,NEUTRAL,0.4431314623338123,RECONSTRUCTED_NOT_PRODUCTION_EXACT
5546,永固-KY,2026-06-11,A,P4_MARKET_PLUS_SURVIVAL,False,True,False,False,False,NEUTRAL,-5.000000000000004,RECONSTRUCTED_NOT_PRODUCTION_EXACT
6133,金橋,2026-06-11,A,P4_MARKET_PLUS_SURVIVAL,False,True,False,False,False,NEUTRAL,-5.054945054945048,RECONSTRUCTED_NOT_PRODUCTION_EXACT
6141,柏承,2026-06-11,A,P4_MARKET_PLUS_SURVIVAL,False,True,False,False,False,WINNER,23.417721518987335,RECONSTRUCTED_NOT_PRODUCTION_EXACT
6189,豐藝,2026-06-11,A,P4_MARKET_PLUS_SURVIVAL,False,True,False,False,False,NEUTRAL,-3.441682600382401,RECONSTRUCTED_NOT_PRODUCTION_EXACT
8070,長華*,2026-06-11,A,P4_MARKET_PLUS_SURVIVAL,False,False,False,False,False,LOSER,-8.673469387755095,RECONSTRUCTED_NOT_PRODUCTION_EXACT
9945,潤泰新,2026-06-11,A,P4_MARKET_PLUS_SURVIVAL,False,True,False,False,False,NEUTRAL,2.111324376199608,RECONSTRUCTED_NOT_PRODUCTION_EXACT
2393,億光,2026-06-12,A,P4_MARKET_PLUS_SURVIVAL,False,True,False,False,False,NEUTRAL,-5.9238363892806785,RECONSTRUCTED_NOT_PRODUCTION_EXACT
2413,環科,2026-06-12,A,P4_MARKET_PLUS_SURVIVAL,False,True,False,False,False,LOSER,-23.937908496732028,RECONSTRUCTED_NOT_PRODUCTION_EXACT
2636,台驊控股,2026-06-12,A,P4_MARKET_PLUS_SURVIVAL,True,True,True,True,True,NEUTRAL,-3.2303370786516794,RECONSTRUCTED_NOT_PRODUCTION_EXACT
3576,聯合再生,2026-06-12,A,P4_MARKET_PLUS_SURVIVAL,False,True,False,False,False,LOSER,-15.151515151515149,RECONSTRUCTED_NOT_PRODUCTION_EXACT
6205,詮欣,2026-06-12,A,P4_MARKET_PLUS_SURVIVAL,False,True,False,False,False,LOSER,-15.14450867052023,RECONSTRUCTED_NOT_PRODUCTION_EXACT
6691,洋基工程,2026-06-12,A,P4_MARKET_PLUS_SURVIVAL,False,True,False,False,False,WINNER,15.384615384615374,RECONSTRUCTED_NOT_PRODUCTION_EXACT
6944,兆聯實業,2026-06-12,A,P4_MARKET_PLUS_SURVIVAL,True,True,False,True,True,NEUTRAL,-0.7063572149344055,RECONSTRUCTED_NOT_PRODUCTION_EXACT
8081,致新,2026-06-12,A,P4_MARKET_PLUS_SURVIVAL,False,True,False,False,False,NEUTRAL,9.71731448763251,RECONSTRUCTED_NOT_PRODUCTION_EXACT
0050,元大台灣50,2026-06-15,A,P4_MARKET_PLUS_SURVIVAL,True,False,False,False,False,NEUTRAL,2.422802850356298,RECONSTRUCTED_NOT_PRODUCTION_EXACT
0055,元大MSCI金融,2026-06-15,A,P4_MARKET_PLUS_SURVIVAL,True,False,False,True,True,NEUTRAL,2.3658536585365875,RECONSTRUCTED_NOT_PRODUCTION_EXACT
006204,永豐臺灣加權,2026-06-15,A,P4_MARKET_PLUS_SURVIVAL,True,False,False,False,False,NEUTRAL,2.841409691629959,RECONSTRUCTED_NOT_PRODUCTION_EXACT
006208,富邦台50,2026-06-15,A,P4_MARKET_PLUS_SURVIVAL,True,False,False,False,False,NEUTRAL,2.498975829578032,RECONSTRUCTED_NOT_PRODUCTION_EXACT
00631L,元大台灣50正2,2026-06-15,A,P4_MARKET_PLUS_SURVIVAL,True,False,False,False,False,NEUTRAL,3.641758834637177,RECONSTRUCTED_NOT_PRODUCTION_EXACT
00657,國泰日經225,2026-06-15,A,P4_MARKET_PLUS_SURVIVAL,True,False,False,False,False,NEUTRAL,1.9183168316831756,RECONSTRUCTED_NOT_PRODUCTION_EXACT
00661,元大日經225,2026-06-15,A,P4_MARKET_PLUS_SURVIVAL,True,False,False,False,False,NEUTRAL,1.7357222844344822,RECONSTRUCTED_NOT_PRODUCTION_EXACT
00663L,國泰臺灣加權正2,2026-06-15,A,P4_MARKET_PLUS_SURVIVAL,True,False,False,False,False,NEUTRAL,3.7639405204461074,RECONSTRUCTED_NOT_PRODUCTION_EXACT
00675L,富邦臺灣加權正2,2026-06-15,A,P4_MARKET_PLUS_SURVIVAL,True,False,False,False,False,NEUTRAL,3.8514653981893465,RECONSTRUCTED_NOT_PRODUCTION_EXACT
00685L,群益臺灣加權正2,2026-06-15,A,P4_MARKET_PLUS_SURVIVAL,True,False,False,False,False,NEUTRAL,3.3958438925494105,RECONSTRUCTED_NOT_PRODUCTION_EXACT
00690,兆豐藍籌30,2026-06-15,A,P4_MARKET_PLUS_SURVIVAL,True,False,False,False,False,NEUTRAL,1.3707165109034136,RECONSTRUCTED_NOT_PRODUCTION_EXACT
00692,富邦公司治理,2026-06-15,A,P4_MARKET_PLUS_SURVIVAL,True,False,False,False,False,NEUTRAL,2.251510159253156,RECONSTRUCTED_NOT_PRODUCTION_EXACT
00701,國泰股利精選30,2026-06-15,A,P4_MARKET_PLUS_SURVIVAL,True,False,False,True,True,NEUTRAL,4.253056884635842,RECONSTRUCTED_NOT_PRODUCTION_EXACT
00731,復華富時高息低波,2026-06-15,A,P4_MARKET_PLUS_SURVIVAL,True,False,False,True,True,NEUTRAL,1.8327605956472093,RECONSTRUCTED_NOT_PRODUCTION_EXACT
00735,國泰臺韓科技,2026-06-15,A,P4_MARKET_PLUS_SURVIVAL,True,False,False,False,False,NEUTRAL,3.4070796460176966,RECONSTRUCTED_NOT_PRODUCTION_EXACT
00830,國泰費城半導體,2026-06-15,A,P4_MARKET_PLUS_SURVIVAL,True,False,False,False,False,NEUTRAL,-0.6602336211274817,RECONSTRUCTED_NOT_PRODUCTION_EXACT
00850,元大臺灣ESG永續,2026-06-15,A,P4_MARKET_PLUS_SURVIVAL,True,False,False,False,False,NEUTRAL,1.8815716657443415,RECONSTRUCTED_NOT_PRODUCTION_EXACT
00876,元大全球5G,2026-06-15,A,P4_MARKET_PLUS_SURVIVAL,True,False,False,False,False,NEUTRAL,7.233181588265047,RECONSTRUCTED_NOT_PRODUCTION_EXACT
00900,富邦特選高股息30,2026-06-15,A,P4_MARKET_PLUS_SURVIVAL,True,False,False,False,False,NEUTRAL,-1.5376729882111806,RECONSTRUCTED_NOT_PRODUCTION_EXACT
00901,永豐智能車供應鏈,2026-06-15,A,P4_MARKET_PLUS_SURVIVAL,True,False,False,False,False,NEUTRAL,1.716738197424883,RECONSTRUCTED_NOT_PRODUCTION_EXACT
00905,FT臺灣Smart,2026-06-15,A,P4_MARKET_PLUS_SURVIVAL,True,False,False,False,False,NEUTRAL,2.743682310469331,RECONSTRUCTED_NOT_PRODUCTION_EXACT
00907,永豐優息存股,2026-06-15,A,P4_MARKET_PLUS_SURVIVAL,True,False,False,True,True,NEUTRAL,-0.916870415647908,RECONSTRUCTED_NOT_PRODUCTION_EXACT
00908,富邦入息REITs+,2026-06-15,A,P4_MARKET_PLUS_SURVIVAL,True,False,False,True,True,NEUTRAL,0.5952380952381153,RECONSTRUCTED_NOT_PRODUCTION_EXACT
00912,中信臺灣智慧50,2026-06-15,A,P4_MARKET_PLUS_SURVIVAL,True,False,False,True,True,NEUTRAL,1.4762326542663071,RECONSTRUCTED_NOT_PRODUCTION_EXACT
00915,凱基優選高股息30,2026-06-15,A,P4_MARKET_PLUS_SURVIVAL,True,False,False,True,True,NEUTRAL,3.242212333121408,RECONSTRUCTED_NOT_PRODUCTION_EXACT
00918,大華優利高填息30,2026-06-15,A,P4_MARKET_PLUS_SURVIVAL,True,False,False,False,False,NEUTRAL,0.7841907151819427,RECONSTRUCTED_NOT_PRODUCTION_EXACT
00923,群益台ESG低碳50,2026-06-15,A,P4_MARKET_PLUS_SURVIVAL,True,False,False,False,False,NEUTRAL,1.5805614531729129,RECONSTRUCTED_NOT_PRODUCTION_EXACT
00927,群益半導體收益,2026-06-15,A,P4_MARKET_PLUS_SURVIVAL,True,False,False,False,False,NEUTRAL,5.402676091895997,RECONSTRUCTED_NOT_PRODUCTION_EXACT
00929,復華台灣科技優息,2026-06-15,A,P4_MARKET_PLUS_SURVIVAL,True,False,False,False,False,NEUTRAL,0.951131518530679,RECONSTRUCTED_NOT_PRODUCTION_EXACT
00930,永豐ESG低碳高息,2026-06-15,A,P4_MARKET_PLUS_SURVIVAL,True,False,False,False,False,NEUTRAL,0.8488278092158463,RECONSTRUCTED_NOT_PRODUCTION_EXACT
00935,野村臺灣新科技50,2026-06-15,A,P4_MARKET_PLUS_SURVIVAL,True,False,False,False,False,NEUTRAL,2.629416598192269,RECONSTRUCTED_NOT_PRODUCTION_EXACT
00939,統一台灣高息動能,2026-06-15,A,P4_MARKET_PLUS_SURVIVAL,True,False,False,True,True,NEUTRAL,0.8932769158439102,RECONSTRUCTED_NOT_PRODUCTION_EXACT
00941,中信上游半導體,2026-06-15,A,P4_MARKET_PLUS_SURVIVAL,True,False,False,False,False,NEUTRAL,4.163750874737593,RECONSTRUCTED_NOT_PRODUCTION_EXACT
00944,野村趨勢動能高息,2026-06-15,A,P4_MARKET_PLUS_SURVIVAL,True,False,False,True,True,NEUTRAL,4.260299625468167,RECONSTRUCTED_NOT_PRODUCTION_EXACT
00947,台新臺灣IC設計,2026-06-15,A,P4_MARKET_PLUS_SURVIVAL,True,False,False,False,False,NEUTRAL,2.6125193998965512,RECONSTRUCTED_NOT_PRODUCTION_EXACT
00951,台新日本半導體,2026-06-15,A,P4_MARKET_PLUS_SURVIVAL,True,False,False,False,False,NEUTRAL,6.278481012658221,RECONSTRUCTED_NOT_PRODUCTION_EXACT
00954,中信日本半導體,2026-06-15,A,P4_MARKET_PLUS_SURVIVAL,True,False,False,False,False,NEUTRAL,6.166982922201147,RECONSTRUCTED_NOT_PRODUCTION_EXACT
009802,富邦旗艦50,2026-06-15,A,P4_MARKET_PLUS_SURVIVAL,True,False,False,False,False,NEUTRAL,-2.5602409638554313,RECONSTRUCTED_NOT_PRODUCTION_EXACT
009804,聯邦台精彩50,2026-06-15,A,P4_MARKET_PLUS_SURVIVAL,True,False,False,False,False,NEUTRAL,2.408111533586798,RECONSTRUCTED_NOT_PRODUCTION_EXACT
00988A,主動統一全球創新,2026-06-15,A,P4_MARKET_PLUS_SURVIVAL,True,False,False,False,False,NEUTRAL,-0.3577817531305816,RECONSTRUCTED_NOT_PRODUCTION_EXACT
00990A,主動元大AI新經濟,2026-06-15,A,P4_MARKET_PLUS_SURVIVAL,True,False,False,False,False,NEUTRAL,1.514411333659016,RECONSTRUCTED_NOT_PRODUCTION_EXACT
2891,中信金,2026-06-15,A,P4_MARKET_PLUS_SURVIVAL,True,True,True,False,False,NEUTRAL,1.2838801711840375,RECONSTRUCTED_NOT_PRODUCTION_EXACT
3041,揚智,2026-06-15,A,P4_MARKET_PLUS_SURVIVAL,True,True,True,False,False,NEUTRAL,5.9259259259259345,RECONSTRUCTED_NOT_PRODUCTION_EXACT
3044,健鼎,2026-06-15,A,P4_MARKET_PLUS_SURVIVAL,True,True,True,False,False,NEUTRAL,-0.3846153846153832,RECONSTRUCTED_NOT_PRODUCTION_EXACT
4551,智伸科,2026-06-15,A,P4_MARKET_PLUS_SURVIVAL,True,True,True,False,False,WINNER,34.730538922155695,RECONSTRUCTED_NOT_PRODUCTION_EXACT
4952,凌通,2026-06-15,A,P4_MARKET_PLUS_SURVIVAL,True,True,True,False,False,NEUTRAL,-1.7094017094017144,RECONSTRUCTED_NOT_PRODUCTION_EXACT
5434,崇越,2026-06-15,A,P4_MARKET_PLUS_SURVIVAL,True,True,True,False,False,WINNER,17.307692307692314,RECONSTRUCTED_NOT_PRODUCTION_EXACT
5471,松翰,2026-06-15,A,P4_MARKET_PLUS_SURVIVAL,True,True,True,False,False,NEUTRAL,7.317073170731714,RECONSTRUCTED_NOT_PRODUCTION_EXACT
6191,精成科,2026-06-15,A,P4_MARKET_PLUS_SURVIVAL,True,True,True,False,False,NEUTRAL,3.398058252427183,RECONSTRUCTED_NOT_PRODUCTION_EXACT
6202,盛群,2026-06-15,A,P4_MARKET_PLUS_SURVIVAL,True,True,True,False,False,NEUTRAL,-0.1533742331288445,RECONSTRUCTED_NOT_PRODUCTION_EXACT
0052,富邦科技,2026-06-16,A,P4_MARKET_PLUS_SURVIVAL,True,False,False,False,False,NEUTRAL,4.122877930476965,RECONSTRUCTED_NOT_PRODUCTION_EXACT
0053,元大電子,2026-06-16,A,P4_MARKET_PLUS_SURVIVAL,True,False,False,False,False,NEUTRAL,3.3912324234904867,RECONSTRUCTED_NOT_PRODUCTION_EXACT
0057,富邦摩台,2026-06-16,A,P4_MARKET_PLUS_SURVIVAL,True,False,False,False,False,NEUTRAL,3.327495621716281,RECONSTRUCTED_NOT_PRODUCTION_EXACT
00851,台新全球AI,2026-06-16,A,P4_MARKET_PLUS_SURVIVAL,True,False,False,False,False,NEUTRAL,1.8280297901151157,RECONSTRUCTED_NOT_PRODUCTION_EXACT
00861,元大全球未來通訊,2026-06-16,A,P4_MARKET_PLUS_SURVIVAL,True,False,False,False,False,NEUTRAL,1.5167364016736462,RECONSTRUCTED_NOT_PRODUCTION_EXACT
00881,國泰台灣科技龍頭,2026-06-16,A,P4_MARKET_PLUS_SURVIVAL,True,False,False,False,False,NEUTRAL,1.823154056517784,RECONSTRUCTED_NOT_PRODUCTION_EXACT
00892,富邦台灣半導體,2026-06-16,A,P4_MARKET_PLUS_SURVIVAL,True,False,False,False,False,NEUTRAL,3.2451655923538603,RECONSTRUCTED_NOT_PRODUCTION_EXACT
00893,國泰智能電動車,2026-06-16,A,P4_MARKET_PLUS_SURVIVAL,True,False,False,False,False,NEUTRAL,-0.0841396718552767,RECONSTRUCTED_NOT_PRODUCTION_EXACT
00898,國泰基因免疫革命,2026-06-16,A,P4_MARKET_PLUS_SURVIVAL,True,False,False,True,True,NEUTRAL,10.18957345971565,RECONSTRUCTED_NOT_PRODUCTION_EXACT
00911,兆豐洲際半導體,2026-06-16,A,P4_MARKET_PLUS_SURVIVAL,True,False,False,False,False,NEUTRAL,2.4719101123595655,RECONSTRUCTED_NOT_PRODUCTION_EXACT
00913,兆豐台灣晶圓製造,2026-06-16,A,P4_MARKET_PLUS_SURVIVAL,True,False,False,False,False,NEUTRAL,5.09615384615385,RECONSTRUCTED_NOT_PRODUCTION_EXACT
00922,國泰台灣領袖50,2026-06-16,A,P4_MARKET_PLUS_SURVIVAL,True,False,False,False,False,NEUTRAL,3.532608695652173,RECONSTRUCTED_NOT_PRODUCTION_EXACT
009809,富邦淨零ESG50,2026-06-16,A,P4_MARKET_PLUS_SURVIVAL,True,False,False,False,False,NEUTRAL,5.114942528735633,RECONSTRUCTED_NOT_PRODUCTION_EXACT
00980A,主動野村臺灣優選,2026-06-16,A,P4_MARKET_PLUS_SURVIVAL,True,False,False,False,False,NEUTRAL,1.2601626016260026,RECONSTRUCTED_NOT_PRODUCTION_EXACT
009816,凱基台灣TOP50,2026-06-16,A,P4_MARKET_PLUS_SURVIVAL,True,False,False,False,False,NEUTRAL,2.063185041908455,RECONSTRUCTED_NOT_PRODUCTION_EXACT
00983A,主動中信ARK創新,2026-06-16,A,P4_MARKET_PLUS_SURVIVAL,True,False,False,False,False,NEUTRAL,3.433835845896138,RECONSTRUCTED_NOT_PRODUCTION_EXACT
00989A,主動摩根美國科技,2026-06-16,A,P4_MARKET_PLUS_SURVIVAL,True,False,False,False,False,NEUTRAL,2.8322440087146017,RECONSTRUCTED_NOT_PRODUCTION_EXACT
00991A,主動復華未來50,2026-06-16,A,P4_MARKET_PLUS_SURVIVAL,True,False,False,False,False,NEUTRAL,5.191532258064524,RECONSTRUCTED_NOT_PRODUCTION_EXACT
00995A,主動中信台灣卓越,2026-06-16,A,P4_MARKET_PLUS_SURVIVAL,True,False,False,False,False,NEUTRAL,2.839643652561241,RECONSTRUCTED_NOT_PRODUCTION_EXACT
1456,怡華,2026-06-16,A,P4_MARKET_PLUS_SURVIVAL,True,True,True,True,True,NEUTRAL,-3.7800687285223455,RECONSTRUCTED_NOT_PRODUCTION_EXACT
2340,台亞,2026-06-16,A,P4_MARKET_PLUS_SURVIVAL,True,True,True,False,False,LOSER,-10.10230179028133,RECONSTRUCTED_NOT_PRODUCTION_EXACT
00403A,主動統一升級50,2026-06-17,A,P4_MARKET_PLUS_SURVIVAL,True,False,False,False,False,NEUTRAL,3.6279069767442,RECONSTRUCTED_NOT_PRODUCTION_EXACT
1301,台塑,2026-06-17,A,P4_MARKET_PLUS_SURVIVAL,True,True,True,False,False,WINNER,24.504692387904072,RECONSTRUCTED_NOT_PRODUCTION_EXACT
1465,偉全,2026-06-17,A,P4_MARKET_PLUS_SURVIVAL,True,True,True,True,True,NEUTRAL,1.2048192771084263,RECONSTRUCTED_NOT_PRODUCTION_EXACT
1515,力山,2026-06-17,A,P4_MARKET_PLUS_SURVIVAL,True,True,True,False,False,WINNER,51.55642023346305,RECONSTRUCTED_NOT_PRODUCTION_EXACT
1531,高林股,2026-06-17,A,P4_MARKET_PLUS_SURVIVAL,True,False,False,True,True,NEUTRAL,-0.3861003861003742,RECONSTRUCTED_NOT_PRODUCTION_EXACT
1541,錩泰,2026-06-17,A,P4_MARKET_PLUS_SURVIVAL,True,True,True,False,False,NEUTRAL,-4.888888888888898,RECONSTRUCTED_NOT_PRODUCTION_EXACT
1802,台玻,2026-06-17,A,P4_MARKET_PLUS_SURVIVAL,True,True,True,False,False,NEUTRAL,1.587301587301604,RECONSTRUCTED_NOT_PRODUCTION_EXACT
2402,毅嘉,2026-06-17,A,P4_MARKET_PLUS_SURVIVAL,True,True,True,False,False,NEUTRAL,-4.090267983074758,RECONSTRUCTED_NOT_PRODUCTION_EXACT
2460,建通,2026-06-17,A,P4_MARKET_PLUS_SURVIVAL,True,True,True,False,False,NEUTRAL,2.8169014084507005,RECONSTRUCTED_NOT_PRODUCTION_EXACT
2489,瑞軒,2026-06-17,A,P4_MARKET_PLUS_SURVIVAL,True,True,True,False,False,LOSER,-14.40329218106996,RECONSTRUCTED_NOT_PRODUCTION_EXACT
2611,志信,2026-06-17,A,P4_MARKET_PLUS_SURVIVAL,True,True,True,True,True,NEUTRAL,-2.135231316725983,RECONSTRUCTED_NOT_PRODUCTION_EXACT
3535,晶彩科,2026-06-17,A,P4_MARKET_PLUS_SURVIVAL,True,True,True,False,False,LOSER,-14.12639405204461,RECONSTRUCTED_NOT_PRODUCTION_EXACT
4722,國精化,2026-06-17,A,P4_MARKET_PLUS_SURVIVAL,True,True,True,False,False,NEUTRAL,4.924242424242431,RECONSTRUCTED_NOT_PRODUCTION_EXACT
5469,瀚宇博,2026-06-17,A,P4_MARKET_PLUS_SURVIVAL,True,True,True,False,False,NEUTRAL,1.039260969976907,RECONSTRUCTED_NOT_PRODUCTION_EXACT
6213,聯茂,2026-06-17,A,P4_MARKET_PLUS_SURVIVAL,True,True,True,False,False,WINNER,34.01869158878505,RECONSTRUCTED_NOT_PRODUCTION_EXACT
6472,保瑞,2026-06-17,A,P4_MARKET_PLUS_SURVIVAL,True,True,True,True,True,NEUTRAL,4.7272727272727355,RECONSTRUCTED_NOT_PRODUCTION_EXACT
7786,東方風能,2026-06-17,A,P4_MARKET_PLUS_SURVIVAL,True,True,True,False,False,NEUTRAL,-4.651162790697672,RECONSTRUCTED_NOT_PRODUCTION_EXACT
7795,長廣,2026-06-17,A,P4_MARKET_PLUS_SURVIVAL,True,True,True,False,False,WINNER,52.75000000000001,RECONSTRUCTED_NOT_PRODUCTION_EXACT
8039,台虹,2026-06-17,A,P4_MARKET_PLUS_SURVIVAL,True,True,True,False,False,NEUTRAL,1.3698630136986356,RECONSTRUCTED_NOT_PRODUCTION_EXACT
9136,巨騰-DR,2026-06-17,A,P4_MARKET_PLUS_SURVIVAL,True,True,True,True,True,LOSER,-18.01801801801801,RECONSTRUCTED_NOT_PRODUCTION_EXACT
0051,元大中型100,2026-06-18,A,P4_MARKET_PLUS_SURVIVAL,True,False,False,False,False,NEUTRAL,1.1171293161814422,RECONSTRUCTED_NOT_PRODUCTION_EXACT
00733,富邦臺灣中小,2026-06-18,A,P4_MARKET_PLUS_SURVIVAL,True,False,False,False,False,NEUTRAL,0.575079872204487,RECONSTRUCTED_NOT_PRODUCTION_EXACT
00762,元大全球AI,2026-06-18,A,P4_MARKET_PLUS_SURVIVAL,True,False,False,False,False,LOSER,-6.450287592440429,RECONSTRUCTED_NOT_PRODUCTION_EXACT
00896,中信綠能及電動車,2026-06-18,A,P4_MARKET_PLUS_SURVIVAL,True,False,False,False,False,NEUTRAL,1.2155881301394444,RECONSTRUCTED_NOT_PRODUCTION_EXACT
00946,群益科技高息成長,2026-06-18,A,P4_MARKET_PLUS_SURVIVAL,True,False,False,True,True,NEUTRAL,1.9480519480519431,RECONSTRUCTED_NOT_PRODUCTION_EXACT
009803,玉山市值動能50,2026-06-18,A,P4_MARKET_PLUS_SURVIVAL,True,False,False,False,False,NEUTRAL,-0.0910332271279013,RECONSTRUCTED_NOT_PRODUCTION_EXACT
009808,華南永昌優選50,2026-06-18,A,P4_MARKET_PLUS_SURVIVAL,True,False,False,False,False,NEUTRAL,0.0,RECONSTRUCTED_NOT_PRODUCTION_EXACT
00982A,主動群益台灣強棒,2026-06-18,A,P4_MARKET_PLUS_SURVIVAL,True,False,False,False,False,NEUTRAL,2.7386226339106035,RECONSTRUCTED_NOT_PRODUCTION_EXACT
00993A,主動安聯台灣,2026-06-18,A,P4_MARKET_PLUS_SURVIVAL,True,False,False,False,False,NEUTRAL,0.7697690692792358,RECONSTRUCTED_NOT_PRODUCTION_EXACT
00639,富邦深100,2026-06-22,A,P4_MARKET_PLUS_SURVIVAL,True,False,False,False,False,NEUTRAL,-4.283447911158111,RECONSTRUCTED_NOT_PRODUCTION_EXACT
1905,華紙,2026-06-22,A,P4_MARKET_PLUS_SURVIVAL,True,True,True,True,True,LOSER,-8.6720867208672,RECONSTRUCTED_NOT_PRODUCTION_EXACT
2415,錩新,2026-06-22,A,P4_MARKET_PLUS_SURVIVAL,True,True,True,True,True,WINNER,37.45874587458744,RECONSTRUCTED_NOT_PRODUCTION_EXACT
6919,康霈*,2026-06-22,A,P4_MARKET_PLUS_SURVIVAL,True,True,True,False,False,LOSER,-16.317991631799167,RECONSTRUCTED_NOT_PRODUCTION_EXACT
8072,陞泰,2026-06-22,A,P4_MARKET_PLUS_SURVIVAL,True,True,True,False,False,LOSER,-6.240000000000001,RECONSTRUCTED_NOT_PRODUCTION_EXACT
1437,勤益控,2026-06-23,A,P4_MARKET_PLUS_SURVIVAL,True,True,True,True,True,NEUTRAL,2.4958402662229595,RECONSTRUCTED_NOT_PRODUCTION_EXACT
1529,樂事綠能,2026-06-23,A,P4_MARKET_PLUS_SURVIVAL,True,True,True,True,True,NEUTRAL,-1.7429193899782036,RECONSTRUCTED_NOT_PRODUCTION_EXACT
1535,中宇,2026-06-23,A,P4_MARKET_PLUS_SURVIVAL,True,True,True,True,True,NEUTRAL,0.2000000000000001,RECONSTRUCTED_NOT_PRODUCTION_EXACT
2330,台積電,2026-06-23,A,P4_MARKET_PLUS_SURVIVAL,True,True,True,False,False,NEUTRAL,-2.008032128514059,RECONSTRUCTED_NOT_PRODUCTION_EXACT
2399,映泰,2026-06-23,A,P4_MARKET_PLUS_SURVIVAL,True,True,True,False,False,NEUTRAL,-2.7504911591355596,RECONSTRUCTED_NOT_PRODUCTION_EXACT
2466,冠西電,2026-06-23,A,P4_MARKET_PLUS_SURVIVAL,True,True,True,True,True,WINNER,64.47602131438721,RECONSTRUCTED_NOT_PRODUCTION_EXACT
2634,漢翔,2026-06-23,A,P4_MARKET_PLUS_SURVIVAL,True,False,False,False,False,WINNER,17.50503018108651,RECONSTRUCTED_NOT_PRODUCTION_EXACT
2646,星宇航空,2026-06-23,A,P4_MARKET_PLUS_SURVIVAL,True,False,False,True,True,NEUTRAL,-0.4672897196261627,RECONSTRUCTED_NOT_PRODUCTION_EXACT
2832,台產,2026-06-23,A,P4_MARKET_PLUS_SURVIVAL,True,True,True,False,False,NEUTRAL,0.3546099290780091,RECONSTRUCTED_NOT_PRODUCTION_EXACT
3530,晶相光,2026-06-23,A,P4_MARKET_PLUS_SURVIVAL,True,True,True,False,False,LOSER,-8.831521739130432,RECONSTRUCTED_NOT_PRODUCTION_EXACT
3712,永崴投控,2026-06-23,A,P4_MARKET_PLUS_SURVIVAL,True,True,True,False,False,NEUTRAL,-2.228412256267398,RECONSTRUCTED_NOT_PRODUCTION_EXACT
5283,禾聯碩,2026-06-23,A,P4_MARKET_PLUS_SURVIVAL,True,True,True,True,True,LOSER,-6.445993031358876,RECONSTRUCTED_NOT_PRODUCTION_EXACT
6243,迅杰,2026-06-23,A,P4_MARKET_PLUS_SURVIVAL,True,True,True,False,False,NEUTRAL,-5.421686746987953,RECONSTRUCTED_NOT_PRODUCTION_EXACT
6257,矽格,2026-06-23,A,P4_MARKET_PLUS_SURVIVAL,True,True,True,False,False,NEUTRAL,2.1097046413502074,RECONSTRUCTED_NOT_PRODUCTION_EXACT
6573,虹揚-KY,2026-06-23,A,P4_MARKET_PLUS_SURVIVAL,True,True,True,False,False,WINNER,28.132992327365724,RECONSTRUCTED_NOT_PRODUCTION_EXACT
6715,嘉基,2026-06-23,A,P4_MARKET_PLUS_SURVIVAL,True,True,True,False,False,LOSER,-20.562390158172228,RECONSTRUCTED_NOT_PRODUCTION_EXACT
8046,南電,2026-06-23,A,P4_MARKET_PLUS_SURVIVAL,True,True,True,False,False,WINNER,13.311331133113312,RECONSTRUCTED_NOT_PRODUCTION_EXACT
8438,昶昕,2026-06-23,A,P4_MARKET_PLUS_SURVIVAL,True,True,True,False,False,NEUTRAL,-3.861386138613865,RECONSTRUCTED_NOT_PRODUCTION_EXACT
9930,中聯資源,2026-06-23,A,P4_MARKET_PLUS_SURVIVAL,True,True,True,False,False,LOSER,-9.985734664764612,RECONSTRUCTED_NOT_PRODUCTION_EXACT
9940,信義,2026-06-23,A,P4_MARKET_PLUS_SURVIVAL,True,False,False,False,False,NEUTRAL,2.0779220779220786,RECONSTRUCTED_NOT_PRODUCTION_EXACT
1216,統一,2026-06-24,A,P4_MARKET_PLUS_SURVIVAL,True,True,True,True,True,NEUTRAL,4.6604527296937315,RECONSTRUCTED_NOT_PRODUCTION_EXACT
1234,黑松,2026-06-24,A,P4_MARKET_PLUS_SURVIVAL,True,True,True,True,True,NEUTRAL,-5.832147937411092,RECONSTRUCTED_NOT_PRODUCTION_EXACT
1236,宏亞,2026-06-24,A,P4_MARKET_PLUS_SURVIVAL,True,True,True,True,True,NEUTRAL,1.9379844961240345,RECONSTRUCTED_NOT_PRODUCTION_EXACT
1310,台苯,2026-06-24,A,P4_MARKET_PLUS_SURVIVAL,True,True,True,False,False,NEUTRAL,11.278952668680777,RECONSTRUCTED_NOT_PRODUCTION_EXACT
1315,達新,2026-06-24,A,P4_MARKET_PLUS_SURVIVAL,True,True,True,True,True,NEUTRAL,2.4077046548956593,RECONSTRUCTED_NOT_PRODUCTION_EXACT
1449,佳和,2026-06-24,A,P4_MARKET_PLUS_SURVIVAL,True,True,True,False,False,LOSER,-6.688963210702337,RECONSTRUCTED_NOT_PRODUCTION_EXACT
1475,業旺,2026-06-24,A,P4_MARKET_PLUS_SURVIVAL,True,True,True,False,False,NEUTRAL,0.7407407407407307,RECONSTRUCTED_NOT_PRODUCTION_EXACT
2352,佳世達,2026-06-24,A,P4_MARKET_PLUS_SURVIVAL,True,True,True,True,True,WINNER,12.418300653594772,RECONSTRUCTED_NOT_PRODUCTION_EXACT
2539,櫻花建,2026-06-24,A,P4_MARKET_PLUS_SURVIVAL,True,True,True,False,False,NEUTRAL,0.127877237851659,RECONSTRUCTED_NOT_PRODUCTION_EXACT
2910,統領,2026-06-24,A,P4_MARKET_PLUS_SURVIVAL,True,True,True,True,True,NEUTRAL,-3.3039647577092546,RECONSTRUCTED_NOT_PRODUCTION_EXACT
3588,通嘉,2026-06-24,A,P4_MARKET_PLUS_SURVIVAL,True,True,True,False,False,LOSER,-10.408432147562586,RECONSTRUCTED_NOT_PRODUCTION_EXACT
4119,旭富,2026-06-24,A,P4_MARKET_PLUS_SURVIVAL,True,True,True,False,False,NEUTRAL,1.1299435028248483,RECONSTRUCTED_NOT_PRODUCTION_EXACT
4164,承業醫,2026-06-24,A,P4_MARKET_PLUS_SURVIVAL,True,True,True,False,False,NEUTRAL,-5.237315875613757,RECONSTRUCTED_NOT_PRODUCTION_EXACT
4169,泰宗,2026-06-24,A,P4_MARKET_PLUS_SURVIVAL,True,True,True,True,True,WINNER,44.55958549222798,RECONSTRUCTED_NOT_PRODUCTION_EXACT
6505,台塑化,2026-06-24,A,P4_MARKET_PLUS_SURVIVAL,True,True,True,False,False,NEUTRAL,7.608695652173902,RECONSTRUCTED_NOT_PRODUCTION_EXACT
6909,創控,2026-06-24,A,P4_MARKET_PLUS_SURVIVAL,True,True,True,False,False,LOSER,-12.74834437086092,RECONSTRUCTED_NOT_PRODUCTION_EXACT
7799,禾榮科,2026-06-24,A,P4_MARKET_PLUS_SURVIVAL,True,True,True,False,False,NEUTRAL,7.021791767554486,RECONSTRUCTED_NOT_PRODUCTION_EXACT
9944,新麗,2026-06-24,A,P4_MARKET_PLUS_SURVIVAL,True,True,True,True,True,NEUTRAL,0.0,RECONSTRUCTED_NOT_PRODUCTION_EXACT
Plastics,塑膠類指數,2026-06-24,A,P4_MARKET_PLUS_SURVIVAL,True,False,False,False,False,WINNER,13.321884200196266,RECONSTRUCTED_NOT_PRODUCTION_EXACT
00674R,期元大S&P黃金反1,2026-06-25,A,P4_MARKET_PLUS_SURVIVAL,True,False,False,True,True,NEUTRAL,-1.9792342634652793,RECONSTRUCTED_NOT_PRODUCTION_EXACT
1313,聯成,2026-06-25,A,P4_MARKET_PLUS_SURVIVAL,True,True,True,False,False,NEUTRAL,-0.3984063745020028,RECONSTRUCTED_NOT_PRODUCTION_EXACT
1709,和益,2026-06-25,A,P4_MARKET_PLUS_SURVIVAL,True,True,True,False,False,WINNER,14.018691588785035,RECONSTRUCTED_NOT_PRODUCTION_EXACT
1725,元禎,2026-06-25,A,P4_MARKET_PLUS_SURVIVAL,True,True,True,False,False,LOSER,-9.843081312410828,RECONSTRUCTED_NOT_PRODUCTION_EXACT
1776,展宇,2026-06-25,A,P4_MARKET_PLUS_SURVIVAL,True,True,True,False,False,NEUTRAL,-2.0050125313283096,RECONSTRUCTED_NOT_PRODUCTION_EXACT
2103,台橡,2026-06-25,A,P4_MARKET_PLUS_SURVIVAL,True,True,True,True,True,NEUTRAL,7.459207459207473,RECONSTRUCTED_NOT_PRODUCTION_EXACT
2107,厚生,2026-06-25,A,P4_MARKET_PLUS_SURVIVAL,True,True,True,True,True,NEUTRAL,-1.1583011583011449,RECONSTRUCTED_NOT_PRODUCTION_EXACT
2458,義隆,2026-06-25,A,P4_MARKET_PLUS_SURVIVAL,True,True,True,False,False,NEUTRAL,1.9444444444444375,RECONSTRUCTED_NOT_PRODUCTION_EXACT
3591,艾笛森,2026-06-25,A,P4_MARKET_PLUS_SURVIVAL,True,True,True,True,True,LOSER,-6.238532110091743,RECONSTRUCTED_NOT_PRODUCTION_EXACT
4306,炎洲,2026-06-25,A,P4_MARKET_PLUS_SURVIVAL,True,True,True,True,True,NEUTRAL,-2.515723270440251,RECONSTRUCTED_NOT_PRODUCTION_EXACT
4414,如興,2026-06-25,A,P4_MARKET_PLUS_SURVIVAL,True,True,True,True,True,NEUTRAL,1.5116279069767424,RECONSTRUCTED_NOT_PRODUCTION_EXACT
5880,合庫金,2026-06-25,A,P4_MARKET_PLUS_SURVIVAL,True,True,True,True,True,NEUTRAL,0.1992031872509736,RECONSTRUCTED_NOT_PRODUCTION_EXACT
6582,申豐,2026-06-25,A,P4_MARKET_PLUS_SURVIVAL,True,True,True,True,True,NEUTRAL,-0.3039513677811634,RECONSTRUCTED_NOT_PRODUCTION_EXACT
8464,億豐,2026-06-25,A,P4_MARKET_PLUS_SURVIVAL,True,True,True,True,True,NEUTRAL,1.265822784810133,RECONSTRUCTED_NOT_PRODUCTION_EXACT
2516,新建,2026-06-26,A,P4_MARKET_PLUS_SURVIVAL,True,True,False,True,True,NEUTRAL,0.0,RECONSTRUCTED_NOT_PRODUCTION_EXACT
2527,宏璟,2026-06-26,A,P4_MARKET_PLUS_SURVIVAL,True,True,False,True,True,WINNER,13.135068153655505,RECONSTRUCTED_NOT_PRODUCTION_EXACT
2633,台灣高鐵,2026-06-26,A,P4_MARKET_PLUS_SURVIVAL,True,True,False,True,True,NEUTRAL,1.5355086372360829,RECONSTRUCTED_NOT_PRODUCTION_EXACT
2706,第一店,2026-06-26,A,P4_MARKET_PLUS_SURVIVAL,True,True,False,True,True,NEUTRAL,1.2096774193548487,RECONSTRUCTED_NOT_PRODUCTION_EXACT
2739,寒舍,2026-06-26,A,P4_MARKET_PLUS_SURVIVAL,True,True,False,True,True,LOSER,-9.200000000000008,RECONSTRUCTED_NOT_PRODUCTION_EXACT
3717,聯嘉投控,2026-06-26,A,P4_MARKET_PLUS_SURVIVAL,True,False,False,True,True,NEUTRAL,7.627118644067776,RECONSTRUCTED_NOT_PRODUCTION_EXACT
6168,宏齊,2026-06-26,A,P4_MARKET_PLUS_SURVIVAL,False,True,True,False,False,LOSER,-6.280991735537189,RECONSTRUCTED_NOT_PRODUCTION_EXACT
6177,達麗,2026-06-26,A,P4_MARKET_PLUS_SURVIVAL,True,True,False,True,True,NEUTRAL,0.9857612267250904,RECONSTRUCTED_NOT_PRODUCTION_EXACT
6743,安普新,2026-06-26,A,P4_MARKET_PLUS_SURVIVAL,True,False,False,True,True,NEUTRAL,-2.568218298555369,RECONSTRUCTED_NOT_PRODUCTION_EXACT
7631,聚賢研發-創,2026-06-26,A,P4_MARKET_PLUS_SURVIVAL,True,True,True,True,True,LOSER,-11.585365853658535,RECONSTRUCTED_NOT_PRODUCTION_EXACT
8033,雷虎,2026-06-26,A,P4_MARKET_PLUS_SURVIVAL,True,True,True,True,True,WINNER,77.58007117437722,RECONSTRUCTED_NOT_PRODUCTION_EXACT
9914,美利達,2026-06-26,A,P4_MARKET_PLUS_SURVIVAL,False,True,True,False,False,NEUTRAL,2.44565217391306,RECONSTRUCTED_NOT_PRODUCTION_EXACT
9921,巨大,2026-06-26,A,P4_MARKET_PLUS_SURVIVAL,False,True,False,False,False,NEUTRAL,4.444444444444451,RECONSTRUCTED_NOT_PRODUCTION_EXACT
00638R,元大滬深300反1,2026-06-29,A,P4_MARKET_PLUS_SURVIVAL,False,False,False,True,False,NEUTRAL,1.3595166163141936,RECONSTRUCTED_NOT_PRODUCTION_EXACT
00656R,國泰中國A50反1,2026-06-29,A,P4_MARKET_PLUS_SURVIVAL,False,False,False,True,False,NEUTRAL,1.718213058419238,RECONSTRUCTED_NOT_PRODUCTION_EXACT
00671R,富邦NASDAQ反1,2026-06-29,A,P4_MARKET_PLUS_SURVIVAL,False,False,False,True,False,NEUTRAL,-0.406504065040647,RECONSTRUCTED_NOT_PRODUCTION_EXACT
00712,復華富時不動產,2026-06-29,A,P4_MARKET_PLUS_SURVIVAL,False,False,False,True,False,NEUTRAL,0.3420752565564511,RECONSTRUCTED_NOT_PRODUCTION_EXACT
1229,聯華,2026-06-29,A,P4_MARKET_PLUS_SURVIVAL,False,True,False,True,False,LOSER,-6.323185011709609,RECONSTRUCTED_NOT_PRODUCTION_EXACT
1435,中福,2026-06-29,A,P4_MARKET_PLUS_SURVIVAL,False,True,False,True,False,NEUTRAL,6.626506024096401,RECONSTRUCTED_NOT_PRODUCTION_EXACT
1626,艾美特-KY,2026-06-29,A,P4_MARKET_PLUS_SURVIVAL,False,True,False,True,False,LOSER,-6.018518518518523,RECONSTRUCTED_NOT_PRODUCTION_EXACT
1736,喬山,2026-06-29,A,P4_MARKET_PLUS_SURVIVAL,False,False,False,False,False,NEUTRAL,-0.7722007722007707,RECONSTRUCTED_NOT_PRODUCTION_EXACT
2236,百達-KY,2026-06-29,A,P4_MARKET_PLUS_SURVIVAL,False,True,False,False,False,WINNER,14.28571428571428,RECONSTRUCTED_NOT_PRODUCTION_EXACT
2380,虹光,2026-06-29,A,P4_MARKET_PLUS_SURVIVAL,False,True,False,False,False,LOSER,-12.325581395348827,RECONSTRUCTED_NOT_PRODUCTION_EXACT
2630,亞航,2026-06-29,A,P4_MARKET_PLUS_SURVIVAL,False,True,False,False,False,WINNER,40.15748031496062,RECONSTRUCTED_NOT_PRODUCTION_EXACT
4560,強信-KY,2026-06-29,A,P4_MARKET_PLUS_SURVIVAL,False,True,False,True,False,NEUTRAL,2.2900763358778553,RECONSTRUCTED_NOT_PRODUCTION_EXACT
6491,晶碩,2026-06-29,A,P4_MARKET_PLUS_SURVIVAL,False,True,False,True,False,NEUTRAL,8.006042296072513,RECONSTRUCTED_NOT_PRODUCTION_EXACT
7803,雲象科技-創,2026-06-29,A,P4_MARKET_PLUS_SURVIVAL,False,False,False,True,False,NEUTRAL,-3.433476394849788,RECONSTRUCTED_NOT_PRODUCTION_EXACT
9905,大華,2026-06-29,A,P4_MARKET_PLUS_SURVIVAL,False,False,False,True,False,NEUTRAL,-3.294117647058825,RECONSTRUCTED_NOT_PRODUCTION_EXACT
0061,元大寶滬深,2026-06-30,A,P4_MARKET_PLUS_SURVIVAL,False,False,False,False,False,NEUTRAL,-1.2090483619344838,RECONSTRUCTED_NOT_PRODUCTION_EXACT
006205,富邦上証,2026-06-30,A,P4_MARKET_PLUS_SURVIVAL,True,False,False,True,True,NEUTRAL,-0.978053435114512,RECONSTRUCTED_NOT_PRODUCTION_EXACT
006206,元大上證50,2026-06-30,A,P4_MARKET_PLUS_SURVIVAL,True,False,False,True,True,NEUTRAL,2.558691638090238,RECONSTRUCTED_NOT_PRODUCTION_EXACT
006207,復華滬深,2026-06-30,A,P4_MARKET_PLUS_SURVIVAL,False,False,False,False,False,NEUTRAL,-1.7446932247746516,RECONSTRUCTED_NOT_PRODUCTION_EXACT
00648R,元大S&P500反1,2026-06-30,A,P4_MARKET_PLUS_SURVIVAL,True,False,False,True,True,NEUTRAL,-0.990099009900991,RECONSTRUCTED_NOT_PRODUCTION_EXACT
00651R,復華香港反1,2026-06-30,A,P4_MARKET_PLUS_SURVIVAL,True,False,False,True,True,LOSER,-7.8767123287671215,RECONSTRUCTED_NOT_PRODUCTION_EXACT
00652,富邦印度,2026-06-30,A,P4_MARKET_PLUS_SURVIVAL,True,False,False,True,True,NEUTRAL,0.8479709267110724,RECONSTRUCTED_NOT_PRODUCTION_EXACT
00666R,富邦恒生國企反1,2026-06-30,A,P4_MARKET_PLUS_SURVIVAL,True,False,False,True,True,LOSER,-8.463035019455244,RECONSTRUCTED_NOT_PRODUCTION_EXACT
00678,群益那斯達克生技,2026-06-30,A,P4_MARKET_PLUS_SURVIVAL,True,False,False,True,True,NEUTRAL,-0.2972504334902037,RECONSTRUCTED_NOT_PRODUCTION_EXACT
00680L,元大美債20正2,2026-06-30,A,P4_MARKET_PLUS_SURVIVAL,True,False,False,True,True,LOSER,-7.0637119113573394,RECONSTRUCTED_NOT_PRODUCTION_EXACT
00688L,國泰20年美債正2,2026-06-30,A,P4_MARKET_PLUS_SURVIVAL,True,False,False,True,True,LOSER,-6.8340306834030695,RECONSTRUCTED_NOT_PRODUCTION_EXACT
00714,群益道瓊美國地產,2026-06-30,A,P4_MARKET_PLUS_SURVIVAL,True,False,False,True,True,NEUTRAL,0.0,RECONSTRUCTED_NOT_PRODUCTION_EXACT
00739,元大MSCI A股,2026-06-30,A,P4_MARKET_PLUS_SURVIVAL,True,False,False,True,True,NEUTRAL,-2.1841397849462485,RECONSTRUCTED_NOT_PRODUCTION_EXACT
00783,富邦中証500,2026-06-30,A,P4_MARKET_PLUS_SURVIVAL,True,False,False,True,True,LOSER,-6.727444199937116,RECONSTRUCTED_NOT_PRODUCTION_EXACT
00865B,國泰US短期公債,2026-06-30,A,P4_MARKET_PLUS_SURVIVAL,True,False,False,True,True,NEUTRAL,1.0923330585325577,RECONSTRUCTED_NOT_PRODUCTION_EXACT
00875,國泰網路資安,2026-06-30,A,P4_MARKET_PLUS_SURVIVAL,False,False,False,False,False,NEUTRAL,8.83813306852035,RECONSTRUCTED_NOT_PRODUCTION_EXACT
00897,富邦基因免疫生技,2026-06-30,A,P4_MARKET_PLUS_SURVIVAL,True,False,False,True,True,NEUTRAL,-1.5030946065428763,RECONSTRUCTED_NOT_PRODUCTION_EXACT
009805,台新美國電力基建,2026-06-30,A,P4_MARKET_PLUS_SURVIVAL,True,False,False,True,True,NEUTRAL,-2.697947214076246,RECONSTRUCTED_NOT_PRODUCTION_EXACT
00983D,主動富邦複合收益,2026-06-30,A,P4_MARKET_PLUS_SURVIVAL,True,False,False,True,True,NEUTRAL,-0.6849315068493178,RECONSTRUCTED_NOT_PRODUCTION_EXACT
3413,京鼎,2026-06-30,A,P4_MARKET_PLUS_SURVIVAL,False,False,False,False,False,NEUTRAL,5.295007564296528,RECONSTRUCTED_NOT_PRODUCTION_EXACT
4155,訊映,2026-06-30,A,P4_MARKET_PLUS_SURVIVAL,False,True,True,False,False,NEUTRAL,7.308970099667755,RECONSTRUCTED_NOT_PRODUCTION_EXACT
4934,太極,2026-06-30,A,P4_MARKET_PLUS_SURVIVAL,False,True,False,False,False,LOSER,-8.695652173913038,RECONSTRUCTED_NOT_PRODUCTION_EXACT
00643,群益深証中小,2026-07-01,A,P4_MARKET_PLUS_SURVIVAL,True,False,False,True,True,NEUTRAL,-4.270633397312862,RECONSTRUCTED_NOT_PRODUCTION_EXACT
00728,第一金工業30,2026-07-01,A,P4_MARKET_PLUS_SURVIVAL,True,False,False,False,False,NEUTRAL,-2.4981074943224657,RECONSTRUCTED_NOT_PRODUCTION_EXACT
00938,凱基優選30,2026-07-01,A,P4_MARKET_PLUS_SURVIVAL,True,False,False,False,False,NEUTRAL,1.0660106601065866,RECONSTRUCTED_NOT_PRODUCTION_EXACT
2345,智邦,2026-07-01,A,P4_MARKET_PLUS_SURVIVAL,True,True,True,False,False,LOSER,-12.781954887218047,RECONSTRUCTED_NOT_PRODUCTION_EXACT
2429,銘旺科,2026-07-01,A,P4_MARKET_PLUS_SURVIVAL,True,True,True,False,False,NEUTRAL,-1.5625,RECONSTRUCTED_NOT_PRODUCTION_EXACT
2433,互盛電,2026-07-01,A,P4_MARKET_PLUS_SURVIVAL,True,False,False,True,True,LOSER,-6.249999999999989,RECONSTRUCTED_NOT_PRODUCTION_EXACT
2528,皇普,2026-07-01,A,P4_MARKET_PLUS_SURVIVAL,True,True,True,False,False,NEUTRAL,-0.6696428571428492,RECONSTRUCTED_NOT_PRODUCTION_EXACT
3605,宏致,2026-07-01,A,P4_MARKET_PLUS_SURVIVAL,True,True,True,False,False,NEUTRAL,-0.8177570093457764,RECONSTRUCTED_NOT_PRODUCTION_EXACT
8466,美吉吉-KY,2026-07-01,A,P4_MARKET_PLUS_SURVIVAL,True,True,True,True,True,NEUTRAL,1.4285714285714235,RECONSTRUCTED_NOT_PRODUCTION_EXACT
9935,慶豐富,2026-07-01,A,P4_MARKET_PLUS_SURVIVAL,True,False,False,True,True,NEUTRAL,-4.822335025380708,RECONSTRUCTED_NOT_PRODUCTION_EXACT
00981A,主動統一台股增長,2026-07-02,B,P4_MARKET_PLUS_SURVIVAL,True,False,False,False,False,LOSER,-17.535101404056153,RECONSTRUCTED_NOT_PRODUCTION_EXACT
1417,嘉裕,2026-07-02,B,P4_MARKET_PLUS_SURVIVAL,True,True,True,True,True,NEUTRAL,-5.621621621621619,RECONSTRUCTED_NOT_PRODUCTION_EXACT
1445,大宇,2026-07-02,B,P4_MARKET_PLUS_SURVIVAL,True,True,True,True,True,LOSER,-8.097165991902832,RECONSTRUCTED_NOT_PRODUCTION_EXACT
1466,聚隆,2026-07-02,B,P4_MARKET_PLUS_SURVIVAL,True,True,True,False,False,NEUTRAL,-4.201680672268903,RECONSTRUCTED_NOT_PRODUCTION_EXACT
1467,南緯,2026-07-02,B,P4_MARKET_PLUS_SURVIVAL,True,True,True,True,True,NEUTRAL,-1.4722536806342057,RECONSTRUCTED_NOT_PRODUCTION_EXACT
1474,弘裕,2026-07-02,B,P4_MARKET_PLUS_SURVIVAL,True,True,True,True,True,NEUTRAL,0.9661835748792312,RECONSTRUCTED_NOT_PRODUCTION_EXACT
1712,興農,2026-07-02,B,P4_MARKET_PLUS_SURVIVAL,True,True,True,True,True,NEUTRAL,-1.8633540372670845,RECONSTRUCTED_NOT_PRODUCTION_EXACT
2109,華豐,2026-07-02,B,P4_MARKET_PLUS_SURVIVAL,True,True,True,True,True,NEUTRAL,-0.6802721088435382,RECONSTRUCTED_NOT_PRODUCTION_EXACT
2351,順德,2026-07-02,B,P4_MARKET_PLUS_SURVIVAL,True,True,True,False,False,LOSER,-19.01408450704225,RECONSTRUCTED_NOT_PRODUCTION_EXACT
2467,志聖,2026-07-02,B,P4_MARKET_PLUS_SURVIVAL,True,True,True,False,False,LOSER,-15.197568389057746,RECONSTRUCTED_NOT_PRODUCTION_EXACT
2476,鉅祥,2026-07-02,B,P4_MARKET_PLUS_SURVIVAL,True,True,True,True,True,LOSER,-11.567164179104472,RECONSTRUCTED_NOT_PRODUCTION_EXACT
3443,創意,2026-07-02,B,P4_MARKET_PLUS_SURVIVAL,True,True,True,False,False,LOSER,-28.04878048780488,RECONSTRUCTED_NOT_PRODUCTION_EXACT
3661,世芯-KY,2026-07-02,B,P4_MARKET_PLUS_SURVIVAL,True,True,True,False,False,LOSER,-28.9070480081716,RECONSTRUCTED_NOT_PRODUCTION_EXACT
4572,駐龍,2026-07-02,B,P4_MARKET_PLUS_SURVIVAL,True,True,True,True,True,NEUTRAL,-2.0270270270270285,RECONSTRUCTED_NOT_PRODUCTION_EXACT
4771,望隼,2026-07-02,B,P4_MARKET_PLUS_SURVIVAL,True,True,True,True,True,NEUTRAL,-2.977667493796521,RECONSTRUCTED_NOT_PRODUCTION_EXACT
6515,穎崴,2026-07-02,B,P4_MARKET_PLUS_SURVIVAL,True,True,True,False,False,LOSER,-34.962406015037594,RECONSTRUCTED_NOT_PRODUCTION_EXACT
6525,捷敏-KY,2026-07-02,B,P4_MARKET_PLUS_SURVIVAL,True,True,True,False,False,NEUTRAL,3.603603603603611,RECONSTRUCTED_NOT_PRODUCTION_EXACT
6753,龍德造船,2026-07-02,B,P4_MARKET_PLUS_SURVIVAL,True,False,False,False,False,NEUTRAL,-0.7142857142857117,RECONSTRUCTED_NOT_PRODUCTION_EXACT
1217,愛之味,2026-07-03,B,P4_MARKET_PLUS_SURVIVAL,True,True,True,True,True,NEUTRAL,-1.9704433497537033,RECONSTRUCTED_NOT_PRODUCTION_EXACT
1304,台聚,2026-07-03,B,P4_MARKET_PLUS_SURVIVAL,True,True,True,False,False,LOSER,-16.451612903225808,RECONSTRUCTED_NOT_PRODUCTION_EXACT
1321,大洋,2026-07-03,B,P4_MARKET_PLUS_SURVIVAL,True,True,True,False,False,NEUTRAL,0.3134796238244641,RECONSTRUCTED_NOT_PRODUCTION_EXACT
1452,宏益,2026-07-03,B,P4_MARKET_PLUS_SURVIVAL,True,True,True,True,True,NEUTRAL,-3.765690376569031,RECONSTRUCTED_NOT_PRODUCTION_EXACT
1464,得力,2026-07-03,B,P4_MARKET_PLUS_SURVIVAL,True,True,True,True,True,NEUTRAL,-5.000000000000004,RECONSTRUCTED_NOT_PRODUCTION_EXACT
1702,南僑,2026-07-03,B,P4_MARKET_PLUS_SURVIVAL,True,True,True,True,True,NEUTRAL,4.147465437788034,RECONSTRUCTED_NOT_PRODUCTION_EXACT
1717,長興,2026-07-03,B,P4_MARKET_PLUS_SURVIVAL,True,True,True,False,False,LOSER,-23.89705882352941,RECONSTRUCTED_NOT_PRODUCTION_EXACT
2231,為升,2026-07-03,B,P4_MARKET_PLUS_SURVIVAL,True,True,True,False,False,LOSER,-9.704641350210974,RECONSTRUCTED_NOT_PRODUCTION_EXACT
2617,台航,2026-07-03,B,P4_MARKET_PLUS_SURVIVAL,True,True,True,True,True,LOSER,-6.065573770491806,RECONSTRUCTED_NOT_PRODUCTION_EXACT
3518,柏騰,2026-07-03,B,P4_MARKET_PLUS_SURVIVAL,True,True,True,False,False,LOSER,-27.922971114167815,RECONSTRUCTED_NOT_PRODUCTION_EXACT
4989,榮科,2026-07-03,B,P4_MARKET_PLUS_SURVIVAL,True,False,False,False,False,LOSER,-41.26696832579185,RECONSTRUCTED_NOT_PRODUCTION_EXACT
6477,安集,2026-07-03,B,P4_MARKET_PLUS_SURVIVAL,True,True,True,False,False,NEUTRAL,11.111111111111116,RECONSTRUCTED_NOT_PRODUCTION_EXACT
7818,溢泰實業,2026-07-03,B,P4_MARKET_PLUS_SURVIVAL,True,True,True,True,True,NEUTRAL,-0.2906976744186051,RECONSTRUCTED_NOT_PRODUCTION_EXACT
9911,櫻花,2026-07-03,B,P4_MARKET_PLUS_SURVIVAL,True,True,True,True,True,NEUTRAL,-2.347417840375587,RECONSTRUCTED_NOT_PRODUCTION_EXACT
1256,鮮活果汁-KY,2026-07-06,B,P4_MARKET_PLUS_SURVIVAL,True,True,True,True,True,LOSER,-7.0351758793969825,RECONSTRUCTED_NOT_PRODUCTION_EXACT
1339,昭輝,2026-07-06,B,P4_MARKET_PLUS_SURVIVAL,True,True,True,True,True,NEUTRAL,-0.660066006600668,RECONSTRUCTED_NOT_PRODUCTION_EXACT
1604,聲寶,2026-07-06,B,P4_MARKET_PLUS_SURVIVAL,True,True,True,True,True,NEUTRAL,-1.0504201680672232,RECONSTRUCTED_NOT_PRODUCTION_EXACT
1721,三晃,2026-07-06,B,P4_MARKET_PLUS_SURVIVAL,True,True,True,False,False,LOSER,-29.259896729776248,RECONSTRUCTED_NOT_PRODUCTION_EXACT
1727,中華化,2026-07-06,B,P4_MARKET_PLUS_SURVIVAL,True,True,True,False,False,LOSER,-19.901477832512317,RECONSTRUCTED_NOT_PRODUCTION_EXACT
1760,寶齡富錦,2026-07-06,B,P4_MARKET_PLUS_SURVIVAL,True,True,True,True,True,LOSER,-6.676783004552355,RECONSTRUCTED_NOT_PRODUCTION_EXACT
1773,勝一,2026-07-06,B,P4_MARKET_PLUS_SURVIVAL,True,True,True,False,False,LOSER,-8.378378378378383,RECONSTRUCTED_NOT_PRODUCTION_EXACT
1783,和康生,2026-07-06,B,P4_MARKET_PLUS_SURVIVAL,True,True,True,True,True,NEUTRAL,-1.1083743842364546,RECONSTRUCTED_NOT_PRODUCTION_EXACT
2012,春雨,2026-07-06,B,P4_MARKET_PLUS_SURVIVAL,True,True,True,False,False,NEUTRAL,-4.242424242424237,RECONSTRUCTED_NOT_PRODUCTION_EXACT
2033,佳大,2026-07-06,B,P4_MARKET_PLUS_SURVIVAL,True,True,True,False,False,LOSER,-7.62195121951218,RECONSTRUCTED_NOT_PRODUCTION_EXACT
2104,國際中橡,2026-07-06,B,P4_MARKET_PLUS_SURVIVAL,True,True,True,False,False,LOSER,-8.771929824561408,RECONSTRUCTED_NOT_PRODUCTION_EXACT
2885,元大金,2026-07-06,B,P4_MARKET_PLUS_SURVIVAL,True,True,True,False,False,LOSER,-10.380116959064337,RECONSTRUCTED_NOT_PRODUCTION_EXACT
3031,佰鴻,2026-07-06,B,P4_MARKET_PLUS_SURVIVAL,True,True,True,False,False,LOSER,-26.51851851851852,RECONSTRUCTED_NOT_PRODUCTION_EXACT
6235,華孚,2026-07-06,B,P4_MARKET_PLUS_SURVIVAL,True,True,True,False,False,LOSER,-14.909478168264112,RECONSTRUCTED_NOT_PRODUCTION_EXACT
6782,視陽,2026-07-06,B,P4_MARKET_PLUS_SURVIVAL,True,True,True,False,False,LOSER,-6.714628297362113,RECONSTRUCTED_NOT_PRODUCTION_EXACT
6918,愛派司,2026-07-06,B,P4_MARKET_PLUS_SURVIVAL,True,True,True,True,True,NEUTRAL,-3.443708609271512,RECONSTRUCTED_NOT_PRODUCTION_EXACT
9912,偉聯,2026-07-06,B,P4_MARKET_PLUS_SURVIVAL,True,True,True,True,True,NEUTRAL,-0.7874015748031482,RECONSTRUCTED_NOT_PRODUCTION_EXACT
1419,新紡,2026-07-07,B,P4_MARKET_PLUS_SURVIVAL,True,True,True,False,False,NEUTRAL,-0.1515151515151469,RECONSTRUCTED_NOT_PRODUCTION_EXACT
2034,允強,2026-07-07,B,P4_MARKET_PLUS_SURVIVAL,True,True,True,True,True,NEUTRAL,-5.32687651331718,RECONSTRUCTED_NOT_PRODUCTION_EXACT
2208,台船,2026-07-07,B,P4_MARKET_PLUS_SURVIVAL,True,False,False,False,False,NEUTRAL,3.076923076923088,RECONSTRUCTED_NOT_PRODUCTION_EXACT
2390,云辰,2026-07-07,B,P4_MARKET_PLUS_SURVIVAL,True,True,True,False,False,LOSER,-12.355212355212352,RECONSTRUCTED_NOT_PRODUCTION_EXACT
2480,敦陽科,2026-07-07,B,P4_MARKET_PLUS_SURVIVAL,True,True,True,True,True,NEUTRAL,-1.851851851851849,RECONSTRUCTED_NOT_PRODUCTION_EXACT
2901,欣欣,2026-07-07,B,P4_MARKET_PLUS_SURVIVAL,True,True,True,False,False,NEUTRAL,1.2396694214876105,RECONSTRUCTED_NOT_PRODUCTION_EXACT
3545,敦泰,2026-07-07,B,P4_MARKET_PLUS_SURVIVAL,True,False,False,False,False,LOSER,-11.908931698774085,RECONSTRUCTED_NOT_PRODUCTION_EXACT
4133,亞諾法,2026-07-07,B,P4_MARKET_PLUS_SURVIVAL,True,True,True,True,True,NEUTRAL,2.1226415094339535,RECONSTRUCTED_NOT_PRODUCTION_EXACT
4438,廣越,2026-07-07,B,P4_MARKET_PLUS_SURVIVAL,True,True,True,True,True,NEUTRAL,-2.8799999999999937,RECONSTRUCTED_NOT_PRODUCTION_EXACT
4576,大銀微系統,2026-07-07,B,P4_MARKET_PLUS_SURVIVAL,True,True,True,False,False,LOSER,-11.210762331838565,RECONSTRUCTED_NOT_PRODUCTION_EXACT
4961,天鈺,2026-07-07,B,P4_MARKET_PLUS_SURVIVAL,True,True,True,False,False,LOSER,-6.000000000000005,RECONSTRUCTED_NOT_PRODUCTION_EXACT
6201,亞弘電,2026-07-07,B,P4_MARKET_PLUS_SURVIVAL,True,True,True,True,True,NEUTRAL,-0.3051881993896166,RECONSTRUCTED_NOT_PRODUCTION_EXACT
6416,瑞祺電通,2026-07-07,B,P4_MARKET_PLUS_SURVIVAL,True,True,True,True,True,WINNER,16.483516483516492,RECONSTRUCTED_NOT_PRODUCTION_EXACT
6873,泓德能源-創,2026-07-07,B,P4_MARKET_PLUS_SURVIVAL,True,True,True,False,False,NEUTRAL,-1.7937219730941756,RECONSTRUCTED_NOT_PRODUCTION_EXACT
1203,味王,2026-07-08,B,P4_MARKET_PLUS_SURVIVAL,False,True,True,False,False,NEUTRAL,8.755760368663612,RECONSTRUCTED_NOT_PRODUCTION_EXACT
1416,廣豐,2026-07-08,B,P4_MARKET_PLUS_SURVIVAL,True,True,True,True,True,NEUTRAL,0.0,RECONSTRUCTED_NOT_PRODUCTION_EXACT
2388,威盛,2026-07-08,B,P4_MARKET_PLUS_SURVIVAL,False,False,False,False,False,NEUTRAL,-1.2113055181695698,RECONSTRUCTED_NOT_PRODUCTION_EXACT
2427,三商電,2026-07-08,B,P4_MARKET_PLUS_SURVIVAL,False,False,False,False,False,LOSER,-9.197651663405091,RECONSTRUCTED_NOT_PRODUCTION_EXACT
3416,融程電,2026-07-08,B,P4_MARKET_PLUS_SURVIVAL,False,True,False,False,False,NEUTRAL,-4.545454545454541,RECONSTRUCTED_NOT_PRODUCTION_EXACT
4178,永笙-KY,2026-07-08,B,P4_MARKET_PLUS_SURVIVAL,False,True,False,False,False,NEUTRAL,-0.7792207792207684,RECONSTRUCTED_NOT_PRODUCTION_EXACT
4195,基米-創,2026-07-08,B,P4_MARKET_PLUS_SURVIVAL,True,True,True,True,True,LOSER,-7.954545454545469,RECONSTRUCTED_NOT_PRODUCTION_EXACT
5269,祥碩,2026-07-08,B,P4_MARKET_PLUS_SURVIVAL,False,False,False,False,False,LOSER,-7.868852459016395,RECONSTRUCTED_NOT_PRODUCTION_EXACT
6794,向榮生技-創,2026-07-08,B,P4_MARKET_PLUS_SURVIVAL,False,True,False,False,False,NEUTRAL,-5.589307411907651,RECONSTRUCTED_NOT_PRODUCTION_EXACT
6934,心誠鎂,2026-07-08,B,P4_MARKET_PLUS_SURVIVAL,False,True,True,False,False,NEUTRAL,8.42391304347827,RECONSTRUCTED_NOT_PRODUCTION_EXACT
8443,阿瘦,2026-07-08,B,P4_MARKET_PLUS_SURVIVAL,True,True,False,True,True,NEUTRAL,-1.30434782608696,RECONSTRUCTED_NOT_PRODUCTION_EXACT
020037,元大金融高股息N,2026-07-09,B,P4_MARKET_PLUS_SURVIVAL,False,False,False,False,False,NEUTRAL,0.7252946509519465,RECONSTRUCTED_NOT_PRODUCTION_EXACT
1536,和大,2026-07-09,B,P4_MARKET_PLUS_SURVIVAL,False,True,False,True,False,LOSER,-7.454545454545459,RECONSTRUCTED_NOT_PRODUCTION_EXACT
1623,大東電,2026-07-09,B,P4_MARKET_PLUS_SURVIVAL,False,True,False,False,False,NEUTRAL,-3.31125827814569,RECONSTRUCTED_NOT_PRODUCTION_EXACT
2431,聯昌,2026-07-09,B,P4_MARKET_PLUS_SURVIVAL,False,False,False,False,False,LOSER,-6.550218340611358,RECONSTRUCTED_NOT_PRODUCTION_EXACT
2465,麗臺,2026-07-09,B,P4_MARKET_PLUS_SURVIVAL,False,True,False,False,False,LOSER,-10.05586592178771,RECONSTRUCTED_NOT_PRODUCTION_EXACT
2486,一詮,2026-07-09,B,P4_MARKET_PLUS_SURVIVAL,False,True,False,False,False,LOSER,-15.444015444015449,RECONSTRUCTED_NOT_PRODUCTION_EXACT
3005,神基,2026-07-09,B,P4_MARKET_PLUS_SURVIVAL,False,False,False,False,False,NEUTRAL,0.8928571428571397,RECONSTRUCTED_NOT_PRODUCTION_EXACT
3015,全漢,2026-07-09,B,P4_MARKET_PLUS_SURVIVAL,False,False,False,False,False,LOSER,-15.10903426791278,RECONSTRUCTED_NOT_PRODUCTION_EXACT
3617,碩天,2026-07-09,B,P4_MARKET_PLUS_SURVIVAL,False,True,False,True,False,LOSER,-11.98347107438017,RECONSTRUCTED_NOT_PRODUCTION_EXACT
5258,虹堡,2026-07-09,B,P4_MARKET_PLUS_SURVIVAL,False,True,False,False,False,NEUTRAL,-1.325757575757569,RECONSTRUCTED_NOT_PRODUCTION_EXACT
6176,瑞儀,2026-07-09,B,P4_MARKET_PLUS_SURVIVAL,True,False,False,True,True,NEUTRAL,-2.759381898454749,RECONSTRUCTED_NOT_PRODUCTION_EXACT
6928,攸泰科技,2026-07-09,B,P4_MARKET_PLUS_SURVIVAL,False,True,False,False,False,NEUTRAL,0.5628517823639934,RECONSTRUCTED_NOT_PRODUCTION_EXACT
7823,奧義賽博-KY創,2026-07-09,B,P4_MARKET_PLUS_SURVIVAL,False,True,False,True,False,LOSER,-6.4189189189189255,RECONSTRUCTED_NOT_PRODUCTION_EXACT
1232,大統益,2026-07-13,C,P4_MARKET_PLUS_SURVIVAL,True,True,False,True,True,,,RECONSTRUCTED_NOT_PRODUCTION_EXACT
1308,亞聚,2026-07-13,C,P4_MARKET_PLUS_SURVIVAL,False,True,False,False,False,,,RECONSTRUCTED_NOT_PRODUCTION_EXACT
2101,南港,2026-07-13,C,P4_MARKET_PLUS_SURVIVAL,True,False,False,True,True,,,RECONSTRUCTED_NOT_PRODUCTION_EXACT
2321,東訊,2026-07-13,C,P4_MARKET_PLUS_SURVIVAL,False,True,False,False,False,,,RECONSTRUCTED_NOT_PRODUCTION_EXACT
2374,佳能,2026-07-13,C,P4_MARKET_PLUS_SURVIVAL,False,True,False,False,False,,,RECONSTRUCTED_NOT_PRODUCTION_EXACT
2482,連宇,2026-07-13,C,P4_MARKET_PLUS_SURVIVAL,True,True,False,True,True,,,RECONSTRUCTED_NOT_PRODUCTION_EXACT
3596,智易,2026-07-13,C,P4_MARKET_PLUS_SURVIVAL,False,True,False,False,False,,,RECONSTRUCTED_NOT_PRODUCTION_EXACT
3694,海華,2026-07-13,C,P4_MARKET_PLUS_SURVIVAL,False,True,False,False,False,,,RECONSTRUCTED_NOT_PRODUCTION_EXACT
4564,元翎,2026-07-13,C,P4_MARKET_PLUS_SURVIVAL,False,True,False,False,False,,,RECONSTRUCTED_NOT_PRODUCTION_EXACT
4764,雙鍵,2026-07-13,C,P4_MARKET_PLUS_SURVIVAL,False,True,False,False,False,,,RECONSTRUCTED_NOT_PRODUCTION_EXACT
6142,友勁,2026-07-13,C,P4_MARKET_PLUS_SURVIVAL,False,True,False,False,False,,,RECONSTRUCTED_NOT_PRODUCTION_EXACT
6225,天瀚,2026-07-13,C,P4_MARKET_PLUS_SURVIVAL,False,True,False,False,False,,,RECONSTRUCTED_NOT_PRODUCTION_EXACT
6533,晶心科,2026-07-13,C,P4_MARKET_PLUS_SURVIVAL,False,True,False,False,False,,,RECONSTRUCTED_NOT_PRODUCTION_EXACT
6863,永道-KY,2026-07-13,C,P4_MARKET_PLUS_SURVIVAL,True,True,False,True,True,,,RECONSTRUCTED_NOT_PRODUCTION_EXACT
6933,AMAX-KY,2026-07-13,C,P4_MARKET_PLUS_SURVIVAL,False,True,False,False,False,,,RECONSTRUCTED_NOT_PRODUCTION_EXACT
8442,威宏-KY,2026-07-13,C,P4_MARKET_PLUS_SURVIVAL,False,True,False,False,False,,,RECONSTRUCTED_NOT_PRODUCTION_EXACT
9925,新保,2026-07-13,C,P4_MARKET_PLUS_SURVIVAL,True,False,False,True,True,,,RECONSTRUCTED_NOT_PRODUCTION_EXACT
9938,百和,2026-07-13,C,P4_MARKET_PLUS_SURVIVAL,False,False,False,False,False,,,RECONSTRUCTED_NOT_PRODUCTION_EXACT
1410,南染,2026-07-14,C,P4_MARKET_PLUS_SURVIVAL,False,True,False,True,False,,,RECONSTRUCTED_NOT_PRODUCTION_EXACT
1468,昶和,2026-07-14,C,P4_MARKET_PLUS_SURVIVAL,True,True,False,True,True,,,RECONSTRUCTED_NOT_PRODUCTION_EXACT
1476,儒鴻,2026-07-14,C,P4_MARKET_PLUS_SURVIVAL,True,True,False,True,True,,,RECONSTRUCTED_NOT_PRODUCTION_EXACT
1733,五鼎,2026-07-14,C,P4_MARKET_PLUS_SURVIVAL,True,True,False,True,True,,,RECONSTRUCTED_NOT_PRODUCTION_EXACT
1734,杏輝,2026-07-14,C,P4_MARKET_PLUS_SURVIVAL,True,True,False,True,True,,,RECONSTRUCTED_NOT_PRODUCTION_EXACT
2006,東和鋼鐵,2026-07-14,C,P4_MARKET_PLUS_SURVIVAL,False,True,False,True,False,,,RECONSTRUCTED_NOT_PRODUCTION_EXACT
2023,燁輝,2026-07-14,C,P4_MARKET_PLUS_SURVIVAL,False,True,False,True,False,,,RECONSTRUCTED_NOT_PRODUCTION_EXACT
2207,和泰車,2026-07-14,C,P4_MARKET_PLUS_SURVIVAL,False,True,False,True,False,,,RECONSTRUCTED_NOT_PRODUCTION_EXACT
2704,國賓,2026-07-14,C,P4_MARKET_PLUS_SURVIVAL,True,True,False,True,True,,,RECONSTRUCTED_NOT_PRODUCTION_EXACT
3702,大聯大,2026-07-14,C,P4_MARKET_PLUS_SURVIVAL,False,True,False,True,False,,,RECONSTRUCTED_NOT_PRODUCTION_EXACT
4104,佳醫,2026-07-14,C,P4_MARKET_PLUS_SURVIVAL,True,True,False,True,True,,,RECONSTRUCTED_NOT_PRODUCTION_EXACT
4106,雃博,2026-07-14,C,P4_MARKET_PLUS_SURVIVAL,True,True,False,True,True,,,RECONSTRUCTED_NOT_PRODUCTION_EXACT
4736,泰博,2026-07-14,C,P4_MARKET_PLUS_SURVIVAL,True,True,False,True,True,,,RECONSTRUCTED_NOT_PRODUCTION_EXACT
5306,桂盟,2026-07-14,C,P4_MARKET_PLUS_SURVIVAL,False,True,False,True,False,,,RECONSTRUCTED_NOT_PRODUCTION_EXACT
5525,順天,2026-07-14,C,P4_MARKET_PLUS_SURVIVAL,False,True,False,True,False,,,RECONSTRUCTED_NOT_PRODUCTION_EXACT
5538,東明-KY,2026-07-14,C,P4_MARKET_PLUS_SURVIVAL,False,True,False,True,False,,,RECONSTRUCTED_NOT_PRODUCTION_EXACT
6534,正瀚-創,2026-07-14,C,P4_MARKET_PLUS_SURVIVAL,True,True,False,True,True,,,RECONSTRUCTED_NOT_PRODUCTION_EXACT
8411,福貞-KY,2026-07-14,C,P4_MARKET_PLUS_SURVIVAL,True,True,False,True,True,,,RECONSTRUCTED_NOT_PRODUCTION_EXACT
8462,柏文,2026-07-14,C,P4_MARKET_PLUS_SURVIVAL,True,True,False,True,True,,,RECONSTRUCTED_NOT_PRODUCTION_EXACT
8481,政伸,2026-07-14,C,P4_MARKET_PLUS_SURVIVAL,True,True,False,True,True,,,RECONSTRUCTED_NOT_PRODUCTION_EXACT
910322,康師傅-DR,2026-07-14,C,P4_MARKET_PLUS_SURVIVAL,False,True,False,True,False,,,RECONSTRUCTED_NOT_PRODUCTION_EXACT
2015,豐興,2026-07-15,C,P4_MARKET_PLUS_SURVIVAL,False,True,False,False,False,,,RECONSTRUCTED_NOT_PRODUCTION_EXACT
6464,台數科,2026-07-15,C,P4_MARKET_PLUS_SURVIVAL,True,False,False,True,True,,,RECONSTRUCTED_NOT_PRODUCTION_EXACT
6598,ABC-KY,2026-07-15,C,P4_MARKET_PLUS_SURVIVAL,False,True,False,False,False,,,RECONSTRUCTED_NOT_PRODUCTION_EXACT
6669,緯穎,2026-07-15,C,P4_MARKET_PLUS_SURVIVAL,False,True,False,False,False,,,RECONSTRUCTED_NOT_PRODUCTION_EXACT
6887,寶綠特-KY,2026-07-15,C,P4_MARKET_PLUS_SURVIVAL,False,True,False,False,False,,,RECONSTRUCTED_NOT_PRODUCTION_EXACT
8478,東哥遊艇,2026-07-15,C,P4_MARKET_PLUS_SURVIVAL,False,True,False,False,False,,,RECONSTRUCTED_NOT_PRODUCTION_EXACT
8499,鼎炫-KY,2026-07-15,C,P4_MARKET_PLUS_SURVIVAL,False,True,False,False,False,,,RECONSTRUCTED_NOT_PRODUCTION_EXACT
9927,泰銘,2026-07-15,C,P4_MARKET_PLUS_SURVIVAL,True,True,False,True,True,,,RECONSTRUCTED_NOT_PRODUCTION_EXACT
00715L,期街口布蘭特正2,2026-07-16,C,P4_MARKET_PLUS_SURVIVAL,False,False,False,False,False,,,RECONSTRUCTED_NOT_PRODUCTION_EXACT
00916,國泰全球品牌50,2026-07-16,C,P4_MARKET_PLUS_SURVIVAL,True,False,False,True,True,,,RECONSTRUCTED_NOT_PRODUCTION_EXACT
1101,台泥,2026-07-16,C,P4_MARKET_PLUS_SURVIVAL,False,True,False,True,False,,,RECONSTRUCTED_NOT_PRODUCTION_EXACT
1103,嘉泥,2026-07-16,C,P4_MARKET_PLUS_SURVIVAL,True,True,False,True,True,,,RECONSTRUCTED_NOT_PRODUCTION_EXACT
1110,東泥,2026-07-16,C,P4_MARKET_PLUS_SURVIVAL,False,True,False,False,False,,,RECONSTRUCTED_NOT_PRODUCTION_EXACT
1436,華友聯,2026-07-16,C,P4_MARKET_PLUS_SURVIVAL,True,True,True,True,True,,,RECONSTRUCTED_NOT_PRODUCTION_EXACT
1439,雋揚,2026-07-16,C,P4_MARKET_PLUS_SURVIVAL,False,True,True,False,False,,,RECONSTRUCTED_NOT_PRODUCTION_EXACT
1442,名軒,2026-07-16,C,P4_MARKET_PLUS_SURVIVAL,True,True,True,True,True,,,RECONSTRUCTED_NOT_PRODUCTION_EXACT
1732,毛寶,2026-07-16,C,P4_MARKET_PLUS_SURVIVAL,False,True,True,True,False,,,RECONSTRUCTED_NOT_PRODUCTION_EXACT
2459,敦吉,2026-07-16,C,P4_MARKET_PLUS_SURVIVAL,True,True,False,True,True,,,RECONSTRUCTED_NOT_PRODUCTION_EXACT
2524,京城,2026-07-16,C,P4_MARKET_PLUS_SURVIVAL,False,True,True,True,False,,,RECONSTRUCTED_NOT_PRODUCTION_EXACT
3266,昇陽,2026-07-16,C,P4_MARKET_PLUS_SURVIVAL,False,True,True,True,False,,,RECONSTRUCTED_NOT_PRODUCTION_EXACT
6789,采鈺,2026-07-16,C,P4_MARKET_PLUS_SURVIVAL,False,True,False,False,False,,,RECONSTRUCTED_NOT_PRODUCTION_EXACT
8404,百和興業-KY,2026-07-16,C,P4_MARKET_PLUS_SURVIVAL,False,True,False,True,False,,,RECONSTRUCTED_NOT_PRODUCTION_EXACT
OilGasElectricity,油電燃氣類指數,2026-07-16,C,P4_MARKET_PLUS_SURVIVAL,False,False,False,False,False,,,RECONSTRUCTED_NOT_PRODUCTION_EXACT
00632R,元大台灣50反1,2026-07-17,C,P4_MARKET_PLUS_SURVIVAL,False,False,False,False,False,,,RECONSTRUCTED_NOT_PRODUCTION_EXACT
00642U,期元大S&P石油,2026-07-17,C,P4_MARKET_PLUS_SURVIVAL,False,False,False,False,False,,,RECONSTRUCTED_NOT_PRODUCTION_EXACT
00664R,國泰臺灣加權反1,2026-07-17,C,P4_MARKET_PLUS_SURVIVAL,False,False,False,True,False,,,RECONSTRUCTED_NOT_PRODUCTION_EXACT
00676R,富邦臺灣加權反1,2026-07-17,C,P4_MARKET_PLUS_SURVIVAL,False,False,False,True,False,,,RECONSTRUCTED_NOT_PRODUCTION_EXACT
1201,味全,2026-07-17,C,P4_MARKET_PLUS_SURVIVAL,False,True,False,True,False,,,RECONSTRUCTED_NOT_PRODUCTION_EXACT
1231,聯華食,2026-07-17,C,P4_MARKET_PLUS_SURVIVAL,False,True,False,True,False,,,RECONSTRUCTED_NOT_PRODUCTION_EXACT
1323,永裕,2026-07-17,C,P4_MARKET_PLUS_SURVIVAL,False,True,False,True,False,,,RECONSTRUCTED_NOT_PRODUCTION_EXACT
2008,高興昌,2026-07-17,C,P4_MARKET_PLUS_SURVIVAL,False,True,False,False,False,,,RECONSTRUCTED_NOT_PRODUCTION_EXACT
2024,志聯,2026-07-17,C,P4_MARKET_PLUS_SURVIVAL,False,True,False,True,False,,,RECONSTRUCTED_NOT_PRODUCTION_EXACT
2105,正新,2026-07-17,C,P4_MARKET_PLUS_SURVIVAL,False,True,False,True,False,,,RECONSTRUCTED_NOT_PRODUCTION_EXACT
2115,六暉-KY,2026-07-17,C,P4_MARKET_PLUS_SURVIVAL,False,True,False,False,False,,,RECONSTRUCTED_NOT_PRODUCTION_EXACT
2608,嘉里大榮,2026-07-17,C,P4_MARKET_PLUS_SURVIVAL,False,True,False,False,False,,,RECONSTRUCTED_NOT_PRODUCTION_EXACT
2929,淘帝-KY,2026-07-17,C,P4_MARKET_PLUS_SURVIVAL,False,True,False,False,False,,,RECONSTRUCTED_NOT_PRODUCTION_EXACT
3024,憶聲,2026-07-17,C,P4_MARKET_PLUS_SURVIVAL,False,True,False,True,False,,,RECONSTRUCTED_NOT_PRODUCTION_EXACT
4582,聚恆-創,2026-07-17,C,P4_MARKET_PLUS_SURVIVAL,False,True,False,False,False,,,RECONSTRUCTED_NOT_PRODUCTION_EXACT
6937,天虹,2026-07-17,C,P4_MARKET_PLUS_SURVIVAL,False,True,False,False,False,,,RECONSTRUCTED_NOT_PRODUCTION_EXACT
00665L,富邦恒生國企正2,2026-07-20,C,P4_MARKET_PLUS_SURVIVAL,False,False,False,False,False,,,RECONSTRUCTED_NOT_PRODUCTION_EXACT
00686R,群益臺灣加權反1,2026-07-20,C,P4_MARKET_PLUS_SURVIVAL,False,False,False,False,False,,,RECONSTRUCTED_NOT_PRODUCTION_EXACT
1220,台榮,2026-07-20,C,P4_MARKET_PLUS_SURVIVAL,False,True,False,False,False,,,RECONSTRUCTED_NOT_PRODUCTION_EXACT
1233,天仁,2026-07-20,C,P4_MARKET_PLUS_SURVIVAL,False,True,False,True,False,,,RECONSTRUCTED_NOT_PRODUCTION_EXACT
1235,興泰,2026-07-20,C,P4_MARKET_PLUS_SURVIVAL,False,True,False,True,False,,,RECONSTRUCTED_NOT_PRODUCTION_EXACT
1614,三洋電,2026-07-20,C,P4_MARKET_PLUS_SURVIVAL,False,True,False,False,False,,,RECONSTRUCTED_NOT_PRODUCTION_EXACT
2762,世界健身-KY,2026-07-20,C,P4_MARKET_PLUS_SURVIVAL,False,True,False,True,False,,,RECONSTRUCTED_NOT_PRODUCTION_EXACT
3679,新至陞,2026-07-20,C,P4_MARKET_PLUS_SURVIVAL,False,True,False,False,False,,,RECONSTRUCTED_NOT_PRODUCTION_EXACT
4770,上品,2026-07-20,C,P4_MARKET_PLUS_SURVIVAL,False,True,False,False,False,,,RECONSTRUCTED_NOT_PRODUCTION_EXACT
6281,全國電,2026-07-20,C,P4_MARKET_PLUS_SURVIVAL,False,True,False,False,False,,,RECONSTRUCTED_NOT_PRODUCTION_EXACT
6969,成信實業*-創,2026-07-20,C,P4_MARKET_PLUS_SURVIVAL,False,True,False,False,False,,,RECONSTRUCTED_NOT_PRODUCTION_EXACT
7740,熙特爾-創,2026-07-20,C,P4_MARKET_PLUS_SURVIVAL,False,True,False,False,False,,,RECONSTRUCTED_NOT_PRODUCTION_EXACT
8367,建新國際,2026-07-20,C,P4_MARKET_PLUS_SURVIVAL,False,True,False,False,False,,,RECONSTRUCTED_NOT_PRODUCTION_EXACT
9939,宏全,2026-07-20,C,P4_MARKET_PLUS_SURVIVAL,False,True,False,False,False,,,RECONSTRUCTED_NOT_PRODUCTION_EXACT
00753L,中信中國50正2,2026-07-21,C,P4_MARKET_PLUS_SURVIVAL,False,False,False,False,False,,,RECONSTRUCTED_NOT_PRODUCTION_EXACT
2029,盛餘,2026-07-21,C,P4_MARKET_PLUS_SURVIVAL,False,True,False,True,False,,,RECONSTRUCTED_NOT_PRODUCTION_EXACT
2347,聯強,2026-07-21,C,P4_MARKET_PLUS_SURVIVAL,False,False,False,False,False,,,RECONSTRUCTED_NOT_PRODUCTION_EXACT
8045,達運光電,2026-07-21,C,P4_MARKET_PLUS_SURVIVAL,False,True,False,False,False,,,RECONSTRUCTED_NOT_PRODUCTION_EXACT
9103,美德醫療-DR,2026-07-21,C,P4_MARKET_PLUS_SURVIVAL,False,True,False,False,False,,,RECONSTRUCTED_NOT_PRODUCTION_EXACT
9924,福興,2026-07-21,C,P4_MARKET_PLUS_SURVIVAL,False,True,False,True,False,,,RECONSTRUCTED_NOT_PRODUCTION_EXACT
00636,國泰中國A50,2026-07-22,C,P4_MARKET_PLUS_SURVIVAL,False,False,False,False,False,,,RECONSTRUCTED_NOT_PRODUCTION_EXACT
00669R,國泰美國道瓊反1,2026-07-22,C,P4_MARKET_PLUS_SURVIVAL,False,False,False,True,False,,,RECONSTRUCTED_NOT_PRODUCTION_EXACT
00693U,期街口S&P黃豆,2026-07-22,C,P4_MARKET_PLUS_SURVIVAL,False,False,False,True,False,,,RECONSTRUCTED_NOT_PRODUCTION_EXACT
00700,富邦恒生國企,2026-07-22,C,P4_MARKET_PLUS_SURVIVAL,False,False,False,True,False,,,RECONSTRUCTED_NOT_PRODUCTION_EXACT
00702,國泰標普低波高息,2026-07-22,C,P4_MARKET_PLUS_SURVIVAL,False,False,False,False,False,,,RECONSTRUCTED_NOT_PRODUCTION_EXACT
00709,富邦歐洲,2026-07-22,C,P4_MARKET_PLUS_SURVIVAL,False,False,False,True,False,,,RECONSTRUCTED_NOT_PRODUCTION_EXACT
00710B,復華彭博非投等債,2026-07-22,C,P4_MARKET_PLUS_SURVIVAL,False,False,False,True,False,,,RECONSTRUCTED_NOT_PRODUCTION_EXACT
00752,中信中國50,2026-07-22,C,P4_MARKET_PLUS_SURVIVAL,False,False,False,True,False,,,RECONSTRUCTED_NOT_PRODUCTION_EXACT
00763U,期街口道瓊銅,2026-07-22,C,P4_MARKET_PLUS_SURVIVAL,False,False,False,False,False,,,RECONSTRUCTED_NOT_PRODUCTION_EXACT
00917,中信特選金融,2026-07-22,C,P4_MARKET_PLUS_SURVIVAL,False,False,False,False,False,,,RECONSTRUCTED_NOT_PRODUCTION_EXACT
00924,復華S&P500成長,2026-07-22,C,P4_MARKET_PLUS_SURVIVAL,False,False,False,True,False,,,RECONSTRUCTED_NOT_PRODUCTION_EXACT
00926,凱基全球菁英55,2026-07-22,C,P4_MARKET_PLUS_SURVIVAL,False,False,False,True,False,,,RECONSTRUCTED_NOT_PRODUCTION_EXACT
00945B,凱基美國非投等債,2026-07-22,C,P4_MARKET_PLUS_SURVIVAL,False,False,False,False,False,,,RECONSTRUCTED_NOT_PRODUCTION_EXACT
00953B,群益優選非投等債,2026-07-22,C,P4_MARKET_PLUS_SURVIVAL,False,False,False,True,False,,,RECONSTRUCTED_NOT_PRODUCTION_EXACT
00956,中信日經高股息,2026-07-22,C,P4_MARKET_PLUS_SURVIVAL,False,False,False,False,False,,,RECONSTRUCTED_NOT_PRODUCTION_EXACT
00960,野村全球航運龍頭,2026-07-22,C,P4_MARKET_PLUS_SURVIVAL,False,False,False,False,False,,,RECONSTRUCTED_NOT_PRODUCTION_EXACT
00961,FT臺灣永續高息,2026-07-22,C,P4_MARKET_PLUS_SURVIVAL,False,False,False,False,False,,,RECONSTRUCTED_NOT_PRODUCTION_EXACT
00972,野村日本動能高息,2026-07-22,C,P4_MARKET_PLUS_SURVIVAL,False,False,False,False,False,,,RECONSTRUCTED_NOT_PRODUCTION_EXACT
009810,玉山全球藍籌100,2026-07-22,C,P4_MARKET_PLUS_SURVIVAL,False,False,False,True,False,,,RECONSTRUCTED_NOT_PRODUCTION_EXACT
009811,統一美國50,2026-07-22,C,P4_MARKET_PLUS_SURVIVAL,False,False,False,True,False,,,RECONSTRUCTED_NOT_PRODUCTION_EXACT
009813,貝萊德標普卓越50,2026-07-22,C,P4_MARKET_PLUS_SURVIVAL,False,False,False,True,False,,,RECONSTRUCTED_NOT_PRODUCTION_EXACT
009817,國泰日本不動產,2026-07-22,C,P4_MARKET_PLUS_SURVIVAL,False,False,False,False,False,,,RECONSTRUCTED_NOT_PRODUCTION_EXACT
1463,強盛新,2026-07-22,C,P4_MARKET_PLUS_SURVIVAL,False,True,False,False,False,,,RECONSTRUCTED_NOT_PRODUCTION_EXACT
3665,貿聯-KY,2026-07-22,C,P4_MARKET_PLUS_SURVIVAL,False,True,False,False,False,,,RECONSTRUCTED_NOT_PRODUCTION_EXACT
3669,圓展,2026-07-22,C,P4_MARKET_PLUS_SURVIVAL,False,True,False,False,False,,,RECONSTRUCTED_NOT_PRODUCTION_EXACT
00640L,富邦日本正2,2026-07-23,C,P4_MARKET_PLUS_SURVIVAL,False,False,False,False,False,,,RECONSTRUCTED_NOT_PRODUCTION_EXACT
00650L,復華香港正2,2026-07-23,C,P4_MARKET_PLUS_SURVIVAL,False,False,False,False,False,,,RECONSTRUCTED_NOT_PRODUCTION_EXACT
00882,中信中國高股息,2026-07-23,C,P4_MARKET_PLUS_SURVIVAL,False,False,False,False,False,,,RECONSTRUCTED_NOT_PRODUCTION_EXACT
1325,恆大,2026-07-23,C,P4_MARKET_PLUS_SURVIVAL,True,True,False,True,True,,,RECONSTRUCTED_NOT_PRODUCTION_EXACT
1418,東華,2026-07-23,C,P4_MARKET_PLUS_SURVIVAL,False,False,False,False,False,,,RECONSTRUCTED_NOT_PRODUCTION_EXACT
6504,南六,2026-07-23,C,P4_MARKET_PLUS_SURVIVAL,False,False,False,False,False,,,RECONSTRUCTED_NOT_PRODUCTION_EXACT
8271,宇瞻,2026-07-23,C,P4_MARKET_PLUS_SURVIVAL,False,True,False,False,False,,,RECONSTRUCTED_NOT_PRODUCTION_EXACT
00681R,元大美債20反1,2026-07-24,C,P4_MARKET_PLUS_SURVIVAL,False,False,False,False,False,,,RECONSTRUCTED_NOT_PRODUCTION_EXACT
2002,中鋼,2026-07-24,C,P4_MARKET_PLUS_SURVIVAL,False,True,False,False,False,,,RECONSTRUCTED_NOT_PRODUCTION_EXACT
2385,群光,2026-07-24,C,P4_MARKET_PLUS_SURVIVAL,True,True,False,True,True,,,RECONSTRUCTED_NOT_PRODUCTION_EXACT
2605,新興,2026-07-24,C,P4_MARKET_PLUS_SURVIVAL,False,True,False,False,False,,,RECONSTRUCTED_NOT_PRODUCTION_EXACT
2609,陽明,2026-07-24,C,P4_MARKET_PLUS_SURVIVAL,False,True,False,False,False,,,RECONSTRUCTED_NOT_PRODUCTION_EXACT
2616,山隆,2026-07-24,C,P4_MARKET_PLUS_SURVIVAL,True,True,False,True,True,,,RECONSTRUCTED_NOT_PRODUCTION_EXACT
2701,萬企,2026-07-24,C,P4_MARKET_PLUS_SURVIVAL,True,True,False,True,True,,,RECONSTRUCTED_NOT_PRODUCTION_EXACT
2712,遠雄來,2026-07-24,C,P4_MARKET_PLUS_SURVIVAL,False,True,False,False,False,,,RECONSTRUCTED_NOT_PRODUCTION_EXACT
7765,中華資安,2026-07-24,C,P4_MARKET_PLUS_SURVIVAL,True,True,False,True,True,,,RECONSTRUCTED_NOT_PRODUCTION_EXACT
9919,康那香,2026-07-24,C,P4_MARKET_PLUS_SURVIVAL,False,True,False,False,False,,,RECONSTRUCTED_NOT_PRODUCTION_EXACT
020036,元大金融配息N,2026-06-11,A,P5_POCKET_PLUS_SURVIVAL,False,False,False,False,False,NEUTRAL,6.236323851203496,RECONSTRUCTED_NOT_PRODUCTION_EXACT
1227,佳格,2026-06-11,A,P5_POCKET_PLUS_SURVIVAL,False,True,True,True,True,NEUTRAL,0.6932409012131657,RECONSTRUCTED_NOT_PRODUCTION_EXACT
1438,三地開發,2026-06-11,A,P5_POCKET_PLUS_SURVIVAL,False,True,False,True,True,NEUTRAL,-5.197505197505192,RECONSTRUCTED_NOT_PRODUCTION_EXACT
1532,勤美,2026-06-11,A,P5_POCKET_PLUS_SURVIVAL,False,True,False,True,True,NEUTRAL,-2.1691973969631184,RECONSTRUCTED_NOT_PRODUCTION_EXACT
1714,和桐,2026-06-11,A,P5_POCKET_PLUS_SURVIVAL,False,True,False,False,False,WINNER,28.819444444444443,RECONSTRUCTED_NOT_PRODUCTION_EXACT
2313,華通,2026-06-11,A,P5_POCKET_PLUS_SURVIVAL,False,True,False,False,False,LOSER,-19.090909090909093,RECONSTRUCTED_NOT_PRODUCTION_EXACT
2355,敬鵬,2026-06-11,A,P5_POCKET_PLUS_SURVIVAL,False,True,False,False,False,LOSER,-11.925042589437815,RECONSTRUCTED_NOT_PRODUCTION_EXACT
2383,台光電,2026-06-11,A,P5_POCKET_PLUS_SURVIVAL,False,True,False,True,True,NEUTRAL,3.140333660451433,RECONSTRUCTED_NOT_PRODUCTION_EXACT
2723,美食-KY,2026-06-11,A,P5_POCKET_PLUS_SURVIVAL,False,True,True,True,True,NEUTRAL,-0.146412884333813,RECONSTRUCTED_NOT_PRODUCTION_EXACT
2905,三商,2026-06-11,A,P5_POCKET_PLUS_SURVIVAL,False,True,False,False,False,NEUTRAL,3.4965034965035,RECONSTRUCTED_NOT_PRODUCTION_EXACT
3003,健和興,2026-06-11,A,P5_POCKET_PLUS_SURVIVAL,False,True,False,True,True,NEUTRAL,-1.9402985074626788,RECONSTRUCTED_NOT_PRODUCTION_EXACT
3025,星通,2026-06-11,A,P5_POCKET_PLUS_SURVIVAL,False,False,False,False,False,NEUTRAL,-3.730272596843631,RECONSTRUCTED_NOT_PRODUCTION_EXACT
5388,中磊,2026-06-11,A,P5_POCKET_PLUS_SURVIVAL,False,False,False,False,False,LOSER,-11.03368176538908,RECONSTRUCTED_NOT_PRODUCTION_EXACT
5519,隆大,2026-06-11,A,P5_POCKET_PLUS_SURVIVAL,False,True,True,True,True,NEUTRAL,0.4431314623338123,RECONSTRUCTED_NOT_PRODUCTION_EXACT
5546,永固-KY,2026-06-11,A,P5_POCKET_PLUS_SURVIVAL,False,True,False,False,False,NEUTRAL,-5.000000000000004,RECONSTRUCTED_NOT_PRODUCTION_EXACT
6133,金橋,2026-06-11,A,P5_POCKET_PLUS_SURVIVAL,False,True,False,False,False,NEUTRAL,-5.054945054945048,RECONSTRUCTED_NOT_PRODUCTION_EXACT
6141,柏承,2026-06-11,A,P5_POCKET_PLUS_SURVIVAL,False,True,False,False,False,WINNER,23.417721518987335,RECONSTRUCTED_NOT_PRODUCTION_EXACT
6189,豐藝,2026-06-11,A,P5_POCKET_PLUS_SURVIVAL,False,True,False,False,False,NEUTRAL,-3.441682600382401,RECONSTRUCTED_NOT_PRODUCTION_EXACT
8070,長華*,2026-06-11,A,P5_POCKET_PLUS_SURVIVAL,False,False,False,False,False,LOSER,-8.673469387755095,RECONSTRUCTED_NOT_PRODUCTION_EXACT
9945,潤泰新,2026-06-11,A,P5_POCKET_PLUS_SURVIVAL,False,True,False,False,False,NEUTRAL,2.111324376199608,RECONSTRUCTED_NOT_PRODUCTION_EXACT
2393,億光,2026-06-12,A,P5_POCKET_PLUS_SURVIVAL,False,True,False,False,False,NEUTRAL,-5.9238363892806785,RECONSTRUCTED_NOT_PRODUCTION_EXACT
2413,環科,2026-06-12,A,P5_POCKET_PLUS_SURVIVAL,False,True,False,False,False,LOSER,-23.937908496732028,RECONSTRUCTED_NOT_PRODUCTION_EXACT
2636,台驊控股,2026-06-12,A,P5_POCKET_PLUS_SURVIVAL,True,True,True,True,True,NEUTRAL,-3.2303370786516794,RECONSTRUCTED_NOT_PRODUCTION_EXACT
3576,聯合再生,2026-06-12,A,P5_POCKET_PLUS_SURVIVAL,False,True,False,False,False,LOSER,-15.151515151515149,RECONSTRUCTED_NOT_PRODUCTION_EXACT
6205,詮欣,2026-06-12,A,P5_POCKET_PLUS_SURVIVAL,False,True,False,False,False,LOSER,-15.14450867052023,RECONSTRUCTED_NOT_PRODUCTION_EXACT
6691,洋基工程,2026-06-12,A,P5_POCKET_PLUS_SURVIVAL,False,True,False,False,False,WINNER,15.384615384615374,RECONSTRUCTED_NOT_PRODUCTION_EXACT
6944,兆聯實業,2026-06-12,A,P5_POCKET_PLUS_SURVIVAL,True,True,False,True,True,NEUTRAL,-0.7063572149344055,RECONSTRUCTED_NOT_PRODUCTION_EXACT
8081,致新,2026-06-12,A,P5_POCKET_PLUS_SURVIVAL,False,True,False,False,False,NEUTRAL,9.71731448763251,RECONSTRUCTED_NOT_PRODUCTION_EXACT
0050,元大台灣50,2026-06-15,A,P5_POCKET_PLUS_SURVIVAL,True,False,False,False,False,NEUTRAL,2.422802850356298,RECONSTRUCTED_NOT_PRODUCTION_EXACT
0055,元大MSCI金融,2026-06-15,A,P5_POCKET_PLUS_SURVIVAL,True,False,False,True,False,NEUTRAL,2.3658536585365875,RECONSTRUCTED_NOT_PRODUCTION_EXACT
006204,永豐臺灣加權,2026-06-15,A,P5_POCKET_PLUS_SURVIVAL,True,False,False,False,False,NEUTRAL,2.841409691629959,RECONSTRUCTED_NOT_PRODUCTION_EXACT
006208,富邦台50,2026-06-15,A,P5_POCKET_PLUS_SURVIVAL,True,False,False,False,False,NEUTRAL,2.498975829578032,RECONSTRUCTED_NOT_PRODUCTION_EXACT
00631L,元大台灣50正2,2026-06-15,A,P5_POCKET_PLUS_SURVIVAL,True,False,False,False,False,NEUTRAL,3.641758834637177,RECONSTRUCTED_NOT_PRODUCTION_EXACT
00657,國泰日經225,2026-06-15,A,P5_POCKET_PLUS_SURVIVAL,True,False,False,False,False,NEUTRAL,1.9183168316831756,RECONSTRUCTED_NOT_PRODUCTION_EXACT
00661,元大日經225,2026-06-15,A,P5_POCKET_PLUS_SURVIVAL,True,False,False,False,False,NEUTRAL,1.7357222844344822,RECONSTRUCTED_NOT_PRODUCTION_EXACT
00663L,國泰臺灣加權正2,2026-06-15,A,P5_POCKET_PLUS_SURVIVAL,True,False,False,False,False,NEUTRAL,3.7639405204461074,RECONSTRUCTED_NOT_PRODUCTION_EXACT
00675L,富邦臺灣加權正2,2026-06-15,A,P5_POCKET_PLUS_SURVIVAL,True,False,False,False,False,NEUTRAL,3.8514653981893465,RECONSTRUCTED_NOT_PRODUCTION_EXACT
00685L,群益臺灣加權正2,2026-06-15,A,P5_POCKET_PLUS_SURVIVAL,True,False,False,False,False,NEUTRAL,3.3958438925494105,RECONSTRUCTED_NOT_PRODUCTION_EXACT
00690,兆豐藍籌30,2026-06-15,A,P5_POCKET_PLUS_SURVIVAL,True,False,False,False,False,NEUTRAL,1.3707165109034136,RECONSTRUCTED_NOT_PRODUCTION_EXACT
00692,富邦公司治理,2026-06-15,A,P5_POCKET_PLUS_SURVIVAL,True,False,False,False,False,NEUTRAL,2.251510159253156,RECONSTRUCTED_NOT_PRODUCTION_EXACT
00701,國泰股利精選30,2026-06-15,A,P5_POCKET_PLUS_SURVIVAL,True,False,False,True,False,NEUTRAL,4.253056884635842,RECONSTRUCTED_NOT_PRODUCTION_EXACT
00731,復華富時高息低波,2026-06-15,A,P5_POCKET_PLUS_SURVIVAL,True,False,False,True,False,NEUTRAL,1.8327605956472093,RECONSTRUCTED_NOT_PRODUCTION_EXACT
00735,國泰臺韓科技,2026-06-15,A,P5_POCKET_PLUS_SURVIVAL,True,False,False,False,False,NEUTRAL,3.4070796460176966,RECONSTRUCTED_NOT_PRODUCTION_EXACT
00830,國泰費城半導體,2026-06-15,A,P5_POCKET_PLUS_SURVIVAL,True,False,False,False,False,NEUTRAL,-0.6602336211274817,RECONSTRUCTED_NOT_PRODUCTION_EXACT
00850,元大臺灣ESG永續,2026-06-15,A,P5_POCKET_PLUS_SURVIVAL,True,False,False,False,False,NEUTRAL,1.8815716657443415,RECONSTRUCTED_NOT_PRODUCTION_EXACT
00876,元大全球5G,2026-06-15,A,P5_POCKET_PLUS_SURVIVAL,True,False,False,False,False,NEUTRAL,7.233181588265047,RECONSTRUCTED_NOT_PRODUCTION_EXACT
00900,富邦特選高股息30,2026-06-15,A,P5_POCKET_PLUS_SURVIVAL,True,False,False,False,False,NEUTRAL,-1.5376729882111806,RECONSTRUCTED_NOT_PRODUCTION_EXACT
00901,永豐智能車供應鏈,2026-06-15,A,P5_POCKET_PLUS_SURVIVAL,True,False,False,False,False,NEUTRAL,1.716738197424883,RECONSTRUCTED_NOT_PRODUCTION_EXACT
00905,FT臺灣Smart,2026-06-15,A,P5_POCKET_PLUS_SURVIVAL,True,False,False,False,False,NEUTRAL,2.743682310469331,RECONSTRUCTED_NOT_PRODUCTION_EXACT
00907,永豐優息存股,2026-06-15,A,P5_POCKET_PLUS_SURVIVAL,True,False,False,True,False,NEUTRAL,-0.916870415647908,RECONSTRUCTED_NOT_PRODUCTION_EXACT
00908,富邦入息REITs+,2026-06-15,A,P5_POCKET_PLUS_SURVIVAL,True,False,False,True,False,NEUTRAL,0.5952380952381153,RECONSTRUCTED_NOT_PRODUCTION_EXACT
00912,中信臺灣智慧50,2026-06-15,A,P5_POCKET_PLUS_SURVIVAL,True,False,False,True,False,NEUTRAL,1.4762326542663071,RECONSTRUCTED_NOT_PRODUCTION_EXACT
00915,凱基優選高股息30,2026-06-15,A,P5_POCKET_PLUS_SURVIVAL,True,False,False,True,False,NEUTRAL,3.242212333121408,RECONSTRUCTED_NOT_PRODUCTION_EXACT
00918,大華優利高填息30,2026-06-15,A,P5_POCKET_PLUS_SURVIVAL,True,False,False,False,False,NEUTRAL,0.7841907151819427,RECONSTRUCTED_NOT_PRODUCTION_EXACT
00923,群益台ESG低碳50,2026-06-15,A,P5_POCKET_PLUS_SURVIVAL,True,False,False,False,False,NEUTRAL,1.5805614531729129,RECONSTRUCTED_NOT_PRODUCTION_EXACT
00927,群益半導體收益,2026-06-15,A,P5_POCKET_PLUS_SURVIVAL,True,False,False,False,False,NEUTRAL,5.402676091895997,RECONSTRUCTED_NOT_PRODUCTION_EXACT
00929,復華台灣科技優息,2026-06-15,A,P5_POCKET_PLUS_SURVIVAL,True,False,False,False,False,NEUTRAL,0.951131518530679,RECONSTRUCTED_NOT_PRODUCTION_EXACT
00930,永豐ESG低碳高息,2026-06-15,A,P5_POCKET_PLUS_SURVIVAL,True,False,False,False,False,NEUTRAL,0.8488278092158463,RECONSTRUCTED_NOT_PRODUCTION_EXACT
00935,野村臺灣新科技50,2026-06-15,A,P5_POCKET_PLUS_SURVIVAL,True,False,False,False,False,NEUTRAL,2.629416598192269,RECONSTRUCTED_NOT_PRODUCTION_EXACT
00939,統一台灣高息動能,2026-06-15,A,P5_POCKET_PLUS_SURVIVAL,True,False,False,True,False,NEUTRAL,0.8932769158439102,RECONSTRUCTED_NOT_PRODUCTION_EXACT
00941,中信上游半導體,2026-06-15,A,P5_POCKET_PLUS_SURVIVAL,True,False,False,False,False,NEUTRAL,4.163750874737593,RECONSTRUCTED_NOT_PRODUCTION_EXACT
00944,野村趨勢動能高息,2026-06-15,A,P5_POCKET_PLUS_SURVIVAL,True,False,False,True,False,NEUTRAL,4.260299625468167,RECONSTRUCTED_NOT_PRODUCTION_EXACT
00947,台新臺灣IC設計,2026-06-15,A,P5_POCKET_PLUS_SURVIVAL,True,False,False,False,False,NEUTRAL,2.6125193998965512,RECONSTRUCTED_NOT_PRODUCTION_EXACT
00951,台新日本半導體,2026-06-15,A,P5_POCKET_PLUS_SURVIVAL,True,False,False,False,False,NEUTRAL,6.278481012658221,RECONSTRUCTED_NOT_PRODUCTION_EXACT
00954,中信日本半導體,2026-06-15,A,P5_POCKET_PLUS_SURVIVAL,True,False,False,False,False,NEUTRAL,6.166982922201147,RECONSTRUCTED_NOT_PRODUCTION_EXACT
009802,富邦旗艦50,2026-06-15,A,P5_POCKET_PLUS_SURVIVAL,True,False,False,False,False,NEUTRAL,-2.5602409638554313,RECONSTRUCTED_NOT_PRODUCTION_EXACT
009804,聯邦台精彩50,2026-06-15,A,P5_POCKET_PLUS_SURVIVAL,True,False,False,False,False,NEUTRAL,2.408111533586798,RECONSTRUCTED_NOT_PRODUCTION_EXACT
00988A,主動統一全球創新,2026-06-15,A,P5_POCKET_PLUS_SURVIVAL,True,False,False,False,False,NEUTRAL,-0.3577817531305816,RECONSTRUCTED_NOT_PRODUCTION_EXACT
00990A,主動元大AI新經濟,2026-06-15,A,P5_POCKET_PLUS_SURVIVAL,True,False,False,False,False,NEUTRAL,1.514411333659016,RECONSTRUCTED_NOT_PRODUCTION_EXACT
2891,中信金,2026-06-15,A,P5_POCKET_PLUS_SURVIVAL,True,True,True,False,False,NEUTRAL,1.2838801711840375,RECONSTRUCTED_NOT_PRODUCTION_EXACT
3041,揚智,2026-06-15,A,P5_POCKET_PLUS_SURVIVAL,True,True,True,False,False,NEUTRAL,5.9259259259259345,RECONSTRUCTED_NOT_PRODUCTION_EXACT
3044,健鼎,2026-06-15,A,P5_POCKET_PLUS_SURVIVAL,True,True,True,False,False,NEUTRAL,-0.3846153846153832,RECONSTRUCTED_NOT_PRODUCTION_EXACT
4551,智伸科,2026-06-15,A,P5_POCKET_PLUS_SURVIVAL,True,True,True,False,False,WINNER,34.730538922155695,RECONSTRUCTED_NOT_PRODUCTION_EXACT
4952,凌通,2026-06-15,A,P5_POCKET_PLUS_SURVIVAL,True,True,True,False,False,NEUTRAL,-1.7094017094017144,RECONSTRUCTED_NOT_PRODUCTION_EXACT
5434,崇越,2026-06-15,A,P5_POCKET_PLUS_SURVIVAL,True,True,True,False,False,WINNER,17.307692307692314,RECONSTRUCTED_NOT_PRODUCTION_EXACT
5471,松翰,2026-06-15,A,P5_POCKET_PLUS_SURVIVAL,True,True,True,False,False,NEUTRAL,7.317073170731714,RECONSTRUCTED_NOT_PRODUCTION_EXACT
6191,精成科,2026-06-15,A,P5_POCKET_PLUS_SURVIVAL,True,True,True,False,False,NEUTRAL,3.398058252427183,RECONSTRUCTED_NOT_PRODUCTION_EXACT
6202,盛群,2026-06-15,A,P5_POCKET_PLUS_SURVIVAL,True,True,True,False,False,NEUTRAL,-0.1533742331288445,RECONSTRUCTED_NOT_PRODUCTION_EXACT
0052,富邦科技,2026-06-16,A,P5_POCKET_PLUS_SURVIVAL,True,False,False,False,False,NEUTRAL,4.122877930476965,RECONSTRUCTED_NOT_PRODUCTION_EXACT
0053,元大電子,2026-06-16,A,P5_POCKET_PLUS_SURVIVAL,True,False,False,False,False,NEUTRAL,3.3912324234904867,RECONSTRUCTED_NOT_PRODUCTION_EXACT
0057,富邦摩台,2026-06-16,A,P5_POCKET_PLUS_SURVIVAL,True,False,False,False,False,NEUTRAL,3.327495621716281,RECONSTRUCTED_NOT_PRODUCTION_EXACT
00851,台新全球AI,2026-06-16,A,P5_POCKET_PLUS_SURVIVAL,True,False,False,False,False,NEUTRAL,1.8280297901151157,RECONSTRUCTED_NOT_PRODUCTION_EXACT
00861,元大全球未來通訊,2026-06-16,A,P5_POCKET_PLUS_SURVIVAL,True,False,False,False,False,NEUTRAL,1.5167364016736462,RECONSTRUCTED_NOT_PRODUCTION_EXACT
00881,國泰台灣科技龍頭,2026-06-16,A,P5_POCKET_PLUS_SURVIVAL,True,False,False,False,False,NEUTRAL,1.823154056517784,RECONSTRUCTED_NOT_PRODUCTION_EXACT
00892,富邦台灣半導體,2026-06-16,A,P5_POCKET_PLUS_SURVIVAL,True,False,False,False,False,NEUTRAL,3.2451655923538603,RECONSTRUCTED_NOT_PRODUCTION_EXACT
00893,國泰智能電動車,2026-06-16,A,P5_POCKET_PLUS_SURVIVAL,True,False,False,False,False,NEUTRAL,-0.0841396718552767,RECONSTRUCTED_NOT_PRODUCTION_EXACT
00898,國泰基因免疫革命,2026-06-16,A,P5_POCKET_PLUS_SURVIVAL,True,False,False,True,False,NEUTRAL,10.18957345971565,RECONSTRUCTED_NOT_PRODUCTION_EXACT
00911,兆豐洲際半導體,2026-06-16,A,P5_POCKET_PLUS_SURVIVAL,True,False,False,False,False,NEUTRAL,2.4719101123595655,RECONSTRUCTED_NOT_PRODUCTION_EXACT
00913,兆豐台灣晶圓製造,2026-06-16,A,P5_POCKET_PLUS_SURVIVAL,True,False,False,False,False,NEUTRAL,5.09615384615385,RECONSTRUCTED_NOT_PRODUCTION_EXACT
00922,國泰台灣領袖50,2026-06-16,A,P5_POCKET_PLUS_SURVIVAL,True,False,False,False,False,NEUTRAL,3.532608695652173,RECONSTRUCTED_NOT_PRODUCTION_EXACT
009809,富邦淨零ESG50,2026-06-16,A,P5_POCKET_PLUS_SURVIVAL,True,False,False,False,False,NEUTRAL,5.114942528735633,RECONSTRUCTED_NOT_PRODUCTION_EXACT
00980A,主動野村臺灣優選,2026-06-16,A,P5_POCKET_PLUS_SURVIVAL,True,False,False,False,False,NEUTRAL,1.2601626016260026,RECONSTRUCTED_NOT_PRODUCTION_EXACT
009816,凱基台灣TOP50,2026-06-16,A,P5_POCKET_PLUS_SURVIVAL,True,False,False,False,False,NEUTRAL,2.063185041908455,RECONSTRUCTED_NOT_PRODUCTION_EXACT
00983A,主動中信ARK創新,2026-06-16,A,P5_POCKET_PLUS_SURVIVAL,True,False,False,False,False,NEUTRAL,3.433835845896138,RECONSTRUCTED_NOT_PRODUCTION_EXACT
00989A,主動摩根美國科技,2026-06-16,A,P5_POCKET_PLUS_SURVIVAL,True,False,False,False,False,NEUTRAL,2.8322440087146017,RECONSTRUCTED_NOT_PRODUCTION_EXACT
00991A,主動復華未來50,2026-06-16,A,P5_POCKET_PLUS_SURVIVAL,True,False,False,False,False,NEUTRAL,5.191532258064524,RECONSTRUCTED_NOT_PRODUCTION_EXACT
00995A,主動中信台灣卓越,2026-06-16,A,P5_POCKET_PLUS_SURVIVAL,True,False,False,False,False,NEUTRAL,2.839643652561241,RECONSTRUCTED_NOT_PRODUCTION_EXACT
1456,怡華,2026-06-16,A,P5_POCKET_PLUS_SURVIVAL,True,True,True,True,True,NEUTRAL,-3.7800687285223455,RECONSTRUCTED_NOT_PRODUCTION_EXACT
2340,台亞,2026-06-16,A,P5_POCKET_PLUS_SURVIVAL,True,True,True,False,False,LOSER,-10.10230179028133,RECONSTRUCTED_NOT_PRODUCTION_EXACT
00403A,主動統一升級50,2026-06-17,A,P5_POCKET_PLUS_SURVIVAL,True,False,False,False,False,NEUTRAL,3.6279069767442,RECONSTRUCTED_NOT_PRODUCTION_EXACT
1301,台塑,2026-06-17,A,P5_POCKET_PLUS_SURVIVAL,True,True,True,False,False,WINNER,24.504692387904072,RECONSTRUCTED_NOT_PRODUCTION_EXACT
1465,偉全,2026-06-17,A,P5_POCKET_PLUS_SURVIVAL,True,True,True,True,True,NEUTRAL,1.2048192771084263,RECONSTRUCTED_NOT_PRODUCTION_EXACT
1515,力山,2026-06-17,A,P5_POCKET_PLUS_SURVIVAL,True,True,True,False,False,WINNER,51.55642023346305,RECONSTRUCTED_NOT_PRODUCTION_EXACT
1531,高林股,2026-06-17,A,P5_POCKET_PLUS_SURVIVAL,True,False,False,True,False,NEUTRAL,-0.3861003861003742,RECONSTRUCTED_NOT_PRODUCTION_EXACT
1541,錩泰,2026-06-17,A,P5_POCKET_PLUS_SURVIVAL,True,True,True,False,False,NEUTRAL,-4.888888888888898,RECONSTRUCTED_NOT_PRODUCTION_EXACT
1802,台玻,2026-06-17,A,P5_POCKET_PLUS_SURVIVAL,True,True,True,False,False,NEUTRAL,1.587301587301604,RECONSTRUCTED_NOT_PRODUCTION_EXACT
2402,毅嘉,2026-06-17,A,P5_POCKET_PLUS_SURVIVAL,True,True,True,False,False,NEUTRAL,-4.090267983074758,RECONSTRUCTED_NOT_PRODUCTION_EXACT
2460,建通,2026-06-17,A,P5_POCKET_PLUS_SURVIVAL,True,True,True,False,False,NEUTRAL,2.8169014084507005,RECONSTRUCTED_NOT_PRODUCTION_EXACT
2489,瑞軒,2026-06-17,A,P5_POCKET_PLUS_SURVIVAL,True,True,True,False,False,LOSER,-14.40329218106996,RECONSTRUCTED_NOT_PRODUCTION_EXACT
2611,志信,2026-06-17,A,P5_POCKET_PLUS_SURVIVAL,True,True,True,True,True,NEUTRAL,-2.135231316725983,RECONSTRUCTED_NOT_PRODUCTION_EXACT
3535,晶彩科,2026-06-17,A,P5_POCKET_PLUS_SURVIVAL,True,True,True,False,False,LOSER,-14.12639405204461,RECONSTRUCTED_NOT_PRODUCTION_EXACT
4722,國精化,2026-06-17,A,P5_POCKET_PLUS_SURVIVAL,True,True,True,False,False,NEUTRAL,4.924242424242431,RECONSTRUCTED_NOT_PRODUCTION_EXACT
5469,瀚宇博,2026-06-17,A,P5_POCKET_PLUS_SURVIVAL,True,True,True,False,False,NEUTRAL,1.039260969976907,RECONSTRUCTED_NOT_PRODUCTION_EXACT
6213,聯茂,2026-06-17,A,P5_POCKET_PLUS_SURVIVAL,True,True,True,False,False,WINNER,34.01869158878505,RECONSTRUCTED_NOT_PRODUCTION_EXACT
6472,保瑞,2026-06-17,A,P5_POCKET_PLUS_SURVIVAL,True,True,True,True,True,NEUTRAL,4.7272727272727355,RECONSTRUCTED_NOT_PRODUCTION_EXACT
7786,東方風能,2026-06-17,A,P5_POCKET_PLUS_SURVIVAL,True,True,True,False,False,NEUTRAL,-4.651162790697672,RECONSTRUCTED_NOT_PRODUCTION_EXACT
7795,長廣,2026-06-17,A,P5_POCKET_PLUS_SURVIVAL,True,True,True,False,False,WINNER,52.75000000000001,RECONSTRUCTED_NOT_PRODUCTION_EXACT
8039,台虹,2026-06-17,A,P5_POCKET_PLUS_SURVIVAL,True,True,True,False,False,NEUTRAL,1.3698630136986356,RECONSTRUCTED_NOT_PRODUCTION_EXACT
9136,巨騰-DR,2026-06-17,A,P5_POCKET_PLUS_SURVIVAL,True,True,True,True,True,LOSER,-18.01801801801801,RECONSTRUCTED_NOT_PRODUCTION_EXACT
0051,元大中型100,2026-06-18,A,P5_POCKET_PLUS_SURVIVAL,True,False,False,False,False,NEUTRAL,1.1171293161814422,RECONSTRUCTED_NOT_PRODUCTION_EXACT
00733,富邦臺灣中小,2026-06-18,A,P5_POCKET_PLUS_SURVIVAL,True,False,False,False,False,NEUTRAL,0.575079872204487,RECONSTRUCTED_NOT_PRODUCTION_EXACT
00762,元大全球AI,2026-06-18,A,P5_POCKET_PLUS_SURVIVAL,True,False,False,False,False,LOSER,-6.450287592440429,RECONSTRUCTED_NOT_PRODUCTION_EXACT
00896,中信綠能及電動車,2026-06-18,A,P5_POCKET_PLUS_SURVIVAL,True,False,False,False,False,NEUTRAL,1.2155881301394444,RECONSTRUCTED_NOT_PRODUCTION_EXACT
00946,群益科技高息成長,2026-06-18,A,P5_POCKET_PLUS_SURVIVAL,True,False,False,True,False,NEUTRAL,1.9480519480519431,RECONSTRUCTED_NOT_PRODUCTION_EXACT
009803,玉山市值動能50,2026-06-18,A,P5_POCKET_PLUS_SURVIVAL,True,False,False,False,False,NEUTRAL,-0.0910332271279013,RECONSTRUCTED_NOT_PRODUCTION_EXACT
009808,華南永昌優選50,2026-06-18,A,P5_POCKET_PLUS_SURVIVAL,True,False,False,False,False,NEUTRAL,0.0,RECONSTRUCTED_NOT_PRODUCTION_EXACT
00982A,主動群益台灣強棒,2026-06-18,A,P5_POCKET_PLUS_SURVIVAL,True,False,False,False,False,NEUTRAL,2.7386226339106035,RECONSTRUCTED_NOT_PRODUCTION_EXACT
00993A,主動安聯台灣,2026-06-18,A,P5_POCKET_PLUS_SURVIVAL,True,False,False,False,False,NEUTRAL,0.7697690692792358,RECONSTRUCTED_NOT_PRODUCTION_EXACT
00639,富邦深100,2026-06-22,A,P5_POCKET_PLUS_SURVIVAL,True,False,False,False,False,NEUTRAL,-4.283447911158111,RECONSTRUCTED_NOT_PRODUCTION_EXACT
1905,華紙,2026-06-22,A,P5_POCKET_PLUS_SURVIVAL,True,True,True,True,True,LOSER,-8.6720867208672,RECONSTRUCTED_NOT_PRODUCTION_EXACT
2415,錩新,2026-06-22,A,P5_POCKET_PLUS_SURVIVAL,True,True,True,True,True,WINNER,37.45874587458744,RECONSTRUCTED_NOT_PRODUCTION_EXACT
6919,康霈*,2026-06-22,A,P5_POCKET_PLUS_SURVIVAL,True,True,True,False,False,LOSER,-16.317991631799167,RECONSTRUCTED_NOT_PRODUCTION_EXACT
8072,陞泰,2026-06-22,A,P5_POCKET_PLUS_SURVIVAL,True,True,True,False,False,LOSER,-6.240000000000001,RECONSTRUCTED_NOT_PRODUCTION_EXACT
1437,勤益控,2026-06-23,A,P5_POCKET_PLUS_SURVIVAL,True,True,True,True,True,NEUTRAL,2.4958402662229595,RECONSTRUCTED_NOT_PRODUCTION_EXACT
1529,樂事綠能,2026-06-23,A,P5_POCKET_PLUS_SURVIVAL,True,True,True,True,True,NEUTRAL,-1.7429193899782036,RECONSTRUCTED_NOT_PRODUCTION_EXACT
1535,中宇,2026-06-23,A,P5_POCKET_PLUS_SURVIVAL,True,True,True,True,True,NEUTRAL,0.2000000000000001,RECONSTRUCTED_NOT_PRODUCTION_EXACT
2330,台積電,2026-06-23,A,P5_POCKET_PLUS_SURVIVAL,True,True,True,False,False,NEUTRAL,-2.008032128514059,RECONSTRUCTED_NOT_PRODUCTION_EXACT
2399,映泰,2026-06-23,A,P5_POCKET_PLUS_SURVIVAL,True,True,True,False,False,NEUTRAL,-2.7504911591355596,RECONSTRUCTED_NOT_PRODUCTION_EXACT
2466,冠西電,2026-06-23,A,P5_POCKET_PLUS_SURVIVAL,True,True,True,True,True,WINNER,64.47602131438721,RECONSTRUCTED_NOT_PRODUCTION_EXACT
2634,漢翔,2026-06-23,A,P5_POCKET_PLUS_SURVIVAL,True,False,False,False,False,WINNER,17.50503018108651,RECONSTRUCTED_NOT_PRODUCTION_EXACT
2646,星宇航空,2026-06-23,A,P5_POCKET_PLUS_SURVIVAL,True,False,False,True,False,NEUTRAL,-0.4672897196261627,RECONSTRUCTED_NOT_PRODUCTION_EXACT
2832,台產,2026-06-23,A,P5_POCKET_PLUS_SURVIVAL,True,True,True,False,False,NEUTRAL,0.3546099290780091,RECONSTRUCTED_NOT_PRODUCTION_EXACT
3530,晶相光,2026-06-23,A,P5_POCKET_PLUS_SURVIVAL,True,True,True,False,False,LOSER,-8.831521739130432,RECONSTRUCTED_NOT_PRODUCTION_EXACT
3712,永崴投控,2026-06-23,A,P5_POCKET_PLUS_SURVIVAL,True,True,True,False,False,NEUTRAL,-2.228412256267398,RECONSTRUCTED_NOT_PRODUCTION_EXACT
5283,禾聯碩,2026-06-23,A,P5_POCKET_PLUS_SURVIVAL,True,True,True,True,True,LOSER,-6.445993031358876,RECONSTRUCTED_NOT_PRODUCTION_EXACT
6243,迅杰,2026-06-23,A,P5_POCKET_PLUS_SURVIVAL,True,True,True,False,False,NEUTRAL,-5.421686746987953,RECONSTRUCTED_NOT_PRODUCTION_EXACT
6257,矽格,2026-06-23,A,P5_POCKET_PLUS_SURVIVAL,True,True,True,False,False,NEUTRAL,2.1097046413502074,RECONSTRUCTED_NOT_PRODUCTION_EXACT
6573,虹揚-KY,2026-06-23,A,P5_POCKET_PLUS_SURVIVAL,True,True,True,False,False,WINNER,28.132992327365724,RECONSTRUCTED_NOT_PRODUCTION_EXACT
6715,嘉基,2026-06-23,A,P5_POCKET_PLUS_SURVIVAL,True,True,True,False,False,LOSER,-20.562390158172228,RECONSTRUCTED_NOT_PRODUCTION_EXACT
8046,南電,2026-06-23,A,P5_POCKET_PLUS_SURVIVAL,True,True,True,False,False,WINNER,13.311331133113312,RECONSTRUCTED_NOT_PRODUCTION_EXACT
8438,昶昕,2026-06-23,A,P5_POCKET_PLUS_SURVIVAL,True,True,True,False,False,NEUTRAL,-3.861386138613865,RECONSTRUCTED_NOT_PRODUCTION_EXACT
9930,中聯資源,2026-06-23,A,P5_POCKET_PLUS_SURVIVAL,True,True,True,False,False,LOSER,-9.985734664764612,RECONSTRUCTED_NOT_PRODUCTION_EXACT
9940,信義,2026-06-23,A,P5_POCKET_PLUS_SURVIVAL,True,False,False,False,False,NEUTRAL,2.0779220779220786,RECONSTRUCTED_NOT_PRODUCTION_EXACT
1216,統一,2026-06-24,A,P5_POCKET_PLUS_SURVIVAL,True,True,True,True,True,NEUTRAL,4.6604527296937315,RECONSTRUCTED_NOT_PRODUCTION_EXACT
1234,黑松,2026-06-24,A,P5_POCKET_PLUS_SURVIVAL,True,True,True,True,True,NEUTRAL,-5.832147937411092,RECONSTRUCTED_NOT_PRODUCTION_EXACT
1236,宏亞,2026-06-24,A,P5_POCKET_PLUS_SURVIVAL,True,True,True,True,True,NEUTRAL,1.9379844961240345,RECONSTRUCTED_NOT_PRODUCTION_EXACT
1310,台苯,2026-06-24,A,P5_POCKET_PLUS_SURVIVAL,True,True,True,False,False,NEUTRAL,11.278952668680777,RECONSTRUCTED_NOT_PRODUCTION_EXACT
1315,達新,2026-06-24,A,P5_POCKET_PLUS_SURVIVAL,True,True,True,True,True,NEUTRAL,2.4077046548956593,RECONSTRUCTED_NOT_PRODUCTION_EXACT
1449,佳和,2026-06-24,A,P5_POCKET_PLUS_SURVIVAL,True,True,True,False,False,LOSER,-6.688963210702337,RECONSTRUCTED_NOT_PRODUCTION_EXACT
1475,業旺,2026-06-24,A,P5_POCKET_PLUS_SURVIVAL,True,True,True,False,False,NEUTRAL,0.7407407407407307,RECONSTRUCTED_NOT_PRODUCTION_EXACT
2352,佳世達,2026-06-24,A,P5_POCKET_PLUS_SURVIVAL,True,True,True,True,True,WINNER,12.418300653594772,RECONSTRUCTED_NOT_PRODUCTION_EXACT
2539,櫻花建,2026-06-24,A,P5_POCKET_PLUS_SURVIVAL,True,True,True,False,False,NEUTRAL,0.127877237851659,RECONSTRUCTED_NOT_PRODUCTION_EXACT
2910,統領,2026-06-24,A,P5_POCKET_PLUS_SURVIVAL,True,True,True,True,True,NEUTRAL,-3.3039647577092546,RECONSTRUCTED_NOT_PRODUCTION_EXACT
3588,通嘉,2026-06-24,A,P5_POCKET_PLUS_SURVIVAL,True,True,True,False,False,LOSER,-10.408432147562586,RECONSTRUCTED_NOT_PRODUCTION_EXACT
4119,旭富,2026-06-24,A,P5_POCKET_PLUS_SURVIVAL,True,True,True,False,False,NEUTRAL,1.1299435028248483,RECONSTRUCTED_NOT_PRODUCTION_EXACT
4164,承業醫,2026-06-24,A,P5_POCKET_PLUS_SURVIVAL,True,True,True,False,False,NEUTRAL,-5.237315875613757,RECONSTRUCTED_NOT_PRODUCTION_EXACT
4169,泰宗,2026-06-24,A,P5_POCKET_PLUS_SURVIVAL,True,True,True,True,True,WINNER,44.55958549222798,RECONSTRUCTED_NOT_PRODUCTION_EXACT
6505,台塑化,2026-06-24,A,P5_POCKET_PLUS_SURVIVAL,True,True,True,False,False,NEUTRAL,7.608695652173902,RECONSTRUCTED_NOT_PRODUCTION_EXACT
6909,創控,2026-06-24,A,P5_POCKET_PLUS_SURVIVAL,True,True,True,False,False,LOSER,-12.74834437086092,RECONSTRUCTED_NOT_PRODUCTION_EXACT
7799,禾榮科,2026-06-24,A,P5_POCKET_PLUS_SURVIVAL,True,True,True,False,False,NEUTRAL,7.021791767554486,RECONSTRUCTED_NOT_PRODUCTION_EXACT
9944,新麗,2026-06-24,A,P5_POCKET_PLUS_SURVIVAL,True,True,True,True,True,NEUTRAL,0.0,RECONSTRUCTED_NOT_PRODUCTION_EXACT
Plastics,塑膠類指數,2026-06-24,A,P5_POCKET_PLUS_SURVIVAL,True,False,False,False,False,WINNER,13.321884200196266,RECONSTRUCTED_NOT_PRODUCTION_EXACT
00674R,期元大S&P黃金反1,2026-06-25,A,P5_POCKET_PLUS_SURVIVAL,True,False,False,True,False,NEUTRAL,-1.9792342634652793,RECONSTRUCTED_NOT_PRODUCTION_EXACT
1313,聯成,2026-06-25,A,P5_POCKET_PLUS_SURVIVAL,True,True,True,False,False,NEUTRAL,-0.3984063745020028,RECONSTRUCTED_NOT_PRODUCTION_EXACT
1709,和益,2026-06-25,A,P5_POCKET_PLUS_SURVIVAL,True,True,True,False,False,WINNER,14.018691588785035,RECONSTRUCTED_NOT_PRODUCTION_EXACT
1725,元禎,2026-06-25,A,P5_POCKET_PLUS_SURVIVAL,True,True,True,False,False,LOSER,-9.843081312410828,RECONSTRUCTED_NOT_PRODUCTION_EXACT
1776,展宇,2026-06-25,A,P5_POCKET_PLUS_SURVIVAL,True,True,True,False,False,NEUTRAL,-2.0050125313283096,RECONSTRUCTED_NOT_PRODUCTION_EXACT
2103,台橡,2026-06-25,A,P5_POCKET_PLUS_SURVIVAL,True,True,True,True,True,NEUTRAL,7.459207459207473,RECONSTRUCTED_NOT_PRODUCTION_EXACT
2107,厚生,2026-06-25,A,P5_POCKET_PLUS_SURVIVAL,True,True,True,True,True,NEUTRAL,-1.1583011583011449,RECONSTRUCTED_NOT_PRODUCTION_EXACT
2458,義隆,2026-06-25,A,P5_POCKET_PLUS_SURVIVAL,True,True,True,False,False,NEUTRAL,1.9444444444444375,RECONSTRUCTED_NOT_PRODUCTION_EXACT
3591,艾笛森,2026-06-25,A,P5_POCKET_PLUS_SURVIVAL,True,True,True,True,True,LOSER,-6.238532110091743,RECONSTRUCTED_NOT_PRODUCTION_EXACT
4306,炎洲,2026-06-25,A,P5_POCKET_PLUS_SURVIVAL,True,True,True,True,True,NEUTRAL,-2.515723270440251,RECONSTRUCTED_NOT_PRODUCTION_EXACT
4414,如興,2026-06-25,A,P5_POCKET_PLUS_SURVIVAL,True,True,True,True,True,NEUTRAL,1.5116279069767424,RECONSTRUCTED_NOT_PRODUCTION_EXACT
5880,合庫金,2026-06-25,A,P5_POCKET_PLUS_SURVIVAL,True,True,True,True,True,NEUTRAL,0.1992031872509736,RECONSTRUCTED_NOT_PRODUCTION_EXACT
6582,申豐,2026-06-25,A,P5_POCKET_PLUS_SURVIVAL,True,True,True,True,True,NEUTRAL,-0.3039513677811634,RECONSTRUCTED_NOT_PRODUCTION_EXACT
8464,億豐,2026-06-25,A,P5_POCKET_PLUS_SURVIVAL,True,True,True,True,True,NEUTRAL,1.265822784810133,RECONSTRUCTED_NOT_PRODUCTION_EXACT
2516,新建,2026-06-26,A,P5_POCKET_PLUS_SURVIVAL,True,True,False,True,True,NEUTRAL,0.0,RECONSTRUCTED_NOT_PRODUCTION_EXACT
2527,宏璟,2026-06-26,A,P5_POCKET_PLUS_SURVIVAL,True,True,False,True,True,WINNER,13.135068153655505,RECONSTRUCTED_NOT_PRODUCTION_EXACT
2633,台灣高鐵,2026-06-26,A,P5_POCKET_PLUS_SURVIVAL,True,True,False,True,True,NEUTRAL,1.5355086372360829,RECONSTRUCTED_NOT_PRODUCTION_EXACT
2706,第一店,2026-06-26,A,P5_POCKET_PLUS_SURVIVAL,True,True,False,True,True,NEUTRAL,1.2096774193548487,RECONSTRUCTED_NOT_PRODUCTION_EXACT
2739,寒舍,2026-06-26,A,P5_POCKET_PLUS_SURVIVAL,True,True,False,True,True,LOSER,-9.200000000000008,RECONSTRUCTED_NOT_PRODUCTION_EXACT
3717,聯嘉投控,2026-06-26,A,P5_POCKET_PLUS_SURVIVAL,True,False,False,True,False,NEUTRAL,7.627118644067776,RECONSTRUCTED_NOT_PRODUCTION_EXACT
6168,宏齊,2026-06-26,A,P5_POCKET_PLUS_SURVIVAL,False,True,True,False,False,LOSER,-6.280991735537189,RECONSTRUCTED_NOT_PRODUCTION_EXACT
6177,達麗,2026-06-26,A,P5_POCKET_PLUS_SURVIVAL,True,True,False,True,True,NEUTRAL,0.9857612267250904,RECONSTRUCTED_NOT_PRODUCTION_EXACT
6743,安普新,2026-06-26,A,P5_POCKET_PLUS_SURVIVAL,True,False,False,True,False,NEUTRAL,-2.568218298555369,RECONSTRUCTED_NOT_PRODUCTION_EXACT
7631,聚賢研發-創,2026-06-26,A,P5_POCKET_PLUS_SURVIVAL,True,True,True,True,True,LOSER,-11.585365853658535,RECONSTRUCTED_NOT_PRODUCTION_EXACT
8033,雷虎,2026-06-26,A,P5_POCKET_PLUS_SURVIVAL,True,True,True,True,True,WINNER,77.58007117437722,RECONSTRUCTED_NOT_PRODUCTION_EXACT
9914,美利達,2026-06-26,A,P5_POCKET_PLUS_SURVIVAL,False,True,True,False,False,NEUTRAL,2.44565217391306,RECONSTRUCTED_NOT_PRODUCTION_EXACT
9921,巨大,2026-06-26,A,P5_POCKET_PLUS_SURVIVAL,False,True,False,False,False,NEUTRAL,4.444444444444451,RECONSTRUCTED_NOT_PRODUCTION_EXACT
00638R,元大滬深300反1,2026-06-29,A,P5_POCKET_PLUS_SURVIVAL,False,False,False,True,False,NEUTRAL,1.3595166163141936,RECONSTRUCTED_NOT_PRODUCTION_EXACT
00656R,國泰中國A50反1,2026-06-29,A,P5_POCKET_PLUS_SURVIVAL,False,False,False,True,False,NEUTRAL,1.718213058419238,RECONSTRUCTED_NOT_PRODUCTION_EXACT
00671R,富邦NASDAQ反1,2026-06-29,A,P5_POCKET_PLUS_SURVIVAL,False,False,False,True,False,NEUTRAL,-0.406504065040647,RECONSTRUCTED_NOT_PRODUCTION_EXACT
00712,復華富時不動產,2026-06-29,A,P5_POCKET_PLUS_SURVIVAL,False,False,False,True,False,NEUTRAL,0.3420752565564511,RECONSTRUCTED_NOT_PRODUCTION_EXACT
1229,聯華,2026-06-29,A,P5_POCKET_PLUS_SURVIVAL,False,True,False,True,True,LOSER,-6.323185011709609,RECONSTRUCTED_NOT_PRODUCTION_EXACT
1435,中福,2026-06-29,A,P5_POCKET_PLUS_SURVIVAL,False,True,False,True,True,NEUTRAL,6.626506024096401,RECONSTRUCTED_NOT_PRODUCTION_EXACT
1626,艾美特-KY,2026-06-29,A,P5_POCKET_PLUS_SURVIVAL,False,True,False,True,True,LOSER,-6.018518518518523,RECONSTRUCTED_NOT_PRODUCTION_EXACT
1736,喬山,2026-06-29,A,P5_POCKET_PLUS_SURVIVAL,False,False,False,False,False,NEUTRAL,-0.7722007722007707,RECONSTRUCTED_NOT_PRODUCTION_EXACT
2236,百達-KY,2026-06-29,A,P5_POCKET_PLUS_SURVIVAL,False,True,False,False,False,WINNER,14.28571428571428,RECONSTRUCTED_NOT_PRODUCTION_EXACT
2380,虹光,2026-06-29,A,P5_POCKET_PLUS_SURVIVAL,False,True,False,False,False,LOSER,-12.325581395348827,RECONSTRUCTED_NOT_PRODUCTION_EXACT
2630,亞航,2026-06-29,A,P5_POCKET_PLUS_SURVIVAL,False,True,False,False,False,WINNER,40.15748031496062,RECONSTRUCTED_NOT_PRODUCTION_EXACT
4560,強信-KY,2026-06-29,A,P5_POCKET_PLUS_SURVIVAL,False,True,False,True,True,NEUTRAL,2.2900763358778553,RECONSTRUCTED_NOT_PRODUCTION_EXACT
6491,晶碩,2026-06-29,A,P5_POCKET_PLUS_SURVIVAL,False,True,False,True,True,NEUTRAL,8.006042296072513,RECONSTRUCTED_NOT_PRODUCTION_EXACT
7803,雲象科技-創,2026-06-29,A,P5_POCKET_PLUS_SURVIVAL,False,False,False,True,False,NEUTRAL,-3.433476394849788,RECONSTRUCTED_NOT_PRODUCTION_EXACT
9905,大華,2026-06-29,A,P5_POCKET_PLUS_SURVIVAL,False,False,False,True,False,NEUTRAL,-3.294117647058825,RECONSTRUCTED_NOT_PRODUCTION_EXACT
0061,元大寶滬深,2026-06-30,A,P5_POCKET_PLUS_SURVIVAL,False,False,False,False,False,NEUTRAL,-1.2090483619344838,RECONSTRUCTED_NOT_PRODUCTION_EXACT
006205,富邦上証,2026-06-30,A,P5_POCKET_PLUS_SURVIVAL,True,False,False,True,False,NEUTRAL,-0.978053435114512,RECONSTRUCTED_NOT_PRODUCTION_EXACT
006206,元大上證50,2026-06-30,A,P5_POCKET_PLUS_SURVIVAL,True,False,False,True,False,NEUTRAL,2.558691638090238,RECONSTRUCTED_NOT_PRODUCTION_EXACT
006207,復華滬深,2026-06-30,A,P5_POCKET_PLUS_SURVIVAL,False,False,False,False,False,NEUTRAL,-1.7446932247746516,RECONSTRUCTED_NOT_PRODUCTION_EXACT
00648R,元大S&P500反1,2026-06-30,A,P5_POCKET_PLUS_SURVIVAL,True,False,False,True,False,NEUTRAL,-0.990099009900991,RECONSTRUCTED_NOT_PRODUCTION_EXACT
00651R,復華香港反1,2026-06-30,A,P5_POCKET_PLUS_SURVIVAL,True,False,False,True,False,LOSER,-7.8767123287671215,RECONSTRUCTED_NOT_PRODUCTION_EXACT
00652,富邦印度,2026-06-30,A,P5_POCKET_PLUS_SURVIVAL,True,False,False,True,False,NEUTRAL,0.8479709267110724,RECONSTRUCTED_NOT_PRODUCTION_EXACT
00666R,富邦恒生國企反1,2026-06-30,A,P5_POCKET_PLUS_SURVIVAL,True,False,False,True,False,LOSER,-8.463035019455244,RECONSTRUCTED_NOT_PRODUCTION_EXACT
00678,群益那斯達克生技,2026-06-30,A,P5_POCKET_PLUS_SURVIVAL,True,False,False,True,False,NEUTRAL,-0.2972504334902037,RECONSTRUCTED_NOT_PRODUCTION_EXACT
00680L,元大美債20正2,2026-06-30,A,P5_POCKET_PLUS_SURVIVAL,True,False,False,True,False,LOSER,-7.0637119113573394,RECONSTRUCTED_NOT_PRODUCTION_EXACT
00688L,國泰20年美債正2,2026-06-30,A,P5_POCKET_PLUS_SURVIVAL,True,False,False,True,False,LOSER,-6.8340306834030695,RECONSTRUCTED_NOT_PRODUCTION_EXACT
00714,群益道瓊美國地產,2026-06-30,A,P5_POCKET_PLUS_SURVIVAL,True,False,False,True,False,NEUTRAL,0.0,RECONSTRUCTED_NOT_PRODUCTION_EXACT
00739,元大MSCI A股,2026-06-30,A,P5_POCKET_PLUS_SURVIVAL,True,False,False,True,False,NEUTRAL,-2.1841397849462485,RECONSTRUCTED_NOT_PRODUCTION_EXACT
00783,富邦中証500,2026-06-30,A,P5_POCKET_PLUS_SURVIVAL,True,False,False,True,False,LOSER,-6.727444199937116,RECONSTRUCTED_NOT_PRODUCTION_EXACT
00865B,國泰US短期公債,2026-06-30,A,P5_POCKET_PLUS_SURVIVAL,True,False,False,True,False,NEUTRAL,1.0923330585325577,RECONSTRUCTED_NOT_PRODUCTION_EXACT
00875,國泰網路資安,2026-06-30,A,P5_POCKET_PLUS_SURVIVAL,False,False,False,False,False,NEUTRAL,8.83813306852035,RECONSTRUCTED_NOT_PRODUCTION_EXACT
00897,富邦基因免疫生技,2026-06-30,A,P5_POCKET_PLUS_SURVIVAL,True,False,False,True,False,NEUTRAL,-1.5030946065428763,RECONSTRUCTED_NOT_PRODUCTION_EXACT
009805,台新美國電力基建,2026-06-30,A,P5_POCKET_PLUS_SURVIVAL,True,False,False,True,False,NEUTRAL,-2.697947214076246,RECONSTRUCTED_NOT_PRODUCTION_EXACT
00983D,主動富邦複合收益,2026-06-30,A,P5_POCKET_PLUS_SURVIVAL,True,False,False,True,False,NEUTRAL,-0.6849315068493178,RECONSTRUCTED_NOT_PRODUCTION_EXACT
3413,京鼎,2026-06-30,A,P5_POCKET_PLUS_SURVIVAL,False,False,False,False,False,NEUTRAL,5.295007564296528,RECONSTRUCTED_NOT_PRODUCTION_EXACT
4155,訊映,2026-06-30,A,P5_POCKET_PLUS_SURVIVAL,False,True,True,False,False,NEUTRAL,7.308970099667755,RECONSTRUCTED_NOT_PRODUCTION_EXACT
4934,太極,2026-06-30,A,P5_POCKET_PLUS_SURVIVAL,False,True,False,False,False,LOSER,-8.695652173913038,RECONSTRUCTED_NOT_PRODUCTION_EXACT
00643,群益深証中小,2026-07-01,A,P5_POCKET_PLUS_SURVIVAL,True,False,False,True,False,NEUTRAL,-4.270633397312862,RECONSTRUCTED_NOT_PRODUCTION_EXACT
00728,第一金工業30,2026-07-01,A,P5_POCKET_PLUS_SURVIVAL,True,False,False,False,False,NEUTRAL,-2.4981074943224657,RECONSTRUCTED_NOT_PRODUCTION_EXACT
00938,凱基優選30,2026-07-01,A,P5_POCKET_PLUS_SURVIVAL,True,False,False,False,False,NEUTRAL,1.0660106601065866,RECONSTRUCTED_NOT_PRODUCTION_EXACT
2345,智邦,2026-07-01,A,P5_POCKET_PLUS_SURVIVAL,True,True,True,False,False,LOSER,-12.781954887218047,RECONSTRUCTED_NOT_PRODUCTION_EXACT
2429,銘旺科,2026-07-01,A,P5_POCKET_PLUS_SURVIVAL,True,True,True,False,False,NEUTRAL,-1.5625,RECONSTRUCTED_NOT_PRODUCTION_EXACT
2433,互盛電,2026-07-01,A,P5_POCKET_PLUS_SURVIVAL,True,False,False,True,False,LOSER,-6.249999999999989,RECONSTRUCTED_NOT_PRODUCTION_EXACT
2528,皇普,2026-07-01,A,P5_POCKET_PLUS_SURVIVAL,True,True,True,False,False,NEUTRAL,-0.6696428571428492,RECONSTRUCTED_NOT_PRODUCTION_EXACT
3605,宏致,2026-07-01,A,P5_POCKET_PLUS_SURVIVAL,True,True,True,False,False,NEUTRAL,-0.8177570093457764,RECONSTRUCTED_NOT_PRODUCTION_EXACT
8466,美吉吉-KY,2026-07-01,A,P5_POCKET_PLUS_SURVIVAL,True,True,True,True,True,NEUTRAL,1.4285714285714235,RECONSTRUCTED_NOT_PRODUCTION_EXACT
9935,慶豐富,2026-07-01,A,P5_POCKET_PLUS_SURVIVAL,True,False,False,True,False,NEUTRAL,-4.822335025380708,RECONSTRUCTED_NOT_PRODUCTION_EXACT
00981A,主動統一台股增長,2026-07-02,B,P5_POCKET_PLUS_SURVIVAL,True,False,False,False,False,LOSER,-17.535101404056153,RECONSTRUCTED_NOT_PRODUCTION_EXACT
1417,嘉裕,2026-07-02,B,P5_POCKET_PLUS_SURVIVAL,True,True,True,True,True,NEUTRAL,-5.621621621621619,RECONSTRUCTED_NOT_PRODUCTION_EXACT
1445,大宇,2026-07-02,B,P5_POCKET_PLUS_SURVIVAL,True,True,True,True,True,LOSER,-8.097165991902832,RECONSTRUCTED_NOT_PRODUCTION_EXACT
1466,聚隆,2026-07-02,B,P5_POCKET_PLUS_SURVIVAL,True,True,True,False,False,NEUTRAL,-4.201680672268903,RECONSTRUCTED_NOT_PRODUCTION_EXACT
1467,南緯,2026-07-02,B,P5_POCKET_PLUS_SURVIVAL,True,True,True,True,True,NEUTRAL,-1.4722536806342057,RECONSTRUCTED_NOT_PRODUCTION_EXACT
1474,弘裕,2026-07-02,B,P5_POCKET_PLUS_SURVIVAL,True,True,True,True,True,NEUTRAL,0.9661835748792312,RECONSTRUCTED_NOT_PRODUCTION_EXACT
1712,興農,2026-07-02,B,P5_POCKET_PLUS_SURVIVAL,True,True,True,True,True,NEUTRAL,-1.8633540372670845,RECONSTRUCTED_NOT_PRODUCTION_EXACT
2109,華豐,2026-07-02,B,P5_POCKET_PLUS_SURVIVAL,True,True,True,True,True,NEUTRAL,-0.6802721088435382,RECONSTRUCTED_NOT_PRODUCTION_EXACT
2351,順德,2026-07-02,B,P5_POCKET_PLUS_SURVIVAL,True,True,True,False,False,LOSER,-19.01408450704225,RECONSTRUCTED_NOT_PRODUCTION_EXACT
2467,志聖,2026-07-02,B,P5_POCKET_PLUS_SURVIVAL,True,True,True,False,False,LOSER,-15.197568389057746,RECONSTRUCTED_NOT_PRODUCTION_EXACT
2476,鉅祥,2026-07-02,B,P5_POCKET_PLUS_SURVIVAL,True,True,True,True,True,LOSER,-11.567164179104472,RECONSTRUCTED_NOT_PRODUCTION_EXACT
3443,創意,2026-07-02,B,P5_POCKET_PLUS_SURVIVAL,True,True,True,False,False,LOSER,-28.04878048780488,RECONSTRUCTED_NOT_PRODUCTION_EXACT
3661,世芯-KY,2026-07-02,B,P5_POCKET_PLUS_SURVIVAL,True,True,True,False,False,LOSER,-28.9070480081716,RECONSTRUCTED_NOT_PRODUCTION_EXACT
4572,駐龍,2026-07-02,B,P5_POCKET_PLUS_SURVIVAL,True,True,True,True,True,NEUTRAL,-2.0270270270270285,RECONSTRUCTED_NOT_PRODUCTION_EXACT
4771,望隼,2026-07-02,B,P5_POCKET_PLUS_SURVIVAL,True,True,True,True,True,NEUTRAL,-2.977667493796521,RECONSTRUCTED_NOT_PRODUCTION_EXACT
6515,穎崴,2026-07-02,B,P5_POCKET_PLUS_SURVIVAL,True,True,True,False,False,LOSER,-34.962406015037594,RECONSTRUCTED_NOT_PRODUCTION_EXACT
6525,捷敏-KY,2026-07-02,B,P5_POCKET_PLUS_SURVIVAL,True,True,True,False,False,NEUTRAL,3.603603603603611,RECONSTRUCTED_NOT_PRODUCTION_EXACT
6753,龍德造船,2026-07-02,B,P5_POCKET_PLUS_SURVIVAL,True,False,False,False,False,NEUTRAL,-0.7142857142857117,RECONSTRUCTED_NOT_PRODUCTION_EXACT
1217,愛之味,2026-07-03,B,P5_POCKET_PLUS_SURVIVAL,True,True,True,True,True,NEUTRAL,-1.9704433497537033,RECONSTRUCTED_NOT_PRODUCTION_EXACT
1304,台聚,2026-07-03,B,P5_POCKET_PLUS_SURVIVAL,True,True,True,False,False,LOSER,-16.451612903225808,RECONSTRUCTED_NOT_PRODUCTION_EXACT
1321,大洋,2026-07-03,B,P5_POCKET_PLUS_SURVIVAL,True,True,True,False,False,NEUTRAL,0.3134796238244641,RECONSTRUCTED_NOT_PRODUCTION_EXACT
1452,宏益,2026-07-03,B,P5_POCKET_PLUS_SURVIVAL,True,True,True,True,True,NEUTRAL,-3.765690376569031,RECONSTRUCTED_NOT_PRODUCTION_EXACT
1464,得力,2026-07-03,B,P5_POCKET_PLUS_SURVIVAL,True,True,True,True,True,NEUTRAL,-5.000000000000004,RECONSTRUCTED_NOT_PRODUCTION_EXACT
1702,南僑,2026-07-03,B,P5_POCKET_PLUS_SURVIVAL,True,True,True,True,True,NEUTRAL,4.147465437788034,RECONSTRUCTED_NOT_PRODUCTION_EXACT
1717,長興,2026-07-03,B,P5_POCKET_PLUS_SURVIVAL,True,True,True,False,False,LOSER,-23.89705882352941,RECONSTRUCTED_NOT_PRODUCTION_EXACT
2231,為升,2026-07-03,B,P5_POCKET_PLUS_SURVIVAL,True,True,True,False,False,LOSER,-9.704641350210974,RECONSTRUCTED_NOT_PRODUCTION_EXACT
2617,台航,2026-07-03,B,P5_POCKET_PLUS_SURVIVAL,True,True,True,True,True,LOSER,-6.065573770491806,RECONSTRUCTED_NOT_PRODUCTION_EXACT
3518,柏騰,2026-07-03,B,P5_POCKET_PLUS_SURVIVAL,True,True,True,False,False,LOSER,-27.922971114167815,RECONSTRUCTED_NOT_PRODUCTION_EXACT
4989,榮科,2026-07-03,B,P5_POCKET_PLUS_SURVIVAL,True,False,False,False,False,LOSER,-41.26696832579185,RECONSTRUCTED_NOT_PRODUCTION_EXACT
6477,安集,2026-07-03,B,P5_POCKET_PLUS_SURVIVAL,True,True,True,False,False,NEUTRAL,11.111111111111116,RECONSTRUCTED_NOT_PRODUCTION_EXACT
7818,溢泰實業,2026-07-03,B,P5_POCKET_PLUS_SURVIVAL,True,True,True,True,True,NEUTRAL,-0.2906976744186051,RECONSTRUCTED_NOT_PRODUCTION_EXACT
9911,櫻花,2026-07-03,B,P5_POCKET_PLUS_SURVIVAL,True,True,True,True,True,NEUTRAL,-2.347417840375587,RECONSTRUCTED_NOT_PRODUCTION_EXACT
1256,鮮活果汁-KY,2026-07-06,B,P5_POCKET_PLUS_SURVIVAL,True,True,True,True,True,LOSER,-7.0351758793969825,RECONSTRUCTED_NOT_PRODUCTION_EXACT
1339,昭輝,2026-07-06,B,P5_POCKET_PLUS_SURVIVAL,True,True,True,True,True,NEUTRAL,-0.660066006600668,RECONSTRUCTED_NOT_PRODUCTION_EXACT
1604,聲寶,2026-07-06,B,P5_POCKET_PLUS_SURVIVAL,True,True,True,True,True,NEUTRAL,-1.0504201680672232,RECONSTRUCTED_NOT_PRODUCTION_EXACT
1721,三晃,2026-07-06,B,P5_POCKET_PLUS_SURVIVAL,True,True,True,False,False,LOSER,-29.259896729776248,RECONSTRUCTED_NOT_PRODUCTION_EXACT
1727,中華化,2026-07-06,B,P5_POCKET_PLUS_SURVIVAL,True,True,True,False,False,LOSER,-19.901477832512317,RECONSTRUCTED_NOT_PRODUCTION_EXACT
1760,寶齡富錦,2026-07-06,B,P5_POCKET_PLUS_SURVIVAL,True,True,True,True,True,LOSER,-6.676783004552355,RECONSTRUCTED_NOT_PRODUCTION_EXACT
1773,勝一,2026-07-06,B,P5_POCKET_PLUS_SURVIVAL,True,True,True,False,False,LOSER,-8.378378378378383,RECONSTRUCTED_NOT_PRODUCTION_EXACT
1783,和康生,2026-07-06,B,P5_POCKET_PLUS_SURVIVAL,True,True,True,True,True,NEUTRAL,-1.1083743842364546,RECONSTRUCTED_NOT_PRODUCTION_EXACT
2012,春雨,2026-07-06,B,P5_POCKET_PLUS_SURVIVAL,True,True,True,False,False,NEUTRAL,-4.242424242424237,RECONSTRUCTED_NOT_PRODUCTION_EXACT
2033,佳大,2026-07-06,B,P5_POCKET_PLUS_SURVIVAL,True,True,True,False,False,LOSER,-7.62195121951218,RECONSTRUCTED_NOT_PRODUCTION_EXACT
2104,國際中橡,2026-07-06,B,P5_POCKET_PLUS_SURVIVAL,True,True,True,False,False,LOSER,-8.771929824561408,RECONSTRUCTED_NOT_PRODUCTION_EXACT
2885,元大金,2026-07-06,B,P5_POCKET_PLUS_SURVIVAL,True,True,True,False,False,LOSER,-10.380116959064337,RECONSTRUCTED_NOT_PRODUCTION_EXACT
3031,佰鴻,2026-07-06,B,P5_POCKET_PLUS_SURVIVAL,True,True,True,False,False,LOSER,-26.51851851851852,RECONSTRUCTED_NOT_PRODUCTION_EXACT
6235,華孚,2026-07-06,B,P5_POCKET_PLUS_SURVIVAL,True,True,True,False,False,LOSER,-14.909478168264112,RECONSTRUCTED_NOT_PRODUCTION_EXACT
6782,視陽,2026-07-06,B,P5_POCKET_PLUS_SURVIVAL,True,True,True,False,False,LOSER,-6.714628297362113,RECONSTRUCTED_NOT_PRODUCTION_EXACT
6918,愛派司,2026-07-06,B,P5_POCKET_PLUS_SURVIVAL,True,True,True,True,True,NEUTRAL,-3.443708609271512,RECONSTRUCTED_NOT_PRODUCTION_EXACT
9912,偉聯,2026-07-06,B,P5_POCKET_PLUS_SURVIVAL,True,True,True,True,True,NEUTRAL,-0.7874015748031482,RECONSTRUCTED_NOT_PRODUCTION_EXACT
1419,新紡,2026-07-07,B,P5_POCKET_PLUS_SURVIVAL,True,True,True,False,False,NEUTRAL,-0.1515151515151469,RECONSTRUCTED_NOT_PRODUCTION_EXACT
2034,允強,2026-07-07,B,P5_POCKET_PLUS_SURVIVAL,True,True,True,True,True,NEUTRAL,-5.32687651331718,RECONSTRUCTED_NOT_PRODUCTION_EXACT
2208,台船,2026-07-07,B,P5_POCKET_PLUS_SURVIVAL,True,False,False,False,False,NEUTRAL,3.076923076923088,RECONSTRUCTED_NOT_PRODUCTION_EXACT
2390,云辰,2026-07-07,B,P5_POCKET_PLUS_SURVIVAL,True,True,True,False,False,LOSER,-12.355212355212352,RECONSTRUCTED_NOT_PRODUCTION_EXACT
2480,敦陽科,2026-07-07,B,P5_POCKET_PLUS_SURVIVAL,True,True,True,True,True,NEUTRAL,-1.851851851851849,RECONSTRUCTED_NOT_PRODUCTION_EXACT
2901,欣欣,2026-07-07,B,P5_POCKET_PLUS_SURVIVAL,True,True,True,False,False,NEUTRAL,1.2396694214876105,RECONSTRUCTED_NOT_PRODUCTION_EXACT
3545,敦泰,2026-07-07,B,P5_POCKET_PLUS_SURVIVAL,True,False,False,False,False,LOSER,-11.908931698774085,RECONSTRUCTED_NOT_PRODUCTION_EXACT
4133,亞諾法,2026-07-07,B,P5_POCKET_PLUS_SURVIVAL,True,True,True,True,True,NEUTRAL,2.1226415094339535,RECONSTRUCTED_NOT_PRODUCTION_EXACT
4438,廣越,2026-07-07,B,P5_POCKET_PLUS_SURVIVAL,True,True,True,True,True,NEUTRAL,-2.8799999999999937,RECONSTRUCTED_NOT_PRODUCTION_EXACT
4576,大銀微系統,2026-07-07,B,P5_POCKET_PLUS_SURVIVAL,True,True,True,False,False,LOSER,-11.210762331838565,RECONSTRUCTED_NOT_PRODUCTION_EXACT
4961,天鈺,2026-07-07,B,P5_POCKET_PLUS_SURVIVAL,True,True,True,False,False,LOSER,-6.000000000000005,RECONSTRUCTED_NOT_PRODUCTION_EXACT
6201,亞弘電,2026-07-07,B,P5_POCKET_PLUS_SURVIVAL,True,True,True,True,True,NEUTRAL,-0.3051881993896166,RECONSTRUCTED_NOT_PRODUCTION_EXACT
6416,瑞祺電通,2026-07-07,B,P5_POCKET_PLUS_SURVIVAL,True,True,True,True,True,WINNER,16.483516483516492,RECONSTRUCTED_NOT_PRODUCTION_EXACT
6873,泓德能源-創,2026-07-07,B,P5_POCKET_PLUS_SURVIVAL,True,True,True,False,False,NEUTRAL,-1.7937219730941756,RECONSTRUCTED_NOT_PRODUCTION_EXACT
1203,味王,2026-07-08,B,P5_POCKET_PLUS_SURVIVAL,False,True,True,False,False,NEUTRAL,8.755760368663612,RECONSTRUCTED_NOT_PRODUCTION_EXACT
1416,廣豐,2026-07-08,B,P5_POCKET_PLUS_SURVIVAL,True,True,True,True,True,NEUTRAL,0.0,RECONSTRUCTED_NOT_PRODUCTION_EXACT
2388,威盛,2026-07-08,B,P5_POCKET_PLUS_SURVIVAL,False,False,False,False,False,NEUTRAL,-1.2113055181695698,RECONSTRUCTED_NOT_PRODUCTION_EXACT
2427,三商電,2026-07-08,B,P5_POCKET_PLUS_SURVIVAL,False,False,False,False,False,LOSER,-9.197651663405091,RECONSTRUCTED_NOT_PRODUCTION_EXACT
3416,融程電,2026-07-08,B,P5_POCKET_PLUS_SURVIVAL,False,True,False,False,False,NEUTRAL,-4.545454545454541,RECONSTRUCTED_NOT_PRODUCTION_EXACT
4178,永笙-KY,2026-07-08,B,P5_POCKET_PLUS_SURVIVAL,False,True,False,False,False,NEUTRAL,-0.7792207792207684,RECONSTRUCTED_NOT_PRODUCTION_EXACT
4195,基米-創,2026-07-08,B,P5_POCKET_PLUS_SURVIVAL,True,True,True,True,True,LOSER,-7.954545454545469,RECONSTRUCTED_NOT_PRODUCTION_EXACT
5269,祥碩,2026-07-08,B,P5_POCKET_PLUS_SURVIVAL,False,False,False,False,False,LOSER,-7.868852459016395,RECONSTRUCTED_NOT_PRODUCTION_EXACT
6794,向榮生技-創,2026-07-08,B,P5_POCKET_PLUS_SURVIVAL,False,True,False,False,False,NEUTRAL,-5.589307411907651,RECONSTRUCTED_NOT_PRODUCTION_EXACT
6934,心誠鎂,2026-07-08,B,P5_POCKET_PLUS_SURVIVAL,False,True,True,False,False,NEUTRAL,8.42391304347827,RECONSTRUCTED_NOT_PRODUCTION_EXACT
8443,阿瘦,2026-07-08,B,P5_POCKET_PLUS_SURVIVAL,True,True,False,True,True,NEUTRAL,-1.30434782608696,RECONSTRUCTED_NOT_PRODUCTION_EXACT
020037,元大金融高股息N,2026-07-09,B,P5_POCKET_PLUS_SURVIVAL,False,False,False,False,False,NEUTRAL,0.7252946509519465,RECONSTRUCTED_NOT_PRODUCTION_EXACT
1536,和大,2026-07-09,B,P5_POCKET_PLUS_SURVIVAL,False,True,False,True,True,LOSER,-7.454545454545459,RECONSTRUCTED_NOT_PRODUCTION_EXACT
1623,大東電,2026-07-09,B,P5_POCKET_PLUS_SURVIVAL,False,True,False,False,False,NEUTRAL,-3.31125827814569,RECONSTRUCTED_NOT_PRODUCTION_EXACT
2431,聯昌,2026-07-09,B,P5_POCKET_PLUS_SURVIVAL,False,False,False,False,False,LOSER,-6.550218340611358,RECONSTRUCTED_NOT_PRODUCTION_EXACT
2465,麗臺,2026-07-09,B,P5_POCKET_PLUS_SURVIVAL,False,True,False,False,False,LOSER,-10.05586592178771,RECONSTRUCTED_NOT_PRODUCTION_EXACT
2486,一詮,2026-07-09,B,P5_POCKET_PLUS_SURVIVAL,False,True,False,False,False,LOSER,-15.444015444015449,RECONSTRUCTED_NOT_PRODUCTION_EXACT
3005,神基,2026-07-09,B,P5_POCKET_PLUS_SURVIVAL,False,False,False,False,False,NEUTRAL,0.8928571428571397,RECONSTRUCTED_NOT_PRODUCTION_EXACT
3015,全漢,2026-07-09,B,P5_POCKET_PLUS_SURVIVAL,False,False,False,False,False,LOSER,-15.10903426791278,RECONSTRUCTED_NOT_PRODUCTION_EXACT
3617,碩天,2026-07-09,B,P5_POCKET_PLUS_SURVIVAL,False,True,False,True,True,LOSER,-11.98347107438017,RECONSTRUCTED_NOT_PRODUCTION_EXACT
5258,虹堡,2026-07-09,B,P5_POCKET_PLUS_SURVIVAL,False,True,False,False,False,NEUTRAL,-1.325757575757569,RECONSTRUCTED_NOT_PRODUCTION_EXACT
6176,瑞儀,2026-07-09,B,P5_POCKET_PLUS_SURVIVAL,True,False,False,True,False,NEUTRAL,-2.759381898454749,RECONSTRUCTED_NOT_PRODUCTION_EXACT
6928,攸泰科技,2026-07-09,B,P5_POCKET_PLUS_SURVIVAL,False,True,False,False,False,NEUTRAL,0.5628517823639934,RECONSTRUCTED_NOT_PRODUCTION_EXACT
7823,奧義賽博-KY創,2026-07-09,B,P5_POCKET_PLUS_SURVIVAL,False,True,False,True,True,LOSER,-6.4189189189189255,RECONSTRUCTED_NOT_PRODUCTION_EXACT
1232,大統益,2026-07-13,C,P5_POCKET_PLUS_SURVIVAL,True,True,False,True,True,,,RECONSTRUCTED_NOT_PRODUCTION_EXACT
1308,亞聚,2026-07-13,C,P5_POCKET_PLUS_SURVIVAL,False,True,False,False,False,,,RECONSTRUCTED_NOT_PRODUCTION_EXACT
2101,南港,2026-07-13,C,P5_POCKET_PLUS_SURVIVAL,True,False,False,True,False,,,RECONSTRUCTED_NOT_PRODUCTION_EXACT
2321,東訊,2026-07-13,C,P5_POCKET_PLUS_SURVIVAL,False,True,False,False,False,,,RECONSTRUCTED_NOT_PRODUCTION_EXACT
2374,佳能,2026-07-13,C,P5_POCKET_PLUS_SURVIVAL,False,True,False,False,False,,,RECONSTRUCTED_NOT_PRODUCTION_EXACT
2482,連宇,2026-07-13,C,P5_POCKET_PLUS_SURVIVAL,True,True,False,True,True,,,RECONSTRUCTED_NOT_PRODUCTION_EXACT
3596,智易,2026-07-13,C,P5_POCKET_PLUS_SURVIVAL,False,True,False,False,False,,,RECONSTRUCTED_NOT_PRODUCTION_EXACT
3694,海華,2026-07-13,C,P5_POCKET_PLUS_SURVIVAL,False,True,False,False,False,,,RECONSTRUCTED_NOT_PRODUCTION_EXACT
4564,元翎,2026-07-13,C,P5_POCKET_PLUS_SURVIVAL,False,True,False,False,False,,,RECONSTRUCTED_NOT_PRODUCTION_EXACT
4764,雙鍵,2026-07-13,C,P5_POCKET_PLUS_SURVIVAL,False,True,False,False,False,,,RECONSTRUCTED_NOT_PRODUCTION_EXACT
6142,友勁,2026-07-13,C,P5_POCKET_PLUS_SURVIVAL,False,True,False,False,False,,,RECONSTRUCTED_NOT_PRODUCTION_EXACT
6225,天瀚,2026-07-13,C,P5_POCKET_PLUS_SURVIVAL,False,True,False,False,False,,,RECONSTRUCTED_NOT_PRODUCTION_EXACT
6533,晶心科,2026-07-13,C,P5_POCKET_PLUS_SURVIVAL,False,True,False,False,False,,,RECONSTRUCTED_NOT_PRODUCTION_EXACT
6863,永道-KY,2026-07-13,C,P5_POCKET_PLUS_SURVIVAL,True,True,False,True,True,,,RECONSTRUCTED_NOT_PRODUCTION_EXACT
6933,AMAX-KY,2026-07-13,C,P5_POCKET_PLUS_SURVIVAL,False,True,False,False,False,,,RECONSTRUCTED_NOT_PRODUCTION_EXACT
8442,威宏-KY,2026-07-13,C,P5_POCKET_PLUS_SURVIVAL,False,True,False,False,False,,,RECONSTRUCTED_NOT_PRODUCTION_EXACT
9925,新保,2026-07-13,C,P5_POCKET_PLUS_SURVIVAL,True,False,False,True,False,,,RECONSTRUCTED_NOT_PRODUCTION_EXACT
9938,百和,2026-07-13,C,P5_POCKET_PLUS_SURVIVAL,False,False,False,False,False,,,RECONSTRUCTED_NOT_PRODUCTION_EXACT
1410,南染,2026-07-14,C,P5_POCKET_PLUS_SURVIVAL,False,True,False,True,True,,,RECONSTRUCTED_NOT_PRODUCTION_EXACT
1468,昶和,2026-07-14,C,P5_POCKET_PLUS_SURVIVAL,True,True,False,True,True,,,RECONSTRUCTED_NOT_PRODUCTION_EXACT
1476,儒鴻,2026-07-14,C,P5_POCKET_PLUS_SURVIVAL,True,True,False,True,True,,,RECONSTRUCTED_NOT_PRODUCTION_EXACT
1733,五鼎,2026-07-14,C,P5_POCKET_PLUS_SURVIVAL,True,True,False,True,True,,,RECONSTRUCTED_NOT_PRODUCTION_EXACT
1734,杏輝,2026-07-14,C,P5_POCKET_PLUS_SURVIVAL,True,True,False,True,True,,,RECONSTRUCTED_NOT_PRODUCTION_EXACT
2006,東和鋼鐵,2026-07-14,C,P5_POCKET_PLUS_SURVIVAL,False,True,False,True,True,,,RECONSTRUCTED_NOT_PRODUCTION_EXACT
2023,燁輝,2026-07-14,C,P5_POCKET_PLUS_SURVIVAL,False,True,False,True,True,,,RECONSTRUCTED_NOT_PRODUCTION_EXACT
2207,和泰車,2026-07-14,C,P5_POCKET_PLUS_SURVIVAL,False,True,False,True,True,,,RECONSTRUCTED_NOT_PRODUCTION_EXACT
2704,國賓,2026-07-14,C,P5_POCKET_PLUS_SURVIVAL,True,True,False,True,True,,,RECONSTRUCTED_NOT_PRODUCTION_EXACT
3702,大聯大,2026-07-14,C,P5_POCKET_PLUS_SURVIVAL,False,True,False,True,True,,,RECONSTRUCTED_NOT_PRODUCTION_EXACT
4104,佳醫,2026-07-14,C,P5_POCKET_PLUS_SURVIVAL,True,True,False,True,True,,,RECONSTRUCTED_NOT_PRODUCTION_EXACT
4106,雃博,2026-07-14,C,P5_POCKET_PLUS_SURVIVAL,True,True,False,True,True,,,RECONSTRUCTED_NOT_PRODUCTION_EXACT
4736,泰博,2026-07-14,C,P5_POCKET_PLUS_SURVIVAL,True,True,False,True,True,,,RECONSTRUCTED_NOT_PRODUCTION_EXACT
5306,桂盟,2026-07-14,C,P5_POCKET_PLUS_SURVIVAL,False,True,False,True,True,,,RECONSTRUCTED_NOT_PRODUCTION_EXACT
5525,順天,2026-07-14,C,P5_POCKET_PLUS_SURVIVAL,False,True,False,True,True,,,RECONSTRUCTED_NOT_PRODUCTION_EXACT
5538,東明-KY,2026-07-14,C,P5_POCKET_PLUS_SURVIVAL,False,True,False,True,True,,,RECONSTRUCTED_NOT_PRODUCTION_EXACT
6534,正瀚-創,2026-07-14,C,P5_POCKET_PLUS_SURVIVAL,True,True,False,True,True,,,RECONSTRUCTED_NOT_PRODUCTION_EXACT
8411,福貞-KY,2026-07-14,C,P5_POCKET_PLUS_SURVIVAL,True,True,False,True,True,,,RECONSTRUCTED_NOT_PRODUCTION_EXACT
8462,柏文,2026-07-14,C,P5_POCKET_PLUS_SURVIVAL,True,True,False,True,True,,,RECONSTRUCTED_NOT_PRODUCTION_EXACT
8481,政伸,2026-07-14,C,P5_POCKET_PLUS_SURVIVAL,True,True,False,True,True,,,RECONSTRUCTED_NOT_PRODUCTION_EXACT
910322,康師傅-DR,2026-07-14,C,P5_POCKET_PLUS_SURVIVAL,False,True,False,True,True,,,RECONSTRUCTED_NOT_PRODUCTION_EXACT
2015,豐興,2026-07-15,C,P5_POCKET_PLUS_SURVIVAL,False,True,False,False,False,,,RECONSTRUCTED_NOT_PRODUCTION_EXACT
6464,台數科,2026-07-15,C,P5_POCKET_PLUS_SURVIVAL,True,False,False,True,False,,,RECONSTRUCTED_NOT_PRODUCTION_EXACT
6598,ABC-KY,2026-07-15,C,P5_POCKET_PLUS_SURVIVAL,False,True,False,False,False,,,RECONSTRUCTED_NOT_PRODUCTION_EXACT
6669,緯穎,2026-07-15,C,P5_POCKET_PLUS_SURVIVAL,False,True,False,False,False,,,RECONSTRUCTED_NOT_PRODUCTION_EXACT
6887,寶綠特-KY,2026-07-15,C,P5_POCKET_PLUS_SURVIVAL,False,True,False,False,False,,,RECONSTRUCTED_NOT_PRODUCTION_EXACT
8478,東哥遊艇,2026-07-15,C,P5_POCKET_PLUS_SURVIVAL,False,True,False,False,False,,,RECONSTRUCTED_NOT_PRODUCTION_EXACT
8499,鼎炫-KY,2026-07-15,C,P5_POCKET_PLUS_SURVIVAL,False,True,False,False,False,,,RECONSTRUCTED_NOT_PRODUCTION_EXACT
9927,泰銘,2026-07-15,C,P5_POCKET_PLUS_SURVIVAL,True,True,False,True,True,,,RECONSTRUCTED_NOT_PRODUCTION_EXACT
00715L,期街口布蘭特正2,2026-07-16,C,P5_POCKET_PLUS_SURVIVAL,False,False,False,False,False,,,RECONSTRUCTED_NOT_PRODUCTION_EXACT
00916,國泰全球品牌50,2026-07-16,C,P5_POCKET_PLUS_SURVIVAL,True,False,False,True,False,,,RECONSTRUCTED_NOT_PRODUCTION_EXACT
1101,台泥,2026-07-16,C,P5_POCKET_PLUS_SURVIVAL,False,True,False,True,True,,,RECONSTRUCTED_NOT_PRODUCTION_EXACT
1103,嘉泥,2026-07-16,C,P5_POCKET_PLUS_SURVIVAL,True,True,False,True,True,,,RECONSTRUCTED_NOT_PRODUCTION_EXACT
1110,東泥,2026-07-16,C,P5_POCKET_PLUS_SURVIVAL,False,True,False,False,False,,,RECONSTRUCTED_NOT_PRODUCTION_EXACT
1436,華友聯,2026-07-16,C,P5_POCKET_PLUS_SURVIVAL,True,True,True,True,True,,,RECONSTRUCTED_NOT_PRODUCTION_EXACT
1439,雋揚,2026-07-16,C,P5_POCKET_PLUS_SURVIVAL,False,True,True,False,False,,,RECONSTRUCTED_NOT_PRODUCTION_EXACT
1442,名軒,2026-07-16,C,P5_POCKET_PLUS_SURVIVAL,True,True,True,True,True,,,RECONSTRUCTED_NOT_PRODUCTION_EXACT
1732,毛寶,2026-07-16,C,P5_POCKET_PLUS_SURVIVAL,False,True,True,True,True,,,RECONSTRUCTED_NOT_PRODUCTION_EXACT
2459,敦吉,2026-07-16,C,P5_POCKET_PLUS_SURVIVAL,True,True,False,True,True,,,RECONSTRUCTED_NOT_PRODUCTION_EXACT
2524,京城,2026-07-16,C,P5_POCKET_PLUS_SURVIVAL,False,True,True,True,True,,,RECONSTRUCTED_NOT_PRODUCTION_EXACT
3266,昇陽,2026-07-16,C,P5_POCKET_PLUS_SURVIVAL,False,True,True,True,True,,,RECONSTRUCTED_NOT_PRODUCTION_EXACT
6789,采鈺,2026-07-16,C,P5_POCKET_PLUS_SURVIVAL,False,True,False,False,False,,,RECONSTRUCTED_NOT_PRODUCTION_EXACT
8404,百和興業-KY,2026-07-16,C,P5_POCKET_PLUS_SURVIVAL,False,True,False,True,True,,,RECONSTRUCTED_NOT_PRODUCTION_EXACT
OilGasElectricity,油電燃氣類指數,2026-07-16,C,P5_POCKET_PLUS_SURVIVAL,False,False,False,False,False,,,RECONSTRUCTED_NOT_PRODUCTION_EXACT
00632R,元大台灣50反1,2026-07-17,C,P5_POCKET_PLUS_SURVIVAL,False,False,False,False,False,,,RECONSTRUCTED_NOT_PRODUCTION_EXACT
00642U,期元大S&P石油,2026-07-17,C,P5_POCKET_PLUS_SURVIVAL,False,False,False,False,False,,,RECONSTRUCTED_NOT_PRODUCTION_EXACT
00664R,國泰臺灣加權反1,2026-07-17,C,P5_POCKET_PLUS_SURVIVAL,False,False,False,True,False,,,RECONSTRUCTED_NOT_PRODUCTION_EXACT
00676R,富邦臺灣加權反1,2026-07-17,C,P5_POCKET_PLUS_SURVIVAL,False,False,False,True,False,,,RECONSTRUCTED_NOT_PRODUCTION_EXACT
1201,味全,2026-07-17,C,P5_POCKET_PLUS_SURVIVAL,False,True,False,True,True,,,RECONSTRUCTED_NOT_PRODUCTION_EXACT
1231,聯華食,2026-07-17,C,P5_POCKET_PLUS_SURVIVAL,False,True,False,True,True,,,RECONSTRUCTED_NOT_PRODUCTION_EXACT
1323,永裕,2026-07-17,C,P5_POCKET_PLUS_SURVIVAL,False,True,False,True,True,,,RECONSTRUCTED_NOT_PRODUCTION_EXACT
2008,高興昌,2026-07-17,C,P5_POCKET_PLUS_SURVIVAL,False,True,False,False,False,,,RECONSTRUCTED_NOT_PRODUCTION_EXACT
2024,志聯,2026-07-17,C,P5_POCKET_PLUS_SURVIVAL,False,True,False,True,True,,,RECONSTRUCTED_NOT_PRODUCTION_EXACT
2105,正新,2026-07-17,C,P5_POCKET_PLUS_SURVIVAL,False,True,False,True,True,,,RECONSTRUCTED_NOT_PRODUCTION_EXACT
2115,六暉-KY,2026-07-17,C,P5_POCKET_PLUS_SURVIVAL,False,True,False,False,False,,,RECONSTRUCTED_NOT_PRODUCTION_EXACT
2608,嘉里大榮,2026-07-17,C,P5_POCKET_PLUS_SURVIVAL,False,True,False,False,False,,,RECONSTRUCTED_NOT_PRODUCTION_EXACT
2929,淘帝-KY,2026-07-17,C,P5_POCKET_PLUS_SURVIVAL,False,True,False,False,False,,,RECONSTRUCTED_NOT_PRODUCTION_EXACT
3024,憶聲,2026-07-17,C,P5_POCKET_PLUS_SURVIVAL,False,True,False,True,True,,,RECONSTRUCTED_NOT_PRODUCTION_EXACT
4582,聚恆-創,2026-07-17,C,P5_POCKET_PLUS_SURVIVAL,False,True,False,False,False,,,RECONSTRUCTED_NOT_PRODUCTION_EXACT
6937,天虹,2026-07-17,C,P5_POCKET_PLUS_SURVIVAL,False,True,False,False,False,,,RECONSTRUCTED_NOT_PRODUCTION_EXACT
00665L,富邦恒生國企正2,2026-07-20,C,P5_POCKET_PLUS_SURVIVAL,False,False,False,False,False,,,RECONSTRUCTED_NOT_PRODUCTION_EXACT
00686R,群益臺灣加權反1,2026-07-20,C,P5_POCKET_PLUS_SURVIVAL,False,False,False,False,False,,,RECONSTRUCTED_NOT_PRODUCTION_EXACT
1220,台榮,2026-07-20,C,P5_POCKET_PLUS_SURVIVAL,False,True,False,False,False,,,RECONSTRUCTED_NOT_PRODUCTION_EXACT
1233,天仁,2026-07-20,C,P5_POCKET_PLUS_SURVIVAL,False,True,False,True,True,,,RECONSTRUCTED_NOT_PRODUCTION_EXACT
1235,興泰,2026-07-20,C,P5_POCKET_PLUS_SURVIVAL,False,True,False,True,True,,,RECONSTRUCTED_NOT_PRODUCTION_EXACT
1614,三洋電,2026-07-20,C,P5_POCKET_PLUS_SURVIVAL,False,True,False,False,False,,,RECONSTRUCTED_NOT_PRODUCTION_EXACT
2762,世界健身-KY,2026-07-20,C,P5_POCKET_PLUS_SURVIVAL,False,True,False,True,True,,,RECONSTRUCTED_NOT_PRODUCTION_EXACT
3679,新至陞,2026-07-20,C,P5_POCKET_PLUS_SURVIVAL,False,True,False,False,False,,,RECONSTRUCTED_NOT_PRODUCTION_EXACT
4770,上品,2026-07-20,C,P5_POCKET_PLUS_SURVIVAL,False,True,False,False,False,,,RECONSTRUCTED_NOT_PRODUCTION_EXACT
6281,全國電,2026-07-20,C,P5_POCKET_PLUS_SURVIVAL,False,True,False,False,False,,,RECONSTRUCTED_NOT_PRODUCTION_EXACT
6969,成信實業*-創,2026-07-20,C,P5_POCKET_PLUS_SURVIVAL,False,True,False,False,False,,,RECONSTRUCTED_NOT_PRODUCTION_EXACT
7740,熙特爾-創,2026-07-20,C,P5_POCKET_PLUS_SURVIVAL,False,True,False,False,False,,,RECONSTRUCTED_NOT_PRODUCTION_EXACT
8367,建新國際,2026-07-20,C,P5_POCKET_PLUS_SURVIVAL,False,True,False,False,False,,,RECONSTRUCTED_NOT_PRODUCTION_EXACT
9939,宏全,2026-07-20,C,P5_POCKET_PLUS_SURVIVAL,False,True,False,False,False,,,RECONSTRUCTED_NOT_PRODUCTION_EXACT
00753L,中信中國50正2,2026-07-21,C,P5_POCKET_PLUS_SURVIVAL,False,False,False,False,False,,,RECONSTRUCTED_NOT_PRODUCTION_EXACT
2029,盛餘,2026-07-21,C,P5_POCKET_PLUS_SURVIVAL,False,True,False,True,True,,,RECONSTRUCTED_NOT_PRODUCTION_EXACT
2347,聯強,2026-07-21,C,P5_POCKET_PLUS_SURVIVAL,False,False,False,False,False,,,RECONSTRUCTED_NOT_PRODUCTION_EXACT
8045,達運光電,2026-07-21,C,P5_POCKET_PLUS_SURVIVAL,False,True,False,False,False,,,RECONSTRUCTED_NOT_PRODUCTION_EXACT
9103,美德醫療-DR,2026-07-21,C,P5_POCKET_PLUS_SURVIVAL,False,True,False,False,False,,,RECONSTRUCTED_NOT_PRODUCTION_EXACT
9924,福興,2026-07-21,C,P5_POCKET_PLUS_SURVIVAL,False,True,False,True,True,,,RECONSTRUCTED_NOT_PRODUCTION_EXACT
00636,國泰中國A50,2026-07-22,C,P5_POCKET_PLUS_SURVIVAL,False,False,False,False,False,,,RECONSTRUCTED_NOT_PRODUCTION_EXACT
00669R,國泰美國道瓊反1,2026-07-22,C,P5_POCKET_PLUS_SURVIVAL,False,False,False,True,False,,,RECONSTRUCTED_NOT_PRODUCTION_EXACT
00693U,期街口S&P黃豆,2026-07-22,C,P5_POCKET_PLUS_SURVIVAL,False,False,False,True,False,,,RECONSTRUCTED_NOT_PRODUCTION_EXACT
00700,富邦恒生國企,2026-07-22,C,P5_POCKET_PLUS_SURVIVAL,False,False,False,True,False,,,RECONSTRUCTED_NOT_PRODUCTION_EXACT
00702,國泰標普低波高息,2026-07-22,C,P5_POCKET_PLUS_SURVIVAL,False,False,False,False,False,,,RECONSTRUCTED_NOT_PRODUCTION_EXACT
00709,富邦歐洲,2026-07-22,C,P5_POCKET_PLUS_SURVIVAL,False,False,False,True,False,,,RECONSTRUCTED_NOT_PRODUCTION_EXACT
00710B,復華彭博非投等債,2026-07-22,C,P5_POCKET_PLUS_SURVIVAL,False,False,False,True,False,,,RECONSTRUCTED_NOT_PRODUCTION_EXACT
00752,中信中國50,2026-07-22,C,P5_POCKET_PLUS_SURVIVAL,False,False,False,True,False,,,RECONSTRUCTED_NOT_PRODUCTION_EXACT
00763U,期街口道瓊銅,2026-07-22,C,P5_POCKET_PLUS_SURVIVAL,False,False,False,False,False,,,RECONSTRUCTED_NOT_PRODUCTION_EXACT
00917,中信特選金融,2026-07-22,C,P5_POCKET_PLUS_SURVIVAL,False,False,False,False,False,,,RECONSTRUCTED_NOT_PRODUCTION_EXACT
00924,復華S&P500成長,2026-07-22,C,P5_POCKET_PLUS_SURVIVAL,False,False,False,True,False,,,RECONSTRUCTED_NOT_PRODUCTION_EXACT
00926,凱基全球菁英55,2026-07-22,C,P5_POCKET_PLUS_SURVIVAL,False,False,False,True,False,,,RECONSTRUCTED_NOT_PRODUCTION_EXACT
00945B,凱基美國非投等債,2026-07-22,C,P5_POCKET_PLUS_SURVIVAL,False,False,False,False,False,,,RECONSTRUCTED_NOT_PRODUCTION_EXACT
00953B,群益優選非投等債,2026-07-22,C,P5_POCKET_PLUS_SURVIVAL,False,False,False,True,False,,,RECONSTRUCTED_NOT_PRODUCTION_EXACT
00956,中信日經高股息,2026-07-22,C,P5_POCKET_PLUS_SURVIVAL,False,False,False,False,False,,,RECONSTRUCTED_NOT_PRODUCTION_EXACT
00960,野村全球航運龍頭,2026-07-22,C,P5_POCKET_PLUS_SURVIVAL,False,False,False,False,False,,,RECONSTRUCTED_NOT_PRODUCTION_EXACT
00961,FT臺灣永續高息,2026-07-22,C,P5_POCKET_PLUS_SURVIVAL,False,False,False,False,False,,,RECONSTRUCTED_NOT_PRODUCTION_EXACT
00972,野村日本動能高息,2026-07-22,C,P5_POCKET_PLUS_SURVIVAL,False,False,False,False,False,,,RECONSTRUCTED_NOT_PRODUCTION_EXACT
009810,玉山全球藍籌100,2026-07-22,C,P5_POCKET_PLUS_SURVIVAL,False,False,False,True,False,,,RECONSTRUCTED_NOT_PRODUCTION_EXACT
009811,統一美國50,2026-07-22,C,P5_POCKET_PLUS_SURVIVAL,False,False,False,True,False,,,RECONSTRUCTED_NOT_PRODUCTION_EXACT
009813,貝萊德標普卓越50,2026-07-22,C,P5_POCKET_PLUS_SURVIVAL,False,False,False,True,False,,,RECONSTRUCTED_NOT_PRODUCTION_EXACT
009817,國泰日本不動產,2026-07-22,C,P5_POCKET_PLUS_SURVIVAL,False,False,False,False,False,,,RECONSTRUCTED_NOT_PRODUCTION_EXACT
1463,強盛新,2026-07-22,C,P5_POCKET_PLUS_SURVIVAL,False,True,False,False,False,,,RECONSTRUCTED_NOT_PRODUCTION_EXACT
3665,貿聯-KY,2026-07-22,C,P5_POCKET_PLUS_SURVIVAL,False,True,False,False,False,,,RECONSTRUCTED_NOT_PRODUCTION_EXACT
3669,圓展,2026-07-22,C,P5_POCKET_PLUS_SURVIVAL,False,True,False,False,False,,,RECONSTRUCTED_NOT_PRODUCTION_EXACT
00640L,富邦日本正2,2026-07-23,C,P5_POCKET_PLUS_SURVIVAL,False,False,False,False,False,,,RECONSTRUCTED_NOT_PRODUCTION_EXACT
00650L,復華香港正2,2026-07-23,C,P5_POCKET_PLUS_SURVIVAL,False,False,False,False,False,,,RECONSTRUCTED_NOT_PRODUCTION_EXACT
00882,中信中國高股息,2026-07-23,C,P5_POCKET_PLUS_SURVIVAL,False,False,False,False,False,,,RECONSTRUCTED_NOT_PRODUCTION_EXACT
1325,恆大,2026-07-23,C,P5_POCKET_PLUS_SURVIVAL,True,True,False,True,True,,,RECONSTRUCTED_NOT_PRODUCTION_EXACT
1418,東華,2026-07-23,C,P5_POCKET_PLUS_SURVIVAL,False,False,False,False,False,,,RECONSTRUCTED_NOT_PRODUCTION_EXACT
6504,南六,2026-07-23,C,P5_POCKET_PLUS_SURVIVAL,False,False,False,False,False,,,RECONSTRUCTED_NOT_PRODUCTION_EXACT
8271,宇瞻,2026-07-23,C,P5_POCKET_PLUS_SURVIVAL,False,True,False,False,False,,,RECONSTRUCTED_NOT_PRODUCTION_EXACT
00681R,元大美債20反1,2026-07-24,C,P5_POCKET_PLUS_SURVIVAL,False,False,False,False,False,,,RECONSTRUCTED_NOT_PRODUCTION_EXACT
2002,中鋼,2026-07-24,C,P5_POCKET_PLUS_SURVIVAL,False,True,False,False,False,,,RECONSTRUCTED_NOT_PRODUCTION_EXACT
2385,群光,2026-07-24,C,P5_POCKET_PLUS_SURVIVAL,True,True,False,True,True,,,RECONSTRUCTED_NOT_PRODUCTION_EXACT
2605,新興,2026-07-24,C,P5_POCKET_PLUS_SURVIVAL,False,True,False,False,False,,,RECONSTRUCTED_NOT_PRODUCTION_EXACT
2609,陽明,2026-07-24,C,P5_POCKET_PLUS_SURVIVAL,False,True,False,False,False,,,RECONSTRUCTED_NOT_PRODUCTION_EXACT
2616,山隆,2026-07-24,C,P5_POCKET_PLUS_SURVIVAL,True,True,False,True,True,,,RECONSTRUCTED_NOT_PRODUCTION_EXACT
2701,萬企,2026-07-24,C,P5_POCKET_PLUS_SURVIVAL,True,True,False,True,True,,,RECONSTRUCTED_NOT_PRODUCTION_EXACT
2712,遠雄來,2026-07-24,C,P5_POCKET_PLUS_SURVIVAL,False,True,False,False,False,,,RECONSTRUCTED_NOT_PRODUCTION_EXACT
7765,中華資安,2026-07-24,C,P5_POCKET_PLUS_SURVIVAL,True,True,False,True,True,,,RECONSTRUCTED_NOT_PRODUCTION_EXACT
9919,康那香,2026-07-24,C,P5_POCKET_PLUS_SURVIVAL,False,True,False,False,False,,,RECONSTRUCTED_NOT_PRODUCTION_EXACT
020036,元大金融配息N,2026-06-11,A,P6_FULL,False,False,False,False,False,NEUTRAL,6.236323851203496,RECONSTRUCTED_NOT_PRODUCTION_EXACT
1227,佳格,2026-06-11,A,P6_FULL,False,True,True,True,True,NEUTRAL,0.6932409012131657,RECONSTRUCTED_NOT_PRODUCTION_EXACT
1438,三地開發,2026-06-11,A,P6_FULL,False,True,False,True,False,NEUTRAL,-5.197505197505192,RECONSTRUCTED_NOT_PRODUCTION_EXACT
1532,勤美,2026-06-11,A,P6_FULL,False,True,False,True,False,NEUTRAL,-2.1691973969631184,RECONSTRUCTED_NOT_PRODUCTION_EXACT
1714,和桐,2026-06-11,A,P6_FULL,False,True,False,False,False,WINNER,28.819444444444443,RECONSTRUCTED_NOT_PRODUCTION_EXACT
2313,華通,2026-06-11,A,P6_FULL,False,True,False,False,False,LOSER,-19.090909090909093,RECONSTRUCTED_NOT_PRODUCTION_EXACT
2355,敬鵬,2026-06-11,A,P6_FULL,False,True,False,False,False,LOSER,-11.925042589437815,RECONSTRUCTED_NOT_PRODUCTION_EXACT
2383,台光電,2026-06-11,A,P6_FULL,False,True,False,True,False,NEUTRAL,3.140333660451433,RECONSTRUCTED_NOT_PRODUCTION_EXACT
2723,美食-KY,2026-06-11,A,P6_FULL,False,True,True,True,True,NEUTRAL,-0.146412884333813,RECONSTRUCTED_NOT_PRODUCTION_EXACT
2905,三商,2026-06-11,A,P6_FULL,False,True,False,False,False,NEUTRAL,3.4965034965035,RECONSTRUCTED_NOT_PRODUCTION_EXACT
3003,健和興,2026-06-11,A,P6_FULL,False,True,False,True,False,NEUTRAL,-1.9402985074626788,RECONSTRUCTED_NOT_PRODUCTION_EXACT
3025,星通,2026-06-11,A,P6_FULL,False,False,False,False,False,NEUTRAL,-3.730272596843631,RECONSTRUCTED_NOT_PRODUCTION_EXACT
5388,中磊,2026-06-11,A,P6_FULL,False,False,False,False,False,LOSER,-11.03368176538908,RECONSTRUCTED_NOT_PRODUCTION_EXACT
5519,隆大,2026-06-11,A,P6_FULL,False,True,True,True,True,NEUTRAL,0.4431314623338123,RECONSTRUCTED_NOT_PRODUCTION_EXACT
5546,永固-KY,2026-06-11,A,P6_FULL,False,True,False,False,False,NEUTRAL,-5.000000000000004,RECONSTRUCTED_NOT_PRODUCTION_EXACT
6133,金橋,2026-06-11,A,P6_FULL,False,True,False,False,False,NEUTRAL,-5.054945054945048,RECONSTRUCTED_NOT_PRODUCTION_EXACT
6141,柏承,2026-06-11,A,P6_FULL,False,True,False,False,False,WINNER,23.417721518987335,RECONSTRUCTED_NOT_PRODUCTION_EXACT
6189,豐藝,2026-06-11,A,P6_FULL,False,True,False,False,False,NEUTRAL,-3.441682600382401,RECONSTRUCTED_NOT_PRODUCTION_EXACT
8070,長華*,2026-06-11,A,P6_FULL,False,False,False,False,False,LOSER,-8.673469387755095,RECONSTRUCTED_NOT_PRODUCTION_EXACT
9945,潤泰新,2026-06-11,A,P6_FULL,False,True,False,False,False,NEUTRAL,2.111324376199608,RECONSTRUCTED_NOT_PRODUCTION_EXACT
2393,億光,2026-06-12,A,P6_FULL,False,True,False,False,False,NEUTRAL,-5.9238363892806785,RECONSTRUCTED_NOT_PRODUCTION_EXACT
2413,環科,2026-06-12,A,P6_FULL,False,True,False,False,False,LOSER,-23.937908496732028,RECONSTRUCTED_NOT_PRODUCTION_EXACT
2636,台驊控股,2026-06-12,A,P6_FULL,True,True,True,True,True,NEUTRAL,-3.2303370786516794,RECONSTRUCTED_NOT_PRODUCTION_EXACT
3576,聯合再生,2026-06-12,A,P6_FULL,False,True,False,False,False,LOSER,-15.151515151515149,RECONSTRUCTED_NOT_PRODUCTION_EXACT
6205,詮欣,2026-06-12,A,P6_FULL,False,True,False,False,False,LOSER,-15.14450867052023,RECONSTRUCTED_NOT_PRODUCTION_EXACT
6691,洋基工程,2026-06-12,A,P6_FULL,False,True,False,False,False,WINNER,15.384615384615374,RECONSTRUCTED_NOT_PRODUCTION_EXACT
6944,兆聯實業,2026-06-12,A,P6_FULL,True,True,False,True,False,NEUTRAL,-0.7063572149344055,RECONSTRUCTED_NOT_PRODUCTION_EXACT
8081,致新,2026-06-12,A,P6_FULL,False,True,False,False,False,NEUTRAL,9.71731448763251,RECONSTRUCTED_NOT_PRODUCTION_EXACT
0050,元大台灣50,2026-06-15,A,P6_FULL,True,False,False,False,False,NEUTRAL,2.422802850356298,RECONSTRUCTED_NOT_PRODUCTION_EXACT
0055,元大MSCI金融,2026-06-15,A,P6_FULL,True,False,False,True,False,NEUTRAL,2.3658536585365875,RECONSTRUCTED_NOT_PRODUCTION_EXACT
006204,永豐臺灣加權,2026-06-15,A,P6_FULL,True,False,False,False,False,NEUTRAL,2.841409691629959,RECONSTRUCTED_NOT_PRODUCTION_EXACT
006208,富邦台50,2026-06-15,A,P6_FULL,True,False,False,False,False,NEUTRAL,2.498975829578032,RECONSTRUCTED_NOT_PRODUCTION_EXACT
00631L,元大台灣50正2,2026-06-15,A,P6_FULL,True,False,False,False,False,NEUTRAL,3.641758834637177,RECONSTRUCTED_NOT_PRODUCTION_EXACT
00657,國泰日經225,2026-06-15,A,P6_FULL,True,False,False,False,False,NEUTRAL,1.9183168316831756,RECONSTRUCTED_NOT_PRODUCTION_EXACT
00661,元大日經225,2026-06-15,A,P6_FULL,True,False,False,False,False,NEUTRAL,1.7357222844344822,RECONSTRUCTED_NOT_PRODUCTION_EXACT
00663L,國泰臺灣加權正2,2026-06-15,A,P6_FULL,True,False,False,False,False,NEUTRAL,3.7639405204461074,RECONSTRUCTED_NOT_PRODUCTION_EXACT
00675L,富邦臺灣加權正2,2026-06-15,A,P6_FULL,True,False,False,False,False,NEUTRAL,3.8514653981893465,RECONSTRUCTED_NOT_PRODUCTION_EXACT
00685L,群益臺灣加權正2,2026-06-15,A,P6_FULL,True,False,False,False,False,NEUTRAL,3.3958438925494105,RECONSTRUCTED_NOT_PRODUCTION_EXACT
00690,兆豐藍籌30,2026-06-15,A,P6_FULL,True,False,False,False,False,NEUTRAL,1.3707165109034136,RECONSTRUCTED_NOT_PRODUCTION_EXACT
00692,富邦公司治理,2026-06-15,A,P6_FULL,True,False,False,False,False,NEUTRAL,2.251510159253156,RECONSTRUCTED_NOT_PRODUCTION_EXACT
00701,國泰股利精選30,2026-06-15,A,P6_FULL,True,False,False,True,False,NEUTRAL,4.253056884635842,RECONSTRUCTED_NOT_PRODUCTION_EXACT
00731,復華富時高息低波,2026-06-15,A,P6_FULL,True,False,False,True,False,NEUTRAL,1.8327605956472093,RECONSTRUCTED_NOT_PRODUCTION_EXACT
00735,國泰臺韓科技,2026-06-15,A,P6_FULL,True,False,False,False,False,NEUTRAL,3.4070796460176966,RECONSTRUCTED_NOT_PRODUCTION_EXACT
00830,國泰費城半導體,2026-06-15,A,P6_FULL,True,False,False,False,False,NEUTRAL,-0.6602336211274817,RECONSTRUCTED_NOT_PRODUCTION_EXACT
00850,元大臺灣ESG永續,2026-06-15,A,P6_FULL,True,False,False,False,False,NEUTRAL,1.8815716657443415,RECONSTRUCTED_NOT_PRODUCTION_EXACT
00876,元大全球5G,2026-06-15,A,P6_FULL,True,False,False,False,False,NEUTRAL,7.233181588265047,RECONSTRUCTED_NOT_PRODUCTION_EXACT
00900,富邦特選高股息30,2026-06-15,A,P6_FULL,True,False,False,False,False,NEUTRAL,-1.5376729882111806,RECONSTRUCTED_NOT_PRODUCTION_EXACT
00901,永豐智能車供應鏈,2026-06-15,A,P6_FULL,True,False,False,False,False,NEUTRAL,1.716738197424883,RECONSTRUCTED_NOT_PRODUCTION_EXACT
00905,FT臺灣Smart,2026-06-15,A,P6_FULL,True,False,False,False,False,NEUTRAL,2.743682310469331,RECONSTRUCTED_NOT_PRODUCTION_EXACT
00907,永豐優息存股,2026-06-15,A,P6_FULL,True,False,False,True,False,NEUTRAL,-0.916870415647908,RECONSTRUCTED_NOT_PRODUCTION_EXACT
00908,富邦入息REITs+,2026-06-15,A,P6_FULL,True,False,False,True,False,NEUTRAL,0.5952380952381153,RECONSTRUCTED_NOT_PRODUCTION_EXACT
00912,中信臺灣智慧50,2026-06-15,A,P6_FULL,True,False,False,True,False,NEUTRAL,1.4762326542663071,RECONSTRUCTED_NOT_PRODUCTION_EXACT
00915,凱基優選高股息30,2026-06-15,A,P6_FULL,True,False,False,True,False,NEUTRAL,3.242212333121408,RECONSTRUCTED_NOT_PRODUCTION_EXACT
00918,大華優利高填息30,2026-06-15,A,P6_FULL,True,False,False,False,False,NEUTRAL,0.7841907151819427,RECONSTRUCTED_NOT_PRODUCTION_EXACT
00923,群益台ESG低碳50,2026-06-15,A,P6_FULL,True,False,False,False,False,NEUTRAL,1.5805614531729129,RECONSTRUCTED_NOT_PRODUCTION_EXACT
00927,群益半導體收益,2026-06-15,A,P6_FULL,True,False,False,False,False,NEUTRAL,5.402676091895997,RECONSTRUCTED_NOT_PRODUCTION_EXACT
00929,復華台灣科技優息,2026-06-15,A,P6_FULL,True,False,False,False,False,NEUTRAL,0.951131518530679,RECONSTRUCTED_NOT_PRODUCTION_EXACT
00930,永豐ESG低碳高息,2026-06-15,A,P6_FULL,True,False,False,False,False,NEUTRAL,0.8488278092158463,RECONSTRUCTED_NOT_PRODUCTION_EXACT
00935,野村臺灣新科技50,2026-06-15,A,P6_FULL,True,False,False,False,False,NEUTRAL,2.629416598192269,RECONSTRUCTED_NOT_PRODUCTION_EXACT
00939,統一台灣高息動能,2026-06-15,A,P6_FULL,True,False,False,True,False,NEUTRAL,0.8932769158439102,RECONSTRUCTED_NOT_PRODUCTION_EXACT
00941,中信上游半導體,2026-06-15,A,P6_FULL,True,False,False,False,False,NEUTRAL,4.163750874737593,RECONSTRUCTED_NOT_PRODUCTION_EXACT
00944,野村趨勢動能高息,2026-06-15,A,P6_FULL,True,False,False,True,False,NEUTRAL,4.260299625468167,RECONSTRUCTED_NOT_PRODUCTION_EXACT
00947,台新臺灣IC設計,2026-06-15,A,P6_FULL,True,False,False,False,False,NEUTRAL,2.6125193998965512,RECONSTRUCTED_NOT_PRODUCTION_EXACT
00951,台新日本半導體,2026-06-15,A,P6_FULL,True,False,False,False,False,NEUTRAL,6.278481012658221,RECONSTRUCTED_NOT_PRODUCTION_EXACT
00954,中信日本半導體,2026-06-15,A,P6_FULL,True,False,False,False,False,NEUTRAL,6.166982922201147,RECONSTRUCTED_NOT_PRODUCTION_EXACT
009802,富邦旗艦50,2026-06-15,A,P6_FULL,True,False,False,False,False,NEUTRAL,-2.5602409638554313,RECONSTRUCTED_NOT_PRODUCTION_EXACT
009804,聯邦台精彩50,2026-06-15,A,P6_FULL,True,False,False,False,False,NEUTRAL,2.408111533586798,RECONSTRUCTED_NOT_PRODUCTION_EXACT
00988A,主動統一全球創新,2026-06-15,A,P6_FULL,True,False,False,False,False,NEUTRAL,-0.3577817531305816,RECONSTRUCTED_NOT_PRODUCTION_EXACT
00990A,主動元大AI新經濟,2026-06-15,A,P6_FULL,True,False,False,False,False,NEUTRAL,1.514411333659016,RECONSTRUCTED_NOT_PRODUCTION_EXACT
2891,中信金,2026-06-15,A,P6_FULL,True,True,True,False,False,NEUTRAL,1.2838801711840375,RECONSTRUCTED_NOT_PRODUCTION_EXACT
3041,揚智,2026-06-15,A,P6_FULL,True,True,True,False,False,NEUTRAL,5.9259259259259345,RECONSTRUCTED_NOT_PRODUCTION_EXACT
3044,健鼎,2026-06-15,A,P6_FULL,True,True,True,False,False,NEUTRAL,-0.3846153846153832,RECONSTRUCTED_NOT_PRODUCTION_EXACT
4551,智伸科,2026-06-15,A,P6_FULL,True,True,True,False,False,WINNER,34.730538922155695,RECONSTRUCTED_NOT_PRODUCTION_EXACT
4952,凌通,2026-06-15,A,P6_FULL,True,True,True,False,False,NEUTRAL,-1.7094017094017144,RECONSTRUCTED_NOT_PRODUCTION_EXACT
5434,崇越,2026-06-15,A,P6_FULL,True,True,True,False,False,WINNER,17.307692307692314,RECONSTRUCTED_NOT_PRODUCTION_EXACT
5471,松翰,2026-06-15,A,P6_FULL,True,True,True,False,False,NEUTRAL,7.317073170731714,RECONSTRUCTED_NOT_PRODUCTION_EXACT
6191,精成科,2026-06-15,A,P6_FULL,True,True,True,False,False,NEUTRAL,3.398058252427183,RECONSTRUCTED_NOT_PRODUCTION_EXACT
6202,盛群,2026-06-15,A,P6_FULL,True,True,True,False,False,NEUTRAL,-0.1533742331288445,RECONSTRUCTED_NOT_PRODUCTION_EXACT
0052,富邦科技,2026-06-16,A,P6_FULL,True,False,False,False,False,NEUTRAL,4.122877930476965,RECONSTRUCTED_NOT_PRODUCTION_EXACT
0053,元大電子,2026-06-16,A,P6_FULL,True,False,False,False,False,NEUTRAL,3.3912324234904867,RECONSTRUCTED_NOT_PRODUCTION_EXACT
0057,富邦摩台,2026-06-16,A,P6_FULL,True,False,False,False,False,NEUTRAL,3.327495621716281,RECONSTRUCTED_NOT_PRODUCTION_EXACT
00851,台新全球AI,2026-06-16,A,P6_FULL,True,False,False,False,False,NEUTRAL,1.8280297901151157,RECONSTRUCTED_NOT_PRODUCTION_EXACT
00861,元大全球未來通訊,2026-06-16,A,P6_FULL,True,False,False,False,False,NEUTRAL,1.5167364016736462,RECONSTRUCTED_NOT_PRODUCTION_EXACT
00881,國泰台灣科技龍頭,2026-06-16,A,P6_FULL,True,False,False,False,False,NEUTRAL,1.823154056517784,RECONSTRUCTED_NOT_PRODUCTION_EXACT
00892,富邦台灣半導體,2026-06-16,A,P6_FULL,True,False,False,False,False,NEUTRAL,3.2451655923538603,RECONSTRUCTED_NOT_PRODUCTION_EXACT
00893,國泰智能電動車,2026-06-16,A,P6_FULL,True,False,False,False,False,NEUTRAL,-0.0841396718552767,RECONSTRUCTED_NOT_PRODUCTION_EXACT
00898,國泰基因免疫革命,2026-06-16,A,P6_FULL,True,False,False,True,False,NEUTRAL,10.18957345971565,RECONSTRUCTED_NOT_PRODUCTION_EXACT
00911,兆豐洲際半導體,2026-06-16,A,P6_FULL,True,False,False,False,False,NEUTRAL,2.4719101123595655,RECONSTRUCTED_NOT_PRODUCTION_EXACT
00913,兆豐台灣晶圓製造,2026-06-16,A,P6_FULL,True,False,False,False,False,NEUTRAL,5.09615384615385,RECONSTRUCTED_NOT_PRODUCTION_EXACT
00922,國泰台灣領袖50,2026-06-16,A,P6_FULL,True,False,False,False,False,NEUTRAL,3.532608695652173,RECONSTRUCTED_NOT_PRODUCTION_EXACT
009809,富邦淨零ESG50,2026-06-16,A,P6_FULL,True,False,False,False,False,NEUTRAL,5.114942528735633,RECONSTRUCTED_NOT_PRODUCTION_EXACT
00980A,主動野村臺灣優選,2026-06-16,A,P6_FULL,True,False,False,False,False,NEUTRAL,1.2601626016260026,RECONSTRUCTED_NOT_PRODUCTION_EXACT
009816,凱基台灣TOP50,2026-06-16,A,P6_FULL,True,False,False,False,False,NEUTRAL,2.063185041908455,RECONSTRUCTED_NOT_PRODUCTION_EXACT
00983A,主動中信ARK創新,2026-06-16,A,P6_FULL,True,False,False,False,False,NEUTRAL,3.433835845896138,RECONSTRUCTED_NOT_PRODUCTION_EXACT
00989A,主動摩根美國科技,2026-06-16,A,P6_FULL,True,False,False,False,False,NEUTRAL,2.8322440087146017,RECONSTRUCTED_NOT_PRODUCTION_EXACT
00991A,主動復華未來50,2026-06-16,A,P6_FULL,True,False,False,False,False,NEUTRAL,5.191532258064524,RECONSTRUCTED_NOT_PRODUCTION_EXACT
00995A,主動中信台灣卓越,2026-06-16,A,P6_FULL,True,False,False,False,False,NEUTRAL,2.839643652561241,RECONSTRUCTED_NOT_PRODUCTION_EXACT
1456,怡華,2026-06-16,A,P6_FULL,True,True,True,True,True,NEUTRAL,-3.7800687285223455,RECONSTRUCTED_NOT_PRODUCTION_EXACT
2340,台亞,2026-06-16,A,P6_FULL,True,True,True,False,False,LOSER,-10.10230179028133,RECONSTRUCTED_NOT_PRODUCTION_EXACT
00403A,主動統一升級50,2026-06-17,A,P6_FULL,True,False,False,False,False,NEUTRAL,3.6279069767442,RECONSTRUCTED_NOT_PRODUCTION_EXACT
1301,台塑,2026-06-17,A,P6_FULL,True,True,True,False,False,WINNER,24.504692387904072,RECONSTRUCTED_NOT_PRODUCTION_EXACT
1465,偉全,2026-06-17,A,P6_FULL,True,True,True,True,True,NEUTRAL,1.2048192771084263,RECONSTRUCTED_NOT_PRODUCTION_EXACT
1515,力山,2026-06-17,A,P6_FULL,True,True,True,False,False,WINNER,51.55642023346305,RECONSTRUCTED_NOT_PRODUCTION_EXACT
1531,高林股,2026-06-17,A,P6_FULL,True,False,False,True,False,NEUTRAL,-0.3861003861003742,RECONSTRUCTED_NOT_PRODUCTION_EXACT
1541,錩泰,2026-06-17,A,P6_FULL,True,True,True,False,False,NEUTRAL,-4.888888888888898,RECONSTRUCTED_NOT_PRODUCTION_EXACT
1802,台玻,2026-06-17,A,P6_FULL,True,True,True,False,False,NEUTRAL,1.587301587301604,RECONSTRUCTED_NOT_PRODUCTION_EXACT
2402,毅嘉,2026-06-17,A,P6_FULL,True,True,True,False,False,NEUTRAL,-4.090267983074758,RECONSTRUCTED_NOT_PRODUCTION_EXACT
2460,建通,2026-06-17,A,P6_FULL,True,True,True,False,False,NEUTRAL,2.8169014084507005,RECONSTRUCTED_NOT_PRODUCTION_EXACT
2489,瑞軒,2026-06-17,A,P6_FULL,True,True,True,False,False,LOSER,-14.40329218106996,RECONSTRUCTED_NOT_PRODUCTION_EXACT
2611,志信,2026-06-17,A,P6_FULL,True,True,True,True,True,NEUTRAL,-2.135231316725983,RECONSTRUCTED_NOT_PRODUCTION_EXACT
3535,晶彩科,2026-06-17,A,P6_FULL,True,True,True,False,False,LOSER,-14.12639405204461,RECONSTRUCTED_NOT_PRODUCTION_EXACT
4722,國精化,2026-06-17,A,P6_FULL,True,True,True,False,False,NEUTRAL,4.924242424242431,RECONSTRUCTED_NOT_PRODUCTION_EXACT
5469,瀚宇博,2026-06-17,A,P6_FULL,True,True,True,False,False,NEUTRAL,1.039260969976907,RECONSTRUCTED_NOT_PRODUCTION_EXACT
6213,聯茂,2026-06-17,A,P6_FULL,True,True,True,False,False,WINNER,34.01869158878505,RECONSTRUCTED_NOT_PRODUCTION_EXACT
6472,保瑞,2026-06-17,A,P6_FULL,True,True,True,True,True,NEUTRAL,4.7272727272727355,RECONSTRUCTED_NOT_PRODUCTION_EXACT
7786,東方風能,2026-06-17,A,P6_FULL,True,True,True,False,False,NEUTRAL,-4.651162790697672,RECONSTRUCTED_NOT_PRODUCTION_EXACT
7795,長廣,2026-06-17,A,P6_FULL,True,True,True,False,False,WINNER,52.75000000000001,RECONSTRUCTED_NOT_PRODUCTION_EXACT
8039,台虹,2026-06-17,A,P6_FULL,True,True,True,False,False,NEUTRAL,1.3698630136986356,RECONSTRUCTED_NOT_PRODUCTION_EXACT
9136,巨騰-DR,2026-06-17,A,P6_FULL,True,True,True,True,True,LOSER,-18.01801801801801,RECONSTRUCTED_NOT_PRODUCTION_EXACT
0051,元大中型100,2026-06-18,A,P6_FULL,True,False,False,False,False,NEUTRAL,1.1171293161814422,RECONSTRUCTED_NOT_PRODUCTION_EXACT
00733,富邦臺灣中小,2026-06-18,A,P6_FULL,True,False,False,False,False,NEUTRAL,0.575079872204487,RECONSTRUCTED_NOT_PRODUCTION_EXACT
00762,元大全球AI,2026-06-18,A,P6_FULL,True,False,False,False,False,LOSER,-6.450287592440429,RECONSTRUCTED_NOT_PRODUCTION_EXACT
00896,中信綠能及電動車,2026-06-18,A,P6_FULL,True,False,False,False,False,NEUTRAL,1.2155881301394444,RECONSTRUCTED_NOT_PRODUCTION_EXACT
00946,群益科技高息成長,2026-06-18,A,P6_FULL,True,False,False,True,False,NEUTRAL,1.9480519480519431,RECONSTRUCTED_NOT_PRODUCTION_EXACT
009803,玉山市值動能50,2026-06-18,A,P6_FULL,True,False,False,False,False,NEUTRAL,-0.0910332271279013,RECONSTRUCTED_NOT_PRODUCTION_EXACT
009808,華南永昌優選50,2026-06-18,A,P6_FULL,True,False,False,False,False,NEUTRAL,0.0,RECONSTRUCTED_NOT_PRODUCTION_EXACT
00982A,主動群益台灣強棒,2026-06-18,A,P6_FULL,True,False,False,False,False,NEUTRAL,2.7386226339106035,RECONSTRUCTED_NOT_PRODUCTION_EXACT
00993A,主動安聯台灣,2026-06-18,A,P6_FULL,True,False,False,False,False,NEUTRAL,0.7697690692792358,RECONSTRUCTED_NOT_PRODUCTION_EXACT
00639,富邦深100,2026-06-22,A,P6_FULL,True,False,False,False,False,NEUTRAL,-4.283447911158111,RECONSTRUCTED_NOT_PRODUCTION_EXACT
1905,華紙,2026-06-22,A,P6_FULL,True,True,True,True,True,LOSER,-8.6720867208672,RECONSTRUCTED_NOT_PRODUCTION_EXACT
2415,錩新,2026-06-22,A,P6_FULL,True,True,True,True,True,WINNER,37.45874587458744,RECONSTRUCTED_NOT_PRODUCTION_EXACT
6919,康霈*,2026-06-22,A,P6_FULL,True,True,True,False,False,LOSER,-16.317991631799167,RECONSTRUCTED_NOT_PRODUCTION_EXACT
8072,陞泰,2026-06-22,A,P6_FULL,True,True,True,False,False,LOSER,-6.240000000000001,RECONSTRUCTED_NOT_PRODUCTION_EXACT
1437,勤益控,2026-06-23,A,P6_FULL,True,True,True,True,True,NEUTRAL,2.4958402662229595,RECONSTRUCTED_NOT_PRODUCTION_EXACT
1529,樂事綠能,2026-06-23,A,P6_FULL,True,True,True,True,True,NEUTRAL,-1.7429193899782036,RECONSTRUCTED_NOT_PRODUCTION_EXACT
1535,中宇,2026-06-23,A,P6_FULL,True,True,True,True,True,NEUTRAL,0.2000000000000001,RECONSTRUCTED_NOT_PRODUCTION_EXACT
2330,台積電,2026-06-23,A,P6_FULL,True,True,True,False,False,NEUTRAL,-2.008032128514059,RECONSTRUCTED_NOT_PRODUCTION_EXACT
2399,映泰,2026-06-23,A,P6_FULL,True,True,True,False,False,NEUTRAL,-2.7504911591355596,RECONSTRUCTED_NOT_PRODUCTION_EXACT
2466,冠西電,2026-06-23,A,P6_FULL,True,True,True,True,True,WINNER,64.47602131438721,RECONSTRUCTED_NOT_PRODUCTION_EXACT
2634,漢翔,2026-06-23,A,P6_FULL,True,False,False,False,False,WINNER,17.50503018108651,RECONSTRUCTED_NOT_PRODUCTION_EXACT
2646,星宇航空,2026-06-23,A,P6_FULL,True,False,False,True,False,NEUTRAL,-0.4672897196261627,RECONSTRUCTED_NOT_PRODUCTION_EXACT
2832,台產,2026-06-23,A,P6_FULL,True,True,True,False,False,NEUTRAL,0.3546099290780091,RECONSTRUCTED_NOT_PRODUCTION_EXACT
3530,晶相光,2026-06-23,A,P6_FULL,True,True,True,False,False,LOSER,-8.831521739130432,RECONSTRUCTED_NOT_PRODUCTION_EXACT
3712,永崴投控,2026-06-23,A,P6_FULL,True,True,True,False,False,NEUTRAL,-2.228412256267398,RECONSTRUCTED_NOT_PRODUCTION_EXACT
5283,禾聯碩,2026-06-23,A,P6_FULL,True,True,True,True,True,LOSER,-6.445993031358876,RECONSTRUCTED_NOT_PRODUCTION_EXACT
6243,迅杰,2026-06-23,A,P6_FULL,True,True,True,False,False,NEUTRAL,-5.421686746987953,RECONSTRUCTED_NOT_PRODUCTION_EXACT
6257,矽格,2026-06-23,A,P6_FULL,True,True,True,False,False,NEUTRAL,2.1097046413502074,RECONSTRUCTED_NOT_PRODUCTION_EXACT
6573,虹揚-KY,2026-06-23,A,P6_FULL,True,True,True,False,False,WINNER,28.132992327365724,RECONSTRUCTED_NOT_PRODUCTION_EXACT
6715,嘉基,2026-06-23,A,P6_FULL,True,True,True,False,False,LOSER,-20.562390158172228,RECONSTRUCTED_NOT_PRODUCTION_EXACT
8046,南電,2026-06-23,A,P6_FULL,True,True,True,False,False,WINNER,13.311331133113312,RECONSTRUCTED_NOT_PRODUCTION_EXACT
8438,昶昕,2026-06-23,A,P6_FULL,True,True,True,False,False,NEUTRAL,-3.861386138613865,RECONSTRUCTED_NOT_PRODUCTION_EXACT
9930,中聯資源,2026-06-23,A,P6_FULL,True,True,True,False,False,LOSER,-9.985734664764612,RECONSTRUCTED_NOT_PRODUCTION_EXACT
9940,信義,2026-06-23,A,P6_FULL,True,False,False,False,False,NEUTRAL,2.0779220779220786,RECONSTRUCTED_NOT_PRODUCTION_EXACT
1216,統一,2026-06-24,A,P6_FULL,True,True,True,True,True,NEUTRAL,4.6604527296937315,RECONSTRUCTED_NOT_PRODUCTION_EXACT
1234,黑松,2026-06-24,A,P6_FULL,True,True,True,True,True,NEUTRAL,-5.832147937411092,RECONSTRUCTED_NOT_PRODUCTION_EXACT
1236,宏亞,2026-06-24,A,P6_FULL,True,True,True,True,True,NEUTRAL,1.9379844961240345,RECONSTRUCTED_NOT_PRODUCTION_EXACT
1310,台苯,2026-06-24,A,P6_FULL,True,True,True,False,False,NEUTRAL,11.278952668680777,RECONSTRUCTED_NOT_PRODUCTION_EXACT
1315,達新,2026-06-24,A,P6_FULL,True,True,True,True,True,NEUTRAL,2.4077046548956593,RECONSTRUCTED_NOT_PRODUCTION_EXACT
1449,佳和,2026-06-24,A,P6_FULL,True,True,True,False,False,LOSER,-6.688963210702337,RECONSTRUCTED_NOT_PRODUCTION_EXACT
1475,業旺,2026-06-24,A,P6_FULL,True,True,True,False,False,NEUTRAL,0.7407407407407307,RECONSTRUCTED_NOT_PRODUCTION_EXACT
2352,佳世達,2026-06-24,A,P6_FULL,True,True,True,True,True,WINNER,12.418300653594772,RECONSTRUCTED_NOT_PRODUCTION_EXACT
2539,櫻花建,2026-06-24,A,P6_FULL,True,True,True,False,False,NEUTRAL,0.127877237851659,RECONSTRUCTED_NOT_PRODUCTION_EXACT
2910,統領,2026-06-24,A,P6_FULL,True,True,True,True,True,NEUTRAL,-3.3039647577092546,RECONSTRUCTED_NOT_PRODUCTION_EXACT
3588,通嘉,2026-06-24,A,P6_FULL,True,True,True,False,False,LOSER,-10.408432147562586,RECONSTRUCTED_NOT_PRODUCTION_EXACT
4119,旭富,2026-06-24,A,P6_FULL,True,True,True,False,False,NEUTRAL,1.1299435028248483,RECONSTRUCTED_NOT_PRODUCTION_EXACT
4164,承業醫,2026-06-24,A,P6_FULL,True,True,True,False,False,NEUTRAL,-5.237315875613757,RECONSTRUCTED_NOT_PRODUCTION_EXACT
4169,泰宗,2026-06-24,A,P6_FULL,True,True,True,True,True,WINNER,44.55958549222798,RECONSTRUCTED_NOT_PRODUCTION_EXACT
6505,台塑化,2026-06-24,A,P6_FULL,True,True,True,False,False,NEUTRAL,7.608695652173902,RECONSTRUCTED_NOT_PRODUCTION_EXACT
6909,創控,2026-06-24,A,P6_FULL,True,True,True,False,False,LOSER,-12.74834437086092,RECONSTRUCTED_NOT_PRODUCTION_EXACT
7799,禾榮科,2026-06-24,A,P6_FULL,True,True,True,False,False,NEUTRAL,7.021791767554486,RECONSTRUCTED_NOT_PRODUCTION_EXACT
9944,新麗,2026-06-24,A,P6_FULL,True,True,True,True,True,NEUTRAL,0.0,RECONSTRUCTED_NOT_PRODUCTION_EXACT
Plastics,塑膠類指數,2026-06-24,A,P6_FULL,True,False,False,False,False,WINNER,13.321884200196266,RECONSTRUCTED_NOT_PRODUCTION_EXACT
00674R,期元大S&P黃金反1,2026-06-25,A,P6_FULL,True,False,False,True,False,NEUTRAL,-1.9792342634652793,RECONSTRUCTED_NOT_PRODUCTION_EXACT
1313,聯成,2026-06-25,A,P6_FULL,True,True,True,False,False,NEUTRAL,-0.3984063745020028,RECONSTRUCTED_NOT_PRODUCTION_EXACT
1709,和益,2026-06-25,A,P6_FULL,True,True,True,False,False,WINNER,14.018691588785035,RECONSTRUCTED_NOT_PRODUCTION_EXACT
1725,元禎,2026-06-25,A,P6_FULL,True,True,True,False,False,LOSER,-9.843081312410828,RECONSTRUCTED_NOT_PRODUCTION_EXACT
1776,展宇,2026-06-25,A,P6_FULL,True,True,True,False,False,NEUTRAL,-2.0050125313283096,RECONSTRUCTED_NOT_PRODUCTION_EXACT
2103,台橡,2026-06-25,A,P6_FULL,True,True,True,True,True,NEUTRAL,7.459207459207473,RECONSTRUCTED_NOT_PRODUCTION_EXACT
2107,厚生,2026-06-25,A,P6_FULL,True,True,True,True,True,NEUTRAL,-1.1583011583011449,RECONSTRUCTED_NOT_PRODUCTION_EXACT
2458,義隆,2026-06-25,A,P6_FULL,True,True,True,False,False,NEUTRAL,1.9444444444444375,RECONSTRUCTED_NOT_PRODUCTION_EXACT
3591,艾笛森,2026-06-25,A,P6_FULL,True,True,True,True,True,LOSER,-6.238532110091743,RECONSTRUCTED_NOT_PRODUCTION_EXACT
4306,炎洲,2026-06-25,A,P6_FULL,True,True,True,True,True,NEUTRAL,-2.515723270440251,RECONSTRUCTED_NOT_PRODUCTION_EXACT
4414,如興,2026-06-25,A,P6_FULL,True,True,True,True,True,NEUTRAL,1.5116279069767424,RECONSTRUCTED_NOT_PRODUCTION_EXACT
5880,合庫金,2026-06-25,A,P6_FULL,True,True,True,True,True,NEUTRAL,0.1992031872509736,RECONSTRUCTED_NOT_PRODUCTION_EXACT
6582,申豐,2026-06-25,A,P6_FULL,True,True,True,True,True,NEUTRAL,-0.3039513677811634,RECONSTRUCTED_NOT_PRODUCTION_EXACT
8464,億豐,2026-06-25,A,P6_FULL,True,True,True,True,True,NEUTRAL,1.265822784810133,RECONSTRUCTED_NOT_PRODUCTION_EXACT
2516,新建,2026-06-26,A,P6_FULL,True,True,False,True,False,NEUTRAL,0.0,RECONSTRUCTED_NOT_PRODUCTION_EXACT
2527,宏璟,2026-06-26,A,P6_FULL,True,True,False,True,False,WINNER,13.135068153655505,RECONSTRUCTED_NOT_PRODUCTION_EXACT
2633,台灣高鐵,2026-06-26,A,P6_FULL,True,True,False,True,False,NEUTRAL,1.5355086372360829,RECONSTRUCTED_NOT_PRODUCTION_EXACT
2706,第一店,2026-06-26,A,P6_FULL,True,True,False,True,False,NEUTRAL,1.2096774193548487,RECONSTRUCTED_NOT_PRODUCTION_EXACT
2739,寒舍,2026-06-26,A,P6_FULL,True,True,False,True,False,LOSER,-9.200000000000008,RECONSTRUCTED_NOT_PRODUCTION_EXACT
3717,聯嘉投控,2026-06-26,A,P6_FULL,True,False,False,True,False,NEUTRAL,7.627118644067776,RECONSTRUCTED_NOT_PRODUCTION_EXACT
6168,宏齊,2026-06-26,A,P6_FULL,False,True,True,False,False,LOSER,-6.280991735537189,RECONSTRUCTED_NOT_PRODUCTION_EXACT
6177,達麗,2026-06-26,A,P6_FULL,True,True,False,True,False,NEUTRAL,0.9857612267250904,RECONSTRUCTED_NOT_PRODUCTION_EXACT
6743,安普新,2026-06-26,A,P6_FULL,True,False,False,True,False,NEUTRAL,-2.568218298555369,RECONSTRUCTED_NOT_PRODUCTION_EXACT
7631,聚賢研發-創,2026-06-26,A,P6_FULL,True,True,True,True,True,LOSER,-11.585365853658535,RECONSTRUCTED_NOT_PRODUCTION_EXACT
8033,雷虎,2026-06-26,A,P6_FULL,True,True,True,True,True,WINNER,77.58007117437722,RECONSTRUCTED_NOT_PRODUCTION_EXACT
9914,美利達,2026-06-26,A,P6_FULL,False,True,True,False,False,NEUTRAL,2.44565217391306,RECONSTRUCTED_NOT_PRODUCTION_EXACT
9921,巨大,2026-06-26,A,P6_FULL,False,True,False,False,False,NEUTRAL,4.444444444444451,RECONSTRUCTED_NOT_PRODUCTION_EXACT
00638R,元大滬深300反1,2026-06-29,A,P6_FULL,False,False,False,True,False,NEUTRAL,1.3595166163141936,RECONSTRUCTED_NOT_PRODUCTION_EXACT
00656R,國泰中國A50反1,2026-06-29,A,P6_FULL,False,False,False,True,False,NEUTRAL,1.718213058419238,RECONSTRUCTED_NOT_PRODUCTION_EXACT
00671R,富邦NASDAQ反1,2026-06-29,A,P6_FULL,False,False,False,True,False,NEUTRAL,-0.406504065040647,RECONSTRUCTED_NOT_PRODUCTION_EXACT
00712,復華富時不動產,2026-06-29,A,P6_FULL,False,False,False,True,False,NEUTRAL,0.3420752565564511,RECONSTRUCTED_NOT_PRODUCTION_EXACT
1229,聯華,2026-06-29,A,P6_FULL,False,True,False,True,False,LOSER,-6.323185011709609,RECONSTRUCTED_NOT_PRODUCTION_EXACT
1435,中福,2026-06-29,A,P6_FULL,False,True,False,True,False,NEUTRAL,6.626506024096401,RECONSTRUCTED_NOT_PRODUCTION_EXACT
1626,艾美特-KY,2026-06-29,A,P6_FULL,False,True,False,True,False,LOSER,-6.018518518518523,RECONSTRUCTED_NOT_PRODUCTION_EXACT
1736,喬山,2026-06-29,A,P6_FULL,False,False,False,False,False,NEUTRAL,-0.7722007722007707,RECONSTRUCTED_NOT_PRODUCTION_EXACT
2236,百達-KY,2026-06-29,A,P6_FULL,False,True,False,False,False,WINNER,14.28571428571428,RECONSTRUCTED_NOT_PRODUCTION_EXACT
2380,虹光,2026-06-29,A,P6_FULL,False,True,False,False,False,LOSER,-12.325581395348827,RECONSTRUCTED_NOT_PRODUCTION_EXACT
2630,亞航,2026-06-29,A,P6_FULL,False,True,False,False,False,WINNER,40.15748031496062,RECONSTRUCTED_NOT_PRODUCTION_EXACT
4560,強信-KY,2026-06-29,A,P6_FULL,False,True,False,True,False,NEUTRAL,2.2900763358778553,RECONSTRUCTED_NOT_PRODUCTION_EXACT
6491,晶碩,2026-06-29,A,P6_FULL,False,True,False,True,False,NEUTRAL,8.006042296072513,RECONSTRUCTED_NOT_PRODUCTION_EXACT
7803,雲象科技-創,2026-06-29,A,P6_FULL,False,False,False,True,False,NEUTRAL,-3.433476394849788,RECONSTRUCTED_NOT_PRODUCTION_EXACT
9905,大華,2026-06-29,A,P6_FULL,False,False,False,True,False,NEUTRAL,-3.294117647058825,RECONSTRUCTED_NOT_PRODUCTION_EXACT
0061,元大寶滬深,2026-06-30,A,P6_FULL,False,False,False,False,False,NEUTRAL,-1.2090483619344838,RECONSTRUCTED_NOT_PRODUCTION_EXACT
006205,富邦上証,2026-06-30,A,P6_FULL,True,False,False,True,False,NEUTRAL,-0.978053435114512,RECONSTRUCTED_NOT_PRODUCTION_EXACT
006206,元大上證50,2026-06-30,A,P6_FULL,True,False,False,True,False,NEUTRAL,2.558691638090238,RECONSTRUCTED_NOT_PRODUCTION_EXACT
006207,復華滬深,2026-06-30,A,P6_FULL,False,False,False,False,False,NEUTRAL,-1.7446932247746516,RECONSTRUCTED_NOT_PRODUCTION_EXACT
00648R,元大S&P500反1,2026-06-30,A,P6_FULL,True,False,False,True,False,NEUTRAL,-0.990099009900991,RECONSTRUCTED_NOT_PRODUCTION_EXACT
00651R,復華香港反1,2026-06-30,A,P6_FULL,True,False,False,True,False,LOSER,-7.8767123287671215,RECONSTRUCTED_NOT_PRODUCTION_EXACT
00652,富邦印度,2026-06-30,A,P6_FULL,True,False,False,True,False,NEUTRAL,0.8479709267110724,RECONSTRUCTED_NOT_PRODUCTION_EXACT
00666R,富邦恒生國企反1,2026-06-30,A,P6_FULL,True,False,False,True,False,LOSER,-8.463035019455244,RECONSTRUCTED_NOT_PRODUCTION_EXACT
00678,群益那斯達克生技,2026-06-30,A,P6_FULL,True,False,False,True,False,NEUTRAL,-0.2972504334902037,RECONSTRUCTED_NOT_PRODUCTION_EXACT
00680L,元大美債20正2,2026-06-30,A,P6_FULL,True,False,False,True,False,LOSER,-7.0637119113573394,RECONSTRUCTED_NOT_PRODUCTION_EXACT
00688L,國泰20年美債正2,2026-06-30,A,P6_FULL,True,False,False,True,False,LOSER,-6.8340306834030695,RECONSTRUCTED_NOT_PRODUCTION_EXACT
00714,群益道瓊美國地產,2026-06-30,A,P6_FULL,True,False,False,True,False,NEUTRAL,0.0,RECONSTRUCTED_NOT_PRODUCTION_EXACT
00739,元大MSCI A股,2026-06-30,A,P6_FULL,True,False,False,True,False,NEUTRAL,-2.1841397849462485,RECONSTRUCTED_NOT_PRODUCTION_EXACT
00783,富邦中証500,2026-06-30,A,P6_FULL,True,False,False,True,False,LOSER,-6.727444199937116,RECONSTRUCTED_NOT_PRODUCTION_EXACT
00865B,國泰US短期公債,2026-06-30,A,P6_FULL,True,False,False,True,False,NEUTRAL,1.0923330585325577,RECONSTRUCTED_NOT_PRODUCTION_EXACT
00875,國泰網路資安,2026-06-30,A,P6_FULL,False,False,False,False,False,NEUTRAL,8.83813306852035,RECONSTRUCTED_NOT_PRODUCTION_EXACT
00897,富邦基因免疫生技,2026-06-30,A,P6_FULL,True,False,False,True,False,NEUTRAL,-1.5030946065428763,RECONSTRUCTED_NOT_PRODUCTION_EXACT
009805,台新美國電力基建,2026-06-30,A,P6_FULL,True,False,False,True,False,NEUTRAL,-2.697947214076246,RECONSTRUCTED_NOT_PRODUCTION_EXACT
00983D,主動富邦複合收益,2026-06-30,A,P6_FULL,True,False,False,True,False,NEUTRAL,-0.6849315068493178,RECONSTRUCTED_NOT_PRODUCTION_EXACT
3413,京鼎,2026-06-30,A,P6_FULL,False,False,False,False,False,NEUTRAL,5.295007564296528,RECONSTRUCTED_NOT_PRODUCTION_EXACT
4155,訊映,2026-06-30,A,P6_FULL,False,True,True,False,False,NEUTRAL,7.308970099667755,RECONSTRUCTED_NOT_PRODUCTION_EXACT
4934,太極,2026-06-30,A,P6_FULL,False,True,False,False,False,LOSER,-8.695652173913038,RECONSTRUCTED_NOT_PRODUCTION_EXACT
00643,群益深証中小,2026-07-01,A,P6_FULL,True,False,False,True,False,NEUTRAL,-4.270633397312862,RECONSTRUCTED_NOT_PRODUCTION_EXACT
00728,第一金工業30,2026-07-01,A,P6_FULL,True,False,False,False,False,NEUTRAL,-2.4981074943224657,RECONSTRUCTED_NOT_PRODUCTION_EXACT
00938,凱基優選30,2026-07-01,A,P6_FULL,True,False,False,False,False,NEUTRAL,1.0660106601065866,RECONSTRUCTED_NOT_PRODUCTION_EXACT
2345,智邦,2026-07-01,A,P6_FULL,True,True,True,False,False,LOSER,-12.781954887218047,RECONSTRUCTED_NOT_PRODUCTION_EXACT
2429,銘旺科,2026-07-01,A,P6_FULL,True,True,True,False,False,NEUTRAL,-1.5625,RECONSTRUCTED_NOT_PRODUCTION_EXACT
2433,互盛電,2026-07-01,A,P6_FULL,True,False,False,True,False,LOSER,-6.249999999999989,RECONSTRUCTED_NOT_PRODUCTION_EXACT
2528,皇普,2026-07-01,A,P6_FULL,True,True,True,False,False,NEUTRAL,-0.6696428571428492,RECONSTRUCTED_NOT_PRODUCTION_EXACT
3605,宏致,2026-07-01,A,P6_FULL,True,True,True,False,False,NEUTRAL,-0.8177570093457764,RECONSTRUCTED_NOT_PRODUCTION_EXACT
8466,美吉吉-KY,2026-07-01,A,P6_FULL,True,True,True,True,True,NEUTRAL,1.4285714285714235,RECONSTRUCTED_NOT_PRODUCTION_EXACT
9935,慶豐富,2026-07-01,A,P6_FULL,True,False,False,True,False,NEUTRAL,-4.822335025380708,RECONSTRUCTED_NOT_PRODUCTION_EXACT
00981A,主動統一台股增長,2026-07-02,B,P6_FULL,True,False,False,False,False,LOSER,-17.535101404056153,RECONSTRUCTED_NOT_PRODUCTION_EXACT
1417,嘉裕,2026-07-02,B,P6_FULL,True,True,True,True,True,NEUTRAL,-5.621621621621619,RECONSTRUCTED_NOT_PRODUCTION_EXACT
1445,大宇,2026-07-02,B,P6_FULL,True,True,True,True,True,LOSER,-8.097165991902832,RECONSTRUCTED_NOT_PRODUCTION_EXACT
1466,聚隆,2026-07-02,B,P6_FULL,True,True,True,False,False,NEUTRAL,-4.201680672268903,RECONSTRUCTED_NOT_PRODUCTION_EXACT
1467,南緯,2026-07-02,B,P6_FULL,True,True,True,True,True,NEUTRAL,-1.4722536806342057,RECONSTRUCTED_NOT_PRODUCTION_EXACT
1474,弘裕,2026-07-02,B,P6_FULL,True,True,True,True,True,NEUTRAL,0.9661835748792312,RECONSTRUCTED_NOT_PRODUCTION_EXACT
1712,興農,2026-07-02,B,P6_FULL,True,True,True,True,True,NEUTRAL,-1.8633540372670845,RECONSTRUCTED_NOT_PRODUCTION_EXACT
2109,華豐,2026-07-02,B,P6_FULL,True,True,True,True,True,NEUTRAL,-0.6802721088435382,RECONSTRUCTED_NOT_PRODUCTION_EXACT
2351,順德,2026-07-02,B,P6_FULL,True,True,True,False,False,LOSER,-19.01408450704225,RECONSTRUCTED_NOT_PRODUCTION_EXACT
2467,志聖,2026-07-02,B,P6_FULL,True,True,True,False,False,LOSER,-15.197568389057746,RECONSTRUCTED_NOT_PRODUCTION_EXACT
2476,鉅祥,2026-07-02,B,P6_FULL,True,True,True,True,True,LOSER,-11.567164179104472,RECONSTRUCTED_NOT_PRODUCTION_EXACT
3443,創意,2026-07-02,B,P6_FULL,True,True,True,False,False,LOSER,-28.04878048780488,RECONSTRUCTED_NOT_PRODUCTION_EXACT
3661,世芯-KY,2026-07-02,B,P6_FULL,True,True,True,False,False,LOSER,-28.9070480081716,RECONSTRUCTED_NOT_PRODUCTION_EXACT
4572,駐龍,2026-07-02,B,P6_FULL,True,True,True,True,True,NEUTRAL,-2.0270270270270285,RECONSTRUCTED_NOT_PRODUCTION_EXACT
4771,望隼,2026-07-02,B,P6_FULL,True,True,True,True,True,NEUTRAL,-2.977667493796521,RECONSTRUCTED_NOT_PRODUCTION_EXACT
6515,穎崴,2026-07-02,B,P6_FULL,True,True,True,False,False,LOSER,-34.962406015037594,RECONSTRUCTED_NOT_PRODUCTION_EXACT
6525,捷敏-KY,2026-07-02,B,P6_FULL,True,True,True,False,False,NEUTRAL,3.603603603603611,RECONSTRUCTED_NOT_PRODUCTION_EXACT
6753,龍德造船,2026-07-02,B,P6_FULL,True,False,False,False,False,NEUTRAL,-0.7142857142857117,RECONSTRUCTED_NOT_PRODUCTION_EXACT
1217,愛之味,2026-07-03,B,P6_FULL,True,True,True,True,True,NEUTRAL,-1.9704433497537033,RECONSTRUCTED_NOT_PRODUCTION_EXACT
1304,台聚,2026-07-03,B,P6_FULL,True,True,True,False,False,LOSER,-16.451612903225808,RECONSTRUCTED_NOT_PRODUCTION_EXACT
1321,大洋,2026-07-03,B,P6_FULL,True,True,True,False,False,NEUTRAL,0.3134796238244641,RECONSTRUCTED_NOT_PRODUCTION_EXACT
1452,宏益,2026-07-03,B,P6_FULL,True,True,True,True,True,NEUTRAL,-3.765690376569031,RECONSTRUCTED_NOT_PRODUCTION_EXACT
1464,得力,2026-07-03,B,P6_FULL,True,True,True,True,True,NEUTRAL,-5.000000000000004,RECONSTRUCTED_NOT_PRODUCTION_EXACT
1702,南僑,2026-07-03,B,P6_FULL,True,True,True,True,True,NEUTRAL,4.147465437788034,RECONSTRUCTED_NOT_PRODUCTION_EXACT
1717,長興,2026-07-03,B,P6_FULL,True,True,True,False,False,LOSER,-23.89705882352941,RECONSTRUCTED_NOT_PRODUCTION_EXACT
2231,為升,2026-07-03,B,P6_FULL,True,True,True,False,False,LOSER,-9.704641350210974,RECONSTRUCTED_NOT_PRODUCTION_EXACT
2617,台航,2026-07-03,B,P6_FULL,True,True,True,True,True,LOSER,-6.065573770491806,RECONSTRUCTED_NOT_PRODUCTION_EXACT
3518,柏騰,2026-07-03,B,P6_FULL,True,True,True,False,False,LOSER,-27.922971114167815,RECONSTRUCTED_NOT_PRODUCTION_EXACT
4989,榮科,2026-07-03,B,P6_FULL,True,False,False,False,False,LOSER,-41.26696832579185,RECONSTRUCTED_NOT_PRODUCTION_EXACT
6477,安集,2026-07-03,B,P6_FULL,True,True,True,False,False,NEUTRAL,11.111111111111116,RECONSTRUCTED_NOT_PRODUCTION_EXACT
7818,溢泰實業,2026-07-03,B,P6_FULL,True,True,True,True,True,NEUTRAL,-0.2906976744186051,RECONSTRUCTED_NOT_PRODUCTION_EXACT
9911,櫻花,2026-07-03,B,P6_FULL,True,True,True,True,True,NEUTRAL,-2.347417840375587,RECONSTRUCTED_NOT_PRODUCTION_EXACT
1256,鮮活果汁-KY,2026-07-06,B,P6_FULL,True,True,True,True,True,LOSER,-7.0351758793969825,RECONSTRUCTED_NOT_PRODUCTION_EXACT
1339,昭輝,2026-07-06,B,P6_FULL,True,True,True,True,True,NEUTRAL,-0.660066006600668,RECONSTRUCTED_NOT_PRODUCTION_EXACT
1604,聲寶,2026-07-06,B,P6_FULL,True,True,True,True,True,NEUTRAL,-1.0504201680672232,RECONSTRUCTED_NOT_PRODUCTION_EXACT
1721,三晃,2026-07-06,B,P6_FULL,True,True,True,False,False,LOSER,-29.259896729776248,RECONSTRUCTED_NOT_PRODUCTION_EXACT
1727,中華化,2026-07-06,B,P6_FULL,True,True,True,False,False,LOSER,-19.901477832512317,RECONSTRUCTED_NOT_PRODUCTION_EXACT
1760,寶齡富錦,2026-07-06,B,P6_FULL,True,True,True,True,True,LOSER,-6.676783004552355,RECONSTRUCTED_NOT_PRODUCTION_EXACT
1773,勝一,2026-07-06,B,P6_FULL,True,True,True,False,False,LOSER,-8.378378378378383,RECONSTRUCTED_NOT_PRODUCTION_EXACT
1783,和康生,2026-07-06,B,P6_FULL,True,True,True,True,True,NEUTRAL,-1.1083743842364546,RECONSTRUCTED_NOT_PRODUCTION_EXACT
2012,春雨,2026-07-06,B,P6_FULL,True,True,True,False,False,NEUTRAL,-4.242424242424237,RECONSTRUCTED_NOT_PRODUCTION_EXACT
2033,佳大,2026-07-06,B,P6_FULL,True,True,True,False,False,LOSER,-7.62195121951218,RECONSTRUCTED_NOT_PRODUCTION_EXACT
2104,國際中橡,2026-07-06,B,P6_FULL,True,True,True,False,False,LOSER,-8.771929824561408,RECONSTRUCTED_NOT_PRODUCTION_EXACT
2885,元大金,2026-07-06,B,P6_FULL,True,True,True,False,False,LOSER,-10.380116959064337,RECONSTRUCTED_NOT_PRODUCTION_EXACT
3031,佰鴻,2026-07-06,B,P6_FULL,True,True,True,False,False,LOSER,-26.51851851851852,RECONSTRUCTED_NOT_PRODUCTION_EXACT
6235,華孚,2026-07-06,B,P6_FULL,True,True,True,False,False,LOSER,-14.909478168264112,RECONSTRUCTED_NOT_PRODUCTION_EXACT
6782,視陽,2026-07-06,B,P6_FULL,True,True,True,False,False,LOSER,-6.714628297362113,RECONSTRUCTED_NOT_PRODUCTION_EXACT
6918,愛派司,2026-07-06,B,P6_FULL,True,True,True,True,True,NEUTRAL,-3.443708609271512,RECONSTRUCTED_NOT_PRODUCTION_EXACT
9912,偉聯,2026-07-06,B,P6_FULL,True,True,True,True,True,NEUTRAL,-0.7874015748031482,RECONSTRUCTED_NOT_PRODUCTION_EXACT
1419,新紡,2026-07-07,B,P6_FULL,True,True,True,False,False,NEUTRAL,-0.1515151515151469,RECONSTRUCTED_NOT_PRODUCTION_EXACT
2034,允強,2026-07-07,B,P6_FULL,True,True,True,True,True,NEUTRAL,-5.32687651331718,RECONSTRUCTED_NOT_PRODUCTION_EXACT
2208,台船,2026-07-07,B,P6_FULL,True,False,False,False,False,NEUTRAL,3.076923076923088,RECONSTRUCTED_NOT_PRODUCTION_EXACT
2390,云辰,2026-07-07,B,P6_FULL,True,True,True,False,False,LOSER,-12.355212355212352,RECONSTRUCTED_NOT_PRODUCTION_EXACT
2480,敦陽科,2026-07-07,B,P6_FULL,True,True,True,True,True,NEUTRAL,-1.851851851851849,RECONSTRUCTED_NOT_PRODUCTION_EXACT
2901,欣欣,2026-07-07,B,P6_FULL,True,True,True,False,False,NEUTRAL,1.2396694214876105,RECONSTRUCTED_NOT_PRODUCTION_EXACT
3545,敦泰,2026-07-07,B,P6_FULL,True,False,False,False,False,LOSER,-11.908931698774085,RECONSTRUCTED_NOT_PRODUCTION_EXACT
4133,亞諾法,2026-07-07,B,P6_FULL,True,True,True,True,True,NEUTRAL,2.1226415094339535,RECONSTRUCTED_NOT_PRODUCTION_EXACT
4438,廣越,2026-07-07,B,P6_FULL,True,True,True,True,True,NEUTRAL,-2.8799999999999937,RECONSTRUCTED_NOT_PRODUCTION_EXACT
4576,大銀微系統,2026-07-07,B,P6_FULL,True,True,True,False,False,LOSER,-11.210762331838565,RECONSTRUCTED_NOT_PRODUCTION_EXACT
4961,天鈺,2026-07-07,B,P6_FULL,True,True,True,False,False,LOSER,-6.000000000000005,RECONSTRUCTED_NOT_PRODUCTION_EXACT
6201,亞弘電,2026-07-07,B,P6_FULL,True,True,True,True,True,NEUTRAL,-0.3051881993896166,RECONSTRUCTED_NOT_PRODUCTION_EXACT
6416,瑞祺電通,2026-07-07,B,P6_FULL,True,True,True,True,True,WINNER,16.483516483516492,RECONSTRUCTED_NOT_PRODUCTION_EXACT
6873,泓德能源-創,2026-07-07,B,P6_FULL,True,True,True,False,False,NEUTRAL,-1.7937219730941756,RECONSTRUCTED_NOT_PRODUCTION_EXACT
1203,味王,2026-07-08,B,P6_FULL,False,True,True,False,False,NEUTRAL,8.755760368663612,RECONSTRUCTED_NOT_PRODUCTION_EXACT
1416,廣豐,2026-07-08,B,P6_FULL,True,True,True,True,True,NEUTRAL,0.0,RECONSTRUCTED_NOT_PRODUCTION_EXACT
2388,威盛,2026-07-08,B,P6_FULL,False,False,False,False,False,NEUTRAL,-1.2113055181695698,RECONSTRUCTED_NOT_PRODUCTION_EXACT
2427,三商電,2026-07-08,B,P6_FULL,False,False,False,False,False,LOSER,-9.197651663405091,RECONSTRUCTED_NOT_PRODUCTION_EXACT
3416,融程電,2026-07-08,B,P6_FULL,False,True,False,False,False,NEUTRAL,-4.545454545454541,RECONSTRUCTED_NOT_PRODUCTION_EXACT
4178,永笙-KY,2026-07-08,B,P6_FULL,False,True,False,False,False,NEUTRAL,-0.7792207792207684,RECONSTRUCTED_NOT_PRODUCTION_EXACT
4195,基米-創,2026-07-08,B,P6_FULL,True,True,True,True,True,LOSER,-7.954545454545469,RECONSTRUCTED_NOT_PRODUCTION_EXACT
5269,祥碩,2026-07-08,B,P6_FULL,False,False,False,False,False,LOSER,-7.868852459016395,RECONSTRUCTED_NOT_PRODUCTION_EXACT
6794,向榮生技-創,2026-07-08,B,P6_FULL,False,True,False,False,False,NEUTRAL,-5.589307411907651,RECONSTRUCTED_NOT_PRODUCTION_EXACT
6934,心誠鎂,2026-07-08,B,P6_FULL,False,True,True,False,False,NEUTRAL,8.42391304347827,RECONSTRUCTED_NOT_PRODUCTION_EXACT
8443,阿瘦,2026-07-08,B,P6_FULL,True,True,False,True,False,NEUTRAL,-1.30434782608696,RECONSTRUCTED_NOT_PRODUCTION_EXACT
020037,元大金融高股息N,2026-07-09,B,P6_FULL,False,False,False,False,False,NEUTRAL,0.7252946509519465,RECONSTRUCTED_NOT_PRODUCTION_EXACT
1536,和大,2026-07-09,B,P6_FULL,False,True,False,True,False,LOSER,-7.454545454545459,RECONSTRUCTED_NOT_PRODUCTION_EXACT
1623,大東電,2026-07-09,B,P6_FULL,False,True,False,False,False,NEUTRAL,-3.31125827814569,RECONSTRUCTED_NOT_PRODUCTION_EXACT
2431,聯昌,2026-07-09,B,P6_FULL,False,False,False,False,False,LOSER,-6.550218340611358,RECONSTRUCTED_NOT_PRODUCTION_EXACT
2465,麗臺,2026-07-09,B,P6_FULL,False,True,False,False,False,LOSER,-10.05586592178771,RECONSTRUCTED_NOT_PRODUCTION_EXACT
2486,一詮,2026-07-09,B,P6_FULL,False,True,False,False,False,LOSER,-15.444015444015449,RECONSTRUCTED_NOT_PRODUCTION_EXACT
3005,神基,2026-07-09,B,P6_FULL,False,False,False,False,False,NEUTRAL,0.8928571428571397,RECONSTRUCTED_NOT_PRODUCTION_EXACT
3015,全漢,2026-07-09,B,P6_FULL,False,False,False,False,False,LOSER,-15.10903426791278,RECONSTRUCTED_NOT_PRODUCTION_EXACT
3617,碩天,2026-07-09,B,P6_FULL,False,True,False,True,False,LOSER,-11.98347107438017,RECONSTRUCTED_NOT_PRODUCTION_EXACT
5258,虹堡,2026-07-09,B,P6_FULL,False,True,False,False,False,NEUTRAL,-1.325757575757569,RECONSTRUCTED_NOT_PRODUCTION_EXACT
6176,瑞儀,2026-07-09,B,P6_FULL,True,False,False,True,False,NEUTRAL,-2.759381898454749,RECONSTRUCTED_NOT_PRODUCTION_EXACT
6928,攸泰科技,2026-07-09,B,P6_FULL,False,True,False,False,False,NEUTRAL,0.5628517823639934,RECONSTRUCTED_NOT_PRODUCTION_EXACT
7823,奧義賽博-KY創,2026-07-09,B,P6_FULL,False,True,False,True,False,LOSER,-6.4189189189189255,RECONSTRUCTED_NOT_PRODUCTION_EXACT
1232,大統益,2026-07-13,C,P6_FULL,True,True,False,True,False,,,RECONSTRUCTED_NOT_PRODUCTION_EXACT
1308,亞聚,2026-07-13,C,P6_FULL,False,True,False,False,False,,,RECONSTRUCTED_NOT_PRODUCTION_EXACT
2101,南港,2026-07-13,C,P6_FULL,True,False,False,True,False,,,RECONSTRUCTED_NOT_PRODUCTION_EXACT
2321,東訊,2026-07-13,C,P6_FULL,False,True,False,False,False,,,RECONSTRUCTED_NOT_PRODUCTION_EXACT
2374,佳能,2026-07-13,C,P6_FULL,False,True,False,False,False,,,RECONSTRUCTED_NOT_PRODUCTION_EXACT
2482,連宇,2026-07-13,C,P6_FULL,True,True,False,True,False,,,RECONSTRUCTED_NOT_PRODUCTION_EXACT
3596,智易,2026-07-13,C,P6_FULL,False,True,False,False,False,,,RECONSTRUCTED_NOT_PRODUCTION_EXACT
3694,海華,2026-07-13,C,P6_FULL,False,True,False,False,False,,,RECONSTRUCTED_NOT_PRODUCTION_EXACT
4564,元翎,2026-07-13,C,P6_FULL,False,True,False,False,False,,,RECONSTRUCTED_NOT_PRODUCTION_EXACT
4764,雙鍵,2026-07-13,C,P6_FULL,False,True,False,False,False,,,RECONSTRUCTED_NOT_PRODUCTION_EXACT
6142,友勁,2026-07-13,C,P6_FULL,False,True,False,False,False,,,RECONSTRUCTED_NOT_PRODUCTION_EXACT
6225,天瀚,2026-07-13,C,P6_FULL,False,True,False,False,False,,,RECONSTRUCTED_NOT_PRODUCTION_EXACT
6533,晶心科,2026-07-13,C,P6_FULL,False,True,False,False,False,,,RECONSTRUCTED_NOT_PRODUCTION_EXACT
6863,永道-KY,2026-07-13,C,P6_FULL,True,True,False,True,False,,,RECONSTRUCTED_NOT_PRODUCTION_EXACT
6933,AMAX-KY,2026-07-13,C,P6_FULL,False,True,False,False,False,,,RECONSTRUCTED_NOT_PRODUCTION_EXACT
8442,威宏-KY,2026-07-13,C,P6_FULL,False,True,False,False,False,,,RECONSTRUCTED_NOT_PRODUCTION_EXACT
9925,新保,2026-07-13,C,P6_FULL,True,False,False,True,False,,,RECONSTRUCTED_NOT_PRODUCTION_EXACT
9938,百和,2026-07-13,C,P6_FULL,False,False,False,False,False,,,RECONSTRUCTED_NOT_PRODUCTION_EXACT
1410,南染,2026-07-14,C,P6_FULL,False,True,False,True,False,,,RECONSTRUCTED_NOT_PRODUCTION_EXACT
1468,昶和,2026-07-14,C,P6_FULL,True,True,False,True,False,,,RECONSTRUCTED_NOT_PRODUCTION_EXACT
1476,儒鴻,2026-07-14,C,P6_FULL,True,True,False,True,False,,,RECONSTRUCTED_NOT_PRODUCTION_EXACT
1733,五鼎,2026-07-14,C,P6_FULL,True,True,False,True,False,,,RECONSTRUCTED_NOT_PRODUCTION_EXACT
1734,杏輝,2026-07-14,C,P6_FULL,True,True,False,True,False,,,RECONSTRUCTED_NOT_PRODUCTION_EXACT
2006,東和鋼鐵,2026-07-14,C,P6_FULL,False,True,False,True,False,,,RECONSTRUCTED_NOT_PRODUCTION_EXACT
2023,燁輝,2026-07-14,C,P6_FULL,False,True,False,True,False,,,RECONSTRUCTED_NOT_PRODUCTION_EXACT
2207,和泰車,2026-07-14,C,P6_FULL,False,True,False,True,False,,,RECONSTRUCTED_NOT_PRODUCTION_EXACT
2704,國賓,2026-07-14,C,P6_FULL,True,True,False,True,False,,,RECONSTRUCTED_NOT_PRODUCTION_EXACT
3702,大聯大,2026-07-14,C,P6_FULL,False,True,False,True,False,,,RECONSTRUCTED_NOT_PRODUCTION_EXACT
4104,佳醫,2026-07-14,C,P6_FULL,True,True,False,True,False,,,RECONSTRUCTED_NOT_PRODUCTION_EXACT
4106,雃博,2026-07-14,C,P6_FULL,True,True,False,True,False,,,RECONSTRUCTED_NOT_PRODUCTION_EXACT
4736,泰博,2026-07-14,C,P6_FULL,True,True,False,True,False,,,RECONSTRUCTED_NOT_PRODUCTION_EXACT
5306,桂盟,2026-07-14,C,P6_FULL,False,True,False,True,False,,,RECONSTRUCTED_NOT_PRODUCTION_EXACT
5525,順天,2026-07-14,C,P6_FULL,False,True,False,True,False,,,RECONSTRUCTED_NOT_PRODUCTION_EXACT
5538,東明-KY,2026-07-14,C,P6_FULL,False,True,False,True,False,,,RECONSTRUCTED_NOT_PRODUCTION_EXACT
6534,正瀚-創,2026-07-14,C,P6_FULL,True,True,False,True,False,,,RECONSTRUCTED_NOT_PRODUCTION_EXACT
8411,福貞-KY,2026-07-14,C,P6_FULL,True,True,False,True,False,,,RECONSTRUCTED_NOT_PRODUCTION_EXACT
8462,柏文,2026-07-14,C,P6_FULL,True,True,False,True,False,,,RECONSTRUCTED_NOT_PRODUCTION_EXACT
8481,政伸,2026-07-14,C,P6_FULL,True,True,False,True,False,,,RECONSTRUCTED_NOT_PRODUCTION_EXACT
910322,康師傅-DR,2026-07-14,C,P6_FULL,False,True,False,True,False,,,RECONSTRUCTED_NOT_PRODUCTION_EXACT
2015,豐興,2026-07-15,C,P6_FULL,False,True,False,False,False,,,RECONSTRUCTED_NOT_PRODUCTION_EXACT
6464,台數科,2026-07-15,C,P6_FULL,True,False,False,True,False,,,RECONSTRUCTED_NOT_PRODUCTION_EXACT
6598,ABC-KY,2026-07-15,C,P6_FULL,False,True,False,False,False,,,RECONSTRUCTED_NOT_PRODUCTION_EXACT
6669,緯穎,2026-07-15,C,P6_FULL,False,True,False,False,False,,,RECONSTRUCTED_NOT_PRODUCTION_EXACT
6887,寶綠特-KY,2026-07-15,C,P6_FULL,False,True,False,False,False,,,RECONSTRUCTED_NOT_PRODUCTION_EXACT
8478,東哥遊艇,2026-07-15,C,P6_FULL,False,True,False,False,False,,,RECONSTRUCTED_NOT_PRODUCTION_EXACT
8499,鼎炫-KY,2026-07-15,C,P6_FULL,False,True,False,False,False,,,RECONSTRUCTED_NOT_PRODUCTION_EXACT
9927,泰銘,2026-07-15,C,P6_FULL,True,True,False,True,False,,,RECONSTRUCTED_NOT_PRODUCTION_EXACT
00715L,期街口布蘭特正2,2026-07-16,C,P6_FULL,False,False,False,False,False,,,RECONSTRUCTED_NOT_PRODUCTION_EXACT
00916,國泰全球品牌50,2026-07-16,C,P6_FULL,True,False,False,True,False,,,RECONSTRUCTED_NOT_PRODUCTION_EXACT
1101,台泥,2026-07-16,C,P6_FULL,False,True,False,True,False,,,RECONSTRUCTED_NOT_PRODUCTION_EXACT
1103,嘉泥,2026-07-16,C,P6_FULL,True,True,False,True,False,,,RECONSTRUCTED_NOT_PRODUCTION_EXACT
1110,東泥,2026-07-16,C,P6_FULL,False,True,False,False,False,,,RECONSTRUCTED_NOT_PRODUCTION_EXACT
1436,華友聯,2026-07-16,C,P6_FULL,True,True,True,True,True,,,RECONSTRUCTED_NOT_PRODUCTION_EXACT
1439,雋揚,2026-07-16,C,P6_FULL,False,True,True,False,False,,,RECONSTRUCTED_NOT_PRODUCTION_EXACT
1442,名軒,2026-07-16,C,P6_FULL,True,True,True,True,True,,,RECONSTRUCTED_NOT_PRODUCTION_EXACT
1732,毛寶,2026-07-16,C,P6_FULL,False,True,True,True,True,,,RECONSTRUCTED_NOT_PRODUCTION_EXACT
2459,敦吉,2026-07-16,C,P6_FULL,True,True,False,True,False,,,RECONSTRUCTED_NOT_PRODUCTION_EXACT
2524,京城,2026-07-16,C,P6_FULL,False,True,True,True,True,,,RECONSTRUCTED_NOT_PRODUCTION_EXACT
3266,昇陽,2026-07-16,C,P6_FULL,False,True,True,True,True,,,RECONSTRUCTED_NOT_PRODUCTION_EXACT
6789,采鈺,2026-07-16,C,P6_FULL,False,True,False,False,False,,,RECONSTRUCTED_NOT_PRODUCTION_EXACT
8404,百和興業-KY,2026-07-16,C,P6_FULL,False,True,False,True,False,,,RECONSTRUCTED_NOT_PRODUCTION_EXACT
OilGasElectricity,油電燃氣類指數,2026-07-16,C,P6_FULL,False,False,False,False,False,,,RECONSTRUCTED_NOT_PRODUCTION_EXACT
00632R,元大台灣50反1,2026-07-17,C,P6_FULL,False,False,False,False,False,,,RECONSTRUCTED_NOT_PRODUCTION_EXACT
00642U,期元大S&P石油,2026-07-17,C,P6_FULL,False,False,False,False,False,,,RECONSTRUCTED_NOT_PRODUCTION_EXACT
00664R,國泰臺灣加權反1,2026-07-17,C,P6_FULL,False,False,False,True,False,,,RECONSTRUCTED_NOT_PRODUCTION_EXACT
00676R,富邦臺灣加權反1,2026-07-17,C,P6_FULL,False,False,False,True,False,,,RECONSTRUCTED_NOT_PRODUCTION_EXACT
1201,味全,2026-07-17,C,P6_FULL,False,True,False,True,False,,,RECONSTRUCTED_NOT_PRODUCTION_EXACT
1231,聯華食,2026-07-17,C,P6_FULL,False,True,False,True,False,,,RECONSTRUCTED_NOT_PRODUCTION_EXACT
1323,永裕,2026-07-17,C,P6_FULL,False,True,False,True,False,,,RECONSTRUCTED_NOT_PRODUCTION_EXACT
2008,高興昌,2026-07-17,C,P6_FULL,False,True,False,False,False,,,RECONSTRUCTED_NOT_PRODUCTION_EXACT
2024,志聯,2026-07-17,C,P6_FULL,False,True,False,True,False,,,RECONSTRUCTED_NOT_PRODUCTION_EXACT
2105,正新,2026-07-17,C,P6_FULL,False,True,False,True,False,,,RECONSTRUCTED_NOT_PRODUCTION_EXACT
2115,六暉-KY,2026-07-17,C,P6_FULL,False,True,False,False,False,,,RECONSTRUCTED_NOT_PRODUCTION_EXACT
2608,嘉里大榮,2026-07-17,C,P6_FULL,False,True,False,False,False,,,RECONSTRUCTED_NOT_PRODUCTION_EXACT
2929,淘帝-KY,2026-07-17,C,P6_FULL,False,True,False,False,False,,,RECONSTRUCTED_NOT_PRODUCTION_EXACT
3024,憶聲,2026-07-17,C,P6_FULL,False,True,False,True,False,,,RECONSTRUCTED_NOT_PRODUCTION_EXACT
4582,聚恆-創,2026-07-17,C,P6_FULL,False,True,False,False,False,,,RECONSTRUCTED_NOT_PRODUCTION_EXACT
6937,天虹,2026-07-17,C,P6_FULL,False,True,False,False,False,,,RECONSTRUCTED_NOT_PRODUCTION_EXACT
00665L,富邦恒生國企正2,2026-07-20,C,P6_FULL,False,False,False,False,False,,,RECONSTRUCTED_NOT_PRODUCTION_EXACT
00686R,群益臺灣加權反1,2026-07-20,C,P6_FULL,False,False,False,False,False,,,RECONSTRUCTED_NOT_PRODUCTION_EXACT
1220,台榮,2026-07-20,C,P6_FULL,False,True,False,False,False,,,RECONSTRUCTED_NOT_PRODUCTION_EXACT
1233,天仁,2026-07-20,C,P6_FULL,False,True,False,True,False,,,RECONSTRUCTED_NOT_PRODUCTION_EXACT
1235,興泰,2026-07-20,C,P6_FULL,False,True,False,True,False,,,RECONSTRUCTED_NOT_PRODUCTION_EXACT
1614,三洋電,2026-07-20,C,P6_FULL,False,True,False,False,False,,,RECONSTRUCTED_NOT_PRODUCTION_EXACT
2762,世界健身-KY,2026-07-20,C,P6_FULL,False,True,False,True,False,,,RECONSTRUCTED_NOT_PRODUCTION_EXACT
3679,新至陞,2026-07-20,C,P6_FULL,False,True,False,False,False,,,RECONSTRUCTED_NOT_PRODUCTION_EXACT
4770,上品,2026-07-20,C,P6_FULL,False,True,False,False,False,,,RECONSTRUCTED_NOT_PRODUCTION_EXACT
6281,全國電,2026-07-20,C,P6_FULL,False,True,False,False,False,,,RECONSTRUCTED_NOT_PRODUCTION_EXACT
6969,成信實業*-創,2026-07-20,C,P6_FULL,False,True,False,False,False,,,RECONSTRUCTED_NOT_PRODUCTION_EXACT
7740,熙特爾-創,2026-07-20,C,P6_FULL,False,True,False,False,False,,,RECONSTRUCTED_NOT_PRODUCTION_EXACT
8367,建新國際,2026-07-20,C,P6_FULL,False,True,False,False,False,,,RECONSTRUCTED_NOT_PRODUCTION_EXACT
9939,宏全,2026-07-20,C,P6_FULL,False,True,False,False,False,,,RECONSTRUCTED_NOT_PRODUCTION_EXACT
00753L,中信中國50正2,2026-07-21,C,P6_FULL,False,False,False,False,False,,,RECONSTRUCTED_NOT_PRODUCTION_EXACT
2029,盛餘,2026-07-21,C,P6_FULL,False,True,False,True,False,,,RECONSTRUCTED_NOT_PRODUCTION_EXACT
2347,聯強,2026-07-21,C,P6_FULL,False,False,False,False,False,,,RECONSTRUCTED_NOT_PRODUCTION_EXACT
8045,達運光電,2026-07-21,C,P6_FULL,False,True,False,False,False,,,RECONSTRUCTED_NOT_PRODUCTION_EXACT
9103,美德醫療-DR,2026-07-21,C,P6_FULL,False,True,False,False,False,,,RECONSTRUCTED_NOT_PRODUCTION_EXACT
9924,福興,2026-07-21,C,P6_FULL,False,True,False,True,False,,,RECONSTRUCTED_NOT_PRODUCTION_EXACT
00636,國泰中國A50,2026-07-22,C,P6_FULL,False,False,False,False,False,,,RECONSTRUCTED_NOT_PRODUCTION_EXACT
00669R,國泰美國道瓊反1,2026-07-22,C,P6_FULL,False,False,False,True,False,,,RECONSTRUCTED_NOT_PRODUCTION_EXACT
00693U,期街口S&P黃豆,2026-07-22,C,P6_FULL,False,False,False,True,False,,,RECONSTRUCTED_NOT_PRODUCTION_EXACT
00700,富邦恒生國企,2026-07-22,C,P6_FULL,False,False,False,True,False,,,RECONSTRUCTED_NOT_PRODUCTION_EXACT
00702,國泰標普低波高息,2026-07-22,C,P6_FULL,False,False,False,False,False,,,RECONSTRUCTED_NOT_PRODUCTION_EXACT
00709,富邦歐洲,2026-07-22,C,P6_FULL,False,False,False,True,False,,,RECONSTRUCTED_NOT_PRODUCTION_EXACT
00710B,復華彭博非投等債,2026-07-22,C,P6_FULL,False,False,False,True,False,,,RECONSTRUCTED_NOT_PRODUCTION_EXACT
00752,中信中國50,2026-07-22,C,P6_FULL,False,False,False,True,False,,,RECONSTRUCTED_NOT_PRODUCTION_EXACT
00763U,期街口道瓊銅,2026-07-22,C,P6_FULL,False,False,False,False,False,,,RECONSTRUCTED_NOT_PRODUCTION_EXACT
00917,中信特選金融,2026-07-22,C,P6_FULL,False,False,False,False,False,,,RECONSTRUCTED_NOT_PRODUCTION_EXACT
00924,復華S&P500成長,2026-07-22,C,P6_FULL,False,False,False,True,False,,,RECONSTRUCTED_NOT_PRODUCTION_EXACT
00926,凱基全球菁英55,2026-07-22,C,P6_FULL,False,False,False,True,False,,,RECONSTRUCTED_NOT_PRODUCTION_EXACT
00945B,凱基美國非投等債,2026-07-22,C,P6_FULL,False,False,False,False,False,,,RECONSTRUCTED_NOT_PRODUCTION_EXACT
00953B,群益優選非投等債,2026-07-22,C,P6_FULL,False,False,False,True,False,,,RECONSTRUCTED_NOT_PRODUCTION_EXACT
00956,中信日經高股息,2026-07-22,C,P6_FULL,False,False,False,False,False,,,RECONSTRUCTED_NOT_PRODUCTION_EXACT
00960,野村全球航運龍頭,2026-07-22,C,P6_FULL,False,False,False,False,False,,,RECONSTRUCTED_NOT_PRODUCTION_EXACT
00961,FT臺灣永續高息,2026-07-22,C,P6_FULL,False,False,False,False,False,,,RECONSTRUCTED_NOT_PRODUCTION_EXACT
00972,野村日本動能高息,2026-07-22,C,P6_FULL,False,False,False,False,False,,,RECONSTRUCTED_NOT_PRODUCTION_EXACT
009810,玉山全球藍籌100,2026-07-22,C,P6_FULL,False,False,False,True,False,,,RECONSTRUCTED_NOT_PRODUCTION_EXACT
009811,統一美國50,2026-07-22,C,P6_FULL,False,False,False,True,False,,,RECONSTRUCTED_NOT_PRODUCTION_EXACT
009813,貝萊德標普卓越50,2026-07-22,C,P6_FULL,False,False,False,True,False,,,RECONSTRUCTED_NOT_PRODUCTION_EXACT
009817,國泰日本不動產,2026-07-22,C,P6_FULL,False,False,False,False,False,,,RECONSTRUCTED_NOT_PRODUCTION_EXACT
1463,強盛新,2026-07-22,C,P6_FULL,False,True,False,False,False,,,RECONSTRUCTED_NOT_PRODUCTION_EXACT
3665,貿聯-KY,2026-07-22,C,P6_FULL,False,True,False,False,False,,,RECONSTRUCTED_NOT_PRODUCTION_EXACT
3669,圓展,2026-07-22,C,P6_FULL,False,True,False,False,False,,,RECONSTRUCTED_NOT_PRODUCTION_EXACT
00640L,富邦日本正2,2026-07-23,C,P6_FULL,False,False,False,False,False,,,RECONSTRUCTED_NOT_PRODUCTION_EXACT
00650L,復華香港正2,2026-07-23,C,P6_FULL,False,False,False,False,False,,,RECONSTRUCTED_NOT_PRODUCTION_EXACT
00882,中信中國高股息,2026-07-23,C,P6_FULL,False,False,False,False,False,,,RECONSTRUCTED_NOT_PRODUCTION_EXACT
1325,恆大,2026-07-23,C,P6_FULL,True,True,False,True,False,,,RECONSTRUCTED_NOT_PRODUCTION_EXACT
1418,東華,2026-07-23,C,P6_FULL,False,False,False,False,False,,,RECONSTRUCTED_NOT_PRODUCTION_EXACT
6504,南六,2026-07-23,C,P6_FULL,False,False,False,False,False,,,RECONSTRUCTED_NOT_PRODUCTION_EXACT
8271,宇瞻,2026-07-23,C,P6_FULL,False,True,False,False,False,,,RECONSTRUCTED_NOT_PRODUCTION_EXACT
00681R,元大美債20反1,2026-07-24,C,P6_FULL,False,False,False,False,False,,,RECONSTRUCTED_NOT_PRODUCTION_EXACT
2002,中鋼,2026-07-24,C,P6_FULL,False,True,False,False,False,,,RECONSTRUCTED_NOT_PRODUCTION_EXACT
2385,群光,2026-07-24,C,P6_FULL,True,True,False,True,False,,,RECONSTRUCTED_NOT_PRODUCTION_EXACT
2605,新興,2026-07-24,C,P6_FULL,False,True,False,False,False,,,RECONSTRUCTED_NOT_PRODUCTION_EXACT
2609,陽明,2026-07-24,C,P6_FULL,False,True,False,False,False,,,RECONSTRUCTED_NOT_PRODUCTION_EXACT
2616,山隆,2026-07-24,C,P6_FULL,True,True,False,True,False,,,RECONSTRUCTED_NOT_PRODUCTION_EXACT
2701,萬企,2026-07-24,C,P6_FULL,True,True,False,True,False,,,RECONSTRUCTED_NOT_PRODUCTION_EXACT
2712,遠雄來,2026-07-24,C,P6_FULL,False,True,False,False,False,,,RECONSTRUCTED_NOT_PRODUCTION_EXACT
7765,中華資安,2026-07-24,C,P6_FULL,True,True,False,True,False,,,RECONSTRUCTED_NOT_PRODUCTION_EXACT
9919,康那香,2026-07-24,C,P6_FULL,False,True,False,False,False,,,RECONSTRUCTED_NOT_PRODUCTION_EXACT
