stock_id,stock_name,episode_start_date,action_date,from_state,to_state,forward_return_1d,forward_return_3d,forward_return_5d,barrier_outcome_from_transition,point_in_time_valid,evidence
1560,中砂,2026-05-28,2026-06-08,HEALTHY_PULLBACK,DETERIORATING,2.4653312788905923,-3.235747303543912,8.320493066255775,HIT_LOSER_FIRST,True,"{""Momentum Rank"": {""raw"": {""rank_change_3d"": NaN, ""days_outside_top120"": 2}, ""threshold"": ""rank_change_3d<0 OR outside>=2"", ""weak"": true}, ""Relative Strength Path"": {""raw"": {""rs_slope_3d"": NaN, ""rs_slope_5d"": NaN}, ""threshold"": ""slope3<0 AND (slope5<0 OR unavailable)"", ""weak"": false}, ""Institution Flow"": {""raw"": {""acceleration"": 210760813.0, ""buy_days_5d"": 2}, ""threshold"": ""acceleration<0 AND buy_days_5d<=2"", ""weak"": false}, ""Market-relative Performance"": {""raw"": {""excess_1d"": -3.5407422534762034, ""excess_3d"": -4.365628092076157}, ""threshold"": ""both <0"", ""weak"": true}, ""Pocket Durability"": {""raw"": ""FRAGILE"", ""threshold"": ""FRAGILE"", ""weak"": true}}"
2329,華泰,2026-05-28,2026-06-02,HEALTHY_PULLBACK,DETERIORATING,-0.1697792869269965,-4.414261460101865,-4.58404074702885,HIT_LOSER_FIRST,True,"{""Momentum Rank"": {""raw"": {""rank_change_3d"": -209, ""days_outside_top120"": 4}, ""threshold"": ""rank_change_3d<0 OR outside>=2"", ""weak"": true}, ""Relative Strength Path"": {""raw"": {""rs_slope_3d"": NaN, ""rs_slope_5d"": NaN}, ""threshold"": ""slope3<0 AND (slope5<0 OR unavailable)"", ""weak"": false}, ""Institution Flow"": {""raw"": {""acceleration"": -842014600.6999999, ""buy_days_5d"": 2}, ""threshold"": ""acceleration<0 AND buy_days_5d<=2"", ""weak"": true}, ""Market-relative Performance"": {""raw"": {""excess_1d"": -3.926544684309352, ""excess_3d"": -6.071435128327407}, ""threshold"": ""both <0"", ""weak"": true}, ""Pocket Durability"": {""raw"": ""FRAGILE"", ""threshold"": ""FRAGILE"", ""weak"": true}}"
2338,光罩,2026-05-28,2026-06-02,HEALTHY_PULLBACK,DETERIORATING,-2.752293577981646,-5.688073394495419,-12.844036697247708,HIT_LOSER_FIRST,True,"{""Momentum Rank"": {""raw"": {""rank_change_3d"": -168, ""days_outside_top120"": 2}, ""threshold"": ""rank_change_3d<0 OR outside>=2"", ""weak"": true}, ""Relative Strength Path"": {""raw"": {""rs_slope_3d"": NaN, ""rs_slope_5d"": NaN}, ""threshold"": ""slope3<0 AND (slope5<0 OR unavailable)"", ""weak"": false}, ""Institution Flow"": {""raw"": {""acceleration"": -173493259.89999998, ""buy_days_5d"": 1}, ""threshold"": ""acceleration<0 AND buy_days_5d<=2"", ""weak"": true}, ""Market-relative Performance"": {""raw"": {""excess_1d"": -5.204201453769408, ""excess_3d"": -6.906458318438524}, ""threshold"": ""both <0"", ""weak"": true}, ""Pocket Durability"": {""raw"": ""FRAGILE"", ""threshold"": ""FRAGILE"", ""weak"": true}}"
2449,京元電子,2026-05-28,2026-06-02,HEALTHY_PULLBACK,DETERIORATING,5.220228384991854,0.978792822185981,-5.057096247960846,HIT_LOSER_FIRST,True,"{""Momentum Rank"": {""raw"": {""rank_change_3d"": -236, ""days_outside_top120"": 2}, ""threshold"": ""rank_change_3d<0 OR outside>=2"", ""weak"": true}, ""Relative Strength Path"": {""raw"": {""rs_slope_3d"": NaN, ""rs_slope_5d"": NaN}, ""threshold"": ""slope3<0 AND (slope5<0 OR unavailable)"", ""weak"": false}, ""Institution Flow"": {""raw"": {""acceleration"": -10956803080.5, ""buy_days_5d"": 2}, ""threshold"": ""acceleration<0 AND buy_days_5d<=2"", ""weak"": true}, ""Market-relative Performance"": {""raw"": {""excess_1d"": -4.100273934747545, ""excess_3d"": -8.620736046524403}, ""threshold"": ""both <0"", ""weak"": true}, ""Pocket Durability"": {""raw"": ""FRAGILE"", ""threshold"": ""FRAGILE"", ""weak"": true}}"
2484,希華,2026-05-28,2026-06-02,HEALTHY_PULLBACK,DETERIORATING,5.009633911368017,1.7341040462427681,17.148362235067438,HIT_LOSER_FIRST,True,"{""Momentum Rank"": {""raw"": {""rank_change_3d"": -120, ""days_outside_top120"": 3}, ""threshold"": ""rank_change_3d<0 OR outside>=2"", ""weak"": true}, ""Relative Strength Path"": {""raw"": {""rs_slope_3d"": NaN, ""rs_slope_5d"": NaN}, ""threshold"": ""slope3<0 AND (slope5<0 OR unavailable)"", ""weak"": false}, ""Institution Flow"": {""raw"": {""acceleration"": -747048468.8, ""buy_days_5d"": 2}, ""threshold"": ""acceleration<0 AND buy_days_5d<=2"", ""weak"": true}, ""Market-relative Performance"": {""raw"": {""excess_1d"": -2.9275307560460817, ""excess_3d"": -10.38024691608962}, ""threshold"": ""both <0"", ""weak"": true}, ""Pocket Durability"": {""raw"": ""FRAGILE"", ""threshold"": ""FRAGILE"", ""weak"": true}}"
2497,怡利電,2026-05-28,2026-06-02,REACCELERATING,DETERIORATING,-1.2944983818770184,1.2944983818770295,6.472491909385103,HIT_LOSER_FIRST,True,"{""Momentum Rank"": {""raw"": {""rank_change_3d"": NaN, ""days_outside_top120"": 1}, ""threshold"": ""rank_change_3d<0 OR outside>=2"", ""weak"": false}, ""Relative Strength Path"": {""raw"": {""rs_slope_3d"": NaN, ""rs_slope_5d"": NaN}, ""threshold"": ""slope3<0 AND (slope5<0 OR unavailable)"", ""weak"": false}, ""Institution Flow"": {""raw"": {""acceleration"": -31426825.70000001, ""buy_days_5d"": 2}, ""threshold"": ""acceleration<0 AND buy_days_5d<=2"", ""weak"": true}, ""Market-relative Performance"": {""raw"": {""excess_1d"": -6.276604660318941, ""excess_3d"": -2.757249204419132}, ""threshold"": ""both <0"", ""weak"": true}, ""Pocket Durability"": {""raw"": ""DURABLE"", ""threshold"": ""FRAGILE"", ""weak"": false}}"
3014,聯陽,2026-05-28,2026-06-02,HEALTHY_PULLBACK,DETERIORATING,0.0,0.6622516556291425,-6.9536423841059625,HIT_LOSER_FIRST,True,"{""Momentum Rank"": {""raw"": {""rank_change_3d"": -150, ""days_outside_top120"": 2}, ""threshold"": ""rank_change_3d<0 OR outside>=2"", ""weak"": true}, ""Relative Strength Path"": {""raw"": {""rs_slope_3d"": NaN, ""rs_slope_5d"": NaN}, ""threshold"": ""slope3<0 AND (slope5<0 OR unavailable)"", ""weak"": false}, ""Institution Flow"": {""raw"": {""acceleration"": -265993409.5, ""buy_days_5d"": 2}, ""threshold"": ""acceleration<0 AND buy_days_5d<=2"", ""weak"": true}, ""Market-relative Performance"": {""raw"": {""excess_1d"": -1.4675282908667264, ""excess_3d"": -2.7184843630227107}, ""threshold"": ""both <0"", ""weak"": true}, ""Pocket Durability"": {""raw"": ""FRAGILE"", ""threshold"": ""FRAGILE"", ""weak"": true}}"
3033,威健,2026-05-28,2026-06-02,HEALTHY_PULLBACK,DETERIORATING,-0.1006036217303885,4.225352112676051,2.6156941649899235,NO_BARRIER_HIT,True,"{""Momentum Rank"": {""raw"": {""rank_change_3d"": -147, ""days_outside_top120"": 2}, ""threshold"": ""rank_change_3d<0 OR outside>=2"", ""weak"": true}, ""Relative Strength Path"": {""raw"": {""rs_slope_3d"": NaN, ""rs_slope_5d"": NaN}, ""threshold"": ""slope3<0 AND (slope5<0 OR unavailable)"", ""weak"": false}, ""Institution Flow"": {""raw"": {""acceleration"": -157808036.20000005, ""buy_days_5d"": 2}, ""threshold"": ""acceleration<0 AND buy_days_5d<=2"", ""weak"": true}, ""Market-relative Performance"": {""raw"": {""excess_1d"": 1.256098737339384, ""excess_3d"": -5.200389240137171}, ""threshold"": ""both <0"", ""weak"": false}, ""Pocket Durability"": {""raw"": ""FRAGILE"", ""threshold"": ""FRAGILE"", ""weak"": true}}"
3042,晶技,2026-05-28,2026-06-01,HEALTHY_PULLBACK,DETERIORATING,3.703703703703698,2.716049382716057,3.950617283950608,HIT_WINNER_FIRST,True,"{""Momentum Rank"": {""raw"": {""rank_change_3d"": NaN, ""days_outside_top120"": 2}, ""threshold"": ""rank_change_3d<0 OR outside>=2"", ""weak"": true}, ""Relative Strength Path"": {""raw"": {""rs_slope_3d"": NaN, ""rs_slope_5d"": NaN}, ""threshold"": ""slope3<0 AND (slope5<0 OR unavailable)"", ""weak"": false}, ""Institution Flow"": {""raw"": {""acceleration"": -719721057.5, ""buy_days_5d"": 1}, ""threshold"": ""acceleration<0 AND buy_days_5d<=2"", ""weak"": true}, ""Market-relative Performance"": {""raw"": {""excess_1d"": -7.384886442397276, ""excess_3d"": NaN}, ""threshold"": ""both <0"", ""weak"": false}, ""Pocket Durability"": {""raw"": ""DURABLE"", ""threshold"": ""FRAGILE"", ""weak"": false}}"
4566,時碩工業,2026-05-28,2026-06-05,HEALTHY_PULLBACK,DETERIORATING,-6.7448680351906205,-10.26392961876833,-7.331378299120239,HIT_LOSER_FIRST,True,"{""Momentum Rank"": {""raw"": {""rank_change_3d"": NaN, ""days_outside_top120"": 7}, ""threshold"": ""rank_change_3d<0 OR outside>=2"", ""weak"": true}, ""Relative Strength Path"": {""raw"": {""rs_slope_3d"": NaN, ""rs_slope_5d"": NaN}, ""threshold"": ""slope3<0 AND (slope5<0 OR unavailable)"", ""weak"": false}, ""Institution Flow"": {""raw"": {""acceleration"": 37160981.599999994, ""buy_days_5d"": 2}, ""threshold"": ""acceleration<0 AND buy_days_5d<=2"", ""weak"": false}, ""Market-relative Performance"": {""raw"": {""excess_1d"": 0.744741772779034, ""excess_3d"": -0.8029032493405808}, ""threshold"": ""both <0"", ""weak"": false}, ""Pocket Durability"": {""raw"": ""FRAGILE"", ""threshold"": ""FRAGILE"", ""weak"": true}}"
5285,界霖,2026-05-28,2026-06-02,HEALTHY_PULLBACK,DETERIORATING,0.0,1.324503311258285,-3.6423841059602613,HIT_LOSER_FIRST,True,"{""Momentum Rank"": {""raw"": {""rank_change_3d"": -84, ""days_outside_top120"": 1}, ""threshold"": ""rank_change_3d<0 OR outside>=2"", ""weak"": true}, ""Relative Strength Path"": {""raw"": {""rs_slope_3d"": NaN, ""rs_slope_5d"": NaN}, ""threshold"": ""slope3<0 AND (slope5<0 OR unavailable)"", ""weak"": false}, ""Institution Flow"": {""raw"": {""acceleration"": -248563691.8, ""buy_days_5d"": 2}, ""threshold"": ""acceleration<0 AND buy_days_5d<=2"", ""weak"": true}, ""Market-relative Performance"": {""raw"": {""excess_1d"": 0.8583601457049506, ""excess_3d"": -3.84704708980963}, ""threshold"": ""both <0"", ""weak"": false}, ""Pocket Durability"": {""raw"": ""FRAGILE"", ""threshold"": ""FRAGILE"", ""weak"": true}}"
5285,界霖,2026-05-28,2026-06-08,HEALTHY_PULLBACK,DETERIORATING,-0.3424657534246589,-0.91324200913242,0.6849315068493178,HIT_WINNER_FIRST,True,"{""Momentum Rank"": {""raw"": {""rank_change_3d"": NaN, ""days_outside_top120"": 2}, ""threshold"": ""rank_change_3d<0 OR outside>=2"", ""weak"": true}, ""Relative Strength Path"": {""raw"": {""rs_slope_3d"": NaN, ""rs_slope_5d"": NaN}, ""threshold"": ""slope3<0 AND (slope5<0 OR unavailable)"", ""weak"": false}, ""Institution Flow"": {""raw"": {""acceleration"": 188782376.69999996, ""buy_days_5d"": 3}, ""threshold"": ""acceleration<0 AND buy_days_5d<=2"", ""weak"": false}, ""Market-relative Performance"": {""raw"": {""excess_1d"": -1.0958483455787649, ""excess_3d"": 3.0521370135470622}, ""threshold"": ""both <0"", ""weak"": false}, ""Pocket Durability"": {""raw"": ""FRAGILE"", ""threshold"": ""FRAGILE"", ""weak"": true}}"
6166,凌華,2026-05-28,2026-06-02,CONTINUATION,DETERIORATING,-3.7878787878787845,0.7575757575757569,4.166666666666674,HIT_LOSER_FIRST,True,"{""Momentum Rank"": {""raw"": {""rank_change_3d"": -51, ""days_outside_top120"": 0}, ""threshold"": ""rank_change_3d<0 OR outside>=2"", ""weak"": true}, ""Relative Strength Path"": {""raw"": {""rs_slope_3d"": -0.1680663731679554, ""rs_slope_5d"": NaN}, ""threshold"": ""slope3<0 AND (slope5<0 OR unavailable)"", ""weak"": true}, ""Institution Flow"": {""raw"": {""acceleration"": -88967265.5, ""buy_days_5d"": 2}, ""threshold"": ""acceleration<0 AND buy_days_5d<=2"", ""weak"": true}, ""Market-relative Performance"": {""raw"": {""excess_1d"": -1.6075172391076586, ""excess_3d"": -2.471484116022471}, ""threshold"": ""both <0"", ""weak"": true}, ""Pocket Durability"": {""raw"": ""DURABLE"", ""threshold"": ""FRAGILE"", ""weak"": false}}"
6239,力成,2026-05-28,2026-06-02,HEALTHY_PULLBACK,DETERIORATING,-1.1527377521613813,-2.5936599423631135,-7.49279538904899,HIT_LOSER_FIRST,True,"{""Momentum Rank"": {""raw"": {""rank_change_3d"": -92, ""days_outside_top120"": 0}, ""threshold"": ""rank_change_3d<0 OR outside>=2"", ""weak"": true}, ""Relative Strength Path"": {""raw"": {""rs_slope_3d"": -0.6508608956930525, ""rs_slope_5d"": NaN}, ""threshold"": ""slope3<0 AND (slope5<0 OR unavailable)"", ""weak"": true}, ""Institution Flow"": {""raw"": {""acceleration"": -5753775246.0, ""buy_days_5d"": 1}, ""threshold"": ""acceleration<0 AND buy_days_5d<=2"", ""weak"": true}, ""Market-relative Performance"": {""raw"": {""excess_1d"": -5.675178564090766, ""excess_3d"": -7.339048983587338}, ""threshold"": ""both <0"", ""weak"": true}, ""Pocket Durability"": {""raw"": ""FRAGILE"", ""threshold"": ""FRAGILE"", ""weak"": true}}"
6414,樺漢,2026-05-28,2026-06-02,CONTINUATION,DETERIORATING,0.5221932114882533,0.26109660574411553,4.699738903394257,HIT_LOSER_FIRST,True,"{""Momentum Rank"": {""raw"": {""rank_change_3d"": -14, ""days_outside_top120"": 0}, ""threshold"": ""rank_change_3d<0 OR outside>=2"", ""weak"": true}, ""Relative Strength Path"": {""raw"": {""rs_slope_3d"": -0.10092740408480931, ""rs_slope_5d"": NaN}, ""threshold"": ""slope3<0 AND (slope5<0 OR unavailable)"", ""weak"": true}, ""Institution Flow"": {""raw"": {""acceleration"": 265542442.5, ""buy_days_5d"": 4}, ""threshold"": ""acceleration<0 AND buy_days_5d<=2"", ""weak"": false}, ""Market-relative Performance"": {""raw"": {""excess_1d"": 1.5134151506647875, ""excess_3d"": 4.25049622297915}, ""threshold"": ""both <0"", ""weak"": false}, ""Pocket Durability"": {""raw"": ""DURABLE"", ""threshold"": ""FRAGILE"", ""weak"": false}}"
2374,佳能,2026-05-29,2026-06-03,HEALTHY_PULLBACK,DETERIORATING,-0.8578431372548878,-11.029411764705888,-12.254901960784315,HIT_LOSER_FIRST,True,"{""Momentum Rank"": {""raw"": {""rank_change_3d"": -71, ""days_outside_top120"": 4}, ""threshold"": ""rank_change_3d<0 OR outside>=2"", ""weak"": true}, ""Relative Strength Path"": {""raw"": {""rs_slope_3d"": NaN, ""rs_slope_5d"": NaN}, ""threshold"": ""slope3<0 AND (slope5<0 OR unavailable)"", ""weak"": false}, ""Institution Flow"": {""raw"": {""acceleration"": -410486221.3, ""buy_days_5d"": 2}, ""threshold"": ""acceleration<0 AND buy_days_5d<=2"", ""weak"": true}, ""Market-relative Performance"": {""raw"": {""excess_1d"": -3.0705035840870476, ""excess_3d"": -5.7820229257318}, ""threshold"": ""both <0"", ""weak"": true}, ""Pocket Durability"": {""raw"": ""DURABLE"", ""threshold"": ""FRAGILE"", ""weak"": false}}"
2417,圓剛,2026-05-29,2026-06-03,HEALTHY_PULLBACK,DETERIORATING,-3.937007874015752,-9.350393700787407,-9.74409448818897,HIT_LOSER_FIRST,True,"{""Momentum Rank"": {""raw"": {""rank_change_3d"": -114, ""days_outside_top120"": 4}, ""threshold"": ""rank_change_3d<0 OR outside>=2"", ""weak"": true}, ""Relative Strength Path"": {""raw"": {""rs_slope_3d"": NaN, ""rs_slope_5d"": NaN}, ""threshold"": ""slope3<0 AND (slope5<0 OR unavailable)"", ""weak"": false}, ""Institution Flow"": {""raw"": {""acceleration"": -84427757.8, ""buy_days_5d"": 3}, ""threshold"": ""acceleration<0 AND buy_days_5d<=2"", ""weak"": false}, ""Market-relative Performance"": {""raw"": {""excess_1d"": -4.287286800870261, ""excess_3d"": -0.18547661489975997}, ""threshold"": ""both <0"", ""weak"": true}, ""Pocket Durability"": {""raw"": ""DURABLE"", ""threshold"": ""FRAGILE"", ""weak"": false}}"
2455,全新,2026-05-29,2026-06-02,HEALTHY_PULLBACK,DETERIORATING,3.759398496240607,0.0,-1.0025062656641603,HIT_LOSER_FIRST,True,"{""Momentum Rank"": {""raw"": {""rank_change_3d"": -238, ""days_outside_top120"": 3}, ""threshold"": ""rank_change_3d<0 OR outside>=2"", ""weak"": true}, ""Relative Strength Path"": {""raw"": {""rs_slope_3d"": NaN, ""rs_slope_5d"": NaN}, ""threshold"": ""slope3<0 AND (slope5<0 OR unavailable)"", ""weak"": false}, ""Institution Flow"": {""raw"": {""acceleration"": 385312516.0, ""buy_days_5d"": 3}, ""threshold"": ""acceleration<0 AND buy_days_5d<=2"", ""weak"": false}, ""Market-relative Performance"": {""raw"": {""excess_1d"": -4.455040867063687, ""excess_3d"": -2.4862772342638673}, ""threshold"": ""both <0"", ""weak"": true}, ""Pocket Durability"": {""raw"": ""FRAGILE"", ""threshold"": ""FRAGILE"", ""weak"": true}}"
2630,亞航,2026-05-29,2026-06-05,HEALTHY_PULLBACK,DETERIORATING,-4.790419161676651,-5.8682634730539025,-6.706586826347294,HIT_LOSER_FIRST,True,"{""Momentum Rank"": {""raw"": {""rank_change_3d"": NaN, ""days_outside_top120"": 6}, ""threshold"": ""rank_change_3d<0 OR outside>=2"", ""weak"": true}, ""Relative Strength Path"": {""raw"": {""rs_slope_3d"": NaN, ""rs_slope_5d"": NaN}, ""threshold"": ""slope3<0 AND (slope5<0 OR unavailable)"", ""weak"": false}, ""Institution Flow"": {""raw"": {""acceleration"": -24014628.700000003, ""buy_days_5d"": 2}, ""threshold"": ""acceleration<0 AND buy_days_5d<=2"", ""weak"": true}, ""Market-relative Performance"": {""raw"": {""excess_1d"": 0.3788404554651126, ""excess_3d"": -1.4994941679709162}, ""threshold"": ""both <0"", ""weak"": false}, ""Pocket Durability"": {""raw"": ""DURABLE"", ""threshold"": ""FRAGILE"", ""weak"": false}}"
2645,長榮航太,2026-05-29,2026-06-02,REACCELERATING,DETERIORATING,1.2048192771084265,2.108433734939763,4.518072289156616,NO_BARRIER_HIT,True,"{""Momentum Rank"": {""raw"": {""rank_change_3d"": -45, ""days_outside_top120"": 1}, ""threshold"": ""rank_change_3d<0 OR outside>=2"", ""weak"": true}, ""Relative Strength Path"": {""raw"": {""rs_slope_3d"": NaN, ""rs_slope_5d"": NaN}, ""threshold"": ""slope3<0 AND (slope5<0 OR unavailable)"", ""weak"": false}, ""Institution Flow"": {""raw"": {""acceleration"": 50980521.5, ""buy_days_5d"": 3}, ""threshold"": ""acceleration<0 AND buy_days_5d<=2"", ""weak"": false}, ""Market-relative Performance"": {""raw"": {""excess_1d"": -4.252037675518661, ""excess_3d"": -3.1824738514024453}, ""threshold"": ""both <0"", ""weak"": true}, ""Pocket Durability"": {""raw"": ""FRAGILE"", ""threshold"": ""FRAGILE"", ""weak"": true}}"
2645,長榮航太,2026-05-29,2026-06-12,HEALTHY_PULLBACK,DETERIORATING,2.4024024024023927,0.9009009009008917,4.204204204204198,NO_BARRIER_HIT,True,"{""Momentum Rank"": {""raw"": {""rank_change_3d"": NaN, ""days_outside_top120"": 9}, ""threshold"": ""rank_change_3d<0 OR outside>=2"", ""weak"": true}, ""Relative Strength Path"": {""raw"": {""rs_slope_3d"": NaN, ""rs_slope_5d"": NaN}, ""threshold"": ""slope3<0 AND (slope5<0 OR unavailable)"", ""weak"": false}, ""Institution Flow"": {""raw"": {""acceleration"": -327609108.0, ""buy_days_5d"": 2}, ""threshold"": ""acceleration<0 AND buy_days_5d<=2"", ""weak"": true}, ""Market-relative Performance"": {""raw"": {""excess_1d"": -2.662304464528642, ""excess_3d"": -2.836938229632602}, ""threshold"": ""both <0"", ""weak"": true}, ""Pocket Durability"": {""raw"": ""DURABLE"", ""threshold"": ""FRAGILE"", ""weak"": false}}"
3017,奇鋐,2026-05-29,2026-06-04,REACCELERATING,DETERIORATING,-4.059040590405905,-6.088560885608851,-13.837638376383765,HIT_LOSER_FIRST,True,"{""Momentum Rank"": {""raw"": {""rank_change_3d"": 169, ""days_outside_top120"": 1}, ""threshold"": ""rank_change_3d<0 OR outside>=2"", ""weak"": false}, ""Relative Strength Path"": {""raw"": {""rs_slope_3d"": NaN, ""rs_slope_5d"": NaN}, ""threshold"": ""slope3<0 AND (slope5<0 OR unavailable)"", ""weak"": false}, ""Institution Flow"": {""raw"": {""acceleration"": -1783614760.0, ""buy_days_5d"": 3}, ""threshold"": ""acceleration<0 AND buy_days_5d<=2"", ""weak"": false}, ""Market-relative Performance"": {""raw"": {""excess_1d"": -3.3962560860695046, ""excess_3d"": -3.441929948543998}, ""threshold"": ""both <0"", ""weak"": true}, ""Pocket Durability"": {""raw"": ""FRAGILE"", ""threshold"": ""FRAGILE"", ""weak"": true}}"
3046,建碁,2026-05-29,2026-06-02,CONTINUATION,DETERIORATING,0.48309178743961567,-2.898550724637683,-6.28019323671497,HIT_LOSER_FIRST,True,"{""Momentum Rank"": {""raw"": {""rank_change_3d"": -53, ""days_outside_top120"": 0}, ""threshold"": ""rank_change_3d<0 OR outside>=2"", ""weak"": true}, ""Relative Strength Path"": {""raw"": {""rs_slope_3d"": 4.7719814876510185, ""rs_slope_5d"": NaN}, ""threshold"": ""slope3<0 AND (slope5<0 OR unavailable)"", ""weak"": false}, ""Institution Flow"": {""raw"": {""acceleration"": -25832828.4, ""buy_days_5d"": 2}, ""threshold"": ""acceleration<0 AND buy_days_5d<=2"", ""weak"": true}, ""Market-relative Performance"": {""raw"": {""excess_1d"": -3.452671733489676, ""excess_3d"": 9.75242571818149}, ""threshold"": ""both <0"", ""weak"": false}, ""Pocket Durability"": {""raw"": ""DURABLE"", ""threshold"": ""FRAGILE"", ""weak"": false}}"
4916,事欣科,2026-05-29,2026-06-04,REACCELERATING,DETERIORATING,-2.0408163265306145,-2.4489795918367308,-6.530612244897959,HIT_LOSER_FIRST,True,"{""Momentum Rank"": {""raw"": {""rank_change_3d"": 34, ""days_outside_top120"": 0}, ""threshold"": ""rank_change_3d<0 OR outside>=2"", ""weak"": false}, ""Relative Strength Path"": {""raw"": {""rs_slope_3d"": 0.14569798858360627, ""rs_slope_5d"": 0.2615842503344908}, ""threshold"": ""slope3<0 AND (slope5<0 OR unavailable)"", ""weak"": false}, ""Institution Flow"": {""raw"": {""acceleration"": -2585297.0, ""buy_days_5d"": 2}, ""threshold"": ""acceleration<0 AND buy_days_5d<=2"", ""weak"": true}, ""Market-relative Performance"": {""raw"": {""excess_1d"": 0.07612731794937044, ""excess_3d"": 2.1922447267120893}, ""threshold"": ""both <0"", ""weak"": false}, ""Pocket Durability"": {""raw"": ""FRAGILE"", ""threshold"": ""FRAGILE"", ""weak"": true}}"
6446,藥華藥,2026-05-29,2026-06-03,HEALTHY_PULLBACK,DETERIORATING,4.338153503893216,3.0033370411568505,9.677419354838701,HIT_WINNER_FIRST,True,"{""Momentum Rank"": {""raw"": {""rank_change_3d"": NaN, ""days_outside_top120"": 3}, ""threshold"": ""rank_change_3d<0 OR outside>=2"", ""weak"": true}, ""Relative Strength Path"": {""raw"": {""rs_slope_3d"": NaN, ""rs_slope_5d"": NaN}, ""threshold"": ""slope3<0 AND (slope5<0 OR unavailable)"", ""weak"": false}, ""Institution Flow"": {""raw"": {""acceleration"": -2839229780.0, ""buy_days_5d"": 3}, ""threshold"": ""acceleration<0 AND buy_days_5d<=2"", ""weak"": false}, ""Market-relative Performance"": {""raw"": {""excess_1d"": -2.3121887282112064, ""excess_3d"": -7.192279335988195}, ""threshold"": ""both <0"", ""weak"": true}, ""Pocket Durability"": {""raw"": ""DURABLE"", ""threshold"": ""FRAGILE"", ""weak"": false}}"
6757,台灣虎航-創,2026-05-29,2026-06-02,CONTINUATION,DETERIORATING,-1.241134751773043,-3.546099290780147,-6.560283687943258,HIT_LOSER_FIRST,True,"{""Momentum Rank"": {""raw"": {""rank_change_3d"": -128, ""days_outside_top120"": 1}, ""threshold"": ""rank_change_3d<0 OR outside>=2"", ""weak"": true}, ""Relative Strength Path"": {""raw"": {""rs_slope_3d"": NaN, ""rs_slope_5d"": NaN}, ""threshold"": ""slope3<0 AND (slope5<0 OR unavailable)"", ""weak"": false}, ""Institution Flow"": {""raw"": {""acceleration"": -14025678.299999982, ""buy_days_5d"": 3}, ""threshold"": ""acceleration<0 AND buy_days_5d<=2"", ""weak"": false}, ""Market-relative Performance"": {""raw"": {""excess_1d"": -4.728403906664546, ""excess_3d"": -1.482278017327321}, ""threshold"": ""both <0"", ""weak"": true}, ""Pocket Durability"": {""raw"": ""FRAGILE"", ""threshold"": ""FRAGILE"", ""weak"": true}}"
8114,振樺電,2026-05-29,2026-06-03,REACCELERATING,DETERIORATING,-3.0487804878048808,-16.056910569105685,-17.682926829268297,HIT_LOSER_FIRST,True,"{""Momentum Rank"": {""raw"": {""rank_change_3d"": -38, ""days_outside_top120"": 0}, ""threshold"": ""rank_change_3d<0 OR outside>=2"", ""weak"": true}, ""Relative Strength Path"": {""raw"": {""rs_slope_3d"": 0.7333980026771579, ""rs_slope_5d"": NaN}, ""threshold"": ""slope3<0 AND (slope5<0 OR unavailable)"", ""weak"": false}, ""Institution Flow"": {""raw"": {""acceleration"": 28821263.5, ""buy_days_5d"": 2}, ""threshold"": ""acceleration<0 AND buy_days_5d<=2"", ""weak"": false}, ""Market-relative Performance"": {""raw"": {""excess_1d"": -5.319476614985419, ""excess_3d"": -3.8589460026548617}, ""threshold"": ""both <0"", ""weak"": true}, ""Pocket Durability"": {""raw"": ""DURABLE"", ""threshold"": ""FRAGILE"", ""weak"": false}}"
1303,南亞,2026-06-01,2026-06-05,REACCELERATING,DETERIORATING,-6.6985645933014375,-9.282296650717702,1.9138755980861344,HIT_LOSER_FIRST,True,"{""Momentum Rank"": {""raw"": {""rank_change_3d"": 5, ""days_outside_top120"": 0}, ""threshold"": ""rank_change_3d<0 OR outside>=2"", ""weak"": false}, ""Relative Strength Path"": {""raw"": {""rs_slope_3d"": 0.1319915420240534, ""rs_slope_5d"": 3.8634713144517066}, ""threshold"": ""slope3<0 AND (slope5<0 OR unavailable)"", ""weak"": false}, ""Institution Flow"": {""raw"": {""acceleration"": -9060138310.8, ""buy_days_5d"": 5}, ""threshold"": ""acceleration<0 AND buy_days_5d<=2"", ""weak"": false}, ""Market-relative Performance"": {""raw"": {""excess_1d"": -4.528023704068085, ""excess_3d"": -6.043510763329396}, ""threshold"": ""both <0"", ""weak"": true}, ""Pocket Durability"": {""raw"": ""FRAGILE"", ""threshold"": ""FRAGILE"", ""weak"": true}}"
2377,微星,2026-06-01,2026-06-03,REACCELERATING,DETERIORATING,-4.436860068259385,-9.897610921501709,-9.897610921501709,HIT_LOSER_FIRST,True,"{""Momentum Rank"": {""raw"": {""rank_change_3d"": -68, ""days_outside_top120"": 0}, ""threshold"": ""rank_change_3d<0 OR outside>=2"", ""weak"": true}, ""Relative Strength Path"": {""raw"": {""rs_slope_3d"": 1.3120064627305226, ""rs_slope_5d"": NaN}, ""threshold"": ""slope3<0 AND (slope5<0 OR unavailable)"", ""weak"": false}, ""Institution Flow"": {""raw"": {""acceleration"": -335830090.5, ""buy_days_5d"": 2}, ""threshold"": ""acceleration<0 AND buy_days_5d<=2"", ""weak"": true}, ""Market-relative Performance"": {""raw"": {""excess_1d"": -3.6574468421712414, ""excess_3d"": 7.9731150660474315}, ""threshold"": ""both <0"", ""weak"": false}, ""Pocket Durability"": {""raw"": ""DURABLE"", ""threshold"": ""FRAGILE"", ""weak"": false}}"
2603,長榮,2026-06-01,2026-06-08,HEALTHY_PULLBACK,DETERIORATING,-0.8928571428571397,0.8928571428571397,0.22321428571427937,HIT_LOSER_FIRST,True,"{""Momentum Rank"": {""raw"": {""rank_change_3d"": NaN, ""days_outside_top120"": 2}, ""threshold"": ""rank_change_3d<0 OR outside>=2"", ""weak"": true}, ""Relative Strength Path"": {""raw"": {""rs_slope_3d"": NaN, ""rs_slope_5d"": NaN}, ""threshold"": ""slope3<0 AND (slope5<0 OR unavailable)"", ""weak"": false}, ""Institution Flow"": {""raw"": {""acceleration"": -9548440660.0, ""buy_days_5d"": 2}, ""threshold"": ""acceleration<0 AND buy_days_5d<=2"", ""weak"": true}, ""Market-relative Performance"": {""raw"": {""excess_1d"": 0.03103919104509023, ""excess_3d"": 0.8781632241822042}, ""threshold"": ""both <0"", ""weak"": false}, ""Pocket Durability"": {""raw"": ""FRAGILE"", ""threshold"": ""FRAGILE"", ""weak"": true}}"
3034,聯詠,2026-06-01,2026-06-04,HEALTHY_PULLBACK,DETERIORATING,0.6134969325153339,-1.7382413087934534,-0.2044989775051076,HIT_LOSER_FIRST,True,"{""Momentum Rank"": {""raw"": {""rank_change_3d"": NaN, ""days_outside_top120"": 2}, ""threshold"": ""rank_change_3d<0 OR outside>=2"", ""weak"": true}, ""Relative Strength Path"": {""raw"": {""rs_slope_3d"": NaN, ""rs_slope_5d"": NaN}, ""threshold"": ""slope3<0 AND (slope5<0 OR unavailable)"", ""weak"": false}, ""Institution Flow"": {""raw"": {""acceleration"": -363988361.0, ""buy_days_5d"": 2}, ""threshold"": ""acceleration<0 AND buy_days_5d<=2"", ""weak"": true}, ""Market-relative Performance"": {""raw"": {""excess_1d"": -1.100747178046546, ""excess_3d"": -2.2595057620030223}, ""threshold"": ""both <0"", ""weak"": true}, ""Pocket Durability"": {""raw"": ""FRAGILE"", ""threshold"": ""FRAGILE"", ""weak"": true}}"
3706,神達,2026-06-01,2026-06-04,REACCELERATING,DETERIORATING,-1.5974440894568676,-2.2364217252396235,-7.880724174653897,HIT_LOSER_FIRST,True,"{""Momentum Rank"": {""raw"": {""rank_change_3d"": NaN, ""days_outside_top120"": 1}, ""threshold"": ""rank_change_3d<0 OR outside>=2"", ""weak"": false}, ""Relative Strength Path"": {""raw"": {""rs_slope_3d"": NaN, ""rs_slope_5d"": NaN}, ""threshold"": ""slope3<0 AND (slope5<0 OR unavailable)"", ""weak"": false}, ""Institution Flow"": {""raw"": {""acceleration"": -1574212279.3999996, ""buy_days_5d"": 4}, ""threshold"": ""acceleration<0 AND buy_days_5d<=2"", ""weak"": false}, ""Market-relative Performance"": {""raw"": {""excess_1d"": -4.417446979239381, ""excess_3d"": -0.32112425724510896}, ""threshold"": ""both <0"", ""weak"": true}, ""Pocket Durability"": {""raw"": ""FRAGILE"", ""threshold"": ""FRAGILE"", ""weak"": true}}"
4526,東台,2026-06-01,2026-06-08,HEALTHY_PULLBACK,DETERIORATING,-2.1197007481296826,-2.1197007481296826,-3.8653366583541238,HIT_LOSER_FIRST,True,"{""Momentum Rank"": {""raw"": {""rank_change_3d"": NaN, ""days_outside_top120"": 0}, ""threshold"": ""rank_change_3d<0 OR outside>=2"", ""weak"": false}, ""Relative Strength Path"": {""raw"": {""rs_slope_3d"": NaN, ""rs_slope_5d"": 2.30178394709971}, ""threshold"": ""slope3<0 AND (slope5<0 OR unavailable)"", ""weak"": false}, ""Institution Flow"": {""raw"": {""acceleration"": -121477024.75000004, ""buy_days_5d"": 3}, ""threshold"": ""acceleration<0 AND buy_days_5d<=2"", ""weak"": false}, ""Market-relative Performance"": {""raw"": {""excess_1d"": -1.384267390539562, ""excess_3d"": -3.9274324487994168}, ""threshold"": ""both <0"", ""weak"": true}, ""Pocket Durability"": {""raw"": ""FRAGILE"", ""threshold"": ""FRAGILE"", ""weak"": true}}"
6412,群電,2026-06-01,2026-06-03,HEALTHY_PULLBACK,DETERIORATING,-1.4354066985645897,-10.047846889952151,-16.74641148325359,HIT_LOSER_FIRST,True,"{""Momentum Rank"": {""raw"": {""rank_change_3d"": -49, ""days_outside_top120"": 0}, ""threshold"": ""rank_change_3d<0 OR outside>=2"", ""weak"": true}, ""Relative Strength Path"": {""raw"": {""rs_slope_3d"": -1.022430733562653, ""rs_slope_5d"": NaN}, ""threshold"": ""slope3<0 AND (slope5<0 OR unavailable)"", ""weak"": true}, ""Institution Flow"": {""raw"": {""acceleration"": -92862260.6, ""buy_days_5d"": 3}, ""threshold"": ""acceleration<0 AND buy_days_5d<=2"", ""weak"": false}, ""Market-relative Performance"": {""raw"": {""excess_1d"": -1.4988252624087206, ""excess_3d"": -1.4079656104980076}, ""threshold"": ""both <0"", ""weak"": true}, ""Pocket Durability"": {""raw"": ""DURABLE"", ""threshold"": ""FRAGILE"", ""weak"": false}}"
2323,中環,2026-06-02,2026-06-05,HEALTHY_PULLBACK,DETERIORATING,-7.98319327731093,-8.403361344537819,-5.882352941176483,HIT_LOSER_FIRST,True,"{""Momentum Rank"": {""raw"": {""rank_change_3d"": NaN, ""days_outside_top120"": 2}, ""threshold"": ""rank_change_3d<0 OR outside>=2"", ""weak"": true}, ""Relative Strength Path"": {""raw"": {""rs_slope_3d"": NaN, ""rs_slope_5d"": NaN}, ""threshold"": ""slope3<0 AND (slope5<0 OR unavailable)"", ""weak"": false}, ""Institution Flow"": {""raw"": {""acceleration"": -125194677.54999998, ""buy_days_5d"": 3}, ""threshold"": ""acceleration<0 AND buy_days_5d<=2"", ""weak"": false}, ""Market-relative Performance"": {""raw"": {""excess_1d"": -0.7297810169365149, ""excess_3d"": 3.6538072443334513}, ""threshold"": ""both <0"", ""weak"": false}, ""Pocket Durability"": {""raw"": ""FRAGILE"", ""threshold"": ""FRAGILE"", ""weak"": true}}"
2347,聯強,2026-06-02,2026-06-04,HEALTHY_PULLBACK,DETERIORATING,-1.7797552836485098,1.2235817575083408,1.0011123470522687,HIT_LOSER_FIRST,True,"{""Momentum Rank"": {""raw"": {""rank_change_3d"": NaN, ""days_outside_top120"": 3}, ""threshold"": ""rank_change_3d<0 OR outside>=2"", ""weak"": true}, ""Relative Strength Path"": {""raw"": {""rs_slope_3d"": NaN, ""rs_slope_5d"": NaN}, ""threshold"": ""slope3<0 AND (slope5<0 OR unavailable)"", ""weak"": false}, ""Institution Flow"": {""raw"": {""acceleration"": -60908107.40000005, ""buy_days_5d"": 3}, ""threshold"": ""acceleration<0 AND buy_days_5d<=2"", ""weak"": false}, ""Market-relative Performance"": {""raw"": {""excess_1d"": 0.3653192117595294, ""excess_3d"": 3.1817040942741626}, ""threshold"": ""both <0"", ""weak"": false}, ""Pocket Durability"": {""raw"": ""FRAGILE"", ""threshold"": ""FRAGILE"", ""weak"": true}}"
3504,揚明光,2026-06-02,2026-06-04,REACCELERATING,DETERIORATING,0.496894409937898,-0.496894409937898,-5.838509316770191,HIT_LOSER_FIRST,True,"{""Momentum Rank"": {""raw"": {""rank_change_3d"": NaN, ""days_outside_top120"": 1}, ""threshold"": ""rank_change_3d<0 OR outside>=2"", ""weak"": false}, ""Relative Strength Path"": {""raw"": {""rs_slope_3d"": NaN, ""rs_slope_5d"": NaN}, ""threshold"": ""slope3<0 AND (slope5<0 OR unavailable)"", ""weak"": false}, ""Institution Flow"": {""raw"": {""acceleration"": -29722809.49999999, ""buy_days_5d"": 2}, ""threshold"": ""acceleration<0 AND buy_days_5d<=2"", ""weak"": true}, ""Market-relative Performance"": {""raw"": {""excess_1d"": -2.1406249959657897, ""excess_3d"": 1.9296396846952835}, ""threshold"": ""both <0"", ""weak"": false}, ""Pocket Durability"": {""raw"": ""FRAGILE"", ""threshold"": ""FRAGILE"", ""weak"": true}}"
4919,新唐,2026-06-02,2026-06-04,HEALTHY_PULLBACK,DETERIORATING,-8.247422680412376,-10.051546391752575,-11.082474226804129,HIT_LOSER_FIRST,True,"{""Momentum Rank"": {""raw"": {""rank_change_3d"": NaN, ""days_outside_top120"": 2}, ""threshold"": ""rank_change_3d<0 OR outside>=2"", ""weak"": true}, ""Relative Strength Path"": {""raw"": {""rs_slope_3d"": NaN, ""rs_slope_5d"": NaN}, ""threshold"": ""slope3<0 AND (slope5<0 OR unavailable)"", ""weak"": false}, ""Institution Flow"": {""raw"": {""acceleration"": 270931979.0, ""buy_days_5d"": 3}, ""threshold"": ""acceleration<0 AND buy_days_5d<=2"", ""weak"": false}, ""Market-relative Performance"": {""raw"": {""excess_1d"": -2.7509445161851946, ""excess_3d"": -7.479700974645365}, ""threshold"": ""both <0"", ""weak"": true}, ""Pocket Durability"": {""raw"": ""FRAGILE"", ""threshold"": ""FRAGILE"", ""weak"": true}}"
4967,十銓,2026-06-02,2026-06-04,HEALTHY_PULLBACK,DETERIORATING,-7.615894039735094,-5.298013245033117,-8.112582781456956,HIT_LOSER_FIRST,True,"{""Momentum Rank"": {""raw"": {""rank_change_3d"": NaN, ""days_outside_top120"": 3}, ""threshold"": ""rank_change_3d<0 OR outside>=2"", ""weak"": true}, ""Relative Strength Path"": {""raw"": {""rs_slope_3d"": NaN, ""rs_slope_5d"": NaN}, ""threshold"": ""slope3<0 AND (slope5<0 OR unavailable)"", ""weak"": false}, ""Institution Flow"": {""raw"": {""acceleration"": 158562076.5, ""buy_days_5d"": 3}, ""threshold"": ""acceleration<0 AND buy_days_5d<=2"", ""weak"": false}, ""Market-relative Performance"": {""raw"": {""excess_1d"": 2.6858975023659637, ""excess_3d"": 3.7493381523176383}, ""threshold"": ""both <0"", ""weak"": false}, ""Pocket Durability"": {""raw"": ""FRAGILE"", ""threshold"": ""FRAGILE"", ""weak"": true}}"
5269,祥碩,2026-06-02,2026-06-04,HEALTHY_PULLBACK,DETERIORATING,-2.86624203821656,-8.280254777070063,-15.286624203821653,HIT_LOSER_FIRST,True,"{""Momentum Rank"": {""raw"": {""rank_change_3d"": NaN, ""days_outside_top120"": 3}, ""threshold"": ""rank_change_3d<0 OR outside>=2"", ""weak"": true}, ""Relative Strength Path"": {""raw"": {""rs_slope_3d"": NaN, ""rs_slope_5d"": NaN}, ""threshold"": ""slope3<0 AND (slope5<0 OR unavailable)"", ""weak"": false}, ""Institution Flow"": {""raw"": {""acceleration"": -388897915.0, ""buy_days_5d"": 2}, ""threshold"": ""acceleration<0 AND buy_days_5d<=2"", ""weak"": true}, ""Market-relative Performance"": {""raw"": {""excess_1d"": 1.3650927033002969, ""excess_3d"": 2.5405419403343954}, ""threshold"": ""both <0"", ""weak"": false}, ""Pocket Durability"": {""raw"": ""FRAGILE"", ""threshold"": ""FRAGILE"", ""weak"": true}}"
6526,達發,2026-06-02,2026-06-04,HEALTHY_PULLBACK,DETERIORATING,-2.6200873362445365,-5.5312954876273634,-10.043668122270743,HIT_LOSER_FIRST,True,"{""Momentum Rank"": {""raw"": {""rank_change_3d"": NaN, ""days_outside_top120"": 3}, ""threshold"": ""rank_change_3d<0 OR outside>=2"", ""weak"": true}, ""Relative Strength Path"": {""raw"": {""rs_slope_3d"": NaN, ""rs_slope_5d"": NaN}, ""threshold"": ""slope3<0 AND (slope5<0 OR unavailable)"", ""weak"": false}, ""Institution Flow"": {""raw"": {""acceleration"": 269349260.0, ""buy_days_5d"": 1}, ""threshold"": ""acceleration<0 AND buy_days_5d<=2"", ""weak"": false}, ""Market-relative Performance"": {""raw"": {""excess_1d"": -1.8286829342955668, ""excess_3d"": 1.3313059975800234}, ""threshold"": ""both <0"", ""weak"": false}, ""Pocket Durability"": {""raw"": ""FRAGILE"", ""threshold"": ""FRAGILE"", ""weak"": true}}"
8112,至上,2026-06-02,2026-06-04,HEALTHY_PULLBACK,DETERIORATING,-3.1380753138075312,-4.602510460251041,-0.10460251046024993,HIT_LOSER_FIRST,True,"{""Momentum Rank"": {""raw"": {""rank_change_3d"": NaN, ""days_outside_top120"": 2}, ""threshold"": ""rank_change_3d<0 OR outside>=2"", ""weak"": true}, ""Relative Strength Path"": {""raw"": {""rs_slope_3d"": NaN, ""rs_slope_5d"": NaN}, ""threshold"": ""slope3<0 AND (slope5<0 OR unavailable)"", ""weak"": false}, ""Institution Flow"": {""raw"": {""acceleration"": 555451959.1000001, ""buy_days_5d"": 4}, ""threshold"": ""acceleration<0 AND buy_days_5d<=2"", ""weak"": false}, ""Market-relative Performance"": {""raw"": {""excess_1d"": 2.953739461438576, ""excess_3d"": 3.846254251747494}, ""threshold"": ""both <0"", ""weak"": false}, ""Pocket Durability"": {""raw"": ""FRAGILE"", ""threshold"": ""FRAGILE"", ""weak"": true}}"
1326,台化,2026-06-03,2026-06-05,REACCELERATING,DETERIORATING,-7.670454545454541,-12.49999999999999,-7.57575757575758,HIT_LOSER_FIRST,True,"{""Momentum Rank"": {""raw"": {""rank_change_3d"": 142, ""days_outside_top120"": 0}, ""threshold"": ""rank_change_3d<0 OR outside>=2"", ""weak"": false}, ""Relative Strength Path"": {""raw"": {""rs_slope_3d"": NaN, ""rs_slope_5d"": NaN}, ""threshold"": ""slope3<0 AND (slope5<0 OR unavailable)"", ""weak"": false}, ""Institution Flow"": {""raw"": {""acceleration"": -2248741074.9000006, ""buy_days_5d"": 3}, ""threshold"": ""acceleration<0 AND buy_days_5d<=2"", ""weak"": false}, ""Market-relative Performance"": {""raw"": {""excess_1d"": -3.0199939351687637, ""excess_3d"": -1.8735761228065195}, ""threshold"": ""both <0"", ""weak"": true}, ""Pocket Durability"": {""raw"": ""FRAGILE"", ""threshold"": ""FRAGILE"", ""weak"": true}}"
1519,華城,2026-06-03,2026-06-05,HEALTHY_PULLBACK,DETERIORATING,-4.230317273795537,-7.050528789659227,-7.050528789659227,HIT_LOSER_FIRST,True,"{""Momentum Rank"": {""raw"": {""rank_change_3d"": NaN, ""days_outside_top120"": 3}, ""threshold"": ""rank_change_3d<0 OR outside>=2"", ""weak"": true}, ""Relative Strength Path"": {""raw"": {""rs_slope_3d"": NaN, ""rs_slope_5d"": NaN}, ""threshold"": ""slope3<0 AND (slope5<0 OR unavailable)"", ""weak"": false}, ""Institution Flow"": {""raw"": {""acceleration"": 586942370.0, ""buy_days_5d"": 1}, ""threshold"": ""acceleration<0 AND buy_days_5d<=2"", ""weak"": false}, ""Market-relative Performance"": {""raw"": {""excess_1d"": -5.155684331728716, ""excess_3d"": 1.1852474066052499}, ""threshold"": ""both <0"", ""weak"": false}, ""Pocket Durability"": {""raw"": ""FRAGILE"", ""threshold"": ""FRAGILE"", ""weak"": true}}"
1605,華新,2026-06-03,2026-06-05,HEALTHY_PULLBACK,DETERIORATING,-9.481668773704177,-12.01011378002529,-4.677623261694041,HIT_LOSER_FIRST,True,"{""Momentum Rank"": {""raw"": {""rank_change_3d"": NaN, ""days_outside_top120"": 2}, ""threshold"": ""rank_change_3d<0 OR outside>=2"", ""weak"": true}, ""Relative Strength Path"": {""raw"": {""rs_slope_3d"": NaN, ""rs_slope_5d"": NaN}, ""threshold"": ""slope3<0 AND (slope5<0 OR unavailable)"", ""weak"": false}, ""Institution Flow"": {""raw"": {""acceleration"": -341545839.3000001, ""buy_days_5d"": 3}, ""threshold"": ""acceleration<0 AND buy_days_5d<=2"", ""weak"": false}, ""Market-relative Performance"": {""raw"": {""excess_1d"": -3.600052463596859, ""excess_3d"": -1.1573687498697138}, ""threshold"": ""both <0"", ""weak"": true}, ""Pocket Durability"": {""raw"": ""FRAGILE"", ""threshold"": ""FRAGILE"", ""weak"": true}}"
1618,合機,2026-06-03,2026-06-05,HEALTHY_PULLBACK,DETERIORATING,-2.7380952380952395,3.3333333333333215,-0.11904761904760752,HIT_LOSER_FIRST,True,"{""Momentum Rank"": {""raw"": {""rank_change_3d"": NaN, ""days_outside_top120"": 2}, ""threshold"": ""rank_change_3d<0 OR outside>=2"", ""weak"": true}, ""Relative Strength Path"": {""raw"": {""rs_slope_3d"": NaN, ""rs_slope_5d"": NaN}, ""threshold"": ""slope3<0 AND (slope5<0 OR unavailable)"", ""weak"": false}, ""Institution Flow"": {""raw"": {""acceleration"": -41404615.74999999, ""buy_days_5d"": 3}, ""threshold"": ""acceleration<0 AND buy_days_5d<=2"", ""weak"": false}, ""Market-relative Performance"": {""raw"": {""excess_1d"": -3.756913610924095, ""excess_3d"": -0.10887024045357352}, ""threshold"": ""both <0"", ""weak"": true}, ""Pocket Durability"": {""raw"": ""FRAGILE"", ""threshold"": ""FRAGILE"", ""weak"": true}}"
2308,台達電,2026-06-03,2026-06-05,HEALTHY_PULLBACK,DETERIORATING,-1.9565217391304346,-4.347826086956519,-3.6956521739130443,HIT_LOSER_FIRST,True,"{""Momentum Rank"": {""raw"": {""rank_change_3d"": NaN, ""days_outside_top120"": 3}, ""threshold"": ""rank_change_3d<0 OR outside>=2"", ""weak"": true}, ""Relative Strength Path"": {""raw"": {""rs_slope_3d"": NaN, ""rs_slope_5d"": NaN}, ""threshold"": ""slope3<0 AND (slope5<0 OR unavailable)"", ""weak"": false}, ""Institution Flow"": {""raw"": {""acceleration"": 3059263285.0, ""buy_days_5d"": 2}, ""threshold"": ""acceleration<0 AND buy_days_5d<=2"", ""weak"": false}, ""Market-relative Performance"": {""raw"": {""excess_1d"": -3.826807023469969, ""excess_3d"": -1.4747725335742201}, ""threshold"": ""both <0"", ""weak"": true}, ""Pocket Durability"": {""raw"": ""FRAGILE"", ""threshold"": ""FRAGILE"", ""weak"": true}}"
2397,友通,2026-06-03,2026-06-05,HEALTHY_PULLBACK,DETERIORATING,-5.460218408736339,-2.9641185647425794,-2.9641185647425794,HIT_LOSER_FIRST,True,"{""Momentum Rank"": {""raw"": {""rank_change_3d"": NaN, ""days_outside_top120"": 2}, ""threshold"": ""rank_change_3d<0 OR outside>=2"", ""weak"": true}, ""Relative Strength Path"": {""raw"": {""rs_slope_3d"": NaN, ""rs_slope_5d"": NaN}, ""threshold"": ""slope3<0 AND (slope5<0 OR unavailable)"", ""weak"": false}, ""Institution Flow"": {""raw"": {""acceleration"": -21041471.299999993, ""buy_days_5d"": 3}, ""threshold"": ""acceleration<0 AND buy_days_5d<=2"", ""weak"": false}, ""Market-relative Performance"": {""raw"": {""excess_1d"": -0.6599354323101103, ""excess_3d"": 0.44744530902202095}, ""threshold"": ""both <0"", ""weak"": false}, ""Pocket Durability"": {""raw"": ""FRAGILE"", ""threshold"": ""FRAGILE"", ""weak"": true}}"
3045,台灣大,2026-06-03,2026-06-12,REACCELERATING,DETERIORATING,0.0,-0.4184100418409997,-0.8368200836820106,NO_BARRIER_HIT,True,"{""Momentum Rank"": {""raw"": {""rank_change_3d"": -32, ""days_outside_top120"": 0}, ""threshold"": ""rank_change_3d<0 OR outside>=2"", ""weak"": true}, ""Relative Strength Path"": {""raw"": {""rs_slope_3d"": -5.541664701803657, ""rs_slope_5d"": NaN}, ""threshold"": ""slope3<0 AND (slope5<0 OR unavailable)"", ""weak"": true}, ""Institution Flow"": {""raw"": {""acceleration"": 1079885418.5, ""buy_days_5d"": 5}, ""threshold"": ""acceleration<0 AND buy_days_5d<=2"", ""weak"": false}, ""Market-relative Performance"": {""raw"": {""excess_1d"": -1.9427351996969655, ""excess_3d"": 3.334396039684373}, ""threshold"": ""both <0"", ""weak"": false}, ""Pocket Durability"": {""raw"": ""FRAGILE"", ""threshold"": ""FRAGILE"", ""weak"": true}}"
4904,遠傳,2026-06-03,2026-06-08,HEALTHY_PULLBACK,DETERIORATING,4.455445544554459,7.920792079207928,8.910891089108919,HIT_WINNER_FIRST,True,"{""Momentum Rank"": {""raw"": {""rank_change_3d"": NaN, ""days_outside_top120"": 2}, ""threshold"": ""rank_change_3d<0 OR outside>=2"", ""weak"": true}, ""Relative Strength Path"": {""raw"": {""rs_slope_3d"": NaN, ""rs_slope_5d"": NaN}, ""threshold"": ""slope3<0 AND (slope5<0 OR unavailable)"", ""weak"": false}, ""Institution Flow"": {""raw"": {""acceleration"": -858587646.5, ""buy_days_5d"": 3}, ""threshold"": ""acceleration<0 AND buy_days_5d<=2"", ""weak"": false}, ""Market-relative Performance"": {""raw"": {""excess_1d"": 2.9867042156756285, ""excess_3d"": 6.860907729503706}, ""threshold"": ""both <0"", ""weak"": false}, ""Pocket Durability"": {""raw"": ""FRAGILE"", ""threshold"": ""FRAGILE"", ""weak"": true}}"
8163,達方,2026-06-03,2026-06-05,HEALTHY_PULLBACK,DETERIORATING,-3.3457249070631967,4.2131350681536395,6.1957868649318515,HIT_LOSER_FIRST,True,"{""Momentum Rank"": {""raw"": {""rank_change_3d"": NaN, ""days_outside_top120"": 2}, ""threshold"": ""rank_change_3d<0 OR outside>=2"", ""weak"": true}, ""Relative Strength Path"": {""raw"": {""rs_slope_3d"": NaN, ""rs_slope_5d"": NaN}, ""threshold"": ""slope3<0 AND (slope5<0 OR unavailable)"", ""weak"": false}, ""Institution Flow"": {""raw"": {""acceleration"": 98340070.35000002, ""buy_days_5d"": 5}, ""threshold"": ""acceleration<0 AND buy_days_5d<=2"", ""weak"": false}, ""Market-relative Performance"": {""raw"": {""excess_1d"": 0.9574617814174013, ""excess_3d"": -1.9372073445259708}, ""threshold"": ""both <0"", ""weak"": false}, ""Pocket Durability"": {""raw"": ""FRAGILE"", ""threshold"": ""FRAGILE"", ""weak"": true}}"
1402,遠東新,2026-06-04,2026-06-12,HEALTHY_PULLBACK,DETERIORATING,2.037037037037037,6.666666666666665,6.666666666666665,NO_BARRIER_HIT,True,"{""Momentum Rank"": {""raw"": {""rank_change_3d"": NaN, ""days_outside_top120"": 6}, ""threshold"": ""rank_change_3d<0 OR outside>=2"", ""weak"": true}, ""Relative Strength Path"": {""raw"": {""rs_slope_3d"": NaN, ""rs_slope_5d"": NaN}, ""threshold"": ""slope3<0 AND (slope5<0 OR unavailable)"", ""weak"": false}, ""Institution Flow"": {""raw"": {""acceleration"": -306902822.95, ""buy_days_5d"": 2}, ""threshold"": ""acceleration<0 AND buy_days_5d<=2"", ""weak"": true}, ""Market-relative Performance"": {""raw"": {""excess_1d"": -3.822757281522393, ""excess_3d"": -1.329431909342127}, ""threshold"": ""both <0"", ""weak"": true}, ""Pocket Durability"": {""raw"": ""DURABLE"", ""threshold"": ""FRAGILE"", ""weak"": false}}"
1434,福懋,2026-06-04,2026-06-08,HEALTHY_PULLBACK,DETERIORATING,1.2383900928792713,1.2383900928792713,3.7151702786377694,NO_BARRIER_HIT,True,"{""Momentum Rank"": {""raw"": {""rank_change_3d"": NaN, ""days_outside_top120"": 2}, ""threshold"": ""rank_change_3d<0 OR outside>=2"", ""weak"": true}, ""Relative Strength Path"": {""raw"": {""rs_slope_3d"": NaN, ""rs_slope_5d"": NaN}, ""threshold"": ""slope3<0 AND (slope5<0 OR unavailable)"", ""weak"": false}, ""Institution Flow"": {""raw"": {""acceleration"": -52546194.65, ""buy_days_5d"": 3}, ""threshold"": ""acceleration<0 AND buy_days_5d<=2"", ""weak"": false}, ""Market-relative Performance"": {""raw"": {""excess_1d"": 0.7684716796200641, ""excess_3d"": 3.3603922886897504}, ""threshold"": ""both <0"", ""weak"": false}, ""Pocket Durability"": {""raw"": ""FRAGILE"", ""threshold"": ""FRAGILE"", ""weak"": true}}"
2912,統一超,2026-06-04,2026-06-08,HEALTHY_PULLBACK,DETERIORATING,0.9009009009008917,3.153153153153143,2.7027027027026973,NO_BARRIER_HIT,True,"{""Momentum Rank"": {""raw"": {""rank_change_3d"": -134, ""days_outside_top120"": 2}, ""threshold"": ""rank_change_3d<0 OR outside>=2"", ""weak"": true}, ""Relative Strength Path"": {""raw"": {""rs_slope_3d"": NaN, ""rs_slope_5d"": NaN}, ""threshold"": ""slope3<0 AND (slope5<0 OR unavailable)"", ""weak"": false}, ""Institution Flow"": {""raw"": {""acceleration"": -2162347297.0, ""buy_days_5d"": 3}, ""threshold"": ""acceleration<0 AND buy_days_5d<=2"", ""weak"": false}, ""Market-relative Performance"": {""raw"": {""excess_1d"": -0.8310297744721584, ""excess_3d"": -0.7495754196043212}, ""threshold"": ""both <0"", ""weak"": true}, ""Pocket Durability"": {""raw"": ""FRAGILE"", ""threshold"": ""FRAGILE"", ""weak"": true}}"
4938,和碩,2026-06-04,2026-06-08,HEALTHY_PULLBACK,DETERIORATING,3.2573289902280145,3.583061889250816,-9.33767643865363,HIT_LOSER_FIRST,True,"{""Momentum Rank"": {""raw"": {""rank_change_3d"": NaN, ""days_outside_top120"": 2}, ""threshold"": ""rank_change_3d<0 OR outside>=2"", ""weak"": true}, ""Relative Strength Path"": {""raw"": {""rs_slope_3d"": NaN, ""rs_slope_5d"": NaN}, ""threshold"": ""slope3<0 AND (slope5<0 OR unavailable)"", ""weak"": false}, ""Institution Flow"": {""raw"": {""acceleration"": -1021365188.5000002, ""buy_days_5d"": 3}, ""threshold"": ""acceleration<0 AND buy_days_5d<=2"", ""weak"": false}, ""Market-relative Performance"": {""raw"": {""excess_1d"": -1.4742453184029891, ""excess_3d"": -0.13406663724125956}, ""threshold"": ""both <0"", ""weak"": true}, ""Pocket Durability"": {""raw"": ""FRAGILE"", ""threshold"": ""FRAGILE"", ""weak"": true}}"
1342,八貫,2026-06-05,2026-06-10,HEALTHY_PULLBACK,DETERIORATING,-0.92592592592593,6.944444444444442,7.870370370370372,HIT_WINNER_FIRST,True,"{""Momentum Rank"": {""raw"": {""rank_change_3d"": -53, ""days_outside_top120"": 0}, ""threshold"": ""rank_change_3d<0 OR outside>=2"", ""weak"": true}, ""Relative Strength Path"": {""raw"": {""rs_slope_3d"": 4.459779775794506, ""rs_slope_5d"": NaN}, ""threshold"": ""slope3<0 AND (slope5<0 OR unavailable)"", ""weak"": false}, ""Institution Flow"": {""raw"": {""acceleration"": -77208883.0, ""buy_days_5d"": 3}, ""threshold"": ""acceleration<0 AND buy_days_5d<=2"", ""weak"": false}, ""Market-relative Performance"": {""raw"": {""excess_1d"": 0.16915906865129227, ""excess_3d"": 7.940588086930734}, ""threshold"": ""both <0"", ""weak"": false}, ""Pocket Durability"": {""raw"": ""FRAGILE"", ""threshold"": ""FRAGILE"", ""weak"": true}}"
1722,台肥,2026-06-05,2026-06-10,HEALTHY_PULLBACK,DETERIORATING,0.7399577167019,3.2769556025370017,3.2769556025370017,NO_BARRIER_HIT,True,"{""Momentum Rank"": {""raw"": {""rank_change_3d"": -46, ""days_outside_top120"": 4}, ""threshold"": ""rank_change_3d<0 OR outside>=2"", ""weak"": true}, ""Relative Strength Path"": {""raw"": {""rs_slope_3d"": NaN, ""rs_slope_5d"": NaN}, ""threshold"": ""slope3<0 AND (slope5<0 OR unavailable)"", ""weak"": false}, ""Institution Flow"": {""raw"": {""acceleration"": -146666662.65000004, ""buy_days_5d"": 5}, ""threshold"": ""acceleration<0 AND buy_days_5d<=2"", ""weak"": false}, ""Market-relative Performance"": {""raw"": {""excess_1d"": 2.6779204207257434, ""excess_3d"": 2.125522323678431}, ""threshold"": ""both <0"", ""weak"": false}, ""Pocket Durability"": {""raw"": ""FRAGILE"", ""threshold"": ""FRAGILE"", ""weak"": true}}"
6592,和潤企業,2026-06-05,2026-06-12,HEALTHY_PULLBACK,DETERIORATING,-0.6125574272587975,0.0,0.6125574272588086,NO_BARRIER_HIT,True,"{""Momentum Rank"": {""raw"": {""rank_change_3d"": NaN, ""days_outside_top120"": 2}, ""threshold"": ""rank_change_3d<0 OR outside>=2"", ""weak"": true}, ""Relative Strength Path"": {""raw"": {""rs_slope_3d"": NaN, ""rs_slope_5d"": NaN}, ""threshold"": ""slope3<0 AND (slope5<0 OR unavailable)"", ""weak"": false}, ""Institution Flow"": {""raw"": {""acceleration"": -14108307.500000004, ""buy_days_5d"": 2}, ""threshold"": ""acceleration<0 AND buy_days_5d<=2"", ""weak"": true}, ""Market-relative Performance"": {""raw"": {""excess_1d"": -4.608412248959781, ""excess_3d"": 0.5888158968439527}, ""threshold"": ""both <0"", ""weak"": false}, ""Pocket Durability"": {""raw"": ""DURABLE"", ""threshold"": ""FRAGILE"", ""weak"": false}}"
1210,大成,2026-06-08,2026-06-15,HEALTHY_PULLBACK,DETERIORATING,-0.35842293906809264,-1.9713261648745428,-2.150537634408589,NO_BARRIER_HIT,True,"{""Momentum Rank"": {""raw"": {""rank_change_3d"": NaN, ""days_outside_top120"": 2}, ""threshold"": ""rank_change_3d<0 OR outside>=2"", ""weak"": true}, ""Relative Strength Path"": {""raw"": {""rs_slope_3d"": NaN, ""rs_slope_5d"": NaN}, ""threshold"": ""slope3<0 AND (slope5<0 OR unavailable)"", ""weak"": false}, ""Institution Flow"": {""raw"": {""acceleration"": -337748052.0, ""buy_days_5d"": 4}, ""threshold"": ""acceleration<0 AND buy_days_5d<=2"", ""weak"": false}, ""Market-relative Performance"": {""raw"": {""excess_1d"": -1.8759556271090938, ""excess_3d"": -4.3015130366610865}, ""threshold"": ""both <0"", ""weak"": true}, ""Pocket Durability"": {""raw"": ""DURABLE"", ""threshold"": ""FRAGILE"", ""weak"": false}}"
1319,東陽,2026-06-08,2026-06-12,HEALTHY_PULLBACK,DETERIORATING,5.5276381909547645,3.015075376884413,-14.77386934673367,HIT_LOSER_FIRST,True,"{""Momentum Rank"": {""raw"": {""rank_change_3d"": NaN, ""days_outside_top120"": 3}, ""threshold"": ""rank_change_3d<0 OR outside>=2"", ""weak"": true}, ""Relative Strength Path"": {""raw"": {""rs_slope_3d"": NaN, ""rs_slope_5d"": NaN}, ""threshold"": ""slope3<0 AND (slope5<0 OR unavailable)"", ""weak"": false}, ""Institution Flow"": {""raw"": {""acceleration"": -468259447.4, ""buy_days_5d"": 4}, ""threshold"": ""acceleration<0 AND buy_days_5d<=2"", ""weak"": false}, ""Market-relative Performance"": {""raw"": {""excess_1d"": -4.8138836590807195, ""excess_3d"": -4.040451335162998}, ""threshold"": ""both <0"", ""weak"": true}, ""Pocket Durability"": {""raw"": ""DURABLE"", ""threshold"": ""FRAGILE"", ""weak"": false}}"
1524,耿鼎,2026-06-08,2026-06-11,HEALTHY_PULLBACK,DETERIORATING,0.1680672268907557,-0.6722689075630228,0.6722689075630228,NO_BARRIER_HIT,True,"{""Momentum Rank"": {""raw"": {""rank_change_3d"": NaN, ""days_outside_top120"": 4}, ""threshold"": ""rank_change_3d<0 OR outside>=2"", ""weak"": true}, ""Relative Strength Path"": {""raw"": {""rs_slope_3d"": NaN, ""rs_slope_5d"": NaN}, ""threshold"": ""slope3<0 AND (slope5<0 OR unavailable)"", ""weak"": false}, ""Institution Flow"": {""raw"": {""acceleration"": -7741969.550000001, ""buy_days_5d"": 3}, ""threshold"": ""acceleration<0 AND buy_days_5d<=2"", ""weak"": false}, ""Market-relative Performance"": {""raw"": {""excess_1d"": -0.9867836425861531, ""excess_3d"": -0.18615812613942406}, ""threshold"": ""both <0"", ""weak"": true}, ""Pocket Durability"": {""raw"": ""DURABLE"", ""threshold"": ""FRAGILE"", ""weak"": false}}"
1808,潤隆,2026-06-08,2026-06-11,REACCELERATING,DETERIORATING,2.2435897435897356,2.2435897435897356,3.3653846153846256,NO_BARRIER_HIT,True,"{""Momentum Rank"": {""raw"": {""rank_change_3d"": -65, ""days_outside_top120"": 0}, ""threshold"": ""rank_change_3d<0 OR outside>=2"", ""weak"": true}, ""Relative Strength Path"": {""raw"": {""rs_slope_3d"": -1.6435922075835283, ""rs_slope_5d"": NaN}, ""threshold"": ""slope3<0 AND (slope5<0 OR unavailable)"", ""weak"": true}, ""Institution Flow"": {""raw"": {""acceleration"": -18893344.099999998, ""buy_days_5d"": 4}, ""threshold"": ""acceleration<0 AND buy_days_5d<=2"", ""weak"": false}, ""Market-relative Performance"": {""raw"": {""excess_1d"": -0.7763738972926926, ""excess_3d"": 2.6066314876907137}, ""threshold"": ""both <0"", ""weak"": false}, ""Pocket Durability"": {""raw"": ""FRAGILE"", ""threshold"": ""FRAGILE"", ""weak"": true}}"
2547,日勝生,2026-06-08,2026-06-11,REACCELERATING,DETERIORATING,0.9090909090909038,0.454545454545463,1.8181818181818077,NO_BARRIER_HIT,True,"{""Momentum Rank"": {""raw"": {""rank_change_3d"": -24, ""days_outside_top120"": 0}, ""threshold"": ""rank_change_3d<0 OR outside>=2"", ""weak"": true}, ""Relative Strength Path"": {""raw"": {""rs_slope_3d"": 4.01338036912874, ""rs_slope_5d"": NaN}, ""threshold"": ""slope3<0 AND (slope5<0 OR unavailable)"", ""weak"": false}, ""Institution Flow"": {""raw"": {""acceleration"": -69887056.85000001, ""buy_days_5d"": 3}, ""threshold"": ""acceleration<0 AND buy_days_5d<=2"", ""weak"": false}, ""Market-relative Performance"": {""raw"": {""excess_1d"": -1.1692844247323642, ""excess_3d"": 4.098562956875584}, ""threshold"": ""both <0"", ""weak"": false}, ""Pocket Durability"": {""raw"": ""FRAGILE"", ""threshold"": ""FRAGILE"", ""weak"": true}}"
2547,日勝生,2026-06-08,2026-06-16,HEALTHY_PULLBACK,DETERIORATING,1.3574660633484115,-0.9049773755656187,-1.8099547511312264,NO_BARRIER_HIT,True,"{""Momentum Rank"": {""raw"": {""rank_change_3d"": NaN, ""days_outside_top120"": 2}, ""threshold"": ""rank_change_3d<0 OR outside>=2"", ""weak"": true}, ""Relative Strength Path"": {""raw"": {""rs_slope_3d"": NaN, ""rs_slope_5d"": NaN}, ""threshold"": ""slope3<0 AND (slope5<0 OR unavailable)"", ""weak"": false}, ""Institution Flow"": {""raw"": {""acceleration"": 73387409.4, ""buy_days_5d"": 4}, ""threshold"": ""acceleration<0 AND buy_days_5d<=2"", ""weak"": false}, ""Market-relative Performance"": {""raw"": {""excess_1d"": -0.45344426019113815, ""excess_3d"": -5.709448254761673}, ""threshold"": ""both <0"", ""weak"": true}, ""Pocket Durability"": {""raw"": ""DURABLE"", ""threshold"": ""FRAGILE"", ""weak"": false}}"
2727,王品,2026-06-08,2026-06-11,REACCELERATING,DETERIORATING,1.0245901639344357,0.0,1.0245901639344357,NO_BARRIER_HIT,True,"{""Momentum Rank"": {""raw"": {""rank_change_3d"": -9, ""days_outside_top120"": 0}, ""threshold"": ""rank_change_3d<0 OR outside>=2"", ""weak"": true}, ""Relative Strength Path"": {""raw"": {""rs_slope_3d"": -2.043312997759853, ""rs_slope_5d"": NaN}, ""threshold"": ""slope3<0 AND (slope5<0 OR unavailable)"", ""weak"": true}, ""Institution Flow"": {""raw"": {""acceleration"": -76709236.0, ""buy_days_5d"": 5}, ""threshold"": ""acceleration<0 AND buy_days_5d<=2"", ""weak"": false}, ""Market-relative Performance"": {""raw"": {""excess_1d"": 0.3813458641231726, ""excess_3d"": 1.8473746677203584}, ""threshold"": ""both <0"", ""weak"": false}, ""Pocket Durability"": {""raw"": ""DURABLE"", ""threshold"": ""FRAGILE"", ""weak"": false}}"
2727,王品,2026-06-08,2026-06-16,HEALTHY_PULLBACK,DETERIORATING,0.0,1.0245901639344357,1.0245901639344357,NO_BARRIER_HIT,True,"{""Momentum Rank"": {""raw"": {""rank_change_3d"": NaN, ""days_outside_top120"": 2}, ""threshold"": ""rank_change_3d<0 OR outside>=2"", ""weak"": true}, ""Relative Strength Path"": {""raw"": {""rs_slope_3d"": NaN, ""rs_slope_5d"": NaN}, ""threshold"": ""slope3<0 AND (slope5<0 OR unavailable)"", ""weak"": false}, ""Institution Flow"": {""raw"": {""acceleration"": -16436506.5, ""buy_days_5d"": 4}, ""threshold"": ""acceleration<0 AND buy_days_5d<=2"", ""weak"": false}, ""Market-relative Performance"": {""raw"": {""excess_1d"": -0.9079897147366012, ""excess_3d"": -6.163993709307136}, ""threshold"": ""both <0"", ""weak"": true}, ""Pocket Durability"": {""raw"": ""FRAGILE"", ""threshold"": ""FRAGILE"", ""weak"": true}}"
2753,八方雲集,2026-06-08,2026-06-16,HEALTHY_PULLBACK,DETERIORATING,-0.5319148936170248,1.0638297872340496,1.0638297872340496,NO_BARRIER_HIT,True,"{""Momentum Rank"": {""raw"": {""rank_change_3d"": NaN, ""days_outside_top120"": 2}, ""threshold"": ""rank_change_3d<0 OR outside>=2"", ""weak"": true}, ""Relative Strength Path"": {""raw"": {""rs_slope_3d"": NaN, ""rs_slope_5d"": NaN}, ""threshold"": ""slope3<0 AND (slope5<0 OR unavailable)"", ""weak"": false}, ""Institution Flow"": {""raw"": {""acceleration"": -23357544.5, ""buy_days_5d"": 4}, ""threshold"": ""acceleration<0 AND buy_days_5d<=2"", ""weak"": false}, ""Market-relative Performance"": {""raw"": {""excess_1d"": -0.9079897147366012, ""excess_3d"": -5.088724892102836}, ""threshold"": ""both <0"", ""weak"": true}, ""Pocket Durability"": {""raw"": ""FRAGILE"", ""threshold"": ""FRAGILE"", ""weak"": true}}"
6177,達麗,2026-06-08,2026-06-15,HEALTHY_PULLBACK,DETERIORATING,-0.6355932203389925,6.7796610169491345,-2.754237288135597,NO_BARRIER_HIT,True,"{""Momentum Rank"": {""raw"": {""rank_change_3d"": NaN, ""days_outside_top120"": 6}, ""threshold"": ""rank_change_3d<0 OR outside>=2"", ""weak"": true}, ""Relative Strength Path"": {""raw"": {""rs_slope_3d"": NaN, ""rs_slope_5d"": NaN}, ""threshold"": ""slope3<0 AND (slope5<0 OR unavailable)"", ""weak"": false}, ""Institution Flow"": {""raw"": {""acceleration"": 30500718.15, ""buy_days_5d"": 2}, ""threshold"": ""acceleration<0 AND buy_days_5d<=2"", ""weak"": false}, ""Market-relative Performance"": {""raw"": {""excess_1d"": -2.674070220410063, ""excess_3d"": -3.7359810492422207}, ""threshold"": ""both <0"", ""weak"": true}, ""Pocket Durability"": {""raw"": ""DURABLE"", ""threshold"": ""FRAGILE"", ""weak"": false}}"
9917,中保科,2026-06-08,2026-06-16,HEALTHY_PULLBACK,DETERIORATING,-0.4237288135593209,-1.2711864406779627,-10.169491525423723,HIT_LOSER_FIRST,True,"{""Momentum Rank"": {""raw"": {""rank_change_3d"": NaN, ""days_outside_top120"": 2}, ""threshold"": ""rank_change_3d<0 OR outside>=2"", ""weak"": true}, ""Relative Strength Path"": {""raw"": {""rs_slope_3d"": NaN, ""rs_slope_5d"": NaN}, ""threshold"": ""slope3<0 AND (slope5<0 OR unavailable)"", ""weak"": false}, ""Institution Flow"": {""raw"": {""acceleration"": -111910565.5, ""buy_days_5d"": 3}, ""threshold"": ""acceleration<0 AND buy_days_5d<=2"", ""weak"": false}, ""Market-relative Performance"": {""raw"": {""excess_1d"": -1.7483258491903797, ""excess_3d"": -7.8306603759738085}, ""threshold"": ""both <0"", ""weak"": true}, ""Pocket Durability"": {""raw"": ""FRAGILE"", ""threshold"": ""FRAGILE"", ""weak"": true}}"
2542,興富發,2026-06-09,2026-06-15,HEALTHY_PULLBACK,DETERIORATING,-0.8800880088008944,-1.5401540154015514,-6.0506050605060535,HIT_LOSER_FIRST,True,"{""Momentum Rank"": {""raw"": {""rank_change_3d"": NaN, ""days_outside_top120"": 2}, ""threshold"": ""rank_change_3d<0 OR outside>=2"", ""weak"": true}, ""Relative Strength Path"": {""raw"": {""rs_slope_3d"": NaN, ""rs_slope_5d"": NaN}, ""threshold"": ""slope3<0 AND (slope5<0 OR unavailable)"", ""weak"": false}, ""Institution Flow"": {""raw"": {""acceleration"": 53884836.45000005, ""buy_days_5d"": 5}, ""threshold"": ""acceleration<0 AND buy_days_5d<=2"", ""weak"": false}, ""Market-relative Performance"": {""raw"": {""excess_1d"": -1.6677677068360097, ""excess_3d"": -5.023534697310894}, ""threshold"": ""both <0"", ""weak"": true}, ""Pocket Durability"": {""raw"": ""DURABLE"", ""threshold"": ""FRAGILE"", ""weak"": false}}"
5534,長虹,2026-06-09,2026-06-16,HEALTHY_PULLBACK,DETERIORATING,3.523693803159178,-4.131227217496947,-3.766707168894279,NO_BARRIER_HIT,True,"{""Momentum Rank"": {""raw"": {""rank_change_3d"": NaN, ""days_outside_top120"": 2}, ""threshold"": ""rank_change_3d<0 OR outside>=2"", ""weak"": true}, ""Relative Strength Path"": {""raw"": {""rs_slope_3d"": NaN, ""rs_slope_5d"": NaN}, ""threshold"": ""slope3<0 AND (slope5<0 OR unavailable)"", ""weak"": false}, ""Institution Flow"": {""raw"": {""acceleration"": -131689094.89999998, ""buy_days_5d"": 4}, ""threshold"": ""acceleration<0 AND buy_days_5d<=2"", ""weak"": false}, ""Market-relative Performance"": {""raw"": {""excess_1d"": -1.0293489380375775, ""excess_3d"": -5.7981400507705505}, ""threshold"": ""both <0"", ""weak"": true}, ""Pocket Durability"": {""raw"": ""DURABLE"", ""threshold"": ""FRAGILE"", ""weak"": false}}"
2634,漢翔,2026-06-10,2026-06-25,HEALTHY_PULLBACK,DETERIORATING,1.6528925619834878,16.94214876033058,12.809917355371914,HIT_WINNER_FIRST,True,"{""Momentum Rank"": {""raw"": {""rank_change_3d"": -47, ""days_outside_top120"": 2}, ""threshold"": ""rank_change_3d<0 OR outside>=2"", ""weak"": true}, ""Relative Strength Path"": {""raw"": {""rs_slope_3d"": NaN, ""rs_slope_5d"": NaN}, ""threshold"": ""slope3<0 AND (slope5<0 OR unavailable)"", ""weak"": false}, ""Institution Flow"": {""raw"": {""acceleration"": -490765697.5, ""buy_days_5d"": 2}, ""threshold"": ""acceleration<0 AND buy_days_5d<=2"", ""weak"": true}, ""Market-relative Performance"": {""raw"": {""excess_1d"": -2.285252533461679, ""excess_3d"": -0.28009461201706776}, ""threshold"": ""both <0"", ""weak"": true}, ""Pocket Durability"": {""raw"": ""FRAGILE"", ""threshold"": ""FRAGILE"", ""weak"": true}}"
9938,百和,2026-06-10,2026-06-12,HEALTHY_PULLBACK,DETERIORATING,-2.2050716648291058,-2.094818081587657,-2.866593164277853,NO_BARRIER_HIT,True,"{""Momentum Rank"": {""raw"": {""rank_change_3d"": NaN, ""days_outside_top120"": 3}, ""threshold"": ""rank_change_3d<0 OR outside>=2"", ""weak"": true}, ""Relative Strength Path"": {""raw"": {""rs_slope_3d"": NaN, ""rs_slope_5d"": NaN}, ""threshold"": ""slope3<0 AND (slope5<0 OR unavailable)"", ""weak"": false}, ""Institution Flow"": {""raw"": {""acceleration"": 3393146.4999999963, ""buy_days_5d"": 4}, ""threshold"": ""acceleration<0 AND buy_days_5d<=2"", ""weak"": false}, ""Market-relative Performance"": {""raw"": {""excess_1d"": -2.031044859844222, ""excess_3d"": -0.21539957532862308}, ""threshold"": ""both <0"", ""weak"": true}, ""Pocket Durability"": {""raw"": ""DURABLE"", ""threshold"": ""FRAGILE"", ""weak"": false}}"
9941,裕融,2026-06-10,2026-06-15,REACCELERATING,DETERIORATING,-1.6867469879518149,-1.9277108433734869,-2.409638554216864,NO_BARRIER_HIT,True,"{""Momentum Rank"": {""raw"": {""rank_change_3d"": -236, ""days_outside_top120"": 1}, ""threshold"": ""rank_change_3d<0 OR outside>=2"", ""weak"": true}, ""Relative Strength Path"": {""raw"": {""rs_slope_3d"": NaN, ""rs_slope_5d"": NaN}, ""threshold"": ""slope3<0 AND (slope5<0 OR unavailable)"", ""weak"": false}, ""Institution Flow"": {""raw"": {""acceleration"": -635869484.1999999, ""buy_days_5d"": 3}, ""threshold"": ""acceleration<0 AND buy_days_5d<=2"", ""weak"": false}, ""Market-relative Performance"": {""raw"": {""excess_1d"": -4.322226265640639, ""excess_3d"": -8.95871988249608}, ""threshold"": ""both <0"", ""weak"": true}, ""Pocket Durability"": {""raw"": ""DURABLE"", ""threshold"": ""FRAGILE"", ""weak"": false}}"
3003,健和興,2026-06-11,2026-06-15,HEALTHY_PULLBACK,DETERIORATING,6.141732283464574,10.078740157480315,7.874015748031504,HIT_WINNER_FIRST,True,"{""Momentum Rank"": {""raw"": {""rank_change_3d"": NaN, ""days_outside_top120"": 2}, ""threshold"": ""rank_change_3d<0 OR outside>=2"", ""weak"": true}, ""Relative Strength Path"": {""raw"": {""rs_slope_3d"": NaN, ""rs_slope_5d"": NaN}, ""threshold"": ""slope3<0 AND (slope5<0 OR unavailable)"", ""weak"": false}, ""Institution Flow"": {""raw"": {""acceleration"": -8475483.599999994, ""buy_days_5d"": 3}, ""threshold"": ""acceleration<0 AND buy_days_5d<=2"", ""weak"": false}, ""Market-relative Performance"": {""raw"": {""excess_1d"": -3.4060928498831466, ""excess_3d"": -5.959572138808545}, ""threshold"": ""both <0"", ""weak"": true}, ""Pocket Durability"": {""raw"": ""DURABLE"", ""threshold"": ""FRAGILE"", ""weak"": false}}"
3003,健和興,2026-06-11,2026-06-22,REACCELERATING,DETERIORATING,0.0,0.14598540145984717,-4.233576642335779,HIT_LOSER_FIRST,True,"{""Momentum Rank"": {""raw"": {""rank_change_3d"": NaN, ""days_outside_top120"": 1}, ""threshold"": ""rank_change_3d<0 OR outside>=2"", ""weak"": false}, ""Relative Strength Path"": {""raw"": {""rs_slope_3d"": NaN, ""rs_slope_5d"": NaN}, ""threshold"": ""slope3<0 AND (slope5<0 OR unavailable)"", ""weak"": false}, ""Institution Flow"": {""raw"": {""acceleration"": -95156833.50000001, ""buy_days_5d"": 3}, ""threshold"": ""acceleration<0 AND buy_days_5d<=2"", ""weak"": false}, ""Market-relative Performance"": {""raw"": {""excess_1d"": -4.7496695944380996, ""excess_3d"": -2.58614542197686}, ""threshold"": ""both <0"", ""weak"": true}, ""Pocket Durability"": {""raw"": ""FRAGILE"", ""threshold"": ""FRAGILE"", ""weak"": true}}"
3042,晶技,2026-06-11,2026-06-16,REACCELERATING,DETERIORATING,-2.183406113537123,-13.53711790393013,-16.812227074235807,HIT_LOSER_FIRST,True,"{""Momentum Rank"": {""raw"": {""rank_change_3d"": -156, ""days_outside_top120"": 1}, ""threshold"": ""rank_change_3d<0 OR outside>=2"", ""weak"": true}, ""Relative Strength Path"": {""raw"": {""rs_slope_3d"": NaN, ""rs_slope_5d"": NaN}, ""threshold"": ""slope3<0 AND (slope5<0 OR unavailable)"", ""weak"": false}, ""Institution Flow"": {""raw"": {""acceleration"": -1382214926.5, ""buy_days_5d"": 3}, ""threshold"": ""acceleration<0 AND buy_days_5d<=2"", ""weak"": false}, ""Market-relative Performance"": {""raw"": {""excess_1d"": -6.862815176748926, ""excess_3d"": -8.717185198668842}, ""threshold"": ""both <0"", ""weak"": true}, ""Pocket Durability"": {""raw"": ""FRAGILE"", ""threshold"": ""FRAGILE"", ""weak"": true}}"
2348,海悅,2026-06-12,2026-06-22,HEALTHY_PULLBACK,DETERIORATING,-0.9722222222222299,-1.2500000000000067,-0.8333333333333304,NO_BARRIER_HIT,True,"{""Momentum Rank"": {""raw"": {""rank_change_3d"": NaN, ""days_outside_top120"": 6}, ""threshold"": ""rank_change_3d<0 OR outside>=2"", ""weak"": true}, ""Relative Strength Path"": {""raw"": {""rs_slope_3d"": NaN, ""rs_slope_5d"": NaN}, ""threshold"": ""slope3<0 AND (slope5<0 OR unavailable)"", ""weak"": false}, ""Institution Flow"": {""raw"": {""acceleration"": -24203090.6, ""buy_days_5d"": 2}, ""threshold"": ""acceleration<0 AND buy_days_5d<=2"", ""weak"": true}, ""Market-relative Performance"": {""raw"": {""excess_1d"": -8.996808364109054, ""excess_3d"": -7.703447591410651}, ""threshold"": ""both <0"", ""weak"": true}, ""Pocket Durability"": {""raw"": ""FRAGILE"", ""threshold"": ""FRAGILE"", ""weak"": true}}"
2406,國碩,2026-06-12,2026-06-16,HEALTHY_PULLBACK,DETERIORATING,2.840909090909083,1.1363636363636243,-2.556818181818199,HIT_WINNER_FIRST,True,"{""Momentum Rank"": {""raw"": {""rank_change_3d"": NaN, ""days_outside_top120"": 2}, ""threshold"": ""rank_change_3d<0 OR outside>=2"", ""weak"": true}, ""Relative Strength Path"": {""raw"": {""rs_slope_3d"": NaN, ""rs_slope_5d"": NaN}, ""threshold"": ""slope3<0 AND (slope5<0 OR unavailable)"", ""weak"": false}, ""Institution Flow"": {""raw"": {""acceleration"": -245539802.40000004, ""buy_days_5d"": 3}, ""threshold"": ""acceleration<0 AND buy_days_5d<=2"", ""weak"": false}, ""Market-relative Performance"": {""raw"": {""excess_1d"": -8.881845923886921, ""excess_3d"": -16.823892186464484}, ""threshold"": ""both <0"", ""weak"": true}, ""Pocket Durability"": {""raw"": ""FRAGILE"", ""threshold"": ""FRAGILE"", ""weak"": true}}"
3305,昇貿,2026-06-12,2026-06-16,HEALTHY_PULLBACK,DETERIORATING,1.4234875444839812,4.62633451957295,-1.7793594306049876,HIT_LOSER_FIRST,True,"{""Momentum Rank"": {""raw"": {""rank_change_3d"": NaN, ""days_outside_top120"": 3}, ""threshold"": ""rank_change_3d<0 OR outside>=2"", ""weak"": true}, ""Relative Strength Path"": {""raw"": {""rs_slope_3d"": NaN, ""rs_slope_5d"": NaN}, ""threshold"": ""slope3<0 AND (slope5<0 OR unavailable)"", ""weak"": false}, ""Institution Flow"": {""raw"": {""acceleration"": 97654315.0, ""buy_days_5d"": 4}, ""threshold"": ""acceleration<0 AND buy_days_5d<=2"", ""weak"": false}, ""Market-relative Performance"": {""raw"": {""excess_1d"": -3.338545270292159, ""excess_3d"": -5.80685085216428}, ""threshold"": ""both <0"", ""weak"": true}, ""Pocket Durability"": {""raw"": ""FRAGILE"", ""threshold"": ""FRAGILE"", ""weak"": true}}"
3592,瑞鼎,2026-06-15,2026-06-25,HEALTHY_PULLBACK,DETERIORATING,-5.385996409335725,0.0,-1.4362657091561926,HIT_LOSER_FIRST,True,"{""Momentum Rank"": {""raw"": {""rank_change_3d"": NaN, ""days_outside_top120"": 8}, ""threshold"": ""rank_change_3d<0 OR outside>=2"", ""weak"": true}, ""Relative Strength Path"": {""raw"": {""rs_slope_3d"": NaN, ""rs_slope_5d"": NaN}, ""threshold"": ""slope3<0 AND (slope5<0 OR unavailable)"", ""weak"": false}, ""Institution Flow"": {""raw"": {""acceleration"": -168191456.0, ""buy_days_5d"": 2}, ""threshold"": ""acceleration<0 AND buy_days_5d<=2"", ""weak"": true}, ""Market-relative Performance"": {""raw"": {""excess_1d"": -0.9954090098453383, ""excess_3d"": 0.8324172064512636}, ""threshold"": ""both <0"", ""weak"": false}, ""Pocket Durability"": {""raw"": ""FRAGILE"", ""threshold"": ""FRAGILE"", ""weak"": true}}"
8131,福懋科,2026-06-15,2026-06-18,HEALTHY_PULLBACK,DETERIORATING,3.820816864295118,-1.3175230566534912,-8.432147562582347,HIT_LOSER_FIRST,True,"{""Momentum Rank"": {""raw"": {""rank_change_3d"": NaN, ""days_outside_top120"": 2}, ""threshold"": ""rank_change_3d<0 OR outside>=2"", ""weak"": true}, ""Relative Strength Path"": {""raw"": {""rs_slope_3d"": NaN, ""rs_slope_5d"": NaN}, ""threshold"": ""slope3<0 AND (slope5<0 OR unavailable)"", ""weak"": false}, ""Institution Flow"": {""raw"": {""acceleration"": -268096762.70000005, ""buy_days_5d"": 4}, ""threshold"": ""acceleration<0 AND buy_days_5d<=2"", ""weak"": false}, ""Market-relative Performance"": {""raw"": {""excess_1d"": -0.3504118850868654, ""excess_3d"": -2.0888406755654287}, ""threshold"": ""both <0"", ""weak"": true}, ""Pocket Durability"": {""raw"": ""DURABLE"", ""threshold"": ""FRAGILE"", ""weak"": false}}"
8131,福懋科,2026-06-15,2026-06-23,REACCELERATING,DETERIORATING,0.13368983957220415,-7.085561497326198,-3.743315508021383,HIT_LOSER_FIRST,True,"{""Momentum Rank"": {""raw"": {""rank_change_3d"": NaN, ""days_outside_top120"": 0}, ""threshold"": ""rank_change_3d<0 OR outside>=2"", ""weak"": false}, ""Relative Strength Path"": {""raw"": {""rs_slope_3d"": NaN, ""rs_slope_5d"": NaN}, ""threshold"": ""slope3<0 AND (slope5<0 OR unavailable)"", ""weak"": false}, ""Institution Flow"": {""raw"": {""acceleration"": -211727688.9000001, ""buy_days_5d"": 3}, ""threshold"": ""acceleration<0 AND buy_days_5d<=2"", ""weak"": false}, ""Market-relative Performance"": {""raw"": {""excess_1d"": -3.733788276812566, ""excess_3d"": -3.1982827929243007}, ""threshold"": ""both <0"", ""weak"": true}, ""Pocket Durability"": {""raw"": ""FRAGILE"", ""threshold"": ""FRAGILE"", ""weak"": true}}"
2454,聯發科,2026-06-16,2026-06-18,HEALTHY_PULLBACK,DETERIORATING,1.7084282460136713,-2.3917995444191376,-11.617312072892938,HIT_LOSER_FIRST,True,"{""Momentum Rank"": {""raw"": {""rank_change_3d"": NaN, ""days_outside_top120"": 2}, ""threshold"": ""rank_change_3d<0 OR outside>=2"", ""weak"": true}, ""Relative Strength Path"": {""raw"": {""rs_slope_3d"": NaN, ""rs_slope_5d"": NaN}, ""threshold"": ""slope3<0 AND (slope5<0 OR unavailable)"", ""weak"": false}, ""Institution Flow"": {""raw"": {""acceleration"": -7164466220.0, ""buy_days_5d"": 3}, ""threshold"": ""acceleration<0 AND buy_days_5d<=2"", ""weak"": false}, ""Market-relative Performance"": {""raw"": {""excess_1d"": -2.8507696753740652, ""excess_3d"": -4.142750640427328}, ""threshold"": ""both <0"", ""weak"": true}, ""Pocket Durability"": {""raw"": ""DURABLE"", ""threshold"": ""FRAGILE"", ""weak"": false}}"
5269,祥碩,2026-06-16,2026-06-23,HEALTHY_PULLBACK,DETERIORATING,0.0,-4.210526315789476,3.157894736842115,NO_BARRIER_HIT,True,"{""Momentum Rank"": {""raw"": {""rank_change_3d"": NaN, ""days_outside_top120"": 5}, ""threshold"": ""rank_change_3d<0 OR outside>=2"", ""weak"": true}, ""Relative Strength Path"": {""raw"": {""rs_slope_3d"": NaN, ""rs_slope_5d"": NaN}, ""threshold"": ""slope3<0 AND (slope5<0 OR unavailable)"", ""weak"": false}, ""Institution Flow"": {""raw"": {""acceleration"": -162288355.0, ""buy_days_5d"": 5}, ""threshold"": ""acceleration<0 AND buy_days_5d<=2"", ""weak"": false}, ""Market-relative Performance"": {""raw"": {""excess_1d"": -0.38178407586735297, ""excess_3d"": -2.666367899307276}, ""threshold"": ""both <0"", ""weak"": true}, ""Pocket Durability"": {""raw"": ""FRAGILE"", ""threshold"": ""FRAGILE"", ""weak"": true}}"
1326,台化,2026-06-17,2026-06-23,REACCELERATING,DETERIORATING,8.662900188323919,2.0715630885122405,2.824858757062154,HIT_WINNER_FIRST,True,"{""Momentum Rank"": {""raw"": {""rank_change_3d"": NaN, ""days_outside_top120"": 1}, ""threshold"": ""rank_change_3d<0 OR outside>=2"", ""weak"": false}, ""Relative Strength Path"": {""raw"": {""rs_slope_3d"": NaN, ""rs_slope_5d"": NaN}, ""threshold"": ""slope3<0 AND (slope5<0 OR unavailable)"", ""weak"": false}, ""Institution Flow"": {""raw"": {""acceleration"": -1629602938.2, ""buy_days_5d"": 4}, ""threshold"": ""acceleration<0 AND buy_days_5d<=2"", ""weak"": false}, ""Market-relative Performance"": {""raw"": {""excess_1d"": -4.173660379708311, ""excess_3d"": -3.7836863350614647}, ""threshold"": ""both <0"", ""weak"": true}, ""Pocket Durability"": {""raw"": ""FRAGILE"", ""threshold"": ""FRAGILE"", ""weak"": true}}"
2618,長榮航,2026-06-17,2026-06-23,REACCELERATING,DETERIORATING,2.4447031431897415,1.9790454016297865,4.540162980209539,NO_BARRIER_HIT,True,"{""Momentum Rank"": {""raw"": {""rank_change_3d"": -23, ""days_outside_top120"": 0}, ""threshold"": ""rank_change_3d<0 OR outside>=2"", ""weak"": true}, ""Relative Strength Path"": {""raw"": {""rs_slope_3d"": 0.9723031430701496, ""rs_slope_5d"": 1.5773965918474602}, ""threshold"": ""slope3<0 AND (slope5<0 OR unavailable)"", ""weak"": false}, ""Institution Flow"": {""raw"": {""acceleration"": -4704040654.7, ""buy_days_5d"": 4}, ""threshold"": ""acceleration<0 AND buy_days_5d<=2"", ""weak"": false}, ""Market-relative Performance"": {""raw"": {""excess_1d"": 4.463602354566898, ""excess_3d"": -1.7262973940193715}, ""threshold"": ""both <0"", ""weak"": false}, ""Pocket Durability"": {""raw"": ""FRAGILE"", ""threshold"": ""FRAGILE"", ""weak"": true}}"
2618,長榮航,2026-06-17,2026-07-02,HEALTHY_PULLBACK,DETERIORATING,-0.1138952164009055,-3.4168564920273314,-9.79498861047835,HIT_LOSER_FIRST,True,"{""Momentum Rank"": {""raw"": {""rank_change_3d"": NaN, ""days_outside_top120"": 2}, ""threshold"": ""rank_change_3d<0 OR outside>=2"", ""weak"": true}, ""Relative Strength Path"": {""raw"": {""rs_slope_3d"": NaN, ""rs_slope_5d"": NaN}, ""threshold"": ""slope3<0 AND (slope5<0 OR unavailable)"", ""weak"": false}, ""Institution Flow"": {""raw"": {""acceleration"": -534720294.4, ""buy_days_5d"": 2}, ""threshold"": ""acceleration<0 AND buy_days_5d<=2"", ""weak"": true}, ""Market-relative Performance"": {""raw"": {""excess_1d"": 0.5845085145384732, ""excess_3d"": -3.8761419469821146}, ""threshold"": ""both <0"", ""weak"": false}, ""Pocket Durability"": {""raw"": ""DURABLE"", ""threshold"": ""FRAGILE"", ""weak"": false}}"
2637,慧洋-KY,2026-06-17,2026-06-23,HEALTHY_PULLBACK,DETERIORATING,-1.432291666666663,-6.640624999999989,-5.46875,HIT_LOSER_FIRST,True,"{""Momentum Rank"": {""raw"": {""rank_change_3d"": -39, ""days_outside_top120"": 0}, ""threshold"": ""rank_change_3d<0 OR outside>=2"", ""weak"": true}, ""Relative Strength Path"": {""raw"": {""rs_slope_3d"": -2.728302945379646, ""rs_slope_5d"": NaN}, ""threshold"": ""slope3<0 AND (slope5<0 OR unavailable)"", ""weak"": true}, ""Institution Flow"": {""raw"": {""acceleration"": -69660836.1, ""buy_days_5d"": 5}, ""threshold"": ""acceleration<0 AND buy_days_5d<=2"", ""weak"": false}, ""Market-relative Performance"": {""raw"": {""excess_1d"": 0.9532487968013759, ""excess_3d"": -3.441561697756901}, ""threshold"": ""both <0"", ""weak"": false}, ""Pocket Durability"": {""raw"": ""FRAGILE"", ""threshold"": ""FRAGILE"", ""weak"": true}}"
2645,長榮航太,2026-06-17,2026-06-26,REACCELERATING,DETERIORATING,0.8797653958944274,19.648093841642233,26.97947214076246,HIT_WINNER_FIRST,True,"{""Momentum Rank"": {""raw"": {""rank_change_3d"": -18, ""days_outside_top120"": 0}, ""threshold"": ""rank_change_3d<0 OR outside>=2"", ""weak"": true}, ""Relative Strength Path"": {""raw"": {""rs_slope_3d"": -0.4019145691820493, ""rs_slope_5d"": NaN}, ""threshold"": ""slope3<0 AND (slope5<0 OR unavailable)"", ""weak"": true}, ""Institution Flow"": {""raw"": {""acceleration"": -70802779.5, ""buy_days_5d"": 4}, ""threshold"": ""acceleration<0 AND buy_days_5d<=2"", ""weak"": false}, ""Market-relative Performance"": {""raw"": {""excess_1d"": 1.910479442617763, ""excess_3d"": 3.640012481579125}, ""threshold"": ""both <0"", ""weak"": false}, ""Pocket Durability"": {""raw"": ""FRAGILE"", ""threshold"": ""FRAGILE"", ""weak"": true}}"
1802,台玻,2026-06-18,2026-06-25,HEALTHY_PULLBACK,DETERIORATING,-5.172413793103436,7.471264367816088,1.1494252873563315,HIT_LOSER_FIRST,True,"{""Momentum Rank"": {""raw"": {""rank_change_3d"": -146, ""days_outside_top120"": 5}, ""threshold"": ""rank_change_3d<0 OR outside>=2"", ""weak"": true}, ""Relative Strength Path"": {""raw"": {""rs_slope_3d"": NaN, ""rs_slope_5d"": NaN}, ""threshold"": ""slope3<0 AND (slope5<0 OR unavailable)"", ""weak"": false}, ""Institution Flow"": {""raw"": {""acceleration"": -10051355715.199999, ""buy_days_5d"": 3}, ""threshold"": ""acceleration<0 AND buy_days_5d<=2"", ""weak"": false}, ""Market-relative Performance"": {""raw"": {""excess_1d"": -0.026794291230625156, ""excess_3d"": -6.025262240207162}, ""threshold"": ""both <0"", ""weak"": true}, ""Pocket Durability"": {""raw"": ""FRAGILE"", ""threshold"": ""FRAGILE"", ""weak"": true}}"
2383,台光電,2026-06-18,2026-06-23,REACCELERATING,DETERIORATING,-2.4561403508771895,-7.807017543859651,-5.438596491228065,HIT_LOSER_FIRST,True,"{""Momentum Rank"": {""raw"": {""rank_change_3d"": -50, ""days_outside_top120"": 0}, ""threshold"": ""rank_change_3d<0 OR outside>=2"", ""weak"": true}, ""Relative Strength Path"": {""raw"": {""rs_slope_3d"": -7.824228084720123, ""rs_slope_5d"": NaN}, ""threshold"": ""slope3<0 AND (slope5<0 OR unavailable)"", ""weak"": true}, ""Institution Flow"": {""raw"": {""acceleration"": 2937219475.0, ""buy_days_5d"": 5}, ""threshold"": ""acceleration<0 AND buy_days_5d<=2"", ""weak"": false}, ""Market-relative Performance"": {""raw"": {""excess_1d"": -0.8035688916139816, ""excess_3d"": 6.94901671607735}, ""threshold"": ""both <0"", ""weak"": false}, ""Pocket Durability"": {""raw"": ""FRAGILE"", ""threshold"": ""FRAGILE"", ""weak"": true}}"
3715,定穎投控,2026-06-18,2026-06-25,HEALTHY_PULLBACK,DETERIORATING,-4.802259887005644,-0.5649717514124242,-0.8474576271186418,HIT_LOSER_FIRST,True,"{""Momentum Rank"": {""raw"": {""rank_change_3d"": -169, ""days_outside_top120"": 5}, ""threshold"": ""rank_change_3d<0 OR outside>=2"", ""weak"": true}, ""Relative Strength Path"": {""raw"": {""rs_slope_3d"": NaN, ""rs_slope_5d"": NaN}, ""threshold"": ""slope3<0 AND (slope5<0 OR unavailable)"", ""weak"": false}, ""Institution Flow"": {""raw"": {""acceleration"": -5154014847.0, ""buy_days_5d"": 2}, ""threshold"": ""acceleration<0 AND buy_days_5d<=2"", ""weak"": true}, ""Market-relative Performance"": {""raw"": {""excess_1d"": -1.8524523842981866, ""excess_3d"": -5.884310345075372}, ""threshold"": ""both <0"", ""weak"": true}, ""Pocket Durability"": {""raw"": ""FRAGILE"", ""threshold"": ""FRAGILE"", ""weak"": true}}"
5469,瀚宇博,2026-06-18,2026-06-23,REACCELERATING,DETERIORATING,-1.497695852534564,0.691244239631339,2.880184331797242,NO_BARRIER_HIT,True,"{""Momentum Rank"": {""raw"": {""rank_change_3d"": NaN, ""days_outside_top120"": 1}, ""threshold"": ""rank_change_3d<0 OR outside>=2"", ""weak"": false}, ""Relative Strength Path"": {""raw"": {""rs_slope_3d"": NaN, ""rs_slope_5d"": NaN}, ""threshold"": ""slope3<0 AND (slope5<0 OR unavailable)"", ""weak"": false}, ""Institution Flow"": {""raw"": {""acceleration"": -169733742.90000004, ""buy_days_5d"": 4}, ""threshold"": ""acceleration<0 AND buy_days_5d<=2"", ""weak"": false}, ""Market-relative Performance"": {""raw"": {""excess_1d"": -2.85190663048408, ""excess_3d"": -2.435421017090178}, ""threshold"": ""both <0"", ""weak"": true}, ""Pocket Durability"": {""raw"": ""FRAGILE"", ""threshold"": ""FRAGILE"", ""weak"": true}}"
5469,瀚宇博,2026-06-18,2026-06-25,HEALTHY_PULLBACK,DETERIORATING,1.5098722415795685,3.716608594657389,1.6260162601626105,HIT_LOSER_FIRST,True,"{""Momentum Rank"": {""raw"": {""rank_change_3d"": -198, ""days_outside_top120"": 3}, ""threshold"": ""rank_change_3d<0 OR outside>=2"", ""weak"": true}, ""Relative Strength Path"": {""raw"": {""rs_slope_3d"": NaN, ""rs_slope_5d"": NaN}, ""threshold"": ""slope3<0 AND (slope5<0 OR unavailable)"", ""weak"": false}, ""Institution Flow"": {""raw"": {""acceleration"": -398247417.40000004, ""buy_days_5d"": 3}, ""threshold"": ""acceleration<0 AND buy_days_5d<=2"", ""weak"": false}, ""Market-relative Performance"": {""raw"": {""excess_1d"": 0.24205966183385996, ""excess_3d"": -1.8537684563813213}, ""threshold"": ""both <0"", ""weak"": false}, ""Pocket Durability"": {""raw"": ""FRAGILE"", ""threshold"": ""FRAGILE"", ""weak"": true}}"
6213,聯茂,2026-06-18,2026-06-23,REACCELERATING,DETERIORATING,9.964412811387891,23.309608540925275,31.850533807829184,HIT_WINNER_FIRST,True,"{""Momentum Rank"": {""raw"": {""rank_change_3d"": 32, ""days_outside_top120"": 0}, ""threshold"": ""rank_change_3d<0 OR outside>=2"", ""weak"": false}, ""Relative Strength Path"": {""raw"": {""rs_slope_3d"": -2.6453286221737735, ""rs_slope_5d"": NaN}, ""threshold"": ""slope3<0 AND (slope5<0 OR unavailable)"", ""weak"": true}, ""Institution Flow"": {""raw"": {""acceleration"": 4166726242.0, ""buy_days_5d"": 3}, ""threshold"": ""acceleration<0 AND buy_days_5d<=2"", ""weak"": false}, ""Market-relative Performance"": {""raw"": {""excess_1d"": -7.423879911066633, ""excess_3d"": 2.380361072655335}, ""threshold"": ""both <0"", ""weak"": false}, ""Pocket Durability"": {""raw"": ""FRAGILE"", ""threshold"": ""FRAGILE"", ""weak"": true}}"
6271,同欣電,2026-06-18,2026-06-23,REACCELERATING,DETERIORATING,2.862985685071573,4.294478527607359,9.202453987730053,HIT_WINNER_FIRST,True,"{""Momentum Rank"": {""raw"": {""rank_change_3d"": -152, ""days_outside_top120"": 1}, ""threshold"": ""rank_change_3d<0 OR outside>=2"", ""weak"": true}, ""Relative Strength Path"": {""raw"": {""rs_slope_3d"": NaN, ""rs_slope_5d"": NaN}, ""threshold"": ""slope3<0 AND (slope5<0 OR unavailable)"", ""weak"": false}, ""Institution Flow"": {""raw"": {""acceleration"": 1647500621.5, ""buy_days_5d"": 3}, ""threshold"": ""acceleration<0 AND buy_days_5d<=2"", ""weak"": false}, ""Market-relative Performance"": {""raw"": {""excess_1d"": -6.912805619504537, ""excess_3d"": 6.000298767359392}, ""threshold"": ""both <0"", ""weak"": false}, ""Pocket Durability"": {""raw"": ""FRAGILE"", ""threshold"": ""FRAGILE"", ""weak"": true}}"
8438,昶昕,2026-06-18,2026-06-26,REACCELERATING,DETERIORATING,3.3441208198489614,9.492988133764824,8.414239482200635,HIT_WINNER_FIRST,True,"{""Momentum Rank"": {""raw"": {""rank_change_3d"": -26, ""days_outside_top120"": 1}, ""threshold"": ""rank_change_3d<0 OR outside>=2"", ""weak"": true}, ""Relative Strength Path"": {""raw"": {""rs_slope_3d"": NaN, ""rs_slope_5d"": NaN}, ""threshold"": ""slope3<0 AND (slope5<0 OR unavailable)"", ""weak"": false}, ""Institution Flow"": {""raw"": {""acceleration"": -21364534.700000007, ""buy_days_5d"": 2}, ""threshold"": ""acceleration<0 AND buy_days_5d<=2"", ""weak"": true}, ""Market-relative Performance"": {""raw"": {""excess_1d"": 1.6311294112403951, ""excess_3d"": -2.8487026723570175}, ""threshold"": ""both <0"", ""weak"": false}, ""Pocket Durability"": {""raw"": ""FRAGILE"", ""threshold"": ""FRAGILE"", ""weak"": true}}"
8438,昶昕,2026-06-18,2026-06-30,REACCELERATING,DETERIORATING,5.619146722164414,4.57856399583767,1.0405827263267442,HIT_WINNER_FIRST,True,"{""Momentum Rank"": {""raw"": {""rank_change_3d"": -100, ""days_outside_top120"": 1}, ""threshold"": ""rank_change_3d<0 OR outside>=2"", ""weak"": true}, ""Relative Strength Path"": {""raw"": {""rs_slope_3d"": NaN, ""rs_slope_5d"": NaN}, ""threshold"": ""slope3<0 AND (slope5<0 OR unavailable)"", ""weak"": false}, ""Institution Flow"": {""raw"": {""acceleration"": -40138548.49999999, ""buy_days_5d"": 2}, ""threshold"": ""acceleration<0 AND buy_days_5d<=2"", ""weak"": true}, ""Market-relative Performance"": {""raw"": {""excess_1d"": -2.189097604164947, ""excess_3d"": 1.8652675505006489}, ""threshold"": ""both <0"", ""weak"": false}, ""Pocket Durability"": {""raw"": ""DURABLE"", ""threshold"": ""FRAGILE"", ""weak"": false}}"
2002,中鋼,2026-06-22,2026-06-26,HEALTHY_PULLBACK,DETERIORATING,0.263157894736854,-1.8421052631579005,-0.2631578947368429,NO_BARRIER_HIT,True,"{""Momentum Rank"": {""raw"": {""rank_change_3d"": NaN, ""days_outside_top120"": 5}, ""threshold"": ""rank_change_3d<0 OR outside>=2"", ""weak"": true}, ""Relative Strength Path"": {""raw"": {""rs_slope_3d"": NaN, ""rs_slope_5d"": NaN}, ""threshold"": ""slope3<0 AND (slope5<0 OR unavailable)"", ""weak"": false}, ""Institution Flow"": {""raw"": {""acceleration"": -1015827932.750001, ""buy_days_5d"": 3}, ""threshold"": ""acceleration<0 AND buy_days_5d<=2"", ""weak"": false}, ""Market-relative Performance"": {""raw"": {""excess_1d"": 3.377118879258778, ""excess_3d"": 4.3274524431545345}, ""threshold"": ""both <0"", ""weak"": false}, ""Pocket Durability"": {""raw"": ""FRAGILE"", ""threshold"": ""FRAGILE"", ""weak"": true}}"
2330,台積電,2026-06-22,2026-06-25,HEALTHY_PULLBACK,DETERIORATING,-2.092050209205021,0.8368200836819994,3.1380753138075423,NO_BARRIER_HIT,True,"{""Momentum Rank"": {""raw"": {""rank_change_3d"": NaN, ""days_outside_top120"": 2}, ""threshold"": ""rank_change_3d<0 OR outside>=2"", ""weak"": true}, ""Relative Strength Path"": {""raw"": {""rs_slope_3d"": NaN, ""rs_slope_5d"": NaN}, ""threshold"": ""slope3<0 AND (slope5<0 OR unavailable)"", ""weak"": false}, ""Institution Flow"": {""raw"": {""acceleration"": -130136971095.0, ""buy_days_5d"": 2}, ""threshold"": ""acceleration<0 AND buy_days_5d<=2"", ""weak"": true}, ""Market-relative Performance"": {""raw"": {""excess_1d"": -0.4596947241310545, ""excess_3d"": -1.6677575331866756}, ""threshold"": ""both <0"", ""weak"": true}, ""Pocket Durability"": {""raw"": ""FRAGILE"", ""threshold"": ""FRAGILE"", ""weak"": true}}"
3014,聯陽,2026-06-22,2026-07-03,HEALTHY_PULLBACK,DETERIORATING,-1.2499999999999956,-4.062500000000002,-13.749999999999996,HIT_LOSER_FIRST,True,"{""Momentum Rank"": {""raw"": {""rank_change_3d"": NaN, ""days_outside_top120"": 2}, ""threshold"": ""rank_change_3d<0 OR outside>=2"", ""weak"": true}, ""Relative Strength Path"": {""raw"": {""rs_slope_3d"": NaN, ""rs_slope_5d"": NaN}, ""threshold"": ""slope3<0 AND (slope5<0 OR unavailable)"", ""weak"": false}, ""Institution Flow"": {""raw"": {""acceleration"": 12887744.5, ""buy_days_5d"": 3}, ""threshold"": ""acceleration<0 AND buy_days_5d<=2"", ""weak"": false}, ""Market-relative Performance"": {""raw"": {""excess_1d"": -1.3125669496718562, ""excess_3d"": -0.7904666533558258}, ""threshold"": ""both <0"", ""weak"": true}, ""Pocket Durability"": {""raw"": ""DURABLE"", ""threshold"": ""FRAGILE"", ""weak"": false}}"
3033,威健,2026-06-22,2026-06-25,HEALTHY_PULLBACK,DETERIORATING,-0.5076142131979711,0.3045685279187804,2.3350253807106647,NO_BARRIER_HIT,True,"{""Momentum Rank"": {""raw"": {""rank_change_3d"": NaN, ""days_outside_top120"": 4}, ""threshold"": ""rank_change_3d<0 OR outside>=2"", ""weak"": true}, ""Relative Strength Path"": {""raw"": {""rs_slope_3d"": NaN, ""rs_slope_5d"": NaN}, ""threshold"": ""slope3<0 AND (slope5<0 OR unavailable)"", ""weak"": false}, ""Institution Flow"": {""raw"": {""acceleration"": -564264152.3, ""buy_days_5d"": 2}, ""threshold"": ""acceleration<0 AND buy_days_5d<=2"", ""weak"": true}, ""Market-relative Performance"": {""raw"": {""excess_1d"": -1.9596947241310558, ""excess_3d"": -0.6954747891627755}, ""threshold"": ""both <0"", ""weak"": true}, ""Pocket Durability"": {""raw"": ""FRAGILE"", ""threshold"": ""FRAGILE"", ""weak"": true}}"
3530,晶相光,2026-06-22,2026-06-25,HEALTHY_PULLBACK,DETERIORATING,-6.500691562932226,-3.87275242047026,-5.394190871369286,HIT_LOSER_FIRST,True,"{""Momentum Rank"": {""raw"": {""rank_change_3d"": NaN, ""days_outside_top120"": 2}, ""threshold"": ""rank_change_3d<0 OR outside>=2"", ""weak"": true}, ""Relative Strength Path"": {""raw"": {""rs_slope_3d"": NaN, ""rs_slope_5d"": NaN}, ""threshold"": ""slope3<0 AND (slope5<0 OR unavailable)"", ""weak"": false}, ""Institution Flow"": {""raw"": {""acceleration"": -71607422.0, ""buy_days_5d"": 3}, ""threshold"": ""acceleration<0 AND buy_days_5d<=2"", ""weak"": false}, ""Market-relative Performance"": {""raw"": {""excess_1d"": -1.689202920852373, ""excess_3d"": 1.6144813586573714}, ""threshold"": ""both <0"", ""weak"": false}, ""Pocket Durability"": {""raw"": ""FRAGILE"", ""threshold"": ""FRAGILE"", ""weak"": true}}"
6257,矽格,2026-06-22,2026-06-26,HEALTHY_PULLBACK,DETERIORATING,0.22321428571427937,9.375,13.61607142857142,HIT_WINNER_FIRST,True,"{""Momentum Rank"": {""raw"": {""rank_change_3d"": NaN, ""days_outside_top120"": 2}, ""threshold"": ""rank_change_3d<0 OR outside>=2"", ""weak"": true}, ""Relative Strength Path"": {""raw"": {""rs_slope_3d"": NaN, ""rs_slope_5d"": NaN}, ""threshold"": ""slope3<0 AND (slope5<0 OR unavailable)"", ""weak"": false}, ""Institution Flow"": {""raw"": {""acceleration"": -4980188009.5, ""buy_days_5d"": 3}, ""threshold"": ""acceleration<0 AND buy_days_5d<=2"", ""weak"": false}, ""Market-relative Performance"": {""raw"": {""excess_1d"": -2.242766870316637, ""excess_3d"": -0.11611295768935115}, ""threshold"": ""both <0"", ""weak"": true}, ""Pocket Durability"": {""raw"": ""FRAGILE"", ""threshold"": ""FRAGILE"", ""weak"": true}}"
8033,雷虎,2026-06-22,2026-06-25,HEALTHY_PULLBACK,DETERIORATING,1.4440433212996373,22.38267148014441,34.29602888086642,HIT_WINNER_FIRST,True,"{""Momentum Rank"": {""raw"": {""rank_change_3d"": 116, ""days_outside_top120"": 4}, ""threshold"": ""rank_change_3d<0 OR outside>=2"", ""weak"": true}, ""Relative Strength Path"": {""raw"": {""rs_slope_3d"": NaN, ""rs_slope_5d"": NaN}, ""threshold"": ""slope3<0 AND (slope5<0 OR unavailable)"", ""weak"": false}, ""Institution Flow"": {""raw"": {""acceleration"": -660721297.0, ""buy_days_5d"": 2}, ""threshold"": ""acceleration<0 AND buy_days_5d<=2"", ""weak"": true}, ""Market-relative Performance"": {""raw"": {""excess_1d"": -1.5311232955596221, ""excess_3d"": 0.6483302284428616}, ""threshold"": ""both <0"", ""weak"": false}, ""Pocket Durability"": {""raw"": ""DURABLE"", ""threshold"": ""FRAGILE"", ""weak"": false}}"
1342,八貫,2026-06-23,2026-06-25,HEALTHY_PULLBACK,DETERIORATING,-1.7699115044247815,-0.4424778761061954,0.4424778761061843,HIT_LOSER_FIRST,True,"{""Momentum Rank"": {""raw"": {""rank_change_3d"": -44, ""days_outside_top120"": 0}, ""threshold"": ""rank_change_3d<0 OR outside>=2"", ""weak"": true}, ""Relative Strength Path"": {""raw"": {""rs_slope_3d"": 0.725318563209863, ""rs_slope_5d"": NaN}, ""threshold"": ""slope3<0 AND (slope5<0 OR unavailable)"", ""weak"": false}, ""Institution Flow"": {""raw"": {""acceleration"": -23502599.5, ""buy_days_5d"": 4}, ""threshold"": ""acceleration<0 AND buy_days_5d<=2"", ""weak"": false}, ""Market-relative Performance"": {""raw"": {""excess_1d"": -2.1988251589136643, ""excess_3d"": -0.30568445796619326}, ""threshold"": ""both <0"", ""weak"": true}, ""Pocket Durability"": {""raw"": ""DURABLE"", ""threshold"": ""FRAGILE"", ""weak"": false}}"
2059,川湖,2026-06-23,2026-06-26,REACCELERATING,DETERIORATING,1.716738197424883,9.513590844062957,14.449213161659525,HIT_WINNER_FIRST,True,"{""Momentum Rank"": {""raw"": {""rank_change_3d"": 39, ""days_outside_top120"": 0}, ""threshold"": ""rank_change_3d<0 OR outside>=2"", ""weak"": false}, ""Relative Strength Path"": {""raw"": {""rs_slope_3d"": 0.16862760193690463, ""rs_slope_5d"": NaN}, ""threshold"": ""slope3<0 AND (slope5<0 OR unavailable)"", ""weak"": false}, ""Institution Flow"": {""raw"": {""acceleration"": 525410150.0, ""buy_days_5d"": 5}, ""threshold"": ""acceleration<0 AND buy_days_5d<=2"", ""weak"": false}, ""Market-relative Performance"": {""raw"": {""excess_1d"": -0.8033394246972358, ""excess_3d"": -1.119175204560074}, ""threshold"": ""both <0"", ""weak"": true}, ""Pocket Durability"": {""raw"": ""FRAGILE"", ""threshold"": ""FRAGILE"", ""weak"": true}}"
2359,所羅門,2026-06-23,2026-06-25,HEALTHY_PULLBACK,DETERIORATING,-5.243445692883897,-2.2471910112359605,9.737827715355806,NO_BARRIER_HIT,True,"{""Momentum Rank"": {""raw"": {""rank_change_3d"": 32, ""days_outside_top120"": 3}, ""threshold"": ""rank_change_3d<0 OR outside>=2"", ""weak"": true}, ""Relative Strength Path"": {""raw"": {""rs_slope_3d"": NaN, ""rs_slope_5d"": NaN}, ""threshold"": ""slope3<0 AND (slope5<0 OR unavailable)"", ""weak"": false}, ""Institution Flow"": {""raw"": {""acceleration"": -138253957.5, ""buy_days_5d"": 3}, ""threshold"": ""acceleration<0 AND buy_days_5d<=2"", ""weak"": false}, ""Market-relative Performance"": {""raw"": {""excess_1d"": -3.014439249678502, ""excess_3d"": 0.9153167630350234}, ""threshold"": ""both <0"", ""weak"": false}, ""Pocket Durability"": {""raw"": ""FRAGILE"", ""threshold"": ""FRAGILE"", ""weak"": true}}"
2646,星宇航空,2026-06-23,2026-06-29,REACCELERATING,DETERIORATING,0.23752969121140222,0.0,1.4251781472684133,NO_BARRIER_HIT,True,"{""Momentum Rank"": {""raw"": {""rank_change_3d"": NaN, ""days_outside_top120"": 1}, ""threshold"": ""rank_change_3d<0 OR outside>=2"", ""weak"": false}, ""Relative Strength Path"": {""raw"": {""rs_slope_3d"": NaN, ""rs_slope_5d"": NaN}, ""threshold"": ""slope3<0 AND (slope5<0 OR unavailable)"", ""weak"": false}, ""Institution Flow"": {""raw"": {""acceleration"": -125110436.1, ""buy_days_5d"": 3}, ""threshold"": ""acceleration<0 AND buy_days_5d<=2"", ""weak"": false}, ""Market-relative Performance"": {""raw"": {""excess_1d"": -1.668110539981127, ""excess_3d"": -0.7286271601595118}, ""threshold"": ""both <0"", ""weak"": true}, ""Pocket Durability"": {""raw"": ""FRAGILE"", ""threshold"": ""FRAGILE"", ""weak"": true}}"
6533,晶心科,2026-06-23,2026-06-25,HEALTHY_PULLBACK,DETERIORATING,-5.185185185185182,-2.716049382716046,-0.24691358024691024,HIT_LOSER_FIRST,True,"{""Momentum Rank"": {""raw"": {""rank_change_3d"": NaN, ""days_outside_top120"": 3}, ""threshold"": ""rank_change_3d<0 OR outside>=2"", ""weak"": true}, ""Relative Strength Path"": {""raw"": {""rs_slope_3d"": NaN, ""rs_slope_5d"": NaN}, ""threshold"": ""slope3<0 AND (slope5<0 OR unavailable)"", ""weak"": false}, ""Institution Flow"": {""raw"": {""acceleration"": -20082913.5, ""buy_days_5d"": 3}, ""threshold"": ""acceleration<0 AND buy_days_5d<=2"", ""weak"": false}, ""Market-relative Performance"": {""raw"": {""excess_1d"": -1.4376898341555089, ""excess_3d"": 0.9392059173589651}, ""threshold"": ""both <0"", ""weak"": false}, ""Pocket Durability"": {""raw"": ""FRAGILE"", ""threshold"": ""FRAGILE"", ""weak"": true}}"
6698,旭暉應材,2026-06-23,2026-07-01,HEALTHY_PULLBACK,DETERIORATING,-1.1806375442739103,-0.7083825265643551,-3.8961038961038974,HIT_LOSER_FIRST,True,"{""Momentum Rank"": {""raw"": {""rank_change_3d"": -468, ""days_outside_top120"": 2}, ""threshold"": ""rank_change_3d<0 OR outside>=2"", ""weak"": true}, ""Relative Strength Path"": {""raw"": {""rs_slope_3d"": NaN, ""rs_slope_5d"": NaN}, ""threshold"": ""slope3<0 AND (slope5<0 OR unavailable)"", ""weak"": false}, ""Institution Flow"": {""raw"": {""acceleration"": -1159653.9999999981, ""buy_days_5d"": 2}, ""threshold"": ""acceleration<0 AND buy_days_5d<=2"", ""weak"": true}, ""Market-relative Performance"": {""raw"": {""excess_1d"": -4.130173984367936, ""excess_3d"": -5.135089064151188}, ""threshold"": ""both <0"", ""weak"": true}, ""Pocket Durability"": {""raw"": ""FRAGILE"", ""threshold"": ""FRAGILE"", ""weak"": true}}"
2206,三陽工業,2026-06-24,2026-07-07,HEALTHY_PULLBACK,DETERIORATING,0.31347962382446415,-0.15673981191222097,0.15673981191222097,HIT_LOSER_FIRST,True,"{""Momentum Rank"": {""raw"": {""rank_change_3d"": NaN, ""days_outside_top120"": 10}, ""threshold"": ""rank_change_3d<0 OR outside>=2"", ""weak"": true}, ""Relative Strength Path"": {""raw"": {""rs_slope_3d"": NaN, ""rs_slope_5d"": NaN}, ""threshold"": ""slope3<0 AND (slope5<0 OR unavailable)"", ""weak"": false}, ""Institution Flow"": {""raw"": {""acceleration"": 161580682.6, ""buy_days_5d"": 4}, ""threshold"": ""acceleration<0 AND buy_days_5d<=2"", ""weak"": false}, ""Market-relative Performance"": {""raw"": {""excess_1d"": 2.628390521984969, ""excess_3d"": 5.609553185101701}, ""threshold"": ""both <0"", ""weak"": false}, ""Pocket Durability"": {""raw"": ""FRAGILE"", ""threshold"": ""FRAGILE"", ""weak"": true}}"
6757,台灣虎航-創,2026-06-24,2026-06-30,HEALTHY_PULLBACK,DETERIORATING,-1.284109149277679,-2.8892455858748,-3.3707865168539186,HIT_LOSER_FIRST,True,"{""Momentum Rank"": {""raw"": {""rank_change_3d"": -87, ""days_outside_top120"": 0}, ""threshold"": ""rank_change_3d<0 OR outside>=2"", ""weak"": true}, ""Relative Strength Path"": {""raw"": {""rs_slope_3d"": -4.008506323643378, ""rs_slope_5d"": -1.0907344336739129}, ""threshold"": ""slope3<0 AND (slope5<0 OR unavailable)"", ""weak"": true}, ""Institution Flow"": {""raw"": {""acceleration"": -359162036.79999995, ""buy_days_5d"": 3}, ""threshold"": ""acceleration<0 AND buy_days_5d<=2"", ""weak"": false}, ""Market-relative Performance"": {""raw"": {""excess_1d"": -0.8709286346900713, ""excess_3d"": -4.75084393302434}, ""threshold"": ""both <0"", ""weak"": true}, ""Pocket Durability"": {""raw"": ""DURABLE"", ""threshold"": ""FRAGILE"", ""weak"": false}}"
6757,台灣虎航-創,2026-06-24,2026-07-02,HEALTHY_PULLBACK,DETERIORATING,-0.49342105263157077,-0.9868421052631526,-4.2763157894736725,HIT_LOSER_FIRST,True,"{""Momentum Rank"": {""raw"": {""rank_change_3d"": NaN, ""days_outside_top120"": 2}, ""threshold"": ""rank_change_3d<0 OR outside>=2"", ""weak"": true}, ""Relative Strength Path"": {""raw"": {""rs_slope_3d"": NaN, ""rs_slope_5d"": NaN}, ""threshold"": ""slope3<0 AND (slope5<0 OR unavailable)"", ""weak"": false}, ""Institution Flow"": {""raw"": {""acceleration"": -179437887.59999993, ""buy_days_5d"": 2}, ""threshold"": ""acceleration<0 AND buy_days_5d<=2"", ""weak"": true}, ""Market-relative Performance"": {""raw"": {""excess_1d"": -0.5537028675753564, ""excess_3d"": -4.691802632137088}, ""threshold"": ""both <0"", ""weak"": true}, ""Pocket Durability"": {""raw"": ""DURABLE"", ""threshold"": ""FRAGILE"", ""weak"": false}}"
1476,儒鴻,2026-06-25,2026-07-07,HEALTHY_PULLBACK,DETERIORATING,-1.3215859030836996,0.1468428781204123,-2.7900146842878115,NO_BARRIER_HIT,True,"{""Momentum Rank"": {""raw"": {""rank_change_3d"": NaN, ""days_outside_top120"": 9}, ""threshold"": ""rank_change_3d<0 OR outside>=2"", ""weak"": true}, ""Relative Strength Path"": {""raw"": {""rs_slope_3d"": NaN, ""rs_slope_5d"": NaN}, ""threshold"": ""slope3<0 AND (slope5<0 OR unavailable)"", ""weak"": false}, ""Institution Flow"": {""raw"": {""acceleration"": 1075739132.0, ""buy_days_5d"": 4}, ""threshold"": ""acceleration<0 AND buy_days_5d<=2"", ""weak"": false}, ""Market-relative Performance"": {""raw"": {""excess_1d"": 7.731881769526694, ""excess_3d"": 10.801565473888175}, ""threshold"": ""both <0"", ""weak"": false}, ""Pocket Durability"": {""raw"": ""FRAGILE"", ""threshold"": ""FRAGILE"", ""weak"": true}}"
1513,中興電,2026-06-25,2026-06-29,HEALTHY_PULLBACK,DETERIORATING,0.8547008547008517,0.5698005698005604,1.7094017094017033,HIT_LOSER_FIRST,True,"{""Momentum Rank"": {""raw"": {""rank_change_3d"": NaN, ""days_outside_top120"": 2}, ""threshold"": ""rank_change_3d<0 OR outside>=2"", ""weak"": true}, ""Relative Strength Path"": {""raw"": {""rs_slope_3d"": NaN, ""rs_slope_5d"": NaN}, ""threshold"": ""slope3<0 AND (slope5<0 OR unavailable)"", ""weak"": false}, ""Institution Flow"": {""raw"": {""acceleration"": -109055710.5, ""buy_days_5d"": 2}, ""threshold"": ""acceleration<0 AND buy_days_5d<=2"", ""weak"": true}, ""Market-relative Performance"": {""raw"": {""excess_1d"": -0.9605633701698091, ""excess_3d"": -2.8683705902255334}, ""threshold"": ""both <0"", ""weak"": true}, ""Pocket Durability"": {""raw"": ""DURABLE"", ""threshold"": ""FRAGILE"", ""weak"": false}}"
2753,八方雲集,2026-06-25,2026-06-30,HEALTHY_PULLBACK,DETERIORATING,0.5333333333333412,-2.6666666666666616,-4.800000000000004,HIT_LOSER_FIRST,True,"{""Momentum Rank"": {""raw"": {""rank_change_3d"": NaN, ""days_outside_top120"": 2}, ""threshold"": ""rank_change_3d<0 OR outside>=2"", ""weak"": true}, ""Relative Strength Path"": {""raw"": {""rs_slope_3d"": NaN, ""rs_slope_5d"": NaN}, ""threshold"": ""slope3<0 AND (slope5<0 OR unavailable)"", ""weak"": false}, ""Institution Flow"": {""raw"": {""acceleration"": -86295458.5, ""buy_days_5d"": 2}, ""threshold"": ""acceleration<0 AND buy_days_5d<=2"", ""weak"": true}, ""Market-relative Performance"": {""raw"": {""excess_1d"": -3.295900798650808, ""excess_3d"": -1.2951592777525889}, ""threshold"": ""both <0"", ""weak"": true}, ""Pocket Durability"": {""raw"": ""DURABLE"", ""threshold"": ""FRAGILE"", ""weak"": false}}"
6139,亞翔,2026-06-25,2026-07-01,REACCELERATING,DETERIORATING,2.960526315789469,2.1929824561403466,-5.0438596491228065,HIT_LOSER_FIRST,True,"{""Momentum Rank"": {""raw"": {""rank_change_3d"": -52, ""days_outside_top120"": 0}, ""threshold"": ""rank_change_3d<0 OR outside>=2"", ""weak"": true}, ""Relative Strength Path"": {""raw"": {""rs_slope_3d"": 1.6042816060645084, ""rs_slope_5d"": NaN}, ""threshold"": ""slope3<0 AND (slope5<0 OR unavailable)"", ""weak"": false}, ""Institution Flow"": {""raw"": {""acceleration"": -7652042511.0, ""buy_days_5d"": 3}, ""threshold"": ""acceleration<0 AND buy_days_5d<=2"", ""weak"": false}, ""Market-relative Performance"": {""raw"": {""excess_1d"": -3.1279445838039655, ""excess_3d"": -1.6181019434870159}, ""threshold"": ""both <0"", ""weak"": true}, ""Pocket Durability"": {""raw"": ""FRAGILE"", ""threshold"": ""FRAGILE"", ""weak"": true}}"
6196,帆宣,2026-06-25,2026-07-07,HEALTHY_PULLBACK,DETERIORATING,-2.8469750889679735,-1.9572953736654797,4.0925266903914626,HIT_LOSER_FIRST,True,"{""Momentum Rank"": {""raw"": {""rank_change_3d"": NaN, ""days_outside_top120"": 2}, ""threshold"": ""rank_change_3d<0 OR outside>=2"", ""weak"": true}, ""Relative Strength Path"": {""raw"": {""rs_slope_3d"": NaN, ""rs_slope_5d"": NaN}, ""threshold"": ""slope3<0 AND (slope5<0 OR unavailable)"", ""weak"": false}, ""Institution Flow"": {""raw"": {""acceleration"": -386860275.0, ""buy_days_5d"": 4}, ""threshold"": ""acceleration<0 AND buy_days_5d<=2"", ""weak"": false}, ""Market-relative Performance"": {""raw"": {""excess_1d"": 0.9104163412501198, ""excess_3d"": -1.7154413288329122}, ""threshold"": ""both <0"", ""weak"": false}, ""Pocket Durability"": {""raw"": ""FRAGILE"", ""threshold"": ""FRAGILE"", ""weak"": true}}"
8464,億豐,2026-06-25,2026-06-30,REACCELERATING,DETERIORATING,3.1791907514450823,6.647398843930641,6.936416184971095,NO_BARRIER_HIT,True,"{""Momentum Rank"": {""raw"": {""rank_change_3d"": NaN, ""days_outside_top120"": 1}, ""threshold"": ""rank_change_3d<0 OR outside>=2"", ""weak"": false}, ""Relative Strength Path"": {""raw"": {""rs_slope_3d"": NaN, ""rs_slope_5d"": NaN}, ""threshold"": ""slope3<0 AND (slope5<0 OR unavailable)"", ""weak"": false}, ""Institution Flow"": {""raw"": {""acceleration"": -191146451.0, ""buy_days_5d"": 2}, ""threshold"": ""acceleration<0 AND buy_days_5d<=2"", ""weak"": true}, ""Market-relative Performance"": {""raw"": {""excess_1d"": -2.646550149300164, ""excess_3d"": -2.3926486738565567}, ""threshold"": ""both <0"", ""weak"": true}, ""Pocket Durability"": {""raw"": ""DURABLE"", ""threshold"": ""FRAGILE"", ""weak"": false}}"
1560,中砂,2026-06-30,2026-07-06,HEALTHY_PULLBACK,DETERIORATING,-6.040268456375841,-4.832214765100673,-9.395973154362414,HIT_LOSER_FIRST,True,"{""Momentum Rank"": {""raw"": {""rank_change_3d"": NaN, ""days_outside_top120"": 2}, ""threshold"": ""rank_change_3d<0 OR outside>=2"", ""weak"": true}, ""Relative Strength Path"": {""raw"": {""rs_slope_3d"": NaN, ""rs_slope_5d"": NaN}, ""threshold"": ""slope3<0 AND (slope5<0 OR unavailable)"", ""weak"": false}, ""Institution Flow"": {""raw"": {""acceleration"": -706167934.0, ""buy_days_5d"": 3}, ""threshold"": ""acceleration<0 AND buy_days_5d<=2"", ""weak"": false}, ""Market-relative Performance"": {""raw"": {""excess_1d"": -0.9757040347592505, ""excess_3d"": -1.3752509823951709}, ""threshold"": ""both <0"", ""weak"": true}, ""Pocket Durability"": {""raw"": ""DURABLE"", ""threshold"": ""FRAGILE"", ""weak"": false}}"
2467,志聖,2026-06-30,2026-07-07,REACCELERATING,DETERIORATING,-9.951060358890707,-2.9363784665579096,-3.9151712887438794,HIT_LOSER_FIRST,True,"{""Momentum Rank"": {""raw"": {""rank_change_3d"": NaN, ""days_outside_top120"": 1}, ""threshold"": ""rank_change_3d<0 OR outside>=2"", ""weak"": false}, ""Relative Strength Path"": {""raw"": {""rs_slope_3d"": NaN, ""rs_slope_5d"": NaN}, ""threshold"": ""slope3<0 AND (slope5<0 OR unavailable)"", ""weak"": false}, ""Institution Flow"": {""raw"": {""acceleration"": -1400291297.0, ""buy_days_5d"": 3}, ""threshold"": ""acceleration<0 AND buy_days_5d<=2"", ""weak"": false}, ""Market-relative Performance"": {""raw"": {""excess_1d"": -4.098288627278068, ""excess_3d"": -4.1325783964259015}, ""threshold"": ""both <0"", ""weak"": true}, ""Pocket Durability"": {""raw"": ""FRAGILE"", ""threshold"": ""FRAGILE"", ""weak"": true}}"
6271,同欣電,2026-06-30,2026-07-03,HEALTHY_PULLBACK,DETERIORATING,-2.508960573476704,-8.602150537634412,-15.412186379928317,HIT_LOSER_FIRST,True,"{""Momentum Rank"": {""raw"": {""rank_change_3d"": NaN, ""days_outside_top120"": 2}, ""threshold"": ""rank_change_3d<0 OR outside>=2"", ""weak"": true}, ""Relative Strength Path"": {""raw"": {""rs_slope_3d"": NaN, ""rs_slope_5d"": NaN}, ""threshold"": ""slope3<0 AND (slope5<0 OR unavailable)"", ""weak"": false}, ""Institution Flow"": {""raw"": {""acceleration"": -2863882840.0, ""buy_days_5d"": 2}, ""threshold"": ""acceleration<0 AND buy_days_5d<=2"", ""weak"": true}, ""Market-relative Performance"": {""raw"": {""excess_1d"": 5.603819133380905, ""excess_3d"": 3.0749845515060326}, ""threshold"": ""both <0"", ""weak"": false}, ""Pocket Durability"": {""raw"": ""DURABLE"", ""threshold"": ""FRAGILE"", ""weak"": false}}"
3706,神達,2026-07-02,2026-07-06,HEALTHY_PULLBACK,DETERIORATING,-2.2222222222222254,-1.444444444444437,-0.33333333333332993,NO_BARRIER_HIT,True,"{""Momentum Rank"": {""raw"": {""rank_change_3d"": NaN, ""days_outside_top120"": 3}, ""threshold"": ""rank_change_3d<0 OR outside>=2"", ""weak"": true}, ""Relative Strength Path"": {""raw"": {""rs_slope_3d"": NaN, ""rs_slope_5d"": NaN}, ""threshold"": ""slope3<0 AND (slope5<0 OR unavailable)"", ""weak"": false}, ""Institution Flow"": {""raw"": {""acceleration"": -2107472865.1, ""buy_days_5d"": 2}, ""threshold"": ""acceleration<0 AND buy_days_5d<=2"", ""weak"": true}, ""Market-relative Performance"": {""raw"": {""excess_1d"": -0.6195786786338919, ""excess_3d"": -0.4400195287598274}, ""threshold"": ""both <0"", ""weak"": true}, ""Pocket Durability"": {""raw"": ""FRAGILE"", ""threshold"": ""FRAGILE"", ""weak"": true}}"
1301,台塑,2026-07-03,2026-07-07,HEALTHY_PULLBACK,DETERIORATING,1.221640488656206,5.061082024432828,14.659685863874362,HIT_WINNER_FIRST,True,"{""Momentum Rank"": {""raw"": {""rank_change_3d"": NaN, ""days_outside_top120"": 2}, ""threshold"": ""rank_change_3d<0 OR outside>=2"", ""weak"": true}, ""Relative Strength Path"": {""raw"": {""rs_slope_3d"": NaN, ""rs_slope_5d"": NaN}, ""threshold"": ""slope3<0 AND (slope5<0 OR unavailable)"", ""weak"": false}, ""Institution Flow"": {""raw"": {""acceleration"": -3973748368.8, ""buy_days_5d"": 2}, ""threshold"": ""acceleration<0 AND buy_days_5d<=2"", ""weak"": true}, ""Market-relative Performance"": {""raw"": {""excess_1d"": -2.818525217945877, ""excess_3d"": -1.3137731238624832}, ""threshold"": ""both <0"", ""weak"": true}, ""Pocket Durability"": {""raw"": ""FRAGILE"", ""threshold"": ""FRAGILE"", ""weak"": true}}"
1308,亞聚,2026-07-03,2026-07-07,HEALTHY_PULLBACK,DETERIORATING,-0.6622516556291314,-1.9867549668874052,-0.9933774834437137,HIT_LOSER_FIRST,True,"{""Momentum Rank"": {""raw"": {""rank_change_3d"": NaN, ""days_outside_top120"": 3}, ""threshold"": ""rank_change_3d<0 OR outside>=2"", ""weak"": true}, ""Relative Strength Path"": {""raw"": {""rs_slope_3d"": NaN, ""rs_slope_5d"": NaN}, ""threshold"": ""slope3<0 AND (slope5<0 OR unavailable)"", ""weak"": false}, ""Institution Flow"": {""raw"": {""acceleration"": -19714881.4, ""buy_days_5d"": 4}, ""threshold"": ""acceleration<0 AND buy_days_5d<=2"", ""weak"": false}, ""Market-relative Performance"": {""raw"": {""excess_1d"": -0.2667200481103804, ""excess_3d"": 7.20459727484386}, ""threshold"": ""both <0"", ""weak"": false}, ""Pocket Durability"": {""raw"": ""FRAGILE"", ""threshold"": ""FRAGILE"", ""weak"": true}}"
1310,台苯,2026-07-03,2026-07-07,REACCELERATING,DETERIORATING,-0.45045045045044585,-6.756756756756754,-5.405405405405405,HIT_LOSER_FIRST,True,"{""Momentum Rank"": {""raw"": {""rank_change_3d"": NaN, ""days_outside_top120"": 1}, ""threshold"": ""rank_change_3d<0 OR outside>=2"", ""weak"": false}, ""Relative Strength Path"": {""raw"": {""rs_slope_3d"": NaN, ""rs_slope_5d"": NaN}, ""threshold"": ""slope3<0 AND (slope5<0 OR unavailable)"", ""weak"": false}, ""Institution Flow"": {""raw"": {""acceleration"": -26710683.599999994, ""buy_days_5d"": 2}, ""threshold"": ""acceleration<0 AND buy_days_5d<=2"", ""weak"": true}, ""Market-relative Performance"": {""raw"": {""excess_1d"": -3.618278276650566, ""excess_3d"": 9.437096609419315}, ""threshold"": ""both <0"", ""weak"": false}, ""Pocket Durability"": {""raw"": ""FRAGILE"", ""threshold"": ""FRAGILE"", ""weak"": true}}"
1477,聚陽,2026-07-03,2026-07-13,HEALTHY_PULLBACK,DETERIORATING,-2.6548672566371723,-2.8761061946902644,-4.424778761061942,HIT_LOSER_FIRST,True,"{""Momentum Rank"": {""raw"": {""rank_change_3d"": NaN, ""days_outside_top120"": 6}, ""threshold"": ""rank_change_3d<0 OR outside>=2"", ""weak"": true}, ""Relative Strength Path"": {""raw"": {""rs_slope_3d"": NaN, ""rs_slope_5d"": NaN}, ""threshold"": ""slope3<0 AND (slope5<0 OR unavailable)"", ""weak"": false}, ""Institution Flow"": {""raw"": {""acceleration"": -627406980.5, ""buy_days_5d"": 4}, ""threshold"": ""acceleration<0 AND buy_days_5d<=2"", ""weak"": false}, ""Market-relative Performance"": {""raw"": {""excess_1d"": 1.515906108267262, ""excess_3d"": -2.159029087910669}, ""threshold"": ""both <0"", ""weak"": false}, ""Pocket Durability"": {""raw"": ""FRAGILE"", ""threshold"": ""FRAGILE"", ""weak"": true}}"
1477,聚陽,2026-07-03,2026-07-15,HEALTHY_PULLBACK,DETERIORATING,1.1520737327188835,-0.4608294930875556,-1.1520737327188946,NO_BARRIER_HIT,True,"{""Momentum Rank"": {""raw"": {""rank_change_3d"": NaN, ""days_outside_top120"": 8}, ""threshold"": ""rank_change_3d<0 OR outside>=2"", ""weak"": true}, ""Relative Strength Path"": {""raw"": {""rs_slope_3d"": NaN, ""rs_slope_5d"": NaN}, ""threshold"": ""slope3<0 AND (slope5<0 OR unavailable)"", ""weak"": false}, ""Institution Flow"": {""raw"": {""acceleration"": -595186688.5, ""buy_days_5d"": 2}, ""threshold"": ""acceleration<0 AND buy_days_5d<=2"", ""weak"": true}, ""Market-relative Performance"": {""raw"": {""excess_1d"": -3.3611351314609905, ""excess_3d"": -3.0826087822411696}, ""threshold"": ""both <0"", ""weak"": true}, ""Pocket Durability"": {""raw"": ""DURABLE"", ""threshold"": ""FRAGILE"", ""weak"": false}}"
1709,和益,2026-07-03,2026-07-09,HEALTHY_PULLBACK,DETERIORATING,9.836065573770503,12.090163934426235,6.762295081967218,HIT_WINNER_FIRST,True,"{""Momentum Rank"": {""raw"": {""rank_change_3d"": NaN, ""days_outside_top120"": 3}, ""threshold"": ""rank_change_3d<0 OR outside>=2"", ""weak"": true}, ""Relative Strength Path"": {""raw"": {""rs_slope_3d"": NaN, ""rs_slope_5d"": NaN}, ""threshold"": ""slope3<0 AND (slope5<0 OR unavailable)"", ""weak"": false}, ""Institution Flow"": {""raw"": {""acceleration"": -50521449.400000006, ""buy_days_5d"": 3}, ""threshold"": ""acceleration<0 AND buy_days_5d<=2"", ""weak"": false}, ""Market-relative Performance"": {""raw"": {""excess_1d"": 2.70936132670464, ""excess_3d"": 0.7704775633063599}, ""threshold"": ""both <0"", ""weak"": false}, ""Pocket Durability"": {""raw"": ""FRAGILE"", ""threshold"": ""FRAGILE"", ""weak"": true}}"
1718,中纖,2026-07-03,2026-07-07,REACCELERATING,DETERIORATING,-4.682274247491636,-4.013377926421402,-0.33444816053510573,HIT_LOSER_FIRST,True,"{""Momentum Rank"": {""raw"": {""rank_change_3d"": 2, ""days_outside_top120"": 0}, ""threshold"": ""rank_change_3d<0 OR outside>=2"", ""weak"": false}, ""Relative Strength Path"": {""raw"": {""rs_slope_3d"": -0.12137732047427126, ""rs_slope_5d"": -0.2745554989128067}, ""threshold"": ""slope3<0 AND (slope5<0 OR unavailable)"", ""weak"": true}, ""Institution Flow"": {""raw"": {""acceleration"": 151027856.14999992, ""buy_days_5d"": 3}, ""threshold"": ""acceleration<0 AND buy_days_5d<=2"", ""weak"": false}, ""Market-relative Performance"": {""raw"": {""excess_1d"": 0.6691882710746833, ""excess_3d"": 12.632797966885366}, ""threshold"": ""both <0"", ""weak"": false}, ""Pocket Durability"": {""raw"": ""FRAGILE"", ""threshold"": ""FRAGILE"", ""weak"": true}}"
2103,台橡,2026-07-03,2026-07-09,HEALTHY_PULLBACK,DETERIORATING,1.0845986984815648,11.062906724511933,1.9522776572667988,HIT_WINNER_FIRST,True,"{""Momentum Rank"": {""raw"": {""rank_change_3d"": NaN, ""days_outside_top120"": 3}, ""threshold"": ""rank_change_3d<0 OR outside>=2"", ""weak"": true}, ""Relative Strength Path"": {""raw"": {""rs_slope_3d"": NaN, ""rs_slope_5d"": NaN}, ""threshold"": ""slope3<0 AND (slope5<0 OR unavailable)"", ""weak"": false}, ""Institution Flow"": {""raw"": {""acceleration"": -227495036.10000002, ""buy_days_5d"": 3}, ""threshold"": ""acceleration<0 AND buy_days_5d<=2"", ""weak"": false}, ""Market-relative Performance"": {""raw"": {""excess_1d"": -2.320813582507486, ""excess_3d"": -2.170723361249216}, ""threshold"": ""both <0"", ""weak"": true}, ""Pocket Durability"": {""raw"": ""FRAGILE"", ""threshold"": ""FRAGILE"", ""weak"": true}}"
2103,台橡,2026-07-03,2026-07-16,REACCELERATING,DETERIORATING,-4.276985743380857,-3.665987780040747,-2.851323828920571,HIT_LOSER_FIRST,True,"{""Momentum Rank"": {""raw"": {""rank_change_3d"": -33, ""days_outside_top120"": 0}, ""threshold"": ""rank_change_3d<0 OR outside>=2"", ""weak"": true}, ""Relative Strength Path"": {""raw"": {""rs_slope_3d"": 5.341497524675664, ""rs_slope_5d"": NaN}, ""threshold"": ""slope3<0 AND (slope5<0 OR unavailable)"", ""weak"": false}, ""Institution Flow"": {""raw"": {""acceleration"": -23178196.499999985, ""buy_days_5d"": 2}, ""threshold"": ""acceleration<0 AND buy_days_5d<=2"", ""weak"": true}, ""Market-relative Performance"": {""raw"": {""excess_1d"": -4.087076921040356, ""excess_3d"": 4.82611757912621}, ""threshold"": ""both <0"", ""weak"": false}, ""Pocket Durability"": {""raw"": ""DURABLE"", ""threshold"": ""FRAGILE"", ""weak"": false}}"
2104,國際中橡,2026-07-03,2026-07-07,REACCELERATING,DETERIORATING,-1.3698630136986134,-3.652968036529669,-3.1963470319634646,HIT_LOSER_FIRST,True,"{""Momentum Rank"": {""raw"": {""rank_change_3d"": NaN, ""days_outside_top120"": 1}, ""threshold"": ""rank_change_3d<0 OR outside>=2"", ""weak"": false}, ""Relative Strength Path"": {""raw"": {""rs_slope_3d"": NaN, ""rs_slope_5d"": NaN}, ""threshold"": ""slope3<0 AND (slope5<0 OR unavailable)"", ""weak"": false}, ""Institution Flow"": {""raw"": {""acceleration"": -18244056.450000003, ""buy_days_5d"": 2}, ""threshold"": ""acceleration<0 AND buy_days_5d<=2"", ""weak"": true}, ""Market-relative Performance"": {""raw"": {""excess_1d"": -1.633443307872695, ""excess_3d"": 5.523228787100787}, ""threshold"": ""both <0"", ""weak"": false}, ""Pocket Durability"": {""raw"": ""FRAGILE"", ""threshold"": ""FRAGILE"", ""weak"": true}}"
2105,正新,2026-07-03,2026-07-09,HEALTHY_PULLBACK,DETERIORATING,1.3888888888889062,1.3888888888889062,3.70370370370372,NO_BARRIER_HIT,True,"{""Momentum Rank"": {""raw"": {""rank_change_3d"": NaN, ""days_outside_top120"": 5}, ""threshold"": ""rank_change_3d<0 OR outside>=2"", ""weak"": true}, ""Relative Strength Path"": {""raw"": {""rs_slope_3d"": NaN, ""rs_slope_5d"": NaN}, ""threshold"": ""slope3<0 AND (slope5<0 OR unavailable)"", ""weak"": false}, ""Institution Flow"": {""raw"": {""acceleration"": -894829471.0999999, ""buy_days_5d"": 5}, ""threshold"": ""acceleration<0 AND buy_days_5d<=2"", ""weak"": false}, ""Market-relative Performance"": {""raw"": {""excess_1d"": 1.4515649341165449, ""excess_3d"": 2.1205132613656974}, ""threshold"": ""both <0"", ""weak"": false}, ""Pocket Durability"": {""raw"": ""FRAGILE"", ""threshold"": ""FRAGILE"", ""weak"": true}}"
2646,星宇航空,2026-07-03,2026-07-09,REACCELERATING,DETERIORATING,0.23640661938535423,0.7092198581560405,0.23640661938535423,NO_BARRIER_HIT,True,"{""Momentum Rank"": {""raw"": {""rank_change_3d"": -13, ""days_outside_top120"": 1}, ""threshold"": ""rank_change_3d<0 OR outside>=2"", ""weak"": true}, ""Relative Strength Path"": {""raw"": {""rs_slope_3d"": NaN, ""rs_slope_5d"": NaN}, ""threshold"": ""slope3<0 AND (slope5<0 OR unavailable)"", ""weak"": false}, ""Institution Flow"": {""raw"": {""acceleration"": -48646432.599999994, ""buy_days_5d"": 3}, ""threshold"": ""acceleration<0 AND buy_days_5d<=2"", ""weak"": false}, ""Market-relative Performance"": {""raw"": {""excess_1d"": 0.5945978650904182, ""excess_3d"": 1.6445746045703369}, ""threshold"": ""both <0"", ""weak"": false}, ""Pocket Durability"": {""raw"": ""FRAGILE"", ""threshold"": ""FRAGILE"", ""weak"": true}}"
2646,星宇航空,2026-07-03,2026-07-17,REACCELERATING,DETERIORATING,0.4716981132075526,0.943396226415083,-0.2358490566037763,NO_BARRIER_HIT,True,"{""Momentum Rank"": {""raw"": {""rank_change_3d"": 22, ""days_outside_top120"": 0}, ""threshold"": ""rank_change_3d<0 OR outside>=2"", ""weak"": false}, ""Relative Strength Path"": {""raw"": {""rs_slope_3d"": -1.2182600490005104, ""rs_slope_5d"": NaN}, ""threshold"": ""slope3<0 AND (slope5<0 OR unavailable)"", ""weak"": true}, ""Institution Flow"": {""raw"": {""acceleration"": 98687295.3, ""buy_days_5d"": 5}, ""threshold"": ""acceleration<0 AND buy_days_5d<=2"", ""weak"": false}, ""Market-relative Performance"": {""raw"": {""excess_1d"": 4.84975783898104, ""excess_3d"": 4.855929865309672}, ""threshold"": ""both <0"", ""weak"": false}, ""Pocket Durability"": {""raw"": ""FRAGILE"", ""threshold"": ""FRAGILE"", ""weak"": true}}"
6753,龍德造船,2026-07-03,2026-07-07,HEALTHY_PULLBACK,DETERIORATING,4.761904761904767,8.503401360544217,6.1224489795918435,HIT_WINNER_FIRST,True,"{""Momentum Rank"": {""raw"": {""rank_change_3d"": NaN, ""days_outside_top120"": 2}, ""threshold"": ""rank_change_3d<0 OR outside>=2"", ""weak"": true}, ""Relative Strength Path"": {""raw"": {""rs_slope_3d"": NaN, ""rs_slope_5d"": NaN}, ""threshold"": ""slope3<0 AND (slope5<0 OR unavailable)"", ""weak"": false}, ""Institution Flow"": {""raw"": {""acceleration"": -158000815.0, ""buy_days_5d"": 4}, ""threshold"": ""acceleration<0 AND buy_days_5d<=2"", ""weak"": false}, ""Market-relative Performance"": {""raw"": {""excess_1d"": -1.6076435142710288, ""excess_3d"": 7.706327378650091}, ""threshold"": ""both <0"", ""weak"": false}, ""Pocket Durability"": {""raw"": ""FRAGILE"", ""threshold"": ""FRAGILE"", ""weak"": true}}"
6753,龍德造船,2026-07-03,2026-07-16,REACCELERATING,DETERIORATING,-4.794520547945202,4.794520547945202,-5.136986301369861,HIT_LOSER_FIRST,True,"{""Momentum Rank"": {""raw"": {""rank_change_3d"": NaN, ""days_outside_top120"": 1}, ""threshold"": ""rank_change_3d<0 OR outside>=2"", ""weak"": false}, ""Relative Strength Path"": {""raw"": {""rs_slope_3d"": NaN, ""rs_slope_5d"": NaN}, ""threshold"": ""slope3<0 AND (slope5<0 OR unavailable)"", ""weak"": false}, ""Institution Flow"": {""raw"": {""acceleration"": -23797433.5, ""buy_days_5d"": 3}, ""threshold"": ""acceleration<0 AND buy_days_5d<=2"", ""weak"": false}, ""Market-relative Performance"": {""raw"": {""excess_1d"": -6.395770831296765, ""excess_3d"": -9.002639131086777}, ""threshold"": ""both <0"", ""weak"": true}, ""Pocket Durability"": {""raw"": ""FRAGILE"", ""threshold"": ""FRAGILE"", ""weak"": true}}"
2352,佳世達,2026-07-06,2026-07-08,REACCELERATING,DETERIORATING,-4.069767441860462,-11.046511627906973,-8.866279069767435,HIT_LOSER_FIRST,True,"{""Momentum Rank"": {""raw"": {""rank_change_3d"": NaN, ""days_outside_top120"": 1}, ""threshold"": ""rank_change_3d<0 OR outside>=2"", ""weak"": false}, ""Relative Strength Path"": {""raw"": {""rs_slope_3d"": NaN, ""rs_slope_5d"": NaN}, ""threshold"": ""slope3<0 AND (slope5<0 OR unavailable)"", ""weak"": false}, ""Institution Flow"": {""raw"": {""acceleration"": -416171657.1000001, ""buy_days_5d"": 2}, ""threshold"": ""acceleration<0 AND buy_days_5d<=2"", ""weak"": true}, ""Market-relative Performance"": {""raw"": {""excess_1d"": -0.70649451263608, ""excess_3d"": 9.068715695883078}, ""threshold"": ""both <0"", ""weak"": false}, ""Pocket Durability"": {""raw"": ""FRAGILE"", ""threshold"": ""FRAGILE"", ""weak"": true}}"
3026,禾伸堂,2026-07-08,2026-07-13,REACCELERATING,DETERIORATING,-9.944751381215466,-15.35911602209945,-31.381215469613256,HIT_LOSER_FIRST,True,"{""Momentum Rank"": {""raw"": {""rank_change_3d"": 27, ""days_outside_top120"": 0}, ""threshold"": ""rank_change_3d<0 OR outside>=2"", ""weak"": false}, ""Relative Strength Path"": {""raw"": {""rs_slope_3d"": -0.3105872234764557, ""rs_slope_5d"": -0.37389015675234705}, ""threshold"": ""slope3<0 AND (slope5<0 OR unavailable)"", ""weak"": true}, ""Institution Flow"": {""raw"": {""acceleration"": 6018162588.0, ""buy_days_5d"": 4}, ""threshold"": ""acceleration<0 AND buy_days_5d<=2"", ""weak"": false}, ""Market-relative Performance"": {""raw"": {""excess_1d"": -10.00737635581681, ""excess_3d"": 4.5997104897397385}, ""threshold"": ""both <0"", ""weak"": false}, ""Pocket Durability"": {""raw"": ""FRAGILE"", ""threshold"": ""FRAGILE"", ""weak"": true}}"
2618,長榮航,2026-07-09,2026-07-17,REACCELERATING,DETERIORATING,0.0,2.1844660194174637,-1.2135922330097082,NO_BARRIER_HIT,True,"{""Momentum Rank"": {""raw"": {""rank_change_3d"": -156, ""days_outside_top120"": 1}, ""threshold"": ""rank_change_3d<0 OR outside>=2"", ""weak"": true}, ""Relative Strength Path"": {""raw"": {""rs_slope_3d"": NaN, ""rs_slope_5d"": NaN}, ""threshold"": ""slope3<0 AND (slope5<0 OR unavailable)"", ""weak"": false}, ""Institution Flow"": {""raw"": {""acceleration"": -3945097081.75, ""buy_days_5d"": 5}, ""threshold"": ""acceleration<0 AND buy_days_5d<=2"", ""weak"": false}, ""Market-relative Performance"": {""raw"": {""excess_1d"": 4.8032433779673696, ""excess_3d"": 5.599915402787081}, ""threshold"": ""both <0"", ""weak"": false}, ""Pocket Durability"": {""raw"": ""FRAGILE"", ""threshold"": ""FRAGILE"", ""weak"": true}}"
1301,台塑,2026-07-14,2026-07-17,REACCELERATING,DETERIORATING,-3.5031847133757843,1.1146496815286566,-0.15923566878980333,NO_BARRIER_HIT,True,"{""Momentum Rank"": {""raw"": {""rank_change_3d"": -5, ""days_outside_top120"": 0}, ""threshold"": ""rank_change_3d<0 OR outside>=2"", ""weak"": true}, ""Relative Strength Path"": {""raw"": {""rs_slope_3d"": 0.050125964210579355, ""rs_slope_5d"": NaN}, ""threshold"": ""slope3<0 AND (slope5<0 OR unavailable)"", ""weak"": false}, ""Institution Flow"": {""raw"": {""acceleration"": -1708758535.8, ""buy_days_5d"": 4}, ""threshold"": ""acceleration<0 AND buy_days_5d<=2"", ""weak"": false}, ""Market-relative Performance"": {""raw"": {""excess_1d"": 2.2055950864486533, ""excess_3d"": 3.361661610704181}, ""threshold"": ""both <0"", ""weak"": false}, ""Pocket Durability"": {""raw"": ""FRAGILE"", ""threshold"": ""FRAGILE"", ""weak"": true}}"
1810,和成,2026-07-21,2026-07-24,REACCELERATING,DETERIORATING,-7.342657342657343,,,HIT_LOSER_FIRST,True,"{""Momentum Rank"": {""raw"": {""rank_change_3d"": -65, ""days_outside_top120"": 0}, ""threshold"": ""rank_change_3d<0 OR outside>=2"", ""weak"": true}, ""Relative Strength Path"": {""raw"": {""rs_slope_3d"": 0.09540752101233352, ""rs_slope_5d"": 0.15841809311171745}, ""threshold"": ""slope3<0 AND (slope5<0 OR unavailable)"", ""weak"": false}, ""Institution Flow"": {""raw"": {""acceleration"": -50873628.14999999, ""buy_days_5d"": 2}, ""threshold"": ""acceleration<0 AND buy_days_5d<=2"", ""weak"": true}, ""Market-relative Performance"": {""raw"": {""excess_1d"": -4.325318300121939, ""excess_3d"": -6.583710826830191}, ""threshold"": ""both <0"", ""weak"": true}, ""Pocket Durability"": {""raw"": ""DURABLE"", ""threshold"": ""FRAGILE"", ""weak"": false}}"
1710,東聯,2026-07-22,2026-07-24,REACCELERATING,DETERIORATING,-6.9841269841269815,,,HIT_LOSER_FIRST,True,"{""Momentum Rank"": {""raw"": {""rank_change_3d"": NaN, ""days_outside_top120"": 1}, ""threshold"": ""rank_change_3d<0 OR outside>=2"", ""weak"": false}, ""Relative Strength Path"": {""raw"": {""rs_slope_3d"": NaN, ""rs_slope_5d"": NaN}, ""threshold"": ""slope3<0 AND (slope5<0 OR unavailable)"", ""weak"": false}, ""Institution Flow"": {""raw"": {""acceleration"": 78729724.89999999, ""buy_days_5d"": 1}, ""threshold"": ""acceleration<0 AND buy_days_5d<=2"", ""weak"": false}, ""Market-relative Performance"": {""raw"": {""excess_1d"": -3.5834483814227602, ""excess_3d"": -5.772857649682284}, ""threshold"": ""both <0"", ""weak"": true}, ""Pocket Durability"": {""raw"": ""FRAGILE"", ""threshold"": ""FRAGILE"", ""weak"": true}}"
2377,微星,2026-07-22,2026-07-24,REACCELERATING,DETERIORATING,0.0,,,HIT_LOSER_FIRST,True,"{""Momentum Rank"": {""raw"": {""rank_change_3d"": -2, ""days_outside_top120"": 0}, ""threshold"": ""rank_change_3d<0 OR outside>=2"", ""weak"": true}, ""Relative Strength Path"": {""raw"": {""rs_slope_3d"": 1.1685961180098587, ""rs_slope_5d"": NaN}, ""threshold"": ""slope3<0 AND (slope5<0 OR unavailable)"", ""weak"": false}, ""Institution Flow"": {""raw"": {""acceleration"": 524958182.5, ""buy_days_5d"": 3}, ""threshold"": ""acceleration<0 AND buy_days_5d<=2"", ""weak"": false}, ""Market-relative Performance"": {""raw"": {""excess_1d"": -0.9518694340543421, ""excess_3d"": 1.649254121441479}, ""threshold"": ""both <0"", ""weak"": false}, ""Pocket Durability"": {""raw"": ""FRAGILE"", ""threshold"": ""FRAGILE"", ""weak"": true}}"
2425,承啟,2026-07-22,2026-07-24,REACCELERATING,DETERIORATING,-1.8143009605122717,,,NO_BARRIER_HIT,True,"{""Momentum Rank"": {""raw"": {""rank_change_3d"": 66, ""days_outside_top120"": 0}, ""threshold"": ""rank_change_3d<0 OR outside>=2"", ""weak"": false}, ""Relative Strength Path"": {""raw"": {""rs_slope_3d"": 2.029909244325708, ""rs_slope_5d"": NaN}, ""threshold"": ""slope3<0 AND (slope5<0 OR unavailable)"", ""weak"": false}, ""Institution Flow"": {""raw"": {""acceleration"": -3725999.9999999925, ""buy_days_5d"": 1}, ""threshold"": ""acceleration<0 AND buy_days_5d<=2"", ""weak"": true}, ""Market-relative Performance"": {""raw"": {""excess_1d"": 4.959128037791228, ""excess_3d"": 14.19835463307708}, ""threshold"": ""both <0"", ""weak"": false}, ""Pocket Durability"": {""raw"": ""FRAGILE"", ""threshold"": ""FRAGILE"", ""weak"": true}}"
6414,樺漢,2026-07-22,2026-07-24,REACCELERATING,DETERIORATING,-6.2000000000000055,,,HIT_LOSER_FIRST,True,"{""Momentum Rank"": {""raw"": {""rank_change_3d"": -28, ""days_outside_top120"": 0}, ""threshold"": ""rank_change_3d<0 OR outside>=2"", ""weak"": true}, ""Relative Strength Path"": {""raw"": {""rs_slope_3d"": 0.78868385032735, ""rs_slope_5d"": NaN}, ""threshold"": ""slope3<0 AND (slope5<0 OR unavailable)"", ""weak"": false}, ""Institution Flow"": {""raw"": {""acceleration"": 786566167.5, ""buy_days_5d"": 5}, ""threshold"": ""acceleration<0 AND buy_days_5d<=2"", ""weak"": false}, ""Market-relative Performance"": {""raw"": {""excess_1d"": 2.070130147404281, ""excess_3d"": 13.540233934795733}, ""threshold"": ""both <0"", ""weak"": false}, ""Pocket Durability"": {""raw"": ""FRAGILE"", ""threshold"": ""FRAGILE"", ""weak"": true}}"
6416,瑞祺電通,2026-07-22,2026-07-24,REACCELERATING,DETERIORATING,-1.449275362318836,,,NO_BARRIER_HIT,True,"{""Momentum Rank"": {""raw"": {""rank_change_3d"": -5, ""days_outside_top120"": 0}, ""threshold"": ""rank_change_3d<0 OR outside>=2"", ""weak"": true}, ""Relative Strength Path"": {""raw"": {""rs_slope_3d"": 0.525445670278207, ""rs_slope_5d"": 1.1370627635822388}, ""threshold"": ""slope3<0 AND (slope5<0 OR unavailable)"", ""weak"": false}, ""Institution Flow"": {""raw"": {""acceleration"": 8191539.999999996, ""buy_days_5d"": 3}, ""threshold"": ""acceleration<0 AND buy_days_5d<=2"", ""weak"": false}, ""Market-relative Performance"": {""raw"": {""excess_1d"": -0.1503497898734607, ""excess_3d"": 5.4315368589624935}, ""threshold"": ""both <0"", ""weak"": false}, ""Pocket Durability"": {""raw"": ""FRAGILE"", ""threshold"": ""FRAGILE"", ""weak"": true}}"
1434,福懋,2026-07-23,2026-07-27,HEALTHY_PULLBACK,DETERIORATING,,,,NO_BARRIER_HIT,True,"{""Momentum Rank"": {""raw"": {""rank_change_3d"": NaN, ""days_outside_top120"": 1}, ""threshold"": ""rank_change_3d<0 OR outside>=2"", ""weak"": false}, ""Relative Strength Path"": {""raw"": {""rs_slope_3d"": NaN, ""rs_slope_5d"": NaN}, ""threshold"": ""slope3<0 AND (slope5<0 OR unavailable)"", ""weak"": false}, ""Institution Flow"": {""raw"": {""acceleration"": -14900722.849999994, ""buy_days_5d"": 2}, ""threshold"": ""acceleration<0 AND buy_days_5d<=2"", ""weak"": true}, ""Market-relative Performance"": {""raw"": {""excess_1d"": -3.3469529868380588, ""excess_3d"": -0.987563917831813}, ""threshold"": ""both <0"", ""weak"": true}, ""Pocket Durability"": {""raw"": ""FRAGILE"", ""threshold"": ""FRAGILE"", ""weak"": true}}"
2103,台橡,2026-07-23,2026-07-27,HEALTHY_PULLBACK,DETERIORATING,,,,NO_BARRIER_HIT,True,"{""Momentum Rank"": {""raw"": {""rank_change_3d"": NaN, ""days_outside_top120"": 1}, ""threshold"": ""rank_change_3d<0 OR outside>=2"", ""weak"": false}, ""Relative Strength Path"": {""raw"": {""rs_slope_3d"": NaN, ""rs_slope_5d"": NaN}, ""threshold"": ""slope3<0 AND (slope5<0 OR unavailable)"", ""weak"": false}, ""Institution Flow"": {""raw"": {""acceleration"": -31291763.600000005, ""buy_days_5d"": 2}, ""threshold"": ""acceleration<0 AND buy_days_5d<=2"", ""weak"": true}, ""Market-relative Performance"": {""raw"": {""excess_1d"": -4.673727155082896, ""excess_3d"": -5.416264745989164}, ""threshold"": ""both <0"", ""weak"": true}, ""Pocket Durability"": {""raw"": ""FRAGILE"", ""threshold"": ""FRAGILE"", ""weak"": true}}"
3605,宏致,2026-07-23,2026-07-27,REACCELERATING,DETERIORATING,,,,NO_BARRIER_HIT,True,"{""Momentum Rank"": {""raw"": {""rank_change_3d"": NaN, ""days_outside_top120"": 0}, ""threshold"": ""rank_change_3d<0 OR outside>=2"", ""weak"": false}, ""Relative Strength Path"": {""raw"": {""rs_slope_3d"": NaN, ""rs_slope_5d"": NaN}, ""threshold"": ""slope3<0 AND (slope5<0 OR unavailable)"", ""weak"": false}, ""Institution Flow"": {""raw"": {""acceleration"": -697918807.9999999, ""buy_days_5d"": 2}, ""threshold"": ""acceleration<0 AND buy_days_5d<=2"", ""weak"": true}, ""Market-relative Performance"": {""raw"": {""excess_1d"": 0.047302887835565244, ""excess_3d"": 0.7186142430877229}, ""threshold"": ""both <0"", ""weak"": false}, ""Pocket Durability"": {""raw"": ""FRAGILE"", ""threshold"": ""FRAGILE"", ""weak"": true}}"
