stock_id,stock_name,episode_start_date,entry_date,entry_close,action_date,feature_as_of_date,current_close_as_of_action_date,current_return_as_of_action_date,MFE_as_of_action_date,MAE_as_of_action_date,days_since_entry,current_top120_status,days_outside_top120,days_since_reentry,momentum_rank_as_of_action_date,momentum_rank_change_1d,momentum_rank_change_3d,rs_slope_3d,rs_slope_5d,institution_flow_acceleration,pocket_activity,pocket_durability,market_path_state,lifecycle_state,informational_state,watchlist_action_shadow,action_reasons,evidence_family_count,persistent_evidence_families,state_evidence,previous_lifecycle_state,state_transition,max_source_date,point_in_time_valid,formal_watch_on_action_date,watch_history_source,rank_source,pocket_source_date,market_source_date,data_status,episode_return_10d,episode_outcome_from_entry,episode_maturity_date,barrier_outcome,winner_hit_date,loser_hit_date,barrier_hit_date,forward_return_10d_from_action_date,forward_outcome_from_action_date,forward_maturity_date,forward_barrier_outcome_from_action_date,requested_end_date,price_available_through,formal_watch_available_through,requested_2026_07_28_status
1710,東聯,2026-07-22,2026-07-22,17.55,2026-07-22,2026-07-22,17.55,0.0,0.0,0.0,0,True,0,,18.0,55.0,149.0,,,126945500.19999999,ACTIVE,FRAGILE,RISK_OFF,NEW_DISCOVERY,HOLD_STRONG,KEEP_SHADOW,"[""Pocket Durability""]",1,[],"{""Momentum Rank"": {""raw"": {""rank_change_3d"": 149, ""days_outside_top120"": 0}, ""threshold"": ""rank_change_3d<0 OR outside>=2"", ""weak"": false}, ""Relative Strength Path"": {""raw"": {""rs_slope_3d"": NaN, ""rs_slope_5d"": NaN}, ""threshold"": ""slope3<0 AND (slope5<0 OR unavailable)"", ""weak"": false}, ""Institution Flow"": {""raw"": {""acceleration"": 126945500.19999999, ""buy_days_5d"": 1}, ""threshold"": ""acceleration<0 AND buy_days_5d<=2"", ""weak"": false}, ""Market-relative Performance"": {""raw"": {""excess_1d"": 2.199394499462781, ""excess_3d"": 1.96310705871805}, ""threshold"": ""both <0"", ""weak"": false}, ""Pocket Durability"": {""raw"": ""FRAGILE"", ""threshold"": ""FRAGILE"", ""weak"": true}}",,NONE -> NEW_DISCOVERY,2026-07-22,True,True,PRODUCTION_SIGNAL_SNAPSHOT,FROZEN_TOP120_RAW_UNION,2026-07-22,2026-07-22,RECONSTRUCTED_NOT_PRODUCTION_EXACT,,,,HIT_LOSER_FIRST,,2026-07-24,2026-07-24,,,,HIT_LOSER_FIRST,2026-07-28,2026-07-27,2026-07-27,UNAVAILABLE_NOT_FABRICATED
1710,東聯,2026-07-22,2026-07-22,17.55,2026-07-23,2026-07-23,16.8,-4.273504273504269,1.9943019943019724,-5.413105413105413,1,True,0,,57.0,-39.0,,,0.08582526755286893,128522322.74999999,ACTIVE,DURABLE,RISK_OFF,REACCELERATING,REACCELERATING,KEEP_SHADOW,[],0,[],"{""Momentum Rank"": {""raw"": {""rank_change_3d"": NaN, ""days_outside_top120"": 0}, ""threshold"": ""rank_change_3d<0 OR outside>=2"", ""weak"": false}, ""Relative Strength Path"": {""raw"": {""rs_slope_3d"": NaN, ""rs_slope_5d"": 0.08582526755286893}, ""threshold"": ""slope3<0 AND (slope5<0 OR unavailable)"", ""weak"": false}, ""Institution Flow"": {""raw"": {""acceleration"": 128522322.74999999, ""buy_days_5d"": 1}, ""threshold"": ""acceleration<0 AND buy_days_5d<=2"", ""weak"": false}, ""Market-relative Performance"": {""raw"": {""excess_1d"": -4.329342677208558, ""excess_3d"": 3.0814990150193076}, ""threshold"": ""both <0"", ""weak"": false}, ""Pocket Durability"": {""raw"": ""DURABLE"", ""threshold"": ""FRAGILE"", ""weak"": false}}",NEW_DISCOVERY,NEW_DISCOVERY -> REACCELERATING,2026-07-23,True,False,PRODUCTION_SIGNAL_SNAPSHOT,FROZEN_TOP120_RAW_UNION,2026-07-23,2026-07-23,RECONSTRUCTED_NOT_PRODUCTION_EXACT,,,,HIT_LOSER_FIRST,,2026-07-24,2026-07-24,,,,HIT_LOSER_FIRST,2026-07-28,2026-07-27,2026-07-27,UNAVAILABLE_NOT_FABRICATED
1710,東聯,2026-07-22,2026-07-22,17.55,2026-07-24,2026-07-24,15.75,-10.256410256410264,1.9943019943019724,-10.256410256410264,2,False,1,,,,,,,78729724.89999999,ACTIVE,FRAGILE,RISK_OFF,DETERIORATING,DETERIORATING,RISK_BREACHED,"[""Market-relative Performance"", ""Pocket Durability""]",2,[],"{""Momentum Rank"": {""raw"": {""rank_change_3d"": NaN, ""days_outside_top120"": 1}, ""threshold"": ""rank_change_3d<0 OR outside>=2"", ""weak"": false}, ""Relative Strength Path"": {""raw"": {""rs_slope_3d"": NaN, ""rs_slope_5d"": NaN}, ""threshold"": ""slope3<0 AND (slope5<0 OR unavailable)"", ""weak"": false}, ""Institution Flow"": {""raw"": {""acceleration"": 78729724.89999999, ""buy_days_5d"": 1}, ""threshold"": ""acceleration<0 AND buy_days_5d<=2"", ""weak"": false}, ""Market-relative Performance"": {""raw"": {""excess_1d"": -3.5834483814227602, ""excess_3d"": -5.772857649682284}, ""threshold"": ""both <0"", ""weak"": true}, ""Pocket Durability"": {""raw"": ""FRAGILE"", ""threshold"": ""FRAGILE"", ""weak"": true}}",REACCELERATING,REACCELERATING -> DETERIORATING,2026-07-24,True,False,PRODUCTION_SIGNAL_SNAPSHOT,UNAVAILABLE_NOT_IMPUTED,2026-07-24,2026-07-24,RECONSTRUCTED_NOT_PRODUCTION_EXACT,,,,HIT_LOSER_FIRST,,2026-07-24,2026-07-24,,,,HIT_LOSER_FIRST,2026-07-28,2026-07-27,2026-07-27,UNAVAILABLE_NOT_FABRICATED
2027,大成鋼,2026-07-22,2026-07-22,43.75,2026-07-22,2026-07-22,43.75,0.0,0.0,0.0,0,True,0,,6.0,84.0,118.0,,,740540872.8,ACTIVE,DURABLE,RISK_OFF,NEW_DISCOVERY,HOLD_STRONG,KEEP_SHADOW,[],0,[],"{""Momentum Rank"": {""raw"": {""rank_change_3d"": 118, ""days_outside_top120"": 0}, ""threshold"": ""rank_change_3d<0 OR outside>=2"", ""weak"": false}, ""Relative Strength Path"": {""raw"": {""rs_slope_3d"": NaN, ""rs_slope_5d"": NaN}, ""threshold"": ""slope3<0 AND (slope5<0 OR unavailable)"", ""weak"": false}, ""Institution Flow"": {""raw"": {""acceleration"": 740540872.8, ""buy_days_5d"": 3}, ""threshold"": ""acceleration<0 AND buy_days_5d<=2"", ""weak"": false}, ""Market-relative Performance"": {""raw"": {""excess_1d"": 4.977918999726216, ""excess_3d"": 2.5769881975294284}, ""threshold"": ""both <0"", ""weak"": false}, ""Pocket Durability"": {""raw"": ""DURABLE"", ""threshold"": ""FRAGILE"", ""weak"": false}}",,NONE -> NEW_DISCOVERY,2026-07-22,True,True,PRODUCTION_SIGNAL_SNAPSHOT,FROZEN_TOP120_RAW_UNION,2026-07-22,2026-07-22,RECONSTRUCTED_NOT_PRODUCTION_EXACT,,,,NO_BARRIER_HIT,,,,,,,NO_BARRIER_HIT,2026-07-28,2026-07-27,2026-07-27,UNAVAILABLE_NOT_FABRICATED
2027,大成鋼,2026-07-22,2026-07-22,43.75,2026-07-23,2026-07-23,44.4,1.4857142857142902,4.0000000000000036,-1.2571428571428456,1,True,0,,4.0,2.0,,,,1302392610.6,ACTIVE,DURABLE,RISK_OFF,REACCELERATING,REACCELERATING,KEEP_SHADOW,[],0,[],"{""Momentum Rank"": {""raw"": {""rank_change_3d"": NaN, ""days_outside_top120"": 0}, ""threshold"": ""rank_change_3d<0 OR outside>=2"", ""weak"": false}, ""Relative Strength Path"": {""raw"": {""rs_slope_3d"": NaN, ""rs_slope_5d"": NaN}, ""threshold"": ""slope3<0 AND (slope5<0 OR unavailable)"", ""weak"": false}, ""Institution Flow"": {""raw"": {""acceleration"": 1302392610.6, ""buy_days_5d"": 4}, ""threshold"": ""acceleration<0 AND buy_days_5d<=2"", ""weak"": false}, ""Market-relative Performance"": {""raw"": {""excess_1d"": 1.429875882010001, ""excess_3d"": 4.108777088152827}, ""threshold"": ""both <0"", ""weak"": false}, ""Pocket Durability"": {""raw"": ""DURABLE"", ""threshold"": ""FRAGILE"", ""weak"": false}}",NEW_DISCOVERY,NEW_DISCOVERY -> REACCELERATING,2026-07-23,True,True,PRODUCTION_SIGNAL_SNAPSHOT,FROZEN_TOP120_RAW_UNION,2026-07-23,2026-07-23,RECONSTRUCTED_NOT_PRODUCTION_EXACT,,,,NO_BARRIER_HIT,,,,,,,NO_BARRIER_HIT,2026-07-28,2026-07-27,2026-07-27,UNAVAILABLE_NOT_FABRICATED
2027,大成鋼,2026-07-22,2026-07-22,43.75,2026-07-24,2026-07-24,43.55,-0.45714285714286707,4.0000000000000036,-1.2571428571428456,2,True,0,,23.0,-19.0,67.0,7.695989104921476,,876416053.2,ACTIVE,FRAGILE,RISK_OFF,REACCELERATING,REACCELERATING,KEEP_SHADOW,"[""Pocket Durability""]",1,[],"{""Momentum Rank"": {""raw"": {""rank_change_3d"": 67, ""days_outside_top120"": 0}, ""threshold"": ""rank_change_3d<0 OR outside>=2"", ""weak"": false}, ""Relative Strength Path"": {""raw"": {""rs_slope_3d"": 7.695989104921476, ""rs_slope_5d"": NaN}, ""threshold"": ""slope3<0 AND (slope5<0 OR unavailable)"", ""weak"": false}, ""Institution Flow"": {""raw"": {""acceleration"": 876416053.2, ""buy_days_5d"": 3}, ""threshold"": ""acceleration<0 AND buy_days_5d<=2"", ""weak"": false}, ""Market-relative Performance"": {""raw"": {""excess_1d"": 0.7521372041628172, ""excess_3d"": 7.139109145659606}, ""threshold"": ""both <0"", ""weak"": false}, ""Pocket Durability"": {""raw"": ""FRAGILE"", ""threshold"": ""FRAGILE"", ""weak"": true}}",REACCELERATING,REACCELERATING -> REACCELERATING,2026-07-24,True,False,PRODUCTION_SIGNAL_SNAPSHOT,FROZEN_TOP120_RAW_UNION,2026-07-24,2026-07-24,RECONSTRUCTED_NOT_PRODUCTION_EXACT,,,,NO_BARRIER_HIT,,,,,,,NO_BARRIER_HIT,2026-07-28,2026-07-27,2026-07-27,UNAVAILABLE_NOT_FABRICATED
2027,大成鋼,2026-07-22,2026-07-22,43.75,2026-07-27,2026-07-27,44.55,1.8285714285714239,4.0000000000000036,-1.2571428571428456,3,True,0,,,,,0.33524904214559115,,-1313053256.4,ACTIVE,FRAGILE,RISK_OFF,REACCELERATING,REACCELERATING,KEEP_SHADOW,"[""Pocket Durability""]",1,"[""Pocket Durability""]","{""Momentum Rank"": {""raw"": {""rank_change_3d"": NaN, ""days_outside_top120"": 0}, ""threshold"": ""rank_change_3d<0 OR outside>=2"", ""weak"": false}, ""Relative Strength Path"": {""raw"": {""rs_slope_3d"": 0.33524904214559115, ""rs_slope_5d"": NaN}, ""threshold"": ""slope3<0 AND (slope5<0 OR unavailable)"", ""weak"": false}, ""Institution Flow"": {""raw"": {""acceleration"": -1313053256.4, ""buy_days_5d"": 4}, ""threshold"": ""acceleration<0 AND buy_days_5d<=2"", ""weak"": false}, ""Market-relative Performance"": {""raw"": {""excess_1d"": 2.343514139270697, ""excess_3d"": 4.486840844072937}, ""threshold"": ""both <0"", ""weak"": false}, ""Pocket Durability"": {""raw"": ""FRAGILE"", ""threshold"": ""FRAGILE"", ""weak"": true}}",REACCELERATING,REACCELERATING -> REACCELERATING,2026-07-27,True,True,PRODUCTION_SIGNAL_SNAPSHOT,UNAVAILABLE_NOT_IMPUTED,2026-07-24,2026-07-24,RECONSTRUCTED_NOT_PRODUCTION_EXACT,,,,NO_BARRIER_HIT,,,,,,,NO_BARRIER_HIT,2026-07-28,2026-07-27,2026-07-27,UNAVAILABLE_NOT_FABRICATED
2377,微星,2026-07-22,2026-07-22,155.0,2026-07-22,2026-07-22,155.0,0.0,0.0,0.0,0,True,0,,14.0,65.0,,,,2787019229.5,ACTIVE,DURABLE,RISK_OFF,NEW_DISCOVERY,HOLD_STRONG,KEEP_SHADOW,[],0,[],"{""Momentum Rank"": {""raw"": {""rank_change_3d"": NaN, ""days_outside_top120"": 0}, ""threshold"": ""rank_change_3d<0 OR outside>=2"", ""weak"": false}, ""Relative Strength Path"": {""raw"": {""rs_slope_3d"": NaN, ""rs_slope_5d"": NaN}, ""threshold"": ""slope3<0 AND (slope5<0 OR unavailable)"", ""weak"": false}, ""Institution Flow"": {""raw"": {""acceleration"": 2787019229.5, ""buy_days_5d"": 3}, ""threshold"": ""acceleration<0 AND buy_days_5d<=2"", ""weak"": false}, ""Market-relative Performance"": {""raw"": {""excess_1d"": 4.823955052257056, ""excess_3d"": 4.49154797916964}, ""threshold"": ""both <0"", ""weak"": false}, ""Pocket Durability"": {""raw"": ""DURABLE"", ""threshold"": ""FRAGILE"", ""weak"": false}}",,NONE -> NEW_DISCOVERY,2026-07-22,True,True,PRODUCTION_SIGNAL_SNAPSHOT,FROZEN_TOP120_RAW_UNION,2026-07-22,2026-07-22,RECONSTRUCTED_NOT_PRODUCTION_EXACT,,,,HIT_LOSER_FIRST,,2026-07-24,2026-07-24,,,,HIT_LOSER_FIRST,2026-07-28,2026-07-27,2026-07-27,UNAVAILABLE_NOT_FABRICATED
2377,微星,2026-07-22,2026-07-22,155.0,2026-07-23,2026-07-23,152.0,-1.9354838709677469,1.9354838709677358,-3.8709677419354827,1,True,0,,22.0,-8.0,104.0,,,1901309793.0,ACTIVE,DURABLE,RISK_OFF,REACCELERATING,REACCELERATING,KEEP_SHADOW,[],0,[],"{""Momentum Rank"": {""raw"": {""rank_change_3d"": 104, ""days_outside_top120"": 0}, ""threshold"": ""rank_change_3d<0 OR outside>=2"", ""weak"": false}, ""Relative Strength Path"": {""raw"": {""rs_slope_3d"": NaN, ""rs_slope_5d"": NaN}, ""threshold"": ""slope3<0 AND (slope5<0 OR unavailable)"", ""weak"": false}, ""Institution Flow"": {""raw"": {""acceleration"": 1901309793.0, ""buy_days_5d"": 3}, ""threshold"": ""acceleration<0 AND buy_days_5d<=2"", ""weak"": false}, ""Market-relative Performance"": {""raw"": {""excess_1d"": -1.991322274672036, ""excess_3d"": 1.7641296369960369}, ""threshold"": ""both <0"", ""weak"": false}, ""Pocket Durability"": {""raw"": ""DURABLE"", ""threshold"": ""FRAGILE"", ""weak"": false}}",NEW_DISCOVERY,NEW_DISCOVERY -> REACCELERATING,2026-07-23,True,False,PRODUCTION_SIGNAL_SNAPSHOT,FROZEN_TOP120_RAW_UNION,2026-07-23,2026-07-23,RECONSTRUCTED_NOT_PRODUCTION_EXACT,,,,HIT_LOSER_FIRST,,2026-07-24,2026-07-24,,,,HIT_LOSER_FIRST,2026-07-28,2026-07-27,2026-07-27,UNAVAILABLE_NOT_FABRICATED
2377,微星,2026-07-22,2026-07-22,155.0,2026-07-24,2026-07-24,146.5,-5.483870967741932,1.9354838709677358,-6.774193548387098,2,True,0,,81.0,-59.0,-2.0,1.1685961180098587,,524958182.5,ACTIVE,FRAGILE,RISK_OFF,DETERIORATING,DETERIORATING,RISK_BREACHED,"[""Momentum Rank"", ""Pocket Durability""]",2,[],"{""Momentum Rank"": {""raw"": {""rank_change_3d"": -2, ""days_outside_top120"": 0}, ""threshold"": ""rank_change_3d<0 OR outside>=2"", ""weak"": true}, ""Relative Strength Path"": {""raw"": {""rs_slope_3d"": 1.1685961180098587, ""rs_slope_5d"": NaN}, ""threshold"": ""slope3<0 AND (slope5<0 OR unavailable)"", ""weak"": false}, ""Institution Flow"": {""raw"": {""acceleration"": 524958182.5, ""buy_days_5d"": 3}, ""threshold"": ""acceleration<0 AND buy_days_5d<=2"", ""weak"": false}, ""Market-relative Performance"": {""raw"": {""excess_1d"": -0.9518694340543421, ""excess_3d"": 1.649254121441479}, ""threshold"": ""both <0"", ""weak"": false}, ""Pocket Durability"": {""raw"": ""FRAGILE"", ""threshold"": ""FRAGILE"", ""weak"": true}}",REACCELERATING,REACCELERATING -> DETERIORATING,2026-07-24,True,False,PRODUCTION_SIGNAL_SNAPSHOT,FROZEN_TOP120_RAW_UNION,2026-07-24,2026-07-24,RECONSTRUCTED_NOT_PRODUCTION_EXACT,,,,HIT_LOSER_FIRST,,2026-07-24,2026-07-24,,,,HIT_LOSER_FIRST,2026-07-28,2026-07-27,2026-07-27,UNAVAILABLE_NOT_FABRICATED
2425,承啟,2026-07-22,2026-07-22,45.15,2026-07-22,2026-07-22,45.15,0.0,0.0,0.0,0,True,0,,5.0,99.0,158.0,,0.37980829080044887,95150819.4,ACTIVE,DURABLE,RISK_OFF,NEW_DISCOVERY,HOLD_STRONG,KEEP_SHADOW,[],0,[],"{""Momentum Rank"": {""raw"": {""rank_change_3d"": 158, ""days_outside_top120"": 0}, ""threshold"": ""rank_change_3d<0 OR outside>=2"", ""weak"": false}, ""Relative Strength Path"": {""raw"": {""rs_slope_3d"": NaN, ""rs_slope_5d"": 0.37980829080044887}, ""threshold"": ""slope3<0 AND (slope5<0 OR unavailable)"", ""weak"": false}, ""Institution Flow"": {""raw"": {""acceleration"": 95150819.4, ""buy_days_5d"": 1}, ""threshold"": ""acceleration<0 AND buy_days_5d<=2"", ""weak"": false}, ""Market-relative Performance"": {""raw"": {""excess_1d"": 7.454752213504778, ""excess_3d"": 4.405457391312263}, ""threshold"": ""both <0"", ""weak"": false}, ""Pocket Durability"": {""raw"": ""DURABLE"", ""threshold"": ""FRAGILE"", ""weak"": false}}",,NONE -> NEW_DISCOVERY,2026-07-22,True,True,PRODUCTION_SIGNAL_SNAPSHOT,FROZEN_TOP120_RAW_UNION,2026-07-22,2026-07-22,RECONSTRUCTED_NOT_PRODUCTION_EXACT,,,,NO_BARRIER_HIT,,,,,,,NO_BARRIER_HIT,2026-07-28,2026-07-27,2026-07-27,UNAVAILABLE_NOT_FABRICATED
2425,承啟,2026-07-22,2026-07-22,45.15,2026-07-23,2026-07-23,45.8,1.439645625692143,3.9867109634551534,-2.436323366555926,1,True,0,,13.0,-8.0,39.0,2.4258231755252715,1.4066329182860131,-6856981.549999993,ACTIVE,DURABLE,RISK_OFF,REACCELERATING,REACCELERATING,KEEP_SHADOW,"[""Institution Flow""]",1,[],"{""Momentum Rank"": {""raw"": {""rank_change_3d"": 39, ""days_outside_top120"": 0}, ""threshold"": ""rank_change_3d<0 OR outside>=2"", ""weak"": false}, ""Relative Strength Path"": {""raw"": {""rs_slope_3d"": 2.4258231755252715, ""rs_slope_5d"": 1.4066329182860131}, ""threshold"": ""slope3<0 AND (slope5<0 OR unavailable)"", ""weak"": false}, ""Institution Flow"": {""raw"": {""acceleration"": -6856981.549999993, ""buy_days_5d"": 1}, ""threshold"": ""acceleration<0 AND buy_days_5d<=2"", ""weak"": true}, ""Market-relative Performance"": {""raw"": {""excess_1d"": 1.3838072219878539, ""excess_3d"": 4.439788783503218}, ""threshold"": ""both <0"", ""weak"": false}, ""Pocket Durability"": {""raw"": ""DURABLE"", ""threshold"": ""FRAGILE"", ""weak"": false}}",NEW_DISCOVERY,NEW_DISCOVERY -> REACCELERATING,2026-07-23,True,True,PRODUCTION_SIGNAL_SNAPSHOT,FROZEN_TOP120_RAW_UNION,2026-07-23,2026-07-23,RECONSTRUCTED_NOT_PRODUCTION_EXACT,,,,NO_BARRIER_HIT,,,,,,,NO_BARRIER_HIT,2026-07-28,2026-07-27,2026-07-27,UNAVAILABLE_NOT_FABRICATED
2425,承啟,2026-07-22,2026-07-22,45.15,2026-07-24,2026-07-24,46.85,3.7652270210409844,6.0908084163898035,-2.436323366555926,2,True,0,,38.0,-25.0,66.0,2.029909244325708,,-3725999.9999999925,ACTIVE,FRAGILE,RISK_OFF,DETERIORATING,DETERIORATING,WARNING_SHADOW,"[""Institution Flow"", ""Pocket Durability""]",2,"[""Institution Flow""]","{""Momentum Rank"": {""raw"": {""rank_change_3d"": 66, ""days_outside_top120"": 0}, ""threshold"": ""rank_change_3d<0 OR outside>=2"", ""weak"": false}, ""Relative Strength Path"": {""raw"": {""rs_slope_3d"": 2.029909244325708, ""rs_slope_5d"": NaN}, ""threshold"": ""slope3<0 AND (slope5<0 OR unavailable)"", ""weak"": false}, ""Institution Flow"": {""raw"": {""acceleration"": -3725999.9999999925, ""buy_days_5d"": 1}, ""threshold"": ""acceleration<0 AND buy_days_5d<=2"", ""weak"": true}, ""Market-relative Performance"": {""raw"": {""excess_1d"": 4.959128037791228, ""excess_3d"": 14.19835463307708}, ""threshold"": ""both <0"", ""weak"": false}, ""Pocket Durability"": {""raw"": ""FRAGILE"", ""threshold"": ""FRAGILE"", ""weak"": true}}",REACCELERATING,REACCELERATING -> DETERIORATING,2026-07-24,True,True,PRODUCTION_SIGNAL_SNAPSHOT,FROZEN_TOP120_RAW_UNION,2026-07-24,2026-07-24,RECONSTRUCTED_NOT_PRODUCTION_EXACT,,,,NO_BARRIER_HIT,,,,,,,NO_BARRIER_HIT,2026-07-28,2026-07-27,2026-07-27,UNAVAILABLE_NOT_FABRICATED
2425,承啟,2026-07-22,2026-07-22,45.15,2026-07-27,2026-07-27,46.0,1.882613510520481,6.0908084163898035,-2.436323366555926,3,True,0,,,,,0.3113026819923353,1.3405513765795292,-203249945.6,ACTIVE,FRAGILE,RISK_OFF,DETERIORATING,DETERIORATING,REMOVE_SHADOW,"[""Institution Flow"", ""Pocket Durability""]",2,"[""Institution Flow"", ""Pocket Durability""]","{""Momentum Rank"": {""raw"": {""rank_change_3d"": NaN, ""days_outside_top120"": 0}, ""threshold"": ""rank_change_3d<0 OR outside>=2"", ""weak"": false}, ""Relative Strength Path"": {""raw"": {""rs_slope_3d"": 0.3113026819923353, ""rs_slope_5d"": 1.3405513765795292}, ""threshold"": ""slope3<0 AND (slope5<0 OR unavailable)"", ""weak"": false}, ""Institution Flow"": {""raw"": {""acceleration"": -203249945.6, ""buy_days_5d"": 1}, ""threshold"": ""acceleration<0 AND buy_days_5d<=2"", ""weak"": true}, ""Market-relative Performance"": {""raw"": {""excess_1d"": -1.7669980726767065, ""excess_3d"": 4.540882926021994}, ""threshold"": ""both <0"", ""weak"": false}, ""Pocket Durability"": {""raw"": ""FRAGILE"", ""threshold"": ""FRAGILE"", ""weak"": true}}",DETERIORATING,DETERIORATING -> DETERIORATING,2026-07-27,True,True,PRODUCTION_SIGNAL_SNAPSHOT,UNAVAILABLE_NOT_IMPUTED,2026-07-24,2026-07-24,RECONSTRUCTED_NOT_PRODUCTION_EXACT,,,,NO_BARRIER_HIT,,,,,,,NO_BARRIER_HIT,2026-07-28,2026-07-27,2026-07-27,UNAVAILABLE_NOT_FABRICATED
2615,萬海,2026-07-22,2026-07-22,85.1,2026-07-22,2026-07-22,85.1,0.0,0.0,0.0,0,True,0,,17.0,-3.0,167.0,,,1311090095.5999997,HIGH_ACTIVITY,DURABLE,RISK_OFF,NEW_DISCOVERY,HOLD_STRONG,KEEP_SHADOW,[],0,[],"{""Momentum Rank"": {""raw"": {""rank_change_3d"": 167, ""days_outside_top120"": 0}, ""threshold"": ""rank_change_3d<0 OR outside>=2"", ""weak"": false}, ""Relative Strength Path"": {""raw"": {""rs_slope_3d"": NaN, ""rs_slope_5d"": NaN}, ""threshold"": ""slope3<0 AND (slope5<0 OR unavailable)"", ""weak"": false}, ""Institution Flow"": {""raw"": {""acceleration"": 1311090095.5999997, ""buy_days_5d"": 4}, ""threshold"": ""acceleration<0 AND buy_days_5d<=2"", ""weak"": false}, ""Market-relative Performance"": {""raw"": {""excess_1d"": -1.4577994014055684, ""excess_3d"": 1.994937093999516}, ""threshold"": ""both <0"", ""weak"": false}, ""Pocket Durability"": {""raw"": ""DURABLE"", ""threshold"": ""FRAGILE"", ""weak"": false}}",,NONE -> NEW_DISCOVERY,2026-07-22,True,True,PRODUCTION_SIGNAL_SNAPSHOT,FROZEN_TOP120_RAW_UNION,2026-07-22,2026-07-22,RECONSTRUCTED_NOT_PRODUCTION_EXACT,,,,NO_BARRIER_HIT,,,,,,,NO_BARRIER_HIT,2026-07-28,2026-07-27,2026-07-27,UNAVAILABLE_NOT_FABRICATED
2615,萬海,2026-07-22,2026-07-22,85.1,2026-07-23,2026-07-23,84.5,-0.7050528789659172,0.5875440658049458,-1.762632197414804,1,False,1,,,,,,,1303835244.0999997,ACTIVE,DURABLE,RISK_OFF,HEALTHY_PULLBACK,HEALTHY_PULLBACK,KEEP_SHADOW,"[""Market-relative Performance""]",1,[],"{""Momentum Rank"": {""raw"": {""rank_change_3d"": NaN, ""days_outside_top120"": 1}, ""threshold"": ""rank_change_3d<0 OR outside>=2"", ""weak"": false}, ""Relative Strength Path"": {""raw"": {""rs_slope_3d"": NaN, ""rs_slope_5d"": NaN}, ""threshold"": ""slope3<0 AND (slope5<0 OR unavailable)"", ""weak"": false}, ""Institution Flow"": {""raw"": {""acceleration"": 1303835244.0999997, ""buy_days_5d"": 5}, ""threshold"": ""acceleration<0 AND buy_days_5d<=2"", ""weak"": false}, ""Market-relative Performance"": {""raw"": {""excess_1d"": -0.7608912826702063, ""excess_3d"": -0.6874209632717232}, ""threshold"": ""both <0"", ""weak"": true}, ""Pocket Durability"": {""raw"": ""DURABLE"", ""threshold"": ""FRAGILE"", ""weak"": false}}",NEW_DISCOVERY,NEW_DISCOVERY -> HEALTHY_PULLBACK,2026-07-23,True,False,PRODUCTION_SIGNAL_SNAPSHOT,UNAVAILABLE_NOT_IMPUTED,2026-07-23,2026-07-23,RECONSTRUCTED_NOT_PRODUCTION_EXACT,,,,NO_BARRIER_HIT,,,,,,,NO_BARRIER_HIT,2026-07-28,2026-07-27,2026-07-27,UNAVAILABLE_NOT_FABRICATED
2615,萬海,2026-07-22,2026-07-22,85.1,2026-07-24,2026-07-24,87.0,2.2326674500587673,3.290246768507643,-1.762632197414804,2,True,0,0.0,8.0,,6.0,1.9822913746378816,,-357830910.1999998,HIGH_ACTIVITY,DURABLE,RISK_OFF,REACCELERATING,REACCELERATING,KEEP_SHADOW,[],0,[],"{""Momentum Rank"": {""raw"": {""rank_change_3d"": 6, ""days_outside_top120"": 0}, ""threshold"": ""rank_change_3d<0 OR outside>=2"", ""weak"": false}, ""Relative Strength Path"": {""raw"": {""rs_slope_3d"": 1.9822913746378816, ""rs_slope_5d"": NaN}, ""threshold"": ""slope3<0 AND (slope5<0 OR unavailable)"", ""weak"": false}, ""Institution Flow"": {""raw"": {""acceleration"": -357830910.1999998, ""buy_days_5d"": 5}, ""threshold"": ""acceleration<0 AND buy_days_5d<=2"", ""weak"": false}, ""Market-relative Performance"": {""raw"": {""excess_1d"": 5.625131500234037, ""excess_3d"": 3.4194644243548566}, ""threshold"": ""both <0"", ""weak"": false}, ""Pocket Durability"": {""raw"": ""DURABLE"", ""threshold"": ""FRAGILE"", ""weak"": false}}",HEALTHY_PULLBACK,HEALTHY_PULLBACK -> REACCELERATING,2026-07-24,True,True,PRODUCTION_SIGNAL_SNAPSHOT,FROZEN_TOP120_RAW_UNION,2026-07-24,2026-07-24,RECONSTRUCTED_NOT_PRODUCTION_EXACT,,,,NO_BARRIER_HIT,,,,,,,NO_BARRIER_HIT,2026-07-28,2026-07-27,2026-07-27,UNAVAILABLE_NOT_FABRICATED
2615,萬海,2026-07-22,2026-07-22,85.1,2026-07-27,2026-07-27,84.0,-1.2925969447708519,3.290246768507643,-2.467685076380721,3,True,0,1.0,,,,0.14367816091953975,3.675368039522354,-1159788302.3999996,HIGH_ACTIVITY,DURABLE,RISK_OFF,REACCELERATING,REACCELERATING,KEEP_SHADOW,[],0,[],"{""Momentum Rank"": {""raw"": {""rank_change_3d"": NaN, ""days_outside_top120"": 0}, ""threshold"": ""rank_change_3d<0 OR outside>=2"", ""weak"": false}, ""Relative Strength Path"": {""raw"": {""rs_slope_3d"": 0.14367816091953975, ""rs_slope_5d"": 3.675368039522354}, ""threshold"": ""slope3<0 AND (slope5<0 OR unavailable)"", ""weak"": false}, ""Institution Flow"": {""raw"": {""acceleration"": -1159788302.3999996, ""buy_days_5d"": 4}, ""threshold"": ""acceleration<0 AND buy_days_5d<=2"", ""weak"": false}, ""Market-relative Performance"": {""raw"": {""excess_1d"": -3.400972974233396, ""excess_3d"": 1.3656724707306611}, ""threshold"": ""both <0"", ""weak"": false}, ""Pocket Durability"": {""raw"": ""DURABLE"", ""threshold"": ""FRAGILE"", ""weak"": false}}",REACCELERATING,REACCELERATING -> REACCELERATING,2026-07-27,True,True,PRODUCTION_SIGNAL_SNAPSHOT,UNAVAILABLE_NOT_IMPUTED,2026-07-24,2026-07-24,RECONSTRUCTED_NOT_PRODUCTION_EXACT,,,,NO_BARRIER_HIT,,,,,,,NO_BARRIER_HIT,2026-07-28,2026-07-27,2026-07-27,UNAVAILABLE_NOT_FABRICATED
5388,中磊,2026-07-22,2026-07-22,87.2,2026-07-22,2026-07-22,87.2,0.0,0.0,0.0,0,True,0,,27.0,27.0,96.0,,,-226207078.40000007,ACTIVE,DURABLE,RISK_OFF,NEW_DISCOVERY,HOLD_STRONG,KEEP_SHADOW,[],0,[],"{""Momentum Rank"": {""raw"": {""rank_change_3d"": 96, ""days_outside_top120"": 0}, ""threshold"": ""rank_change_3d<0 OR outside>=2"", ""weak"": false}, ""Relative Strength Path"": {""raw"": {""rs_slope_3d"": NaN, ""rs_slope_5d"": NaN}, ""threshold"": ""slope3<0 AND (slope5<0 OR unavailable)"", ""weak"": false}, ""Institution Flow"": {""raw"": {""acceleration"": -226207078.40000007, ""buy_days_5d"": 3}, ""threshold"": ""acceleration<0 AND buy_days_5d<=2"", ""weak"": false}, ""Market-relative Performance"": {""raw"": {""excess_1d"": 1.1272565669939505, ""excess_3d"": -0.367215314133551}, ""threshold"": ""both <0"", ""weak"": false}, ""Pocket Durability"": {""raw"": ""DURABLE"", ""threshold"": ""FRAGILE"", ""weak"": false}}",,NONE -> NEW_DISCOVERY,2026-07-22,True,True,PRODUCTION_SIGNAL_SNAPSHOT,FROZEN_TOP120_RAW_UNION,2026-07-22,2026-07-22,RECONSTRUCTED_NOT_PRODUCTION_EXACT,,,,NO_BARRIER_HIT,,,,,,,NO_BARRIER_HIT,2026-07-28,2026-07-27,2026-07-27,UNAVAILABLE_NOT_FABRICATED
5388,中磊,2026-07-22,2026-07-22,87.2,2026-07-23,2026-07-23,89.1,2.178899082568808,2.408256880733939,0.5733944954128489,1,True,0,,11.0,16.0,109.0,8.356762493483282,3.4303599277174044,596883894.6999999,ACTIVE,DURABLE,RISK_OFF,REACCELERATING,REACCELERATING,KEEP_SHADOW,[],0,[],"{""Momentum Rank"": {""raw"": {""rank_change_3d"": 109, ""days_outside_top120"": 0}, ""threshold"": ""rank_change_3d<0 OR outside>=2"", ""weak"": false}, ""Relative Strength Path"": {""raw"": {""rs_slope_3d"": 8.356762493483282, ""rs_slope_5d"": 3.4303599277174044}, ""threshold"": ""slope3<0 AND (slope5<0 OR unavailable)"", ""weak"": false}, ""Institution Flow"": {""raw"": {""acceleration"": 596883894.6999999, ""buy_days_5d"": 4}, ""threshold"": ""acceleration<0 AND buy_days_5d<=2"", ""weak"": false}, ""Market-relative Performance"": {""raw"": {""excess_1d"": 2.123060678864519, ""excess_3d"": 1.9523305895232879}, ""threshold"": ""both <0"", ""weak"": false}, ""Pocket Durability"": {""raw"": ""DURABLE"", ""threshold"": ""FRAGILE"", ""weak"": false}}",NEW_DISCOVERY,NEW_DISCOVERY -> REACCELERATING,2026-07-23,True,True,PRODUCTION_SIGNAL_SNAPSHOT,FROZEN_TOP120_RAW_UNION,2026-07-23,2026-07-23,RECONSTRUCTED_NOT_PRODUCTION_EXACT,,,,NO_BARRIER_HIT,,,,,,,NO_BARRIER_HIT,2026-07-28,2026-07-27,2026-07-27,UNAVAILABLE_NOT_FABRICATED
5388,中磊,2026-07-22,2026-07-22,87.2,2026-07-24,2026-07-24,88.7,1.7201834862385246,3.7844036697247674,0.5733944954128489,2,True,0,,5.0,6.0,49.0,4.158008872177973,,415876104.1,ACTIVE,FRAGILE,RISK_OFF,REACCELERATING,REACCELERATING,KEEP_SHADOW,"[""Pocket Durability""]",1,[],"{""Momentum Rank"": {""raw"": {""rank_change_3d"": 49, ""days_outside_top120"": 0}, ""threshold"": ""rank_change_3d<0 OR outside>=2"", ""weak"": false}, ""Relative Strength Path"": {""raw"": {""rs_slope_3d"": 4.158008872177973, ""rs_slope_5d"": NaN}, ""threshold"": ""slope3<0 AND (slope5<0 OR unavailable)"", ""weak"": false}, ""Institution Flow"": {""raw"": {""acceleration"": 415876104.1, ""buy_days_5d"": 4}, ""threshold"": ""acceleration<0 AND buy_days_5d<=2"", ""weak"": false}, ""Market-relative Performance"": {""raw"": {""excess_1d"": 2.2176178363101373, ""excess_3d"": 5.537105641812379}, ""threshold"": ""both <0"", ""weak"": false}, ""Pocket Durability"": {""raw"": ""FRAGILE"", ""threshold"": ""FRAGILE"", ""weak"": true}}",REACCELERATING,REACCELERATING -> REACCELERATING,2026-07-24,True,True,PRODUCTION_SIGNAL_SNAPSHOT,FROZEN_TOP120_RAW_UNION,2026-07-24,2026-07-24,RECONSTRUCTED_NOT_PRODUCTION_EXACT,,,,NO_BARRIER_HIT,,,,,,,NO_BARRIER_HIT,2026-07-28,2026-07-27,2026-07-27,UNAVAILABLE_NOT_FABRICATED
5388,中磊,2026-07-22,2026-07-22,87.2,2026-07-27,2026-07-27,90.6,3.8990825688073327,8.600917431192666,0.5733944954128489,3,True,0,,,,,1.7480842911877374,5.991068990342842,357222871.9000001,ACTIVE,FRAGILE,RISK_OFF,REACCELERATING,REACCELERATING,KEEP_SHADOW,"[""Pocket Durability""]",1,"[""Pocket Durability""]","{""Momentum Rank"": {""raw"": {""rank_change_3d"": NaN, ""days_outside_top120"": 0}, ""threshold"": ""rank_change_3d<0 OR outside>=2"", ""weak"": false}, ""Relative Strength Path"": {""raw"": {""rs_slope_3d"": 1.7480842911877374, ""rs_slope_5d"": 5.991068990342842}, ""threshold"": ""slope3<0 AND (slope5<0 OR unavailable)"", ""weak"": false}, ""Institution Flow"": {""raw"": {""acceleration"": 357222871.9000001, ""buy_days_5d"": 5}, ""threshold"": ""acceleration<0 AND buy_days_5d<=2"", ""weak"": false}, ""Market-relative Performance"": {""raw"": {""excess_1d"": 2.1893547480384967, ""excess_3d"": 6.557351984308846}, ""threshold"": ""both <0"", ""weak"": false}, ""Pocket Durability"": {""raw"": ""FRAGILE"", ""threshold"": ""FRAGILE"", ""weak"": true}}",REACCELERATING,REACCELERATING -> REACCELERATING,2026-07-27,True,True,PRODUCTION_SIGNAL_SNAPSHOT,UNAVAILABLE_NOT_IMPUTED,2026-07-24,2026-07-24,RECONSTRUCTED_NOT_PRODUCTION_EXACT,,,,NO_BARRIER_HIT,,,,,,,NO_BARRIER_HIT,2026-07-28,2026-07-27,2026-07-27,UNAVAILABLE_NOT_FABRICATED
6414,樺漢,2026-07-22,2026-07-22,490.0,2026-07-22,2026-07-22,490.0,0.0,0.0,0.0,0,True,0,,3.0,2.0,,,,-170630940.5,ACTIVE,DURABLE,RISK_OFF,NEW_DISCOVERY,HOLD_STRONG,KEEP_SHADOW,[],0,[],"{""Momentum Rank"": {""raw"": {""rank_change_3d"": NaN, ""days_outside_top120"": 0}, ""threshold"": ""rank_change_3d<0 OR outside>=2"", ""weak"": false}, ""Relative Strength Path"": {""raw"": {""rs_slope_3d"": NaN, ""rs_slope_5d"": NaN}, ""threshold"": ""slope3<0 AND (slope5<0 OR unavailable)"", ""weak"": false}, ""Institution Flow"": {""raw"": {""acceleration"": -170630940.5, ""buy_days_5d"": 5}, ""threshold"": ""acceleration<0 AND buy_days_5d<=2"", ""weak"": false}, ""Market-relative Performance"": {""raw"": {""excess_1d"": 8.648348146056549, ""excess_3d"": 19.001544848159213}, ""threshold"": ""both <0"", ""weak"": false}, ""Pocket Durability"": {""raw"": ""DURABLE"", ""threshold"": ""FRAGILE"", ""weak"": false}}",,NONE -> NEW_DISCOVERY,2026-07-22,True,True,PRODUCTION_SIGNAL_SNAPSHOT,FROZEN_TOP120_RAW_UNION,2026-07-22,2026-07-22,RECONSTRUCTED_NOT_PRODUCTION_EXACT,,,,HIT_LOSER_FIRST,,2026-07-27,2026-07-27,,,,HIT_LOSER_FIRST,2026-07-28,2026-07-27,2026-07-27,UNAVAILABLE_NOT_FABRICATED
6414,樺漢,2026-07-22,2026-07-22,490.0,2026-07-23,2026-07-23,503.0,2.6530612244898055,3.0612244897959107,-2.6530612244897944,1,True,0,,3.0,0.0,6.0,2.9763825790488503,,527004480.5,ACTIVE,DURABLE,RISK_OFF,REACCELERATING,REACCELERATING,KEEP_SHADOW,[],0,[],"{""Momentum Rank"": {""raw"": {""rank_change_3d"": 6, ""days_outside_top120"": 0}, ""threshold"": ""rank_change_3d<0 OR outside>=2"", ""weak"": false}, ""Relative Strength Path"": {""raw"": {""rs_slope_3d"": 2.9763825790488503, ""rs_slope_5d"": NaN}, ""threshold"": ""slope3<0 AND (slope5<0 OR unavailable)"", ""weak"": false}, ""Institution Flow"": {""raw"": {""acceleration"": 527004480.5, ""buy_days_5d"": 5}, ""threshold"": ""acceleration<0 AND buy_days_5d<=2"", ""weak"": false}, ""Market-relative Performance"": {""raw"": {""excess_1d"": 2.5972228207855164, ""excess_3d"": 18.54116580154692}, ""threshold"": ""both <0"", ""weak"": false}, ""Pocket Durability"": {""raw"": ""DURABLE"", ""threshold"": ""FRAGILE"", ""weak"": false}}",NEW_DISCOVERY,NEW_DISCOVERY -> REACCELERATING,2026-07-23,True,True,PRODUCTION_SIGNAL_SNAPSHOT,FROZEN_TOP120_RAW_UNION,2026-07-23,2026-07-23,RECONSTRUCTED_NOT_PRODUCTION_EXACT,,,,HIT_LOSER_FIRST,,2026-07-27,2026-07-27,,,,HIT_LOSER_FIRST,2026-07-28,2026-07-27,2026-07-27,UNAVAILABLE_NOT_FABRICATED
6414,樺漢,2026-07-22,2026-07-22,490.0,2026-07-24,2026-07-24,500.0,2.0408163265306145,6.530612244897949,-2.6530612244897944,2,True,0,,33.0,-30.0,-28.0,0.78868385032735,,786566167.5,ACTIVE,FRAGILE,RISK_OFF,DETERIORATING,DETERIORATING,WARNING_SHADOW,"[""Momentum Rank"", ""Pocket Durability""]",2,[],"{""Momentum Rank"": {""raw"": {""rank_change_3d"": -28, ""days_outside_top120"": 0}, ""threshold"": ""rank_change_3d<0 OR outside>=2"", ""weak"": true}, ""Relative Strength Path"": {""raw"": {""rs_slope_3d"": 0.78868385032735, ""rs_slope_5d"": NaN}, ""threshold"": ""slope3<0 AND (slope5<0 OR unavailable)"", ""weak"": false}, ""Institution Flow"": {""raw"": {""acceleration"": 786566167.5, ""buy_days_5d"": 5}, ""threshold"": ""acceleration<0 AND buy_days_5d<=2"", ""weak"": false}, ""Market-relative Performance"": {""raw"": {""excess_1d"": 2.070130147404281, ""excess_3d"": 13.540233934795733}, ""threshold"": ""both <0"", ""weak"": false}, ""Pocket Durability"": {""raw"": ""FRAGILE"", ""threshold"": ""FRAGILE"", ""weak"": true}}",REACCELERATING,REACCELERATING -> DETERIORATING,2026-07-24,True,True,PRODUCTION_SIGNAL_SNAPSHOT,FROZEN_TOP120_RAW_UNION,2026-07-24,2026-07-24,RECONSTRUCTED_NOT_PRODUCTION_EXACT,,,,HIT_LOSER_FIRST,,2026-07-27,2026-07-27,,,,HIT_LOSER_FIRST,2026-07-28,2026-07-27,2026-07-27,UNAVAILABLE_NOT_FABRICATED
6414,樺漢,2026-07-22,2026-07-22,490.0,2026-07-27,2026-07-27,469.0,-4.285714285714281,6.530612244897949,-6.530612244897959,3,True,0,,,,,0.16762452107279557,1.7139904669695398,847877974.5,ACTIVE,FRAGILE,RISK_OFF,DETERIORATING,DETERIORATING,RISK_BREACHED,"[""Market-relative Performance"", ""Pocket Durability""]",2,"[""Pocket Durability""]","{""Momentum Rank"": {""raw"": {""rank_change_3d"": NaN, ""days_outside_top120"": 0}, ""threshold"": ""rank_change_3d<0 OR outside>=2"", ""weak"": false}, ""Relative Strength Path"": {""raw"": {""rs_slope_3d"": 0.16762452107279557, ""rs_slope_5d"": 1.7139904669695398}, ""threshold"": ""slope3<0 AND (slope5<0 OR unavailable)"", ""weak"": false}, ""Institution Flow"": {""raw"": {""acceleration"": 847877974.5, ""buy_days_5d"": 5}, ""threshold"": ""acceleration<0 AND buy_days_5d<=2"", ""weak"": false}, ""Market-relative Performance"": {""raw"": {""excess_1d"": -6.15269711216444, ""excess_3d"": -1.6274448702127682}, ""threshold"": ""both <0"", ""weak"": true}, ""Pocket Durability"": {""raw"": ""FRAGILE"", ""threshold"": ""FRAGILE"", ""weak"": true}}",DETERIORATING,DETERIORATING -> DETERIORATING,2026-07-27,True,True,PRODUCTION_SIGNAL_SNAPSHOT,UNAVAILABLE_NOT_IMPUTED,2026-07-24,2026-07-24,RECONSTRUCTED_NOT_PRODUCTION_EXACT,,,,HIT_LOSER_FIRST,,2026-07-27,2026-07-27,,,,NO_BARRIER_HIT,2026-07-28,2026-07-27,2026-07-27,UNAVAILABLE_NOT_FABRICATED
6416,瑞祺電通,2026-07-22,2026-07-22,106.0,2026-07-22,2026-07-22,106.0,0.0,0.0,0.0,0,True,0,,4.0,0.0,33.0,1.7035337247443418,,70706508.9,ACTIVE,DURABLE,RISK_OFF,NEW_DISCOVERY,HOLD_STRONG,KEEP_SHADOW,[],0,[],"{""Momentum Rank"": {""raw"": {""rank_change_3d"": 33, ""days_outside_top120"": 0}, ""threshold"": ""rank_change_3d<0 OR outside>=2"", ""weak"": false}, ""Relative Strength Path"": {""raw"": {""rs_slope_3d"": 1.7035337247443418, ""rs_slope_5d"": NaN}, ""threshold"": ""slope3<0 AND (slope5<0 OR unavailable)"", ""weak"": false}, ""Institution Flow"": {""raw"": {""acceleration"": 70706508.9, ""buy_days_5d"": 4}, ""threshold"": ""acceleration<0 AND buy_days_5d<=2"", ""weak"": false}, ""Market-relative Performance"": {""raw"": {""excess_1d"": 5.2994105248184376, ""excess_3d"": 11.051678639943164}, ""threshold"": ""both <0"", ""weak"": false}, ""Pocket Durability"": {""raw"": ""DURABLE"", ""threshold"": ""FRAGILE"", ""weak"": false}}",,NONE -> NEW_DISCOVERY,2026-07-22,True,True,PRODUCTION_SIGNAL_SNAPSHOT,FROZEN_TOP120_RAW_UNION,2026-07-22,2026-07-22,RECONSTRUCTED_NOT_PRODUCTION_EXACT,,,,NO_BARRIER_HIT,,,,,,,NO_BARRIER_HIT,2026-07-28,2026-07-27,2026-07-27,UNAVAILABLE_NOT_FABRICATED
6416,瑞祺電通,2026-07-22,2026-07-22,106.0,2026-07-23,2026-07-23,106.5,0.4716981132075526,2.358490566037741,-1.4150943396226467,1,True,0,,12.0,-8.0,6.0,2.1844976539807845,1.2489685702733708,74338576.2,ACTIVE,DURABLE,RISK_OFF,REACCELERATING,REACCELERATING,KEEP_SHADOW,[],0,[],"{""Momentum Rank"": {""raw"": {""rank_change_3d"": 6, ""days_outside_top120"": 0}, ""threshold"": ""rank_change_3d<0 OR outside>=2"", ""weak"": false}, ""Relative Strength Path"": {""raw"": {""rs_slope_3d"": 2.1844976539807845, ""rs_slope_5d"": 1.2489685702733708}, ""threshold"": ""slope3<0 AND (slope5<0 OR unavailable)"", ""weak"": false}, ""Institution Flow"": {""raw"": {""acceleration"": 74338576.2, ""buy_days_5d"": 4}, ""threshold"": ""acceleration<0 AND buy_days_5d<=2"", ""weak"": false}, ""Market-relative Performance"": {""raw"": {""excess_1d"": 0.41585970950326345, ""excess_3d"": 12.153369450623707}, ""threshold"": ""both <0"", ""weak"": false}, ""Pocket Durability"": {""raw"": ""DURABLE"", ""threshold"": ""FRAGILE"", ""weak"": false}}",NEW_DISCOVERY,NEW_DISCOVERY -> REACCELERATING,2026-07-23,True,True,PRODUCTION_SIGNAL_SNAPSHOT,FROZEN_TOP120_RAW_UNION,2026-07-23,2026-07-23,RECONSTRUCTED_NOT_PRODUCTION_EXACT,,,,NO_BARRIER_HIT,,,,,,,HIT_LOSER_FIRST,2026-07-28,2026-07-27,2026-07-27,UNAVAILABLE_NOT_FABRICATED
6416,瑞祺電通,2026-07-22,2026-07-22,106.0,2026-07-24,2026-07-24,103.5,-2.358490566037741,3.7735849056603765,-2.8301886792452824,2,True,0,,9.0,3.0,-5.0,0.525445670278207,1.1370627635822388,8191539.999999996,ACTIVE,FRAGILE,RISK_OFF,DETERIORATING,DETERIORATING,WARNING_SHADOW,"[""Momentum Rank"", ""Pocket Durability""]",2,[],"{""Momentum Rank"": {""raw"": {""rank_change_3d"": -5, ""days_outside_top120"": 0}, ""threshold"": ""rank_change_3d<0 OR outside>=2"", ""weak"": true}, ""Relative Strength Path"": {""raw"": {""rs_slope_3d"": 0.525445670278207, ""rs_slope_5d"": 1.1370627635822388}, ""threshold"": ""slope3<0 AND (slope5<0 OR unavailable)"", ""weak"": false}, ""Institution Flow"": {""raw"": {""acceleration"": 8191539.999999996, ""buy_days_5d"": 3}, ""threshold"": ""acceleration<0 AND buy_days_5d<=2"", ""weak"": false}, ""Market-relative Performance"": {""raw"": {""excess_1d"": -0.1503497898734607, ""excess_3d"": 5.4315368589624935}, ""threshold"": ""both <0"", ""weak"": false}, ""Pocket Durability"": {""raw"": ""FRAGILE"", ""threshold"": ""FRAGILE"", ""weak"": true}}",REACCELERATING,REACCELERATING -> DETERIORATING,2026-07-24,True,False,PRODUCTION_SIGNAL_SNAPSHOT,FROZEN_TOP120_RAW_UNION,2026-07-24,2026-07-24,RECONSTRUCTED_NOT_PRODUCTION_EXACT,,,,NO_BARRIER_HIT,,,,,,,NO_BARRIER_HIT,2026-07-28,2026-07-27,2026-07-27,UNAVAILABLE_NOT_FABRICATED
6416,瑞祺電通,2026-07-22,2026-07-22,106.0,2026-07-27,2026-07-27,102.0,-3.7735849056603765,3.7735849056603765,-5.754716981132068,3,True,0,,,,,0.19157088122605614,1.2388595119287005,-75890484.7,ACTIVE,FRAGILE,RISK_OFF,DETERIORATING,DETERIORATING,WARNING_SHADOW,"[""Institution Flow"", ""Market-relative Performance"", ""Pocket Durability""]",3,"[""Pocket Durability""]","{""Momentum Rank"": {""raw"": {""rank_change_3d"": NaN, ""days_outside_top120"": 0}, ""threshold"": ""rank_change_3d<0 OR outside>=2"", ""weak"": false}, ""Relative Strength Path"": {""raw"": {""rs_slope_3d"": 0.19157088122605614, ""rs_slope_5d"": 1.2388595119287005}, ""threshold"": ""slope3<0 AND (slope5<0 OR unavailable)"", ""weak"": false}, ""Institution Flow"": {""raw"": {""acceleration"": -75890484.7, ""buy_days_5d"": 2}, ""threshold"": ""acceleration<0 AND buy_days_5d<=2"", ""weak"": true}, ""Market-relative Performance"": {""raw"": {""excess_1d"": -1.4019724744832707, ""excess_3d"": -1.1153154901588636}, ""threshold"": ""both <0"", ""weak"": true}, ""Pocket Durability"": {""raw"": ""FRAGILE"", ""threshold"": ""FRAGILE"", ""weak"": true}}",DETERIORATING,DETERIORATING -> DETERIORATING,2026-07-27,True,True,PRODUCTION_SIGNAL_SNAPSHOT,UNAVAILABLE_NOT_IMPUTED,2026-07-24,2026-07-24,RECONSTRUCTED_NOT_PRODUCTION_EXACT,,,,NO_BARRIER_HIT,,,,,,,NO_BARRIER_HIT,2026-07-28,2026-07-27,2026-07-27,UNAVAILABLE_NOT_FABRICATED
1434,福懋,2026-07-23,2026-07-23,19.5,2026-07-23,2026-07-23,19.5,0.0,0.0,0.0,0,True,0,,110.0,19.0,,,0.37275870320403326,155954393.40000004,ACTIVE,DURABLE,RISK_OFF,NEW_DISCOVERY,HOLD_STRONG,KEEP_SHADOW,[],0,[],"{""Momentum Rank"": {""raw"": {""rank_change_3d"": NaN, ""days_outside_top120"": 0}, ""threshold"": ""rank_change_3d<0 OR outside>=2"", ""weak"": false}, ""Relative Strength Path"": {""raw"": {""rs_slope_3d"": NaN, ""rs_slope_5d"": 0.37275870320403326}, ""threshold"": ""slope3<0 AND (slope5<0 OR unavailable)"", ""weak"": false}, ""Institution Flow"": {""raw"": {""acceleration"": 155954393.40000004, ""buy_days_5d"": 3}, ""threshold"": ""acceleration<0 AND buy_days_5d<=2"", ""weak"": false}, ""Market-relative Performance"": {""raw"": {""excess_1d"": 1.5066615962957108, ""excess_3d"": -0.5350712621115417}, ""threshold"": ""both <0"", ""weak"": false}, ""Pocket Durability"": {""raw"": ""DURABLE"", ""threshold"": ""FRAGILE"", ""weak"": false}}",,NONE -> NEW_DISCOVERY,2026-07-23,True,True,PRODUCTION_SIGNAL_SNAPSHOT,FROZEN_TOP120_RAW_UNION,2026-07-23,2026-07-23,RECONSTRUCTED_NOT_PRODUCTION_EXACT,,,,HIT_LOSER_FIRST,,2026-07-27,2026-07-27,,,,HIT_LOSER_FIRST,2026-07-28,2026-07-27,2026-07-27,UNAVAILABLE_NOT_FABRICATED
1434,福懋,2026-07-23,2026-07-23,19.5,2026-07-24,2026-07-24,19.15,-1.7948717948717996,0.0,-3.589743589743588,1,False,1,,,,,,,85744222.05000004,ACTIVE,FRAGILE,RISK_OFF,HEALTHY_PULLBACK,HEALTHY_PULLBACK,KEEP_SHADOW,"[""Pocket Durability""]",1,[],"{""Momentum Rank"": {""raw"": {""rank_change_3d"": NaN, ""days_outside_top120"": 1}, ""threshold"": ""rank_change_3d<0 OR outside>=2"", ""weak"": false}, ""Relative Strength Path"": {""raw"": {""rs_slope_3d"": NaN, ""rs_slope_5d"": NaN}, ""threshold"": ""slope3<0 AND (slope5<0 OR unavailable)"", ""weak"": false}, ""Institution Flow"": {""raw"": {""acceleration"": 85744222.05000004, ""buy_days_5d"": 3}, ""threshold"": ""acceleration<0 AND buy_days_5d<=2"", ""weak"": false}, ""Market-relative Performance"": {""raw"": {""excess_1d"": 0.8716798237054402, ""excess_3d"": 2.096262052227349}, ""threshold"": ""both <0"", ""weak"": false}, ""Pocket Durability"": {""raw"": ""FRAGILE"", ""threshold"": ""FRAGILE"", ""weak"": true}}",NEW_DISCOVERY,NEW_DISCOVERY -> HEALTHY_PULLBACK,2026-07-24,True,False,PRODUCTION_SIGNAL_SNAPSHOT,UNAVAILABLE_NOT_IMPUTED,2026-07-24,2026-07-24,RECONSTRUCTED_NOT_PRODUCTION_EXACT,,,,HIT_LOSER_FIRST,,2026-07-27,2026-07-27,,,,NO_BARRIER_HIT,2026-07-28,2026-07-27,2026-07-27,UNAVAILABLE_NOT_FABRICATED
1434,福懋,2026-07-23,2026-07-23,19.5,2026-07-27,2026-07-27,18.5,-5.128205128205132,0.0,-6.666666666666665,2,,1,,,,,,,-14900722.849999994,ACTIVE,FRAGILE,RISK_OFF,DETERIORATING,DETERIORATING,RISK_BREACHED,"[""Institution Flow"", ""Market-relative Performance"", ""Pocket Durability""]",3,"[""Pocket Durability""]","{""Momentum Rank"": {""raw"": {""rank_change_3d"": NaN, ""days_outside_top120"": 1}, ""threshold"": ""rank_change_3d<0 OR outside>=2"", ""weak"": false}, ""Relative Strength Path"": {""raw"": {""rs_slope_3d"": NaN, ""rs_slope_5d"": NaN}, ""threshold"": ""slope3<0 AND (slope5<0 OR unavailable)"", ""weak"": false}, ""Institution Flow"": {""raw"": {""acceleration"": -14900722.849999994, ""buy_days_5d"": 2}, ""threshold"": ""acceleration<0 AND buy_days_5d<=2"", ""weak"": true}, ""Market-relative Performance"": {""raw"": {""excess_1d"": -3.3469529868380588, ""excess_3d"": -0.987563917831813}, ""threshold"": ""both <0"", ""weak"": true}, ""Pocket Durability"": {""raw"": ""FRAGILE"", ""threshold"": ""FRAGILE"", ""weak"": true}}",HEALTHY_PULLBACK,HEALTHY_PULLBACK -> DETERIORATING,2026-07-27,True,False,PRODUCTION_SIGNAL_SNAPSHOT,UNAVAILABLE_NOT_IMPUTED,2026-07-24,2026-07-24,RECONSTRUCTED_NOT_PRODUCTION_EXACT,,,,HIT_LOSER_FIRST,,2026-07-27,2026-07-27,,,,NO_BARRIER_HIT,2026-07-28,2026-07-27,2026-07-27,UNAVAILABLE_NOT_FABRICATED
1709,和益,2026-07-23,2026-07-23,27.2,2026-07-23,2026-07-23,27.2,0.0,0.0,0.0,0,True,0,,10.0,2.0,-6.0,0.264858121695094,0.2582596892508519,-27586953.60000001,ACTIVE,DURABLE,RISK_OFF,NEW_DISCOVERY,RESERVE,WARNING_SHADOW,"[""Market-relative Performance"", ""Momentum Rank""]",2,[],"{""Momentum Rank"": {""raw"": {""rank_change_3d"": -6, ""days_outside_top120"": 0}, ""threshold"": ""rank_change_3d<0 OR outside>=2"", ""weak"": true}, ""Relative Strength Path"": {""raw"": {""rs_slope_3d"": 0.264858121695094, ""rs_slope_5d"": 0.2582596892508519}, ""threshold"": ""slope3<0 AND (slope5<0 OR unavailable)"", ""weak"": false}, ""Institution Flow"": {""raw"": {""acceleration"": -27586953.60000001, ""buy_days_5d"": 3}, ""threshold"": ""acceleration<0 AND buy_days_5d<=2"", ""weak"": false}, ""Market-relative Performance"": {""raw"": {""excess_1d"": -2.564798977180993, ""excess_3d"": -1.8395711695208483}, ""threshold"": ""both <0"", ""weak"": true}, ""Pocket Durability"": {""raw"": ""DURABLE"", ""threshold"": ""FRAGILE"", ""weak"": false}}",,NONE -> NEW_DISCOVERY,2026-07-23,True,True,PRODUCTION_SIGNAL_SNAPSHOT,FROZEN_TOP120_RAW_UNION,2026-07-23,2026-07-23,RECONSTRUCTED_NOT_PRODUCTION_EXACT,,,,NO_BARRIER_HIT,,,,,,,NO_BARRIER_HIT,2026-07-28,2026-07-27,2026-07-27,UNAVAILABLE_NOT_FABRICATED
1709,和益,2026-07-23,2026-07-23,27.2,2026-07-24,2026-07-24,26.25,-3.492647058823528,4.044117647058831,-3.860294117647056,1,True,0,,3.0,7.0,8.0,-0.07256056333382806,0.08682709005209688,5613824.850000005,ACTIVE,FRAGILE,RISK_OFF,DETERIORATING,DETERIORATING,WARNING_SHADOW,"[""Market-relative Performance"", ""Pocket Durability""]",2,"[""Market-relative Performance""]","{""Momentum Rank"": {""raw"": {""rank_change_3d"": 8, ""days_outside_top120"": 0}, ""threshold"": ""rank_change_3d<0 OR outside>=2"", ""weak"": false}, ""Relative Strength Path"": {""raw"": {""rs_slope_3d"": -0.07256056333382806, ""rs_slope_5d"": 0.08682709005209688}, ""threshold"": ""slope3<0 AND (slope5<0 OR unavailable)"", ""weak"": false}, ""Institution Flow"": {""raw"": {""acceleration"": 5613824.850000005, ""buy_days_5d"": 3}, ""threshold"": ""acceleration<0 AND buy_days_5d<=2"", ""weak"": false}, ""Market-relative Performance"": {""raw"": {""excess_1d"": -0.8260954402462883, ""excess_3d"": -5.276841525221609}, ""threshold"": ""both <0"", ""weak"": true}, ""Pocket Durability"": {""raw"": ""FRAGILE"", ""threshold"": ""FRAGILE"", ""weak"": true}}",NEW_DISCOVERY,NEW_DISCOVERY -> DETERIORATING,2026-07-24,True,True,PRODUCTION_SIGNAL_SNAPSHOT,FROZEN_TOP120_RAW_UNION,2026-07-24,2026-07-24,RECONSTRUCTED_NOT_PRODUCTION_EXACT,,,,NO_BARRIER_HIT,,,,,,,NO_BARRIER_HIT,2026-07-28,2026-07-27,2026-07-27,UNAVAILABLE_NOT_FABRICATED
1709,和益,2026-07-23,2026-07-23,27.2,2026-07-27,2026-07-27,25.95,-4.595588235294112,4.044117647058831,-5.330882352941169,2,,0,,,,,,,43723232.00000001,ACTIVE,FRAGILE,RISK_OFF,DETERIORATING,DETERIORATING,REMOVE_SHADOW,"[""Market-relative Performance"", ""Pocket Durability""]",2,"[""Market-relative Performance"", ""Pocket Durability""]","{""Momentum Rank"": {""raw"": {""rank_change_3d"": NaN, ""days_outside_top120"": 0}, ""threshold"": ""rank_change_3d<0 OR outside>=2"", ""weak"": false}, ""Relative Strength Path"": {""raw"": {""rs_slope_3d"": NaN, ""rs_slope_5d"": NaN}, ""threshold"": ""slope3<0 AND (slope5<0 OR unavailable)"", ""weak"": false}, ""Institution Flow"": {""raw"": {""acceleration"": 43723232.00000001, ""buy_days_5d"": 3}, ""threshold"": ""acceleration<0 AND buy_days_5d<=2"", ""weak"": false}, ""Market-relative Performance"": {""raw"": {""excess_1d"": -1.0955542550215802, ""excess_3d"": -4.330977896326438}, ""threshold"": ""both <0"", ""weak"": true}, ""Pocket Durability"": {""raw"": ""FRAGILE"", ""threshold"": ""FRAGILE"", ""weak"": true}}",DETERIORATING,DETERIORATING -> DETERIORATING,2026-07-27,True,False,PRODUCTION_SIGNAL_SNAPSHOT,UNAVAILABLE_NOT_IMPUTED,2026-07-24,2026-07-24,RECONSTRUCTED_NOT_PRODUCTION_EXACT,,,,NO_BARRIER_HIT,,,,,,,NO_BARRIER_HIT,2026-07-28,2026-07-27,2026-07-27,UNAVAILABLE_NOT_FABRICATED
2103,台橡,2026-07-23,2026-07-23,23.85,2026-07-23,2026-07-23,23.85,0.0,0.0,0.0,0,True,0,,116.0,,-91.0,-0.06620160042369132,0.07063230767961101,51351184.34999999,ACTIVE,DURABLE,RISK_OFF,NEW_DISCOVERY,RESERVE,WARNING_SHADOW,"[""Market-relative Performance"", ""Momentum Rank""]",2,[],"{""Momentum Rank"": {""raw"": {""rank_change_3d"": -91, ""days_outside_top120"": 0}, ""threshold"": ""rank_change_3d<0 OR outside>=2"", ""weak"": true}, ""Relative Strength Path"": {""raw"": {""rs_slope_3d"": -0.06620160042369132, ""rs_slope_5d"": 0.07063230767961101}, ""threshold"": ""slope3<0 AND (slope5<0 OR unavailable)"", ""weak"": false}, ""Institution Flow"": {""raw"": {""acceleration"": 51351184.34999999, ""buy_days_5d"": 3}, ""threshold"": ""acceleration<0 AND buy_days_5d<=2"", ""weak"": false}, ""Market-relative Performance"": {""raw"": {""excess_1d"": -1.298074428549001, ""excess_3d"": -2.1856492275096118}, ""threshold"": ""both <0"", ""weak"": true}, ""Pocket Durability"": {""raw"": ""DURABLE"", ""threshold"": ""FRAGILE"", ""weak"": false}}",,NONE -> NEW_DISCOVERY,2026-07-23,True,True,PRODUCTION_SIGNAL_SNAPSHOT,FROZEN_TOP120_RAW_UNION,2026-07-23,2026-07-23,RECONSTRUCTED_NOT_PRODUCTION_EXACT,,,,HIT_LOSER_FIRST,,2026-07-27,2026-07-27,,,,HIT_LOSER_FIRST,2026-07-28,2026-07-27,2026-07-27,UNAVAILABLE_NOT_FABRICATED
2103,台橡,2026-07-23,2026-07-23,23.85,2026-07-24,2026-07-24,23.3,-2.3060796645702375,0.6289308176100628,-3.563941299790363,1,False,1,,,,,,,-28874872.300000004,ACTIVE,FRAGILE,RISK_OFF,HEALTHY_PULLBACK,HEALTHY_PULLBACK,KEEP_SHADOW,"[""Pocket Durability""]",1,[],"{""Momentum Rank"": {""raw"": {""rank_change_3d"": NaN, ""days_outside_top120"": 1}, ""threshold"": ""rank_change_3d<0 OR outside>=2"", ""weak"": false}, ""Relative Strength Path"": {""raw"": {""rs_slope_3d"": NaN, ""rs_slope_5d"": NaN}, ""threshold"": ""slope3<0 AND (slope5<0 OR unavailable)"", ""weak"": false}, ""Institution Flow"": {""raw"": {""acceleration"": -28874872.300000004, ""buy_days_5d"": 3}, ""threshold"": ""acceleration<0 AND buy_days_5d<=2"", ""weak"": false}, ""Market-relative Performance"": {""raw"": {""excess_1d"": 0.36047195400700227, ""excess_3d"": -0.17312706538696876}, ""threshold"": ""both <0"", ""weak"": false}, ""Pocket Durability"": {""raw"": ""FRAGILE"", ""threshold"": ""FRAGILE"", ""weak"": true}}",NEW_DISCOVERY,NEW_DISCOVERY -> HEALTHY_PULLBACK,2026-07-24,True,False,PRODUCTION_SIGNAL_SNAPSHOT,UNAVAILABLE_NOT_IMPUTED,2026-07-24,2026-07-24,RECONSTRUCTED_NOT_PRODUCTION_EXACT,,,,HIT_LOSER_FIRST,,2026-07-27,2026-07-27,,,,NO_BARRIER_HIT,2026-07-28,2026-07-27,2026-07-27,UNAVAILABLE_NOT_FABRICATED
2103,台橡,2026-07-23,2026-07-23,23.85,2026-07-27,2026-07-27,22.2,-6.918238993710702,0.6289308176100628,-7.756813417190777,2,,1,,,,,,,-31291763.600000005,ACTIVE,FRAGILE,RISK_OFF,DETERIORATING,DETERIORATING,RISK_BREACHED,"[""Institution Flow"", ""Market-relative Performance"", ""Pocket Durability""]",3,"[""Pocket Durability""]","{""Momentum Rank"": {""raw"": {""rank_change_3d"": NaN, ""days_outside_top120"": 1}, ""threshold"": ""rank_change_3d<0 OR outside>=2"", ""weak"": false}, ""Relative Strength Path"": {""raw"": {""rs_slope_3d"": NaN, ""rs_slope_5d"": NaN}, ""threshold"": ""slope3<0 AND (slope5<0 OR unavailable)"", ""weak"": false}, ""Institution Flow"": {""raw"": {""acceleration"": -31291763.600000005, ""buy_days_5d"": 2}, ""threshold"": ""acceleration<0 AND buy_days_5d<=2"", ""weak"": true}, ""Market-relative Performance"": {""raw"": {""excess_1d"": -4.673727155082896, ""excess_3d"": -5.416264745989164}, ""threshold"": ""both <0"", ""weak"": true}, ""Pocket Durability"": {""raw"": ""FRAGILE"", ""threshold"": ""FRAGILE"", ""weak"": true}}",HEALTHY_PULLBACK,HEALTHY_PULLBACK -> DETERIORATING,2026-07-27,True,False,PRODUCTION_SIGNAL_SNAPSHOT,UNAVAILABLE_NOT_IMPUTED,2026-07-24,2026-07-24,RECONSTRUCTED_NOT_PRODUCTION_EXACT,,,,HIT_LOSER_FIRST,,2026-07-27,2026-07-27,,,,NO_BARRIER_HIT,2026-07-28,2026-07-27,2026-07-27,UNAVAILABLE_NOT_FABRICATED
2527,宏璟,2026-07-23,2026-07-23,48.7,2026-07-23,2026-07-23,48.7,0.0,0.0,0.0,0,True,0,,20.0,48.0,-6.0,-0.11849052075833792,0.28685092127303163,-93514620.15,ACTIVE,DURABLE,RISK_OFF,NEW_DISCOVERY,RESERVE,WARNING_SHADOW,"[""Market-relative Performance"", ""Momentum Rank""]",2,[],"{""Momentum Rank"": {""raw"": {""rank_change_3d"": -6, ""days_outside_top120"": 0}, ""threshold"": ""rank_change_3d<0 OR outside>=2"", ""weak"": true}, ""Relative Strength Path"": {""raw"": {""rs_slope_3d"": -0.11849052075833792, ""rs_slope_5d"": 0.28685092127303163}, ""threshold"": ""slope3<0 AND (slope5<0 OR unavailable)"", ""weak"": false}, ""Institution Flow"": {""raw"": {""acceleration"": -93514620.15, ""buy_days_5d"": 3}, ""threshold"": ""acceleration<0 AND buy_days_5d<=2"", ""weak"": false}, ""Market-relative Performance"": {""raw"": {""excess_1d"": -0.7693959979958143, ""excess_3d"": -9.029380935666476}, ""threshold"": ""both <0"", ""weak"": true}, ""Pocket Durability"": {""raw"": ""DURABLE"", ""threshold"": ""FRAGILE"", ""weak"": false}}",,NONE -> NEW_DISCOVERY,2026-07-23,True,True,PRODUCTION_SIGNAL_SNAPSHOT,FROZEN_TOP120_RAW_UNION,2026-07-23,2026-07-23,RECONSTRUCTED_NOT_PRODUCTION_EXACT,,,,HIT_LOSER_FIRST,,2026-07-24,2026-07-24,,,,HIT_LOSER_FIRST,2026-07-28,2026-07-27,2026-07-27,UNAVAILABLE_NOT_FABRICATED
2527,宏璟,2026-07-23,2026-07-23,48.7,2026-07-24,2026-07-24,46.15,-5.2361396303901575,-0.30800821355236874,-6.2628336755646945,1,False,1,,,,,,,-29717269.500000004,ACTIVE,DURABLE,RISK_OFF,DETERIORATING,DETERIORATING,RISK_BREACHED,"[""Institution Flow"", ""Market-relative Performance""]",2,"[""Market-relative Performance""]","{""Momentum Rank"": {""raw"": {""rank_change_3d"": NaN, ""days_outside_top120"": 1}, ""threshold"": ""rank_change_3d<0 OR outside>=2"", ""weak"": false}, ""Relative Strength Path"": {""raw"": {""rs_slope_3d"": NaN, ""rs_slope_5d"": NaN}, ""threshold"": ""slope3<0 AND (slope5<0 OR unavailable)"", ""weak"": false}, ""Institution Flow"": {""raw"": {""acceleration"": -29717269.500000004, ""buy_days_5d"": 2}, ""threshold"": ""acceleration<0 AND buy_days_5d<=2"", ""weak"": true}, ""Market-relative Performance"": {""raw"": {""excess_1d"": -2.5695880118129177, ""excess_3d"": -7.30707301812179}, ""threshold"": ""both <0"", ""weak"": true}, ""Pocket Durability"": {""raw"": ""DURABLE"", ""threshold"": ""FRAGILE"", ""weak"": false}}",NEW_DISCOVERY,NEW_DISCOVERY -> DETERIORATING,2026-07-24,True,False,PRODUCTION_SIGNAL_SNAPSHOT,UNAVAILABLE_NOT_IMPUTED,2026-07-24,2026-07-24,RECONSTRUCTED_NOT_PRODUCTION_EXACT,,,,HIT_LOSER_FIRST,,2026-07-24,2026-07-24,,,,NO_BARRIER_HIT,2026-07-28,2026-07-27,2026-07-27,UNAVAILABLE_NOT_FABRICATED
3022,威強電,2026-07-23,2026-07-23,92.2,2026-07-23,2026-07-23,92.2,0.0,0.0,0.0,0,True,0,,7.0,4.0,223.0,,,273225050.8,ACTIVE,DURABLE,RISK_OFF,NEW_DISCOVERY,HOLD_STRONG,KEEP_SHADOW,[],0,[],"{""Momentum Rank"": {""raw"": {""rank_change_3d"": 223, ""days_outside_top120"": 0}, ""threshold"": ""rank_change_3d<0 OR outside>=2"", ""weak"": false}, ""Relative Strength Path"": {""raw"": {""rs_slope_3d"": NaN, ""rs_slope_5d"": NaN}, ""threshold"": ""slope3<0 AND (slope5<0 OR unavailable)"", ""weak"": false}, ""Institution Flow"": {""raw"": {""acceleration"": 273225050.8, ""buy_days_5d"": 4}, ""threshold"": ""acceleration<0 AND buy_days_5d<=2"", ""weak"": false}, ""Market-relative Performance"": {""raw"": {""excess_1d"": 1.3743046105971324, ""excess_3d"": 12.095869930963698}, ""threshold"": ""both <0"", ""weak"": false}, ""Pocket Durability"": {""raw"": ""DURABLE"", ""threshold"": ""FRAGILE"", ""weak"": false}}",,NONE -> NEW_DISCOVERY,2026-07-23,True,True,PRODUCTION_SIGNAL_SNAPSHOT,FROZEN_TOP120_RAW_UNION,2026-07-23,2026-07-23,RECONSTRUCTED_NOT_PRODUCTION_EXACT,,,,NO_BARRIER_HIT,,,,,,,NO_BARRIER_HIT,2026-07-28,2026-07-27,2026-07-27,UNAVAILABLE_NOT_FABRICATED
3022,威強電,2026-07-23,2026-07-23,92.2,2026-07-24,2026-07-24,94.0,1.9522776572667988,3.0368763557483636,-0.8676789587852451,1,True,0,,1.0,6.0,44.0,4.637279638516465,,233833969.6,ACTIVE,FRAGILE,RISK_OFF,REACCELERATING,REACCELERATING,KEEP_SHADOW,"[""Pocket Durability""]",1,[],"{""Momentum Rank"": {""raw"": {""rank_change_3d"": 44, ""days_outside_top120"": 0}, ""threshold"": ""rank_change_3d<0 OR outside>=2"", ""weak"": false}, ""Relative Strength Path"": {""raw"": {""rs_slope_3d"": 4.637279638516465, ""rs_slope_5d"": NaN}, ""threshold"": ""slope3<0 AND (slope5<0 OR unavailable)"", ""weak"": false}, ""Institution Flow"": {""raw"": {""acceleration"": 233833969.6, ""buy_days_5d"": 4}, ""threshold"": ""acceleration<0 AND buy_days_5d<=2"", ""weak"": false}, ""Market-relative Performance"": {""raw"": {""excess_1d"": 4.618829275844039, ""excess_3d"": 10.48216583607724}, ""threshold"": ""both <0"", ""weak"": false}, ""Pocket Durability"": {""raw"": ""FRAGILE"", ""threshold"": ""FRAGILE"", ""weak"": true}}",NEW_DISCOVERY,NEW_DISCOVERY -> REACCELERATING,2026-07-24,True,True,PRODUCTION_SIGNAL_SNAPSHOT,FROZEN_TOP120_RAW_UNION,2026-07-24,2026-07-24,RECONSTRUCTED_NOT_PRODUCTION_EXACT,,,,NO_BARRIER_HIT,,,,,,,NO_BARRIER_HIT,2026-07-28,2026-07-27,2026-07-27,UNAVAILABLE_NOT_FABRICATED
3022,威強電,2026-07-23,2026-07-23,92.2,2026-07-27,2026-07-27,91.7,-0.5422993492407824,3.6876355748373113,-3.253796095444683,2,,0,,,,,,,-129779775.20000003,ACTIVE,FRAGILE,RISK_OFF,HEALTHY_PULLBACK,HEALTHY_PULLBACK,KEEP_SHADOW,"[""Pocket Durability""]",1,"[""Pocket Durability""]","{""Momentum Rank"": {""raw"": {""rank_change_3d"": NaN, ""days_outside_top120"": 0}, ""threshold"": ""rank_change_3d<0 OR outside>=2"", ""weak"": false}, ""Relative Strength Path"": {""raw"": {""rs_slope_3d"": NaN, ""rs_slope_5d"": NaN}, ""threshold"": ""slope3<0 AND (slope5<0 OR unavailable)"", ""weak"": false}, ""Institution Flow"": {""raw"": {""acceleration"": -129779775.20000003, ""buy_days_5d"": 4}, ""threshold"": ""acceleration<0 AND buy_days_5d<=2"", ""weak"": false}, ""Market-relative Performance"": {""raw"": {""excess_1d"": -2.3995056228027334, ""excess_3d"": 3.5383574243023963}, ""threshold"": ""both <0"", ""weak"": false}, ""Pocket Durability"": {""raw"": ""FRAGILE"", ""threshold"": ""FRAGILE"", ""weak"": true}}",REACCELERATING,REACCELERATING -> HEALTHY_PULLBACK,2026-07-27,True,False,PRODUCTION_SIGNAL_SNAPSHOT,UNAVAILABLE_NOT_IMPUTED,2026-07-24,2026-07-24,RECONSTRUCTED_NOT_PRODUCTION_EXACT,,,,NO_BARRIER_HIT,,,,,,,NO_BARRIER_HIT,2026-07-28,2026-07-27,2026-07-27,UNAVAILABLE_NOT_FABRICATED
3231,緯創,2026-07-23,2026-07-23,173.5,2026-07-23,2026-07-23,173.5,0.0,0.0,0.0,0,True,0,,6.0,33.0,175.0,,,17670029707.0,ACTIVE,DURABLE,RISK_OFF,NEW_DISCOVERY,HOLD_STRONG,KEEP_SHADOW,[],0,[],"{""Momentum Rank"": {""raw"": {""rank_change_3d"": 175, ""days_outside_top120"": 0}, ""threshold"": ""rank_change_3d<0 OR outside>=2"", ""weak"": false}, ""Relative Strength Path"": {""raw"": {""rs_slope_3d"": NaN, ""rs_slope_5d"": NaN}, ""threshold"": ""slope3<0 AND (slope5<0 OR unavailable)"", ""weak"": false}, ""Institution Flow"": {""raw"": {""acceleration"": 17670029707.0, ""buy_days_5d"": 4}, ""threshold"": ""acceleration<0 AND buy_days_5d<=2"", ""weak"": false}, ""Market-relative Performance"": {""raw"": {""excess_1d"": 5.736844523124973, ""excess_3d"": 15.249558282297127}, ""threshold"": ""both <0"", ""weak"": false}, ""Pocket Durability"": {""raw"": ""DURABLE"", ""threshold"": ""FRAGILE"", ""weak"": false}}",,NONE -> NEW_DISCOVERY,2026-07-23,True,True,PRODUCTION_SIGNAL_SNAPSHOT,FROZEN_TOP120_RAW_UNION,2026-07-23,2026-07-23,RECONSTRUCTED_NOT_PRODUCTION_EXACT,,,,NO_BARRIER_HIT,,,,,,,NO_BARRIER_HIT,2026-07-28,2026-07-27,2026-07-27,UNAVAILABLE_NOT_FABRICATED
3231,緯創,2026-07-23,2026-07-23,173.5,2026-07-24,2026-07-24,179.0,3.170028818443793,6.051873198847257,-0.2881844380403509,1,True,0,,4.0,2.0,132.0,,,24013927870.0,ACTIVE,FRAGILE,RISK_OFF,REACCELERATING,REACCELERATING,KEEP_SHADOW,"[""Pocket Durability""]",1,[],"{""Momentum Rank"": {""raw"": {""rank_change_3d"": 132, ""days_outside_top120"": 0}, ""threshold"": ""rank_change_3d<0 OR outside>=2"", ""weak"": false}, ""Relative Strength Path"": {""raw"": {""rs_slope_3d"": NaN, ""rs_slope_5d"": NaN}, ""threshold"": ""slope3<0 AND (slope5<0 OR unavailable)"", ""weak"": false}, ""Institution Flow"": {""raw"": {""acceleration"": 24013927870.0, ""buy_days_5d"": 5}, ""threshold"": ""acceleration<0 AND buy_days_5d<=2"", ""weak"": false}, ""Market-relative Performance"": {""raw"": {""excess_1d"": 5.836580437021032, ""excess_3d"": 21.03922983958875}, ""threshold"": ""both <0"", ""weak"": false}, ""Pocket Durability"": {""raw"": ""FRAGILE"", ""threshold"": ""FRAGILE"", ""weak"": true}}",NEW_DISCOVERY,NEW_DISCOVERY -> REACCELERATING,2026-07-24,True,True,PRODUCTION_SIGNAL_SNAPSHOT,FROZEN_TOP120_RAW_UNION,2026-07-24,2026-07-24,RECONSTRUCTED_NOT_PRODUCTION_EXACT,,,,NO_BARRIER_HIT,,,,,,,HIT_LOSER_FIRST,2026-07-28,2026-07-27,2026-07-27,UNAVAILABLE_NOT_FABRICATED
3231,緯創,2026-07-23,2026-07-23,173.5,2026-07-27,2026-07-27,177.0,2.0172910662824117,6.051873198847257,-3.458213256484155,2,True,0,,,,,5.02873563218391,,16937185175.0,ACTIVE,FRAGILE,RISK_OFF,REACCELERATING,REACCELERATING,KEEP_SHADOW,"[""Pocket Durability""]",1,"[""Pocket Durability""]","{""Momentum Rank"": {""raw"": {""rank_change_3d"": NaN, ""days_outside_top120"": 0}, ""threshold"": ""rank_change_3d<0 OR outside>=2"", ""weak"": false}, ""Relative Strength Path"": {""raw"": {""rs_slope_3d"": 5.02873563218391, ""rs_slope_5d"": NaN}, ""threshold"": ""slope3<0 AND (slope5<0 OR unavailable)"", ""weak"": false}, ""Institution Flow"": {""raw"": {""acceleration"": 16937185175.0, ""buy_days_5d"": 5}, ""threshold"": ""acceleration<0 AND buy_days_5d<=2"", ""weak"": false}, ""Market-relative Performance"": {""raw"": {""excess_1d"": -1.0700155479186235, ""excess_3d"": 10.585098683794204}, ""threshold"": ""both <0"", ""weak"": false}, ""Pocket Durability"": {""raw"": ""FRAGILE"", ""threshold"": ""FRAGILE"", ""weak"": true}}",REACCELERATING,REACCELERATING -> REACCELERATING,2026-07-27,True,True,PRODUCTION_SIGNAL_SNAPSHOT,UNAVAILABLE_NOT_IMPUTED,2026-07-24,2026-07-24,RECONSTRUCTED_NOT_PRODUCTION_EXACT,,,,NO_BARRIER_HIT,,,,,,,NO_BARRIER_HIT,2026-07-28,2026-07-27,2026-07-27,UNAVAILABLE_NOT_FABRICATED
3605,宏致,2026-07-23,2026-07-23,94.5,2026-07-23,2026-07-23,94.5,0.0,0.0,0.0,0,True,0,,44.0,,,,,463912335.5,ACTIVE,FRAGILE,RISK_OFF,NEW_DISCOVERY,HOLD_STRONG,KEEP_SHADOW,"[""Pocket Durability""]",1,[],"{""Momentum Rank"": {""raw"": {""rank_change_3d"": NaN, ""days_outside_top120"": 0}, ""threshold"": ""rank_change_3d<0 OR outside>=2"", ""weak"": false}, ""Relative Strength Path"": {""raw"": {""rs_slope_3d"": NaN, ""rs_slope_5d"": NaN}, ""threshold"": ""slope3<0 AND (slope5<0 OR unavailable)"", ""weak"": false}, ""Institution Flow"": {""raw"": {""acceleration"": 463912335.5, ""buy_days_5d"": 4}, ""threshold"": ""acceleration<0 AND buy_days_5d<=2"", ""weak"": false}, ""Market-relative Performance"": {""raw"": {""excess_1d"": 1.7760581480198434, ""excess_3d"": 17.390509937349385}, ""threshold"": ""both <0"", ""weak"": false}, ""Pocket Durability"": {""raw"": ""FRAGILE"", ""threshold"": ""FRAGILE"", ""weak"": true}}",,NONE -> NEW_DISCOVERY,2026-07-23,True,True,PRODUCTION_SIGNAL_SNAPSHOT,FROZEN_TOP120_RAW_UNION,2026-07-23,2026-07-23,RECONSTRUCTED_NOT_PRODUCTION_EXACT,,,,NO_BARRIER_HIT,,,,,,,NO_BARRIER_HIT,2026-07-28,2026-07-27,2026-07-27,UNAVAILABLE_NOT_FABRICATED
3605,宏致,2026-07-23,2026-07-23,94.5,2026-07-24,2026-07-24,91.0,-3.703703703703709,0.6349206349206327,-4.973544973544975,1,True,0,,52.0,-8.0,,,,239098658.79999995,ACTIVE,FRAGILE,RISK_OFF,REACCELERATING,REACCELERATING,KEEP_SHADOW,"[""Pocket Durability""]",1,"[""Pocket Durability""]","{""Momentum Rank"": {""raw"": {""rank_change_3d"": NaN, ""days_outside_top120"": 0}, ""threshold"": ""rank_change_3d<0 OR outside>=2"", ""weak"": false}, ""Relative Strength Path"": {""raw"": {""rs_slope_3d"": NaN, ""rs_slope_5d"": NaN}, ""threshold"": ""slope3<0 AND (slope5<0 OR unavailable)"", ""weak"": false}, ""Institution Flow"": {""raw"": {""acceleration"": 239098658.79999995, ""buy_days_5d"": 3}, ""threshold"": ""acceleration<0 AND buy_days_5d<=2"", ""weak"": false}, ""Market-relative Performance"": {""raw"": {""excess_1d"": -1.0371520851264693, ""excess_3d"": 9.126693581286972}, ""threshold"": ""both <0"", ""weak"": false}, ""Pocket Durability"": {""raw"": ""FRAGILE"", ""threshold"": ""FRAGILE"", ""weak"": true}}",NEW_DISCOVERY,NEW_DISCOVERY -> REACCELERATING,2026-07-24,True,False,PRODUCTION_SIGNAL_SNAPSHOT,FROZEN_TOP120_RAW_UNION,2026-07-24,2026-07-24,RECONSTRUCTED_NOT_PRODUCTION_EXACT,,,,NO_BARRIER_HIT,,,,,,,NO_BARRIER_HIT,2026-07-28,2026-07-27,2026-07-27,UNAVAILABLE_NOT_FABRICATED
3605,宏致,2026-07-23,2026-07-23,94.5,2026-07-27,2026-07-27,91.0,-3.703703703703709,0.6349206349206327,-5.185185185185192,2,True,0,,,,,,,-697918807.9999999,ACTIVE,FRAGILE,RISK_OFF,DETERIORATING,DETERIORATING,WARNING_SHADOW,"[""Institution Flow"", ""Pocket Durability""]",2,"[""Pocket Durability""]","{""Momentum Rank"": {""raw"": {""rank_change_3d"": NaN, ""days_outside_top120"": 0}, ""threshold"": ""rank_change_3d<0 OR outside>=2"", ""weak"": false}, ""Relative Strength Path"": {""raw"": {""rs_slope_3d"": NaN, ""rs_slope_5d"": NaN}, ""threshold"": ""slope3<0 AND (slope5<0 OR unavailable)"", ""weak"": false}, ""Institution Flow"": {""raw"": {""acceleration"": -697918807.9999999, ""buy_days_5d"": 2}, ""threshold"": ""acceleration<0 AND buy_days_5d<=2"", ""weak"": true}, ""Market-relative Performance"": {""raw"": {""excess_1d"": 0.047302887835565244, ""excess_3d"": 0.7186142430877229}, ""threshold"": ""both <0"", ""weak"": false}, ""Pocket Durability"": {""raw"": ""FRAGILE"", ""threshold"": ""FRAGILE"", ""weak"": true}}",REACCELERATING,REACCELERATING -> DETERIORATING,2026-07-27,True,True,PRODUCTION_SIGNAL_SNAPSHOT,UNAVAILABLE_NOT_IMPUTED,2026-07-24,2026-07-24,RECONSTRUCTED_NOT_PRODUCTION_EXACT,,,,NO_BARRIER_HIT,,,,,,,NO_BARRIER_HIT,2026-07-28,2026-07-27,2026-07-27,UNAVAILABLE_NOT_FABRICATED
4770,上品,2026-07-23,2026-07-23,229.5,2026-07-23,2026-07-23,229.5,0.0,0.0,0.0,0,True,0,,23.0,,88.0,3.078064099699612,,68034276.0,LOW_ACTIVITY,DURABLE,RISK_OFF,NEW_DISCOVERY,HOLD_STRONG,KEEP_SHADOW,[],0,[],"{""Momentum Rank"": {""raw"": {""rank_change_3d"": 88, ""days_outside_top120"": 0}, ""threshold"": ""rank_change_3d<0 OR outside>=2"", ""weak"": false}, ""Relative Strength Path"": {""raw"": {""rs_slope_3d"": 3.078064099699612, ""rs_slope_5d"": NaN}, ""threshold"": ""slope3<0 AND (slope5<0 OR unavailable)"", ""weak"": false}, ""Institution Flow"": {""raw"": {""acceleration"": 68034276.0, ""buy_days_5d"": 4}, ""threshold"": ""acceleration<0 AND buy_days_5d<=2"", ""weak"": false}, ""Market-relative Performance"": {""raw"": {""excess_1d"": 0.8232824754165868, ""excess_3d"": -1.3381832444687936}, ""threshold"": ""both <0"", ""weak"": false}, ""Pocket Durability"": {""raw"": ""DURABLE"", ""threshold"": ""FRAGILE"", ""weak"": false}}",,NONE -> NEW_DISCOVERY,2026-07-23,True,True,PRODUCTION_SIGNAL_SNAPSHOT,FROZEN_TOP120_RAW_UNION,2026-07-23,2026-07-23,RECONSTRUCTED_NOT_PRODUCTION_EXACT,,,,NO_BARRIER_HIT,,,,,,,NO_BARRIER_HIT,2026-07-28,2026-07-27,2026-07-27,UNAVAILABLE_NOT_FABRICATED
4770,上品,2026-07-23,2026-07-23,229.5,2026-07-24,2026-07-24,227.5,-0.8714596949891074,0.8714596949890963,-1.9607843137254943,1,False,1,,,,,,,147135128.0,ACTIVE,FRAGILE,RISK_OFF,HEALTHY_PULLBACK,HEALTHY_PULLBACK,KEEP_SHADOW,"[""Pocket Durability""]",1,[],"{""Momentum Rank"": {""raw"": {""rank_change_3d"": NaN, ""days_outside_top120"": 1}, ""threshold"": ""rank_change_3d<0 OR outside>=2"", ""weak"": false}, ""Relative Strength Path"": {""raw"": {""rs_slope_3d"": NaN, ""rs_slope_5d"": NaN}, ""threshold"": ""slope3<0 AND (slope5<0 OR unavailable)"", ""weak"": false}, ""Institution Flow"": {""raw"": {""acceleration"": 147135128.0, ""buy_days_5d"": 5}, ""threshold"": ""acceleration<0 AND buy_days_5d<=2"", ""weak"": false}, ""Market-relative Performance"": {""raw"": {""excess_1d"": 1.7950919235881324, ""excess_3d"": 4.481391542620017}, ""threshold"": ""both <0"", ""weak"": false}, ""Pocket Durability"": {""raw"": ""FRAGILE"", ""threshold"": ""FRAGILE"", ""weak"": true}}",NEW_DISCOVERY,NEW_DISCOVERY -> HEALTHY_PULLBACK,2026-07-24,True,False,PRODUCTION_SIGNAL_SNAPSHOT,UNAVAILABLE_NOT_IMPUTED,2026-07-24,2026-07-24,RECONSTRUCTED_NOT_PRODUCTION_EXACT,,,,NO_BARRIER_HIT,,,,,,,NO_BARRIER_HIT,2026-07-28,2026-07-27,2026-07-27,UNAVAILABLE_NOT_FABRICATED
4770,上品,2026-07-23,2026-07-23,229.5,2026-07-27,2026-07-27,223.0,-2.8322440087146017,0.8714596949890963,-3.703703703703709,2,,1,,,,,,,-75785375.0,ACTIVE,FRAGILE,RISK_OFF,HEALTHY_PULLBACK,HEALTHY_PULLBACK,KEEP_SHADOW,"[""Pocket Durability""]",1,"[""Pocket Durability""]","{""Momentum Rank"": {""raw"": {""rank_change_3d"": NaN, ""days_outside_top120"": 1}, ""threshold"": ""rank_change_3d<0 OR outside>=2"", ""weak"": false}, ""Relative Strength Path"": {""raw"": {""rs_slope_3d"": NaN, ""rs_slope_5d"": NaN}, ""threshold"": ""slope3<0 AND (slope5<0 OR unavailable)"", ""weak"": false}, ""Institution Flow"": {""raw"": {""acceleration"": -75785375.0, ""buy_days_5d"": 5}, ""threshold"": ""acceleration<0 AND buy_days_5d<=2"", ""weak"": false}, ""Market-relative Performance"": {""raw"": {""excess_1d"": -1.9307190901864169, ""excess_3d"": 0.6802474374795309}, ""threshold"": ""both <0"", ""weak"": false}, ""Pocket Durability"": {""raw"": ""FRAGILE"", ""threshold"": ""FRAGILE"", ""weak"": true}}",HEALTHY_PULLBACK,HEALTHY_PULLBACK -> HEALTHY_PULLBACK,2026-07-27,True,False,PRODUCTION_SIGNAL_SNAPSHOT,UNAVAILABLE_NOT_IMPUTED,2026-07-24,2026-07-24,RECONSTRUCTED_NOT_PRODUCTION_EXACT,,,,NO_BARRIER_HIT,,,,,,,NO_BARRIER_HIT,2026-07-28,2026-07-27,2026-07-27,UNAVAILABLE_NOT_FABRICATED
6277,宏正,2026-07-23,2026-07-23,77.4,2026-07-23,2026-07-23,77.4,0.0,0.0,0.0,0,True,0,,2.0,39.0,,,3.961535922634519,19381927.0,ACTIVE,FRAGILE,RISK_OFF,NEW_DISCOVERY,RESERVE,WARNING_SHADOW,"[""Market-relative Performance"", ""Pocket Durability""]",2,[],"{""Momentum Rank"": {""raw"": {""rank_change_3d"": NaN, ""days_outside_top120"": 0}, ""threshold"": ""rank_change_3d<0 OR outside>=2"", ""weak"": false}, ""Relative Strength Path"": {""raw"": {""rs_slope_3d"": NaN, ""rs_slope_5d"": 3.961535922634519}, ""threshold"": ""slope3<0 AND (slope5<0 OR unavailable)"", ""weak"": false}, ""Institution Flow"": {""raw"": {""acceleration"": 19381927.0, ""buy_days_5d"": 4}, ""threshold"": ""acceleration<0 AND buy_days_5d<=2"", ""weak"": false}, ""Market-relative Performance"": {""raw"": {""excess_1d"": -1.3313486077859205, ""excess_3d"": -3.814259799492703}, ""threshold"": ""both <0"", ""weak"": true}, ""Pocket Durability"": {""raw"": ""FRAGILE"", ""threshold"": ""FRAGILE"", ""weak"": true}}",,NONE -> NEW_DISCOVERY,2026-07-23,True,True,PRODUCTION_SIGNAL_SNAPSHOT,FROZEN_TOP120_RAW_UNION,2026-07-23,2026-07-23,RECONSTRUCTED_NOT_PRODUCTION_EXACT,,,,NO_BARRIER_HIT,,,,,,,NO_BARRIER_HIT,2026-07-28,2026-07-27,2026-07-27,UNAVAILABLE_NOT_FABRICATED
6277,宏正,2026-07-23,2026-07-23,77.4,2026-07-24,2026-07-24,78.0,0.7751937984496138,2.3255813953488413,0.0,1,True,0,,10.0,-8.0,8.0,-0.4097679161375775,-0.0843669891672846,-15463843.0,HIGH_ACTIVITY,DURABLE,RISK_OFF,CONTINUATION,HOLD_STRONG,KEEP_SHADOW,"[""Relative Strength Path""]",1,[],"{""Momentum Rank"": {""raw"": {""rank_change_3d"": 8, ""days_outside_top120"": 0}, ""threshold"": ""rank_change_3d<0 OR outside>=2"", ""weak"": false}, ""Relative Strength Path"": {""raw"": {""rs_slope_3d"": -0.4097679161375775, ""rs_slope_5d"": -0.0843669891672846}, ""threshold"": ""slope3<0 AND (slope5<0 OR unavailable)"", ""weak"": true}, ""Institution Flow"": {""raw"": {""acceleration"": -15463843.0, ""buy_days_5d"": 4}, ""threshold"": ""acceleration<0 AND buy_days_5d<=2"", ""weak"": false}, ""Market-relative Performance"": {""raw"": {""excess_1d"": 3.4417454170268535, ""excess_3d"": -0.3325558942782525}, ""threshold"": ""both <0"", ""weak"": false}, ""Pocket Durability"": {""raw"": ""DURABLE"", ""threshold"": ""FRAGILE"", ""weak"": false}}",NEW_DISCOVERY,NEW_DISCOVERY -> CONTINUATION,2026-07-24,True,False,PRODUCTION_SIGNAL_SNAPSHOT,FROZEN_TOP120_RAW_UNION,2026-07-24,2026-07-24,RECONSTRUCTED_NOT_PRODUCTION_EXACT,,,,NO_BARRIER_HIT,,,,,,,NO_BARRIER_HIT,2026-07-28,2026-07-27,2026-07-27,UNAVAILABLE_NOT_FABRICATED
6277,宏正,2026-07-23,2026-07-23,77.4,2026-07-27,2026-07-27,78.9,1.9379844961240345,2.454780361757103,-0.25839793281654533,2,True,0,,,,,0.7662835249042151,,40268292.99999999,HIGH_ACTIVITY,DURABLE,RISK_OFF,REACCELERATING,REACCELERATING,KEEP_SHADOW,[],0,[],"{""Momentum Rank"": {""raw"": {""rank_change_3d"": NaN, ""days_outside_top120"": 0}, ""threshold"": ""rank_change_3d<0 OR outside>=2"", ""weak"": false}, ""Relative Strength Path"": {""raw"": {""rs_slope_3d"": 0.7662835249042151, ""rs_slope_5d"": NaN}, ""threshold"": ""slope3<0 AND (slope5<0 OR unavailable)"", ""weak"": false}, ""Institution Flow"": {""raw"": {""acceleration"": 40268292.99999999, ""buy_days_5d"": 5}, ""threshold"": ""acceleration<0 AND buy_days_5d<=2"", ""weak"": false}, ""Market-relative Performance"": {""raw"": {""excess_1d"": 1.2011490416817372, ""excess_3d"": 3.2960245175423397}, ""threshold"": ""both <0"", ""weak"": false}, ""Pocket Durability"": {""raw"": ""DURABLE"", ""threshold"": ""FRAGILE"", ""weak"": false}}",CONTINUATION,CONTINUATION -> REACCELERATING,2026-07-27,True,True,PRODUCTION_SIGNAL_SNAPSHOT,UNAVAILABLE_NOT_IMPUTED,2026-07-24,2026-07-24,RECONSTRUCTED_NOT_PRODUCTION_EXACT,,,,NO_BARRIER_HIT,,,,,,,NO_BARRIER_HIT,2026-07-28,2026-07-27,2026-07-27,UNAVAILABLE_NOT_FABRICATED
6505,台塑化,2026-07-23,2026-07-23,93.2,2026-07-23,2026-07-23,93.2,0.0,0.0,0.0,0,True,0,,5.0,16.0,15.0,0.1681417210761064,0.15790157684976408,-315040358.2999997,ACTIVE,DURABLE,RISK_OFF,NEW_DISCOVERY,HOLD_STRONG,KEEP_SHADOW,[],0,[],"{""Momentum Rank"": {""raw"": {""rank_change_3d"": 15, ""days_outside_top120"": 0}, ""threshold"": ""rank_change_3d<0 OR outside>=2"", ""weak"": false}, ""Relative Strength Path"": {""raw"": {""rs_slope_3d"": 0.1681417210761064, ""rs_slope_5d"": 0.15790157684976408}, ""threshold"": ""slope3<0 AND (slope5<0 OR unavailable)"", ""weak"": false}, ""Institution Flow"": {""raw"": {""acceleration"": -315040358.2999997, ""buy_days_5d"": 5}, ""threshold"": ""acceleration<0 AND buy_days_5d<=2"", ""weak"": false}, ""Market-relative Performance"": {""raw"": {""excess_1d"": 9.462375462335682, ""excess_3d"": 14.292154885869323}, ""threshold"": ""both <0"", ""weak"": false}, ""Pocket Durability"": {""raw"": ""DURABLE"", ""threshold"": ""FRAGILE"", ""weak"": false}}",,NONE -> NEW_DISCOVERY,2026-07-23,True,True,PRODUCTION_SIGNAL_SNAPSHOT,FROZEN_TOP120_RAW_UNION,2026-07-23,2026-07-23,RECONSTRUCTED_NOT_PRODUCTION_EXACT,,,,HIT_LOSER_FIRST,,2026-07-24,2026-07-24,,,,HIT_LOSER_FIRST,2026-07-28,2026-07-27,2026-07-27,UNAVAILABLE_NOT_FABRICATED
6505,台塑化,2026-07-23,2026-07-23,93.2,2026-07-24,2026-07-24,85.8,-7.939914163090133,5.04291845493563,-9.120171673819744,1,True,0,,30.0,-25.0,-28.0,-0.024083785462603185,0.08643430083519377,-607753278.8999996,ACTIVE,FRAGILE,RISK_OFF,DETERIORATING,DETERIORATING,RISK_BREACHED,"[""Momentum Rank"", ""Pocket Durability""]",2,[],"{""Momentum Rank"": {""raw"": {""rank_change_3d"": -28, ""days_outside_top120"": 0}, ""threshold"": ""rank_change_3d<0 OR outside>=2"", ""weak"": true}, ""Relative Strength Path"": {""raw"": {""rs_slope_3d"": -0.024083785462603185, ""rs_slope_5d"": 0.08643430083519377}, ""threshold"": ""slope3<0 AND (slope5<0 OR unavailable)"", ""weak"": false}, ""Institution Flow"": {""raw"": {""acceleration"": -607753278.8999996, ""buy_days_5d"": 4}, ""threshold"": ""acceleration<0 AND buy_days_5d<=2"", ""weak"": false}, ""Market-relative Performance"": {""raw"": {""excess_1d"": -5.273362544512894, ""excess_3d"": 1.7751724429582838}, ""threshold"": ""both <0"", ""weak"": false}, ""Pocket Durability"": {""raw"": ""FRAGILE"", ""threshold"": ""FRAGILE"", ""weak"": true}}",NEW_DISCOVERY,NEW_DISCOVERY -> DETERIORATING,2026-07-24,True,False,PRODUCTION_SIGNAL_SNAPSHOT,FROZEN_TOP120_RAW_UNION,2026-07-24,2026-07-24,RECONSTRUCTED_NOT_PRODUCTION_EXACT,,,,HIT_LOSER_FIRST,,2026-07-24,2026-07-24,,,,HIT_LOSER_FIRST,2026-07-28,2026-07-27,2026-07-27,UNAVAILABLE_NOT_FABRICATED
6579,研揚,2026-07-23,2026-07-23,183.5,2026-07-23,2026-07-23,183.5,0.0,0.0,0.0,0,True,0,,9.0,6.0,217.0,,,106998407.5,ACTIVE,DURABLE,RISK_OFF,NEW_DISCOVERY,HOLD_STRONG,KEEP_SHADOW,[],0,[],"{""Momentum Rank"": {""raw"": {""rank_change_3d"": 217, ""days_outside_top120"": 0}, ""threshold"": ""rank_change_3d<0 OR outside>=2"", ""weak"": false}, ""Relative Strength Path"": {""raw"": {""rs_slope_3d"": NaN, ""rs_slope_5d"": NaN}, ""threshold"": ""slope3<0 AND (slope5<0 OR unavailable)"", ""weak"": false}, ""Institution Flow"": {""raw"": {""acceleration"": 106998407.5, ""buy_days_5d"": 4}, ""threshold"": ""acceleration<0 AND buy_days_5d<=2"", ""weak"": false}, ""Market-relative Performance"": {""raw"": {""excess_1d"": 9.8244011172538, ""excess_3d"": 17.49799735345676}, ""threshold"": ""both <0"", ""weak"": false}, ""Pocket Durability"": {""raw"": ""DURABLE"", ""threshold"": ""FRAGILE"", ""weak"": false}}",,NONE -> NEW_DISCOVERY,2026-07-23,True,True,PRODUCTION_SIGNAL_SNAPSHOT,FROZEN_TOP120_RAW_UNION,2026-07-23,2026-07-23,RECONSTRUCTED_NOT_PRODUCTION_EXACT,,,,HIT_LOSER_FIRST,,2026-07-27,2026-07-27,,,,HIT_LOSER_FIRST,2026-07-28,2026-07-27,2026-07-27,UNAVAILABLE_NOT_FABRICATED
6579,研揚,2026-07-23,2026-07-23,183.5,2026-07-24,2026-07-24,180.5,-1.6348773841961872,1.6348773841961872,-3.542234332425065,1,True,0,,35.0,-26.0,63.0,12.432833380057936,,64836705.5,ACTIVE,FRAGILE,RISK_OFF,REACCELERATING,REACCELERATING,KEEP_SHADOW,"[""Pocket Durability""]",1,[],"{""Momentum Rank"": {""raw"": {""rank_change_3d"": 63, ""days_outside_top120"": 0}, ""threshold"": ""rank_change_3d<0 OR outside>=2"", ""weak"": false}, ""Relative Strength Path"": {""raw"": {""rs_slope_3d"": 12.432833380057936, ""rs_slope_5d"": NaN}, ""threshold"": ""slope3<0 AND (slope5<0 OR unavailable)"", ""weak"": false}, ""Institution Flow"": {""raw"": {""acceleration"": 64836705.5, ""buy_days_5d"": 4}, ""threshold"": ""acceleration<0 AND buy_days_5d<=2"", ""weak"": false}, ""Market-relative Performance"": {""raw"": {""excess_1d"": 1.0316742343810525, ""excess_3d"": 11.7043418848364}, ""threshold"": ""both <0"", ""weak"": false}, ""Pocket Durability"": {""raw"": ""FRAGILE"", ""threshold"": ""FRAGILE"", ""weak"": true}}",NEW_DISCOVERY,NEW_DISCOVERY -> REACCELERATING,2026-07-24,True,False,PRODUCTION_SIGNAL_SNAPSHOT,FROZEN_TOP120_RAW_UNION,2026-07-24,2026-07-24,RECONSTRUCTED_NOT_PRODUCTION_EXACT,,,,HIT_LOSER_FIRST,,2026-07-27,2026-07-27,,,,HIT_LOSER_FIRST,2026-07-28,2026-07-27,2026-07-27,UNAVAILABLE_NOT_FABRICATED
6579,研揚,2026-07-23,2026-07-23,183.5,2026-07-27,2026-07-27,169.5,-7.629427792915533,1.6348773841961872,-9.809264305177113,2,True,0,,,,,2.801724137931037,,-39348293.0,ACTIVE,FRAGILE,RISK_OFF,REACCELERATING,REACCELERATING,RISK_BREACHED,"[""Pocket Durability""]",1,"[""Pocket Durability""]","{""Momentum Rank"": {""raw"": {""rank_change_3d"": NaN, ""days_outside_top120"": 0}, ""threshold"": ""rank_change_3d<0 OR outside>=2"", ""weak"": false}, ""Relative Strength Path"": {""raw"": {""rs_slope_3d"": 2.801724137931037, ""rs_slope_5d"": NaN}, ""threshold"": ""slope3<0 AND (slope5<0 OR unavailable)"", ""weak"": false}, ""Institution Flow"": {""raw"": {""acceleration"": -39348293.0, ""buy_days_5d"": 4}, ""threshold"": ""acceleration<0 AND buy_days_5d<=2"", ""weak"": false}, ""Market-relative Performance"": {""raw"": {""excess_1d"": -6.046879937649196, ""excess_3d"": 4.155275403525471}, ""threshold"": ""both <0"", ""weak"": false}, ""Pocket Durability"": {""raw"": ""FRAGILE"", ""threshold"": ""FRAGILE"", ""weak"": true}}",REACCELERATING,REACCELERATING -> REACCELERATING,2026-07-27,True,True,PRODUCTION_SIGNAL_SNAPSHOT,UNAVAILABLE_NOT_IMPUTED,2026-07-24,2026-07-24,RECONSTRUCTED_NOT_PRODUCTION_EXACT,,,,HIT_LOSER_FIRST,,2026-07-27,2026-07-27,,,,NO_BARRIER_HIT,2026-07-28,2026-07-27,2026-07-27,UNAVAILABLE_NOT_FABRICATED
6669,緯穎,2026-07-23,2026-07-23,5470.0,2026-07-23,2026-07-23,5470.0,0.0,0.0,0.0,0,True,0,,17.0,13.0,,,2.9859374871071283,2594647490.0,ACTIVE,FRAGILE,RISK_OFF,NEW_DISCOVERY,HOLD_STRONG,KEEP_SHADOW,"[""Pocket Durability""]",1,[],"{""Momentum Rank"": {""raw"": {""rank_change_3d"": NaN, ""days_outside_top120"": 0}, ""threshold"": ""rank_change_3d<0 OR outside>=2"", ""weak"": false}, ""Relative Strength Path"": {""raw"": {""rs_slope_3d"": NaN, ""rs_slope_5d"": 2.9859374871071283}, ""threshold"": ""slope3<0 AND (slope5<0 OR unavailable)"", ""weak"": false}, ""Institution Flow"": {""raw"": {""acceleration"": 2594647490.0, ""buy_days_5d"": 4}, ""threshold"": ""acceleration<0 AND buy_days_5d<=2"", ""weak"": false}, ""Market-relative Performance"": {""raw"": {""excess_1d"": -0.6012929491588381, ""excess_3d"": 11.099237925609785}, ""threshold"": ""both <0"", ""weak"": false}, ""Pocket Durability"": {""raw"": ""FRAGILE"", ""threshold"": ""FRAGILE"", ""weak"": true}}",,NONE -> NEW_DISCOVERY,2026-07-23,True,True,PRODUCTION_SIGNAL_SNAPSHOT,FROZEN_TOP120_RAW_UNION,2026-07-23,2026-07-23,RECONSTRUCTED_NOT_PRODUCTION_EXACT,,,,NO_BARRIER_HIT,,,,,,,NO_BARRIER_HIT,2026-07-28,2026-07-27,2026-07-27,UNAVAILABLE_NOT_FABRICATED
6669,緯穎,2026-07-23,2026-07-23,5470.0,2026-07-24,2026-07-24,5730.0,4.753199268738584,6.672760511882991,-1.7367458866544783,1,True,0,,7.0,10.0,76.0,5.786052155653404,,6511901380.0,HIGH_ACTIVITY,DURABLE,RISK_OFF,REACCELERATING,REACCELERATING,KEEP_SHADOW,[],0,[],"{""Momentum Rank"": {""raw"": {""rank_change_3d"": 76, ""days_outside_top120"": 0}, ""threshold"": ""rank_change_3d<0 OR outside>=2"", ""weak"": false}, ""Relative Strength Path"": {""raw"": {""rs_slope_3d"": 5.786052155653404, ""rs_slope_5d"": NaN}, ""threshold"": ""slope3<0 AND (slope5<0 OR unavailable)"", ""weak"": false}, ""Institution Flow"": {""raw"": {""acceleration"": 6511901380.0, ""buy_days_5d"": 5}, ""threshold"": ""acceleration<0 AND buy_days_5d<=2"", ""weak"": false}, ""Market-relative Performance"": {""raw"": {""excess_1d"": 7.419750887315823, ""excess_3d"": 15.906788368016823}, ""threshold"": ""both <0"", ""weak"": false}, ""Pocket Durability"": {""raw"": ""DURABLE"", ""threshold"": ""FRAGILE"", ""weak"": false}}",NEW_DISCOVERY,NEW_DISCOVERY -> REACCELERATING,2026-07-24,True,True,PRODUCTION_SIGNAL_SNAPSHOT,FROZEN_TOP120_RAW_UNION,2026-07-24,2026-07-24,RECONSTRUCTED_NOT_PRODUCTION_EXACT,,,,NO_BARRIER_HIT,,,,,,,NO_BARRIER_HIT,2026-07-28,2026-07-27,2026-07-27,UNAVAILABLE_NOT_FABRICATED
6669,緯穎,2026-07-23,2026-07-23,5470.0,2026-07-27,2026-07-27,5745.0,5.027422303473483,6.672760511882991,-1.7367458866544783,2,True,0,,,,,0.7662835249042151,,3263995245.0,HIGH_ACTIVITY,DURABLE,RISK_OFF,REACCELERATING,REACCELERATING,KEEP_SHADOW,[],0,[],"{""Momentum Rank"": {""raw"": {""rank_change_3d"": NaN, ""days_outside_top120"": 0}, ""threshold"": ""rank_change_3d<0 OR outside>=2"", ""weak"": false}, ""Relative Strength Path"": {""raw"": {""rs_slope_3d"": 0.7662835249042151, ""rs_slope_5d"": NaN}, ""threshold"": ""slope3<0 AND (slope5<0 OR unavailable)"", ""weak"": false}, ""Institution Flow"": {""raw"": {""acceleration"": 3263995245.0, ""buy_days_5d"": 5}, ""threshold"": ""acceleration<0 AND buy_days_5d<=2"", ""weak"": false}, ""Market-relative Performance"": {""raw"": {""excess_1d"": 0.30908299254761573, ""excess_3d"": 7.112814870046957}, ""threshold"": ""both <0"", ""weak"": false}, ""Pocket Durability"": {""raw"": ""DURABLE"", ""threshold"": ""FRAGILE"", ""weak"": false}}",REACCELERATING,REACCELERATING -> REACCELERATING,2026-07-27,True,True,PRODUCTION_SIGNAL_SNAPSHOT,UNAVAILABLE_NOT_IMPUTED,2026-07-24,2026-07-24,RECONSTRUCTED_NOT_PRODUCTION_EXACT,,,,NO_BARRIER_HIT,,,,,,,NO_BARRIER_HIT,2026-07-28,2026-07-27,2026-07-27,UNAVAILABLE_NOT_FABRICATED
6670,復盛應用,2026-07-23,2026-07-23,264.0,2026-07-23,2026-07-23,264.0,0.0,0.0,0.0,0,True,0,,51.0,,,,,84152474.5,ACTIVE,DURABLE,RISK_OFF,NEW_DISCOVERY,HOLD_STRONG,KEEP_SHADOW,[],0,[],"{""Momentum Rank"": {""raw"": {""rank_change_3d"": NaN, ""days_outside_top120"": 0}, ""threshold"": ""rank_change_3d<0 OR outside>=2"", ""weak"": false}, ""Relative Strength Path"": {""raw"": {""rs_slope_3d"": NaN, ""rs_slope_5d"": NaN}, ""threshold"": ""slope3<0 AND (slope5<0 OR unavailable)"", ""weak"": false}, ""Institution Flow"": {""raw"": {""acceleration"": 84152474.5, ""buy_days_5d"": 4}, ""threshold"": ""acceleration<0 AND buy_days_5d<=2"", ""weak"": false}, ""Market-relative Performance"": {""raw"": {""excess_1d"": 0.5155901677242891, ""excess_3d"": -4.117903524189082}, ""threshold"": ""both <0"", ""weak"": false}, ""Pocket Durability"": {""raw"": ""DURABLE"", ""threshold"": ""FRAGILE"", ""weak"": false}}",,NONE -> NEW_DISCOVERY,2026-07-23,True,True,PRODUCTION_SIGNAL_SNAPSHOT,FROZEN_TOP120_RAW_UNION,2026-07-23,2026-07-23,RECONSTRUCTED_NOT_PRODUCTION_EXACT,,,,NO_BARRIER_HIT,,,,,,,NO_BARRIER_HIT,2026-07-28,2026-07-27,2026-07-27,UNAVAILABLE_NOT_FABRICATED
6670,復盛應用,2026-07-23,2026-07-23,264.0,2026-07-24,2026-07-24,267.5,1.325757575757569,1.8939393939394034,-0.9469696969697017,1,True,0,,29.0,22.0,,,,165463784.5,ACTIVE,DURABLE,RISK_OFF,REACCELERATING,REACCELERATING,KEEP_SHADOW,[],0,[],"{""Momentum Rank"": {""raw"": {""rank_change_3d"": NaN, ""days_outside_top120"": 0}, ""threshold"": ""rank_change_3d<0 OR outside>=2"", ""weak"": false}, ""Relative Strength Path"": {""raw"": {""rs_slope_3d"": NaN, ""rs_slope_5d"": NaN}, ""threshold"": ""slope3<0 AND (slope5<0 OR unavailable)"", ""weak"": false}, ""Institution Flow"": {""raw"": {""acceleration"": 165463784.5, ""buy_days_5d"": 4}, ""threshold"": ""acceleration<0 AND buy_days_5d<=2"", ""weak"": false}, ""Market-relative Performance"": {""raw"": {""excess_1d"": 3.992309194334809, ""excess_3d"": 3.7972098239555274}, ""threshold"": ""both <0"", ""weak"": false}, ""Pocket Durability"": {""raw"": ""DURABLE"", ""threshold"": ""FRAGILE"", ""weak"": false}}",NEW_DISCOVERY,NEW_DISCOVERY -> REACCELERATING,2026-07-24,True,True,PRODUCTION_SIGNAL_SNAPSHOT,FROZEN_TOP120_RAW_UNION,2026-07-24,2026-07-24,RECONSTRUCTED_NOT_PRODUCTION_EXACT,,,,NO_BARRIER_HIT,,,,,,,NO_BARRIER_HIT,2026-07-28,2026-07-27,2026-07-27,UNAVAILABLE_NOT_FABRICATED
6670,復盛應用,2026-07-23,2026-07-23,264.0,2026-07-27,2026-07-27,273.0,3.409090909090917,3.5984848484848397,-0.9469696969697017,2,,0,,,,,,,134503351.0,ACTIVE,DURABLE,RISK_OFF,REACCELERATING,REACCELERATING,KEEP_SHADOW,[],0,[],"{""Momentum Rank"": {""raw"": {""rank_change_3d"": NaN, ""days_outside_top120"": 0}, ""threshold"": ""rank_change_3d<0 OR outside>=2"", ""weak"": false}, ""Relative Strength Path"": {""raw"": {""rs_slope_3d"": NaN, ""rs_slope_5d"": NaN}, ""threshold"": ""slope3<0 AND (slope5<0 OR unavailable)"", ""weak"": false}, ""Institution Flow"": {""raw"": {""acceleration"": 134503351.0, ""buy_days_5d"": 5}, ""threshold"": ""acceleration<0 AND buy_days_5d<=2"", ""weak"": false}, ""Market-relative Performance"": {""raw"": {""excess_1d"": 2.103377654190708, ""excess_3d"": 6.6582694155015165}, ""threshold"": ""both <0"", ""weak"": false}, ""Pocket Durability"": {""raw"": ""DURABLE"", ""threshold"": ""FRAGILE"", ""weak"": false}}",REACCELERATING,REACCELERATING -> REACCELERATING,2026-07-27,True,False,PRODUCTION_SIGNAL_SNAPSHOT,UNAVAILABLE_NOT_IMPUTED,2026-07-24,2026-07-24,RECONSTRUCTED_NOT_PRODUCTION_EXACT,,,,NO_BARRIER_HIT,,,,,,,NO_BARRIER_HIT,2026-07-28,2026-07-27,2026-07-27,UNAVAILABLE_NOT_FABRICATED
6957,裕慶-KY,2026-07-23,2026-07-23,243.0,2026-07-23,2026-07-23,243.0,0.0,0.0,0.0,0,True,0,,1.0,0.0,6.0,0.09676812061931628,0.34442532861351083,18159890.5,ACTIVE,DURABLE,RISK_OFF,NEW_DISCOVERY,HOLD_STRONG,KEEP_SHADOW,"[""Market-relative Performance""]",1,[],"{""Momentum Rank"": {""raw"": {""rank_change_3d"": 6, ""days_outside_top120"": 0}, ""threshold"": ""rank_change_3d<0 OR outside>=2"", ""weak"": false}, ""Relative Strength Path"": {""raw"": {""rs_slope_3d"": 0.09676812061931628, ""rs_slope_5d"": 0.34442532861351083}, ""threshold"": ""slope3<0 AND (slope5<0 OR unavailable)"", ""weak"": false}, ""Institution Flow"": {""raw"": {""acceleration"": 18159890.5, ""buy_days_5d"": 4}, ""threshold"": ""acceleration<0 AND buy_days_5d<=2"", ""weak"": false}, ""Market-relative Performance"": {""raw"": {""excess_1d"": -3.818214641328055, ""excess_3d"": -8.261575483492301}, ""threshold"": ""both <0"", ""weak"": true}, ""Pocket Durability"": {""raw"": ""DURABLE"", ""threshold"": ""FRAGILE"", ""weak"": false}}",,NONE -> NEW_DISCOVERY,2026-07-23,True,True,PRODUCTION_SIGNAL_SNAPSHOT,FROZEN_TOP120_RAW_UNION,2026-07-23,2026-07-23,RECONSTRUCTED_NOT_PRODUCTION_EXACT,,,,HIT_LOSER_FIRST,,2026-07-24,2026-07-24,,,,HIT_LOSER_FIRST,2026-07-28,2026-07-27,2026-07-27,UNAVAILABLE_NOT_FABRICATED
6957,裕慶-KY,2026-07-23,2026-07-23,243.0,2026-07-24,2026-07-24,240.0,-1.2345679012345734,0.6172839506172867,-6.584362139917699,1,True,0,,13.0,-12.0,-7.0,-0.09640385450507456,0.05800876540147328,13823631.5,ACTIVE,FRAGILE,RISK_OFF,DETERIORATING,DETERIORATING,RISK_BREACHED,"[""Momentum Rank"", ""Pocket Durability""]",2,[],"{""Momentum Rank"": {""raw"": {""rank_change_3d"": -7, ""days_outside_top120"": 0}, ""threshold"": ""rank_change_3d<0 OR outside>=2"", ""weak"": true}, ""Relative Strength Path"": {""raw"": {""rs_slope_3d"": -0.09640385450507456, ""rs_slope_5d"": 0.05800876540147328}, ""threshold"": ""slope3<0 AND (slope5<0 OR unavailable)"", ""weak"": false}, ""Institution Flow"": {""raw"": {""acceleration"": 13823631.5, ""buy_days_5d"": 4}, ""threshold"": ""acceleration<0 AND buy_days_5d<=2"", ""weak"": false}, ""Market-relative Performance"": {""raw"": {""excess_1d"": 1.4319837173426664, ""excess_3d"": -3.8315515529317894}, ""threshold"": ""both <0"", ""weak"": false}, ""Pocket Durability"": {""raw"": ""FRAGILE"", ""threshold"": ""FRAGILE"", ""weak"": true}}",NEW_DISCOVERY,NEW_DISCOVERY -> DETERIORATING,2026-07-24,True,True,PRODUCTION_SIGNAL_SNAPSHOT,FROZEN_TOP120_RAW_UNION,2026-07-24,2026-07-24,RECONSTRUCTED_NOT_PRODUCTION_EXACT,,,,HIT_LOSER_FIRST,,2026-07-24,2026-07-24,,,,NO_BARRIER_HIT,2026-07-28,2026-07-27,2026-07-27,UNAVAILABLE_NOT_FABRICATED
8114,振樺電,2026-07-23,2026-07-23,232.0,2026-07-23,2026-07-23,232.0,0.0,0.0,0.0,0,True,0,,14.0,34.0,226.0,,,277059245.5,ACTIVE,DURABLE,RISK_OFF,NEW_DISCOVERY,HOLD_STRONG,KEEP_SHADOW,[],0,[],"{""Momentum Rank"": {""raw"": {""rank_change_3d"": 226, ""days_outside_top120"": 0}, ""threshold"": ""rank_change_3d<0 OR outside>=2"", ""weak"": false}, ""Relative Strength Path"": {""raw"": {""rs_slope_3d"": NaN, ""rs_slope_5d"": NaN}, ""threshold"": ""slope3<0 AND (slope5<0 OR unavailable)"", ""weak"": false}, ""Institution Flow"": {""raw"": {""acceleration"": 277059245.5, ""buy_days_5d"": 5}, ""threshold"": ""acceleration<0 AND buy_days_5d<=2"", ""weak"": false}, ""Market-relative Performance"": {""raw"": {""excess_1d"": 4.921537161906575, ""excess_3d"": 21.119591221502397}, ""threshold"": ""both <0"", ""weak"": false}, ""Pocket Durability"": {""raw"": ""DURABLE"", ""threshold"": ""FRAGILE"", ""weak"": false}}",,NONE -> NEW_DISCOVERY,2026-07-23,True,True,PRODUCTION_SIGNAL_SNAPSHOT,FROZEN_TOP120_RAW_UNION,2026-07-23,2026-07-23,RECONSTRUCTED_NOT_PRODUCTION_EXACT,,,,HIT_LOSER_FIRST,,2026-07-27,2026-07-27,,,,HIT_LOSER_FIRST,2026-07-28,2026-07-27,2026-07-27,UNAVAILABLE_NOT_FABRICATED
8114,振樺電,2026-07-23,2026-07-23,232.0,2026-07-24,2026-07-24,230.0,-0.8620689655172376,7.758620689655182,-3.879310344827591,1,True,0,,39.0,-25.0,101.0,,,441463619.5,ACTIVE,FRAGILE,RISK_OFF,REACCELERATING,REACCELERATING,KEEP_SHADOW,"[""Pocket Durability""]",1,[],"{""Momentum Rank"": {""raw"": {""rank_change_3d"": 101, ""days_outside_top120"": 0}, ""threshold"": ""rank_change_3d<0 OR outside>=2"", ""weak"": false}, ""Relative Strength Path"": {""raw"": {""rs_slope_3d"": NaN, ""rs_slope_5d"": NaN}, ""threshold"": ""slope3<0 AND (slope5<0 OR unavailable)"", ""weak"": false}, ""Institution Flow"": {""raw"": {""acceleration"": 441463619.5, ""buy_days_5d"": 5}, ""threshold"": ""acceleration<0 AND buy_days_5d<=2"", ""weak"": false}, ""Market-relative Performance"": {""raw"": {""excess_1d"": 1.8044826530600022, ""excess_3d"": 15.734649064534235}, ""threshold"": ""both <0"", ""weak"": false}, ""Pocket Durability"": {""raw"": ""FRAGILE"", ""threshold"": ""FRAGILE"", ""weak"": true}}",NEW_DISCOVERY,NEW_DISCOVERY -> REACCELERATING,2026-07-24,True,True,PRODUCTION_SIGNAL_SNAPSHOT,FROZEN_TOP120_RAW_UNION,2026-07-24,2026-07-24,RECONSTRUCTED_NOT_PRODUCTION_EXACT,,,,HIT_LOSER_FIRST,,2026-07-27,2026-07-27,,,,HIT_LOSER_FIRST,2026-07-28,2026-07-27,2026-07-27,UNAVAILABLE_NOT_FABRICATED
8114,振樺電,2026-07-23,2026-07-23,232.0,2026-07-27,2026-07-27,217.5,-6.25,7.758620689655182,-9.267241379310342,2,True,0,,,,,2.658045977011492,,154096049.5,ACTIVE,FRAGILE,RISK_OFF,REACCELERATING,REACCELERATING,RISK_BREACHED,"[""Pocket Durability""]",1,"[""Pocket Durability""]","{""Momentum Rank"": {""raw"": {""rank_change_3d"": NaN, ""days_outside_top120"": 0}, ""threshold"": ""rank_change_3d<0 OR outside>=2"", ""weak"": false}, ""Relative Strength Path"": {""raw"": {""rs_slope_3d"": 2.658045977011492, ""rs_slope_5d"": NaN}, ""threshold"": ""slope3<0 AND (slope5<0 OR unavailable)"", ""weak"": false}, ""Institution Flow"": {""raw"": {""acceleration"": 154096049.5, ""buy_days_5d"": 5}, ""threshold"": ""acceleration<0 AND buy_days_5d<=2"", ""weak"": false}, ""Market-relative Performance"": {""raw"": {""excess_1d"": -5.387479720860089, ""excess_3d"": 1.0745590082616885}, ""threshold"": ""both <0"", ""weak"": false}, ""Pocket Durability"": {""raw"": ""FRAGILE"", ""threshold"": ""FRAGILE"", ""weak"": true}}",REACCELERATING,REACCELERATING -> REACCELERATING,2026-07-27,True,True,PRODUCTION_SIGNAL_SNAPSHOT,UNAVAILABLE_NOT_IMPUTED,2026-07-24,2026-07-24,RECONSTRUCTED_NOT_PRODUCTION_EXACT,,,,HIT_LOSER_FIRST,,2026-07-27,2026-07-27,,,,NO_BARRIER_HIT,2026-07-28,2026-07-27,2026-07-27,UNAVAILABLE_NOT_FABRICATED
00642U,期元大S&P石油,2026-07-24,2026-07-24,30.14,2026-07-24,2026-07-24,30.14,0.0,0.0,0.0,0,True,0,,24.0,32.0,58.0,1.8168313021872582,1.6118002150004116,113425961.22,LOW_ACTIVITY,FRAGILE,RISK_OFF,NEW_DISCOVERY,HOLD_STRONG,KEEP_SHADOW,"[""Pocket Durability""]",1,[],"{""Momentum Rank"": {""raw"": {""rank_change_3d"": 58, ""days_outside_top120"": 0}, ""threshold"": ""rank_change_3d<0 OR outside>=2"", ""weak"": false}, ""Relative Strength Path"": {""raw"": {""rs_slope_3d"": 1.8168313021872582, ""rs_slope_5d"": 1.6118002150004116}, ""threshold"": ""slope3<0 AND (slope5<0 OR unavailable)"", ""weak"": false}, ""Institution Flow"": {""raw"": {""acceleration"": 113425961.22, ""buy_days_5d"": 5}, ""threshold"": ""acceleration<0 AND buy_days_5d<=2"", ""weak"": false}, ""Market-relative Performance"": {""raw"": {""excess_1d"": 6.921134807785123, ""excess_3d"": 12.977777623296571}, ""threshold"": ""both <0"", ""weak"": false}, ""Pocket Durability"": {""raw"": ""FRAGILE"", ""threshold"": ""FRAGILE"", ""weak"": true}}",,NONE -> NEW_DISCOVERY,2026-07-24,True,True,PRODUCTION_SIGNAL_SNAPSHOT,FROZEN_TOP120_RAW_UNION,2026-07-24,2026-07-24,RECONSTRUCTED_NOT_PRODUCTION_EXACT,,,,HIT_LOSER_FIRST,,2026-07-27,2026-07-27,,,,HIT_LOSER_FIRST,2026-07-28,2026-07-27,2026-07-27,UNAVAILABLE_NOT_FABRICATED
00642U,期元大S&P石油,2026-07-24,2026-07-24,30.14,2026-07-27,2026-07-27,27.78,-7.830126078301259,-6.602521566025221,-7.896483078964822,1,,0,,,,,,,112053769.76000002,LOW_ACTIVITY,FRAGILE,RISK_OFF,REACCELERATING,REACCELERATING,RISK_BREACHED,"[""Pocket Durability""]",1,"[""Pocket Durability""]","{""Momentum Rank"": {""raw"": {""rank_change_3d"": NaN, ""days_outside_top120"": 0}, ""threshold"": ""rank_change_3d<0 OR outside>=2"", ""weak"": false}, ""Relative Strength Path"": {""raw"": {""rs_slope_3d"": NaN, ""rs_slope_5d"": NaN}, ""threshold"": ""slope3<0 AND (slope5<0 OR unavailable)"", ""weak"": false}, ""Institution Flow"": {""raw"": {""acceleration"": 112053769.76000002, ""buy_days_5d"": 5}, ""threshold"": ""acceleration<0 AND buy_days_5d<=2"", ""weak"": false}, ""Market-relative Performance"": {""raw"": {""excess_1d"": -7.7828231904656935, ""excess_3d"": 1.6957025705817252}, ""threshold"": ""both <0"", ""weak"": false}, ""Pocket Durability"": {""raw"": ""FRAGILE"", ""threshold"": ""FRAGILE"", ""weak"": true}}",NEW_DISCOVERY,NEW_DISCOVERY -> REACCELERATING,2026-07-27,True,False,PRODUCTION_SIGNAL_SNAPSHOT,UNAVAILABLE_NOT_IMPUTED,2026-07-24,2026-07-24,RECONSTRUCTED_NOT_PRODUCTION_EXACT,,,,HIT_LOSER_FIRST,,2026-07-27,2026-07-27,,,,NO_BARRIER_HIT,2026-07-28,2026-07-27,2026-07-27,UNAVAILABLE_NOT_FABRICATED
2603,長榮,2026-07-24,2026-07-24,206.0,2026-07-24,2026-07-24,206.0,0.0,0.0,0.0,0,True,0,,70.0,19.0,-4.0,2.4604283821742903,2.6489911519060625,-2336098541.0,HIGH_ACTIVITY,DURABLE,RISK_OFF,NEW_DISCOVERY,HOLD_STRONG,KEEP_SHADOW,"[""Momentum Rank""]",1,[],"{""Momentum Rank"": {""raw"": {""rank_change_3d"": -4, ""days_outside_top120"": 0}, ""threshold"": ""rank_change_3d<0 OR outside>=2"", ""weak"": true}, ""Relative Strength Path"": {""raw"": {""rs_slope_3d"": 2.4604283821742903, ""rs_slope_5d"": 2.6489911519060625}, ""threshold"": ""slope3<0 AND (slope5<0 OR unavailable)"", ""weak"": false}, ""Institution Flow"": {""raw"": {""acceleration"": -2336098541.0, ""buy_days_5d"": 4}, ""threshold"": ""acceleration<0 AND buy_days_5d<=2"", ""weak"": false}, ""Market-relative Performance"": {""raw"": {""excess_1d"": 3.8950528470784618, ""excess_3d"": 2.7846208803321115}, ""threshold"": ""both <0"", ""weak"": false}, ""Pocket Durability"": {""raw"": ""DURABLE"", ""threshold"": ""FRAGILE"", ""weak"": false}}",,NONE -> NEW_DISCOVERY,2026-07-24,True,True,PRODUCTION_SIGNAL_SNAPSHOT,FROZEN_TOP120_RAW_UNION,2026-07-24,2026-07-24,RECONSTRUCTED_NOT_PRODUCTION_EXACT,,,,NO_BARRIER_HIT,,,,,,,NO_BARRIER_HIT,2026-07-28,2026-07-27,2026-07-27,UNAVAILABLE_NOT_FABRICATED
2603,長榮,2026-07-24,2026-07-24,206.0,2026-07-27,2026-07-27,203.5,-1.2135922330097082,0.0,-1.6990291262135915,1,True,0,,,,,0.7423371647509592,2.752693577617239,-2649506540.5,HIGH_ACTIVITY,DURABLE,RISK_OFF,REACCELERATING,REACCELERATING,KEEP_SHADOW,[],0,[],"{""Momentum Rank"": {""raw"": {""rank_change_3d"": NaN, ""days_outside_top120"": 0}, ""threshold"": ""rank_change_3d<0 OR outside>=2"", ""weak"": false}, ""Relative Strength Path"": {""raw"": {""rs_slope_3d"": 0.7423371647509592, ""rs_slope_5d"": 2.752693577617239}, ""threshold"": ""slope3<0 AND (slope5<0 OR unavailable)"", ""weak"": false}, ""Institution Flow"": {""raw"": {""acceleration"": -2649506540.5, ""buy_days_5d"": 4}, ""threshold"": ""acceleration<0 AND buy_days_5d<=2"", ""weak"": false}, ""Market-relative Performance"": {""raw"": {""excess_1d"": -1.166289345174143, ""excess_3d"": 1.4446771824918048}, ""threshold"": ""both <0"", ""weak"": false}, ""Pocket Durability"": {""raw"": ""DURABLE"", ""threshold"": ""FRAGILE"", ""weak"": false}}",NEW_DISCOVERY,NEW_DISCOVERY -> REACCELERATING,2026-07-27,True,True,PRODUCTION_SIGNAL_SNAPSHOT,UNAVAILABLE_NOT_IMPUTED,2026-07-24,2026-07-24,RECONSTRUCTED_NOT_PRODUCTION_EXACT,,,,NO_BARRIER_HIT,,,,,,,NO_BARRIER_HIT,2026-07-28,2026-07-27,2026-07-27,UNAVAILABLE_NOT_FABRICATED
2634,漢翔,2026-07-24,2026-07-24,65.4,2026-07-24,2026-07-24,65.4,0.0,0.0,0.0,0,True,0,,11.0,160.0,-2.0,0.07139244820440165,0.2160340692962876,-2568798007.1000004,LOW_ACTIVITY,FRAGILE,RISK_OFF,NEW_DISCOVERY,RESERVE,WARNING_SHADOW,"[""Momentum Rank"", ""Pocket Durability""]",2,[],"{""Momentum Rank"": {""raw"": {""rank_change_3d"": -2, ""days_outside_top120"": 0}, ""threshold"": ""rank_change_3d<0 OR outside>=2"", ""weak"": true}, ""Relative Strength Path"": {""raw"": {""rs_slope_3d"": 0.07139244820440165, ""rs_slope_5d"": 0.2160340692962876}, ""threshold"": ""slope3<0 AND (slope5<0 OR unavailable)"", ""weak"": false}, ""Institution Flow"": {""raw"": {""acceleration"": -2568798007.1000004, ""buy_days_5d"": 4}, ""threshold"": ""acceleration<0 AND buy_days_5d<=2"", ""weak"": false}, ""Market-relative Performance"": {""raw"": {""excess_1d"": 8.320832717123283, ""excess_3d"": -7.2246801634516915}, ""threshold"": ""both <0"", ""weak"": false}, ""Pocket Durability"": {""raw"": ""FRAGILE"", ""threshold"": ""FRAGILE"", ""weak"": true}}",,NONE -> NEW_DISCOVERY,2026-07-24,True,True,PRODUCTION_SIGNAL_SNAPSHOT,FROZEN_TOP120_RAW_UNION,2026-07-24,2026-07-24,RECONSTRUCTED_NOT_PRODUCTION_EXACT,,,,HIT_LOSER_FIRST,,2026-07-27,2026-07-27,,,,HIT_LOSER_FIRST,2026-07-28,2026-07-27,2026-07-27,UNAVAILABLE_NOT_FABRICATED
2634,漢翔,2026-07-24,2026-07-24,65.4,2026-07-27,2026-07-27,61.8,-5.504587155963314,0.0,-6.269113149847105,1,,0,,,,,,,987430591.7000005,LOW_ACTIVITY,FRAGILE,RISK_OFF,DETERIORATING,DETERIORATING,RISK_BREACHED,"[""Market-relative Performance"", ""Pocket Durability""]",2,"[""Pocket Durability""]","{""Momentum Rank"": {""raw"": {""rank_change_3d"": NaN, ""days_outside_top120"": 0}, ""threshold"": ""rank_change_3d<0 OR outside>=2"", ""weak"": false}, ""Relative Strength Path"": {""raw"": {""rs_slope_3d"": NaN, ""rs_slope_5d"": NaN}, ""threshold"": ""slope3<0 AND (slope5<0 OR unavailable)"", ""weak"": false}, ""Institution Flow"": {""raw"": {""acceleration"": 987430591.7000005, ""buy_days_5d"": 3}, ""threshold"": ""acceleration<0 AND buy_days_5d<=2"", ""weak"": false}, ""Market-relative Performance"": {""raw"": {""excess_1d"": -5.457284268127749, ""excess_3d"": -1.3789976652438423}, ""threshold"": ""both <0"", ""weak"": true}, ""Pocket Durability"": {""raw"": ""FRAGILE"", ""threshold"": ""FRAGILE"", ""weak"": true}}",NEW_DISCOVERY,NEW_DISCOVERY -> DETERIORATING,2026-07-27,True,False,PRODUCTION_SIGNAL_SNAPSHOT,UNAVAILABLE_NOT_IMPUTED,2026-07-24,2026-07-24,RECONSTRUCTED_NOT_PRODUCTION_EXACT,,,,HIT_LOSER_FIRST,,2026-07-27,2026-07-27,,,,NO_BARRIER_HIT,2026-07-28,2026-07-27,2026-07-27,UNAVAILABLE_NOT_FABRICATED
2637,慧洋-KY,2026-07-24,2026-07-24,83.8,2026-07-24,2026-07-24,83.8,0.0,0.0,0.0,0,True,0,,58.0,,52.0,2.1970871331431376,2.1024146200281164,136904439.2,HIGH_ACTIVITY,DURABLE,RISK_OFF,NEW_DISCOVERY,HOLD_STRONG,KEEP_SHADOW,[],0,[],"{""Momentum Rank"": {""raw"": {""rank_change_3d"": 52, ""days_outside_top120"": 0}, ""threshold"": ""rank_change_3d<0 OR outside>=2"", ""weak"": false}, ""Relative Strength Path"": {""raw"": {""rs_slope_3d"": 2.1970871331431376, ""rs_slope_5d"": 2.1024146200281164}, ""threshold"": ""slope3<0 AND (slope5<0 OR unavailable)"", ""weak"": false}, ""Institution Flow"": {""raw"": {""acceleration"": 136904439.2, ""buy_days_5d"": 4}, ""threshold"": ""acceleration<0 AND buy_days_5d<=2"", ""weak"": false}, ""Market-relative Performance"": {""raw"": {""excess_1d"": 5.741582368884746, ""excess_3d"": 4.636011549274532}, ""threshold"": ""both <0"", ""weak"": false}, ""Pocket Durability"": {""raw"": ""DURABLE"", ""threshold"": ""FRAGILE"", ""weak"": false}}",,NONE -> NEW_DISCOVERY,2026-07-24,True,True,PRODUCTION_SIGNAL_SNAPSHOT,FROZEN_TOP120_RAW_UNION,2026-07-24,2026-07-24,RECONSTRUCTED_NOT_PRODUCTION_EXACT,,,,NO_BARRIER_HIT,,,,,,,NO_BARRIER_HIT,2026-07-28,2026-07-27,2026-07-27,UNAVAILABLE_NOT_FABRICATED
2637,慧洋-KY,2026-07-24,2026-07-24,83.8,2026-07-27,2026-07-27,82.3,-1.7899761336515496,0.835322195704058,-2.2673031026252843,1,,0,,,,,,,-134821396.2,HIGH_ACTIVITY,DURABLE,RISK_OFF,HEALTHY_PULLBACK,HEALTHY_PULLBACK,KEEP_SHADOW,[],0,[],"{""Momentum Rank"": {""raw"": {""rank_change_3d"": NaN, ""days_outside_top120"": 0}, ""threshold"": ""rank_change_3d<0 OR outside>=2"", ""weak"": false}, ""Relative Strength Path"": {""raw"": {""rs_slope_3d"": NaN, ""rs_slope_5d"": NaN}, ""threshold"": ""slope3<0 AND (slope5<0 OR unavailable)"", ""weak"": false}, ""Institution Flow"": {""raw"": {""acceleration"": -134821396.2, ""buy_days_5d"": 3}, ""threshold"": ""acceleration<0 AND buy_days_5d<=2"", ""weak"": false}, ""Market-relative Performance"": {""raw"": {""excess_1d"": -1.7426732458159844, ""excess_3d"": 1.103245492056537}, ""threshold"": ""both <0"", ""weak"": false}, ""Pocket Durability"": {""raw"": ""DURABLE"", ""threshold"": ""FRAGILE"", ""weak"": false}}",NEW_DISCOVERY,NEW_DISCOVERY -> HEALTHY_PULLBACK,2026-07-27,True,False,PRODUCTION_SIGNAL_SNAPSHOT,UNAVAILABLE_NOT_IMPUTED,2026-07-24,2026-07-24,RECONSTRUCTED_NOT_PRODUCTION_EXACT,,,,NO_BARRIER_HIT,,,,,,,NO_BARRIER_HIT,2026-07-28,2026-07-27,2026-07-27,UNAVAILABLE_NOT_FABRICATED
3416,融程電,2026-07-24,2026-07-24,183.5,2026-07-24,2026-07-24,183.5,0.0,0.0,0.0,0,True,0,,12.0,,,,,92587378.5,ACTIVE,FRAGILE,RISK_OFF,NEW_DISCOVERY,HOLD_STRONG,KEEP_SHADOW,"[""Pocket Durability""]",1,[],"{""Momentum Rank"": {""raw"": {""rank_change_3d"": NaN, ""days_outside_top120"": 0}, ""threshold"": ""rank_change_3d<0 OR outside>=2"", ""weak"": false}, ""Relative Strength Path"": {""raw"": {""rs_slope_3d"": NaN, ""rs_slope_5d"": NaN}, ""threshold"": ""slope3<0 AND (slope5<0 OR unavailable)"", ""weak"": false}, ""Institution Flow"": {""raw"": {""acceleration"": 92587378.5, ""buy_days_5d"": 4}, ""threshold"": ""acceleration<0 AND buy_days_5d<=2"", ""weak"": false}, ""Market-relative Performance"": {""raw"": {""excess_1d"": 5.467672066756501, ""excess_3d"": 6.16393122515968}, ""threshold"": ""both <0"", ""weak"": false}, ""Pocket Durability"": {""raw"": ""FRAGILE"", ""threshold"": ""FRAGILE"", ""weak"": true}}",,NONE -> NEW_DISCOVERY,2026-07-24,True,True,PRODUCTION_SIGNAL_SNAPSHOT,FROZEN_TOP120_RAW_UNION,2026-07-24,2026-07-24,RECONSTRUCTED_NOT_PRODUCTION_EXACT,,,,HIT_LOSER_FIRST,,2026-07-27,2026-07-27,,,,HIT_LOSER_FIRST,2026-07-28,2026-07-27,2026-07-27,UNAVAILABLE_NOT_FABRICATED
3416,融程電,2026-07-24,2026-07-24,183.5,2026-07-27,2026-07-27,173.0,-5.722070844686645,1.3623978201634968,-6.539509536784738,1,,0,,,,,,,-44777291.5,ACTIVE,FRAGILE,RISK_OFF,DETERIORATING,DETERIORATING,RISK_BREACHED,"[""Market-relative Performance"", ""Pocket Durability""]",2,"[""Pocket Durability""]","{""Momentum Rank"": {""raw"": {""rank_change_3d"": NaN, ""days_outside_top120"": 0}, ""threshold"": ""rank_change_3d<0 OR outside>=2"", ""weak"": false}, ""Relative Strength Path"": {""raw"": {""rs_slope_3d"": NaN, ""rs_slope_5d"": NaN}, ""threshold"": ""slope3<0 AND (slope5<0 OR unavailable)"", ""weak"": false}, ""Institution Flow"": {""raw"": {""acceleration"": -44777291.5, ""buy_days_5d"": 4}, ""threshold"": ""acceleration<0 AND buy_days_5d<=2"", ""weak"": false}, ""Market-relative Performance"": {""raw"": {""excess_1d"": -5.674767956851079, ""excess_3d"": -0.9629005009330283}, ""threshold"": ""both <0"", ""weak"": true}, ""Pocket Durability"": {""raw"": ""FRAGILE"", ""threshold"": ""FRAGILE"", ""weak"": true}}",NEW_DISCOVERY,NEW_DISCOVERY -> DETERIORATING,2026-07-27,True,False,PRODUCTION_SIGNAL_SNAPSHOT,UNAVAILABLE_NOT_IMPUTED,2026-07-24,2026-07-24,RECONSTRUCTED_NOT_PRODUCTION_EXACT,,,,HIT_LOSER_FIRST,,2026-07-27,2026-07-27,,,,NO_BARRIER_HIT,2026-07-28,2026-07-27,2026-07-27,UNAVAILABLE_NOT_FABRICATED
3706,神達,2026-07-24,2026-07-24,91.3,2026-07-24,2026-07-24,91.3,0.0,0.0,0.0,0,True,0,,27.0,-6.0,20.0,1.669305232606078,,-61206398.19999999,HIGH_ACTIVITY,DURABLE,RISK_OFF,NEW_DISCOVERY,HOLD_STRONG,KEEP_SHADOW,[],0,[],"{""Momentum Rank"": {""raw"": {""rank_change_3d"": 20, ""days_outside_top120"": 0}, ""threshold"": ""rank_change_3d<0 OR outside>=2"", ""weak"": false}, ""Relative Strength Path"": {""raw"": {""rs_slope_3d"": 1.669305232606078, ""rs_slope_5d"": NaN}, ""threshold"": ""slope3<0 AND (slope5<0 OR unavailable)"", ""weak"": false}, ""Institution Flow"": {""raw"": {""acceleration"": -61206398.19999999, ""buy_days_5d"": 5}, ""threshold"": ""acceleration<0 AND buy_days_5d<=2"", ""weak"": false}, ""Market-relative Performance"": {""raw"": {""excess_1d"": 1.9056820533598473, ""excess_3d"": 1.3067883680168313}, ""threshold"": ""both <0"", ""weak"": false}, ""Pocket Durability"": {""raw"": ""DURABLE"", ""threshold"": ""FRAGILE"", ""weak"": false}}",,NONE -> NEW_DISCOVERY,2026-07-24,True,True,PRODUCTION_SIGNAL_SNAPSHOT,FROZEN_TOP120_RAW_UNION,2026-07-24,2026-07-24,RECONSTRUCTED_NOT_PRODUCTION_EXACT,,,,NO_BARRIER_HIT,,,,,,,NO_BARRIER_HIT,2026-07-28,2026-07-27,2026-07-27,UNAVAILABLE_NOT_FABRICATED
3706,神達,2026-07-24,2026-07-24,91.3,2026-07-27,2026-07-27,91.2,-0.10952902519166807,0.5476451259583737,-1.8619934282584905,1,True,0,,,,,0.8620689655172432,,-692031896.6000001,HIGH_ACTIVITY,DURABLE,RISK_OFF,REACCELERATING,REACCELERATING,KEEP_SHADOW,[],0,[],"{""Momentum Rank"": {""raw"": {""rank_change_3d"": NaN, ""days_outside_top120"": 0}, ""threshold"": ""rank_change_3d<0 OR outside>=2"", ""weak"": false}, ""Relative Strength Path"": {""raw"": {""rs_slope_3d"": 0.8620689655172432, ""rs_slope_5d"": NaN}, ""threshold"": ""slope3<0 AND (slope5<0 OR unavailable)"", ""weak"": false}, ""Institution Flow"": {""raw"": {""acceleration"": -692031896.6000001, ""buy_days_5d"": 4}, ""threshold"": ""acceleration<0 AND buy_days_5d<=2"", ""weak"": false}, ""Market-relative Performance"": {""raw"": {""excess_1d"": -0.06222613735610283, ""excess_3d"": 2.658269415501513}, ""threshold"": ""both <0"", ""weak"": false}, ""Pocket Durability"": {""raw"": ""DURABLE"", ""threshold"": ""FRAGILE"", ""weak"": false}}",NEW_DISCOVERY,NEW_DISCOVERY -> REACCELERATING,2026-07-27,True,True,PRODUCTION_SIGNAL_SNAPSHOT,UNAVAILABLE_NOT_IMPUTED,2026-07-24,2026-07-24,RECONSTRUCTED_NOT_PRODUCTION_EXACT,,,,NO_BARRIER_HIT,,,,,,,NO_BARRIER_HIT,2026-07-28,2026-07-27,2026-07-27,UNAVAILABLE_NOT_FABRICATED
6166,凌華,2026-07-24,2026-07-24,166.5,2026-07-24,2026-07-24,166.5,0.0,0.0,0.0,0,True,0,,6.0,36.0,336.0,,,594964906.0,ACTIVE,FRAGILE,RISK_OFF,NEW_DISCOVERY,HOLD_STRONG,KEEP_SHADOW,"[""Pocket Durability""]",1,[],"{""Momentum Rank"": {""raw"": {""rank_change_3d"": 336, ""days_outside_top120"": 0}, ""threshold"": ""rank_change_3d<0 OR outside>=2"", ""weak"": false}, ""Relative Strength Path"": {""raw"": {""rs_slope_3d"": NaN, ""rs_slope_5d"": NaN}, ""threshold"": ""slope3<0 AND (slope5<0 OR unavailable)"", ""weak"": false}, ""Institution Flow"": {""raw"": {""acceleration"": 594964906.0, ""buy_days_5d"": 3}, ""threshold"": ""acceleration<0 AND buy_days_5d<=2"", ""weak"": false}, ""Market-relative Performance"": {""raw"": {""excess_1d"": 7.05526635211956, ""excess_3d"": 27.44315200438048}, ""threshold"": ""both <0"", ""weak"": false}, ""Pocket Durability"": {""raw"": ""FRAGILE"", ""threshold"": ""FRAGILE"", ""weak"": true}}",,NONE -> NEW_DISCOVERY,2026-07-24,True,True,PRODUCTION_SIGNAL_SNAPSHOT,FROZEN_TOP120_RAW_UNION,2026-07-24,2026-07-24,RECONSTRUCTED_NOT_PRODUCTION_EXACT,,,,HIT_LOSER_FIRST,,2026-07-27,2026-07-27,,,,HIT_LOSER_FIRST,2026-07-28,2026-07-27,2026-07-27,UNAVAILABLE_NOT_FABRICATED
6166,凌華,2026-07-24,2026-07-24,166.5,2026-07-27,2026-07-27,150.0,-9.909909909909908,-0.6006006006005982,-9.909909909909908,1,,0,,,,,,,513360159.0,ACTIVE,FRAGILE,RISK_OFF,REACCELERATING,REACCELERATING,RISK_BREACHED,"[""Pocket Durability""]",1,"[""Pocket Durability""]","{""Momentum Rank"": {""raw"": {""rank_change_3d"": NaN, ""days_outside_top120"": 0}, ""threshold"": ""rank_change_3d<0 OR outside>=2"", ""weak"": false}, ""Relative Strength Path"": {""raw"": {""rs_slope_3d"": NaN, ""rs_slope_5d"": NaN}, ""threshold"": ""slope3<0 AND (slope5<0 OR unavailable)"", ""weak"": false}, ""Institution Flow"": {""raw"": {""acceleration"": 513360159.0, ""buy_days_5d"": 4}, ""threshold"": ""acceleration<0 AND buy_days_5d<=2"", ""weak"": false}, ""Market-relative Performance"": {""raw"": {""excess_1d"": -9.862607022074343, ""excess_3d"": 6.106545277570485}, ""threshold"": ""both <0"", ""weak"": false}, ""Pocket Durability"": {""raw"": ""FRAGILE"", ""threshold"": ""FRAGILE"", ""weak"": true}}",NEW_DISCOVERY,NEW_DISCOVERY -> REACCELERATING,2026-07-27,True,False,PRODUCTION_SIGNAL_SNAPSHOT,UNAVAILABLE_NOT_IMPUTED,2026-07-24,2026-07-24,RECONSTRUCTED_NOT_PRODUCTION_EXACT,,,,HIT_LOSER_FIRST,,2026-07-27,2026-07-27,,,,NO_BARRIER_HIT,2026-07-28,2026-07-27,2026-07-27,UNAVAILABLE_NOT_FABRICATED
6243,迅杰,2026-07-24,2026-07-24,52.2,2026-07-24,2026-07-24,52.2,0.0,0.0,0.0,0,True,0,,14.0,,-1.0,-0.35984817251823625,-0.37339783345737204,43440927.49999999,ACTIVE,FRAGILE,RISK_OFF,NEW_DISCOVERY,RESERVE,WARNING_SHADOW,"[""Momentum Rank"", ""Pocket Durability"", ""Relative Strength Path""]",3,[],"{""Momentum Rank"": {""raw"": {""rank_change_3d"": -1, ""days_outside_top120"": 0}, ""threshold"": ""rank_change_3d<0 OR outside>=2"", ""weak"": true}, ""Relative Strength Path"": {""raw"": {""rs_slope_3d"": -0.35984817251823625, ""rs_slope_5d"": -0.37339783345737204}, ""threshold"": ""slope3<0 AND (slope5<0 OR unavailable)"", ""weak"": true}, ""Institution Flow"": {""raw"": {""acceleration"": 43440927.49999999, ""buy_days_5d"": 4}, ""threshold"": ""acceleration<0 AND buy_days_5d<=2"", ""weak"": false}, ""Market-relative Performance"": {""raw"": {""excess_1d"": 12.561288460682507, ""excess_3d"": 3.6597295444874334}, ""threshold"": ""both <0"", ""weak"": false}, ""Pocket Durability"": {""raw"": ""FRAGILE"", ""threshold"": ""FRAGILE"", ""weak"": true}}",,NONE -> NEW_DISCOVERY,2026-07-24,True,True,PRODUCTION_SIGNAL_SNAPSHOT,FROZEN_TOP120_RAW_UNION,2026-07-24,2026-07-24,RECONSTRUCTED_NOT_PRODUCTION_EXACT,,,,HIT_LOSER_FIRST,,2026-07-27,2026-07-27,,,,HIT_LOSER_FIRST,2026-07-28,2026-07-27,2026-07-27,UNAVAILABLE_NOT_FABRICATED
6243,迅杰,2026-07-24,2026-07-24,52.2,2026-07-27,2026-07-27,49.2,-5.747126436781613,6.321839080459757,-6.704980842911878,1,,0,,,,,,,-1839487.2999999858,ACTIVE,FRAGILE,RISK_OFF,HEALTHY_PULLBACK,HEALTHY_PULLBACK,RISK_BREACHED,"[""Pocket Durability""]",1,"[""Pocket Durability""]","{""Momentum Rank"": {""raw"": {""rank_change_3d"": NaN, ""days_outside_top120"": 0}, ""threshold"": ""rank_change_3d<0 OR outside>=2"", ""weak"": false}, ""Relative Strength Path"": {""raw"": {""rs_slope_3d"": NaN, ""rs_slope_5d"": NaN}, ""threshold"": ""slope3<0 AND (slope5<0 OR unavailable)"", ""weak"": false}, ""Institution Flow"": {""raw"": {""acceleration"": -1839487.2999999858, ""buy_days_5d"": 3}, ""threshold"": ""acceleration<0 AND buy_days_5d<=2"", ""weak"": false}, ""Market-relative Performance"": {""raw"": {""excess_1d"": -5.699823548946048, ""excess_3d"": 0.8618622298727785}, ""threshold"": ""both <0"", ""weak"": false}, ""Pocket Durability"": {""raw"": ""FRAGILE"", ""threshold"": ""FRAGILE"", ""weak"": true}}",NEW_DISCOVERY,NEW_DISCOVERY -> HEALTHY_PULLBACK,2026-07-27,True,False,PRODUCTION_SIGNAL_SNAPSHOT,UNAVAILABLE_NOT_IMPUTED,2026-07-24,2026-07-24,RECONSTRUCTED_NOT_PRODUCTION_EXACT,,,,HIT_LOSER_FIRST,,2026-07-27,2026-07-27,,,,NO_BARRIER_HIT,2026-07-28,2026-07-27,2026-07-27,UNAVAILABLE_NOT_FABRICATED
6477,安集,2026-07-24,2026-07-24,38.85,2026-07-24,2026-07-24,38.85,0.0,0.0,0.0,0,True,0,,43.0,0.0,37.0,-0.024633486699978373,,-73341842.60000002,ACTIVE,DURABLE,RISK_OFF,NEW_DISCOVERY,RESERVE,WARNING_SHADOW,"[""Institution Flow"", ""Relative Strength Path""]",2,[],"{""Momentum Rank"": {""raw"": {""rank_change_3d"": 37, ""days_outside_top120"": 0}, ""threshold"": ""rank_change_3d<0 OR outside>=2"", ""weak"": false}, ""Relative Strength Path"": {""raw"": {""rs_slope_3d"": -0.024633486699978373, ""rs_slope_5d"": NaN}, ""threshold"": ""slope3<0 AND (slope5<0 OR unavailable)"", ""weak"": true}, ""Institution Flow"": {""raw"": {""acceleration"": -73341842.60000002, ""buy_days_5d"": 2}, ""threshold"": ""acceleration<0 AND buy_days_5d<=2"", ""weak"": true}, ""Market-relative Performance"": {""raw"": {""excess_1d"": 3.5756425276681436, ""excess_3d"": -6.95767444190052}, ""threshold"": ""both <0"", ""weak"": false}, ""Pocket Durability"": {""raw"": ""DURABLE"", ""threshold"": ""FRAGILE"", ""weak"": false}}",,NONE -> NEW_DISCOVERY,2026-07-24,True,True,PRODUCTION_SIGNAL_SNAPSHOT,FROZEN_TOP120_RAW_UNION,2026-07-24,2026-07-24,RECONSTRUCTED_NOT_PRODUCTION_EXACT,,,,HIT_LOSER_FIRST,,2026-07-27,2026-07-27,,,,HIT_LOSER_FIRST,2026-07-28,2026-07-27,2026-07-27,UNAVAILABLE_NOT_FABRICATED
6477,安集,2026-07-24,2026-07-24,38.85,2026-07-27,2026-07-27,36.55,-5.920205920205934,0.5148005148005064,-7.722007722007717,1,,0,,,,,,,-67464651.89999999,ACTIVE,DURABLE,RISK_OFF,DETERIORATING,DETERIORATING,RISK_BREACHED,"[""Institution Flow"", ""Market-relative Performance""]",2,"[""Institution Flow""]","{""Momentum Rank"": {""raw"": {""rank_change_3d"": NaN, ""days_outside_top120"": 0}, ""threshold"": ""rank_change_3d<0 OR outside>=2"", ""weak"": false}, ""Relative Strength Path"": {""raw"": {""rs_slope_3d"": NaN, ""rs_slope_5d"": NaN}, ""threshold"": ""slope3<0 AND (slope5<0 OR unavailable)"", ""weak"": false}, ""Institution Flow"": {""raw"": {""acceleration"": -67464651.89999999, ""buy_days_5d"": 2}, ""threshold"": ""acceleration<0 AND buy_days_5d<=2"", ""weak"": true}, ""Market-relative Performance"": {""raw"": {""excess_1d"": -5.872903032370369, ""excess_3d"": -6.30810667416225}, ""threshold"": ""both <0"", ""weak"": true}, ""Pocket Durability"": {""raw"": ""DURABLE"", ""threshold"": ""FRAGILE"", ""weak"": false}}",NEW_DISCOVERY,NEW_DISCOVERY -> DETERIORATING,2026-07-27,True,False,PRODUCTION_SIGNAL_SNAPSHOT,UNAVAILABLE_NOT_IMPUTED,2026-07-24,2026-07-24,RECONSTRUCTED_NOT_PRODUCTION_EXACT,,,,HIT_LOSER_FIRST,,2026-07-27,2026-07-27,,,,NO_BARRIER_HIT,2026-07-28,2026-07-27,2026-07-27,UNAVAILABLE_NOT_FABRICATED
6533,晶心科,2026-07-24,2026-07-24,217.0,2026-07-24,2026-07-24,217.0,0.0,0.0,0.0,0,True,0,,46.0,56.0,-18.0,-1.6543602302148817,0.5206524435623919,61003330.5,ACTIVE,FRAGILE,RISK_OFF,NEW_DISCOVERY,RESERVE,WARNING_SHADOW,"[""Momentum Rank"", ""Pocket Durability""]",2,[],"{""Momentum Rank"": {""raw"": {""rank_change_3d"": -18, ""days_outside_top120"": 0}, ""threshold"": ""rank_change_3d<0 OR outside>=2"", ""weak"": true}, ""Relative Strength Path"": {""raw"": {""rs_slope_3d"": -1.6543602302148817, ""rs_slope_5d"": 0.5206524435623919}, ""threshold"": ""slope3<0 AND (slope5<0 OR unavailable)"", ""weak"": false}, ""Institution Flow"": {""raw"": {""acceleration"": 61003330.5, ""buy_days_5d"": 3}, ""threshold"": ""acceleration<0 AND buy_days_5d<=2"", ""weak"": false}, ""Market-relative Performance"": {""raw"": {""excess_1d"": 4.068420777455739, ""excess_3d"": -6.155898199147347}, ""threshold"": ""both <0"", ""weak"": false}, ""Pocket Durability"": {""raw"": ""FRAGILE"", ""threshold"": ""FRAGILE"", ""weak"": true}}",,NONE -> NEW_DISCOVERY,2026-07-24,True,True,PRODUCTION_SIGNAL_SNAPSHOT,FROZEN_TOP120_RAW_UNION,2026-07-24,2026-07-24,RECONSTRUCTED_NOT_PRODUCTION_EXACT,,,,NO_BARRIER_HIT,,,,,,,NO_BARRIER_HIT,2026-07-28,2026-07-27,2026-07-27,UNAVAILABLE_NOT_FABRICATED
6533,晶心科,2026-07-24,2026-07-24,217.0,2026-07-27,2026-07-27,213.5,-1.6129032258064502,0.0,-4.608294930875578,1,,0,,,,,,,-90890292.5,ACTIVE,FRAGILE,RISK_OFF,DETERIORATING,DETERIORATING,WARNING_SHADOW,"[""Institution Flow"", ""Market-relative Performance"", ""Pocket Durability""]",3,"[""Pocket Durability""]","{""Momentum Rank"": {""raw"": {""rank_change_3d"": NaN, ""days_outside_top120"": 0}, ""threshold"": ""rank_change_3d<0 OR outside>=2"", ""weak"": false}, ""Relative Strength Path"": {""raw"": {""rs_slope_3d"": NaN, ""rs_slope_5d"": NaN}, ""threshold"": ""slope3<0 AND (slope5<0 OR unavailable)"", ""weak"": false}, ""Institution Flow"": {""raw"": {""acceleration"": -90890292.5, ""buy_days_5d"": 2}, ""threshold"": ""acceleration<0 AND buy_days_5d<=2"", ""weak"": true}, ""Market-relative Performance"": {""raw"": {""excess_1d"": -1.565600337970885, ""excess_3d"": -6.296954465095505}, ""threshold"": ""both <0"", ""weak"": true}, ""Pocket Durability"": {""raw"": ""FRAGILE"", ""threshold"": ""FRAGILE"", ""weak"": true}}",NEW_DISCOVERY,NEW_DISCOVERY -> DETERIORATING,2026-07-27,True,False,PRODUCTION_SIGNAL_SNAPSHOT,UNAVAILABLE_NOT_IMPUTED,2026-07-24,2026-07-24,RECONSTRUCTED_NOT_PRODUCTION_EXACT,,,,NO_BARRIER_HIT,,,,,,,NO_BARRIER_HIT,2026-07-28,2026-07-27,2026-07-27,UNAVAILABLE_NOT_FABRICATED
9921,巨大,2026-07-24,2026-07-24,88.7,2026-07-24,2026-07-24,88.7,0.0,0.0,0.0,0,True,0,,2.0,,,,,-13477304.90000002,ACTIVE,DURABLE,RISK_OFF,NEW_DISCOVERY,HOLD_STRONG,KEEP_SHADOW,[],0,[],"{""Momentum Rank"": {""raw"": {""rank_change_3d"": NaN, ""days_outside_top120"": 0}, ""threshold"": ""rank_change_3d<0 OR outside>=2"", ""weak"": false}, ""Relative Strength Path"": {""raw"": {""rs_slope_3d"": NaN, ""rs_slope_5d"": NaN}, ""threshold"": ""slope3<0 AND (slope5<0 OR unavailable)"", ""weak"": false}, ""Institution Flow"": {""raw"": {""acceleration"": -13477304.90000002, ""buy_days_5d"": 5}, ""threshold"": ""acceleration<0 AND buy_days_5d<=2"", ""weak"": false}, ""Market-relative Performance"": {""raw"": {""excess_1d"": 6.409241677056777, ""excess_3d"": 6.153124065416371}, ""threshold"": ""both <0"", ""weak"": false}, ""Pocket Durability"": {""raw"": ""DURABLE"", ""threshold"": ""FRAGILE"", ""weak"": false}}",,NONE -> NEW_DISCOVERY,2026-07-24,True,True,PRODUCTION_SIGNAL_SNAPSHOT,FROZEN_TOP120_RAW_UNION,2026-07-24,2026-07-24,RECONSTRUCTED_NOT_PRODUCTION_EXACT,,,,NO_BARRIER_HIT,,,,,,,NO_BARRIER_HIT,2026-07-28,2026-07-27,2026-07-27,UNAVAILABLE_NOT_FABRICATED
9921,巨大,2026-07-24,2026-07-24,88.7,2026-07-27,2026-07-27,85.5,-3.6076662908680945,0.0,-4.509582863585115,1,,0,,,,,,,-20604833.70000001,ACTIVE,DURABLE,RISK_OFF,HEALTHY_PULLBACK,HEALTHY_PULLBACK,KEEP_SHADOW,[],0,[],"{""Momentum Rank"": {""raw"": {""rank_change_3d"": NaN, ""days_outside_top120"": 0}, ""threshold"": ""rank_change_3d<0 OR outside>=2"", ""weak"": false}, ""Relative Strength Path"": {""raw"": {""rs_slope_3d"": NaN, ""rs_slope_5d"": NaN}, ""threshold"": ""slope3<0 AND (slope5<0 OR unavailable)"", ""weak"": false}, ""Institution Flow"": {""raw"": {""acceleration"": -20604833.70000001, ""buy_days_5d"": 4}, ""threshold"": ""acceleration<0 AND buy_days_5d<=2"", ""weak"": false}, ""Market-relative Performance"": {""raw"": {""excess_1d"": -3.5603634030325293, ""excess_3d"": 3.7220992027355626}, ""threshold"": ""both <0"", ""weak"": false}, ""Pocket Durability"": {""raw"": ""DURABLE"", ""threshold"": ""FRAGILE"", ""weak"": false}}",NEW_DISCOVERY,NEW_DISCOVERY -> HEALTHY_PULLBACK,2026-07-27,True,False,PRODUCTION_SIGNAL_SNAPSHOT,UNAVAILABLE_NOT_IMPUTED,2026-07-24,2026-07-24,RECONSTRUCTED_NOT_PRODUCTION_EXACT,,,,NO_BARRIER_HIT,,,,,,,NO_BARRIER_HIT,2026-07-28,2026-07-27,2026-07-27,UNAVAILABLE_NOT_FABRICATED
1301,台塑,2026-07-27,2026-07-27,61.7,2026-07-27,2026-07-27,61.7,0.0,0.0,0.0,0,True,0,,,,,-0.23946360153256782,-0.013219632084604882,296723486.6000002,ACTIVE,FRAGILE,RISK_OFF,NEW_DISCOVERY,RESERVE,WARNING_SHADOW,"[""Market-relative Performance"", ""Pocket Durability"", ""Relative Strength Path""]",3,[],"{""Momentum Rank"": {""raw"": {""rank_change_3d"": NaN, ""days_outside_top120"": 0}, ""threshold"": ""rank_change_3d<0 OR outside>=2"", ""weak"": false}, ""Relative Strength Path"": {""raw"": {""rs_slope_3d"": -0.23946360153256782, ""rs_slope_5d"": -0.013219632084604882}, ""threshold"": ""slope3<0 AND (slope5<0 OR unavailable)"", ""weak"": true}, ""Institution Flow"": {""raw"": {""acceleration"": 296723486.6000002, ""buy_days_5d"": 2}, ""threshold"": ""acceleration<0 AND buy_days_5d<=2"", ""weak"": false}, ""Market-relative Performance"": {""raw"": {""excess_1d"": -1.5475934439028727, ""excess_3d"": -0.1763762537898228}, ""threshold"": ""both <0"", ""weak"": true}, ""Pocket Durability"": {""raw"": ""FRAGILE"", ""threshold"": ""FRAGILE"", ""weak"": true}}",,NONE -> NEW_DISCOVERY,2026-07-27,True,True,PRODUCTION_SIGNAL_SNAPSHOT,UNAVAILABLE_NOT_IMPUTED,2026-07-24,2026-07-24,RECONSTRUCTED_NOT_PRODUCTION_EXACT,,,,NO_BARRIER_HIT,,,,,,,NO_BARRIER_HIT,2026-07-28,2026-07-27,2026-07-27,UNAVAILABLE_NOT_FABRICATED
1326,台化,2026-07-27,2026-07-27,65.0,2026-07-27,2026-07-27,65.0,0.0,0.0,0.0,0,True,0,,,,,-0.38314176245210757,0.02985278419105839,-1288314787.9999998,ACTIVE,FRAGILE,RISK_OFF,NEW_DISCOVERY,RESERVE,WARNING_SHADOW,"[""Institution Flow"", ""Market-relative Performance"", ""Pocket Durability""]",3,[],"{""Momentum Rank"": {""raw"": {""rank_change_3d"": NaN, ""days_outside_top120"": 0}, ""threshold"": ""rank_change_3d<0 OR outside>=2"", ""weak"": false}, ""Relative Strength Path"": {""raw"": {""rs_slope_3d"": -0.38314176245210757, ""rs_slope_5d"": 0.02985278419105839}, ""threshold"": ""slope3<0 AND (slope5<0 OR unavailable)"", ""weak"": false}, ""Institution Flow"": {""raw"": {""acceleration"": -1288314787.9999998, ""buy_days_5d"": 2}, ""threshold"": ""acceleration<0 AND buy_days_5d<=2"", ""weak"": true}, ""Market-relative Performance"": {""raw"": {""excess_1d"": -3.656400815868144, ""excess_3d"": -5.273741915943242}, ""threshold"": ""both <0"", ""weak"": true}, ""Pocket Durability"": {""raw"": ""FRAGILE"", ""threshold"": ""FRAGILE"", ""weak"": true}}",,NONE -> NEW_DISCOVERY,2026-07-27,True,True,PRODUCTION_SIGNAL_SNAPSHOT,UNAVAILABLE_NOT_IMPUTED,2026-07-24,2026-07-24,RECONSTRUCTED_NOT_PRODUCTION_EXACT,,,,NO_BARRIER_HIT,,,,,,,NO_BARRIER_HIT,2026-07-28,2026-07-27,2026-07-27,UNAVAILABLE_NOT_FABRICATED
2059,川湖,2026-07-27,2026-07-27,8275.0,2026-07-27,2026-07-27,8275.0,0.0,0.0,0.0,0,True,0,,,,,1.9636015325670495,0.27469526575804937,1373192615.0,ACTIVE,FRAGILE,RISK_OFF,NEW_DISCOVERY,HOLD_STRONG,KEEP_SHADOW,"[""Pocket Durability""]",1,[],"{""Momentum Rank"": {""raw"": {""rank_change_3d"": NaN, ""days_outside_top120"": 0}, ""threshold"": ""rank_change_3d<0 OR outside>=2"", ""weak"": false}, ""Relative Strength Path"": {""raw"": {""rs_slope_3d"": 1.9636015325670495, ""rs_slope_5d"": 0.27469526575804937}, ""threshold"": ""slope3<0 AND (slope5<0 OR unavailable)"", ""weak"": false}, ""Institution Flow"": {""raw"": {""acceleration"": 1373192615.0, ""buy_days_5d"": 4}, ""threshold"": ""acceleration<0 AND buy_days_5d<=2"", ""weak"": false}, ""Market-relative Performance"": {""raw"": {""excess_1d"": 7.028556927913132, ""excess_3d"": 4.504423261655366}, ""threshold"": ""both <0"", ""weak"": false}, ""Pocket Durability"": {""raw"": ""FRAGILE"", ""threshold"": ""FRAGILE"", ""weak"": true}}",,NONE -> NEW_DISCOVERY,2026-07-27,True,True,PRODUCTION_SIGNAL_SNAPSHOT,UNAVAILABLE_NOT_IMPUTED,2026-07-24,2026-07-24,RECONSTRUCTED_NOT_PRODUCTION_EXACT,,,,NO_BARRIER_HIT,,,,,,,NO_BARRIER_HIT,2026-07-28,2026-07-27,2026-07-27,UNAVAILABLE_NOT_FABRICATED
2332,友訊,2026-07-27,2026-07-27,24.3,2026-07-27,2026-07-27,24.3,0.0,0.0,0.0,0,True,0,,,,,0.3591954022988517,2.8079926019711534,-124913752.45000002,ACTIVE,FRAGILE,RISK_OFF,NEW_DISCOVERY,RESERVE,WARNING_SHADOW,"[""Institution Flow"", ""Pocket Durability""]",2,[],"{""Momentum Rank"": {""raw"": {""rank_change_3d"": NaN, ""days_outside_top120"": 0}, ""threshold"": ""rank_change_3d<0 OR outside>=2"", ""weak"": false}, ""Relative Strength Path"": {""raw"": {""rs_slope_3d"": 0.3591954022988517, ""rs_slope_5d"": 2.8079926019711534}, ""threshold"": ""slope3<0 AND (slope5<0 OR unavailable)"", ""weak"": false}, ""Institution Flow"": {""raw"": {""acceleration"": -124913752.45000002, ""buy_days_5d"": 2}, ""threshold"": ""acceleration<0 AND buy_days_5d<=2"", ""weak"": true}, ""Market-relative Performance"": {""raw"": {""excess_1d"": 10.00205401905727, ""excess_3d"": 4.331909582865534}, ""threshold"": ""both <0"", ""weak"": false}, ""Pocket Durability"": {""raw"": ""FRAGILE"", ""threshold"": ""FRAGILE"", ""weak"": true}}",,NONE -> NEW_DISCOVERY,2026-07-27,True,True,PRODUCTION_SIGNAL_SNAPSHOT,UNAVAILABLE_NOT_IMPUTED,2026-07-24,2026-07-24,RECONSTRUCTED_NOT_PRODUCTION_EXACT,,,,NO_BARRIER_HIT,,,,,,,NO_BARRIER_HIT,2026-07-28,2026-07-27,2026-07-27,UNAVAILABLE_NOT_FABRICATED
2357,華碩,2026-07-27,2026-07-27,760.0,2026-07-27,2026-07-27,760.0,0.0,0.0,0.0,0,True,0,,,,,13.625478927203064,,-2318479909.0,ACTIVE,FRAGILE,RISK_OFF,NEW_DISCOVERY,HOLD_STRONG,KEEP_SHADOW,"[""Pocket Durability""]",1,[],"{""Momentum Rank"": {""raw"": {""rank_change_3d"": NaN, ""days_outside_top120"": 0}, ""threshold"": ""rank_change_3d<0 OR outside>=2"", ""weak"": false}, ""Relative Strength Path"": {""raw"": {""rs_slope_3d"": 13.625478927203064, ""rs_slope_5d"": NaN}, ""threshold"": ""slope3<0 AND (slope5<0 OR unavailable)"", ""weak"": false}, ""Institution Flow"": {""raw"": {""acceleration"": -2318479909.0, ""buy_days_5d"": 4}, ""threshold"": ""acceleration<0 AND buy_days_5d<=2"", ""weak"": false}, ""Market-relative Performance"": {""raw"": {""excess_1d"": -1.3794156595055451, ""excess_3d"": 3.0545706044050824}, ""threshold"": ""both <0"", ""weak"": false}, ""Pocket Durability"": {""raw"": ""FRAGILE"", ""threshold"": ""FRAGILE"", ""weak"": true}}",,NONE -> NEW_DISCOVERY,2026-07-27,True,True,PRODUCTION_SIGNAL_SNAPSHOT,UNAVAILABLE_NOT_IMPUTED,2026-07-24,2026-07-24,RECONSTRUCTED_NOT_PRODUCTION_EXACT,,,,NO_BARRIER_HIT,,,,,,,NO_BARRIER_HIT,2026-07-28,2026-07-27,2026-07-27,UNAVAILABLE_NOT_FABRICATED
4566,時碩工業,2026-07-27,2026-07-27,73.3,2026-07-27,2026-07-27,73.3,0.0,0.0,0.0,0,True,0,,,,,,,-3804453.499999985,ACTIVE,FRAGILE,RISK_OFF,NEW_DISCOVERY,HOLD_STRONG,KEEP_SHADOW,"[""Pocket Durability""]",1,[],"{""Momentum Rank"": {""raw"": {""rank_change_3d"": NaN, ""days_outside_top120"": 0}, ""threshold"": ""rank_change_3d<0 OR outside>=2"", ""weak"": false}, ""Relative Strength Path"": {""raw"": {""rs_slope_3d"": NaN, ""rs_slope_5d"": NaN}, ""threshold"": ""slope3<0 AND (slope5<0 OR unavailable)"", ""weak"": false}, ""Institution Flow"": {""raw"": {""acceleration"": -3804453.499999985, ""buy_days_5d"": 5}, ""threshold"": ""acceleration<0 AND buy_days_5d<=2"", ""weak"": false}, ""Market-relative Performance"": {""raw"": {""excess_1d"": 2.8523519761946226, ""excess_3d"": 9.822012105559974}, ""threshold"": ""both <0"", ""weak"": false}, ""Pocket Durability"": {""raw"": ""FRAGILE"", ""threshold"": ""FRAGILE"", ""weak"": true}}",,NONE -> NEW_DISCOVERY,2026-07-27,True,True,PRODUCTION_SIGNAL_SNAPSHOT,UNAVAILABLE_NOT_IMPUTED,2026-07-24,2026-07-24,RECONSTRUCTED_NOT_PRODUCTION_EXACT,,,,NO_BARRIER_HIT,,,,,,,NO_BARRIER_HIT,2026-07-28,2026-07-27,2026-07-27,UNAVAILABLE_NOT_FABRICATED
5876,上海商銀,2026-07-27,2026-07-27,47.0,2026-07-27,2026-07-27,47.0,0.0,0.0,0.0,0,True,0,,,,,,,-158183446.7,ACTIVE,DURABLE,RISK_OFF,NEW_DISCOVERY,HOLD_STRONG,KEEP_SHADOW,[],0,[],"{""Momentum Rank"": {""raw"": {""rank_change_3d"": NaN, ""days_outside_top120"": 0}, ""threshold"": ""rank_change_3d<0 OR outside>=2"", ""weak"": false}, ""Relative Strength Path"": {""raw"": {""rs_slope_3d"": NaN, ""rs_slope_5d"": NaN}, ""threshold"": ""slope3<0 AND (slope5<0 OR unavailable)"", ""weak"": false}, ""Institution Flow"": {""raw"": {""acceleration"": -158183446.7, ""buy_days_5d"": 4}, ""threshold"": ""acceleration<0 AND buy_days_5d<=2"", ""weak"": false}, ""Market-relative Performance"": {""raw"": {""excess_1d"": 1.8891230395148728, ""excess_3d"": 7.102713859945964}, ""threshold"": ""both <0"", ""weak"": false}, ""Pocket Durability"": {""raw"": ""DURABLE"", ""threshold"": ""FRAGILE"", ""weak"": false}}",,NONE -> NEW_DISCOVERY,2026-07-27,True,True,PRODUCTION_SIGNAL_SNAPSHOT,UNAVAILABLE_NOT_IMPUTED,2026-07-24,2026-07-24,RECONSTRUCTED_NOT_PRODUCTION_EXACT,,,,NO_BARRIER_HIT,,,,,,,NO_BARRIER_HIT,2026-07-28,2026-07-27,2026-07-27,UNAVAILABLE_NOT_FABRICATED
8271,宇瞻,2026-07-27,2026-07-27,218.0,2026-07-27,2026-07-27,218.0,0.0,0.0,0.0,0,True,0,,,,,,,-362622741.5,ACTIVE,FRAGILE,RISK_OFF,NEW_DISCOVERY,HOLD_STRONG,KEEP_SHADOW,"[""Pocket Durability""]",1,[],"{""Momentum Rank"": {""raw"": {""rank_change_3d"": NaN, ""days_outside_top120"": 0}, ""threshold"": ""rank_change_3d<0 OR outside>=2"", ""weak"": false}, ""Relative Strength Path"": {""raw"": {""rs_slope_3d"": NaN, ""rs_slope_5d"": NaN}, ""threshold"": ""slope3<0 AND (slope5<0 OR unavailable)"", ""weak"": false}, ""Institution Flow"": {""raw"": {""acceleration"": -362622741.5, ""buy_days_5d"": 4}, ""threshold"": ""acceleration<0 AND buy_days_5d<=2"", ""weak"": false}, ""Market-relative Performance"": {""raw"": {""excess_1d"": 2.635538181953212, ""excess_3d"": 13.599745242473515}, ""threshold"": ""both <0"", ""weak"": false}, ""Pocket Durability"": {""raw"": ""FRAGILE"", ""threshold"": ""FRAGILE"", ""weak"": true}}",,NONE -> NEW_DISCOVERY,2026-07-27,True,True,PRODUCTION_SIGNAL_SNAPSHOT,UNAVAILABLE_NOT_IMPUTED,2026-07-24,2026-07-24,RECONSTRUCTED_NOT_PRODUCTION_EXACT,,,,NO_BARRIER_HIT,,,,,,,NO_BARRIER_HIT,2026-07-28,2026-07-27,2026-07-27,UNAVAILABLE_NOT_FABRICATED
