stock_id,stock_name,evaluation_date,dataset,survival_relative_strength_raw,survival_relative_strength_percentile,survival_relative_strength_threshold,survival_relative_strength_pass,survival_market_down_day_raw,survival_market_down_day_percentile,survival_market_down_day_threshold,survival_market_down_day_pass,survival_rank_health_raw,survival_rank_health_percentile,survival_rank_health_threshold,survival_rank_health_pass,survival_flow_persistence_raw,survival_flow_persistence_percentile,survival_flow_persistence_threshold,survival_flow_persistence_pass,survival_trend_efficiency_raw,survival_trend_efficiency_percentile,survival_trend_efficiency_threshold,survival_trend_efficiency_pass,survival_bundle_pass,threshold_source,threshold_version,bundle_definition
020036,元大金融配息N,2026-06-11,A,1.2836765548262292,,0.0,True,0.4,21.25,70.0,False,,,0.0,False,0.2,3.75,50.0,False,0.6987951807228916,84.16666666666667,50.0,True,False,PHASE3F_V2_DATASET_A_LOCKED,phase3f_v2_bundle_A,market_down_day top120 percentile >=70; other predicates diagnostic only
1227,佳格,2026-06-11,A,4.159089083167174,69.86301369863014,0.0,True,1.0,87.08333333333333,70.0,True,32.0,69.86301369863014,0.0,True,1.0,97.91666666666666,50.0,True,0.3114754098360661,41.66666666666667,50.0,False,True,PHASE3F_V2_DATASET_A_LOCKED,phase3f_v2_bundle_A,market_down_day top120 percentile >=70; other predicates diagnostic only
1438,三地開發,2026-06-11,A,25.21877174805591,97.26027397260276,0.0,True,1.0,87.08333333333333,70.0,True,154.0,97.26027397260276,0.0,True,0.7,66.66666666666666,50.0,True,0.643410852713178,76.66666666666667,50.0,True,True,PHASE3F_V2_DATASET_A_LOCKED,phase3f_v2_bundle_A,market_down_day top120 percentile >=70; other predicates diagnostic only
1532,勤美,2026-06-11,A,2.7322601075312605,52.73972602739726,0.0,True,1.0,87.08333333333333,70.0,True,11.0,52.73972602739726,0.0,True,0.3,6.666666666666667,50.0,False,0.6923076923076938,82.5,50.0,True,True,PHASE3F_V2_DATASET_A_LOCKED,phase3f_v2_bundle_A,market_down_day top120 percentile >=70; other predicates diagnostic only
1714,和桐,2026-06-11,A,0.9895984950214872,,0.0,True,0.6,41.66666666666667,70.0,False,,,0.0,False,0.8,82.08333333333333,50.0,True,0.6424010217113665,75.83333333333333,50.0,True,False,PHASE3F_V2_DATASET_A_LOCKED,phase3f_v2_bundle_A,market_down_day top120 percentile >=70; other predicates diagnostic only
2313,華通,2026-06-11,A,4.517596166186185,,0.0,True,0.6,41.66666666666667,70.0,False,,,0.0,False,0.3,6.666666666666667,50.0,False,0.1391304347826087,25.833333333333336,50.0,False,False,PHASE3F_V2_DATASET_A_LOCKED,phase3f_v2_bundle_A,market_down_day top120 percentile >=70; other predicates diagnostic only
2355,敬鵬,2026-06-11,A,11.125301146993122,,0.0,True,0.4,21.25,70.0,False,,,0.0,False,0.3,6.666666666666667,50.0,False,0.12,22.5,50.0,False,False,PHASE3F_V2_DATASET_A_LOCKED,phase3f_v2_bundle_A,market_down_day top120 percentile >=70; other predicates diagnostic only
2383,台光電,2026-06-11,A,8.583719646626372,91.78082191780824,0.0,True,1.0,87.08333333333333,70.0,True,110.0,91.78082191780824,0.0,True,0.7,66.66666666666666,50.0,True,0.0363636363636363,5.833333333333333,50.0,False,True,PHASE3F_V2_DATASET_A_LOCKED,phase3f_v2_bundle_A,market_down_day top120 percentile >=70; other predicates diagnostic only
2723,美食-KY,2026-06-11,A,18.388147563852556,98.63013698630137,0.0,True,1.0,87.08333333333333,70.0,True,179.0,98.63013698630137,0.0,True,0.8,82.08333333333333,50.0,True,0.7647058823529407,91.66666666666666,50.0,True,True,PHASE3F_V2_DATASET_A_LOCKED,phase3f_v2_bundle_A,market_down_day top120 percentile >=70; other predicates diagnostic only
2905,三商,2026-06-11,A,1.703952029331636,58.9041095890411,0.0,True,0.8,62.916666666666664,70.0,False,17.0,58.9041095890411,0.0,True,0.7,66.66666666666666,50.0,True,0.4146341463414646,52.5,50.0,True,False,PHASE3F_V2_DATASET_A_LOCKED,phase3f_v2_bundle_A,market_down_day top120 percentile >=70; other predicates diagnostic only
3003,健和興,2026-06-11,A,4.90531802896228,94.52054794520548,0.0,True,1.0,87.08333333333333,70.0,True,124.0,94.52054794520548,0.0,True,0.5,29.583333333333332,50.0,False,0.4444444444444431,57.49999999999999,50.0,True,True,PHASE3F_V2_DATASET_A_LOCKED,phase3f_v2_bundle_A,market_down_day top120 percentile >=70; other predicates diagnostic only
3025,星通,2026-06-11,A,0.1770102637781576,,0.0,True,0.6,41.66666666666667,70.0,False,,,0.0,False,0.1,2.083333333333333,50.0,False,0.4328358208955215,55.00000000000001,50.0,True,False,PHASE3F_V2_DATASET_A_LOCKED,phase3f_v2_bundle_A,market_down_day top120 percentile >=70; other predicates diagnostic only
5388,中磊,2026-06-11,A,18.85923588743545,,0.0,True,0.6,41.66666666666667,70.0,False,,,0.0,False,0.4,14.166666666666666,50.0,False,0.0619469026548669,9.166666666666666,50.0,False,False,PHASE3F_V2_DATASET_A_LOCKED,phase3f_v2_bundle_A,market_down_day top120 percentile >=70; other predicates diagnostic only
5519,隆大,2026-06-11,A,13.083943452707013,90.41095890410958,0.0,True,1.0,87.08333333333333,70.0,True,100.0,90.41095890410958,0.0,True,0.6,48.75,50.0,False,0.521126760563379,65.83333333333333,50.0,True,True,PHASE3F_V2_DATASET_A_LOCKED,phase3f_v2_bundle_A,market_down_day top120 percentile >=70; other predicates diagnostic only
5546,永固-KY,2026-06-11,A,19.010370203428774,100.0,0.0,True,0.8,62.916666666666664,70.0,False,226.0,100.0,0.0,True,0.9,92.08333333333331,50.0,True,0.0888888888888886,15.0,50.0,False,False,PHASE3F_V2_DATASET_A_LOCKED,phase3f_v2_bundle_A,market_down_day top120 percentile >=70; other predicates diagnostic only
6133,金橋,2026-06-11,A,-1.184867996147825,79.45205479452055,0.0,False,0.6,41.66666666666667,70.0,False,48.0,79.45205479452055,0.0,True,0.8,82.08333333333333,50.0,True,0.040816326530612,6.666666666666667,50.0,False,False,PHASE3F_V2_DATASET_A_LOCKED,phase3f_v2_bundle_A,market_down_day top120 percentile >=70; other predicates diagnostic only
6141,柏承,2026-06-11,A,4.80077085283159,,0.0,True,0.2,6.666666666666667,70.0,False,,,0.0,False,0.5,29.583333333333332,50.0,False,0.674418604651163,80.83333333333333,50.0,True,False,PHASE3F_V2_DATASET_A_LOCKED,phase3f_v2_bundle_A,market_down_day top120 percentile >=70; other predicates diagnostic only
6189,豐藝,2026-06-11,A,-1.7930571075907311,,0.0,False,0.4,21.25,70.0,False,,,0.0,False,0.5,29.583333333333332,50.0,False,0.1145833333333331,21.666666666666668,50.0,False,False,PHASE3F_V2_DATASET_A_LOCKED,phase3f_v2_bundle_A,market_down_day top120 percentile >=70; other predicates diagnostic only
8070,長華*,2026-06-11,A,0.870809113759222,,0.0,True,0.6,41.66666666666667,70.0,False,,,0.0,False,0.6,48.75,50.0,False,0.3361702127659575,45.83333333333333,50.0,False,False,PHASE3F_V2_DATASET_A_LOCKED,phase3f_v2_bundle_A,market_down_day top120 percentile >=70; other predicates diagnostic only
9945,潤泰新,2026-06-11,A,4.56533102953927,68.4931506849315,0.0,True,0.8,62.916666666666664,70.0,False,31.0,68.4931506849315,0.0,True,0.2,3.75,50.0,False,0.6666666666666681,79.16666666666666,50.0,True,False,PHASE3F_V2_DATASET_A_LOCKED,phase3f_v2_bundle_A,market_down_day top120 percentile >=70; other predicates diagnostic only
2393,億光,2026-06-12,A,21.84815887969624,,0.0,True,0.8,67.5,70.0,False,,,0.0,False,0.5,23.75,50.0,False,0.6461538461538466,85.0,50.0,True,False,PHASE3F_V2_DATASET_A_LOCKED,phase3f_v2_bundle_A,market_down_day top120 percentile >=70; other predicates diagnostic only
2413,環科,2026-06-12,A,2.209431691755787,,0.0,True,0.4,21.25,70.0,False,,,0.0,False,0.6,43.333333333333336,50.0,False,0.4504504504504504,60.0,50.0,True,False,PHASE3F_V2_DATASET_A_LOCKED,phase3f_v2_bundle_A,market_down_day top120 percentile >=70; other predicates diagnostic only
2636,台驊控股,2026-06-12,A,4.936591687494217,,0.0,True,1.0,90.83333333333331,70.0,True,,,0.0,False,0.9,88.75,50.0,True,0.6140350877192964,79.16666666666666,50.0,True,True,PHASE3F_V2_DATASET_A_LOCKED,phase3f_v2_bundle_A,market_down_day top120 percentile >=70; other predicates diagnostic only
3576,聯合再生,2026-06-12,A,16.464399302080658,100.0,0.0,True,0.2,7.916666666666666,70.0,False,227.0,100.0,0.0,True,0.5,23.75,50.0,False,0.1736526946107782,28.333333333333332,50.0,False,False,PHASE3F_V2_DATASET_A_LOCKED,phase3f_v2_bundle_A,market_down_day top120 percentile >=70; other predicates diagnostic only
6205,詮欣,2026-06-12,A,21.364732717501607,,0.0,True,0.4,21.25,70.0,False,,,0.0,False,0.6,43.333333333333336,50.0,False,0.2098765432098765,35.833333333333336,50.0,False,False,PHASE3F_V2_DATASET_A_LOCKED,phase3f_v2_bundle_A,market_down_day top120 percentile >=70; other predicates diagnostic only
6691,洋基工程,2026-06-12,A,10.789612948185251,,0.0,True,0.8,67.5,70.0,False,,,0.0,False,0.6,43.333333333333336,50.0,False,0.2977099236641221,46.666666666666664,50.0,False,False,PHASE3F_V2_DATASET_A_LOCKED,phase3f_v2_bundle_A,market_down_day top120 percentile >=70; other predicates diagnostic only
6944,兆聯實業,2026-06-12,A,8.987615250131428,,0.0,True,1.0,90.83333333333331,70.0,True,,,0.0,False,0.7,62.5,50.0,True,0.1948051948051948,33.33333333333333,50.0,False,True,PHASE3F_V2_DATASET_A_LOCKED,phase3f_v2_bundle_A,market_down_day top120 percentile >=70; other predicates diagnostic only
8081,致新,2026-06-12,A,7.520360347143264,,0.0,True,0.4,21.25,70.0,False,,,0.0,False,0.6,43.333333333333336,50.0,False,0.0,0.8333333333333334,50.0,False,False,PHASE3F_V2_DATASET_A_LOCKED,phase3f_v2_bundle_A,market_down_day top120 percentile >=70; other predicates diagnostic only
0050,元大台灣50,2026-06-15,A,1.482375321537906,,0.0,True,0.6,57.49999999999999,70.0,False,,,0.0,False,0.2,5.833333333333333,50.0,False,0.0122850122850122,4.166666666666666,50.0,False,False,PHASE3F_V2_DATASET_A_LOCKED,phase3f_v2_bundle_A,market_down_day top120 percentile >=70; other predicates diagnostic only
0055,元大MSCI金融,2026-06-15,A,-0.2049738647843166,,0.0,False,1.0,96.25,70.0,True,,,0.0,False,0.4,20.833333333333336,50.0,False,0.5944055944055942,90.0,50.0,True,True,PHASE3F_V2_DATASET_A_LOCKED,phase3f_v2_bundle_A,market_down_day top120 percentile >=70; other predicates diagnostic only
006204,永豐臺灣加權,2026-06-15,A,0.0543872371283526,,0.0,True,0.4,34.583333333333336,70.0,False,,,0.0,False,0.4,20.833333333333336,50.0,False,0.0267489711934158,10.0,50.0,False,False,PHASE3F_V2_DATASET_A_LOCKED,phase3f_v2_bundle_A,market_down_day top120 percentile >=70; other predicates diagnostic only
006208,富邦台50,2026-06-15,A,1.9404227463703403,,0.0,True,0.6,57.49999999999999,70.0,False,,,0.0,False,0.5,32.083333333333336,50.0,False,0.0042372881355929,1.6666666666666667,50.0,False,False,PHASE3F_V2_DATASET_A_LOCKED,phase3f_v2_bundle_A,market_down_day top120 percentile >=70; other predicates diagnostic only
00631L,元大台灣50正2,2026-06-15,A,6.203166545806141,,0.0,True,0.0,5.833333333333333,70.0,False,,,0.0,False,0.3,12.5,50.0,False,0.0487972508591065,20.0,50.0,False,False,PHASE3F_V2_DATASET_A_LOCKED,phase3f_v2_bundle_A,market_down_day top120 percentile >=70; other predicates diagnostic only
00657,國泰日經225,2026-06-15,A,10.953299632108942,,0.0,True,0.6,57.49999999999999,70.0,False,,,0.0,False,0.6,51.24999999999999,50.0,True,0.1676300578034677,40.0,50.0,False,False,PHASE3F_V2_DATASET_A_LOCKED,phase3f_v2_bundle_A,market_down_day top120 percentile >=70; other predicates diagnostic only
00661,元大日經225,2026-06-15,A,9.550182268852495,,0.0,True,0.6,57.49999999999999,70.0,False,,,0.0,False,0.9,87.5,50.0,True,0.1746835443037977,41.66666666666667,50.0,False,False,PHASE3F_V2_DATASET_A_LOCKED,phase3f_v2_bundle_A,market_down_day top120 percentile >=70; other predicates diagnostic only
00663L,國泰臺灣加權正2,2026-06-15,A,3.711867805130912,,0.0,True,0.0,5.833333333333333,70.0,False,,,0.0,False,0.3,12.5,50.0,False,0.0601589103291715,23.333333333333332,50.0,False,False,PHASE3F_V2_DATASET_A_LOCKED,phase3f_v2_bundle_A,market_down_day top120 percentile >=70; other predicates diagnostic only
00675L,富邦臺灣加權正2,2026-06-15,A,4.050189953625889,,0.0,True,0.0,5.833333333333333,70.0,False,,,0.0,False,0.3,12.5,50.0,False,0.0579925650557617,21.666666666666668,50.0,False,False,PHASE3F_V2_DATASET_A_LOCKED,phase3f_v2_bundle_A,market_down_day top120 percentile >=70; other predicates diagnostic only
00685L,群益臺灣加權正2,2026-06-15,A,4.387464178476766,,0.0,True,0.0,5.833333333333333,70.0,False,,,0.0,False,0.1,1.6666666666666667,50.0,False,0.0463791700569567,17.5,50.0,False,False,PHASE3F_V2_DATASET_A_LOCKED,phase3f_v2_bundle_A,market_down_day top120 percentile >=70; other predicates diagnostic only
00690,兆豐藍籌30,2026-06-15,A,2.664712638378319,,0.0,True,0.6,57.49999999999999,70.0,False,,,0.0,False,0.6,51.24999999999999,50.0,True,0.0481927710843371,19.166666666666668,50.0,False,False,PHASE3F_V2_DATASET_A_LOCKED,phase3f_v2_bundle_A,market_down_day top120 percentile >=70; other predicates diagnostic only
00692,富邦公司治理,2026-06-15,A,1.2426627879519525,,0.0,True,0.6,57.49999999999999,70.0,False,,,0.0,False,0.6,51.24999999999999,50.0,True,0.0029673590504449,0.8333333333333334,50.0,False,False,PHASE3F_V2_DATASET_A_LOCKED,phase3f_v2_bundle_A,market_down_day top120 percentile >=70; other predicates diagnostic only
00701,國泰股利精選30,2026-06-15,A,-0.5154561751345881,,0.0,False,1.0,96.25,70.0,True,,,0.0,False,1.0,96.66666666666669,50.0,True,0.4434250764526002,76.66666666666667,50.0,True,True,PHASE3F_V2_DATASET_A_LOCKED,phase3f_v2_bundle_A,market_down_day top120 percentile >=70; other predicates diagnostic only
00731,復華富時高息低波,2026-06-15,A,-1.0691440978844515,,0.0,False,1.0,96.25,70.0,True,,,0.0,False,1.0,96.66666666666669,50.0,True,0.5936254980079672,89.16666666666667,50.0,True,True,PHASE3F_V2_DATASET_A_LOCKED,phase3f_v2_bundle_A,market_down_day top120 percentile >=70; other predicates diagnostic only
00735,國泰臺韓科技,2026-06-15,A,7.246933426109507,,0.0,True,0.2,17.916666666666668,70.0,False,,,0.0,False,0.2,5.833333333333333,50.0,False,0.0862290862290861,26.666666666666668,50.0,False,False,PHASE3F_V2_DATASET_A_LOCKED,phase3f_v2_bundle_A,market_down_day top120 percentile >=70; other predicates diagnostic only
00830,國泰費城半導體,2026-06-15,A,7.265429278427727,,0.0,True,0.4,34.583333333333336,70.0,False,,,0.0,False,0.3,12.5,50.0,False,0.2264416315049225,50.0,50.0,True,False,PHASE3F_V2_DATASET_A_LOCKED,phase3f_v2_bundle_A,market_down_day top120 percentile >=70; other predicates diagnostic only
00850,元大臺灣ESG永續,2026-06-15,A,2.155439212743867,,0.0,True,0.2,17.916666666666668,70.0,False,,,0.0,False,0.7,69.16666666666667,50.0,True,0.0208333333333336,9.166666666666666,50.0,False,False,PHASE3F_V2_DATASET_A_LOCKED,phase3f_v2_bundle_A,market_down_day top120 percentile >=70; other predicates diagnostic only
00876,元大全球5G,2026-06-15,A,4.705107300394995,,0.0,True,0.6,57.49999999999999,70.0,False,,,0.0,False,0.6,51.24999999999999,50.0,True,0.2224231464737793,49.166666666666664,50.0,False,False,PHASE3F_V2_DATASET_A_LOCKED,phase3f_v2_bundle_A,market_down_day top120 percentile >=70; other predicates diagnostic only
00900,富邦特選高股息30,2026-06-15,A,0.2849304388285058,,0.0,True,0.6,57.49999999999999,70.0,False,,,0.0,False,0.9,87.5,50.0,True,0.0164705882352933,8.333333333333332,50.0,False,False,PHASE3F_V2_DATASET_A_LOCKED,phase3f_v2_bundle_A,market_down_day top120 percentile >=70; other predicates diagnostic only
00901,永豐智能車供應鏈,2026-06-15,A,2.6092076160296025,,0.0,True,0.0,5.833333333333333,70.0,False,,,0.0,False,0.7,69.16666666666667,50.0,True,0.093587521663778,27.500000000000004,50.0,False,False,PHASE3F_V2_DATASET_A_LOCKED,phase3f_v2_bundle_A,market_down_day top120 percentile >=70; other predicates diagnostic only
00905,FT臺灣Smart,2026-06-15,A,2.054559096605985,,0.0,True,0.4,34.583333333333336,70.0,False,,,0.0,False,0.4,20.833333333333336,50.0,False,0.0101010101010104,3.3333333333333335,50.0,False,False,PHASE3F_V2_DATASET_A_LOCKED,phase3f_v2_bundle_A,market_down_day top120 percentile >=70; other predicates diagnostic only
00907,永豐優息存股,2026-06-15,A,-1.2055313601629745,,0.0,False,0.8,81.25,70.0,True,,,0.0,False,1.0,96.66666666666669,50.0,True,0.3157894736842098,63.33333333333333,50.0,True,True,PHASE3F_V2_DATASET_A_LOCKED,phase3f_v2_bundle_A,market_down_day top120 percentile >=70; other predicates diagnostic only
00908,富邦入息REITs+,2026-06-15,A,-1.0902422939188317,,0.0,False,1.0,96.25,70.0,True,,,0.0,False,0.9,87.5,50.0,True,0.8734177215189897,100.0,50.0,True,True,PHASE3F_V2_DATASET_A_LOCKED,phase3f_v2_bundle_A,market_down_day top120 percentile >=70; other predicates diagnostic only
00912,中信臺灣智慧50,2026-06-15,A,3.3381258374656446,,0.0,True,0.8,81.25,70.0,True,,,0.0,False,0.6,51.24999999999999,50.0,True,0.1517128874388257,36.666666666666664,50.0,False,True,PHASE3F_V2_DATASET_A_LOCKED,phase3f_v2_bundle_A,market_down_day top120 percentile >=70; other predicates diagnostic only
00915,凱基優選高股息30,2026-06-15,A,-0.5869245676616354,,0.0,False,0.8,81.25,70.0,True,,,0.0,False,1.0,96.66666666666669,50.0,True,0.2919463087248325,60.0,50.0,True,True,PHASE3F_V2_DATASET_A_LOCKED,phase3f_v2_bundle_A,market_down_day top120 percentile >=70; other predicates diagnostic only
00918,大華優利高填息30,2026-06-15,A,0.5653897367755528,,0.0,True,0.6,57.49999999999999,70.0,False,,,0.0,False,0.1,1.6666666666666667,50.0,False,0.193460490463215,45.83333333333333,50.0,False,False,PHASE3F_V2_DATASET_A_LOCKED,phase3f_v2_bundle_A,market_down_day top120 percentile >=70; other predicates diagnostic only
00923,群益台ESG低碳50,2026-06-15,A,1.91258290822564,,0.0,True,0.0,5.833333333333333,70.0,False,,,0.0,False,0.5,32.083333333333336,50.0,False,0.0334075723830731,11.666666666666666,50.0,False,False,PHASE3F_V2_DATASET_A_LOCKED,phase3f_v2_bundle_A,market_down_day top120 percentile >=70; other predicates diagnostic only
00927,群益半導體收益,2026-06-15,A,2.998843092296923,,0.0,True,0.2,17.916666666666668,70.0,False,,,0.0,False,0.4,20.833333333333336,50.0,False,0.1569933396764984,38.333333333333336,50.0,False,False,PHASE3F_V2_DATASET_A_LOCKED,phase3f_v2_bundle_A,market_down_day top120 percentile >=70; other predicates diagnostic only
00929,復華台灣科技優息,2026-06-15,A,1.5395220909290357,,0.0,True,0.4,34.583333333333336,70.0,False,,,0.0,False,0.4,20.833333333333336,50.0,False,0.0382244143033295,15.833333333333332,50.0,False,False,PHASE3F_V2_DATASET_A_LOCKED,phase3f_v2_bundle_A,market_down_day top120 percentile >=70; other predicates diagnostic only
00930,永豐ESG低碳高息,2026-06-15,A,0.3341479193126749,,0.0,True,0.4,34.583333333333336,70.0,False,,,0.0,False,0.9,87.5,50.0,True,0.0777027027027027,25.833333333333336,50.0,False,False,PHASE3F_V2_DATASET_A_LOCKED,phase3f_v2_bundle_A,market_down_day top120 percentile >=70; other predicates diagnostic only
00935,野村臺灣新科技50,2026-06-15,A,3.5285335635970845,,0.0,True,0.0,5.833333333333333,70.0,False,,,0.0,False,0.2,5.833333333333333,50.0,False,0.0959752321981422,28.333333333333332,50.0,False,False,PHASE3F_V2_DATASET_A_LOCKED,phase3f_v2_bundle_A,market_down_day top120 percentile >=70; other predicates diagnostic only
00939,統一台灣高息動能,2026-06-15,A,-0.7076977676431918,,0.0,False,0.8,81.25,70.0,True,,,0.0,False,1.0,96.66666666666669,50.0,True,0.2444444444444447,53.333333333333336,50.0,True,True,PHASE3F_V2_DATASET_A_LOCKED,phase3f_v2_bundle_A,market_down_day top120 percentile >=70; other predicates diagnostic only
00941,中信上游半導體,2026-06-15,A,9.713536099572307,,0.0,True,0.6,57.49999999999999,70.0,False,,,0.0,False,1.0,96.66666666666669,50.0,True,0.5007751937984489,81.66666666666667,50.0,True,False,PHASE3F_V2_DATASET_A_LOCKED,phase3f_v2_bundle_A,market_down_day top120 percentile >=70; other predicates diagnostic only
00944,野村趨勢動能高息,2026-06-15,A,0.214335316004868,,0.0,True,0.8,81.25,70.0,True,,,0.0,False,0.8,78.33333333333333,50.0,True,0.1862745098039211,42.5,50.0,False,True,PHASE3F_V2_DATASET_A_LOCKED,phase3f_v2_bundle_A,market_down_day top120 percentile >=70; other predicates diagnostic only
00947,台新臺灣IC設計,2026-06-15,A,15.048340717701947,,0.0,True,0.2,17.916666666666668,70.0,False,,,0.0,False,0.3,12.5,50.0,False,0.1114551083591335,30.833333333333336,50.0,False,False,PHASE3F_V2_DATASET_A_LOCKED,phase3f_v2_bundle_A,market_down_day top120 percentile >=70; other predicates diagnostic only
00951,台新日本半導體,2026-06-15,A,15.14448771204735,,0.0,True,0.6,57.49999999999999,70.0,False,,,0.0,False,0.8,78.33333333333333,50.0,True,0.3766937669376694,73.33333333333333,50.0,True,False,PHASE3F_V2_DATASET_A_LOCKED,phase3f_v2_bundle_A,market_down_day top120 percentile >=70; other predicates diagnostic only
00954,中信日本半導體,2026-06-15,A,14.563658566915512,,0.0,True,0.6,57.49999999999999,70.0,False,,,0.0,False,0.6,51.24999999999999,50.0,True,0.3717146433041302,72.5,50.0,True,False,PHASE3F_V2_DATASET_A_LOCKED,phase3f_v2_bundle_A,market_down_day top120 percentile >=70; other predicates diagnostic only
009802,富邦旗艦50,2026-06-15,A,1.1823547822344835,,0.0,True,0.0,5.833333333333333,70.0,False,,,0.0,False,0.4,20.833333333333336,50.0,False,0.1224489795918366,33.33333333333333,50.0,False,False,PHASE3F_V2_DATASET_A_LOCKED,phase3f_v2_bundle_A,market_down_day top120 percentile >=70; other predicates diagnostic only
009804,聯邦台精彩50,2026-06-15,A,1.1106244087964068,,0.0,True,0.2,17.916666666666668,70.0,False,,,0.0,False,0.6,51.24999999999999,50.0,True,0.0145454545454542,5.0,50.0,False,False,PHASE3F_V2_DATASET_A_LOCKED,phase3f_v2_bundle_A,market_down_day top120 percentile >=70; other predicates diagnostic only
00988A,主動統一全球創新,2026-06-15,A,14.813937663912723,,0.0,True,0.2,17.916666666666668,70.0,False,,,0.0,False,0.3,12.5,50.0,False,0.046658259773014,18.333333333333332,50.0,False,False,PHASE3F_V2_DATASET_A_LOCKED,phase3f_v2_bundle_A,market_down_day top120 percentile >=70; other predicates diagnostic only
00990A,主動元大AI新經濟,2026-06-15,A,9.15478321254267,,0.0,True,0.0,5.833333333333333,70.0,False,,,0.0,False,0.2,5.833333333333333,50.0,False,0.0379746835443037,14.166666666666666,50.0,False,False,PHASE3F_V2_DATASET_A_LOCKED,phase3f_v2_bundle_A,market_down_day top120 percentile >=70; other predicates diagnostic only
2891,中信金,2026-06-15,A,-0.1855174157923519,,0.0,False,0.4,34.583333333333336,70.0,False,,,0.0,False,0.5,32.083333333333336,50.0,False,0.3703703703703702,71.66666666666667,50.0,True,False,PHASE3F_V2_DATASET_A_LOCKED,phase3f_v2_bundle_A,market_down_day top120 percentile >=70; other predicates diagnostic only
3041,揚智,2026-06-15,A,14.550402332817754,,0.0,True,0.4,34.583333333333336,70.0,False,,,0.0,False,0.3,12.5,50.0,False,0.1741935483870969,40.833333333333336,50.0,False,False,PHASE3F_V2_DATASET_A_LOCKED,phase3f_v2_bundle_A,market_down_day top120 percentile >=70; other predicates diagnostic only
3044,健鼎,2026-06-15,A,21.062304649567345,,0.0,True,0.4,34.583333333333336,70.0,False,,,0.0,False,0.5,32.083333333333336,50.0,False,0.0151515151515151,6.666666666666667,50.0,False,False,PHASE3F_V2_DATASET_A_LOCKED,phase3f_v2_bundle_A,market_down_day top120 percentile >=70; other predicates diagnostic only
4551,智伸科,2026-06-15,A,24.025518337965156,,0.0,True,0.4,34.583333333333336,70.0,False,,,0.0,False,0.4,20.833333333333336,50.0,False,0.2477064220183486,54.166666666666664,50.0,True,False,PHASE3F_V2_DATASET_A_LOCKED,phase3f_v2_bundle_A,market_down_day top120 percentile >=70; other predicates diagnostic only
4952,凌通,2026-06-15,A,23.609964216900632,,0.0,True,0.2,17.916666666666668,70.0,False,,,0.0,False,0.3,12.5,50.0,False,0.2750000000000001,58.333333333333336,50.0,True,False,PHASE3F_V2_DATASET_A_LOCKED,phase3f_v2_bundle_A,market_down_day top120 percentile >=70; other predicates diagnostic only
5434,崇越,2026-06-15,A,1.1068693490717485,,0.0,True,0.6,57.49999999999999,70.0,False,,,0.0,False,0.7,69.16666666666667,50.0,True,0.1515151515151515,35.833333333333336,50.0,False,False,PHASE3F_V2_DATASET_A_LOCKED,phase3f_v2_bundle_A,market_down_day top120 percentile >=70; other predicates diagnostic only
5471,松翰,2026-06-15,A,18.830524199351405,,0.0,True,0.6,57.49999999999999,70.0,False,,,0.0,False,0.9,87.5,50.0,True,0.2499999999999998,55.00000000000001,50.0,True,False,PHASE3F_V2_DATASET_A_LOCKED,phase3f_v2_bundle_A,market_down_day top120 percentile >=70; other predicates diagnostic only
6191,精成科,2026-06-15,A,12.738891660064748,,0.0,True,0.2,17.916666666666668,70.0,False,,,0.0,False,0.5,32.083333333333336,50.0,False,0.1942857142857142,46.666666666666664,50.0,False,False,PHASE3F_V2_DATASET_A_LOCKED,phase3f_v2_bundle_A,market_down_day top120 percentile >=70; other predicates diagnostic only
6202,盛群,2026-06-15,A,26.237475565913694,,0.0,True,0.2,17.916666666666668,70.0,False,,,0.0,False,0.5,32.083333333333336,50.0,False,0.2720306513409963,57.49999999999999,50.0,True,False,PHASE3F_V2_DATASET_A_LOCKED,phase3f_v2_bundle_A,market_down_day top120 percentile >=70; other predicates diagnostic only
0052,富邦科技,2026-06-16,A,5.784867306606436,,0.0,True,0.4,37.5,70.0,False,,,0.0,False,0.3,12.5,50.0,False,0.0671936758893281,33.33333333333333,50.0,False,False,PHASE3F_V2_DATASET_A_LOCKED,phase3f_v2_bundle_A,market_down_day top120 percentile >=70; other predicates diagnostic only
0053,元大電子,2026-06-16,A,8.50638894117155,,0.0,True,0.2,17.5,70.0,False,,,0.0,False,0.1,2.5,50.0,False,0.0282074613284801,17.5,50.0,False,False,PHASE3F_V2_DATASET_A_LOCKED,phase3f_v2_bundle_A,market_down_day top120 percentile >=70; other predicates diagnostic only
0057,富邦摩台,2026-06-16,A,6.051195181629962,,0.0,True,0.6,62.5,70.0,False,,,0.0,False,0.3,12.5,50.0,False,0.0246020260492038,16.666666666666664,50.0,False,False,PHASE3F_V2_DATASET_A_LOCKED,phase3f_v2_bundle_A,market_down_day top120 percentile >=70; other predicates diagnostic only
00851,台新全球AI,2026-06-16,A,2.25913378087291,,0.0,True,0.6,62.5,70.0,False,,,0.0,False,0.6,54.166666666666664,50.0,True,0.0434782608695652,24.166666666666668,50.0,False,False,PHASE3F_V2_DATASET_A_LOCKED,phase3f_v2_bundle_A,market_down_day top120 percentile >=70; other predicates diagnostic only
00861,元大全球未來通訊,2026-06-16,A,8.778781604868563,,0.0,True,0.2,17.5,70.0,False,,,0.0,False,0.5,38.75,50.0,False,0.1343283582089549,48.333333333333336,50.0,False,False,PHASE3F_V2_DATASET_A_LOCKED,phase3f_v2_bundle_A,market_down_day top120 percentile >=70; other predicates diagnostic only
00881,國泰台灣科技龍頭,2026-06-16,A,6.174373130894868,,0.0,True,0.4,37.5,70.0,False,,,0.0,False,0.5,38.75,50.0,False,0.0379746835443034,20.0,50.0,False,False,PHASE3F_V2_DATASET_A_LOCKED,phase3f_v2_bundle_A,market_down_day top120 percentile >=70; other predicates diagnostic only
00892,富邦台灣半導體,2026-06-16,A,15.717422673944412,,0.0,True,0.4,37.5,70.0,False,,,0.0,False,0.6,54.166666666666664,50.0,True,0.0810276679841896,36.666666666666664,50.0,False,False,PHASE3F_V2_DATASET_A_LOCKED,phase3f_v2_bundle_A,market_down_day top120 percentile >=70; other predicates diagnostic only
00893,國泰智能電動車,2026-06-16,A,15.920697659828098,,0.0,True,0.4,37.5,70.0,False,,,0.0,False,0.9,91.66666666666666,50.0,True,0.0406091370558373,22.5,50.0,False,False,PHASE3F_V2_DATASET_A_LOCKED,phase3f_v2_bundle_A,market_down_day top120 percentile >=70; other predicates diagnostic only
00898,國泰基因免疫革命,2026-06-16,A,5.5517912039651165,,0.0,True,0.8,83.75,70.0,True,,,0.0,False,0.8,84.16666666666667,50.0,True,0.2842105263157892,66.66666666666666,50.0,True,True,PHASE3F_V2_DATASET_A_LOCKED,phase3f_v2_bundle_A,market_down_day top120 percentile >=70; other predicates diagnostic only
00911,兆豐洲際半導體,2026-06-16,A,8.743856787335048,,0.0,True,0.2,17.5,70.0,False,,,0.0,False,0.3,12.5,50.0,False,0.273127753303965,65.83333333333333,50.0,True,False,PHASE3F_V2_DATASET_A_LOCKED,phase3f_v2_bundle_A,market_down_day top120 percentile >=70; other predicates diagnostic only
00913,兆豐台灣晶圓製造,2026-06-16,A,8.836292531944707,,0.0,True,0.2,17.5,70.0,False,,,0.0,False,0.1,2.5,50.0,False,0.0195822454308092,10.833333333333334,50.0,False,False,PHASE3F_V2_DATASET_A_LOCKED,phase3f_v2_bundle_A,market_down_day top120 percentile >=70; other predicates diagnostic only
00922,國泰台灣領袖50,2026-06-16,A,3.339607252650732,,0.0,True,0.6,62.5,70.0,False,,,0.0,False,0.4,24.583333333333332,50.0,False,0.0462287104622866,25.0,50.0,False,False,PHASE3F_V2_DATASET_A_LOCKED,phase3f_v2_bundle_A,market_down_day top120 percentile >=70; other predicates diagnostic only
009809,富邦淨零ESG50,2026-06-16,A,2.377397160005851,,0.0,True,0.6,62.5,70.0,False,,,0.0,False,0.7,70.41666666666667,50.0,True,0.0144092219020174,8.333333333333332,50.0,False,False,PHASE3F_V2_DATASET_A_LOCKED,phase3f_v2_bundle_A,market_down_day top120 percentile >=70; other predicates diagnostic only
00980A,主動野村臺灣優選,2026-06-16,A,18.10193027584332,,0.0,True,0.4,37.5,70.0,False,,,0.0,False,0.7,70.41666666666667,50.0,True,0.019011406844106,10.0,50.0,False,False,PHASE3F_V2_DATASET_A_LOCKED,phase3f_v2_bundle_A,market_down_day top120 percentile >=70; other predicates diagnostic only
009816,凱基台灣TOP50,2026-06-16,A,4.73503147416191,,0.0,True,0.6,62.5,70.0,False,,,0.0,False,0.2,5.416666666666667,50.0,False,0.0231213872832369,14.166666666666666,50.0,False,False,PHASE3F_V2_DATASET_A_LOCKED,phase3f_v2_bundle_A,market_down_day top120 percentile >=70; other predicates diagnostic only
00983A,主動中信ARK創新,2026-06-16,A,14.298052993705168,,0.0,True,0.6,62.5,70.0,False,,,0.0,False,1.0,97.5,50.0,True,0.074380165289256,35.0,50.0,False,False,PHASE3F_V2_DATASET_A_LOCKED,phase3f_v2_bundle_A,market_down_day top120 percentile >=70; other predicates diagnostic only
00989A,主動摩根美國科技,2026-06-16,A,13.44344061735366,,0.0,True,0.4,37.5,70.0,False,,,0.0,False,0.8,84.16666666666667,50.0,True,0.0025839793281648,1.6666666666666667,50.0,False,False,PHASE3F_V2_DATASET_A_LOCKED,phase3f_v2_bundle_A,market_down_day top120 percentile >=70; other predicates diagnostic only
00991A,主動復華未來50,2026-06-16,A,13.29778112386808,,0.0,True,0.2,17.5,70.0,False,,,0.0,False,0.4,24.583333333333332,50.0,False,0.006451612903226,4.166666666666666,50.0,False,False,PHASE3F_V2_DATASET_A_LOCKED,phase3f_v2_bundle_A,market_down_day top120 percentile >=70; other predicates diagnostic only
00995A,主動中信台灣卓越,2026-06-16,A,14.084948867557562,,0.0,True,0.4,37.5,70.0,False,,,0.0,False,0.8,84.16666666666667,50.0,True,0.0199004975124382,12.5,50.0,False,False,PHASE3F_V2_DATASET_A_LOCKED,phase3f_v2_bundle_A,market_down_day top120 percentile >=70; other predicates diagnostic only
1456,怡華,2026-06-16,A,-0.8150866846519023,,0.0,False,1.0,96.25,70.0,True,,,0.0,False,0.4,24.583333333333332,50.0,False,0.6190476190476201,91.66666666666666,50.0,True,True,PHASE3F_V2_DATASET_A_LOCKED,phase3f_v2_bundle_A,market_down_day top120 percentile >=70; other predicates diagnostic only
2340,台亞,2026-06-16,A,23.395967961185352,,0.0,True,0.4,37.5,70.0,False,,,0.0,False,0.5,38.75,50.0,False,0.2222222222222224,61.66666666666667,50.0,True,False,PHASE3F_V2_DATASET_A_LOCKED,phase3f_v2_bundle_A,market_down_day top120 percentile >=70; other predicates diagnostic only
00403A,主動統一升級50,2026-06-17,A,8.78570773445579,,0.0,True,0.2,16.25,70.0,False,,,0.0,False,0.6,58.75,50.0,True,0.0188679245283015,3.3333333333333335,50.0,False,False,PHASE3F_V2_DATASET_A_LOCKED,phase3f_v2_bundle_A,market_down_day top120 percentile >=70; other predicates diagnostic only
1301,台塑,2026-06-17,A,9.890975056308315,,0.0,True,0.2,16.25,70.0,False,,,0.0,False,0.5,39.58333333333333,50.0,False,0.3033707865168535,60.0,50.0,True,False,PHASE3F_V2_DATASET_A_LOCKED,phase3f_v2_bundle_A,market_down_day top120 percentile >=70; other predicates diagnostic only
1465,偉全,2026-06-17,A,-2.3161849391268063,,0.0,False,1.0,95.0,70.0,True,,,0.0,False,0.6,58.75,50.0,True,0.1111111111111124,27.500000000000004,50.0,False,True,PHASE3F_V2_DATASET_A_LOCKED,phase3f_v2_bundle_A,market_down_day top120 percentile >=70; other predicates diagnostic only
1515,力山,2026-06-17,A,10.782876390554629,100.0,0.0,True,0.6,61.66666666666667,70.0,False,316.0,100.0,0.0,True,0.2,4.166666666666666,50.0,False,0.2727272727272724,54.166666666666664,50.0,True,False,PHASE3F_V2_DATASET_A_LOCKED,phase3f_v2_bundle_A,market_down_day top120 percentile >=70; other predicates diagnostic only
1531,高林股,2026-06-17,A,0.3619345276227553,88.23529411764706,0.0,True,1.0,95.0,70.0,True,133.0,88.23529411764706,0.0,True,0.5,39.58333333333333,50.0,False,0.2999999999999984,59.166666666666664,50.0,True,True,PHASE3F_V2_DATASET_A_LOCKED,phase3f_v2_bundle_A,market_down_day top120 percentile >=70; other predicates diagnostic only
1541,錩泰,2026-06-17,A,11.932252185644863,94.11764705882352,0.0,True,0.6,61.66666666666667,70.0,False,236.0,94.11764705882352,0.0,True,0.4,21.25,50.0,False,0.011764705882353,1.6666666666666667,50.0,False,False,PHASE3F_V2_DATASET_A_LOCKED,phase3f_v2_bundle_A,market_down_day top120 percentile >=70; other predicates diagnostic only
1802,台玻,2026-06-17,A,14.13764084080552,,0.0,True,0.0,2.9166666666666665,70.0,False,,,0.0,False,0.4,21.25,50.0,False,0.1020408163265306,24.166666666666668,50.0,False,False,PHASE3F_V2_DATASET_A_LOCKED,phase3f_v2_bundle_A,market_down_day top120 percentile >=70; other predicates diagnostic only
2402,毅嘉,2026-06-17,A,8.173895205268934,,0.0,True,0.4,39.166666666666664,70.0,False,,,0.0,False,0.2,4.166666666666666,50.0,False,0.0550458715596331,12.5,50.0,False,False,PHASE3F_V2_DATASET_A_LOCKED,phase3f_v2_bundle_A,market_down_day top120 percentile >=70; other predicates diagnostic only
2460,建通,2026-06-17,A,18.59984302984603,,0.0,True,0.2,16.25,70.0,False,,,0.0,False,0.5,39.58333333333333,50.0,False,0.0789473684210525,18.333333333333332,50.0,False,False,PHASE3F_V2_DATASET_A_LOCKED,phase3f_v2_bundle_A,market_down_day top120 percentile >=70; other predicates diagnostic only
2489,瑞軒,2026-06-17,A,9.601574462454238,,0.0,True,0.4,39.166666666666664,70.0,False,,,0.0,False,0.6,58.75,50.0,True,0.0815217391304347,19.166666666666668,50.0,False,False,PHASE3F_V2_DATASET_A_LOCKED,phase3f_v2_bundle_A,market_down_day top120 percentile >=70; other predicates diagnostic only
2611,志信,2026-06-17,A,-2.601734793253783,55.14705882352941,0.0,False,0.8,80.83333333333333,70.0,True,46.0,55.14705882352941,0.0,True,0.9,95.83333333333334,50.0,True,0.1851851851851854,36.666666666666664,50.0,False,True,PHASE3F_V2_DATASET_A_LOCKED,phase3f_v2_bundle_A,market_down_day top120 percentile >=70; other predicates diagnostic only
3535,晶彩科,2026-06-17,A,8.303875174421007,,0.0,True,0.4,39.166666666666664,70.0,False,,,0.0,False,0.9,95.83333333333334,50.0,True,0.0192307692307692,4.166666666666666,50.0,False,False,PHASE3F_V2_DATASET_A_LOCKED,phase3f_v2_bundle_A,market_down_day top120 percentile >=70; other predicates diagnostic only
4722,國精化,2026-06-17,A,22.30751027272339,,0.0,True,0.4,39.166666666666664,70.0,False,,,0.0,False,0.4,21.25,50.0,False,0.1068702290076335,25.833333333333336,50.0,False,False,PHASE3F_V2_DATASET_A_LOCKED,phase3f_v2_bundle_A,market_down_day top120 percentile >=70; other predicates diagnostic only
5469,瀚宇博,2026-06-17,A,2.8865144994353407,,0.0,True,0.6,61.66666666666667,70.0,False,,,0.0,False,0.5,39.58333333333333,50.0,False,0.0135746606334846,2.5,50.0,False,False,PHASE3F_V2_DATASET_A_LOCKED,phase3f_v2_bundle_A,market_down_day top120 percentile >=70; other predicates diagnostic only
6213,聯茂,2026-06-17,A,15.916962648524782,,0.0,True,0.2,16.25,70.0,False,,,0.0,False,0.7,75.0,50.0,True,0.0314465408805031,8.333333333333332,50.0,False,False,PHASE3F_V2_DATASET_A_LOCKED,phase3f_v2_bundle_A,market_down_day top120 percentile >=70; other predicates diagnostic only
6472,保瑞,2026-06-17,A,-5.863766429531116,50.0,0.0,False,0.8,80.83333333333333,70.0,True,30.0,50.0,0.0,True,0.7,75.0,50.0,True,0.5598086124401914,86.66666666666667,50.0,True,True,PHASE3F_V2_DATASET_A_LOCKED,phase3f_v2_bundle_A,market_down_day top120 percentile >=70; other predicates diagnostic only
7786,東方風能,2026-06-17,A,10.306224825789036,,0.0,True,0.6,61.66666666666667,70.0,False,,,0.0,False,0.3,9.583333333333334,50.0,False,0.1923076923076923,37.5,50.0,False,False,PHASE3F_V2_DATASET_A_LOCKED,phase3f_v2_bundle_A,market_down_day top120 percentile >=70; other predicates diagnostic only
7795,長廣,2026-06-17,A,4.567467410489556,,0.0,True,0.2,16.25,70.0,False,,,0.0,False,0.3,9.583333333333334,50.0,False,0.0600706713780918,14.166666666666666,50.0,False,False,PHASE3F_V2_DATASET_A_LOCKED,phase3f_v2_bundle_A,market_down_day top120 percentile >=70; other predicates diagnostic only
8039,台虹,2026-06-17,A,9.261099057128872,76.47058823529412,0.0,True,0.4,39.166666666666664,70.0,False,74.0,76.47058823529412,0.0,True,0.3,9.583333333333334,50.0,False,0.0743801652892562,16.666666666666664,50.0,False,False,PHASE3F_V2_DATASET_A_LOCKED,phase3f_v2_bundle_A,market_down_day top120 percentile >=70; other predicates diagnostic only
9136,巨騰-DR,2026-06-17,A,,,0.0,False,0.8,80.83333333333333,70.0,True,,,0.0,False,0.4,21.25,50.0,False,0.2124352331606215,40.833333333333336,50.0,False,True,PHASE3F_V2_DATASET_A_LOCKED,phase3f_v2_bundle_A,market_down_day top120 percentile >=70; other predicates diagnostic only
0051,元大中型100,2026-06-18,A,1.6260536654871725,97.0,0.0,True,0.25,24.166666666666668,70.0,False,180.0,97.0,0.0,True,0.5,32.916666666666664,50.0,False,0.0695364238410595,20.0,50.0,False,False,PHASE3F_V2_DATASET_A_LOCKED,phase3f_v2_bundle_A,market_down_day top120 percentile >=70; other predicates diagnostic only
00733,富邦臺灣中小,2026-06-18,A,1.6496504744457354,80.5,0.0,True,0.5,52.916666666666664,70.0,False,110.0,80.5,0.0,True,0.8,82.91666666666667,50.0,True,0.2224938875305621,46.666666666666664,50.0,False,False,PHASE3F_V2_DATASET_A_LOCKED,phase3f_v2_bundle_A,market_down_day top120 percentile >=70; other predicates diagnostic only
00762,元大全球AI,2026-06-18,A,1.9625783190985688,92.5,0.0,True,0.5,52.916666666666664,70.0,False,157.0,92.5,0.0,True,0.5,32.916666666666664,50.0,False,0.130275229357798,33.33333333333333,50.0,False,False,PHASE3F_V2_DATASET_A_LOCKED,phase3f_v2_bundle_A,market_down_day top120 percentile >=70; other predicates diagnostic only
00896,中信綠能及電動車,2026-06-18,A,-4.329090787415407,82.0,0.0,False,0.0,4.583333333333333,70.0,False,114.0,82.0,0.0,True,0.2,5.0,50.0,False,0.2223738062755799,45.83333333333333,50.0,False,False,PHASE3F_V2_DATASET_A_LOCKED,phase3f_v2_bundle_A,market_down_day top120 percentile >=70; other predicates diagnostic only
00946,群益科技高息成長,2026-06-18,A,0.4012503171801474,79.0,0.0,True,0.75,77.91666666666667,70.0,True,103.0,79.0,0.0,True,0.8,82.91666666666667,50.0,True,0.0207468879668052,5.0,50.0,False,True,PHASE3F_V2_DATASET_A_LOCKED,phase3f_v2_bundle_A,market_down_day top120 percentile >=70; other predicates diagnostic only
009803,玉山市值動能50,2026-06-18,A,0.8772993818124016,92.5,0.0,True,0.25,24.166666666666668,70.0,False,157.0,92.5,0.0,True,0.3,9.166666666666666,50.0,False,0.1135531135531148,29.166666666666668,50.0,False,False,PHASE3F_V2_DATASET_A_LOCKED,phase3f_v2_bundle_A,market_down_day top120 percentile >=70; other predicates diagnostic only
009808,華南永昌優選50,2026-06-18,A,3.0499834090383096,56.00000000000001,0.0,True,0.25,24.166666666666668,70.0,False,42.0,56.00000000000001,0.0,True,0.7,69.16666666666667,50.0,True,0.1282051282051281,32.5,50.0,False,False,PHASE3F_V2_DATASET_A_LOCKED,phase3f_v2_bundle_A,market_down_day top120 percentile >=70; other predicates diagnostic only
00982A,主動群益台灣強棒,2026-06-18,A,5.938065521750889,69.0,0.0,True,0.5,52.916666666666664,70.0,False,75.0,69.0,0.0,True,0.5,32.916666666666664,50.0,False,0.130872483221476,34.166666666666664,50.0,False,False,PHASE3F_V2_DATASET_A_LOCKED,phase3f_v2_bundle_A,market_down_day top120 percentile >=70; other predicates diagnostic only
00993A,主動安聯台灣,2026-06-18,A,2.9514135778199773,63.0,0.0,True,0.25,24.166666666666668,70.0,False,67.0,63.0,0.0,True,1.0,98.75,50.0,True,0.1840490797546011,40.833333333333336,50.0,False,False,PHASE3F_V2_DATASET_A_LOCKED,phase3f_v2_bundle_A,market_down_day top120 percentile >=70; other predicates diagnostic only
00639,富邦深100,2026-06-22,A,5.357522802978775,82.82828282828282,0.0,True,0.3333333333333333,33.33333333333333,70.0,False,128.0,82.82828282828282,0.0,True,0.9,95.41666666666669,50.0,True,0.2672413793103448,26.666666666666668,50.0,False,False,PHASE3F_V2_DATASET_A_LOCKED,phase3f_v2_bundle_A,market_down_day top120 percentile >=70; other predicates diagnostic only
1905,華紙,2026-06-22,A,3.939901288826102,,0.0,True,0.6666666666666666,72.5,70.0,True,,,0.0,False,0.7,62.5,50.0,True,0.8181818181818178,97.5,50.0,True,True,PHASE3F_V2_DATASET_A_LOCKED,phase3f_v2_bundle_A,market_down_day top120 percentile >=70; other predicates diagnostic only
2415,錩新,2026-06-22,A,-0.5741293011737175,,0.0,False,1.0,95.41666666666669,70.0,True,,,0.0,False,0.5,21.666666666666668,50.0,False,0.5098039215686276,70.83333333333334,50.0,True,True,PHASE3F_V2_DATASET_A_LOCKED,phase3f_v2_bundle_A,market_down_day top120 percentile >=70; other predicates diagnostic only
6919,康霈*,2026-06-22,A,25.11763372224838,98.989898989899,0.0,True,0.3333333333333333,33.33333333333333,70.0,False,389.0,98.989898989899,0.0,True,0.7,62.5,50.0,True,0.6010230179028134,84.16666666666667,50.0,True,False,PHASE3F_V2_DATASET_A_LOCKED,phase3f_v2_bundle_A,market_down_day top120 percentile >=70; other predicates diagnostic only
8072,陞泰,2026-06-22,A,7.370550585116587,,0.0,True,0.3333333333333333,33.33333333333333,70.0,False,,,0.0,False,0.8,83.33333333333334,50.0,True,0.3008130081300816,33.33333333333333,50.0,False,False,PHASE3F_V2_DATASET_A_LOCKED,phase3f_v2_bundle_A,market_down_day top120 percentile >=70; other predicates diagnostic only
1437,勤益控,2026-06-23,A,8.276897567780345,,0.0,True,1.0,91.25,70.0,True,,,0.0,False,0.5,30.0,50.0,False,0.8333333333333347,95.0,50.0,True,True,PHASE3F_V2_DATASET_A_LOCKED,phase3f_v2_bundle_A,market_down_day top120 percentile >=70; other predicates diagnostic only
1529,樂事綠能,2026-06-23,A,2.1181075450250546,61.40350877192983,0.0,True,1.0,91.25,70.0,True,19.0,61.40350877192983,0.0,True,0.7,73.33333333333333,50.0,True,0.2463768115942028,16.666666666666664,50.0,False,True,PHASE3F_V2_DATASET_A_LOCKED,phase3f_v2_bundle_A,market_down_day top120 percentile >=70; other predicates diagnostic only
1535,中宇,2026-06-23,A,7.08762213827337,82.45614035087719,0.0,True,1.0,91.25,70.0,True,45.0,82.45614035087719,0.0,True,0.5,30.0,50.0,False,0.1764705882352954,10.833333333333334,50.0,False,True,PHASE3F_V2_DATASET_A_LOCKED,phase3f_v2_bundle_A,market_down_day top120 percentile >=70; other predicates diagnostic only
2330,台積電,2026-06-23,A,3.0634370721201427,,0.0,True,0.6666666666666666,61.66666666666667,70.0,False,,,0.0,False,0.5,30.0,50.0,False,0.52,58.333333333333336,50.0,True,False,PHASE3F_V2_DATASET_A_LOCKED,phase3f_v2_bundle_A,market_down_day top120 percentile >=70; other predicates diagnostic only
2399,映泰,2026-06-23,A,-4.846828146393989,78.0701754385965,0.0,False,0.3333333333333333,25.416666666666664,70.0,False,38.0,78.0701754385965,0.0,True,0.6,50.416666666666664,50.0,True,0.2598752598752598,21.666666666666668,50.0,False,False,PHASE3F_V2_DATASET_A_LOCKED,phase3f_v2_bundle_A,market_down_day top120 percentile >=70; other predicates diagnostic only
2466,冠西電,2026-06-23,A,11.302258335543428,,0.0,True,1.0,91.25,70.0,True,,,0.0,False,0.6,50.416666666666664,50.0,True,0.9839999999999998,100.0,50.0,True,True,PHASE3F_V2_DATASET_A_LOCKED,phase3f_v2_bundle_A,market_down_day top120 percentile >=70; other predicates diagnostic only
2634,漢翔,2026-06-23,A,10.300858491885988,,0.0,True,0.6666666666666666,61.66666666666667,70.0,False,,,0.0,False,0.9,97.91666666666666,50.0,True,0.6103896103896117,71.66666666666667,50.0,True,False,PHASE3F_V2_DATASET_A_LOCKED,phase3f_v2_bundle_A,market_down_day top120 percentile >=70; other predicates diagnostic only
2646,星宇航空,2026-06-23,A,6.205741516884788,92.98245614035088,0.0,True,1.0,91.25,70.0,True,61.0,92.98245614035088,0.0,True,0.8,90.41666666666669,50.0,True,0.5294117647058814,60.83333333333333,50.0,True,True,PHASE3F_V2_DATASET_A_LOCKED,phase3f_v2_bundle_A,market_down_day top120 percentile >=70; other predicates diagnostic only
2832,台產,2026-06-23,A,5.64716143587345,,0.0,True,0.6666666666666666,61.66666666666667,70.0,False,,,0.0,False,0.8,90.41666666666669,50.0,True,0.2765957446808508,24.166666666666668,50.0,False,False,PHASE3F_V2_DATASET_A_LOCKED,phase3f_v2_bundle_A,market_down_day top120 percentile >=70; other predicates diagnostic only
3530,晶相光,2026-06-23,A,-1.3371604543818734,,0.0,False,0.6666666666666666,61.66666666666667,70.0,False,,,0.0,False,0.6,50.416666666666664,50.0,True,0.838509316770185,95.83333333333334,50.0,True,False,PHASE3F_V2_DATASET_A_LOCKED,phase3f_v2_bundle_A,market_down_day top120 percentile >=70; other predicates diagnostic only
3712,永崴投控,2026-06-23,A,-0.2502107422512646,,0.0,False,0.6666666666666666,61.66666666666667,70.0,False,,,0.0,False,0.7,73.33333333333333,50.0,True,0.0967741935483874,6.666666666666667,50.0,False,False,PHASE3F_V2_DATASET_A_LOCKED,phase3f_v2_bundle_A,market_down_day top120 percentile >=70; other predicates diagnostic only
5283,禾聯碩,2026-06-23,A,15.526605034564517,,0.0,True,1.0,91.25,70.0,True,,,0.0,False,0.7,73.33333333333333,50.0,True,0.8260869565217387,94.16666666666669,50.0,True,True,PHASE3F_V2_DATASET_A_LOCKED,phase3f_v2_bundle_A,market_down_day top120 percentile >=70; other predicates diagnostic only
6243,迅杰,2026-06-23,A,26.542873431440725,,0.0,True,0.6666666666666666,61.66666666666667,70.0,False,,,0.0,False,0.5,30.0,50.0,False,0.7872340425531911,92.5,50.0,True,False,PHASE3F_V2_DATASET_A_LOCKED,phase3f_v2_bundle_A,market_down_day top120 percentile >=70; other predicates diagnostic only
6257,矽格,2026-06-23,A,3.976537478708245,,0.0,True,0.6666666666666666,61.66666666666667,70.0,False,,,0.0,False,0.5,30.0,50.0,False,0.4931506849315068,55.833333333333336,50.0,True,False,PHASE3F_V2_DATASET_A_LOCKED,phase3f_v2_bundle_A,market_down_day top120 percentile >=70; other predicates diagnostic only
6573,虹揚-KY,2026-06-23,A,8.130404729536423,,0.0,True,0.6666666666666666,61.66666666666667,70.0,False,,,0.0,False,0.4,15.0,50.0,False,0.7142857142857142,85.83333333333333,50.0,True,False,PHASE3F_V2_DATASET_A_LOCKED,phase3f_v2_bundle_A,market_down_day top120 percentile >=70; other predicates diagnostic only
6715,嘉基,2026-06-23,A,25.59712624835635,,0.0,True,0.3333333333333333,25.416666666666664,70.0,False,,,0.0,False,0.6,50.416666666666664,50.0,True,0.5758754863813229,66.66666666666666,50.0,True,False,PHASE3F_V2_DATASET_A_LOCKED,phase3f_v2_bundle_A,market_down_day top120 percentile >=70; other predicates diagnostic only
8046,南電,2026-06-23,A,-0.6808488718763689,64.03508771929825,0.0,False,0.3333333333333333,25.416666666666664,70.0,False,20.0,64.03508771929825,0.0,True,0.6,50.416666666666664,50.0,True,0.2119565217391304,12.5,50.0,False,False,PHASE3F_V2_DATASET_A_LOCKED,phase3f_v2_bundle_A,market_down_day top120 percentile >=70; other predicates diagnostic only
8438,昶昕,2026-06-23,A,20.61640455272872,100.0,0.0,True,0.3333333333333333,25.416666666666664,70.0,False,82.0,100.0,0.0,True,0.6,50.416666666666664,50.0,True,0.592391304347826,69.16666666666667,50.0,True,False,PHASE3F_V2_DATASET_A_LOCKED,phase3f_v2_bundle_A,market_down_day top120 percentile >=70; other predicates diagnostic only
9930,中聯資源,2026-06-23,A,6.068611133734144,,0.0,True,0.6666666666666666,61.66666666666667,70.0,False,,,0.0,False,0.7,73.33333333333333,50.0,True,0.5384615384615393,62.5,50.0,True,False,PHASE3F_V2_DATASET_A_LOCKED,phase3f_v2_bundle_A,market_down_day top120 percentile >=70; other predicates diagnostic only
9940,信義,2026-06-23,A,1.245032504077367,,0.0,True,0.6666666666666666,61.66666666666667,70.0,False,,,0.0,False,0.7,73.33333333333333,50.0,True,0.0140845070422537,1.6666666666666667,50.0,False,False,PHASE3F_V2_DATASET_A_LOCKED,phase3f_v2_bundle_A,market_down_day top120 percentile >=70; other predicates diagnostic only
1216,統一,2026-06-24,A,10.183531963560908,,0.0,True,1.0,85.83333333333333,70.0,True,,,0.0,False,0.6,47.5,50.0,False,0.1612903225806447,17.5,50.0,False,True,PHASE3F_V2_DATASET_A_LOCKED,phase3f_v2_bundle_A,market_down_day top120 percentile >=70; other predicates diagnostic only
1234,黑松,2026-06-24,A,3.926140322667095,,0.0,True,1.0,85.83333333333333,70.0,True,,,0.0,False,0.9,98.33333333333331,50.0,True,0.3636363636363618,44.166666666666664,50.0,False,True,PHASE3F_V2_DATASET_A_LOCKED,phase3f_v2_bundle_A,market_down_day top120 percentile >=70; other predicates diagnostic only
1236,宏亞,2026-06-24,A,0.8956632690351919,,0.0,True,1.0,85.83333333333333,70.0,True,,,0.0,False,0.8,88.75,50.0,True,0.3333333333333333,37.5,50.0,False,True,PHASE3F_V2_DATASET_A_LOCKED,phase3f_v2_bundle_A,market_down_day top120 percentile >=70; other predicates diagnostic only
1310,台苯,2026-06-24,A,4.250276175022918,,0.0,True,0.5,26.25,70.0,False,,,0.0,False,0.4,13.333333333333334,50.0,False,0.4357142857142852,58.333333333333336,50.0,True,False,PHASE3F_V2_DATASET_A_LOCKED,phase3f_v2_bundle_A,market_down_day top120 percentile >=70; other predicates diagnostic only
1315,達新,2026-06-24,A,4.9149756819800245,89.85507246376811,0.0,True,1.0,85.83333333333333,70.0,True,205.0,89.85507246376811,0.0,True,0.6,47.5,50.0,False,0.4444444444444471,60.83333333333333,50.0,True,True,PHASE3F_V2_DATASET_A_LOCKED,phase3f_v2_bundle_A,market_down_day top120 percentile >=70; other predicates diagnostic only
1449,佳和,2026-06-24,A,4.782648342706229,86.95652173913044,0.0,True,0.5,26.25,70.0,False,172.0,86.95652173913044,0.0,True,0.2,2.9166666666666665,50.0,False,0.3414634146341467,38.333333333333336,50.0,False,False,PHASE3F_V2_DATASET_A_LOCKED,phase3f_v2_bundle_A,market_down_day top120 percentile >=70; other predicates diagnostic only
1475,業旺,2026-06-24,A,2.025109478076194,69.56521739130434,0.0,True,0.75,55.833333333333336,70.0,False,112.0,69.56521739130434,0.0,True,0.7,70.83333333333334,50.0,True,0.0697674418604645,8.333333333333332,50.0,False,False,PHASE3F_V2_DATASET_A_LOCKED,phase3f_v2_bundle_A,market_down_day top120 percentile >=70; other predicates diagnostic only
2352,佳世達,2026-06-24,A,-0.4373902347853118,,0.0,False,1.0,85.83333333333333,70.0,True,,,0.0,False,0.7,70.83333333333334,50.0,True,0.0099009900990093,2.5,50.0,False,True,PHASE3F_V2_DATASET_A_LOCKED,phase3f_v2_bundle_A,market_down_day top120 percentile >=70; other predicates diagnostic only
2539,櫻花建,2026-06-24,A,11.591415498796104,,0.0,True,0.75,55.833333333333336,70.0,False,,,0.0,False,0.5,26.666666666666668,50.0,False,0.3606557377049171,43.333333333333336,50.0,False,False,PHASE3F_V2_DATASET_A_LOCKED,phase3f_v2_bundle_A,market_down_day top120 percentile >=70; other predicates diagnostic only
2910,統領,2026-06-24,A,-1.196967260643092,,0.0,False,1.0,85.83333333333333,70.0,True,,,0.0,False,0.8,88.75,50.0,True,0.2475247524752476,24.166666666666668,50.0,False,True,PHASE3F_V2_DATASET_A_LOCKED,phase3f_v2_bundle_A,market_down_day top120 percentile >=70; other predicates diagnostic only
3588,通嘉,2026-06-24,A,24.926301120222973,,0.0,True,0.75,55.833333333333336,70.0,False,,,0.0,False,0.6,47.5,50.0,False,0.6632302405498279,84.16666666666667,50.0,True,False,PHASE3F_V2_DATASET_A_LOCKED,phase3f_v2_bundle_A,market_down_day top120 percentile >=70; other predicates diagnostic only
4119,旭富,2026-06-24,A,10.059522939407165,97.10144927536231,0.0,True,0.75,55.833333333333336,70.0,False,258.0,97.10144927536231,0.0,True,0.4,13.333333333333334,50.0,False,0.2112676056338025,20.833333333333336,50.0,False,False,PHASE3F_V2_DATASET_A_LOCKED,phase3f_v2_bundle_A,market_down_day top120 percentile >=70; other predicates diagnostic only
4164,承業醫,2026-06-24,A,3.132176287024336,,0.0,True,0.75,55.833333333333336,70.0,False,,,0.0,False,0.7,70.83333333333334,50.0,True,0.1506849315068497,15.0,50.0,False,False,PHASE3F_V2_DATASET_A_LOCKED,phase3f_v2_bundle_A,market_down_day top120 percentile >=70; other predicates diagnostic only
4169,泰宗,2026-06-24,A,10.618625090405118,,0.0,True,1.0,85.83333333333333,70.0,True,,,0.0,False,0.5,26.666666666666668,50.0,False,0.8958333333333334,97.5,50.0,True,True,PHASE3F_V2_DATASET_A_LOCKED,phase3f_v2_bundle_A,market_down_day top120 percentile >=70; other predicates diagnostic only
6505,台塑化,2026-06-24,A,10.555733059351004,,0.0,True,0.75,55.833333333333336,70.0,False,,,0.0,False,0.5,26.666666666666668,50.0,False,0.2592592592592599,25.833333333333336,50.0,False,False,PHASE3F_V2_DATASET_A_LOCKED,phase3f_v2_bundle_A,market_down_day top120 percentile >=70; other predicates diagnostic only
6909,創控,2026-06-24,A,22.498988924459255,,0.0,True,0.75,55.833333333333336,70.0,False,,,0.0,False,0.6,47.5,50.0,False,0.5409181636726547,75.0,50.0,True,False,PHASE3F_V2_DATASET_A_LOCKED,phase3f_v2_bundle_A,market_down_day top120 percentile >=70; other predicates diagnostic only
7799,禾榮科,2026-06-24,A,4.491611727501744,,0.0,True,0.25,7.083333333333333,70.0,False,,,0.0,False,0.3,6.25,50.0,False,0.3740458015267175,47.5,50.0,False,False,PHASE3F_V2_DATASET_A_LOCKED,phase3f_v2_bundle_A,market_down_day top120 percentile >=70; other predicates diagnostic only
9944,新麗,2026-06-24,A,4.566859414905724,81.88405797101449,0.0,True,1.0,85.83333333333333,70.0,True,158.0,81.88405797101449,0.0,True,0.6,47.5,50.0,False,0.7600000000000022,90.0,50.0,True,True,PHASE3F_V2_DATASET_A_LOCKED,phase3f_v2_bundle_A,market_down_day top120 percentile >=70; other predicates diagnostic only
Plastics,塑膠類指數,2026-06-24,A,0.9665255685516172,,0.0,True,0.75,55.833333333333336,70.0,False,,,0.0,False,0.0,0.8333333333333334,50.0,False,0.7471727046195131,89.16666666666667,50.0,True,False,PHASE3F_V2_DATASET_A_LOCKED,phase3f_v2_bundle_A,market_down_day top120 percentile >=70; other predicates diagnostic only
00674R,期元大S&P黃金反1,2026-06-25,A,6.721603474588259,78.48101265822784,0.0,True,1.0,83.33333333333334,70.0,True,169.0,78.48101265822784,0.0,True,0.6,40.833333333333336,50.0,False,0.2500000000000003,20.0,50.0,False,True,PHASE3F_V2_DATASET_A_LOCKED,phase3f_v2_bundle_A,market_down_day top120 percentile >=70; other predicates diagnostic only
1313,聯成,2026-06-25,A,4.408045483373631,,0.0,True,0.6666666666666666,47.91666666666667,70.0,False,,,0.0,False,0.8,85.0,50.0,True,0.5172413793103444,54.166666666666664,50.0,True,False,PHASE3F_V2_DATASET_A_LOCKED,phase3f_v2_bundle_A,market_down_day top120 percentile >=70; other predicates diagnostic only
1709,和益,2026-06-25,A,-0.545880303349738,,0.0,False,0.3333333333333333,15.833333333333332,70.0,False,,,0.0,False,0.8,85.0,50.0,True,0.0943396226415094,4.166666666666666,50.0,False,False,PHASE3F_V2_DATASET_A_LOCKED,phase3f_v2_bundle_A,market_down_day top120 percentile >=70; other predicates diagnostic only
1725,元禎,2026-06-25,A,-2.5927188774567376,,0.0,False,0.3333333333333333,15.833333333333332,70.0,False,,,0.0,False,0.6,40.833333333333336,50.0,False,0.2515337423312882,20.833333333333336,50.0,False,False,PHASE3F_V2_DATASET_A_LOCKED,phase3f_v2_bundle_A,market_down_day top120 percentile >=70; other predicates diagnostic only
1776,展宇,2026-06-25,A,13.655787755824454,,0.0,True,0.6666666666666666,47.91666666666667,70.0,False,,,0.0,False,0.8,85.0,50.0,True,0.6307692307692331,71.66666666666667,50.0,True,False,PHASE3F_V2_DATASET_A_LOCKED,phase3f_v2_bundle_A,market_down_day top120 percentile >=70; other predicates diagnostic only
2103,台橡,2026-06-25,A,6.696772592675496,,0.0,True,1.0,83.33333333333334,70.0,True,,,0.0,False,0.7,67.5,50.0,True,0.095238095238095,5.0,50.0,False,True,PHASE3F_V2_DATASET_A_LOCKED,phase3f_v2_bundle_A,market_down_day top120 percentile >=70; other predicates diagnostic only
2107,厚生,2026-06-25,A,7.477860865506332,,0.0,True,1.0,83.33333333333334,70.0,True,,,0.0,False,0.7,67.5,50.0,True,0.0149253731343275,0.8333333333333334,50.0,False,True,PHASE3F_V2_DATASET_A_LOCKED,phase3f_v2_bundle_A,market_down_day top120 percentile >=70; other predicates diagnostic only
2458,義隆,2026-06-25,A,2.0075186730487737,72.15189873417721,0.0,True,0.3333333333333333,15.833333333333332,70.0,False,143.0,72.15189873417721,0.0,True,0.4,11.25,50.0,False,0.5275590551181102,58.333333333333336,50.0,True,False,PHASE3F_V2_DATASET_A_LOCKED,phase3f_v2_bundle_A,market_down_day top120 percentile >=70; other predicates diagnostic only
3591,艾笛森,2026-06-25,A,18.857640615063204,,0.0,True,1.0,83.33333333333334,70.0,True,,,0.0,False,0.5,21.25,50.0,False,0.7428571428571423,86.66666666666667,50.0,True,True,PHASE3F_V2_DATASET_A_LOCKED,phase3f_v2_bundle_A,market_down_day top120 percentile >=70; other predicates diagnostic only
4306,炎洲,2026-06-25,A,1.6904434073661465,,0.0,True,1.0,83.33333333333334,70.0,True,,,0.0,False,0.9,95.0,50.0,True,0.333333333333334,31.666666666666664,50.0,False,True,PHASE3F_V2_DATASET_A_LOCKED,phase3f_v2_bundle_A,market_down_day top120 percentile >=70; other predicates diagnostic only
4414,如興,2026-06-25,A,10.813094255841376,98.73417721518987,0.0,True,1.0,83.33333333333334,70.0,True,403.0,98.73417721518987,0.0,True,0.6,40.833333333333336,50.0,False,0.3124999999999986,27.500000000000004,50.0,False,True,PHASE3F_V2_DATASET_A_LOCKED,phase3f_v2_bundle_A,market_down_day top120 percentile >=70; other predicates diagnostic only
5880,合庫金,2026-06-25,A,5.087068593792973,,0.0,True,1.0,83.33333333333334,70.0,True,,,0.0,False,0.9,95.0,50.0,True,0.5909090909090895,66.66666666666666,50.0,True,True,PHASE3F_V2_DATASET_A_LOCKED,phase3f_v2_bundle_A,market_down_day top120 percentile >=70; other predicates diagnostic only
6582,申豐,2026-06-25,A,8.4352119604684,,0.0,True,1.0,83.33333333333334,70.0,True,,,0.0,False,0.6,40.833333333333336,50.0,False,0.7674418604651161,90.0,50.0,True,True,PHASE3F_V2_DATASET_A_LOCKED,phase3f_v2_bundle_A,market_down_day top120 percentile >=70; other predicates diagnostic only
8464,億豐,2026-06-25,A,5.925817957187117,91.77215189873418,0.0,True,1.0,83.33333333333334,70.0,True,317.0,91.77215189873418,0.0,True,0.6,40.833333333333336,50.0,False,0.3,25.0,50.0,False,True,PHASE3F_V2_DATASET_A_LOCKED,phase3f_v2_bundle_A,market_down_day top120 percentile >=70; other predicates diagnostic only
2516,新建,2026-06-26,A,-1.7756616530949618,,0.0,False,1.0,80.0,70.0,True,,,0.0,False,0.4,10.833333333333334,50.0,False,0.3684210526315781,51.66666666666667,50.0,True,True,PHASE3F_V2_DATASET_A_LOCKED,phase3f_v2_bundle_A,market_down_day top120 percentile >=70; other predicates diagnostic only
2527,宏璟,2026-06-26,A,-0.1167822004159451,,0.0,False,1.0,80.0,70.0,True,,,0.0,False,0.7,64.58333333333334,50.0,True,0.642458100558659,87.5,50.0,True,True,PHASE3F_V2_DATASET_A_LOCKED,phase3f_v2_bundle_A,market_down_day top120 percentile >=70; other predicates diagnostic only
2633,台灣高鐵,2026-06-26,A,8.207161739966352,93.22033898305084,0.0,True,1.0,80.0,70.0,True,117.0,93.22033898305084,0.0,True,0.4,10.833333333333334,50.0,False,0.3684210526315795,53.333333333333336,50.0,True,True,PHASE3F_V2_DATASET_A_LOCKED,phase3f_v2_bundle_A,market_down_day top120 percentile >=70; other predicates diagnostic only
2706,第一店,2026-06-26,A,2.820511219934436,,0.0,True,1.0,80.0,70.0,True,,,0.0,False,0.7,64.58333333333334,50.0,True,0.3333333333333333,45.416666666666664,50.0,False,True,PHASE3F_V2_DATASET_A_LOCKED,phase3f_v2_bundle_A,market_down_day top120 percentile >=70; other predicates diagnostic only
2739,寒舍,2026-06-26,A,7.098762542165571,,0.0,True,1.0,80.0,70.0,True,,,0.0,False,0.9,95.41666666666669,50.0,True,0.3786407766990292,55.833333333333336,50.0,True,True,PHASE3F_V2_DATASET_A_LOCKED,phase3f_v2_bundle_A,market_down_day top120 percentile >=70; other predicates diagnostic only
3717,聯嘉投控,2026-06-26,A,21.023344995947735,,0.0,True,1.0,80.0,70.0,True,,,0.0,False,0.6,43.333333333333336,50.0,False,0.5892857142857139,80.0,50.0,True,True,PHASE3F_V2_DATASET_A_LOCKED,phase3f_v2_bundle_A,market_down_day top120 percentile >=70; other predicates diagnostic only
6168,宏齊,2026-06-26,A,1.51841135979564,,0.0,True,0.6666666666666666,40.0,70.0,False,,,0.0,False,0.6,43.333333333333336,50.0,False,0.3586005830903789,48.333333333333336,50.0,False,False,PHASE3F_V2_DATASET_A_LOCKED,phase3f_v2_bundle_A,market_down_day top120 percentile >=70; other predicates diagnostic only
6177,達麗,2026-06-26,A,3.4187967497268184,,0.0,True,1.0,80.0,70.0,True,,,0.0,False,0.7,64.58333333333334,50.0,True,0.1891891891891889,25.833333333333336,50.0,False,True,PHASE3F_V2_DATASET_A_LOCKED,phase3f_v2_bundle_A,market_down_day top120 percentile >=70; other predicates diagnostic only
6743,安普新,2026-06-26,A,6.85958011120232,,0.0,True,1.0,80.0,70.0,True,,,0.0,False,0.6,43.333333333333336,50.0,False,0.4749999999999996,71.66666666666667,50.0,True,True,PHASE3F_V2_DATASET_A_LOCKED,phase3f_v2_bundle_A,market_down_day top120 percentile >=70; other predicates diagnostic only
7631,聚賢研發-創,2026-06-26,A,5.772716695571778,,0.0,True,1.0,80.0,70.0,True,,,0.0,False,0.4,10.833333333333334,50.0,False,0.6491228070175439,88.33333333333333,50.0,True,True,PHASE3F_V2_DATASET_A_LOCKED,phase3f_v2_bundle_A,market_down_day top120 percentile >=70; other predicates diagnostic only
8033,雷虎,2026-06-26,A,7.197736974233007,85.59322033898306,0.0,True,1.0,80.0,70.0,True,80.0,85.59322033898306,0.0,True,0.5,25.416666666666664,50.0,False,0.4666666666666667,69.16666666666667,50.0,True,True,PHASE3F_V2_DATASET_A_LOCKED,phase3f_v2_bundle_A,market_down_day top120 percentile >=70; other predicates diagnostic only
9914,美利達,2026-06-26,A,6.231903960815278,,0.0,True,0.6666666666666666,40.0,70.0,False,,,0.0,False,0.8,84.16666666666667,50.0,True,0.0120481927710853,1.6666666666666667,50.0,False,False,PHASE3F_V2_DATASET_A_LOCKED,phase3f_v2_bundle_A,market_down_day top120 percentile >=70; other predicates diagnostic only
9921,巨大,2026-06-26,A,6.2797785941261095,,0.0,True,0.6666666666666666,40.0,70.0,False,,,0.0,False,0.5,25.416666666666664,50.0,False,0.0769230769230765,8.333333333333332,50.0,False,False,PHASE3F_V2_DATASET_A_LOCKED,phase3f_v2_bundle_A,market_down_day top120 percentile >=70; other predicates diagnostic only
00638R,元大滬深300反1,2026-06-29,A,11.965891937073494,,0.0,True,1.0,83.75,70.0,True,,,0.0,False,0.7,69.16666666666667,50.0,True,0.1666666666666668,22.5,50.0,False,True,PHASE3F_V2_DATASET_A_LOCKED,phase3f_v2_bundle_A,market_down_day top120 percentile >=70; other predicates diagnostic only
00656R,國泰中國A50反1,2026-06-29,A,10.091064341784806,,0.0,True,1.0,83.75,70.0,True,,,0.0,False,0.6,47.5,50.0,False,0.0933333333333337,13.333333333333334,50.0,False,True,PHASE3F_V2_DATASET_A_LOCKED,phase3f_v2_bundle_A,market_down_day top120 percentile >=70; other predicates diagnostic only
00671R,富邦NASDAQ反1,2026-06-29,A,10.13867923089825,,0.0,True,1.0,83.75,70.0,True,,,0.0,False,0.4,15.833333333333332,50.0,False,0.0769230769230769,11.666666666666666,50.0,False,True,PHASE3F_V2_DATASET_A_LOCKED,phase3f_v2_bundle_A,market_down_day top120 percentile >=70; other predicates diagnostic only
00712,復華富時不動產,2026-06-29,A,7.359030125600731,,0.0,True,1.0,83.75,70.0,True,,,0.0,False,0.4,15.833333333333332,50.0,False,0.0476190476190495,6.666666666666667,50.0,False,True,PHASE3F_V2_DATASET_A_LOCKED,phase3f_v2_bundle_A,market_down_day top120 percentile >=70; other predicates diagnostic only
1229,聯華,2026-06-29,A,4.241641057203016,,0.0,True,1.0,83.75,70.0,True,,,0.0,False,0.6,47.5,50.0,False,0.2470588235294132,31.666666666666664,50.0,False,True,PHASE3F_V2_DATASET_A_LOCKED,phase3f_v2_bundle_A,market_down_day top120 percentile >=70; other predicates diagnostic only
1435,中福,2026-06-29,A,1.659624930518305,96.29629629629628,0.0,True,1.0,83.75,70.0,True,95.0,96.29629629629628,0.0,True,0.1,0.8333333333333334,50.0,False,1.0,100.0,50.0,True,True,PHASE3F_V2_DATASET_A_LOCKED,phase3f_v2_bundle_A,market_down_day top120 percentile >=70; other predicates diagnostic only
1626,艾美特-KY,2026-06-29,A,17.588364778566504,,0.0,True,1.0,83.75,70.0,True,,,0.0,False,0.6,47.5,50.0,False,0.3846153846153847,50.0,50.0,True,True,PHASE3F_V2_DATASET_A_LOCKED,phase3f_v2_bundle_A,market_down_day top120 percentile >=70; other predicates diagnostic only
1736,喬山,2026-06-29,A,17.99686864528363,,0.0,True,0.6666666666666666,45.416666666666664,70.0,False,,,0.0,False,0.7,69.16666666666667,50.0,True,0.5294117647058824,75.0,50.0,True,False,PHASE3F_V2_DATASET_A_LOCKED,phase3f_v2_bundle_A,market_down_day top120 percentile >=70; other predicates diagnostic only
2236,百達-KY,2026-06-29,A,21.53291526490374,,0.0,True,0.6666666666666666,45.416666666666664,70.0,False,,,0.0,False,0.9,93.75,50.0,True,0.7894736842105263,91.66666666666666,50.0,True,False,PHASE3F_V2_DATASET_A_LOCKED,phase3f_v2_bundle_A,market_down_day top120 percentile >=70; other predicates diagnostic only
2380,虹光,2026-06-29,A,6.2530062530062525,88.88888888888889,0.0,True,0.0,2.5,70.0,False,83.0,88.88888888888889,0.0,True,0.3,6.666666666666667,50.0,False,0.9830397912589692,99.16666666666669,50.0,True,False,PHASE3F_V2_DATASET_A_LOCKED,phase3f_v2_bundle_A,market_down_day top120 percentile >=70; other predicates diagnostic only
2630,亞航,2026-06-29,A,9.03154642347726,87.03703703703704,0.0,True,0.6666666666666666,45.416666666666664,70.0,False,73.0,87.03703703703704,0.0,True,0.4,15.833333333333332,50.0,False,0.5670103092783504,77.5,50.0,True,False,PHASE3F_V2_DATASET_A_LOCKED,phase3f_v2_bundle_A,market_down_day top120 percentile >=70; other predicates diagnostic only
4560,強信-KY,2026-06-29,A,8.938430552263403,85.18518518518519,0.0,True,1.0,83.75,70.0,True,63.0,85.18518518518519,0.0,True,0.6,47.5,50.0,False,0.0769230769230777,12.5,50.0,False,True,PHASE3F_V2_DATASET_A_LOCKED,phase3f_v2_bundle_A,market_down_day top120 percentile >=70; other predicates diagnostic only
6491,晶碩,2026-06-29,A,10.115218328474812,83.33333333333334,0.0,True,1.0,83.75,70.0,True,61.0,83.33333333333334,0.0,True,0.9,93.75,50.0,True,0.3506493506493506,45.83333333333333,50.0,False,True,PHASE3F_V2_DATASET_A_LOCKED,phase3f_v2_bundle_A,market_down_day top120 percentile >=70; other predicates diagnostic only
7803,雲象科技-創,2026-06-29,A,20.094453523848333,,0.0,True,1.0,83.75,70.0,True,,,0.0,False,0.9,93.75,50.0,True,0.1315789473684209,20.0,50.0,False,True,PHASE3F_V2_DATASET_A_LOCKED,phase3f_v2_bundle_A,market_down_day top120 percentile >=70; other predicates diagnostic only
9905,大華,2026-06-29,A,5.547273198570028,,0.0,True,1.0,83.75,70.0,True,,,0.0,False,0.8,85.0,50.0,True,0.5714285714285728,78.33333333333333,50.0,True,True,PHASE3F_V2_DATASET_A_LOCKED,phase3f_v2_bundle_A,market_down_day top120 percentile >=70; other predicates diagnostic only
0061,元大寶滬深,2026-06-30,A,3.636519153079888,,0.0,True,0.6666666666666666,42.916666666666664,70.0,False,,,0.0,False,0.9,88.33333333333333,50.0,True,0.1699604743083002,15.833333333333332,50.0,False,False,PHASE3F_V2_DATASET_A_LOCKED,phase3f_v2_bundle_A,market_down_day top120 percentile >=70; other predicates diagnostic only
006205,富邦上証,2026-06-30,A,6.063179641892224,,0.0,True,1.0,82.08333333333333,70.0,True,,,0.0,False,0.9,88.33333333333333,50.0,True,0.2566371681415931,35.0,50.0,False,True,PHASE3F_V2_DATASET_A_LOCKED,phase3f_v2_bundle_A,market_down_day top120 percentile >=70; other predicates diagnostic only
006206,元大上證50,2026-06-30,A,5.677635128443271,,0.0,True,1.0,82.08333333333333,70.0,True,,,0.0,False,1.0,97.5,50.0,True,0.1946666666666662,24.166666666666668,50.0,False,True,PHASE3F_V2_DATASET_A_LOCKED,phase3f_v2_bundle_A,market_down_day top120 percentile >=70; other predicates diagnostic only
006207,復華滬深,2026-06-30,A,4.285384318638765,,0.0,True,0.6666666666666666,42.916666666666664,70.0,False,,,0.0,False,0.9,88.33333333333333,50.0,True,0.2039800995024874,25.833333333333336,50.0,False,False,PHASE3F_V2_DATASET_A_LOCKED,phase3f_v2_bundle_A,market_down_day top120 percentile >=70; other predicates diagnostic only
00648R,元大S&P500反1,2026-06-30,A,5.414747341687288,,0.0,True,1.0,82.08333333333333,70.0,True,,,0.0,False,0.6,47.083333333333336,50.0,False,0.2799999999999988,40.833333333333336,50.0,False,True,PHASE3F_V2_DATASET_A_LOCKED,phase3f_v2_bundle_A,market_down_day top120 percentile >=70; other predicates diagnostic only
00651R,復華香港反1,2026-06-30,A,3.0070809846059254,,0.0,True,1.0,82.08333333333333,70.0,True,,,0.0,False,0.6,47.083333333333336,50.0,False,0.6986301369863007,83.33333333333334,50.0,True,True,PHASE3F_V2_DATASET_A_LOCKED,phase3f_v2_bundle_A,market_down_day top120 percentile >=70; other predicates diagnostic only
00652,富邦印度,2026-06-30,A,4.885249126131424,,0.0,True,1.0,82.08333333333333,70.0,True,,,0.0,False,0.8,76.25,50.0,True,0.1894736842105299,20.833333333333336,50.0,False,True,PHASE3F_V2_DATASET_A_LOCKED,phase3f_v2_bundle_A,market_down_day top120 percentile >=70; other predicates diagnostic only
00666R,富邦恒生國企反1,2026-06-30,A,1.8530619509968744,,0.0,True,1.0,82.08333333333333,70.0,True,,,0.0,False,0.8,76.25,50.0,True,0.6687116564417181,80.0,50.0,True,True,PHASE3F_V2_DATASET_A_LOCKED,phase3f_v2_bundle_A,market_down_day top120 percentile >=70; other predicates diagnostic only
00678,群益那斯達克生技,2026-06-30,A,4.544965014090631,,0.0,True,1.0,82.08333333333333,70.0,True,,,0.0,False,0.5,29.166666666666668,50.0,False,0.868131868131869,93.33333333333331,50.0,True,True,PHASE3F_V2_DATASET_A_LOCKED,phase3f_v2_bundle_A,market_down_day top120 percentile >=70; other predicates diagnostic only
00680L,元大美債20正2,2026-06-30,A,3.3456336352309486,,0.0,True,1.0,82.08333333333333,70.0,True,,,0.0,False,1.0,97.5,50.0,True,0.2533333333333327,34.166666666666664,50.0,False,True,PHASE3F_V2_DATASET_A_LOCKED,phase3f_v2_bundle_A,market_down_day top120 percentile >=70; other predicates diagnostic only
00688L,國泰20年美債正2,2026-06-30,A,2.889428181404521,,0.0,True,1.0,82.08333333333333,70.0,True,,,0.0,False,1.0,97.5,50.0,True,0.2222222222222222,27.916666666666668,50.0,False,True,PHASE3F_V2_DATASET_A_LOCKED,phase3f_v2_bundle_A,market_down_day top120 percentile >=70; other predicates diagnostic only
00714,群益道瓊美國地產,2026-06-30,A,10.027689530960954,,0.0,True,1.0,82.08333333333333,70.0,True,,,0.0,False,0.8,76.25,50.0,True,0.072072072072072,3.3333333333333335,50.0,False,True,PHASE3F_V2_DATASET_A_LOCKED,phase3f_v2_bundle_A,market_down_day top120 percentile >=70; other predicates diagnostic only
00739,元大MSCI A股,2026-06-30,A,4.644801079323787,,0.0,True,1.0,82.08333333333333,70.0,True,,,0.0,False,0.9,88.33333333333333,50.0,True,0.2439024390243906,31.666666666666664,50.0,False,True,PHASE3F_V2_DATASET_A_LOCKED,phase3f_v2_bundle_A,market_down_day top120 percentile >=70; other predicates diagnostic only
00783,富邦中証500,2026-06-30,A,7.742264349832773,,0.0,True,1.0,82.08333333333333,70.0,True,,,0.0,False,0.9,88.33333333333333,50.0,True,0.6043360433604336,74.16666666666667,50.0,True,True,PHASE3F_V2_DATASET_A_LOCKED,phase3f_v2_bundle_A,market_down_day top120 percentile >=70; other predicates diagnostic only
00865B,國泰US短期公債,2026-06-30,A,5.968641848591318,,0.0,True,1.0,82.08333333333333,70.0,True,,,0.0,False,0.4,14.583333333333334,50.0,False,0.8484848484848563,92.5,50.0,True,True,PHASE3F_V2_DATASET_A_LOCKED,phase3f_v2_bundle_A,market_down_day top120 percentile >=70; other predicates diagnostic only
00875,國泰網路資安,2026-06-30,A,10.341724687938708,,0.0,True,0.6666666666666666,42.916666666666664,70.0,False,,,0.0,False,0.7,62.916666666666664,50.0,True,0.3534822601839688,50.0,50.0,True,False,PHASE3F_V2_DATASET_A_LOCKED,phase3f_v2_bundle_A,market_down_day top120 percentile >=70; other predicates diagnostic only
00897,富邦基因免疫生技,2026-06-30,A,4.568443630888439,,0.0,True,1.0,82.08333333333333,70.0,True,,,0.0,False,0.9,88.33333333333333,50.0,True,0.8717948717948742,94.16666666666669,50.0,True,True,PHASE3F_V2_DATASET_A_LOCKED,phase3f_v2_bundle_A,market_down_day top120 percentile >=70; other predicates diagnostic only
009805,台新美國電力基建,2026-06-30,A,8.15364226760498,,0.0,True,1.0,82.08333333333333,70.0,True,,,0.0,False,0.9,88.33333333333333,50.0,True,0.376237623762377,55.00000000000001,50.0,True,True,PHASE3F_V2_DATASET_A_LOCKED,phase3f_v2_bundle_A,market_down_day top120 percentile >=70; other predicates diagnostic only
00983D,主動富邦複合收益,2026-06-30,A,5.584413245818347,,0.0,True,1.0,82.08333333333333,70.0,True,,,0.0,False,0.7,62.916666666666664,50.0,True,0.2500000000000018,32.5,50.0,False,True,PHASE3F_V2_DATASET_A_LOCKED,phase3f_v2_bundle_A,market_down_day top120 percentile >=70; other predicates diagnostic only
3413,京鼎,2026-06-30,A,15.386787702745474,,0.0,True,0.6666666666666666,42.916666666666664,70.0,False,,,0.0,False,0.4,14.583333333333334,50.0,False,0.1156462585034013,7.5,50.0,False,False,PHASE3F_V2_DATASET_A_LOCKED,phase3f_v2_bundle_A,market_down_day top120 percentile >=70; other predicates diagnostic only
4155,訊映,2026-06-30,A,7.337448670826331,,0.0,True,0.6666666666666666,42.916666666666664,70.0,False,,,0.0,False,0.6,47.083333333333336,50.0,False,0.0270270270270273,1.6666666666666667,50.0,False,False,PHASE3F_V2_DATASET_A_LOCKED,phase3f_v2_bundle_A,market_down_day top120 percentile >=70; other predicates diagnostic only
4934,太極,2026-06-30,A,13.55914360533207,98.38709677419357,0.0,True,0.6666666666666666,42.916666666666664,70.0,False,224.0,98.38709677419357,0.0,True,0.5,29.166666666666668,50.0,False,0.079646017699115,4.166666666666666,50.0,False,False,PHASE3F_V2_DATASET_A_LOCKED,phase3f_v2_bundle_A,market_down_day top120 percentile >=70; other predicates diagnostic only
00643,群益深証中小,2026-07-01,A,6.89694600709025,,0.0,True,1.0,86.66666666666667,70.0,True,,,0.0,False,0.8,78.33333333333333,50.0,True,0.3181818181818181,54.166666666666664,50.0,True,True,PHASE3F_V2_DATASET_A_LOCKED,phase3f_v2_bundle_A,market_down_day top120 percentile >=70; other predicates diagnostic only
00728,第一金工業30,2026-07-01,A,5.2138934981944205,,0.0,True,0.6666666666666666,54.166666666666664,70.0,False,,,0.0,False,0.8,78.33333333333333,50.0,True,0.2086956521739127,36.666666666666664,50.0,False,False,PHASE3F_V2_DATASET_A_LOCKED,phase3f_v2_bundle_A,market_down_day top120 percentile >=70; other predicates diagnostic only
00938,凱基優選30,2026-07-01,A,-1.095928640825709,,0.0,False,0.6666666666666666,54.166666666666664,70.0,False,,,0.0,False,0.5,27.500000000000004,50.0,False,0.0722433460076048,6.666666666666667,50.0,False,False,PHASE3F_V2_DATASET_A_LOCKED,phase3f_v2_bundle_A,market_down_day top120 percentile >=70; other predicates diagnostic only
2345,智邦,2026-07-01,A,17.19447342094576,,0.0,True,0.3333333333333333,22.5,70.0,False,,,0.0,False,0.4,12.083333333333334,50.0,False,0.1686746987951807,27.500000000000004,50.0,False,False,PHASE3F_V2_DATASET_A_LOCKED,phase3f_v2_bundle_A,market_down_day top120 percentile >=70; other predicates diagnostic only
2429,銘旺科,2026-07-01,A,24.057950917369094,,0.0,True,0.3333333333333333,22.5,70.0,False,,,0.0,False,0.6,47.5,50.0,False,0.4692874692874689,70.0,50.0,True,False,PHASE3F_V2_DATASET_A_LOCKED,phase3f_v2_bundle_A,market_down_day top120 percentile >=70; other predicates diagnostic only
2433,互盛電,2026-07-01,A,-0.1281743170712133,63.41463414634146,0.0,False,1.0,86.66666666666667,70.0,True,47.0,63.41463414634146,0.0,True,0.6,47.5,50.0,False,0.2941176470588239,50.0,50.0,True,True,PHASE3F_V2_DATASET_A_LOCKED,phase3f_v2_bundle_A,market_down_day top120 percentile >=70; other predicates diagnostic only
2528,皇普,2026-07-01,A,17.556701408926987,92.6829268292683,0.0,True,0.6666666666666666,54.166666666666664,70.0,False,175.0,92.6829268292683,0.0,True,0.8,78.33333333333333,50.0,True,0.0129870129870131,0.8333333333333334,50.0,False,False,PHASE3F_V2_DATASET_A_LOCKED,phase3f_v2_bundle_A,market_down_day top120 percentile >=70; other predicates diagnostic only
3605,宏致,2026-07-01,A,21.641771203630867,,0.0,True,0.0,5.0,70.0,False,,,0.0,False,0.6,47.5,50.0,False,0.469964664310954,70.83333333333334,50.0,True,False,PHASE3F_V2_DATASET_A_LOCKED,phase3f_v2_bundle_A,market_down_day top120 percentile >=70; other predicates diagnostic only
8466,美吉吉-KY,2026-07-01,A,12.843306376064072,100.0,0.0,True,1.0,86.66666666666667,70.0,True,260.0,100.0,0.0,True,0.6,47.5,50.0,False,0.5769230769230766,79.16666666666666,50.0,True,True,PHASE3F_V2_DATASET_A_LOCKED,phase3f_v2_bundle_A,market_down_day top120 percentile >=70; other predicates diagnostic only
9935,慶豐富,2026-07-01,A,4.61189473649456,87.8048780487805,0.0,True,1.0,86.66666666666667,70.0,True,126.0,87.8048780487805,0.0,True,0.6,47.5,50.0,False,0.2500000000000011,43.333333333333336,50.0,False,True,PHASE3F_V2_DATASET_A_LOCKED,phase3f_v2_bundle_A,market_down_day top120 percentile >=70; other predicates diagnostic only
00981A,主動統一台股增長,2026-07-02,B,12.271853986551394,,0.0,True,0.5,18.75,70.0,False,,,0.0,False,0.7,73.33333333333333,50.0,True,0.2,18.75,50.0,False,False,PHASE3F_V2_DATASET_A_LOCKED,phase3f_v2_bundle_A,market_down_day top120 percentile >=70; other predicates diagnostic only
1417,嘉裕,2026-07-02,B,4.634966378482228,,0.0,True,1.0,87.08333333333333,70.0,True,,,0.0,False,0.7,73.33333333333333,50.0,True,0.577235772357724,75.83333333333333,50.0,True,True,PHASE3F_V2_DATASET_A_LOCKED,phase3f_v2_bundle_A,market_down_day top120 percentile >=70; other predicates diagnostic only
1445,大宇,2026-07-02,B,6.09990393852065,,0.0,True,1.0,87.08333333333333,70.0,True,,,0.0,False,0.3,6.666666666666667,50.0,False,0.3714285714285709,45.0,50.0,False,True,PHASE3F_V2_DATASET_A_LOCKED,phase3f_v2_bundle_A,market_down_day top120 percentile >=70; other predicates diagnostic only
1466,聚隆,2026-07-02,B,5.4995196926032675,82.92682926829268,0.0,True,0.5,18.75,70.0,False,100.0,82.92682926829268,0.0,True,0.5,30.833333333333336,50.0,False,0.7333333333333336,85.83333333333333,50.0,True,False,PHASE3F_V2_DATASET_A_LOCKED,phase3f_v2_bundle_A,market_down_day top120 percentile >=70; other predicates diagnostic only
1467,南緯,2026-07-02,B,5.595581171950049,,0.0,True,1.0,87.08333333333333,70.0,True,,,0.0,False,0.5,30.833333333333336,50.0,False,0.7183098591549297,81.66666666666667,50.0,True,True,PHASE3F_V2_DATASET_A_LOCKED,phase3f_v2_bundle_A,market_down_day top120 percentile >=70; other predicates diagnostic only
1474,弘裕,2026-07-02,B,-1.2968299711815563,,0.0,False,1.0,87.08333333333333,70.0,True,,,0.0,False,0.6,51.24999999999999,50.0,True,0.3333333333333333,39.58333333333333,50.0,False,True,PHASE3F_V2_DATASET_A_LOCKED,phase3f_v2_bundle_A,market_down_day top120 percentile >=70; other predicates diagnostic only
1712,興農,2026-07-02,B,4.514889529298752,80.48780487804879,0.0,True,1.0,87.08333333333333,70.0,True,90.0,80.48780487804879,0.0,True,0.4,16.666666666666664,50.0,False,0.2307692307692312,22.5,50.0,False,True,PHASE3F_V2_DATASET_A_LOCKED,phase3f_v2_bundle_A,market_down_day top120 percentile >=70; other predicates diagnostic only
2109,華豐,2026-07-02,B,0.0240153698366943,75.60975609756098,0.0,True,1.0,87.08333333333333,70.0,True,78.0,75.60975609756098,0.0,True,0.6,51.24999999999999,50.0,True,0.1666666666666661,15.0,50.0,False,True,PHASE3F_V2_DATASET_A_LOCKED,phase3f_v2_bundle_A,market_down_day top120 percentile >=70; other predicates diagnostic only
2351,順德,2026-07-02,B,15.273775216138327,,0.0,True,0.5,18.75,70.0,False,,,0.0,False,0.4,16.666666666666664,50.0,False,0.2704918032786885,26.666666666666668,50.0,False,False,PHASE3F_V2_DATASET_A_LOCKED,phase3f_v2_bundle_A,market_down_day top120 percentile >=70; other predicates diagnostic only
2467,志聖,2026-07-02,B,21.469740634005763,100.0,0.0,True,0.5,18.75,70.0,False,258.0,100.0,0.0,True,0.6,51.24999999999999,50.0,True,0.3187772925764192,35.833333333333336,50.0,False,False,PHASE3F_V2_DATASET_A_LOCKED,phase3f_v2_bundle_A,market_down_day top120 percentile >=70; other predicates diagnostic only
2476,鉅祥,2026-07-02,B,4.755043227665705,,0.0,True,1.0,87.08333333333333,70.0,True,,,0.0,False,0.5,30.833333333333336,50.0,False,0.4509803921568627,55.833333333333336,50.0,True,True,PHASE3F_V2_DATASET_A_LOCKED,phase3f_v2_bundle_A,market_down_day top120 percentile >=70; other predicates diagnostic only
3443,創意,2026-07-02,B,21.781940441882806,,0.0,True,0.75,52.083333333333336,70.0,False,,,0.0,False,0.6,51.24999999999999,50.0,True,0.136,10.833333333333334,50.0,False,False,PHASE3F_V2_DATASET_A_LOCKED,phase3f_v2_bundle_A,market_down_day top120 percentile >=70; other predicates diagnostic only
3661,世芯-KY,2026-07-02,B,22.21421709894333,,0.0,True,0.75,52.083333333333336,70.0,False,,,0.0,False,0.4,16.666666666666664,50.0,False,0.3392330383480826,41.66666666666667,50.0,False,False,PHASE3F_V2_DATASET_A_LOCKED,phase3f_v2_bundle_A,market_down_day top120 percentile >=70; other predicates diagnostic only
4572,駐龍,2026-07-02,B,11.64745437079731,90.2439024390244,0.0,True,1.0,87.08333333333333,70.0,True,150.0,90.2439024390244,0.0,True,0.8,87.5,50.0,True,0.4666666666666667,59.166666666666664,50.0,True,True,PHASE3F_V2_DATASET_A_LOCKED,phase3f_v2_bundle_A,market_down_day top120 percentile >=70; other predicates diagnostic only
4771,望隼,2026-07-02,B,11.023054755043228,87.8048780487805,0.0,True,1.0,87.08333333333333,70.0,True,137.0,87.8048780487805,0.0,True,0.9,96.25,50.0,True,0.5769230769230769,75.0,50.0,True,True,PHASE3F_V2_DATASET_A_LOCKED,phase3f_v2_bundle_A,market_down_day top120 percentile >=70; other predicates diagnostic only
6515,穎崴,2026-07-02,B,23.414985590778095,,0.0,True,0.75,52.083333333333336,70.0,False,,,0.0,False,0.5,30.833333333333336,50.0,False,0.0491228070175438,7.5,50.0,False,False,PHASE3F_V2_DATASET_A_LOCKED,phase3f_v2_bundle_A,market_down_day top120 percentile >=70; other predicates diagnostic only
6525,捷敏-KY,2026-07-02,B,1.8011527377521617,,0.0,True,0.5,18.75,70.0,False,,,0.0,False,0.7,73.33333333333333,50.0,True,0.3989071038251366,46.666666666666664,50.0,False,False,PHASE3F_V2_DATASET_A_LOCKED,phase3f_v2_bundle_A,market_down_day top120 percentile >=70; other predicates diagnostic only
6753,龍德造船,2026-07-02,B,12.896253602305476,73.17073170731707,0.0,True,0.5,18.75,70.0,False,68.0,73.17073170731707,0.0,True,0.6,51.24999999999999,50.0,True,0.5675675675675675,72.5,50.0,True,False,PHASE3F_V2_DATASET_A_LOCKED,phase3f_v2_bundle_A,market_down_day top120 percentile >=70; other predicates diagnostic only
1217,愛之味,2026-07-03,B,3.5167941008256847,,0.0,True,1.0,84.58333333333333,70.0,True,,,0.0,False,0.6,43.75,50.0,False,0.4426229508196718,48.333333333333336,50.0,False,True,PHASE3F_V2_DATASET_A_LOCKED,phase3f_v2_bundle_A,market_down_day top120 percentile >=70; other predicates diagnostic only
1304,台聚,2026-07-03,B,4.5519537128039405,81.9672131147541,0.0,True,0.75,47.5,70.0,False,121.0,81.9672131147541,0.0,True,0.8,85.0,50.0,True,0.4193548387096774,43.333333333333336,50.0,False,False,PHASE3F_V2_DATASET_A_LOCKED,phase3f_v2_bundle_A,market_down_day top120 percentile >=70; other predicates diagnostic only
1321,大洋,2026-07-03,B,0.5872660236655491,88.52459016393442,0.0,True,0.75,47.5,70.0,False,171.0,88.52459016393442,0.0,True,0.5,22.916666666666664,50.0,False,0.0632911392405064,5.833333333333333,50.0,False,False,PHASE3F_V2_DATASET_A_LOCKED,phase3f_v2_bundle_A,market_down_day top120 percentile >=70; other predicates diagnostic only
1452,宏益,2026-07-03,B,3.9000682980460137,,0.0,True,1.0,84.58333333333333,70.0,True,,,0.0,False,0.4,12.916666666666668,50.0,False,0.4705882352941177,55.00000000000001,50.0,True,True,PHASE3F_V2_DATASET_A_LOCKED,phase3f_v2_bundle_A,market_down_day top120 percentile >=70; other predicates diagnostic only
1464,得力,2026-07-03,B,6.021611056509691,,0.0,True,1.0,84.58333333333333,70.0,True,,,0.0,False,0.6,43.75,50.0,False,0.5384615384615377,61.66666666666667,50.0,True,True,PHASE3F_V2_DATASET_A_LOCKED,phase3f_v2_bundle_A,market_down_day top120 percentile >=70; other predicates diagnostic only
1702,南僑,2026-07-03,B,2.6171894521164063,,0.0,True,1.0,84.58333333333333,70.0,True,,,0.0,False,0.9,96.25,50.0,True,0.3191489361702115,32.5,50.0,False,True,PHASE3F_V2_DATASET_A_LOCKED,phase3f_v2_bundle_A,market_down_day top120 percentile >=70; other predicates diagnostic only
1717,長興,2026-07-03,B,21.428303709749965,96.72131147540983,0.0,True,0.5,17.083333333333332,70.0,False,280.0,96.72131147540983,0.0,True,0.6,43.75,50.0,False,0.2857142857142855,29.166666666666668,50.0,False,False,PHASE3F_V2_DATASET_A_LOCKED,phase3f_v2_bundle_A,market_down_day top120 percentile >=70; other predicates diagnostic only
2231,為升,2026-07-03,B,23.286579711593458,,0.0,True,0.75,47.5,70.0,False,,,0.0,False,0.2,3.75,50.0,False,0.6772486772486774,76.66666666666667,50.0,True,False,PHASE3F_V2_DATASET_A_LOCKED,phase3f_v2_bundle_A,market_down_day top120 percentile >=70; other predicates diagnostic only
2617,台航,2026-07-03,B,5.759316020056306,79.50819672131148,0.0,True,1.0,84.58333333333333,70.0,True,119.0,79.50819672131148,0.0,True,0.8,85.0,50.0,True,0.2363636363636358,24.166666666666668,50.0,False,True,PHASE3F_V2_DATASET_A_LOCKED,phase3f_v2_bundle_A,market_down_day top120 percentile >=70; other predicates diagnostic only
3518,柏騰,2026-07-03,B,21.891328369231456,,0.0,True,0.75,47.5,70.0,False,,,0.0,False,0.4,12.916666666666668,50.0,False,0.6666666666666666,73.33333333333333,50.0,True,False,PHASE3F_V2_DATASET_A_LOCKED,phase3f_v2_bundle_A,market_down_day top120 percentile >=70; other predicates diagnostic only
4989,榮科,2026-07-03,B,29.41181778303432,100.0,0.0,True,0.75,47.5,70.0,False,445.0,100.0,0.0,True,0.6,43.75,50.0,False,0.4612546125461255,53.333333333333336,50.0,True,False,PHASE3F_V2_DATASET_A_LOCKED,phase3f_v2_bundle_A,market_down_day top120 percentile >=70; other predicates diagnostic only
6477,安集,2026-07-03,B,15.353525678399494,91.8032786885246,0.0,True,0.25,4.166666666666666,70.0,False,197.0,91.8032786885246,0.0,True,0.5,22.916666666666664,50.0,False,0.3959183673469391,42.5,50.0,False,False,PHASE3F_V2_DATASET_A_LOCKED,phase3f_v2_bundle_A,market_down_day top120 percentile >=70; other predicates diagnostic only
7818,溢泰實業,2026-07-03,B,14.940336381758314,,0.0,True,1.0,84.58333333333333,70.0,True,,,0.0,False,0.6,43.75,50.0,False,0.7499999999999996,85.83333333333333,50.0,True,True,PHASE3F_V2_DATASET_A_LOCKED,phase3f_v2_bundle_A,market_down_day top120 percentile >=70; other predicates diagnostic only
9911,櫻花,2026-07-03,B,1.3331306602699726,,0.0,True,1.0,84.58333333333333,70.0,True,,,0.0,False,0.7,67.5,50.0,True,0.473684210526316,55.833333333333336,50.0,True,True,PHASE3F_V2_DATASET_A_LOCKED,phase3f_v2_bundle_A,market_down_day top120 percentile >=70; other predicates diagnostic only
1256,鮮活果汁-KY,2026-07-06,B,22.332741291714218,,0.0,True,1.0,89.58333333333334,70.0,True,,,0.0,False,0.2,4.166666666666666,50.0,False,0.6,78.33333333333333,50.0,True,True,PHASE3F_V2_DATASET_A_LOCKED,phase3f_v2_bundle_A,market_down_day top120 percentile >=70; other predicates diagnostic only
1339,昭輝,2026-07-06,B,9.42731138209136,,0.0,True,1.0,89.58333333333334,70.0,True,,,0.0,False,0.5,30.833333333333336,50.0,False,0.4065934065934078,59.166666666666664,50.0,True,True,PHASE3F_V2_DATASET_A_LOCKED,phase3f_v2_bundle_A,market_down_day top120 percentile >=70; other predicates diagnostic only
1604,聲寶,2026-07-06,B,-0.2705110620726192,,0.0,False,1.0,89.58333333333334,70.0,True,,,0.0,False,0.9,94.58333333333331,50.0,True,0.3939393939393964,56.666666666666664,50.0,True,True,PHASE3F_V2_DATASET_A_LOCKED,phase3f_v2_bundle_A,market_down_day top120 percentile >=70; other predicates diagnostic only
1721,三晃,2026-07-06,B,19.106314305459765,,0.0,True,0.6,26.666666666666668,70.0,False,,,0.0,False,0.4,17.916666666666668,50.0,False,0.2416666666666667,34.166666666666664,50.0,False,False,PHASE3F_V2_DATASET_A_LOCKED,phase3f_v2_bundle_A,market_down_day top120 percentile >=70; other predicates diagnostic only
1727,中華化,2026-07-06,B,17.658792530509604,,0.0,True,0.6,26.666666666666668,70.0,False,,,0.0,False,0.3,8.75,50.0,False,0.0181818181818181,0.8333333333333334,50.0,False,False,PHASE3F_V2_DATASET_A_LOCKED,phase3f_v2_bundle_A,market_down_day top120 percentile >=70; other predicates diagnostic only
1760,寶齡富錦,2026-07-06,B,7.563170945023191,83.87096774193549,0.0,True,1.0,89.58333333333334,70.0,True,205.0,83.87096774193549,0.0,True,0.8,83.33333333333334,50.0,True,0.6129032258064521,80.0,50.0,True,True,PHASE3F_V2_DATASET_A_LOCKED,phase3f_v2_bundle_A,market_down_day top120 percentile >=70; other predicates diagnostic only
1773,勝一,2026-07-06,B,16.38888324129493,,0.0,True,0.6,26.666666666666668,70.0,False,,,0.0,False,0.7,66.66666666666666,50.0,True,0.1830985915492957,27.500000000000004,50.0,False,False,PHASE3F_V2_DATASET_A_LOCKED,phase3f_v2_bundle_A,market_down_day top120 percentile >=70; other predicates diagnostic only
1783,和康生,2026-07-06,B,-0.6098185071827847,56.451612903225815,0.0,False,1.0,89.58333333333334,70.0,True,78.0,56.451612903225815,0.0,True,0.7,66.66666666666666,50.0,True,0.5616438356164397,73.33333333333333,50.0,True,True,PHASE3F_V2_DATASET_A_LOCKED,phase3f_v2_bundle_A,market_down_day top120 percentile >=70; other predicates diagnostic only
2012,春雨,2026-07-06,B,-1.4107689711804123,,0.0,False,0.6,26.666666666666668,70.0,False,,,0.0,False,0.6,47.083333333333336,50.0,False,0.3999999999999997,57.49999999999999,50.0,True,False,PHASE3F_V2_DATASET_A_LOCKED,phase3f_v2_bundle_A,market_down_day top120 percentile >=70; other predicates diagnostic only
2033,佳大,2026-07-06,B,-1.5171696413847304,,0.0,False,0.8,60.83333333333333,70.0,False,,,0.0,False,0.4,17.916666666666668,50.0,False,0.2941176470588242,44.166666666666664,50.0,False,False,PHASE3F_V2_DATASET_A_LOCKED,phase3f_v2_bundle_A,market_down_day top120 percentile >=70; other predicates diagnostic only
2104,國際中橡,2026-07-06,B,15.066877069951795,,0.0,True,0.8,60.83333333333333,70.0,False,,,0.0,False,0.6,47.083333333333336,50.0,False,0.4132231404958675,60.0,50.0,True,False,PHASE3F_V2_DATASET_A_LOCKED,phase3f_v2_bundle_A,market_down_day top120 percentile >=70; other predicates diagnostic only
2885,元大金,2026-07-06,B,-5.155558196891808,,0.0,False,0.8,60.83333333333333,70.0,False,,,0.0,False,0.2,4.166666666666666,50.0,False,0.0540540540540527,7.5,50.0,False,False,PHASE3F_V2_DATASET_A_LOCKED,phase3f_v2_bundle_A,market_down_day top120 percentile >=70; other predicates diagnostic only
3031,佰鴻,2026-07-06,B,-0.4172963733931946,,0.0,False,0.4,5.833333333333333,70.0,False,,,0.0,False,0.5,30.833333333333336,50.0,False,0.2789699570815452,40.833333333333336,50.0,False,False,PHASE3F_V2_DATASET_A_LOCKED,phase3f_v2_bundle_A,market_down_day top120 percentile >=70; other predicates diagnostic only
6235,華孚,2026-07-06,B,22.942316517926415,,0.0,True,0.8,60.83333333333333,70.0,False,,,0.0,False,0.2,4.166666666666666,50.0,False,0.4612244897959188,66.66666666666666,50.0,True,False,PHASE3F_V2_DATASET_A_LOCKED,phase3f_v2_bundle_A,market_down_day top120 percentile >=70; other predicates diagnostic only
6782,視陽,2026-07-06,B,4.4647618809303,90.32258064516128,0.0,True,0.8,60.83333333333333,70.0,False,263.0,90.32258064516128,0.0,True,0.6,47.083333333333336,50.0,False,0.3548387096774194,52.5,50.0,True,False,PHASE3F_V2_DATASET_A_LOCKED,phase3f_v2_bundle_A,market_down_day top120 percentile >=70; other predicates diagnostic only
6918,愛派司,2026-07-06,B,6.306259810522353,95.16129032258064,0.0,True,1.0,89.58333333333334,70.0,True,327.0,95.16129032258064,0.0,True,0.4,17.916666666666668,50.0,False,0.2631578947368426,37.5,50.0,False,True,PHASE3F_V2_DATASET_A_LOCKED,phase3f_v2_bundle_A,market_down_day top120 percentile >=70; other predicates diagnostic only
9912,偉聯,2026-07-06,B,1.0558046578922171,,0.0,True,1.0,89.58333333333334,70.0,True,,,0.0,False,0.6,47.083333333333336,50.0,False,0.2307692307692291,32.5,50.0,False,True,PHASE3F_V2_DATASET_A_LOCKED,phase3f_v2_bundle_A,market_down_day top120 percentile >=70; other predicates diagnostic only
1419,新紡,2026-07-07,B,5.3670450171142035,,0.0,True,0.8,62.5,70.0,False,,,0.0,False,0.8,81.25,50.0,True,0.0617283950617284,11.666666666666666,50.0,False,False,PHASE3F_V2_DATASET_A_LOCKED,phase3f_v2_bundle_A,market_down_day top120 percentile >=70; other predicates diagnostic only
2034,允強,2026-07-07,B,5.230443512729013,,0.0,True,1.0,88.33333333333333,70.0,True,,,0.0,False,0.4,15.416666666666668,50.0,False,0.0588235294117634,10.833333333333334,50.0,False,True,PHASE3F_V2_DATASET_A_LOCKED,phase3f_v2_bundle_A,market_down_day top120 percentile >=70; other predicates diagnostic only
2208,台船,2026-07-07,B,2.367377937764644,,0.0,True,0.6,34.166666666666664,70.0,False,,,0.0,False,0.6,47.083333333333336,50.0,False,0.2932330827067667,53.333333333333336,50.0,True,False,PHASE3F_V2_DATASET_A_LOCKED,phase3f_v2_bundle_A,market_down_day top120 percentile >=70; other predicates diagnostic only
2390,云辰,2026-07-07,B,17.9742472005188,,0.0,True,0.4,12.083333333333334,70.0,False,,,0.0,False,0.6,47.083333333333336,50.0,False,0.2647058823529411,49.166666666666664,50.0,False,False,PHASE3F_V2_DATASET_A_LOCKED,phase3f_v2_bundle_A,market_down_day top120 percentile >=70; other predicates diagnostic only
2480,敦陽科,2026-07-07,B,-3.44565937362367,,0.0,False,1.0,88.33333333333333,70.0,True,,,0.0,False,0.9,92.5,50.0,True,0.5,78.33333333333333,50.0,True,True,PHASE3F_V2_DATASET_A_LOCKED,phase3f_v2_bundle_A,market_down_day top120 percentile >=70; other predicates diagnostic only
2901,欣欣,2026-07-07,B,-0.1877186959220675,,0.0,False,0.8,62.5,70.0,False,,,0.0,False,0.5,30.833333333333336,50.0,False,0.1052631578947359,22.5,50.0,False,False,PHASE3F_V2_DATASET_A_LOCKED,phase3f_v2_bundle_A,market_down_day top120 percentile >=70; other predicates diagnostic only
3545,敦泰,2026-07-07,B,14.998318057130572,,0.0,True,0.6,34.166666666666664,70.0,False,,,0.0,False,0.6,47.083333333333336,50.0,False,0.2,42.916666666666664,50.0,False,False,PHASE3F_V2_DATASET_A_LOCKED,phase3f_v2_bundle_A,market_down_day top120 percentile >=70; other predicates diagnostic only
4133,亞諾法,2026-07-07,B,5.326036822411109,80.0,0.0,True,1.0,88.33333333333333,70.0,True,77.0,80.0,0.0,True,0.6,47.083333333333336,50.0,False,0.3488372093023258,59.166666666666664,50.0,True,True,PHASE3F_V2_DATASET_A_LOCKED,phase3f_v2_bundle_A,market_down_day top120 percentile >=70; other predicates diagnostic only
4438,廣越,2026-07-07,B,5.760602308943429,85.0,0.0,True,1.0,88.33333333333333,70.0,True,103.0,85.0,0.0,True,0.9,92.5,50.0,True,0.4754098360655734,73.33333333333333,50.0,True,True,PHASE3F_V2_DATASET_A_LOCKED,phase3f_v2_bundle_A,market_down_day top120 percentile >=70; other predicates diagnostic only
4576,大銀微系統,2026-07-07,B,2.622131593822933,91.66666666666666,0.0,True,0.4,12.083333333333334,70.0,False,113.0,91.66666666666666,0.0,True,0.5,30.833333333333336,50.0,False,0.0334928229665071,7.5,50.0,False,False,PHASE3F_V2_DATASET_A_LOCKED,phase3f_v2_bundle_A,market_down_day top120 percentile >=70; other predicates diagnostic only
4961,天鈺,2026-07-07,B,15.310673921562506,,0.0,True,0.8,62.5,70.0,False,,,0.0,False,0.7,65.83333333333333,50.0,True,0.0140845070422535,2.083333333333333,50.0,False,False,PHASE3F_V2_DATASET_A_LOCKED,phase3f_v2_bundle_A,market_down_day top120 percentile >=70; other predicates diagnostic only
6201,亞弘電,2026-07-07,B,4.534153844019738,75.83333333333333,0.0,True,1.0,88.33333333333333,70.0,True,73.0,75.83333333333333,0.0,True,0.7,65.83333333333333,50.0,True,0.1343283582089533,29.166666666666668,50.0,False,True,PHASE3F_V2_DATASET_A_LOCKED,phase3f_v2_bundle_A,market_down_day top120 percentile >=70; other predicates diagnostic only
6416,瑞祺電通,2026-07-07,B,22.899270695700125,,0.0,True,1.0,88.33333333333333,70.0,True,,,0.0,False,0.6,47.083333333333336,50.0,False,0.5308641975308642,80.83333333333333,50.0,True,True,PHASE3F_V2_DATASET_A_LOCKED,phase3f_v2_bundle_A,market_down_day top120 percentile >=70; other predicates diagnostic only
6873,泓德能源-創,2026-07-07,B,15.939165686978294,,0.0,True,0.8,62.5,70.0,False,,,0.0,False,0.8,81.25,50.0,True,0.4731182795698928,72.5,50.0,True,False,PHASE3F_V2_DATASET_A_LOCKED,phase3f_v2_bundle_A,market_down_day top120 percentile >=70; other predicates diagnostic only
1203,味王,2026-07-08,B,5.028797771031729,94.11764705882352,0.0,True,0.5,34.166666666666664,70.0,False,106.0,94.11764705882352,0.0,True,0.6,55.00000000000001,50.0,True,0.0136986301369874,3.3333333333333335,50.0,False,False,PHASE3F_V2_DATASET_A_LOCKED,phase3f_v2_bundle_A,market_down_day top120 percentile >=70; other predicates diagnostic only
1416,廣豐,2026-07-08,B,8.787409378855298,,0.0,True,1.0,88.75,70.0,True,,,0.0,False,0.4,14.166666666666666,50.0,False,0.285714285714285,49.166666666666664,50.0,False,True,PHASE3F_V2_DATASET_A_LOCKED,phase3f_v2_bundle_A,market_down_day top120 percentile >=70; other predicates diagnostic only
2388,威盛,2026-07-08,B,18.22306316796274,100.0,0.0,True,0.5,34.166666666666664,70.0,False,196.0,100.0,0.0,True,0.2,3.75,50.0,False,0.2139303482587065,35.833333333333336,50.0,False,False,PHASE3F_V2_DATASET_A_LOCKED,phase3f_v2_bundle_A,market_down_day top120 percentile >=70; other predicates diagnostic only
2427,三商電,2026-07-08,B,-1.278849752567884,,0.0,False,0.5,34.166666666666664,70.0,False,,,0.0,False,0.4,14.166666666666666,50.0,False,0.3818181818181822,64.16666666666667,50.0,True,False,PHASE3F_V2_DATASET_A_LOCKED,phase3f_v2_bundle_A,market_down_day top120 percentile >=70; other predicates diagnostic only
3416,融程電,2026-07-08,B,2.388378314689286,,0.0,True,0.5,34.166666666666664,70.0,False,,,0.0,False,0.9,93.33333333333331,50.0,True,0.3720930232558139,59.166666666666664,50.0,True,False,PHASE3F_V2_DATASET_A_LOCKED,phase3f_v2_bundle_A,market_down_day top120 percentile >=70; other predicates diagnostic only
4178,永笙-KY,2026-07-08,B,12.273949626426026,,0.0,True,0.75,64.16666666666667,70.0,False,,,0.0,False,0.5,31.666666666666664,50.0,False,0.4382022471910111,73.33333333333333,50.0,True,False,PHASE3F_V2_DATASET_A_LOCKED,phase3f_v2_bundle_A,market_down_day top120 percentile >=70; other predicates diagnostic only
4195,基米-創,2026-07-08,B,14.976920197945688,,0.0,True,1.0,88.75,70.0,True,,,0.0,False,0.2,3.75,50.0,False,0.4095238095238102,68.33333333333333,50.0,True,True,PHASE3F_V2_DATASET_A_LOCKED,phase3f_v2_bundle_A,market_down_day top120 percentile >=70; other predicates diagnostic only
5269,祥碩,2026-07-08,B,14.47945689691022,89.70588235294117,0.0,True,0.5,34.166666666666664,70.0,False,81.0,89.70588235294117,0.0,True,0.8,85.83333333333333,50.0,True,0.3225806451612903,55.00000000000001,50.0,True,False,PHASE3F_V2_DATASET_A_LOCKED,phase3f_v2_bundle_A,market_down_day top120 percentile >=70; other predicates diagnostic only
6794,向榮生技-創,2026-07-08,B,4.9194979276694255,,0.0,True,0.5,34.166666666666664,70.0,False,,,0.0,False,0.6,55.00000000000001,50.0,True,0.1999999999999996,32.5,50.0,False,False,PHASE3F_V2_DATASET_A_LOCKED,phase3f_v2_bundle_A,market_down_day top120 percentile >=70; other predicates diagnostic only
6934,心誠鎂,2026-07-08,B,17.038057415339406,,0.0,True,0.75,64.16666666666667,70.0,False,,,0.0,False,0.5,31.666666666666664,50.0,False,0.4520547945205477,76.66666666666667,50.0,True,False,PHASE3F_V2_DATASET_A_LOCKED,phase3f_v2_bundle_A,market_down_day top120 percentile >=70; other predicates diagnostic only
8443,阿瘦,2026-07-08,B,-1.2125559667872636,,0.0,False,1.0,88.75,70.0,True,,,0.0,False,0.4,14.166666666666666,50.0,False,0.1428571428571443,23.333333333333332,50.0,False,True,PHASE3F_V2_DATASET_A_LOCKED,phase3f_v2_bundle_A,market_down_day top120 percentile >=70; other predicates diagnostic only
020037,元大金融高股息N,2026-07-09,B,27.26181905447564,,0.0,True,0.4,18.75,70.0,False,,,0.0,False,0.5,34.166666666666664,50.0,False,0.1384615384615385,24.166666666666668,50.0,False,False,PHASE3F_V2_DATASET_A_LOCKED,phase3f_v2_bundle_A,market_down_day top120 percentile >=70; other predicates diagnostic only
1536,和大,2026-07-09,B,4.500202348628259,,0.0,True,0.8,75.83333333333333,70.0,True,,,0.0,False,0.6,54.58333333333333,50.0,True,0.461794019933555,80.0,50.0,True,True,PHASE3F_V2_DATASET_A_LOCKED,phase3f_v2_bundle_A,market_down_day top120 percentile >=70; other predicates diagnostic only
1623,大東電,2026-07-09,B,3.593569760273541,,0.0,True,0.6,48.333333333333336,70.0,False,,,0.0,False,0.3,7.916666666666666,50.0,False,0.217391304347826,45.83333333333333,50.0,False,False,PHASE3F_V2_DATASET_A_LOCKED,phase3f_v2_bundle_A,market_down_day top120 percentile >=70; other predicates diagnostic only
2431,聯昌,2026-07-09,B,-1.3122814630489283,,0.0,False,0.6,48.333333333333336,70.0,False,,,0.0,False,0.6,54.58333333333333,50.0,True,0.0188679245283014,6.666666666666667,50.0,False,False,PHASE3F_V2_DATASET_A_LOCKED,phase3f_v2_bundle_A,market_down_day top120 percentile >=70; other predicates diagnostic only
2465,麗臺,2026-07-09,B,26.488551427781953,,0.0,True,0.6,48.333333333333336,70.0,False,,,0.0,False,0.6,54.58333333333333,50.0,True,0.3876221498371339,67.5,50.0,True,False,PHASE3F_V2_DATASET_A_LOCKED,phase3f_v2_bundle_A,market_down_day top120 percentile >=70; other predicates diagnostic only
2486,一詮,2026-07-09,B,19.454933872053033,97.14285714285714,0.0,True,0.6,48.333333333333336,70.0,False,164.0,97.14285714285714,0.0,True,0.4,17.5,50.0,False,0.0878661087866108,15.833333333333332,50.0,False,False,PHASE3F_V2_DATASET_A_LOCKED,phase3f_v2_bundle_A,market_down_day top120 percentile >=70; other predicates diagnostic only
3005,神基,2026-07-09,B,9.525767138340544,,0.0,True,0.6,48.333333333333336,70.0,False,,,0.0,False,0.7,73.75,50.0,True,0.4285714285714284,75.83333333333333,50.0,True,False,PHASE3F_V2_DATASET_A_LOCKED,phase3f_v2_bundle_A,market_down_day top120 percentile >=70; other predicates diagnostic only
3015,全漢,2026-07-09,B,-0.3513893365819882,,0.0,False,0.6,48.333333333333336,70.0,False,,,0.0,False,0.7,73.75,50.0,True,0.1027397260273973,20.833333333333336,50.0,False,False,PHASE3F_V2_DATASET_A_LOCKED,phase3f_v2_bundle_A,market_down_day top120 percentile >=70; other predicates diagnostic only
3617,碩天,2026-07-09,B,10.988092834332445,,0.0,True,0.8,75.83333333333333,70.0,True,,,0.0,False,0.8,87.08333333333333,50.0,True,0.282051282051282,55.00000000000001,50.0,True,True,PHASE3F_V2_DATASET_A_LOCKED,phase3f_v2_bundle_A,market_down_day top120 percentile >=70; other predicates diagnostic only
5258,虹堡,2026-07-09,B,6.641429752670978,,0.0,True,0.4,18.75,70.0,False,,,0.0,False,0.7,73.75,50.0,True,0.3909090909090906,69.16666666666667,50.0,True,False,PHASE3F_V2_DATASET_A_LOCKED,phase3f_v2_bundle_A,market_down_day top120 percentile >=70; other predicates diagnostic only
6176,瑞儀,2026-07-09,B,14.345107618499387,88.57142857142857,0.0,True,1.0,94.16666666666669,70.0,True,110.0,88.57142857142857,0.0,True,0.7,73.75,50.0,True,0.0095238095238103,4.166666666666666,50.0,False,True,PHASE3F_V2_DATASET_A_LOCKED,phase3f_v2_bundle_A,market_down_day top120 percentile >=70; other predicates diagnostic only
6928,攸泰科技,2026-07-09,B,0.1709971349372097,,0.0,True,0.4,18.75,70.0,False,,,0.0,False,0.5,34.166666666666664,50.0,False,0.2620320855614973,52.5,50.0,True,False,PHASE3F_V2_DATASET_A_LOCKED,phase3f_v2_bundle_A,market_down_day top120 percentile >=70; other predicates diagnostic only
7823,奧義賽博-KY創,2026-07-09,B,22.02823053175213,,0.0,True,0.8,75.83333333333333,70.0,True,,,0.0,False,0.7,73.75,50.0,True,0.5354838709677413,85.83333333333333,50.0,True,True,PHASE3F_V2_DATASET_A_LOCKED,phase3f_v2_bundle_A,market_down_day top120 percentile >=70; other predicates diagnostic only
1232,大統益,2026-07-13,C,5.810297651869038,93.33333333333331,0.0,True,1.0,92.5,70.0,True,94.0,93.33333333333331,0.0,True,0.3,7.916666666666666,50.0,False,0.5555555555555556,78.33333333333333,50.0,True,True,PHASE3F_V2_DATASET_A_LOCKED,phase3f_v2_bundle_A,market_down_day top120 percentile >=70; other predicates diagnostic only
1308,亞聚,2026-07-13,C,-0.423277395728211,,0.0,False,0.25,12.083333333333334,70.0,False,,,0.0,False,0.6,56.666666666666664,50.0,True,0.2957746478873244,38.333333333333336,50.0,False,False,PHASE3F_V2_DATASET_A_LOCKED,phase3f_v2_bundle_A,market_down_day top120 percentile >=70; other predicates diagnostic only
2101,南港,2026-07-13,C,-1.761427674722654,,0.0,False,1.0,92.5,70.0,True,,,0.0,False,0.8,85.83333333333333,50.0,True,0.6071428571428575,89.16666666666667,50.0,True,True,PHASE3F_V2_DATASET_A_LOCKED,phase3f_v2_bundle_A,market_down_day top120 percentile >=70; other predicates diagnostic only
2321,東訊,2026-07-13,C,,,0.0,False,0.5,36.666666666666664,70.0,False,,,0.0,False,0.1,1.6666666666666667,50.0,False,0.333333333333333,45.83333333333333,50.0,False,False,PHASE3F_V2_DATASET_A_LOCKED,phase3f_v2_bundle_A,market_down_day top120 percentile >=70; other predicates diagnostic only
2374,佳能,2026-07-13,C,5.48030739673391,,0.0,True,0.75,68.33333333333333,70.0,False,,,0.0,False,0.6,56.666666666666664,50.0,True,0.0560000000000001,2.5,50.0,False,False,PHASE3F_V2_DATASET_A_LOCKED,phase3f_v2_bundle_A,market_down_day top120 percentile >=70; other predicates diagnostic only
2482,連宇,2026-07-13,C,5.592477380469347,,0.0,True,1.0,92.5,70.0,True,,,0.0,False,0.8,85.83333333333333,50.0,True,0.5185185185185175,74.16666666666667,50.0,True,True,PHASE3F_V2_DATASET_A_LOCKED,phase3f_v2_bundle_A,market_down_day top120 percentile >=70; other predicates diagnostic only
3596,智易,2026-07-13,C,3.067638378815147,,0.0,True,0.75,68.33333333333333,70.0,False,,,0.0,False,0.9,94.16666666666669,50.0,True,0.5081967213114754,72.5,50.0,True,False,PHASE3F_V2_DATASET_A_LOCKED,phase3f_v2_bundle_A,market_down_day top120 percentile >=70; other predicates diagnostic only
3694,海華,2026-07-13,C,18.22603578203408,,0.0,True,0.25,12.083333333333334,70.0,False,,,0.0,False,0.5,39.58333333333333,50.0,False,0.4423791821561334,60.0,50.0,True,False,PHASE3F_V2_DATASET_A_LOCKED,phase3f_v2_bundle_A,market_down_day top120 percentile >=70; other predicates diagnostic only
4564,元翎,2026-07-13,C,3.419389853549594,,0.0,True,0.75,68.33333333333333,70.0,False,,,0.0,False,0.5,39.58333333333333,50.0,False,0.6363636363636367,90.0,50.0,True,False,PHASE3F_V2_DATASET_A_LOCKED,phase3f_v2_bundle_A,market_down_day top120 percentile >=70; other predicates diagnostic only
4764,雙鍵,2026-07-13,C,3.1824093051321825,,0.0,True,0.75,68.33333333333333,70.0,False,,,0.0,False,0.5,39.58333333333333,50.0,False,0.2195121951219512,29.166666666666668,50.0,False,False,PHASE3F_V2_DATASET_A_LOCKED,phase3f_v2_bundle_A,market_down_day top120 percentile >=70; other predicates diagnostic only
6142,友勁,2026-07-13,C,3.78118096664898,,0.0,True,0.5,36.666666666666664,70.0,False,,,0.0,False,0.6,56.666666666666664,50.0,True,0.3449781659388646,47.5,50.0,False,False,PHASE3F_V2_DATASET_A_LOCKED,phase3f_v2_bundle_A,market_down_day top120 percentile >=70; other predicates diagnostic only
6225,天瀚,2026-07-13,C,14.652167278755156,97.77777777777776,0.0,True,0.5,36.666666666666664,70.0,False,125.0,97.77777777777776,0.0,True,0.4,22.5,50.0,False,0.2967032967032969,39.166666666666664,50.0,False,False,PHASE3F_V2_DATASET_A_LOCKED,phase3f_v2_bundle_A,market_down_day top120 percentile >=70; other predicates diagnostic only
6533,晶心科,2026-07-13,C,21.264821037810773,,0.0,True,0.75,68.33333333333333,70.0,False,,,0.0,False,0.4,22.5,50.0,False,0.3978494623655914,54.166666666666664,50.0,True,False,PHASE3F_V2_DATASET_A_LOCKED,phase3f_v2_bundle_A,market_down_day top120 percentile >=70; other predicates diagnostic only
6863,永道-KY,2026-07-13,C,23.50189175223768,,0.0,True,1.0,92.5,70.0,True,,,0.0,False,0.8,85.83333333333333,50.0,True,0.7375000000000005,93.33333333333331,50.0,True,True,PHASE3F_V2_DATASET_A_LOCKED,phase3f_v2_bundle_A,market_down_day top120 percentile >=70; other predicates diagnostic only
6933,AMAX-KY,2026-07-13,C,26.431870910017793,,0.0,True,0.5,36.666666666666664,70.0,False,,,0.0,False,0.7,73.33333333333333,50.0,True,0.5772357723577236,85.0,50.0,True,False,PHASE3F_V2_DATASET_A_LOCKED,phase3f_v2_bundle_A,market_down_day top120 percentile >=70; other predicates diagnostic only
8442,威宏-KY,2026-07-13,C,8.096682237642923,,0.0,True,0.25,12.083333333333334,70.0,False,,,0.0,False,0.5,39.58333333333333,50.0,False,0.309734513274336,40.833333333333336,50.0,False,False,PHASE3F_V2_DATASET_A_LOCKED,phase3f_v2_bundle_A,market_down_day top120 percentile >=70; other predicates diagnostic only
9925,新保,2026-07-13,C,2.6541925460453535,,0.0,True,1.0,92.5,70.0,True,,,0.0,False,0.8,85.83333333333333,50.0,True,0.8095238095238063,97.5,50.0,True,True,PHASE3F_V2_DATASET_A_LOCKED,phase3f_v2_bundle_A,market_down_day top120 percentile >=70; other predicates diagnostic only
9938,百和,2026-07-13,C,5.325828747004581,,0.0,True,0.5,36.666666666666664,70.0,False,,,0.0,False,0.6,56.666666666666664,50.0,True,0.4500000000000004,61.66666666666667,50.0,True,False,PHASE3F_V2_DATASET_A_LOCKED,phase3f_v2_bundle_A,market_down_day top120 percentile >=70; other predicates diagnostic only
1410,南染,2026-07-14,C,2.2600836298470264,,0.0,True,0.8,70.41666666666667,70.0,True,,,0.0,False,0.2,2.9166666666666665,50.0,False,0.0852713178294573,13.333333333333334,50.0,False,True,PHASE3F_V2_DATASET_A_LOCKED,phase3f_v2_bundle_A,market_down_day top120 percentile >=70; other predicates diagnostic only
1468,昶和,2026-07-14,C,7.9515016145928,,0.0,True,1.0,91.25,70.0,True,,,0.0,False,0.9,95.0,50.0,True,0.7894736842105269,95.83333333333334,50.0,True,True,PHASE3F_V2_DATASET_A_LOCKED,phase3f_v2_bundle_A,market_down_day top120 percentile >=70; other predicates diagnostic only
1476,儒鴻,2026-07-14,C,9.469305422088322,,0.0,True,1.0,91.25,70.0,True,,,0.0,False,0.8,84.58333333333333,50.0,True,0.3103448275862069,47.5,50.0,False,True,PHASE3F_V2_DATASET_A_LOCKED,phase3f_v2_bundle_A,market_down_day top120 percentile >=70; other predicates diagnostic only
1733,五鼎,2026-07-14,C,3.050065362872156,,0.0,True,1.0,91.25,70.0,True,,,0.0,False,0.7,67.5,50.0,True,0.4468085106382986,65.0,50.0,True,True,PHASE3F_V2_DATASET_A_LOCKED,phase3f_v2_bundle_A,market_down_day top120 percentile >=70; other predicates diagnostic only
1734,杏輝,2026-07-14,C,-0.1179128899046825,,0.0,False,1.0,91.25,70.0,True,,,0.0,False,0.8,84.58333333333333,50.0,True,0.0222222222222209,5.833333333333333,50.0,False,True,PHASE3F_V2_DATASET_A_LOCKED,phase3f_v2_bundle_A,market_down_day top120 percentile >=70; other predicates diagnostic only
2006,東和鋼鐵,2026-07-14,C,2.3438866235531415,,0.0,True,0.8,70.41666666666667,70.0,True,,,0.0,False,0.5,27.916666666666668,50.0,False,0.027777777777778,7.5,50.0,False,True,PHASE3F_V2_DATASET_A_LOCKED,phase3f_v2_bundle_A,market_down_day top120 percentile >=70; other predicates diagnostic only
2023,燁輝,2026-07-14,C,1.836393700923736,,0.0,True,0.8,70.41666666666667,70.0,True,,,0.0,False,0.7,67.5,50.0,True,0.3103448275862066,46.666666666666664,50.0,False,True,PHASE3F_V2_DATASET_A_LOCKED,phase3f_v2_bundle_A,market_down_day top120 percentile >=70; other predicates diagnostic only
2207,和泰車,2026-07-14,C,11.89708161268819,,0.0,True,0.8,70.41666666666667,70.0,True,,,0.0,False,0.7,67.5,50.0,True,0.029126213592233,8.333333333333332,50.0,False,True,PHASE3F_V2_DATASET_A_LOCKED,phase3f_v2_bundle_A,market_down_day top120 percentile >=70; other predicates diagnostic only
2704,國賓,2026-07-14,C,2.307092953795807,,0.0,True,1.0,91.25,70.0,True,,,0.0,False,0.6,47.5,50.0,False,0.3424657534246557,52.5,50.0,True,True,PHASE3F_V2_DATASET_A_LOCKED,phase3f_v2_bundle_A,market_down_day top120 percentile >=70; other predicates diagnostic only
3702,大聯大,2026-07-14,C,22.43747240474768,,0.0,True,0.8,70.41666666666667,70.0,True,,,0.0,False,0.2,2.9166666666666665,50.0,False,0.5357142857142857,78.33333333333333,50.0,True,True,PHASE3F_V2_DATASET_A_LOCKED,phase3f_v2_bundle_A,market_down_day top120 percentile >=70; other predicates diagnostic only
4104,佳醫,2026-07-14,C,12.318866928118156,,0.0,True,1.0,91.25,70.0,True,,,0.0,False,0.9,95.0,50.0,True,0.5384615384615362,79.16666666666666,50.0,True,True,PHASE3F_V2_DATASET_A_LOCKED,phase3f_v2_bundle_A,market_down_day top120 percentile >=70; other predicates diagnostic only
4106,雃博,2026-07-14,C,16.747179873429776,,0.0,True,1.0,91.25,70.0,True,,,0.0,False,0.7,67.5,50.0,True,0.5555555555555565,80.0,50.0,True,True,PHASE3F_V2_DATASET_A_LOCKED,phase3f_v2_bundle_A,market_down_day top120 percentile >=70; other predicates diagnostic only
4736,泰博,2026-07-14,C,5.746045762667845,,0.0,True,1.0,91.25,70.0,True,,,0.0,False,0.8,84.58333333333333,50.0,True,0.4666666666666667,70.0,50.0,True,True,PHASE3F_V2_DATASET_A_LOCKED,phase3f_v2_bundle_A,market_down_day top120 percentile >=70; other predicates diagnostic only
5306,桂盟,2026-07-14,C,0.9186297171648974,,0.0,True,0.8,70.41666666666667,70.0,True,,,0.0,False,0.8,84.58333333333333,50.0,True,0.5294117647058806,77.5,50.0,True,True,PHASE3F_V2_DATASET_A_LOCKED,phase3f_v2_bundle_A,market_down_day top120 percentile >=70; other predicates diagnostic only
5525,順天,2026-07-14,C,-1.951709390610257,,0.0,False,0.8,70.41666666666667,70.0,True,,,0.0,False,0.7,67.5,50.0,True,0.4193548387096766,62.5,50.0,True,True,PHASE3F_V2_DATASET_A_LOCKED,phase3f_v2_bundle_A,market_down_day top120 percentile >=70; other predicates diagnostic only
5538,東明-KY,2026-07-14,C,4.026352924880314,,0.0,True,0.8,70.41666666666667,70.0,True,,,0.0,False,0.7,67.5,50.0,True,0.2839506172839522,41.66666666666667,50.0,False,True,PHASE3F_V2_DATASET_A_LOCKED,phase3f_v2_bundle_A,market_down_day top120 percentile >=70; other predicates diagnostic only
6534,正瀚-創,2026-07-14,C,3.4322866616454113,,0.0,True,1.0,91.25,70.0,True,,,0.0,False,0.6,47.5,50.0,False,0.5925925925925909,85.0,50.0,True,True,PHASE3F_V2_DATASET_A_LOCKED,phase3f_v2_bundle_A,market_down_day top120 percentile >=70; other predicates diagnostic only
8411,福貞-KY,2026-07-14,C,6.571609138681834,,0.0,True,1.0,91.25,70.0,True,,,0.0,False,0.4,11.666666666666666,50.0,False,0.7777777777777817,93.33333333333331,50.0,True,True,PHASE3F_V2_DATASET_A_LOCKED,phase3f_v2_bundle_A,market_down_day top120 percentile >=70; other predicates diagnostic only
8462,柏文,2026-07-14,C,1.910760200503854,,0.0,True,1.0,91.25,70.0,True,,,0.0,False,1.0,100.0,50.0,True,1.0,100.0,50.0,True,True,PHASE3F_V2_DATASET_A_LOCKED,phase3f_v2_bundle_A,market_down_day top120 percentile >=70; other predicates diagnostic only
8481,政伸,2026-07-14,C,-1.1180081205793515,,0.0,False,1.0,91.25,70.0,True,,,0.0,False,0.7,67.5,50.0,True,0.8000000000000085,96.66666666666669,50.0,True,True,PHASE3F_V2_DATASET_A_LOCKED,phase3f_v2_bundle_A,market_down_day top120 percentile >=70; other predicates diagnostic only
910322,康師傅-DR,2026-07-14,C,22.14182444657992,,0.0,True,0.8,70.41666666666667,70.0,True,,,0.0,False,0.6,47.5,50.0,False,0.4095238095238092,60.0,50.0,True,True,PHASE3F_V2_DATASET_A_LOCKED,phase3f_v2_bundle_A,market_down_day top120 percentile >=70; other predicates diagnostic only
2015,豐興,2026-07-15,C,5.790294899151751,,0.0,True,0.8,69.16666666666667,70.0,False,,,0.0,False,0.7,68.33333333333333,50.0,True,0.5593220338983054,80.0,50.0,True,False,PHASE3F_V2_DATASET_A_LOCKED,phase3f_v2_bundle_A,market_down_day top120 percentile >=70; other predicates diagnostic only
6464,台數科,2026-07-15,C,8.221378390811765,,0.0,True,1.0,92.08333333333331,70.0,True,,,0.0,False,0.5,28.749999999999996,50.0,False,0.1555555555555557,18.333333333333332,50.0,False,True,PHASE3F_V2_DATASET_A_LOCKED,phase3f_v2_bundle_A,market_down_day top120 percentile >=70; other predicates diagnostic only
6598,ABC-KY,2026-07-15,C,24.125503894706473,,0.0,True,0.8,69.16666666666667,70.0,False,,,0.0,False,0.4,15.416666666666668,50.0,False,0.4647887323943657,67.5,50.0,True,False,PHASE3F_V2_DATASET_A_LOCKED,phase3f_v2_bundle_A,market_down_day top120 percentile >=70; other predicates diagnostic only
6669,緯穎,2026-07-15,C,13.492205822090186,95.23809523809524,0.0,True,0.8,69.16666666666667,70.0,False,87.0,95.23809523809524,0.0,True,0.8,82.08333333333333,50.0,True,0.368,50.83333333333333,50.0,True,False,PHASE3F_V2_DATASET_A_LOCKED,phase3f_v2_bundle_A,market_down_day top120 percentile >=70; other predicates diagnostic only
6887,寶綠特-KY,2026-07-15,C,24.95155766600044,,0.0,True,0.6,39.166666666666664,70.0,False,,,0.0,False,0.6,47.5,50.0,False,0.3773584905660374,52.5,50.0,True,False,PHASE3F_V2_DATASET_A_LOCKED,phase3f_v2_bundle_A,market_down_day top120 percentile >=70; other predicates diagnostic only
8478,東哥遊艇,2026-07-15,C,22.442519399892053,,0.0,True,0.6,39.166666666666664,70.0,False,,,0.0,False,0.7,68.33333333333333,50.0,True,0.1836734693877551,24.166666666666668,50.0,False,False,PHASE3F_V2_DATASET_A_LOCKED,phase3f_v2_bundle_A,market_down_day top120 percentile >=70; other predicates diagnostic only
8499,鼎炫-KY,2026-07-15,C,-0.9769037971547098,,0.0,False,0.4,15.0,70.0,False,,,0.0,False,0.3,5.0,50.0,False,0.0869565217391304,9.166666666666666,50.0,False,False,PHASE3F_V2_DATASET_A_LOCKED,phase3f_v2_bundle_A,market_down_day top120 percentile >=70; other predicates diagnostic only
9927,泰銘,2026-07-15,C,7.112337872176002,,0.0,True,1.0,92.08333333333331,70.0,True,,,0.0,False,0.6,47.5,50.0,False,0.2631578947368433,35.833333333333336,50.0,False,True,PHASE3F_V2_DATASET_A_LOCKED,phase3f_v2_bundle_A,market_down_day top120 percentile >=70; other predicates diagnostic only
00715L,期街口布蘭特正2,2026-07-16,C,25.9145149378014,,0.0,True,0.6666666666666666,47.91666666666667,70.0,False,,,0.0,False,0.6,52.916666666666664,50.0,True,0.606455617628801,86.66666666666667,50.0,True,False,PHASE3F_V2_DATASET_A_LOCKED,phase3f_v2_bundle_A,market_down_day top120 percentile >=70; other predicates diagnostic only
00916,國泰全球品牌50,2026-07-16,C,18.518643029888015,,0.0,True,1.0,94.16666666666669,70.0,True,,,0.0,False,1.0,99.58333333333331,50.0,True,0.804123711340205,95.0,50.0,True,True,PHASE3F_V2_DATASET_A_LOCKED,phase3f_v2_bundle_A,market_down_day top120 percentile >=70; other predicates diagnostic only
1101,台泥,2026-07-16,C,8.737646652364331,,0.0,True,0.8333333333333334,74.58333333333333,70.0,True,,,0.0,False,0.3,6.666666666666667,50.0,False,0.2923076923076917,45.0,50.0,False,True,PHASE3F_V2_DATASET_A_LOCKED,phase3f_v2_bundle_A,market_down_day top120 percentile >=70; other predicates diagnostic only
1103,嘉泥,2026-07-16,C,1.9494515255018072,93.75,0.0,True,1.0,94.16666666666669,70.0,True,111.0,93.75,0.0,True,0.6,52.916666666666664,50.0,True,0.2307692307692312,32.5,50.0,False,True,PHASE3F_V2_DATASET_A_LOCKED,phase3f_v2_bundle_A,market_down_day top120 percentile >=70; other predicates diagnostic only
1110,東泥,2026-07-16,C,4.116748143075746,,0.0,True,0.6666666666666666,47.91666666666667,70.0,False,,,0.0,False,0.7,69.58333333333333,50.0,True,0.3529411764705907,54.166666666666664,50.0,True,False,PHASE3F_V2_DATASET_A_LOCKED,phase3f_v2_bundle_A,market_down_day top120 percentile >=70; other predicates diagnostic only
1436,華友聯,2026-07-16,C,8.549454421827816,,0.0,True,1.0,94.16666666666669,70.0,True,,,0.0,False,0.5,32.5,50.0,False,0.3134328358208952,46.666666666666664,50.0,False,True,PHASE3F_V2_DATASET_A_LOCKED,phase3f_v2_bundle_A,market_down_day top120 percentile >=70; other predicates diagnostic only
1439,雋揚,2026-07-16,C,15.054481961060963,,0.0,True,0.5,24.583333333333332,70.0,False,,,0.0,False,0.8,83.33333333333334,50.0,True,0.3884297520661153,61.66666666666667,50.0,True,False,PHASE3F_V2_DATASET_A_LOCKED,phase3f_v2_bundle_A,market_down_day top120 percentile >=70; other predicates diagnostic only
1442,名軒,2026-07-16,C,2.05665006796022,,0.0,True,1.0,94.16666666666669,70.0,True,,,0.0,False,0.6,52.916666666666664,50.0,True,0.714285714285713,92.5,50.0,True,True,PHASE3F_V2_DATASET_A_LOCKED,phase3f_v2_bundle_A,market_down_day top120 percentile >=70; other predicates diagnostic only
1732,毛寶,2026-07-16,C,8.663583458668391,98.4375,0.0,True,0.8333333333333334,74.58333333333333,70.0,True,201.0,98.4375,0.0,True,0.7,69.58333333333333,50.0,True,0.068965517241379,8.333333333333332,50.0,False,True,PHASE3F_V2_DATASET_A_LOCKED,phase3f_v2_bundle_A,market_down_day top120 percentile >=70; other predicates diagnostic only
2459,敦吉,2026-07-16,C,19.792233432842817,,0.0,True,1.0,94.16666666666669,70.0,True,,,0.0,False,0.3,6.666666666666667,50.0,False,0.4687499999999996,74.16666666666667,50.0,True,True,PHASE3F_V2_DATASET_A_LOCKED,phase3f_v2_bundle_A,market_down_day top120 percentile >=70; other predicates diagnostic only
2524,京城,2026-07-16,C,12.94793922956349,,0.0,True,0.8333333333333334,74.58333333333333,70.0,True,,,0.0,False,0.6,52.916666666666664,50.0,True,0.44,66.66666666666666,50.0,True,True,PHASE3F_V2_DATASET_A_LOCKED,phase3f_v2_bundle_A,market_down_day top120 percentile >=70; other predicates diagnostic only
3266,昇陽,2026-07-16,C,6.077043651080984,,0.0,True,0.8333333333333334,74.58333333333333,70.0,True,,,0.0,False,0.8,83.33333333333334,50.0,True,0.2857142857142866,44.166666666666664,50.0,False,True,PHASE3F_V2_DATASET_A_LOCKED,phase3f_v2_bundle_A,market_down_day top120 percentile >=70; other predicates diagnostic only
6789,采鈺,2026-07-16,C,-1.33106868223373,,0.0,False,0.1666666666666666,1.6666666666666667,70.0,False,,,0.0,False,0.7,69.58333333333333,50.0,True,0.0532544378698224,5.833333333333333,50.0,False,False,PHASE3F_V2_DATASET_A_LOCKED,phase3f_v2_bundle_A,market_down_day top120 percentile >=70; other predicates diagnostic only
8404,百和興業-KY,2026-07-16,C,11.684692848074596,,0.0,True,0.8333333333333334,74.58333333333333,70.0,True,,,0.0,False,0.8,83.33333333333334,50.0,True,0.2727272727272731,40.0,50.0,False,True,PHASE3F_V2_DATASET_A_LOCKED,phase3f_v2_bundle_A,market_down_day top120 percentile >=70; other predicates diagnostic only
OilGasElectricity,油電燃氣類指數,2026-07-16,C,1.947313761065516,,0.0,True,0.6666666666666666,47.91666666666667,70.0,False,,,0.0,False,0.0,1.25,50.0,False,0.839472237493128,97.5,50.0,True,False,PHASE3F_V2_DATASET_A_LOCKED,phase3f_v2_bundle_A,market_down_day top120 percentile >=70; other predicates diagnostic only
00632R,元大台灣50反1,2026-07-17,C,14.69166904743353,83.82352941176471,0.0,True,0.8333333333333334,58.333333333333336,70.0,False,97.0,83.82352941176471,0.0,True,0.6,39.166666666666664,50.0,False,0.6503496503496519,89.16666666666667,50.0,True,False,PHASE3F_V2_DATASET_A_LOCKED,phase3f_v2_bundle_A,market_down_day top120 percentile >=70; other predicates diagnostic only
00642U,期元大S&P石油,2026-07-17,C,21.430884173527605,,0.0,True,0.6666666666666666,35.833333333333336,70.0,False,,,0.0,False,0.7,57.49999999999999,50.0,True,0.8983050847457623,98.33333333333331,50.0,True,False,PHASE3F_V2_DATASET_A_LOCKED,phase3f_v2_bundle_A,market_down_day top120 percentile >=70; other predicates diagnostic only
00664R,國泰臺灣加權反1,2026-07-17,C,14.162879083015175,,0.0,True,1.0,84.58333333333333,70.0,True,,,0.0,False,0.6,39.166666666666664,50.0,False,0.6999999999999996,90.83333333333331,50.0,True,True,PHASE3F_V2_DATASET_A_LOCKED,phase3f_v2_bundle_A,market_down_day top120 percentile >=70; other predicates diagnostic only
00676R,富邦臺灣加權反1,2026-07-17,C,14.571591824013716,,0.0,True,1.0,84.58333333333333,70.0,True,,,0.0,False,0.6,39.166666666666664,50.0,False,0.6986301369863007,90.0,50.0,True,True,PHASE3F_V2_DATASET_A_LOCKED,phase3f_v2_bundle_A,market_down_day top120 percentile >=70; other predicates diagnostic only
1201,味全,2026-07-17,C,5.104797028802952,,0.0,True,1.0,84.58333333333333,70.0,True,,,0.0,False,0.7,57.49999999999999,50.0,True,0.2727272727272718,50.0,50.0,True,True,PHASE3F_V2_DATASET_A_LOCKED,phase3f_v2_bundle_A,market_down_day top120 percentile >=70; other predicates diagnostic only
1231,聯華食,2026-07-17,C,16.813754772355402,,0.0,True,1.0,84.58333333333333,70.0,True,,,0.0,False,0.5,25.0,50.0,False,0.2231404958677677,45.0,50.0,False,True,PHASE3F_V2_DATASET_A_LOCKED,phase3f_v2_bundle_A,market_down_day top120 percentile >=70; other predicates diagnostic only
1323,永裕,2026-07-17,C,5.3413153953371575,79.41176470588235,0.0,True,1.0,84.58333333333333,70.0,True,80.0,79.41176470588235,0.0,True,0.5,25.0,50.0,False,0.2195121951219508,43.333333333333336,50.0,False,True,PHASE3F_V2_DATASET_A_LOCKED,phase3f_v2_bundle_A,market_down_day top120 percentile >=70; other predicates diagnostic only
2008,高興昌,2026-07-17,C,8.51924958228363,72.05882352941177,0.0,True,0.6666666666666666,35.833333333333336,70.0,False,52.0,72.05882352941177,0.0,True,0.8,73.75,50.0,True,0.0649350649350649,16.666666666666664,50.0,False,False,PHASE3F_V2_DATASET_A_LOCKED,phase3f_v2_bundle_A,market_down_day top120 percentile >=70; other predicates diagnostic only
2024,志聯,2026-07-17,C,5.79071760642028,73.52941176470588,0.0,True,1.0,84.58333333333333,70.0,True,54.0,73.52941176470588,0.0,True,0.6,39.166666666666664,50.0,False,0.1538461538461536,30.0,50.0,False,True,PHASE3F_V2_DATASET_A_LOCKED,phase3f_v2_bundle_A,market_down_day top120 percentile >=70; other predicates diagnostic only
2105,正新,2026-07-17,C,20.77656286523128,97.05882352941175,0.0,True,1.0,84.58333333333333,70.0,True,170.0,97.05882352941175,0.0,True,1.0,97.5,50.0,True,0.6333333333333347,87.5,50.0,True,True,PHASE3F_V2_DATASET_A_LOCKED,phase3f_v2_bundle_A,market_down_day top120 percentile >=70; other predicates diagnostic only
2115,六暉-KY,2026-07-17,C,17.849431646018925,92.64705882352942,0.0,True,0.8333333333333334,58.333333333333336,70.0,False,142.0,92.64705882352942,0.0,True,0.5,25.0,50.0,False,0.5555555555555565,81.66666666666667,50.0,True,False,PHASE3F_V2_DATASET_A_LOCKED,phase3f_v2_bundle_A,market_down_day top120 percentile >=70; other predicates diagnostic only
2608,嘉里大榮,2026-07-17,C,13.408046126275876,94.11764705882352,0.0,True,0.8333333333333334,58.333333333333336,70.0,False,152.0,94.11764705882352,0.0,True,0.9,87.08333333333333,50.0,True,0.3793103448275872,66.66666666666666,50.0,True,False,PHASE3F_V2_DATASET_A_LOCKED,phase3f_v2_bundle_A,market_down_day top120 percentile >=70; other predicates diagnostic only
2929,淘帝-KY,2026-07-17,C,8.954626912188663,,0.0,True,0.6666666666666666,35.833333333333336,70.0,False,,,0.0,False,0.8,73.75,50.0,True,0.3142857142857138,55.833333333333336,50.0,True,False,PHASE3F_V2_DATASET_A_LOCKED,phase3f_v2_bundle_A,market_down_day top120 percentile >=70; other predicates diagnostic only
3024,憶聲,2026-07-17,C,8.212866529880785,,0.0,True,1.0,84.58333333333333,70.0,True,,,0.0,False,0.4,13.333333333333334,50.0,False,0.7454545454545465,93.33333333333331,50.0,True,True,PHASE3F_V2_DATASET_A_LOCKED,phase3f_v2_bundle_A,market_down_day top120 percentile >=70; other predicates diagnostic only
4582,聚恆-創,2026-07-17,C,4.029209845120296,,0.0,True,0.8333333333333334,58.333333333333336,70.0,False,,,0.0,False,0.8,73.75,50.0,True,0.2380952380952383,47.5,50.0,False,False,PHASE3F_V2_DATASET_A_LOCKED,phase3f_v2_bundle_A,market_down_day top120 percentile >=70; other predicates diagnostic only
6937,天虹,2026-07-17,C,17.292938212606813,,0.0,True,0.5,18.333333333333332,70.0,False,,,0.0,False,0.3,5.833333333333333,50.0,False,0.2356020942408377,45.83333333333333,50.0,False,False,PHASE3F_V2_DATASET_A_LOCKED,phase3f_v2_bundle_A,market_down_day top120 percentile >=70; other predicates diagnostic only
00665L,富邦恒生國企正2,2026-07-20,C,20.91899651637977,,0.0,True,0.7142857142857143,43.333333333333336,70.0,False,,,0.0,False,0.9,86.25,50.0,True,0.4704049844236759,77.5,50.0,True,False,PHASE3F_V2_DATASET_A_LOCKED,phase3f_v2_bundle_A,market_down_day top120 percentile >=70; other predicates diagnostic only
00686R,群益臺灣加權反1,2026-07-20,C,13.966362835377502,,0.0,True,0.8571428571428571,65.41666666666667,70.0,False,,,0.0,False,0.2,3.3333333333333335,50.0,False,0.625,89.16666666666667,50.0,True,False,PHASE3F_V2_DATASET_A_LOCKED,phase3f_v2_bundle_A,market_down_day top120 percentile >=70; other predicates diagnostic only
1220,台榮,2026-07-20,C,7.664224407173781,75.35211267605634,0.0,True,0.8571428571428571,65.41666666666667,70.0,False,92.0,75.35211267605634,0.0,True,1.0,96.66666666666669,50.0,True,0.6923076923076927,91.66666666666666,50.0,True,False,PHASE3F_V2_DATASET_A_LOCKED,phase3f_v2_bundle_A,market_down_day top120 percentile >=70; other predicates diagnostic only
1233,天仁,2026-07-20,C,5.452190539558278,,0.0,True,1.0,89.16666666666667,70.0,True,,,0.0,False,0.3,7.5,50.0,False,0.3199999999999998,60.0,50.0,True,True,PHASE3F_V2_DATASET_A_LOCKED,phase3f_v2_bundle_A,market_down_day top120 percentile >=70; other predicates diagnostic only
1235,興泰,2026-07-20,C,13.144935408777403,,0.0,True,1.0,89.16666666666667,70.0,True,,,0.0,False,0.8,73.33333333333333,50.0,True,0.1052631578947367,30.0,50.0,False,True,PHASE3F_V2_DATASET_A_LOCKED,phase3f_v2_bundle_A,market_down_day top120 percentile >=70; other predicates diagnostic only
1614,三洋電,2026-07-20,C,-1.7221957983433522,,0.0,False,0.5714285714285714,25.0,70.0,False,,,0.0,False,0.6,42.5,50.0,False,0.3898305084745763,70.0,50.0,True,False,PHASE3F_V2_DATASET_A_LOCKED,phase3f_v2_bundle_A,market_down_day top120 percentile >=70; other predicates diagnostic only
2762,世界健身-KY,2026-07-20,C,12.997620118188378,,0.0,True,1.0,89.16666666666667,70.0,True,,,0.0,False,0.4,15.416666666666668,50.0,False,0.2032520325203254,46.666666666666664,50.0,False,True,PHASE3F_V2_DATASET_A_LOCKED,phase3f_v2_bundle_A,market_down_day top120 percentile >=70; other predicates diagnostic only
3679,新至陞,2026-07-20,C,7.613317288407544,,0.0,True,0.7142857142857143,43.333333333333336,70.0,False,,,0.0,False,0.7,58.75,50.0,True,0.0434782608695652,12.5,50.0,False,False,PHASE3F_V2_DATASET_A_LOCKED,phase3f_v2_bundle_A,market_down_day top120 percentile >=70; other predicates diagnostic only
4770,上品,2026-07-20,C,1.605774787114503,,0.0,True,0.8571428571428571,65.41666666666667,70.0,False,,,0.0,False,0.4,15.416666666666668,50.0,False,0.0,2.5,50.0,False,False,PHASE3F_V2_DATASET_A_LOCKED,phase3f_v2_bundle_A,market_down_day top120 percentile >=70; other predicates diagnostic only
6281,全國電,2026-07-20,C,2.96297451438542,77.46478873239437,0.0,True,0.8571428571428571,65.41666666666667,70.0,False,99.0,77.46478873239437,0.0,True,0.7,58.75,50.0,True,0.1794871794871806,41.66666666666667,50.0,False,False,PHASE3F_V2_DATASET_A_LOCKED,phase3f_v2_bundle_A,market_down_day top120 percentile >=70; other predicates diagnostic only
6969,成信實業*-創,2026-07-20,C,11.362354549542172,,0.0,True,0.2857142857142857,5.833333333333333,70.0,False,,,0.0,False,0.5,27.500000000000004,50.0,False,0.0468085106382976,13.333333333333334,50.0,False,False,PHASE3F_V2_DATASET_A_LOCKED,phase3f_v2_bundle_A,market_down_day top120 percentile >=70; other predicates diagnostic only
7740,熙特爾-創,2026-07-20,C,11.929922140524786,85.91549295774648,0.0,True,0.5714285714285714,25.0,70.0,False,117.0,85.91549295774648,0.0,True,0.8,73.33333333333333,50.0,True,0.1743119266055046,40.833333333333336,50.0,False,False,PHASE3F_V2_DATASET_A_LOCKED,phase3f_v2_bundle_A,market_down_day top120 percentile >=70; other predicates diagnostic only
8367,建新國際,2026-07-20,C,4.161076500161575,73.23943661971832,0.0,True,0.8571428571428571,65.41666666666667,70.0,False,90.0,73.23943661971832,0.0,True,0.7,58.75,50.0,True,0.1698113207547167,40.0,50.0,False,False,PHASE3F_V2_DATASET_A_LOCKED,phase3f_v2_bundle_A,market_down_day top120 percentile >=70; other predicates diagnostic only
9939,宏全,2026-07-20,C,10.7038541609812,88.73239436619718,0.0,True,0.8571428571428571,65.41666666666667,70.0,False,131.0,88.73239436619718,0.0,True,0.7,58.75,50.0,True,0.6190476190476191,87.5,50.0,True,False,PHASE3F_V2_DATASET_A_LOCKED,phase3f_v2_bundle_A,market_down_day top120 percentile >=70; other predicates diagnostic only
00753L,中信中國50正2,2026-07-21,C,4.02236639232234,,0.0,True,0.6666666666666666,44.166666666666664,70.0,False,,,0.0,False,0.9,89.58333333333334,50.0,True,0.3088235294117644,65.0,50.0,True,False,PHASE3F_V2_DATASET_A_LOCKED,phase3f_v2_bundle_A,market_down_day top120 percentile >=70; other predicates diagnostic only
2029,盛餘,2026-07-21,C,5.822495685368156,77.6595744680851,0.0,True,0.8333333333333334,71.25,70.0,True,68.0,77.6595744680851,0.0,True,0.7,55.833333333333336,50.0,True,0.0810810810810805,25.833333333333336,50.0,False,True,PHASE3F_V2_DATASET_A_LOCKED,phase3f_v2_bundle_A,market_down_day top120 percentile >=70; other predicates diagnostic only
2347,聯強,2026-07-21,C,3.2456983283569585,,0.0,True,0.6666666666666666,44.166666666666664,70.0,False,,,0.0,False,0.7,55.833333333333336,50.0,True,0.4106280193236717,77.5,50.0,True,False,PHASE3F_V2_DATASET_A_LOCKED,phase3f_v2_bundle_A,market_down_day top120 percentile >=70; other predicates diagnostic only
8045,達運光電,2026-07-21,C,14.168282829739324,90.42553191489364,0.0,True,0.5,22.5,70.0,False,131.0,90.42553191489364,0.0,True,0.4,12.5,50.0,False,0.1827956989247312,43.333333333333336,50.0,False,False,PHASE3F_V2_DATASET_A_LOCKED,phase3f_v2_bundle_A,market_down_day top120 percentile >=70; other predicates diagnostic only
9103,美德醫療-DR,2026-07-21,C,12.354026057046182,,0.0,True,0.3333333333333333,9.166666666666666,70.0,False,,,0.0,False,0.6,36.666666666666664,50.0,False,0.1047619047619049,35.0,50.0,False,False,PHASE3F_V2_DATASET_A_LOCKED,phase3f_v2_bundle_A,market_down_day top120 percentile >=70; other predicates diagnostic only
9924,福興,2026-07-21,C,2.017706212280229,71.27659574468085,0.0,True,0.8333333333333334,71.25,70.0,True,59.0,71.27659574468085,0.0,True,0.7,55.833333333333336,50.0,True,0.0434782608695657,15.0,50.0,False,True,PHASE3F_V2_DATASET_A_LOCKED,phase3f_v2_bundle_A,market_down_day top120 percentile >=70; other predicates diagnostic only
00636,國泰中國A50,2026-07-22,C,4.762362523774082,,0.0,True,0.8,59.166666666666664,70.0,False,,,0.0,False,0.7,47.083333333333336,50.0,False,0.213675213675214,33.33333333333333,50.0,False,False,PHASE3F_V2_DATASET_A_LOCKED,phase3f_v2_bundle_A,market_down_day top120 percentile >=70; other predicates diagnostic only
00669R,國泰美國道瓊反1,2026-07-22,C,-4.515112048292399,,0.0,False,1.0,89.16666666666667,70.0,True,,,0.0,False,0.7,47.083333333333336,50.0,False,0.4736842105263162,80.0,50.0,True,True,PHASE3F_V2_DATASET_A_LOCKED,phase3f_v2_bundle_A,market_down_day top120 percentile >=70; other predicates diagnostic only
00693U,期街口S&P黃豆,2026-07-22,C,1.611262713966757,,0.0,True,1.0,89.16666666666667,70.0,True,,,0.0,False,1.0,93.33333333333331,50.0,True,0.3664596273291934,69.16666666666667,50.0,True,True,PHASE3F_V2_DATASET_A_LOCKED,phase3f_v2_bundle_A,market_down_day top120 percentile >=70; other predicates diagnostic only
00700,富邦恒生國企,2026-07-22,C,3.528866561922873,,0.0,True,1.0,89.16666666666667,70.0,True,,,0.0,False,0.9,80.83333333333333,50.0,True,0.3774834437086091,70.83333333333334,50.0,True,True,PHASE3F_V2_DATASET_A_LOCKED,phase3f_v2_bundle_A,market_down_day top120 percentile >=70; other predicates diagnostic only
00702,國泰標普低波高息,2026-07-22,C,0.6093745693100677,,0.0,True,0.8,59.166666666666664,70.0,False,,,0.0,False,0.7,47.083333333333336,50.0,False,0.144508670520232,20.0,50.0,False,False,PHASE3F_V2_DATASET_A_LOCKED,phase3f_v2_bundle_A,market_down_day top120 percentile >=70; other predicates diagnostic only
00709,富邦歐洲,2026-07-22,C,2.716206345268612,,0.0,True,1.0,89.16666666666667,70.0,True,,,0.0,False,0.7,47.083333333333336,50.0,False,0.2332268370607027,38.333333333333336,50.0,False,True,PHASE3F_V2_DATASET_A_LOCKED,phase3f_v2_bundle_A,market_down_day top120 percentile >=70; other predicates diagnostic only
00710B,復華彭博非投等債,2026-07-22,C,-1.7165577882521603,,0.0,False,1.0,89.16666666666667,70.0,True,,,0.0,False,0.9,80.83333333333333,50.0,True,0.714285714285718,94.16666666666669,50.0,True,True,PHASE3F_V2_DATASET_A_LOCKED,phase3f_v2_bundle_A,market_down_day top120 percentile >=70; other predicates diagnostic only
00752,中信中國50,2026-07-22,C,3.960383417404008,,0.0,True,1.0,89.16666666666667,70.0,True,,,0.0,False,0.7,47.083333333333336,50.0,False,0.2760180995475114,48.333333333333336,50.0,False,True,PHASE3F_V2_DATASET_A_LOCKED,phase3f_v2_bundle_A,market_down_day top120 percentile >=70; other predicates diagnostic only
00763U,期街口道瓊銅,2026-07-22,C,11.18388048182144,,0.0,True,0.8,59.166666666666664,70.0,False,,,0.0,False,1.0,93.33333333333331,50.0,True,0.3836477987421381,73.33333333333333,50.0,True,False,PHASE3F_V2_DATASET_A_LOCKED,phase3f_v2_bundle_A,market_down_day top120 percentile >=70; other predicates diagnostic only
00917,中信特選金融,2026-07-22,C,-0.8330921469720778,,0.0,False,0.8,59.166666666666664,70.0,False,,,0.0,False,0.9,80.83333333333333,50.0,True,0.2000000000000015,30.833333333333336,50.0,False,False,PHASE3F_V2_DATASET_A_LOCKED,phase3f_v2_bundle_A,market_down_day top120 percentile >=70; other predicates diagnostic only
00924,復華S&P500成長,2026-07-22,C,1.4732352049394943,,0.0,True,1.0,89.16666666666667,70.0,True,,,0.0,False,1.0,93.33333333333331,50.0,True,0.1135135135135138,17.5,50.0,False,True,PHASE3F_V2_DATASET_A_LOCKED,phase3f_v2_bundle_A,market_down_day top120 percentile >=70; other predicates diagnostic only
00926,凱基全球菁英55,2026-07-22,C,1.1825022740428324,,0.0,True,1.0,89.16666666666667,70.0,True,,,0.0,False,1.0,93.33333333333331,50.0,True,0.5243902439024385,85.0,50.0,True,True,PHASE3F_V2_DATASET_A_LOCKED,phase3f_v2_bundle_A,market_down_day top120 percentile >=70; other predicates diagnostic only
00945B,凱基美國非投等債,2026-07-22,C,-1.1151423688635305,,0.0,False,0.8,59.166666666666664,70.0,False,,,0.0,False,0.8,65.41666666666667,50.0,True,0.1304347826086936,18.333333333333332,50.0,False,False,PHASE3F_V2_DATASET_A_LOCKED,phase3f_v2_bundle_A,market_down_day top120 percentile >=70; other predicates diagnostic only
00953B,群益優選非投等債,2026-07-22,C,-1.0917817470161804,,0.0,False,1.0,89.16666666666667,70.0,True,,,0.0,False,0.8,65.41666666666667,50.0,True,0.7333333333333191,95.0,50.0,True,True,PHASE3F_V2_DATASET_A_LOCKED,phase3f_v2_bundle_A,market_down_day top120 percentile >=70; other predicates diagnostic only
00956,中信日經高股息,2026-07-22,C,3.724951073623861,,0.0,True,0.8,59.166666666666664,70.0,False,,,0.0,False,0.8,65.41666666666667,50.0,True,0.0666666666666668,9.166666666666666,50.0,False,False,PHASE3F_V2_DATASET_A_LOCKED,phase3f_v2_bundle_A,market_down_day top120 percentile >=70; other predicates diagnostic only
00960,野村全球航運龍頭,2026-07-22,C,1.661084925163318,,0.0,True,0.6,29.166666666666668,70.0,False,,,0.0,False,1.0,93.33333333333331,50.0,True,0.4999999999999977,82.5,50.0,True,False,PHASE3F_V2_DATASET_A_LOCKED,phase3f_v2_bundle_A,market_down_day top120 percentile >=70; other predicates diagnostic only
00961,FT臺灣永續高息,2026-07-22,C,3.397971278149894,,0.0,True,0.8,59.166666666666664,70.0,False,,,0.0,False,0.2,2.083333333333333,50.0,False,0.0576923076923081,5.0,50.0,False,False,PHASE3F_V2_DATASET_A_LOCKED,phase3f_v2_bundle_A,market_down_day top120 percentile >=70; other predicates diagnostic only
00972,野村日本動能高息,2026-07-22,C,1.2036233082499546,,0.0,True,0.8,59.166666666666664,70.0,False,,,0.0,False,0.9,80.83333333333333,50.0,True,0.2777777777777771,49.166666666666664,50.0,False,False,PHASE3F_V2_DATASET_A_LOCKED,phase3f_v2_bundle_A,market_down_day top120 percentile >=70; other predicates diagnostic only
009810,玉山全球藍籌100,2026-07-22,C,1.518405964883262,,0.0,True,1.0,89.16666666666667,70.0,True,,,0.0,False,0.9,80.83333333333333,50.0,True,0.2871287128712868,52.5,50.0,True,True,PHASE3F_V2_DATASET_A_LOCKED,phase3f_v2_bundle_A,market_down_day top120 percentile >=70; other predicates diagnostic only
009811,統一美國50,2026-07-22,C,1.6147082334132676,,0.0,True,1.0,89.16666666666667,70.0,True,,,0.0,False,1.0,93.33333333333331,50.0,True,0.2615384615384613,43.333333333333336,50.0,False,True,PHASE3F_V2_DATASET_A_LOCKED,phase3f_v2_bundle_A,market_down_day top120 percentile >=70; other predicates diagnostic only
009813,貝萊德標普卓越50,2026-07-22,C,2.5985763113647,,0.0,True,1.0,89.16666666666667,70.0,True,,,0.0,False,1.0,93.33333333333331,50.0,True,0.2542372881355946,42.5,50.0,False,True,PHASE3F_V2_DATASET_A_LOCKED,phase3f_v2_bundle_A,market_down_day top120 percentile >=70; other predicates diagnostic only
009817,國泰日本不動產,2026-07-22,C,0.2448386118691227,,0.0,True,0.8,59.166666666666664,70.0,False,,,0.0,False,1.0,93.33333333333331,50.0,True,0.1071428571428579,16.666666666666664,50.0,False,False,PHASE3F_V2_DATASET_A_LOCKED,phase3f_v2_bundle_A,market_down_day top120 percentile >=70; other predicates diagnostic only
1463,強盛新,2026-07-22,C,2.2153656385236644,,0.0,True,0.8,59.166666666666664,70.0,False,,,0.0,False,0.8,65.41666666666667,50.0,True,0.0909090909090897,14.166666666666666,50.0,False,False,PHASE3F_V2_DATASET_A_LOCKED,phase3f_v2_bundle_A,market_down_day top120 percentile >=70; other predicates diagnostic only
3665,貿聯-KY,2026-07-22,C,23.435561895311334,,0.0,True,0.4,11.25,70.0,False,,,0.0,False,0.4,10.416666666666668,50.0,False,0.1459459459459459,20.833333333333336,50.0,False,False,PHASE3F_V2_DATASET_A_LOCKED,phase3f_v2_bundle_A,market_down_day top120 percentile >=70; other predicates diagnostic only
3669,圓展,2026-07-22,C,11.351229361338516,,0.0,True,0.4,11.25,70.0,False,,,0.0,False,0.5,20.0,50.0,False,0.1616766467065869,22.5,50.0,False,False,PHASE3F_V2_DATASET_A_LOCKED,phase3f_v2_bundle_A,market_down_day top120 percentile >=70; other predicates diagnostic only
00640L,富邦日本正2,2026-07-23,C,12.27429391855548,,0.0,True,0.4,14.583333333333334,70.0,False,,,0.0,False,0.6,38.333333333333336,50.0,False,0.0319999999999999,5.0,50.0,False,False,PHASE3F_V2_DATASET_A_LOCKED,phase3f_v2_bundle_A,market_down_day top120 percentile >=70; other predicates diagnostic only
00650L,復華香港正2,2026-07-23,C,0.2903560818582822,,0.0,True,0.8,64.16666666666667,70.0,False,,,0.0,False,0.7,57.49999999999999,50.0,True,0.3303571428571429,57.49999999999999,50.0,True,False,PHASE3F_V2_DATASET_A_LOCKED,phase3f_v2_bundle_A,market_down_day top120 percentile >=70; other predicates diagnostic only
00882,中信中國高股息,2026-07-23,C,4.051796545931495,,0.0,True,0.8,64.16666666666667,70.0,False,,,0.0,False,0.7,57.49999999999999,50.0,True,0.0329670329670332,5.833333333333333,50.0,False,False,PHASE3F_V2_DATASET_A_LOCKED,phase3f_v2_bundle_A,market_down_day top120 percentile >=70; other predicates diagnostic only
1325,恆大,2026-07-23,C,9.195816058853223,64.28571428571429,0.0,True,1.0,90.83333333333331,70.0,True,78.0,64.28571428571429,0.0,True,0.6,38.333333333333336,50.0,False,0.6302521008403358,95.0,50.0,True,True,PHASE3F_V2_DATASET_A_LOCKED,phase3f_v2_bundle_A,market_down_day top120 percentile >=70; other predicates diagnostic only
1418,東華,2026-07-23,C,5.599672715837907,72.85714285714285,0.0,True,0.8,64.16666666666667,70.0,False,99.0,72.85714285714285,0.0,True,0.5,19.583333333333332,50.0,False,0.2533333333333334,40.833333333333336,50.0,False,False,PHASE3F_V2_DATASET_A_LOCKED,phase3f_v2_bundle_A,market_down_day top120 percentile >=70; other predicates diagnostic only
6504,南六,2026-07-23,C,4.3768050280115505,,0.0,True,0.8,64.16666666666667,70.0,False,,,0.0,False,0.6,38.333333333333336,50.0,False,0.4095238095238087,73.33333333333333,50.0,True,False,PHASE3F_V2_DATASET_A_LOCKED,phase3f_v2_bundle_A,market_down_day top120 percentile >=70; other predicates diagnostic only
8271,宇瞻,2026-07-23,C,18.131739116043132,88.57142857142857,0.0,True,0.6,35.0,70.0,False,164.0,88.57142857142857,0.0,True,0.5,19.583333333333332,50.0,False,0.4833333333333333,82.5,50.0,True,False,PHASE3F_V2_DATASET_A_LOCKED,phase3f_v2_bundle_A,market_down_day top120 percentile >=70; other predicates diagnostic only
00681R,元大美債20反1,2026-07-24,C,1.619900833896774,,0.0,True,0.4,15.833333333333332,70.0,False,,,0.0,False,0.5,22.083333333333332,50.0,False,0.6610169491525475,96.66666666666669,50.0,True,False,PHASE3F_V2_DATASET_A_LOCKED,phase3f_v2_bundle_A,market_down_day top120 percentile >=70; other predicates diagnostic only
2002,中鋼,2026-07-24,C,5.725516306887205,82.97872340425532,0.0,True,0.8,64.58333333333334,70.0,False,80.0,82.97872340425532,0.0,True,0.9,89.16666666666667,50.0,True,0.4285714285714264,72.5,50.0,True,False,PHASE3F_V2_DATASET_A_LOCKED,phase3f_v2_bundle_A,market_down_day top120 percentile >=70; other predicates diagnostic only
2385,群光,2026-07-24,C,11.081633382256744,75.53191489361703,0.0,True,1.0,91.25,70.0,True,70.0,75.53191489361703,0.0,True,0.8,75.41666666666667,50.0,True,0.0434782608695652,11.666666666666666,50.0,False,True,PHASE3F_V2_DATASET_A_LOCKED,phase3f_v2_bundle_A,market_down_day top120 percentile >=70; other predicates diagnostic only
2605,新興,2026-07-24,C,9.247108571491394,92.5531914893617,0.0,True,0.4,15.833333333333332,70.0,False,111.0,92.5531914893617,0.0,True,0.8,75.41666666666667,50.0,True,0.3592233009708727,65.83333333333333,50.0,True,False,PHASE3F_V2_DATASET_A_LOCKED,phase3f_v2_bundle_A,market_down_day top120 percentile >=70; other predicates diagnostic only
2609,陽明,2026-07-24,C,3.811490954666141,62.76595744680851,0.0,True,0.8,64.58333333333334,70.0,False,46.0,62.76595744680851,0.0,True,0.6,40.833333333333336,50.0,False,0.008849557522124,3.3333333333333335,50.0,False,False,PHASE3F_V2_DATASET_A_LOCKED,phase3f_v2_bundle_A,market_down_day top120 percentile >=70; other predicates diagnostic only
2616,山隆,2026-07-24,C,4.654217307893163,61.702127659574465,0.0,True,1.0,91.25,70.0,True,45.0,61.702127659574465,0.0,True,0.7,60.0,50.0,True,0.2631578947368423,53.333333333333336,50.0,True,True,PHASE3F_V2_DATASET_A_LOCKED,phase3f_v2_bundle_A,market_down_day top120 percentile >=70; other predicates diagnostic only
2701,萬企,2026-07-24,C,-2.043308211986788,,0.0,False,1.0,91.25,70.0,True,,,0.0,False,0.7,60.0,50.0,True,0.0,1.25,50.0,False,True,PHASE3F_V2_DATASET_A_LOCKED,phase3f_v2_bundle_A,market_down_day top120 percentile >=70; other predicates diagnostic only
2712,遠雄來,2026-07-24,C,23.51532567049809,,0.0,True,0.8,64.58333333333334,70.0,False,,,0.0,False,0.7,60.0,50.0,True,0.081967213114754,21.666666666666668,50.0,False,False,PHASE3F_V2_DATASET_A_LOCKED,phase3f_v2_bundle_A,market_down_day top120 percentile >=70; other predicates diagnostic only
7765,中華資安,2026-07-24,C,6.852850475766421,71.27659574468085,0.0,True,1.0,91.25,70.0,True,64.0,71.27659574468085,0.0,True,0.6,40.833333333333336,50.0,False,0.2340425531914893,50.0,50.0,True,True,PHASE3F_V2_DATASET_A_LOCKED,phase3f_v2_bundle_A,market_down_day top120 percentile >=70; other predicates diagnostic only
9919,康那香,2026-07-24,C,2.6455402738611533,,0.0,True,0.6,36.666666666666664,70.0,False,,,0.0,False,0.6,40.833333333333336,50.0,False,0.2083333333333334,43.333333333333336,50.0,False,False,PHASE3F_V2_DATASET_A_LOCKED,phase3f_v2_bundle_A,market_down_day top120 percentile >=70; other predicates diagnostic only
