trade_date,stock_id,original_candidate_order,market_regime,primary_sector,candidate_sources,source_A,source_B,source_C,source_D,momentum_score,all_strategy_input_features,strategy_1_kept,strategy_2_kept,strategy_3_kept,day10_return,outcome_group
2026-04-13,7721,1,BULL_TREND,,B,False,True,False,False,82.0,"{""original_candidate_order"": 1}",,True,,-20.43378995433789,BIG_LOSER
2026-04-13,00876,2,BULL_TREND,,A,True,False,False,False,80.1,"{""original_candidate_order"": 2}",,True,,11.07091172214183,WINNER
2026-04-13,00911,3,BULL_TREND,,A,True,False,False,False,79.9,"{""original_candidate_order"": 3}",,True,,24.268932766808305,WINNER
2026-04-13,00943,4,BULL_TREND,,A,True,False,False,False,79.8,"{""original_candidate_order"": 4}",,True,,2.3579201934703864,NEUTRAL
2026-04-13,00920,5,BULL_TREND,,A,True,False,False,False,79.3,"{""original_candidate_order"": 5}",,True,,9.995709995710001,NEUTRAL
2026-04-13,00733,6,BULL_TREND,,A,True,False,False,False,79.1,"{""original_candidate_order"": 6}",,True,,-1.703163017031628,NEUTRAL
2026-04-13,2305,7,BULL_TREND,,A,True,False,False,False,79.1,"{""original_candidate_order"": 7}",,True,,-19.696969696969703,BIG_LOSER
2026-04-13,4576,8,BULL_TREND,,AB,True,True,False,False,79.0,"{""original_candidate_order"": 8}",,True,,-0.27548209366391463,NEUTRAL
2026-04-13,2426,9,BULL_TREND,,AB,True,True,False,False,78.6,"{""original_candidate_order"": 9}",,True,,-5.384615384615376,NEUTRAL
2026-04-13,2327,10,BULL_TREND,,AC,True,False,True,False,78.2,"{""original_candidate_order"": 10}",,True,,0.49423393739702615,NEUTRAL
2026-04-13,020020,11,BULL_TREND,,C,False,False,True,False,78.2,"{""original_candidate_order"": 11}",,True,,17.97333333333333,WINNER
2026-04-13,00913,12,BULL_TREND,,A,True,False,False,False,78.0,"{""original_candidate_order"": 12}",,True,,18.21812596006145,WINNER
2026-04-13,2243,13,BULL_TREND,,B,False,True,False,False,77.9,"{""original_candidate_order"": 13}",,True,,8.714596949891074,NEUTRAL
2026-04-13,00830,14,BULL_TREND,,A,True,False,False,False,77.6,"{""original_candidate_order"": 14}",,True,,19.545823195458233,WINNER
2026-04-13,5243,15,BULL_TREND,,AB,True,True,False,False,77.6,"{""original_candidate_order"": 15}",,True,,-9.282700421940927,NEUTRAL
2026-04-13,1235,16,BULL_TREND,,C,False,False,True,False,77.6,"{""original_candidate_order"": 16}",,True,,-0.7936507936508019,NEUTRAL
2026-04-13,00663L,17,BULL_TREND,,A,True,False,False,False,77.5,"{""original_candidate_order"": 17}",,True,,25.147492625368727,WINNER
2026-04-13,2923,18,BULL_TREND,,C,False,False,True,False,77.0,"{""original_candidate_order"": 18}",,True,,16.222760290556913,WINNER
2026-04-13,00941,19,BULL_TREND,,A,True,False,False,False,76.9,"{""original_candidate_order"": 19}",,True,,4.836656767076786,NEUTRAL
2026-04-13,1326,20,BULL_TREND,,A,True,False,False,False,76.5,"{""original_candidate_order"": 20}",,True,,0.9009009009008917,NEUTRAL
2026-04-13,00861,21,BULL_TREND,,A,True,False,False,False,76.4,"{""original_candidate_order"": 21}",,True,,10.287769784172674,WINNER
2026-04-13,6831,22,BULL_TREND,,AB,True,True,False,False,76.2,"{""original_candidate_order"": 22}",,True,,8.787541713014457,NEUTRAL
2026-04-13,7711,23,BULL_TREND,,AB,True,True,False,False,76.2,"{""original_candidate_order"": 23}",,True,,35.20661157024794,WINNER
2026-04-13,2402,24,BULL_TREND,,A,True,False,False,False,76.1,"{""original_candidate_order"": 24}",,True,,2.9673590504450953,NEUTRAL
2026-04-13,00685L,25,BULL_TREND,,A,True,False,False,False,75.8,"{""original_candidate_order"": 25}",,True,,25.487012987012992,WINNER
2026-04-13,6933,26,BULL_TREND,,B,False,True,False,False,75.7,"{""original_candidate_order"": 26}",,True,,-13.810741687979544,BIG_LOSER
2026-04-13,00642U,27,BULL_TREND,,A,True,False,False,False,75.6,"{""original_candidate_order"": 27}",,True,,-0.31045187995860646,NEUTRAL
2026-04-13,1597,28,BULL_TREND,,AB,True,True,False,False,75.6,"{""original_candidate_order"": 28}",,True,,1.3761467889908285,NEUTRAL
2026-04-13,2382,29,BULL_TREND,,A,True,False,False,False,75.5,"{""original_candidate_order"": 29}",,True,,2.0376175548589393,NEUTRAL
2026-04-13,1582,30,BULL_TREND,,A,True,False,False,False,75.5,"{""original_candidate_order"": 30}",,True,,-15.02347417840375,BIG_LOSER
2026-04-13,2417,31,BULL_TREND,,A,True,False,False,False,75.5,"{""original_candidate_order"": 31}",,True,,-5.846528623629721,NEUTRAL
2026-04-13,8996,32,BULL_TREND,,A,True,False,False,False,75.2,"{""original_candidate_order"": 32}",,True,,-2.2831050228310557,NEUTRAL
2026-04-13,2376,33,BULL_TREND,,A,True,False,False,False,75.2,"{""original_candidate_order"": 33}",,True,,7.954545454545459,NEUTRAL
2026-04-13,00675L,34,BULL_TREND,,A,True,False,False,False,75.0,"{""original_candidate_order"": 34}",,True,,25.19474196689384,WINNER
2026-04-13,00952,35,BULL_TREND,,A,True,False,False,False,75.0,"{""original_candidate_order"": 35}",,True,,11.918194640338498,WINNER
2026-04-13,6426,36,BULL_TREND,,B,False,True,False,False,74.9,"{""original_candidate_order"": 36}",,True,,-5.311778290993074,NEUTRAL
2026-04-13,2351,37,BULL_TREND,,AB,True,True,False,False,74.5,"{""original_candidate_order"": 37}",,True,,18.699186991869922,WINNER
2026-04-13,1560,38,BULL_TREND,,AC,True,False,True,False,74.3,"{""original_candidate_order"": 38}",,True,,1.1560693641618602,NEUTRAL
2026-04-13,6226,39,BULL_TREND,,B,False,True,False,False,74.3,"{""original_candidate_order"": 39}",,True,,-10.074626865671643,BIG_LOSER
2026-04-13,00891,40,BULL_TREND,,A,True,False,False,False,74.1,"{""original_candidate_order"": 40}",,True,,20.015366884364184,WINNER
2026-04-13,1568,41,BULL_TREND,,A,True,False,False,False,74.1,"{""original_candidate_order"": 41}",,True,,10.956175298804771,WINNER
2026-04-13,7750,42,BULL_TREND,,A,True,False,False,False,74.0,"{""original_candidate_order"": 42}",,True,,38.29113924050633,WINNER
2026-04-13,6213,43,BULL_TREND,,B,False,True,False,False,74.0,"{""original_candidate_order"": 43}",,True,,29.90196078431373,WINNER
2026-04-13,8021,44,BULL_TREND,,B,False,True,False,False,73.9,"{""original_candidate_order"": 44}",,True,,16.33237822349569,WINNER
2026-04-13,2484,45,BULL_TREND,,A,True,False,False,False,73.9,"{""original_candidate_order"": 45}",,True,,6.5902578796561695,NEUTRAL
2026-04-13,00923,46,BULL_TREND,,A,True,False,False,False,73.8,"{""original_candidate_order"": 46}",,True,,16.11129084438694,WINNER
2026-04-13,1301,47,BULL_TREND,,A,True,False,False,False,73.5,"{""original_candidate_order"": 47}",,True,,-2.1400778210116767,NEUTRAL
2026-04-13,00982A,48,BULL_TREND,,A,True,False,False,False,73.5,"{""original_candidate_order"": 48}",,True,,13.648871766648307,WINNER
2026-04-13,2465,49,BULL_TREND,,A,True,False,False,False,73.4,"{""original_candidate_order"": 49}",,True,,11.507293354943272,WINNER
2026-04-13,3042,50,BULL_TREND,,AB,True,True,False,False,73.3,"{""original_candidate_order"": 50}",,True,,8.108108108108114,NEUTRAL
2026-04-13,0053,51,BULL_TREND,,A,True,False,False,False,73.3,"{""original_candidate_order"": 51}",,True,,16.835755415409935,WINNER
2026-04-13,00735,52,BULL_TREND,,A,True,False,False,False,73.2,"{""original_candidate_order"": 52}",,True,,17.193947730398907,WINNER
2026-04-13,00944,53,BULL_TREND,,A,True,False,False,False,73.1,"{""original_candidate_order"": 53}",,True,,4.800000000000004,NEUTRAL
2026-04-13,00980A,54,BULL_TREND,,A,True,False,False,False,72.9,"{""original_candidate_order"": 54}",,True,,15.11936339522546,WINNER
2026-04-13,1305,55,BULL_TREND,,A,True,False,False,False,72.7,"{""original_candidate_order"": 55}",,True,,-19.318181818181824,BIG_LOSER
2026-04-13,3028,56,BULL_TREND,,AC,True,False,True,False,72.6,"{""original_candidate_order"": 56}",,True,,14.71571906354514,WINNER
2026-04-13,3022,57,BULL_TREND,,A,True,False,False,False,72.5,"{""original_candidate_order"": 57}",,True,,1.178203240058906,NEUTRAL
2026-04-13,00932,58,BULL_TREND,,A,True,False,False,False,72.4,"{""original_candidate_order"": 58}",,True,,2.026143790849666,NEUTRAL
2026-04-13,3037,59,BULL_TREND,,A,True,False,False,False,72.3,"{""original_candidate_order"": 59}",,True,,34.0255591054313,WINNER
2026-04-13,6285,60,BULL_TREND,,AB,True,True,False,False,72.3,"{""original_candidate_order"": 60}",,True,,-14.717741935483875,BIG_LOSER
2026-04-13,3532,61,BULL_TREND,,B,False,True,False,False,72.3,"{""original_candidate_order"": 61}",,True,,0.0,NEUTRAL
2026-04-13,00946,62,BULL_TREND,,A,True,False,False,False,72.3,"{""original_candidate_order"": 62}",,True,,8.113207547169822,NEUTRAL
2026-04-13,1409,63,BULL_TREND,,A,True,False,False,False,72.3,"{""original_candidate_order"": 63}",,True,,-4.069767441860462,NEUTRAL
2026-04-13,1304,64,BULL_TREND,,A,True,False,False,False,72.3,"{""original_candidate_order"": 64}",,True,,-17.910447761194025,BIG_LOSER
2026-04-13,006203,65,BULL_TREND,,A,True,False,False,False,72.3,"{""original_candidate_order"": 65}",,True,,15.970098538905875,WINNER
2026-04-13,4949,66,BULL_TREND,,B,False,True,False,False,72.2,"{""original_candidate_order"": 66}",,True,,-7.411385606874321,NEUTRAL
2026-04-13,3550,67,BULL_TREND,,A,True,False,False,False,71.8,"{""original_candidate_order"": 67}",,True,,-9.135802469135811,NEUTRAL
2026-04-13,6672,68,BULL_TREND,,B,False,True,False,False,71.5,"{""original_candidate_order"": 68}",,True,,39.73063973063973,WINNER
2026-04-13,2345,69,BULL_TREND,,A,True,False,False,False,71.4,"{""original_candidate_order"": 69}",,True,,19.505494505494504,WINNER
2026-04-13,00692,70,BULL_TREND,,A,True,False,False,False,71.4,"{""original_candidate_order"": 70}",,True,,14.305849189570097,WINNER
2026-04-13,1324,71,BULL_TREND,,A,True,False,False,False,71.4,"{""original_candidate_order"": 71}",,True,,-8.898305084745772,NEUTRAL
2026-04-13,00990A,72,BULL_TREND,,A,True,False,False,False,71.3,"{""original_candidate_order"": 72}",,True,,13.146551724137922,WINNER
2026-04-13,3004,73,BULL_TREND,,A,True,False,False,False,71.3,"{""original_candidate_order"": 73}",,True,,-2.1008403361344574,NEUTRAL
2026-04-13,00850,74,BULL_TREND,,A,True,False,False,False,71.2,"{""original_candidate_order"": 74}",,True,,14.659685863874362,WINNER
2026-04-13,8046,75,BULL_TREND,,B,False,True,False,False,71.1,"{""original_candidate_order"": 75}",,True,,39.389312977099245,WINNER
2026-04-13,2486,76,BULL_TREND,,B,False,True,False,False,71.1,"{""original_candidate_order"": 76}",,True,,15.721649484536094,WINNER
2026-04-13,00893,77,BULL_TREND,,A,True,False,False,False,70.9,"{""original_candidate_order"": 77}",,True,,14.257537334460402,WINNER
2026-04-13,00690,78,BULL_TREND,,A,True,False,False,False,70.9,"{""original_candidate_order"": 78}",,True,,19.306049822064054,WINNER
2026-04-13,0051,79,BULL_TREND,,A,True,False,False,False,70.9,"{""original_candidate_order"": 79}",,True,,6.816220880069013,NEUTRAL
2026-04-13,4566,80,BULL_TREND,,A,True,False,False,False,70.8,"{""original_candidate_order"": 80}",,True,,-10.81460674157304,BIG_LOSER
2026-04-13,3026,81,BULL_TREND,,B,False,True,False,False,70.7,"{""original_candidate_order"": 81}",,True,,2.3474178403755763,NEUTRAL
2026-04-13,7610,82,BULL_TREND,,B,False,True,False,False,70.6,"{""original_candidate_order"": 82}",,True,,5.118829981718465,NEUTRAL
2026-04-13,1735,83,BULL_TREND,,AB,True,True,False,False,70.3,"{""original_candidate_order"": 83}",,True,,-11.570247933884293,BIG_LOSER
2026-04-13,00954,84,BULL_TREND,,A,True,False,False,False,70.2,"{""original_candidate_order"": 84}",,True,,10.816062176165797,WINNER
2026-04-13,5434,85,BULL_TREND,,A,True,False,False,False,70.0,"{""original_candidate_order"": 85}",,True,,1.8773466833541974,NEUTRAL
2026-04-13,1711,86,BULL_TREND,,AB,True,True,False,False,69.9,"{""original_candidate_order"": 86}",,True,,20.329024676850782,WINNER
2026-04-13,6830,87,BULL_TREND,,B,False,True,False,False,69.9,"{""original_candidate_order"": 87}",,True,,-15.454545454545453,BIG_LOSER
2026-04-13,6166,88,BULL_TREND,,A,True,False,False,False,69.9,"{""original_candidate_order"": 88}",,True,,12.765957446808528,WINNER
2026-04-13,3031,89,BULL_TREND,,B,False,True,False,False,69.9,"{""original_candidate_order"": 89}",,True,,6.09951845906902,NEUTRAL
2026-04-13,3563,90,BULL_TREND,,B,False,True,False,False,69.8,"{""original_candidate_order"": 90}",,True,,-3.7403740374037375,NEUTRAL
2026-04-13,2420,91,BULL_TREND,,A,True,False,False,False,69.7,"{""original_candidate_order"": 91}",,True,,2.4208566108007368,NEUTRAL
2026-04-13,00728,92,BULL_TREND,,A,True,False,False,False,69.7,"{""original_candidate_order"": 92}",,True,,13.375796178343947,WINNER
2026-04-13,009802,93,BULL_TREND,,A,True,False,False,False,69.6,"{""original_candidate_order"": 93}",,True,,14.817572598659723,WINNER
2026-04-13,00951,94,BULL_TREND,,A,True,False,False,False,69.5,"{""original_candidate_order"": 94}",,True,,10.55172413793104,WINNER
2026-04-13,00904,95,BULL_TREND,,A,True,False,False,False,69.5,"{""original_candidate_order"": 95}",,True,,15.694626474442996,WINNER
2026-04-13,6834,96,BULL_TREND,,A,True,False,False,False,69.2,"{""original_candidate_order"": 96}",,True,,-6.3772048846675755,NEUTRAL
2026-04-13,2472,97,BULL_TREND,,AB,True,True,False,False,69.2,"{""original_candidate_order"": 97}",,True,,4.0000000000000036,NEUTRAL
2026-04-13,0050,98,BULL_TREND,,A,True,False,False,False,69.1,"{""original_candidate_order"": 98}",,True,,15.384615384615397,WINNER
2026-04-13,4958,99,BULL_TREND,,B,False,True,False,False,69.0,"{""original_candidate_order"": 99}",,True,,39.22330097087379,WINNER
2026-04-13,6451,100,BULL_TREND,,B,False,True,False,False,68.9,"{""original_candidate_order"": 100}",,True,,-20.105263157894736,BIG_LOSER
2026-04-13,00991A,101,BULL_TREND,,A,True,False,False,False,68.8,"{""original_candidate_order"": 101}",,True,,20.549927641099863,WINNER
2026-04-13,00935,102,BULL_TREND,,A,True,False,False,False,68.8,"{""original_candidate_order"": 102}",,True,,19.357953174028488,WINNER
2026-04-13,3023,103,BULL_TREND,,A,True,False,False,False,68.7,"{""original_candidate_order"": 103}",,True,,1.46520146520146,NEUTRAL
2026-04-13,00881,104,BULL_TREND,,A,True,False,False,False,68.6,"{""original_candidate_order"": 104}",,True,,17.299051422865695,WINNER
2026-04-13,3593,105,BULL_TREND,,A,True,False,False,False,68.6,"{""original_candidate_order"": 105}",,True,,15.337423312883436,WINNER
2026-04-13,00896,106,BULL_TREND,,A,True,False,False,False,68.4,"{""original_candidate_order"": 106}",,True,,9.642857142857153,NEUTRAL
2026-04-13,00947,107,BULL_TREND,,A,True,False,False,False,68.4,"{""original_candidate_order"": 107}",,True,,19.944267515923553,WINNER
2026-04-13,009803,108,BULL_TREND,,A,True,False,False,False,68.4,"{""original_candidate_order"": 108}",,True,,15.694527961515337,WINNER
2026-04-13,0052,109,BULL_TREND,,A,True,False,False,False,68.3,"{""original_candidate_order"": 109}",,True,,14.605098203092348,WINNER
2026-04-13,2460,110,BULL_TREND,,B,False,True,False,False,68.3,"{""original_candidate_order"": 110}",,True,,10.830860534124632,WINNER
2026-04-13,00892,111,BULL_TREND,,A,True,False,False,False,68.2,"{""original_candidate_order"": 111}",,True,,16.94290976058932,WINNER
2026-04-13,3090,112,BULL_TREND,,A,True,False,False,False,68.1,"{""original_candidate_order"": 112}",,True,,-7.342995169082123,NEUTRAL
2026-04-13,2231,113,BULL_TREND,,B,False,True,False,False,67.9,"{""original_candidate_order"": 113}",,True,,1.6064257028112428,NEUTRAL
2026-04-13,3450,114,BULL_TREND,,AC,True,False,True,False,67.8,"{""original_candidate_order"": 114}",,True,,-2.584814216478193,NEUTRAL
2026-04-13,3583,115,BULL_TREND,,AB,True,True,False,False,67.7,"{""original_candidate_order"": 115}",,True,,4.843304843304841,NEUTRAL
2026-04-13,00639,116,BULL_TREND,,A,True,False,False,False,67.5,"{""original_candidate_order"": 116}",,True,,3.402187120291611,NEUTRAL
2026-04-13,2010,117,BULL_TREND,,A,True,False,False,False,67.5,"{""original_candidate_order"": 117}",,True,,-4.3222003929273,NEUTRAL
2026-04-13,1308,118,BULL_TREND,,A,True,False,False,False,67.3,"{""original_candidate_order"": 118}",,True,,-14.492753623188403,BIG_LOSER
2026-04-13,00902,119,BULL_TREND,,A,True,False,False,False,67.2,"{""original_candidate_order"": 119}",,True,,9.345794392523366,NEUTRAL
2026-04-13,00986A,120,BULL_TREND,,A,True,False,False,False,67.1,"{""original_candidate_order"": 120}",,True,,8.747044917257686,NEUTRAL
2026-04-17,2426,1,BULL_TREND,,AB,True,True,False,False,85.0,"{""original_candidate_order"": 1}",,True,,15.808823529411775,WINNER
2026-04-17,2923,2,BULL_TREND,,B,False,True,False,False,82.3,"{""original_candidate_order"": 2}",,True,,-23.03571428571428,BIG_LOSER
2026-04-17,6205,3,BULL_TREND,,A,True,False,False,False,82.1,"{""original_candidate_order"": 3}",,True,,26.0,WINNER
2026-04-17,4540,4,BULL_TREND,,C,False,False,True,False,81.8,"{""original_candidate_order"": 4}",,True,,18.134715025906758,WINNER
2026-04-17,3042,5,BULL_TREND,,B,False,True,False,False,81.6,"{""original_candidate_order"": 5}",,True,,9.570957095709565,NEUTRAL
2026-04-17,4576,6,BULL_TREND,,B,False,True,False,False,81.6,"{""original_candidate_order"": 6}",,True,,18.877551020408156,WINNER
2026-04-17,7721,7,BULL_TREND,,B,False,True,False,False,79.5,"{""original_candidate_order"": 7}",,True,,-11.2,BIG_LOSER
2026-04-17,6166,8,BULL_TREND,,A,True,False,False,False,79.3,"{""original_candidate_order"": 8}",,True,,11.517615176151752,WINNER
2026-04-17,6451,9,BULL_TREND,,B,False,True,False,False,79.1,"{""original_candidate_order"": 9}",,True,,-6.138613861386144,NEUTRAL
2026-04-17,1301,10,BULL_TREND,,A,True,False,False,False,79.0,"{""original_candidate_order"": 10}",,True,,-4.868913857677903,NEUTRAL
2026-04-17,6933,11,BULL_TREND,,B,False,True,False,False,79.0,"{""original_candidate_order"": 11}",,True,,-13.520408163265307,BIG_LOSER
2026-04-17,3504,12,BULL_TREND,,AC,True,False,True,False,78.7,"{""original_candidate_order"": 12}",,True,,-4.30267062314541,NEUTRAL
2026-04-17,6831,13,BULL_TREND,,AB,True,True,False,False,77.4,"{""original_candidate_order"": 13}",,True,,-0.42105263157894424,NEUTRAL
2026-04-17,7711,14,BULL_TREND,,A,True,False,False,False,77.3,"{""original_candidate_order"": 14}",,True,,37.2093023255814,WINNER
2026-04-17,6277,15,BULL_TREND,,A,True,False,False,False,77.3,"{""original_candidate_order"": 15}",,True,,-0.5625879043600457,NEUTRAL
2026-04-17,2376,16,BULL_TREND,,A,True,False,False,False,76.8,"{""original_candidate_order"": 16}",,True,,-0.8880994671403242,NEUTRAL
2026-04-17,6278,17,BULL_TREND,,B,False,True,False,False,76.8,"{""original_candidate_order"": 17}",,True,,14.649681528662416,WINNER
2026-04-17,4569,18,BULL_TREND,,B,False,True,False,False,76.7,"{""original_candidate_order"": 18}",,True,,-7.197943444730082,NEUTRAL
2026-04-17,2497,19,BULL_TREND,,A,True,False,False,False,76.4,"{""original_candidate_order"": 19}",,True,,-4.099821746880583,NEUTRAL
2026-04-17,2454,20,BULL_TREND,,AC,True,False,True,False,76.2,"{""original_candidate_order"": 20}",,True,,49.09090909090909,WINNER
2026-04-17,6139,21,BULL_TREND,,A,True,False,False,False,76.1,"{""original_candidate_order"": 21}",,True,,-3.87275242047026,NEUTRAL
2026-04-17,4956,22,BULL_TREND,,B,False,True,False,False,75.6,"{""original_candidate_order"": 22}",,True,,-1.5075376884422065,NEUTRAL
2026-04-17,6224,23,BULL_TREND,,B,False,True,False,False,75.6,"{""original_candidate_order"": 23}",,True,,19.476268412438614,WINNER
2026-04-17,2401,24,BULL_TREND,,C,False,False,True,False,75.2,"{""original_candidate_order"": 24}",,True,,6.976744186046524,NEUTRAL
2026-04-17,2388,25,BULL_TREND,,A,True,False,False,False,75.0,"{""original_candidate_order"": 25}",,True,,27.25880551301685,WINNER
2026-04-17,3229,26,BULL_TREND,,B,False,True,False,False,74.9,"{""original_candidate_order"": 26}",,True,,41.85667752442996,WINNER
2026-04-17,8210,27,BULL_TREND,,A,True,False,False,False,74.8,"{""original_candidate_order"": 27}",,True,,12.745098039215685,WINNER
2026-04-17,3673,28,BULL_TREND,,B,False,True,False,False,74.8,"{""original_candidate_order"": 28}",,True,,-14.840499306518717,BIG_LOSER
2026-04-17,6414,29,BULL_TREND,,A,True,False,False,False,74.4,"{""original_candidate_order"": 29}",,True,,9.868421052631572,NEUTRAL
2026-04-17,4764,30,BULL_TREND,,A,True,False,False,False,74.2,"{""original_candidate_order"": 30}",,True,,33.41176470588236,WINNER
2026-04-17,6958,31,BULL_TREND,,A,True,False,False,False,74.0,"{""original_candidate_order"": 31}",,True,,-1.5075376884421954,NEUTRAL
2026-04-17,4720,32,BULL_TREND,,A,True,False,False,False,73.5,"{""original_candidate_order"": 32}",,True,,14.93212669683257,WINNER
2026-04-17,2303,33,BULL_TREND,,A,True,False,False,False,73.4,"{""original_candidate_order"": 33}",,True,,11.232876712328776,WINNER
2026-04-17,3443,34,BULL_TREND,,A,True,False,False,False,73.2,"{""original_candidate_order"": 34}",,True,,43.93241167434716,WINNER
2026-04-17,2402,35,BULL_TREND,,B,False,True,False,False,73.2,"{""original_candidate_order"": 35}",,True,,-6.949806949806958,NEUTRAL
2026-04-17,2712,36,BULL_TREND,,C,False,False,True,False,73.1,"{""original_candidate_order"": 36}",,True,,2.586206896551735,NEUTRAL
2026-04-17,3380,37,BULL_TREND,,A,True,False,False,False,73.0,"{""original_candidate_order"": 37}",,True,,-18.892900120336932,BIG_LOSER
2026-04-17,2702,38,BULL_TREND,,B,False,True,False,False,73.0,"{""original_candidate_order"": 38}",,True,,-10.95505617977529,BIG_LOSER
2026-04-17,6672,39,BULL_TREND,,B,False,True,False,False,72.8,"{""original_candidate_order"": 39}",,True,,26.70454545454546,WINNER
2026-04-17,3583,40,BULL_TREND,,B,False,True,False,False,72.7,"{""original_candidate_order"": 40}",,True,,4.342105263157903,NEUTRAL
2026-04-17,2345,41,BULL_TREND,,A,True,False,False,False,72.4,"{""original_candidate_order"": 41}",,True,,21.014492753623195,WINNER
2026-04-17,6782,42,BULL_TREND,,A,True,False,False,False,72.4,"{""original_candidate_order"": 42}",,True,,-4.893617021276597,NEUTRAL
2026-04-17,6283,43,BULL_TREND,,A,True,False,False,False,72.3,"{""original_candidate_order"": 43}",,True,,-8.898305084745772,NEUTRAL
2026-04-17,6196,44,BULL_TREND,,A,True,False,False,False,72.1,"{""original_candidate_order"": 44}",,True,,6.6852367688022385,NEUTRAL
2026-04-17,6789,45,BULL_TREND,,C,False,False,True,False,72.0,"{""original_candidate_order"": 45}",,True,,42.09302325581395,WINNER
2026-04-17,00929,46,BULL_TREND,,A,True,False,False,False,71.7,"{""original_candidate_order"": 46}",,True,,7.818352059925093,NEUTRAL
2026-04-17,2540,47,BULL_TREND,,A,True,False,False,False,71.7,"{""original_candidate_order"": 47}",,True,,-0.7407407407407418,NEUTRAL
2026-04-17,6830,48,BULL_TREND,,AB,True,True,False,False,71.6,"{""original_candidate_order"": 48}",,True,,4.519774011299438,NEUTRAL
2026-04-17,3062,49,BULL_TREND,,A,True,False,False,False,71.6,"{""original_candidate_order"": 49}",,True,,-14.309484193011645,BIG_LOSER
2026-04-17,6117,50,BULL_TREND,,A,True,False,False,False,71.6,"{""original_candidate_order"": 50}",,True,,6.495098039215708,NEUTRAL
2026-04-17,3031,51,BULL_TREND,,B,False,True,False,False,71.6,"{""original_candidate_order"": 51}",,True,,-4.969879518072295,NEUTRAL
2026-04-17,1802,52,BULL_TREND,,A,True,False,False,False,71.3,"{""original_candidate_order"": 52}",,True,,-10.78167115902965,BIG_LOSER
2026-04-17,2419,53,BULL_TREND,,A,True,False,False,False,71.3,"{""original_candidate_order"": 53}",,True,,-16.711956521739125,BIG_LOSER
2026-04-17,2417,54,BULL_TREND,,A,True,False,False,False,71.1,"{""original_candidate_order"": 54}",,True,,25.120772946859905,WINNER
2026-04-17,5222,55,BULL_TREND,,C,False,False,True,False,70.7,"{""original_candidate_order"": 55}",,True,,-6.228373702422141,NEUTRAL
2026-04-17,3026,56,BULL_TREND,,B,False,True,False,False,70.2,"{""original_candidate_order"": 56}",,True,,-3.2119914346895095,NEUTRAL
2026-04-17,4977,57,BULL_TREND,,A,True,False,False,False,70.1,"{""original_candidate_order"": 57}",,True,,-6.794055201698512,NEUTRAL
2026-04-17,8021,58,BULL_TREND,,AB,True,True,False,False,70.1,"{""original_candidate_order"": 58}",,True,,8.834827144686308,NEUTRAL
2026-04-17,5284,59,BULL_TREND,,A,True,False,False,False,69.9,"{""original_candidate_order"": 59}",,True,,8.163265306122458,NEUTRAL
2026-04-17,1449,60,BULL_TREND,,A,True,False,False,False,69.6,"{""original_candidate_order"": 60}",,True,,-9.027777777777779,NEUTRAL
2026-04-17,00940,61,BULL_TREND,,A,True,False,False,False,69.5,"{""original_candidate_order"": 61}",,True,,2.233009708737854,NEUTRAL
2026-04-17,6668,62,BULL_TREND,,A,True,False,False,False,69.5,"{""original_candidate_order"": 62}",,True,,-9.844559585492242,NEUTRAL
2026-04-17,6515,63,BULL_TREND,,AB,True,True,False,False,69.2,"{""original_candidate_order"": 63}",,True,,3.833090732654054,NEUTRAL
2026-04-17,3669,64,BULL_TREND,,A,True,False,False,False,69.2,"{""original_candidate_order"": 64}",,True,,9.529860228716647,NEUTRAL
2026-04-17,2382,65,BULL_TREND,,A,True,False,False,False,69.1,"{""original_candidate_order"": 65}",,True,,-1.5479876160990669,NEUTRAL
2026-04-17,3450,66,BULL_TREND,,A,True,False,False,False,69.1,"{""original_candidate_order"": 66}",,True,,-9.289617486338797,NEUTRAL
2026-04-17,8261,67,BULL_TREND,,A,True,False,False,False,69.1,"{""original_candidate_order"": 67}",,True,,-6.2745098039215685,NEUTRAL
2026-04-17,3022,68,BULL_TREND,,A,True,False,False,False,69.0,"{""original_candidate_order"": 68}",,True,,2.898550724637672,NEUTRAL
2026-04-17,1326,69,BULL_TREND,,A,True,False,False,False,68.8,"{""original_candidate_order"": 69}",,True,,-0.39215686274510775,NEUTRAL
2026-04-17,6426,70,BULL_TREND,,AB,True,True,False,False,68.6,"{""original_candidate_order"": 70}",,True,,-1.7621145374449365,NEUTRAL
2026-04-17,7610,71,BULL_TREND,,AB,True,True,False,False,68.6,"{""original_candidate_order"": 71}",,True,,3.9184952978056353,NEUTRAL
2026-04-17,2308,72,BULL_TREND,,A,True,False,False,False,68.3,"{""original_candidate_order"": 72}",,True,,20.65217391304348,WINNER
2026-04-17,2472,73,BULL_TREND,,B,False,True,False,False,68.1,"{""original_candidate_order"": 73}",,True,,-0.27100271002710175,NEUTRAL
2026-04-17,4916,74,BULL_TREND,,AC,True,False,True,False,68.0,"{""original_candidate_order"": 74}",,True,,-6.63716814159292,NEUTRAL
2026-04-17,2327,75,BULL_TREND,,A,True,False,False,False,67.9,"{""original_candidate_order"": 75}",,True,,8.21484992101107,NEUTRAL
2026-04-17,6285,76,BULL_TREND,,AB,True,True,False,False,67.9,"{""original_candidate_order"": 76}",,True,,-14.366729678638945,BIG_LOSER
2026-04-17,3518,77,BULL_TREND,,A,True,False,False,False,67.8,"{""original_candidate_order"": 77}",,True,,26.80221811460257,WINNER
2026-04-17,00878,78,BULL_TREND,,A,True,False,False,False,67.5,"{""original_candidate_order"": 78}",,True,,8.68661679135494,NEUTRAL
2026-04-17,8488,79,BULL_TREND,,A,True,False,False,False,67.3,"{""original_candidate_order"": 79}",,True,,-2.857142857142869,NEUTRAL
2026-04-17,2379,80,BULL_TREND,,A,True,False,False,False,67.2,"{""original_candidate_order"": 80}",,True,,-0.5649717514124242,NEUTRAL
2026-04-17,2481,81,BULL_TREND,,A,True,False,False,False,67.2,"{""original_candidate_order"": 81}",,True,,-15.50847457627118,BIG_LOSER
2026-04-17,6415,82,BULL_TREND,,A,True,False,False,False,66.8,"{""original_candidate_order"": 82}",,True,,30.827067669172937,WINNER
2026-04-17,3023,83,BULL_TREND,,A,True,False,False,False,66.8,"{""original_candidate_order"": 83}",,True,,2.3049645390070816,NEUTRAL
2026-04-17,8438,84,BULL_TREND,,B,False,True,False,False,66.5,"{""original_candidate_order"": 84}",,True,,7.134767836919598,NEUTRAL
2026-04-17,3338,85,BULL_TREND,,A,True,False,False,False,66.2,"{""original_candidate_order"": 85}",,True,,13.43511450381678,WINNER
2026-04-17,2482,86,BULL_TREND,,A,True,False,False,False,66.1,"{""original_candidate_order"": 86}",,True,,-5.932203389830515,NEUTRAL
2026-04-17,2395,87,BULL_TREND,,A,True,False,False,False,65.8,"{""original_candidate_order"": 87}",,True,,7.9234972677595605,NEUTRAL
2026-04-17,4771,88,BULL_TREND,,A,True,False,False,False,65.5,"{""original_candidate_order"": 88}",,True,,-4.846938775510202,NEUTRAL
2026-04-17,2062,89,BULL_TREND,,A,True,False,False,False,65.5,"{""original_candidate_order"": 89}",,True,,-5.000000000000004,NEUTRAL
2026-04-17,1626,90,BULL_TREND,,AC,True,False,True,False,65.5,"{""original_candidate_order"": 90}",,True,,-5.41666666666667,NEUTRAL
2026-04-17,3661,91,BULL_TREND,,AC,True,False,True,False,65.3,"{""original_candidate_order"": 91}",,True,,20.91038406827881,WINNER
2026-04-17,6658,92,BULL_TREND,,A,True,False,False,False,65.2,"{""original_candidate_order"": 92}",,True,,79.82456140350878,WINNER
2026-04-17,2404,93,BULL_TREND,,AC,True,False,True,False,65.1,"{""original_candidate_order"": 93}",,True,,-4.585365853658541,NEUTRAL
2026-04-17,6491,94,BULL_TREND,,A,True,False,False,False,65.1,"{""original_candidate_order"": 94}",,True,,-4.940374787052814,NEUTRAL
2026-04-17,6213,95,BULL_TREND,,B,False,True,False,False,65.1,"{""original_candidate_order"": 95}",,True,,7.208872458410354,NEUTRAL
2026-04-17,8046,96,BULL_TREND,,A,True,False,False,False,64.9,"{""original_candidate_order"": 96}",,True,,36.187845303867405,WINNER
2026-04-17,8104,97,BULL_TREND,,C,False,False,True,False,64.9,"{""original_candidate_order"": 97}",,True,,-14.749999999999996,BIG_LOSER
2026-04-17,4919,98,BULL_TREND,,B,False,True,False,False,64.8,"{""original_candidate_order"": 98}",,True,,25.581395348837212,WINNER
2026-04-17,6655,99,BULL_TREND,,A,True,False,False,False,64.5,"{""original_candidate_order"": 99}",,True,,0.366300366300365,NEUTRAL
2026-04-17,2478,100,BULL_TREND,,C,False,False,True,False,64.2,"{""original_candidate_order"": 100}",,True,,-7.512953367875641,NEUTRAL
2026-04-17,3665,101,BULL_TREND,,A,True,False,False,False,63.8,"{""original_candidate_order"": 101}",,True,,24.31289640591967,WINNER
2026-04-17,3607,102,BULL_TREND,,A,True,False,False,False,63.8,"{""original_candidate_order"": 102}",,True,,-7.096774193548383,NEUTRAL
2026-04-17,2305,103,BULL_TREND,,A,True,False,False,False,63.8,"{""original_candidate_order"": 103}",,True,,-8.47457627118644,NEUTRAL
2026-04-17,2466,104,BULL_TREND,,A,True,False,False,False,63.5,"{""original_candidate_order"": 104}",,True,,-9.569377990430617,NEUTRAL
2026-04-17,6533,105,BULL_TREND,,C,False,False,True,False,63.5,"{""original_candidate_order"": 105}",,True,,1.0638297872340496,NEUTRAL
2026-04-17,2460,106,BULL_TREND,,B,False,True,False,False,63.4,"{""original_candidate_order"": 106}",,True,,-4.6195652173912976,NEUTRAL
2026-04-17,2373,107,BULL_TREND,,A,True,False,False,False,63.3,"{""original_candidate_order"": 107}",,True,,-2.065404475043031,NEUTRAL
2026-04-17,2231,108,BULL_TREND,,B,False,True,False,False,63.3,"{""original_candidate_order"": 108}",,True,,-5.138339920948621,NEUTRAL
2026-04-17,8374,109,BULL_TREND,,A,True,False,False,False,63.3,"{""original_candidate_order"": 109}",,True,,5.514705882352944,NEUTRAL
2026-04-17,5292,110,BULL_TREND,,A,True,False,False,False,63.3,"{""original_candidate_order"": 110}",,True,,3.470715835141003,NEUTRAL
2026-04-17,6691,111,BULL_TREND,,A,True,False,False,False,62.9,"{""original_candidate_order"": 111}",,True,,-2.73141122913505,NEUTRAL
2026-04-17,5288,112,BULL_TREND,,A,True,False,False,False,62.8,"{""original_candidate_order"": 112}",,True,,4.402515723270439,NEUTRAL
2026-04-17,3593,113,BULL_TREND,,AB,True,True,False,False,62.7,"{""original_candidate_order"": 113}",,True,,2.5839793281653645,NEUTRAL
2026-04-17,5243,114,BULL_TREND,,B,False,True,False,False,62.7,"{""original_candidate_order"": 114}",,True,,-14.516129032258062,BIG_LOSER
2026-04-17,1597,115,BULL_TREND,,B,False,True,False,False,62.5,"{""original_candidate_order"": 115}",,True,,34.04255319148937,WINNER
2026-04-17,4904,116,BULL_TREND,,A,True,False,False,False,62.2,"{""original_candidate_order"": 116}",,True,,-3.1827515400410733,NEUTRAL
2026-04-17,1760,117,BULL_TREND,,A,True,False,False,False,62.2,"{""original_candidate_order"": 117}",,True,,0.46511627906975495,NEUTRAL
2026-04-17,4906,118,BULL_TREND,,A,True,False,False,False,62.2,"{""original_candidate_order"": 118}",,True,,-9.27152317880795,NEUTRAL
2026-04-17,3045,119,BULL_TREND,,A,True,False,False,False,61.9,"{""original_candidate_order"": 119}",,True,,-1.7777777777777781,NEUTRAL
2026-04-17,1470,120,BULL_TREND,,A,True,False,False,False,61.7,"{""original_candidate_order"": 120}",,True,,-3.2608695652173947,NEUTRAL
2026-04-23,6213,1,BULL_TREND,,B,False,True,False,False,80.9,"{""original_candidate_order"": 1}",,True,,4.735883424408005,NEUTRAL
2026-04-23,1721,2,BULL_TREND,,BC,False,True,True,False,80.0,"{""original_candidate_order"": 2}",,True,,-4.841402337228717,NEUTRAL
2026-04-23,6224,3,BULL_TREND,,B,False,True,False,False,80.0,"{""original_candidate_order"": 3}",,True,,30.082644628099175,WINNER
2026-04-23,4960,4,BULL_TREND,,B,False,True,False,False,79.3,"{""original_candidate_order"": 4}",,True,,-2.839506172839501,NEUTRAL
2026-04-23,5288,5,BULL_TREND,,A,True,False,False,False,79.0,"{""original_candidate_order"": 5}",,True,,-11.627906976744185,BIG_LOSER
2026-04-23,6831,6,BULL_TREND,,AB,True,True,False,False,78.3,"{""original_candidate_order"": 6}",,True,,3.8461538461538547,NEUTRAL
2026-04-23,7711,7,BULL_TREND,,A,True,False,False,False,78.2,"{""original_candidate_order"": 7}",,True,,25.537634408602152,WINNER
2026-04-23,6414,8,BULL_TREND,,A,True,False,False,False,77.9,"{""original_candidate_order"": 8}",,True,,9.133858267716533,NEUTRAL
2026-04-23,3044,9,BULL_TREND,,A,True,False,False,False,77.5,"{""original_candidate_order"": 9}",,True,,4.0000000000000036,NEUTRAL
2026-04-23,3661,10,BULL_TREND,,A,True,False,False,False,77.2,"{""original_candidate_order"": 10}",,True,,22.864321608040193,WINNER
2026-04-23,2303,11,BULL_TREND,,A,True,False,False,False,77.0,"{""original_candidate_order"": 11}",,True,,24.048913043478272,WINNER
2026-04-23,3042,12,BULL_TREND,,B,False,True,False,False,76.9,"{""original_candidate_order"": 12}",,True,,0.6535947712418277,NEUTRAL
2026-04-23,4919,13,BULL_TREND,,A,True,False,False,False,76.7,"{""original_candidate_order"": 13}",,True,,13.945578231292522,WINNER
2026-04-23,5871,14,BULL_TREND,,A,True,False,False,False,76.2,"{""original_candidate_order"": 14}",,True,,-7.024793388429751,NEUTRAL
2026-04-23,3714,15,BULL_TREND,,A,True,False,False,False,75.7,"{""original_candidate_order"": 15}",,True,,1.571428571428557,NEUTRAL
2026-04-23,6902,16,BULL_TREND,,B,False,True,False,False,75.7,"{""original_candidate_order"": 16}",,True,,-13.080168776371304,BIG_LOSER
2026-04-23,3665,17,BULL_TREND,,AB,True,True,False,False,74.7,"{""original_candidate_order"": 17}",,True,,-0.1814882032667886,NEUTRAL
2026-04-23,6861,18,BULL_TREND,,ABC,True,True,True,False,74.7,"{""original_candidate_order"": 18}",,True,,59.66029723991508,WINNER
2026-04-23,6277,19,BULL_TREND,,A,True,False,False,False,74.5,"{""original_candidate_order"": 19}",,True,,-0.98314606741573,NEUTRAL
2026-04-23,2476,20,BULL_TREND,,A,True,False,False,False,74.4,"{""original_candidate_order"": 20}",,True,,-4.680851063829783,NEUTRAL
2026-04-23,8046,21,BULL_TREND,,B,False,True,False,False,74.3,"{""original_candidate_order"": 21}",,True,,7.4213836477987405,NEUTRAL
2026-04-23,3189,22,BULL_TREND,,A,True,False,False,False,74.0,"{""original_candidate_order"": 22}",,True,,-4.384133611691022,NEUTRAL
2026-04-23,3338,23,BULL_TREND,,A,True,False,False,False,74.0,"{""original_candidate_order"": 23}",,True,,-14.637002341920368,BIG_LOSER
2026-04-23,7769,24,BULL_TREND,,A,True,False,False,False,73.8,"{""original_candidate_order"": 24}",,True,,20.582120582120588,WINNER
2026-04-23,6658,25,BULL_TREND,,AB,True,True,False,False,73.6,"{""original_candidate_order"": 25}",,True,,59.70149253731343,WINNER
2026-04-23,8210,26,BULL_TREND,,A,True,False,False,False,73.3,"{""original_candidate_order"": 26}",,True,,28.636363636363637,WINNER
2026-04-23,00929,27,BULL_TREND,,A,True,False,False,False,73.2,"{""original_candidate_order"": 27}",,True,,14.926739926739941,WINNER
2026-04-23,4956,28,BULL_TREND,,A,True,False,False,False,72.6,"{""original_candidate_order"": 28}",,True,,-1.0101010101010055,NEUTRAL
2026-04-23,6426,29,BULL_TREND,,B,False,True,False,False,72.2,"{""original_candidate_order"": 29}",,True,,9.394572025052184,NEUTRAL
2026-04-23,6782,30,BULL_TREND,,A,True,False,False,False,72.0,"{""original_candidate_order"": 30}",,True,,-15.151515151515149,BIG_LOSER
2026-04-23,2417,31,BULL_TREND,,A,True,False,False,False,71.7,"{""original_candidate_order"": 31}",,True,,22.627737226277354,WINNER
2026-04-23,2376,32,BULL_TREND,,A,True,False,False,False,71.6,"{""original_candidate_order"": 32}",,True,,15.272727272727282,WINNER
2026-04-23,8162,33,BULL_TREND,,A,True,False,False,False,71.6,"{""original_candidate_order"": 33}",,True,,3.9923954372623527,NEUTRAL
2026-04-23,3037,34,BULL_TREND,,AB,True,True,False,False,71.4,"{""original_candidate_order"": 34}",,True,,12.362637362637363,WINNER
2026-04-23,2049,35,BULL_TREND,,A,True,False,False,False,71.2,"{""original_candidate_order"": 35}",,True,,5.794701986754958,NEUTRAL
2026-04-23,4720,36,BULL_TREND,,AB,True,True,False,False,70.9,"{""original_candidate_order"": 36}",,True,,4.618473895582342,NEUTRAL
2026-04-23,6257,37,BULL_TREND,,A,True,False,False,False,70.8,"{""original_candidate_order"": 37}",,True,,16.574585635359117,WINNER
2026-04-23,6166,38,BULL_TREND,,A,True,False,False,False,70.8,"{""original_candidate_order"": 38}",,True,,16.555407209612795,WINNER
2026-04-23,6165,39,BULL_TREND,,A,True,False,False,False,70.8,"{""original_candidate_order"": 39}",,True,,3.792415169660668,NEUTRAL
2026-04-23,7750,40,BULL_TREND,,B,False,True,False,False,70.8,"{""original_candidate_order"": 40}",,True,,13.61607142857142,WINNER
2026-04-23,00878,41,BULL_TREND,,A,True,False,False,False,70.7,"{""original_candidate_order"": 41}",,True,,12.814274128142733,WINNER
2026-04-23,6669,42,BULL_TREND,,AC,True,False,True,False,70.5,"{""original_candidate_order"": 42}",,True,,22.352941176470598,WINNER
2026-04-23,4927,43,BULL_TREND,,C,False,False,True,False,70.4,"{""original_candidate_order"": 43}",,True,,0.18416206261511192,NEUTRAL
2026-04-23,3653,44,BULL_TREND,,A,True,False,False,False,70.2,"{""original_candidate_order"": 44}",,True,,-31.261770244821097,BIG_LOSER
2026-04-23,2455,45,BULL_TREND,,A,True,False,False,False,70.2,"{""original_candidate_order"": 45}",,True,,-2.6011560693641633,NEUTRAL
2026-04-23,4576,46,BULL_TREND,,B,False,True,False,False,70.0,"{""original_candidate_order"": 46}",,True,,19.999999999999996,WINNER
2026-04-23,00830,47,BULL_TREND,,A,True,False,False,False,69.6,"{""original_candidate_order"": 47}",,True,,13.665943600867658,WINNER
2026-04-23,2460,48,BULL_TREND,,AB,True,True,False,False,69.5,"{""original_candidate_order"": 48}",,True,,-19.395465994962223,BIG_LOSER
2026-04-23,7610,49,BULL_TREND,,B,False,True,False,False,69.4,"{""original_candidate_order"": 49}",,True,,24.13793103448276,WINNER
2026-04-23,2388,50,BULL_TREND,,A,True,False,False,False,69.1,"{""original_candidate_order"": 50}",,True,,-6.176084099868584,NEUTRAL
2026-04-23,2440,51,BULL_TREND,,A,True,False,False,False,69.1,"{""original_candidate_order"": 51}",,True,,5.6782334384858135,NEUTRAL
2026-04-23,5285,52,BULL_TREND,,A,True,False,False,False,69.0,"{""original_candidate_order"": 52}",,True,,11.775362318840576,WINNER
2026-04-23,6789,53,BULL_TREND,,AB,True,True,False,False,69.0,"{""original_candidate_order"": 53}",,True,,17.087378640776695,WINNER
2026-04-23,6830,54,BULL_TREND,,B,False,True,False,False,68.7,"{""original_candidate_order"": 54}",,True,,-1.992528019925277,NEUTRAL
2026-04-23,6515,55,BULL_TREND,,A,True,False,False,False,68.6,"{""original_candidate_order"": 55}",,True,,-10.251630941286116,BIG_LOSER
2026-04-23,2465,56,BULL_TREND,,A,True,False,False,False,68.6,"{""original_candidate_order"": 56}",,True,,17.862371888726216,WINNER
2026-04-23,3605,57,BULL_TREND,,A,True,False,False,False,68.4,"{""original_candidate_order"": 57}",,True,,7.069408740359906,NEUTRAL
2026-04-23,2356,58,BULL_TREND,,A,True,False,False,False,68.3,"{""original_candidate_order"": 58}",,True,,7.0194384449244085,NEUTRAL
2026-04-23,2401,59,BULL_TREND,,A,True,False,False,False,68.3,"{""original_candidate_order"": 59}",,True,,2.2222222222222143,NEUTRAL
2026-04-23,3518,60,BULL_TREND,,A,True,False,False,False,68.2,"{""original_candidate_order"": 60}",,True,,17.647058823529417,WINNER
2026-04-23,3055,61,BULL_TREND,,A,True,False,False,False,68.1,"{""original_candidate_order"": 61}",,True,,12.315270935960587,WINNER
2026-04-23,4916,62,BULL_TREND,,A,True,False,False,False,67.9,"{""original_candidate_order"": 62}",,True,,-6.2027231467473465,NEUTRAL
2026-04-23,8150,63,BULL_TREND,,A,True,False,False,False,67.6,"{""original_candidate_order"": 63}",,True,,28.929068150208614,WINNER
2026-04-23,2426,64,BULL_TREND,,A,True,False,False,False,67.5,"{""original_candidate_order"": 64}",,True,,38.60369609856262,WINNER
2026-04-23,2444,65,BULL_TREND,,A,True,False,False,False,67.5,"{""original_candidate_order"": 65}",,True,,-5.39568345323741,NEUTRAL
2026-04-23,00674R,66,BULL_TREND,,B,False,True,False,False,67.4,"{""original_candidate_order"": 66}",,True,,-0.3809523809523818,NEUTRAL
2026-04-23,3673,67,BULL_TREND,,A,True,False,False,False,67.1,"{""original_candidate_order"": 67}",,True,,-4.376012965964349,NEUTRAL
2026-04-23,2474,68,BULL_TREND,,A,True,False,False,False,67.1,"{""original_candidate_order"": 68}",,True,,-11.44708423326134,BIG_LOSER
2026-04-23,00940,69,BULL_TREND,,A,True,False,False,False,66.6,"{""original_candidate_order"": 69}",,True,,8.252427184466015,NEUTRAL
2026-04-23,8021,70,BULL_TREND,,B,False,True,False,False,66.6,"{""original_candidate_order"": 70}",,True,,-14.952279957582181,BIG_LOSER
2026-04-23,3229,71,BULL_TREND,,B,False,True,False,False,66.6,"{""original_candidate_order"": 71}",,True,,5.706874189364464,NEUTRAL
2026-04-23,0052,72,BULL_TREND,,A,True,False,False,False,66.4,"{""original_candidate_order"": 72}",,True,,13.406156901688181,WINNER
2026-04-23,2483,73,BULL_TREND,,A,True,False,False,False,66.4,"{""original_candidate_order"": 73}",,True,,0.634249471458781,NEUTRAL
2026-04-23,3528,74,BULL_TREND,,A,True,False,False,False,66.1,"{""original_candidate_order"": 74}",,True,,21.171770972037287,WINNER
2026-04-23,3583,75,BULL_TREND,,B,False,True,False,False,65.9,"{""original_candidate_order"": 75}",,True,,-11.758118701007836,BIG_LOSER
2026-04-23,3533,76,BULL_TREND,,A,True,False,False,False,65.8,"{""original_candidate_order"": 76}",,True,,9.756097560975618,NEUTRAL
2026-04-23,2464,77,BULL_TREND,,C,False,False,True,False,65.6,"{""original_candidate_order"": 77}",,True,,44.20803782505911,WINNER
2026-04-23,8996,78,BULL_TREND,,B,False,True,False,False,65.6,"{""original_candidate_order"": 78}",,True,,-16.115702479338843,BIG_LOSER
2026-04-23,3593,79,BULL_TREND,,AB,True,True,False,False,65.6,"{""original_candidate_order"": 79}",,True,,-2.067183462532307,NEUTRAL
2026-04-23,2454,80,BULL_TREND,,A,True,False,False,False,65.4,"{""original_candidate_order"": 80}",,True,,63.88261851015802,WINNER
2026-04-23,7740,81,BULL_TREND,,C,False,False,True,False,65.0,"{""original_candidate_order"": 81}",,True,,-14.321608040201006,BIG_LOSER
2026-04-23,3023,82,BULL_TREND,,A,True,False,False,False,64.8,"{""original_candidate_order"": 82}",,True,,8.812949640287759,NEUTRAL
2026-04-23,1727,83,BULL_TREND,,C,False,False,True,False,64.8,"{""original_candidate_order"": 83}",,True,,12.441679626749602,WINNER
2026-04-23,6205,84,BULL_TREND,,A,True,False,False,False,64.7,"{""original_candidate_order"": 84}",,True,,8.152866242038215,NEUTRAL
2026-04-23,2383,85,BULL_TREND,,B,False,True,False,False,64.7,"{""original_candidate_order"": 85}",,True,,15.853658536585357,WINNER
2026-04-23,6949,86,BULL_TREND,,B,False,True,False,False,64.6,"{""original_candidate_order"": 86}",,True,,-20.231213872832367,BIG_LOSER
2026-04-23,3167,87,BULL_TREND,,B,False,True,False,False,64.6,"{""original_candidate_order"": 87}",,True,,7.042253521126751,NEUTRAL
2026-04-23,6415,88,BULL_TREND,,A,True,False,False,False,64.5,"{""original_candidate_order"": 88}",,True,,2.4067388688327362,NEUTRAL
2026-04-23,6405,89,BULL_TREND,,A,True,False,False,False,64.3,"{""original_candidate_order"": 89}",,True,,79.38718662952648,WINNER
2026-04-23,6909,90,BULL_TREND,,A,True,False,False,False,64.2,"{""original_candidate_order"": 90}",,True,,-4.690117252931325,NEUTRAL
2026-04-23,3711,91,BULL_TREND,,A,True,False,False,False,64.2,"{""original_candidate_order"": 91}",,True,,11.087190527448865,WINNER
2026-04-23,4755,92,BULL_TREND,,AC,True,False,True,False,63.6,"{""original_candidate_order"": 92}",,True,,-15.243902439024392,BIG_LOSER
2026-04-23,5284,93,BULL_TREND,,A,True,False,False,False,63.6,"{""original_candidate_order"": 93}",,True,,7.14285714285714,NEUTRAL
2026-04-23,7721,94,BULL_TREND,,B,False,True,False,False,63.6,"{""original_candidate_order"": 94}",,True,,-8.38627700127066,NEUTRAL
2026-04-23,6206,95,BULL_TREND,,A,True,False,False,False,63.5,"{""original_candidate_order"": 95}",,True,,11.214953271028039,WINNER
2026-04-23,3504,96,BULL_TREND,,A,True,False,False,False,63.4,"{""original_candidate_order"": 96}",,True,,-7.726597325408613,NEUTRAL
2026-04-23,4722,97,BULL_TREND,,C,False,False,True,False,63.3,"{""original_candidate_order"": 97}",,True,,25.797872340425542,WINNER
2026-04-23,6531,98,BULL_TREND,,AB,True,True,False,False,63.1,"{""original_candidate_order"": 98}",,True,,11.46496815286624,WINNER
2026-04-23,3026,99,BULL_TREND,,B,False,True,False,False,63.0,"{""original_candidate_order"": 99}",,True,,47.65100671140941,WINNER
2026-04-23,3017,100,BULL_TREND,,A,True,False,False,False,62.8,"{""original_candidate_order"": 100}",,True,,-8.768656716417912,NEUTRAL
2026-04-23,3231,101,BULL_TREND,,A,True,False,False,False,62.6,"{""original_candidate_order"": 101}",,True,,5.017921146953408,NEUTRAL
2026-04-23,3617,102,BULL_TREND,,A,True,False,False,False,62.4,"{""original_candidate_order"": 102}",,True,,2.3376623376623273,NEUTRAL
2026-04-23,4958,103,BULL_TREND,,B,False,True,False,False,62.4,"{""original_candidate_order"": 103}",,True,,23.38461538461538,WINNER
2026-04-23,6209,104,BULL_TREND,,A,True,False,False,False,62.3,"{""original_candidate_order"": 104}",,True,,8.552631578947366,NEUTRAL
2026-04-23,8028,105,BULL_TREND,,A,True,False,False,False,62.2,"{""original_candidate_order"": 105}",,True,,2.7272727272727337,NEUTRAL
2026-04-23,4949,106,BULL_TREND,,A,True,False,False,False,62.2,"{""original_candidate_order"": 106}",,True,,5.518018018018034,NEUTRAL
2026-04-23,6451,107,BULL_TREND,,B,False,True,False,False,61.7,"{""original_candidate_order"": 107}",,True,,-1.2318029115341522,NEUTRAL
2026-04-23,5243,108,BULL_TREND,,B,False,True,False,False,61.7,"{""original_candidate_order"": 108}",,True,,-13.36032388663968,BIG_LOSER
2026-04-23,2317,109,BULL_TREND,,A,True,False,False,False,61.4,"{""original_candidate_order"": 109}",,True,,11.111111111111116,WINNER
2026-04-23,00918,110,BULL_TREND,,A,True,False,False,False,61.3,"{""original_candidate_order"": 110}",,True,,7.586798114016302,NEUTRAL
2026-04-23,8016,111,BULL_TREND,,A,True,False,False,False,61.3,"{""original_candidate_order"": 111}",,True,,21.60356347438752,WINNER
2026-04-23,6117,112,BULL_TREND,,A,True,False,False,False,61.3,"{""original_candidate_order"": 112}",,True,,-1.344743276283611,NEUTRAL
2026-04-23,6526,113,BULL_TREND,,AC,True,False,True,False,61.2,"{""original_candidate_order"": 113}",,True,,35.431654676258994,WINNER
2026-04-23,6533,114,BULL_TREND,,A,True,False,False,False,61.0,"{""original_candidate_order"": 114}",,True,,0.8456659619450413,NEUTRAL
2026-04-23,3011,115,BULL_TREND,,A,True,False,False,False,61.0,"{""original_candidate_order"": 115}",,True,,-10.033444816053516,BIG_LOSER
2026-04-23,2486,116,BULL_TREND,,B,False,True,False,False,60.8,"{""original_candidate_order"": 116}",,True,,26.801801801801805,WINNER
2026-04-23,3591,117,BULL_TREND,,A,True,False,False,False,60.8,"{""original_candidate_order"": 117}",,True,,-0.42194092827003704,NEUTRAL
2026-04-23,3035,118,BULL_TREND,,A,True,False,False,False,60.7,"{""original_candidate_order"": 118}",,True,,5.637982195845703,NEUTRAL
2026-04-23,2458,119,BULL_TREND,,A,True,False,False,False,60.7,"{""original_candidate_order"": 119}",,True,,11.397058823529417,WINNER
2026-04-23,00713,120,BULL_TREND,,A,True,False,False,False,60.5,"{""original_candidate_order"": 120}",,True,,2.6241799437675795,NEUTRAL
2026-04-29,7769,1,BULL_TREND,,A,True,False,False,False,80.9,"{""original_candidate_order"": 1}",,True,,44.827586206896555,WINNER
2026-04-29,00992A,2,BULL_TREND,,A,True,False,False,False,80.1,"{""original_candidate_order"": 2}",,True,,6.791569086651061,NEUTRAL
2026-04-29,2454,3,BULL_TREND,,AB,True,True,False,False,79.6,"{""original_candidate_order"": 3}",,True,,32.23300970873786,WINNER
2026-04-29,3518,4,BULL_TREND,,B,False,True,False,False,79.5,"{""original_candidate_order"": 4}",,True,,10.67073170731707,WINNER
2026-04-29,3605,5,BULL_TREND,,A,True,False,False,False,79.0,"{""original_candidate_order"": 5}",,True,,-2.7878787878787836,NEUTRAL
2026-04-29,3229,6,BULL_TREND,,B,False,True,False,False,78.4,"{""original_candidate_order"": 6}",,True,,7.743658210947935,NEUTRAL
2026-04-29,7788,7,BULL_TREND,,A,True,False,False,False,77.1,"{""original_candidate_order"": 7}",,True,,19.075144508670515,WINNER
2026-04-29,1590,8,BULL_TREND,,A,True,False,False,False,77.0,"{""original_candidate_order"": 8}",,True,,-1.6778523489932917,NEUTRAL
2026-04-29,4958,9,BULL_TREND,,B,False,True,False,False,76.7,"{""original_candidate_order"": 9}",,True,,13.968668407310702,WINNER
2026-04-29,4720,10,BULL_TREND,,AB,True,True,False,False,76.6,"{""original_candidate_order"": 10}",,True,,-2.821869488536155,NEUTRAL
2026-04-29,6658,11,BULL_TREND,,B,False,True,False,False,76.2,"{""original_candidate_order"": 11}",,True,,31.740614334470997,WINNER
2026-04-29,00830,12,BULL_TREND,,A,True,False,False,False,76.1,"{""original_candidate_order"": 12}",,True,,18.648838845883176,WINNER
2026-04-29,6205,13,BULL_TREND,,B,False,True,False,False,76.0,"{""original_candidate_order"": 13}",,True,,-13.522355507088335,BIG_LOSER
2026-04-29,02001L,14,BULL_TREND,,B,False,True,False,False,75.8,"{""original_candidate_order"": 14}",,True,,21.61900145419291,WINNER
2026-04-29,7711,15,BULL_TREND,,B,False,True,False,False,75.7,"{""original_candidate_order"": 15}",,True,,-3.6144578313253017,NEUTRAL
2026-04-29,3661,16,BULL_TREND,,A,True,False,False,False,75.6,"{""original_candidate_order"": 16}",,True,,20.599250936329593,WINNER
2026-04-29,6789,17,BULL_TREND,,B,False,True,False,False,75.5,"{""original_candidate_order"": 17}",,True,,3.2432432432432323,NEUTRAL
2026-04-29,3042,18,BULL_TREND,,AB,True,True,False,False,75.0,"{""original_candidate_order"": 18}",,True,,-5.0793650793650835,NEUTRAL
2026-04-29,2542,19,BULL_TREND,,C,False,False,True,False,75.0,"{""original_candidate_order"": 19}",,True,,6.280788177339902,NEUTRAL
2026-04-29,6165,20,BULL_TREND,,A,True,False,False,False,73.7,"{""original_candidate_order"": 20}",,True,,-6.22605363984674,NEUTRAL
2026-04-29,2883,21,BULL_TREND,,A,True,False,False,False,73.5,"{""original_candidate_order"": 21}",,True,,1.8433179723502446,NEUTRAL
2026-04-29,6672,22,BULL_TREND,,B,False,True,False,False,73.5,"{""original_candidate_order"": 22}",,True,,-6.25,NEUTRAL
2026-04-29,2337,23,BULL_TREND,,AC,True,False,True,False,73.4,"{""original_candidate_order"": 23}",,True,,1.1976047904191711,NEUTRAL
2026-04-29,6278,24,BULL_TREND,,B,False,True,False,False,73.4,"{""original_candidate_order"": 24}",,True,,39.93808049535603,WINNER
2026-04-29,6197,25,BULL_TREND,,AC,True,False,True,False,73.3,"{""original_candidate_order"": 25}",,True,,9.685230024213066,NEUTRAL
2026-04-29,5288,26,BULL_TREND,,A,True,False,False,False,73.3,"{""original_candidate_order"": 26}",,True,,-10.557184750733139,BIG_LOSER
2026-04-29,2308,27,BULL_TREND,,A,True,False,False,False,72.8,"{""original_candidate_order"": 27}",,True,,-0.46189376443418473,NEUTRAL
2026-04-29,3665,28,BULL_TREND,,A,True,False,False,False,72.7,"{""original_candidate_order"": 28}",,True,,-19.064748201438853,BIG_LOSER
2026-04-29,3135,29,BULL_TREND,,C,False,False,True,False,72.7,"{""original_candidate_order"": 29}",,True,,52.59515570934256,WINNER
2026-04-29,1568,30,BULL_TREND,,A,True,False,False,False,72.5,"{""original_candidate_order"": 30}",,True,,-0.35149384885764245,NEUTRAL
2026-04-29,6861,31,BULL_TREND,,AB,True,True,False,False,72.4,"{""original_candidate_order"": 31}",,True,,50.25041736227045,WINNER
2026-04-29,2464,32,BULL_TREND,,AB,True,True,False,False,72.2,"{""original_candidate_order"": 32}",,True,,0.4366812227074135,NEUTRAL
2026-04-29,6531,33,BULL_TREND,,B,False,True,False,False,72.2,"{""original_candidate_order"": 33}",,True,,28.04878048780488,WINNER
2026-04-29,2345,34,BULL_TREND,,A,True,False,False,False,72.1,"{""original_candidate_order"": 34}",,True,,21.040723981900445,WINNER
2026-04-29,8046,35,BULL_TREND,,B,False,True,False,False,71.8,"{""original_candidate_order"": 35}",,True,,-7.5327510917030605,NEUTRAL
2026-04-29,00878,36,BULL_TREND,,A,True,False,False,False,71.6,"{""original_candidate_order"": 36}",,True,,11.146245059288539,WINNER
2026-04-29,1727,37,BULL_TREND,,B,False,True,False,False,71.3,"{""original_candidate_order"": 37}",,True,,-4.447115384615385,NEUTRAL
2026-04-29,4807,38,BULL_TREND,,C,False,False,True,False,70.9,"{""original_candidate_order"": 38}",,True,,33.33333333333335,WINNER
2026-04-29,2360,39,BULL_TREND,,A,True,False,False,False,70.7,"{""original_candidate_order"": 39}",,True,,9.97566909975669,NEUTRAL
2026-04-29,2460,40,BULL_TREND,,A,True,False,False,False,70.5,"{""original_candidate_order"": 40}",,True,,-9.433962264150942,NEUTRAL
2026-04-29,2383,41,BULL_TREND,,B,False,True,False,False,70.4,"{""original_candidate_order"": 41}",,True,,10.81081081081081,WINNER
2026-04-29,3593,42,BULL_TREND,,B,False,True,False,False,69.9,"{""original_candidate_order"": 42}",,True,,-12.531328320802004,BIG_LOSER
2026-04-29,6224,43,BULL_TREND,,AB,True,True,False,False,69.8,"{""original_candidate_order"": 43}",,True,,10.179640718562876,WINNER
2026-04-29,3583,44,BULL_TREND,,B,False,True,False,False,69.6,"{""original_candidate_order"": 44}",,True,,20.336787564766844,WINNER
2026-04-29,6743,45,BULL_TREND,,C,False,False,True,False,69.3,"{""original_candidate_order"": 45}",,True,,-3.420195439739415,NEUTRAL
2026-04-29,7750,46,BULL_TREND,,AB,True,True,False,False,69.2,"{""original_candidate_order"": 46}",,True,,14.375000000000004,WINNER
2026-04-29,2301,47,BULL_TREND,,A,True,False,False,False,69.0,"{""original_candidate_order"": 47}",,True,,20.348837209302317,WINNER
2026-04-29,00662,48,BULL_TREND,,A,True,False,False,False,69.0,"{""original_candidate_order"": 48}",,True,,8.640291041382442,NEUTRAL
2026-04-29,2317,49,BULL_TREND,,A,True,False,False,False,68.9,"{""original_candidate_order"": 49}",,True,,8.666666666666668,NEUTRAL
2026-04-29,1597,50,BULL_TREND,,A,True,False,False,False,68.9,"{""original_candidate_order"": 50}",,True,,37.93103448275863,WINNER
2026-04-29,3406,51,BULL_TREND,,A,True,False,False,False,68.7,"{""original_candidate_order"": 51}",,True,,8.737864077669899,NEUTRAL
2026-04-29,2855,52,BULL_TREND,,C,False,False,True,False,68.7,"{""original_candidate_order"": 52}",,True,,14.387464387464387,WINNER
2026-04-29,2327,53,BULL_TREND,,A,True,False,False,False,68.6,"{""original_candidate_order"": 53}",,True,,43.47826086956521,WINNER
2026-04-29,3533,54,BULL_TREND,,A,True,False,False,False,68.6,"{""original_candidate_order"": 54}",,True,,-7.547169811320753,NEUTRAL
2026-04-29,7610,55,BULL_TREND,,B,False,True,False,False,68.3,"{""original_candidate_order"": 55}",,True,,36.36363636363635,WINNER
2026-04-29,6515,56,BULL_TREND,,A,True,False,False,False,68.1,"{""original_candidate_order"": 56}",,True,,3.485517918507619,NEUTRAL
2026-04-29,3653,57,BULL_TREND,,A,True,False,False,False,68.1,"{""original_candidate_order"": 57}",,True,,-38.200183654729116,BIG_LOSER
2026-04-29,4571,58,BULL_TREND,,AC,True,False,True,False,68.0,"{""original_candidate_order"": 58}",,True,,15.536723163841803,WINNER
2026-04-29,1454,59,BULL_TREND,,A,True,False,False,False,67.6,"{""original_candidate_order"": 59}",,True,,-7.829181494661929,NEUTRAL
2026-04-29,2882,60,BULL_TREND,,A,True,False,False,False,67.5,"{""original_candidate_order"": 60}",,True,,-2.4173027989821794,NEUTRAL
2026-04-29,2340,61,BULL_TREND,,B,False,True,False,False,67.3,"{""original_candidate_order"": 61}",,True,,-6.4350064350064295,NEUTRAL
2026-04-29,2483,62,BULL_TREND,,A,True,False,False,False,67.2,"{""original_candidate_order"": 62}",,True,,7.048458149779746,NEUTRAL
2026-04-29,2351,63,BULL_TREND,,B,False,True,False,False,67.2,"{""original_candidate_order"": 63}",,True,,19.736842105263165,WINNER
2026-04-29,2476,64,BULL_TREND,,A,True,False,False,False,66.5,"{""original_candidate_order"": 64}",,True,,4.385964912280693,NEUTRAL
2026-04-29,4576,65,BULL_TREND,,A,True,False,False,False,65.9,"{""original_candidate_order"": 65}",,True,,19.554455445544548,WINNER
2026-04-29,1326,66,BULL_TREND,,A,True,False,False,False,65.6,"{""original_candidate_order"": 66}",,True,,-14.380952380952372,BIG_LOSER
2026-04-29,1560,67,BULL_TREND,,A,True,False,False,False,65.1,"{""original_candidate_order"": 67}",,True,,24.760076775431862,WINNER
2026-04-29,1533,68,BULL_TREND,,A,True,False,False,False,65.1,"{""original_candidate_order"": 68}",,True,,6.769230769230772,NEUTRAL
2026-04-29,3714,69,BULL_TREND,,AB,True,True,False,False,65.0,"{""original_candidate_order"": 69}",,True,,-7.462686567164178,NEUTRAL
2026-04-29,3443,70,BULL_TREND,,AB,True,True,False,False,64.9,"{""original_candidate_order"": 70}",,True,,23.179611650485434,WINNER
2026-04-29,2881,71,BULL_TREND,,A,True,False,False,False,64.1,"{""original_candidate_order"": 71}",,True,,3.6144578313253017,NEUTRAL
2026-04-29,6213,72,BULL_TREND,,B,False,True,False,False,64.1,"{""original_candidate_order"": 72}",,True,,5.719921104536496,NEUTRAL
2026-04-29,1303,73,BULL_TREND,,A,True,False,False,False,63.8,"{""original_candidate_order"": 73}",,True,,-6.877729257641918,NEUTRAL
2026-04-29,1409,74,BULL_TREND,,A,True,False,False,False,63.8,"{""original_candidate_order"": 74}",,True,,1.4705882352941124,NEUTRAL
2026-04-29,0056,75,BULL_TREND,,A,True,False,False,False,63.7,"{""original_candidate_order"": 75}",,True,,10.310285853896882,WINNER
2026-04-29,2027,76,BULL_TREND,,A,True,False,False,False,63.5,"{""original_candidate_order"": 76}",,True,,3.5110533159947943,NEUTRAL
2026-04-29,8103,77,BULL_TREND,,B,False,True,False,False,63.1,"{""original_candidate_order"": 77}",,True,,-14.05622489959839,BIG_LOSER
2026-04-29,2377,78,BULL_TREND,,C,False,False,True,False,62.7,"{""original_candidate_order"": 78}",,True,,16.999999999999993,WINNER
2026-04-29,4562,79,BULL_TREND,,A,True,False,False,False,62.4,"{""original_candidate_order"": 79}",,True,,-4.697986577181212,NEUTRAL
2026-04-29,00674R,80,BULL_TREND,,B,False,True,False,False,62.0,"{""original_candidate_order"": 80}",,True,,-2.0484171322160183,NEUTRAL
2026-04-29,2395,81,BULL_TREND,,A,True,False,False,False,61.9,"{""original_candidate_order"": 81}",,True,,27.04918032786885,WINNER
2026-04-29,3026,82,BULL_TREND,,B,False,True,False,False,61.9,"{""original_candidate_order"": 82}",,True,,51.48305084745763,WINNER
2026-04-29,2451,83,BULL_TREND,,C,False,False,True,False,61.7,"{""original_candidate_order"": 83}",,True,,28.544776119402982,WINNER
2026-04-29,00940,84,BULL_TREND,,A,True,False,False,False,61.6,"{""original_candidate_order"": 84}",,True,,8.131655372700862,NEUTRAL
2026-04-29,2233,85,BULL_TREND,,A,True,False,False,False,61.6,"{""original_candidate_order"": 85}",,True,,3.4798534798534897,NEUTRAL
2026-04-29,4560,86,BULL_TREND,,A,True,False,False,False,61.1,"{""original_candidate_order"": 86}",,True,,-3.0640668523676973,NEUTRAL
2026-04-29,6830,87,BULL_TREND,,B,False,True,False,False,60.6,"{""original_candidate_order"": 87}",,True,,-5.9508408796895225,NEUTRAL
2026-04-29,1449,88,BULL_TREND,,A,True,False,False,False,60.5,"{""original_candidate_order"": 88}",,True,,-3.3707865168539297,NEUTRAL
2026-04-29,2426,89,BULL_TREND,,B,False,True,False,False,60.5,"{""original_candidate_order"": 89}",,True,,12.268907563025211,WINNER
2026-04-29,4764,90,BULL_TREND,,B,False,True,False,False,60.2,"{""original_candidate_order"": 90}",,True,,25.506072874493935,WINNER
2026-04-29,4949,91,BULL_TREND,,B,False,True,False,False,60.0,"{""original_candidate_order"": 91}",,True,,-17.756097560975615,BIG_LOSER
2026-04-29,2429,92,BULL_TREND,,C,False,False,True,False,60.0,"{""original_candidate_order"": 92}",,True,,1.8867924528301883,NEUTRAL
2026-04-29,4755,93,BULL_TREND,,A,True,False,False,False,59.7,"{""original_candidate_order"": 93}",,True,,-11.538461538461542,BIG_LOSER
2026-04-29,3037,94,BULL_TREND,,B,False,True,False,False,59.7,"{""original_candidate_order"": 94}",,True,,9.713574097135735,NEUTRAL
2026-04-29,00713,95,BULL_TREND,,A,True,False,False,False,59.5,"{""original_candidate_order"": 95}",,True,,4.8113207547169745,NEUTRAL
2026-04-29,3019,96,BULL_TREND,,C,False,False,True,False,58.9,"{""original_candidate_order"": 96}",,True,,3.5211267605633756,NEUTRAL
2026-04-29,3003,97,BULL_TREND,,A,True,False,False,False,58.8,"{""original_candidate_order"": 97}",,True,,9.90990990990992,NEUTRAL
2026-04-29,00919,98,BULL_TREND,,A,True,False,False,False,58.6,"{""original_candidate_order"": 98}",,True,,9.47145877378437,NEUTRAL
2026-04-29,4540,99,BULL_TREND,,A,True,False,False,False,58.6,"{""original_candidate_order"": 99}",,True,,1.5748031496062964,NEUTRAL
2026-04-29,2049,100,BULL_TREND,,A,True,False,False,False,58.5,"{""original_candidate_order"": 100}",,True,,21.393841166936788,WINNER
2026-04-29,6919,101,BULL_TREND,,AC,True,False,True,False,58.5,"{""original_candidate_order"": 101}",,True,,-12.25225225225225,BIG_LOSER
2026-04-29,5284,102,BULL_TREND,,A,True,False,False,False,58.5,"{""original_candidate_order"": 102}",,True,,14.54005934718101,WINNER
2026-04-29,5434,103,BULL_TREND,,A,True,False,False,False,58.4,"{""original_candidate_order"": 103}",,True,,1.225490196078427,NEUTRAL
2026-04-29,3167,104,BULL_TREND,,B,False,True,False,False,58.4,"{""original_candidate_order"": 104}",,True,,-6.019656019656017,NEUTRAL
2026-04-29,1531,105,BULL_TREND,,A,True,False,False,False,58.2,"{""original_candidate_order"": 105}",,True,,-4.198473282442738,NEUTRAL
2026-04-29,2421,106,BULL_TREND,,AC,True,False,True,False,57.8,"{""original_candidate_order"": 106}",,True,,-0.6825938566552892,NEUTRAL
2026-04-29,1423,107,BULL_TREND,,A,True,False,False,False,57.7,"{""original_candidate_order"": 107}",,True,,-2.9904306220095656,NEUTRAL
2026-04-29,8996,108,BULL_TREND,,A,True,False,False,False,57.7,"{""original_candidate_order"": 108}",,True,,-6.578947368421051,NEUTRAL
2026-04-29,6835,109,BULL_TREND,,A,True,False,False,False,57.2,"{""original_candidate_order"": 109}",,True,,-4.522613065326631,NEUTRAL
2026-04-29,2365,110,BULL_TREND,,C,False,False,True,False,56.9,"{""original_candidate_order"": 110}",,True,,-4.465493910690133,NEUTRAL
2026-04-29,6782,111,BULL_TREND,,A,True,False,False,False,56.5,"{""original_candidate_order"": 111}",,True,,-13.636363636363635,BIG_LOSER
2026-04-29,6446,112,BULL_TREND,,A,True,False,False,False,56.4,"{""original_candidate_order"": 112}",,True,,20.865533230293654,WINNER
2026-04-29,1301,113,BULL_TREND,,A,True,False,False,False,56.2,"{""original_candidate_order"": 113}",,True,,-9.607843137254902,NEUTRAL
2026-04-29,8374,114,BULL_TREND,,A,True,False,False,False,56.1,"{""original_candidate_order"": 114}",,True,,12.845138055222094,WINNER
2026-04-29,1467,115,BULL_TREND,,A,True,False,False,False,56.0,"{""original_candidate_order"": 115}",,True,,-4.177897574123978,NEUTRAL
2026-04-29,2472,116,BULL_TREND,,A,True,False,False,False,55.4,"{""original_candidate_order"": 116}",,True,,30.422535211267608,WINNER
2026-04-29,2486,117,BULL_TREND,,B,False,True,False,False,55.0,"{""original_candidate_order"": 117}",,True,,2.1696252465483346,NEUTRAL
2026-04-29,3591,118,BULL_TREND,,A,True,False,False,False,54.9,"{""original_candidate_order"": 118}",,True,,1.2820512820512775,NEUTRAL
2026-04-29,4746,119,BULL_TREND,,A,True,False,False,False,54.8,"{""original_candidate_order"": 119}",,True,,-3.4545454545454546,NEUTRAL
2026-04-29,1468,120,BULL_TREND,,A,True,False,False,False,54.8,"{""original_candidate_order"": 120}",,True,,0.0,NEUTRAL
2026-05-06,3026,1,BULL_TREND,,B,False,True,False,False,80.3,"{""original_candidate_order"": 1}",,True,,44.505494505494504,WINNER
2026-05-06,6658,2,BULL_TREND,,AB,True,True,False,False,78.7,"{""original_candidate_order"": 2}",,True,,9.324758842443725,NEUTRAL
2026-05-06,2426,3,BULL_TREND,,AB,True,True,False,False,78.5,"{""original_candidate_order"": 3}",,True,,-9.580052493438318,NEUTRAL
2026-05-06,2233,4,BULL_TREND,,A,True,False,False,False,78.2,"{""original_candidate_order"": 4}",,True,,5.229793977813002,NEUTRAL
2026-05-06,2376,5,BULL_TREND,,A,True,False,False,False,78.1,"{""original_candidate_order"": 5}",,True,,0.33222591362125353,NEUTRAL
2026-05-06,6672,6,BULL_TREND,,B,False,True,False,False,77.3,"{""original_candidate_order"": 6}",,True,,-17.715617715617714,BIG_LOSER
2026-05-06,2383,7,BULL_TREND,,AB,True,True,False,False,77.2,"{""original_candidate_order"": 7}",,True,,-11.212121212121207,BIG_LOSER
2026-05-06,3528,8,BULL_TREND,,A,True,False,False,False,77.1,"{""original_candidate_order"": 8}",,True,,-1.6607354685646447,NEUTRAL
2026-05-06,6224,9,BULL_TREND,,B,False,True,False,False,76.9,"{""original_candidate_order"": 9}",,True,,-9.739524348810868,NEUTRAL
2026-05-06,2301,10,BULL_TREND,,A,True,False,False,False,76.8,"{""original_candidate_order"": 10}",,True,,10.270270270270277,WINNER
2026-05-06,3518,11,BULL_TREND,,AB,True,True,False,False,76.6,"{""original_candidate_order"": 11}",,True,,-17.223650385604106,BIG_LOSER
2026-05-06,1727,12,BULL_TREND,,B,False,True,False,False,76.1,"{""original_candidate_order"": 12}",,True,,8.322663252240714,NEUTRAL
2026-05-06,2454,13,BULL_TREND,,AB,True,True,False,False,75.6,"{""original_candidate_order"": 13}",,True,,-5.8309037900874605,NEUTRAL
2026-05-06,3583,14,BULL_TREND,,A,True,False,False,False,75.4,"{""original_candidate_order"": 14}",,True,,2.8642590286425795,NEUTRAL
2026-05-06,6414,15,BULL_TREND,,A,True,False,False,False,75.2,"{""original_candidate_order"": 15}",,True,,-4.878048780487809,NEUTRAL
2026-05-06,2486,16,BULL_TREND,,AB,True,True,False,False,75.0,"{""original_candidate_order"": 16}",,True,,-10.416666666666663,BIG_LOSER
2026-05-06,00929,17,BULL_TREND,,A,True,False,False,False,74.9,"{""original_candidate_order"": 17}",,True,,2.7459016393442726,NEUTRAL
2026-05-06,4720,18,BULL_TREND,,A,True,False,False,False,74.9,"{""original_candidate_order"": 18}",,True,,-3.937007874015752,NEUTRAL
2026-05-06,2464,19,BULL_TREND,,AB,True,True,False,False,74.8,"{""original_candidate_order"": 19}",,True,,12.162162162162172,WINNER
2026-05-06,2303,20,BULL_TREND,,A,True,False,False,False,74.6,"{""original_candidate_order"": 20}",,True,,18.16192560175054,WINNER
2026-05-06,3030,21,BULL_TREND,,B,False,True,False,False,74.6,"{""original_candidate_order"": 21}",,True,,-15.980629539951574,BIG_LOSER
2026-05-06,2317,22,BULL_TREND,,A,True,False,False,False,74.5,"{""original_candidate_order"": 22}",,True,,-4.761904761904767,NEUTRAL
2026-05-06,3661,23,BULL_TREND,,AB,True,True,False,False,74.0,"{""original_candidate_order"": 23}",,True,,0.766703176341732,NEUTRAL
2026-05-06,3033,24,BULL_TREND,,A,True,False,False,False,73.8,"{""original_candidate_order"": 24}",,True,,21.22641509433962,WINNER
2026-05-06,8016,25,BULL_TREND,,A,True,False,False,False,73.7,"{""original_candidate_order"": 25}",,True,,18.219461697722572,WINNER
2026-05-06,4540,26,BULL_TREND,,AB,True,True,False,False,73.5,"{""original_candidate_order"": 26}",,True,,-1.7416545718432541,NEUTRAL
2026-05-06,7769,27,BULL_TREND,,A,True,False,False,False,72.9,"{""original_candidate_order"": 27}",,True,,22.348816827344443,WINNER
2026-05-06,3229,28,BULL_TREND,,B,False,True,False,False,72.5,"{""original_candidate_order"": 28}",,True,,-11.475409836065587,BIG_LOSER
2026-05-06,4958,29,BULL_TREND,,B,False,True,False,False,72.5,"{""original_candidate_order"": 29}",,True,,6.553398058252435,NEUTRAL
2026-05-06,1711,30,BULL_TREND,,B,False,True,False,False,72.3,"{""original_candidate_order"": 30}",,True,,-23.152709359605915,BIG_LOSER
2026-05-06,2401,31,BULL_TREND,,A,True,False,False,False,72.0,"{""original_candidate_order"": 31}",,True,,7.17131474103585,NEUTRAL
2026-05-06,6669,32,BULL_TREND,,A,True,False,False,False,71.8,"{""original_candidate_order"": 32}",,True,,-1.2072434607645843,NEUTRAL
2026-05-06,3665,33,BULL_TREND,,A,True,False,False,False,71.7,"{""original_candidate_order"": 33}",,True,,-28.415300546448087,BIG_LOSER
2026-05-06,6166,34,BULL_TREND,,A,True,False,False,False,71.4,"{""original_candidate_order"": 34}",,True,,45.46599496221661,WINNER
2026-05-06,7750,35,BULL_TREND,,AB,True,True,False,False,71.4,"{""original_candidate_order"": 35}",,True,,-3.8535645472061675,NEUTRAL
2026-05-06,2395,36,BULL_TREND,,A,True,False,False,False,71.3,"{""original_candidate_order"": 36}",,True,,13.55311355311355,WINNER
2026-05-06,2059,37,BULL_TREND,,A,True,False,False,False,71.3,"{""original_candidate_order"": 37}",,True,,2.2727272727272707,NEUTRAL
2026-05-06,1809,38,BULL_TREND,,C,False,False,True,False,71.3,"{""original_candidate_order"": 38}",,True,,12.591508052708654,WINNER
2026-05-06,2451,39,BULL_TREND,,A,True,False,False,False,71.2,"{""original_candidate_order"": 39}",,True,,2.3140495867768562,NEUTRAL
2026-05-06,6165,40,BULL_TREND,,A,True,False,False,False,70.5,"{""original_candidate_order"": 40}",,True,,-8.23754789272031,NEUTRAL
2026-05-06,3023,41,BULL_TREND,,A,True,False,False,False,70.4,"{""original_candidate_order"": 41}",,True,,-0.6546644844517169,NEUTRAL
2026-05-06,2337,42,BULL_TREND,,A,True,False,False,False,70.3,"{""original_candidate_order"": 42}",,True,,-18.023255813953487,BIG_LOSER
2026-05-06,3532,43,BULL_TREND,,AB,True,True,False,False,70.3,"{""original_candidate_order"": 43}",,True,,-17.964071856287422,BIG_LOSER
2026-05-06,6526,44,BULL_TREND,,A,True,False,False,False,70.2,"{""original_candidate_order"": 44}",,True,,0.3053435114503733,NEUTRAL
2026-05-06,1597,45,BULL_TREND,,AB,True,True,False,False,70.2,"{""original_candidate_order"": 45}",,True,,-3.93258426966292,NEUTRAL
2026-05-06,3022,46,BULL_TREND,,A,True,False,False,False,70.0,"{""original_candidate_order"": 46}",,True,,-7.972972972972981,NEUTRAL
2026-05-06,2408,47,BULL_TREND,,A,True,False,False,False,69.9,"{""original_candidate_order"": 47}",,True,,-2.4822695035460973,NEUTRAL
2026-05-06,3533,48,BULL_TREND,,A,True,False,False,False,69.9,"{""original_candidate_order"": 48}",,True,,-13.711151736745887,BIG_LOSER
2026-05-06,3094,49,BULL_TREND,,A,True,False,False,False,69.6,"{""original_candidate_order"": 49}",,True,,19.604612850082347,WINNER
2026-05-06,3031,50,BULL_TREND,,A,True,False,False,False,69.5,"{""original_candidate_order"": 50}",,True,,0.16393442622950616,NEUTRAL
2026-05-06,8271,51,BULL_TREND,,AB,True,True,False,False,69.4,"{""original_candidate_order"": 51}",,True,,-11.52263374485597,BIG_LOSER
2026-05-06,3209,52,BULL_TREND,,A,True,False,False,False,69.3,"{""original_candidate_order"": 52}",,True,,39.53488372093024,WINNER
2026-05-06,6141,53,BULL_TREND,,B,False,True,False,False,69.1,"{""original_candidate_order"": 53}",,True,,-3.3613445378151363,NEUTRAL
2026-05-06,3515,54,BULL_TREND,,A,True,False,False,False,68.8,"{""original_candidate_order"": 54}",,True,,-10.245901639344257,BIG_LOSER
2026-05-06,0056,55,BULL_TREND,,A,True,False,False,False,68.7,"{""original_candidate_order"": 55}",,True,,0.41039671682625567,NEUTRAL
2026-05-06,2382,56,BULL_TREND,,A,True,False,False,False,68.7,"{""original_candidate_order"": 56}",,True,,-16.305916305916302,BIG_LOSER
2026-05-06,1590,57,BULL_TREND,,A,True,False,False,False,68.7,"{""original_candidate_order"": 57}",,True,,-2.0905923344947785,NEUTRAL
2026-05-06,3135,58,BULL_TREND,,B,False,True,False,False,68.4,"{""original_candidate_order"": 58}",,True,,10.43478260869566,WINNER
2026-05-06,3016,59,BULL_TREND,,AB,True,True,False,False,68.3,"{""original_candidate_order"": 59}",,True,,-8.296943231441045,NEUTRAL
2026-05-06,6789,60,BULL_TREND,,AB,True,True,False,False,68.1,"{""original_candidate_order"": 60}",,True,,-7.321428571428568,NEUTRAL
2026-05-06,8210,61,BULL_TREND,,A,True,False,False,False,67.9,"{""original_candidate_order"": 61}",,True,,-3.018867924528301,NEUTRAL
2026-05-06,3711,62,BULL_TREND,,A,True,False,False,False,67.8,"{""original_candidate_order"": 62}",,True,,-9.160305343511455,NEUTRAL
2026-05-06,6937,63,BULL_TREND,,A,True,False,False,False,67.8,"{""original_candidate_order"": 63}",,True,,-12.382445141065833,BIG_LOSER
2026-05-06,3167,64,BULL_TREND,,B,False,True,False,False,67.7,"{""original_candidate_order"": 64}",,True,,-1.8867924528301883,NEUTRAL
2026-05-06,3617,65,BULL_TREND,,A,True,False,False,False,67.5,"{""original_candidate_order"": 65}",,True,,-4.556962025316458,NEUTRAL
2026-05-06,00674R,66,BULL_TREND,,B,False,True,False,False,67.5,"{""original_candidate_order"": 66}",,True,,4.061677322301627,NEUTRAL
2026-05-06,4949,67,BULL_TREND,,A,True,False,False,False,67.5,"{""original_candidate_order"": 67}",,True,,-9.25155925155926,NEUTRAL
2026-05-06,2492,68,BULL_TREND,,A,True,False,False,False,67.4,"{""original_candidate_order"": 68}",,True,,64.62585034013605,WINNER
2026-05-06,2356,69,BULL_TREND,,A,True,False,False,False,67.4,"{""original_candidate_order"": 69}",,True,,4.471544715447151,NEUTRAL
2026-05-06,2455,70,BULL_TREND,,A,True,False,False,False,67.3,"{""original_candidate_order"": 70}",,True,,15.086206896551735,WINNER
2026-05-06,1533,71,BULL_TREND,,A,True,False,False,False,67.1,"{""original_candidate_order"": 71}",,True,,12.759643916913932,WINNER
2026-05-06,3231,72,BULL_TREND,,A,True,False,False,False,66.5,"{""original_candidate_order"": 72}",,True,,-9.55631399317406,NEUTRAL
2026-05-06,2637,73,BULL_TREND,,A,True,False,False,False,66.5,"{""original_candidate_order"": 73}",,True,,-5.52631578947369,NEUTRAL
2026-05-06,3028,74,BULL_TREND,,A,True,False,False,False,66.4,"{""original_candidate_order"": 74}",,True,,10.326797385620923,WINNER
2026-05-06,02001L,75,BULL_TREND,,B,False,True,False,False,66.3,"{""original_candidate_order"": 75}",,True,,-3.2632030914555576,NEUTRAL
2026-05-06,2312,76,BULL_TREND,,A,True,False,False,False,66.1,"{""original_candidate_order"": 76}",,True,,1.0714285714285676,NEUTRAL
2026-05-06,1568,77,BULL_TREND,,A,True,False,False,False,66.1,"{""original_candidate_order"": 77}",,True,,-3.6144578313253017,NEUTRAL
2026-05-06,2436,78,BULL_TREND,,A,True,False,False,False,65.7,"{""original_candidate_order"": 78}",,True,,-4.13885180240322,NEUTRAL
2026-05-06,3003,79,BULL_TREND,,A,True,False,False,False,65.7,"{""original_candidate_order"": 79}",,True,,5.35714285714286,NEUTRAL
2026-05-06,3593,80,BULL_TREND,,A,True,False,False,False,65.6,"{""original_candidate_order"": 80}",,True,,-6.5104166666666625,NEUTRAL
2026-05-06,00919,81,BULL_TREND,,A,True,False,False,False,65.5,"{""original_candidate_order"": 81}",,True,,4.295463669209143,NEUTRAL
2026-05-06,6533,82,BULL_TREND,,A,True,False,False,False,65.5,"{""original_candidate_order"": 82}",,True,,-10.351966873706008,BIG_LOSER
2026-05-06,6415,83,BULL_TREND,,A,True,False,False,False,65.3,"{""original_candidate_order"": 83}",,True,,19.5754716981132,WINNER
2026-05-06,2354,84,BULL_TREND,,AC,True,False,True,False,65.1,"{""original_candidate_order"": 84}",,True,,-10.575427682737171,BIG_LOSER
2026-05-06,4571,85,BULL_TREND,,A,True,False,False,False,65.1,"{""original_candidate_order"": 85}",,True,,10.209424083769637,WINNER
2026-05-06,4576,86,BULL_TREND,,AB,True,True,False,False,65.1,"{""original_candidate_order"": 86}",,True,,1.5021459227467782,NEUTRAL
2026-05-06,6209,87,BULL_TREND,,A,True,False,False,False,65.0,"{""original_candidate_order"": 87}",,True,,15.689149560117311,WINNER
2026-05-06,2392,88,BULL_TREND,,A,True,False,False,False,64.9,"{""original_candidate_order"": 88}",,True,,-8.717948717948708,NEUTRAL
2026-05-06,6205,89,BULL_TREND,,AB,True,True,False,False,64.9,"{""original_candidate_order"": 89}",,True,,-22.95430393198724,BIG_LOSER
2026-05-06,3006,90,BULL_TREND,,A,True,False,False,False,64.6,"{""original_candidate_order"": 90}",,True,,11.250000000000004,WINNER
2026-05-06,00918,91,BULL_TREND,,A,True,False,False,False,64.5,"{""original_candidate_order"": 91}",,True,,5.916187345932622,NEUTRAL
2026-05-06,2491,92,BULL_TREND,,C,False,False,True,False,64.5,"{""original_candidate_order"": 92}",,True,,3.6745406824146842,NEUTRAL
2026-05-06,8150,93,BULL_TREND,,A,True,False,False,False,64.4,"{""original_candidate_order"": 93}",,True,,-16.591928251121068,BIG_LOSER
2026-05-06,3055,94,BULL_TREND,,A,True,False,False,False,64.4,"{""original_candidate_order"": 94}",,True,,41.59292035398232,WINNER
2026-05-06,2425,95,BULL_TREND,,A,True,False,False,False,64.1,"{""original_candidate_order"": 95}",,True,,3.4865293185419866,NEUTRAL
2026-05-06,2352,96,BULL_TREND,,A,True,False,False,False,64.0,"{""original_candidate_order"": 96}",,True,,0.7736943907156624,NEUTRAL
2026-05-06,4566,97,BULL_TREND,,A,True,False,False,False,63.8,"{""original_candidate_order"": 97}",,True,,-10.766961651917395,BIG_LOSER
2026-05-06,2342,98,BULL_TREND,,A,True,False,False,False,63.7,"{""original_candidate_order"": 98}",,True,,-8.492822966507173,NEUTRAL
2026-05-06,4722,99,BULL_TREND,,A,True,False,False,False,63.7,"{""original_candidate_order"": 99}",,True,,17.037037037037027,WINNER
2026-05-06,6719,100,BULL_TREND,,A,True,False,False,False,63.6,"{""original_candidate_order"": 100}",,True,,23.404255319148938,WINNER
2026-05-06,7711,101,BULL_TREND,,A,True,False,False,False,63.6,"{""original_candidate_order"": 101}",,True,,-18.319719953325553,BIG_LOSER
2026-05-06,3706,102,BULL_TREND,,A,True,False,False,False,63.5,"{""original_candidate_order"": 102}",,True,,-8.542141230068335,NEUTRAL
2026-05-06,4919,103,BULL_TREND,,AB,True,True,False,False,63.5,"{""original_candidate_order"": 103}",,True,,2.4844720496894457,NEUTRAL
2026-05-06,8996,104,BULL_TREND,,A,True,False,False,False,63.3,"{""original_candidate_order"": 104}",,True,,-14.678111587982833,BIG_LOSER
2026-05-06,3034,105,BULL_TREND,,A,True,False,False,False,63.2,"{""original_candidate_order"": 105}",,True,,7.021517553793877,NEUTRAL
2026-05-06,6197,106,BULL_TREND,,A,True,False,False,False,62.8,"{""original_candidate_order"": 106}",,True,,-7.462686567164178,NEUTRAL
2026-05-06,4739,107,BULL_TREND,,C,False,False,True,False,62.8,"{""original_candidate_order"": 107}",,True,,0.6600660066006458,NEUTRAL
2026-05-06,1762,108,BULL_TREND,,C,False,False,True,False,62.8,"{""original_candidate_order"": 108}",,True,,20.90483619344774,WINNER
2026-05-06,3035,109,BULL_TREND,,A,True,False,False,False,62.8,"{""original_candidate_order"": 109}",,True,,4.40771349862259,NEUTRAL
2026-05-06,2476,110,BULL_TREND,,A,True,False,False,False,62.7,"{""original_candidate_order"": 110}",,True,,0.0,NEUTRAL
2026-05-06,2388,111,BULL_TREND,,A,True,False,False,False,62.7,"{""original_candidate_order"": 111}",,True,,2.124999999999999,NEUTRAL
2026-05-06,7631,112,BULL_TREND,,A,True,False,False,False,62.4,"{""original_candidate_order"": 112}",,True,,-4.313725490196074,NEUTRAL
2026-05-06,3024,113,BULL_TREND,,A,True,False,False,False,62.4,"{""original_candidate_order"": 113}",,True,,28.519855595667877,WINNER
2026-05-06,6257,114,BULL_TREND,,A,True,False,False,False,62.3,"{""original_candidate_order"": 114}",,True,,1.7199017199017286,NEUTRAL
2026-05-06,6782,115,BULL_TREND,,A,True,False,False,False,62.3,"{""original_candidate_order"": 115}",,True,,-15.707964601769909,BIG_LOSER
2026-05-06,5284,116,BULL_TREND,,A,True,False,False,False,62.3,"{""original_candidate_order"": 116}",,True,,1.96629213483146,NEUTRAL
2026-05-06,6283,117,BULL_TREND,,A,True,False,False,False,62.2,"{""original_candidate_order"": 117}",,True,,-0.20618556701030855,NEUTRAL
2026-05-06,6552,118,BULL_TREND,,A,True,False,False,False,62.1,"{""original_candidate_order"": 118}",,True,,-9.967845659163988,NEUTRAL
2026-05-06,6412,119,BULL_TREND,,AC,True,False,True,False,62.1,"{""original_candidate_order"": 119}",,True,,8.371559633027514,NEUTRAL
2026-05-06,00631L,120,BULL_TREND,,C,False,False,True,False,62.1,"{""original_candidate_order"": 120}",,True,,-7.463154593916588,NEUTRAL
2026-05-12,3026,1,BULL_TREND,,AB,True,True,False,False,85.1,"{""original_candidate_order"": 1}",,True,,72.72727272727273,WINNER
2026-05-12,1597,2,BULL_TREND,,B,False,True,False,False,84.2,"{""original_candidate_order"": 2}",,True,,18.181818181818187,WINNER
2026-05-12,3055,3,BULL_TREND,,B,False,True,False,False,81.7,"{""original_candidate_order"": 3}",,True,,8.18181818181818,NEUTRAL
2026-05-12,3024,4,BULL_TREND,,A,True,False,False,False,81.3,"{""original_candidate_order"": 4}",,True,,8.417508417508435,NEUTRAL
2026-05-12,2395,5,BULL_TREND,,A,True,False,False,False,80.5,"{""original_candidate_order"": 5}",,True,,3.134479271991908,NEUTRAL
2026-05-12,2303,6,BULL_TREND,,AB,True,True,False,False,80.2,"{""original_candidate_order"": 6}",,True,,24.880382775119614,WINNER
2026-05-12,6831,7,BULL_TREND,,A,True,False,False,False,80.0,"{""original_candidate_order"": 7}",,True,,30.99041533546325,WINNER
2026-05-12,6206,8,BULL_TREND,,A,True,False,False,False,79.9,"{""original_candidate_order"": 8}",,True,,0.0,NEUTRAL
2026-05-12,6166,9,BULL_TREND,,AB,True,True,False,False,79.7,"{""original_candidate_order"": 9}",,True,,31.034482758620683,WINNER
2026-05-12,3661,10,BULL_TREND,,AB,True,True,False,False,78.9,"{""original_candidate_order"": 10}",,True,,-12.61770244821092,BIG_LOSER
2026-05-12,3016,11,BULL_TREND,,B,False,True,False,False,78.9,"{""original_candidate_order"": 11}",,True,,3.703703703703698,NEUTRAL
2026-05-12,6414,12,BULL_TREND,,A,True,False,False,False,78.7,"{""original_candidate_order"": 12}",,True,,-1.7955801104972413,NEUTRAL
2026-05-12,3135,13,BULL_TREND,,B,False,True,False,False,78.5,"{""original_candidate_order"": 13}",,True,,5.386416861826704,NEUTRAL
2026-05-12,2376,14,BULL_TREND,,A,True,False,False,False,77.9,"{""original_candidate_order"": 14}",,True,,4.672897196261672,NEUTRAL
2026-05-12,3034,15,BULL_TREND,,A,True,False,False,False,77.0,"{""original_candidate_order"": 15}",,True,,0.924024640657084,NEUTRAL
2026-05-12,6526,16,BULL_TREND,,B,False,True,False,False,77.0,"{""original_candidate_order"": 16}",,True,,-5.177111716621252,NEUTRAL
2026-05-12,8114,17,BULL_TREND,,AC,True,False,True,False,76.7,"{""original_candidate_order"": 17}",,True,,8.768267223382043,NEUTRAL
2026-05-12,3443,18,BULL_TREND,,AB,True,True,False,False,76.4,"{""original_candidate_order"": 18}",,True,,-5.11669658886894,NEUTRAL
2026-05-12,2342,19,BULL_TREND,,B,False,True,False,False,76.3,"{""original_candidate_order"": 19}",,True,,-1.7006802721088454,NEUTRAL
2026-05-12,00981A,20,BULL_TREND,,A,True,False,False,False,76.2,"{""original_candidate_order"": 20}",,True,,5.071738405071735,NEUTRAL
2026-05-12,2317,21,BULL_TREND,,A,True,False,False,False,76.1,"{""original_candidate_order"": 21}",,True,,3.600000000000003,NEUTRAL
2026-05-12,6282,22,BULL_TREND,,A,True,False,False,False,76.0,"{""original_candidate_order"": 22}",,True,,11.428571428571432,WINNER
2026-05-12,4722,23,BULL_TREND,,AB,True,True,False,False,76.0,"{""original_candidate_order"": 23}",,True,,6.5764023210831635,NEUTRAL
2026-05-12,3229,24,BULL_TREND,,B,False,True,False,False,75.7,"{""original_candidate_order"": 24}",,True,,-2.244897959183678,NEUTRAL
2026-05-12,2360,25,BULL_TREND,,A,True,False,False,False,75.4,"{""original_candidate_order"": 25}",,True,,2.4590163934426146,NEUTRAL
2026-05-12,8210,26,BULL_TREND,,AB,True,True,False,False,75.2,"{""original_candidate_order"": 26}",,True,,-7.096774193548383,NEUTRAL
2026-05-12,2492,27,BULL_TREND,,A,True,False,False,False,75.2,"{""original_candidate_order"": 27}",,True,,74.27055702917771,WINNER
2026-05-12,2426,28,BULL_TREND,,A,True,False,False,False,74.9,"{""original_candidate_order"": 28}",,True,,12.017167381974225,WINNER
2026-05-12,2408,29,BULL_TREND,,A,True,False,False,False,74.3,"{""original_candidate_order"": 29}",,True,,-5.451713395638624,NEUTRAL
2026-05-12,6405,30,BULL_TREND,,B,False,True,False,False,74.2,"{""original_candidate_order"": 30}",,True,,30.41237113402062,WINNER
2026-05-12,2464,31,BULL_TREND,,B,False,True,False,False,74.0,"{""original_candidate_order"": 31}",,True,,47.033898305084755,WINNER
2026-05-12,7750,32,BULL_TREND,,B,False,True,False,False,73.9,"{""original_candidate_order"": 32}",,True,,-14.332247557003253,BIG_LOSER
2026-05-12,3450,33,BULL_TREND,,AB,True,True,False,False,73.5,"{""original_candidate_order"": 33}",,True,,12.646121147715196,WINNER
2026-05-12,2451,34,BULL_TREND,,A,True,False,False,False,73.5,"{""original_candidate_order"": 34}",,True,,-9.829059829059828,NEUTRAL
2026-05-12,2345,35,BULL_TREND,,A,True,False,False,False,73.2,"{""original_candidate_order"": 35}",,True,,3.7623762376237657,NEUTRAL
2026-05-12,2312,36,BULL_TREND,,A,True,False,False,False,73.2,"{""original_candidate_order"": 36}",,True,,35.82342954159592,WINNER
2026-05-12,4807,37,BULL_TREND,,B,False,True,False,False,73.2,"{""original_candidate_order"": 37}",,True,,-8.7890625,NEUTRAL
2026-05-12,3481,38,BULL_TREND,,AC,True,False,True,False,72.4,"{""original_candidate_order"": 38}",,True,,28.73239436619719,WINNER
2026-05-12,2059,39,BULL_TREND,,AB,True,True,False,False,72.3,"{""original_candidate_order"": 39}",,True,,-7.529843893480259,NEUTRAL
2026-05-12,2357,40,BULL_TREND,,A,True,False,False,False,72.3,"{""original_candidate_order"": 40}",,True,,3.8632986627043175,NEUTRAL
2026-05-12,6285,41,BULL_TREND,,A,True,False,False,False,72.2,"{""original_candidate_order"": 41}",,True,,7.978723404255317,NEUTRAL
2026-05-12,8374,42,BULL_TREND,,A,True,False,False,False,72.2,"{""original_candidate_order"": 42}",,True,,21.162280701754387,WINNER
2026-05-12,6449,43,BULL_TREND,,A,True,False,False,False,72.0,"{""original_candidate_order"": 43}",,True,,77.32997481108312,WINNER
2026-05-12,4720,44,BULL_TREND,,A,True,False,False,False,72.0,"{""original_candidate_order"": 44}",,True,,-7.977736549165115,NEUTRAL
2026-05-12,2478,45,BULL_TREND,,A,True,False,False,False,71.8,"{""original_candidate_order"": 45}",,True,,48.75000000000001,WINNER
2026-05-12,6789,46,BULL_TREND,,B,False,True,False,False,71.7,"{""original_candidate_order"": 46}",,True,,-6.3973063973064015,NEUTRAL
2026-05-12,7769,47,BULL_TREND,,AB,True,True,False,False,71.2,"{""original_candidate_order"": 47}",,True,,14.992721979621537,WINNER
2026-05-12,4764,48,BULL_TREND,,B,False,True,False,False,71.0,"{""original_candidate_order"": 48}",,True,,4.160246533127898,NEUTRAL
2026-05-12,2383,49,BULL_TREND,,A,True,False,False,False,70.8,"{""original_candidate_order"": 49}",,True,,7.959183673469394,NEUTRAL
2026-05-12,2301,50,BULL_TREND,,AB,True,True,False,False,70.7,"{""original_candidate_order"": 50}",,True,,2.1321961620469176,NEUTRAL
2026-05-12,2428,51,BULL_TREND,,A,True,False,False,False,70.3,"{""original_candidate_order"": 51}",,True,,27.04714640198511,WINNER
2026-05-12,9939,52,BULL_TREND,,C,False,False,True,False,70.2,"{""original_candidate_order"": 52}",,True,,0.0,NEUTRAL
2026-05-12,2327,53,BULL_TREND,,A,True,False,False,False,70.1,"{""original_candidate_order"": 53}",,True,,57.56853396901074,WINNER
2026-05-12,2465,54,BULL_TREND,,A,True,False,False,False,70.1,"{""original_candidate_order"": 54}",,True,,2.1077283372365363,NEUTRAL
2026-05-12,3094,55,BULL_TREND,,A,True,False,False,False,69.9,"{""original_candidate_order"": 55}",,True,,11.305732484076447,WINNER
2026-05-12,00919,56,BULL_TREND,,A,True,False,False,False,69.7,"{""original_candidate_order"": 56}",,True,,8.550330353672763,NEUTRAL
2026-05-12,2425,57,BULL_TREND,,A,True,False,False,False,69.7,"{""original_candidate_order"": 57}",,True,,2.6470588235294024,NEUTRAL
2026-05-12,3711,58,BULL_TREND,,A,True,False,False,False,69.7,"{""original_candidate_order"": 58}",,True,,10.090090090090097,WINNER
2026-05-12,6116,59,BULL_TREND,,AC,True,False,True,False,69.6,"{""original_candidate_order"": 59}",,True,,28.169014084507047,WINNER
2026-05-12,00674R,60,BULL_TREND,,B,False,True,False,False,69.6,"{""original_candidate_order"": 60}",,True,,4.082411293399457,NEUTRAL
2026-05-12,2417,61,BULL_TREND,,A,True,False,False,False,69.4,"{""original_candidate_order"": 61}",,True,,1.1904761904761862,NEUTRAL
2026-05-12,6861,62,BULL_TREND,,AB,True,True,False,False,69.4,"{""original_candidate_order"": 62}",,True,,5.5164319248826255,NEUTRAL
2026-05-12,0056,63,BULL_TREND,,A,True,False,False,False,69.3,"{""original_candidate_order"": 63}",,True,,6.011408512505478,NEUTRAL
2026-05-12,5388,64,BULL_TREND,,A,True,False,False,False,69.1,"{""original_candidate_order"": 64}",,True,,-4.081632653061229,NEUTRAL
2026-05-12,2352,65,BULL_TREND,,A,True,False,False,False,68.9,"{""original_candidate_order"": 65}",,True,,8.285163776493265,NEUTRAL
2026-05-12,1809,66,BULL_TREND,,B,False,True,False,False,68.9,"{""original_candidate_order"": 66}",,True,,22.029702970297027,WINNER
2026-05-12,6669,67,BULL_TREND,,AB,True,True,False,False,68.7,"{""original_candidate_order"": 67}",,True,,-8.808290155440412,NEUTRAL
2026-05-12,3356,68,BULL_TREND,,A,True,False,False,False,68.2,"{""original_candidate_order"": 68}",,True,,7.224958949096871,NEUTRAL
2026-05-12,2344,69,BULL_TREND,,AC,True,False,True,False,68.1,"{""original_candidate_order"": 69}",,True,,16.049382716049386,WINNER
2026-05-12,3518,70,BULL_TREND,,AB,True,True,False,False,68.0,"{""original_candidate_order"": 70}",,True,,-4.255319148936176,NEUTRAL
2026-05-12,2454,71,BULL_TREND,,B,False,True,False,False,68.0,"{""original_candidate_order"": 71}",,True,,15.27027027027028,WINNER
2026-05-12,5284,72,BULL_TREND,,A,True,False,False,False,67.9,"{""original_candidate_order"": 72}",,True,,5.235602094240832,NEUTRAL
2026-05-12,3037,73,BULL_TREND,,A,True,False,False,False,67.9,"{""original_candidate_order"": 73}",,True,,24.0,WINNER
2026-05-12,8046,74,BULL_TREND,,A,True,False,False,False,67.8,"{""original_candidate_order"": 74}",,True,,2.444444444444449,NEUTRAL
2026-05-12,1721,75,BULL_TREND,,B,False,True,False,False,67.5,"{""original_candidate_order"": 75}",,True,,-14.51378809869377,BIG_LOSER
2026-05-12,4977,76,BULL_TREND,,A,True,False,False,False,67.3,"{""original_candidate_order"": 76}",,True,,-12.939001848428832,BIG_LOSER
2026-05-12,6579,77,BULL_TREND,,A,True,False,False,False,67.2,"{""original_candidate_order"": 77}",,True,,23.758865248226947,WINNER
2026-05-12,2420,78,BULL_TREND,,A,True,False,False,False,66.9,"{""original_candidate_order"": 78}",,True,,8.103448275862068,NEUTRAL
2026-05-12,3665,79,BULL_TREND,,A,True,False,False,False,66.8,"{""original_candidate_order"": 79}",,True,,-18.37837837837838,BIG_LOSER
2026-05-12,4958,80,BULL_TREND,,AB,True,True,False,False,66.5,"{""original_candidate_order"": 80}",,True,,32.678132678132684,WINNER
2026-05-12,2328,81,BULL_TREND,,A,True,False,False,False,66.0,"{""original_candidate_order"": 81}",,True,,0.92592592592593,NEUTRAL
2026-05-12,4919,82,BULL_TREND,,B,False,True,False,False,65.9,"{""original_candidate_order"": 82}",,True,,16.574585635359117,WINNER
2026-05-12,6658,83,BULL_TREND,,B,False,True,False,False,65.7,"{""original_candidate_order"": 83}",,True,,20.10309278350515,WINNER
2026-05-12,3046,84,BULL_TREND,,A,True,False,False,False,65.6,"{""original_candidate_order"": 84}",,True,,3.4615384615384492,NEUTRAL
2026-05-12,3583,85,BULL_TREND,,A,True,False,False,False,65.5,"{""original_candidate_order"": 85}",,True,,-4.621848739495793,NEUTRAL
2026-05-12,2364,86,BULL_TREND,,AC,True,False,True,False,65.5,"{""original_candidate_order"": 86}",,True,,-3.2440056417489593,NEUTRAL
2026-05-12,2049,87,BULL_TREND,,A,True,False,False,False,65.1,"{""original_candidate_order"": 87}",,True,,11.428571428571432,WINNER
2026-05-12,8103,88,BULL_TREND,,A,True,False,False,False,65.0,"{""original_candidate_order"": 88}",,True,,-9.322033898305083,NEUTRAL
2026-05-12,6205,89,BULL_TREND,,A,True,False,False,False,65.0,"{""original_candidate_order"": 89}",,True,,-3.3760186263096736,NEUTRAL
2026-05-12,2472,90,BULL_TREND,,A,True,False,False,False,65.0,"{""original_candidate_order"": 90}",,True,,37.66816143497758,WINNER
2026-05-12,2486,91,BULL_TREND,,A,True,False,False,False,64.9,"{""original_candidate_order"": 91}",,True,,6.839186691312382,NEUTRAL
2026-05-12,8499,92,BULL_TREND,,C,False,False,True,False,64.9,"{""original_candidate_order"": 92}",,True,,9.787928221859698,NEUTRAL
2026-05-12,6224,93,BULL_TREND,,AB,True,True,False,False,64.8,"{""original_candidate_order"": 93}",,True,,5.935483870967739,NEUTRAL
2026-05-12,6743,94,BULL_TREND,,A,True,False,False,False,64.8,"{""original_candidate_order"": 94}",,True,,-2.6711185308848084,NEUTRAL
2026-05-12,3051,95,BULL_TREND,,A,True,False,False,False,64.3,"{""original_candidate_order"": 95}",,True,,8.461538461538453,NEUTRAL
2026-05-12,6108,96,BULL_TREND,,A,True,False,False,False,64.3,"{""original_candidate_order"": 96}",,True,,-3.439803439803457,NEUTRAL
2026-05-12,3008,97,BULL_TREND,,A,True,False,False,False,64.2,"{""original_candidate_order"": 97}",,True,,31.127012522361362,WINNER
2026-05-12,1762,98,BULL_TREND,,C,False,False,True,False,64.2,"{""original_candidate_order"": 98}",,True,,14.782608695652177,WINNER
2026-05-12,2481,99,BULL_TREND,,A,True,False,False,False,64.0,"{""original_candidate_order"": 99}",,True,,27.27272727272727,WINNER
2026-05-12,7631,100,BULL_TREND,,A,True,False,False,False,63.9,"{""original_candidate_order"": 100}",,True,,0.0,NEUTRAL
2026-05-12,2467,101,BULL_TREND,,A,True,False,False,False,63.8,"{""original_candidate_order"": 101}",,True,,2.927580893682591,NEUTRAL
2026-05-12,02001L,102,BULL_TREND,,B,False,True,False,False,63.8,"{""original_candidate_order"": 102}",,True,,24.666666666666657,WINNER
2026-05-12,4916,103,BULL_TREND,,A,True,False,False,False,63.7,"{""original_candidate_order"": 103}",,True,,46.929824561403485,WINNER
2026-05-12,3028,104,BULL_TREND,,A,True,False,False,False,63.6,"{""original_candidate_order"": 104}",,True,,9.090909090909083,NEUTRAL
2026-05-12,8213,105,BULL_TREND,,A,True,False,False,False,63.5,"{""original_candidate_order"": 105}",,True,,-4.7330097087378675,NEUTRAL
2026-05-12,2409,106,BULL_TREND,,A,True,False,False,False,63.4,"{""original_candidate_order"": 106}",,True,,6.2801932367149815,NEUTRAL
2026-05-12,6283,107,BULL_TREND,,A,True,False,False,False,63.4,"{""original_candidate_order"": 107}",,True,,-1.4084507042253613,NEUTRAL
2026-05-12,4912,108,BULL_TREND,,A,True,False,False,False,63.3,"{""original_candidate_order"": 108}",,True,,12.10526315789473,WINNER
2026-05-12,2030,109,BULL_TREND,,C,False,False,True,False,63.2,"{""original_candidate_order"": 109}",,True,,0.0,NEUTRAL
2026-05-12,2354,110,BULL_TREND,,A,True,False,False,False,63.0,"{""original_candidate_order"": 110}",,True,,-3.200000000000003,NEUTRAL
2026-05-12,2374,111,BULL_TREND,,A,True,False,False,False,62.8,"{""original_candidate_order"": 111}",,True,,0.0,NEUTRAL
2026-05-12,4967,112,BULL_TREND,,A,True,False,False,False,62.7,"{""original_candidate_order"": 112}",,True,,-5.078809106830118,NEUTRAL
2026-05-12,910861,113,BULL_TREND,,C,False,False,True,False,62.3,"{""original_candidate_order"": 113}",,True,,-3.4482758620689613,NEUTRAL
2026-05-12,2483,114,BULL_TREND,,A,True,False,False,False,62.2,"{""original_candidate_order"": 114}",,True,,4.878048780487809,NEUTRAL
2026-05-12,3036,115,BULL_TREND,,C,False,False,True,False,62.2,"{""original_candidate_order"": 115}",,True,,6.533575317604345,NEUTRAL
2026-05-12,6768,116,BULL_TREND,,C,False,False,True,False,62.0,"{""original_candidate_order"": 116}",,True,,-6.858407079646023,NEUTRAL
2026-05-12,00738U,117,BULL_TREND,,C,False,False,True,False,61.8,"{""original_candidate_order"": 117}",,True,,-11.01511879049677,BIG_LOSER
2026-05-12,8438,118,BULL_TREND,,A,True,False,False,False,61.6,"{""original_candidate_order"": 118}",,True,,-11.014492753623195,BIG_LOSER
2026-05-12,5215,119,BULL_TREND,,A,True,False,False,False,61.6,"{""original_candidate_order"": 119}",,True,,12.232779097387159,WINNER
2026-05-12,2375,120,BULL_TREND,,A,True,False,False,False,61.2,"{""original_candidate_order"": 120}",,True,,41.35021097046414,WINNER
2026-05-26,4916,1,BULL_TREND,,AB,True,True,False,False,82.4,"{""original_candidate_order"": 1}",,True,,18.905472636815922,WINNER
2026-05-26,5285,2,BULL_TREND,,AB,True,True,False,False,82.3,"{""original_candidate_order"": 2}",,True,,-2.5669642857142794,NEUTRAL
2026-05-26,3090,3,BULL_TREND,,AB,True,True,False,False,80.2,"{""original_candidate_order"": 3}",,True,,-0.8620689655172376,NEUTRAL
2026-05-26,6206,4,BULL_TREND,,A,True,False,False,False,79.6,"{""original_candidate_order"": 4}",,True,,-1.0714285714285676,NEUTRAL
2026-05-26,6579,5,BULL_TREND,,A,True,False,False,False,79.1,"{""original_candidate_order"": 5}",,True,,-6.017191977077363,NEUTRAL
2026-05-26,00947,6,BULL_TREND,,A,True,False,False,False,78.9,"{""original_candidate_order"": 6}",,True,,-1.1114051336332365,NEUTRAL
2026-05-26,2312,7,BULL_TREND,,A,True,False,False,False,78.7,"{""original_candidate_order"": 7}",,True,,-6.999999999999995,NEUTRAL
2026-05-26,3048,8,BULL_TREND,,AB,True,True,False,False,77.8,"{""original_candidate_order"": 8}",,True,,-1.9178082191780854,NEUTRAL
2026-05-26,8473,9,BULL_TREND,,A,True,False,False,False,77.6,"{""original_candidate_order"": 9}",,True,,27.315914489311165,WINNER
2026-05-26,2464,10,BULL_TREND,,AB,True,True,False,False,77.2,"{""original_candidate_order"": 10}",,True,,-13.544668587896258,BIG_LOSER
2026-05-26,3055,11,BULL_TREND,,A,True,False,False,False,77.1,"{""original_candidate_order"": 11}",,True,,-26.21848739495799,BIG_LOSER
2026-05-26,3209,12,BULL_TREND,,A,True,False,False,False,76.4,"{""original_candidate_order"": 12}",,True,,-11.194029850746269,BIG_LOSER
2026-05-26,6166,13,BULL_TREND,,AB,True,True,False,False,76.2,"{""original_candidate_order"": 13}",,True,,3.383458646616533,NEUTRAL
2026-05-26,8261,14,BULL_TREND,,AB,True,True,False,False,76.1,"{""original_candidate_order"": 14}",,True,,-14.987080103359174,BIG_LOSER
2026-05-26,7610,15,BULL_TREND,,AB,True,True,False,False,75.8,"{""original_candidate_order"": 15}",,True,,51.98412698412697,WINNER
2026-05-26,00901,16,BULL_TREND,,A,True,False,False,False,75.7,"{""original_candidate_order"": 16}",,True,,2.0791860207918456,NEUTRAL
2026-05-26,2465,17,BULL_TREND,,A,True,False,False,False,75.6,"{""original_candidate_order"": 17}",,True,,-7.568807339449545,NEUTRAL
2026-05-26,6282,18,BULL_TREND,,A,True,False,False,False,75.5,"{""original_candidate_order"": 18}",,True,,1.2820512820512997,NEUTRAL
2026-05-26,3504,19,BULL_TREND,,A,True,False,False,False,75.1,"{""original_candidate_order"": 19}",,True,,-0.24906600249066102,NEUTRAL
2026-05-26,2303,20,BULL_TREND,,AB,True,True,False,False,75.0,"{""original_candidate_order"": 20}",,True,,-2.298850574712641,NEUTRAL
2026-05-26,00690,21,BULL_TREND,,A,True,False,False,False,74.9,"{""original_candidate_order"": 21}",,True,,2.2392834293026187,NEUTRAL
2026-05-26,6451,22,BULL_TREND,,BC,False,True,True,False,74.8,"{""original_candidate_order"": 22}",,True,,-2.5316455696202556,NEUTRAL
2026-05-26,2302,23,BULL_TREND,,AB,True,True,False,False,74.8,"{""original_candidate_order"": 23}",,True,,0.0,NEUTRAL
2026-05-26,2493,24,BULL_TREND,,A,True,False,False,False,74.7,"{""original_candidate_order"": 24}",,True,,3.3639143730886945,NEUTRAL
2026-05-26,2404,25,BULL_TREND,,A,True,False,False,False,74.5,"{""original_candidate_order"": 25}",,True,,-5.928853754940711,NEUTRAL
2026-05-26,00929,26,BULL_TREND,,A,True,False,False,False,74.4,"{""original_candidate_order"": 26}",,True,,0.7531667237247408,NEUTRAL
2026-05-26,6139,27,BULL_TREND,,A,True,False,False,False,74.0,"{""original_candidate_order"": 27}",,True,,-9.322033898305083,NEUTRAL
2026-05-26,1597,28,BULL_TREND,,AB,True,True,False,False,74.0,"{""original_candidate_order"": 28}",,True,,-27.601809954751133,BIG_LOSER
2026-05-26,2881,29,BULL_TREND,,A,True,False,False,False,73.8,"{""original_candidate_order"": 29}",,True,,20.772946859903385,WINNER
2026-05-26,00982A,30,BULL_TREND,,A,True,False,False,False,73.4,"{""original_candidate_order"": 30}",,True,,-2.4106400665004135,NEUTRAL
2026-05-26,6658,31,BULL_TREND,,B,False,True,False,False,73.4,"{""original_candidate_order"": 31}",,True,,-19.09871244635193,BIG_LOSER
2026-05-26,4526,32,BULL_TREND,,A,True,False,False,False,73.2,"{""original_candidate_order"": 32}",,True,,-11.499436302142051,BIG_LOSER
2026-05-26,6861,33,BULL_TREND,,B,False,True,False,False,73.0,"{""original_candidate_order"": 33}",,True,,-21.69076751946607,BIG_LOSER
2026-05-26,00878,34,BULL_TREND,,A,True,False,False,False,72.9,"{""original_candidate_order"": 34}",,True,,9.08170155300474,NEUTRAL
2026-05-26,2316,35,BULL_TREND,,A,True,False,False,False,72.9,"{""original_candidate_order"": 35}",,True,,-1.7492711370262426,NEUTRAL
2026-05-26,6196,36,BULL_TREND,,A,True,False,False,False,72.8,"{""original_candidate_order"": 36}",,True,,2.7667984189723382,NEUTRAL
2026-05-26,00850,37,BULL_TREND,,A,True,False,False,False,72.7,"{""original_candidate_order"": 37}",,True,,3.2295271049596286,NEUTRAL
2026-05-26,6831,38,BULL_TREND,,AB,True,True,False,False,72.7,"{""original_candidate_order"": 38}",,True,,-5.36585365853659,NEUTRAL
2026-05-26,2359,39,BULL_TREND,,A,True,False,False,False,72.7,"{""original_candidate_order"": 39}",,True,,0.3472222222222321,NEUTRAL
2026-05-26,2344,40,BULL_TREND,,A,True,False,False,False,72.6,"{""original_candidate_order"": 40}",,True,,10.99290780141844,WINNER
2026-05-26,2481,41,BULL_TREND,,A,True,False,False,False,72.6,"{""original_candidate_order"": 41}",,True,,-0.6802721088435382,NEUTRAL
2026-05-26,1568,42,BULL_TREND,,A,True,False,False,False,72.6,"{""original_candidate_order"": 42}",,True,,18.518518518518512,WINNER
2026-05-26,2478,43,BULL_TREND,,AB,True,True,False,False,72.5,"{""original_candidate_order"": 43}",,True,,40.336134453781504,WINNER
2026-05-26,00891,44,BULL_TREND,,A,True,False,False,False,72.4,"{""original_candidate_order"": 44}",,True,,-0.45571062375390214,NEUTRAL
2026-05-26,2421,45,BULL_TREND,,A,True,False,False,False,72.3,"{""original_candidate_order"": 45}",,True,,-3.0303030303030276,NEUTRAL
2026-05-26,00930,46,BULL_TREND,,A,True,False,False,False,72.3,"{""original_candidate_order"": 46}",,True,,6.153184165232362,NEUTRAL
2026-05-26,2423,47,BULL_TREND,,A,True,False,False,False,72.3,"{""original_candidate_order"": 47}",,True,,-4.69135802469135,NEUTRAL
2026-05-26,6278,48,BULL_TREND,,AB,True,True,False,False,72.3,"{""original_candidate_order"": 48}",,True,,-19.47261663286004,BIG_LOSER
2026-05-26,1605,49,BULL_TREND,,A,True,False,False,False,72.2,"{""original_candidate_order"": 49}",,True,,-1.749663526244949,NEUTRAL
2026-05-26,2428,50,BULL_TREND,,A,True,False,False,False,71.9,"{""original_candidate_order"": 50}",,True,,12.890625,WINNER
2026-05-26,2484,51,BULL_TREND,,AC,True,False,True,False,71.9,"{""original_candidate_order"": 51}",,True,,8.571428571428562,NEUTRAL
2026-05-26,6215,52,BULL_TREND,,A,True,False,False,False,71.9,"{""original_candidate_order"": 52}",,True,,-11.698113207547166,BIG_LOSER
2026-05-26,00733,53,BULL_TREND,,A,True,False,False,False,71.7,"{""original_candidate_order"": 53}",,True,,-5.290659699542777,NEUTRAL
2026-05-26,2375,54,BULL_TREND,,AB,True,True,False,False,71.7,"{""original_candidate_order"": 54}",,True,,23.134328358208943,WINNER
2026-05-26,00861,55,BULL_TREND,,A,True,False,False,False,71.6,"{""original_candidate_order"": 55}",,True,,2.540937323546011,NEUTRAL
2026-05-26,2492,56,BULL_TREND,,AB,True,True,False,False,71.5,"{""original_candidate_order"": 56}",,True,,33.9421613394216,WINNER
2026-05-26,6706,57,BULL_TREND,,AB,True,True,False,False,71.4,"{""original_candidate_order"": 57}",,True,,-10.406091370558379,BIG_LOSER
2026-05-26,6271,58,BULL_TREND,,A,True,False,False,False,71.4,"{""original_candidate_order"": 58}",,True,,-7.869481765834929,NEUTRAL
2026-05-26,3037,59,BULL_TREND,,A,True,False,False,False,71.3,"{""original_candidate_order"": 59}",,True,,-10.691244239631336,BIG_LOSER
2026-05-26,00987A,60,BULL_TREND,,A,True,False,False,False,71.2,"{""original_candidate_order"": 60}",,True,,-4.304635761589415,NEUTRAL
2026-05-26,1533,61,BULL_TREND,,A,True,False,False,False,71.1,"{""original_candidate_order"": 61}",,True,,-0.388098318240615,NEUTRAL
2026-05-26,00900,62,BULL_TREND,,A,True,False,False,False,71.0,"{""original_candidate_order"": 62}",,True,,7.292817679558006,NEUTRAL
2026-05-26,1560,63,BULL_TREND,,A,True,False,False,False,71.0,"{""original_candidate_order"": 63}",,True,,-10.377358490566035,BIG_LOSER
2026-05-26,8016,64,BULL_TREND,,A,True,False,False,False,70.9,"{""original_candidate_order"": 64}",,True,,2.0725388601036343,NEUTRAL
2026-05-26,8499,65,BULL_TREND,,A,True,False,False,False,70.4,"{""original_candidate_order"": 65}",,True,,-16.344725111441306,BIG_LOSER
2026-05-26,2360,66,BULL_TREND,,A,True,False,False,False,70.3,"{""original_candidate_order"": 66}",,True,,-4.400000000000004,NEUTRAL
2026-05-26,3014,67,BULL_TREND,,A,True,False,False,False,70.3,"{""original_candidate_order"": 67}",,True,,-6.9536423841059625,NEUTRAL
2026-05-26,3708,68,BULL_TREND,,C,False,False,True,False,70.3,"{""original_candidate_order"": 68}",,True,,-8.365019011406849,NEUTRAL
2026-05-26,6834,69,BULL_TREND,,AB,True,True,False,False,70.2,"{""original_candidate_order"": 69}",,True,,-8.424908424908429,NEUTRAL
2026-05-26,6426,70,BULL_TREND,,A,True,False,False,False,70.1,"{""original_candidate_order"": 70}",,True,,-19.93067590987868,BIG_LOSER
2026-05-26,4562,71,BULL_TREND,,A,True,False,False,False,70.1,"{""original_candidate_order"": 71}",,True,,-10.256410256410254,BIG_LOSER
2026-05-26,2328,72,BULL_TREND,,A,True,False,False,False,70.0,"{""original_candidate_order"": 72}",,True,,-2.9357798165137616,NEUTRAL
2026-05-26,4571,73,BULL_TREND,,A,True,False,False,False,70.0,"{""original_candidate_order"": 73}",,True,,-14.732142857142861,BIG_LOSER
2026-05-26,2472,74,BULL_TREND,,AB,True,True,False,False,69.9,"{""original_candidate_order"": 74}",,True,,21.335504885993494,WINNER
2026-05-26,3026,75,BULL_TREND,,B,False,True,False,False,69.8,"{""original_candidate_order"": 75}",,True,,15.96491228070176,WINNER
2026-05-26,2376,76,BULL_TREND,,A,True,False,False,False,69.8,"{""original_candidate_order"": 76}",,True,,6.845238095238093,NEUTRAL
2026-05-26,6552,77,BULL_TREND,,A,True,False,False,False,69.7,"{""original_candidate_order"": 77}",,True,,-18.563685636856363,BIG_LOSER
2026-05-26,6906,78,BULL_TREND,,BC,False,True,True,False,69.7,"{""original_candidate_order"": 78}",,True,,-1.9704433497536922,NEUTRAL
2026-05-26,3033,79,BULL_TREND,,A,True,False,False,False,69.7,"{""original_candidate_order"": 79}",,True,,1.3916500994035852,NEUTRAL
2026-05-26,4576,80,BULL_TREND,,A,True,False,False,False,69.4,"{""original_candidate_order"": 80}",,True,,-24.78031634446397,BIG_LOSER
2026-05-26,8114,81,BULL_TREND,,A,True,False,False,False,69.4,"{""original_candidate_order"": 81}",,True,,-19.769673704414593,BIG_LOSER
2026-05-26,3694,82,BULL_TREND,,A,True,False,False,False,69.3,"{""original_candidate_order"": 82}",,True,,-10.39886039886041,BIG_LOSER
2026-05-26,00939,83,BULL_TREND,,A,True,False,False,False,69.0,"{""original_candidate_order"": 83}",,True,,6.370070778564196,NEUTRAL
2026-05-26,3528,84,BULL_TREND,,A,True,False,False,False,69.0,"{""original_candidate_order"": 84}",,True,,40.88983050847457,WINNER
2026-05-26,6698,85,BULL_TREND,,A,True,False,False,False,69.0,"{""original_candidate_order"": 85}",,True,,16.98113207547167,WINNER
2026-05-26,6442,86,BULL_TREND,,AC,True,False,True,False,68.9,"{""original_candidate_order"": 86}",,True,,-7.284768211920534,NEUTRAL
2026-05-26,2458,87,BULL_TREND,,A,True,False,False,False,68.9,"{""original_candidate_order"": 87}",,True,,-3.0120481927710885,NEUTRAL
2026-05-26,2327,88,BULL_TREND,,AB,True,True,False,False,68.7,"{""original_candidate_order"": 88}",,True,,24.96217851739788,WINNER
2026-05-26,2401,89,BULL_TREND,,A,True,False,False,False,68.7,"{""original_candidate_order"": 89}",,True,,-11.960132890365449,BIG_LOSER
2026-05-26,00918,90,BULL_TREND,,A,True,False,False,False,68.6,"{""original_candidate_order"": 90}",,True,,10.87971274685815,WINNER
2026-05-26,6141,91,BULL_TREND,,A,True,False,False,False,68.6,"{""original_candidate_order"": 91}",,True,,-1.8181818181818188,NEUTRAL
2026-05-26,8162,92,BULL_TREND,,A,True,False,False,False,68.6,"{""original_candidate_order"": 92}",,True,,-5.994550408719357,NEUTRAL
2026-05-26,2467,93,BULL_TREND,,A,True,False,False,False,68.5,"{""original_candidate_order"": 93}",,True,,-14.071856287425156,BIG_LOSER
2026-05-26,00915,94,BULL_TREND,,A,True,False,False,False,68.5,"{""original_candidate_order"": 94}",,True,,8.504606661941882,NEUTRAL
2026-05-26,8249,95,BULL_TREND,,A,True,False,False,False,68.5,"{""original_candidate_order"": 95}",,True,,-10.977701543739283,BIG_LOSER
2026-05-26,6224,96,BULL_TREND,,A,True,False,False,False,68.5,"{""original_candidate_order"": 96}",,True,,2.679658952496955,NEUTRAL
2026-05-26,00903,97,BULL_TREND,,A,True,False,False,False,68.5,"{""original_candidate_order"": 97}",,True,,-0.5906406179009616,NEUTRAL
2026-05-26,2441,98,BULL_TREND,,A,True,False,False,False,68.5,"{""original_candidate_order"": 98}",,True,,-8.088235294117652,NEUTRAL
2026-05-26,4764,99,BULL_TREND,,A,True,False,False,False,68.5,"{""original_candidate_order"": 99}",,True,,-19.674556213017745,BIG_LOSER
2026-05-26,6285,100,BULL_TREND,,A,True,False,False,False,68.3,"{""original_candidate_order"": 100}",,True,,-5.911330049261087,NEUTRAL
2026-05-26,3356,101,BULL_TREND,,A,True,False,False,False,68.3,"{""original_candidate_order"": 101}",,True,,-8.116385911179169,NEUTRAL
2026-05-26,3094,102,BULL_TREND,,A,True,False,False,False,68.2,"{""original_candidate_order"": 102}",,True,,-12.8755364806867,BIG_LOSER
2026-05-26,00919,103,BULL_TREND,,A,True,False,False,False,68.1,"{""original_candidate_order"": 103}",,True,,9.98925886143931,NEUTRAL
2026-05-26,2357,104,BULL_TREND,,A,True,False,False,False,67.9,"{""original_candidate_order"": 104}",,True,,21.60228898426324,WINNER
2026-05-26,00980A,105,BULL_TREND,,A,True,False,False,False,67.9,"{""original_candidate_order"": 105}",,True,,0.9488448844884534,NEUTRAL
2026-05-26,6924,106,BULL_TREND,,B,False,True,False,False,67.9,"{""original_candidate_order"": 106}",,True,,-9.006211180124224,NEUTRAL
2026-05-26,2377,107,BULL_TREND,,A,True,False,False,False,67.8,"{""original_candidate_order"": 107}",,True,,10.71428571428572,WINNER
2026-05-26,4555,108,BULL_TREND,,A,True,False,False,False,67.8,"{""original_candidate_order"": 108}",,True,,-9.25266903914591,NEUTRAL
2026-05-26,2369,109,BULL_TREND,,A,True,False,False,False,67.7,"{""original_candidate_order"": 109}",,True,,-14.19098143236075,BIG_LOSER
2026-05-26,8163,110,BULL_TREND,,A,True,False,False,False,67.7,"{""original_candidate_order"": 110}",,True,,16.73469387755102,WINNER
2026-05-26,6415,111,BULL_TREND,,A,True,False,False,False,67.6,"{""original_candidate_order"": 111}",,True,,-16.19047619047619,BIG_LOSER
2026-05-26,2495,112,BULL_TREND,,C,False,False,True,False,67.6,"{""original_candidate_order"": 112}",,True,,9.446254071661242,NEUTRAL
2026-05-26,7721,113,BULL_TREND,,C,False,False,True,False,67.5,"{""original_candidate_order"": 113}",,True,,3.0456852791878264,NEUTRAL
2026-05-26,3189,114,BULL_TREND,,A,True,False,False,False,67.4,"{""original_candidate_order"": 114}",,True,,2.586206896551735,NEUTRAL
2026-05-26,0056,115,BULL_TREND,,A,True,False,False,False,67.4,"{""original_candidate_order"": 115}",,True,,6.06374172185431,NEUTRAL
2026-05-26,5258,116,BULL_TREND,,A,True,False,False,False,67.3,"{""original_candidate_order"": 116}",,True,,-14.385964912280702,BIG_LOSER
2026-05-26,00894,117,BULL_TREND,,A,True,False,False,False,67.2,"{""original_candidate_order"": 117}",,True,,-0.8498583569405138,NEUTRAL
2026-05-26,6719,118,BULL_TREND,,A,True,False,False,False,67.2,"{""original_candidate_order"": 118}",,True,,-18.281535648994517,BIG_LOSER
2026-05-26,3596,119,BULL_TREND,,A,True,False,False,False,67.0,"{""original_candidate_order"": 119}",,True,,-3.1331592689295085,NEUTRAL
2026-05-26,00946,120,BULL_TREND,,A,True,False,False,False,67.0,"{""original_candidate_order"": 120}",,True,,4.5391061452513926,NEUTRAL
2026-06-05,3021,1,BULL_TREND,,AB,True,True,False,False,83.5,"{""original_candidate_order"": 1}",,True,,-6.481481481481477,NEUTRAL
2026-06-05,5484,2,BULL_TREND,,B,False,True,False,False,81.1,"{""original_candidate_order"": 2}",,True,,-18.65284974093264,BIG_LOSER
2026-06-05,1563,3,BULL_TREND,,A,True,False,False,False,81.0,"{""original_candidate_order"": 3}",,True,,1.3782542113323304,NEUTRAL
2026-06-05,6890,4,BULL_TREND,,AB,True,True,False,False,80.8,"{""original_candidate_order"": 4}",,True,,-4.948453608247427,NEUTRAL
2026-06-05,2597,5,BULL_TREND,,A,True,False,False,False,80.0,"{""original_candidate_order"": 5}",,True,,-5.9620596205962055,NEUTRAL
2026-06-05,3528,6,BULL_TREND,,B,False,True,False,False,79.8,"{""original_candidate_order"": 6}",,True,,-20.28985507246377,BIG_LOSER
2026-06-05,8454,7,BULL_TREND,,AB,True,True,False,False,79.7,"{""original_candidate_order"": 7}",,True,,-5.099150141643061,NEUTRAL
2026-06-05,2461,8,BULL_TREND,,AC,True,False,True,False,79.5,"{""original_candidate_order"": 8}",,True,,-7.692307692307687,NEUTRAL
2026-06-05,2887,9,BULL_TREND,,AC,True,False,True,False,78.9,"{""original_candidate_order"": 9}",,True,,12.06293706293704,WINNER
2026-06-05,1319,10,BULL_TREND,,A,True,False,False,False,78.4,"{""original_candidate_order"": 10}",,True,,-13.381001021450468,BIG_LOSER
2026-06-05,2911,11,BULL_TREND,,AB,True,True,False,False,77.8,"{""original_candidate_order"": 11}",,True,,-10.45454545454546,BIG_LOSER
2026-06-05,1568,12,BULL_TREND,,B,False,True,False,False,77.5,"{""original_candidate_order"": 12}",,True,,-1.1415525114155223,NEUTRAL
2026-06-05,6698,13,BULL_TREND,,A,True,False,False,False,76.9,"{""original_candidate_order"": 13}",,True,,-2.622950819672132,NEUTRAL
2026-06-05,4807,14,BULL_TREND,,AB,True,True,False,False,76.5,"{""original_candidate_order"": 14}",,True,,14.155844155844166,WINNER
2026-06-05,3149,15,BULL_TREND,,B,False,True,False,False,76.3,"{""original_candidate_order"": 15}",,True,,15.088105726872246,WINNER
2026-06-05,6451,16,BULL_TREND,,B,False,True,False,False,75.3,"{""original_candidate_order"": 16}",,True,,-7.357357357357353,NEUTRAL
2026-06-05,6116,17,BULL_TREND,,B,False,True,False,False,75.0,"{""original_candidate_order"": 17}",,True,,8.130081300813007,NEUTRAL
2026-06-05,3312,18,BULL_TREND,,B,False,True,False,False,74.8,"{""original_candidate_order"": 18}",,True,,-0.1481481481481417,NEUTRAL
2026-06-05,2302,19,BULL_TREND,,B,False,True,False,False,74.7,"{""original_candidate_order"": 19}",,True,,40.97633136094676,WINNER
2026-06-05,6885,20,BULL_TREND,,AC,True,False,True,False,74.4,"{""original_candidate_order"": 20}",,True,,-18.267419962335218,BIG_LOSER
2026-06-05,7610,21,BULL_TREND,,AB,True,True,False,False,73.9,"{""original_candidate_order"": 21}",,True,,43.14285714285715,WINNER
2026-06-05,2882,22,BULL_TREND,,A,True,False,False,False,73.8,"{""original_candidate_order"": 22}",,True,,12.99999999999999,WINNER
2026-06-05,8473,23,BULL_TREND,,AB,True,True,False,False,73.8,"{""original_candidate_order"": 23}",,True,,-6.617647058823528,NEUTRAL
2026-06-05,00878,24,BULL_TREND,,A,True,False,False,False,73.0,"{""original_candidate_order"": 24}",,True,,5.569306930693063,NEUTRAL
2026-06-05,3048,25,BULL_TREND,,B,False,True,False,False,72.9,"{""original_candidate_order"": 25}",,True,,9.200603318250389,NEUTRAL
2026-06-05,6166,26,BULL_TREND,,B,False,True,False,False,72.7,"{""original_candidate_order"": 26}",,True,,18.796992481203013,WINNER
2026-06-05,9934,27,BULL_TREND,,A,True,False,False,False,72.0,"{""original_candidate_order"": 27}",,True,,-6.334841628959287,NEUTRAL
2026-06-05,1312,28,BULL_TREND,,C,False,False,True,False,71.8,"{""original_candidate_order"": 28}",,True,,-2.777777777777779,NEUTRAL
2026-06-05,6924,29,BULL_TREND,,B,False,True,False,False,71.7,"{""original_candidate_order"": 29}",,True,,-19.426751592356684,BIG_LOSER
2026-06-05,2481,30,BULL_TREND,,AB,True,True,False,False,71.5,"{""original_candidate_order"": 30}",,True,,6.666666666666665,NEUTRAL
2026-06-05,2241,31,BULL_TREND,,A,True,False,False,False,71.5,"{""original_candidate_order"": 31}",,True,,45.76271186440679,WINNER
2026-06-05,2492,32,BULL_TREND,,AB,True,True,False,False,71.3,"{""original_candidate_order"": 32}",,True,,48.317307692307686,WINNER
2026-06-05,1342,33,BULL_TREND,,A,True,False,False,False,71.3,"{""original_candidate_order"": 33}",,True,,12.5,WINNER
2026-06-05,1808,34,BULL_TREND,,A,True,False,False,False,70.9,"{""original_candidate_order"": 34}",,True,,-3.164556962025311,NEUTRAL
2026-06-05,3406,35,BULL_TREND,,A,True,False,False,False,70.4,"{""original_candidate_order"": 35}",,True,,13.489736070381241,WINNER
2026-06-05,1708,36,BULL_TREND,,AC,True,False,True,False,70.4,"{""original_candidate_order"": 36}",,True,,5.0916496945010215,NEUTRAL
2026-06-05,2409,37,BULL_TREND,,B,False,True,False,False,70.4,"{""original_candidate_order"": 37}",,True,,14.20664206642066,WINNER
2026-06-05,3346,38,BULL_TREND,,AB,True,True,False,False,69.6,"{""original_candidate_order"": 38}",,True,,-6.367041198501866,NEUTRAL
2026-06-05,2356,39,BULL_TREND,,B,False,True,False,False,69.5,"{""original_candidate_order"": 39}",,True,,-11.71875,BIG_LOSER
2026-06-05,6605,40,BULL_TREND,,A,True,False,False,False,69.5,"{""original_candidate_order"": 40}",,True,,-4.109589041095896,NEUTRAL
2026-06-05,1338,41,BULL_TREND,,A,True,False,False,False,69.5,"{""original_candidate_order"": 41}",,True,,-1.4326647564469885,NEUTRAL
2026-06-05,6139,42,BULL_TREND,,A,True,False,False,False,69.3,"{""original_candidate_order"": 42}",,True,,0.24752475247524774,NEUTRAL
2026-06-05,1809,43,BULL_TREND,,AB,True,True,False,False,69.2,"{""original_candidate_order"": 43}",,True,,-5.201342281879196,NEUTRAL
2026-06-05,3481,44,BULL_TREND,,B,False,True,False,False,68.9,"{""original_candidate_order"": 44}",,True,,22.9050279329609,WINNER
2026-06-05,9941,45,BULL_TREND,,A,True,False,False,False,68.6,"{""original_candidate_order"": 45}",,True,,-0.12210012210013277,NEUTRAL
2026-06-05,2477,46,BULL_TREND,,A,True,False,False,False,68.4,"{""original_candidate_order"": 46}",,True,,-5.567451820128477,NEUTRAL
2026-06-05,911608,47,BULL_TREND,,C,False,False,True,False,68.1,"{""original_candidate_order"": 47}",,True,,-17.09401709401709,BIG_LOSER
2026-06-05,1303,48,BULL_TREND,,A,True,False,False,False,67.8,"{""original_candidate_order"": 48}",,True,,45.933014354066984,WINNER
2026-06-05,6112,49,BULL_TREND,,C,False,False,True,False,67.7,"{""original_candidate_order"": 49}",,True,,-9.200000000000008,NEUTRAL
2026-06-05,2303,50,BULL_TREND,,A,True,False,False,False,67.7,"{""original_candidate_order"": 50}",,True,,21.673003802281364,WINNER
2026-06-05,6409,51,BULL_TREND,,AC,True,False,True,False,67.2,"{""original_candidate_order"": 51}",,True,,1.6163793103448176,NEUTRAL
2026-06-05,3026,52,BULL_TREND,,B,False,True,False,False,67.2,"{""original_candidate_order"": 52}",,True,,43.29073482428114,WINNER
2026-06-05,6446,53,BULL_TREND,,A,True,False,False,False,67.2,"{""original_candidate_order"": 53}",,True,,16.862326574172883,WINNER
2026-06-05,9105,54,BULL_TREND,,B,False,True,False,False,67.0,"{""original_candidate_order"": 54}",,True,,-15.283842794759828,BIG_LOSER
2026-06-05,6197,55,BULL_TREND,,A,True,False,False,False,67.0,"{""original_candidate_order"": 55}",,True,,8.615384615384624,NEUTRAL
2026-06-05,2731,56,BULL_TREND,,A,True,False,False,False,66.9,"{""original_candidate_order"": 56}",,True,,-12.680115273775217,BIG_LOSER
2026-06-05,6901,57,BULL_TREND,,AC,True,False,True,False,66.9,"{""original_candidate_order"": 57}",,True,,21.328671328671334,WINNER
2026-06-05,9933,58,BULL_TREND,,A,True,False,False,False,66.8,"{""original_candidate_order"": 58}",,True,,0.690448791714604,NEUTRAL
2026-06-05,2404,59,BULL_TREND,,A,True,False,False,False,66.4,"{""original_candidate_order"": 59}",,True,,6.224066390041494,NEUTRAL
2026-06-05,5522,60,BULL_TREND,,A,True,False,False,False,66.1,"{""original_candidate_order"": 60}",,True,,-3.0223390275952666,NEUTRAL
2026-06-05,3167,61,BULL_TREND,,C,False,False,True,False,66.0,"{""original_candidate_order"": 61}",,True,,-15.263157894736846,BIG_LOSER
2026-06-05,2903,62,BULL_TREND,,A,True,False,False,False,66.0,"{""original_candidate_order"": 62}",,True,,-0.8510638297872353,NEUTRAL
2026-06-05,2414,63,BULL_TREND,,A,True,False,False,False,66.0,"{""original_candidate_order"": 63}",,True,,19.886363636363647,WINNER
2026-06-05,2890,64,BULL_TREND,,A,True,False,False,False,65.6,"{""original_candidate_order"": 64}",,True,,21.71253822629968,WINNER
2026-06-05,1314,65,BULL_TREND,,C,False,False,True,False,65.6,"{""original_candidate_order"": 65}",,True,,-0.6180469715698522,NEUTRAL
2026-06-05,2601,66,BULL_TREND,,A,True,False,False,False,65.6,"{""original_candidate_order"": 66}",,True,,-7.94165316045381,NEUTRAL
2026-06-05,2376,67,BULL_TREND,,A,True,False,False,False,65.5,"{""original_candidate_order"": 67}",,True,,-7.994579945799463,NEUTRAL
2026-06-05,2491,68,BULL_TREND,,AB,True,True,False,False,65.5,"{""original_candidate_order"": 68}",,True,,26.801152737752144,WINNER
2026-06-05,1810,69,BULL_TREND,,A,True,False,False,False,65.5,"{""original_candidate_order"": 69}",,True,,-5.530973451327437,NEUTRAL
2026-06-05,5871,70,BULL_TREND,,A,True,False,False,False,65.4,"{""original_candidate_order"": 70}",,True,,0.0,NEUTRAL
2026-06-05,1718,71,BULL_TREND,,AB,True,True,False,False,65.3,"{""original_candidate_order"": 71}",,True,,-0.7106598984771617,NEUTRAL
2026-06-05,2360,72,BULL_TREND,,A,True,False,False,False,64.7,"{""original_candidate_order"": 72}",,True,,-9.941520467836263,NEUTRAL
2026-06-05,2375,73,BULL_TREND,,B,False,True,False,False,64.6,"{""original_candidate_order"": 73}",,True,,40.38461538461537,WINNER
2026-06-05,2727,74,BULL_TREND,,A,True,False,False,False,64.3,"{""original_candidate_order"": 74}",,True,,0.20325203252031798,NEUTRAL
2026-06-05,2206,75,BULL_TREND,,A,True,False,False,False,64.3,"{""original_candidate_order"": 75}",,True,,-4.265402843601884,NEUTRAL
2026-06-05,1521,76,BULL_TREND,,A,True,False,False,False,64.3,"{""original_candidate_order"": 76}",,True,,-4.1516245487364545,NEUTRAL
2026-06-05,1409,77,BULL_TREND,,B,False,True,False,False,64.2,"{""original_candidate_order"": 77}",,True,,7.648183556405352,NEUTRAL
2026-06-05,6196,78,BULL_TREND,,A,True,False,False,False,64.1,"{""original_candidate_order"": 78}",,True,,11.507936507936511,WINNER
2026-06-05,8996,79,BULL_TREND,,AC,True,False,True,False,63.9,"{""original_candidate_order"": 79}",,True,,38.22222222222222,WINNER
2026-06-05,7791,80,BULL_TREND,,A,True,False,False,False,63.9,"{""original_candidate_order"": 80}",,True,,-10.115606936416189,BIG_LOSER
2026-06-05,4916,81,BULL_TREND,,B,False,True,False,False,63.5,"{""original_candidate_order"": 81}",,True,,-12.5,BIG_LOSER
2026-06-05,3011,82,BULL_TREND,,C,False,False,True,False,63.1,"{""original_candidate_order"": 82}",,True,,-3.378378378378377,NEUTRAL
2026-06-05,9946,83,BULL_TREND,,A,True,False,False,False,62.6,"{""original_candidate_order"": 83}",,True,,13.411078717201175,WINNER
2026-06-05,6770,84,BULL_TREND,,A,True,False,False,False,62.3,"{""original_candidate_order"": 84}",,True,,9.383378016085796,NEUTRAL
2026-06-05,912000,85,BULL_TREND,,C,False,False,True,False,62.3,"{""original_candidate_order"": 85}",,True,,-6.228373702422152,NEUTRAL
2026-06-05,2883,86,BULL_TREND,,A,True,False,False,False,62.0,"{""original_candidate_order"": 86}",,True,,9.963768115942017,NEUTRAL
2026-06-05,2478,87,BULL_TREND,,B,False,True,False,False,62.0,"{""original_candidate_order"": 87}",,True,,57.00000000000001,WINNER
2026-06-05,2615,88,BULL_TREND,,A,True,False,False,False,61.7,"{""original_candidate_order"": 88}",,True,,-6.5040650406503975,NEUTRAL
2026-06-05,2501,89,BULL_TREND,,A,True,False,False,False,61.7,"{""original_candidate_order"": 89}",,True,,3.112033195020736,NEUTRAL
2026-06-05,1617,90,BULL_TREND,,A,True,False,False,False,61.6,"{""original_candidate_order"": 90}",,True,,-4.491017964071853,NEUTRAL
2026-06-05,2707,91,BULL_TREND,,A,True,False,False,False,61.4,"{""original_candidate_order"": 91}",,True,,-1.3812154696132617,NEUTRAL
2026-06-05,2543,92,BULL_TREND,,A,True,False,False,False,61.3,"{""original_candidate_order"": 92}",,True,,-12.880324543610532,BIG_LOSER
2026-06-05,6164,93,BULL_TREND,,A,True,False,False,False,61.3,"{""original_candidate_order"": 93}",,True,,4.580152671755733,NEUTRAL
2026-06-05,6768,94,BULL_TREND,,A,True,False,False,False,61.1,"{""original_candidate_order"": 94}",,True,,-7.329842931937169,NEUTRAL
2026-06-05,2520,95,BULL_TREND,,A,True,False,False,False,61.0,"{""original_candidate_order"": 95}",,True,,5.919003115264787,NEUTRAL
2026-06-05,2423,96,BULL_TREND,,A,True,False,False,False,60.9,"{""original_candidate_order"": 96}",,True,,5.38764783180028,NEUTRAL
2026-06-05,2344,97,BULL_TREND,,B,False,True,False,False,60.7,"{""original_candidate_order"": 97}",,True,,37.037037037037045,WINNER
2026-06-05,2462,98,BULL_TREND,,A,True,False,False,False,60.5,"{""original_candidate_order"": 98}",,True,,2.204408817635284,NEUTRAL
2026-06-05,1326,99,BULL_TREND,,C,False,False,True,False,60.4,"{""original_candidate_order"": 99}",,True,,6.439393939393945,NEUTRAL
2026-06-05,1210,100,BULL_TREND,,A,True,False,False,False,60.3,"{""original_candidate_order"": 100}",,True,,0.5514705882353033,NEUTRAL
2026-06-05,8341,101,BULL_TREND,,A,True,False,False,False,60.3,"{""original_candidate_order"": 101}",,True,,0.37974683544304,NEUTRAL
2026-06-05,6272,102,BULL_TREND,,A,True,False,False,False,60.3,"{""original_candidate_order"": 102}",,True,,-14.72148541114059,BIG_LOSER
2026-06-05,3583,103,BULL_TREND,,A,True,False,False,False,59.8,"{""original_candidate_order"": 103}",,True,,2.4193548387096753,NEUTRAL
2026-06-05,6531,104,BULL_TREND,,A,True,False,False,False,59.8,"{""original_candidate_order"": 104}",,True,,10.396039603960405,WINNER
2026-06-05,2535,105,BULL_TREND,,A,True,False,False,False,59.8,"{""original_candidate_order"": 105}",,True,,12.470023980815338,WINNER
2026-06-05,1524,106,BULL_TREND,,A,True,False,False,False,59.8,"{""original_candidate_order"": 106}",,True,,-8.049535603715164,NEUTRAL
2026-06-05,6226,107,BULL_TREND,,A,True,False,False,False,59.4,"{""original_candidate_order"": 107}",,True,,-8.088235294117641,NEUTRAL
2026-06-05,2472,108,BULL_TREND,,B,False,True,False,False,59.3,"{""original_candidate_order"": 108}",,True,,8.253094910591475,NEUTRAL
2026-06-05,5706,109,BULL_TREND,,A,True,False,False,False,59.2,"{""original_candidate_order"": 109}",,True,,1.6917293233082775,NEUTRAL
2026-06-05,6592,110,BULL_TREND,,A,True,False,False,False,58.8,"{""original_candidate_order"": 110}",,True,,1.0769230769230864,NEUTRAL
2026-06-05,4536,111,BULL_TREND,,A,True,False,False,False,58.8,"{""original_candidate_order"": 111}",,True,,1.538461538461533,NEUTRAL
2026-06-05,6449,112,BULL_TREND,,B,False,True,False,False,58.6,"{""original_candidate_order"": 112}",,True,,15.49865229110512,WINNER
2026-06-05,2915,113,BULL_TREND,,A,True,False,False,False,58.6,"{""original_candidate_order"": 113}",,True,,7.346938775510203,NEUTRAL
2026-06-05,9110,114,BULL_TREND,,C,False,False,True,False,58.5,"{""original_candidate_order"": 114}",,True,,-18.9873417721519,BIG_LOSER
2026-06-05,4935,115,BULL_TREND,,A,True,False,False,False,58.1,"{""original_candidate_order"": 115}",,True,,-3.5279805352798066,NEUTRAL
2026-06-05,3189,116,BULL_TREND,,B,False,True,False,False,58.1,"{""original_candidate_order"": 116}",,True,,11.79775280898876,WINNER
2026-06-05,8021,117,BULL_TREND,,A,True,False,False,False,57.5,"{""original_candidate_order"": 117}",,True,,26.85589519650655,WINNER
2026-06-05,3090,118,BULL_TREND,,B,False,True,False,False,57.0,"{""original_candidate_order"": 118}",,True,,51.809954751131215,WINNER
2026-06-05,2884,119,BULL_TREND,,A,True,False,False,False,56.9,"{""original_candidate_order"": 119}",,True,,7.346326836581696,NEUTRAL
2026-06-05,6541,120,BULL_TREND,,A,True,False,False,False,56.9,"{""original_candidate_order"": 120}",,True,,1.5513126491646823,NEUTRAL
