stock_id,stock_name,asset_type,source_industry,primary_sector,primary_sector_label,sub_sector,theme_clusters,is_financial,confidence,review_required,reason
1704,榮化,COMMON_STOCK,化學工業,CHEMICAL,化學工業,,,False,HIGH,False,
3573,穎台,COMMON_STOCK,光電業,OPTOELECTRONICS,光電（面板/觸控/光學）,,,False,HIGH,False,
2473,思源,COMMON_STOCK,半導體業,SEMICONDUCTOR,半導體,,,False,HIGH,False,
2469,力信,COMMON_STOCK,電子工業,DIVERSIFIED_OTHER,其他（待歸類）,,,False,LOW,True,力信：業務內容需人工查證
2494,廣業科,COMMON_STOCK,通信網路業,COMMUNICATION_NETWORK,通信網路,,,False,HIGH,False,
2341,英群,COMMON_STOCK,電子工業,COMPUTER_PERIPHERALS,電腦及週邊設備,監控/影像設備,,False,MEDIUM,False,英群：網通/影像設備
7760,享溫馨,COMMON_STOCK,休閒娛樂,LEISURE_TOURISM,休閒觀光與娛樂,娛樂服務業,,False,HIGH,False,
3614,誠致,COMMON_STOCK,電子工業,COMPUTER_PERIPHERALS,電腦及週邊設備,散熱模組,,False,MEDIUM,False,誠致：散熱/機構零件
1724,台硝,COMMON_STOCK,化學工業,CHEMICAL,化學工業,,,False,HIGH,False,
6119,大傳,COMMON_STOCK,電子工業,FACTORY_ENGINEERING,廠務工程與系統整合,廠務工程,,False,MEDIUM,False,大傳：無塵室/廠務系統工程
6781,AES-KY,COMMON_STOCK,電子工業,DIVERSIFIED_OTHER,其他（待歸類）,,,False,LOW,True,AES-KY：業務內容需人工查證
2315,神達,COMMON_STOCK,電腦及週邊設備業,COMPUTER_PERIPHERALS,電腦及週邊設備,,,False,HIGH,False,
4148,全宇生技-KY,COMMON_STOCK,化學生技醫療,BIOTECH_MEDICAL,生技醫療,,,False,LOW,True,全宇生技-KY：業務內容需人工查證
3061,璨圓,COMMON_STOCK,電子工業,OPTOELECTRONICS,光電（面板/觸控/光學）,LED磊晶,,False,MEDIUM,False,璨圓：LED磊晶片
2336,致伸,COMMON_STOCK,電腦及週邊設備業,COMPUTER_PERIPHERALS,電腦及週邊設備,,,False,HIGH,False,
2456,奇力新,COMMON_STOCK,電子零組件業,PASSIVE_CONNECTOR,被動元件與連接器,,,False,HIGH,False,
2463,研揚,COMMON_STOCK,電腦及週邊設備業,COMPUTER_PERIPHERALS,電腦及週邊設備,,,False,HIGH,False,
3009,奇美電,COMMON_STOCK,電子工業,OPTOELECTRONICS,光電（面板/觸控/光學）,面板（已合併退場）,,False,HIGH,False,奇美電：原奇美電子（面板廠），已與群創合併，現為集團閒置股本
3080,威力盟,COMMON_STOCK,電子工業,SEMICONDUCTOR,半導體,IC設計,,False,MEDIUM,False,威力盟：電源管理IC設計
2452,乾坤,COMMON_STOCK,電子工業,PASSIVE_CONNECTOR,被動元件與連接器,電感元件,,False,MEDIUM,False,乾坤：電感元件製造
3367,英華達,COMMON_STOCK,其他電子業,COMPUTER_PERIPHERALS,電腦及週邊設備,NB/伺服器代工,,False,HIGH,False,英華達：英業達集團旗下，NB/伺服器代工
3534,雷凌,COMMON_STOCK,電子工業,SEMICONDUCTOR,半導體,IC設計（通訊晶片）,,False,HIGH,False,雷凌：Airoha 力旺集團通訊晶片設計
3584,介面,COMMON_STOCK,光電業,OPTOELECTRONICS,光電（面板/觸控/光學）,,,False,HIGH,False,
3598,奕力,COMMON_STOCK,半導體業,SEMICONDUCTOR,半導體,,,False,HIGH,False,
5280,F-敦泰,COMMON_STOCK,電子工業,SEMICONDUCTOR,半導體,觸控/驅動IC,,False,HIGH,False,F-敦泰：觸控與顯示驅動整合IC設計
4178,永笙-KY,COMMON_STOCK,再生醫療,BIOTECH_MEDICAL,生技醫療,臨床實驗、移植技術、疾病治療,,False,HIGH,False,
4763,材料*-KY,COMMON_STOCK,化學工業,CHEMICAL,化學工業,,,False,HIGH,False,
6862,三集瑞-KY,COMMON_STOCK,電子工業,DIVERSIFIED_OTHER,其他（待歸類）,,,False,LOW,True,三集瑞-KY：業務內容需人工查證
6933,AMAX-KY,COMMON_STOCK,電腦及週邊設備業,COMPUTER_PERIPHERALS,電腦及週邊設備,,,False,HIGH,False,
2475,華映,COMMON_STOCK,光電業,OPTOELECTRONICS,光電（面板/觸控/光學）,,,False,HIGH,False,
2499,東貝,COMMON_STOCK,光電業,OPTOELECTRONICS,光電（面板/觸控/光學）,,,False,HIGH,False,
3561,昇陽光電,COMMON_STOCK,光電業,OPTOELECTRONICS,光電（面板/觸控/光學）,,,False,HIGH,False,
3599,旺能,COMMON_STOCK,電子工業,SOLAR_ENERGY,太陽能,太陽能電池,,False,MEDIUM,False,旺能：太陽能電池片製造
5264,鎧勝-KY,COMMON_STOCK,電腦及週邊設備業,COMPUTER_PERIPHERALS,電腦及週邊設備,,,False,HIGH,False,
5305,敦南,COMMON_STOCK,半導體業,SEMICONDUCTOR,半導體,,,False,HIGH,False,
7768,頌勝科技,COMMON_STOCK,半導體,SEMICONDUCTOR,半導體,生產製程及檢測設備,,False,HIGH,False,
7631,聚賢研發-創,COMMON_STOCK,平面顯示器,OPTOELECTRONICS,光電（面板/觸控/光學）,生產製程及檢測設備,,False,HIGH,False,
8112A,至上甲特,PREFERRED_STOCK,半導體,SEMICONDUCTOR,半導體,IC通路,,False,HIGH,False,
1101B,台泥乙特,PREFERRED_STOCK,水泥,CEMENT,水泥,預拌混凝土,,False,HIGH,False,
4195,基米-創,COMMON_STOCK,醫療器材,MEDICAL_DEVICE,醫療器材,醫療院所、醫療器材專賣店、藥局等通路,,False,HIGH,False,
1103,嘉泥,COMMON_STOCK,交通運輸及航運,SHIPPING_CONTAINER,海運（貨櫃／散裝）,貨櫃運輸集散及倉儲,,False,HIGH,False,
7818,溢泰實業,COMMON_STOCK,其他,DIVERSIFIED_OTHER,其他（待歸類）,其他,,False,LOW,True,溢泰實業：業務內容需人工查證
1201,味全,COMMON_STOCK,食品,FOOD,食品,冷凍、罐頭、脫水、醃漬食品,,False,HIGH,False,
1203,味王,COMMON_STOCK,食品,FOOD,食品,冷凍、罐頭、脫水、醃漬食品,,False,HIGH,False,
7803,雲象科技-創,COMMON_STOCK,人工智慧,AI,人工智慧,領域解決方案,,False,HIGH,False,
4582,聚恆-創,COMMON_STOCK,電機機械,ELECTRICAL_MACHINERY,電機機械,機電系統工程,,False,HIGH,False,
1227,佳格,COMMON_STOCK,食品,FOOD,食品,營養食品,,False,HIGH,False,
1231,聯華食,COMMON_STOCK,食品,FOOD,食品,冷凍、罐頭、脫水、醃漬食品,,False,HIGH,False,
7827,漢康-KY創,COMMON_STOCK,製藥,PHARMACEUTICAL,製藥,中、西藥製劑,,False,HIGH,False,
1236,宏亞,COMMON_STOCK,食品,FOOD,食品,乳製品,,False,HIGH,False,
1256,鮮活果汁-KY,COMMON_STOCK,食品,FOOD,食品,加工食品,,False,HIGH,False,
1312A,國喬特,PREFERRED_STOCK,石化及塑橡膠,PETROCHEMICAL,石化,塑膠製品,,False,HIGH,False,
1522A,堤維西甲特,PREFERRED_STOCK,汽車,AUTOMOTIVE,汽車與零組件,車燈,,False,HIGH,False,
8078,華寶,COMMON_STOCK,通信網路業,COMMUNICATION_NETWORK,通信網路,,,False,HIGH,False,
1710,東聯,COMMON_STOCK,紡織,TEXTILE_FIBER,紡織與人纖,石化原料(例如純對苯二甲酸、乙二醇、己內醯胺、丙烯腈等),,False,HIGH,False,
3519,綠能,COMMON_STOCK,半導體業,SEMICONDUCTOR,半導體,,,False,HIGH,False,
6145,勁永,COMMON_STOCK,電子通路業,ELECTRONIC_DISTRIBUTION,電子零組件通路與服務,,,False,HIGH,False,
6863,永道-KY,COMMON_STOCK,電子工業,DIVERSIFIED_OTHER,其他（待歸類）,,,False,LOW,True,永道-KY：業務內容需人工查證
6921,嘉雨思-創,COMMON_STOCK,電子工業,DIVERSIFIED_OTHER,其他（待歸類）,,,False,LOW,True,嘉雨思-創：業務內容需人工查證
2391,合勤,COMMON_STOCK,電子工業,COMPUTER_PERIPHERALS,電腦及週邊設備,連接器/線材通路,,False,MEDIUM,False,合勤：網通設備
8008,建興電,COMMON_STOCK,電腦及週邊設備業,COMPUTER_PERIPHERALS,電腦及週邊設備,,,False,HIGH,False,
8199,廣鎵,COMMON_STOCK,電子工業,OPTOELECTRONICS,光電（面板/觸控/光學）,LED磊晶,,False,MEDIUM,False,廣鎵：氮化鎵磊晶
5236,凌陽創新,COMMON_STOCK,人工智慧,AI,人工智慧,電腦視覺,,False,HIGH,False,
2002A,中鋼特,PREFERRED_STOCK,鋼鐵,STEEL,鋼鐵,鋼胚,,False,HIGH,False,
2009,第一銅,COMMON_STOCK,鋼鐵,STEEL,鋼鐵,冷熱軋鋼板捲,,False,HIGH,False,
2208,台船,COMMON_STOCK,風力發電,WIND_ENERGY,風力發電,風場營造,,False,HIGH,False,
2301,光寶科,COMMON_STOCK,雲端運算,BIG_DATA_CLOUD,大數據與雲端運算,顧問諮詢,,False,HIGH,False,
2348A,海悅甲特,PREFERRED_STOCK,其他,RETAIL_TRADE,貿易百貨與零售,建材零售/裝修,,False,MEDIUM,False,海悅甲特：同海悅（母公司特別股）
2363,矽統,COMMON_STOCK,半導體,SEMICONDUCTOR,半導體,IC設計,,False,HIGH,False,
2415,錩新,COMMON_STOCK,鋼鐵,STEEL,鋼鐵,金屬製品,,False,HIGH,False,
2421,建準,COMMON_STOCK,電機機械,ELECTRICAL_MACHINERY,電機機械,車用機械傳動設備及零配件,,False,HIGH,False,
2514,龍邦,COMMON_STOCK,建材營造,BUILDING_MATERIALS_CONSTRUCTION,建材營造,建設業,,False,HIGH,False,
2601,益航,COMMON_STOCK,貿易百貨,RETAIL_TRADE,貿易百貨與零售,零售通路,,False,HIGH,False,
2607,榮運,COMMON_STOCK,交通運輸及航運,SHIPPING_CONTAINER,海運（貨櫃／散裝）,貨櫃運輸集散及倉儲,,False,HIGH,False,
2612,中航,COMMON_STOCK,交通運輸及航運,SHIPPING_CONTAINER,海運（貨櫃／散裝）,貨櫃運輸集散及倉儲,,False,HIGH,False,
2616,山隆,COMMON_STOCK,交通運輸及航運,SHIPPING_CONTAINER,海運（貨櫃／散裝）,貨櫃運輸集散及倉儲,,False,HIGH,False,
2836A,高雄銀甲特,PREFERRED_STOCK,金融,FINANCIAL,金融,銀行,,True,HIGH,False,
2838A,聯邦銀甲特,PREFERRED_STOCK,金融,FINANCIAL,金融,銀行,,True,HIGH,False,
2856,元富證,COMMON_STOCK,金融,FINANCIAL,金融,證券期貨,,True,HIGH,False,
2881A,富邦特,PREFERRED_STOCK,金融,FINANCIAL,金融,金融控股,,True,HIGH,False,
2881B,富邦金乙特,PREFERRED_STOCK,金融,FINANCIAL,金融,金融控股,,True,HIGH,False,
2881C,富邦金丙特,PREFERRED_STOCK,金融,FINANCIAL,金融,金融控股,,True,HIGH,False,
2882A,國泰特,PREFERRED_STOCK,金融,FINANCIAL,金融,金融控股,,True,HIGH,False,
2882B,國泰金乙特,PREFERRED_STOCK,金融,FINANCIAL,金融,金融控股,,True,HIGH,False,
2883B,凱基金乙特,PREFERRED_STOCK,金融,FINANCIAL,金融,金融控股,,True,HIGH,False,
2887C,新丙特,PREFERRED_STOCK,金融,FINANCIAL,金融,金融控股,,True,HIGH,False,
2887E,台新新光戊特一,PREFERRED_STOCK,金融,FINANCIAL,金融,金融控股,,True,HIGH,False,
2887F,台新新光戊特二,PREFERRED_STOCK,金融,FINANCIAL,金融,金融控股,,True,HIGH,False,
2887G,台新新光庚特一,PREFERRED_STOCK,金融,FINANCIAL,金融,金融控股,,True,HIGH,False,
2887H,台新新光庚特二,PREFERRED_STOCK,金融,FINANCIAL,金融,金融控股,,True,HIGH,False,
2887I,台新新光辛特,PREFERRED_STOCK,金融,FINANCIAL,金融,金融控股,,True,HIGH,False,
2887Z1,台新新光己特,COMMON_STOCK,金融,FINANCIAL,金融,金融控股,,True,HIGH,False,
2888A,新光金甲特,PREFERRED_STOCK,金融,FINANCIAL,金融,金融控股,,True,HIGH,False,
2888B,新光金乙特,PREFERRED_STOCK,金融,FINANCIAL,金融,金融控股,,True,HIGH,False,
2891A,中信特,PREFERRED_STOCK,金融,FINANCIAL,金融,金融控股,,True,HIGH,False,
2891B,中信金乙特,PREFERRED_STOCK,金融,FINANCIAL,金融,金融控股,,True,HIGH,False,
2891C,中信金丙特,PREFERRED_STOCK,金融,FINANCIAL,金融,金融控股,,True,HIGH,False,
2897A,王道銀甲特,PREFERRED_STOCK,金融,FINANCIAL,金融,銀行,,True,HIGH,False,
2897B,王道銀乙特,PREFERRED_STOCK,金融,FINANCIAL,金融,銀行,,True,HIGH,False,
2913,農林,COMMON_STOCK,貿易百貨,RETAIL_TRADE,貿易百貨與零售,零售通路,,False,HIGH,False,
3036A,文曄甲特,PREFERRED_STOCK,半導體,SEMICONDUCTOR,半導體,IC通路,,False,HIGH,False,
3702A,大聯大甲特,PREFERRED_STOCK,半導體,SEMICONDUCTOR,半導體,IC通路,,False,HIGH,False,
2915,潤泰全,COMMON_STOCK,貿易百貨,RETAIL_TRADE,貿易百貨與零售,零售通路,,False,HIGH,False,
4164,承業醫,COMMON_STOCK,醫療器材,MEDICAL_DEVICE,醫療器材,醫療院所、醫療器材專賣店、藥局等通路,,False,HIGH,False,
4994,傳奇,COMMON_STOCK,休閒娛樂,LEISURE_TOURISM,休閒觀光與娛樂,設計開發,,False,HIGH,False,
5871A,中租-KY甲特,PREFERRED_STOCK,金融,FINANCIAL,金融,租賃與消費金融,,True,HIGH,False,中租-KY：消費金融/設備租賃集團
6184,大豐電,COMMON_STOCK,文化創意業,CULTURAL_CREATIVE,文化創意,廣播電視/電影產業,,False,HIGH,False,
6722,輝創,COMMON_STOCK,汽車,AUTOMOTIVE,汽車與零組件,其他,,False,HIGH,False,
6754,匯僑設計,COMMON_STOCK,建材營造,BUILDING_MATERIALS_CONSTRUCTION,建材營造,裝潢業,,False,HIGH,False,
6937,天虹,COMMON_STOCK,平面顯示器,OPTOELECTRONICS,光電（面板/觸控/光學）,生產製程及檢測設備,,False,HIGH,False,
6944,兆聯實業,COMMON_STOCK,其他,ENVIRONMENTAL_SERVICES,環保工程與資源循環,環保工程,,False,MEDIUM,False,兆聯實業：環保潔能服務
6958A,日盛台駿甲特,PREFERRED_STOCK,其他,DIVERSIFIED_OTHER,其他（待歸類）,其他,,False,LOW,True,日盛台駿甲特：同日盛台駿
7610,聯友金屬-創,COMMON_STOCK,其他,STEEL,鋼鐵,金屬加工,,False,MEDIUM,False,聯友金屬：金屬材料加工
7721,微程式,COMMON_STOCK,電子商務,SOFTWARE_ECOMMERCE,軟體服務與電子商務,金流串接處理服務,,False,HIGH,False,
8367,建新國際,COMMON_STOCK,交通運輸及航運,SHIPPING_CONTAINER,海運（貨櫃／散裝）,貨櫃航運,,False,HIGH,False,
8411,福貞-KY,COMMON_STOCK,鋼鐵,STEEL,鋼鐵,金屬製品,,False,HIGH,False,
8462,柏文,COMMON_STOCK,休閒娛樂,LEISURE_TOURISM,休閒觀光與娛樂,娛樂服務業,,False,HIGH,False,
8463,潤泰材,COMMON_STOCK,水泥,CEMENT,水泥,水泥生料,,False,HIGH,False,
8481,政伸,COMMON_STOCK,休閒娛樂,LEISURE_TOURISM,休閒觀光與娛樂,高爾夫球具業,,False,HIGH,False,
9907,統一實,COMMON_STOCK,鋼鐵,STEEL,鋼鐵,金屬製品,,False,HIGH,False,
9928,中視,COMMON_STOCK,文化創意業,CULTURAL_CREATIVE,文化創意,廣播電視/電影產業,,False,HIGH,False,
9941A,裕融甲特,PREFERRED_STOCK,其他,FINANCIAL,金融,租賃與消費金融,,True,HIGH,False,裕融甲特：同裕融
9944,新麗,COMMON_STOCK,紡織,TEXTILE_FIBER,紡織與人纖,成衣及其它家居紡織類品,,False,HIGH,False,
1102,亞泥,COMMON_STOCK,風力發電,WIND_ENERGY,風力發電,風場開發,,False,HIGH,False,
1104,環泥,COMMON_STOCK,水泥,CEMENT,水泥,預拌混凝土,,False,HIGH,False,
1108,幸福,COMMON_STOCK,水泥,CEMENT,水泥,預拌混凝土,,False,HIGH,False,
1109,信大,COMMON_STOCK,水泥,CEMENT,水泥,預拌混凝土,,False,HIGH,False,
1216,統一,COMMON_STOCK,食品,FOOD,食品,原物料,,False,HIGH,False,
1217,愛之味,COMMON_STOCK,食品,FOOD,食品,冷凍、罐頭、脫水、醃漬食品,,False,HIGH,False,
1218,泰山,COMMON_STOCK,食品,FOOD,食品,加工食品,,False,HIGH,False,
1219,福壽,COMMON_STOCK,食品,FOOD,食品,加工食品,,False,HIGH,False,
1220,台榮,COMMON_STOCK,貿易百貨,RETAIL_TRADE,貿易百貨與零售,貿易商、代理商、經銷商,,False,HIGH,False,
1225,福懋油,COMMON_STOCK,食品,FOOD,食品,原物料,,False,HIGH,False,
1230,聯成食,COMMON_STOCK,電器電纜,ELECTRICAL_CABLE,電器電纜與重電,,,False,HIGH,False,
1232,大統益,COMMON_STOCK,食品,FOOD,食品,原物料,,False,HIGH,False,
1233,天仁,COMMON_STOCK,食品,FOOD,食品,餐飲連鎖,,False,HIGH,False,
1234,黑松,COMMON_STOCK,食品,FOOD,食品,冷凍、罐頭、脫水、醃漬食品,,False,HIGH,False,
1262,綠悅-KY,COMMON_STOCK,其他,SPORTING_GOODS,運動休閒用品,,,False,LOW,True,綠悅-KY：業務內容需人工查證
1301,台塑,COMMON_STOCK,紡織,TEXTILE_FIBER,紡織與人纖,石化原料(例如純對苯二甲酸、乙二醇、己內醯胺、丙烯腈等),,False,HIGH,False,
1303,南亞,COMMON_STOCK,電機機械,ELECTRICAL_MACHINERY,電機機械,電控元件,,False,HIGH,False,
1305,華夏,COMMON_STOCK,石化及塑橡膠,PETROCHEMICAL,石化,塑膠製品,,False,HIGH,False,
1307,三芳,COMMON_STOCK,石化及塑橡膠,PETROCHEMICAL,石化,塑膠製品,,False,HIGH,False,
1308,亞聚,COMMON_STOCK,石化及塑橡膠,PETROCHEMICAL,石化,工業用合成樹脂,,False,HIGH,False,
1309,台達化,COMMON_STOCK,石化及塑橡膠,PETROCHEMICAL,石化,塑膠製品,,False,HIGH,False,
1310,台苯,COMMON_STOCK,石化及塑橡膠,PETROCHEMICAL,石化,塑膠製品,,False,HIGH,False,
1311,福聚,COMMON_STOCK,塑膠工業,PLASTICS_RUBBER,塑膠與橡膠製品,,,False,HIGH,False,
1312,國喬,COMMON_STOCK,石化及塑橡膠,PETROCHEMICAL,石化,塑膠製品,,False,HIGH,False,
1313,聯成,COMMON_STOCK,石化及塑橡膠,PETROCHEMICAL,石化,塑化劑(可塑劑),,False,HIGH,False,
1314,中石化,COMMON_STOCK,紡織,TEXTILE_FIBER,紡織與人纖,石化原料(例如純對苯二甲酸、乙二醇、己內醯胺、丙烯腈等),,False,HIGH,False,
1315,達新,COMMON_STOCK,電機機械,ELECTRICAL_MACHINERY,電機機械,手工具機,,False,HIGH,False,
1316,上曜,COMMON_STOCK,石化及塑橡膠,PETROCHEMICAL,石化,塑膠製品,,False,HIGH,False,
1319,東陽,COMMON_STOCK,汽車,AUTOMOTIVE,汽車與零組件,鈑金,,False,HIGH,False,
1321,大洋,COMMON_STOCK,石化及塑橡膠,PETROCHEMICAL,石化,塑膠製品,,False,HIGH,False,
1323,永裕,COMMON_STOCK,石化及塑橡膠,PETROCHEMICAL,石化,塑膠製品,,False,HIGH,False,
1324,地球,COMMON_STOCK,石化及塑橡膠,PETROCHEMICAL,石化,塑膠製品,,False,HIGH,False,
1325,恆大,COMMON_STOCK,石化及塑橡膠,PETROCHEMICAL,石化,塑膠製品,,False,HIGH,False,
1326,台化,COMMON_STOCK,紡織,PETROCHEMICAL,石化,化學纖維原料,台塑集團|石化|化纖,False,HIGH,False,台化：核心業務為石化中間原料（PTA/AA/丙烯腈）與化纖絲，不宜與一般成衣/織布廠同 sub_sector；FinMind industry_name='紡織' 僅反映其化纖產品下游應用
1337,再生-KY,COMMON_STOCK,石化及塑橡膠,PETROCHEMICAL,石化,塑膠製品,,False,HIGH,False,
1338,廣華-KY,COMMON_STOCK,汽車,AUTOMOTIVE,汽車與零組件,其他,,False,HIGH,False,
1339,昭輝,COMMON_STOCK,石化及塑橡膠,PETROCHEMICAL,石化,塑膠製品,,False,HIGH,False,
1340,勝悅-KY,COMMON_STOCK,石化及塑橡膠,PETROCHEMICAL,石化,塑膠製品,,False,HIGH,False,
1341,富林-KY,COMMON_STOCK,塑膠工業,PLASTICS_RUBBER,塑膠與橡膠製品,,,False,HIGH,False,
1342,八貫,COMMON_STOCK,其他,TEXTILE_FIBER,紡織與人纖,其他,,False,LOW,True,八貫：業務內容需人工查證
1402,遠東新,COMMON_STOCK,紡織,TEXTILE_FIBER,紡織與人纖,石化原料(例如純對苯二甲酸、乙二醇、己內醯胺、丙烯腈等),,False,HIGH,False,
1409,新纖,COMMON_STOCK,紡織,TEXTILE_FIBER,紡織與人纖,人造纖維產品(例如尼龍纖維、聚酯纖維、嫘縈纖維等),,False,HIGH,False,
1410,南染,COMMON_STOCK,紡織,TEXTILE_FIBER,紡織與人纖,染整,,False,HIGH,False,
1413,宏洲,COMMON_STOCK,紡織,TEXTILE_FIBER,紡織與人纖,紡紗,,False,HIGH,False,
1414,東和,COMMON_STOCK,紡織,TEXTILE_FIBER,紡織與人纖,紡紗,,False,HIGH,False,
1416,廣豐,COMMON_STOCK,軟體服務,SOFTWARE_ECOMMERCE,軟體服務與電子商務,應用/系統軟體設計開發,,False,HIGH,False,
1417,嘉裕,COMMON_STOCK,紡織,TEXTILE_FIBER,紡織與人纖,成衣及其它家居紡織類品,,False,HIGH,False,
6585,鼎基,COMMON_STOCK,石化及塑橡膠,PETROCHEMICAL,石化,塑膠製品,,False,HIGH,False,
1418,東華,COMMON_STOCK,紡織,TEXTILE_FIBER,紡織與人纖,人造纖維產品(例如尼龍纖維、聚酯纖維、嫘縈纖維等),,False,HIGH,False,
1419,新紡,COMMON_STOCK,貿易百貨,RETAIL_TRADE,貿易百貨與零售,零售通路,,False,HIGH,False,
1423,利華,COMMON_STOCK,紡織,TEXTILE_FIBER,紡織與人纖,天然纖維產品(例如純棉、純羊毛等),,False,HIGH,False,
1434,福懋,COMMON_STOCK,紡織,TEXTILE_FIBER,紡織與人纖,織布,,False,HIGH,False,
1435,中福,COMMON_STOCK,其他,TEXTILE_FIBER,紡織與人纖,成衣,,False,MEDIUM,False,中福：成衣製造
1436,華友聯,COMMON_STOCK,建材營造,BUILDING_MATERIALS_CONSTRUCTION,建材營造,建設業,,False,HIGH,False,
1437,勤益控,COMMON_STOCK,其他,INVESTMENT_HOLDING,投資控股,紡織集團控股,,False,MEDIUM,False,勤益控：勤益紡織控股公司
1438,三地開發,COMMON_STOCK,建材營造,BUILDING_MATERIALS_CONSTRUCTION,建材營造,建設業,,False,HIGH,False,
1440,南紡,COMMON_STOCK,紡織,TEXTILE_FIBER,紡織與人纖,紡紗,,False,HIGH,False,
1441,大東,COMMON_STOCK,紡織,TEXTILE_FIBER,紡織與人纖,紡紗,,False,HIGH,False,
1442,名軒,COMMON_STOCK,建材營造,BUILDING_MATERIALS_CONSTRUCTION,建材營造,建設業,,False,HIGH,False,
1444,力麗,COMMON_STOCK,紡織,TEXTILE_FIBER,紡織與人纖,人造纖維產品(例如尼龍纖維、聚酯纖維、嫘縈纖維等),,False,HIGH,False,
1445,大宇,COMMON_STOCK,紡織,TEXTILE_FIBER,紡織與人纖,織布,,False,HIGH,False,
1446,宏和,COMMON_STOCK,紡織,TEXTILE_FIBER,紡織與人纖,織布,,False,HIGH,False,
1447,力鵬,COMMON_STOCK,紡織,TEXTILE_FIBER,紡織與人纖,織布,,False,HIGH,False,
1449,佳和,COMMON_STOCK,紡織,TEXTILE_FIBER,紡織與人纖,織布,,False,HIGH,False,
1451,年興,COMMON_STOCK,紡織,TEXTILE_FIBER,紡織與人纖,織布,,False,HIGH,False,
1452,宏益,COMMON_STOCK,紡織,TEXTILE_FIBER,紡織與人纖,人造纖維產品(例如尼龍纖維、聚酯纖維、嫘縈纖維等),,False,HIGH,False,
1454,台富,COMMON_STOCK,紡織,TEXTILE_FIBER,紡織與人纖,織布,,False,HIGH,False,
1455,集盛,COMMON_STOCK,紡織,TEXTILE_FIBER,紡織與人纖,人造纖維產品(例如尼龍纖維、聚酯纖維、嫘縈纖維等),,False,HIGH,False,
1457,宜進,COMMON_STOCK,紡織,TEXTILE_FIBER,紡織與人纖,紡紗,,False,HIGH,False,
1459,聯發,COMMON_STOCK,紡織,TEXTILE_FIBER,紡織與人纖,人造纖維產品(例如尼龍纖維、聚酯纖維、嫘縈纖維等),,False,HIGH,False,
1460,宏遠,COMMON_STOCK,紡織,TEXTILE_FIBER,紡織與人纖,織布,,False,HIGH,False,
1463,強盛新,COMMON_STOCK,紡織,TEXTILE_FIBER,紡織與人纖,染整,,False,HIGH,False,
1469,理隆,COMMON_STOCK,紡織纖維,TEXTILE_FIBER,紡織與人纖,,,False,HIGH,False,
1507,永大,COMMON_STOCK,電機機械,ELECTRICAL_MACHINERY,電機機械,,,False,HIGH,False,
1513,中興電,COMMON_STOCK,智慧電網,ELECTRICAL_CABLE,電器電纜與重電,高壓AMI,,False,HIGH,False,
1514,亞力,COMMON_STOCK,風力發電,WIND_ENERGY,風力發電,電力系統,,False,HIGH,False,
1519,華城,COMMON_STOCK,智慧電網,ELECTRICAL_CABLE,電器電纜與重電,高/低壓輸電設施,,False,HIGH,False,
1528,恩德,COMMON_STOCK,貿易百貨,RETAIL_TRADE,貿易百貨與零售,貿易商、代理商、經銷商,,False,HIGH,False,
1529,樂事綠能,COMMON_STOCK,電機機械,ELECTRICAL_MACHINERY,電機機械,機電系統工程,,False,HIGH,False,
1532,勤美,COMMON_STOCK,貿易百貨,RETAIL_TRADE,貿易百貨與零售,零售通路,,False,HIGH,False,
1536,和大,COMMON_STOCK,電動車輛產業,EV_BATTERY,電動車輛與電池,大功率鋰電池芯/模組、電池管理系統、動力馬達等零組件,,False,HIGH,False,
1537,廣隆,COMMON_STOCK,電機機械,ELECTRICAL_MACHINERY,電機機械,車用機械傳動設備及零配件,,False,HIGH,False,
1563,巧新,COMMON_STOCK,汽車,AUTOMOTIVE,汽車與零組件,鋁合金鋼圈,,False,HIGH,False,
1589,永冠-KY,COMMON_STOCK,風力發電,WIND_ENERGY,風力發電,齒輪箱,,False,HIGH,False,
1590,亞德客-KY,COMMON_STOCK,電機機械,ELECTRICAL_MACHINERY,電機機械,金屬加工用機械,,False,HIGH,False,
1592,英瑞-KY,COMMON_STOCK,汽車工業,PASSIVE_CONNECTOR,被動元件與連接器,拉鍊/扣件,,False,MEDIUM,False,英瑞-KY：拉鍊與扣件製造，非汽車業
1601,台光,COMMON_STOCK,電器電纜,ELECTRICAL_CABLE,電器電纜與重電,,,False,HIGH,False,
1606,歌林,COMMON_STOCK,電器電纜,ELECTRICAL_CABLE,電器電纜與重電,,,False,HIGH,False,
1608,華榮,COMMON_STOCK,其他,ELECTRICAL_CABLE,電器電纜與重電,電線電纜,,False,MEDIUM,False,華榮：電線電纜製造
1611,中電,COMMON_STOCK,電動車輛產業,EV_BATTERY,電動車輛與電池,鋰電池材料,,False,HIGH,False,
1612,宏泰,COMMON_STOCK,智慧電網,ELECTRICAL_CABLE,電器電纜與重電,高/低壓輸電設施,,False,HIGH,False,
1613,台一,COMMON_STOCK,電器電纜,ELECTRICAL_CABLE,電器電纜與重電,,,False,HIGH,False,
1614,三洋電,COMMON_STOCK,平面顯示器,OPTOELECTRONICS,光電（面板/觸控/光學）,電視,,False,HIGH,False,
1615,大山,COMMON_STOCK,智慧電網,ELECTRICAL_CABLE,電器電纜與重電,高/低壓輸電設施,,False,HIGH,False,
1616,億泰,COMMON_STOCK,其他,ELECTRICAL_CABLE,電器電纜與重電,電線電纜,,False,MEDIUM,False,億泰：電線電纜相關
1617,榮星,COMMON_STOCK,連接器,PASSIVE_CONNECTOR,被動元件與連接器,金屬材料,,False,HIGH,False,
1618,合機,COMMON_STOCK,智慧電網,ELECTRICAL_CABLE,電器電纜與重電,高/低壓輸電設施,,False,HIGH,False,
1623,大東電,COMMON_STOCK,智慧電網,ELECTRICAL_CABLE,電器電纜與重電,高/低壓輸電設施,,False,HIGH,False,
1626,艾美特-KY,COMMON_STOCK,其他,HOME_APPLIANCE_CONSUMER,家電與民生消費品,小家電,,False,HIGH,False,艾美特-KY：小家電製造
1702,南僑,COMMON_STOCK,食品,FOOD,食品,餐飲連鎖,,False,HIGH,False,
1707,葡萄王,COMMON_STOCK,食品生技,HEALTH_SUPPLEMENT,保健食品,保健食品品牌,,False,HIGH,False,葡萄王：靈芝/保健食品品牌
1708,東鹼,COMMON_STOCK,其他,CHEMICAL,化學工業,工業化學品,,False,HIGH,False,東鹼：工業用鹼/化學原料
1709,和益,COMMON_STOCK,石化及塑橡膠,PETROCHEMICAL,石化,界面活性劑,,False,HIGH,False,
1711,永光,COMMON_STOCK,石化及塑橡膠,PETROCHEMICAL,石化,顏染料,,False,HIGH,False,
1712,興農,COMMON_STOCK,石化及塑橡膠,PETROCHEMICAL,石化,農藥,,False,HIGH,False,
1713,國化,COMMON_STOCK,紡織,TEXTILE_FIBER,紡織與人纖,化學助劑,,False,HIGH,False,
1714,和桐,COMMON_STOCK,石化及塑橡膠,PETROCHEMICAL,石化,界面活性劑,,False,HIGH,False,
1715,萬洲,COMMON_STOCK,塑膠工業,PLASTICS_RUBBER,塑膠與橡膠製品,,,False,HIGH,False,
1717,長興,COMMON_STOCK,印刷電路板,PCB_ELECTRONIC_MATERIALS,印刷電路板與電子材料,銅箔基板,,False,HIGH,False,
1718,中纖,COMMON_STOCK,其他,TEXTILE_FIBER,紡織與人纖,人纖原料,,False,HIGH,False,中纖：人造纖維原料
1720,生達,COMMON_STOCK,食品生技,PHARMACEUTICAL,製藥,學名藥,,False,HIGH,False,生達：學名藥製造大廠
1721,三晃,COMMON_STOCK,石化及塑橡膠,PETROCHEMICAL,石化,橡塑膠添加劑,,False,HIGH,False,
1722,台肥,COMMON_STOCK,其他,CHEMICAL,化學工業,肥料/工業化學品,,False,HIGH,False,台肥：肥料與工業化學品製造
1723,中碳,COMMON_STOCK,電動車輛產業,EV_BATTERY,電動車輛與電池,鋰電池材料,,False,HIGH,False,
1725,元禎,COMMON_STOCK,石化及塑橡膠,PETROCHEMICAL,石化,界面活性劑,,False,HIGH,False,
1727,中華化,COMMON_STOCK,石化及塑橡膠,PETROCHEMICAL,石化,界面活性劑,,False,HIGH,False,
1730,花仙子,COMMON_STOCK,貿易百貨,RETAIL_TRADE,貿易百貨與零售,貿易商、代理商、經銷商,,False,HIGH,False,
1731,美吾華,COMMON_STOCK,製藥,PHARMACEUTICAL,製藥,藥品代理銷售及通路,,False,HIGH,False,
1733,五鼎,COMMON_STOCK,醫療器材,MEDICAL_DEVICE,醫療器材,體溫計、血壓計,,False,HIGH,False,
1735,日勝化,COMMON_STOCK,石化及塑橡膠,PETROCHEMICAL,石化,接著劑(合成樹脂),,False,HIGH,False,
1737,臺鹽,COMMON_STOCK,食品,FOOD,食品,營養食品,,False,HIGH,False,
1760,寶齡富錦,COMMON_STOCK,醫療器材,MEDICAL_DEVICE,醫療器材,醫療耗材,,False,HIGH,False,
1773,勝一,COMMON_STOCK,石化及塑橡膠,PETROCHEMICAL,石化,接著劑(合成樹脂),,False,HIGH,False,
1776,展宇,COMMON_STOCK,石化及塑橡膠,PETROCHEMICAL,石化,接著劑(合成樹脂),,False,HIGH,False,
1809,中釉,COMMON_STOCK,建材營造,BUILDING_MATERIALS_CONSTRUCTION,建材營造,建材原料,,False,HIGH,False,
1902,台紙,COMMON_STOCK,造紙工業,PAPER,造紙,,,False,HIGH,False,
1904,正隆,COMMON_STOCK,造紙,PAPER,造紙,銷售、進出口業務,,False,HIGH,False,
1905,華紙,COMMON_STOCK,造紙,PAPER,造紙,銷售、進出口業務,,False,HIGH,False,
1907,永豐餘,COMMON_STOCK,造紙,PAPER,造紙,銷售、進出口業務,,False,HIGH,False,
2006,東和鋼鐵,COMMON_STOCK,鋼鐵,STEEL,鋼鐵,鋼胚,,False,HIGH,False,
2007,燁興,COMMON_STOCK,鋼鐵,STEEL,鋼鐵,鋼筋,,False,HIGH,False,
1701,中化,COMMON_STOCK,生技醫療業,PHARMACEUTICAL,製藥,西藥製劑,,False,HIGH,False,中化：中國化學製藥，西藥製劑大廠
2008,高興昌,COMMON_STOCK,鋼鐵,STEEL,鋼鐵,製管,,False,HIGH,False,
2010,春源,COMMON_STOCK,鋼鐵,STEEL,鋼鐵,金屬製品,,False,HIGH,False,
2012,春雨,COMMON_STOCK,鋼鐵,STEEL,鋼鐵,鋼線鋼纜,,False,HIGH,False,
2013,中鋼構,COMMON_STOCK,風力發電,WIND_ENERGY,風力發電,鋼材,,False,HIGH,False,
2014,中鴻,COMMON_STOCK,鋼鐵,STEEL,鋼鐵,製管,,False,HIGH,False,
2015,豐興,COMMON_STOCK,鋼鐵,STEEL,鋼鐵,鋼胚,,False,HIGH,False,
2017,官田鋼,COMMON_STOCK,鋼鐵,STEEL,鋼鐵,鋼線鋼纜,,False,HIGH,False,
2020,美亞,COMMON_STOCK,鋼鐵,STEEL,鋼鐵,製管,,False,HIGH,False,
2022,聚亨,COMMON_STOCK,鋼鐵,STEEL,鋼鐵,螺絲螺帽,,False,HIGH,False,
2024,志聯,COMMON_STOCK,鋼鐵,STEEL,鋼鐵,鋼線鋼纜,,False,HIGH,False,
2029,盛餘,COMMON_STOCK,鋼鐵,STEEL,鋼鐵,建築工程,,False,HIGH,False,
2031,新光鋼,COMMON_STOCK,風力發電,WIND_ENERGY,風力發電,鋼材,,False,HIGH,False,
2033,佳大,COMMON_STOCK,鋼鐵,STEEL,鋼鐵,鋼線鋼纜,,False,HIGH,False,
2038,海光,COMMON_STOCK,鋼鐵,STEEL,鋼鐵,鋼筋,,False,HIGH,False,
2072,世紀風電,COMMON_STOCK,風力發電,WIND_ENERGY,風力發電,其他配件,,False,HIGH,False,
2102,泰豐,COMMON_STOCK,汽車,AUTOMOTIVE,汽車與零組件,輪胎,,False,HIGH,False,
2105,正新,COMMON_STOCK,石化及塑橡膠,PETROCHEMICAL,石化,橡膠製品,,False,HIGH,False,
2106,建大,COMMON_STOCK,運動科技,SPORTING_GOODS,運動休閒用品,運動用品,,False,HIGH,False,
2107,厚生,COMMON_STOCK,石化及塑橡膠,PETROCHEMICAL,石化,橡膠製品,,False,HIGH,False,
2108,南帝,COMMON_STOCK,石化及塑橡膠,PETROCHEMICAL,石化,橡膠製品,,False,HIGH,False,
2109,華豐,COMMON_STOCK,石化及塑橡膠,PETROCHEMICAL,石化,橡膠製品,,False,HIGH,False,
2114,鑫永銓,COMMON_STOCK,石化及塑橡膠,PETROCHEMICAL,石化,橡膠製品,,False,HIGH,False,
2115,六暉-KY,COMMON_STOCK,石化及塑橡膠,PETROCHEMICAL,石化,橡膠製品,,False,HIGH,False,
2201,裕隆,COMMON_STOCK,汽車,AUTOMOTIVE,汽車與零組件,整車組裝、修理及技術服務,,False,HIGH,False,
2204,中華,COMMON_STOCK,汽車,AUTOMOTIVE,汽車與零組件,銷售、進出口業務,,False,HIGH,False,
2206,三陽工業,COMMON_STOCK,汽車,AUTOMOTIVE,汽車與零組件,銷售、進出口業務,,False,HIGH,False,
2207,和泰車,COMMON_STOCK,電動車輛產業,EV_BATTERY,電動車輛與電池,電動汽車、電動機車、電動自行車,,False,HIGH,False,
2211,長榮鋼,COMMON_STOCK,鋼鐵,STEEL,鋼鐵,金屬製品,,False,HIGH,False,
2236,百達-KY,COMMON_STOCK,汽車工業,AUTOMOTIVE,汽車與零組件,精密零組件,,False,LOW,True,百達-KY：業務內容需人工查證
2243,宏旭-KY,COMMON_STOCK,汽車工業,AUTOMOTIVE,汽車與零組件,,,False,LOW,True,宏旭-KY：業務內容需人工查證
2248,華勝-KY,COMMON_STOCK,汽車,AUTOMOTIVE,汽車與零組件,鋁合金鋼圈,,False,HIGH,False,
2250,IKKA-KY,COMMON_STOCK,汽車工業,HOME_APPLIANCE_CONSUMER,家電與民生消費品,流行服飾品牌,,False,MEDIUM,False,IKKA-KY：流行服飾品牌，非汽車業
2258,鴻華先進-創,COMMON_STOCK,創新版股票,EV_BATTERY,電動車輛與電池,電動車整車,電動車|鴻海集團|MIH,False,HIGH,False,鴻華先進：鴻海與裕隆合資電動車廠
2308,台達電,COMMON_STOCK,智慧電網,ELECTRICAL_MACHINERY,電機機械,電源管理與工業自動化,,False,HIGH,False,台達電：電源管理/工業自動化/電動車充電多角化大廠，非傳統電纜重電業務
2312,金寶,COMMON_STOCK,電腦及週邊設備,COMPUTER_PERIPHERALS,電腦及週邊設備,硬碟機,,False,HIGH,False,
2313,華通,COMMON_STOCK,印刷電路板,PCB_ELECTRONIC_MATERIALS,印刷電路板與電子材料,硬板、軟板、IC載板製造,,False,HIGH,False,
2314,台揚,COMMON_STOCK,通信網路,COMMUNICATION_NETWORK,通信網路,無線通訊設備(如行動電話、衛星定位系統、衛星通訊設備、微波通訊設備、數位機上盒),,False,HIGH,False,
2316,楠梓電,COMMON_STOCK,印刷電路板,PCB_ELECTRONIC_MATERIALS,印刷電路板與電子材料,硬板、軟板、IC載板製造,,False,HIGH,False,
2317,鴻海,COMMON_STOCK,電腦及週邊設備,COMPUTER_PERIPHERALS,電腦及週邊設備,金屬、塑膠模具,,False,HIGH,False,
2321,東訊,COMMON_STOCK,通信網路,COMMUNICATION_NETWORK,通信網路,無線通訊設備(如行動電話、衛星定位系統、衛星通訊設備、微波通訊設備、數位機上盒),,False,HIGH,False,
2323,中環,COMMON_STOCK,電腦及週邊設備,COMPUTER_PERIPHERALS,電腦及週邊設備,其他電腦及週邊設備,,False,HIGH,False,
2324,仁寶,COMMON_STOCK,平面顯示器,OPTOELECTRONICS,光電（面板/觸控/光學）,電視,,False,HIGH,False,
2327,國巨*,COMMON_STOCK,被動元件,PASSIVE_CONNECTOR,被動元件與連接器,電阻器,,False,HIGH,False,
2331,精英,COMMON_STOCK,電腦及週邊設備,COMPUTER_PERIPHERALS,電腦及週邊設備,筆記型電腦,,False,HIGH,False,
2351,順德,COMMON_STOCK,鋼鐵,STEEL,鋼鐵,金屬製品,,False,HIGH,False,
2352,佳世達,COMMON_STOCK,醫療器材,MEDICAL_DEVICE,醫療器材,顯示器,,False,HIGH,False,
2353,宏碁,COMMON_STOCK,電腦及週邊設備,COMPUTER_PERIPHERALS,電腦及週邊設備,筆記型電腦,,False,HIGH,False,
2356,英業達,COMMON_STOCK,電腦及週邊設備,COMPUTER_PERIPHERALS,電腦及週邊設備,筆記型電腦,,False,HIGH,False,
2357,華碩,COMMON_STOCK,電腦及週邊設備,COMPUTER_PERIPHERALS,電腦及週邊設備,顯示卡,,False,HIGH,False,
2358,廷鑫,COMMON_STOCK,其他,DIVERSIFIED_OTHER,其他（待歸類）,其他,,False,LOW,True,廷鑫：業務內容需人工查證
2359,所羅門,COMMON_STOCK,其他,AUTOMATION_ROBOTICS,自動化與機器人,工業機器人整合,,False,HIGH,False,所羅門：工業機器人與自動化整合
2360,致茂,COMMON_STOCK,智慧電網,COMPUTER_PERIPHERALS,電腦及週邊設備,電子量測儀器,,False,HIGH,False,致茂：電子測試儀器製造
2362,藍天,COMMON_STOCK,電腦及週邊設備,COMPUTER_PERIPHERALS,電腦及週邊設備,筆記型電腦,,False,HIGH,False,
2364,倫飛,COMMON_STOCK,電腦及週邊設備,COMPUTER_PERIPHERALS,電腦及週邊設備,精簡型電腦,,False,HIGH,False,
2365,昆盈,COMMON_STOCK,電腦及週邊設備,COMPUTER_PERIPHERALS,電腦及週邊設備,其他電腦及週邊設備,,False,HIGH,False,
2367,燿華,COMMON_STOCK,印刷電路板,PCB_ELECTRONIC_MATERIALS,印刷電路板與電子材料,硬板、軟板、IC載板製造,,False,HIGH,False,
2368,金像電,COMMON_STOCK,印刷電路板,PCB_ELECTRONIC_MATERIALS,印刷電路板與電子材料,硬板、軟板、IC載板製造,,False,HIGH,False,
2369,菱生,COMMON_STOCK,半導體,SEMICONDUCTOR,半導體,IC封裝測試,,False,HIGH,False,
2371,大同,COMMON_STOCK,智慧電網,ELECTRICAL_MACHINERY,電機機械,重電與家電集團,,False,HIGH,False,大同：重電設備與家電集團
2373,震旦行,COMMON_STOCK,其他,RETAIL_TRADE,貿易百貨與零售,辦公事務機器經銷,,False,HIGH,False,震旦行：辦公家具/事務機器經銷
2374,佳能,COMMON_STOCK,電腦及週邊設備,COMPUTER_PERIPHERALS,電腦及週邊設備,光學鏡片、鏡頭,,False,HIGH,False,
2375,凱美,COMMON_STOCK,被動元件,PASSIVE_CONNECTOR,被動元件與連接器,電容器,,False,HIGH,False,
2376,技嘉,COMMON_STOCK,電腦及週邊設備,COMPUTER_PERIPHERALS,電腦及週邊設備,顯示器模組,,False,HIGH,False,
2377,微星,COMMON_STOCK,電腦及週邊設備,COMPUTER_PERIPHERALS,電腦及週邊設備,顯示卡,,False,HIGH,False,
2379,瑞昱,COMMON_STOCK,半導體,SEMICONDUCTOR,半導體,網路通訊IC,,False,HIGH,False,
2380,虹光,COMMON_STOCK,電腦及週邊設備,COMPUTER_PERIPHERALS,電腦及週邊設備,印表機、傳真機、掃瞄器、多功能事務機、投影機,,False,HIGH,False,
2382,廣達,COMMON_STOCK,雲端運算,BIG_DATA_CLOUD,大數據與雲端運算,電腦設備,,False,HIGH,False,
2383,台光電,COMMON_STOCK,印刷電路板,PCB_ELECTRONIC_MATERIALS,印刷電路板與電子材料,銅箔基板,,False,HIGH,False,
2385,群光,COMMON_STOCK,電腦及週邊設備,COMPUTER_PERIPHERALS,電腦及週邊設備,電源供應器,,False,HIGH,False,
2387,精元,COMMON_STOCK,電腦及週邊設備,COMPUTER_PERIPHERALS,電腦及週邊設備,其他電腦及週邊設備之零組件,,False,HIGH,False,
2388,威盛,COMMON_STOCK,人工智慧,AI,人工智慧,領域解決方案,,False,HIGH,False,
2390,云辰,COMMON_STOCK,大數據,BIG_DATA_CLOUD,大數據與雲端運算,顧問諮詢,,False,HIGH,False,
2392,正崴,COMMON_STOCK,電腦及週邊設備,COMPUTER_PERIPHERALS,電腦及週邊設備,連接線,,False,HIGH,False,
2393,億光,COMMON_STOCK,平面顯示器,OPTOELECTRONICS,光電（面板/觸控/光學）,顯示器模組,,False,HIGH,False,
2395,研華,COMMON_STOCK,雲端運算,BIG_DATA_CLOUD,大數據與雲端運算,雲端應用服務,,False,HIGH,False,
2311,日月光,COMMON_STOCK,半導體業,SEMICONDUCTOR,半導體,,,False,HIGH,False,
2381,華宇,COMMON_STOCK,電腦及週邊設備業,COMPUTER_PERIPHERALS,電腦及週邊設備,,,False,HIGH,False,
2325,矽品,COMMON_STOCK,半導體業,SEMICONDUCTOR,半導體,,,False,HIGH,False,
2397,友通,COMMON_STOCK,通信網路,COMMUNICATION_NETWORK,通信網路,網路設備(如數據機、網路卡、閘道器、路由器、網路電話),,False,HIGH,False,
2399,映泰,COMMON_STOCK,區塊鏈,SOFTWARE_ECOMMERCE,軟體服務與電子商務,元件裝置,,False,HIGH,False,
2401,凌陽,COMMON_STOCK,半導體,SEMICONDUCTOR,半導體,輸出入介面IC,,False,HIGH,False,
2402,毅嘉,COMMON_STOCK,印刷電路板,PCB_ELECTRONIC_MATERIALS,印刷電路板與電子材料,硬板、軟板、IC載板製造,,False,HIGH,False,
2404,漢唐,COMMON_STOCK,其他,FACTORY_ENGINEERING,廠務工程與系統整合,廠務工程,,False,HIGH,False,漢唐：半導體廠務系統工程
2405,輔信,COMMON_STOCK,電腦及週邊設備,COMPUTER_PERIPHERALS,電腦及週邊設備,桌上型電腦,,False,HIGH,False,
2406,國碩,COMMON_STOCK,太陽能產業,SOLAR_ENERGY,太陽能,太陽能電廠,,False,HIGH,False,
2408,南亞科,COMMON_STOCK,半導體,SEMICONDUCTOR,半導體,記憶體IC,,False,HIGH,False,
2409,友達,COMMON_STOCK,平面顯示器,OPTOELECTRONICS,光電（面板/觸控/光學）,面板,,False,HIGH,False,
2412,中華電,COMMON_STOCK,通信網路,COMMUNICATION_NETWORK,通信網路,電信服務業,,False,HIGH,False,
2413,環科,COMMON_STOCK,電腦及週邊設備,COMPUTER_PERIPHERALS,電腦及週邊設備,電源供應器,,False,HIGH,False,
2414,精技,COMMON_STOCK,其他,SOFTWARE_ECOMMERCE,軟體服務與電子商務,IT系統整合/通路,,False,HIGH,False,精技：資訊系統整合與通路
2417,圓剛,COMMON_STOCK,電腦及週邊設備,COMPUTER_PERIPHERALS,電腦及週邊設備,顯示卡,,False,HIGH,False,
2419,仲琦,COMMON_STOCK,通信網路,COMMUNICATION_NETWORK,通信網路,網路設備(如數據機、網路卡、閘道器、路由器、網路電話),,False,HIGH,False,
2420,新巨,COMMON_STOCK,電腦及週邊設備,COMPUTER_PERIPHERALS,電腦及週邊設備,電源供應器,,False,HIGH,False,
2423,固緯,COMMON_STOCK,其他,COMPUTER_PERIPHERALS,電腦及週邊設備,量測儀器,,False,HIGH,False,固緯：電子量測儀器製造
2425,承啟,COMMON_STOCK,電腦及週邊設備,COMPUTER_PERIPHERALS,電腦及週邊設備,顯示卡,,False,HIGH,False,
2426,鼎元,COMMON_STOCK,電腦及週邊設備,COMPUTER_PERIPHERALS,電腦及週邊設備,精簡型電腦,,False,HIGH,False,
2427,三商電,COMMON_STOCK,觸控面板,OPTOELECTRONICS,光電（面板/觸控/光學）,金融提款機(ATM),,False,HIGH,False,
2428,興勤,COMMON_STOCK,被動元件,PASSIVE_CONNECTOR,被動元件與連接器,電阻器,,False,HIGH,False,
2430,燦坤,COMMON_STOCK,貿易百貨,RETAIL_TRADE,貿易百貨與零售,零售通路,,False,HIGH,False,
2431,聯昌,COMMON_STOCK,電腦及週邊設備,COMPUTER_PERIPHERALS,電腦及週邊設備,電源供應器,,False,HIGH,False,
2432,倚天,COMMON_STOCK,通信網路業,COMMUNICATION_NETWORK,通信網路,,,False,HIGH,False,
2433,互盛電,COMMON_STOCK,其他,ELECTRONIC_DISTRIBUTION,電子零組件通路與服務,電子零件通路,,False,MEDIUM,False,互盛電：電子零件代理通路
2434,統懋,COMMON_STOCK,太陽能產業,SOLAR_ENERGY,太陽能,矽晶圓/矽晶片,,False,HIGH,False,
2436,偉詮電,COMMON_STOCK,半導體,SEMICONDUCTOR,半導體,電源管理IC,,False,HIGH,False,
2438,翔耀,COMMON_STOCK,LED照明產業,LED_LIGHTING,LED照明,燈具/應用,,False,HIGH,False,
2439,美律,COMMON_STOCK,能源元件,EV_BATTERY,電動車輛與電池,電池模組,,False,HIGH,False,
2440,太空梭,COMMON_STOCK,電腦及週邊設備,COMPUTER_PERIPHERALS,電腦及週邊設備,連接線,,False,HIGH,False,
2441,超豐,COMMON_STOCK,半導體,SEMICONDUCTOR,半導體,IC封裝測試,,False,HIGH,False,
2442,新美齊,COMMON_STOCK,建材營造,BUILDING_MATERIALS_CONSTRUCTION,建材營造,建設業,,False,HIGH,False,
2443,昶虹,COMMON_STOCK,其他,COMPUTER_PERIPHERALS,電腦及週邊設備,,,False,LOW,True,昶虹：業務內容需人工查證
2444,兆勁,COMMON_STOCK,電腦及週邊設備,COMPUTER_PERIPHERALS,電腦及週邊設備,其他電腦及週邊設備之零組件,,False,HIGH,False,
2449,京元電子,COMMON_STOCK,半導體,SEMICONDUCTOR,半導體,IC封裝測試,,False,HIGH,False,
2450,神腦,COMMON_STOCK,通信網路,COMMUNICATION_NETWORK,通信網路,無線通訊設備(如行動電話、衛星定位系統、衛星通訊設備、微波通訊設備、數位機上盒),,False,HIGH,False,
2451,創見,COMMON_STOCK,電腦及週邊設備,COMPUTER_PERIPHERALS,電腦及週邊設備,隨身碟、記憶卡讀卡機,,False,HIGH,False,
2453,凌群,COMMON_STOCK,大數據,BIG_DATA_CLOUD,大數據與雲端運算,顧問諮詢,,False,HIGH,False,
2454,聯發科,COMMON_STOCK,半導體,SEMICONDUCTOR,半導體,電源管理IC,,False,HIGH,False,
2455,全新,COMMON_STOCK,半導體,SEMICONDUCTOR,半導體,晶圓製造,,False,HIGH,False,
2459,敦吉,COMMON_STOCK,智慧電網,ELECTRICAL_CABLE,電器電纜與重電,高/低壓輸電設施,,False,HIGH,False,
2479,和立,COMMON_STOCK,電子工業,SEMICONDUCTOR,半導體,IC設計,,False,MEDIUM,False,和立：類比IC設計
2480,敦陽科,COMMON_STOCK,大數據,BIG_DATA_CLOUD,大數據與雲端運算,顧問諮詢,,False,HIGH,False,
2481,強茂,COMMON_STOCK,半導體,SEMICONDUCTOR,半導體,其他IC/二極體製造,,False,HIGH,False,
2482,連宇,COMMON_STOCK,其他,COMMUNICATION_NETWORK,通信網路,網通線材,,False,HIGH,False,連宇：網路通訊線材
2483,百容,COMMON_STOCK,醫療器材,MEDICAL_DEVICE,醫療器材,體溫計、血壓計,,False,HIGH,False,
2484,希華,COMMON_STOCK,被動元件,PASSIVE_CONNECTOR,被動元件與連接器,濾波器、振盪器,,False,HIGH,False,
2485,兆赫,COMMON_STOCK,平面顯示器,OPTOELECTRONICS,光電（面板/觸控/光學）,顯示器模組,,False,HIGH,False,
2486,一詮,COMMON_STOCK,平面顯示器,OPTOELECTRONICS,光電（面板/觸控/光學）,背光源(發光二極體、冷陰極管),,False,HIGH,False,
2488,漢平,COMMON_STOCK,其他,ELECTRONIC_DISTRIBUTION,電子零組件通路與服務,電子零件代理,,False,MEDIUM,False,漢平：電子零件代理商
2489,瑞軒,COMMON_STOCK,平面顯示器,OPTOELECTRONICS,光電（面板/觸控/光學）,電視,,False,HIGH,False,
2491,吉祥全,COMMON_STOCK,LED照明產業,LED_LIGHTING,LED照明,藍寶石晶圓/晶片,,False,HIGH,False,
2492,華新科,COMMON_STOCK,被動元件,PASSIVE_CONNECTOR,被動元件與連接器,電阻器,,False,HIGH,False,
2493,揚博,COMMON_STOCK,印刷電路板,PCB_ELECTRONIC_MATERIALS,印刷電路板與電子材料,生產製程及檢測設備,,False,HIGH,False,
2495,普安,COMMON_STOCK,大數據,BIG_DATA_CLOUD,大數據與雲端運算,雲端平台,,False,HIGH,False,
2498,宏達電,COMMON_STOCK,體驗科技,LEISURE_TOURISM,休閒觀光與娛樂,頭顯裝置品牌廠,,False,HIGH,False,
2511,太子,COMMON_STOCK,建材營造,BUILDING_MATERIALS_CONSTRUCTION,建材營造,物業管理,,False,HIGH,False,
2515,中工,COMMON_STOCK,建材營造,BUILDING_MATERIALS_CONSTRUCTION,建材營造,營造業,,False,HIGH,False,
2526,大陸,COMMON_STOCK,建材營造,BUILDING_MATERIALS_CONSTRUCTION,建材營造,,,False,HIGH,False,
2527,宏璟,COMMON_STOCK,建材營造,BUILDING_MATERIALS_CONSTRUCTION,建材營造,建設業,,False,HIGH,False,
2535,達欣工,COMMON_STOCK,建材營造,BUILDING_MATERIALS_CONSTRUCTION,建材營造,營造業,,False,HIGH,False,
2542,興富發,COMMON_STOCK,建材營造,BUILDING_MATERIALS_CONSTRUCTION,建材營造,建設業,,False,HIGH,False,
2543,皇昌,COMMON_STOCK,建材營造,BUILDING_MATERIALS_CONSTRUCTION,建材營造,營造業,,False,HIGH,False,
2545,皇翔,COMMON_STOCK,建材營造,BUILDING_MATERIALS_CONSTRUCTION,建材營造,建設業,,False,HIGH,False,
2546,根基,COMMON_STOCK,建材營造,BUILDING_MATERIALS_CONSTRUCTION,建材營造,營造業,,False,HIGH,False,
2547,日勝生,COMMON_STOCK,建材營造,BUILDING_MATERIALS_CONSTRUCTION,建材營造,建設業,,False,HIGH,False,
2548,華固,COMMON_STOCK,建材營造,BUILDING_MATERIALS_CONSTRUCTION,建材營造,建設業,,False,HIGH,False,
2597,潤弘,COMMON_STOCK,建材營造,BUILDING_MATERIALS_CONSTRUCTION,建材營造,裝潢業,,False,HIGH,False,
2603,長榮,COMMON_STOCK,交通運輸及航運,SHIPPING_CONTAINER,海運（貨櫃／散裝）,貨櫃航運,,False,HIGH,False,長榮：貨櫃航運為核心業務，不應與航空客運公司同 sub_sector
2605,新興,COMMON_STOCK,交通運輸及航運,SHIPPING_CONTAINER,海運（貨櫃／散裝）,散裝航運,,False,HIGH,False,
2606,裕民,COMMON_STOCK,交通運輸及航運,SHIPPING_CONTAINER,海運（貨櫃／散裝）,散裝航運,,False,HIGH,False,
2608,嘉里大榮,COMMON_STOCK,交通運輸及航運,SHIPPING_CONTAINER,海運（貨櫃／散裝）,海陸空貨運承攬,,False,HIGH,False,
2609,陽明,COMMON_STOCK,交通運輸及航運,SHIPPING_CONTAINER,海運（貨櫃／散裝）,貨櫃航運,,False,HIGH,False,
2411,飛瑞,COMMON_STOCK,電子工業,COMPUTER_PERIPHERALS,電腦及週邊設備,電源供應器,,False,MEDIUM,False,飛瑞：電源供應器/充電系統
2437,旺詮,COMMON_STOCK,電子工業,PASSIVE_CONNECTOR,被動元件與連接器,被動元件,,False,MEDIUM,False,旺詮：電阻器製造
2448,晶電,COMMON_STOCK,光電業,OPTOELECTRONICS,光電（面板/觸控/光學）,,,False,HIGH,False,
2610,華航,COMMON_STOCK,交通運輸及航運,SHIPPING_CONTAINER,海運（貨櫃／散裝）,海陸空大眾運輸,,False,HIGH,False,
2611,志信,COMMON_STOCK,交通運輸及航運,SHIPPING_CONTAINER,海運（貨櫃／散裝）,貨櫃運輸集散及倉儲,,False,HIGH,False,
2613,中櫃,COMMON_STOCK,交通運輸及航運,SHIPPING_CONTAINER,海運（貨櫃／散裝）,貨櫃運輸集散及倉儲,,False,HIGH,False,
2614,東森,COMMON_STOCK,貿易百貨,RETAIL_TRADE,貿易百貨與零售,零售通路,,False,HIGH,False,
2615,萬海,COMMON_STOCK,交通運輸及航運,SHIPPING_CONTAINER,海運（貨櫃／散裝）,貨櫃航運,,False,HIGH,False,
2617,台航,COMMON_STOCK,交通運輸及航運,SHIPPING_CONTAINER,海運（貨櫃／散裝）,散裝航運,,False,HIGH,False,
2633,台灣高鐵,COMMON_STOCK,交通運輸及航運,SHIPPING_CONTAINER,海運（貨櫃／散裝）,海陸空大眾運輸,,False,HIGH,False,
2634,漢翔,COMMON_STOCK,其他,AEROSPACE_DEFENSE,航太國防,航空器製造,軍工|航太|無人機,False,HIGH,False,漢翔：主力為航空發動機/機身零件與軍用機承製，FinMind industry_name='其他' 為 catch-all 誤置，非真實業務歸類
2636,台驊控股,COMMON_STOCK,交通運輸及航運,SHIPPING_CONTAINER,海運（貨櫃／散裝）,海陸空貨運承攬,,False,HIGH,False,
2637,慧洋-KY,COMMON_STOCK,交通運輸及航運,SHIPPING_CONTAINER,海運（貨櫃／散裝）,散裝航運,,False,HIGH,False,
2701,萬企,COMMON_STOCK,休閒娛樂,LEISURE_TOURISM,休閒觀光與娛樂,娛樂服務業,,False,HIGH,False,
2702,華園,COMMON_STOCK,休閒娛樂,LEISURE_TOURISM,休閒觀光與娛樂,旅館服務業,,False,HIGH,False,
2704,國賓,COMMON_STOCK,休閒娛樂,LEISURE_TOURISM,休閒觀光與娛樂,旅館服務業,,False,HIGH,False,
2705,六福,COMMON_STOCK,休閒娛樂,LEISURE_TOURISM,休閒觀光與娛樂,旅館服務業,,False,HIGH,False,
2706,第一店,COMMON_STOCK,休閒娛樂,LEISURE_TOURISM,休閒觀光與娛樂,旅館服務業,,False,HIGH,False,
2707,晶華,COMMON_STOCK,休閒娛樂,LEISURE_TOURISM,休閒觀光與娛樂,旅館服務業,,False,HIGH,False,
2712,遠雄來,COMMON_STOCK,休閒娛樂,LEISURE_TOURISM,休閒觀光與娛樂,旅館服務業,,False,HIGH,False,
2722,夏都,COMMON_STOCK,休閒娛樂,LEISURE_TOURISM,休閒觀光與娛樂,旅館服務業,,False,HIGH,False,
2723,美食-KY,COMMON_STOCK,食品,FOOD,食品,餐飲連鎖,,False,HIGH,False,
2727,王品,COMMON_STOCK,食品,FOOD,食品,餐飲連鎖,,False,HIGH,False,
2731,雄獅,COMMON_STOCK,休閒娛樂,LEISURE_TOURISM,休閒觀光與娛樂,旅遊服務業,,False,HIGH,False,
2739,寒舍,COMMON_STOCK,休閒娛樂,LEISURE_TOURISM,休閒觀光與娛樂,旅館服務業,,False,HIGH,False,
2748,雲品,COMMON_STOCK,休閒娛樂,LEISURE_TOURISM,休閒觀光與娛樂,旅館服務業,,False,HIGH,False,
2753,八方雲集,COMMON_STOCK,食品,FOOD,食品,餐飲連鎖,,False,HIGH,False,
2762,世界健身-KY,COMMON_STOCK,運動休閒,SPORTING_GOODS,運動休閒用品,,,False,HIGH,False,
2807,竹商銀,COMMON_STOCK,金融保險,FINANCIAL,金融,銀行,,True,HIGH,False,
2809,京城銀,COMMON_STOCK,金融,FINANCIAL,金融,銀行,,True,HIGH,False,
2823,中壽,COMMON_STOCK,金融保險,FINANCIAL,金融,保險,,True,HIGH,False,
2827,中聯,COMMON_STOCK,金融保險,FINANCIAL,金融,其他金融,,True,MEDIUM,False,
2831,中華銀,COMMON_STOCK,金融保險,FINANCIAL,金融,銀行,,True,HIGH,False,
2833,台壽保,COMMON_STOCK,金融保險,FINANCIAL,金融,保險,,True,HIGH,False,
2833A,台壽甲,PREFERRED_STOCK,金融保險,FINANCIAL,金融,保險,,True,HIGH,False,
2837,萬泰銀,COMMON_STOCK,金融保險,FINANCIAL,金融,銀行,,True,HIGH,False,
2841,台開,COMMON_STOCK,建材營造,BUILDING_MATERIALS_CONSTRUCTION,建材營造,,,False,HIGH,False,
2845,遠東銀,COMMON_STOCK,金融,FINANCIAL,金融,銀行,,True,HIGH,False,
2847,大眾銀,COMMON_STOCK,金融保險,FINANCIAL,金融,銀行,,True,HIGH,False,
2849,安泰銀,COMMON_STOCK,金融,FINANCIAL,金融,銀行,,True,HIGH,False,
2850,新產,COMMON_STOCK,金融,FINANCIAL,金融,保險,,True,HIGH,False,
2851,中再保,COMMON_STOCK,金融,FINANCIAL,金融,保險,,True,HIGH,False,
2852,第一保,COMMON_STOCK,金融,FINANCIAL,金融,保險,,True,HIGH,False,
2854,寶來證,COMMON_STOCK,金融保險,FINANCIAL,金融,證券期貨,,True,HIGH,False,
2855,統一證,COMMON_STOCK,金融,FINANCIAL,金融,證券期貨,,True,HIGH,False,
2867,三商壽,COMMON_STOCK,金融,FINANCIAL,金融,保險,,True,HIGH,False,
2880,華南金,COMMON_STOCK,金融,FINANCIAL,金融,金融控股,,True,HIGH,False,
2881,富邦金,COMMON_STOCK,金融,FINANCIAL,金融,金融控股,,True,HIGH,False,
2882,國泰金,COMMON_STOCK,金融,FINANCIAL,金融,金融控股,,True,HIGH,False,
2883,凱基金,COMMON_STOCK,金融,FINANCIAL,金融,金融控股,,True,HIGH,False,
2884,玉山金,COMMON_STOCK,金融,FINANCIAL,金融,金融控股,,True,HIGH,False,
2885,元大金,COMMON_STOCK,金融,FINANCIAL,金融,金融控股,,True,HIGH,False,
2886,兆豐金,COMMON_STOCK,金融,FINANCIAL,金融,金融控股,,True,HIGH,False,
2887,台新新光金,COMMON_STOCK,金融,FINANCIAL,金融,金融控股,,True,HIGH,False,
2888,新光金,COMMON_STOCK,金融,FINANCIAL,金融,金融控股,,True,HIGH,False,
2889,國票金,COMMON_STOCK,金融,FINANCIAL,金融,金融控股,,True,HIGH,False,
2890,永豐金,COMMON_STOCK,金融,FINANCIAL,金融,金融控股,,True,HIGH,False,
2891,中信金,COMMON_STOCK,金融,FINANCIAL,金融,金融控股,,True,HIGH,False,
2892,第一金,COMMON_STOCK,金融,FINANCIAL,金融,金融控股,,True,HIGH,False,
2897,王道銀行,COMMON_STOCK,金融,FINANCIAL,金融,銀行,,True,HIGH,False,
2901,欣欣,COMMON_STOCK,貿易百貨,RETAIL_TRADE,貿易百貨與零售,零售通路,,False,HIGH,False,
2903,遠百,COMMON_STOCK,貿易百貨,RETAIL_TRADE,貿易百貨與零售,零售通路,,False,HIGH,False,
2904,匯僑,COMMON_STOCK,其他,RETAIL_TRADE,貿易百貨與零售,貿易,,False,LOW,True,匯僑：貿易相關，業務內容需人工查證
2905,三商,COMMON_STOCK,貿易百貨,RETAIL_TRADE,貿易百貨與零售,零售通路,,False,HIGH,False,
2906,高林,COMMON_STOCK,貿易百貨,RETAIL_TRADE,貿易百貨與零售,貿易商、代理商、經銷商,,False,HIGH,False,
2908,特力,COMMON_STOCK,貿易百貨,RETAIL_TRADE,貿易百貨與零售,貿易商、代理商、經銷商,,False,HIGH,False,
2910,統領,COMMON_STOCK,貿易百貨,RETAIL_TRADE,貿易百貨與零售,零售通路,,False,HIGH,False,
2911,麗嬰房,COMMON_STOCK,貿易百貨,RETAIL_TRADE,貿易百貨與零售,零售通路,,False,HIGH,False,
2923,鼎固-KY,COMMON_STOCK,建材營造,BUILDING_MATERIALS_CONSTRUCTION,建材營造,物業管理,,False,HIGH,False,
2929,淘帝-KY,COMMON_STOCK,貿易百貨,RETAIL_TRADE,貿易百貨與零售,製造商,,False,HIGH,False,
2936,客思達-KY,COMMON_STOCK,貿易百貨,RETAIL_TRADE,貿易百貨與零售,,,False,HIGH,False,
2939,永邑-KY,COMMON_STOCK,貿易百貨,RETAIL_TRADE,貿易百貨與零售,貿易商、代理商、經銷商,,False,HIGH,False,
2945,三商家購,COMMON_STOCK,貿易百貨,RETAIL_TRADE,貿易百貨與零售,零售通路,,False,HIGH,False,
3004,豐達科,COMMON_STOCK,鋼鐵,STEEL,鋼鐵,運輸工具,,False,HIGH,False,
3007,綠點,COMMON_STOCK,電子工業,COMPUTER_PERIPHERALS,電腦及週邊設備,光學元件/鏡頭,,False,MEDIUM,False,綠點：精密光學與電子零組件代工
3010,華立,COMMON_STOCK,電動車輛產業,EV_BATTERY,電動車輛與電池,鋰電池材料,,False,HIGH,False,
3011,今皓,COMMON_STOCK,電腦及週邊設備,COMPUTER_PERIPHERALS,電腦及週邊設備,連接線,,False,HIGH,False,
3015,全漢,COMMON_STOCK,電腦及週邊設備,COMPUTER_PERIPHERALS,電腦及週邊設備,電源供應器,,False,HIGH,False,
3017,奇鋐,COMMON_STOCK,電腦及週邊設備,COMPUTER_PERIPHERALS,電腦及週邊設備,散熱片、風扇馬達、散熱模組,,False,HIGH,False,
3018,隆銘綠能,COMMON_STOCK,電機機械,ELECTRICAL_MACHINERY,電機機械,機電系統工程,,False,HIGH,False,
3019,亞光,COMMON_STOCK,電腦及週邊設備,COMPUTER_PERIPHERALS,電腦及週邊設備,印表機、傳真機、掃瞄器、多功能事務機、投影機,,False,HIGH,False,
3021,鴻名,COMMON_STOCK,連接器,PASSIVE_CONNECTOR,被動元件與連接器,連接器設計、組裝及製造,,False,HIGH,False,
3022,威強電,COMMON_STOCK,電腦及週邊設備,COMPUTER_PERIPHERALS,電腦及週邊設備,工業電腦,,False,HIGH,False,
3023,信邦,COMMON_STOCK,電腦及週邊設備,COMPUTER_PERIPHERALS,電腦及週邊設備,連接線,,False,HIGH,False,
3020,奇普仕,COMMON_STOCK,電子通路業,ELECTRONIC_DISTRIBUTION,電子零組件通路與服務,,,False,HIGH,False,
3024,憶聲,COMMON_STOCK,平面顯示器,OPTOELECTRONICS,光電（面板/觸控/光學）,顯示器模組,,False,HIGH,False,
3025,星通,COMMON_STOCK,通信網路,COMMUNICATION_NETWORK,通信網路,網路設備(如數據機、網路卡、閘道器、路由器、網路電話),,False,HIGH,False,
3026,禾伸堂,COMMON_STOCK,能源元件,EV_BATTERY,電動車輛與電池,電池模組,,False,HIGH,False,
3027,盛達,COMMON_STOCK,通信網路,COMMUNICATION_NETWORK,通信網路,網路設備(如數據機、網路卡、閘道器、路由器、網路電話),,False,HIGH,False,
3028,增你強,COMMON_STOCK,電腦及週邊設備,COMPUTER_PERIPHERALS,電腦及週邊設備,隨身碟、記憶卡讀卡機,,False,HIGH,False,
3029,零壹,COMMON_STOCK,大數據,BIG_DATA_CLOUD,大數據與雲端運算,顧問諮詢,,False,HIGH,False,
3030,德律,COMMON_STOCK,印刷電路板,PCB_ELECTRONIC_MATERIALS,印刷電路板與電子材料,生產製程及檢測設備,,False,HIGH,False,
3031,佰鴻,COMMON_STOCK,平面顯示器,OPTOELECTRONICS,光電（面板/觸控/光學）,背光源(發光二極體、冷陰極管),,False,HIGH,False,
3032,偉訓,COMMON_STOCK,電腦及週邊設備,COMPUTER_PERIPHERALS,電腦及週邊設備,電源供應器,,False,HIGH,False,
3034,聯詠,COMMON_STOCK,半導體,SEMICONDUCTOR,半導體,電源管理IC,,False,HIGH,False,
3035,智原,COMMON_STOCK,半導體,SEMICONDUCTOR,半導體,IP設計/IC設計代工服務,,False,HIGH,False,
3036,文曄,COMMON_STOCK,半導體,SEMICONDUCTOR,半導體,IC通路,,False,HIGH,False,
3037,欣興,COMMON_STOCK,印刷電路板,PCB_ELECTRONIC_MATERIALS,印刷電路板與電子材料,硬板、軟板、IC載板製造,,False,HIGH,False,
3049,精金,COMMON_STOCK,觸控面板,OPTOELECTRONICS,光電（面板/觸控/光學）,觸控面板,,False,HIGH,False,
3050,鈺德,COMMON_STOCK,太陽能產業,SOLAR_ENERGY,太陽能,太陽能電廠,,False,HIGH,False,
3051,力特,COMMON_STOCK,平面顯示器,OPTOELECTRONICS,光電（面板/觸控/光學）,其他零組件,,False,HIGH,False,
3052,夆典,COMMON_STOCK,建材營造,BUILDING_MATERIALS_CONSTRUCTION,建材營造,建設業,,False,HIGH,False,
3054,立萬利,COMMON_STOCK,食品生技,CHEMICAL,化學工業,工業塗料,,False,MEDIUM,False,立萬利：工業用塗料/接著劑，非食品業務
3055,蔚華科,COMMON_STOCK,半導體,SEMICONDUCTOR,半導體,生產製程及檢測設備,,False,HIGH,False,
3056,富華新,COMMON_STOCK,建材營造,BUILDING_MATERIALS_CONSTRUCTION,建材營造,建設業,,False,HIGH,False,
3057,喬鼎,COMMON_STOCK,大數據,BIG_DATA_CLOUD,大數據與雲端運算,顧問諮詢,,False,HIGH,False,
3058,立德,COMMON_STOCK,電腦及週邊設備,COMPUTER_PERIPHERALS,電腦及週邊設備,電源供應器,,False,HIGH,False,
3059,華晶科,COMMON_STOCK,電腦及週邊設備,COMPUTER_PERIPHERALS,電腦及週邊設備,光學鏡片、鏡頭,,False,HIGH,False,
3060,銘異,COMMON_STOCK,電腦及週邊設備,COMPUTER_PERIPHERALS,電腦及週邊設備,其他電腦及週邊設備之零組件,,False,HIGH,False,
3062,建漢,COMMON_STOCK,通信網路,COMMUNICATION_NETWORK,通信網路,網路設備(如數據機、網路卡、閘道器、路由器、網路電話),,False,HIGH,False,
3090,日電貿,COMMON_STOCK,被動元件,PASSIVE_CONNECTOR,被動元件與連接器,電容器,,False,HIGH,False,
3092,鴻碩,COMMON_STOCK,電腦及週邊設備,COMPUTER_PERIPHERALS,電腦及週邊設備,連接線,,False,HIGH,False,
3094,聯傑,COMMON_STOCK,半導體,SEMICONDUCTOR,半導體,網路通訊IC,,False,HIGH,False,
3135,凌航,COMMON_STOCK,大數據,BIG_DATA_CLOUD,大數據與雲端運算,運算元件與設備,,False,HIGH,False,
3138,耀登,COMMON_STOCK,通信網路,COMMUNICATION_NETWORK,通信網路,其他零組件,,False,HIGH,False,
3142,遠茂,COMMON_STOCK,電子工業,DIVERSIFIED_OTHER,其他（待歸類）,,,False,LOW,True,遠茂：業務內容需人工查證
3149,正達,COMMON_STOCK,觸控面板,OPTOELECTRONICS,光電（面板/觸控/光學）,玻璃基板,,False,HIGH,False,
3150,鈺寶-創,COMMON_STOCK,半導體,SEMICONDUCTOR,半導體,消費性IC,,False,HIGH,False,
3164,景岳,COMMON_STOCK,食品生技,BIOTECH_MEDICAL,生技醫療,生技檢測服務,,False,MEDIUM,False,景岳：生物科技檢測服務
3167,大量,COMMON_STOCK,鋼鐵,STEEL,鋼鐵,機械設備(如產業機械、精密機械、工具機),,False,HIGH,False,
3168,眾福科,COMMON_STOCK,平面顯示器,OPTOELECTRONICS,光電（面板/觸控/光學）,顯示器模組,,False,HIGH,False,
3189,景碩,COMMON_STOCK,半導體,SEMICONDUCTOR,半導體,基板,,False,HIGH,False,
3209,全科,COMMON_STOCK,半導體,SEMICONDUCTOR,半導體,IC通路,,False,HIGH,False,
3214,元砷,COMMON_STOCK,電子工業,SEMICONDUCTOR,半導體,化合物半導體,,False,MEDIUM,False,元砷：砷化鎵磊晶
3229,晟鈦,COMMON_STOCK,貿易百貨,RETAIL_TRADE,貿易百貨與零售,貿易商、代理商、經銷商,,False,HIGH,False,
3231,緯創,COMMON_STOCK,電腦及週邊設備,COMPUTER_PERIPHERALS,電腦及週邊設備,筆記型電腦,,False,HIGH,False,
3257,虹冠電,COMMON_STOCK,半導體,SEMICONDUCTOR,半導體,電源管理IC,,False,HIGH,False,
3266,昇陽,COMMON_STOCK,建材營造,BUILDING_MATERIALS_CONSTRUCTION,建材營造,建設業,,False,HIGH,False,
3296,勝德,COMMON_STOCK,電腦及週邊設備,COMPUTER_PERIPHERALS,電腦及週邊設備,其他電腦及週邊設備之零組件,,False,HIGH,False,
3305,昇貿,COMMON_STOCK,太陽能產業,SOLAR_ENERGY,太陽能,太陽能電池模組,,False,HIGH,False,
3308,聯德,COMMON_STOCK,電腦及週邊設備,COMPUTER_PERIPHERALS,電腦及週邊設備,電源供應器,,False,HIGH,False,
3311,閎暉,COMMON_STOCK,石化及塑橡膠,PETROCHEMICAL,石化,橡膠製品,,False,HIGH,False,
3312,弘憶股,COMMON_STOCK,半導體,SEMICONDUCTOR,半導體,IC通路,,False,HIGH,False,
3321,同泰,COMMON_STOCK,印刷電路板,PCB_ELECTRONIC_MATERIALS,印刷電路板與電子材料,硬板、軟板、IC載板製造,,False,HIGH,False,
3338,泰碩,COMMON_STOCK,電腦及週邊設備,COMPUTER_PERIPHERALS,電腦及週邊設備,散熱片、風扇馬達、散熱模組,,False,HIGH,False,
3380,明泰,COMMON_STOCK,通信網路,COMMUNICATION_NETWORK,通信網路,網路設備(如數據機、網路卡、閘道器、路由器、網路電話),,False,HIGH,False,
3383,新世紀,COMMON_STOCK,LED照明產業,LED_LIGHTING,LED照明,藍寶石晶圓/晶片,,False,HIGH,False,
3413,京鼎,COMMON_STOCK,半導體,SEMICONDUCTOR,半導體,生產製程及檢測設備,,False,HIGH,False,
3419,譁裕,COMMON_STOCK,連接器,PASSIVE_CONNECTOR,被動元件與連接器,連接器設計、組裝及製造,,False,HIGH,False,
3437,榮創,COMMON_STOCK,汽車,AUTOMOTIVE,汽車與零組件,車燈,,False,HIGH,False,
3450,聯鈞,COMMON_STOCK,通信網路,COMMUNICATION_NETWORK,通信網路,主/被動元件,,False,HIGH,False,
3454,晶睿,COMMON_STOCK,電腦及週邊設備,COMPUTER_PERIPHERALS,電腦及週邊設備,安全監控系統,,False,HIGH,False,
3481,群創,COMMON_STOCK,平面顯示器,OPTOELECTRONICS,光電（面板/觸控/光學）,面板,,False,HIGH,False,
3504,揚明光,COMMON_STOCK,電腦及週邊設備,COMPUTER_PERIPHERALS,電腦及週邊設備,金屬、塑膠模具,,False,HIGH,False,
3515,華擎,COMMON_STOCK,電腦及週邊設備,COMPUTER_PERIPHERALS,電腦及週邊設備,顯示卡,,False,HIGH,False,
3535,晶彩科,COMMON_STOCK,印刷電路板,PCB_ELECTRONIC_MATERIALS,印刷電路板與電子材料,生產製程及檢測設備,,False,HIGH,False,
3536,誠創,COMMON_STOCK,平面顯示器,OPTOELECTRONICS,光電（面板/觸控/光學）,背光源(發光二極體、冷陰極管),,False,HIGH,False,
3543,州巧,COMMON_STOCK,醫療器材,MEDICAL_DEVICE,醫療器材,電子零組件、塑膠零件、五金零件,,False,HIGH,False,
3545,敦泰,COMMON_STOCK,半導體,SEMICONDUCTOR,半導體,平面顯示器驅動IC,,False,HIGH,False,
3550,聯穎,COMMON_STOCK,電腦及週邊設備,COMPUTER_PERIPHERALS,電腦及週邊設備,連接線,,False,HIGH,False,
3557,嘉威,COMMON_STOCK,其他,DIVERSIFIED_OTHER,其他（待歸類）,其他,,False,LOW,True,嘉威：業務內容需人工查證
3563,牧德,COMMON_STOCK,印刷電路板,PCB_ELECTRONIC_MATERIALS,印刷電路板與電子材料,生產製程及檢測設備,,False,HIGH,False,
3053,鼎營,COMMON_STOCK,電子工業,COMPUTER_PERIPHERALS,電腦及週邊設備,,,False,LOW,True,鼎營：業務內容需人工查證
3063,飛信,COMMON_STOCK,電子工業,DIVERSIFIED_OTHER,其他（待歸類）,,,False,LOW,True,飛信：業務內容需人工查證
3271,其樂達,COMMON_STOCK,電子工業,DIVERSIFIED_OTHER,其他（待歸類）,,,False,LOW,True,其樂達：業務內容需人工查證
3315,宣昶,COMMON_STOCK,電子工業,COMPUTER_PERIPHERALS,電腦及週邊設備,,,False,LOW,True,宣昶：業務內容需人工查證
3474,華亞科,COMMON_STOCK,半導體業,SEMICONDUCTOR,半導體,,,False,HIGH,False,
3559,全智科,COMMON_STOCK,電子工業,COMPUTER_PERIPHERALS,電腦及週邊設備,,,False,LOW,True,全智科：業務內容需人工查證
3514,昱晶,COMMON_STOCK,光電業,OPTOELECTRONICS,光電（面板/觸控/光學）,,,False,HIGH,False,
3576,聯合再生,COMMON_STOCK,太陽能產業,SOLAR_ENERGY,太陽能,太陽能電池模組,,False,HIGH,False,
3583,辛耘,COMMON_STOCK,平面顯示器,OPTOELECTRONICS,光電（面板/觸控/光學）,生產製程及檢測設備,,False,HIGH,False,
3588,通嘉,COMMON_STOCK,半導體,SEMICONDUCTOR,半導體,電源管理IC,,False,HIGH,False,
3591,艾笛森,COMMON_STOCK,LED照明產業,LED_LIGHTING,LED照明,燈具/應用,,False,HIGH,False,
3592,瑞鼎,COMMON_STOCK,半導體,SEMICONDUCTOR,半導體,電源管理IC,,False,HIGH,False,
3593,力銘,COMMON_STOCK,電腦及週邊設備,COMPUTER_PERIPHERALS,電腦及週邊設備,其他電腦及週邊設備之零組件,,False,HIGH,False,
3596,智易,COMMON_STOCK,通信網路,COMMUNICATION_NETWORK,通信網路,網路設備(如數據機、網路卡、閘道器、路由器、網路電話),,False,HIGH,False,
3605,宏致,COMMON_STOCK,連接器,PASSIVE_CONNECTOR,被動元件與連接器,連接器設計、組裝及製造,,False,HIGH,False,
3607,谷崧,COMMON_STOCK,電腦及週邊設備,COMPUTER_PERIPHERALS,電腦及週邊設備,機殼,,False,HIGH,False,
3617,碩天,COMMON_STOCK,電腦及週邊設備,COMPUTER_PERIPHERALS,電腦及週邊設備,其他電腦及週邊設備,,False,HIGH,False,
3622,洋華,COMMON_STOCK,智慧電網,OPTOELECTRONICS,光電（面板/觸控/光學）,觸控感測,,False,MEDIUM,False,洋華：觸控感測元件
3645,達邁,COMMON_STOCK,印刷電路板,PCB_ELECTRONIC_MATERIALS,印刷電路板與電子材料,聚亞醯胺樹脂,,False,HIGH,False,
3652,精聯,COMMON_STOCK,電腦及週邊設備,COMPUTER_PERIPHERALS,電腦及週邊設備,工業電腦,,False,HIGH,False,
3653,健策,COMMON_STOCK,半導體,SEMICONDUCTOR,半導體,導線架,,False,HIGH,False,
3661,世芯-KY,COMMON_STOCK,半導體,SEMICONDUCTOR,半導體,IP設計/IC設計代工服務,,False,HIGH,False,
3665,貿聯-KY,COMMON_STOCK,醫療器材,MEDICAL_DEVICE,醫療器材,金屬零件,,False,HIGH,False,
3669,圓展,COMMON_STOCK,人工智慧,AI,人工智慧,電腦視覺,,False,HIGH,False,
3673,TPK-KY,COMMON_STOCK,觸控面板,OPTOELECTRONICS,光電（面板/觸控/光學）,觸控面板,,False,HIGH,False,
3679,新至陞,COMMON_STOCK,電腦及週邊設備,COMPUTER_PERIPHERALS,電腦及週邊設備,金屬、塑膠模具,,False,HIGH,False,
3682,亞太電,COMMON_STOCK,通信網路,COMMUNICATION_NETWORK,通信網路,電信服務業,,False,HIGH,False,
3686,達能,COMMON_STOCK,太陽能產業,SOLAR_ENERGY,太陽能,矽晶圓/矽晶片,,False,HIGH,False,
3694,海華,COMMON_STOCK,通信網路,COMMUNICATION_NETWORK,通信網路,網路設備(如數據機、網路卡、閘道器、路由器、網路電話),,False,HIGH,False,
3701,大眾控,COMMON_STOCK,電腦及週邊設備,COMPUTER_PERIPHERALS,電腦及週邊設備,工業電腦,,False,HIGH,False,
3702,大聯大,COMMON_STOCK,半導體,SEMICONDUCTOR,半導體,IC通路,,False,HIGH,False,
3703,欣陸,COMMON_STOCK,其他,ENVIRONMENTAL_SERVICES,環保工程與資源循環,環保能源工程,,False,HIGH,False,欣陸：環保/水資源工程
3704,合勤控,COMMON_STOCK,資通訊安全,COMMUNICATION_NETWORK,通信網路,行動安全,,False,HIGH,False,
3705,永信,COMMON_STOCK,製藥,PHARMACEUTICAL,製藥,中、西藥製劑,,False,HIGH,False,
3706,神達,COMMON_STOCK,人工智慧,AI,人工智慧,運算設備,,False,HIGH,False,
3708,上緯投控,COMMON_STOCK,風力發電,WIND_ENERGY,風力發電,玻/碳纖,,False,HIGH,False,
3711,日月光投控,COMMON_STOCK,半導體,SEMICONDUCTOR,半導體,IC封裝測試,,False,HIGH,False,
3712,永崴投控,COMMON_STOCK,風力發電,WIND_ENERGY,風力發電,風機維護,,False,HIGH,False,
3714,富采,COMMON_STOCK,LED照明產業,LED_LIGHTING,LED照明,封裝/模組,,False,HIGH,False,
3715,定穎投控,COMMON_STOCK,印刷電路板,PCB_ELECTRONIC_MATERIALS,印刷電路板與電子材料,硬板、軟板、IC載板製造,,False,HIGH,False,
3716,中化控股,COMMON_STOCK,製藥,PHARMACEUTICAL,製藥,中、西藥製劑,,False,HIGH,False,
3717,聯嘉投控,COMMON_STOCK,汽車工業,AUTOMOTIVE,汽車與零組件,車用零組件控股,,False,MEDIUM,False,聯嘉投控：車用零組件相關投資控股
4104,佳醫,COMMON_STOCK,醫療器材,MEDICAL_DEVICE,醫療器材,醫療院所、醫療器材專賣店、藥局等通路,,False,HIGH,False,
4106,雃博,COMMON_STOCK,醫療器材,MEDICAL_DEVICE,醫療器材,其他,,False,HIGH,False,
4119,旭富,COMMON_STOCK,製藥,PHARMACEUTICAL,製藥,中藥材、西藥原料藥,,False,HIGH,False,
4133,亞諾法,COMMON_STOCK,醫療器材,MEDICAL_DEVICE,醫療器材,生物檢測,,False,HIGH,False,
4137,麗豐-KY,COMMON_STOCK,食品生技,HOME_APPLIANCE_CONSUMER,家電與民生消費品,美容保養品,,False,MEDIUM,False,麗豐-KY：法麗詩美容保養品牌
4141,龍燈-KY,COMMON_STOCK,其他,PHARMACEUTICAL,製藥,動物用藥/農藥,,False,MEDIUM,False,龍燈-KY：動物用藥與農藥代理
4142,國光生,COMMON_STOCK,製藥,PHARMACEUTICAL,製藥,中藥材、西藥原料藥,,False,HIGH,False,
4155,訊映,COMMON_STOCK,醫療器材,MEDICAL_DEVICE,醫療器材,醫療耗材,,False,HIGH,False,
4306,炎洲,COMMON_STOCK,石化及塑橡膠,PETROCHEMICAL,石化,塑膠製品,,False,HIGH,False,
4414,如興,COMMON_STOCK,紡織,TEXTILE_FIBER,紡織與人纖,成衣及其它家居紡織類品,,False,HIGH,False,
4426,利勤,COMMON_STOCK,紡織,TEXTILE_FIBER,紡織與人纖,織布,,False,HIGH,False,
4438,廣越,COMMON_STOCK,醫療器材,MEDICAL_DEVICE,醫療器材,衛生用品,,False,HIGH,False,
4439,冠星-KY,COMMON_STOCK,紡織纖維,TEXTILE_FIBER,紡織與人纖,,,False,HIGH,False,
4440,宜新實業,COMMON_STOCK,紡織,TEXTILE_FIBER,紡織與人纖,人造纖維產品(例如尼龍纖維、聚酯纖維、嫘縈纖維等),,False,HIGH,False,
4441,振大環球,COMMON_STOCK,紡織,TEXTILE_FIBER,紡織與人纖,成衣及其它家居紡織類品,,False,HIGH,False,
4526,東台,COMMON_STOCK,電機機械,ELECTRICAL_MACHINERY,電機機械,金屬加工用機械,,False,HIGH,False,
4532,瑞智,COMMON_STOCK,電機機械,ELECTRICAL_MACHINERY,電機機械,冷凍空調設備及零件,,False,HIGH,False,
4536,拓凱,COMMON_STOCK,其他,PLASTICS_RUBBER,塑膠與橡膠製品,運動器材複合材料,,False,MEDIUM,False,拓凱：碳纖維複合材料運動器材
4540,全球傳動,COMMON_STOCK,電機機械,ELECTRICAL_MACHINERY,電機機械,傳動元件,,False,HIGH,False,
4545,銘鈺,COMMON_STOCK,電腦及週邊設備,COMPUTER_PERIPHERALS,電腦及週邊設備,金屬、塑膠模具,,False,HIGH,False,
4551,智伸科,COMMON_STOCK,汽車,AUTOMOTIVE,汽車與零組件,其他,,False,HIGH,False,
4552,力達-KY,COMMON_STOCK,電機機械,ELECTRICAL_MACHINERY,電機機械,,,False,HIGH,False,
4555,氣立,COMMON_STOCK,電機機械,ELECTRICAL_MACHINERY,電機機械,電控元件,,False,HIGH,False,
4557,永新-KY,COMMON_STOCK,汽車工業,AUTOMOTIVE,汽車與零組件,,,False,LOW,True,永新-KY：業務內容需人工查證
4560,強信-KY,COMMON_STOCK,電機機械,ELECTRICAL_MACHINERY,電機機械,,,False,HIGH,False,
4562,穎漢,COMMON_STOCK,電機機械,ELECTRICAL_MACHINERY,電機機械,金屬加工用機械,,False,HIGH,False,
4564,元翎,COMMON_STOCK,電機機械,ELECTRICAL_MACHINERY,電機機械,金屬加工處理,,False,HIGH,False,
4566,時碩工業,COMMON_STOCK,電機機械,ELECTRICAL_MACHINERY,電機機械,車用機械傳動設備及零配件,,False,HIGH,False,
4569,六方科-KY,COMMON_STOCK,汽車工業,AUTOMOTIVE,汽車與零組件,,,False,LOW,True,六方科-KY：業務內容需人工查證
4571,鈞興-KY,COMMON_STOCK,電機機械,ELECTRICAL_MACHINERY,電機機械,,,False,HIGH,False,
4572,駐龍,COMMON_STOCK,電機機械,ELECTRICAL_MACHINERY,電機機械,金屬加工處理,,False,HIGH,False,
4576,大銀微系統,COMMON_STOCK,電機機械,ELECTRICAL_MACHINERY,電機機械,傳動元件,,False,HIGH,False,
4581,光隆精密-KY,COMMON_STOCK,汽車工業,AUTOMOTIVE,汽車與零組件,精密零組件,,False,MEDIUM,False,光隆精密-KY：精密零組件加工
4583,台灣精銳,COMMON_STOCK,電機機械,ELECTRICAL_MACHINERY,電機機械,傳動元件,,False,HIGH,False,
4585,達明,COMMON_STOCK,人工智慧,AI,人工智慧,電腦視覺,,False,HIGH,False,
4588,玖鼎電力,COMMON_STOCK,智慧電網,ELECTRICAL_CABLE,電器電纜與重電,能源管理服務,,False,HIGH,False,
4590,富田-創,COMMON_STOCK,汽車,AUTOMOTIVE,汽車與零組件,其他,,False,HIGH,False,
4720,德淵,COMMON_STOCK,醫療器材,MEDICAL_DEVICE,醫療器材,醫療器材代理,,False,HIGH,False,
3638,F-IML,COMMON_STOCK,電子工業,OPTOELECTRONICS,光電（面板/觸控/光學）,面板（IML品牌）,,False,MEDIUM,False,F-IML：面板/顯示器品牌
3579,尚志,COMMON_STOCK,半導體業,SEMICONDUCTOR,半導體,,,False,HIGH,False,
4144,康聯-KY,COMMON_STOCK,生技醫療業,DIVERSIFIED_OTHER,其他（待歸類）,,,False,LOW,True,康聯-KY：業務內容需人工查證
3697,F-晨星,COMMON_STOCK,電子工業,SEMICONDUCTOR,半導體,顯示驅動IC,,False,HIGH,False,F-晨星：晨星半導體，電視/顯示驅動晶片設計
4190,佐登-KY,COMMON_STOCK,化學生技醫療,HOME_APPLIANCE_CONSUMER,家電與民生消費品,美容保養/美容儀器,,False,MEDIUM,False,佐登-KY：美容保養品牌
3698,隆達,COMMON_STOCK,光電業,OPTOELECTRONICS,光電（面板/觸控/光學）,,,False,HIGH,False,
4722,國精化,COMMON_STOCK,平面顯示器,OPTOELECTRONICS,光電（面板/觸控/光學）,化學品(如光阻劑、靶材等),,False,HIGH,False,
4736,泰博,COMMON_STOCK,醫療器材,MEDICAL_DEVICE,醫療器材,體溫計、血壓計,,False,HIGH,False,
4737,華廣,COMMON_STOCK,醫療器材,MEDICAL_DEVICE,醫療器材,生物檢測,,False,HIGH,False,
4739,康普,COMMON_STOCK,電動車輛產業,EV_BATTERY,電動車輛與電池,鋰電池材料,,False,HIGH,False,
4746,台耀,COMMON_STOCK,製藥,PHARMACEUTICAL,製藥,中藥材、西藥原料藥,,False,HIGH,False,
4755,三福化,COMMON_STOCK,LED照明產業,LED_LIGHTING,LED照明,生產製程、檢測設備及原物料,,False,HIGH,False,
4764,雙鍵,COMMON_STOCK,其他,AGRI_TECH,農業科技,農業科技業,,False,MEDIUM,False,雙鍵：農業科技相關
4766,南寶,COMMON_STOCK,石化及塑橡膠,PETROCHEMICAL,石化,接著劑(合成樹脂),,False,HIGH,False,
4770,上品,COMMON_STOCK,平面顯示器,OPTOELECTRONICS,光電（面板/觸控/光學）,生產製程及檢測設備,,False,HIGH,False,
4771,望隼,COMMON_STOCK,醫療器材,MEDICAL_DEVICE,醫療器材,隱型眼鏡、光學鏡片,,False,HIGH,False,
4807,日成-KY,COMMON_STOCK,貿易百貨,RETAIL_TRADE,貿易百貨與零售,貿易商、代理商、經銷商,,False,HIGH,False,
4904,遠傳,COMMON_STOCK,通信網路,COMMUNICATION_NETWORK,通信網路,電信服務業,,False,HIGH,False,
4906,正文,COMMON_STOCK,通信網路,COMMUNICATION_NETWORK,通信網路,網路設備(如數據機、網路卡、閘道器、路由器、網路電話),,False,HIGH,False,
4912,聯德控股-KY,COMMON_STOCK,電腦及週邊設備,COMPUTER_PERIPHERALS,電腦及週邊設備,散熱片、風扇馬達、散熱模組,,False,HIGH,False,
4915,致伸,COMMON_STOCK,電腦及週邊設備,COMPUTER_PERIPHERALS,電腦及週邊設備,印表機、傳真機、掃瞄器、多功能事務機、投影機,,False,HIGH,False,
4916,事欣科,COMMON_STOCK,電腦及週邊設備,COMPUTER_PERIPHERALS,電腦及週邊設備,機殼,,False,HIGH,False,
4919,新唐,COMMON_STOCK,半導體,SEMICONDUCTOR,半導體,消費性IC,,False,HIGH,False,
4930,燦星網,COMMON_STOCK,貿易百貨,RETAIL_TRADE,貿易百貨與零售,貿易商、代理商、經銷商,,False,HIGH,False,
4935,茂林-KY,COMMON_STOCK,LED照明產業,LED_LIGHTING,LED照明,燈具/應用,,False,HIGH,False,
4938,和碩,COMMON_STOCK,通信網路,COMMUNICATION_NETWORK,通信網路,網路設備(如數據機、網路卡、閘道器、路由器、網路電話),,False,HIGH,False,
4949,有成精密,COMMON_STOCK,半導體,SEMICONDUCTOR,半導體,生產製程及檢測設備,,False,HIGH,False,
4952,凌通,COMMON_STOCK,人工智慧,AI,人工智慧,電腦視覺,,False,HIGH,False,
4961,天鈺,COMMON_STOCK,半導體,SEMICONDUCTOR,半導體,電源管理IC,,False,HIGH,False,
5222,全訊,COMMON_STOCK,半導體,SEMICONDUCTOR,半導體,生產製程及檢測設備,,False,HIGH,False,
5234,達興材料,COMMON_STOCK,電動車輛產業,EV_BATTERY,電動車輛與電池,鋰電池材料,,False,HIGH,False,
5243,乙盛-KY,COMMON_STOCK,鋼鐵,STEEL,鋼鐵,模具,,False,HIGH,False,
5284,jpp-KY,COMMON_STOCK,醫療器材,MEDICAL_DEVICE,醫療器材,體溫計、血壓計,,False,HIGH,False,
5288,豐祥-KY,COMMON_STOCK,醫療器材,MEDICAL_DEVICE,醫療器材,金屬零件,,False,HIGH,False,
5306,桂盟,COMMON_STOCK,鋼鐵,STEEL,鋼鐵,金屬製品,,False,HIGH,False,
5388,中磊,COMMON_STOCK,通信網路,COMMUNICATION_NETWORK,通信網路,網路設備(如數據機、網路卡、閘道器、路由器、網路電話),,False,HIGH,False,
5434,崇越,COMMON_STOCK,被動元件,PASSIVE_CONNECTOR,被動元件與連接器,電阻器材料(氧化鋁陶瓷基板、導電漿墨),,False,HIGH,False,
5469,瀚宇博,COMMON_STOCK,印刷電路板,PCB_ELECTRONIC_MATERIALS,印刷電路板與電子材料,硬板、軟板、IC載板製造,,False,HIGH,False,
5471,松翰,COMMON_STOCK,半導體,SEMICONDUCTOR,半導體,微控制器IC,,False,HIGH,False,
5484,慧友,COMMON_STOCK,電腦及週邊設備,COMPUTER_PERIPHERALS,電腦及週邊設備,安全監控系統,,False,HIGH,False,
5515,建國,COMMON_STOCK,建材營造,BUILDING_MATERIALS_CONSTRUCTION,建材營造,營造業,,False,HIGH,False,
5519,隆大,COMMON_STOCK,建材營造,BUILDING_MATERIALS_CONSTRUCTION,建材營造,營造業,,False,HIGH,False,
5521,工信,COMMON_STOCK,建材營造,BUILDING_MATERIALS_CONSTRUCTION,建材營造,營造業,,False,HIGH,False,
5522,遠雄,COMMON_STOCK,建材營造,BUILDING_MATERIALS_CONSTRUCTION,建材營造,建設業,,False,HIGH,False,
5525,順天,COMMON_STOCK,建材營造,BUILDING_MATERIALS_CONSTRUCTION,建材營造,建設業,,False,HIGH,False,
5531,鄉林,COMMON_STOCK,建材營造,BUILDING_MATERIALS_CONSTRUCTION,建材營造,建設業,,False,HIGH,False,
5533,皇鼎,COMMON_STOCK,建材營造,BUILDING_MATERIALS_CONSTRUCTION,建材營造,建設業,,False,HIGH,False,
5534,長虹,COMMON_STOCK,建材營造,BUILDING_MATERIALS_CONSTRUCTION,建材營造,建材原料,,False,HIGH,False,
5538,東明-KY,COMMON_STOCK,鋼鐵,STEEL,鋼鐵,螺絲螺帽,,False,HIGH,False,
5546,永固-KY,COMMON_STOCK,建材營造,BUILDING_MATERIALS_CONSTRUCTION,建材營造,,,False,HIGH,False,
5706,鳳凰,COMMON_STOCK,休閒娛樂,LEISURE_TOURISM,休閒觀光與娛樂,旅遊服務業,,False,HIGH,False,
5854,合庫,COMMON_STOCK,金融保險,FINANCIAL,金融,銀行,,True,HIGH,False,
5871,中租-KY,COMMON_STOCK,金融,FINANCIAL,金融,租賃與消費金融,,True,HIGH,False,中租-KY：消費金融/設備租賃集團
6004,元京證,COMMON_STOCK,金融保險,FINANCIAL,金融,證券期貨,,True,HIGH,False,
6012,金鼎證,COMMON_STOCK,金融保險,FINANCIAL,金融,證券期貨,,True,HIGH,False,
6112,邁達特,COMMON_STOCK,大數據,BIG_DATA_CLOUD,大數據與雲端運算,顧問諮詢,,False,HIGH,False,
6115,鎰勝,COMMON_STOCK,電腦及週邊設備,COMPUTER_PERIPHERALS,電腦及週邊設備,連接線,,False,HIGH,False,
6120,達運,COMMON_STOCK,平面顯示器,OPTOELECTRONICS,光電（面板/觸控/光學）,顯示器模組,,False,HIGH,False,
6128,上福,COMMON_STOCK,休閒娛樂,LEISURE_TOURISM,休閒觀光與娛樂,旅館服務業,,False,HIGH,False,
6131,鈞泰,COMMON_STOCK,電腦及週邊設備,COMPUTER_PERIPHERALS,電腦及週邊設備,安全監控系統,,False,HIGH,False,
6152,百一,COMMON_STOCK,通信網路,COMMUNICATION_NETWORK,通信網路,網路設備(如數據機、網路卡、閘道器、路由器、網路電話),,False,HIGH,False,
6165,浪凡,COMMON_STOCK,連接器,PASSIVE_CONNECTOR,被動元件與連接器,連接器設計、組裝及製造,,False,HIGH,False,
6166,凌華,COMMON_STOCK,電腦及週邊設備,COMPUTER_PERIPHERALS,電腦及週邊設備,工業電腦,,False,HIGH,False,
6168,宏齊,COMMON_STOCK,平面顯示器,OPTOELECTRONICS,光電（面板/觸控/光學）,背光源(發光二極體、冷陰極管),,False,HIGH,False,
6172,互億,COMMON_STOCK,電腦及週邊設備,COMPUTER_PERIPHERALS,電腦及週邊設備,隨身碟、記憶卡讀卡機,,False,HIGH,False,
6176,瑞儀,COMMON_STOCK,平面顯示器,OPTOELECTRONICS,光電（面板/觸控/光學）,背光模組,,False,HIGH,False,
6177,達麗,COMMON_STOCK,建材營造,BUILDING_MATERIALS_CONSTRUCTION,建材營造,建設業,,False,HIGH,False,
6183,關貿,COMMON_STOCK,大數據,BIG_DATA_CLOUD,大數據與雲端運算,顧問諮詢,,False,HIGH,False,
6189,豐藝,COMMON_STOCK,平面顯示器,OPTOELECTRONICS,光電（面板/觸控/光學）,顯示器模組,,False,HIGH,False,
6191,精成科,COMMON_STOCK,印刷電路板,PCB_ELECTRONIC_MATERIALS,印刷電路板與電子材料,硬板、軟板、IC載板製造,,False,HIGH,False,
6192,巨路,COMMON_STOCK,汽電共生,ENERGY_UTILITY,能源與公用事業,設備維護,,False,HIGH,False,
6196,帆宣,COMMON_STOCK,其他,FACTORY_ENGINEERING,廠務工程與系統整合,廠務系統整合,,False,HIGH,False,帆宣：半導體廠務系統整合
6197,佳必琪,COMMON_STOCK,連接器,PASSIVE_CONNECTOR,被動元件與連接器,連接器設計、組裝及製造,,False,HIGH,False,
6201,亞弘電,COMMON_STOCK,醫療器材,MEDICAL_DEVICE,醫療器材,體溫計、血壓計,,False,HIGH,False,
6202,盛群,COMMON_STOCK,電動車輛產業,EV_BATTERY,電動車輛與電池,電動汽車、電動機車、電動自行車,,False,HIGH,False,
6205,詮欣,COMMON_STOCK,電腦及週邊設備,COMPUTER_PERIPHERALS,電腦及週邊設備,金屬、塑膠模具,,False,HIGH,False,
4733,上緯,COMMON_STOCK,化學生技醫療,CHEMICAL,化學工業,複合材料/風電葉片樹脂,,False,HIGH,False,上緯：環氧樹脂與風電葉片複合材料
4984,科納-KY,COMMON_STOCK,通信網路業,COMMUNICATION_NETWORK,通信網路,,,False,HIGH,False,
4725,信昌化,COMMON_STOCK,化學工業,CHEMICAL,化學工業,,,False,HIGH,False,
5259,奕智博,COMMON_STOCK,光電業,OPTOELECTRONICS,光電（面板/觸控/光學）,,,False,HIGH,False,
01001T,土銀富邦R1,REIT,受益證券,REAL_ESTATE_TRUST,不動產投資信託,不動產投資信託受益證券,,False,HIGH,False,
01002T,土銀國泰R1,REIT,受益證券,REAL_ESTATE_TRUST,不動產投資信託,不動產投資信託受益證券,,False,HIGH,False,
01003T,兆豐新光R1,REIT,受益證券,REAL_ESTATE_TRUST,不動產投資信託,不動產投資信託受益證券,,False,HIGH,False,
2883A,開發特,PREFERRED_STOCK,金融,FINANCIAL,金融,金融控股,,True,HIGH,False,
3130,一零四,COMMON_STOCK,電子商務,SOFTWARE_ECOMMERCE,軟體服務與電子商務,資訊聚合,,False,HIGH,False,
01004T,土銀富邦R2,REIT,受益證券,REAL_ESTATE_TRUST,不動產投資信託,不動產投資信託受益證券,,False,HIGH,False,
01005T,三鼎,REIT,受益證券,REAL_ESTATE_TRUST,不動產投資信託,不動產投資信託受益證券,,False,HIGH,False,
01007T,兆豐國泰R2,REIT,受益證券,REAL_ESTATE_TRUST,不動產投資信託,不動產投資信託受益證券,,False,HIGH,False,
01008T,駿馬R1,REIT,受益證券,REAL_ESTATE_TRUST,不動產投資信託,不動產投資信託受益證券,,False,HIGH,False,
01009T,王道圓滿R1,REIT,受益證券,REAL_ESTATE_TRUST,不動產投資信託,不動產投資信託受益證券,,False,HIGH,False,
1432,大魯閣,COMMON_STOCK,紡織,TEXTILE_FIBER,紡織與人纖,染整,,False,HIGH,False,
1439,雋揚,COMMON_STOCK,建材營造,BUILDING_MATERIALS_CONSTRUCTION,建材營造,建設業,,False,HIGH,False,
1443,立益,COMMON_STOCK,其他,TEXTILE_FIBER,紡織與人纖,其他,,False,LOW,True,立益：業務內容需人工查證
1453,大將,COMMON_STOCK,紡織,TEXTILE_FIBER,紡織與人纖,紡紗,,False,HIGH,False,
1456,怡華,COMMON_STOCK,紡織,TEXTILE_FIBER,紡織與人纖,織布,,False,HIGH,False,
1472,三洋實業,COMMON_STOCK,建材營造,BUILDING_MATERIALS_CONSTRUCTION,建材營造,結構工程,,False,HIGH,False,
1598,岱宇,COMMON_STOCK,其他,SPORTING_GOODS,運動休閒用品,健身器材,,False,HIGH,False,岱宇：健身器材製造
1736,喬山,COMMON_STOCK,其他,SPORTING_GOODS,運動休閒用品,健身器材,,False,HIGH,False,喬山：健身器材製造大廠
2062,橋椿,COMMON_STOCK,其他,STEEL,鋼鐵,其他,,False,LOW,True,橋椿：業務內容需人工查證
2241,艾姆勒,COMMON_STOCK,汽車,AUTOMOTIVE,汽車與零組件,鋁合金鋼圈,,False,HIGH,False,
2340,台亞,COMMON_STOCK,汽車,AUTOMOTIVE,汽車與零組件,車燈,,False,HIGH,False,
2424,隴華,COMMON_STOCK,通信網路,COMMUNICATION_NETWORK,通信網路,無線通訊設備(如行動電話、衛星定位系統、衛星通訊設備、微波通訊設備、數位機上盒),,False,HIGH,False,
2429,銘旺科,COMMON_STOCK,觸控面板,OPTOELECTRONICS,光電（面板/觸控/光學）,觸控面板,,False,HIGH,False,
1729,必翔,COMMON_STOCK,生技醫療業,EV_BATTERY,電動車輛與電池,工業電池,,False,HIGH,False,必翔：必翔電能，鉛酸/鋰電池與電動代步車，非生技醫療業務
1107,建台,COMMON_STOCK,其他,BUILDING_MATERIALS_CONSTRUCTION,建材營造,,,False,LOW,True,建台：業務內容需人工查證
1520,復盛,COMMON_STOCK,其他,ELECTRICAL_MACHINERY,電機機械,壓縮機/流體機械,,False,HIGH,False,復盛：空氣壓縮機/高爾夫球頭
1523,開億,COMMON_STOCK,電機機械,ELECTRICAL_MACHINERY,電機機械,,,False,HIGH,False,
1716,永信,COMMON_STOCK,化學生技醫療,PHARMACEUTICAL,製藥,西藥製劑,,False,HIGH,False,永信：西藥製劑大廠
2254,巨鎧精密-創,COMMON_STOCK,電機機械,ELECTRICAL_MACHINERY,電機機械,車用機械傳動設備及零配件,,False,HIGH,False,
2418,雅新,COMMON_STOCK,電子工業,COMPUTER_PERIPHERALS,電腦及週邊設備,連接器/線材,,False,MEDIUM,False,雅新：電子線材/連接器
2403,友尚,COMMON_STOCK,電子通路業,ELECTRONIC_DISTRIBUTION,電子零組件通路與服務,,,False,HIGH,False,
2361,鴻友,COMMON_STOCK,電腦及週邊設備業,COMPUTER_PERIPHERALS,電腦及週邊設備,,,False,HIGH,False,
2384,勝華,COMMON_STOCK,電子工業,OPTOELECTRONICS,光電（面板/觸控/光學）,面板（已停產轉型）,,False,MEDIUM,False,勝華：原觸控面板廠，現業務已大幅轉型
2350,環電,COMMON_STOCK,電子工業,PCB_ELECTRONIC_MATERIALS,印刷電路板與電子材料,被動元件封裝,,False,LOW,True,環電：電子封裝，業務內容需人工查證
2396,精碟,COMMON_STOCK,電子工業,COMPUTER_PERIPHERALS,電腦及週邊設備,光儲存媒體,,False,MEDIUM,False,精碟：光碟片/儲存媒體
2446,全懋,COMMON_STOCK,電子工業,COMPUTER_PERIPHERALS,電腦及週邊設備,機構件/機殼,,False,LOW,True,全懋：業務內容需人工查證
2447,鼎新,COMMON_STOCK,電子工業,COMPUTER_PERIPHERALS,電腦及週邊設備,連接器,,False,LOW,True,鼎新：業務內容需人工查證
8487,愛爾達-創,COMMON_STOCK,文化創意業,CULTURAL_CREATIVE,文化創意,廣播電視/電影產業,,False,HIGH,False,
4927,泰鼎-KY,COMMON_STOCK,印刷電路板,PCB_ELECTRONIC_MATERIALS,印刷電路板與電子材料,硬板、軟板、IC載板製造,,False,HIGH,False,
4934,太極,COMMON_STOCK,太陽能產業,SOLAR_ENERGY,太陽能,太陽能電池模組,,False,HIGH,False,
4942,嘉彰,COMMON_STOCK,平面顯示器,OPTOELECTRONICS,光電（面板/觸控/光學）,其他零組件,,False,HIGH,False,
4943,康控-KY,COMMON_STOCK,連接器,PASSIVE_CONNECTOR,被動元件與連接器,連接器設計、組裝及製造,,False,HIGH,False,
4956,光鋐,COMMON_STOCK,LED照明產業,LED_LIGHTING,LED照明,光源/磊晶,,False,HIGH,False,
4958,臻鼎-KY,COMMON_STOCK,印刷電路板,PCB_ELECTRONIC_MATERIALS,印刷電路板與電子材料,硬板、軟板、IC載板製造,,False,HIGH,False,
4960,誠美材,COMMON_STOCK,平面顯示器,OPTOELECTRONICS,光電（面板/觸控/光學）,其他零組件,,False,HIGH,False,
4967,十銓,COMMON_STOCK,電腦及週邊設備,COMPUTER_PERIPHERALS,電腦及週邊設備,隨身碟、記憶卡讀卡機,,False,HIGH,False,
4968,立積,COMMON_STOCK,半導體,SEMICONDUCTOR,半導體,網路通訊IC,,False,HIGH,False,
4976,佳凌,COMMON_STOCK,電腦及週邊設備,COMPUTER_PERIPHERALS,電腦及週邊設備,金屬、塑膠模具,,False,HIGH,False,
4977,眾達-KY,COMMON_STOCK,通信網路,COMMUNICATION_NETWORK,通信網路,光通訊設備(如光纖電纜、光傳輸設備),,False,HIGH,False,
4989,榮科,COMMON_STOCK,印刷電路板,PCB_ELECTRONIC_MATERIALS,印刷電路板與電子材料,銅箔,,False,HIGH,False,
4999,鑫禾,COMMON_STOCK,電腦及週邊設備,COMPUTER_PERIPHERALS,電腦及週邊設備,機構樞紐,,False,HIGH,False,
5007,三星,COMMON_STOCK,電機機械,ELECTRICAL_MACHINERY,電機機械,金屬加工用機械,,False,HIGH,False,
5203,訊連,COMMON_STOCK,人工智慧,AI,人工智慧,領域解決方案,,False,HIGH,False,
5215,科嘉-KY,COMMON_STOCK,電腦及週邊設備,COMPUTER_PERIPHERALS,電腦及週邊設備,其他電腦及週邊設備之零組件,,False,HIGH,False,
5225,東科-KY,COMMON_STOCK,其他,COMPUTER_PERIPHERALS,電腦及週邊設備,散熱模組,,False,MEDIUM,False,東科-KY：散熱模組製造
5244,弘凱,COMMON_STOCK,LED照明產業,LED_LIGHTING,LED照明,封裝/模組,,False,HIGH,False,
5258,虹堡,COMMON_STOCK,電腦及週邊設備,COMPUTER_PERIPHERALS,電腦及週邊設備,其他電腦及週邊設備,,False,HIGH,False,
5269,祥碩,COMMON_STOCK,半導體,SEMICONDUCTOR,半導體,輸出入介面IC,,False,HIGH,False,
5283,禾聯碩,COMMON_STOCK,其他,HOME_APPLIANCE_CONSUMER,家電與民生消費品,家電品牌,,False,HIGH,False,禾聯碩：家電品牌
5285,界霖,COMMON_STOCK,半導體,SEMICONDUCTOR,半導體,導線架,,False,HIGH,False,
5292,華懋,COMMON_STOCK,其他,ENVIRONMENTAL_SERVICES,環保工程與資源循環,環保工程,,False,MEDIUM,False,華懋：環保潔能服務
5607,遠雄港,COMMON_STOCK,交通運輸及航運,SHIPPING_CONTAINER,海運（貨櫃／散裝）,貨櫃運輸集散及倉儲,,False,HIGH,False,
5608,四維航,COMMON_STOCK,交通運輸及航運,SHIPPING_CONTAINER,海運（貨櫃／散裝）,散裝航運,,False,HIGH,False,
5876,上海商銀,COMMON_STOCK,金融,FINANCIAL,金融,銀行,,True,HIGH,False,
5880,合庫金,COMMON_STOCK,金融,FINANCIAL,金融,金融控股,,True,HIGH,False,
5906,台南-KY,COMMON_STOCK,貿易百貨,RETAIL_TRADE,貿易百貨與零售,貿易商、代理商、經銷商,,False,HIGH,False,
5907,大洋-KY,COMMON_STOCK,貿易百貨,RETAIL_TRADE,貿易百貨與零售,零售通路,,False,HIGH,False,
6005,群益證,COMMON_STOCK,金融,FINANCIAL,金融,證券期貨,,True,HIGH,False,
6024,群益期,COMMON_STOCK,金融,FINANCIAL,金融,證券期貨,,True,HIGH,False,
6108,競國,COMMON_STOCK,印刷電路板,PCB_ELECTRONIC_MATERIALS,印刷電路板與電子材料,硬板、軟板、IC載板製造,,False,HIGH,False,
6116,彩晶,COMMON_STOCK,平面顯示器,OPTOELECTRONICS,光電（面板/觸控/光學）,顯示器模組,,False,HIGH,False,
6117,迎廣,COMMON_STOCK,電腦及週邊設備,COMPUTER_PERIPHERALS,電腦及週邊設備,電源供應器,,False,HIGH,False,
6133,金橋,COMMON_STOCK,連接器,PASSIVE_CONNECTOR,被動元件與連接器,連接器設計、組裝及製造,,False,HIGH,False,
6136,富爾特,COMMON_STOCK,通信網路,COMMUNICATION_NETWORK,通信網路,電信服務業,,False,HIGH,False,
6139,亞翔,COMMON_STOCK,其他,FACTORY_ENGINEERING,廠務工程與系統整合,廠務工程,,False,HIGH,False,亞翔：半導體廠務系統工程
6141,柏承,COMMON_STOCK,印刷電路板,PCB_ELECTRONIC_MATERIALS,印刷電路板與電子材料,硬板、軟板、IC載板製造,,False,HIGH,False,
6142,友勁,COMMON_STOCK,通信網路,COMMUNICATION_NETWORK,通信網路,網路設備(如數據機、網路卡、閘道器、路由器、網路電話),,False,HIGH,False,
6153,嘉聯益,COMMON_STOCK,印刷電路板,PCB_ELECTRONIC_MATERIALS,印刷電路板與電子材料,硬板、軟板、IC載板製造,,False,HIGH,False,
6155,鈞寶,COMMON_STOCK,被動元件,PASSIVE_CONNECTOR,被動元件與連接器,電感器材料(如鐵氧體、導電漿墨),,False,HIGH,False,
6164,華興,COMMON_STOCK,LED照明產業,LED_LIGHTING,LED照明,燈具/應用,,False,HIGH,False,
6206,飛捷,COMMON_STOCK,電腦及週邊設備,COMPUTER_PERIPHERALS,電腦及週邊設備,工業電腦,,False,HIGH,False,
6209,今國光,COMMON_STOCK,電腦及週邊設備,COMPUTER_PERIPHERALS,電腦及週邊設備,光學鏡片、鏡頭,,False,HIGH,False,
6213,聯茂,COMMON_STOCK,印刷電路板,PCB_ELECTRONIC_MATERIALS,印刷電路板與電子材料,銅箔基板,,False,HIGH,False,
6214,精誠,COMMON_STOCK,軟體服務,SOFTWARE_ECOMMERCE,軟體服務與電子商務,通路經銷,,False,HIGH,False,
6255,奈普,COMMON_STOCK,電子工業,COMPUTER_PERIPHERALS,電腦及週邊設備,連接器,,False,MEDIUM,False,奈普：電池連接器/電源模組
6286,立錡,COMMON_STOCK,半導體業,SEMICONDUCTOR,半導體,,,False,HIGH,False,
6215,和椿,COMMON_STOCK,其他,AUTOMATION_ROBOTICS,自動化與機器人,自動化設備,,False,HIGH,False,和椿：工業自動化設備整合
6216,居易,COMMON_STOCK,通信網路,COMMUNICATION_NETWORK,通信網路,網路設備(如數據機、網路卡、閘道器、路由器、網路電話),,False,HIGH,False,
6224,聚鼎,COMMON_STOCK,被動元件,PASSIVE_CONNECTOR,被動元件與連接器,電阻器,,False,HIGH,False,
6225,天瀚,COMMON_STOCK,貿易百貨,RETAIL_TRADE,貿易百貨與零售,製造商,,False,HIGH,False,
6226,光鼎,COMMON_STOCK,LED照明產業,LED_LIGHTING,LED照明,燈具/應用,,False,HIGH,False,
6230,尼得科超眾,COMMON_STOCK,電腦及週邊設備,COMPUTER_PERIPHERALS,電腦及週邊設備,散熱片、風扇馬達、散熱模組,,False,HIGH,False,
6235,華孚,COMMON_STOCK,電腦及週邊設備,COMPUTER_PERIPHERALS,電腦及週邊設備,金屬、塑膠模具,,False,HIGH,False,
6239,力成,COMMON_STOCK,半導體,SEMICONDUCTOR,半導體,IC封裝測試,,False,HIGH,False,
6243,迅杰,COMMON_STOCK,半導體,SEMICONDUCTOR,半導體,輸出入介面IC,,False,HIGH,False,
6251,定穎,COMMON_STOCK,印刷電路板,PCB_ELECTRONIC_MATERIALS,印刷電路板與電子材料,硬板、軟板、IC載板製造,,False,HIGH,False,
6257,矽格,COMMON_STOCK,半導體,SEMICONDUCTOR,半導體,IC封裝測試,,False,HIGH,False,
6269,台郡,COMMON_STOCK,印刷電路板,PCB_ELECTRONIC_MATERIALS,印刷電路板與電子材料,銅箔基板,,False,HIGH,False,
6271,同欣電,COMMON_STOCK,印刷電路板,PCB_ELECTRONIC_MATERIALS,印刷電路板與電子材料,硬板、軟板、IC載板製造,,False,HIGH,False,
6272,驊陞,COMMON_STOCK,連接器,PASSIVE_CONNECTOR,被動元件與連接器,連接器設計、組裝及製造,,False,HIGH,False,
6277,宏正,COMMON_STOCK,人工智慧,AI,人工智慧,自然語言處理,,False,HIGH,False,
6278,台表科,COMMON_STOCK,智慧電網,ELECTRICAL_CABLE,電器電纜與重電,高壓AMI,,False,HIGH,False,
6280,崇貿,COMMON_STOCK,電子工業,SEMICONDUCTOR,半導體,IC設計,,False,MEDIUM,False,崇貿：電源管理IC設計
6281,全國電,COMMON_STOCK,貿易百貨,RETAIL_TRADE,貿易百貨與零售,零售通路,,False,HIGH,False,
6282,康舒,COMMON_STOCK,智慧電網,ELECTRICAL_CABLE,電器電纜與重電,高/低壓輸電設施,,False,HIGH,False,
6283,淳安,COMMON_STOCK,電腦及週邊設備,COMPUTER_PERIPHERALS,電腦及週邊設備,其他電腦及週邊設備之零組件,,False,HIGH,False,
6285,啟碁,COMMON_STOCK,通信網路,COMMUNICATION_NETWORK,通信網路,網路設備(如數據機、網路卡、閘道器、路由器、網路電話),,False,HIGH,False,
6288,聯嘉,COMMON_STOCK,LED照明產業,LED_LIGHTING,LED照明,燈具/應用,,False,HIGH,False,
6289,華上,COMMON_STOCK,LED照明產業,LED_LIGHTING,LED照明,光源/磊晶,,False,HIGH,False,
6405,悅城,COMMON_STOCK,觸控面板,OPTOELECTRONICS,光電（面板/觸控/光學）,玻璃基板,,False,HIGH,False,
6592A,和潤企業甲特,PREFERRED_STOCK,其他,FINANCIAL,金融,租賃與消費金融,,True,HIGH,False,和潤企業甲特：同和潤企業
6592B,和潤企業乙特,PREFERRED_STOCK,其他,FINANCIAL,金融,租賃與消費金融,,True,HIGH,False,和潤企業乙特：同和潤企業
1530,亞崴,COMMON_STOCK,電機機械,ELECTRICAL_MACHINERY,電機機械,金屬加工用機械,,False,HIGH,False,
1531,高林股,COMMON_STOCK,電機機械,ELECTRICAL_MACHINERY,電機機械,專用機械(如紡織成衣生產用機械、食品飲料生產用機械、農林用機械等),,False,HIGH,False,
1533,車王電,COMMON_STOCK,電機機械,ELECTRICAL_MACHINERY,電機機械,電控元件,,False,HIGH,False,
1535,中宇,COMMON_STOCK,電機機械,ELECTRICAL_MACHINERY,電機機械,機電系統工程,,False,HIGH,False,
1538,正峰,COMMON_STOCK,汽車,AUTOMOTIVE,汽車與零組件,車燈,,False,HIGH,False,
1539,巨庭,COMMON_STOCK,電機機械,ELECTRICAL_MACHINERY,電機機械,手工具機,,False,HIGH,False,
1540,喬福,COMMON_STOCK,電機機械,ELECTRICAL_MACHINERY,電機機械,金屬加工用機械,,False,HIGH,False,
1541,錩泰,COMMON_STOCK,電機機械,ELECTRICAL_MACHINERY,電機機械,手工具機,,False,HIGH,False,
1560,中砂,COMMON_STOCK,電機機械,ELECTRICAL_MACHINERY,電機機械,五金元件及零配件,,False,HIGH,False,
1726,永記,COMMON_STOCK,其他,CHEMICAL,化學工業,塗料/接著劑,,False,HIGH,False,永記：永記造漆，塗料製造
1732,毛寶,COMMON_STOCK,石化及塑橡膠,PETROCHEMICAL,石化,清潔用品,,False,HIGH,False,
1734,杏輝,COMMON_STOCK,製藥,PHARMACEUTICAL,製藥,中、西藥製劑,,False,HIGH,False,
1752,南光,COMMON_STOCK,製藥,PHARMACEUTICAL,製藥,中、西藥製劑,,False,HIGH,False,
1762,中化生,COMMON_STOCK,製藥,PHARMACEUTICAL,製藥,中藥材、西藥原料藥,,False,HIGH,False,
1783,和康生,COMMON_STOCK,醫療器材,MEDICAL_DEVICE,醫療器材,醫療耗材,,False,HIGH,False,
1786,科妍,COMMON_STOCK,醫療器材,MEDICAL_DEVICE,醫療器材,醫療耗材,,False,HIGH,False,
1789,神隆,COMMON_STOCK,製藥,PHARMACEUTICAL,製藥,中藥材、西藥原料藥,,False,HIGH,False,
1795,美時,COMMON_STOCK,食品生技,PHARMACEUTICAL,製藥,學名藥/特殊製劑,,False,HIGH,False,美時：學名藥與特殊劑型藥品
1802,台玻,COMMON_STOCK,印刷電路板,PCB_ELECTRONIC_MATERIALS,印刷電路板與電子材料,玻璃纖維/玻纖布,,False,HIGH,False,
1805,寶徠,COMMON_STOCK,建材營造,BUILDING_MATERIALS_CONSTRUCTION,建材營造,建設業,,False,HIGH,False,
1806,冠軍,COMMON_STOCK,建材營造,BUILDING_MATERIALS_CONSTRUCTION,建材營造,建材原料,,False,HIGH,False,
1808,潤隆,COMMON_STOCK,建材營造,BUILDING_MATERIALS_CONSTRUCTION,建材營造,建設業,,False,HIGH,False,
1810,和成,COMMON_STOCK,建材營造,BUILDING_MATERIALS_CONSTRUCTION,建材營造,建材原料,,False,HIGH,False,
1817,凱撒衛,COMMON_STOCK,貿易百貨,RETAIL_TRADE,貿易百貨與零售,貿易商、代理商、經銷商,,False,HIGH,False,
1903,士紙,COMMON_STOCK,造紙,PAPER,造紙,工業用紙,,False,HIGH,False,
1906,寶隆,COMMON_STOCK,造紙,PAPER,造紙,銷售、進出口業務,,False,HIGH,False,
1909,榮成,COMMON_STOCK,造紙,PAPER,造紙,紙漿、紙類原料,,False,HIGH,False,
2002,中鋼,COMMON_STOCK,鋼鐵,STEEL,鋼鐵,鋼胚,,False,HIGH,False,
2023,燁輝,COMMON_STOCK,鋼鐵,STEEL,鋼鐵,冷熱軋鋼板捲,,False,HIGH,False,
2025,千興,COMMON_STOCK,鋼鐵,STEEL,鋼鐵,冷熱軋不鏽鋼板捲,,False,HIGH,False,
2027,大成鋼,COMMON_STOCK,鋼鐵,STEEL,鋼鐵,製管,,False,HIGH,False,
2028,威致,COMMON_STOCK,鋼鐵,STEEL,鋼鐵,鋼胚,,False,HIGH,False,
2030,彰源,COMMON_STOCK,鋼鐵,STEEL,鋼鐵,製管,,False,HIGH,False,
2032,新鋼,COMMON_STOCK,鋼鐵,STEEL,鋼鐵,裁剪加工,,False,HIGH,False,
2034,允強,COMMON_STOCK,鋼鐵,STEEL,鋼鐵,製管,,False,HIGH,False,
2049,上銀,COMMON_STOCK,自動化,AUTOMATION_ROBOTICS,自動化與機器人,工業型機器人,,False,HIGH,False,
2059,川湖,COMMON_STOCK,電腦及週邊設備,COMPUTER_PERIPHERALS,電腦及週邊設備,其他電腦及週邊設備之零組件,,False,HIGH,False,
2069,運錩,COMMON_STOCK,鋼鐵,STEEL,鋼鐵,裁剪加工,,False,HIGH,False,
2101,南港,COMMON_STOCK,汽車,AUTOMOTIVE,汽車與零組件,輪胎,,False,HIGH,False,
2103,台橡,COMMON_STOCK,石化及塑橡膠,PETROCHEMICAL,石化,橡膠製品,,False,HIGH,False,
2104,國際中橡,COMMON_STOCK,石化及塑橡膠,PETROCHEMICAL,石化,橡塑膠添加劑,,False,HIGH,False,
1468,昶和,COMMON_STOCK,紡織,TEXTILE_FIBER,紡織與人纖,織布,,False,HIGH,False,
1470,大統新創,COMMON_STOCK,紡織,TEXTILE_FIBER,紡織與人纖,染整,,False,HIGH,False,
1471,首利,COMMON_STOCK,電腦及週邊設備,COMPUTER_PERIPHERALS,電腦及週邊設備,電源供應器,,False,HIGH,False,
1473,台南,COMMON_STOCK,紡織,TEXTILE_FIBER,紡織與人纖,成衣及其它家居紡織類品,,False,HIGH,False,
1474,弘裕,COMMON_STOCK,紡織,TEXTILE_FIBER,紡織與人纖,織布,,False,HIGH,False,
1475,業旺,COMMON_STOCK,紡織,TEXTILE_FIBER,紡織與人纖,染整,,False,HIGH,False,
1476,儒鴻,COMMON_STOCK,紡織,TEXTILE_FIBER,紡織與人纖,織布,,False,HIGH,False,
1477,聚陽,COMMON_STOCK,紡織,TEXTILE_FIBER,紡織與人纖,成衣及其它家居紡織類品,,False,HIGH,False,
1503,士電,COMMON_STOCK,風力發電,WIND_ENERGY,風力發電,電力系統,,False,HIGH,False,
1504,東元,COMMON_STOCK,電機機械,ELECTRICAL_MACHINERY,電機機械,電控元件,,False,HIGH,False,
1506,正道,COMMON_STOCK,電機機械,ELECTRICAL_MACHINERY,電機機械,金屬加工處理,,False,HIGH,False,
1512,瑞利,COMMON_STOCK,電機機械,ELECTRICAL_MACHINERY,電機機械,車用機械傳動設備及零配件,,False,HIGH,False,
1515,力山,COMMON_STOCK,電機機械,ELECTRICAL_MACHINERY,電機機械,手工具機,,False,HIGH,False,
1516,川飛,COMMON_STOCK,其他,DIVERSIFIED_OTHER,其他（待歸類）,其他,,False,LOW,True,川飛：業務內容需人工查證
1517,利奇,COMMON_STOCK,電機機械,ELECTRICAL_MACHINERY,電機機械,車用機械傳動設備及零配件,,False,HIGH,False,
1521,大億,COMMON_STOCK,汽車,AUTOMOTIVE,汽車與零組件,車燈,,False,HIGH,False,
1522,堤維西,COMMON_STOCK,汽車,AUTOMOTIVE,汽車與零組件,車燈,,False,HIGH,False,
1524,耿鼎,COMMON_STOCK,汽車,AUTOMOTIVE,汽車與零組件,鈑金,,False,HIGH,False,
1525,江申,COMMON_STOCK,汽車,AUTOMOTIVE,汽車與零組件,其他,,False,HIGH,False,
1526,日馳,COMMON_STOCK,電機機械,ELECTRICAL_MACHINERY,電機機械,傳動元件,,False,HIGH,False,
1527,鑽全,COMMON_STOCK,電機機械,ELECTRICAL_MACHINERY,電機機械,手工具機,,False,HIGH,False,
1558,伸興,COMMON_STOCK,電機機械,ELECTRICAL_MACHINERY,電機機械,手工具機,,False,HIGH,False,
1568,倉佑,COMMON_STOCK,電機機械,ELECTRICAL_MACHINERY,電機機械,車用機械傳動設備及零配件,,False,HIGH,False,
1582,信錦,COMMON_STOCK,電腦及週邊設備,COMPUTER_PERIPHERALS,電腦及週邊設備,金屬、塑膠模具,,False,HIGH,False,
1583,程泰,COMMON_STOCK,電機機械,ELECTRICAL_MACHINERY,電機機械,金屬加工用機械,,False,HIGH,False,
1587,吉茂,COMMON_STOCK,汽車,AUTOMOTIVE,汽車與零組件,其他,,False,HIGH,False,
1597,直得,COMMON_STOCK,電機機械,ELECTRICAL_MACHINERY,電機機械,電控元件,,False,HIGH,False,
1603,華電,COMMON_STOCK,智慧電網,ELECTRICAL_CABLE,電器電纜與重電,高/低壓輸電設施,,False,HIGH,False,
1604,聲寶,COMMON_STOCK,平面顯示器,OPTOELECTRONICS,光電（面板/觸控/光學）,電視,,False,HIGH,False,
1605,華新,COMMON_STOCK,智慧電網,ELECTRICAL_CABLE,電器電纜與重電,高/低壓輸電設施,,False,HIGH,False,
1609,大亞,COMMON_STOCK,智慧電網,ELECTRICAL_CABLE,電器電纜與重電,高/低壓輸電設施,,False,HIGH,False,
1464,得力,COMMON_STOCK,紡織,TEXTILE_FIBER,紡織與人纖,織布,,False,HIGH,False,
1465,偉全,COMMON_STOCK,紡織,TEXTILE_FIBER,紡織與人纖,織布,,False,HIGH,False,
1466,聚隆,COMMON_STOCK,紡織,TEXTILE_FIBER,紡織與人纖,人造纖維產品(例如尼龍纖維、聚酯纖維、嫘縈纖維等),,False,HIGH,False,
1467,南緯,COMMON_STOCK,紡織,TEXTILE_FIBER,紡織與人纖,染整,,False,HIGH,False,
2227,裕日車,COMMON_STOCK,汽車,AUTOMOTIVE,汽車與零組件,銷售、進出口業務,,False,HIGH,False,
2228,劍麟,COMMON_STOCK,汽車,AUTOMOTIVE,汽車與零組件,其他,,False,HIGH,False,
2231,為升,COMMON_STOCK,汽車,AUTOMOTIVE,汽車與零組件,整車組裝、修理及技術服務,,False,HIGH,False,
2233,宇隆,COMMON_STOCK,電機機械,ELECTRICAL_MACHINERY,電機機械,金屬加工處理,,False,HIGH,False,
2239,英利-KY,COMMON_STOCK,汽車,AUTOMOTIVE,汽車與零組件,其他,,False,HIGH,False,
2247,汎德永業,COMMON_STOCK,汽車,AUTOMOTIVE,汽車與零組件,銷售、進出口業務,,False,HIGH,False,
2302,麗正,COMMON_STOCK,半導體,SEMICONDUCTOR,半導體,其他IC/二極體製造,,False,HIGH,False,
2303,聯電,COMMON_STOCK,半導體,SEMICONDUCTOR,半導體,晶圓製造,,False,HIGH,False,
2305,全友,COMMON_STOCK,電腦及週邊設備,COMPUTER_PERIPHERALS,電腦及週邊設備,印表機、傳真機、掃瞄器、多功能事務機、投影機,,False,HIGH,False,
2328,廣宇,COMMON_STOCK,印刷電路板,PCB_ELECTRONIC_MATERIALS,印刷電路板與電子材料,銅箔基板,,False,HIGH,False,
2329,華泰,COMMON_STOCK,半導體,SEMICONDUCTOR,半導體,IC封裝測試,,False,HIGH,False,
2330,台積電,COMMON_STOCK,半導體,SEMICONDUCTOR,半導體,晶圓製造,,False,HIGH,False,
2332,友訊,COMMON_STOCK,通信網路,COMMUNICATION_NETWORK,通信網路,網路設備(如數據機、網路卡、閘道器、路由器、網路電話),,False,HIGH,False,
2337,旺宏,COMMON_STOCK,半導體,SEMICONDUCTOR,半導體,記憶體IC,,False,HIGH,False,
2338,光罩,COMMON_STOCK,半導體,SEMICONDUCTOR,半導體,光罩,,False,HIGH,False,
2342,茂矽,COMMON_STOCK,半導體,SEMICONDUCTOR,半導體,其他IC/二極體製造,,False,HIGH,False,
2344,華邦電,COMMON_STOCK,半導體,SEMICONDUCTOR,半導體,記憶體IC,,False,HIGH,False,
2345,智邦,COMMON_STOCK,通信網路,COMMUNICATION_NETWORK,通信網路,網路設備(如數據機、網路卡、閘道器、路由器、網路電話),,False,HIGH,False,
2347,聯強,COMMON_STOCK,半導體,SEMICONDUCTOR,半導體,IC通路,,False,HIGH,False,
2348,海悅,COMMON_STOCK,其他,RETAIL_TRADE,貿易百貨與零售,建材零售/裝修,,False,MEDIUM,False,海悅：房屋代銷/裝修服務
2349,錸德,COMMON_STOCK,電腦及週邊設備,COMPUTER_PERIPHERALS,電腦及週邊設備,光碟片,,False,HIGH,False,
2354,鴻準,COMMON_STOCK,電腦及週邊設備,COMPUTER_PERIPHERALS,電腦及週邊設備,金屬、塑膠模具,,False,HIGH,False,
2355,敬鵬,COMMON_STOCK,印刷電路板,PCB_ELECTRONIC_MATERIALS,印刷電路板與電子材料,硬板、軟板、IC載板製造,,False,HIGH,False,
1101,台泥,COMMON_STOCK,水泥,CEMENT,水泥,預拌混凝土,,False,HIGH,False,
1110,東泥,COMMON_STOCK,水泥,CEMENT,水泥,水泥成品,,False,HIGH,False,
1210,大成,COMMON_STOCK,食品,FOOD,食品,原物料,,False,HIGH,False,
1213,大飲,COMMON_STOCK,其他,FOOD,食品,餐飲,,False,MEDIUM,False,大飲：飲料/餐飲相關
1215,卜蜂,COMMON_STOCK,食品,FOOD,食品,原物料,,False,HIGH,False,
1229,聯華,COMMON_STOCK,雲端運算,BIG_DATA_CLOUD,大數據與雲端運算,系統整合,,False,HIGH,False,
1235,興泰,COMMON_STOCK,食品,FOOD,食品,原物料,,False,HIGH,False,
1304,台聚,COMMON_STOCK,石化及塑橡膠,PETROCHEMICAL,石化,工業用合成樹脂,,False,HIGH,False,
2642,宅配通,COMMON_STOCK,交通運輸及航運,SHIPPING_CONTAINER,海運（貨櫃／散裝）,海陸空貨運承攬,,False,HIGH,False,
2645,長榮航太,COMMON_STOCK,交通運輸及航運,SHIPPING_CONTAINER,海運（貨櫃／散裝）,海陸空大眾運輸,,False,HIGH,False,
2646,星宇航空,COMMON_STOCK,交通運輸及航運,AVIATION,航空,客運航空,,False,HIGH,False,星宇：客運航空公司，不應與貨櫃/散裝航運同 sub_sector
2801,彰銀,COMMON_STOCK,金融,FINANCIAL,金融,銀行,,True,HIGH,False,
2816,旺旺保,COMMON_STOCK,金融,FINANCIAL,金融,保險,,True,HIGH,False,
2820,華票,COMMON_STOCK,金融,FINANCIAL,金融,其他金融,,True,MEDIUM,False,
2832,台產,COMMON_STOCK,金融,FINANCIAL,金融,保險,,True,HIGH,False,
2836,高雄銀,COMMON_STOCK,金融,FINANCIAL,金融,銀行,,True,HIGH,False,
3346,麗清,COMMON_STOCK,LED照明產業,LED_LIGHTING,LED照明,燈具/應用,,False,HIGH,False,
3356,奇偶,COMMON_STOCK,電腦及週邊設備,COMPUTER_PERIPHERALS,電腦及週邊設備,安全監控系統,,False,HIGH,False,
3376,新日興,COMMON_STOCK,電腦及週邊設備,COMPUTER_PERIPHERALS,電腦及週邊設備,機構樞紐,,False,HIGH,False,
3406,玉晶光,COMMON_STOCK,LED照明產業,LED_LIGHTING,LED照明,燈具/應用,,False,HIGH,False,
3416,融程電,COMMON_STOCK,觸控面板,OPTOELECTRONICS,光電（面板/觸控/光學）,觸控面板,,False,HIGH,False,
3432,台端,COMMON_STOCK,連接器,PASSIVE_CONNECTOR,被動元件與連接器,連接器設計、組裝及製造,,False,HIGH,False,
3443,創意,COMMON_STOCK,半導體,SEMICONDUCTOR,半導體,IP設計/IC設計代工服務,,False,HIGH,False,
3447,展達,COMMON_STOCK,通信網路,COMMUNICATION_NETWORK,通信網路,網路設備(如數據機、網路卡、閘道器、路由器、網路電話),,False,HIGH,False,
3494,誠研,COMMON_STOCK,電腦及週邊設備,COMPUTER_PERIPHERALS,電腦及週邊設備,其他電腦及週邊設備,,False,HIGH,False,
3501,維熹,COMMON_STOCK,連接器,PASSIVE_CONNECTOR,被動元件與連接器,連接器設計、組裝及製造,,False,HIGH,False,
3518,柏騰,COMMON_STOCK,電腦及週邊設備,COMPUTER_PERIPHERALS,電腦及週邊設備,機殼,,False,HIGH,False,
3528,安馳,COMMON_STOCK,半導體,SEMICONDUCTOR,半導體,IC通路,,False,HIGH,False,
3530,晶相光,COMMON_STOCK,半導體,SEMICONDUCTOR,半導體,消費性IC,,False,HIGH,False,
3532,台勝科,COMMON_STOCK,半導體,SEMICONDUCTOR,半導體,晶圓製造,,False,HIGH,False,
3533,嘉澤,COMMON_STOCK,連接器,PASSIVE_CONNECTOR,被動元件與連接器,連接器設計、組裝及製造,,False,HIGH,False,
4108,懷特,COMMON_STOCK,食品生技,PHARMACEUTICAL,製藥,學名藥,,False,MEDIUM,False,懷特：植物新藥/學名藥
2812,台中銀,COMMON_STOCK,金融,FINANCIAL,金融,銀行,,True,HIGH,False,
2834,臺企銀,COMMON_STOCK,金融,FINANCIAL,金融,銀行,,True,HIGH,False,
2838,聯邦銀,COMMON_STOCK,金融,FINANCIAL,金融,銀行,,True,HIGH,False,
2457,飛宏,COMMON_STOCK,電腦及週邊設備,COMPUTER_PERIPHERALS,電腦及週邊設備,電源供應器,,False,HIGH,False,
2458,義隆,COMMON_STOCK,半導體,SEMICONDUCTOR,半導體,消費性IC,,False,HIGH,False,
2460,建通,COMMON_STOCK,連接器,PASSIVE_CONNECTOR,被動元件與連接器,連接器設計、組裝及製造,,False,HIGH,False,
2461,光群雷,COMMON_STOCK,其他,ELECTRICAL_MACHINERY,電機機械,電動工具/五金,,False,MEDIUM,False,光群雷：電動工具/手工具
2462,良得電,COMMON_STOCK,連接器,PASSIVE_CONNECTOR,被動元件與連接器,連接器設計、組裝及製造,,False,HIGH,False,
2464,盟立,COMMON_STOCK,電機機械,ELECTRICAL_MACHINERY,電機機械,輸送機械及零配件,,False,HIGH,False,
2465,麗臺,COMMON_STOCK,電腦及週邊設備,COMPUTER_PERIPHERALS,電腦及週邊設備,顯示卡,,False,HIGH,False,
2466,冠西電,COMMON_STOCK,其他,ENVIRONMENTAL_SERVICES,環保工程與資源循環,環保工程,,False,HIGH,False,冠西電：環保設備/太陽能工程
2467,志聖,COMMON_STOCK,印刷電路板,PCB_ELECTRONIC_MATERIALS,印刷電路板與電子材料,生產製程及檢測設備,,False,HIGH,False,
2468,華經,COMMON_STOCK,軟體服務,SOFTWARE_ECOMMERCE,軟體服務與電子商務,通路經銷,,False,HIGH,False,
2471,資通,COMMON_STOCK,大數據,BIG_DATA_CLOUD,大數據與雲端運算,資料庫,,False,HIGH,False,
2472,立隆電,COMMON_STOCK,被動元件,PASSIVE_CONNECTOR,被動元件與連接器,電容器,,False,HIGH,False,
2474,可成,COMMON_STOCK,電腦及週邊設備,COMPUTER_PERIPHERALS,電腦及週邊設備,機殼,,False,HIGH,False,
2476,鉅祥,COMMON_STOCK,連接器,PASSIVE_CONNECTOR,被動元件與連接器,電鍍材料,,False,HIGH,False,
2477,美隆電,COMMON_STOCK,其他,HOME_APPLIANCE_CONSUMER,家電與民生消費品,家電,,False,HIGH,False,美隆電：家電製造
2478,大毅,COMMON_STOCK,被動元件,PASSIVE_CONNECTOR,被動元件與連接器,電阻器,,False,HIGH,False,
2496,卓越,COMMON_STOCK,其他,DIVERSIFIED_OTHER,其他（待歸類）,其他,,False,LOW,True,卓越：業務內容需人工查證
2497,怡利電,COMMON_STOCK,其他,AUTOMOTIVE,汽車與零組件,車用電子,,False,HIGH,False,怡利電：車用電子/音響系統
2501,國建,COMMON_STOCK,建材營造,BUILDING_MATERIALS_CONSTRUCTION,建材營造,建設業,,False,HIGH,False,
2504,國產,COMMON_STOCK,水泥,CEMENT,水泥,預拌混凝土,,False,HIGH,False,
2505,國揚,COMMON_STOCK,建材營造,BUILDING_MATERIALS_CONSTRUCTION,建材營造,建設業,,False,HIGH,False,
2506,太設,COMMON_STOCK,建材營造,BUILDING_MATERIALS_CONSTRUCTION,建材營造,建設業,,False,HIGH,False,
2509,全坤建,COMMON_STOCK,建材營造,BUILDING_MATERIALS_CONSTRUCTION,建材營造,建設業,,False,HIGH,False,
2516,新建,COMMON_STOCK,建材營造,BUILDING_MATERIALS_CONSTRUCTION,建材營造,營造業,,False,HIGH,False,
2520,冠德,COMMON_STOCK,建材營造,BUILDING_MATERIALS_CONSTRUCTION,建材營造,建設業,,False,HIGH,False,
2524,京城,COMMON_STOCK,建材營造,BUILDING_MATERIALS_CONSTRUCTION,建材營造,建設業,,False,HIGH,False,
2528,皇普,COMMON_STOCK,建材營造,BUILDING_MATERIALS_CONSTRUCTION,建材營造,建設業,,False,HIGH,False,
2530,華建,COMMON_STOCK,建材營造,BUILDING_MATERIALS_CONSTRUCTION,建材營造,建設業,,False,HIGH,False,
2534,宏盛,COMMON_STOCK,建材營造,BUILDING_MATERIALS_CONSTRUCTION,建材營造,建設業,,False,HIGH,False,
2536,宏普,COMMON_STOCK,建材營造,BUILDING_MATERIALS_CONSTRUCTION,建材營造,建設業,,False,HIGH,False,
2537,聯上發,COMMON_STOCK,建材營造,BUILDING_MATERIALS_CONSTRUCTION,建材營造,建設業,,False,HIGH,False,
2538,基泰,COMMON_STOCK,建材營造,BUILDING_MATERIALS_CONSTRUCTION,建材營造,建設業,,False,HIGH,False,
2539,櫻花建,COMMON_STOCK,建材營造,BUILDING_MATERIALS_CONSTRUCTION,建材營造,建設業,,False,HIGH,False,
2540,愛山林,COMMON_STOCK,其他,BUILDING_MATERIALS_CONSTRUCTION,建材營造,建設開發,,False,HIGH,False,愛山林：房地產開發
2618,長榮航,COMMON_STOCK,交通運輸及航運,SHIPPING_CONTAINER,海運（貨櫃／散裝）,海陸空大眾運輸,,False,HIGH,False,
2630,亞航,COMMON_STOCK,交通運輸及航運,SHIPPING_CONTAINER,海運（貨櫃／散裝）,貨櫃運輸集散及倉儲,,False,HIGH,False,
2912,統一超,COMMON_STOCK,貿易百貨,RETAIL_TRADE,貿易百貨與零售,零售通路,,False,HIGH,False,
3002,歐格,COMMON_STOCK,通信網路,COMMUNICATION_NETWORK,通信網路,網路設備(如數據機、網路卡、閘道器、路由器、網路電話),,False,HIGH,False,
3003,健和興,COMMON_STOCK,連接器,PASSIVE_CONNECTOR,被動元件與連接器,連接器設計、組裝及製造,,False,HIGH,False,
3005,神基,COMMON_STOCK,電腦及週邊設備,COMPUTER_PERIPHERALS,電腦及週邊設備,電源供應器,,False,HIGH,False,
3006,晶豪科,COMMON_STOCK,半導體,SEMICONDUCTOR,半導體,記憶體IC,,False,HIGH,False,
3008,大立光,COMMON_STOCK,電腦及週邊設備,COMPUTER_PERIPHERALS,電腦及週邊設備,光學鏡片、鏡頭,,False,HIGH,False,
3013,晟銘電,COMMON_STOCK,電腦及週邊設備,COMPUTER_PERIPHERALS,電腦及週邊設備,機殼,,False,HIGH,False,
3014,聯陽,COMMON_STOCK,半導體,SEMICONDUCTOR,半導體,輸出入介面IC,,False,HIGH,False,
3016,嘉晶,COMMON_STOCK,半導體,SEMICONDUCTOR,半導體,晶圓製造,,False,HIGH,False,
3033,威健,COMMON_STOCK,半導體,SEMICONDUCTOR,半導體,IC通路,,False,HIGH,False,
6422,君耀-KY,COMMON_STOCK,電子零組件業,PASSIVE_CONNECTOR,被動元件與連接器,,,False,HIGH,False,
6573,虹揚-KY,COMMON_STOCK,電子工業,DIVERSIFIED_OTHER,其他（待歸類）,,,False,LOW,True,虹揚-KY：業務內容需人工查證
6456,GIS-KY,COMMON_STOCK,光電業,OPTOELECTRONICS,光電（面板/觸控/光學）,,,False,HIGH,False,
6451,訊芯-KY,COMMON_STOCK,半導體業,SEMICONDUCTOR,半導體,,,False,HIGH,False,
6431,光麗-KY,COMMON_STOCK,電子工業,DIVERSIFIED_OTHER,其他（待歸類）,,,False,LOW,True,光麗-KY：業務內容需人工查證
6525,捷敏-KY,COMMON_STOCK,電子工業,SEMICONDUCTOR,半導體,IC設計,,False,MEDIUM,False,捷敏-KY：類比IC設計
6452,康友-KY,COMMON_STOCK,生技醫療業,BIOTECH_MEDICAL,生技醫療,學名藥/原料藥,,False,MEDIUM,False,康友-KY：學名藥與原料藥
4169,泰宗,COMMON_STOCK,醫療器材,MEDICAL_DEVICE,醫療器材,醫療耗材,,False,HIGH,False,
3038,全台,COMMON_STOCK,平面顯示器,OPTOELECTRONICS,光電（面板/觸控/光學）,顯示器模組,,False,HIGH,False,
3040,遠見,COMMON_STOCK,其他,COMPUTER_PERIPHERALS,電腦及週邊設備,顯示器/監視器,,False,MEDIUM,False,遠見：顯示器製造
3041,揚智,COMMON_STOCK,半導體,SEMICONDUCTOR,半導體,消費性IC,,False,HIGH,False,
3042,晶技,COMMON_STOCK,被動元件,PASSIVE_CONNECTOR,被動元件與連接器,濾波器、振盪器,,False,HIGH,False,
3043,科風,COMMON_STOCK,太陽能產業,SOLAR_ENERGY,太陽能,太陽能電池模組,,False,HIGH,False,
3044,健鼎,COMMON_STOCK,印刷電路板,PCB_ELECTRONIC_MATERIALS,印刷電路板與電子材料,硬板、軟板、IC載板製造,,False,HIGH,False,
3045,台灣大,COMMON_STOCK,通信網路,COMMUNICATION_NETWORK,通信網路,電信服務業,,False,HIGH,False,
3046,建碁,COMMON_STOCK,電腦及週邊設備,COMPUTER_PERIPHERALS,電腦及週邊設備,其他電腦及週邊設備之零組件,,False,HIGH,False,
3047,訊舟,COMMON_STOCK,通信網路,COMMUNICATION_NETWORK,通信網路,網路設備(如數據機、網路卡、閘道器、路由器、網路電話),,False,HIGH,False,
3048,益登,COMMON_STOCK,半導體,SEMICONDUCTOR,半導體,IC通路,,False,HIGH,False,
6409,旭隼,COMMON_STOCK,太陽能產業,SOLAR_ENERGY,太陽能,太陽能發電設備/系統及系統工程,,False,HIGH,False,
6412,群電,COMMON_STOCK,人工智慧,AI,人工智慧,顧問諮詢,,False,HIGH,False,
6414,樺漢,COMMON_STOCK,電腦及週邊設備,COMPUTER_PERIPHERALS,電腦及週邊設備,工業電腦,,False,HIGH,False,
6415,矽力*-KY,COMMON_STOCK,半導體,SEMICONDUCTOR,半導體,電源管理IC,,False,HIGH,False,
6416,瑞祺電通,COMMON_STOCK,通信網路,COMMUNICATION_NETWORK,通信網路,網路設備(如數據機、網路卡、閘道器、路由器、網路電話),,False,HIGH,False,
6423,億而得-創,COMMON_STOCK,半導體,SEMICONDUCTOR,半導體,IP設計/IC設計代工服務,,False,HIGH,False,
6426,統新,COMMON_STOCK,通信網路,COMMUNICATION_NETWORK,通信網路,其他零組件,,False,HIGH,False,
6438,迅得,COMMON_STOCK,印刷電路板,PCB_ELECTRONIC_MATERIALS,印刷電路板與電子材料,生產製程及檢測設備,,False,HIGH,False,
6442,光聖,COMMON_STOCK,通信網路,COMMUNICATION_NETWORK,通信網路,光通訊設備(如光纖電纜、光傳輸設備),,False,HIGH,False,
6443,元晶,COMMON_STOCK,太陽能產業,SOLAR_ENERGY,太陽能,太陽能電池模組,,False,HIGH,False,
6446,藥華藥,COMMON_STOCK,製藥,PHARMACEUTICAL,製藥,原材料,,False,HIGH,False,
6449,鈺邦,COMMON_STOCK,被動元件,PASSIVE_CONNECTOR,被動元件與連接器,電容器,,False,HIGH,False,
6464,台數科,COMMON_STOCK,其他,COMMUNICATION_NETWORK,通信網路,有線電視/電信服務,,False,HIGH,False,台數科：有線電視與電信服務
6472,保瑞,COMMON_STOCK,製藥,PHARMACEUTICAL,製藥,藥品代理銷售及通路,,False,HIGH,False,
6477,安集,COMMON_STOCK,太陽能產業,SOLAR_ENERGY,太陽能,太陽能電池模組,,False,HIGH,False,
6491,晶碩,COMMON_STOCK,醫療器材,MEDICAL_DEVICE,醫療器材,隱型眼鏡、光學鏡片,,False,HIGH,False,
6504,南六,COMMON_STOCK,醫療器材,MEDICAL_DEVICE,醫療器材,醫療耗材,,False,HIGH,False,
6505,台塑化,COMMON_STOCK,石化及塑橡膠,PETROCHEMICAL,石化,石化上游原料及相關鑽探設備,,False,HIGH,False,
6515,穎崴,COMMON_STOCK,半導體,SEMICONDUCTOR,半導體,生產製程及檢測設備,,False,HIGH,False,
6526,達發,COMMON_STOCK,半導體,SEMICONDUCTOR,半導體,網路通訊IC,,False,HIGH,False,
6531,愛普*,COMMON_STOCK,半導體,SEMICONDUCTOR,半導體,記憶體IC,,False,HIGH,False,
6533,晶心科,COMMON_STOCK,半導體,SEMICONDUCTOR,半導體,IP設計/IC設計代工服務,,False,HIGH,False,
6534,正瀚-創,COMMON_STOCK,石化及塑橡膠,PETROCHEMICAL,石化,農藥,,False,HIGH,False,
6541,泰福-KY,COMMON_STOCK,製藥,PHARMACEUTICAL,製藥,原材料,,False,HIGH,False,
6550,北極星藥業-KY,COMMON_STOCK,再生醫療,BIOTECH_MEDICAL,生技醫療,臨床實驗、移植技術、疾病治療,,False,HIGH,False,
6552,易華電,COMMON_STOCK,半導體,SEMICONDUCTOR,半導體,基板,,False,HIGH,False,
6558,興能高,COMMON_STOCK,能源元件,EV_BATTERY,電動車輛與電池,電池芯,,False,HIGH,False,
6579,研揚,COMMON_STOCK,電腦及週邊設備,COMPUTER_PERIPHERALS,電腦及週邊設備,工業電腦,,False,HIGH,False,
6581,鋼聯,COMMON_STOCK,其他,ENVIRONMENTAL_SERVICES,環保工程與資源循環,環保儲槽設備,,False,MEDIUM,False,鋼聯：環保設備/儲槽
6582,申豐,COMMON_STOCK,石化及塑橡膠,PETROCHEMICAL,石化,橡膠製品,,False,HIGH,False,
6589,台康生技,COMMON_STOCK,製藥,PHARMACEUTICAL,製藥,中、西藥製劑,,False,HIGH,False,
6591,動力-KY,COMMON_STOCK,電腦及週邊設備,COMPUTER_PERIPHERALS,電腦及週邊設備,散熱片、風扇馬達、散熱模組,,False,HIGH,False,
6592,和潤企業,COMMON_STOCK,其他,FINANCIAL,金融,租賃與消費金融,,True,HIGH,False,和潤企業：中租控股旗下汽車貸款/租賃
6598,ABC-KY,COMMON_STOCK,醫療器材,MEDICAL_DEVICE,醫療器材,醫療院所、醫療器材專賣店、藥局等通路,,False,HIGH,False,
6605,帝寶,COMMON_STOCK,汽車,AUTOMOTIVE,汽車與零組件,車燈,,False,HIGH,False,
6606,建德工業,COMMON_STOCK,電機機械,ELECTRICAL_MACHINERY,電機機械,金屬加工用機械,,False,HIGH,False,
6614,資拓宏宇,COMMON_STOCK,大數據,BIG_DATA_CLOUD,大數據與雲端運算,顧問諮詢,,False,HIGH,False,
6625,必應,COMMON_STOCK,文化創意業,CULTURAL_CREATIVE,文化創意,流行音樂及文化內容產業,,False,HIGH,False,
6641,基士德-KY,COMMON_STOCK,其他,ENVIRONMENTAL_SERVICES,環保工程與資源循環,環保工程,,False,MEDIUM,False,基士德-KY：環保潔能服務
6645,金萬林-創,COMMON_STOCK,醫療器材,MEDICAL_DEVICE,醫療器材,醫療耗材,,False,HIGH,False,
6655,科定,COMMON_STOCK,其他,BUILDING_MATERIALS_CONSTRUCTION,建材營造,室內裝修建材,,False,MEDIUM,False,科定：室內裝修建材
6657,華安,COMMON_STOCK,製藥,PHARMACEUTICAL,製藥,原材料,,False,HIGH,False,
6658,聯策,COMMON_STOCK,人工智慧,AI,人工智慧,電腦視覺,,False,HIGH,False,
6668,中揚光,COMMON_STOCK,電腦及週邊設備,COMPUTER_PERIPHERALS,電腦及週邊設備,光學鏡片、鏡頭,,False,HIGH,False,
6669,緯穎,COMMON_STOCK,人工智慧,AI,人工智慧,運算設備,,False,HIGH,False,
6670,復盛應用,COMMON_STOCK,休閒娛樂,LEISURE_TOURISM,休閒觀光與娛樂,高爾夫球具業,,False,HIGH,False,
6671,三能-KY,COMMON_STOCK,其他,DIVERSIFIED_OTHER,其他（待歸類）,,,False,LOW,True,三能-KY：業務內容需人工查證
6672,騰輝電子-KY,COMMON_STOCK,印刷電路板,PCB_ELECTRONIC_MATERIALS,印刷電路板與電子材料,銅箔基板,,False,HIGH,False,
6674,鋐寶科技,COMMON_STOCK,通信網路,COMMUNICATION_NETWORK,通信網路,網路設備(如數據機、網路卡、閘道器、路由器、網路電話),,False,HIGH,False,
6689,伊雲谷,COMMON_STOCK,大數據,BIG_DATA_CLOUD,大數據與雲端運算,顧問諮詢,,False,HIGH,False,
6691,洋基工程,COMMON_STOCK,其他,FACTORY_ENGINEERING,廠務工程與系統整合,廠務工程,,False,HIGH,False,洋基工程：廠務系統工程
6695,芯鼎,COMMON_STOCK,人工智慧,AI,人工智慧,電腦視覺,,False,HIGH,False,
6698,旭暉應材,COMMON_STOCK,其他,PCB_ELECTRONIC_MATERIALS,印刷電路板與電子材料,半導體化學材料,,False,MEDIUM,False,旭暉應材：半導體製程化學品
6702,興航,COMMON_STOCK,航運業,SHIPPING_CONTAINER,海運（貨櫃／散裝）,,,False,HIGH,False,
6706,惠特,COMMON_STOCK,印刷電路板,PCB_ELECTRONIC_MATERIALS,印刷電路板與電子材料,生產製程及檢測設備,,False,HIGH,False,
6719,力智,COMMON_STOCK,半導體,SEMICONDUCTOR,半導體,電源管理IC,,False,HIGH,False,
6742,澤米,COMMON_STOCK,體驗科技,LEISURE_TOURISM,休閒觀光與娛樂,視覺,,False,HIGH,False,
6743,安普新,COMMON_STOCK,電腦及週邊設備,COMPUTER_PERIPHERALS,電腦及週邊設備,其他電腦及週邊設備之零組件,,False,HIGH,False,
6753,龍德造船,COMMON_STOCK,其他,SHIPBUILDING,造船,造船,,False,HIGH,False,龍德造船：專業造船廠
6756,威鋒電子,COMMON_STOCK,半導體,SEMICONDUCTOR,半導體,電源管理IC,,False,HIGH,False,
6757,台灣虎航-創,COMMON_STOCK,交通運輸及航運,SHIPPING_CONTAINER,海運（貨櫃／散裝）,海陸空大眾運輸,,False,HIGH,False,
6768,志強-KY,COMMON_STOCK,其他,DIVERSIFIED_OTHER,其他（待歸類）,,,False,LOW,True,志強-KY：業務內容需人工查證
6770,力積電,COMMON_STOCK,半導體,SEMICONDUCTOR,半導體,晶圓製造,,False,HIGH,False,
6771,平和環保-創,COMMON_STOCK,其他,ENVIRONMENTAL_SERVICES,環保工程與資源循環,環保工程,,False,MEDIUM,False,平和環保-創：環保潔能服務
6776,展碁國際,COMMON_STOCK,其他,AGRI_TECH,農業科技,植物工廠/蘭花科技,,False,MEDIUM,False,展碁國際：農業科技相關業務
6782,視陽,COMMON_STOCK,醫療器材,MEDICAL_DEVICE,醫療器材,隱型眼鏡、光學鏡片,,False,HIGH,False,
6789,采鈺,COMMON_STOCK,半導體,SEMICONDUCTOR,半導體,生產製程及檢測設備,,False,HIGH,False,
6790,永豐實,COMMON_STOCK,造紙,PAPER,造紙,銷售、進出口業務,,False,HIGH,False,
6792,詠業,COMMON_STOCK,通信網路,COMMUNICATION_NETWORK,通信網路,無線通訊設備(如行動電話、衛星定位系統、衛星通訊設備、微波通訊設備、數位機上盒),,False,HIGH,False,
6794,向榮生技-創,COMMON_STOCK,再生醫療,BIOTECH_MEDICAL,生技醫療,臨床實驗、移植技術、疾病治療,,False,HIGH,False,
6796,晉弘,COMMON_STOCK,醫療器材,MEDICAL_DEVICE,醫療器材,其他,,False,HIGH,False,
6799,來頡,COMMON_STOCK,半導體,SEMICONDUCTOR,半導體,電源管理IC,,False,HIGH,False,
6805,富世達,COMMON_STOCK,電腦及週邊設備,COMPUTER_PERIPHERALS,電腦及週邊設備,機構樞紐,,False,HIGH,False,
6806,森崴能源,COMMON_STOCK,風力發電,WIND_ENERGY,風力發電,風機維護,,False,HIGH,False,
6807,峰源-KY,COMMON_STOCK,其他,DIVERSIFIED_OTHER,其他（待歸類）,,,False,LOW,True,峰源-KY：業務內容需人工查證
6830,汎銓,COMMON_STOCK,其他,SEMICONDUCTOR,半導體,半導體檢測服務,,False,MEDIUM,False,汎銓：半導體材料分析檢測服務
6831,邁科,COMMON_STOCK,電腦及週邊設備,COMPUTER_PERIPHERALS,電腦及週邊設備,散熱片、風扇馬達、散熱模組,,False,HIGH,False,
6834,天二科技,COMMON_STOCK,被動元件,PASSIVE_CONNECTOR,被動元件與連接器,電阻器,,False,HIGH,False,
6835,圓裕,COMMON_STOCK,連接器,PASSIVE_CONNECTOR,被動元件與連接器,連接器設計、組裝及製造,,False,HIGH,False,
6838,台新藥,COMMON_STOCK,醫療器材,MEDICAL_DEVICE,醫療器材,體溫計、血壓計,,False,HIGH,False,
6854,錼創科技-KY創,COMMON_STOCK,創新版股票,OPTOELECTRONICS,光電（面板/觸控/光學）,Micro LED,Micro LED|次世代顯示,False,HIGH,False,錼創科技：Micro LED 磊晶與顯示技術
6861,睿生光電,COMMON_STOCK,醫療器材,MEDICAL_DEVICE,醫療器材,生物檢測,,False,HIGH,False,
6869,雲豹能源-創,COMMON_STOCK,風力發電,WIND_ENERGY,風力發電,風場開發,,False,HIGH,False,
6873,泓德能源-創,COMMON_STOCK,風力發電,WIND_ENERGY,風力發電,風場開發,,False,HIGH,False,
6885,全福生技,COMMON_STOCK,製藥,PHARMACEUTICAL,製藥,原材料,,False,HIGH,False,
6887,寶綠特-KY,COMMON_STOCK,綠能環保,ENVIRONMENTAL_SERVICES,環保工程與資源循環,,,False,HIGH,False,
6890,來億-KY,COMMON_STOCK,運動休閒,SPORTING_GOODS,運動休閒用品,,,False,HIGH,False,
6901,鑽石投資,COMMON_STOCK,其他,INVESTMENT_HOLDING,投資控股,其他,,False,MEDIUM,False,鑽石投資：投資控股公司
6902,GOGOLOOK-創,COMMON_STOCK,創新版股票,SOFTWARE_ECOMMERCE,軟體服務與電子商務,行動應用服務,,False,HIGH,False,GOGOLOOK：Whoscall 來電辨識 App 開發商
6906,現觀科,COMMON_STOCK,大數據,BIG_DATA_CLOUD,大數據與雲端運算,領域解決方案,,False,HIGH,False,
6908,宏碁遊戲-創,COMMON_STOCK,文化創意業,CULTURAL_CREATIVE,文化創意,數位內容產業,,False,HIGH,False,
6909,創控,COMMON_STOCK,半導體,SEMICONDUCTOR,半導體,生產製程及檢測設備,,False,HIGH,False,
6914,阜爾運通,COMMON_STOCK,其他,INVESTMENT_HOLDING,投資控股,其他,,False,LOW,True,阜爾運通：業務內容需人工查證
6916,華凌,COMMON_STOCK,平面顯示器,OPTOELECTRONICS,光電（面板/觸控/光學）,顯示器模組,,False,HIGH,False,
6918,愛派司,COMMON_STOCK,醫療器材,MEDICAL_DEVICE,醫療器材,醫療器材代理,,False,HIGH,False,
6919,康霈*,COMMON_STOCK,製藥,PHARMACEUTICAL,製藥,原材料,,False,HIGH,False,
6923,中台,COMMON_STOCK,其他,ENVIRONMENTAL_SERVICES,環保工程與資源循環,環保工程,,False,MEDIUM,False,中台：環保潔能服務
6924,榮惠-KY創,COMMON_STOCK,創新版股票,DIVERSIFIED_OTHER,其他（待歸類）,,,False,LOW,True,榮惠-KY：業務內容需人工查證
6928,攸泰科技,COMMON_STOCK,電腦及週邊設備,COMPUTER_PERIPHERALS,電腦及週邊設備,工業電腦,,False,HIGH,False,
6931,青松健康,COMMON_STOCK,醫療器材,MEDICAL_DEVICE,醫療器材,醫療院所、醫療器材專賣店、藥局等通路,,False,HIGH,False,
6934,心誠鎂,COMMON_STOCK,醫療器材,MEDICAL_DEVICE,醫療器材,其他,,False,HIGH,False,
6936,永鴻生技,COMMON_STOCK,其他,AGRI_TECH,農業科技,農業科技業,,False,MEDIUM,False,永鴻生技：農業科技相關
6951,青新-創,COMMON_STOCK,其他,ENVIRONMENTAL_SERVICES,環保工程與資源循環,環保工程,,False,MEDIUM,False,青新-創：環保潔能服務
6952,大武山,COMMON_STOCK,其他,AGRI_TECH,農業科技,農業科技業,,False,MEDIUM,False,大武山：農業科技相關
6715,嘉基,COMMON_STOCK,電子工業,SEMICONDUCTOR,半導體,化合物半導體材料,,False,MEDIUM,False,嘉基：碳化矽/氮化鎵基板材料
6666,羅麗芬-KY,COMMON_STOCK,生技醫療業,HOME_APPLIANCE_CONSUMER,家電與民生消費品,美容保養品,,False,MEDIUM,False,羅麗芬-KY：美容保養品牌
6949,沛爾生醫-創,COMMON_STOCK,再生醫療,BIOTECH_MEDICAL,生技醫療,臨床實驗、移植技術、疾病治療,,False,HIGH,False,
6955,邦睿生技-創,COMMON_STOCK,醫療器材,MEDICAL_DEVICE,醫療器材,醫療耗材,,False,HIGH,False,
6957,裕慶-KY,COMMON_STOCK,其他,DIVERSIFIED_OTHER,其他（待歸類）,,,False,LOW,True,裕慶-KY：業務內容需人工查證
6958,日盛台駿,COMMON_STOCK,其他,DIVERSIFIED_OTHER,其他（待歸類）,其他,,False,LOW,True,日盛台駿：業務內容需人工查證
6965,中傑-KY,COMMON_STOCK,運動休閒,SPORTING_GOODS,運動休閒用品,,,False,HIGH,False,
6969,成信實業*-創,COMMON_STOCK,創新版股票,BUILDING_MATERIALS_CONSTRUCTION,建材營造,,,False,LOW,True,成信實業：業務內容需人工查證，暫依常見同名企業推測為營造相關
6988,威力暘-創,COMMON_STOCK,創新版股票,DIVERSIFIED_OTHER,其他（待歸類）,,,False,LOW,True,威力暘：業務內容需人工查證
6994,富威電力,COMMON_STOCK,智慧電網,ELECTRICAL_CABLE,電器電纜與重電,電力零售業,,False,HIGH,False,
7705,三商餐飲,COMMON_STOCK,食品,FOOD,食品,餐飲連鎖,,False,HIGH,False,
7711,永擎,COMMON_STOCK,電腦及週邊設備,COMPUTER_PERIPHERALS,電腦及週邊設備,伺服器,,False,HIGH,False,
7722,LINEPAY,COMMON_STOCK,電子商務,SOFTWARE_ECOMMERCE,軟體服務與電子商務,金流串接處理服務,,False,HIGH,False,
7730,暉盛-創,COMMON_STOCK,印刷電路板,PCB_ELECTRONIC_MATERIALS,印刷電路板與電子材料,生產製程及檢測設備,,False,HIGH,False,
7732,金興精密,COMMON_STOCK,電機機械,ELECTRICAL_MACHINERY,電機機械,車用機械傳動設備及零配件,,False,HIGH,False,
7736,虎山,COMMON_STOCK,電機機械,ELECTRICAL_MACHINERY,電機機械,車用機械傳動設備及零配件,,False,HIGH,False,
7740,熙特爾-創,COMMON_STOCK,智慧電網,DIVERSIFIED_OTHER,其他（待歸類）,能源管理服務,,False,LOW,True,熙特爾-創：業務內容需人工查證
7750,新代,COMMON_STOCK,電機機械,ELECTRICAL_MACHINERY,電機機械,電控元件,,False,HIGH,False,
7765,中華資安,COMMON_STOCK,雲端運算,BIG_DATA_CLOUD,大數據與雲端運算,顧問諮詢,,False,HIGH,False,
7769,鴻勁,COMMON_STOCK,半導體,SEMICONDUCTOR,半導體,生產製程及檢測設備,,False,HIGH,False,
7780,大研生醫*,COMMON_STOCK,食品生技,BIOTECH_MEDICAL,生技醫療,生醫材料,,False,LOW,True,大研生醫：業務內容需人工查證
7786,東方風能,COMMON_STOCK,風力發電,WIND_ENERGY,風力發電,風機維護,,False,HIGH,False,
7788,松川精密,COMMON_STOCK,電機機械,ELECTRICAL_MACHINERY,電機機械,電控元件,,False,HIGH,False,
7791,皇家可口,COMMON_STOCK,食品,FOOD,食品,加工食品,,False,HIGH,False,
7795,長廣,COMMON_STOCK,印刷電路板,PCB_ELECTRONIC_MATERIALS,印刷電路板與電子材料,生產製程及檢測設備,,False,HIGH,False,
7799,禾榮科,COMMON_STOCK,醫療器材,MEDICAL_DEVICE,醫療器材,其他,,False,HIGH,False,
7822,倍利科,COMMON_STOCK,人工智慧,AI,人工智慧,領域解決方案,,False,HIGH,False,
8011,台通,COMMON_STOCK,通信網路,COMMUNICATION_NETWORK,通信網路,線材,,False,HIGH,False,
8016,矽創,COMMON_STOCK,半導體,SEMICONDUCTOR,半導體,電源管理IC,,False,HIGH,False,
8021,尖點,COMMON_STOCK,其他,COMPUTER_PERIPHERALS,電腦及週邊設備,散熱模組,,False,MEDIUM,False,尖點：散熱模組製造
8028,昇陽半導體,COMMON_STOCK,半導體,SEMICONDUCTOR,半導體,晶圓製造,,False,HIGH,False,
8033,雷虎,COMMON_STOCK,其他,HOME_APPLIANCE_CONSUMER,家電與民生消費品,模型玩具/無人機,,False,HIGH,False,雷虎：遙控模型/軍用無人機
8039,台虹,COMMON_STOCK,印刷電路板,PCB_ELECTRONIC_MATERIALS,印刷電路板與電子材料,軟板/FCCL/電子材料,PCB|FCCL|軟板材料|電子材料,False,HIGH,False,台虹：主力為軟性銅箔基板（FCCL）與軟板材料
8045,達運光電,COMMON_STOCK,通信網路,COMMUNICATION_NETWORK,通信網路,光通訊設備(如光纖電纜、光傳輸設備),,False,HIGH,False,
8046,南電,COMMON_STOCK,印刷電路板,PCB_ELECTRONIC_MATERIALS,印刷電路板與電子材料,硬板、軟板、IC載板製造,,False,HIGH,False,
8070,長華*,COMMON_STOCK,平面顯示器,OPTOELECTRONICS,光電（面板/觸控/光學）,驅動IC,,False,HIGH,False,
8072,陞泰,COMMON_STOCK,其他,COMPUTER_PERIPHERALS,電腦及週邊設備,監視器/資安設備,,False,HIGH,False,陞泰：監視器與影像資安設備
8081,致新,COMMON_STOCK,半導體,SEMICONDUCTOR,半導體,電源管理IC,,False,HIGH,False,
8101,華冠,COMMON_STOCK,通信網路,COMMUNICATION_NETWORK,通信網路,無線通訊設備(如行動電話、衛星定位系統、衛星通訊設備、微波通訊設備、數位機上盒),,False,HIGH,False,
8103,瀚荃,COMMON_STOCK,電腦及週邊設備,COMPUTER_PERIPHERALS,電腦及週邊設備,連接線,,False,HIGH,False,
8104,錸寶,COMMON_STOCK,平面顯示器,OPTOELECTRONICS,光電（面板/觸控/光學）,顯示器模組,,False,HIGH,False,
8105,凌巨,COMMON_STOCK,平面顯示器,OPTOELECTRONICS,光電（面板/觸控/光學）,顯示器模組,,False,HIGH,False,
8110,華東,COMMON_STOCK,半導體,SEMICONDUCTOR,半導體,IC封裝測試,,False,HIGH,False,
8112,至上,COMMON_STOCK,半導體,SEMICONDUCTOR,半導體,IC通路,,False,HIGH,False,
8114,振樺電,COMMON_STOCK,電腦及週邊設備,COMPUTER_PERIPHERALS,電腦及週邊設備,其他電腦及週邊設備,,False,HIGH,False,
8131,福懋科,COMMON_STOCK,半導體,SEMICONDUCTOR,半導體,IC模組,,False,HIGH,False,
8150,南茂,COMMON_STOCK,半導體,SEMICONDUCTOR,半導體,IC封裝測試,,False,HIGH,False,
8162,微矽電子-創,COMMON_STOCK,半導體,SEMICONDUCTOR,半導體,IC封裝測試,,False,HIGH,False,
8163,達方,COMMON_STOCK,電腦及週邊設備,COMPUTER_PERIPHERALS,電腦及週邊設備,其他電腦及週邊設備之零組件,,False,HIGH,False,
8201,無敵,COMMON_STOCK,其他,HOME_APPLIANCE_CONSUMER,家電與民生消費品,電子辭典/教育電子,,False,HIGH,False,無敵：電子辭典與教育電子產品
8210,勤誠,COMMON_STOCK,電腦及週邊設備,COMPUTER_PERIPHERALS,電腦及週邊設備,機殼,,False,HIGH,False,
8213,志超,COMMON_STOCK,印刷電路板,PCB_ELECTRONIC_MATERIALS,印刷電路板與電子材料,硬板、軟板、IC載板製造,,False,HIGH,False,
8215,明基材,COMMON_STOCK,電動車輛產業,EV_BATTERY,電動車輛與電池,鋰電池材料,,False,HIGH,False,
8222,寶一,COMMON_STOCK,電機機械,ELECTRICAL_MACHINERY,電機機械,金屬加工處理,,False,HIGH,False,
8249,菱光,COMMON_STOCK,電腦及週邊設備,COMPUTER_PERIPHERALS,電腦及週邊設備,其他電腦及週邊設備之零組件,,False,HIGH,False,
8261,富鼎,COMMON_STOCK,半導體,SEMICONDUCTOR,半導體,電源管理IC,,False,HIGH,False,
8271,宇瞻,COMMON_STOCK,電腦及週邊設備,COMPUTER_PERIPHERALS,電腦及週邊設備,隨身碟、記憶卡讀卡機,,False,HIGH,False,
8341,日友,COMMON_STOCK,其他,ENVIRONMENTAL_SERVICES,環保工程與資源循環,廢棄物處理,,False,HIGH,False,日友：醫療廢棄物處理
8374,羅昇,COMMON_STOCK,雲端運算,BIG_DATA_CLOUD,大數據與雲端運算,顧問諮詢,,False,HIGH,False,
8404,百和興業-KY,COMMON_STOCK,紡織,TEXTILE_FIBER,紡織與人纖,成衣及其它家居紡織類品,,False,HIGH,False,
8422,可寧衛,COMMON_STOCK,其他,ENVIRONMENTAL_SERVICES,環保工程與資源循環,廢棄物處理,,False,HIGH,False,可寧衛：廢棄物處理與資源化
8427,基勝-KY,COMMON_STOCK,其他,BUILDING_MATERIALS_CONSTRUCTION,建材營造,其他,,False,LOW,True,基勝-KY：業務內容需人工查證，暫依常見同名企業推測為營建相關
8429,金麗-KY,COMMON_STOCK,貿易百貨,RETAIL_TRADE,貿易百貨與零售,製造商,,False,HIGH,False,
8438,昶昕,COMMON_STOCK,印刷電路板,PCB_ELECTRONIC_MATERIALS,印刷電路板與電子材料,生產製程及檢測設備,,False,HIGH,False,
8442,威宏-KY,COMMON_STOCK,其他,DIVERSIFIED_OTHER,其他（待歸類）,,,False,LOW,True,威宏-KY：業務內容需人工查證
8443,阿瘦,COMMON_STOCK,貿易百貨,RETAIL_TRADE,貿易百貨與零售,零售通路,,False,HIGH,False,
8454,富邦媒,COMMON_STOCK,貿易百貨,RETAIL_TRADE,貿易百貨與零售,貿易商、代理商、經銷商,,False,HIGH,False,
8464,億豐,COMMON_STOCK,其他,HOME_APPLIANCE_CONSUMER,家電與民生消費品,窗簾/家飾製造,,False,HIGH,False,億豐：窗簾製造大廠
8466,美吉吉-KY,COMMON_STOCK,其他,DIVERSIFIED_OTHER,其他（待歸類）,,,False,LOW,True,美吉吉-KY：業務內容需人工查證
8467,波力-KY,COMMON_STOCK,其他,DIVERSIFIED_OTHER,其他（待歸類）,,,False,LOW,True,波力-KY：業務內容需人工查證
8473,山林水,COMMON_STOCK,其他,ENVIRONMENTAL_SERVICES,環保工程與資源循環,水資源工程,,False,HIGH,False,山林水：水資源與環保工程
8476,台境*,COMMON_STOCK,其他,ENVIRONMENTAL_SERVICES,環保工程與資源循環,環保工程,,False,MEDIUM,False,台境*：環保潔能服務
8478,東哥遊艇,COMMON_STOCK,其他,HOME_APPLIANCE_CONSUMER,家電與民生消費品,遊艇製造,,False,HIGH,False,東哥遊艇：豪華遊艇製造
8480,泰昇-KY,COMMON_STOCK,其他,DIVERSIFIED_OTHER,其他（待歸類）,其他,,False,LOW,True,泰昇-KY：業務內容需人工查證
8482,商億-KY,COMMON_STOCK,其他,DIVERSIFIED_OTHER,其他（待歸類）,,,False,LOW,True,商億-KY：業務內容需人工查證
8488,吉源-KY,COMMON_STOCK,其他,DIVERSIFIED_OTHER,其他（待歸類）,,,False,LOW,True,吉源-KY：業務內容需人工查證
8497,格威傳媒,COMMON_STOCK,其他,CULTURAL_CREATIVE,文化創意,媒體傳播,,False,MEDIUM,False,格威傳媒：媒體/傳播相關
8499,鼎炫-KY,COMMON_STOCK,其他,DIVERSIFIED_OTHER,其他（待歸類）,,,False,LOW,True,鼎炫-KY：業務內容需人工查證
8926,台汽電,COMMON_STOCK,風力發電,WIND_ENERGY,風力發電,風機維護,,False,HIGH,False,
8940,新天地,COMMON_STOCK,食品,FOOD,食品,餐飲連鎖,,False,HIGH,False,
7749,意騰-KY,COMMON_STOCK,半導體業,SEMICONDUCTOR,半導體,,,False,HIGH,False,
6962,奕力-KY,COMMON_STOCK,半導體業,SEMICONDUCTOR,半導體,,,False,HIGH,False,
7823,奧義賽博-KY創,COMMON_STOCK,數位雲端,BIG_DATA_CLOUD,大數據與雲端運算,,,False,HIGH,False,
8996,高力,COMMON_STOCK,電機機械,ELECTRICAL_MACHINERY,電機機械,油空壓元件,,False,HIGH,False,
910069,新曄,DR,存託憑證,DIVERSIFIED_OTHER,其他（待歸類）,,,False,LOW,True,新曄：TDR，業務內容需人工查證
9101,福雷電,DR,存託憑證,DIVERSIFIED_OTHER,其他（待歸類）,,,False,LOW,True,福雷電：TDR，業務內容需人工查證
9102,東亞科,DR,存託憑證,DIVERSIFIED_OTHER,其他（待歸類）,,,False,LOW,True,東亞科：TDR，業務內容需人工查證
9103,美德醫療-DR,DR,存託憑證,MEDICAL_DEVICE,醫療器材,醫療耗材代工,,False,MEDIUM,False,美德醫療-DR：醫療耗材代工
910322,康師傅-DR,DR,存託憑證,FOOD,食品,食品飲料集團,,False,HIGH,False,康師傅-DR：大陸方便麵/飲料集團
9104,萬宇科,DR,存託憑證,DIVERSIFIED_OTHER,其他（待歸類）,,,False,LOW,True,萬宇科：TDR，業務內容需人工查證
910482,聖馬丁-DR,DR,存託憑證,DIVERSIFIED_OTHER,其他（待歸類）,,,False,LOW,True,聖馬丁-DR：TDR，業務內容需人工查證
9105,泰金寶-DR,DR,存託憑證,COMPUTER_PERIPHERALS,電腦及週邊設備,電腦代工,,False,MEDIUM,False,泰金寶-DR：仁寶集團泰國廠，電腦代工
910579,歐聖,DR,存託憑證,DIVERSIFIED_OTHER,其他（待歸類）,,,False,LOW,True,歐聖：TDR，業務內容需人工查證
9106,新焦點-DR,DR,存託憑證,DIVERSIFIED_OTHER,其他（待歸類）,,,False,LOW,True,新焦點-DR：TDR，業務內容需人工查證
910708,恒大健-DR,DR,存託憑證,DIVERSIFIED_OTHER,其他（待歸類）,,,False,LOW,True,恒大健-DR：TDR，業務內容需人工查證
910801,金衛-DR,DR,存託憑證,BIOTECH_MEDICAL,生技醫療,,,False,LOW,True,金衛-DR：TDR，業務內容需人工查證（暫依名稱推測為醫療相關）
910861,神州-DR,DR,存託憑證,DIVERSIFIED_OTHER,其他（待歸類）,,,False,LOW,True,神州-DR：TDR，業務內容需人工查證
910948,融達,DR,存託憑證,DIVERSIFIED_OTHER,其他（待歸類）,,,False,LOW,True,融達：TDR，業務內容需人工查證
9110,越南控-DR,DR,存託憑證,DIVERSIFIED_OTHER,其他（待歸類）,,,False,LOW,True,越南控-DR：TDR，業務內容需人工查證
911201,僑威控,DR,存託憑證,DIVERSIFIED_OTHER,其他（待歸類）,,,False,LOW,True,僑威控：TDR，業務內容需人工查證
911602,華豐泰,DR,存託憑證,DIVERSIFIED_OTHER,其他（待歸類）,,,False,LOW,True,華豐泰：TDR，業務內容需人工查證
911606,超級,DR,存託憑證,DIVERSIFIED_OTHER,其他（待歸類）,,,False,LOW,True,超級：TDR，業務內容需人工查證
911608,明輝-DR,DR,存託憑證,DIVERSIFIED_OTHER,其他（待歸類）,,,False,LOW,True,明輝-DR：TDR，業務內容需人工查證
911609,揚子江,DR,存託憑證,DIVERSIFIED_OTHER,其他（待歸類）,,,False,LOW,True,揚子江：TDR，業務內容需人工查證
911610,聯環,DR,存託憑證,DIVERSIFIED_OTHER,其他（待歸類）,,,False,LOW,True,聯環：TDR，業務內容需人工查證
911611,中泰山-DR,DR,存託憑證,DIVERSIFIED_OTHER,其他（待歸類）,,,False,LOW,True,中泰山-DR：TDR，業務內容需人工查證
911612,滬安,DR,存託憑證,DIVERSIFIED_OTHER,其他（待歸類）,,,False,LOW,True,滬安：TDR，業務內容需人工查證
911616,杜康-DR,DR,存託憑證,DIVERSIFIED_OTHER,其他（待歸類）,,,False,LOW,True,杜康-DR：TDR，業務內容需人工查證
911619,耀傑-DR,DR,存託憑證,DIVERSIFIED_OTHER,其他（待歸類）,,,False,LOW,True,耀傑-DR：TDR，業務內容需人工查證
911622,泰聚亨-DR,DR,存託憑證,DIVERSIFIED_OTHER,其他（待歸類）,,,False,LOW,True,泰聚亨-DR：TDR，業務內容需人工查證
911626,MSH-DR,DR,存託憑證,DIVERSIFIED_OTHER,其他（待歸類）,,,False,LOW,True,MSH-DR：TDR，業務內容需人工查證
911868,同方友友-DR,DR,存託憑證,DIVERSIFIED_OTHER,其他（待歸類）,,,False,LOW,True,同方友友-DR：TDR，業務內容需人工查證
912000,晨訊科-DR,DR,存託憑證,DIVERSIFIED_OTHER,其他（待歸類）,,,False,LOW,True,晨訊科-DR：TDR，業務內容需人工查證
912398,友佳-DR,DR,存託憑證,ELECTRICAL_MACHINERY,電機機械,工具機,,False,MEDIUM,False,友佳-DR：CNC 工具機製造
9136,巨騰-DR,DR,存託憑證,COMPUTER_PERIPHERALS,電腦及週邊設備,筆電機殼,,False,MEDIUM,False,巨騰-DR：筆電機殼代工
913889,大成糖,DR,存託憑證,FOOD,食品,糖業,,False,MEDIUM,False,大成糖：糖業
9151,旺旺,DR,存託憑證,FOOD,食品,食品飲料集團,,False,HIGH,False,旺旺：大陸食品飲料集團（米果/乳品）
9157,陽光能源-DR,DR,存託憑證,SOLAR_ENERGY,太陽能,,,False,MEDIUM,False,陽光能源-DR：太陽能電池
916665,爾必達,DR,存託憑證,SEMICONDUCTOR,半導體,記憶體（歷史掛牌）,,False,MEDIUM,False,爾必達：日本 DRAM 廠 Elpida 舊 TDR 掛牌
9188,精熙-DR,DR,存託憑證,DIVERSIFIED_OTHER,其他（待歸類）,,,False,LOW,True,精熙-DR：TDR，業務內容需人工查證
9801,力霸,COMMON_STOCK,貿易百貨,RETAIL_TRADE,貿易百貨與零售,,,False,HIGH,False,
9802,鈺齊-KY,COMMON_STOCK,其他,HOME_APPLIANCE_CONSUMER,家電與民生消費品,製鞋代工,,False,HIGH,False,鈺齊-KY：運動鞋代工製造
9902,台火,COMMON_STOCK,其他,DIVERSIFIED_OTHER,其他（待歸類）,其他,,False,LOW,True,台火：業務內容需人工查證
9904,寶成,COMMON_STOCK,其他,HOME_APPLIANCE_CONSUMER,家電與民生消費品,製鞋代工,,False,HIGH,False,寶成：全球最大製鞋代工集團
9905,大華,COMMON_STOCK,其他,RETAIL_TRADE,貿易百貨與零售,家用品貿易,,False,LOW,True,大華：業務內容需人工查證
9906,欣巴巴,COMMON_STOCK,建材營造,BUILDING_MATERIALS_CONSTRUCTION,建材營造,建設業,,False,HIGH,False,
9908,大台北,COMMON_STOCK,油電燃氣,ENERGY_UTILITY,能源與公用事業,天然瓦斯供應,,False,HIGH,False,
9910,豐泰,COMMON_STOCK,其他,HOME_APPLIANCE_CONSUMER,家電與民生消費品,製鞋代工,,False,HIGH,False,豐泰：NIKE 主力製鞋代工廠
9911,櫻花,COMMON_STOCK,其他,HOME_APPLIANCE_CONSUMER,家電與民生消費品,廚具家電,,False,HIGH,False,櫻花：廚具/熱水器家電品牌
9912,偉聯,COMMON_STOCK,平面顯示器,OPTOELECTRONICS,光電（面板/觸控/光學）,監視器/顯示器,,False,HIGH,False,
9914,美利達,COMMON_STOCK,電動車輛產業,EV_BATTERY,電動車輛與電池,電動汽車、電動機車、電動自行車,,False,HIGH,False,
9915,億豐,COMMON_STOCK,其他,HOME_APPLIANCE_CONSUMER,家電與民生消費品,窗簾/家飾製造,,False,MEDIUM,False,億豐：窗簾製造（與8464同集團代碼）
9917,中保科,COMMON_STOCK,食品,FOOD,食品,餐飲連鎖,,False,HIGH,False,
9918,欣天然,COMMON_STOCK,油電燃氣,ENERGY_UTILITY,能源與公用事業,天然瓦斯供應,,False,HIGH,False,
9919,康那香,COMMON_STOCK,醫療器材,MEDICAL_DEVICE,醫療器材,醫療耗材,,False,HIGH,False,
9921,巨大,COMMON_STOCK,休閒娛樂,LEISURE_TOURISM,休閒觀光與娛樂,休閒車業,,False,HIGH,False,
9922,優美,COMMON_STOCK,其他,SECURITY_SERVICES,保全服務,保全服務,,False,MEDIUM,False,優美：保全服務
9924,福興,COMMON_STOCK,鋼鐵,STEEL,鋼鐵,金屬製品,,False,HIGH,False,
9925,新保,COMMON_STOCK,其他,SECURITY_SERVICES,保全服務,保全服務,,False,HIGH,False,新保：新光保全，保全服務大廠
9926,新海,COMMON_STOCK,油電燃氣,ENERGY_UTILITY,能源與公用事業,天然瓦斯供應,,False,HIGH,False,
9927,泰銘,COMMON_STOCK,其他,HOME_APPLIANCE_CONSUMER,家電與民生消費品,其他,,False,LOW,True,泰銘：業務內容需人工查證
9929,秋雨,COMMON_STOCK,其他,CULTURAL_CREATIVE,文化創意,印刷/包裝,,False,HIGH,False,秋雨：印刷/彩色印刷包裝
9930,中聯資源,COMMON_STOCK,其他,ENVIRONMENTAL_SERVICES,環保工程與資源循環,資源回收再生,,False,HIGH,False,中聯資源：轉爐石資源化再生
9931,欣高,COMMON_STOCK,油電燃氣,ENERGY_UTILITY,能源與公用事業,天然瓦斯供應,,False,HIGH,False,
9933,中鼎,COMMON_STOCK,汽電共生,ENERGY_UTILITY,能源與公用事業,營造設置,,False,HIGH,False,
9934,成霖,COMMON_STOCK,其他,HOME_APPLIANCE_CONSUMER,家電與民生消費品,衛浴五金,,False,HIGH,False,成霖：衛浴五金製造
9935,慶豐富,COMMON_STOCK,其他,TEXTILE_FIBER,紡織與人纖,成衣代工,,False,MEDIUM,False,慶豐富：成衣代工
9937,全國,COMMON_STOCK,油電燃氣,ENERGY_UTILITY,能源與公用事業,加油站,,False,HIGH,False,
9938,百和,COMMON_STOCK,其他,TEXTILE_FIBER,紡織與人纖,織帶/尼龍拉鍊,,False,HIGH,False,百和：織帶/尼龍拉鍊製造
9939,宏全,COMMON_STOCK,石化及塑橡膠,PETROCHEMICAL,石化,塑膠製品,,False,HIGH,False,
9940,信義,COMMON_STOCK,其他,BUILDING_MATERIALS_CONSTRUCTION,建材營造,建設開發,,False,HIGH,False,信義：信義房屋仲介
9941,裕融,COMMON_STOCK,其他,FINANCIAL,金融,租賃與消費金融,,True,HIGH,False,裕融：中租集團旗下汽車貸款
9942,茂順,COMMON_STOCK,汽車,AUTOMOTIVE,汽車與零組件,其他,,False,HIGH,False,
9943,好樂迪,COMMON_STOCK,休閒娛樂,LEISURE_TOURISM,休閒觀光與娛樂,娛樂服務業,,False,HIGH,False,
9945,潤泰新,COMMON_STOCK,建材營造,BUILDING_MATERIALS_CONSTRUCTION,建材營造,裝潢業,,False,HIGH,False,
9946,三發地產,COMMON_STOCK,貿易百貨,RETAIL_TRADE,貿易百貨與零售,零售通路,,False,HIGH,False,
9955,佳龍,COMMON_STOCK,其他,ENVIRONMENTAL_SERVICES,環保工程與資源循環,廢棄物處理,,False,HIGH,False,佳龍：廢棄物處理與再利用
9958,世紀鋼,COMMON_STOCK,風力發電,WIND_ENERGY,風力發電,電纜,,False,HIGH,False,
Automobile,汽車類指數,INDEX_BENCHMARK,Index,,,,,False,,False,非真實證券（指數/大盤佔位列），不列入分類統計
BiotechnologyMedicalCare,生技醫療類指數,INDEX_BENCHMARK,Index,,,,,False,,False,非真實證券（指數/大盤佔位列），不列入分類統計
BuildingMaterialConstruction,建材營造類指數,INDEX_BENCHMARK,Index,,,,,False,,False,非真實證券（指數/大盤佔位列），不列入分類統計
Cement,水泥類指數,INDEX_BENCHMARK,Index,,,,,False,,False,非真實證券（指數/大盤佔位列），不列入分類統計
Chemical,化學類指數,INDEX_BENCHMARK,Index,,,,,False,,False,非真實證券（指數/大盤佔位列），不列入分類統計
ChemicalBiotechnologyMedicalCare,化學生技醫療類指數,INDEX_BENCHMARK,Index,,,,,False,,False,非真實證券（指數/大盤佔位列），不列入分類統計
CommunicationsInternet,通信網路類指數,INDEX_BENCHMARK,Index,,,,,False,,False,非真實證券（指數/大盤佔位列），不列入分類統計
ComputerPeripheralEquipment,電腦及週邊設備類指數,INDEX_BENCHMARK,Index,,,,,False,,False,非真實證券（指數/大盤佔位列），不列入分類統計
ElectricMachinery,電機機械類指數,INDEX_BENCHMARK,Index,,,,,False,,False,非真實證券（指數/大盤佔位列），不列入分類統計
ElectricalCable,電器電纜類指數,INDEX_BENCHMARK,Index,,,,,False,,False,非真實證券（指數/大盤佔位列），不列入分類統計
Electronic,電子類指數,INDEX_BENCHMARK,Index,,,,,False,,False,非真實證券（指數/大盤佔位列），不列入分類統計
ElectronicPartsComponents,電子零組件類指數,INDEX_BENCHMARK,Index,,,,,False,,False,非真實證券（指數/大盤佔位列），不列入分類統計
ElectronicProductsDistribution,電子通路類指數,INDEX_BENCHMARK,Index,,,,,False,,False,非真實證券（指數/大盤佔位列），不列入分類統計
FinancialInsurance,金融保險類指數,INDEX_BENCHMARK,Index,,,,,False,,False,非真實證券（指數/大盤佔位列），不列入分類統計
Food,食品類指數,INDEX_BENCHMARK,Index,,,,,False,,False,非真實證券（指數/大盤佔位列），不列入分類統計
GlassCeramic,玻璃陶瓷類指數,INDEX_BENCHMARK,Index,,,,,False,,False,非真實證券（指數/大盤佔位列），不列入分類統計
InformationService,資訊服務類指數,INDEX_BENCHMARK,Index,,,,,False,,False,非真實證券（指數/大盤佔位列），不列入分類統計
IronSteel,鋼鐵類指數,INDEX_BENCHMARK,Index,,,,,False,,False,非真實證券（指數/大盤佔位列），不列入分類統計
OilGasElectricity,油電燃氣類指數,INDEX_BENCHMARK,Index,,,,,False,,False,非真實證券（指數/大盤佔位列），不列入分類統計
Optoelectronic,光電類指數,INDEX_BENCHMARK,Index,,,,,False,,False,非真實證券（指數/大盤佔位列），不列入分類統計
Other,其他類指數,INDEX_BENCHMARK,Index,,,,,False,,False,非真實證券（指數/大盤佔位列），不列入分類統計
OtherElectronic,其他電子類指數,INDEX_BENCHMARK,Index,,,,,False,,False,非真實證券（指數/大盤佔位列），不列入分類統計
PaperPulp,造紙類指數,INDEX_BENCHMARK,Index,,,,,False,,False,非真實證券（指數/大盤佔位列），不列入分類統計
Plastics,塑膠類指數,INDEX_BENCHMARK,Index,,,,,False,,False,非真實證券（指數/大盤佔位列），不列入分類統計
Rubber,橡膠類指數,INDEX_BENCHMARK,Index,,,,,False,,False,非真實證券（指數/大盤佔位列），不列入分類統計
Semiconductor,半導體類指數,INDEX_BENCHMARK,Index,,,,,False,,False,非真實證券（指數/大盤佔位列），不列入分類統計
ShippingTransportation,航運業類指數,INDEX_BENCHMARK,Index,,,,,False,,False,非真實證券（指數/大盤佔位列），不列入分類統計
TAIEX,加權指數,INDEX_BENCHMARK,大盤,,,,,False,,False,非真實證券（指數/大盤佔位列），不列入分類統計
Textiles,紡織纖維類指數,INDEX_BENCHMARK,Index,,,,,False,,False,非真實證券（指數/大盤佔位列），不列入分類統計
Tourism,觀光事業類指數,INDEX_BENCHMARK,Index,,,,,False,,False,非真實證券（指數/大盤佔位列），不列入分類統計
TradingConsumersGoods,貿易百貨類指數,INDEX_BENCHMARK,Index,,,,,False,,False,非真實證券（指數/大盤佔位列），不列入分類統計
7821,神數,COMMON_STOCK,汽車,AUTOMOTIVE,汽車與零組件,其他,,False,HIGH,False,
