period,strategy,strategy_version,trade_date,stock_id,stock_name,action,action_reason,scheduled_execution_date,actual_position_return_pct,momentum_score,p4_decision,p3_selected_today,hit_count,episode_price_return_pct,episode_low_return_pct,continuation_evidence_count,continuation_phase,continuation_rank,profit_protection
history_2026-08-01_2026-09-07,profit_protection,PROFIT_PROTECTION_202610,2026-08-03,2357,華碩,WATCH,未持有，今日未觸發進場條件,,,,,False,3,5.13157894736842,3.421052631578947,0,,,
history_2026-08-01_2026-09-07,profit_protection,PROFIT_PROTECTION_202610,2026-08-03,3706,神達,WATCH,未持有，今日未觸發進場條件,,,52.8,CAUTION,False,2,-1.9715224534501585,-5.476451259583792,0,,,
history_2026-08-01_2026-09-07,profit_protection,PROFIT_PROTECTION_202610,2026-08-03,6214,精誠,WATCH,未持有，今日未觸發進場條件,,,86.8,CAUTION,True,4,-3.57142857142857,-4.870129870129869,7,,,
history_2026-08-01_2026-09-07,profit_protection,PROFIT_PROTECTION_202610,2026-08-03,6863,永道-KY,WATCH,未持有，今日未觸發進場條件,,,81.6,CAUTION,False,4,10.288065843621407,6.584362139917688,0,,,
history_2026-08-01_2026-09-07,profit_protection,PROFIT_PROTECTION_202610,2026-08-03,8271,宇瞻,WATCH,未持有，今日未觸發進場條件,,,,,False,5,0.6880733944954143,-0.4587155963302725,0,,,
history_2026-08-01_2026-09-07,profit_protection,PROFIT_PROTECTION_202610,2026-08-04,2357,華碩,WATCH,未持有，今日未觸發進場條件,,,88.9,,True,4,6.052631578947376,2.763157894736845,7,,,
history_2026-08-01_2026-09-07,profit_protection,PROFIT_PROTECTION_202610,2026-08-04,3665,貿聯-KY,WATCH,未持有，今日未觸發進場條件,,,72.0,,True,1,0.0,-8.478260869565213,7,,,
history_2026-08-01_2026-09-07,profit_protection,PROFIT_PROTECTION_202610,2026-08-04,3706,神達,WATCH,未持有，今日未觸發進場條件,,,74.9,CAUTION,False,2,0.0,-2.8477546549835697,0,,,
history_2026-08-01_2026-09-07,profit_protection,PROFIT_PROTECTION_202610,2026-08-04,6863,永道-KY,WATCH,未持有，今日未觸發進場條件,,,82.2,CAUTION,True,5,10.288065843621407,9.053497942386834,7,,,
history_2026-08-01_2026-09-07,profit_protection,PROFIT_PROTECTION_202610,2026-08-04,8271,宇瞻,WATCH,未持有，今日未觸發進場條件,,,,,False,5,2.752293577981657,-2.2935779816513735,0,,,
history_2026-08-01_2026-09-07,profit_protection,PROFIT_PROTECTION_202610,2026-08-05,3706,神達,WATCH,未持有，今日未觸發進場條件,,,76.1,CAUTION,False,2,0.657174151150075,0.5476451259583737,0,,,
history_2026-08-01_2026-09-07,profit_protection,PROFIT_PROTECTION_202610,2026-08-05,8271,宇瞻,WATCH,未持有，今日未觸發進場條件,,,,,False,5,4.128440366972486,3.2110091743119185,0,,,
history_2026-08-01_2026-09-07,profit_protection,PROFIT_PROTECTION_202610,2026-08-06,1590,亞德客-KY,WATCH,未持有，今日未觸發進場條件,,,86.0,,True,1,0.0,-4.487179487179482,7,,,
history_2026-08-01_2026-09-07,profit_protection,PROFIT_PROTECTION_202610,2026-08-06,2383,台光電,WATCH,未持有，今日未觸發進場條件,,,73.9,,True,1,0.0,-3.7700282752120673,7,,,
history_2026-08-01_2026-09-07,profit_protection,PROFIT_PROTECTION_202610,2026-08-06,3006,晶豪科,WATCH,未持有，今日未觸發進場條件,,,75.7,,True,1,0.0,-7.36434108527132,7,,,
history_2026-08-01_2026-09-07,profit_protection,PROFIT_PROTECTION_202610,2026-08-06,3037,欣興,WATCH,未持有，今日未觸發進場條件,,,73.9,,True,1,0.0,-4.624871531346352,7,,,
history_2026-08-01_2026-09-07,profit_protection,PROFIT_PROTECTION_202610,2026-08-06,3706,神達,WATCH,未持有，今日未觸發進場條件,,,78.8,CAUTION,True,3,1.7524644030668224,0.5476451259583737,6,,,
history_2026-08-01_2026-09-07,profit_protection,PROFIT_PROTECTION_202610,2026-08-06,6491,晶碩,WATCH,未持有，今日未觸發進場條件,,,83.6,,True,1,0.0,-2.638522427440637,7,,,
history_2026-08-01_2026-09-07,profit_protection,PROFIT_PROTECTION_202610,2026-08-06,8271,宇瞻,WATCH,未持有，今日未觸發進場條件,,,82.3,,True,6,13.30275229357798,1.6055045871559592,7,,,
history_2026-08-01_2026-09-07,profit_protection,PROFIT_PROTECTION_202610,2026-08-07,2006,東和鋼鐵,WATCH,未持有，今日未觸發進場條件,,,90.5,,True,1,0.0,-3.6158192090395502,7,,,
history_2026-08-01_2026-09-07,profit_protection,PROFIT_PROTECTION_202610,2026-08-07,2014,中鴻,WATCH,未持有，今日未觸發進場條件,,,72.4,,True,1,0.0,-3.116147308781858,6,,,
history_2026-08-01_2026-09-07,profit_protection,PROFIT_PROTECTION_202610,2026-08-07,2049,上銀,WATCH,未持有，今日未觸發進場條件,,,74.9,,True,1,0.0,-4.9095607235142165,6,,,
history_2026-08-01_2026-09-07,profit_protection,PROFIT_PROTECTION_202610,2026-08-07,2301,光寶科,WATCH,未持有，今日未觸發進場條件,,,84.2,,True,1,0.0,-1.2145748987854255,6,,,
history_2026-08-01_2026-09-07,profit_protection,PROFIT_PROTECTION_202610,2026-08-07,2362,藍天,WATCH,未持有，今日未觸發進場條件,,,85.5,CAUTION,True,1,0.0,-2.17821782178218,7,,,
history_2026-08-01_2026-09-07,profit_protection,PROFIT_PROTECTION_202610,2026-08-07,2395,研華,WATCH,未持有，今日未觸發進場條件,,,89.2,,True,1,0.0,-2.8391167192429068,7,,,
history_2026-08-01_2026-09-07,profit_protection,PROFIT_PROTECTION_202610,2026-08-07,2408,南亞科,WATCH,未持有，今日未觸發進場條件,,,84.9,CAUTION,True,1,0.0,-2.6258205689277947,6,,,
history_2026-08-01_2026-09-07,profit_protection,PROFIT_PROTECTION_202610,2026-08-07,2451,創見,WATCH,未持有，今日未觸發進場條件,,,79.1,,True,1,0.0,-1.851851851851849,7,,,
history_2026-08-01_2026-09-07,profit_protection,PROFIT_PROTECTION_202610,2026-08-07,2605,新興,WATCH,未持有，今日未觸發進場條件,,,66.7,,True,1,0.0,-2.304147465437778,7,,,
history_2026-08-01_2026-09-07,profit_protection,PROFIT_PROTECTION_202610,2026-08-07,2618,長榮航,WATCH,未持有，今日未觸發進場條件,,,78.8,CAUTION,True,1,0.0,-3.603603603603611,7,,,
history_2026-08-01_2026-09-07,profit_protection,PROFIT_PROTECTION_202610,2026-08-07,3022,威強電,WATCH,未持有，今日未觸發進場條件,,,86.8,,True,1,0.0,-2.9126213592232997,7,,,
history_2026-08-01_2026-09-07,profit_protection,PROFIT_PROTECTION_202610,2026-08-07,3231,緯創,WATCH,未持有，今日未觸發進場條件,,,84.8,,True,1,0.0,-1.6348773841961872,7,,,
history_2026-08-01_2026-09-07,profit_protection,PROFIT_PROTECTION_202610,2026-08-07,3605,宏致,WATCH,未持有，今日未觸發進場條件,,,80.4,,True,1,0.0,-2.7906976744186074,7,,,
history_2026-08-01_2026-09-07,profit_protection,PROFIT_PROTECTION_202610,2026-08-07,6177,達麗,WATCH,未持有，今日未觸發進場條件,,,81.2,,True,1,0.0,-1.741803278688514,7,,,
history_2026-08-01_2026-09-07,profit_protection,PROFIT_PROTECTION_202610,2026-08-07,6213,聯茂,WATCH,未持有，今日未觸發進場條件,,,75.6,,True,1,0.0,-5.9125964010282805,5,,,
history_2026-08-01_2026-09-07,profit_protection,PROFIT_PROTECTION_202610,2026-08-07,6533,晶心科,WATCH,未持有，今日未觸發進場條件,,,79.7,CAUTION,True,1,0.0,-11.1328125,7,,,
history_2026-08-01_2026-09-07,profit_protection,PROFIT_PROTECTION_202610,2026-08-07,6669,緯穎,WATCH,未持有，今日未觸發進場條件,,,85.0,,True,1,0.0,-1.2295081967213073,7,,,
history_2026-08-01_2026-09-07,profit_protection,PROFIT_PROTECTION_202610,2026-08-07,7711,永擎,WATCH,未持有，今日未觸發進場條件,,,55.0,,True,1,0.0,-1.200000000000001,4,,,
history_2026-08-01_2026-09-07,profit_protection,PROFIT_PROTECTION_202610,2026-08-07,8454,富邦媒,WATCH,未持有，今日未觸發進場條件,,,73.9,,True,1,0.0,-7.936507936507942,7,,,
history_2026-08-01_2026-09-07,profit_protection,PROFIT_PROTECTION_202610,2026-08-07,9921,巨大,WATCH,未持有，今日未觸發進場條件,,,87.6,,True,1,0.0,-2.5974025974025983,7,,,
history_2026-08-01_2026-09-07,profit_protection,PROFIT_PROTECTION_202610,2026-08-10,2006,東和鋼鐵,WATCH,未持有，今日未觸發進場條件,,,,,False,3,-2.9378531073446235,-3.6158192090395502,0,,,
history_2026-08-01_2026-09-07,profit_protection,PROFIT_PROTECTION_202610,2026-08-10,2014,中鴻,WATCH,未持有，今日未觸發進場條件,,,73.7,CAUTION,False,2,1.6997167138810276,-1.4164305949008527,0,,,
history_2026-08-01_2026-09-07,profit_protection,PROFIT_PROTECTION_202610,2026-08-10,2027,大成鋼,WATCH,未持有，今日未觸發進場條件,,,,,False,1,,,0,,,
history_2026-08-01_2026-09-07,profit_protection,PROFIT_PROTECTION_202610,2026-08-10,2030,彰源,WATCH,未持有，今日未觸發進場條件,,,86.7,,True,1,0.0,-1.4669926650366816,7,,,
history_2026-08-01_2026-09-07,profit_protection,PROFIT_PROTECTION_202610,2026-08-10,2031,新光鋼,WATCH,未持有，今日未觸發進場條件,,,88.2,CAUTION,False,1,,,0,,,
history_2026-08-01_2026-09-07,profit_protection,PROFIT_PROTECTION_202610,2026-08-10,2049,上銀,WATCH,未持有，今日未觸發進場條件,,,74.6,CAUTION,True,4,0.0,-5.68475452196382,7,,,
history_2026-08-01_2026-09-07,profit_protection,PROFIT_PROTECTION_202610,2026-08-10,2059,川湖,BUY,CONTINUATION_BREAKOUT_SURGE,2026-08-11,,82.4,,True,1,0.0,-2.645947081058375,7,D1_STARTER,1,
history_2026-08-01_2026-09-07,profit_protection,PROFIT_PROTECTION_202610,2026-08-10,2103,台橡,WATCH,未持有，今日未觸發進場條件,,,82.5,,True,1,0.0,-2.5454545454545396,7,,,
history_2026-08-01_2026-09-07,profit_protection,PROFIT_PROTECTION_202610,2026-08-10,2301,光寶科,WATCH,未持有，今日未觸發進場條件,,,84.6,,True,3,9.919028340080981,3.238866396761142,7,,,
history_2026-08-01_2026-09-07,profit_protection,PROFIT_PROTECTION_202610,2026-08-10,2359,所羅門,WATCH,未持有，今日未觸發進場條件,,,80.2,CAUTION,False,1,,,0,,,
history_2026-08-01_2026-09-07,profit_protection,PROFIT_PROTECTION_202610,2026-08-10,2362,藍天,WATCH,未持有，今日未觸發進場條件,,,61.9,STOP_OBSERVING,False,1,-7.326732673267333,-8.910891089108908,0,,,
history_2026-08-01_2026-09-07,profit_protection,PROFIT_PROTECTION_202610,2026-08-10,2395,研華,WATCH,未持有，今日未觸發進場條件,,,91.3,CAUTION,False,1,5.205047318611977,2.208201892744488,0,,,
history_2026-08-01_2026-09-07,profit_protection,PROFIT_PROTECTION_202610,2026-08-10,2408,南亞科,WATCH,未持有，今日未觸發進場條件,,,86.2,CAUTION,False,1,9.84682713347922,3.5010940919037115,0,,,
history_2026-08-01_2026-09-07,profit_protection,PROFIT_PROTECTION_202610,2026-08-10,2436,偉詮電,WATCH,未持有，今日未觸發進場條件,,,79.2,,True,1,0.0,-3.857566765578646,7,,,
history_2026-08-01_2026-09-07,profit_protection,PROFIT_PROTECTION_202610,2026-08-10,2451,創見,WATCH,未持有，今日未觸發進場條件,,,,,False,1,-0.5050505050505083,-1.683501683501687,0,,,
history_2026-08-01_2026-09-07,profit_protection,PROFIT_PROTECTION_202610,2026-08-10,2605,新興,WATCH,未持有，今日未觸發進場條件,,,,,False,1,1.6897081413210557,0.0,0,,,
history_2026-08-01_2026-09-07,profit_protection,PROFIT_PROTECTION_202610,2026-08-10,2606,裕民,WATCH,未持有，今日未觸發進場條件,,,,,False,2,,,0,,,
history_2026-08-01_2026-09-07,profit_protection,PROFIT_PROTECTION_202610,2026-08-10,2615,萬海,BUY,CONTINUATION_BREAKOUT_CONFIRMED,2026-08-11,,74.0,,True,1,0.0,-1.6000000000000014,7,D1_STARTER,3,
history_2026-08-01_2026-09-07,profit_protection,PROFIT_PROTECTION_202610,2026-08-10,2618,長榮航,WATCH,未持有，今日未觸發進場條件,,,,,False,3,-3.94144144144144,-6.531531531531531,0,,,
history_2026-08-01_2026-09-07,profit_protection,PROFIT_PROTECTION_202610,2026-08-10,3017,奇鋐,WATCH,未持有，今日未觸發進場條件,,,73.6,STOP_OBSERVING,False,1,,,0,,,
history_2026-08-01_2026-09-07,profit_protection,PROFIT_PROTECTION_202610,2026-08-10,3022,威強電,WATCH,未持有，今日未觸發進場條件,,,,,False,2,9.708737864077666,-0.9708737864077666,0,,,
history_2026-08-01_2026-09-07,profit_protection,PROFIT_PROTECTION_202610,2026-08-10,3231,緯創,WATCH,未持有，今日未觸發進場條件,,,86.2,,True,4,5.177111716621252,0.5449591280654031,7,,,
history_2026-08-01_2026-09-07,profit_protection,PROFIT_PROTECTION_202610,2026-08-10,3605,宏致,WATCH,未持有，今日未觸發進場條件,,,79.5,CAUTION,False,2,1.3953488372093092,-4.1860465116279055,0,,,
history_2026-08-01_2026-09-07,profit_protection,PROFIT_PROTECTION_202610,2026-08-10,4566,時碩工業,WATCH,未持有，今日未觸發進場條件,,,,,False,2,,,0,,,
history_2026-08-01_2026-09-07,profit_protection,PROFIT_PROTECTION_202610,2026-08-10,4967,十銓,WATCH,未持有，今日未觸發進場條件,,,79.8,CAUTION,False,1,,,0,,,
history_2026-08-01_2026-09-07,profit_protection,PROFIT_PROTECTION_202610,2026-08-10,6177,達麗,WATCH,未持有，今日未觸發進場條件,,,68.2,CAUTION,False,2,-0.6147540983606481,-1.741803278688514,0,,,
history_2026-08-01_2026-09-07,profit_protection,PROFIT_PROTECTION_202610,2026-08-10,6206,飛捷,WATCH,未持有，今日未觸發進場條件,,,85.1,CAUTION,True,2,,,7,,,
history_2026-08-01_2026-09-07,profit_protection,PROFIT_PROTECTION_202610,2026-08-10,6213,聯茂,WATCH,未持有，今日未觸發進場條件,,,85.8,CAUTION,False,1,9.89717223650386,8.483290488431884,0,,,
history_2026-08-01_2026-09-07,profit_protection,PROFIT_PROTECTION_202610,2026-08-10,6533,晶心科,WATCH,未持有，今日未觸發進場條件,,,,,False,3,-2.34375,-2.734375,0,,,
history_2026-08-01_2026-09-07,profit_protection,PROFIT_PROTECTION_202610,2026-08-10,6669,緯穎,WATCH,未持有，今日未觸發進場條件,,,,,False,2,-1.4754098360655776,-1.80327868852459,0,,,
history_2026-08-01_2026-09-07,profit_protection,PROFIT_PROTECTION_202610,2026-08-10,6805,富世達,BUY,CONTINUATION_EARLY_REACCEL,2026-08-11,,78.6,,True,1,0.0,-4.273504273504269,7,D1_STARTER,2,
history_2026-08-01_2026-09-07,profit_protection,PROFIT_PROTECTION_202610,2026-08-10,7711,永擎,WATCH,未持有，今日未觸發進場條件,,,69.7,CAUTION,False,2,8.000000000000007,0.2666666666666595,0,,,
history_2026-08-01_2026-09-07,profit_protection,PROFIT_PROTECTION_202610,2026-08-10,7740,熙特爾-創,WATCH,未持有，今日未觸發進場條件,,,78.4,,True,1,0.0,-9.6045197740113,7,,,
history_2026-08-01_2026-09-07,profit_protection,PROFIT_PROTECTION_202610,2026-08-10,8454,富邦媒,WATCH,未持有，今日未觸發進場條件,,,62.3,STOP_OBSERVING,False,3,-3.1746031746031744,-3.880070546737213,0,,,
history_2026-08-01_2026-09-07,profit_protection,PROFIT_PROTECTION_202610,2026-08-10,9921,巨大,WATCH,未持有，今日未觸發進場條件,,,84.6,CAUTION,False,2,9.84848484848484,8.766233766233755,0,,,
history_2026-08-01_2026-09-07,profit_protection,PROFIT_PROTECTION_202610,2026-08-10,9939,宏全,WATCH,未持有，今日未觸發進場條件,,,82.0,CAUTION,False,1,,,0,,,
history_2026-08-01_2026-09-07,profit_protection,PROFIT_PROTECTION_202610,2026-08-11,1736,喬山,WATCH,未持有，今日未觸發進場條件,,,89.8,,True,1,0.0,-5.517241379310345,7,,,
history_2026-08-01_2026-09-07,profit_protection,PROFIT_PROTECTION_202610,2026-08-11,2002,中鋼,WATCH,未持有，今日未觸發進場條件,,,82.5,,True,1,0.0,-1.0126582278480956,5,,,
history_2026-08-01_2026-09-07,profit_protection,PROFIT_PROTECTION_202610,2026-08-11,2006,東和鋼鐵,WATCH,未持有，今日未觸發進場條件,,,81.9,,True,4,-3.3898305084745783,-4.971751412429382,4,,,
history_2026-08-01_2026-09-07,profit_protection,PROFIT_PROTECTION_202610,2026-08-11,2014,中鴻,WATCH,未持有，今日未觸發進場條件,,,69.8,CAUTION,False,2,0.0,-1.6997167138810054,0,,,
history_2026-08-01_2026-09-07,profit_protection,PROFIT_PROTECTION_202610,2026-08-11,2027,大成鋼,WATCH,未持有，今日未觸發進場條件,,,,,False,1,,,0,,,
history_2026-08-01_2026-09-07,profit_protection,PROFIT_PROTECTION_202610,2026-08-11,2030,彰源,WATCH,未持有，今日未觸發進場條件,,,77.9,CAUTION,False,1,3.4229828850855792,0.9779951100244544,0,,,
history_2026-08-01_2026-09-07,profit_protection,PROFIT_PROTECTION_202610,2026-08-11,2031,新光鋼,WATCH,未持有，今日未觸發進場條件,,,85.6,CAUTION,False,1,,,0,,,
history_2026-08-01_2026-09-07,profit_protection,PROFIT_PROTECTION_202610,2026-08-11,2049,上銀,WATCH,未持有，今日未觸發進場條件,,,66.0,STOP_OBSERVING,False,4,-4.9095607235142165,-6.976744186046513,0,,,
history_2026-08-01_2026-09-07,profit_protection,PROFIT_PROTECTION_202610,2026-08-11,2059,川湖,HOLD,持有中，今日未觸發出場/確認條件,,-1.7942583732057371,86.6,CAUTION,False,1,3.4439311213775747,-2.43595128097438,0,CONFIRMED,,
history_2026-08-01_2026-09-07,profit_protection,PROFIT_PROTECTION_202610,2026-08-11,2103,台橡,WATCH,未持有，今日未觸發進場條件,,,85.3,CAUTION,False,1,4.181818181818175,0.0,0,,,
history_2026-08-01_2026-09-07,profit_protection,PROFIT_PROTECTION_202610,2026-08-11,2301,光寶科,WATCH,未持有，今日未觸發進場條件,,,,,False,3,8.704453441295556,4.6558704453441235,0,,,
history_2026-08-01_2026-09-07,profit_protection,PROFIT_PROTECTION_202610,2026-08-11,2317,鴻海,WATCH,未持有，今日未觸發進場條件,,,75.4,,True,1,0.0,-0.9505703422053258,5,,,
history_2026-08-01_2026-09-07,profit_protection,PROFIT_PROTECTION_202610,2026-08-11,2330,台積電,WATCH,未持有，今日未觸發進場條件,,,60.9,,True,1,0.0,-0.8350730688935326,6,,,
history_2026-08-01_2026-09-07,profit_protection,PROFIT_PROTECTION_202610,2026-08-11,2357,華碩,WATCH,未持有，今日未觸發進場條件,,,83.8,,True,1,0.0,-3.218116805721094,7,,,
history_2026-08-01_2026-09-07,profit_protection,PROFIT_PROTECTION_202610,2026-08-11,2359,所羅門,WATCH,未持有，今日未觸發進場條件,,,60.0,STOP_OBSERVING,False,1,,,0,,,
history_2026-08-01_2026-09-07,profit_protection,PROFIT_PROTECTION_202610,2026-08-11,2362,藍天,WATCH,未持有，今日未觸發進場條件,,,,,False,1,-6.336633663366342,-9.702970297029701,0,,,
history_2026-08-01_2026-09-07,profit_protection,PROFIT_PROTECTION_202610,2026-08-11,2383,台光電,WATCH,未持有，今日未觸發進場條件,,,83.3,,True,1,0.0,-5.329719963866308,6,,,
history_2026-08-01_2026-09-07,profit_protection,PROFIT_PROTECTION_202610,2026-08-11,2395,研華,WATCH,未持有，今日未觸發進場條件,,,85.9,CAUTION,True,2,4.258675078864349,1.577287066246047,7,,,
history_2026-08-01_2026-09-07,profit_protection,PROFIT_PROTECTION_202610,2026-08-11,2408,南亞科,WATCH,未持有，今日未觸發進場條件,,,89.4,CAUTION,False,1,7.002188183807445,3.719912472647713,0,,,
history_2026-08-01_2026-09-07,profit_protection,PROFIT_PROTECTION_202610,2026-08-11,2436,偉詮電,WATCH,未持有，今日未觸發進場條件,,,82.0,CAUTION,False,1,-0.5934718100890302,-1.7804154302670683,0,,,
history_2026-08-01_2026-09-07,profit_protection,PROFIT_PROTECTION_202610,2026-08-11,2451,創見,WATCH,未持有，今日未觸發進場條件,,,,,False,1,-3.703703703703709,-4.377104377104379,0,,,
history_2026-08-01_2026-09-07,profit_protection,PROFIT_PROTECTION_202610,2026-08-11,2454,聯發科,WATCH,未持有，今日未觸發進場條件,,,76.2,,True,1,0.0,-5.223880597014929,7,,,
history_2026-08-01_2026-09-07,profit_protection,PROFIT_PROTECTION_202610,2026-08-11,2464,盟立,WATCH,未持有，今日未觸發進場條件,,,80.6,,True,1,0.0,-6.133333333333335,7,,,
history_2026-08-01_2026-09-07,profit_protection,PROFIT_PROTECTION_202610,2026-08-11,2603,長榮,WATCH,未持有，今日未觸發進場條件,,,74.0,,True,1,0.0,-2.064220183486243,7,,,
history_2026-08-01_2026-09-07,profit_protection,PROFIT_PROTECTION_202610,2026-08-11,2605,新興,WATCH,未持有，今日未觸發進場條件,,,,,False,1,0.6144393241167556,-0.1536098310291778,0,,,
history_2026-08-01_2026-09-07,profit_protection,PROFIT_PROTECTION_202610,2026-08-11,2606,裕民,WATCH,未持有，今日未觸發進場條件,,,,,False,2,,,0,,,
history_2026-08-01_2026-09-07,profit_protection,PROFIT_PROTECTION_202610,2026-08-11,2615,萬海,HOLD,持有中，今日未觸發出場/確認條件,,-1.9144144144144226,77.4,CAUTION,False,1,-0.45714285714286707,-1.2571428571428456,0,CONFIRMED,,
history_2026-08-01_2026-09-07,profit_protection,PROFIT_PROTECTION_202610,2026-08-11,2618,長榮航,WATCH,未持有，今日未觸發進場條件,,,,,False,3,-5.968468468468469,-7.2072072072072,0,,,
history_2026-08-01_2026-09-07,profit_protection,PROFIT_PROTECTION_202610,2026-08-11,3017,奇鋐,WATCH,未持有，今日未觸發進場條件,,,74.4,,True,2,,,7,,,
history_2026-08-01_2026-09-07,profit_protection,PROFIT_PROTECTION_202610,2026-08-11,3022,威強電,WATCH,未持有，今日未觸發進場條件,,,,,False,2,4.854368932038833,3.8834951456310662,0,,,
history_2026-08-01_2026-09-07,profit_protection,PROFIT_PROTECTION_202610,2026-08-11,3030,德律,WATCH,未持有，今日未觸發進場條件,,,53.9,,True,1,0.0,-2.809917355371905,5,,,
history_2026-08-01_2026-09-07,profit_protection,PROFIT_PROTECTION_202610,2026-08-11,3034,聯詠,WATCH,未持有，今日未觸發進場條件,,,79.9,,True,1,0.0,-0.9293680297397744,7,,,
history_2026-08-01_2026-09-07,profit_protection,PROFIT_PROTECTION_202610,2026-08-11,3231,緯創,WATCH,未持有，今日未觸發進場條件,,,84.9,CAUTION,False,4,4.087193460490468,2.452316076294281,0,,,
history_2026-08-01_2026-09-07,profit_protection,PROFIT_PROTECTION_202610,2026-08-11,3605,宏致,WATCH,未持有，今日未觸發進場條件,,,69.3,CAUTION,False,2,3.2558139534883734,1.8604651162790642,0,,,
history_2026-08-01_2026-09-07,profit_protection,PROFIT_PROTECTION_202610,2026-08-11,3661,世芯-KY,WATCH,未持有，今日未觸發進場條件,,,53.7,,True,1,0.0,-0.7585335018963302,4,,,
history_2026-08-01_2026-09-07,profit_protection,PROFIT_PROTECTION_202610,2026-08-11,4566,時碩工業,WATCH,未持有，今日未觸發進場條件,,,,,False,2,,,0,,,
history_2026-08-01_2026-09-07,profit_protection,PROFIT_PROTECTION_202610,2026-08-11,4967,十銓,WATCH,未持有，今日未觸發進場條件,,,74.1,CAUTION,False,1,,,0,,,
history_2026-08-01_2026-09-07,profit_protection,PROFIT_PROTECTION_202610,2026-08-11,6177,達麗,WATCH,未持有，今日未觸發進場條件,,,62.1,STOP_OBSERVING,False,2,-1.127049180327866,-1.741803278688514,0,,,
history_2026-08-01_2026-09-07,profit_protection,PROFIT_PROTECTION_202610,2026-08-11,6206,飛捷,WATCH,未持有，今日未觸發進場條件,,,67.9,STOP_OBSERVING,False,2,,,0,,,
history_2026-08-01_2026-09-07,profit_protection,PROFIT_PROTECTION_202610,2026-08-11,6213,聯茂,WATCH,未持有，今日未觸發進場條件,,,90.6,CAUTION,True,2,16.19537275064267,1.6709511568123503,7,,,
history_2026-08-01_2026-09-07,profit_protection,PROFIT_PROTECTION_202610,2026-08-11,6533,晶心科,WATCH,未持有，今日未觸發進場條件,,,,,False,3,-2.34375,-10.9375,0,,,
history_2026-08-01_2026-09-07,profit_protection,PROFIT_PROTECTION_202610,2026-08-11,6669,緯穎,WATCH,未持有，今日未觸發進場條件,,,,,False,2,-2.786885245901638,-4.016393442622945,0,,,
history_2026-08-01_2026-09-07,profit_protection,PROFIT_PROTECTION_202610,2026-08-11,6805,富世達,HOLD,持有中，今日未觸發出場/確認條件,,-2.717391304347827,83.0,CAUTION,True,2,1.9943019943019946,-1.7094017094017144,7,CONFIRMED,,
history_2026-08-01_2026-09-07,profit_protection,PROFIT_PROTECTION_202610,2026-08-11,7711,永擎,WATCH,未持有，今日未觸發進場條件,,,60.0,CAUTION,True,3,8.533333333333326,7.733333333333325,5,,,
history_2026-08-01_2026-09-07,profit_protection,PROFIT_PROTECTION_202610,2026-08-11,7740,熙特爾-創,WATCH,未持有，今日未觸發進場條件,,,59.9,STOP_OBSERVING,False,1,-9.887005649717517,-9.887005649717517,0,,,
history_2026-08-01_2026-09-07,profit_protection,PROFIT_PROTECTION_202610,2026-08-11,8454,富邦媒,WATCH,未持有，今日未觸發進場條件,,,,,False,3,-4.409171075837747,-5.996472663139329,0,,,
history_2026-08-01_2026-09-07,profit_protection,PROFIT_PROTECTION_202610,2026-08-11,9921,巨大,WATCH,未持有，今日未觸發進場條件,,,86.4,CAUTION,False,2,20.670995670995662,8.008658008658,0,,,
history_2026-08-01_2026-09-07,profit_protection,PROFIT_PROTECTION_202610,2026-08-11,9939,宏全,WATCH,未持有，今日未觸發進場條件,,,57.0,STOP_OBSERVING,False,1,,,0,,,
history_2026-08-01_2026-09-07,profit_protection,PROFIT_PROTECTION_202610,2026-08-12,1736,喬山,WATCH,未持有，今日未觸發進場條件,,,78.7,STOP_OBSERVING,False,1,-4.137931034482756,-4.482758620689653,0,,,
history_2026-08-01_2026-09-07,profit_protection,PROFIT_PROTECTION_202610,2026-08-12,2002,中鋼,WATCH,未持有，今日未觸發進場條件,,,82.6,CAUTION,False,1,0.0,-0.5063291139240533,0,,,
history_2026-08-01_2026-09-07,profit_protection,PROFIT_PROTECTION_202610,2026-08-12,2006,東和鋼鐵,PULLBACK_WATCH,符合 PULLBACK_WATCH 條件（尚未回穩確認，不進場）,,,82.4,CAUTION,True,5,-5.310734463276834,-6.327683615819202,5,,,
history_2026-08-01_2026-09-07,profit_protection,PROFIT_PROTECTION_202610,2026-08-12,2014,中鴻,WATCH,未持有，今日未觸發進場條件,,,55.6,STOP_OBSERVING,False,2,-1.1331444759206777,-1.1331444759206777,0,,,
history_2026-08-01_2026-09-07,profit_protection,PROFIT_PROTECTION_202610,2026-08-12,2027,大成鋼,WATCH,未持有，今日未觸發進場條件,,,,,False,1,,,0,,,
history_2026-08-01_2026-09-07,profit_protection,PROFIT_PROTECTION_202610,2026-08-12,2030,彰源,WATCH,未持有，今日未觸發進場條件,,,89.4,CAUTION,False,1,5.378973105134488,0.4889975550122383,0,,,
history_2026-08-01_2026-09-07,profit_protection,PROFIT_PROTECTION_202610,2026-08-12,2031,新光鋼,WATCH,未持有，今日未觸發進場條件,,,86.8,STOP_OBSERVING,False,1,,,0,,,
history_2026-08-01_2026-09-07,profit_protection,PROFIT_PROTECTION_202610,2026-08-12,2049,上銀,WATCH,未持有，今日未觸發進場條件,,,,,False,4,-4.651162790697672,-6.0723514211886265,0,,,
history_2026-08-01_2026-09-07,profit_protection,PROFIT_PROTECTION_202610,2026-08-12,2059,川湖,HOLD,持有中，今日未觸發出場/確認條件,,-3.9473684210526327,85.7,CAUTION,False,1,1.1759764804703865,-0.9659806803863913,0,CONFIRMED,,
history_2026-08-01_2026-09-07,profit_protection,PROFIT_PROTECTION_202610,2026-08-12,2103,台橡,WATCH,未持有，今日未觸發進場條件,,,72.9,STOP_OBSERVING,False,1,-0.5454545454545379,-0.9090909090909038,0,,,
history_2026-08-01_2026-09-07,profit_protection,PROFIT_PROTECTION_202610,2026-08-12,2301,光寶科,WATCH,未持有，今日未觸發進場條件,,,,,False,3,5.06072874493928,2.8340080971659853,0,,,
history_2026-08-01_2026-09-07,profit_protection,PROFIT_PROTECTION_202610,2026-08-12,2317,鴻海,WATCH,未持有，今日未觸發進場條件,,,81.7,,True,2,2.6615969581748944,0.3802281368821214,7,,,
history_2026-08-01_2026-09-07,profit_protection,PROFIT_PROTECTION_202610,2026-08-12,2330,台積電,WATCH,未持有，今日未觸發進場條件,,,62.5,CAUTION,False,1,0.8350730688935215,-0.20876826722338038,0,,,
history_2026-08-01_2026-09-07,profit_protection,PROFIT_PROTECTION_202610,2026-08-12,2357,華碩,WATCH,未持有，今日未觸發進場條件,,,82.8,CAUTION,False,1,1.5494636471990564,-0.9535160905840279,0,,,
history_2026-08-01_2026-09-07,profit_protection,PROFIT_PROTECTION_202610,2026-08-12,2359,所羅門,WATCH,未持有，今日未觸發進場條件,,,,,False,1,,,0,,,
history_2026-08-01_2026-09-07,profit_protection,PROFIT_PROTECTION_202610,2026-08-12,2362,藍天,WATCH,未持有，今日未觸發進場條件,,,,,False,1,-3.168316831683171,-5.940594059405946,0,,,
history_2026-08-01_2026-09-07,profit_protection,PROFIT_PROTECTION_202610,2026-08-12,2376,技嘉,WATCH,未持有，今日未觸發進場條件,,,82.2,,True,1,0.0,-6.25832223701731,6,,,
history_2026-08-01_2026-09-07,profit_protection,PROFIT_PROTECTION_202610,2026-08-12,2383,台光電,WATCH,未持有，今日未觸發進場條件,,,88.2,,True,2,3.5230352303523116,-0.9936766034327027,6,,,
history_2026-08-01_2026-09-07,profit_protection,PROFIT_PROTECTION_202610,2026-08-12,2395,研華,WATCH,未持有，今日未觸發進場條件,,,88.9,CAUTION,False,2,8.201892744479489,5.205047318611977,0,,,
history_2026-08-01_2026-09-07,profit_protection,PROFIT_PROTECTION_202610,2026-08-12,2408,南亞科,WATCH,未持有，今日未觸發進場條件,,,62.7,STOP_OBSERVING,False,1,5.579868708971558,5.142231947483578,0,,,
history_2026-08-01_2026-09-07,profit_protection,PROFIT_PROTECTION_202610,2026-08-12,2436,偉詮電,WATCH,未持有，今日未觸發進場條件,,,78.6,CAUTION,False,1,0.2967359050444873,-1.1869436201780603,0,,,
history_2026-08-01_2026-09-07,profit_protection,PROFIT_PROTECTION_202610,2026-08-12,2451,創見,WATCH,未持有，今日未觸發進場條件,,,,,False,1,-0.8417508417508435,-3.535353535353536,0,,,
history_2026-08-01_2026-09-07,profit_protection,PROFIT_PROTECTION_202610,2026-08-12,2454,聯發科,WATCH,未持有，今日未觸發進場條件,,,72.4,CAUTION,True,2,-0.12437810945273853,-1.741293532338306,7,,,
history_2026-08-01_2026-09-07,profit_protection,PROFIT_PROTECTION_202610,2026-08-12,2464,盟立,WATCH,未持有，今日未觸發進場條件,,,79.3,CAUTION,True,2,4.800000000000004,-1.0666666666666713,7,,,
history_2026-08-01_2026-09-07,profit_protection,PROFIT_PROTECTION_202610,2026-08-12,2603,長榮,WATCH,未持有，今日未觸發進場條件,,,69.6,CAUTION,False,1,-1.6055045871559592,-2.2935779816513735,0,,,
history_2026-08-01_2026-09-07,profit_protection,PROFIT_PROTECTION_202610,2026-08-12,2605,新興,WATCH,未持有，今日未觸發進場條件,,,,,False,1,0.0,-0.7680491551459334,0,,,
history_2026-08-01_2026-09-07,profit_protection,PROFIT_PROTECTION_202610,2026-08-12,2606,裕民,WATCH,未持有，今日未觸發進場條件,,,,,False,2,,,0,,,
history_2026-08-01_2026-09-07,profit_protection,PROFIT_PROTECTION_202610,2026-08-12,2615,萬海,HOLD,持有中，今日未觸發出場/確認條件,,-1.9144144144144226,71.7,CAUTION,False,1,-0.45714285714286707,-1.7142857142857126,0,CONFIRMED,,
history_2026-08-01_2026-09-07,profit_protection,PROFIT_PROTECTION_202610,2026-08-12,2618,長榮航,WATCH,未持有，今日未觸發進場條件,,,,,False,3,-5.067567567567566,-6.644144144144137,0,,,
history_2026-08-01_2026-09-07,profit_protection,PROFIT_PROTECTION_202610,2026-08-12,3017,奇鋐,WATCH,未持有，今日未觸發進場條件,,,77.1,,True,3,,,7,,,
history_2026-08-01_2026-09-07,profit_protection,PROFIT_PROTECTION_202610,2026-08-12,3022,威強電,WATCH,未持有，今日未觸發進場條件,,,89.6,,True,3,2.4271844660194164,0.9708737864077666,7,,,
history_2026-08-01_2026-09-07,profit_protection,PROFIT_PROTECTION_202610,2026-08-12,3030,德律,WATCH,未持有，今日未觸發進場條件,,,57.9,CAUTION,False,1,1.6528925619834656,0.0,0,,,
history_2026-08-01_2026-09-07,profit_protection,PROFIT_PROTECTION_202610,2026-08-12,3034,聯詠,WATCH,未持有，今日未觸發進場條件,,,75.8,CAUTION,False,1,-0.18587360594795044,-1.115241635687736,0,,,
history_2026-08-01_2026-09-07,profit_protection,PROFIT_PROTECTION_202610,2026-08-12,3046,建碁,WATCH,未持有，今日未觸發進場條件,,,82.2,,True,1,0.0,-2.0866773675762396,7,,,
history_2026-08-01_2026-09-07,profit_protection,PROFIT_PROTECTION_202610,2026-08-12,3231,緯創,WATCH,未持有，今日未觸發進場條件,,,83.2,CAUTION,True,5,5.449591280653943,2.997275204359684,7,,,
history_2026-08-01_2026-09-07,profit_protection,PROFIT_PROTECTION_202610,2026-08-12,3443,創意,WATCH,未持有，今日未觸發進場條件,,,70.6,,True,1,0.0,-3.606237816764135,7,,,
history_2026-08-01_2026-09-07,profit_protection,PROFIT_PROTECTION_202610,2026-08-12,3515,華擎,WATCH,未持有，今日未觸發進場條件,,,79.2,,True,1,0.0,-3.563474387527843,6,,,
history_2026-08-01_2026-09-07,profit_protection,PROFIT_PROTECTION_202610,2026-08-12,3605,宏致,WATCH,未持有，今日未觸發進場條件,,,82.0,CAUTION,True,3,11.627906976744185,3.2558139534883734,7,,,
history_2026-08-01_2026-09-07,profit_protection,PROFIT_PROTECTION_202610,2026-08-12,3661,世芯-KY,WATCH,未持有，今日未觸發進場條件,,,70.1,CAUTION,True,2,2.528445006321123,-0.12642225031606058,7,,,
history_2026-08-01_2026-09-07,profit_protection,PROFIT_PROTECTION_202610,2026-08-12,4566,時碩工業,WATCH,未持有，今日未觸發進場條件,,,,,False,2,,,0,,,
history_2026-08-01_2026-09-07,profit_protection,PROFIT_PROTECTION_202610,2026-08-12,4576,大銀微系統,WATCH,未持有，今日未觸發進場條件,,,68.8,,True,1,0.0,-4.405286343612335,7,,,
history_2026-08-01_2026-09-07,profit_protection,PROFIT_PROTECTION_202610,2026-08-12,4967,十銓,WATCH,未持有，今日未觸發進場條件,,,76.0,CAUTION,False,1,,,0,,,
history_2026-08-01_2026-09-07,profit_protection,PROFIT_PROTECTION_202610,2026-08-12,6177,達麗,WATCH,未持有，今日未觸發進場條件,,,,,False,2,-2.254098360655721,-2.4590163934426146,0,,,
history_2026-08-01_2026-09-07,profit_protection,PROFIT_PROTECTION_202610,2026-08-12,6206,飛捷,WATCH,未持有，今日未觸發進場條件,,,,,False,2,,,0,,,
history_2026-08-01_2026-09-07,profit_protection,PROFIT_PROTECTION_202610,2026-08-12,6213,聯茂,WATCH,未持有，今日未觸發進場條件,,,90.0,CAUTION,False,2,19.280205655526995,16.06683804627249,0,,,
history_2026-08-01_2026-09-07,profit_protection,PROFIT_PROTECTION_202610,2026-08-12,6533,晶心科,WATCH,未持有，今日未觸發進場條件,,,,,False,3,-0.5859375,-4.296875,0,,,
history_2026-08-01_2026-09-07,profit_protection,PROFIT_PROTECTION_202610,2026-08-12,6669,緯穎,WATCH,未持有，今日未觸發進場條件,,,,,False,2,-1.2295081967213073,-3.2786885245901676,0,,,
history_2026-08-01_2026-09-07,profit_protection,PROFIT_PROTECTION_202610,2026-08-12,6805,富世達,HOLD,持有中，今日未觸發出場/確認條件,,-0.27173913043477826,80.7,CAUTION,False,2,4.55840455840455,1.4245014245014342,0,CONFIRMED,,
history_2026-08-01_2026-09-07,profit_protection,PROFIT_PROTECTION_202610,2026-08-12,7711,永擎,WATCH,未持有，今日未觸發進場條件,,,75.4,CAUTION,True,4,19.333333333333336,15.733333333333333,7,,,
history_2026-08-01_2026-09-07,profit_protection,PROFIT_PROTECTION_202610,2026-08-12,7740,熙特爾-創,WATCH,未持有，今日未觸發進場條件,,,,,False,1,-16.384180790960457,-18.644067796610166,0,,,
history_2026-08-01_2026-09-07,profit_protection,PROFIT_PROTECTION_202610,2026-08-12,9921,巨大,WATCH,未持有，今日未觸發進場條件,,,76.0,CAUTION,False,2,17.96536796536796,13.095238095238093,0,,,
history_2026-08-01_2026-09-07,profit_protection,PROFIT_PROTECTION_202610,2026-08-12,9939,宏全,WATCH,未持有，今日未觸發進場條件,,,,,False,1,,,0,,,
history_2026-08-01_2026-09-07,profit_protection,PROFIT_PROTECTION_202610,2026-08-13,2002,中鋼,WATCH,未持有，今日未觸發進場條件,,,66.2,STOP_OBSERVING,False,1,-2.784810126582282,-3.037974683544309,0,,,
history_2026-08-01_2026-09-07,profit_protection,PROFIT_PROTECTION_202610,2026-08-13,2006,東和鋼鐵,WATCH,未持有，今日未觸發進場條件,,,79.8,CAUTION,False,5,-3.5028248587570587,-6.101694915254241,0,,,
history_2026-08-01_2026-09-07,profit_protection,PROFIT_PROTECTION_202610,2026-08-13,2027,大成鋼,WATCH,未持有，今日未觸發進場條件,,,90.7,,True,2,,,7,,,
history_2026-08-01_2026-09-07,profit_protection,PROFIT_PROTECTION_202610,2026-08-13,2030,彰源,WATCH,未持有，今日未觸發進場條件,,,89.8,CAUTION,False,1,6.35696821515892,2.444987775061125,0,,,
history_2026-08-01_2026-09-07,profit_protection,PROFIT_PROTECTION_202610,2026-08-13,2049,上銀,WATCH,未持有，今日未觸發進場條件,,,,,False,4,-1.5503875968992276,-2.454780361757103,0,,,
history_2026-08-01_2026-09-07,profit_protection,PROFIT_PROTECTION_202610,2026-08-13,2059,川湖,HOLD,持有中，今日未觸發出場/確認條件,,-2.432216905901119,79.2,STOP_OBSERVING,False,1,2.7719445611087856,-0.5459890802184009,0,CONFIRMED,,
history_2026-08-01_2026-09-07,profit_protection,PROFIT_PROTECTION_202610,2026-08-13,2301,光寶科,WATCH,未持有，今日未觸發進場條件,,,,,False,3,9.109311740890691,7.8947368421052655,0,,,
history_2026-08-01_2026-09-07,profit_protection,PROFIT_PROTECTION_202610,2026-08-13,2317,鴻海,WATCH,未持有，今日未觸發進場條件,,,,,False,2,-0.38022813688213253,-0.760456273764254,0,,,
history_2026-08-01_2026-09-07,profit_protection,PROFIT_PROTECTION_202610,2026-08-13,2330,台積電,WATCH,未持有，今日未觸發進場條件,,,61.1,CAUTION,False,1,1.6701461377870652,1.2526096033402823,0,,,
history_2026-08-01_2026-09-07,profit_protection,PROFIT_PROTECTION_202610,2026-08-13,2357,華碩,WATCH,未持有，今日未觸發進場條件,,,74.6,CAUTION,False,1,11.680572109654342,11.680572109654342,0,,,
history_2026-08-01_2026-09-07,profit_protection,PROFIT_PROTECTION_202610,2026-08-13,2359,所羅門,WATCH,未持有，今日未觸發進場條件,,,,,False,1,,,0,,,
history_2026-08-01_2026-09-07,profit_protection,PROFIT_PROTECTION_202610,2026-08-13,2362,藍天,WATCH,未持有，今日未觸發進場條件,,,,,False,1,-5.148514851485153,-5.44554455445545,0,,,
history_2026-08-01_2026-09-07,profit_protection,PROFIT_PROTECTION_202610,2026-08-13,2376,技嘉,WATCH,未持有，今日未觸發進場條件,,,83.0,CAUTION,False,1,4.793608521970705,1.0652463382157196,0,,,
history_2026-08-01_2026-09-07,profit_protection,PROFIT_PROTECTION_202610,2026-08-13,2383,台光電,WATCH,未持有，今日未觸發進場條件,,,82.7,STOP_OBSERVING,False,2,2.8003613369466995,2.1680216802167918,0,,,
history_2026-08-01_2026-09-07,profit_protection,PROFIT_PROTECTION_202610,2026-08-13,2395,研華,WATCH,未持有，今日未觸發進場條件,,,85.1,CAUTION,False,2,10.094637223974768,8.832807570977907,0,,,
history_2026-08-01_2026-09-07,profit_protection,PROFIT_PROTECTION_202610,2026-08-13,2408,南亞科,WATCH,未持有，今日未觸發進場條件,,,87.1,,True,1,0.0,-4.669260700389099,7,,,
history_2026-08-01_2026-09-07,profit_protection,PROFIT_PROTECTION_202610,2026-08-13,2436,偉詮電,WATCH,未持有，今日未觸發進場條件,,,86.4,CAUTION,False,1,5.637982195845703,0.2967359050444873,0,,,
history_2026-08-01_2026-09-07,profit_protection,PROFIT_PROTECTION_202610,2026-08-13,2451,創見,WATCH,未持有，今日未觸發進場條件,,,,,False,1,1.683501683501687,-0.8417508417508435,0,,,
history_2026-08-01_2026-09-07,profit_protection,PROFIT_PROTECTION_202610,2026-08-13,2454,聯發科,WATCH,未持有，今日未觸發進場條件,,,81.7,CAUTION,False,2,5.099502487562191,2.3631840796019876,0,,,
history_2026-08-01_2026-09-07,profit_protection,PROFIT_PROTECTION_202610,2026-08-13,2464,盟立,WATCH,未持有，今日未觸發進場條件,,,80.2,CAUTION,True,3,4.533333333333323,2.400000000000002,7,,,
history_2026-08-01_2026-09-07,profit_protection,PROFIT_PROTECTION_202610,2026-08-13,2603,長榮,WATCH,未持有，今日未觸發進場條件,,,64.1,CAUTION,False,1,-1.1467889908256867,-1.834862385321101,0,,,
history_2026-08-01_2026-09-07,profit_protection,PROFIT_PROTECTION_202610,2026-08-13,2605,新興,WATCH,未持有，今日未觸發進場條件,,,,,False,1,-0.7680491551459334,-3.686635944700445,0,,,
history_2026-08-01_2026-09-07,profit_protection,PROFIT_PROTECTION_202610,2026-08-13,2606,裕民,WATCH,未持有，今日未觸發進場條件,,,,,False,2,,,0,,,
history_2026-08-01_2026-09-07,profit_protection,PROFIT_PROTECTION_202610,2026-08-13,2615,萬海,HOLD,持有中，今日未觸發出場/確認條件,,-1.4639639639639657,71.4,CAUTION,False,1,0.0,-1.1428571428571455,0,CONFIRMED,,
history_2026-08-01_2026-09-07,profit_protection,PROFIT_PROTECTION_202610,2026-08-13,2618,長榮航,WATCH,未持有，今日未觸發進場條件,,,,,False,3,-7.657657657657657,-8.108108108108114,0,,,
history_2026-08-01_2026-09-07,profit_protection,PROFIT_PROTECTION_202610,2026-08-13,3017,奇鋐,WATCH,未持有，今日未觸發進場條件,,,77.8,,True,4,,,7,,,
history_2026-08-01_2026-09-07,profit_protection,PROFIT_PROTECTION_202610,2026-08-13,3022,威強電,WATCH,未持有，今日未觸發進場條件,,,79.2,STOP_OBSERVING,False,3,-4.757281553398062,-4.854368932038833,0,,,
history_2026-08-01_2026-09-07,profit_protection,PROFIT_PROTECTION_202610,2026-08-13,3030,德律,WATCH,未持有，今日未觸發進場條件,,,47.1,CAUTION,False,1,0.33057851239668423,0.16528925619834212,0,,,
history_2026-08-01_2026-09-07,profit_protection,PROFIT_PROTECTION_202610,2026-08-13,3034,聯詠,WATCH,未持有，今日未觸發進場條件,,,75.7,CAUTION,False,1,0.0,-1.3011152416356864,0,,,
history_2026-08-01_2026-09-07,profit_protection,PROFIT_PROTECTION_202610,2026-08-13,3046,建碁,WATCH,未持有，今日未觸發進場條件,,,81.5,CAUTION,False,1,-2.0866773675762396,-3.21027287319422,0,,,
history_2026-08-01_2026-09-07,profit_protection,PROFIT_PROTECTION_202610,2026-08-13,3231,緯創,WATCH,未持有，今日未觸發進場條件,,,86.8,CAUTION,True,6,7.3569482288828425,5.449591280653943,7,,,
history_2026-08-01_2026-09-07,profit_protection,PROFIT_PROTECTION_202610,2026-08-13,3443,創意,WATCH,未持有，今日未觸發進場條件,,,75.6,CAUTION,False,1,7.992202729044839,1.949317738791434,0,,,
history_2026-08-01_2026-09-07,profit_protection,PROFIT_PROTECTION_202610,2026-08-13,3515,華擎,WATCH,未持有，今日未觸發進場條件,,,88.4,CAUTION,False,1,5.122494432071267,0.6681514476614803,0,,,
history_2026-08-01_2026-09-07,profit_protection,PROFIT_PROTECTION_202610,2026-08-13,3605,宏致,WATCH,未持有，今日未觸發進場條件,,,79.9,CAUTION,False,3,22.790697674418613,14.41860465116278,0,,,
history_2026-08-01_2026-09-07,profit_protection,PROFIT_PROTECTION_202610,2026-08-13,3652,精聯,WATCH,未持有，今日未觸發進場條件,,,78.7,,True,1,0.0,-3.9473684210526327,7,,,
history_2026-08-01_2026-09-07,profit_protection,PROFIT_PROTECTION_202610,2026-08-13,3661,世芯-KY,WATCH,未持有，今日未觸發進場條件,,,74.0,CAUTION,False,2,5.941845764854614,3.4134007585334913,0,,,
history_2026-08-01_2026-09-07,profit_protection,PROFIT_PROTECTION_202610,2026-08-13,4566,時碩工業,WATCH,未持有，今日未觸發進場條件,,,,,False,2,,,0,,,
history_2026-08-01_2026-09-07,profit_protection,PROFIT_PROTECTION_202610,2026-08-13,4576,大銀微系統,WATCH,未持有，今日未觸發進場條件,,,60.1,STOP_OBSERVING,False,1,-1.3215859030836996,-1.982378854625555,0,,,
history_2026-08-01_2026-09-07,profit_protection,PROFIT_PROTECTION_202610,2026-08-13,4967,十銓,WATCH,未持有，今日未觸發進場條件,,,78.0,CAUTION,False,1,,,0,,,
history_2026-08-01_2026-09-07,profit_protection,PROFIT_PROTECTION_202610,2026-08-13,5515,建國,WATCH,未持有，今日未觸發進場條件,,,84.5,,True,1,0.0,-2.182539682539686,7,,,
history_2026-08-01_2026-09-07,profit_protection,PROFIT_PROTECTION_202610,2026-08-13,6177,達麗,WATCH,未持有，今日未觸發進場條件,,,,,False,2,-2.9713114754098324,-3.176229508196715,0,,,
history_2026-08-01_2026-09-07,profit_protection,PROFIT_PROTECTION_202610,2026-08-13,6206,飛捷,WATCH,未持有，今日未觸發進場條件,,,,,False,2,,,0,,,
history_2026-08-01_2026-09-07,profit_protection,PROFIT_PROTECTION_202610,2026-08-13,6213,聯茂,WATCH,未持有，今日未觸發進場條件,,,94.1,CAUTION,False,2,20.565552699228796,15.167095115681239,0,,,
history_2026-08-01_2026-09-07,profit_protection,PROFIT_PROTECTION_202610,2026-08-13,6533,晶心科,WATCH,未持有，今日未觸發進場條件,,,,,False,3,-2.5390625,-2.734375,0,,,
history_2026-08-01_2026-09-07,profit_protection,PROFIT_PROTECTION_202610,2026-08-13,6669,緯穎,WATCH,未持有，今日未觸發進場條件,,,,,False,2,-0.4918032786885296,-1.3114754098360604,0,,,
history_2026-08-01_2026-09-07,profit_protection,PROFIT_PROTECTION_202610,2026-08-13,6805,富世達,HOLD,持有中，今日未觸發出場/確認條件,,-0.5434782608695676,74.1,STOP_OBSERVING,False,2,4.2735042735042805,3.9886039886039892,0,CONFIRMED,,
history_2026-08-01_2026-09-07,profit_protection,PROFIT_PROTECTION_202610,2026-08-13,7711,永擎,WATCH,未持有，今日未觸發進場條件,,,76.5,CAUTION,True,5,31.066666666666663,19.333333333333336,7,,,
history_2026-08-01_2026-09-07,profit_protection,PROFIT_PROTECTION_202610,2026-08-13,7740,熙特爾-創,WATCH,未持有，今日未觸發進場條件,,,,,False,1,-19.2090395480226,-19.2090395480226,0,,,
history_2026-08-01_2026-09-07,profit_protection,PROFIT_PROTECTION_202610,2026-08-13,9921,巨大,WATCH,未持有，今日未觸發進場條件,,,77.9,CAUTION,False,2,13.636363636363624,10.930735930735924,0,,,
history_2026-08-01_2026-09-07,profit_protection,PROFIT_PROTECTION_202610,2026-08-13,9939,宏全,WATCH,未持有，今日未觸發進場條件,,,,,False,1,,,0,,,
history_2026-08-01_2026-09-07,profit_protection,PROFIT_PROTECTION_202610,2026-08-14,2006,東和鋼鐵,WATCH,未持有，今日未觸發進場條件,,,71.4,STOP_OBSERVING,False,5,-8.58757062146892,-9.378531073446329,0,,,
history_2026-08-01_2026-09-07,profit_protection,PROFIT_PROTECTION_202610,2026-08-14,2027,大成鋼,WATCH,未持有，今日未觸發進場條件,,,85.7,STOP_OBSERVING,False,2,,,0,,,
history_2026-08-01_2026-09-07,profit_protection,PROFIT_PROTECTION_202610,2026-08-14,2030,彰源,WATCH,未持有，今日未觸發進場條件,,,72.1,STOP_OBSERVING,False,1,0.4889975550122383,0.0,0,,,
history_2026-08-01_2026-09-07,profit_protection,PROFIT_PROTECTION_202610,2026-08-14,2049,上銀,WATCH,未持有，今日未觸發進場條件,,,,,False,4,-3.488372093023251,-5.038759689922479,0,,,
history_2026-08-01_2026-09-07,profit_protection,PROFIT_PROTECTION_202610,2026-08-14,2059,川湖,HOLD,持有中，今日未觸發出場/確認條件,,-0.31897926634768536,,,False,1,4.997900041999159,0.8819823603527954,0,CONFIRMED,,
history_2026-08-01_2026-09-07,profit_protection,PROFIT_PROTECTION_202610,2026-08-14,2301,光寶科,WATCH,未持有，今日未觸發進場條件,,,,,False,3,8.097165991902845,5.668016194331993,0,,,
history_2026-08-01_2026-09-07,profit_protection,PROFIT_PROTECTION_202610,2026-08-14,2330,台積電,WATCH,未持有，今日未觸發進場條件,,,61.0,CAUTION,False,1,0.0,0.0,0,,,
history_2026-08-01_2026-09-07,profit_protection,PROFIT_PROTECTION_202610,2026-08-14,2357,華碩,WATCH,未持有，今日未觸發進場條件,,,82.8,CAUTION,False,1,18.712753277711556,15.137067938021453,0,,,
history_2026-08-01_2026-09-07,profit_protection,PROFIT_PROTECTION_202610,2026-08-14,2359,所羅門,WATCH,未持有，今日未觸發進場條件,,,,,False,1,,,0,,,
history_2026-08-01_2026-09-07,profit_protection,PROFIT_PROTECTION_202610,2026-08-14,2362,藍天,WATCH,未持有，今日未觸發進場條件,,,,,False,1,-1.1881188118811892,-5.148514851485153,0,,,
history_2026-08-01_2026-09-07,profit_protection,PROFIT_PROTECTION_202610,2026-08-14,2364,倫飛,WATCH,未持有，今日未觸發進場條件,,,91.8,,True,1,0.0,-0.987654320987652,7,,,
history_2026-08-01_2026-09-07,profit_protection,PROFIT_PROTECTION_202610,2026-08-14,2376,技嘉,WATCH,未持有，今日未觸發進場條件,,,85.4,CONTINUE,True,2,5.858854860186424,2.929427430093212,7,,,
history_2026-08-01_2026-09-07,profit_protection,PROFIT_PROTECTION_202610,2026-08-14,2383,台光電,WATCH,未持有，今日未觸發進場條件,,,88.2,,True,1,0.0,-6.4071370640713665,7,,,
history_2026-08-01_2026-09-07,profit_protection,PROFIT_PROTECTION_202610,2026-08-14,2395,研華,WATCH,未持有，今日未觸發進場條件,,,85.3,CAUTION,False,2,7.728706624605675,6.624605678233442,0,,,
history_2026-08-01_2026-09-07,profit_protection,PROFIT_PROTECTION_202610,2026-08-14,2408,南亞科,WATCH,未持有，今日未觸發進場條件,,,86.2,STOP_OBSERVING,False,1,-0.3891050583657574,-2.529182879377434,0,,,
history_2026-08-01_2026-09-07,profit_protection,PROFIT_PROTECTION_202610,2026-08-14,2436,偉詮電,WATCH,未持有，今日未觸發進場條件,,,83.2,STOP_OBSERVING,False,1,2.52225519287832,2.0771513353115667,0,,,
history_2026-08-01_2026-09-07,profit_protection,PROFIT_PROTECTION_202610,2026-08-14,2451,創見,WATCH,未持有，今日未觸發進場條件,,,,,False,1,-1.5151515151515138,-2.020202020202022,0,,,
history_2026-08-01_2026-09-07,profit_protection,PROFIT_PROTECTION_202610,2026-08-14,2454,聯發科,WATCH,未持有，今日未觸發進場條件,,,83.5,CAUTION,False,2,4.726368159203975,4.601990049751237,0,,,
history_2026-08-01_2026-09-07,profit_protection,PROFIT_PROTECTION_202610,2026-08-14,2464,盟立,WATCH,未持有，今日未觸發進場條件,,,79.9,CONTINUE,False,3,2.400000000000002,1.0666666666666602,0,,,
history_2026-08-01_2026-09-07,profit_protection,PROFIT_PROTECTION_202610,2026-08-14,2603,長榮,WATCH,未持有，今日未觸發進場條件,,,69.6,CAUTION,False,1,0.4587155963302836,-3.2110091743119296,0,,,
history_2026-08-01_2026-09-07,profit_protection,PROFIT_PROTECTION_202610,2026-08-14,2605,新興,WATCH,未持有，今日未觸發進場條件,,,,,False,1,-0.6144393241167334,-1.5360983102918557,0,,,
history_2026-08-01_2026-09-07,profit_protection,PROFIT_PROTECTION_202610,2026-08-14,2606,裕民,WATCH,未持有，今日未觸發進場條件,,,,,False,2,,,0,,,
history_2026-08-01_2026-09-07,profit_protection,PROFIT_PROTECTION_202610,2026-08-14,2615,萬海,HOLD,持有中，今日未觸發出場/確認條件,,2.0270270270270174,79.2,CAUTION,False,1,3.5428571428571365,-0.5714285714285672,0,CONFIRMED,,
history_2026-08-01_2026-09-07,profit_protection,PROFIT_PROTECTION_202610,2026-08-14,2618,長榮航,WATCH,未持有，今日未觸發進場條件,,,,,False,3,-10.135135135135132,-11.711711711711704,0,,,
history_2026-08-01_2026-09-07,profit_protection,PROFIT_PROTECTION_202610,2026-08-14,2851,中再保,WATCH,未持有，今日未觸發進場條件,,,73.7,,True,1,0.0,-2.580645161290318,6,,,
history_2026-08-01_2026-09-07,profit_protection,PROFIT_PROTECTION_202610,2026-08-14,3017,奇鋐,WATCH,未持有，今日未觸發進場條件,,,80.1,,True,5,,,7,,,
history_2026-08-01_2026-09-07,profit_protection,PROFIT_PROTECTION_202610,2026-08-14,3030,德律,WATCH,未持有，今日未觸發進場條件,,,43.9,STOP_OBSERVING,False,1,-2.4793388429752095,-3.1404958677686,0,,,
history_2026-08-01_2026-09-07,profit_protection,PROFIT_PROTECTION_202610,2026-08-14,3034,聯詠,WATCH,未持有，今日未觸發進場條件,,,64.5,STOP_OBSERVING,False,1,-4.832713754646845,-5.762081784386619,0,,,
history_2026-08-01_2026-09-07,profit_protection,PROFIT_PROTECTION_202610,2026-08-14,3037,欣興,WATCH,未持有，今日未觸發進場條件,,,71.7,,True,1,0.0,-2.450980392156865,7,,,
history_2026-08-01_2026-09-07,profit_protection,PROFIT_PROTECTION_202610,2026-08-14,3046,建碁,PULLBACK_WATCH,符合 PULLBACK_WATCH 條件（尚未回穩確認，不進場）,,,79.1,CAUTION,False,1,-4.01284109149278,-4.65489566613162,0,,,
history_2026-08-01_2026-09-07,profit_protection,PROFIT_PROTECTION_202610,2026-08-14,3231,緯創,WATCH,未持有，今日未觸發進場條件,,,83.8,STOP_OBSERVING,False,6,5.449591280653943,5.177111716621252,0,,,
history_2026-08-01_2026-09-07,profit_protection,PROFIT_PROTECTION_202610,2026-08-14,3443,創意,WATCH,未持有，今日未觸發進場條件,,,81.6,CAUTION,True,2,6.530214424951275,5.653021442495132,6,,,
history_2026-08-01_2026-09-07,profit_protection,PROFIT_PROTECTION_202610,2026-08-14,3515,華擎,WATCH,未持有，今日未觸發進場條件,,,85.1,STOP_OBSERVING,False,1,1.5590200445434244,1.1135857461024523,0,,,
history_2026-08-01_2026-09-07,profit_protection,PROFIT_PROTECTION_202610,2026-08-14,3605,宏致,WATCH,未持有，今日未觸發進場條件,,,70.5,CAUTION,False,3,22.325581395348838,19.069767441860463,0,,,
history_2026-08-01_2026-09-07,profit_protection,PROFIT_PROTECTION_202610,2026-08-14,3652,精聯,WATCH,未持有，今日未觸發進場條件,,,80.3,CAUTION,True,2,-1.3157894736842146,-3.9473684210526327,7,,,
history_2026-08-01_2026-09-07,profit_protection,PROFIT_PROTECTION_202610,2026-08-14,3661,世芯-KY,WATCH,未持有，今日未觸發進場條件,,,76.0,CONTINUE,True,3,6.447534766118834,5.689001264222493,6,,,
history_2026-08-01_2026-09-07,profit_protection,PROFIT_PROTECTION_202610,2026-08-14,4566,時碩工業,WATCH,未持有，今日未觸發進場條件,,,,,False,2,,,0,,,
history_2026-08-01_2026-09-07,profit_protection,PROFIT_PROTECTION_202610,2026-08-14,4967,十銓,WATCH,未持有，今日未觸發進場條件,,,71.9,STOP_OBSERVING,False,1,,,0,,,
history_2026-08-01_2026-09-07,profit_protection,PROFIT_PROTECTION_202610,2026-08-14,5515,建國,WATCH,未持有，今日未觸發進場條件,,,77.6,STOP_OBSERVING,False,1,-3.8690476190476053,-4.761904761904756,0,,,
history_2026-08-01_2026-09-07,profit_protection,PROFIT_PROTECTION_202610,2026-08-14,6177,達麗,WATCH,未持有，今日未觸發進場條件,,,,,False,2,-2.1516393442622905,-3.790983606557363,0,,,
history_2026-08-01_2026-09-07,profit_protection,PROFIT_PROTECTION_202610,2026-08-14,6206,飛捷,WATCH,未持有，今日未觸發進場條件,,,,,False,2,,,0,,,
history_2026-08-01_2026-09-07,profit_protection,PROFIT_PROTECTION_202610,2026-08-14,6213,聯茂,WATCH,未持有，今日未觸發進場條件,,,89.9,CAUTION,True,3,23.393316195372748,18.76606683804627,7,,,
history_2026-08-01_2026-09-07,profit_protection,PROFIT_PROTECTION_202610,2026-08-14,6214,精誠,WATCH,未持有，今日未觸發進場條件,,,70.6,,True,1,0.0,0.0,5,,,
history_2026-08-01_2026-09-07,profit_protection,PROFIT_PROTECTION_202610,2026-08-14,6533,晶心科,WATCH,未持有，今日未觸發進場條件,,,,,False,3,-3.7109375,-5.2734375,0,,,
history_2026-08-01_2026-09-07,profit_protection,PROFIT_PROTECTION_202610,2026-08-14,6669,緯穎,WATCH,未持有，今日未觸發進場條件,,,88.4,,True,3,5.491803278688523,0.6557377049180246,7,,,
history_2026-08-01_2026-09-07,profit_protection,PROFIT_PROTECTION_202610,2026-08-14,6805,富世達,HOLD,持有中，今日未觸發出場/確認條件,,-1.9021739130434812,,,False,2,2.8490028490028463,1.7094017094017033,0,CONFIRMED,,
history_2026-08-01_2026-09-07,profit_protection,PROFIT_PROTECTION_202610,2026-08-14,7711,永擎,WATCH,未持有，今日未觸發進場條件,,,79.3,CAUTION,False,5,25.86666666666666,25.333333333333343,0,,,
history_2026-08-01_2026-09-07,profit_protection,PROFIT_PROTECTION_202610,2026-08-14,7740,熙特爾-創,WATCH,未持有，今日未觸發進場條件,,,,,False,1,-20.33898305084746,-20.33898305084746,0,,,
history_2026-08-01_2026-09-07,profit_protection,PROFIT_PROTECTION_202610,2026-08-14,8039,台虹,BUY,CONTINUATION_BREAKOUT_SURGE,2026-08-17,,82.2,,True,1,0.0,-9.541284403669724,7,D1_STARTER,1,
history_2026-08-01_2026-09-07,profit_protection,PROFIT_PROTECTION_202610,2026-08-14,9921,巨大,WATCH,未持有，今日未觸發進場條件,,,82.8,CAUTION,False,2,9.30735930735931,5.1948051948051965,0,,,
history_2026-08-01_2026-09-07,profit_protection,PROFIT_PROTECTION_202610,2026-08-14,9939,宏全,WATCH,未持有，今日未觸發進場條件,,,,,False,1,,,0,,,
history_2026-08-01_2026-09-07,profit_protection,PROFIT_PROTECTION_202610,2026-08-17,2030,彰源,WATCH,未持有，今日未觸發進場條件,,,,,False,1,0.4889975550122383,0.24449877750611915,0,,,
history_2026-08-01_2026-09-07,profit_protection,PROFIT_PROTECTION_202610,2026-08-17,2059,川湖,HOLD,持有中，今日未觸發出場/確認條件,,9.649122807017552,,,False,1,15.497690046199075,15.497690046199075,0,CONFIRMED,,
history_2026-08-01_2026-09-07,profit_protection,PROFIT_PROTECTION_202610,2026-08-17,2330,台積電,WATCH,未持有，今日未觸發進場條件,,,56.7,CAUTION,False,1,0.20876826722338038,-0.20876826722338038,0,,,
history_2026-08-01_2026-09-07,profit_protection,PROFIT_PROTECTION_202610,2026-08-17,2357,華碩,WATCH,未持有，今日未觸發進場條件,,,85.2,CAUTION,False,1,11.799761620977357,9.773539928486286,0,,,
history_2026-08-01_2026-09-07,profit_protection,PROFIT_PROTECTION_202610,2026-08-17,2359,所羅門,WATCH,未持有，今日未觸發進場條件,,,86.3,,True,1,0.0,-5.714285714285716,7,,,
history_2026-08-01_2026-09-07,profit_protection,PROFIT_PROTECTION_202610,2026-08-17,2362,藍天,WATCH,未持有，今日未觸發進場條件,,,,,False,1,-3.960396039603964,-4.653465346534658,0,,,
history_2026-08-01_2026-09-07,profit_protection,PROFIT_PROTECTION_202610,2026-08-17,2364,倫飛,WATCH,未持有，今日未觸發進場條件,,,88.6,CONTINUE,False,1,8.765432098765435,0.24691358024691024,0,,,
history_2026-08-01_2026-09-07,profit_protection,PROFIT_PROTECTION_202610,2026-08-17,2376,技嘉,PULLBACK_WATCH,符合 PULLBACK_WATCH 條件（尚未回穩確認，不進場）,,,62.1,CAUTION,False,2,-4.660452729693743,-4.660452729693743,0,,,
history_2026-08-01_2026-09-07,profit_protection,PROFIT_PROTECTION_202610,2026-08-17,2383,台光電,WATCH,未持有，今日未觸發進場條件,,,89.2,CONTINUE,True,2,3.0008110300081103,-0.8921330089213253,7,,,
history_2026-08-01_2026-09-07,profit_protection,PROFIT_PROTECTION_202610,2026-08-17,2395,研華,WATCH,未持有，今日未觸發進場條件,,,86.8,CAUTION,False,2,6.309148264984232,3.6277602523659302,0,,,
history_2026-08-01_2026-09-07,profit_protection,PROFIT_PROTECTION_202610,2026-08-17,2409,友達,WATCH,未持有，今日未觸發進場條件,,,68.0,,True,1,0.0,-5.321100917431187,6,,,
history_2026-08-01_2026-09-07,profit_protection,PROFIT_PROTECTION_202610,2026-08-17,2454,聯發科,WATCH,未持有，今日未觸發進場條件,,,79.3,CAUTION,False,2,0.746268656716409,0.12437810945273853,0,,,
history_2026-08-01_2026-09-07,profit_protection,PROFIT_PROTECTION_202610,2026-08-17,2464,盟立,WATCH,未持有，今日未觸發進場條件,,,79.9,CONTINUE,False,3,-0.8000000000000007,-2.1333333333333315,0,,,
history_2026-08-01_2026-09-07,profit_protection,PROFIT_PROTECTION_202610,2026-08-17,2603,長榮,WATCH,未持有，今日未觸發進場條件,,,79.8,CAUTION,True,2,6.192660550458706,0.4587155963302836,7,,,
history_2026-08-01_2026-09-07,profit_protection,PROFIT_PROTECTION_202610,2026-08-17,2609,陽明,WATCH,未持有，今日未觸發進場條件,,,75.3,,True,1,0.0,-5.484460694698356,7,,,
history_2026-08-01_2026-09-07,profit_protection,PROFIT_PROTECTION_202610,2026-08-17,2615,萬海,HOLD,持有中，今日未觸發出場/確認條件,,12.162162162162149,81.5,CAUTION,False,1,13.828571428571411,3.771428571428559,0,CONFIRMED,,
history_2026-08-01_2026-09-07,profit_protection,PROFIT_PROTECTION_202610,2026-08-17,2851,中再保,WATCH,未持有，今日未觸發進場條件,,,70.8,CAUTION,False,1,0.5161290322580614,-1.2903225806451646,0,,,
history_2026-08-01_2026-09-07,profit_protection,PROFIT_PROTECTION_202610,2026-08-17,3008,大立光,BUY,CONTINUATION_BREAKOUT_SURGE,2026-08-18,,77.8,,True,1,0.0,-7.8895463510848085,6,D1_STARTER,1,
history_2026-08-01_2026-09-07,profit_protection,PROFIT_PROTECTION_202610,2026-08-17,3017,奇鋐,WATCH,未持有，今日未觸發進場條件,,,81.2,,True,6,,,7,,,
history_2026-08-01_2026-09-07,profit_protection,PROFIT_PROTECTION_202610,2026-08-17,3030,德律,WATCH,未持有，今日未觸發進場條件,,,,,False,1,-0.991735537190086,-3.3057851239669422,0,,,
history_2026-08-01_2026-09-07,profit_protection,PROFIT_PROTECTION_202610,2026-08-17,3034,聯詠,WATCH,未持有，今日未觸發進場條件,,,,,False,1,-5.390334572490707,-7.342007434944242,0,,,
history_2026-08-01_2026-09-07,profit_protection,PROFIT_PROTECTION_202610,2026-08-17,3037,欣興,WATCH,未持有，今日未觸發進場條件,,,80.9,CONTINUE,True,2,9.80392156862746,1.4705882352941124,7,,,
history_2026-08-01_2026-09-07,profit_protection,PROFIT_PROTECTION_202610,2026-08-17,3046,建碁,WATCH,未持有，今日未觸發進場條件,,,74.9,CAUTION,False,1,-0.48154093097912964,-5.13643659711075,0,,,
history_2026-08-01_2026-09-07,profit_protection,PROFIT_PROTECTION_202610,2026-08-17,3443,創意,WATCH,未持有，今日未觸發進場條件,,,76.8,CAUTION,False,2,14.035087719298245,4.483430799220267,0,,,
history_2026-08-01_2026-09-07,profit_protection,PROFIT_PROTECTION_202610,2026-08-17,3515,華擎,WATCH,未持有，今日未觸發進場條件,,,,,False,1,-1.7817371937639215,-2.0044543429844075,0,,,
history_2026-08-01_2026-09-07,profit_protection,PROFIT_PROTECTION_202610,2026-08-17,3605,宏致,WATCH,未持有，今日未觸發進場條件,,,82.2,CAUTION,False,3,22.325581395348838,19.069767441860463,0,,,
history_2026-08-01_2026-09-07,profit_protection,PROFIT_PROTECTION_202610,2026-08-17,3652,精聯,WATCH,未持有，今日未觸發進場條件,,,74.7,CAUTION,False,2,-2.631578947368418,-4.73684210526315,0,,,
history_2026-08-01_2026-09-07,profit_protection,PROFIT_PROTECTION_202610,2026-08-17,3661,世芯-KY,WATCH,未持有，今日未觸發進場條件,,,59.9,CAUTION,False,3,2.6548672566371723,2.6548672566371723,0,,,
history_2026-08-01_2026-09-07,profit_protection,PROFIT_PROTECTION_202610,2026-08-17,4967,十銓,WATCH,未持有，今日未觸發進場條件,,,,,False,1,,,0,,,
history_2026-08-01_2026-09-07,profit_protection,PROFIT_PROTECTION_202610,2026-08-17,5515,建國,WATCH,未持有，今日未觸發進場條件,,,,,False,1,5.555555555555558,-1.388888888888884,0,,,
history_2026-08-01_2026-09-07,profit_protection,PROFIT_PROTECTION_202610,2026-08-17,6213,聯茂,WATCH,未持有，今日未觸發進場條件,,,86.7,CAUTION,True,4,23.6503856041131,19.79434447300772,7,,,
history_2026-08-01_2026-09-07,profit_protection,PROFIT_PROTECTION_202610,2026-08-17,6214,精誠,WATCH,未持有，今日未觸發進場條件,,,77.3,CONTINUE,False,1,2.034883720930236,0.5813953488372103,0,,,
history_2026-08-01_2026-09-07,profit_protection,PROFIT_PROTECTION_202610,2026-08-17,6669,緯穎,WATCH,未持有，今日未觸發進場條件,,,85.4,CAUTION,False,3,8.52459016393443,5.245901639344264,0,,,
history_2026-08-01_2026-09-07,profit_protection,PROFIT_PROTECTION_202610,2026-08-17,6805,富世達,HOLD,持有中，今日未觸發出場/確認條件,,4.619565217391308,82.9,,True,1,0.0,-7.272727272727275,7,CONFIRMED,,
history_2026-08-01_2026-09-07,profit_protection,PROFIT_PROTECTION_202610,2026-08-17,7711,永擎,WATCH,未持有，今日未觸發進場條件,,,85.0,CONTINUE,False,5,26.66666666666666,24.4,0,,,
history_2026-08-01_2026-09-07,profit_protection,PROFIT_PROTECTION_202610,2026-08-17,8039,台虹,HOLD,持有中，今日未觸發出場/確認條件,,-9.598603839441534,78.8,CAUTION,False,1,-4.954128440366967,-7.155963302752289,0,CONFIRMED,,
history_2026-08-01_2026-09-07,profit_protection,PROFIT_PROTECTION_202610,2026-08-17,9921,巨大,WATCH,未持有，今日未觸發進場條件,,,70.3,CAUTION,False,2,5.4112554112554,4.112554112554112,0,,,
history_2026-08-01_2026-09-07,profit_protection,PROFIT_PROTECTION_202610,2026-08-18,2059,川湖,HOLD,持有中，今日未觸發出場/確認條件,,14.59330143540669,71.8,,True,1,0.0,-2.8183716075156573,7,CONFIRMED,,
history_2026-08-01_2026-09-07,profit_protection,PROFIT_PROTECTION_202610,2026-08-18,2330,台積電,WATCH,未持有，今日未觸發進場條件,,,50.4,CAUTION,False,1,-0.6263048016701411,-0.8350730688935326,0,,,
history_2026-08-01_2026-09-07,profit_protection,PROFIT_PROTECTION_202610,2026-08-18,2357,華碩,WATCH,未持有，今日未觸發進場條件,,,78.7,CAUTION,False,1,8.462455303933258,6.197854588796181,0,,,
history_2026-08-01_2026-09-07,profit_protection,PROFIT_PROTECTION_202610,2026-08-18,2359,所羅門,WATCH,未持有，今日未觸發進場條件,,,75.6,CONTINUE,True,2,1.4285714285714235,-6.000000000000005,7,,,
history_2026-08-01_2026-09-07,profit_protection,PROFIT_PROTECTION_202610,2026-08-18,2364,倫飛,WATCH,未持有，今日未觸發進場條件,,,82.6,CONTINUE,False,1,4.691358024691361,3.2098765432098775,0,,,
history_2026-08-01_2026-09-07,profit_protection,PROFIT_PROTECTION_202610,2026-08-18,2376,技嘉,WATCH,未持有，今日未觸發進場條件,,,51.8,STOP_OBSERVING,False,2,-7.323568575233019,-7.8561917443408795,0,,,
history_2026-08-01_2026-09-07,profit_protection,PROFIT_PROTECTION_202610,2026-08-18,2383,台光電,WATCH,未持有，今日未觸發進場條件,,,89.3,CAUTION,False,2,0.6488240064882467,0.08110300081103361,0,,,
history_2026-08-01_2026-09-07,profit_protection,PROFIT_PROTECTION_202610,2026-08-18,2395,研華,WATCH,未持有，今日未觸發進場條件,,,89.3,CAUTION,True,3,7.097791798107256,5.0473186119873725,5,,,
history_2026-08-01_2026-09-07,profit_protection,PROFIT_PROTECTION_202610,2026-08-18,2408,南亞科,WATCH,未持有，今日未觸發進場條件,,,87.4,CAUTION,True,1,0.0,-0.7766990291262155,5,,,
history_2026-08-01_2026-09-07,profit_protection,PROFIT_PROTECTION_202610,2026-08-18,2409,友達,WATCH,未持有，今日未觸發進場條件,,,62.0,STOP_OBSERVING,False,1,-3.302752293577982,-3.669724770642202,0,,,
history_2026-08-01_2026-09-07,profit_protection,PROFIT_PROTECTION_202610,2026-08-18,2454,聯發科,WATCH,未持有，今日未觸發進場條件,,,64.6,STOP_OBSERVING,False,2,-3.3582089552238847,-3.3582089552238847,0,,,
history_2026-08-01_2026-09-07,profit_protection,PROFIT_PROTECTION_202610,2026-08-18,2464,盟立,PULLBACK_WATCH,符合 PULLBACK_WATCH 條件（尚未回穩確認，不進場）,,,73.7,CAUTION,False,3,-5.066666666666664,-6.933333333333335,0,,,
history_2026-08-01_2026-09-07,profit_protection,PROFIT_PROTECTION_202610,2026-08-18,2542,興富發,WATCH,未持有，今日未觸發進場條件,,,77.1,,True,1,0.0,-1.9895287958115238,7,,,
history_2026-08-01_2026-09-07,profit_protection,PROFIT_PROTECTION_202610,2026-08-18,2603,長榮,WATCH,未持有，今日未觸發進場條件,,,83.3,CAUTION,False,2,9.174311926605494,5.9633027522935755,0,,,
history_2026-08-01_2026-09-07,profit_protection,PROFIT_PROTECTION_202610,2026-08-18,2606,裕民,WATCH,未持有，今日未觸發進場條件,,,76.0,,True,1,0.0,-1.449275362318836,6,,,
history_2026-08-01_2026-09-07,profit_protection,PROFIT_PROTECTION_202610,2026-08-18,2609,陽明,WATCH,未持有，今日未觸發進場條件,,,80.3,CAUTION,False,1,2.7422303473491727,-0.1828153564899515,0,,,
history_2026-08-01_2026-09-07,profit_protection,PROFIT_PROTECTION_202610,2026-08-18,2615,萬海,HOLD,持有中，今日未觸發出場/確認條件,,18.243243243243246,80.5,CAUTION,True,2,19.999999999999996,13.028571428571434,7,CONFIRMED,,
history_2026-08-01_2026-09-07,profit_protection,PROFIT_PROTECTION_202610,2026-08-18,2851,中再保,WATCH,未持有，今日未觸發進場條件,,,75.8,CAUTION,False,1,1.4193548387096744,0.1290322580645098,0,,,
history_2026-08-01_2026-09-07,profit_protection,PROFIT_PROTECTION_202610,2026-08-18,3008,大立光,HOLD,持有中，今日未觸發出場/確認條件,,-0.7504690431519689,75.6,CAUTION,False,1,4.339250493096647,-0.295857988165682,0,CONFIRMED,,
history_2026-08-01_2026-09-07,profit_protection,PROFIT_PROTECTION_202610,2026-08-18,3017,奇鋐,WATCH,未持有，今日未觸發進場條件,,,,,False,6,,,0,,,
history_2026-08-01_2026-09-07,profit_protection,PROFIT_PROTECTION_202610,2026-08-18,3037,欣興,WATCH,未持有，今日未觸發進場條件,,,77.9,CONTINUE,True,3,12.254901960784315,9.313725490196067,7,,,
history_2026-08-01_2026-09-07,profit_protection,PROFIT_PROTECTION_202610,2026-08-18,3046,建碁,WATCH,未持有，今日未觸發進場條件,,,62.0,STOP_OBSERVING,False,1,-5.296950240770459,-6.58105939004815,0,,,
history_2026-08-01_2026-09-07,profit_protection,PROFIT_PROTECTION_202610,2026-08-18,3443,創意,WATCH,未持有，今日未觸發進場條件,,,80.7,CONTINUE,False,2,7.8947368421052655,7.602339181286544,0,,,
history_2026-08-01_2026-09-07,profit_protection,PROFIT_PROTECTION_202610,2026-08-18,3563,牧德,WATCH,未持有，今日未觸發進場條件,,,54.6,,True,1,0.0,-2.3188405797101463,3,,,
history_2026-08-01_2026-09-07,profit_protection,PROFIT_PROTECTION_202610,2026-08-18,3605,宏致,WATCH,未持有，今日未觸發進場條件,,,83.8,CAUTION,False,3,12.558139534883717,10.697674418604652,0,,,
history_2026-08-01_2026-09-07,profit_protection,PROFIT_PROTECTION_202610,2026-08-18,3652,精聯,WATCH,未持有，今日未觸發進場條件,,,76.8,CAUTION,False,2,-3.289473684210531,-5.263157894736848,0,,,
history_2026-08-01_2026-09-07,profit_protection,PROFIT_PROTECTION_202610,2026-08-18,3661,世芯-KY,WATCH,未持有，今日未觸發進場條件,,,55.9,STOP_OBSERVING,False,3,-6.068268015170675,-6.953223767383054,0,,,
history_2026-08-01_2026-09-07,profit_protection,PROFIT_PROTECTION_202610,2026-08-18,5515,建國,WATCH,未持有，今日未觸發進場條件,,,89.9,,True,1,0.0,-4.981549815498165,7,,,
history_2026-08-01_2026-09-07,profit_protection,PROFIT_PROTECTION_202610,2026-08-18,5608,四維航,WATCH,未持有，今日未觸發進場條件,,,87.6,,True,1,0.0,-8.77742946708463,7,,,
history_2026-08-01_2026-09-07,profit_protection,PROFIT_PROTECTION_202610,2026-08-18,6213,聯茂,WATCH,未持有，今日未觸發進場條件,,,83.5,CAUTION,True,5,25.449871465295626,22.62210796915167,7,,,
history_2026-08-01_2026-09-07,profit_protection,PROFIT_PROTECTION_202610,2026-08-18,6214,精誠,WATCH,未持有，今日未觸發進場條件,,,81.0,CONTINUE,False,1,2.3255813953488413,0.8720930232558155,0,,,
history_2026-08-01_2026-09-07,profit_protection,PROFIT_PROTECTION_202610,2026-08-18,6226,光鼎,BUY,CONTINUATION_EARLY_REACCEL,2026-08-19,,80.1,,True,1,0.0,-8.056872037914708,7,D1_STARTER,1,
history_2026-08-01_2026-09-07,profit_protection,PROFIT_PROTECTION_202610,2026-08-18,6669,緯穎,WATCH,未持有，今日未觸發進場條件,,,78.7,CAUTION,False,3,4.918032786885251,3.0327868852459083,0,,,
history_2026-08-01_2026-09-07,profit_protection,PROFIT_PROTECTION_202610,2026-08-18,6672,騰輝電子-KY,WATCH,未持有，今日未觸發進場條件,,,91.1,,True,1,0.0,-3.645833333333337,7,,,
history_2026-08-01_2026-09-07,profit_protection,PROFIT_PROTECTION_202610,2026-08-18,6805,富世達,HOLD,持有中，今日未觸發出場/確認條件,,6.521739130434789,86.2,CONTINUE,False,1,1.8181818181818077,-1.2987012987012991,0,CONFIRMED,,
history_2026-08-01_2026-09-07,profit_protection,PROFIT_PROTECTION_202610,2026-08-18,6830,汎銓,BUY,CONTINUATION_EARLY_REACCEL,2026-08-19,,78.1,,True,1,0.0,-2.549246813441486,6,D1_STARTER,2,
history_2026-08-01_2026-09-07,profit_protection,PROFIT_PROTECTION_202610,2026-08-18,7711,永擎,WATCH,未持有，今日未觸發進場條件,,,84.6,CONTINUE,False,5,31.200000000000006,28.000000000000004,0,,,
history_2026-08-01_2026-09-07,profit_protection,PROFIT_PROTECTION_202610,2026-08-18,7750,新代,WATCH,未持有，今日未觸發進場條件,,,86.9,,True,1,0.0,-3.4136546184738936,7,,,
history_2026-08-01_2026-09-07,profit_protection,PROFIT_PROTECTION_202610,2026-08-18,7795,長廣,WATCH,未持有，今日未觸發進場條件,,,84.2,CONTINUE,True,1,0.0,-6.118881118881115,7,,,
history_2026-08-01_2026-09-07,profit_protection,PROFIT_PROTECTION_202610,2026-08-18,8039,台虹,SELL,CONTINUATION_ROTATION,2026-08-19,-3.141361256544506,84.3,CAUTION,False,1,1.83486238532109,-5.321100917431187,0,CONFIRMED,,
history_2026-08-01_2026-09-07,profit_protection,PROFIT_PROTECTION_202610,2026-08-18,9921,巨大,WATCH,未持有，今日未觸發進場條件,,,71.2,STOP_OBSERVING,False,2,5.4112554112554,3.0303030303030276,0,,,
history_2026-08-01_2026-09-07,profit_protection,PROFIT_PROTECTION_202610,2026-08-19,1319,東陽,WATCH,未持有，今日未觸發進場條件,,,82.9,,True,1,0.0,-0.6119951040391647,7,,,
history_2026-08-01_2026-09-07,profit_protection,PROFIT_PROTECTION_202610,2026-08-19,1909,榮成,WATCH,未持有，今日未觸發進場條件,,,75.6,,True,1,0.0,-3.125,7,,,
history_2026-08-01_2026-09-07,profit_protection,PROFIT_PROTECTION_202610,2026-08-19,2059,川湖,HOLD,持有中，今日未觸發出場/確認條件,,12.400318979266345,82.7,CAUTION,False,1,-1.913709116214335,-3.305497564370219,0,CONFIRMED,,
history_2026-08-01_2026-09-07,profit_protection,PROFIT_PROTECTION_202610,2026-08-19,2330,台積電,WATCH,未持有，今日未觸發進場條件,,,45.3,CAUTION,False,1,-1.8789144050104345,-2.5052192066805867,0,,,
history_2026-08-01_2026-09-07,profit_protection,PROFIT_PROTECTION_202610,2026-08-19,2357,華碩,WATCH,未持有，今日未觸發進場條件,,,77.7,STOP_OBSERVING,False,1,10.250297973778299,6.197854588796181,0,,,
history_2026-08-01_2026-09-07,profit_protection,PROFIT_PROTECTION_202610,2026-08-19,2359,所羅門,WATCH,未持有，今日未觸發進場條件,,,74.7,STOP_OBSERVING,False,2,-7.9999999999999964,-8.571428571428575,0,,,
history_2026-08-01_2026-09-07,profit_protection,PROFIT_PROTECTION_202610,2026-08-19,2364,倫飛,WATCH,未持有，今日未觸發進場條件,,,92.0,CAUTION,False,1,1.975308641975304,0.37037037037037646,0,,,
history_2026-08-01_2026-09-07,profit_protection,PROFIT_PROTECTION_202610,2026-08-19,2376,技嘉,WATCH,未持有，今日未觸發進場條件,,,,,False,2,-7.190412782956058,-9.720372836218372,0,,,
history_2026-08-01_2026-09-07,profit_protection,PROFIT_PROTECTION_202610,2026-08-19,2383,台光電,PULLBACK_WATCH,符合 PULLBACK_WATCH 條件（尚未回穩確認，不進場）,,,83.5,CAUTION,False,2,-4.622871046228716,-5.7583130575831305,0,,,
history_2026-08-01_2026-09-07,profit_protection,PROFIT_PROTECTION_202610,2026-08-19,2395,研華,WATCH,未持有，今日未觸發進場條件,,,87.5,CAUTION,True,4,9.46372239747635,5.205047318611977,7,,,
history_2026-08-01_2026-09-07,profit_protection,PROFIT_PROTECTION_202610,2026-08-19,2408,南亞科,WATCH,未持有，今日未觸發進場條件,,,80.4,STOP_OBSERVING,False,1,-6.601941747572814,-6.796116504854366,0,,,
history_2026-08-01_2026-09-07,profit_protection,PROFIT_PROTECTION_202610,2026-08-19,2409,友達,WATCH,未持有，今日未觸發進場條件,,,,,False,1,-4.036697247706423,-7.339449541284404,0,,,
history_2026-08-01_2026-09-07,profit_protection,PROFIT_PROTECTION_202610,2026-08-19,2454,聯發科,WATCH,未持有，今日未觸發進場條件,,,,,False,2,-4.35323383084577,-6.716417910447758,0,,,
history_2026-08-01_2026-09-07,profit_protection,PROFIT_PROTECTION_202610,2026-08-19,2464,盟立,WATCH,未持有，今日未觸發進場條件,,,72.2,STOP_OBSERVING,False,3,-3.200000000000003,-8.266666666666666,0,,,
history_2026-08-01_2026-09-07,profit_protection,PROFIT_PROTECTION_202610,2026-08-19,2542,興富發,WATCH,未持有，今日未觸發進場條件,,,82.1,CAUTION,False,1,0.8376963350785305,-1.3612565445026203,0,,,
history_2026-08-01_2026-09-07,profit_protection,PROFIT_PROTECTION_202610,2026-08-19,2603,長榮,WATCH,未持有，今日未觸發進場條件,,,84.0,CAUTION,True,3,10.321100917431192,6.422018348623859,7,,,
history_2026-08-01_2026-09-07,profit_protection,PROFIT_PROTECTION_202610,2026-08-19,2606,裕民,WATCH,未持有，今日未觸發進場條件,,,74.4,CAUTION,False,1,0.7246376811594235,-1.449275362318836,0,,,
history_2026-08-01_2026-09-07,profit_protection,PROFIT_PROTECTION_202610,2026-08-19,2609,陽明,WATCH,未持有，今日未觸發進場條件,,,79.0,CAUTION,False,1,7.861060329067637,0.3656307129798808,0,,,
history_2026-08-01_2026-09-07,profit_protection,PROFIT_PROTECTION_202610,2026-08-19,2615,萬海,HOLD,持有中，今日未觸發出場/確認條件,,19.932432432432435,79.1,CAUTION,True,3,21.714285714285708,14.057142857142857,7,CONFIRMED,,
history_2026-08-01_2026-09-07,profit_protection,PROFIT_PROTECTION_202610,2026-08-19,2637,慧洋-KY,WATCH,未持有，今日未觸發進場條件,,,78.5,,True,1,0.0,-4.575163398692816,6,,,
history_2026-08-01_2026-09-07,profit_protection,PROFIT_PROTECTION_202610,2026-08-19,2851,中再保,WATCH,未持有，今日未觸發進場條件,,,82.1,CAUTION,True,2,3.741935483870984,0.6451612903225712,7,,,
history_2026-08-01_2026-09-07,profit_protection,PROFIT_PROTECTION_202610,2026-08-19,3008,大立光,HOLD,持有中，今日未觸發出場/確認條件,,4.12757973733584,78.2,CAUTION,False,1,9.467455621301779,0.7889546351084853,0,CONFIRMED,,
history_2026-08-01_2026-09-07,profit_protection,PROFIT_PROTECTION_202610,2026-08-19,3017,奇鋐,WATCH,未持有，今日未觸發進場條件,,,80.9,,True,7,,,5,,,
history_2026-08-01_2026-09-07,profit_protection,PROFIT_PROTECTION_202610,2026-08-19,3037,欣興,WATCH,未持有，今日未觸發進場條件,,,82.8,CAUTION,False,3,10.784313725490202,6.372549019607843,0,,,
history_2026-08-01_2026-09-07,profit_protection,PROFIT_PROTECTION_202610,2026-08-19,3046,建碁,WATCH,未持有，今日未觸發進場條件,,,,,False,1,-5.7784911717495895,-7.383627608346699,0,,,
history_2026-08-01_2026-09-07,profit_protection,PROFIT_PROTECTION_202610,2026-08-19,3443,創意,WATCH,未持有，今日未觸發進場條件,,,80.7,CAUTION,False,2,3.2163742690058506,1.949317738791434,0,,,
history_2026-08-01_2026-09-07,profit_protection,PROFIT_PROTECTION_202610,2026-08-19,3563,牧德,WATCH,未持有，今日未觸發進場條件,,,39.3,CAUTION,False,1,-2.3188405797101463,-2.3188405797101463,0,,,
history_2026-08-01_2026-09-07,profit_protection,PROFIT_PROTECTION_202610,2026-08-19,3605,宏致,WATCH,未持有，今日未觸發進場條件,,,79.5,CAUTION,False,3,10.697674418604652,8.372093023255811,0,,,
history_2026-08-01_2026-09-07,profit_protection,PROFIT_PROTECTION_202610,2026-08-19,3652,精聯,WATCH,未持有，今日未觸發進場條件,,,70.3,STOP_OBSERVING,False,2,-10.26315789473684,-10.394736842105267,0,,,
history_2026-08-01_2026-09-07,profit_protection,PROFIT_PROTECTION_202610,2026-08-19,3661,世芯-KY,WATCH,未持有，今日未觸發進場條件,,,,,False,3,-8.217446270543615,-9.355246523388116,0,,,
history_2026-08-01_2026-09-07,profit_protection,PROFIT_PROTECTION_202610,2026-08-19,5515,建國,WATCH,未持有，今日未觸發進場條件,,,87.6,CAUTION,False,1,-0.738007380073813,-3.136531365313655,0,,,
history_2026-08-01_2026-09-07,profit_protection,PROFIT_PROTECTION_202610,2026-08-19,5608,四維航,WATCH,未持有，今日未觸發進場條件,,,89.9,CAUTION,False,1,9.717868338557988,-2.1943573667711602,0,,,
history_2026-08-01_2026-09-07,profit_protection,PROFIT_PROTECTION_202610,2026-08-19,6213,聯茂,WATCH,未持有，今日未觸發進場條件,,,83.7,CAUTION,True,6,24.4215938303342,19.922879177377894,7,,,
history_2026-08-01_2026-09-07,profit_protection,PROFIT_PROTECTION_202610,2026-08-19,6214,精誠,WATCH,未持有，今日未觸發進場條件,,,92.6,CAUTION,True,2,3.779069767441867,1.4534883720930258,7,,,
history_2026-08-01_2026-09-07,profit_protection,PROFIT_PROTECTION_202610,2026-08-19,6226,光鼎,HOLD,持有中，今日未觸發出場/確認條件,,-8.189655172413769,73.4,CAUTION,False,1,0.9478672985781866,-0.23696682464455776,0,CONFIRMED,,
history_2026-08-01_2026-09-07,profit_protection,PROFIT_PROTECTION_202610,2026-08-19,6669,緯穎,WATCH,未持有，今日未觸發進場條件,,,76.1,CAUTION,False,3,4.508196721311486,1.4754098360655776,0,,,
history_2026-08-01_2026-09-07,profit_protection,PROFIT_PROTECTION_202610,2026-08-19,6672,騰輝電子-KY,WATCH,未持有，今日未觸發進場條件,,,92.4,CAUTION,False,1,-1.388888888888884,-2.777777777777779,0,,,
history_2026-08-01_2026-09-07,profit_protection,PROFIT_PROTECTION_202610,2026-08-19,6805,富世達,HOLD,持有中，今日未觸發出場/確認條件,,-2.1739130434782594,79.7,CAUTION,False,1,-6.493506493506496,-8.051948051948054,0,CONFIRMED,,
history_2026-08-01_2026-09-07,profit_protection,PROFIT_PROTECTION_202610,2026-08-19,6830,汎銓,HOLD,持有中，今日未觸發出場/確認條件,,-3.4198113207547176,63.7,CAUTION,False,1,-5.098493626882972,-6.025492468134419,0,CONFIRMED,,
history_2026-08-01_2026-09-07,profit_protection,PROFIT_PROTECTION_202610,2026-08-19,7711,永擎,WATCH,未持有，今日未觸發進場條件,,,81.4,CAUTION,False,5,30.666666666666664,24.53333333333334,0,,,
history_2026-08-01_2026-09-07,profit_protection,PROFIT_PROTECTION_202610,2026-08-19,7750,新代,WATCH,未持有，今日未觸發進場條件,,,89.2,CAUTION,False,1,1.0040160642570184,-5.2208835341365445,0,,,
history_2026-08-01_2026-09-07,profit_protection,PROFIT_PROTECTION_202610,2026-08-19,7795,長廣,WATCH,未持有，今日未觸發進場條件,,,81.1,STOP_OBSERVING,False,1,-4.895104895104896,-4.895104895104896,0,,,
history_2026-08-01_2026-09-07,profit_protection,PROFIT_PROTECTION_202610,2026-08-19,8039,台虹,WATCH,未持有，今日未觸發進場條件,,,72.1,CAUTION,False,1,-0.3669724770642202,-2.3853211009174258,0,,,
history_2026-08-01_2026-09-07,profit_protection,PROFIT_PROTECTION_202610,2026-08-19,9921,巨大,WATCH,未持有，今日未觸發進場條件,,,,,False,2,12.554112554112539,3.8961038961038863,0,,,
history_2026-08-01_2026-09-07,profit_protection,PROFIT_PROTECTION_202610,2026-08-19,9945,潤泰新,WATCH,未持有，今日未觸發進場條件,,,86.3,,True,1,0.0,-1.5100671140939603,7,,,
history_2026-08-01_2026-09-07,profit_protection,PROFIT_PROTECTION_202610,2026-08-20,1319,東陽,WATCH,未持有，今日未觸發進場條件,,,84.3,CAUTION,False,1,1.591187270501826,0.1223990208078174,0,,,
history_2026-08-01_2026-09-07,profit_protection,PROFIT_PROTECTION_202610,2026-08-20,1402,遠東新,WATCH,未持有，今日未觸發進場條件,,,80.9,,True,1,0.0,-3.595890410958902,7,,,
history_2026-08-01_2026-09-07,profit_protection,PROFIT_PROTECTION_202610,2026-08-20,1909,榮成,WATCH,未持有，今日未觸發進場條件,,,81.6,CAUTION,False,1,-0.44642857142855874,-0.44642857142855874,0,,,
history_2026-08-01_2026-09-07,profit_protection,PROFIT_PROTECTION_202610,2026-08-20,2059,川湖,HOLD,持有中，今日未觸發出場/確認條件,,11.04465709728868,83.0,CAUTION,False,1,-3.0967292971468385,-4.001391788448161,0,CONFIRMED,,
history_2026-08-01_2026-09-07,profit_protection,PROFIT_PROTECTION_202610,2026-08-20,2103,台橡,WATCH,未持有，今日未觸發進場條件,,,82.2,,True,1,0.0,-1.9748653500897717,7,,,
history_2026-08-01_2026-09-07,profit_protection,PROFIT_PROTECTION_202610,2026-08-20,2330,台積電,WATCH,未持有，今日未觸發進場條件,,,45.4,STOP_OBSERVING,False,1,-0.8350730688935326,-1.8789144050104345,0,,,
history_2026-08-01_2026-09-07,profit_protection,PROFIT_PROTECTION_202610,2026-08-20,2357,華碩,WATCH,未持有，今日未觸發進場條件,,,,,False,1,8.820023837902259,7.9856972586412445,0,,,
history_2026-08-01_2026-09-07,profit_protection,PROFIT_PROTECTION_202610,2026-08-20,2359,所羅門,WATCH,未持有，今日未觸發進場條件,,,,,False,2,-9.714285714285719,-12.571428571428566,0,,,
history_2026-08-01_2026-09-07,profit_protection,PROFIT_PROTECTION_202610,2026-08-20,2364,倫飛,WATCH,未持有，今日未觸發進場條件,,,82.9,CAUTION,False,1,1.3580246913580174,0.7407407407407307,0,,,
history_2026-08-01_2026-09-07,profit_protection,PROFIT_PROTECTION_202610,2026-08-20,2383,台光電,WATCH,未持有，今日未觸發進場條件,,,86.1,CAUTION,False,2,-2.9197080291970767,-6.244931062449311,0,,,
history_2026-08-01_2026-09-07,profit_protection,PROFIT_PROTECTION_202610,2026-08-20,2395,研華,WATCH,未持有，今日未觸發進場條件,,,76.2,STOP_OBSERVING,False,4,6.151419558359628,5.205047318611977,0,,,
history_2026-08-01_2026-09-07,profit_protection,PROFIT_PROTECTION_202610,2026-08-20,2408,南亞科,WATCH,未持有，今日未觸發進場條件,,,,,False,1,0.3883495145631022,-3.300970873786413,0,,,
history_2026-08-01_2026-09-07,profit_protection,PROFIT_PROTECTION_202610,2026-08-20,2464,盟立,WATCH,未持有，今日未觸發進場條件,,,,,False,3,-3.733333333333333,-6.133333333333335,0,,,
history_2026-08-01_2026-09-07,profit_protection,PROFIT_PROTECTION_202610,2026-08-20,2542,興富發,WATCH,未持有，今日未觸發進場條件,,,78.7,CAUTION,False,1,1.1518324607329822,0.0,0,,,
history_2026-08-01_2026-09-07,profit_protection,PROFIT_PROTECTION_202610,2026-08-20,2603,長榮,WATCH,未持有，今日未觸發進場條件,,,85.3,CAUTION,True,4,12.844036697247695,10.321100917431192,7,,,
history_2026-08-01_2026-09-07,profit_protection,PROFIT_PROTECTION_202610,2026-08-20,2606,裕民,WATCH,未持有，今日未觸發進場條件,,,74.0,CAUTION,False,1,1.7391304347826209,-0.8695652173912993,0,,,
history_2026-08-01_2026-09-07,profit_protection,PROFIT_PROTECTION_202610,2026-08-20,2609,陽明,WATCH,未持有，今日未觸發進場條件,,,84.9,CAUTION,True,2,10.237659963436908,7.1297989031078535,7,,,
history_2026-08-01_2026-09-07,profit_protection,PROFIT_PROTECTION_202610,2026-08-20,2615,萬海,HOLD,持有中，今日未觸發出場/確認條件,,27.815315315315313,81.5,CAUTION,True,4,29.714285714285715,20.571428571428573,7,CONFIRMED,,
history_2026-08-01_2026-09-07,profit_protection,PROFIT_PROTECTION_202610,2026-08-20,2637,慧洋-KY,WATCH,未持有，今日未觸發進場條件,,,77.9,CAUTION,True,2,3.1590413943355156,-1.4161220043573008,7,,,
history_2026-08-01_2026-09-07,profit_protection,PROFIT_PROTECTION_202610,2026-08-20,2851,中再保,WATCH,未持有，今日未觸發進場條件,,,76.4,CAUTION,True,3,14.064516129032256,14.064516129032256,7,,,
history_2026-08-01_2026-09-07,profit_protection,PROFIT_PROTECTION_202610,2026-08-20,3008,大立光,HOLD,持有中，今日未觸發出場/確認條件,,3.470919324577859,77.9,CAUTION,False,1,8.777120315581843,6.607495069033531,0,CONFIRMED,,
history_2026-08-01_2026-09-07,profit_protection,PROFIT_PROTECTION_202610,2026-08-20,3017,奇鋐,WATCH,未持有，今日未觸發進場條件,,,,,False,7,,,0,,,
history_2026-08-01_2026-09-07,profit_protection,PROFIT_PROTECTION_202610,2026-08-20,3037,欣興,WATCH,未持有，今日未觸發進場條件,,,78.9,CAUTION,False,3,11.764705882352944,6.372549019607843,0,,,
history_2026-08-01_2026-09-07,profit_protection,PROFIT_PROTECTION_202610,2026-08-20,3443,創意,WATCH,未持有，今日未觸發進場條件,,,77.7,STOP_OBSERVING,False,2,9.746588693957126,3.3138401559454245,0,,,
history_2026-08-01_2026-09-07,profit_protection,PROFIT_PROTECTION_202610,2026-08-20,3563,牧德,WATCH,未持有，今日未觸發進場條件,,,29.3,STOP_OBSERVING,False,1,-2.3188405797101463,-3.6231884057971064,0,,,
history_2026-08-01_2026-09-07,profit_protection,PROFIT_PROTECTION_202610,2026-08-20,3605,宏致,WATCH,未持有，今日未觸發進場條件,,,71.6,CAUTION,False,3,2.3255813953488413,0.0,0,,,
history_2026-08-01_2026-09-07,profit_protection,PROFIT_PROTECTION_202610,2026-08-20,3652,精聯,WATCH,未持有，今日未觸發進場條件,,,,,False,2,-9.473684210526322,-10.789473684210527,0,,,
history_2026-08-01_2026-09-07,profit_protection,PROFIT_PROTECTION_202610,2026-08-20,5515,建國,WATCH,未持有，今日未觸發進場條件,,,83.8,CAUTION,True,2,0.0,-2.9520295202952074,7,,,
history_2026-08-01_2026-09-07,profit_protection,PROFIT_PROTECTION_202610,2026-08-20,5534,長虹,WATCH,未持有，今日未觸發進場條件,,,74.3,,True,1,0.0,-2.1013597033374576,5,,,
history_2026-08-01_2026-09-07,profit_protection,PROFIT_PROTECTION_202610,2026-08-20,5607,遠雄港,WATCH,未持有，今日未觸發進場條件,,,88.7,,True,1,0.0,-2.3508137432188048,6,,,
history_2026-08-01_2026-09-07,profit_protection,PROFIT_PROTECTION_202610,2026-08-20,5608,四維航,WATCH,未持有，今日未觸發進場條件,,,72.3,STOP_OBSERVING,False,1,6.896551724137945,4.0752351097178785,0,,,
history_2026-08-01_2026-09-07,profit_protection,PROFIT_PROTECTION_202610,2026-08-20,6213,聯茂,WATCH,未持有，今日未觸發進場條件,,,82.6,CAUTION,False,6,31.105398457583554,25.96401028277635,0,,,
history_2026-08-01_2026-09-07,profit_protection,PROFIT_PROTECTION_202610,2026-08-20,6214,精誠,WATCH,未持有，今日未觸發進場條件,,,88.7,CAUTION,False,2,4.651162790697683,3.488372093023262,0,,,
history_2026-08-01_2026-09-07,profit_protection,PROFIT_PROTECTION_202610,2026-08-20,6226,光鼎,HOLD,持有中，今日未觸發出場/確認條件,,-5.172413793103425,80.0,CAUTION,True,2,4.265402843601884,1.8957345971563955,7,CONFIRMED,,
history_2026-08-01_2026-09-07,profit_protection,PROFIT_PROTECTION_202610,2026-08-20,6472,保瑞,WATCH,未持有，今日未觸發進場條件,,,78.2,,True,1,0.0,-5.948372615039277,7,,,
history_2026-08-01_2026-09-07,profit_protection,PROFIT_PROTECTION_202610,2026-08-20,6669,緯穎,WATCH,未持有，今日未觸發進場條件,,,74.7,CAUTION,False,3,3.688524590163933,2.3770491803278615,0,,,
history_2026-08-01_2026-09-07,profit_protection,PROFIT_PROTECTION_202610,2026-08-20,6672,騰輝電子-KY,WATCH,未持有，今日未觸發進場條件,,,90.9,CAUTION,False,1,-0.17361111111111605,-2.777777777777779,0,,,
history_2026-08-01_2026-09-07,profit_protection,PROFIT_PROTECTION_202610,2026-08-20,6805,富世達,HOLD,持有中，今日未觸發出場/確認條件,,0.5434782608695565,75.0,CAUTION,False,1,-3.8961038961038974,-9.090909090909093,0,CONFIRMED,,
history_2026-08-01_2026-09-07,profit_protection,PROFIT_PROTECTION_202610,2026-08-20,6830,汎銓,HOLD,持有中，今日未觸發出場/確認條件,,-0.9433962264150941,64.3,STOP_OBSERVING,False,1,-2.665121668597914,-5.90961761297798,0,CONFIRMED,,
history_2026-08-01_2026-09-07,profit_protection,PROFIT_PROTECTION_202610,2026-08-20,6919,康霈*,WATCH,未持有，今日未觸發進場條件,,,70.7,,True,1,0.0,-4.128440366972475,5,,,
history_2026-08-01_2026-09-07,profit_protection,PROFIT_PROTECTION_202610,2026-08-20,7711,永擎,WATCH,未持有，今日未觸發進場條件,,,64.0,CAUTION,False,5,21.066666666666656,19.199999999999996,0,,,
history_2026-08-01_2026-09-07,profit_protection,PROFIT_PROTECTION_202610,2026-08-20,7750,新代,WATCH,未持有，今日未觸發進場條件,,,65.9,CAUTION,False,1,-1.2048192771084376,-2.8112449799196804,0,,,
history_2026-08-01_2026-09-07,profit_protection,PROFIT_PROTECTION_202610,2026-08-20,7795,長廣,WATCH,未持有，今日未觸發進場條件,,,,,False,1,-3.4965034965035002,-6.2937062937062915,0,,,
history_2026-08-01_2026-09-07,profit_protection,PROFIT_PROTECTION_202610,2026-08-20,8039,台虹,WATCH,未持有，今日未觸發進場條件,,,65.4,CAUTION,False,1,3.8532110091743066,-0.3669724770642202,0,,,
history_2026-08-01_2026-09-07,profit_protection,PROFIT_PROTECTION_202610,2026-08-20,9945,潤泰新,WATCH,未持有，今日未觸發進場條件,,,84.6,CAUTION,True,2,0.1677852348993314,-0.3355704697986628,7,,,
history_2026-08-01_2026-09-07,profit_protection,PROFIT_PROTECTION_202610,2026-08-21,1215,卜蜂,WATCH,未持有，今日未觸發進場條件,,,54.8,,True,1,0.0,-1.3392857142857095,4,,,
history_2026-08-01_2026-09-07,profit_protection,PROFIT_PROTECTION_202610,2026-08-21,1319,東陽,WATCH,未持有，今日未觸發進場條件,,,76.2,CAUTION,False,1,1.346389228886169,0.6119951040391758,0,,,
history_2026-08-01_2026-09-07,profit_protection,PROFIT_PROTECTION_202610,2026-08-21,1402,遠東新,WATCH,未持有，今日未觸發進場條件,,,85.9,CAUTION,True,2,3.9383561643835607,-0.5136986301369828,7,,,
history_2026-08-01_2026-09-07,profit_protection,PROFIT_PROTECTION_202610,2026-08-21,1717,長興,WATCH,未持有，今日未觸發進場條件,,,61.8,,True,1,0.0,-2.6536312849161914,5,,,
history_2026-08-01_2026-09-07,profit_protection,PROFIT_PROTECTION_202610,2026-08-21,1808,潤隆,WATCH,未持有，今日未觸發進場條件,,,85.4,,True,1,0.0,-7.2972972972973,7,,,
history_2026-08-01_2026-09-07,profit_protection,PROFIT_PROTECTION_202610,2026-08-21,1909,榮成,WATCH,未持有，今日未觸發進場條件,,,82.5,CAUTION,False,1,0.0,-1.7857142857142794,0,,,
history_2026-08-01_2026-09-07,profit_protection,PROFIT_PROTECTION_202610,2026-08-21,2030,彰源,WATCH,未持有，今日未觸發進場條件,,,88.4,,True,1,0.0,-3.139013452914796,7,,,
history_2026-08-01_2026-09-07,profit_protection,PROFIT_PROTECTION_202610,2026-08-21,2059,川湖,HOLD,持有中，今日未觸發出場/確認條件,,6.738437001594888,85.5,CAUTION,False,1,-6.8545581071677075,-7.37647877522617,0,CONFIRMED,,
history_2026-08-01_2026-09-07,profit_protection,PROFIT_PROTECTION_202610,2026-08-21,2103,台橡,WATCH,未持有，今日未觸發進場條件,,,82.9,CAUTION,True,2,1.9748653500897495,-0.8976660682226245,7,,,
history_2026-08-01_2026-09-07,profit_protection,PROFIT_PROTECTION_202610,2026-08-21,2330,台積電,WATCH,未持有，今日未觸發進場條件,,,,,False,1,0.6263048016701411,-1.2526096033402934,0,,,
history_2026-08-01_2026-09-07,profit_protection,PROFIT_PROTECTION_202610,2026-08-21,2364,倫飛,WATCH,未持有，今日未觸發進場條件,,,80.4,STOP_OBSERVING,False,1,-0.24691358024692134,-1.2345679012345734,0,,,
history_2026-08-01_2026-09-07,profit_protection,PROFIT_PROTECTION_202610,2026-08-21,2383,台光電,PULLBACK_WATCH,符合 PULLBACK_WATCH 條件（尚未回穩確認，不進場）,,,80.1,CAUTION,False,2,-7.8669910786699155,-8.353609083536096,0,,,
history_2026-08-01_2026-09-07,profit_protection,PROFIT_PROTECTION_202610,2026-08-21,2395,研華,WATCH,未持有，今日未觸發進場條件,,,,,False,4,2.3659305993690927,1.4195583596214423,0,,,
history_2026-08-01_2026-09-07,profit_protection,PROFIT_PROTECTION_202610,2026-08-21,2489,瑞軒,WATCH,未持有，今日未觸發進場條件,,,60.5,,True,1,0.0,-7.433380084151464,6,,,
history_2026-08-01_2026-09-07,profit_protection,PROFIT_PROTECTION_202610,2026-08-21,2542,興富發,WATCH,未持有，今日未觸發進場條件,,,80.0,CAUTION,False,1,2.1989528795811397,0.9424083769633551,0,,,
history_2026-08-01_2026-09-07,profit_protection,PROFIT_PROTECTION_202610,2026-08-21,2603,長榮,WATCH,未持有，今日未觸發進場條件,,,84.4,CAUTION,True,5,15.366972477064223,12.844036697247695,7,,,
history_2026-08-01_2026-09-07,profit_protection,PROFIT_PROTECTION_202610,2026-08-21,2605,新興,WATCH,未持有，今日未觸發進場條件,,,71.1,,True,1,0.0,-4.100529100529093,5,,,
history_2026-08-01_2026-09-07,profit_protection,PROFIT_PROTECTION_202610,2026-08-21,2606,裕民,WATCH,未持有，今日未觸發進場條件,,,76.2,CAUTION,False,1,5.217391304347818,1.7391304347826209,0,,,
history_2026-08-01_2026-09-07,profit_protection,PROFIT_PROTECTION_202610,2026-08-21,2609,陽明,WATCH,未持有，今日未觸發進場條件,,,79.8,CAUTION,False,2,17.0018281535649,9.872029250457025,0,,,
history_2026-08-01_2026-09-07,profit_protection,PROFIT_PROTECTION_202610,2026-08-21,2615,萬海,HOLD,持有中，今日未觸發出場/確認條件,,40.202702702702695,81.2,CAUTION,True,5,42.285714285714285,27.428571428571423,7,CONFIRMED,,
history_2026-08-01_2026-09-07,profit_protection,PROFIT_PROTECTION_202610,2026-08-21,2617,台航,WATCH,未持有，今日未觸發進場條件,,,73.7,,True,1,0.0,-2.8301886792452935,6,,,
history_2026-08-01_2026-09-07,profit_protection,PROFIT_PROTECTION_202610,2026-08-21,2637,慧洋-KY,WATCH,未持有，今日未觸發進場條件,,,74.2,CAUTION,False,2,11.111111111111116,1.7429193899782147,0,,,
history_2026-08-01_2026-09-07,profit_protection,PROFIT_PROTECTION_202610,2026-08-21,2646,星宇航空,WATCH,未持有，今日未觸發進場條件,,,59.6,,True,1,0.0,-0.9389671361502261,4,,,
history_2026-08-01_2026-09-07,profit_protection,PROFIT_PROTECTION_202610,2026-08-21,2851,中再保,WATCH,未持有，今日未觸發進場條件,,,75.4,CAUTION,False,3,21.548387096774203,14.193548387096765,0,,,
history_2026-08-01_2026-09-07,profit_protection,PROFIT_PROTECTION_202610,2026-08-21,2881,富邦金,WATCH,未持有，今日未觸發進場條件,,,68.7,,True,1,0.0,-4.850746268656714,6,,,
history_2026-08-01_2026-09-07,profit_protection,PROFIT_PROTECTION_202610,2026-08-21,3008,大立光,HOLD,持有中，今日未觸發出場/確認條件,,5.253283302063783,73.8,CAUTION,False,1,10.650887573964507,3.747534516765283,0,CONFIRMED,,
history_2026-08-01_2026-09-07,profit_protection,PROFIT_PROTECTION_202610,2026-08-21,3017,奇鋐,WATCH,未持有，今日未觸發進場條件,,,,,False,7,,,0,,,
history_2026-08-01_2026-09-07,profit_protection,PROFIT_PROTECTION_202610,2026-08-21,3037,欣興,WATCH,未持有，今日未觸發進場條件,,,76.9,CAUTION,True,4,6.372549019607843,0.9803921568627416,5,,,
history_2026-08-01_2026-09-07,profit_protection,PROFIT_PROTECTION_202610,2026-08-21,3045,台灣大,WATCH,未持有，今日未觸發進場條件,,,68.6,,True,1,0.0,-1.30434782608696,5,,,
history_2026-08-01_2026-09-07,profit_protection,PROFIT_PROTECTION_202610,2026-08-21,3135,凌航,WATCH,未持有，今日未觸發進場條件,,,72.1,,True,1,0.0,-2.346041055718473,3,,,
history_2026-08-01_2026-09-07,profit_protection,PROFIT_PROTECTION_202610,2026-08-21,3443,創意,WATCH,未持有，今日未觸發進場條件,,,,,False,2,9.161793372319682,5.750487329434706,0,,,
history_2026-08-01_2026-09-07,profit_protection,PROFIT_PROTECTION_202610,2026-08-21,3563,牧德,WATCH,未持有，今日未觸發進場條件,,,,,False,1,-1.8840579710144967,-3.7681159420289823,0,,,
history_2026-08-01_2026-09-07,profit_protection,PROFIT_PROTECTION_202610,2026-08-21,3605,宏致,WATCH,未持有，今日未觸發進場條件,,,66.2,STOP_OBSERVING,False,3,0.9302325581395321,-0.9302325581395321,0,,,
history_2026-08-01_2026-09-07,profit_protection,PROFIT_PROTECTION_202610,2026-08-21,5515,建國,WATCH,未持有，今日未觸發進場條件,,,87.2,CAUTION,False,2,2.7675276752767486,-0.18450184501844769,0,,,
history_2026-08-01_2026-09-07,profit_protection,PROFIT_PROTECTION_202610,2026-08-21,5534,長虹,WATCH,未持有，今日未觸發進場條件,,,64.9,CAUTION,False,1,-0.6180469715698411,-2.1013597033374576,0,,,
history_2026-08-01_2026-09-07,profit_protection,PROFIT_PROTECTION_202610,2026-08-21,5607,遠雄港,WATCH,未持有，今日未觸發進場條件,,,88.8,CAUTION,False,1,1.0849909584086825,-0.5424954792043302,0,,,
history_2026-08-01_2026-09-07,profit_protection,PROFIT_PROTECTION_202610,2026-08-21,5608,四維航,WATCH,未持有，今日未觸發進場條件,,,,,False,1,17.554858934169282,5.329153605015691,0,,,
history_2026-08-01_2026-09-07,profit_protection,PROFIT_PROTECTION_202610,2026-08-21,6213,聯茂,WATCH,未持有，今日未觸發進場條件,,,85.0,CAUTION,False,6,31.87660668380463,28.149100257069403,0,,,
history_2026-08-01_2026-09-07,profit_protection,PROFIT_PROTECTION_202610,2026-08-21,6214,精誠,WATCH,未持有，今日未觸發進場條件,,,79.3,CAUTION,False,2,4.3604651162790775,3.779069767441867,0,,,
history_2026-08-01_2026-09-07,profit_protection,PROFIT_PROTECTION_202610,2026-08-21,6226,光鼎,HOLD,持有中，今日未觸發出場/確認條件,,-8.620689655172399,80.2,CAUTION,False,2,0.4739336492890933,0.4739336492890933,0,CONFIRMED,,
history_2026-08-01_2026-09-07,profit_protection,PROFIT_PROTECTION_202610,2026-08-21,6472,保瑞,WATCH,未持有，今日未觸發進場條件,,,78.0,CAUTION,False,1,2.1324354657688005,-3.0303030303030276,0,,,
history_2026-08-01_2026-09-07,profit_protection,PROFIT_PROTECTION_202610,2026-08-21,6533,晶心科,WATCH,未持有，今日未觸發進場條件,,,70.4,,True,1,0.0,-2.8000000000000025,6,,,
history_2026-08-01_2026-09-07,profit_protection,PROFIT_PROTECTION_202610,2026-08-21,6669,緯穎,WATCH,未持有，今日未觸發進場條件,,,66.8,STOP_OBSERVING,False,3,2.5409836065573677,2.1311475409836023,0,,,
history_2026-08-01_2026-09-07,profit_protection,PROFIT_PROTECTION_202610,2026-08-21,6672,騰輝電子-KY,WATCH,未持有，今日未觸發進場條件,,,81.4,STOP_OBSERVING,False,1,-7.118055555555558,-8.333333333333337,0,,,
history_2026-08-01_2026-09-07,profit_protection,PROFIT_PROTECTION_202610,2026-08-21,6805,富世達,HOLD,持有中，今日未觸發出場/確認條件,,-4.07608695652174,67.4,STOP_OBSERVING,False,1,-8.311688311688314,-8.571428571428575,0,CONFIRMED,,
history_2026-08-01_2026-09-07,profit_protection,PROFIT_PROTECTION_202610,2026-08-21,6830,汎銓,HOLD,持有中，今日未觸發出場/確認條件,,8.962264150943389,78.2,,True,2,7.068366164542295,-3.244495944380066,7,CONFIRMED,,
history_2026-08-01_2026-09-07,profit_protection,PROFIT_PROTECTION_202610,2026-08-21,6919,康霈*,WATCH,未持有，今日未觸發進場條件,,,74.8,CAUTION,False,1,4.128440366972486,-1.3761467889908285,0,,,
history_2026-08-01_2026-09-07,profit_protection,PROFIT_PROTECTION_202610,2026-08-21,7711,永擎,WATCH,未持有，今日未觸發進場條件,,,65.6,STOP_OBSERVING,False,5,23.066666666666656,19.333333333333336,0,,,
history_2026-08-01_2026-09-07,profit_protection,PROFIT_PROTECTION_202610,2026-08-21,7750,新代,WATCH,未持有，今日未觸發進場條件,,,53.0,STOP_OBSERVING,False,1,-11.044176706827313,-11.044176706827313,0,,,
history_2026-08-01_2026-09-07,profit_protection,PROFIT_PROTECTION_202610,2026-08-21,7795,長廣,WATCH,未持有，今日未觸發進場條件,,,73.2,,True,1,0.0,-5.486725663716818,6,,,
history_2026-08-01_2026-09-07,profit_protection,PROFIT_PROTECTION_202610,2026-08-21,8039,台虹,WATCH,未持有，今日未觸發進場條件,,,63.8,CAUTION,False,1,3.4862385321100975,-4.220183486238527,0,,,
history_2026-08-01_2026-09-07,profit_protection,PROFIT_PROTECTION_202610,2026-08-21,8110,華東,WATCH,未持有，今日未觸發進場條件,,,62.1,,True,1,0.0,-2.986725663716816,6,,,
history_2026-08-01_2026-09-07,profit_protection,PROFIT_PROTECTION_202610,2026-08-21,9945,潤泰新,WATCH,未持有，今日未觸發進場條件,,,71.1,STOP_OBSERVING,False,2,-1.34228187919464,-1.6778523489932917,0,,,
history_2026-08-01_2026-09-07,profit_protection,PROFIT_PROTECTION_202610,2026-08-24,1215,卜蜂,WATCH,未持有，今日未觸發進場條件,,,53.5,STOP_OBSERVING,False,1,-2.67857142857143,-4.01785714285714,0,,,
history_2026-08-01_2026-09-07,profit_protection,PROFIT_PROTECTION_202610,2026-08-24,1319,東陽,WATCH,未持有，今日未觸發進場條件,,,72.5,CAUTION,False,1,1.1015911872704898,0.8567931456548328,0,,,
history_2026-08-01_2026-09-07,profit_protection,PROFIT_PROTECTION_202610,2026-08-24,1402,遠東新,WATCH,未持有，今日未觸發進場條件,,,82.3,CAUTION,False,2,0.8561643835616417,-0.5136986301369828,0,,,
history_2026-08-01_2026-09-07,profit_protection,PROFIT_PROTECTION_202610,2026-08-24,1608,華榮,WATCH,未持有，今日未觸發進場條件,,,86.5,,True,1,0.0,-1.498637602179853,7,,,
history_2026-08-01_2026-09-07,profit_protection,PROFIT_PROTECTION_202610,2026-08-24,1717,長興,WATCH,未持有，今日未觸發進場條件,,,61.6,CAUTION,False,1,-0.41899441340781385,-1.3966480446927387,0,,,
history_2026-08-01_2026-09-07,profit_protection,PROFIT_PROTECTION_202610,2026-08-24,1808,潤隆,WATCH,未持有，今日未觸發進場條件,,,74.0,CAUTION,False,1,-3.513513513513511,-4.324324324324325,0,,,
history_2026-08-01_2026-09-07,profit_protection,PROFIT_PROTECTION_202610,2026-08-24,1909,榮成,WATCH,未持有，今日未觸發進場條件,,,69.8,CAUTION,False,1,-2.2321428571428603,-2.678571428571419,0,,,
history_2026-08-01_2026-09-07,profit_protection,PROFIT_PROTECTION_202610,2026-08-24,2030,彰源,WATCH,未持有，今日未觸發進場條件,,,92.8,CAUTION,False,1,3.139013452914785,0.8968609865470878,0,,,
history_2026-08-01_2026-09-07,profit_protection,PROFIT_PROTECTION_202610,2026-08-24,2059,川湖,HOLD,持有中，今日未觸發出場/確認條件,,14.912280701754387,92.3,CAUTION,False,1,0.27835768963118124,-5.0104384133611735,0,CONFIRMED,,
history_2026-08-01_2026-09-07,profit_protection,PROFIT_PROTECTION_202610,2026-08-24,2103,台橡,WATCH,未持有，今日未觸發進場條件,,,79.8,CAUTION,False,2,1.6157989228007263,-0.7181328545781018,0,,,
history_2026-08-01_2026-09-07,profit_protection,PROFIT_PROTECTION_202610,2026-08-24,2301,光寶科,WATCH,未持有，今日未觸發進場條件,,,89.7,,True,1,0.0,-8.188153310104529,7,,,
history_2026-08-01_2026-09-07,profit_protection,PROFIT_PROTECTION_202610,2026-08-24,2364,倫飛,WATCH,未持有，今日未觸發進場條件,,,,,False,1,-7.901234567901239,-8.148148148148138,0,,,
history_2026-08-01_2026-09-07,profit_protection,PROFIT_PROTECTION_202610,2026-08-24,2383,台光電,PULLBACK_WATCH,符合 PULLBACK_WATCH 條件（尚未回穩確認，不進場）,,,76.0,CAUTION,False,2,-11.922141119221408,-12.165450121654498,0,,,
history_2026-08-01_2026-09-07,profit_protection,PROFIT_PROTECTION_202610,2026-08-24,2489,瑞軒,WATCH,未持有，今日未觸發進場條件,,,54.6,CAUTION,False,1,3.5063113604488105,3.3660589060308554,0,,,
history_2026-08-01_2026-09-07,profit_protection,PROFIT_PROTECTION_202610,2026-08-24,2542,興富發,WATCH,未持有，今日未觸發進場條件,,,77.2,CAUTION,False,1,1.1518324607329822,0.6282722513089034,0,,,
history_2026-08-01_2026-09-07,profit_protection,PROFIT_PROTECTION_202610,2026-08-24,2603,長榮,WATCH,未持有，今日未觸發進場條件,,,84.5,CAUTION,True,6,14.908256880733939,13.990825688073393,6,,,
history_2026-08-01_2026-09-07,profit_protection,PROFIT_PROTECTION_202610,2026-08-24,2605,新興,WATCH,未持有，今日未觸發進場條件,,,63.3,CAUTION,False,1,-3.1746031746031633,-4.100529100529093,0,,,
history_2026-08-01_2026-09-07,profit_protection,PROFIT_PROTECTION_202610,2026-08-24,2606,裕民,WATCH,未持有，今日未觸發進場條件,,,68.4,CAUTION,False,1,4.7826086956521685,4.492753623188395,0,,,
history_2026-08-01_2026-09-07,profit_protection,PROFIT_PROTECTION_202610,2026-08-24,2609,陽明,WATCH,未持有，今日未觸發進場條件,,,75.2,CAUTION,True,3,17.915904936014627,16.08775137111518,7,,,
history_2026-08-01_2026-09-07,profit_protection,PROFIT_PROTECTION_202610,2026-08-24,2615,萬海,SELL,PROFIT_PROTECTION_EXIT,2026-08-25,40.202702702702695,71.8,CAUTION,False,5,42.285714285714285,40.57142857142857,0,CONFIRMED,,"{""actual_profit_pct"": 40.202702702702695, ""previous_trade_date"": ""2026-08-21"", ""strong_signal"": true, ""trigger"": ""DIRECT_EXIT"", ""weakness_score"": 3, ""weakness_signals"": [""P4_CAUTION"", ""MOMENTUM_DOWN_5PP"", ""EVIDENCE_DOWN_2""]}"
history_2026-08-01_2026-09-07,profit_protection,PROFIT_PROTECTION_202610,2026-08-24,2617,台航,WATCH,未持有，今日未觸發進場條件,,,77.6,CAUTION,False,1,-0.15723270440252124,-0.9433962264150941,0,,,
history_2026-08-01_2026-09-07,profit_protection,PROFIT_PROTECTION_202610,2026-08-24,2637,慧洋-KY,WATCH,未持有，今日未觸發進場條件,,,66.3,CAUTION,False,2,5.7734204793028265,5.119825708060999,0,,,
history_2026-08-01_2026-09-07,profit_protection,PROFIT_PROTECTION_202610,2026-08-24,2646,星宇航空,WATCH,未持有，今日未觸發進場條件,,,54.2,CAUTION,False,1,0.0,-0.23474178403756207,0,,,
history_2026-08-01_2026-09-07,profit_protection,PROFIT_PROTECTION_202610,2026-08-24,2851,中再保,WATCH,未持有，今日未觸發進場條件,,,65.6,STOP_OBSERVING,False,3,10.580645161290336,9.80645161290321,0,,,
history_2026-08-01_2026-09-07,profit_protection,PROFIT_PROTECTION_202610,2026-08-24,2881,富邦金,WATCH,未持有，今日未觸發進場條件,,,61.1,CAUTION,False,1,-1.4925373134328401,-2.238805970149249,0,,,
history_2026-08-01_2026-09-07,profit_protection,PROFIT_PROTECTION_202610,2026-08-24,3006,晶豪科,WATCH,未持有，今日未觸發進場條件,,,73.7,,True,1,0.0,-10.460992907801414,7,,,
history_2026-08-01_2026-09-07,profit_protection,PROFIT_PROTECTION_202610,2026-08-24,3008,大立光,HOLD,持有中，今日未觸發出場/確認條件,,1.0318949343339545,71.5,CAUTION,False,1,6.213017751479288,6.015779092702167,0,CONFIRMED,,
history_2026-08-01_2026-09-07,profit_protection,PROFIT_PROTECTION_202610,2026-08-24,3017,奇鋐,WATCH,未持有，今日未觸發進場條件,,,,,False,7,,,0,,,
history_2026-08-01_2026-09-07,profit_protection,PROFIT_PROTECTION_202610,2026-08-24,3037,欣興,WATCH,未持有，今日未觸發進場條件,,,72.7,CAUTION,False,4,5.392156862745101,4.4117647058823595,0,,,
history_2026-08-01_2026-09-07,profit_protection,PROFIT_PROTECTION_202610,2026-08-24,3045,台灣大,WATCH,未持有，今日未觸發進場條件,,,68.8,CAUTION,True,2,0.0,-0.8695652173912993,5,,,
history_2026-08-01_2026-09-07,profit_protection,PROFIT_PROTECTION_202610,2026-08-24,3135,凌航,WATCH,未持有，今日未觸發進場條件,,,68.5,CAUTION,False,1,3.8123167155425186,1.7595307917888547,0,,,
history_2026-08-01_2026-09-07,profit_protection,PROFIT_PROTECTION_202610,2026-08-24,3443,創意,WATCH,未持有，今日未觸發進場條件,,,73.8,CAUTION,False,2,4.580896686159841,4.2884990253411415,0,,,
history_2026-08-01_2026-09-07,profit_protection,PROFIT_PROTECTION_202610,2026-08-24,3532,台勝科,WATCH,未持有，今日未觸發進場條件,,,56.5,,True,1,0.0,-8.499335989375833,4,,,
history_2026-08-01_2026-09-07,profit_protection,PROFIT_PROTECTION_202610,2026-08-24,3605,宏致,WATCH,未持有，今日未觸發進場條件,,,,,False,3,7.441860465116279,0.9302325581395321,0,,,
history_2026-08-01_2026-09-07,profit_protection,PROFIT_PROTECTION_202610,2026-08-24,5515,建國,WATCH,未持有，今日未觸發進場條件,,,88.9,CAUTION,False,2,-1.4760147601476148,-2.3985239852398643,0,,,
history_2026-08-01_2026-09-07,profit_protection,PROFIT_PROTECTION_202610,2026-08-24,5534,長虹,WATCH,未持有，今日未觸發進場條件,,,68.0,CAUTION,False,1,-0.8652657601977753,-1.359703337453655,0,,,
history_2026-08-01_2026-09-07,profit_protection,PROFIT_PROTECTION_202610,2026-08-24,5607,遠雄港,WATCH,未持有，今日未觸發進場條件,,,77.8,CAUTION,False,1,0.3616636528029016,-0.5424954792043302,0,,,
history_2026-08-01_2026-09-07,profit_protection,PROFIT_PROTECTION_202610,2026-08-24,5608,四維航,WATCH,未持有，今日未觸發進場條件,,,75.3,CAUTION,False,1,12.85266457680252,12.85266457680252,0,,,
history_2026-08-01_2026-09-07,profit_protection,PROFIT_PROTECTION_202610,2026-08-24,6176,瑞儀,WATCH,未持有，今日未觸發進場條件,,,53.5,,True,1,0.0,-1.6748768472906406,3,,,
history_2026-08-01_2026-09-07,profit_protection,PROFIT_PROTECTION_202610,2026-08-24,6213,聯茂,WATCH,未持有，今日未觸發進場條件,,,87.1,CAUTION,False,6,24.03598971722365,22.879177377892024,0,,,
history_2026-08-01_2026-09-07,profit_protection,PROFIT_PROTECTION_202610,2026-08-24,6214,精誠,WATCH,未持有，今日未觸發進場條件,,,82.0,CAUTION,False,2,4.3604651162790775,4.3604651162790775,0,,,
history_2026-08-01_2026-09-07,profit_protection,PROFIT_PROTECTION_202610,2026-08-24,6226,光鼎,HOLD,持有中，今日未觸發出場/確認條件,,0.4310344827586521,85.0,CAUTION,False,2,10.426540284360186,-0.4739336492891044,0,CONFIRMED,,
history_2026-08-01_2026-09-07,profit_protection,PROFIT_PROTECTION_202610,2026-08-24,6446,藥華藥,WATCH,未持有，今日未觸發進場條件,,,85.3,,True,1,0.0,-4.74576271186441,7,,,
history_2026-08-01_2026-09-07,profit_protection,PROFIT_PROTECTION_202610,2026-08-24,6472,保瑞,WATCH,未持有，今日未觸發進場條件,,,78.0,CAUTION,False,1,1.683501683501687,-0.7856341189674487,0,,,
history_2026-08-01_2026-09-07,profit_protection,PROFIT_PROTECTION_202610,2026-08-24,6533,晶心科,WATCH,未持有，今日未觸發進場條件,,,71.3,CAUTION,True,2,-1.4000000000000012,-2.0000000000000018,5,,,
history_2026-08-01_2026-09-07,profit_protection,PROFIT_PROTECTION_202610,2026-08-24,6669,緯穎,WATCH,未持有，今日未觸發進場條件,,,,,False,3,3.2786885245901676,1.7213114754098369,0,,,
history_2026-08-01_2026-09-07,profit_protection,PROFIT_PROTECTION_202610,2026-08-24,6672,騰輝電子-KY,WATCH,未持有，今日未觸發進場條件,,,,,False,1,-10.069444444444443,-10.416666666666663,0,,,
history_2026-08-01_2026-09-07,profit_protection,PROFIT_PROTECTION_202610,2026-08-24,6805,富世達,HOLD,持有中，今日未觸發出場/確認條件,,-7.065217391304346,,,False,1,-11.168831168831172,-12.207792207792211,0,CONFIRMED,,
history_2026-08-01_2026-09-07,profit_protection,PROFIT_PROTECTION_202610,2026-08-24,6830,汎銓,HOLD,持有中，今日未觸發出場/確認條件,,5.306603773584895,65.6,STOP_OBSERVING,False,1,-3.354978354978355,-3.354978354978355,0,CONFIRMED,,
history_2026-08-01_2026-09-07,profit_protection,PROFIT_PROTECTION_202610,2026-08-24,6919,康霈*,WATCH,未持有，今日未觸發進場條件,,,68.6,CAUTION,False,1,1.3761467889908285,1.3761467889908285,0,,,
history_2026-08-01_2026-09-07,profit_protection,PROFIT_PROTECTION_202610,2026-08-24,6949,沛爾生醫-創,WATCH,未持有，今日未觸發進場條件,,,79.1,,True,1,0.0,-5.668016194331981,7,,,
history_2026-08-01_2026-09-07,profit_protection,PROFIT_PROTECTION_202610,2026-08-24,7711,永擎,WATCH,未持有，今日未觸發進場條件,,,85.8,,True,6,32.666666666666664,22.26666666666666,7,,,
history_2026-08-01_2026-09-07,profit_protection,PROFIT_PROTECTION_202610,2026-08-24,7750,新代,WATCH,未持有，今日未觸發進場條件,,,,,False,1,-14.05622489959839,-14.457831325301207,0,,,
history_2026-08-01_2026-09-07,profit_protection,PROFIT_PROTECTION_202610,2026-08-24,7795,長廣,WATCH,未持有，今日未觸發進場條件,,,76.7,CAUTION,False,1,0.5309734513274433,0.0,0,,,
history_2026-08-01_2026-09-07,profit_protection,PROFIT_PROTECTION_202610,2026-08-24,8039,台虹,WATCH,未持有，今日未觸發進場條件,,,66.1,CAUTION,False,1,-2.752293577981646,-2.752293577981646,0,,,
history_2026-08-01_2026-09-07,profit_protection,PROFIT_PROTECTION_202610,2026-08-24,8110,華東,WATCH,未持有，今日未觸發進場條件,,,63.8,CAUTION,False,1,0.7743362831858391,0.0,0,,,
history_2026-08-01_2026-09-07,profit_protection,PROFIT_PROTECTION_202610,2026-08-24,9945,潤泰新,WATCH,未持有，今日未觸發進場條件,,,,,False,2,-2.684563758389269,-4.194630872483218,0,,,
history_2026-08-01_2026-09-07,profit_protection,PROFIT_PROTECTION_202610,2026-08-25,1215,卜蜂,WATCH,未持有，今日未觸發進場條件,,,,,False,1,-2.67857142857143,-3.57142857142857,0,,,
history_2026-08-01_2026-09-07,profit_protection,PROFIT_PROTECTION_202610,2026-08-25,1319,東陽,WATCH,未持有，今日未觸發進場條件,,,73.0,CAUTION,False,1,1.1015911872704898,0.489596083231314,0,,,
history_2026-08-01_2026-09-07,profit_protection,PROFIT_PROTECTION_202610,2026-08-25,1402,遠東新,WATCH,未持有，今日未觸發進場條件,,,72.2,STOP_OBSERVING,False,2,-0.6849315068493178,-1.1986301369862895,0,,,
history_2026-08-01_2026-09-07,profit_protection,PROFIT_PROTECTION_202610,2026-08-25,1608,華榮,WATCH,未持有，今日未觸發進場條件,,,82.8,CAUTION,False,1,-0.27247956403270157,-1.0899182561308063,0,,,
history_2026-08-01_2026-09-07,profit_protection,PROFIT_PROTECTION_202610,2026-08-25,1709,和益,WATCH,未持有，今日未觸發進場條件,,,88.4,,True,1,0.0,-2.8148148148148255,7,,,
history_2026-08-01_2026-09-07,profit_protection,PROFIT_PROTECTION_202610,2026-08-25,1717,長興,WATCH,未持有，今日未觸發進場條件,,,65.1,CAUTION,False,1,0.13966480446927498,-2.0949720670391025,0,,,
history_2026-08-01_2026-09-07,profit_protection,PROFIT_PROTECTION_202610,2026-08-25,1802,台玻,WATCH,未持有，今日未觸發進場條件,,,72.2,,True,1,0.0,-4.137931034482756,5,,,
history_2026-08-01_2026-09-07,profit_protection,PROFIT_PROTECTION_202610,2026-08-25,1808,潤隆,WATCH,未持有，今日未觸發進場條件,,,75.0,CAUTION,False,1,-1.75675675675675,-5.405405405405405,0,,,
history_2026-08-01_2026-09-07,profit_protection,PROFIT_PROTECTION_202610,2026-08-25,1909,榮成,WATCH,未持有，今日未觸發進場條件,,,66.8,STOP_OBSERVING,False,1,-1.7857142857142794,-3.125,0,,,
history_2026-08-01_2026-09-07,profit_protection,PROFIT_PROTECTION_202610,2026-08-25,2030,彰源,WATCH,未持有，今日未觸發進場條件,,,94.7,CAUTION,True,2,6.053811659192809,2.0179372197309364,7,,,
history_2026-08-01_2026-09-07,profit_protection,PROFIT_PROTECTION_202610,2026-08-25,2059,川湖,HOLD,持有中，今日未觸發出場/確認條件,,13.915470494417859,86.7,CAUTION,False,1,-0.5915100904662518,-2.1224773834377153,0,CONFIRMED,,
history_2026-08-01_2026-09-07,profit_protection,PROFIT_PROTECTION_202610,2026-08-25,2103,台橡,WATCH,未持有，今日未觸發進場條件,,,74.7,CAUTION,False,2,0.8976660682226134,-0.17953321364452268,0,,,
history_2026-08-01_2026-09-07,profit_protection,PROFIT_PROTECTION_202610,2026-08-25,2301,光寶科,WATCH,未持有，今日未觸發進場條件,,,93.2,CAUTION,False,1,3.1358885017421567,-3.3101045296167197,0,,,
history_2026-08-01_2026-09-07,profit_protection,PROFIT_PROTECTION_202610,2026-08-25,2383,台光電,WATCH,未持有，今日未觸發進場條件,,,75.8,STOP_OBSERVING,False,2,-9.245742092457421,-14.760746147607462,0,,,
history_2026-08-01_2026-09-07,profit_protection,PROFIT_PROTECTION_202610,2026-08-25,2489,瑞軒,WATCH,未持有，今日未觸發進場條件,,,68.3,CAUTION,False,1,13.744740532959332,-3.2258064516129004,0,,,
history_2026-08-01_2026-09-07,profit_protection,PROFIT_PROTECTION_202610,2026-08-25,2542,興富發,WATCH,未持有，今日未觸發進場條件,,,66.4,CAUTION,False,1,-0.5235602094240788,-1.3612565445026203,0,,,
history_2026-08-01_2026-09-07,profit_protection,PROFIT_PROTECTION_202610,2026-08-25,2603,長榮,WATCH,未持有，今日未觸發進場條件,,,82.3,CAUTION,True,7,12.844036697247695,11.238532110091736,5,,,
history_2026-08-01_2026-09-07,profit_protection,PROFIT_PROTECTION_202610,2026-08-25,2605,新興,WATCH,未持有，今日未觸發進場條件,,,59.9,CAUTION,False,1,-2.910052910052896,-3.1746031746031633,0,,,
history_2026-08-01_2026-09-07,profit_protection,PROFIT_PROTECTION_202610,2026-08-25,2606,裕民,WATCH,未持有，今日未觸發進場條件,,,84.4,CAUTION,True,2,13.043478260869556,6.666666666666665,7,,,
history_2026-08-01_2026-09-07,profit_protection,PROFIT_PROTECTION_202610,2026-08-25,2609,陽明,WATCH,未持有，今日未觸發進場條件,,,73.3,CAUTION,False,3,16.270566727605118,14.990859232175492,0,,,
history_2026-08-01_2026-09-07,profit_protection,PROFIT_PROTECTION_202610,2026-08-25,2613,中櫃,WATCH,未持有，今日未觸發進場條件,,,74.3,,True,1,0.0,-2.857142857142858,7,,,
history_2026-08-01_2026-09-07,profit_protection,PROFIT_PROTECTION_202610,2026-08-25,2615,萬海,WATCH,未持有，今日未觸發進場條件,,,76.2,CAUTION,False,5,44.57142857142857,42.285714285714285,0,,,
history_2026-08-01_2026-09-07,profit_protection,PROFIT_PROTECTION_202610,2026-08-25,2617,台航,WATCH,未持有，今日未觸發進場條件,,,67.8,CAUTION,True,2,0.15723270440251014,-0.9433962264150941,5,,,
history_2026-08-01_2026-09-07,profit_protection,PROFIT_PROTECTION_202610,2026-08-25,2637,慧洋-KY,WATCH,未持有，今日未觸發進場條件,,,60.4,STOP_OBSERVING,False,2,4.030501089324612,3.1590413943355156,0,,,
history_2026-08-01_2026-09-07,profit_protection,PROFIT_PROTECTION_202610,2026-08-25,2646,星宇航空,WATCH,未持有，今日未觸發進場條件,,,44.5,CAUTION,False,1,-0.9389671361502261,-0.9389671361502261,0,,,
history_2026-08-01_2026-09-07,profit_protection,PROFIT_PROTECTION_202610,2026-08-25,2851,中再保,WATCH,未持有，今日未觸發進場條件,,,74.9,,True,4,12.903225806451623,7.225806451612904,7,,,
history_2026-08-01_2026-09-07,profit_protection,PROFIT_PROTECTION_202610,2026-08-25,2881,富邦金,WATCH,未持有，今日未觸發進場條件,,,75.9,CAUTION,True,2,5.597014925373145,-1.1194029850746245,7,,,
history_2026-08-01_2026-09-07,profit_protection,PROFIT_PROTECTION_202610,2026-08-25,2884,玉山金,WATCH,未持有，今日未觸發進場條件,,,67.5,,True,1,0.0,-2.3076923076922995,6,,,
history_2026-08-01_2026-09-07,profit_protection,PROFIT_PROTECTION_202610,2026-08-25,2887,台新新光金,WATCH,未持有，今日未觸發進場條件,,,60.5,,True,1,0.0,-1.8842530282637826,6,,,
history_2026-08-01_2026-09-07,profit_protection,PROFIT_PROTECTION_202610,2026-08-25,3006,晶豪科,PULLBACK_WATCH,符合 PULLBACK_WATCH 條件（尚未回穩確認，不進場）,,,78.0,CAUTION,False,1,-4.255319148936165,-7.801418439716312,0,,,
history_2026-08-01_2026-09-07,profit_protection,PROFIT_PROTECTION_202610,2026-08-25,3008,大立光,HOLD,持有中，今日未觸發出場/確認條件,,7.317073170731714,72.3,STOP_OBSERVING,False,1,12.82051282051282,4.4378698224851965,0,CONFIRMED,,
history_2026-08-01_2026-09-07,profit_protection,PROFIT_PROTECTION_202610,2026-08-25,3034,聯詠,WATCH,未持有，今日未觸發進場條件,,,84.6,,True,1,0.0,-3.4234234234234218,6,,,
history_2026-08-01_2026-09-07,profit_protection,PROFIT_PROTECTION_202610,2026-08-25,3037,欣興,WATCH,未持有，今日未觸發進場條件,,,72.9,STOP_OBSERVING,False,4,7.352941176470584,0.9803921568627416,0,,,
history_2026-08-01_2026-09-07,profit_protection,PROFIT_PROTECTION_202610,2026-08-25,3045,台灣大,WATCH,未持有，今日未觸發進場條件,,,62.3,CAUTION,False,2,0.43478260869564966,-0.43478260869564966,0,,,
history_2026-08-01_2026-09-07,profit_protection,PROFIT_PROTECTION_202610,2026-08-25,3135,凌航,WATCH,未持有，今日未觸發進場條件,,,72.4,CAUTION,False,1,5.571847507331373,0.5865102639296182,0,,,
history_2026-08-01_2026-09-07,profit_protection,PROFIT_PROTECTION_202610,2026-08-25,3443,創意,WATCH,未持有，今日未觸發進場條件,,,80.8,CAUTION,True,1,0.0,-6.552962298025133,7,,,
history_2026-08-01_2026-09-07,profit_protection,PROFIT_PROTECTION_202610,2026-08-25,3532,台勝科,WATCH,未持有，今日未觸發進場條件,,,68.5,CAUTION,False,1,0.3984063745019917,-4.648074369189903,0,,,
history_2026-08-01_2026-09-07,profit_protection,PROFIT_PROTECTION_202610,2026-08-25,3653,健策,WATCH,未持有，今日未觸發進場條件,,,84.8,,True,1,0.0,-5.66762728146013,5,,,
history_2026-08-01_2026-09-07,profit_protection,PROFIT_PROTECTION_202610,2026-08-25,5515,建國,WATCH,未持有，今日未觸發進場條件,,,85.3,STOP_OBSERVING,False,2,-1.4760147601476148,-2.9520295202952074,0,,,
history_2026-08-01_2026-09-07,profit_protection,PROFIT_PROTECTION_202610,2026-08-25,5534,長虹,WATCH,未持有，今日未觸發進場條件,,,42.1,CAUTION,False,1,-6.922126081582213,-7.292954264524109,0,,,
history_2026-08-01_2026-09-07,profit_protection,PROFIT_PROTECTION_202610,2026-08-25,5607,遠雄港,WATCH,未持有，今日未觸發進場條件,,,72.0,CAUTION,False,1,-2.5316455696202556,-2.7124773960216952,0,,,
history_2026-08-01_2026-09-07,profit_protection,PROFIT_PROTECTION_202610,2026-08-25,6176,瑞儀,WATCH,未持有，今日未觸發進場條件,,,52.7,CAUTION,False,1,-1.5763546798029493,-2.463054187192115,0,,,
history_2026-08-01_2026-09-07,profit_protection,PROFIT_PROTECTION_202610,2026-08-25,6213,聯茂,WATCH,未持有，今日未觸發進場條件,,,91.5,CAUTION,True,7,36.24678663239074,23.521850899742923,7,,,
history_2026-08-01_2026-09-07,profit_protection,PROFIT_PROTECTION_202610,2026-08-25,6214,精誠,WATCH,未持有，今日未觸發進場條件,,,87.4,CAUTION,False,2,5.523255813953498,4.3604651162790775,0,,,
history_2026-08-01_2026-09-07,profit_protection,PROFIT_PROTECTION_202610,2026-08-25,6226,光鼎,HOLD,持有中，今日未觸發出場/確認條件,,10.344827586206918,78.6,CAUTION,False,2,21.327014218009488,9.478672985782,0,CONFIRMED,,
history_2026-08-01_2026-09-07,profit_protection,PROFIT_PROTECTION_202610,2026-08-25,6446,藥華藥,WATCH,未持有，今日未觸發進場條件,,,84.1,CAUTION,True,2,1.016949152542379,-2.033898305084747,7,,,
history_2026-08-01_2026-09-07,profit_protection,PROFIT_PROTECTION_202610,2026-08-25,6472,保瑞,WATCH,未持有，今日未觸發進場條件,,,75.6,CAUTION,False,1,5.499438832772174,-0.561167227833892,0,,,
history_2026-08-01_2026-09-07,profit_protection,PROFIT_PROTECTION_202610,2026-08-25,6533,晶心科,WATCH,未持有，今日未觸發進場條件,,,77.3,CAUTION,False,2,0.6000000000000005,-2.0000000000000018,0,,,
history_2026-08-01_2026-09-07,profit_protection,PROFIT_PROTECTION_202610,2026-08-25,6669,緯穎,WATCH,未持有，今日未觸發進場條件,,,76.4,,True,1,0.0,-4.891304347826086,5,,,
history_2026-08-01_2026-09-07,profit_protection,PROFIT_PROTECTION_202610,2026-08-25,6805,富世達,HOLD,持有中，今日未觸發出場/確認條件,,0.27173913043478937,,,False,3,5.128205128205132,-5.128205128205132,0,CONFIRMED,,
history_2026-08-01_2026-09-07,profit_protection,PROFIT_PROTECTION_202610,2026-08-25,6830,汎銓,HOLD,持有中，今日未觸發出場/確認條件,,15.801886792452823,,,False,1,6.277056277056281,-5.1948051948051965,0,CONFIRMED,,
history_2026-08-01_2026-09-07,profit_protection,PROFIT_PROTECTION_202610,2026-08-25,6919,康霈*,WATCH,未持有，今日未觸發進場條件,,,45.0,STOP_OBSERVING,False,1,-3.2110091743119296,-3.669724770642202,0,,,
history_2026-08-01_2026-09-07,profit_protection,PROFIT_PROTECTION_202610,2026-08-25,6949,沛爾生醫-創,WATCH,未持有，今日未觸發進場條件,,,80.8,CAUTION,True,2,9.716599190283404,-0.8097165991902799,7,,,
history_2026-08-01_2026-09-07,profit_protection,PROFIT_PROTECTION_202610,2026-08-25,7711,永擎,WATCH,未持有，今日未觸發進場條件,,,,,False,6,37.33333333333333,28.266666666666662,0,,,
history_2026-08-01_2026-09-07,profit_protection,PROFIT_PROTECTION_202610,2026-08-25,7795,長廣,WATCH,未持有，今日未觸發進場條件,,,70.8,STOP_OBSERVING,False,1,-2.4778761061946875,-7.964601769911505,0,,,
history_2026-08-01_2026-09-07,profit_protection,PROFIT_PROTECTION_202610,2026-08-25,8039,台虹,WATCH,未持有，今日未觸發進場條件,,,82.5,CAUTION,True,2,6.972477064220173,-4.954128440366967,6,,,
history_2026-08-01_2026-09-07,profit_protection,PROFIT_PROTECTION_202610,2026-08-25,8110,華東,WATCH,未持有，今日未觸發進場條件,,,62.5,CAUTION,False,1,0.9955752212389202,-2.986725663716816,0,,,
history_2026-08-01_2026-09-07,profit_protection,PROFIT_PROTECTION_202610,2026-08-26,1303,南亞,WATCH,未持有，今日未觸發進場條件,,,86.6,,True,1,0.0,-9.903381642512077,7,,,
history_2026-08-01_2026-09-07,profit_protection,PROFIT_PROTECTION_202610,2026-08-26,1319,東陽,WATCH,未持有，今日未觸發進場條件,,,65.0,CAUTION,False,1,0.7343941248469932,0.0,0,,,
history_2026-08-01_2026-09-07,profit_protection,PROFIT_PROTECTION_202610,2026-08-26,1402,遠東新,WATCH,未持有，今日未觸發進場條件,,,,,False,2,-2.226027397260266,-3.082191780821908,0,,,
history_2026-08-01_2026-09-07,profit_protection,PROFIT_PROTECTION_202610,2026-08-26,1608,華榮,WATCH,未持有，今日未觸發進場條件,,,86.0,CAUTION,False,1,2.452316076294281,-0.6811989100817484,0,,,
history_2026-08-01_2026-09-07,profit_protection,PROFIT_PROTECTION_202610,2026-08-26,1709,和益,WATCH,未持有，今日未觸發進場條件,,,83.6,CAUTION,False,1,9.925925925925938,-1.7777777777777781,0,,,
history_2026-08-01_2026-09-07,profit_protection,PROFIT_PROTECTION_202610,2026-08-26,1717,長興,WATCH,未持有，今日未觸發進場條件,,,57.8,CAUTION,False,1,0.41899441340784715,0.27932960893854997,0,,,
history_2026-08-01_2026-09-07,profit_protection,PROFIT_PROTECTION_202610,2026-08-26,1802,台玻,WATCH,未持有，今日未觸發進場條件,,,76.8,CONTINUE,False,1,2.931034482758621,-0.17241379310345417,0,,,
history_2026-08-01_2026-09-07,profit_protection,PROFIT_PROTECTION_202610,2026-08-26,1808,潤隆,WATCH,未持有，今日未觸發進場條件,,,66.5,CAUTION,False,1,-3.7837837837837784,-6.351351351351353,0,,,
history_2026-08-01_2026-09-07,profit_protection,PROFIT_PROTECTION_202610,2026-08-26,1909,榮成,WATCH,未持有，今日未觸發進場條件,,,,,False,1,-1.7857142857142794,-2.678571428571419,0,,,
history_2026-08-01_2026-09-07,profit_protection,PROFIT_PROTECTION_202610,2026-08-26,2030,彰源,WATCH,未持有，今日未觸發進場條件,,,90.7,CAUTION,False,2,5.3811659192825045,2.0179372197309364,0,,,
history_2026-08-01_2026-09-07,profit_protection,PROFIT_PROTECTION_202610,2026-08-26,2059,川湖,HOLD,持有中，今日未觸發出場/確認條件,,15.709728867623607,85.6,CAUTION,True,2,0.9742519137091232,-3.583855254001389,7,CONFIRMED,,
history_2026-08-01_2026-09-07,profit_protection,PROFIT_PROTECTION_202610,2026-08-26,2103,台橡,WATCH,未持有，今日未觸發進場條件,,,76.8,CAUTION,False,2,1.2567324955116588,0.0,0,,,
history_2026-08-01_2026-09-07,profit_protection,PROFIT_PROTECTION_202610,2026-08-26,2301,光寶科,WATCH,未持有，今日未觸發進場條件,,,81.8,CAUTION,False,1,6.968641114982588,1.3937282229965264,0,,,
history_2026-08-01_2026-09-07,profit_protection,PROFIT_PROTECTION_202610,2026-08-26,2302,麗正,WATCH,未持有，今日未觸發進場條件,,,78.4,,True,1,0.0,-8.463251670378613,7,,,
history_2026-08-01_2026-09-07,profit_protection,PROFIT_PROTECTION_202610,2026-08-26,2342,茂矽,WATCH,未持有，今日未觸發進場條件,,,71.8,,True,1,0.0,-5.6831922611850105,6,,,
history_2026-08-01_2026-09-07,profit_protection,PROFIT_PROTECTION_202610,2026-08-26,2368,金像電,WATCH,未持有，今日未觸發進場條件,,,69.3,,True,1,0.0,-7.115384615384612,7,,,
history_2026-08-01_2026-09-07,profit_protection,PROFIT_PROTECTION_202610,2026-08-26,2383,台光電,SKIPPED_PORTFOLIO_CAPACITY,符合 PULLBACK_RECOVERY_ENTRY 但同時持股名額已滿,,,76.1,,True,3,-4.379562043795615,-9.894566098945656,4,,,
history_2026-08-01_2026-09-07,profit_protection,PROFIT_PROTECTION_202610,2026-08-26,2454,聯發科,WATCH,未持有，今日未觸發進場條件,,,68.1,,True,1,0.0,-5.956907477820028,6,,,
history_2026-08-01_2026-09-07,profit_protection,PROFIT_PROTECTION_202610,2026-08-26,2489,瑞軒,WATCH,未持有，今日未觸發進場條件,,,53.1,CAUTION,False,1,16.409537166900435,14.165497896213196,0,,,
history_2026-08-01_2026-09-07,profit_protection,PROFIT_PROTECTION_202610,2026-08-26,2542,興富發,WATCH,未持有，今日未觸發進場條件,,,53.6,STOP_OBSERVING,False,1,0.5235602094240788,-1.0471204188481686,0,,,
history_2026-08-01_2026-09-07,profit_protection,PROFIT_PROTECTION_202610,2026-08-26,2603,長榮,WATCH,未持有，今日未觸發進場條件,,,56.1,CAUTION,False,7,5.9633027522935755,4.587155963302747,0,,,
history_2026-08-01_2026-09-07,profit_protection,PROFIT_PROTECTION_202610,2026-08-26,2605,新興,WATCH,未持有，今日未觸發進場條件,,,31.9,CAUTION,False,1,-7.804232804232791,-9.259259259259256,0,,,
history_2026-08-01_2026-09-07,profit_protection,PROFIT_PROTECTION_202610,2026-08-26,2606,裕民,WATCH,未持有，今日未觸發進場條件,,,61.2,CAUTION,False,2,4.347826086956519,2.898550724637672,0,,,
history_2026-08-01_2026-09-07,profit_protection,PROFIT_PROTECTION_202610,2026-08-26,2609,陽明,WATCH,未持有，今日未觸發進場條件,,,42.0,STOP_OBSERVING,False,3,5.301645338208405,4.753199268738562,0,,,
history_2026-08-01_2026-09-07,profit_protection,PROFIT_PROTECTION_202610,2026-08-26,2613,中櫃,WATCH,未持有，今日未觸發進場條件,,,38.4,CAUTION,False,1,-6.122448979591832,-6.530612244897959,0,,,
history_2026-08-01_2026-09-07,profit_protection,PROFIT_PROTECTION_202610,2026-08-26,2615,萬海,WATCH,未持有，今日未觸發進場條件,,,72.1,CAUTION,False,5,31.428571428571427,30.285714285714292,0,,,
history_2026-08-01_2026-09-07,profit_protection,PROFIT_PROTECTION_202610,2026-08-26,2617,台航,WATCH,未持有，今日未觸發進場條件,,,40.1,CAUTION,False,2,-2.9874213836477925,-3.6163522012578664,0,,,
history_2026-08-01_2026-09-07,profit_protection,PROFIT_PROTECTION_202610,2026-08-26,2637,慧洋-KY,WATCH,未持有，今日未觸發進場條件,,,,,False,2,-0.6535947712418277,-1.9607843137254832,0,,,
history_2026-08-01_2026-09-07,profit_protection,PROFIT_PROTECTION_202610,2026-08-26,2646,星宇航空,WATCH,未持有，今日未觸發進場條件,,,30.9,STOP_OBSERVING,False,1,-0.46948356807512415,-0.9389671361502261,0,,,
history_2026-08-01_2026-09-07,profit_protection,PROFIT_PROTECTION_202610,2026-08-26,2723,美食-KY,WATCH,未持有，今日未觸發進場條件,,,89.0,,True,1,0.0,-4.005006257822286,7,,,
history_2026-08-01_2026-09-07,profit_protection,PROFIT_PROTECTION_202610,2026-08-26,2851,中再保,WATCH,未持有，今日未觸發進場條件,,,83.8,,True,5,18.709677419354833,12.903225806451623,5,,,
history_2026-08-01_2026-09-07,profit_protection,PROFIT_PROTECTION_202610,2026-08-26,2881,富邦金,WATCH,未持有，今日未觸發進場條件,,,67.2,CAUTION,False,2,3.3582089552238736,2.9850746268656803,0,,,
history_2026-08-01_2026-09-07,profit_protection,PROFIT_PROTECTION_202610,2026-08-26,2884,玉山金,WATCH,未持有，今日未觸發進場條件,,,44.3,CAUTION,False,1,-0.7692307692307665,-1.538461538461544,0,,,
history_2026-08-01_2026-09-07,profit_protection,PROFIT_PROTECTION_202610,2026-08-26,2887,台新新光金,WATCH,未持有，今日未觸發進場條件,,,65.9,CAUTION,False,1,0.9421265141319024,-0.5383580080753569,0,,,
history_2026-08-01_2026-09-07,profit_protection,PROFIT_PROTECTION_202610,2026-08-26,3006,晶豪科,WATCH,未持有，今日未觸發進場條件,,,69.8,CAUTION,False,1,-3.014184397163122,-6.028368794326244,0,,,
history_2026-08-01_2026-09-07,profit_protection,PROFIT_PROTECTION_202610,2026-08-26,3008,大立光,HOLD,持有中，今日未觸發出場/確認條件,,18.011257035647276,,,False,1,24.063116370808668,15.87771203155819,0,CONFIRMED,,
history_2026-08-01_2026-09-07,profit_protection,PROFIT_PROTECTION_202610,2026-08-26,3034,聯詠,WATCH,未持有，今日未觸發進場條件,,,63.6,CAUTION,False,1,0.3603603603603567,-0.9009009009009028,0,,,
history_2026-08-01_2026-09-07,profit_protection,PROFIT_PROTECTION_202610,2026-08-26,3037,欣興,WATCH,未持有，今日未觸發進場條件,,,77.7,,True,5,13.725490196078427,5.882352941176472,7,,,
history_2026-08-01_2026-09-07,profit_protection,PROFIT_PROTECTION_202610,2026-08-26,3045,台灣大,WATCH,未持有，今日未觸發進場條件,,,43.6,CAUTION,False,2,0.43478260869564966,-0.43478260869564966,0,,,
history_2026-08-01_2026-09-07,profit_protection,PROFIT_PROTECTION_202610,2026-08-26,3135,凌航,WATCH,未持有，今日未觸發進場條件,,,69.5,CAUTION,False,1,8.797653958944274,7.331378299120228,0,,,
history_2026-08-01_2026-09-07,profit_protection,PROFIT_PROTECTION_202610,2026-08-26,3443,創意,WATCH,未持有，今日未觸發進場條件,,,82.2,CAUTION,False,1,9.964093357271086,0.0,0,,,
history_2026-08-01_2026-09-07,profit_protection,PROFIT_PROTECTION_202610,2026-08-26,3532,台勝科,WATCH,未持有，今日未觸發進場條件,,,66.9,CAUTION,False,1,1.4608233731739695,-1.5936254980079667,0,,,
history_2026-08-01_2026-09-07,profit_protection,PROFIT_PROTECTION_202610,2026-08-26,3653,健策,WATCH,未持有，今日未觸發進場條件,,,75.0,CAUTION,False,1,9.990393852065328,-1.2487992315081686,0,,,
history_2026-08-01_2026-09-07,profit_protection,PROFIT_PROTECTION_202610,2026-08-26,4977,眾達-KY,SKIPPED_PORTFOLIO_CAPACITY,符合 CONTINUATION_BREAKOUT_SURGE 但同時持股名額已滿,,,76.8,,True,1,0.0,-9.090909090909093,6,,2,
history_2026-08-01_2026-09-07,profit_protection,PROFIT_PROTECTION_202610,2026-08-26,5515,建國,WATCH,未持有，今日未觸發進場條件,,,,,False,2,-1.845018450184499,-2.7675276752767486,0,,,
history_2026-08-01_2026-09-07,profit_protection,PROFIT_PROTECTION_202610,2026-08-26,5534,長虹,WATCH,未持有，今日未觸發進場條件,,,47.2,STOP_OBSERVING,False,1,-4.944375772558718,-6.922126081582213,0,,,
history_2026-08-01_2026-09-07,profit_protection,PROFIT_PROTECTION_202610,2026-08-26,5607,遠雄港,WATCH,未持有，今日未觸發進場條件,,,63.9,CAUTION,False,1,-1.8083182640144635,-2.893309222423135,0,,,
history_2026-08-01_2026-09-07,profit_protection,PROFIT_PROTECTION_202610,2026-08-26,6141,柏承,WATCH,未持有，今日未觸發進場條件,,,85.6,CAUTION,True,1,0.0,-10.317460317460315,7,,,
history_2026-08-01_2026-09-07,profit_protection,PROFIT_PROTECTION_202610,2026-08-26,6176,瑞儀,WATCH,未持有，今日未觸發進場條件,,,45.8,STOP_OBSERVING,False,1,-3.25123152709359,-3.25123152709359,0,,,
history_2026-08-01_2026-09-07,profit_protection,PROFIT_PROTECTION_202610,2026-08-26,6213,聯茂,WATCH,未持有，今日未觸發進場條件,,,81.1,CAUTION,False,7,49.871465295629825,34.96143958868893,0,,,
history_2026-08-01_2026-09-07,profit_protection,PROFIT_PROTECTION_202610,2026-08-26,6214,精誠,WATCH,未持有，今日未觸發進場條件,,,76.3,CAUTION,False,2,5.232558139534893,4.941860465116288,0,,,
history_2026-08-01_2026-09-07,profit_protection,PROFIT_PROTECTION_202610,2026-08-26,6226,光鼎,HOLD,持有中，今日未觸發出場/確認條件,,21.336206896551737,73.3,CONTINUE,False,2,33.41232227488151,31.27962085308056,0,CONFIRMED,,
history_2026-08-01_2026-09-07,profit_protection,PROFIT_PROTECTION_202610,2026-08-26,6415,矽力*-KY,WATCH,未持有，今日未觸發進場條件,,,71.3,,True,1,0.0,-4.584221748400852,7,,,
history_2026-08-01_2026-09-07,profit_protection,PROFIT_PROTECTION_202610,2026-08-26,6446,藥華藥,WATCH,未持有，今日未觸發進場條件,,,79.7,CONTINUE,True,3,7.457627118644061,2.7118644067796627,7,,,
history_2026-08-01_2026-09-07,profit_protection,PROFIT_PROTECTION_202610,2026-08-26,6472,保瑞,WATCH,未持有，今日未觸發進場條件,,,68.2,CAUTION,False,1,2.581369248035914,2.4691358024691468,0,,,
history_2026-08-01_2026-09-07,profit_protection,PROFIT_PROTECTION_202610,2026-08-26,6533,晶心科,WATCH,未持有，今日未觸發進場條件,,,75.2,CAUTION,True,3,7.600000000000007,-0.40000000000000036,6,,,
history_2026-08-01_2026-09-07,profit_protection,PROFIT_PROTECTION_202610,2026-08-26,6669,緯穎,WATCH,未持有，今日未觸發進場條件,,,76.8,CAUTION,False,1,5.35714285714286,-2.1739130434782594,0,,,
history_2026-08-01_2026-09-07,profit_protection,PROFIT_PROTECTION_202610,2026-08-26,6805,富世達,HOLD,持有中，今日未觸發出場/確認條件,,10.054347826086962,74.4,,True,1,0.0,-9.876543209876543,6,CONFIRMED,,
history_2026-08-01_2026-09-07,profit_protection,PROFIT_PROTECTION_202610,2026-08-26,6830,汎銓,HOLD,持有中，今日未觸發出場/確認條件,,24.056603773584897,,,False,2,21.900347624565477,16.10660486674391,0,CONFIRMED,,
history_2026-08-01_2026-09-07,profit_protection,PROFIT_PROTECTION_202610,2026-08-26,6919,康霈*,WATCH,未持有，今日未觸發進場條件,,,,,False,1,-2.752293577981646,-4.128440366972475,0,,,
history_2026-08-01_2026-09-07,profit_protection,PROFIT_PROTECTION_202610,2026-08-26,6933,AMAX-KY,BUY,CONTINUATION_BREAKOUT_SURGE,2026-08-27,,83.3,,True,1,0.0,-8.139534883720934,7,D1_STARTER,1,
history_2026-08-01_2026-09-07,profit_protection,PROFIT_PROTECTION_202610,2026-08-26,6949,沛爾生醫-創,WATCH,未持有，今日未觸發進場條件,,,74.5,CAUTION,False,2,20.647773279352233,13.36032388663968,0,,,
history_2026-08-01_2026-09-07,profit_protection,PROFIT_PROTECTION_202610,2026-08-26,7711,永擎,WATCH,未持有，今日未觸發進場條件,,,,,False,6,31.466666666666665,30.400000000000006,0,,,
history_2026-08-01_2026-09-07,profit_protection,PROFIT_PROTECTION_202610,2026-08-26,7795,長廣,WATCH,未持有，今日未觸發進場條件,,,73.6,,True,2,2.6548672566371723,-0.8849557522123908,7,,,
history_2026-08-01_2026-09-07,profit_protection,PROFIT_PROTECTION_202610,2026-08-26,8039,台虹,WATCH,未持有，今日未觸發進場條件,,,77.1,CAUTION,False,2,17.61467889908257,7.88990825688074,0,,,
history_2026-08-01_2026-09-07,profit_protection,PROFIT_PROTECTION_202610,2026-08-26,8110,華東,WATCH,未持有，今日未觸發進場條件,,,63.7,CONTINUE,False,1,1.327433628318575,0.7743362831858391,0,,,
history_2026-08-01_2026-09-07,profit_protection,PROFIT_PROTECTION_202610,2026-08-26,8150,南茂,WATCH,未持有，今日未觸發進場條件,,,65.2,,True,1,0.0,-4.3907793633369945,7,,,
history_2026-08-01_2026-09-07,profit_protection,PROFIT_PROTECTION_202610,2026-08-27,1303,南亞,WATCH,未持有，今日未觸發進場條件,,,82.5,CAUTION,False,1,9.903381642512077,-0.48309178743961567,0,,,
history_2026-08-01_2026-09-07,profit_protection,PROFIT_PROTECTION_202610,2026-08-27,1319,東陽,WATCH,未持有，今日未觸發進場條件,,,40.4,STOP_OBSERVING,False,1,0.0,-0.1223990208078396,0,,,
history_2026-08-01_2026-09-07,profit_protection,PROFIT_PROTECTION_202610,2026-08-27,1608,華榮,WATCH,未持有，今日未觸發進場條件,,,88.9,CAUTION,False,1,4.087193460490468,3.4059945504087086,0,,,
history_2026-08-01_2026-09-07,profit_protection,PROFIT_PROTECTION_202610,2026-08-27,1709,和益,WATCH,未持有，今日未觸發進場條件,,,71.6,CAUTION,False,1,1.185185185185178,0.1481481481481417,0,,,
history_2026-08-01_2026-09-07,profit_protection,PROFIT_PROTECTION_202610,2026-08-27,1717,長興,WATCH,未持有，今日未觸發進場條件,,,75.3,CAUTION,False,1,5.865921787709505,1.3966480446927276,0,,,
history_2026-08-01_2026-09-07,profit_protection,PROFIT_PROTECTION_202610,2026-08-27,1802,台玻,WATCH,未持有，今日未觸發進場條件,,,67.7,CAUTION,False,1,2.0689655172413834,0.6896551724137945,0,,,
history_2026-08-01_2026-09-07,profit_protection,PROFIT_PROTECTION_202610,2026-08-27,1808,潤隆,WATCH,未持有，今日未觸發進場條件,,,55.1,STOP_OBSERVING,False,1,-2.837837837837831,-5.270270270270283,0,,,
history_2026-08-01_2026-09-07,profit_protection,PROFIT_PROTECTION_202610,2026-08-27,2030,彰源,WATCH,未持有，今日未觸發進場條件,,,89.8,CAUTION,False,2,3.139013452914785,2.914798206278024,0,,,
history_2026-08-01_2026-09-07,profit_protection,PROFIT_PROTECTION_202610,2026-08-27,2059,川湖,HOLD,持有中，今日未觸發出場/確認條件,,14.354066985645941,82.7,CAUTION,False,2,-0.20876826722338038,-1.9832985386221247,0,CONFIRMED,,
history_2026-08-01_2026-09-07,profit_protection,PROFIT_PROTECTION_202610,2026-08-27,2103,台橡,WATCH,未持有，今日未觸發進場條件,,,74.0,CAUTION,False,2,-0.35906642728905647,-0.5385996409335791,0,,,
history_2026-08-01_2026-09-07,profit_protection,PROFIT_PROTECTION_202610,2026-08-27,2301,光寶科,WATCH,未持有，今日未觸發進場條件,,,82.4,CAUTION,False,1,4.878048780487809,4.529616724738683,0,,,
history_2026-08-01_2026-09-07,profit_protection,PROFIT_PROTECTION_202610,2026-08-27,2302,麗正,WATCH,未持有，今日未觸發進場條件,,,73.1,CAUTION,False,1,-2.0044543429844075,-2.6726057906458656,0,,,
history_2026-08-01_2026-09-07,profit_protection,PROFIT_PROTECTION_202610,2026-08-27,2313,華通,WATCH,未持有，今日未觸發進場條件,,,69.1,,True,1,0.0,-6.5573770491803245,7,,,
history_2026-08-01_2026-09-07,profit_protection,PROFIT_PROTECTION_202610,2026-08-27,2342,茂矽,WATCH,未持有，今日未觸發進場條件,,,64.3,STOP_OBSERVING,False,1,-2.90205562273278,-3.143893591293845,0,,,
history_2026-08-01_2026-09-07,profit_protection,PROFIT_PROTECTION_202610,2026-08-27,2344,華邦電,WATCH,未持有，今日未觸發進場條件,,,81.3,,True,1,0.0,-1.6129032258064502,6,,,
history_2026-08-01_2026-09-07,profit_protection,PROFIT_PROTECTION_202610,2026-08-27,2368,金像電,WATCH,未持有，今日未觸發進場條件,,,67.5,CAUTION,False,1,-0.9615384615384581,-3.3653846153846145,0,,,
history_2026-08-01_2026-09-07,profit_protection,PROFIT_PROTECTION_202610,2026-08-27,2383,台光電,WATCH,未持有，今日未觸發進場條件,,,,,False,3,-10.786699107866992,-13.138686131386857,0,,,
history_2026-08-01_2026-09-07,profit_protection,PROFIT_PROTECTION_202610,2026-08-27,2392,正崴,WATCH,未持有，今日未觸發進場條件,,,90.6,,True,1,0.0,-3.858520900321538,7,,,
history_2026-08-01_2026-09-07,profit_protection,PROFIT_PROTECTION_202610,2026-08-27,2408,南亞科,WATCH,未持有，今日未觸發進場條件,,,86.9,,True,1,0.0,-2.402957486136781,7,,,
history_2026-08-01_2026-09-07,profit_protection,PROFIT_PROTECTION_202610,2026-08-27,2454,聯發科,WATCH,未持有，今日未觸發進場條件,,,59.1,CAUTION,False,1,-2.0278833967046883,-2.0278833967046883,0,,,
history_2026-08-01_2026-09-07,profit_protection,PROFIT_PROTECTION_202610,2026-08-27,2464,盟立,WATCH,未持有，今日未觸發進場條件,,,71.0,,True,1,0.0,-7.81990521327014,7,,,
history_2026-08-01_2026-09-07,profit_protection,PROFIT_PROTECTION_202610,2026-08-27,2489,瑞軒,WATCH,未持有，今日未觸發進場條件,,,56.9,CAUTION,False,1,12.342215988779802,11.640953716690028,0,,,
history_2026-08-01_2026-09-07,profit_protection,PROFIT_PROTECTION_202610,2026-08-27,2542,興富發,WATCH,未持有，今日未觸發進場條件,,,,,False,1,0.0,-0.7329842931937169,0,,,
history_2026-08-01_2026-09-07,profit_protection,PROFIT_PROTECTION_202610,2026-08-27,2603,長榮,WATCH,未持有，今日未觸發進場條件,,,53.3,STOP_OBSERVING,False,7,6.65137614678899,3.4403669724770714,0,,,
history_2026-08-01_2026-09-07,profit_protection,PROFIT_PROTECTION_202610,2026-08-27,2605,新興,WATCH,未持有，今日未觸發進場條件,,,42.2,STOP_OBSERVING,False,1,-8.994708994708988,-8.994708994708988,0,,,
history_2026-08-01_2026-09-07,profit_protection,PROFIT_PROTECTION_202610,2026-08-27,2606,裕民,WATCH,未持有，今日未觸發進場條件,,,70.8,CAUTION,False,2,7.68115942028984,1.449275362318847,0,,,
history_2026-08-01_2026-09-07,profit_protection,PROFIT_PROTECTION_202610,2026-08-27,2609,陽明,WATCH,未持有，今日未觸發進場條件,,,,,False,3,5.850091407678226,3.290676416819016,0,,,
history_2026-08-01_2026-09-07,profit_protection,PROFIT_PROTECTION_202610,2026-08-27,2613,中櫃,WATCH,未持有，今日未觸發進場條件,,,49.6,CAUTION,False,1,-5.918367346938769,-7.346938775510203,0,,,
history_2026-08-01_2026-09-07,profit_protection,PROFIT_PROTECTION_202610,2026-08-27,2615,萬海,WATCH,未持有，今日未觸發進場條件,,,73.0,CAUTION,False,5,29.714285714285715,26.285714285714292,0,,,
history_2026-08-01_2026-09-07,profit_protection,PROFIT_PROTECTION_202610,2026-08-27,2617,台航,WATCH,未持有，今日未觸發進場條件,,,50.2,CAUTION,False,2,-1.5723270440251569,-3.1446540880503138,0,,,
history_2026-08-01_2026-09-07,profit_protection,PROFIT_PROTECTION_202610,2026-08-27,2646,星宇航空,WATCH,未持有，今日未觸發進場條件,,,,,False,1,-0.9389671361502261,-1.4084507042253502,0,,,
history_2026-08-01_2026-09-07,profit_protection,PROFIT_PROTECTION_202610,2026-08-27,2723,美食-KY,WATCH,未持有，今日未觸發進場條件,,,81.0,STOP_OBSERVING,False,1,-3.379224030037553,-3.629536921151444,0,,,
history_2026-08-01_2026-09-07,profit_protection,PROFIT_PROTECTION_202610,2026-08-27,2851,中再保,WATCH,未持有，今日未觸發進場條件,,,,,False,5,17.93548387096775,16.645161290322584,0,,,
history_2026-08-01_2026-09-07,profit_protection,PROFIT_PROTECTION_202610,2026-08-27,2881,富邦金,WATCH,未持有，今日未觸發進場條件,,,63.8,CAUTION,False,2,5.597014925373145,2.9850746268656803,0,,,
history_2026-08-01_2026-09-07,profit_protection,PROFIT_PROTECTION_202610,2026-08-27,2884,玉山金,WATCH,未持有，今日未觸發進場條件,,,31.7,STOP_OBSERVING,False,1,-1.1538461538461608,-1.6666666666666607,0,,,
history_2026-08-01_2026-09-07,profit_protection,PROFIT_PROTECTION_202610,2026-08-27,2887,台新新光金,WATCH,未持有，今日未觸發進場條件,,,63.9,STOP_OBSERVING,False,1,0.40376850605652326,0.1345895020188559,0,,,
history_2026-08-01_2026-09-07,profit_protection,PROFIT_PROTECTION_202610,2026-08-27,3006,晶豪科,WATCH,未持有，今日未觸發進場條件,,,70.6,STOP_OBSERVING,False,1,-2.8368794326241176,-3.1914893617021267,0,,,
history_2026-08-01_2026-09-07,profit_protection,PROFIT_PROTECTION_202610,2026-08-27,3008,大立光,HOLD,持有中，今日未觸發出場/確認條件,,29.737335834896818,,,False,1,36.390532544378694,30.276134122287978,0,CONFIRMED,,
history_2026-08-01_2026-09-07,profit_protection,PROFIT_PROTECTION_202610,2026-08-27,3017,奇鋐,WATCH,未持有，今日未觸發進場條件,,,69.8,,True,1,0.0,-2.2455089820359264,6,,,
history_2026-08-01_2026-09-07,profit_protection,PROFIT_PROTECTION_202610,2026-08-27,3034,聯詠,WATCH,未持有，今日未觸發進場條件,,,57.0,CAUTION,False,1,-1.2612612612612595,-2.522522522522519,0,,,
history_2026-08-01_2026-09-07,profit_protection,PROFIT_PROTECTION_202610,2026-08-27,3037,欣興,WATCH,未持有，今日未觸發進場條件,,,76.9,,True,6,15.686274509803933,12.745098039215685,7,,,
history_2026-08-01_2026-09-07,profit_protection,PROFIT_PROTECTION_202610,2026-08-27,3045,台灣大,WATCH,未持有，今日未觸發進場條件,,,39.0,STOP_OBSERVING,False,2,0.43478260869564966,0.0,0,,,
history_2026-08-01_2026-09-07,profit_protection,PROFIT_PROTECTION_202610,2026-08-27,3135,凌航,WATCH,未持有，今日未觸發進場條件,,,69.2,CAUTION,False,1,7.038123167155419,7.038123167155419,0,,,
history_2026-08-01_2026-09-07,profit_protection,PROFIT_PROTECTION_202610,2026-08-27,3443,創意,WATCH,未持有，今日未觸發進場條件,,,79.0,CAUTION,True,2,6.283662477558338,5.565529622980248,6,,,
history_2026-08-01_2026-09-07,profit_protection,PROFIT_PROTECTION_202610,2026-08-27,3532,台勝科,WATCH,未持有，今日未觸發進場條件,,,72.5,CAUTION,False,1,4.648074369189903,-0.26560424966799445,0,,,
history_2026-08-01_2026-09-07,profit_protection,PROFIT_PROTECTION_202610,2026-08-27,3653,健策,WATCH,未持有，今日未觸發進場條件,,,72.2,CAUTION,False,1,8.45341018251682,7.49279538904899,0,,,
history_2026-08-01_2026-09-07,profit_protection,PROFIT_PROTECTION_202610,2026-08-27,4927,泰鼎-KY,WATCH,未持有，今日未觸發進場條件,,,67.5,,True,1,0.0,-6.674907292954268,6,,,
history_2026-08-01_2026-09-07,profit_protection,PROFIT_PROTECTION_202610,2026-08-27,4977,眾達-KY,WATCH,未持有，今日未觸發進場條件,,,63.9,CAUTION,False,1,0.5865102639296182,0.5865102639296182,0,,,
history_2026-08-01_2026-09-07,profit_protection,PROFIT_PROTECTION_202610,2026-08-27,5534,長虹,WATCH,未持有，今日未觸發進場條件,,,,,False,1,-6.427688504326334,-6.674907292954268,0,,,
history_2026-08-01_2026-09-07,profit_protection,PROFIT_PROTECTION_202610,2026-08-27,5607,遠雄港,WATCH,未持有，今日未觸發進場條件,,,49.7,STOP_OBSERVING,False,1,-5.424954792043401,-5.967450271247731,0,,,
history_2026-08-01_2026-09-07,profit_protection,PROFIT_PROTECTION_202610,2026-08-27,6141,柏承,WATCH,未持有，今日未觸發進場條件,,,85.0,CAUTION,False,1,8.92857142857142,-0.7936507936507908,0,,,
history_2026-08-01_2026-09-07,profit_protection,PROFIT_PROTECTION_202610,2026-08-27,6176,瑞儀,WATCH,未持有，今日未觸發進場條件,,,,,False,1,-5.911330049261087,-5.911330049261087,0,,,
history_2026-08-01_2026-09-07,profit_protection,PROFIT_PROTECTION_202610,2026-08-27,6213,聯茂,WATCH,未持有，今日未觸發進場條件,,,81.3,CAUTION,False,7,44.73007712082262,42.930591259640096,0,,,
history_2026-08-01_2026-09-07,profit_protection,PROFIT_PROTECTION_202610,2026-08-27,6214,精誠,WATCH,未持有，今日未觸發進場條件,,,67.8,STOP_OBSERVING,False,2,6.1046511627907085,5.232558139534893,0,,,
history_2026-08-01_2026-09-07,profit_protection,PROFIT_PROTECTION_202610,2026-08-27,6226,光鼎,HOLD,持有中，今日未觸發出場/確認條件,,33.405172413793125,77.9,CAUTION,False,2,46.682464454976284,39.57345971563979,0,CONFIRMED,,
history_2026-08-01_2026-09-07,profit_protection,PROFIT_PROTECTION_202610,2026-08-27,6269,台郡,WATCH,未持有，今日未觸發進場條件,,,75.4,,True,1,0.0,-10.4252400548697,7,,,
history_2026-08-01_2026-09-07,profit_protection,PROFIT_PROTECTION_202610,2026-08-27,6415,矽力*-KY,WATCH,未持有，今日未觸發進場條件,,,66.0,CAUTION,False,1,0.31982942430703876,-6.183368869936034,0,,,
history_2026-08-01_2026-09-07,profit_protection,PROFIT_PROTECTION_202610,2026-08-27,6446,藥華藥,WATCH,未持有，今日未觸發進場條件,,,86.2,CAUTION,False,3,5.762711864406778,5.762711864406778,0,,,
history_2026-08-01_2026-09-07,profit_protection,PROFIT_PROTECTION_202610,2026-08-27,6472,保瑞,WATCH,未持有，今日未觸發進場條件,,,46.7,CAUTION,False,1,-1.3468013468013518,-1.3468013468013518,0,,,
history_2026-08-01_2026-09-07,profit_protection,PROFIT_PROTECTION_202610,2026-08-27,6533,晶心科,WATCH,未持有，今日未觸發進場條件,,,75.1,CAUTION,False,3,7.400000000000007,6.400000000000006,0,,,
history_2026-08-01_2026-09-07,profit_protection,PROFIT_PROTECTION_202610,2026-08-27,6669,緯穎,WATCH,未持有，今日未觸發進場條件,,,75.6,CAUTION,False,1,5.822981366459623,4.5807453416149,0,,,
history_2026-08-01_2026-09-07,profit_protection,PROFIT_PROTECTION_202610,2026-08-27,6805,富世達,HOLD,持有中，今日未觸發出場/確認條件,,20.923913043478272,80.6,CAUTION,False,1,9.876543209876543,2.4691358024691468,0,CONFIRMED,,
history_2026-08-01_2026-09-07,profit_protection,PROFIT_PROTECTION_202610,2026-08-27,6830,汎銓,HOLD,持有中，今日未觸發出場/確認條件,,25.0,,,False,2,22.827346465816923,18.6558516801854,0,CONFIRMED,,
history_2026-08-01_2026-09-07,profit_protection,PROFIT_PROTECTION_202610,2026-08-27,6933,AMAX-KY,HOLD,持有中，今日未觸發出場/確認條件,,2.220446049250313e-14,71.3,CAUTION,False,1,10.000000000000009,10.000000000000009,0,CONFIRMED,,
history_2026-08-01_2026-09-07,profit_protection,PROFIT_PROTECTION_202610,2026-08-27,6949,沛爾生醫-創,WATCH,未持有，今日未觸發進場條件,,,70.2,CAUTION,False,2,,,0,,,
history_2026-08-01_2026-09-07,profit_protection,PROFIT_PROTECTION_202610,2026-08-27,7711,永擎,WATCH,未持有，今日未觸發進場條件,,,,,False,6,31.466666666666665,29.33333333333332,0,,,
history_2026-08-01_2026-09-07,profit_protection,PROFIT_PROTECTION_202610,2026-08-27,7788,松川精密,WATCH,未持有，今日未觸發進場條件,,,72.0,,True,1,0.0,-9.563758389261745,7,,,
history_2026-08-01_2026-09-07,profit_protection,PROFIT_PROTECTION_202610,2026-08-27,7795,長廣,WATCH,未持有，今日未觸發進場條件,,,,,False,2,-3.539823008849563,-6.902654867256642,0,,,
history_2026-08-01_2026-09-07,profit_protection,PROFIT_PROTECTION_202610,2026-08-27,8039,台虹,WATCH,未持有，今日未觸發進場條件,,,79.5,CAUTION,True,3,29.357798165137616,24.770642201834868,7,,,
history_2026-08-01_2026-09-07,profit_protection,PROFIT_PROTECTION_202610,2026-08-27,8110,華東,WATCH,未持有，今日未觸發進場條件,,,65.2,CAUTION,False,1,2.101769911504414,1.2168141592920234,0,,,
history_2026-08-01_2026-09-07,profit_protection,PROFIT_PROTECTION_202610,2026-08-27,8150,南茂,WATCH,未持有，今日未觸發進場條件,,,63.1,CAUTION,False,1,-0.8781558726673966,-1.5367727771679385,0,,,
history_2026-08-01_2026-09-07,profit_protection,PROFIT_PROTECTION_202610,2026-08-28,1303,南亞,WATCH,未持有，今日未觸發進場條件,,,76.3,CAUTION,False,1,6.521739130434789,5.797101449275366,0,,,
history_2026-08-01_2026-09-07,profit_protection,PROFIT_PROTECTION_202610,2026-08-28,1319,東陽,WATCH,未持有，今日未觸發進場條件,,,,,False,1,0.489596083231314,0.3671970624234966,0,,,
history_2026-08-01_2026-09-07,profit_protection,PROFIT_PROTECTION_202610,2026-08-28,1608,華榮,WATCH,未持有，今日未觸發進場條件,,,87.7,CAUTION,False,1,3.133514986376018,2.8610354223433054,0,,,
history_2026-08-01_2026-09-07,profit_protection,PROFIT_PROTECTION_202610,2026-08-28,1709,和益,WATCH,未持有，今日未觸發進場條件,,,86.4,CAUTION,False,1,7.1111111111111125,1.185185185185178,0,,,
history_2026-08-01_2026-09-07,profit_protection,PROFIT_PROTECTION_202610,2026-08-28,1717,長興,WATCH,未持有，今日未觸發進場條件,,,80.3,CAUTION,False,1,8.519553072625708,5.027932960893877,0,,,
history_2026-08-01_2026-09-07,profit_protection,PROFIT_PROTECTION_202610,2026-08-28,1802,台玻,WATCH,未持有，今日未觸發進場條件,,,73.5,CONTINUE,True,2,4.827586206896539,1.206896551724146,6,,,
history_2026-08-01_2026-09-07,profit_protection,PROFIT_PROTECTION_202610,2026-08-28,1808,潤隆,WATCH,未持有，今日未觸發進場條件,,,,,False,1,-5.945945945945952,-6.351351351351353,0,,,
history_2026-08-01_2026-09-07,profit_protection,PROFIT_PROTECTION_202610,2026-08-28,2030,彰源,WATCH,未持有，今日未觸發進場條件,,,91.1,CAUTION,False,2,2.2421524663677195,0.8968609865470878,0,,,
history_2026-08-01_2026-09-07,profit_protection,PROFIT_PROTECTION_202610,2026-08-28,2059,川湖,HOLD,持有中，今日未觸發出場/確認條件,,14.035087719298245,87.3,CAUTION,False,2,-0.4871259568545616,-2.540013917884476,0,CONFIRMED,,
history_2026-08-01_2026-09-07,profit_protection,PROFIT_PROTECTION_202610,2026-08-28,2103,台橡,WATCH,未持有，今日未觸發進場條件,,,78.1,STOP_OBSERVING,False,2,1.2567324955116588,0.0,0,,,
history_2026-08-01_2026-09-07,profit_protection,PROFIT_PROTECTION_202610,2026-08-28,2301,光寶科,WATCH,未持有，今日未觸發進場條件,,,86.7,CAUTION,False,1,10.627177700348422,4.181184668989557,0,,,
history_2026-08-01_2026-09-07,profit_protection,PROFIT_PROTECTION_202610,2026-08-28,2302,麗正,WATCH,未持有，今日未觸發進場條件,,,69.2,STOP_OBSERVING,False,1,-2.3385300668151365,-3.2293986636970917,0,,,
history_2026-08-01_2026-09-07,profit_protection,PROFIT_PROTECTION_202610,2026-08-28,2313,華通,WATCH,未持有，今日未觸發進場條件,,,68.3,CAUTION,False,1,-1.2295081967213073,-1.434426229508201,0,,,
history_2026-08-01_2026-09-07,profit_protection,PROFIT_PROTECTION_202610,2026-08-28,2342,茂矽,WATCH,未持有，今日未觸發進場條件,,,,,False,1,-1.93470374848852,-2.055622732769047,0,,,
history_2026-08-01_2026-09-07,profit_protection,PROFIT_PROTECTION_202610,2026-08-28,2344,華邦電,WATCH,未持有，今日未觸發進場條件,,,76.7,STOP_OBSERVING,False,1,-2.4193548387096753,-2.9569892473118253,0,,,
history_2026-08-01_2026-09-07,profit_protection,PROFIT_PROTECTION_202610,2026-08-28,2368,金像電,WATCH,未持有，今日未觸發進場條件,,,71.0,CONTINUE,True,2,8.653846153846146,0.48076923076922906,7,,,
history_2026-08-01_2026-09-07,profit_protection,PROFIT_PROTECTION_202610,2026-08-28,2383,台光電,WATCH,未持有，今日未觸發進場條件,,,,,False,3,-10.948905109489049,-12.003244120032441,0,,,
history_2026-08-01_2026-09-07,profit_protection,PROFIT_PROTECTION_202610,2026-08-28,2392,正崴,WATCH,未持有，今日未觸發進場條件,,,73.2,STOP_OBSERVING,False,1,-4.608788853161839,-5.466237942122176,0,,,
history_2026-08-01_2026-09-07,profit_protection,PROFIT_PROTECTION_202610,2026-08-28,2408,南亞科,WATCH,未持有，今日未觸發進場條件,,,87.0,CAUTION,False,1,-0.1848428835489857,-1.8484288354898348,0,,,
history_2026-08-01_2026-09-07,profit_protection,PROFIT_PROTECTION_202610,2026-08-28,2449,京元電子,WATCH,未持有，今日未觸發進場條件,,,73.0,,True,1,0.0,-7.592592592592595,6,,,
history_2026-08-01_2026-09-07,profit_protection,PROFIT_PROTECTION_202610,2026-08-28,2454,聯發科,WATCH,未持有，今日未觸發進場條件,,,61.3,CAUTION,False,1,1.0139416983523386,-0.5069708491761693,0,,,
history_2026-08-01_2026-09-07,profit_protection,PROFIT_PROTECTION_202610,2026-08-28,2455,全新,WATCH,未持有，今日未觸發進場條件,,,76.8,,True,1,0.0,-0.5760368663594417,6,,,
history_2026-08-01_2026-09-07,profit_protection,PROFIT_PROTECTION_202610,2026-08-28,2464,盟立,WATCH,未持有，今日未觸發進場條件,,,70.6,STOP_OBSERVING,False,1,-9.952606635071092,-9.952606635071092,0,,,
history_2026-08-01_2026-09-07,profit_protection,PROFIT_PROTECTION_202610,2026-08-28,2465,麗臺,WATCH,未持有，今日未觸發進場條件,,,80.8,,True,1,0.0,-1.5789473684210575,7,,,
history_2026-08-01_2026-09-07,profit_protection,PROFIT_PROTECTION_202610,2026-08-28,2481,強茂,WATCH,未持有，今日未觸發進場條件,,,71.9,,True,1,0.0,-2.5974025974025983,7,,,
history_2026-08-01_2026-09-07,profit_protection,PROFIT_PROTECTION_202610,2026-08-28,2489,瑞軒,WATCH,未持有，今日未觸發進場條件,,,59.7,CAUTION,False,1,12.762973352033669,9.677419354838722,0,,,
history_2026-08-01_2026-09-07,profit_protection,PROFIT_PROTECTION_202610,2026-08-28,2603,長榮,WATCH,未持有，今日未觸發進場條件,,,,,False,7,6.192660550458706,4.128440366972486,0,,,
history_2026-08-01_2026-09-07,profit_protection,PROFIT_PROTECTION_202610,2026-08-28,2605,新興,WATCH,未持有，今日未觸發進場條件,,,,,False,1,-7.275132275132279,-8.86243386243385,0,,,
history_2026-08-01_2026-09-07,profit_protection,PROFIT_PROTECTION_202610,2026-08-28,2606,裕民,WATCH,未持有，今日未觸發進場條件,,,65.5,STOP_OBSERVING,False,2,4.637681159420293,2.753623188405796,0,,,
history_2026-08-01_2026-09-07,profit_protection,PROFIT_PROTECTION_202610,2026-08-28,2613,中櫃,WATCH,未持有，今日未觸發進場條件,,,56.1,STOP_OBSERVING,False,1,-7.346938775510203,-8.571428571428575,0,,,
history_2026-08-01_2026-09-07,profit_protection,PROFIT_PROTECTION_202610,2026-08-28,2615,萬海,WATCH,未持有，今日未觸發進場條件,,,71.7,CAUTION,False,5,27.428571428571423,24.0,0,,,
history_2026-08-01_2026-09-07,profit_protection,PROFIT_PROTECTION_202610,2026-08-28,2617,台航,WATCH,未持有，今日未觸發進場條件,,,41.3,STOP_OBSERVING,False,2,-4.245283018867929,-4.716981132075471,0,,,
history_2026-08-01_2026-09-07,profit_protection,PROFIT_PROTECTION_202610,2026-08-28,2723,美食-KY,WATCH,未持有，今日未觸發進場條件,,,,,False,1,-3.379224030037553,-4.7559449311639685,0,,,
history_2026-08-01_2026-09-07,profit_protection,PROFIT_PROTECTION_202610,2026-08-28,2851,中再保,WATCH,未持有，今日未觸發進場條件,,,,,False,5,16.387096774193544,15.22580645161289,0,,,
history_2026-08-01_2026-09-07,profit_protection,PROFIT_PROTECTION_202610,2026-08-28,2881,富邦金,WATCH,未持有，今日未觸發進場條件,,,69.0,CAUTION,True,3,7.462686567164178,4.850746268656714,7,,,
history_2026-08-01_2026-09-07,profit_protection,PROFIT_PROTECTION_202610,2026-08-28,2884,玉山金,WATCH,未持有，今日未觸發進場條件,,,,,False,1,-0.6410256410256387,-2.3076923076922995,0,,,
history_2026-08-01_2026-09-07,profit_protection,PROFIT_PROTECTION_202610,2026-08-28,2887,台新新光金,WATCH,未持有，今日未觸發進場條件,,,,,False,1,0.9421265141319024,-0.5383580080753569,0,,,
history_2026-08-01_2026-09-07,profit_protection,PROFIT_PROTECTION_202610,2026-08-28,3006,晶豪科,WATCH,未持有，今日未觸發進場條件,,,,,False,1,-4.432624113475181,-6.028368794326244,0,,,
history_2026-08-01_2026-09-07,profit_protection,PROFIT_PROTECTION_202610,2026-08-28,3008,大立光,HOLD,持有中，今日未觸發出場/確認條件,,32.551594746716695,,,False,1,39.34911242603549,35.40433925049309,0,CONFIRMED,,
history_2026-08-01_2026-09-07,profit_protection,PROFIT_PROTECTION_202610,2026-08-28,3017,奇鋐,WATCH,未持有，今日未觸發進場條件,,,73.3,CAUTION,False,1,0.5988023952095745,-0.5988023952095856,0,,,
history_2026-08-01_2026-09-07,profit_protection,PROFIT_PROTECTION_202610,2026-08-28,3034,聯詠,WATCH,未持有，今日未觸發進場條件,,,49.1,STOP_OBSERVING,False,1,-1.8018018018018056,-2.8828828828828867,0,,,
history_2026-08-01_2026-09-07,profit_protection,PROFIT_PROTECTION_202610,2026-08-28,3037,欣興,WATCH,未持有，今日未觸發進場條件,,,,,False,6,8.823529411764696,4.90196078431373,0,,,
history_2026-08-01_2026-09-07,profit_protection,PROFIT_PROTECTION_202610,2026-08-28,3045,台灣大,WATCH,未持有，今日未觸發進場條件,,,,,False,2,0.43478260869564966,-0.43478260869564966,0,,,
history_2026-08-01_2026-09-07,profit_protection,PROFIT_PROTECTION_202610,2026-08-28,3055,蔚華科,WATCH,未持有，今日未觸發進場條件,,,76.8,,True,1,0.0,-3.1372549019607843,6,,,
history_2026-08-01_2026-09-07,profit_protection,PROFIT_PROTECTION_202610,2026-08-28,3135,凌航,WATCH,未持有，今日未觸發進場條件,,,71.7,CAUTION,False,1,6.158357771260992,5.8651026392961825,0,,,
history_2026-08-01_2026-09-07,profit_protection,PROFIT_PROTECTION_202610,2026-08-28,3376,新日興,WATCH,未持有，今日未觸發進場條件,,,73.8,,True,1,0.0,-4.8387096774193505,7,,,
history_2026-08-01_2026-09-07,profit_protection,PROFIT_PROTECTION_202610,2026-08-28,3443,創意,WATCH,未持有，今日未觸發進場條件,,,79.7,CAUTION,False,2,7.989228007181337,6.104129263913816,0,,,
history_2026-08-01_2026-09-07,profit_protection,PROFIT_PROTECTION_202610,2026-08-28,3532,台勝科,WATCH,未持有，今日未觸發進場條件,,,75.3,CAUTION,False,1,5.976095617529875,2.5232403718459473,0,,,
history_2026-08-01_2026-09-07,profit_protection,PROFIT_PROTECTION_202610,2026-08-28,3653,健策,WATCH,未持有，今日未觸發進場條件,,,78.5,CAUTION,False,1,11.143131604226708,9.317963496637848,0,,,
history_2026-08-01_2026-09-07,profit_protection,PROFIT_PROTECTION_202610,2026-08-28,3714,富采,WATCH,未持有，今日未觸發進場條件,,,78.5,,True,1,0.0,-0.7987220447284393,5,,,
history_2026-08-01_2026-09-07,profit_protection,PROFIT_PROTECTION_202610,2026-08-28,4927,泰鼎-KY,WATCH,未持有，今日未觸發進場條件,,,77.3,CONTINUE,False,1,6.304079110012362,-2.595797280593337,0,,,
history_2026-08-01_2026-09-07,profit_protection,PROFIT_PROTECTION_202610,2026-08-28,4977,眾達-KY,WATCH,未持有，今日未觸發進場條件,,,80.4,CAUTION,True,2,0.8797653958944274,-0.2932551319648091,6,,,
history_2026-08-01_2026-09-07,profit_protection,PROFIT_PROTECTION_202610,2026-08-28,5607,遠雄港,WATCH,未持有，今日未觸發進場條件,,,,,False,1,-6.871609403254963,-6.871609403254963,0,,,
history_2026-08-01_2026-09-07,profit_protection,PROFIT_PROTECTION_202610,2026-08-28,6141,柏承,WATCH,未持有，今日未觸發進場條件,,,88.9,CAUTION,True,2,15.476190476190489,6.547619047619047,7,,,
history_2026-08-01_2026-09-07,profit_protection,PROFIT_PROTECTION_202610,2026-08-28,6213,聯茂,WATCH,未持有，今日未觸發進場條件,,,89.2,CAUTION,True,8,49.614395886889454,40.874035989717214,7,,,
history_2026-08-01_2026-09-07,profit_protection,PROFIT_PROTECTION_202610,2026-08-28,6214,精誠,WATCH,未持有，今日未觸發進場條件,,,,,False,2,5.232558139534893,4.3604651162790775,0,,,
history_2026-08-01_2026-09-07,profit_protection,PROFIT_PROTECTION_202610,2026-08-28,6226,光鼎,HOLD,持有中，今日未觸發出場/確認條件,,46.551724137931075,84.3,CONTINUE,False,2,61.137440758293835,59.95260663507107,0,CONFIRMED,,
history_2026-08-01_2026-09-07,profit_protection,PROFIT_PROTECTION_202610,2026-08-28,6269,台郡,WATCH,未持有，今日未觸發進場條件,,,70.8,CONTINUE,False,1,2.8806584362139898,-3.566529492455428,0,,,
history_2026-08-01_2026-09-07,profit_protection,PROFIT_PROTECTION_202610,2026-08-28,6415,矽力*-KY,WATCH,未持有，今日未觸發進場條件,,,58.0,STOP_OBSERVING,False,1,-2.3454157782516027,-4.584221748400852,0,,,
history_2026-08-01_2026-09-07,profit_protection,PROFIT_PROTECTION_202610,2026-08-28,6446,藥華藥,WATCH,未持有，今日未觸發進場條件,,,85.6,CAUTION,False,3,4.745762711864399,4.745762711864399,0,,,
history_2026-08-01_2026-09-07,profit_protection,PROFIT_PROTECTION_202610,2026-08-28,6472,保瑞,WATCH,未持有，今日未觸發進場條件,,,60.3,STOP_OBSERVING,False,1,-2.3569023569023573,-2.6936026936026924,0,,,
history_2026-08-01_2026-09-07,profit_protection,PROFIT_PROTECTION_202610,2026-08-28,6533,晶心科,WATCH,未持有，今日未觸發進場條件,,,72.9,STOP_OBSERVING,False,3,6.2000000000000055,6.000000000000005,0,,,
history_2026-08-01_2026-09-07,profit_protection,PROFIT_PROTECTION_202610,2026-08-28,6669,緯穎,WATCH,未持有，今日未觸發進場條件,,,79.4,CAUTION,False,1,11.801242236024834,6.133540372670798,0,,,
history_2026-08-01_2026-09-07,profit_protection,PROFIT_PROTECTION_202610,2026-08-28,6805,富世達,SELL,PROFIT_PROTECTION_ROTATION,2026-08-31,27.44565217391304,84.8,CAUTION,False,1,15.802469135802477,11.358024691358025,0,CONFIRMED,,"{""actual_profit_pct"": 27.44565217391304, ""previous_trade_date"": ""2026-08-27"", ""strong_signal"": false, ""trigger"": ""ROTATION_EXECUTED"", ""weakness_score"": 2, ""weakness_signals"": [""P4_CAUTION"", ""P3_NOT_SELECTED_2D""]}"
history_2026-08-01_2026-09-07,profit_protection,PROFIT_PROTECTION_202610,2026-08-28,6830,汎銓,HOLD,持有中，今日未觸發出場/確認條件,,23.820754716981128,,,False,2,21.668597914252597,20.509849362688293,0,CONFIRMED,,
history_2026-08-01_2026-09-07,profit_protection,PROFIT_PROTECTION_202610,2026-08-28,6933,AMAX-KY,HOLD,持有中，今日未觸發出場/確認條件,,9.936575052854145,77.0,CONTINUE,False,1,20.93023255813953,19.069767441860463,0,CONFIRMED,,
history_2026-08-01_2026-09-07,profit_protection,PROFIT_PROTECTION_202610,2026-08-28,6949,沛爾生醫-創,WATCH,未持有，今日未觸發進場條件,,,64.5,CAUTION,False,2,,,0,,,
history_2026-08-01_2026-09-07,profit_protection,PROFIT_PROTECTION_202610,2026-08-28,7711,永擎,BUY,CONTINUATION_PULLBACK_RIDE,2026-08-31,,71.1,,True,1,0.0,-3.0800821355236097,7,D1_STARTER,1,
history_2026-08-01_2026-09-07,profit_protection,PROFIT_PROTECTION_202610,2026-08-28,7788,松川精密,WATCH,未持有，今日未觸發進場條件,,,78.7,CONTINUE,True,2,9.899328859060397,2.348993288590595,7,,,
history_2026-08-01_2026-09-07,profit_protection,PROFIT_PROTECTION_202610,2026-08-28,8039,台虹,WATCH,未持有，今日未觸發進場條件,,,71.4,CAUTION,False,3,26.055045871559624,22.935779816513758,0,,,
history_2026-08-01_2026-09-07,profit_protection,PROFIT_PROTECTION_202610,2026-08-28,8110,華東,WATCH,未持有，今日未觸發進場條件,,,62.3,CAUTION,False,1,1.7699115044247815,1.2168141592920234,0,,,
history_2026-08-01_2026-09-07,profit_protection,PROFIT_PROTECTION_202610,2026-08-28,8150,南茂,WATCH,未持有，今日未觸發進場條件,,,68.5,CAUTION,False,1,-0.6586169045005419,-0.8781558726673966,0,,,
history_2026-08-01_2026-09-07,profit_protection,PROFIT_PROTECTION_202610,2026-08-31,1303,南亞,WATCH,未持有，今日未觸發進場條件,,,89.3,CAUTION,True,2,17.14975845410629,7.971014492753614,7,,,
history_2026-08-01_2026-09-07,profit_protection,PROFIT_PROTECTION_202610,2026-08-31,1312,國喬,SKIPPED_PORTFOLIO_CAPACITY,符合 CONTINUATION_BREAKOUT_SURGE 但同時持股名額已滿,,,79.7,,True,1,0.0,-9.0032154340836,7,,1,
history_2026-08-01_2026-09-07,profit_protection,PROFIT_PROTECTION_202610,2026-08-31,1326,台化,WATCH,未持有，今日未觸發進場條件,,,83.6,,True,1,0.0,-9.370424597364568,6,,,
history_2026-08-01_2026-09-07,profit_protection,PROFIT_PROTECTION_202610,2026-08-31,1608,華榮,WATCH,未持有，今日未觸發進場條件,,,84.8,STOP_OBSERVING,False,1,2.7247956403269713,0.6811989100817373,0,,,
history_2026-08-01_2026-09-07,profit_protection,PROFIT_PROTECTION_202610,2026-08-31,1709,和益,WATCH,未持有，今日未觸發進場條件,,,84.5,CAUTION,False,1,-0.8888888888888835,-1.185185185185178,0,,,
history_2026-08-01_2026-09-07,profit_protection,PROFIT_PROTECTION_202610,2026-08-31,1710,東聯,WATCH,未持有，今日未觸發進場條件,,,84.6,,True,1,0.0,-3.669724770642213,7,,,
history_2026-08-01_2026-09-07,profit_protection,PROFIT_PROTECTION_202610,2026-08-31,1717,長興,WATCH,未持有，今日未觸發進場條件,,,86.5,CAUTION,True,2,15.22346368715084,6.703910614525155,7,,,
history_2026-08-01_2026-09-07,profit_protection,PROFIT_PROTECTION_202610,2026-08-31,1802,台玻,WATCH,未持有，今日未觸發進場條件,,,74.0,CAUTION,False,2,4.827586206896539,2.586206896551735,0,,,
history_2026-08-01_2026-09-07,profit_protection,PROFIT_PROTECTION_202610,2026-08-31,2030,彰源,WATCH,未持有，今日未觸發進場條件,,,84.8,CAUTION,False,2,1.5695067264573925,1.1210762331838486,0,,,
history_2026-08-01_2026-09-07,profit_protection,PROFIT_PROTECTION_202610,2026-08-31,2059,川湖,HOLD,持有中，今日未觸發出場/確認條件,,13.078149920255179,84.6,CAUTION,False,2,-1.3221990257480831,-3.6186499652052895,0,CONFIRMED,,
history_2026-08-01_2026-09-07,profit_protection,PROFIT_PROTECTION_202610,2026-08-31,2301,光寶科,WATCH,未持有，今日未觸發進場條件,,,85.6,STOP_OBSERVING,False,1,6.271777003484313,5.923344947735187,0,,,
history_2026-08-01_2026-09-07,profit_protection,PROFIT_PROTECTION_202610,2026-08-31,2313,華通,WATCH,未持有，今日未觸發進場條件,,,82.6,CAUTION,True,2,1.8442622950819665,-2.254098360655743,7,,,
history_2026-08-01_2026-09-07,profit_protection,PROFIT_PROTECTION_202610,2026-08-31,2344,華邦電,WATCH,未持有，今日未觸發進場條件,,,81.8,,True,1,0.0,-3.561643835616435,6,,,
history_2026-08-01_2026-09-07,profit_protection,PROFIT_PROTECTION_202610,2026-08-31,2357,華碩,WATCH,未持有，今日未觸發進場條件,,,78.9,,True,1,0.0,-4.8048048048048075,7,,,
history_2026-08-01_2026-09-07,profit_protection,PROFIT_PROTECTION_202610,2026-08-31,2368,金像電,WATCH,未持有，今日未觸發進場條件,,,64.9,CONTINUE,False,2,12.01923076923077,9.615384615384626,0,,,
history_2026-08-01_2026-09-07,profit_protection,PROFIT_PROTECTION_202610,2026-08-31,2408,南亞科,WATCH,未持有，今日未觸發進場條件,,,87.6,CAUTION,True,2,0.3696857670979714,-1.8484288354898348,7,,,
history_2026-08-01_2026-09-07,profit_protection,PROFIT_PROTECTION_202610,2026-08-31,2449,京元電子,PULLBACK_WATCH,符合 PULLBACK_WATCH 條件（尚未回穩確認，不進場）,,,68.9,CAUTION,False,1,-4.814814814814817,-7.4074074074074066,0,,,
history_2026-08-01_2026-09-07,profit_protection,PROFIT_PROTECTION_202610,2026-08-31,2454,聯發科,WATCH,未持有，今日未觸發進場條件,,,35.2,CAUTION,False,1,-0.5069708491761693,-3.168567807351075,0,,,
history_2026-08-01_2026-09-07,profit_protection,PROFIT_PROTECTION_202610,2026-08-31,2455,全新,WATCH,未持有，今日未觸發進場條件,,,84.5,CONTINUE,False,1,9.907834101382495,-1.382488479262678,0,,,
history_2026-08-01_2026-09-07,profit_protection,PROFIT_PROTECTION_202610,2026-08-31,2465,麗臺,WATCH,未持有，今日未觸發進場條件,,,75.8,CAUTION,False,1,-1.0526315789473717,-2.0000000000000018,0,,,
history_2026-08-01_2026-09-07,profit_protection,PROFIT_PROTECTION_202610,2026-08-31,2481,強茂,WATCH,未持有，今日未觸發進場條件,,,72.1,CAUTION,False,1,-1.9480519480519431,-4.870129870129869,0,,,
history_2026-08-01_2026-09-07,profit_protection,PROFIT_PROTECTION_202610,2026-08-31,2489,瑞軒,WATCH,未持有，今日未觸發進場條件,,,77.3,CAUTION,False,1,18.373071528751762,12.201963534361848,0,,,
history_2026-08-01_2026-09-07,profit_protection,PROFIT_PROTECTION_202610,2026-08-31,2615,萬海,WATCH,未持有，今日未觸發進場條件,,,70.8,STOP_OBSERVING,False,5,30.285714285714292,25.71428571428571,0,,,
history_2026-08-01_2026-09-07,profit_protection,PROFIT_PROTECTION_202610,2026-08-31,2881,富邦金,WATCH,未持有，今日未觸發進場條件,,,71.6,CAUTION,True,4,7.462686567164178,5.970149253731338,7,,,
history_2026-08-01_2026-09-07,profit_protection,PROFIT_PROTECTION_202610,2026-08-31,2882,國泰金,WATCH,未持有，今日未觸發進場條件,,,73.6,,True,1,0.0,-4.524886877828049,7,,,
history_2026-08-01_2026-09-07,profit_protection,PROFIT_PROTECTION_202610,2026-08-31,2883,凱基金,WATCH,未持有，今日未觸發進場條件,,,75.5,,True,1,0.0,-3.840472673559836,7,,,
history_2026-08-01_2026-09-07,profit_protection,PROFIT_PROTECTION_202610,2026-08-31,2887,台新新光金,WATCH,未持有，今日未觸發進場條件,,,71.3,,True,1,0.0,-3.112840466926059,6,,,
history_2026-08-01_2026-09-07,profit_protection,PROFIT_PROTECTION_202610,2026-08-31,3006,晶豪科,WATCH,未持有，今日未觸發進場條件,,,81.0,,True,1,0.0,-9.914529914529913,7,,,
history_2026-08-01_2026-09-07,profit_protection,PROFIT_PROTECTION_202610,2026-08-31,3008,大立光,HOLD,持有中，今日未觸發出場/確認條件,,43.527204502814264,77.1,,True,1,0.0,-8.16993464052288,7,CONFIRMED,,
history_2026-08-01_2026-09-07,profit_protection,PROFIT_PROTECTION_202610,2026-08-31,3017,奇鋐,WATCH,未持有，今日未觸發進場條件,,,83.1,CAUTION,True,2,2.5449101796407136,-2.6946107784431184,7,,,
history_2026-08-01_2026-09-07,profit_protection,PROFIT_PROTECTION_202610,2026-08-31,3037,欣興,WATCH,未持有，今日未觸發進場條件,,,,,False,6,-2.0588235294117685,-2.0588235294117685,0,,,
history_2026-08-01_2026-09-07,profit_protection,PROFIT_PROTECTION_202610,2026-08-31,3044,健鼎,WATCH,未持有，今日未觸發進場條件,,,70.3,,True,1,0.0,-1.309164149043307,7,,,
history_2026-08-01_2026-09-07,profit_protection,PROFIT_PROTECTION_202610,2026-08-31,3055,蔚華科,PULLBACK_WATCH,符合 PULLBACK_WATCH 條件（尚未回穩確認，不進場）,,,80.8,CAUTION,False,1,-5.490196078431375,-7.843137254901967,0,,,
history_2026-08-01_2026-09-07,profit_protection,PROFIT_PROTECTION_202610,2026-08-31,3135,凌航,WATCH,未持有，今日未觸發進場條件,,,75.8,CAUTION,False,1,7.038123167155419,4.692082111436946,0,,,
history_2026-08-01_2026-09-07,profit_protection,PROFIT_PROTECTION_202610,2026-08-31,3376,新日興,WATCH,未持有，今日未觸發進場條件,,,76.4,CAUTION,False,1,-1.382488479262678,-3.2258064516129004,0,,,
history_2026-08-01_2026-09-07,profit_protection,PROFIT_PROTECTION_202610,2026-08-31,3443,創意,WATCH,未持有，今日未觸發進場條件,,,77.8,CAUTION,True,3,9.51526032315979,1.9748653500897717,7,,,
history_2026-08-01_2026-09-07,profit_protection,PROFIT_PROTECTION_202610,2026-08-31,3532,台勝科,WATCH,未持有，今日未觸發進場條件,,,74.1,CAUTION,False,1,0.6640106241699861,-2.39043824701195,0,,,
history_2026-08-01_2026-09-07,profit_protection,PROFIT_PROTECTION_202610,2026-08-31,3605,宏致,WATCH,未持有，今日未觸發進場條件,,,70.3,,True,1,0.0,-8.273381294964032,5,,,
history_2026-08-01_2026-09-07,profit_protection,PROFIT_PROTECTION_202610,2026-08-31,3653,健策,WATCH,未持有，今日未觸發進場條件,,,82.1,CAUTION,True,2,15.081652257444755,9.317963496637848,7,,,
history_2026-08-01_2026-09-07,profit_protection,PROFIT_PROTECTION_202610,2026-08-31,3661,世芯-KY,WATCH,未持有，今日未觸發進場條件,,,73.0,,True,1,0.0,-4.294478527607359,6,,,
history_2026-08-01_2026-09-07,profit_protection,PROFIT_PROTECTION_202610,2026-08-31,3714,富采,WATCH,未持有，今日未觸發進場條件,,,76.7,CAUTION,False,1,-1.5974440894568676,-3.194888178913735,0,,,
history_2026-08-01_2026-09-07,profit_protection,PROFIT_PROTECTION_202610,2026-08-31,4927,泰鼎-KY,WATCH,未持有，今日未觸發進場條件,,,78.1,CAUTION,False,1,-0.24721878862793423,-0.370828182941918,0,,,
history_2026-08-01_2026-09-07,profit_protection,PROFIT_PROTECTION_202610,2026-08-31,4958,臻鼎-KY,WATCH,未持有，今日未觸發進場條件,,,78.3,,True,1,0.0,-6.399999999999995,6,,,
history_2026-08-01_2026-09-07,profit_protection,PROFIT_PROTECTION_202610,2026-08-31,4977,眾達-KY,WATCH,未持有，今日未觸發進場條件,,,81.0,CAUTION,False,2,2.639296187683282,-1.4662756598240456,0,,,
history_2026-08-01_2026-09-07,profit_protection,PROFIT_PROTECTION_202610,2026-08-31,6141,柏承,WATCH,未持有，今日未觸發進場條件,,,87.1,CAUTION,False,2,16.86507936507937,9.325396825396837,0,,,
history_2026-08-01_2026-09-07,profit_protection,PROFIT_PROTECTION_202610,2026-08-31,6213,聯茂,WATCH,未持有，今日未觸發進場條件,,,89.2,STOP_OBSERVING,False,8,40.874035989717214,37.275064267352185,0,,,
history_2026-08-01_2026-09-07,profit_protection,PROFIT_PROTECTION_202610,2026-08-31,6226,光鼎,HOLD,持有中，今日未觸發出場/確認條件,,36.20689655172418,74.2,CONTINUE,False,2,49.763033175355446,49.28909952606635,0,CONFIRMED,,
history_2026-08-01_2026-09-07,profit_protection,PROFIT_PROTECTION_202610,2026-08-31,6269,台郡,WATCH,未持有，今日未觸發進場條件,,,72.8,CAUTION,False,1,2.7434842249657088,0.137174211248281,0,,,
history_2026-08-01_2026-09-07,profit_protection,PROFIT_PROTECTION_202610,2026-08-31,6446,藥華藥,WATCH,未持有，今日未觸發進場條件,,,65.3,STOP_OBSERVING,False,3,-5.423728813559325,-5.423728813559325,0,,,
history_2026-08-01_2026-09-07,profit_protection,PROFIT_PROTECTION_202610,2026-08-31,6505,台塑化,WATCH,未持有，今日未觸發進場條件,,,71.8,,True,1,0.0,-3.2653061224489854,5,,,
history_2026-08-01_2026-09-07,profit_protection,PROFIT_PROTECTION_202610,2026-08-31,6669,緯穎,WATCH,未持有，今日未觸發進場條件,,,79.5,STOP_OBSERVING,False,1,10.170807453416142,9.239130434782616,0,,,
history_2026-08-01_2026-09-07,profit_protection,PROFIT_PROTECTION_202610,2026-08-31,6770,力積電,WATCH,未持有，今日未觸發進場條件,,,80.1,,True,1,0.0,-6.849315068493156,6,,,
history_2026-08-01_2026-09-07,profit_protection,PROFIT_PROTECTION_202610,2026-08-31,6805,富世達,WATCH,未持有，今日未觸發進場條件,,,86.2,CAUTION,True,2,13.82716049382715,10.123456790123452,7,,,
history_2026-08-01_2026-09-07,profit_protection,PROFIT_PROTECTION_202610,2026-08-31,6830,汎銓,HOLD,持有中，今日未觸發出場/確認條件,,22.64150943396226,,,False,2,20.509849362688293,16.10660486674391,0,CONFIRMED,,
history_2026-08-01_2026-09-07,profit_protection,PROFIT_PROTECTION_202610,2026-08-31,6933,AMAX-KY,HOLD,持有中，今日未觸發出場/確認條件,,20.93023255813955,90.3,CONTINUE,False,1,33.02325581395349,31.62790697674418,0,CONFIRMED,,
history_2026-08-01_2026-09-07,profit_protection,PROFIT_PROTECTION_202610,2026-08-31,6949,沛爾生醫-創,WATCH,未持有，今日未觸發進場條件,,,64.4,CAUTION,False,2,,,0,,,
history_2026-08-01_2026-09-07,profit_protection,PROFIT_PROTECTION_202610,2026-08-31,7711,永擎,HOLD,持有中，今日未觸發出場/確認條件,,0.0,86.7,CONTINUE,True,2,9.856262833675554,-0.8213552361396315,7,CONFIRMED,,
history_2026-08-01_2026-09-07,profit_protection,PROFIT_PROTECTION_202610,2026-08-31,7788,松川精密,WATCH,未持有，今日未觸發進場條件,,,70.8,CONTINUE,False,2,6.040268456375841,3.0201342281879207,0,,,
history_2026-08-01_2026-09-07,profit_protection,PROFIT_PROTECTION_202610,2026-08-31,8039,台虹,WATCH,未持有，今日未觸發進場條件,,,85.5,STOP_OBSERVING,False,3,19.999999999999996,13.577981651376136,0,,,
history_2026-08-01_2026-09-07,profit_protection,PROFIT_PROTECTION_202610,2026-08-31,8110,華東,WATCH,未持有，今日未觸發進場條件,,,57.0,CAUTION,False,1,0.9955752212389202,-0.4424778761062065,0,,,
history_2026-08-01_2026-09-07,profit_protection,PROFIT_PROTECTION_202610,2026-08-31,8150,南茂,WATCH,未持有，今日未觸發進場條件,,,63.4,CAUTION,False,1,-2.1953896816684915,-4.939626783754115,0,,,
history_2026-08-01_2026-09-07,profit_protection,PROFIT_PROTECTION_202610,2026-09-01,1303,南亞,WATCH,未持有，今日未觸發進場條件,,,89.4,CAUTION,False,2,13.285024154589365,11.83574879227054,0,,,
history_2026-08-01_2026-09-07,profit_protection,PROFIT_PROTECTION_202610,2026-09-01,1312,國喬,WATCH,未持有，今日未觸發進場條件,,,76.8,CONTINUE,False,1,0.6430868167202508,-2.893890675241162,0,,,
history_2026-08-01_2026-09-07,profit_protection,PROFIT_PROTECTION_202610,2026-09-01,1326,台化,WATCH,未持有，今日未觸發進場條件,,,88.6,CONTINUE,True,2,8.784773060029295,-1.4641288433382194,7,,,
history_2026-08-01_2026-09-07,profit_protection,PROFIT_PROTECTION_202610,2026-09-01,1709,和益,WATCH,未持有，今日未觸發進場條件,,,91.3,STOP_OBSERVING,False,1,7.851851851851843,-0.5925925925926001,0,,,
history_2026-08-01_2026-09-07,profit_protection,PROFIT_PROTECTION_202610,2026-09-01,1710,東聯,WATCH,未持有，今日未觸發進場條件,,,75.1,CAUTION,False,1,-1.5290519877675823,-1.5290519877675823,0,,,
history_2026-08-01_2026-09-07,profit_protection,PROFIT_PROTECTION_202610,2026-09-01,1717,長興,WATCH,未持有，今日未觸發進場條件,,,91.7,CAUTION,False,2,18.29608938547487,13.128491620111738,0,,,
history_2026-08-01_2026-09-07,profit_protection,PROFIT_PROTECTION_202610,2026-09-01,1802,台玻,WATCH,未持有，今日未觸發進場條件,,,71.3,CAUTION,False,2,5.689655172413799,4.482758620689653,0,,,
history_2026-08-01_2026-09-07,profit_protection,PROFIT_PROTECTION_202610,2026-09-01,2030,彰源,WATCH,未持有，今日未觸發進場條件,,,81.2,STOP_OBSERVING,False,2,2.0179372197309364,0.8968609865470878,0,,,
history_2026-08-01_2026-09-07,profit_protection,PROFIT_PROTECTION_202610,2026-09-01,2059,川湖,HOLD,持有中，今日未觸發出場/確認條件,,12.838915470494427,85.2,STOP_OBSERVING,False,2,-1.5309672929714635,-2.540013917884476,0,CONFIRMED,,
history_2026-08-01_2026-09-07,profit_protection,PROFIT_PROTECTION_202610,2026-09-01,2313,華通,WATCH,未持有，今日未觸發進場條件,,,80.8,CAUTION,False,2,3.2786885245901676,2.049180327868849,0,,,
history_2026-08-01_2026-09-07,profit_protection,PROFIT_PROTECTION_202610,2026-09-01,2344,華邦電,WATCH,未持有，今日未觸發進場條件,,,70.1,CAUTION,False,1,-3.561643835616435,-3.8356164383561597,0,,,
history_2026-08-01_2026-09-07,profit_protection,PROFIT_PROTECTION_202610,2026-09-01,2357,華碩,WATCH,未持有，今日未觸發進場條件,,,81.6,CONTINUE,False,1,1.1011011011011096,-1.2012012012011963,0,,,
history_2026-08-01_2026-09-07,profit_protection,PROFIT_PROTECTION_202610,2026-09-01,2368,金像電,WATCH,未持有，今日未觸發進場條件,,,73.8,CONTINUE,True,3,17.78846153846154,11.057692307692314,7,,,
history_2026-08-01_2026-09-07,profit_protection,PROFIT_PROTECTION_202610,2026-09-01,2395,研華,WATCH,未持有，今日未觸發進場條件,,,86.3,,True,1,0.0,-4.500703234880454,7,,,
history_2026-08-01_2026-09-07,profit_protection,PROFIT_PROTECTION_202610,2026-09-01,2408,南亞科,WATCH,未持有，今日未觸發進場條件,,,77.4,STOP_OBSERVING,False,2,-4.251386321626615,-4.621072088724587,0,,,
history_2026-08-01_2026-09-07,profit_protection,PROFIT_PROTECTION_202610,2026-09-01,2421,建準,WATCH,未持有，今日未觸發進場條件,,,84.2,,True,1,0.0,-1.1299435028248594,6,,,
history_2026-08-01_2026-09-07,profit_protection,PROFIT_PROTECTION_202610,2026-09-01,2449,京元電子,SKIPPED_PORTFOLIO_CAPACITY,符合 PULLBACK_RECOVERY_ENTRY 但同時持股名額已滿,,,68.9,CAUTION,False,1,3.3333333333333437,-4.074074074074074,0,,,
history_2026-08-01_2026-09-07,profit_protection,PROFIT_PROTECTION_202610,2026-09-01,2454,聯發科,WATCH,未持有，今日未觸發進場條件,,,62.6,STOP_OBSERVING,False,1,9.378960709759188,9.378960709759188,0,,,
history_2026-08-01_2026-09-07,profit_protection,PROFIT_PROTECTION_202610,2026-09-01,2455,全新,WATCH,未持有，今日未觸發進場條件,,,76.3,CAUTION,False,1,20.737327188940103,9.216589861751157,0,,,
history_2026-08-01_2026-09-07,profit_protection,PROFIT_PROTECTION_202610,2026-09-01,2465,麗臺,WATCH,未持有，今日未觸發進場條件,,,76.5,CAUTION,False,1,0.8421052631578885,-1.684210526315788,0,,,
history_2026-08-01_2026-09-07,profit_protection,PROFIT_PROTECTION_202610,2026-09-01,2467,志聖,WATCH,未持有，今日未觸發進場條件,,,71.7,,True,1,0.0,-1.1217948717948678,6,,,
history_2026-08-01_2026-09-07,profit_protection,PROFIT_PROTECTION_202610,2026-09-01,2481,強茂,WATCH,未持有，今日未觸發進場條件,,,66.6,CAUTION,False,1,1.9480519480519431,-2.922077922077926,0,,,
history_2026-08-01_2026-09-07,profit_protection,PROFIT_PROTECTION_202610,2026-09-01,2489,瑞軒,WATCH,未持有，今日未觸發進場條件,,,64.9,CAUTION,False,1,20.056100981767177,17.11079943899019,0,,,
history_2026-08-01_2026-09-07,profit_protection,PROFIT_PROTECTION_202610,2026-09-01,2881,富邦金,WATCH,未持有，今日未觸發進場條件,,,63.8,CAUTION,False,4,8.208955223880587,5.597014925373145,0,,,
history_2026-08-01_2026-09-07,profit_protection,PROFIT_PROTECTION_202610,2026-09-01,2882,國泰金,WATCH,未持有，今日未觸發進場條件,,,72.5,CAUTION,False,1,0.4524886877828038,-1.8099547511312264,0,,,
history_2026-08-01_2026-09-07,profit_protection,PROFIT_PROTECTION_202610,2026-09-01,2883,凱基金,WATCH,未持有，今日未觸發進場條件,,,77.7,CAUTION,False,1,3.2496307237813937,0.1477104874445967,0,,,
history_2026-08-01_2026-09-07,profit_protection,PROFIT_PROTECTION_202610,2026-09-01,2887,台新新光金,WATCH,未持有，今日未觸發進場條件,,,76.2,CONTINUE,False,1,4.5395590142671916,0.778210116731537,0,,,
history_2026-08-01_2026-09-07,profit_protection,PROFIT_PROTECTION_202610,2026-09-01,3006,晶豪科,WATCH,未持有，今日未觸發進場條件,,,71.3,STOP_OBSERVING,False,1,-4.7863247863247915,-5.641025641025643,0,,,
history_2026-08-01_2026-09-07,profit_protection,PROFIT_PROTECTION_202610,2026-09-01,3008,大立光,HOLD,持有中，今日未觸發出場/確認條件,,42.213883677298305,79.8,CAUTION,False,1,-0.9150326797385588,-1.1111111111111072,0,CONFIRMED,,
history_2026-08-01_2026-09-07,profit_protection,PROFIT_PROTECTION_202610,2026-09-01,3017,奇鋐,WATCH,未持有，今日未觸發進場條件,,,77.8,CAUTION,True,3,2.095808383233533,0.29940119760478723,7,,,
history_2026-08-01_2026-09-07,profit_protection,PROFIT_PROTECTION_202610,2026-09-01,3044,健鼎,WATCH,未持有，今日未觸發進場條件,,,69.6,CAUTION,False,1,1.309164149043296,-0.40281973816717054,0,,,
history_2026-08-01_2026-09-07,profit_protection,PROFIT_PROTECTION_202610,2026-09-01,3055,蔚華科,SKIPPED_PORTFOLIO_CAPACITY,符合 PULLBACK_RECOVERY_ENTRY 但同時持股名額已滿,,,85.8,CONTINUE,False,1,1.5686274509803866,-6.666666666666665,0,,,
history_2026-08-01_2026-09-07,profit_protection,PROFIT_PROTECTION_202610,2026-09-01,3135,凌航,WATCH,未持有，今日未觸發進場條件,,,47.3,STOP_OBSERVING,False,1,1.4662756598240456,1.4662756598240456,0,,,
history_2026-08-01_2026-09-07,profit_protection,PROFIT_PROTECTION_202610,2026-09-01,3376,新日興,WATCH,未持有，今日未觸發進場條件,,,65.3,CAUTION,False,1,-1.8433179723502335,-3.2258064516129004,0,,,
history_2026-08-01_2026-09-07,profit_protection,PROFIT_PROTECTION_202610,2026-09-01,3443,創意,WATCH,未持有，今日未觸發進場條件,,,72.4,STOP_OBSERVING,False,3,7.6301615798922695,6.373429084380611,0,,,
history_2026-08-01_2026-09-07,profit_protection,PROFIT_PROTECTION_202610,2026-09-01,3532,台勝科,WATCH,未持有，今日未觸發進場條件,,,77.3,CAUTION,False,1,6.7729083665338585,0.3984063745019917,0,,,
history_2026-08-01_2026-09-07,profit_protection,PROFIT_PROTECTION_202610,2026-09-01,3605,宏致,PULLBACK_WATCH,符合 PULLBACK_WATCH 條件（尚未回穩確認，不進場）,,,72.7,CAUTION,False,1,-9.712230215827333,-9.712230215827333,0,,,
history_2026-08-01_2026-09-07,profit_protection,PROFIT_PROTECTION_202610,2026-09-01,3653,健策,WATCH,未持有，今日未觸發進場條件,,,75.9,CAUTION,False,2,13.064361191162345,11.815561959654186,0,,,
history_2026-08-01_2026-09-07,profit_protection,PROFIT_PROTECTION_202610,2026-09-01,3661,世芯-KY,WATCH,未持有，今日未觸發進場條件,,,77.1,CONTINUE,True,2,4.907975460122693,2.331288343558291,6,,,
history_2026-08-01_2026-09-07,profit_protection,PROFIT_PROTECTION_202610,2026-09-01,3714,富采,WATCH,未持有，今日未觸發進場條件,,,74.9,CAUTION,False,1,-0.15974440894569453,-2.2364217252396124,0,,,
history_2026-08-01_2026-09-07,profit_protection,PROFIT_PROTECTION_202610,2026-09-01,4927,泰鼎-KY,WATCH,未持有，今日未觸發進場條件,,,77.2,CAUTION,False,1,3.213844252163156,0.3708281829418958,0,,,
history_2026-08-01_2026-09-07,profit_protection,PROFIT_PROTECTION_202610,2026-09-01,4958,臻鼎-KY,WATCH,未持有，今日未觸發進場條件,,,78.8,CONTINUE,False,1,7.000000000000006,1.6000000000000014,0,,,
history_2026-08-01_2026-09-07,profit_protection,PROFIT_PROTECTION_202610,2026-09-01,4977,眾達-KY,WATCH,未持有，今日未觸發進場條件,,,68.3,CAUTION,False,2,4.692082111436946,4.398826979472137,0,,,
history_2026-08-01_2026-09-07,profit_protection,PROFIT_PROTECTION_202610,2026-09-01,6141,柏承,WATCH,未持有，今日未觸發進場條件,,,84.9,STOP_OBSERVING,False,2,15.079365079365093,13.492063492063512,0,,,
history_2026-08-01_2026-09-07,profit_protection,PROFIT_PROTECTION_202610,2026-09-01,6226,光鼎,HOLD,持有中，今日未觸發出場/確認條件,,46.551724137931075,87.9,CAUTION,False,2,61.137440758293835,46.91943127962084,0,CONFIRMED,,
history_2026-08-01_2026-09-07,profit_protection,PROFIT_PROTECTION_202610,2026-09-01,6269,台郡,WATCH,未持有，今日未觸發進場條件,,,72.6,CAUTION,False,1,3.1550068587105518,0.9602194787379892,0,,,
history_2026-08-01_2026-09-07,profit_protection,PROFIT_PROTECTION_202610,2026-09-01,6505,台塑化,WATCH,未持有，今日未觸發進場條件,,,78.7,CONTINUE,False,1,4.35374149659864,-0.27210884353742193,0,,,
history_2026-08-01_2026-09-07,profit_protection,PROFIT_PROTECTION_202610,2026-09-01,6770,力積電,WATCH,未持有，今日未觸發進場條件,,,73.7,STOP_OBSERVING,False,1,-3.013698630136985,-3.561643835616435,0,,,
history_2026-08-01_2026-09-07,profit_protection,PROFIT_PROTECTION_202610,2026-09-01,6805,富世達,WATCH,未持有，今日未觸發進場條件,,,90.1,CAUTION,True,3,12.83950617283951,5.185185185185182,7,,,
history_2026-08-01_2026-09-07,profit_protection,PROFIT_PROTECTION_202610,2026-09-01,6830,汎銓,HOLD,持有中，今日未觸發出場/確認條件,,34.905660377358494,82.4,,True,1,0.0,-10.839160839160844,7,CONFIRMED,,
history_2026-08-01_2026-09-07,profit_protection,PROFIT_PROTECTION_202610,2026-09-01,6933,AMAX-KY,HOLD,持有中，今日未觸發出場/確認條件,,32.98097251585625,94.0,CONTINUE,False,1,46.27906976744185,37.67441860465117,0,CONFIRMED,,
history_2026-08-01_2026-09-07,profit_protection,PROFIT_PROTECTION_202610,2026-09-01,6949,沛爾生醫-創,WATCH,未持有，今日未觸發進場條件,,,64.6,CAUTION,True,3,,,6,,,
history_2026-08-01_2026-09-07,profit_protection,PROFIT_PROTECTION_202610,2026-09-01,7711,永擎,HOLD,持有中，今日未觸發出場/確認條件,,7.476635514018692,77.3,CAUTION,True,3,18.069815195071868,9.445585215605746,7,CONFIRMED,,
history_2026-08-01_2026-09-07,profit_protection,PROFIT_PROTECTION_202610,2026-09-01,7788,松川精密,WATCH,未持有，今日未觸發進場條件,,,78.4,CAUTION,False,2,7.550335570469802,1.5100671140939603,0,,,
history_2026-08-01_2026-09-07,profit_protection,PROFIT_PROTECTION_202610,2026-09-01,8103,瀚荃,WATCH,未持有，今日未觸發進場條件,,,91.2,,True,1,0.0,-7.905138339920947,7,,,
history_2026-08-01_2026-09-07,profit_protection,PROFIT_PROTECTION_202610,2026-09-01,8110,華東,WATCH,未持有，今日未觸發進場條件,,,36.9,CAUTION,False,1,-0.11061946902656272,-0.4424778761062065,0,,,
history_2026-08-01_2026-09-07,profit_protection,PROFIT_PROTECTION_202610,2026-09-01,8150,南茂,WATCH,未持有，今日未觸發進場條件,,,73.4,CAUTION,True,2,2.3051591657519355,-1.9758507135016479,6,,,
history_2026-08-01_2026-09-07,profit_protection,PROFIT_PROTECTION_202610,2026-09-02,1303,南亞,WATCH,未持有，今日未觸發進場條件,,,87.6,CAUTION,True,3,14.734299516908212,12.077294685990347,7,,,
history_2026-08-01_2026-09-07,profit_protection,PROFIT_PROTECTION_202610,2026-09-02,1312,國喬,WATCH,未持有，今日未觸發進場條件,,,81.0,CAUTION,False,1,-1.9292604501607746,-3.536977491961424,0,,,
history_2026-08-01_2026-09-07,profit_protection,PROFIT_PROTECTION_202610,2026-09-02,1326,台化,WATCH,未持有，今日未觸發進場條件,,,85.6,CAUTION,False,2,6.588579795021965,3.221083455344065,0,,,
history_2026-08-01_2026-09-07,profit_protection,PROFIT_PROTECTION_202610,2026-09-02,1563,巧新,WATCH,未持有，今日未觸發進場條件,,,60.1,,True,1,,,5,,,
history_2026-08-01_2026-09-07,profit_protection,PROFIT_PROTECTION_202610,2026-09-02,1710,東聯,WATCH,未持有，今日未觸發進場條件,,,74.4,CAUTION,False,1,0.0,-2.4464831804281495,0,,,
history_2026-08-01_2026-09-07,profit_protection,PROFIT_PROTECTION_202610,2026-09-02,1717,長興,WATCH,未持有，今日未觸發進場條件,,,85.5,CAUTION,False,2,12.849162011173188,11.73184357541901,0,,,
history_2026-08-01_2026-09-07,profit_protection,PROFIT_PROTECTION_202610,2026-09-02,1802,台玻,WATCH,未持有，今日未觸發進場條件,,,67.8,CAUTION,False,2,4.827586206896539,4.31034482758621,0,,,
history_2026-08-01_2026-09-07,profit_protection,PROFIT_PROTECTION_202610,2026-09-02,2059,川湖,HOLD,持有中，今日未觸發出場/確認條件,,10.566188197767135,,,False,3,16.463670726585477,14.237715245695082,0,CONFIRMED,,
history_2026-08-01_2026-09-07,profit_protection,PROFIT_PROTECTION_202610,2026-09-02,2313,華通,WATCH,未持有，今日未觸發進場條件,,,74.0,CAUTION,False,2,2.049180327868849,0.8196721311475308,0,,,
history_2026-08-01_2026-09-07,profit_protection,PROFIT_PROTECTION_202610,2026-09-02,2344,華邦電,WATCH,未持有，今日未觸發進場條件,,,58.5,STOP_OBSERVING,False,1,-1.9178082191780854,-6.02739726027397,0,,,
history_2026-08-01_2026-09-07,profit_protection,PROFIT_PROTECTION_202610,2026-09-02,2357,華碩,WATCH,未持有，今日未觸發進場條件,,,84.2,CONTINUE,False,1,1.1011011011011096,-0.6006006006005982,0,,,
history_2026-08-01_2026-09-07,profit_protection,PROFIT_PROTECTION_202610,2026-09-02,2368,金像電,WATCH,未持有，今日未觸發進場條件,,,71.3,CAUTION,False,3,12.98076923076923,11.538461538461542,0,,,
history_2026-08-01_2026-09-07,profit_protection,PROFIT_PROTECTION_202610,2026-09-02,2382,廣達,WATCH,未持有，今日未觸發進場條件,,,70.3,,True,1,0.0,-0.29673590504450953,5,,,
history_2026-08-01_2026-09-07,profit_protection,PROFIT_PROTECTION_202610,2026-09-02,2395,研華,WATCH,未持有，今日未觸發進場條件,,,78.4,CAUTION,False,1,-2.672292545710264,-3.234880450070321,0,,,
history_2026-08-01_2026-09-07,profit_protection,PROFIT_PROTECTION_202610,2026-09-02,2421,建準,PULLBACK_WATCH,符合 PULLBACK_WATCH 條件（尚未回穩確認，不進場）,,,75.1,CAUTION,False,1,-5.0847457627118615,-6.214689265536721,0,,,
history_2026-08-01_2026-09-07,profit_protection,PROFIT_PROTECTION_202610,2026-09-02,2449,京元電子,WATCH,未持有，今日未觸發進場條件,,,71.9,CAUTION,False,1,0.18518518518517713,0.18518518518517713,0,,,
history_2026-08-01_2026-09-07,profit_protection,PROFIT_PROTECTION_202610,2026-09-02,2455,全新,WATCH,未持有，今日未觸發進場條件,,,76.4,CONTINUE,True,2,24.884792626728114,17.28110599078341,7,,,
history_2026-08-01_2026-09-07,profit_protection,PROFIT_PROTECTION_202610,2026-09-02,2465,麗臺,WATCH,未持有，今日未觸發進場條件,,,80.3,CAUTION,False,1,10.526315789473696,4.421052631578948,0,,,
history_2026-08-01_2026-09-07,profit_protection,PROFIT_PROTECTION_202610,2026-09-02,2467,志聖,WATCH,未持有，今日未觸發進場條件,,,71.7,CAUTION,False,1,-2.4038461538461564,-2.564102564102566,0,,,
history_2026-08-01_2026-09-07,profit_protection,PROFIT_PROTECTION_202610,2026-09-02,2481,強茂,WATCH,未持有，今日未觸發進場條件,,,55.8,CAUTION,False,1,-3.8961038961038974,-3.8961038961038974,0,,,
history_2026-08-01_2026-09-07,profit_protection,PROFIT_PROTECTION_202610,2026-09-02,2489,瑞軒,WATCH,未持有，今日未觸發進場條件,,,58.9,STOP_OBSERVING,False,1,18.513323983169716,18.232819074333804,0,,,
history_2026-08-01_2026-09-07,profit_protection,PROFIT_PROTECTION_202610,2026-09-02,2723,美食-KY,WATCH,未持有，今日未觸發進場條件,,,91.5,,True,1,0.0,-1.4371257485029987,7,,,
history_2026-08-01_2026-09-07,profit_protection,PROFIT_PROTECTION_202610,2026-09-02,2801,彰銀,WATCH,未持有，今日未觸發進場條件,,,76.1,,True,1,0.0,-2.9182879377431914,7,,,
history_2026-08-01_2026-09-07,profit_protection,PROFIT_PROTECTION_202610,2026-09-02,2851,中再保,WATCH,未持有，今日未觸發進場條件,,,76.0,,True,1,0.0,-2.3835319609967542,7,,,
history_2026-08-01_2026-09-07,profit_protection,PROFIT_PROTECTION_202610,2026-09-02,2881,富邦金,WATCH,未持有，今日未觸發進場條件,,,63.4,STOP_OBSERVING,False,4,7.089552238805963,6.343283582089554,0,,,
history_2026-08-01_2026-09-07,profit_protection,PROFIT_PROTECTION_202610,2026-09-02,2882,國泰金,WATCH,未持有，今日未觸發進場條件,,,64.7,STOP_OBSERVING,False,1,-1.3574660633484115,-2.26244343891403,0,,,
history_2026-08-01_2026-09-07,profit_protection,PROFIT_PROTECTION_202610,2026-09-02,2883,凱基金,WATCH,未持有，今日未觸發進場條件,,,72.1,CAUTION,False,1,4.874446085672068,2.215657311669128,0,,,
history_2026-08-01_2026-09-07,profit_protection,PROFIT_PROTECTION_202610,2026-09-02,2887,台新新光金,WATCH,未持有，今日未觸發進場條件,,,82.3,CONTINUE,False,1,6.874189364461758,3.112840466926081,0,,,
history_2026-08-01_2026-09-07,profit_protection,PROFIT_PROTECTION_202610,2026-09-02,2889,國票金,WATCH,未持有，今日未觸發進場條件,,,73.2,,True,1,0.0,-2.500000000000002,6,,,
history_2026-08-01_2026-09-07,profit_protection,PROFIT_PROTECTION_202610,2026-09-02,2890,永豐金,WATCH,未持有，今日未觸發進場條件,,,73.1,,True,1,0.0,-2.8469750889679624,5,,,
history_2026-08-01_2026-09-07,profit_protection,PROFIT_PROTECTION_202610,2026-09-02,3008,大立光,HOLD,持有中，今日未觸發出場/確認條件,,46.52908067542214,80.6,CAUTION,False,1,2.091503267973849,-2.4836601307189565,0,CONFIRMED,,
history_2026-08-01_2026-09-07,profit_protection,PROFIT_PROTECTION_202610,2026-09-02,3017,奇鋐,WATCH,未持有，今日未觸發進場條件,,,73.3,CAUTION,False,3,-0.8982035928143728,-1.7964071856287456,0,,,
history_2026-08-01_2026-09-07,profit_protection,PROFIT_PROTECTION_202610,2026-09-02,3044,健鼎,WATCH,未持有，今日未觸發進場條件,,,72.3,CAUTION,False,1,1.1077542799597273,0.6042296072507503,0,,,
history_2026-08-01_2026-09-07,profit_protection,PROFIT_PROTECTION_202610,2026-09-02,3055,蔚華科,SKIPPED_PORTFOLIO_CAPACITY,符合 PULLBACK_RECOVERY_ENTRY 但同時持股名額已滿,,,89.4,CONTINUE,False,1,11.372549019607847,-0.39215686274509665,0,,,
history_2026-08-01_2026-09-07,profit_protection,PROFIT_PROTECTION_202610,2026-09-02,3376,新日興,PULLBACK_WATCH,符合 PULLBACK_WATCH 條件（尚未回穩確認，不進場）,,,63.2,CAUTION,False,1,-4.147465437788023,-4.8387096774193505,0,,,
history_2026-08-01_2026-09-07,profit_protection,PROFIT_PROTECTION_202610,2026-09-02,3515,華擎,WATCH,未持有，今日未觸發進場條件,,,77.9,,True,1,0.0,-1.5317286652078765,5,,,
history_2026-08-01_2026-09-07,profit_protection,PROFIT_PROTECTION_202610,2026-09-02,3532,台勝科,WATCH,未持有，今日未觸發進場條件,,,73.5,CAUTION,False,1,2.5232403718459473,2.5232403718459473,0,,,
history_2026-08-01_2026-09-07,profit_protection,PROFIT_PROTECTION_202610,2026-09-02,3605,宏致,PULLBACK_WATCH,符合 PULLBACK_WATCH 條件（尚未回穩確認，不進場）,,,71.3,CAUTION,False,1,-8.633093525179858,-13.669064748201443,0,,,
history_2026-08-01_2026-09-07,profit_protection,PROFIT_PROTECTION_202610,2026-09-02,3653,健策,WATCH,未持有，今日未觸發進場條件,,,73.3,CAUTION,True,3,10.854947166186356,8.741594620557148,4,,,
history_2026-08-01_2026-09-07,profit_protection,PROFIT_PROTECTION_202610,2026-09-02,3661,世芯-KY,WATCH,未持有，今日未觸發進場條件,,,74.0,CAUTION,False,2,3.0674846625766916,2.5766871165644245,0,,,
history_2026-08-01_2026-09-07,profit_protection,PROFIT_PROTECTION_202610,2026-09-02,3714,富采,WATCH,未持有，今日未觸發進場條件,,,69.3,CAUTION,False,1,-0.9584664536741228,-1.757188498402562,0,,,
history_2026-08-01_2026-09-07,profit_protection,PROFIT_PROTECTION_202610,2026-09-02,4576,大銀微系統,WATCH,未持有，今日未觸發進場條件,,,75.9,,True,1,0.0,-5.991735537190079,7,,,
history_2026-08-01_2026-09-07,profit_protection,PROFIT_PROTECTION_202610,2026-09-02,4927,泰鼎-KY,WATCH,未持有，今日未觸發進場條件,,,74.9,CAUTION,False,1,4.573547589616789,1.7305315203955285,0,,,
history_2026-08-01_2026-09-07,profit_protection,PROFIT_PROTECTION_202610,2026-09-02,4958,臻鼎-KY,WATCH,未持有，今日未觸發進場條件,,,64.6,CAUTION,False,1,1.4000000000000012,1.0000000000000009,0,,,
history_2026-08-01_2026-09-07,profit_protection,PROFIT_PROTECTION_202610,2026-09-02,4977,眾達-KY,WATCH,未持有，今日未觸發進場條件,,,76.0,CAUTION,False,2,3.5190615835777095,2.9325513196480912,0,,,
history_2026-08-01_2026-09-07,profit_protection,PROFIT_PROTECTION_202610,2026-09-02,6226,光鼎,HOLD,持有中，今日未觸發出場/確認條件,,47.198275862068996,85.3,CAUTION,False,2,61.84834123222747,56.398104265402836,0,CONFIRMED,,
history_2026-08-01_2026-09-07,profit_protection,PROFIT_PROTECTION_202610,2026-09-02,6269,台郡,WATCH,未持有，今日未觸發進場條件,,,73.7,CAUTION,False,1,-1.6460905349794275,-2.3319615912208547,0,,,
history_2026-08-01_2026-09-07,profit_protection,PROFIT_PROTECTION_202610,2026-09-02,6442,光聖,WATCH,未持有，今日未觸發進場條件,,,84.8,,True,1,0.0,-8.635097493036215,7,,,
history_2026-08-01_2026-09-07,profit_protection,PROFIT_PROTECTION_202610,2026-09-02,6505,台塑化,WATCH,未持有，今日未觸發進場條件,,,78.8,CAUTION,False,1,7.0748299319727925,4.35374149659864,0,,,
history_2026-08-01_2026-09-07,profit_protection,PROFIT_PROTECTION_202610,2026-09-02,6805,富世達,WATCH,未持有，今日未觸發進場條件,,,79.9,STOP_OBSERVING,False,3,4.197530864197541,4.197530864197541,0,,,
history_2026-08-01_2026-09-07,profit_protection,PROFIT_PROTECTION_202610,2026-09-02,6830,汎銓,HOLD,持有中，今日未觸發出場/確認條件,,41.03773584905661,83.3,CAUTION,True,2,4.545454545454541,-0.6993006993006978,7,CONFIRMED,,
history_2026-08-01_2026-09-07,profit_protection,PROFIT_PROTECTION_202610,2026-09-02,6933,AMAX-KY,HOLD,持有中，今日未觸發出場/確認條件,,39.957716701902754,93.6,CONTINUE,False,1,53.95348837209302,43.72093023255814,0,CONFIRMED,,
history_2026-08-01_2026-09-07,profit_protection,PROFIT_PROTECTION_202610,2026-09-02,6949,沛爾生醫-創,WATCH,未持有，今日未觸發進場條件,,,64.6,CAUTION,True,4,,,6,,,
history_2026-08-01_2026-09-07,profit_protection,PROFIT_PROTECTION_202610,2026-09-02,7711,永擎,HOLD,持有中，今日未觸發出場/確認條件,,14.018691588785037,75.8,CAUTION,True,4,25.256673511293638,16.427104722792606,7,CONFIRMED,,
history_2026-08-01_2026-09-07,profit_protection,PROFIT_PROTECTION_202610,2026-09-02,7788,松川精密,WATCH,未持有，今日未觸發進場條件,,,75.6,CAUTION,False,2,6.040268456375841,4.865771812080544,0,,,
history_2026-08-01_2026-09-07,profit_protection,PROFIT_PROTECTION_202610,2026-09-02,8103,瀚荃,WATCH,未持有，今日未觸發進場條件,,,81.9,CAUTION,False,1,-3.5573122529644285,-4.743083003952564,0,,,
history_2026-08-01_2026-09-07,profit_protection,PROFIT_PROTECTION_202610,2026-09-02,8110,華東,WATCH,未持有，今日未觸發進場條件,,,26.6,STOP_OBSERVING,False,1,-1.106194690265483,-1.3274336283185861,0,,,
history_2026-08-01_2026-09-07,profit_protection,PROFIT_PROTECTION_202610,2026-09-02,8150,南茂,WATCH,未持有，今日未觸發進場條件,,,51.4,CAUTION,False,2,-0.9879253567508184,-1.3172338090010838,0,,,
history_2026-08-01_2026-09-07,profit_protection,PROFIT_PROTECTION_202610,2026-09-02,8996,高力,WATCH,未持有，今日未觸發進場條件,,,76.8,,True,1,0.0,-8.695652173913048,6,,,
history_2026-08-01_2026-09-07,profit_protection,PROFIT_PROTECTION_202610,2026-09-03,1303,南亞,WATCH,未持有，今日未觸發進場條件,,,81.4,STOP_OBSERVING,False,3,6.763285024154597,6.038647342995174,0,,,
history_2026-08-01_2026-09-07,profit_protection,PROFIT_PROTECTION_202610,2026-09-03,1312,國喬,WATCH,未持有，今日未觸發進場條件,,,68.9,STOP_OBSERVING,False,1,-4.180064308681675,-4.8231511254019255,0,,,
history_2026-08-01_2026-09-07,profit_protection,PROFIT_PROTECTION_202610,2026-09-03,1326,台化,WATCH,未持有，今日未觸發進場條件,,,88.3,CONTINUE,False,2,2.049780380673516,1.4641288433382194,0,,,
history_2026-08-01_2026-09-07,profit_protection,PROFIT_PROTECTION_202610,2026-09-03,1563,巧新,WATCH,未持有，今日未觸發進場條件,,,58.1,CAUTION,False,1,,,0,,,
history_2026-08-01_2026-09-07,profit_protection,PROFIT_PROTECTION_202610,2026-09-03,1710,東聯,WATCH,未持有，今日未觸發進場條件,,,80.2,CAUTION,False,1,-0.9174311926605672,-2.140672782874631,0,,,
history_2026-08-01_2026-09-07,profit_protection,PROFIT_PROTECTION_202610,2026-09-03,1717,長興,WATCH,未持有，今日未觸發進場條件,,,77.1,STOP_OBSERVING,False,2,7.2625698324022325,6.983240223463683,0,,,
history_2026-08-01_2026-09-07,profit_protection,PROFIT_PROTECTION_202610,2026-09-03,1802,台玻,WATCH,未持有，今日未觸發進場條件,,,64.3,STOP_OBSERVING,False,2,1.0344827586207028,0.8620689655172376,0,,,
history_2026-08-01_2026-09-07,profit_protection,PROFIT_PROTECTION_202610,2026-09-03,1808,潤隆,WATCH,未持有，今日未觸發進場條件,,,82.7,,True,1,0.0,-2.7932960893854775,7,,,
history_2026-08-01_2026-09-07,profit_protection,PROFIT_PROTECTION_202610,2026-09-03,2059,川湖,HOLD,持有中，今日未觸發出場/確認條件,,7.256778309409895,,,False,3,12.977740445191088,11.33977320453592,0,CONFIRMED,,
history_2026-08-01_2026-09-07,profit_protection,PROFIT_PROTECTION_202610,2026-09-03,2313,華通,WATCH,未持有，今日未觸發進場條件,,,65.6,STOP_OBSERVING,False,2,-3.2786885245901676,-3.2786885245901676,0,,,
history_2026-08-01_2026-09-07,profit_protection,PROFIT_PROTECTION_202610,2026-09-03,2357,華碩,WATCH,未持有，今日未觸發進場條件,,,80.8,STOP_OBSERVING,False,1,-2.8028028028028062,-3.703703703703709,0,,,
history_2026-08-01_2026-09-07,profit_protection,PROFIT_PROTECTION_202610,2026-09-03,2368,金像電,WATCH,未持有，今日未觸發進場條件,,,70.7,CAUTION,False,3,5.769230769230771,4.807692307692313,0,,,
history_2026-08-01_2026-09-07,profit_protection,PROFIT_PROTECTION_202610,2026-09-03,2382,廣達,WATCH,未持有，今日未觸發進場條件,,,73.2,CONTINUE,False,1,-0.5934718100890191,-1.3353115727002929,0,,,
history_2026-08-01_2026-09-07,profit_protection,PROFIT_PROTECTION_202610,2026-09-03,2395,研華,WATCH,未持有，今日未觸發進場條件,,,73.6,STOP_OBSERVING,False,1,-5.203938115330519,-5.344585091420539,0,,,
history_2026-08-01_2026-09-07,profit_protection,PROFIT_PROTECTION_202610,2026-09-03,2421,建準,WATCH,未持有，今日未觸發進場條件,,,77.4,STOP_OBSERVING,False,1,-7.062146892655363,-7.909604519774016,0,,,
history_2026-08-01_2026-09-07,profit_protection,PROFIT_PROTECTION_202610,2026-09-03,2449,京元電子,WATCH,未持有，今日未觸發進場條件,,,65.3,CAUTION,False,1,-3.3333333333333326,-3.703703703703709,0,,,
history_2026-08-01_2026-09-07,profit_protection,PROFIT_PROTECTION_202610,2026-09-03,2455,全新,WATCH,未持有，今日未觸發進場條件,,,73.9,CAUTION,False,2,20.967741935483875,19.815668202764968,0,,,
history_2026-08-01_2026-09-07,profit_protection,PROFIT_PROTECTION_202610,2026-09-03,2465,麗臺,WATCH,未持有，今日未觸發進場條件,,,68.0,CAUTION,False,1,1.263157894736855,1.0526315789473717,0,,,
history_2026-08-01_2026-09-07,profit_protection,PROFIT_PROTECTION_202610,2026-09-03,2467,志聖,PULLBACK_WATCH,符合 PULLBACK_WATCH 條件（尚未回穩確認，不進場）,,,74.5,CONTINUE,False,1,-4.6474358974358925,-4.807692307692313,0,,,
history_2026-08-01_2026-09-07,profit_protection,PROFIT_PROTECTION_202610,2026-09-03,2481,強茂,WATCH,未持有，今日未觸發進場條件,,,75.7,CAUTION,False,1,1.298701298701288,-2.2727272727272707,0,,,
history_2026-08-01_2026-09-07,profit_protection,PROFIT_PROTECTION_202610,2026-09-03,2615,萬海,BUY,CONTINUATION_PULLBACK_RIDE,2026-09-04,,80.1,,True,1,0.0,-2.164502164502169,7,D1_STARTER,1,
history_2026-08-01_2026-09-07,profit_protection,PROFIT_PROTECTION_202610,2026-09-03,2723,美食-KY,WATCH,未持有，今日未觸發進場條件,,,88.6,CAUTION,False,1,-0.8383233532934131,-2.035928143712573,0,,,
history_2026-08-01_2026-09-07,profit_protection,PROFIT_PROTECTION_202610,2026-09-03,2801,彰銀,WATCH,未持有，今日未觸發進場條件,,,80.4,CONTINUE,True,2,3.5019455252918386,0.0,7,,,
history_2026-08-01_2026-09-07,profit_protection,PROFIT_PROTECTION_202610,2026-09-03,2851,中再保,WATCH,未持有，今日未觸發進場條件,,,81.7,CONTINUE,True,2,2.4918743228602436,-0.325027085590468,7,,,
history_2026-08-01_2026-09-07,profit_protection,PROFIT_PROTECTION_202610,2026-09-03,2883,凱基金,WATCH,未持有，今日未觸發進場條件,,,73.9,CAUTION,False,1,6.056129985228953,5.169867060561306,0,,,
history_2026-08-01_2026-09-07,profit_protection,PROFIT_PROTECTION_202610,2026-09-03,2887,台新新光金,WATCH,未持有，今日未觸發進場條件,,,83.0,CONTINUE,True,2,7.522697795071354,7.003891050583655,6,,,
history_2026-08-01_2026-09-07,profit_protection,PROFIT_PROTECTION_202610,2026-09-03,2889,國票金,WATCH,未持有，今日未觸發進場條件,,,80.5,CONTINUE,False,1,2.8124999999999956,0.0,0,,,
history_2026-08-01_2026-09-07,profit_protection,PROFIT_PROTECTION_202610,2026-09-03,2890,永豐金,WATCH,未持有，今日未觸發進場條件,,,77.4,CAUTION,False,1,1.067615658362997,0.11862396204034287,0,,,
history_2026-08-01_2026-09-07,profit_protection,PROFIT_PROTECTION_202610,2026-09-03,3008,大立光,HOLD,持有中，今日未觸發出場/確認條件,,34.14634146341464,80.6,STOP_OBSERVING,False,1,-6.5359477124183,-7.320261437908493,0,CONFIRMED,,
history_2026-08-01_2026-09-07,profit_protection,PROFIT_PROTECTION_202610,2026-09-03,3017,奇鋐,WATCH,未持有，今日未觸發進場條件,,,72.2,CAUTION,False,3,-1.19760479041916,-1.4970059880239472,0,,,
history_2026-08-01_2026-09-07,profit_protection,PROFIT_PROTECTION_202610,2026-09-03,3044,健鼎,WATCH,未持有，今日未觸發進場條件,,,73.4,CAUTION,False,1,-1.8126888217522619,-2.114803625377648,0,,,
history_2026-08-01_2026-09-07,profit_protection,PROFIT_PROTECTION_202610,2026-09-03,3055,蔚華科,WATCH,未持有，今日未觸發進場條件,,,78.0,STOP_OBSERVING,False,1,2.7450980392156765,2.35294117647058,0,,,
history_2026-08-01_2026-09-07,profit_protection,PROFIT_PROTECTION_202610,2026-09-03,3376,新日興,PULLBACK_WATCH,符合 PULLBACK_WATCH 條件（尚未回穩確認，不進場）,,,61.7,CAUTION,False,1,-5.990783410138246,-7.14285714285714,0,,,
history_2026-08-01_2026-09-07,profit_protection,PROFIT_PROTECTION_202610,2026-09-03,3515,華擎,WATCH,未持有，今日未觸發進場條件,,,71.5,STOP_OBSERVING,False,1,-3.7199124726477018,-3.7199124726477018,0,,,
history_2026-08-01_2026-09-07,profit_protection,PROFIT_PROTECTION_202610,2026-09-03,3532,台勝科,WATCH,未持有，今日未觸發進場條件,,,74.3,STOP_OBSERVING,False,1,1.195219123505975,-0.13280212483399723,0,,,
history_2026-08-01_2026-09-07,profit_protection,PROFIT_PROTECTION_202610,2026-09-03,3605,宏致,WATCH,未持有，今日未觸發進場條件,,,55.7,STOP_OBSERVING,False,1,-17.625899280575542,-17.625899280575542,0,,,
history_2026-08-01_2026-09-07,profit_protection,PROFIT_PROTECTION_202610,2026-09-03,3653,健策,WATCH,未持有，今日未觸發進場條件,,,75.3,STOP_OBSERVING,False,3,7.877041306436117,7.396733909702213,0,,,
history_2026-08-01_2026-09-07,profit_protection,PROFIT_PROTECTION_202610,2026-09-03,3661,世芯-KY,WATCH,未持有，今日未觸發進場條件,,,68.4,STOP_OBSERVING,False,2,-0.6134969325153339,-1.5950920245398792,0,,,
history_2026-08-01_2026-09-07,profit_protection,PROFIT_PROTECTION_202610,2026-09-03,3714,富采,WATCH,未持有，今日未觸發進場條件,,,62.4,STOP_OBSERVING,False,1,-1.757188498402562,-2.2364217252396124,0,,,
history_2026-08-01_2026-09-07,profit_protection,PROFIT_PROTECTION_202610,2026-09-03,4576,大銀微系統,WATCH,未持有，今日未觸發進場條件,,,63.5,STOP_OBSERVING,False,1,-4.545454545454541,-5.165289256198347,0,,,
history_2026-08-01_2026-09-07,profit_protection,PROFIT_PROTECTION_202610,2026-09-03,4927,泰鼎-KY,WATCH,未持有，今日未觸發進場條件,,,69.5,STOP_OBSERVING,False,1,0.24721878862792313,0.0,0,,,
history_2026-08-01_2026-09-07,profit_protection,PROFIT_PROTECTION_202610,2026-09-03,4958,臻鼎-KY,WATCH,未持有，今日未觸發進場條件,,,26.1,STOP_OBSERVING,False,1,-7.199999999999996,-7.599999999999996,0,,,
history_2026-08-01_2026-09-07,profit_protection,PROFIT_PROTECTION_202610,2026-09-03,4977,眾達-KY,WATCH,未持有，今日未觸發進場條件,,,79.1,CAUTION,False,2,1.1730205278592365,0.5865102639296182,0,,,
history_2026-08-01_2026-09-07,profit_protection,PROFIT_PROTECTION_202610,2026-09-03,5608,四維航,WATCH,未持有，今日未觸發進場條件,,,93.7,,True,1,0.0,-1.7191977077363974,7,,,
history_2026-08-01_2026-09-07,profit_protection,PROFIT_PROTECTION_202610,2026-09-03,6226,光鼎,HOLD,持有中，今日未觸發出場/確認條件,,37.931034482758655,80.1,STOP_OBSERVING,False,2,51.65876777251184,51.65876777251184,0,CONFIRMED,,
history_2026-08-01_2026-09-07,profit_protection,PROFIT_PROTECTION_202610,2026-09-03,6269,台郡,WATCH,未持有，今日未觸發進場條件,,,37.3,CAUTION,False,1,-10.836762688614543,-11.248285322359397,0,,,
history_2026-08-01_2026-09-07,profit_protection,PROFIT_PROTECTION_202610,2026-09-03,6426,統新,WATCH,未持有，今日未觸發進場條件,,,89.2,,True,1,0.0,-6.214689265536721,7,,,
history_2026-08-01_2026-09-07,profit_protection,PROFIT_PROTECTION_202610,2026-09-03,6442,光聖,WATCH,未持有，今日未觸發進場條件,,,76.4,CAUTION,False,1,-1.392757660167132,-1.392757660167132,0,,,
history_2026-08-01_2026-09-07,profit_protection,PROFIT_PROTECTION_202610,2026-09-03,6505,台塑化,WATCH,未持有，今日未觸發進場條件,,,75.0,CAUTION,False,1,4.081632653061229,3.537414965986385,0,,,
history_2026-08-01_2026-09-07,profit_protection,PROFIT_PROTECTION_202610,2026-09-03,6830,汎銓,HOLD,持有中，今日未觸發出場/確認條件,,39.150943396226424,72.9,STOP_OBSERVING,False,2,3.1468531468531458,1.7482517482517501,0,CONFIRMED,,
history_2026-08-01_2026-09-07,profit_protection,PROFIT_PROTECTION_202610,2026-09-03,6933,AMAX-KY,HOLD,持有中，今日未觸發出場/確認條件,,27.695560253699814,85.3,CONTINUE,False,1,40.46511627906977,40.23255813953488,0,CONFIRMED,,
history_2026-08-01_2026-09-07,profit_protection,PROFIT_PROTECTION_202610,2026-09-03,6949,沛爾生醫-創,WATCH,未持有，今日未觸發進場條件,,,55.6,CAUTION,False,4,,,0,,,
history_2026-08-01_2026-09-07,profit_protection,PROFIT_PROTECTION_202610,2026-09-03,7711,永擎,SELL,CONTINUATION_ROTATION,2026-09-04,7.476635514018692,73.7,CONTINUE,False,4,18.069815195071868,18.069815195071868,0,CONFIRMED,,
history_2026-08-01_2026-09-07,profit_protection,PROFIT_PROTECTION_202610,2026-09-03,7788,松川精密,WATCH,未持有，今日未觸發進場條件,,,77.2,CAUTION,False,2,5.7046979865771785,-0.1677852348993314,0,,,
history_2026-08-01_2026-09-07,profit_protection,PROFIT_PROTECTION_202610,2026-09-03,8103,瀚荃,PULLBACK_WATCH,符合 PULLBACK_WATCH 條件（尚未回穩確認，不進場）,,,88.2,CAUTION,False,1,-4.347826086956519,-6.719367588932801,0,,,
history_2026-08-01_2026-09-07,profit_protection,PROFIT_PROTECTION_202610,2026-09-03,8150,南茂,WATCH,未持有，今日未觸發進場條件,,,48.2,STOP_OBSERVING,False,2,-2.1953896816684915,-2.414928649835335,0,,,
history_2026-08-01_2026-09-07,profit_protection,PROFIT_PROTECTION_202610,2026-09-03,8996,高力,WATCH,未持有，今日未觸發進場條件,,,52.2,STOP_OBSERVING,False,1,-6.324110671936756,-6.324110671936756,0,,,
history_2026-08-01_2026-09-07,profit_protection,PROFIT_PROTECTION_202610,2026-09-04,1326,台化,WATCH,未持有，今日未觸發進場條件,,,84.2,CAUTION,False,2,2.196193265007329,-1.317715959004384,0,,,
history_2026-08-01_2026-09-07,profit_protection,PROFIT_PROTECTION_202610,2026-09-04,1563,巧新,WATCH,未持有，今日未觸發進場條件,,,57.9,CAUTION,False,1,,,0,,,
history_2026-08-01_2026-09-07,profit_protection,PROFIT_PROTECTION_202610,2026-09-04,1710,東聯,WATCH,未持有，今日未觸發進場條件,,,75.0,STOP_OBSERVING,False,1,-2.4464831804281495,-4.892966360856277,0,,,
history_2026-08-01_2026-09-07,profit_protection,PROFIT_PROTECTION_202610,2026-09-04,1808,潤隆,WATCH,未持有，今日未觸發進場條件,,,62.6,STOP_OBSERVING,False,1,-3.0726256983240052,-3.4916201117318413,0,,,
history_2026-08-01_2026-09-07,profit_protection,PROFIT_PROTECTION_202610,2026-09-04,2059,川湖,HOLD,持有中，今日未觸發出場/確認條件,,10.526315789473696,,,False,3,16.421671566568662,10.457790844183123,0,CONFIRMED,,
history_2026-08-01_2026-09-07,profit_protection,PROFIT_PROTECTION_202610,2026-09-04,2354,鴻準,WATCH,未持有，今日未觸發進場條件,,,83.4,,True,1,0.0,-1.5243902439024404,6,,,
history_2026-08-01_2026-09-07,profit_protection,PROFIT_PROTECTION_202610,2026-09-04,2368,金像電,WATCH,未持有，今日未觸發進場條件,,,47.7,CAUTION,False,3,0.48076923076922906,-0.9615384615384581,0,,,
history_2026-08-01_2026-09-07,profit_protection,PROFIT_PROTECTION_202610,2026-09-04,2382,廣達,WATCH,未持有，今日未觸發進場條件,,,77.9,CONTINUE,True,2,2.3738872403560762,1.0385756676557945,7,,,
history_2026-08-01_2026-09-07,profit_protection,PROFIT_PROTECTION_202610,2026-09-04,2395,研華,WATCH,未持有，今日未觸發進場條件,,,81.2,,True,1,0.0,-3.656821378340369,5,,,
history_2026-08-01_2026-09-07,profit_protection,PROFIT_PROTECTION_202610,2026-09-04,2449,京元電子,WATCH,未持有，今日未觸發進場條件,,,59.3,STOP_OBSERVING,False,1,-2.9629629629629672,-4.074074074074074,0,,,
history_2026-08-01_2026-09-07,profit_protection,PROFIT_PROTECTION_202610,2026-09-04,2455,全新,WATCH,未持有，今日未觸發進場條件,,,75.1,CONTINUE,False,2,21.658986175115214,13.479262672811053,0,,,
history_2026-08-01_2026-09-07,profit_protection,PROFIT_PROTECTION_202610,2026-09-04,2465,麗臺,WATCH,未持有，今日未觸發進場條件,,,74.0,CAUTION,False,1,4.421052631578948,-0.6315789473684164,0,,,
history_2026-08-01_2026-09-07,profit_protection,PROFIT_PROTECTION_202610,2026-09-04,2467,志聖,WATCH,未持有，今日未觸發進場條件,,,67.2,CAUTION,False,1,-3.3653846153846145,-8.653846153846157,0,,,
history_2026-08-01_2026-09-07,profit_protection,PROFIT_PROTECTION_202610,2026-09-04,2481,強茂,WATCH,未持有，今日未觸發進場條件,,,63.9,CAUTION,False,1,1.298701298701288,-5.1948051948051965,0,,,
history_2026-08-01_2026-09-07,profit_protection,PROFIT_PROTECTION_202610,2026-09-04,2615,萬海,HOLD,持有中，今日未觸發出場/確認條件,,-2.9535864978902926,77.1,CAUTION,False,1,-0.43290043290042934,-3.463203463203468,0,CONFIRMED,,
history_2026-08-01_2026-09-07,profit_protection,PROFIT_PROTECTION_202610,2026-09-04,2723,美食-KY,WATCH,未持有，今日未觸發進場條件,,,83.1,CONTINUE,False,1,-1.19760479041916,-2.39520958083832,0,,,
history_2026-08-01_2026-09-07,profit_protection,PROFIT_PROTECTION_202610,2026-09-04,2801,彰銀,WATCH,未持有，今日未觸發進場條件,,,73.4,CAUTION,False,2,3.5019455252918386,1.9455252918287869,0,,,
history_2026-08-01_2026-09-07,profit_protection,PROFIT_PROTECTION_202610,2026-09-04,2851,中再保,WATCH,未持有，今日未觸發進場條件,,,79.3,CAUTION,False,2,1.0834236186348933,0.3250270855904569,0,,,
history_2026-08-01_2026-09-07,profit_protection,PROFIT_PROTECTION_202610,2026-09-04,2883,凱基金,WATCH,未持有，今日未觸發進場條件,,,76.8,CAUTION,False,1,8.419497784342699,6.203840472673572,0,,,
history_2026-08-01_2026-09-07,profit_protection,PROFIT_PROTECTION_202610,2026-09-04,2887,台新新光金,WATCH,未持有，今日未觸發進場條件,,,79.8,CONTINUE,True,3,7.652399481193273,7.003891050583655,7,,,
history_2026-08-01_2026-09-07,profit_protection,PROFIT_PROTECTION_202610,2026-09-04,2889,國票金,WATCH,未持有，今日未觸發進場條件,,,80.0,CONTINUE,False,1,3.750000000000009,2.187500000000009,0,,,
history_2026-08-01_2026-09-07,profit_protection,PROFIT_PROTECTION_202610,2026-09-04,2890,永豐金,WATCH,未持有，今日未觸發進場條件,,,75.6,CAUTION,False,1,1.660735468564667,0.47449584816132706,0,,,
history_2026-08-01_2026-09-07,profit_protection,PROFIT_PROTECTION_202610,2026-09-04,3008,大立光,HOLD,持有中，今日未觸發出場/確認條件,,38.83677298311446,,,False,2,45.95660749506902,35.70019723865878,0,CONFIRMED,,
history_2026-08-01_2026-09-07,profit_protection,PROFIT_PROTECTION_202610,2026-09-04,3017,奇鋐,WATCH,未持有，今日未觸發進場條件,,,81.0,CONTINUE,True,4,6.886227544910173,2.095808383233533,7,,,
history_2026-08-01_2026-09-07,profit_protection,PROFIT_PROTECTION_202610,2026-09-04,3044,健鼎,WATCH,未持有，今日未觸發進場條件,,,65.6,CAUTION,False,1,-1.6112789526686822,-4.33031218529708,0,,,
history_2026-08-01_2026-09-07,profit_protection,PROFIT_PROTECTION_202610,2026-09-04,3376,新日興,WATCH,未持有，今日未觸發進場條件,,,63.2,STOP_OBSERVING,False,1,-2.7649769585253448,-5.990783410138246,0,,,
history_2026-08-01_2026-09-07,profit_protection,PROFIT_PROTECTION_202610,2026-09-04,3532,台勝科,WATCH,未持有，今日未觸發進場條件,,,74.8,,True,1,0.0,-3.508771929824561,6,,,
history_2026-08-01_2026-09-07,profit_protection,PROFIT_PROTECTION_202610,2026-09-04,3714,富采,WATCH,未持有，今日未觸發進場條件,,,82.9,,True,1,0.0,-5.3892215568862145,6,,,
history_2026-08-01_2026-09-07,profit_protection,PROFIT_PROTECTION_202610,2026-09-04,4977,眾達-KY,WATCH,未持有，今日未觸發進場條件,,,84.1,CAUTION,True,3,8.504398826979465,0.8797653958944274,6,,,
history_2026-08-01_2026-09-07,profit_protection,PROFIT_PROTECTION_202610,2026-09-04,5608,四維航,WATCH,未持有，今日未觸發進場條件,,,87.8,CAUTION,False,1,-1.4326647564469885,-2.5787965616045794,0,,,
history_2026-08-01_2026-09-07,profit_protection,PROFIT_PROTECTION_202610,2026-09-04,5876,上海商銀,WATCH,未持有，今日未觸發進場條件,,,81.4,,True,1,0.0,-2.2678185745140356,6,,,
history_2026-08-01_2026-09-07,profit_protection,PROFIT_PROTECTION_202610,2026-09-04,6226,光鼎,HOLD,持有中，今日未觸發出場/確認條件,,44.396551724137964,,,False,2,58.76777251184833,45.497630331753534,0,CONFIRMED,,
history_2026-08-01_2026-09-07,profit_protection,PROFIT_PROTECTION_202610,2026-09-04,6269,台郡,WATCH,未持有，今日未觸發進場條件,,,36.8,STOP_OBSERVING,False,1,-7.133058984910845,-10.4252400548697,0,,,
history_2026-08-01_2026-09-07,profit_protection,PROFIT_PROTECTION_202610,2026-09-04,6426,統新,WATCH,未持有，今日未觸發進場條件,,,85.8,CAUTION,False,1,1.5065913370998052,-5.461393596986818,0,,,
history_2026-08-01_2026-09-07,profit_protection,PROFIT_PROTECTION_202610,2026-09-04,6442,光聖,WATCH,未持有，今日未觸發進場條件,,,82.8,CAUTION,False,1,-2.228412256267409,-7.799442896935938,0,,,
history_2026-08-01_2026-09-07,profit_protection,PROFIT_PROTECTION_202610,2026-09-04,6505,台塑化,WATCH,未持有，今日未觸發進場條件,,,70.5,STOP_OBSERVING,False,1,6.258503401360538,2.5850340136054584,0,,,
history_2026-08-01_2026-09-07,profit_protection,PROFIT_PROTECTION_202610,2026-09-04,6830,汎銓,HOLD,持有中，今日未觸發出場/確認條件,,40.80188679245283,,,False,4,38.35457705677867,33.02433371958284,0,CONFIRMED,,
history_2026-08-01_2026-09-07,profit_protection,PROFIT_PROTECTION_202610,2026-09-04,6933,AMAX-KY,HOLD,持有中，今日未觸發出場/確認條件,,34.03805496828753,85.0,CONTINUE,False,1,47.44186046511627,39.069767441860456,0,CONFIRMED,,
history_2026-08-01_2026-09-07,profit_protection,PROFIT_PROTECTION_202610,2026-09-04,6949,沛爾生醫-創,WATCH,未持有，今日未觸發進場條件,,,55.6,CAUTION,False,4,,,0,,,
history_2026-08-01_2026-09-07,profit_protection,PROFIT_PROTECTION_202610,2026-09-04,7711,永擎,WATCH,未持有，今日未觸發進場條件,,,85.2,CONTINUE,False,4,29.774127310061594,18.069815195071868,0,,,
history_2026-08-01_2026-09-07,profit_protection,PROFIT_PROTECTION_202610,2026-09-04,7788,松川精密,WATCH,未持有，今日未觸發進場條件,,,74.2,CAUTION,False,2,12.416107382550345,5.7046979865771785,0,,,
history_2026-08-01_2026-09-07,profit_protection,PROFIT_PROTECTION_202610,2026-09-04,8103,瀚荃,WATCH,未持有，今日未觸發進場條件,,,83.7,CAUTION,False,1,-3.1620553359683834,-6.324110671936756,0,,,
forward_2026-09-07_2026-10-01,profit_protection,PROFIT_PROTECTION_202610,2026-09-07,1326,台化,WATCH,未持有，今日未觸發進場條件,,,88.0,CONTINUE,False,2,5.270863836017581,2.3426061493411643,0,,,
forward_2026-09-07_2026-10-01,profit_protection,PROFIT_PROTECTION_202610,2026-09-07,1563,巧新,WATCH,未持有，今日未觸發進場條件,,,55.1,CAUTION,False,1,,,0,,,
forward_2026-09-07_2026-10-01,profit_protection,PROFIT_PROTECTION_202610,2026-09-07,2303,聯電,WATCH,未持有，今日未觸發進場條件,,,79.5,,True,1,0.0,-6.2937062937062915,6,,,
forward_2026-09-07_2026-10-01,profit_protection,PROFIT_PROTECTION_202610,2026-09-07,2330,台積電,WATCH,未持有，今日未觸發進場條件,,,71.9,,True,1,0.0,-1.2195121951219523,6,,,
forward_2026-09-07_2026-10-01,profit_protection,PROFIT_PROTECTION_202610,2026-09-07,2354,鴻準,WATCH,未持有，今日未觸發進場條件,,,76.7,CAUTION,False,1,0.1524390243902607,-1.3719512195121797,0,,,
forward_2026-09-07_2026-10-01,profit_protection,PROFIT_PROTECTION_202610,2026-09-07,2368,金像電,WATCH,未持有，今日未觸發進場條件,,,69.0,CAUTION,False,3,7.692307692307687,1.9230769230769162,0,,,
forward_2026-09-07_2026-10-01,profit_protection,PROFIT_PROTECTION_202610,2026-09-07,2382,廣達,WATCH,未持有，今日未觸發進場條件,,,78.6,CAUTION,False,2,3.115727002967361,1.0385756676557945,0,,,
forward_2026-09-07_2026-10-01,profit_protection,PROFIT_PROTECTION_202610,2026-09-07,2395,研華,WATCH,未持有，今日未觸發進場條件,,,55.4,STOP_OBSERVING,False,1,-4.360056258790435,-4.781997187060483,0,,,
forward_2026-09-07_2026-10-01,profit_protection,PROFIT_PROTECTION_202610,2026-09-07,2455,全新,WATCH,未持有，今日未觸發進場條件,,,82.4,CONTINUE,False,2,15.207373271889391,13.133640552995395,0,,,
forward_2026-09-07_2026-10-01,profit_protection,PROFIT_PROTECTION_202610,2026-09-07,2465,麗臺,WATCH,未持有，今日未觸發進場條件,,,68.9,CAUTION,False,1,7.8947368421052655,3.7894736842105203,0,,,
forward_2026-09-07_2026-10-01,profit_protection,PROFIT_PROTECTION_202610,2026-09-07,2467,志聖,WATCH,未持有，今日未觸發進場條件,,,69.0,CAUTION,False,1,-0.8012820512820484,-2.724358974358976,0,,,
forward_2026-09-07_2026-10-01,profit_protection,PROFIT_PROTECTION_202610,2026-09-07,2481,強茂,WATCH,未持有，今日未觸發進場條件,,,60.7,CAUTION,False,1,2.5974025974025983,0.6493506493506551,0,,,
forward_2026-09-07_2026-10-01,profit_protection,PROFIT_PROTECTION_202610,2026-09-07,2615,萬海,WATCH,未持有，今日未觸發進場條件,,,72.5,CAUTION,False,1,-0.8658008658008698,-1.2987012987012991,0,,,
forward_2026-09-07_2026-10-01,profit_protection,PROFIT_PROTECTION_202610,2026-09-07,2723,美食-KY,WATCH,未持有，今日未觸發進場條件,,,78.1,STOP_OBSERVING,False,1,-1.3173652694610682,-2.39520958083832,0,,,
forward_2026-09-07_2026-10-01,profit_protection,PROFIT_PROTECTION_202610,2026-09-07,2801,彰銀,WATCH,未持有，今日未觸發進場條件,,,66.6,CAUTION,False,2,3.112840466926081,1.9455252918287869,0,,,
forward_2026-09-07_2026-10-01,profit_protection,PROFIT_PROTECTION_202610,2026-09-07,2851,中再保,WATCH,未持有，今日未觸發進場條件,,,63.4,STOP_OBSERVING,False,2,-2.600216684723722,-3.683640303358604,0,,,
forward_2026-09-07_2026-10-01,profit_protection,PROFIT_PROTECTION_202610,2026-09-07,2855,統一證,WATCH,未持有，今日未觸發進場條件,,,68.7,CONTINUE,True,1,0.0,-3.076923076923077,6,,,
forward_2026-09-07_2026-10-01,profit_protection,PROFIT_PROTECTION_202610,2026-09-07,2883,凱基金,WATCH,未持有，今日未觸發進場條件,,,77.5,CAUTION,False,1,9.158050221565727,7.237813884785815,0,,,
forward_2026-09-07_2026-10-01,profit_protection,PROFIT_PROTECTION_202610,2026-09-07,2887,台新新光金,WATCH,未持有，今日未觸發進場條件,,,71.7,CAUTION,False,3,6.61478599221792,5.577172503242567,0,,,
forward_2026-09-07_2026-10-01,profit_protection,PROFIT_PROTECTION_202610,2026-09-07,2889,國票金,WATCH,未持有，今日未觸發進場條件,,,74.5,CAUTION,False,1,2.8124999999999956,2.187500000000009,0,,,
forward_2026-09-07_2026-10-01,profit_protection,PROFIT_PROTECTION_202610,2026-09-07,2890,永豐金,WATCH,未持有，今日未觸發進場條件,,,65.4,CAUTION,False,1,1.067615658362997,0.0,0,,,
forward_2026-09-07_2026-10-01,profit_protection,PROFIT_PROTECTION_202610,2026-09-07,3017,奇鋐,WATCH,未持有，今日未觸發進場條件,,,72.4,CAUTION,False,4,2.39520958083832,2.095808383233533,0,,,
forward_2026-09-07_2026-10-01,profit_protection,PROFIT_PROTECTION_202610,2026-09-07,3044,健鼎,WATCH,未持有，今日未觸發進場條件,,,62.9,CAUTION,False,1,-0.7049345417925457,-1.5105740181268867,0,,,
forward_2026-09-07_2026-10-01,profit_protection,PROFIT_PROTECTION_202610,2026-09-07,3532,台勝科,WATCH,未持有，今日未觸發進場條件,,,80.5,CONTINUE,False,1,1.0025062656641603,-1.3784461152882233,0,,,
forward_2026-09-07_2026-10-01,profit_protection,PROFIT_PROTECTION_202610,2026-09-07,3714,富采,WATCH,未持有，今日未觸發進場條件,,,82.7,CAUTION,False,1,0.5988023952095967,-1.946107784431128,0,,,
forward_2026-09-07_2026-10-01,profit_protection,PROFIT_PROTECTION_202610,2026-09-07,4977,眾達-KY,WATCH,未持有，今日未觸發進場條件,,,79.3,CAUTION,False,3,5.278592375366564,2.9325513196480912,0,,,
forward_2026-09-07_2026-10-01,profit_protection,PROFIT_PROTECTION_202610,2026-09-07,5608,四維航,WATCH,未持有，今日未觸發進場條件,,,82.3,CAUTION,False,1,-0.859598853868182,-2.5787965616045794,0,,,
forward_2026-09-07_2026-10-01,profit_protection,PROFIT_PROTECTION_202610,2026-09-07,5876,上海商銀,WATCH,未持有，今日未觸發進場條件,,,84.6,CAUTION,False,1,1.403887688984895,-0.5399568034557212,0,,,
forward_2026-09-07_2026-10-01,profit_protection,PROFIT_PROTECTION_202610,2026-09-07,6224,聚鼎,WATCH,未持有，今日未觸發進場條件,,,91.0,,True,1,0.0,-7.094594594594595,7,,,
forward_2026-09-07_2026-10-01,profit_protection,PROFIT_PROTECTION_202610,2026-09-07,6426,統新,WATCH,未持有，今日未觸發進場條件,,,83.3,CAUTION,False,1,11.487758945386073,7.344632768361592,0,,,
forward_2026-09-07_2026-10-01,profit_protection,PROFIT_PROTECTION_202610,2026-09-07,6442,光聖,WATCH,未持有，今日未觸發進場條件,,,75.0,STOP_OBSERVING,False,1,-5.292479108635096,-5.292479108635096,0,,,
forward_2026-09-07_2026-10-01,profit_protection,PROFIT_PROTECTION_202610,2026-09-07,6933,AMAX-KY,WATCH,未持有，今日未觸發進場條件,,,95.0,CONTINUE,False,1,45.581395348837205,43.0232558139535,0,,,
forward_2026-09-07_2026-10-01,profit_protection,PROFIT_PROTECTION_202610,2026-09-07,6949,沛爾生醫-創,DATA_QUALITY_SUSPECT,PART 45：相鄰有效交易日收盤變動 >=50%，疑似減資/分割/資料誤置，今日不做任何判斷,,,3.9,CAUTION,False,4,,,0,,,
forward_2026-09-07_2026-10-01,profit_protection,PROFIT_PROTECTION_202610,2026-09-07,7711,永擎,WATCH,未持有，今日未觸發進場條件,,,79.4,CONTINUE,False,4,35.523613963039026,27.515400410677614,0,,,
forward_2026-09-07_2026-10-01,profit_protection,PROFIT_PROTECTION_202610,2026-09-07,7788,松川精密,WATCH,未持有，今日未觸發進場條件,,,67.4,CAUTION,False,2,6.208053691275173,4.026845637583887,0,,,
forward_2026-09-07_2026-10-01,profit_protection,PROFIT_PROTECTION_202610,2026-09-07,8103,瀚荃,WATCH,未持有，今日未觸發進場條件,,,81.8,CAUTION,False,1,-2.371541501976282,-3.5573122529644285,0,,,
forward_2026-09-07_2026-10-01,profit_protection,PROFIT_PROTECTION_202610,2026-09-08,1326,台化,WATCH,未持有，今日未觸發進場條件,,,79.5,CAUTION,False,2,3.367496339677878,2.6354319180087904,0,,,
forward_2026-09-07_2026-10-01,profit_protection,PROFIT_PROTECTION_202610,2026-09-08,1563,巧新,WATCH,未持有，今日未觸發進場條件,,,57.0,CAUTION,False,1,,,0,,,
forward_2026-09-07_2026-10-01,profit_protection,PROFIT_PROTECTION_202610,2026-09-08,2303,聯電,WATCH,未持有，今日未觸發進場條件,,,76.6,STOP_OBSERVING,False,1,-4.1958041958041985,-5.594405594405593,0,,,
forward_2026-09-07_2026-10-01,profit_protection,PROFIT_PROTECTION_202610,2026-09-08,2330,台積電,WATCH,未持有，今日未觸發進場條件,,,75.3,CONTINUE,True,2,0.40650406504065817,0.0,6,,,
forward_2026-09-07_2026-10-01,profit_protection,PROFIT_PROTECTION_202610,2026-09-08,2354,鴻準,WATCH,未持有，今日未觸發進場條件,,,57.5,STOP_OBSERVING,False,1,-1.6768292682926789,-1.981707317073167,0,,,
forward_2026-09-07_2026-10-01,profit_protection,PROFIT_PROTECTION_202610,2026-09-08,2368,金像電,WATCH,未持有，今日未觸發進場條件,,,63.9,CAUTION,False,3,3.3653846153846256,2.8846153846153744,0,,,
forward_2026-09-07_2026-10-01,profit_protection,PROFIT_PROTECTION_202610,2026-09-08,2382,廣達,WATCH,未持有，今日未觸發進場條件,,,59.2,STOP_OBSERVING,False,2,-2.670623145400597,-2.670623145400597,0,,,
forward_2026-09-07_2026-10-01,profit_protection,PROFIT_PROTECTION_202610,2026-09-08,2455,全新,WATCH,未持有，今日未觸發進場條件,,,83.2,CONTINUE,False,2,18.663594470046085,16.589861751152068,0,,,
forward_2026-09-07_2026-10-01,profit_protection,PROFIT_PROTECTION_202610,2026-09-08,2465,麗臺,WATCH,未持有，今日未觸發進場條件,,,59.2,CAUTION,False,1,2.0000000000000018,0.5263157894736858,0,,,
forward_2026-09-07_2026-10-01,profit_protection,PROFIT_PROTECTION_202610,2026-09-08,2467,志聖,WATCH,未持有，今日未觸發進場條件,,,69.8,CAUTION,False,1,-2.2435897435897467,-3.044871794871795,0,,,
forward_2026-09-07_2026-10-01,profit_protection,PROFIT_PROTECTION_202610,2026-09-08,2481,強茂,WATCH,未持有，今日未觸發進場條件,,,61.0,STOP_OBSERVING,False,1,-0.9740259740259716,-1.9480519480519431,0,,,
forward_2026-09-07_2026-10-01,profit_protection,PROFIT_PROTECTION_202610,2026-09-08,2615,萬海,WATCH,未持有，今日未觸發進場條件,,,67.4,CAUTION,False,1,-3.0303030303030276,-3.8961038961038974,0,,,
forward_2026-09-07_2026-10-01,profit_protection,PROFIT_PROTECTION_202610,2026-09-08,2801,彰銀,WATCH,未持有，今日未觸發進場條件,,,74.4,CAUTION,False,2,6.0311284046692615,2.3346303501945664,0,,,
forward_2026-09-07_2026-10-01,profit_protection,PROFIT_PROTECTION_202610,2026-09-08,2855,統一證,WATCH,未持有，今日未觸發進場條件,,,71.8,CAUTION,False,1,0.38461538461538325,-1.538461538461533,0,,,
forward_2026-09-07_2026-10-01,profit_protection,PROFIT_PROTECTION_202610,2026-09-08,2883,凱基金,WATCH,未持有，今日未觸發進場條件,,,76.2,CAUTION,False,1,10.192023633677971,8.567208271787297,0,,,
forward_2026-09-07_2026-10-01,profit_protection,PROFIT_PROTECTION_202610,2026-09-08,2887,台新新光金,WATCH,未持有，今日未觸發進場條件,,,77.6,CAUTION,True,4,11.02464332036317,6.225680933852162,7,,,
forward_2026-09-07_2026-10-01,profit_protection,PROFIT_PROTECTION_202610,2026-09-08,2889,國票金,WATCH,未持有，今日未觸發進場條件,,,76.1,CAUTION,False,1,3.750000000000009,2.187500000000009,0,,,
forward_2026-09-07_2026-10-01,profit_protection,PROFIT_PROTECTION_202610,2026-09-08,2890,永豐金,WATCH,未持有，今日未觸發進場條件,,,69.6,CONTINUE,True,2,3.084223013048648,0.0,6,,,
forward_2026-09-07_2026-10-01,profit_protection,PROFIT_PROTECTION_202610,2026-09-08,3017,奇鋐,WATCH,未持有，今日未觸發進場條件,,,65.9,STOP_OBSERVING,False,4,-1.646706586826352,-2.844311377245512,0,,,
forward_2026-09-07_2026-10-01,profit_protection,PROFIT_PROTECTION_202610,2026-09-08,3044,健鼎,WATCH,未持有，今日未觸發進場條件,,,53.4,CAUTION,False,1,-2.5176233635448186,-2.618328298086603,0,,,
forward_2026-09-07_2026-10-01,profit_protection,PROFIT_PROTECTION_202610,2026-09-08,3167,大量,WATCH,未持有，今日未觸發進場條件,,,88.4,,True,1,0.0,-7.14285714285714,7,,,
forward_2026-09-07_2026-10-01,profit_protection,PROFIT_PROTECTION_202610,2026-09-08,3532,台勝科,WATCH,未持有，今日未觸發進場條件,,,74.5,STOP_OBSERVING,False,1,-0.25062656641604564,-0.5012531328320802,0,,,
forward_2026-09-07_2026-10-01,profit_protection,PROFIT_PROTECTION_202610,2026-09-08,3714,富采,WATCH,未持有，今日未觸發進場條件,,,77.3,STOP_OBSERVING,False,1,-2.844311377245501,-3.293413173652704,0,,,
forward_2026-09-07_2026-10-01,profit_protection,PROFIT_PROTECTION_202610,2026-09-08,4977,眾達-KY,WATCH,未持有，今日未觸發進場條件,,,69.9,CAUTION,False,3,1.4662756598240456,-0.2932551319648091,0,,,
forward_2026-09-07_2026-10-01,profit_protection,PROFIT_PROTECTION_202610,2026-09-08,5608,四維航,WATCH,未持有，今日未觸發進場條件,,,88.8,CAUTION,False,1,-1.1461318051575908,-2.2922636103151817,0,,,
forward_2026-09-07_2026-10-01,profit_protection,PROFIT_PROTECTION_202610,2026-09-08,5876,上海商銀,WATCH,未持有，今日未觸發進場條件,,,88.2,CAUTION,False,1,5.291576673866105,0.3239740820734527,0,,,
forward_2026-09-07_2026-10-01,profit_protection,PROFIT_PROTECTION_202610,2026-09-08,6224,聚鼎,WATCH,未持有，今日未觸發進場條件,,,88.7,STOP_OBSERVING,False,1,-4.729729729729737,-4.729729729729737,0,,,
forward_2026-09-07_2026-10-01,profit_protection,PROFIT_PROTECTION_202610,2026-09-08,6426,統新,WATCH,未持有，今日未觸發進場條件,,,76.3,CAUTION,False,1,15.630885122410554,12.052730696798486,0,,,
forward_2026-09-07_2026-10-01,profit_protection,PROFIT_PROTECTION_202610,2026-09-08,6515,穎崴,WATCH,未持有，今日未觸發進場條件,,,76.7,,True,1,0.0,-9.805194805194805,7,,,
forward_2026-09-07_2026-10-01,profit_protection,PROFIT_PROTECTION_202610,2026-09-08,6933,AMAX-KY,WATCH,未持有，今日未觸發進場條件,,,93.5,CONTINUE,True,2,47.67441860465116,46.51162790697674,4,,,
forward_2026-09-07_2026-10-01,profit_protection,PROFIT_PROTECTION_202610,2026-09-08,6949,沛爾生醫-創,DATA_QUALITY_SUSPECT,PART 45：相鄰有效交易日收盤變動 >=50%，疑似減資/分割/資料誤置，今日不做任何判斷,,,4.7,STOP_OBSERVING,False,4,,,0,,,
forward_2026-09-07_2026-10-01,profit_protection,PROFIT_PROTECTION_202610,2026-09-08,7711,永擎,WATCH,未持有，今日未觸發進場條件,,,65.9,CAUTION,False,4,21.97125256673511,21.97125256673511,0,,,
forward_2026-09-07_2026-10-01,profit_protection,PROFIT_PROTECTION_202610,2026-09-08,7788,松川精密,WATCH,未持有，今日未觸發進場條件,,,67.7,STOP_OBSERVING,False,2,-2.181208053691275,-4.36241610738255,0,,,
forward_2026-09-07_2026-10-01,profit_protection,PROFIT_PROTECTION_202610,2026-09-08,8103,瀚荃,PULLBACK_WATCH,符合 PULLBACK_WATCH 條件（尚未回穩確認，不進場）,,,80.0,CONTINUE,False,1,-5.533596837944666,-7.114624505928857,0,,,
forward_2026-09-07_2026-10-01,profit_protection,PROFIT_PROTECTION_202610,2026-09-09,1326,台化,WATCH,未持有，今日未觸發進場條件,,,82.5,CONTINUE,False,2,5.1244509516837455,2.7818448023426257,0,,,
forward_2026-09-07_2026-10-01,profit_protection,PROFIT_PROTECTION_202610,2026-09-09,1409,新纖,WATCH,未持有，今日未觸發進場條件,,,81.8,,True,1,0.0,-6.703910614525144,6,,,
forward_2026-09-07_2026-10-01,profit_protection,PROFIT_PROTECTION_202610,2026-09-09,1563,巧新,WATCH,未持有，今日未觸發進場條件,,,64.8,CAUTION,False,1,,,0,,,
forward_2026-09-07_2026-10-01,profit_protection,PROFIT_PROTECTION_202610,2026-09-09,1709,和益,WATCH,未持有，今日未觸發進場條件,,,90.5,,True,1,0.0,-5.898876404494391,7,,,
forward_2026-09-07_2026-10-01,profit_protection,PROFIT_PROTECTION_202610,2026-09-09,2330,台積電,WATCH,未持有，今日未觸發進場條件,,,66.9,CAUTION,False,2,0.20325203252031798,0.0,0,,,
forward_2026-09-07_2026-10-01,profit_protection,PROFIT_PROTECTION_202610,2026-09-09,2368,金像電,WATCH,未持有，今日未觸發進場條件,,,61.7,STOP_OBSERVING,False,3,5.769230769230771,5.288461538461542,0,,,
forward_2026-09-07_2026-10-01,profit_protection,PROFIT_PROTECTION_202610,2026-09-09,2455,全新,WATCH,未持有，今日未觸發進場條件,,,82.2,CAUTION,False,2,22.811059907834096,20.506912442396306,0,,,
forward_2026-09-07_2026-10-01,profit_protection,PROFIT_PROTECTION_202610,2026-09-09,2465,麗臺,WATCH,未持有，今日未觸發進場條件,,,41.3,CAUTION,False,1,1.157894736842091,1.0526315789473717,0,,,
forward_2026-09-07_2026-10-01,profit_protection,PROFIT_PROTECTION_202610,2026-09-09,2467,志聖,WATCH,未持有，今日未觸發進場條件,,,55.6,STOP_OBSERVING,False,1,-6.891025641025639,-7.692307692307687,0,,,
forward_2026-09-07_2026-10-01,profit_protection,PROFIT_PROTECTION_202610,2026-09-09,2606,裕民,WATCH,未持有，今日未觸發進場條件,,,80.5,CAUTION,True,1,0.0,-4.015056461731492,7,,,
forward_2026-09-07_2026-10-01,profit_protection,PROFIT_PROTECTION_202610,2026-09-09,2612,中航,WATCH,未持有，今日未觸發進場條件,,,91.8,,True,1,0.0,-2.6153846153846194,7,,,
forward_2026-09-07_2026-10-01,profit_protection,PROFIT_PROTECTION_202610,2026-09-09,2615,萬海,WATCH,未持有，今日未觸發進場條件,,,74.2,CAUTION,False,1,0.43290043290042934,-4.329004329004327,0,,,
forward_2026-09-07_2026-10-01,profit_protection,PROFIT_PROTECTION_202610,2026-09-09,2801,彰銀,WATCH,未持有，今日未觸發進場條件,,,69.7,STOP_OBSERVING,False,2,4.474708171206232,4.474708171206232,0,,,
forward_2026-09-07_2026-10-01,profit_protection,PROFIT_PROTECTION_202610,2026-09-09,2855,統一證,WATCH,未持有，今日未觸發進場條件,,,71.8,CAUTION,False,1,0.19230769230769162,-1.1538461538461608,0,,,
forward_2026-09-07_2026-10-01,profit_protection,PROFIT_PROTECTION_202610,2026-09-09,2883,凱基金,WATCH,未持有，今日未觸發進場條件,,,68.6,CAUTION,False,1,8.567208271787297,6.3515509601181686,0,,,
forward_2026-09-07_2026-10-01,profit_protection,PROFIT_PROTECTION_202610,2026-09-09,2887,台新新光金,WATCH,未持有，今日未觸發進場條件,,,72.1,CAUTION,False,4,9.987029831387817,7.78210116731517,0,,,
forward_2026-09-07_2026-10-01,profit_protection,PROFIT_PROTECTION_202610,2026-09-09,2889,國票金,WATCH,未持有，今日未觸發進場條件,,,79.1,CAUTION,False,1,4.374999999999996,3.125,0,,,
forward_2026-09-07_2026-10-01,profit_protection,PROFIT_PROTECTION_202610,2026-09-09,2890,永豐金,WATCH,未持有，今日未觸發進場條件,,,64.8,CAUTION,False,2,2.491103202846978,1.660735468564667,0,,,
forward_2026-09-07_2026-10-01,profit_protection,PROFIT_PROTECTION_202610,2026-09-09,3044,健鼎,WATCH,未持有，今日未觸發進場條件,,,62.2,STOP_OBSERVING,False,1,2.5176233635448186,-2.920443101711989,0,,,
forward_2026-09-07_2026-10-01,profit_protection,PROFIT_PROTECTION_202610,2026-09-09,3167,大量,PULLBACK_WATCH,符合 PULLBACK_WATCH 條件（尚未回穩確認，不進場）,,,73.5,CAUTION,False,1,-4.051172707889128,-6.183368869936034,0,,,
forward_2026-09-07_2026-10-01,profit_protection,PROFIT_PROTECTION_202610,2026-09-09,3711,日月光投控,WATCH,未持有，今日未觸發進場條件,,,71.8,,True,1,0.0,-2.968749999999998,5,,,
forward_2026-09-07_2026-10-01,profit_protection,PROFIT_PROTECTION_202610,2026-09-09,4770,上品,WATCH,未持有，今日未觸發進場條件,,,88.0,,True,1,0.0,-8.21643286573146,6,,,
forward_2026-09-07_2026-10-01,profit_protection,PROFIT_PROTECTION_202610,2026-09-09,4977,眾達-KY,WATCH,未持有，今日未觸發進場條件,,,73.2,CAUTION,False,3,0.0,-0.8797653958944274,0,,,
forward_2026-09-07_2026-10-01,profit_protection,PROFIT_PROTECTION_202610,2026-09-09,5608,四維航,WATCH,未持有，今日未觸發進場條件,,,89.5,CAUTION,False,1,-0.859598853868182,-2.865329512893988,0,,,
forward_2026-09-07_2026-10-01,profit_protection,PROFIT_PROTECTION_202610,2026-09-09,5876,上海商銀,WATCH,未持有，今日未觸發進場條件,,,84.9,CAUTION,False,1,2.5917926565874883,1.9438444924406273,0,,,
forward_2026-09-07_2026-10-01,profit_protection,PROFIT_PROTECTION_202610,2026-09-09,5880,合庫金,WATCH,未持有，今日未觸發進場條件,,,84.3,CAUTION,True,1,0.0,-1.4897579143389295,6,,,
forward_2026-09-07_2026-10-01,profit_protection,PROFIT_PROTECTION_202610,2026-09-09,6196,帆宣,WATCH,未持有，今日未觸發進場條件,,,77.1,,True,1,0.0,-4.119850187265916,7,,,
forward_2026-09-07_2026-10-01,profit_protection,PROFIT_PROTECTION_202610,2026-09-09,6426,統新,WATCH,未持有，今日未觸發進場條件,,,84.1,CAUTION,False,1,20.903954802259882,8.47457627118644,0,,,
forward_2026-09-07_2026-10-01,profit_protection,PROFIT_PROTECTION_202610,2026-09-09,6505,台塑化,WATCH,未持有，今日未觸發進場條件,,,81.5,,True,1,0.0,-8.571428571428575,7,,,
forward_2026-09-07_2026-10-01,profit_protection,PROFIT_PROTECTION_202610,2026-09-09,6515,穎崴,WATCH,未持有，今日未觸發進場條件,,,53.6,STOP_OBSERVING,False,1,-5.454545454545457,-6.298701298701303,0,,,
forward_2026-09-07_2026-10-01,profit_protection,PROFIT_PROTECTION_202610,2026-09-09,6933,AMAX-KY,WATCH,未持有，今日未觸發進場條件,,,94.9,CONTINUE,False,2,57.20930232558139,44.41860465116279,0,,,
forward_2026-09-07_2026-10-01,profit_protection,PROFIT_PROTECTION_202610,2026-09-09,7711,永擎,WATCH,未持有，今日未觸發進場條件,,,69.7,CAUTION,False,4,25.256673511293638,18.069815195071868,0,,,
forward_2026-09-07_2026-10-01,profit_protection,PROFIT_PROTECTION_202610,2026-09-09,8103,瀚荃,PULLBACK_WATCH,符合 PULLBACK_WATCH 條件（尚未回穩確認，不進場）,,,82.5,CONTINUE,False,1,-10.671936758893285,-11.462450592885375,0,,,
forward_2026-09-07_2026-10-01,profit_protection,PROFIT_PROTECTION_202610,2026-09-10,1312,國喬,WATCH,未持有，今日未觸發進場條件,,,92.0,,True,1,0.0,-3.0100334448160515,7,,,
forward_2026-09-07_2026-10-01,profit_protection,PROFIT_PROTECTION_202610,2026-09-10,1326,台化,WATCH,未持有，今日未觸發進場條件,,,78.2,CAUTION,False,2,4.392386530014636,2.9282576866764387,0,,,
forward_2026-09-07_2026-10-01,profit_protection,PROFIT_PROTECTION_202610,2026-09-10,1409,新纖,WATCH,未持有，今日未觸發進場條件,,,43.8,STOP_OBSERVING,False,1,-6.331471135940426,-7.8212290502793325,0,,,
forward_2026-09-07_2026-10-01,profit_protection,PROFIT_PROTECTION_202610,2026-09-10,1563,巧新,WATCH,未持有，今日未觸發進場條件,,,68.4,CAUTION,False,1,,,0,,,
forward_2026-09-07_2026-10-01,profit_protection,PROFIT_PROTECTION_202610,2026-09-10,1709,和益,WATCH,未持有，今日未觸發進場條件,,,76.2,CAUTION,False,1,-0.8426966292134908,-1.8258426966292096,0,,,
forward_2026-09-07_2026-10-01,profit_protection,PROFIT_PROTECTION_202610,2026-09-10,2330,台積電,WATCH,未持有，今日未觸發進場條件,,,58.4,CAUTION,False,2,-0.40650406504064707,-1.0162601626016232,0,,,
forward_2026-09-07_2026-10-01,profit_protection,PROFIT_PROTECTION_202610,2026-09-10,2455,全新,WATCH,未持有，今日未觸發進場條件,,,80.8,CAUTION,False,2,22.580645161290324,21.42857142857142,0,,,
forward_2026-09-07_2026-10-01,profit_protection,PROFIT_PROTECTION_202610,2026-09-10,2465,麗臺,WATCH,未持有，今日未觸發進場條件,,,19.4,CAUTION,False,1,-3.4736842105263177,-3.68421052631579,0,,,
forward_2026-09-07_2026-10-01,profit_protection,PROFIT_PROTECTION_202610,2026-09-10,2606,裕民,WATCH,未持有，今日未觸發進場條件,,,78.2,CAUTION,False,1,-1.6311166875784155,-2.3839397741530766,0,,,
forward_2026-09-07_2026-10-01,profit_protection,PROFIT_PROTECTION_202610,2026-09-10,2612,中航,WATCH,未持有，今日未觸發進場條件,,,89.6,STOP_OBSERVING,False,1,-1.0769230769230864,-2.3076923076923106,0,,,
forward_2026-09-07_2026-10-01,profit_protection,PROFIT_PROTECTION_202610,2026-09-10,2615,萬海,PULLBACK_WATCH,符合 PULLBACK_WATCH 條件（尚未回穩確認，不進場）,,,65.7,CAUTION,False,1,-4.329004329004327,-7.792207792207795,0,,,
forward_2026-09-07_2026-10-01,profit_protection,PROFIT_PROTECTION_202610,2026-09-10,2855,統一證,WATCH,未持有，今日未觸發進場條件,,,68.7,CAUTION,False,1,-0.5769230769230749,-1.1538461538461608,0,,,
forward_2026-09-07_2026-10-01,profit_protection,PROFIT_PROTECTION_202610,2026-09-10,2883,凱基金,WATCH,未持有，今日未觸發進場條件,,,71.7,CAUTION,False,1,9.896602658788778,7.68094534711965,0,,,
forward_2026-09-07_2026-10-01,profit_protection,PROFIT_PROTECTION_202610,2026-09-10,2887,台新新光金,WATCH,未持有，今日未觸發進場條件,,,66.5,STOP_OBSERVING,False,4,9.338521400778221,8.17120622568095,0,,,
forward_2026-09-07_2026-10-01,profit_protection,PROFIT_PROTECTION_202610,2026-09-10,2889,國票金,WATCH,未持有，今日未觸發進場條件,,,70.3,CAUTION,False,1,3.4375000000000044,2.499999999999991,0,,,
forward_2026-09-07_2026-10-01,profit_protection,PROFIT_PROTECTION_202610,2026-09-10,2890,永豐金,WATCH,未持有，今日未觸發進場條件,,,59.7,CAUTION,False,2,1.7793594306049876,0.9489916963226541,0,,,
forward_2026-09-07_2026-10-01,profit_protection,PROFIT_PROTECTION_202610,2026-09-10,3006,晶豪科,WATCH,未持有，今日未觸發進場條件,,,79.8,,True,1,0.0,-3.205128205128205,7,,,
forward_2026-09-07_2026-10-01,profit_protection,PROFIT_PROTECTION_202610,2026-09-10,3016,嘉晶,WATCH,未持有，今日未觸發進場條件,,,68.4,,True,1,0.0,-9.727272727272728,6,,,
forward_2026-09-07_2026-10-01,profit_protection,PROFIT_PROTECTION_202610,2026-09-10,3167,大量,WATCH,未持有，今日未觸發進場條件,,,83.2,STOP_OBSERVING,False,1,-9.594882729211085,-10.341151385927505,0,,,
forward_2026-09-07_2026-10-01,profit_protection,PROFIT_PROTECTION_202610,2026-09-10,3711,日月光投控,WATCH,未持有，今日未觸發進場條件,,,76.3,CONTINUE,False,1,1.5625,-0.78125,0,,,
forward_2026-09-07_2026-10-01,profit_protection,PROFIT_PROTECTION_202610,2026-09-10,4770,上品,WATCH,未持有，今日未觸發進場條件,,,74.4,STOP_OBSERVING,False,1,-4.208416833667339,-4.4088176352705455,0,,,
forward_2026-09-07_2026-10-01,profit_protection,PROFIT_PROTECTION_202610,2026-09-10,4977,眾達-KY,WATCH,未持有，今日未觸發進場條件,,,81.6,CONTINUE,False,3,1.4662756598240456,-0.8797653958944274,0,,,
forward_2026-09-07_2026-10-01,profit_protection,PROFIT_PROTECTION_202610,2026-09-10,5608,四維航,WATCH,未持有，今日未觸發進場條件,,,73.8,STOP_OBSERVING,False,1,-3.151862464183386,-4.011461318051568,0,,,
forward_2026-09-07_2026-10-01,profit_protection,PROFIT_PROTECTION_202610,2026-09-10,5876,上海商銀,WATCH,未持有，今日未觸發進場條件,,,80.8,CONTINUE,False,1,3.455723542116629,1.2958963282937441,0,,,
forward_2026-09-07_2026-10-01,profit_protection,PROFIT_PROTECTION_202610,2026-09-10,5880,合庫金,WATCH,未持有，今日未觸發進場條件,,,80.0,CAUTION,False,1,0.0,-1.1173184357541888,0,,,
forward_2026-09-07_2026-10-01,profit_protection,PROFIT_PROTECTION_202610,2026-09-10,6196,帆宣,WATCH,未持有，今日未觸發進場條件,,,76.4,CAUTION,False,1,0.1872659176029856,-2.8089887640449396,0,,,
forward_2026-09-07_2026-10-01,profit_protection,PROFIT_PROTECTION_202610,2026-09-10,6224,聚鼎,WATCH,未持有，今日未觸發進場條件,,,92.3,,True,1,0.0,-6.404494382022474,7,,,
forward_2026-09-07_2026-10-01,profit_protection,PROFIT_PROTECTION_202610,2026-09-10,6426,統新,WATCH,未持有，今日未觸發進場條件,,,82.3,CAUTION,False,1,21.28060263653484,14.124293785310726,0,,,
forward_2026-09-07_2026-10-01,profit_protection,PROFIT_PROTECTION_202610,2026-09-10,6505,台塑化,WATCH,未持有，今日未觸發進場條件,,,88.2,CAUTION,False,1,-1.485714285714279,-5.371428571428572,0,,,
forward_2026-09-07_2026-10-01,profit_protection,PROFIT_PROTECTION_202610,2026-09-10,6515,穎崴,WATCH,未持有，今日未觸發進場條件,,,70.5,,True,1,0.0,-2.918693537178596,6,,,
forward_2026-09-07_2026-10-01,profit_protection,PROFIT_PROTECTION_202610,2026-09-10,6531,愛普*,WATCH,未持有，今日未觸發進場條件,,,88.4,,True,1,0.0,-3.7864077669902962,7,,,
forward_2026-09-07_2026-10-01,profit_protection,PROFIT_PROTECTION_202610,2026-09-10,6830,汎銓,WATCH,未持有，今日未觸發進場條件,,,83.4,,True,1,0.0,-2.7072758037225086,7,,,
forward_2026-09-07_2026-10-01,profit_protection,PROFIT_PROTECTION_202610,2026-09-10,6933,AMAX-KY,WATCH,未持有，今日未觸發進場條件,,,89.5,CAUTION,False,2,56.27906976744186,54.18604651162791,0,,,
forward_2026-09-07_2026-10-01,profit_protection,PROFIT_PROTECTION_202610,2026-09-10,7711,永擎,WATCH,未持有，今日未觸發進場條件,,,74.3,CAUTION,False,4,21.14989733059549,19.712525667351134,0,,,
forward_2026-09-07_2026-10-01,profit_protection,PROFIT_PROTECTION_202610,2026-09-10,8103,瀚荃,WATCH,未持有，今日未觸發進場條件,,,80.1,STOP_OBSERVING,False,1,-13.043478260869568,-14.229249011857704,0,,,
forward_2026-09-07_2026-10-01,profit_protection,PROFIT_PROTECTION_202610,2026-09-11,1312,國喬,WATCH,未持有，今日未觸發進場條件,,,85.8,STOP_OBSERVING,False,1,-4.013377926421402,-4.347826086956507,0,,,
forward_2026-09-07_2026-10-01,profit_protection,PROFIT_PROTECTION_202610,2026-09-11,1326,台化,WATCH,未持有，今日未觸發進場條件,,,76.3,CAUTION,False,2,2.7818448023426257,2.196193265007329,0,,,
forward_2026-09-07_2026-10-01,profit_protection,PROFIT_PROTECTION_202610,2026-09-11,1560,中砂,BUY,CONTINUATION_EARLY_HIGH_MOMENTUM,2026-09-14,,91.2,,True,1,0.0,-5.82278481012658,7,D1_STARTER,1,
forward_2026-09-07_2026-10-01,profit_protection,PROFIT_PROTECTION_202610,2026-09-11,1563,巧新,WATCH,未持有，今日未觸發進場條件,,,60.1,CAUTION,False,1,,,0,,,
forward_2026-09-07_2026-10-01,profit_protection,PROFIT_PROTECTION_202610,2026-09-11,1709,和益,WATCH,未持有，今日未觸發進場條件,,,87.2,CAUTION,False,1,1.6853932584269593,-2.52808988764045,0,,,
forward_2026-09-07_2026-10-01,profit_protection,PROFIT_PROTECTION_202610,2026-09-11,2069,運錩,WATCH,未持有，今日未觸發進場條件,,,90.5,,True,1,0.0,-5.476673427991874,7,,,
forward_2026-09-07_2026-10-01,profit_protection,PROFIT_PROTECTION_202610,2026-09-11,2330,台積電,WATCH,未持有，今日未觸發進場條件,,,59.2,CAUTION,False,2,-2.0325203252032575,-2.2357723577235755,0,,,
forward_2026-09-07_2026-10-01,profit_protection,PROFIT_PROTECTION_202610,2026-09-11,2351,順德,WATCH,未持有，今日未觸發進場條件,,,85.0,,True,1,0.0,-3.205128205128205,7,,,
forward_2026-09-07_2026-10-01,profit_protection,PROFIT_PROTECTION_202610,2026-09-11,2455,全新,WATCH,未持有，今日未觸發進場條件,,,70.2,CAUTION,True,3,18.663594470046085,15.092165898617505,5,,,
forward_2026-09-07_2026-10-01,profit_protection,PROFIT_PROTECTION_202610,2026-09-11,2465,麗臺,WATCH,未持有，今日未觸發進場條件,,,33.0,STOP_OBSERVING,False,1,-5.263157894736848,-6.631578947368421,0,,,
forward_2026-09-07_2026-10-01,profit_protection,PROFIT_PROTECTION_202610,2026-09-11,2606,裕民,PULLBACK_WATCH,符合 PULLBACK_WATCH 條件（尚未回穩確認，不進場）,,,69.5,CAUTION,False,1,-4.015056461731492,-4.265997490589724,0,,,
forward_2026-09-07_2026-10-01,profit_protection,PROFIT_PROTECTION_202610,2026-09-11,2609,陽明,WATCH,未持有，今日未觸發進場條件,,,76.6,,True,1,0.0,-3.0303030303030276,6,,,
forward_2026-09-07_2026-10-01,profit_protection,PROFIT_PROTECTION_202610,2026-09-11,2615,萬海,WATCH,未持有，今日未觸發進場條件,,,72.7,STOP_OBSERVING,False,1,-3.0303030303030276,-5.627705627705626,0,,,
forward_2026-09-07_2026-10-01,profit_protection,PROFIT_PROTECTION_202610,2026-09-11,2801,彰銀,WATCH,未持有，今日未觸發進場條件,,,78.6,,True,1,0.0,-4.8387096774193505,7,,,
forward_2026-09-07_2026-10-01,profit_protection,PROFIT_PROTECTION_202610,2026-09-11,2855,統一證,WATCH,未持有，今日未觸發進場條件,,,75.8,CAUTION,False,1,-0.19230769230769162,-2.8846153846153855,0,,,
forward_2026-09-07_2026-10-01,profit_protection,PROFIT_PROTECTION_202610,2026-09-11,2883,凱基金,WATCH,未持有，今日未觸發進場條件,,,79.0,CAUTION,False,1,11.816838995568691,8.567208271787297,0,,,
forward_2026-09-07_2026-10-01,profit_protection,PROFIT_PROTECTION_202610,2026-09-11,2887,台新新光金,WATCH,未持有，今日未觸發進場條件,,,73.1,,True,1,0.0,-2.579132473622514,3,,,
forward_2026-09-07_2026-10-01,profit_protection,PROFIT_PROTECTION_202610,2026-09-11,2889,國票金,WATCH,未持有，今日未觸發進場條件,,,75.1,CAUTION,False,1,4.6875,1.5625,0,,,
forward_2026-09-07_2026-10-01,profit_protection,PROFIT_PROTECTION_202610,2026-09-11,2890,永豐金,WATCH,未持有，今日未觸發進場條件,,,67.6,CAUTION,False,2,3.677342823250296,1.067615658362997,0,,,
forward_2026-09-07_2026-10-01,profit_protection,PROFIT_PROTECTION_202610,2026-09-11,3006,晶豪科,PULLBACK_WATCH,符合 PULLBACK_WATCH 條件（尚未回穩確認，不進場）,,,72.9,CAUTION,False,1,-6.891025641025639,-9.615384615384615,0,,,
forward_2026-09-07_2026-10-01,profit_protection,PROFIT_PROTECTION_202610,2026-09-11,3016,嘉晶,WATCH,未持有，今日未觸發進場條件,,,69.4,CAUTION,False,1,-0.4545454545454519,-8.18181818181818,0,,,
forward_2026-09-07_2026-10-01,profit_protection,PROFIT_PROTECTION_202610,2026-09-11,3229,晟鈦,WATCH,未持有，今日未觸發進場條件,,,85.3,,True,1,0.0,-9.333333333333327,7,,,
forward_2026-09-07_2026-10-01,profit_protection,PROFIT_PROTECTION_202610,2026-09-11,3711,日月光投控,WATCH,未持有，今日未觸發進場條件,,,62.1,CAUTION,False,1,-3.4375000000000044,-5.46875,0,,,
forward_2026-09-07_2026-10-01,profit_protection,PROFIT_PROTECTION_202610,2026-09-11,4977,眾達-KY,WATCH,未持有，今日未觸發進場條件,,,79.7,CAUTION,False,3,2.639296187683282,0.5865102639296182,0,,,
forward_2026-09-07_2026-10-01,profit_protection,PROFIT_PROTECTION_202610,2026-09-11,5876,上海商銀,WATCH,未持有，今日未觸發進場條件,,,83.7,CAUTION,False,1,5.075593952483803,1.7278617710583255,0,,,
forward_2026-09-07_2026-10-01,profit_protection,PROFIT_PROTECTION_202610,2026-09-11,5880,合庫金,WATCH,未持有，今日未觸發進場條件,,,85.4,CAUTION,False,1,1.303538175046537,-1.1173184357541888,0,,,
forward_2026-09-07_2026-10-01,profit_protection,PROFIT_PROTECTION_202610,2026-09-11,6196,帆宣,PULLBACK_WATCH,符合 PULLBACK_WATCH 條件（尚未回穩確認，不進場）,,,66.7,CAUTION,False,1,-4.307116104868913,-5.243445692883897,0,,,
forward_2026-09-07_2026-10-01,profit_protection,PROFIT_PROTECTION_202610,2026-09-11,6224,聚鼎,WATCH,未持有，今日未觸發進場條件,,,82.6,CAUTION,False,1,-1.6853932584269704,-2.2471910112359605,0,,,
forward_2026-09-07_2026-10-01,profit_protection,PROFIT_PROTECTION_202610,2026-09-11,6426,統新,WATCH,未持有，今日未觸發進場條件,,,72.0,CAUTION,False,1,13.747645951035793,11.299435028248595,0,,,
forward_2026-09-07_2026-10-01,profit_protection,PROFIT_PROTECTION_202610,2026-09-11,6505,台塑化,PULLBACK_WATCH,符合 PULLBACK_WATCH 條件（尚未回穩確認，不進場）,,,85.6,CAUTION,False,1,-4.457142857142859,-4.571428571428571,0,,,
forward_2026-09-07_2026-10-01,profit_protection,PROFIT_PROTECTION_202610,2026-09-11,6515,穎崴,PULLBACK_WATCH,符合 PULLBACK_WATCH 條件（尚未回穩確認，不進場）,,,63.2,CAUTION,False,1,-4.239054899235583,-6.045865184155663,0,,,
forward_2026-09-07_2026-10-01,profit_protection,PROFIT_PROTECTION_202610,2026-09-11,6531,愛普*,PULLBACK_WATCH,符合 PULLBACK_WATCH 條件（尚未回穩確認，不進場）,,,83.1,CAUTION,False,1,-4.077669902912618,-5.533980582524267,0,,,
forward_2026-09-07_2026-10-01,profit_protection,PROFIT_PROTECTION_202610,2026-09-11,6830,汎銓,PULLBACK_WATCH,符合 PULLBACK_WATCH 條件（尚未回穩確認，不進場）,,,77.9,CAUTION,False,1,-6.768189509306266,-8.46023688663282,0,,,
forward_2026-09-07_2026-10-01,profit_protection,PROFIT_PROTECTION_202610,2026-09-11,6933,AMAX-KY,WATCH,未持有，今日未觸發進場條件,,,86.8,CAUTION,False,2,48.837209302325576,46.51162790697674,0,,,
forward_2026-09-07_2026-10-01,profit_protection,PROFIT_PROTECTION_202610,2026-09-11,7711,永擎,WATCH,未持有，今日未觸發進場條件,,,71.2,CAUTION,False,4,9.034907597535934,9.034907597535934,0,,,
forward_2026-09-07_2026-10-01,profit_protection,PROFIT_PROTECTION_202610,2026-09-14,1326,台化,WATCH,未持有，今日未觸發進場條件,,,65.2,STOP_OBSERVING,False,2,-1.024890190336758,-3.0746705710102407,0,,,
forward_2026-09-07_2026-10-01,profit_protection,PROFIT_PROTECTION_202610,2026-09-14,1560,中砂,HOLD,持有中，今日未觸發出場/確認條件,,-2.9639175257731853,82.8,STOP_OBSERVING,False,1,-4.683544303797471,-6.329113924050633,0,CONFIRMED,,
forward_2026-09-07_2026-10-01,profit_protection,PROFIT_PROTECTION_202610,2026-09-14,1563,巧新,WATCH,未持有，今日未觸發進場條件,,,50.1,STOP_OBSERVING,False,1,,,0,,,
forward_2026-09-07_2026-10-01,profit_protection,PROFIT_PROTECTION_202610,2026-09-14,1709,和益,WATCH,未持有，今日未觸發進場條件,,,82.1,STOP_OBSERVING,False,1,1.2640449438202195,-0.8426966292134908,0,,,
forward_2026-09-07_2026-10-01,profit_protection,PROFIT_PROTECTION_202610,2026-09-14,2069,運錩,WATCH,未持有，今日未觸發進場條件,,,78.7,STOP_OBSERVING,False,1,-3.0425963488843855,-4.86815415821501,0,,,
forward_2026-09-07_2026-10-01,profit_protection,PROFIT_PROTECTION_202610,2026-09-14,2305,全友,WATCH,未持有，今日未觸發進場條件,,,90.5,,True,1,0.0,-12.513842746400883,6,,,
forward_2026-09-07_2026-10-01,profit_protection,PROFIT_PROTECTION_202610,2026-09-14,2330,台積電,WATCH,未持有，今日未觸發進場條件,,,52.0,STOP_OBSERVING,False,2,-3.2520325203251987,-3.2520325203251987,0,,,
forward_2026-09-07_2026-10-01,profit_protection,PROFIT_PROTECTION_202610,2026-09-14,2351,順德,WATCH,未持有，今日未觸發進場條件,,,89.3,CAUTION,False,1,9.829059829059839,-2.350427350427353,0,,,
forward_2026-09-07_2026-10-01,profit_protection,PROFIT_PROTECTION_202610,2026-09-14,2455,全新,WATCH,未持有，今日未觸發進場條件,,,74.7,CAUTION,False,3,23.271889400921665,13.59447004608294,0,,,
forward_2026-09-07_2026-10-01,profit_protection,PROFIT_PROTECTION_202610,2026-09-14,2606,裕民,WATCH,未持有，今日未觸發進場條件,,,66.8,STOP_OBSERVING,False,1,-4.391468005018817,-5.646173149309908,0,,,
forward_2026-09-07_2026-10-01,profit_protection,PROFIT_PROTECTION_202610,2026-09-14,2609,陽明,WATCH,未持有，今日未觸發進場條件,,,72.9,STOP_OBSERVING,False,1,-0.16835016835017313,-1.851851851851849,0,,,
forward_2026-09-07_2026-10-01,profit_protection,PROFIT_PROTECTION_202610,2026-09-14,2801,彰銀,WATCH,未持有，今日未觸發進場條件,,,82.4,CAUTION,False,1,2.3297491039426577,-0.35842293906809264,0,,,
forward_2026-09-07_2026-10-01,profit_protection,PROFIT_PROTECTION_202610,2026-09-14,2851,中再保,WATCH,未持有，今日未觸發進場條件,,,85.1,,True,1,0.0,-2.3157894736842155,7,,,
forward_2026-09-07_2026-10-01,profit_protection,PROFIT_PROTECTION_202610,2026-09-14,2855,統一證,WATCH,未持有，今日未觸發進場條件,,,78.8,CAUTION,False,1,1.7307692307692246,-1.9230769230769273,0,,,
forward_2026-09-07_2026-10-01,profit_protection,PROFIT_PROTECTION_202610,2026-09-14,2881,富邦金,WATCH,未持有，今日未觸發進場條件,,,75.1,,True,1,0.0,-5.1948051948051965,7,,,
forward_2026-09-07_2026-10-01,profit_protection,PROFIT_PROTECTION_202610,2026-09-14,2883,凱基金,WATCH,未持有，今日未觸發進場條件,,,82.4,CAUTION,False,1,14.623338257016227,10.044313146233375,0,,,
forward_2026-09-07_2026-10-01,profit_protection,PROFIT_PROTECTION_202610,2026-09-14,2887,台新新光金,WATCH,未持有，今日未觸發進場條件,,,78.2,CAUTION,False,1,2.1101992966002348,-1.1723329425556872,0,,,
forward_2026-09-07_2026-10-01,profit_protection,PROFIT_PROTECTION_202610,2026-09-14,2889,國票金,WATCH,未持有，今日未觸發進場條件,,,78.7,CAUTION,False,1,6.562500000000004,3.4375000000000044,0,,,
forward_2026-09-07_2026-10-01,profit_protection,PROFIT_PROTECTION_202610,2026-09-14,2890,永豐金,WATCH,未持有，今日未觸發進場條件,,,75.1,CAUTION,False,2,6.287069988137595,2.9655990510083052,0,,,
forward_2026-09-07_2026-10-01,profit_protection,PROFIT_PROTECTION_202610,2026-09-14,2892,第一金,WATCH,未持有，今日未觸發進場條件,,,82.1,CAUTION,True,1,0.0,-3.2622333751568533,7,,,
forward_2026-09-07_2026-10-01,profit_protection,PROFIT_PROTECTION_202610,2026-09-14,3006,晶豪科,WATCH,未持有，今日未觸發進場條件,,,41.9,STOP_OBSERVING,False,1,-13.301282051282048,-13.301282051282048,0,,,
forward_2026-09-07_2026-10-01,profit_protection,PROFIT_PROTECTION_202610,2026-09-14,3016,嘉晶,WATCH,未持有，今日未觸發進場條件,,,61.2,STOP_OBSERVING,False,1,2.2727272727272707,-7.272727272727275,0,,,
forward_2026-09-07_2026-10-01,profit_protection,PROFIT_PROTECTION_202610,2026-09-14,3094,聯傑,WATCH,未持有，今日未觸發進場條件,,,78.8,,True,1,0.0,-8.29545454545454,7,,,
forward_2026-09-07_2026-10-01,profit_protection,PROFIT_PROTECTION_202610,2026-09-14,3229,晟鈦,WATCH,未持有，今日未觸發進場條件,,,76.4,STOP_OBSERVING,False,1,-0.8888888888888835,-1.6296296296296253,0,,,
forward_2026-09-07_2026-10-01,profit_protection,PROFIT_PROTECTION_202610,2026-09-14,3711,日月光投控,WATCH,未持有，今日未觸發進場條件,,,51.9,CAUTION,False,1,-4.374999999999996,-6.874999999999998,0,,,
forward_2026-09-07_2026-10-01,profit_protection,PROFIT_PROTECTION_202610,2026-09-14,4961,天鈺,WATCH,未持有，今日未觸發進場條件,,,89.1,,True,1,0.0,-5.61797752808989,6,,,
forward_2026-09-07_2026-10-01,profit_protection,PROFIT_PROTECTION_202610,2026-09-14,4977,眾達-KY,WATCH,未持有，今日未觸發進場條件,,,66.7,STOP_OBSERVING,False,3,-2.052785923753664,-2.052785923753664,0,,,
forward_2026-09-07_2026-10-01,profit_protection,PROFIT_PROTECTION_202610,2026-09-14,5876,上海商銀,WATCH,未持有，今日未觸發進場條件,,,84.5,CAUTION,False,1,7.77537796976242,4.211663066954641,0,,,
forward_2026-09-07_2026-10-01,profit_protection,PROFIT_PROTECTION_202610,2026-09-14,5880,合庫金,WATCH,未持有，今日未觸發進場條件,,,85.1,CAUTION,False,1,2.2346368715083775,0.0,0,,,
forward_2026-09-07_2026-10-01,profit_protection,PROFIT_PROTECTION_202610,2026-09-14,6112,邁達特,WATCH,未持有，今日未觸發進場條件,,,77.7,,True,1,0.0,-6.521739130434789,7,,,
forward_2026-09-07_2026-10-01,profit_protection,PROFIT_PROTECTION_202610,2026-09-14,6196,帆宣,WATCH,未持有，今日未觸發進場條件,,,75.9,CAUTION,False,1,-2.621722846441943,-5.4307116104868935,0,,,
forward_2026-09-07_2026-10-01,profit_protection,PROFIT_PROTECTION_202610,2026-09-14,6224,聚鼎,WATCH,未持有，今日未觸發進場條件,,,84.7,STOP_OBSERVING,False,1,-4.49438202247191,-4.719101123595504,0,,,
forward_2026-09-07_2026-10-01,profit_protection,PROFIT_PROTECTION_202610,2026-09-14,6426,統新,WATCH,未持有，今日未觸發進場條件,,,86.3,CAUTION,False,1,17.514124293785315,10.357815442561202,0,,,
forward_2026-09-07_2026-10-01,profit_protection,PROFIT_PROTECTION_202610,2026-09-14,6505,台塑化,WATCH,未持有，今日未觸發進場條件,,,81.7,STOP_OBSERVING,False,1,-5.371428571428572,-8.114285714285707,0,,,
forward_2026-09-07_2026-10-01,profit_protection,PROFIT_PROTECTION_202610,2026-09-14,6515,穎崴,WATCH,未持有，今日未觸發進場條件,,,59.2,STOP_OBSERVING,False,1,-8.269631688672685,-8.895066018068098,0,,,
forward_2026-09-07_2026-10-01,profit_protection,PROFIT_PROTECTION_202610,2026-09-14,6531,愛普*,WATCH,未持有，今日未觸發進場條件,,,79.4,STOP_OBSERVING,False,1,-6.601941747572814,-9.417475728155345,0,,,
forward_2026-09-07_2026-10-01,profit_protection,PROFIT_PROTECTION_202610,2026-09-14,6830,汎銓,PULLBACK_WATCH,符合 PULLBACK_WATCH 條件（尚未回穩確認，不進場）,,,80.0,CAUTION,False,1,-5.922165820642977,-8.967851099830792,0,,,
forward_2026-09-07_2026-10-01,profit_protection,PROFIT_PROTECTION_202610,2026-09-14,6933,AMAX-KY,WATCH,未持有，今日未觸發進場條件,,,78.2,STOP_OBSERVING,False,2,42.09302325581395,36.744186046511615,0,,,
forward_2026-09-07_2026-10-01,profit_protection,PROFIT_PROTECTION_202610,2026-09-14,7711,永擎,WATCH,未持有，今日未觸發進場條件,,,49.3,STOP_OBSERVING,False,4,-1.848049281314168,-1.848049281314168,0,,,
forward_2026-09-07_2026-10-01,profit_protection,PROFIT_PROTECTION_202610,2026-09-15,1560,中砂,HOLD,持有中，今日未觸發出場/確認條件,,-5.2835051546391565,,,False,1,-6.9620253164556996,-6.9620253164556996,0,CONFIRMED,,
forward_2026-09-07_2026-10-01,profit_protection,PROFIT_PROTECTION_202610,2026-09-15,2305,全友,WATCH,未持有，今日未觸發進場條件,,,77.6,STOP_OBSERVING,False,1,-0.44296788482833804,-2.10409745293465,0,,,
forward_2026-09-07_2026-10-01,profit_protection,PROFIT_PROTECTION_202610,2026-09-15,2351,順德,WATCH,未持有，今日未觸發進場條件,,,92.1,CAUTION,False,1,7.478632478632474,4.2735042735042805,0,,,
forward_2026-09-07_2026-10-01,profit_protection,PROFIT_PROTECTION_202610,2026-09-15,2455,全新,WATCH,未持有，今日未觸發進場條件,,,69.7,CAUTION,False,3,19.815668202764968,16.589861751152068,0,,,
forward_2026-09-07_2026-10-01,profit_protection,PROFIT_PROTECTION_202610,2026-09-15,2468,華經,WATCH,未持有，今日未觸發進場條件,,,76.3,,True,1,0.0,-7.398843930635845,7,,,
forward_2026-09-07_2026-10-01,profit_protection,PROFIT_PROTECTION_202610,2026-09-15,2801,彰銀,WATCH,未持有，今日未觸發進場條件,,,74.8,STOP_OBSERVING,False,1,0.35842293906811484,-0.5376344086021501,0,,,
forward_2026-09-07_2026-10-01,profit_protection,PROFIT_PROTECTION_202610,2026-09-15,2851,中再保,WATCH,未持有，今日未觸發進場條件,,,76.8,STOP_OBSERVING,False,1,-2.1052631578947323,-2.421052631578946,0,,,
forward_2026-09-07_2026-10-01,profit_protection,PROFIT_PROTECTION_202610,2026-09-15,2855,統一證,WATCH,未持有，今日未觸發進場條件,,,71.1,STOP_OBSERVING,False,1,-0.9615384615384581,-2.3076923076923106,0,,,
forward_2026-09-07_2026-10-01,profit_protection,PROFIT_PROTECTION_202610,2026-09-15,2880,華南金,WATCH,未持有，今日未觸發進場條件,,,77.9,,True,1,0.0,-1.279317697228144,7,,,
forward_2026-09-07_2026-10-01,profit_protection,PROFIT_PROTECTION_202610,2026-09-15,2881,富邦金,WATCH,未持有，今日未觸發進場條件,,,70.9,STOP_OBSERVING,False,1,-1.9480519480519431,-2.922077922077926,0,,,
forward_2026-09-07_2026-10-01,profit_protection,PROFIT_PROTECTION_202610,2026-09-15,2883,凱基金,WATCH,未持有，今日未觸發進場條件,,,75.0,STOP_OBSERVING,False,1,12.703101920236337,12.259970457902503,0,,,
forward_2026-09-07_2026-10-01,profit_protection,PROFIT_PROTECTION_202610,2026-09-15,2887,台新新光金,WATCH,未持有，今日未觸發進場條件,,,80.4,CAUTION,False,1,1.7584994138335253,1.0550996483001285,0,,,
forward_2026-09-07_2026-10-01,profit_protection,PROFIT_PROTECTION_202610,2026-09-15,2889,國票金,WATCH,未持有，今日未觸發進場條件,,,76.2,STOP_OBSERVING,False,1,5.312500000000009,4.062499999999991,0,,,
forward_2026-09-07_2026-10-01,profit_protection,PROFIT_PROTECTION_202610,2026-09-15,2890,永豐金,WATCH,未持有，今日未觸發進場條件,,,74.5,CAUTION,False,2,5.693950177935947,4.62633451957295,0,,,
forward_2026-09-07_2026-10-01,profit_protection,PROFIT_PROTECTION_202610,2026-09-15,2892,第一金,WATCH,未持有，今日未觸發進場條件,,,78.7,STOP_OBSERVING,False,1,-0.752823086574661,-0.8782936010037656,0,,,
forward_2026-09-07_2026-10-01,profit_protection,PROFIT_PROTECTION_202610,2026-09-15,3045,台灣大,WATCH,未持有，今日未觸發進場條件,,,76.9,,True,1,0.0,-2.4193548387096753,7,,,
forward_2026-09-07_2026-10-01,profit_protection,PROFIT_PROTECTION_202610,2026-09-15,3094,聯傑,WATCH,未持有，今日未觸發進場條件,,,75.6,STOP_OBSERVING,False,1,-3.9772727272727293,-4.09090909090909,0,,,
forward_2026-09-07_2026-10-01,profit_protection,PROFIT_PROTECTION_202610,2026-09-15,3711,日月光投控,WATCH,未持有，今日未觸發進場條件,,,39.2,CAUTION,False,1,-7.499999999999996,-7.499999999999996,0,,,
forward_2026-09-07_2026-10-01,profit_protection,PROFIT_PROTECTION_202610,2026-09-15,4961,天鈺,WATCH,未持有，今日未觸發進場條件,,,91.9,CAUTION,False,1,0.2808988764045006,-1.96629213483146,0,,,
forward_2026-09-07_2026-10-01,profit_protection,PROFIT_PROTECTION_202610,2026-09-15,5876,上海商銀,WATCH,未持有，今日未觸發進場條件,,,81.2,CAUTION,False,1,7.559395248380141,6.479481641468676,0,,,
forward_2026-09-07_2026-10-01,profit_protection,PROFIT_PROTECTION_202610,2026-09-15,5880,合庫金,WATCH,未持有，今日未觸發進場條件,,,75.0,STOP_OBSERVING,False,1,0.5586592178770999,-0.18621973929237035,0,,,
forward_2026-09-07_2026-10-01,profit_protection,PROFIT_PROTECTION_202610,2026-09-15,6112,邁達特,PULLBACK_WATCH,符合 PULLBACK_WATCH 條件（尚未回穩確認，不進場）,,,69.2,CAUTION,False,1,-4.841897233201586,-4.940711462450597,0,,,
forward_2026-09-07_2026-10-01,profit_protection,PROFIT_PROTECTION_202610,2026-09-15,6196,帆宣,WATCH,未持有，今日未觸發進場條件,,,81.7,CAUTION,False,1,-2.9962546816479363,-3.3707865168539297,0,,,
forward_2026-09-07_2026-10-01,profit_protection,PROFIT_PROTECTION_202610,2026-09-15,6226,光鼎,BUY,CONTINUATION_SUSTAINED_BREAKOUT,2026-09-16,,87.1,,True,1,0.0,-8.953168044077131,7,D1_STARTER,1,
forward_2026-09-07_2026-10-01,profit_protection,PROFIT_PROTECTION_202610,2026-09-15,6426,統新,WATCH,未持有，今日未觸發進場條件,,,83.4,STOP_OBSERVING,False,1,12.994350282485879,12.241054613935965,0,,,
forward_2026-09-07_2026-10-01,profit_protection,PROFIT_PROTECTION_202610,2026-09-15,6830,汎銓,WATCH,未持有，今日未觸發進場條件,,,73.2,STOP_OBSERVING,False,1,-9.983079526226735,-9.983079526226735,0,,,
forward_2026-09-07_2026-10-01,profit_protection,PROFIT_PROTECTION_202610,2026-09-16,1560,中砂,HOLD,持有中，今日未觸發出場/確認條件,,-4.510309278350499,,,False,1,-6.20253164556962,-6.455696202531646,0,CONFIRMED,,
forward_2026-09-07_2026-10-01,profit_protection,PROFIT_PROTECTION_202610,2026-09-16,2305,全友,WATCH,未持有，今日未觸發進場條件,,,88.1,,True,1,0.0,-10.728744939271252,7,,,
forward_2026-09-07_2026-10-01,profit_protection,PROFIT_PROTECTION_202610,2026-09-16,2351,順德,WATCH,未持有，今日未觸發進場條件,,,89.8,CAUTION,False,1,0.8547008547008517,-1.2820512820512775,0,,,
forward_2026-09-07_2026-10-01,profit_protection,PROFIT_PROTECTION_202610,2026-09-16,2455,全新,WATCH,未持有，今日未觸發進場條件,,,54.6,STOP_OBSERVING,False,3,18.663594470046085,16.589861751152068,0,,,
forward_2026-09-07_2026-10-01,profit_protection,PROFIT_PROTECTION_202610,2026-09-16,2468,華經,WATCH,未持有，今日未觸發進場條件,,,77.0,CAUTION,False,1,0.9248554913294793,-2.8901734104046284,0,,,
forward_2026-09-07_2026-10-01,profit_protection,PROFIT_PROTECTION_202610,2026-09-16,2637,慧洋-KY,WATCH,未持有，今日未觸發進場條件,,,81.4,,True,1,0.0,-4.682926829268286,7,,,
forward_2026-09-07_2026-10-01,profit_protection,PROFIT_PROTECTION_202610,2026-09-16,2880,華南金,WATCH,未持有，今日未觸發進場條件,,,78.6,CAUTION,True,2,0.9594882729211163,-0.8528784648187626,7,,,
forward_2026-09-07_2026-10-01,profit_protection,PROFIT_PROTECTION_202610,2026-09-16,2884,玉山金,WATCH,未持有，今日未觸發進場條件,,,77.7,,True,1,0.0,-2.3681377825618966,7,,,
forward_2026-09-07_2026-10-01,profit_protection,PROFIT_PROTECTION_202610,2026-09-16,2887,台新新光金,WATCH,未持有，今日未觸發進場條件,,,81.2,CAUTION,False,1,4.1031652989449,0.9378663540445364,0,,,
forward_2026-09-07_2026-10-01,profit_protection,PROFIT_PROTECTION_202610,2026-09-16,2890,永豐金,WATCH,未持有，今日未觸發進場條件,,,75.0,CAUTION,False,2,7.473309608540912,4.270462633451966,0,,,
forward_2026-09-07_2026-10-01,profit_protection,PROFIT_PROTECTION_202610,2026-09-16,3045,台灣大,WATCH,未持有，今日未觸發進場條件,,,74.6,CAUTION,False,1,0.40322580645162365,-1.2096774193548376,0,,,
forward_2026-09-07_2026-10-01,profit_protection,PROFIT_PROTECTION_202610,2026-09-16,3055,蔚華科,WATCH,未持有，今日未觸發進場條件,,,93.9,,True,1,0.0,-3.658536585365857,7,,,
forward_2026-09-07_2026-10-01,profit_protection,PROFIT_PROTECTION_202610,2026-09-16,3711,日月光投控,WATCH,未持有，今日未觸發進場條件,,,49.3,CAUTION,False,1,-5.46875,-6.718749999999996,0,,,
forward_2026-09-07_2026-10-01,profit_protection,PROFIT_PROTECTION_202610,2026-09-16,4927,泰鼎-KY,WATCH,未持有，今日未觸發進場條件,,,76.5,,True,1,0.0,-5.98591549295776,7,,,
forward_2026-09-07_2026-10-01,profit_protection,PROFIT_PROTECTION_202610,2026-09-16,4961,天鈺,WATCH,未持有，今日未觸發進場條件,,,90.2,CAUTION,False,1,1.6853932584269593,0.561797752808979,0,,,
forward_2026-09-07_2026-10-01,profit_protection,PROFIT_PROTECTION_202610,2026-09-16,4977,眾達-KY,WATCH,未持有，今日未觸發進場條件,,,85.6,,True,1,0.0,-7.932011331444755,7,,,
forward_2026-09-07_2026-10-01,profit_protection,PROFIT_PROTECTION_202610,2026-09-16,5876,上海商銀,WATCH,未持有，今日未觸發進場條件,,,80.0,CAUTION,False,1,7.45140388768899,6.155507559395246,0,,,
forward_2026-09-07_2026-10-01,profit_protection,PROFIT_PROTECTION_202610,2026-09-16,6112,邁達特,BUY,PULLBACK_RECOVERY_ENTRY,2026-09-17,,81.2,CAUTION,False,1,-1.7786561264822143,-4.150197628458496,0,,,
forward_2026-09-07_2026-10-01,profit_protection,PROFIT_PROTECTION_202610,2026-09-16,6168,宏齊,WATCH,未持有，今日未觸發進場條件,,,89.2,,True,1,0.0,-8.55365474339036,7,,,
forward_2026-09-07_2026-10-01,profit_protection,PROFIT_PROTECTION_202610,2026-09-16,6196,帆宣,WATCH,未持有，今日未觸發進場條件,,,71.6,CAUTION,False,1,-2.434456928838946,-3.3707865168539297,0,,,
forward_2026-09-07_2026-10-01,profit_protection,PROFIT_PROTECTION_202610,2026-09-16,6224,聚鼎,WATCH,未持有，今日未觸發進場條件,,,92.4,,True,1,0.0,-3.5107587768969384,7,,,
forward_2026-09-07_2026-10-01,profit_protection,PROFIT_PROTECTION_202610,2026-09-16,6226,光鼎,HOLD,持有中，今日未觸發出場/確認條件,,0.0,81.6,CAUTION,False,1,9.917355371900838,9.090909090909104,0,CONFIRMED,,
forward_2026-09-07_2026-10-01,profit_protection,PROFIT_PROTECTION_202610,2026-09-16,6426,統新,WATCH,未持有，今日未觸發進場條件,,,89.5,,True,1,0.0,-8.18181818181818,7,,,
forward_2026-09-07_2026-10-01,profit_protection,PROFIT_PROTECTION_202610,2026-09-16,6706,惠特,WATCH,未持有，今日未觸發進場條件,,,81.4,,True,1,0.0,-4.4217687074829986,6,,,
forward_2026-09-07_2026-10-01,profit_protection,PROFIT_PROTECTION_202610,2026-09-16,6933,AMAX-KY,BUY,CONTINUATION_PULLBACK_RIDE,2026-09-17,,78.5,,True,1,0.0,-10.174880763116057,6,D1_STARTER,1,
forward_2026-09-07_2026-10-01,profit_protection,PROFIT_PROTECTION_202610,2026-09-16,7765,中華資安,WATCH,未持有，今日未觸發進場條件,,,76.2,,True,1,0.0,-2.9166666666666674,6,,,
forward_2026-09-07_2026-10-01,profit_protection,PROFIT_PROTECTION_202610,2026-09-17,1560,中砂,HOLD,持有中，今日未觸發出場/確認條件,,5.025773195876293,85.2,,True,1,0.0,-7.975460122699385,7,CONFIRMED,,
forward_2026-09-07_2026-10-01,profit_protection,PROFIT_PROTECTION_202610,2026-09-17,1710,東聯,WATCH,未持有，今日未觸發進場條件,,,75.4,,True,1,0.0,-5.705705705705699,6,,,
forward_2026-09-07_2026-10-01,profit_protection,PROFIT_PROTECTION_202610,2026-09-17,2303,聯電,WATCH,未持有，今日未觸發進場條件,,,77.2,,True,1,0.0,-3.3898305084745783,7,,,
forward_2026-09-07_2026-10-01,profit_protection,PROFIT_PROTECTION_202610,2026-09-17,2305,全友,WATCH,未持有，今日未觸發進場條件,,,89.1,CAUTION,False,1,9.91902834008096,6.882591093117396,0,,,
forward_2026-09-07_2026-10-01,profit_protection,PROFIT_PROTECTION_202610,2026-09-17,2351,順德,WATCH,未持有，今日未觸發進場條件,,,86.4,CAUTION,False,1,1.7094017094017033,0.42735042735042583,0,,,
forward_2026-09-07_2026-10-01,profit_protection,PROFIT_PROTECTION_202610,2026-09-17,2382,廣達,WATCH,未持有，今日未觸發進場條件,,,80.2,,True,1,0.0,-1.1627906976744207,7,,,
forward_2026-09-07_2026-10-01,profit_protection,PROFIT_PROTECTION_202610,2026-09-17,2395,研華,WATCH,未持有，今日未觸發進場條件,,,74.6,,True,1,0.0,0.0,5,,,
forward_2026-09-07_2026-10-01,profit_protection,PROFIT_PROTECTION_202610,2026-09-17,2449,京元電子,WATCH,未持有，今日未觸發進場條件,,,63.2,,True,1,0.0,-0.18867924528301883,5,,,
forward_2026-09-07_2026-10-01,profit_protection,PROFIT_PROTECTION_202610,2026-09-17,2468,華經,WATCH,未持有，今日未觸發進場條件,,,65.6,CAUTION,False,1,-3.5838150289017268,-4.046242774566478,0,,,
forward_2026-09-07_2026-10-01,profit_protection,PROFIT_PROTECTION_202610,2026-09-17,2637,慧洋-KY,WATCH,未持有，今日未觸發進場條件,,,74.6,CAUTION,False,1,-0.4878048780487809,-2.4390243902439046,0,,,
forward_2026-09-07_2026-10-01,profit_protection,PROFIT_PROTECTION_202610,2026-09-17,2801,彰銀,WATCH,未持有，今日未觸發進場條件,,,81.1,,True,1,0.0,-2.533783783783783,7,,,
forward_2026-09-07_2026-10-01,profit_protection,PROFIT_PROTECTION_202610,2026-09-17,2880,華南金,WATCH,未持有，今日未觸發進場條件,,,76.1,CAUTION,False,2,2.1321961620469176,0.10660980810235365,0,,,
forward_2026-09-07_2026-10-01,profit_protection,PROFIT_PROTECTION_202610,2026-09-17,2883,凱基金,WATCH,未持有，今日未觸發進場條件,,,79.8,,True,1,0.0,-1.134930643127352,7,,,
forward_2026-09-07_2026-10-01,profit_protection,PROFIT_PROTECTION_202610,2026-09-17,2884,玉山金,WATCH,未持有，今日未觸發進場條件,,,80.4,CAUTION,False,1,1.829924650161452,-1.1840688912809538,0,,,
forward_2026-09-07_2026-10-01,profit_protection,PROFIT_PROTECTION_202610,2026-09-17,2887,台新新光金,WATCH,未持有，今日未觸發進場條件,,,74.2,CAUTION,False,1,3.282532239155911,2.4618991793669442,0,,,
forward_2026-09-07_2026-10-01,profit_protection,PROFIT_PROTECTION_202610,2026-09-17,2890,永豐金,WATCH,未持有，今日未觸發進場條件,,,74.1,CAUTION,False,2,9.015421115065259,6.287069988137595,0,,,
forward_2026-09-07_2026-10-01,profit_protection,PROFIT_PROTECTION_202610,2026-09-17,3045,台灣大,WATCH,未持有，今日未觸發進場條件,,,71.2,CAUTION,False,1,0.0,-1.2096774193548376,0,,,
forward_2026-09-07_2026-10-01,profit_protection,PROFIT_PROTECTION_202610,2026-09-17,3055,蔚華科,WATCH,未持有，今日未觸發進場條件,,,88.6,CAUTION,False,1,-1.8292682926829285,-2.1341463414634165,0,,,
forward_2026-09-07_2026-10-01,profit_protection,PROFIT_PROTECTION_202610,2026-09-17,3711,日月光投控,PULLBACK_WATCH,符合 PULLBACK_WATCH 條件（尚未回穩確認，不進場）,,,58.4,CAUTION,False,1,-4.062500000000002,-4.374999999999996,0,,,
forward_2026-09-07_2026-10-01,profit_protection,PROFIT_PROTECTION_202610,2026-09-17,4927,泰鼎-KY,WATCH,未持有，今日未觸發進場條件,,,78.2,CAUTION,False,1,1.8779342723004522,0.9389671361502261,0,,,
forward_2026-09-07_2026-10-01,profit_protection,PROFIT_PROTECTION_202610,2026-09-17,4961,天鈺,WATCH,未持有，今日未觸發進場條件,,,89.4,CAUTION,False,1,1.6853932584269593,1.6853932584269593,0,,,
forward_2026-09-07_2026-10-01,profit_protection,PROFIT_PROTECTION_202610,2026-09-17,4977,眾達-KY,WATCH,未持有，今日未觸發進場條件,,,74.1,STOP_OBSERVING,False,1,-1.9830028328611915,-2.832861189801694,0,,,
forward_2026-09-07_2026-10-01,profit_protection,PROFIT_PROTECTION_202610,2026-09-17,5876,上海商銀,WATCH,未持有，今日未觸發進場條件,,,79.0,CAUTION,False,1,7.883369330453571,5.507559395248385,0,,,
forward_2026-09-07_2026-10-01,profit_protection,PROFIT_PROTECTION_202610,2026-09-17,6112,邁達特,HOLD,持有中，今日未觸發出場/確認條件,,-1.5151515151515138,80.5,CAUTION,False,1,-3.65612648221344,-5.138339920948621,0,,,
forward_2026-09-07_2026-10-01,profit_protection,PROFIT_PROTECTION_202610,2026-09-17,6168,宏齊,WATCH,未持有，今日未觸發進場條件,,,82.9,CAUTION,False,1,9.953343701399708,-1.710730948678063,0,,,
forward_2026-09-07_2026-10-01,profit_protection,PROFIT_PROTECTION_202610,2026-09-17,6196,帆宣,WATCH,未持有，今日未觸發進場條件,,,59.2,STOP_OBSERVING,False,1,-3.3707865168539297,-3.3707865168539297,0,,,
forward_2026-09-07_2026-10-01,profit_protection,PROFIT_PROTECTION_202610,2026-09-17,6224,聚鼎,WATCH,未持有，今日未觸發進場條件,,,82.8,CAUTION,False,1,-2.0385050962627327,-2.0385050962627327,0,,,
forward_2026-09-07_2026-10-01,profit_protection,PROFIT_PROTECTION_202610,2026-09-17,6226,光鼎,HOLD,持有中，今日未觸發出場/確認條件,,9.899749373433586,80.7,CAUTION,False,1,20.79889807162536,16.115702479338843,0,CONFIRMED,,
forward_2026-09-07_2026-10-01,profit_protection,PROFIT_PROTECTION_202610,2026-09-17,6257,矽格,WATCH,未持有，今日未觸發進場條件,,,79.7,,True,1,0.0,-3.3707865168539297,7,,,
forward_2026-09-07_2026-10-01,profit_protection,PROFIT_PROTECTION_202610,2026-09-17,6426,統新,WATCH,未持有，今日未觸發進場條件,,,84.0,CAUTION,False,1,10.000000000000009,7.878787878787885,0,,,
forward_2026-09-07_2026-10-01,profit_protection,PROFIT_PROTECTION_202610,2026-09-17,6505,台塑化,WATCH,未持有，今日未觸發進場條件,,,81.9,,True,1,0.0,-6.496519721577732,6,,,
forward_2026-09-07_2026-10-01,profit_protection,PROFIT_PROTECTION_202610,2026-09-17,6668,中揚光,WATCH,未持有，今日未觸發進場條件,,,77.7,,True,1,0.0,-4.687499999999989,7,,,
forward_2026-09-07_2026-10-01,profit_protection,PROFIT_PROTECTION_202610,2026-09-17,6706,惠特,WATCH,未持有，今日未觸發進場條件,,,64.9,CAUTION,False,1,-1.3605442176870763,-4.4217687074829986,0,,,
forward_2026-09-07_2026-10-01,profit_protection,PROFIT_PROTECTION_202610,2026-09-17,6933,AMAX-KY,HOLD,持有中，今日未觸發出場/確認條件,,-1.1102230246251565e-14,71.5,CAUTION,True,2,9.856915739268679,0.6359300476947549,6,CONFIRMED,,
forward_2026-09-07_2026-10-01,profit_protection,PROFIT_PROTECTION_202610,2026-09-17,7711,永擎,WATCH,未持有，今日未觸發進場條件,,,68.9,,True,1,0.0,-1.5929203539822967,7,,,
forward_2026-09-07_2026-10-01,profit_protection,PROFIT_PROTECTION_202610,2026-09-17,7765,中華資安,WATCH,未持有，今日未觸發進場條件,,,64.2,CAUTION,False,1,-3.749999999999998,-4.791666666666671,0,,,
forward_2026-09-07_2026-10-01,profit_protection,PROFIT_PROTECTION_202610,2026-09-18,1560,中砂,HOLD,持有中，今日未觸發出場/確認條件,,15.463917525773208,78.7,CAUTION,False,1,9.938650306748475,-0.24539877300613355,0,CONFIRMED,,
forward_2026-09-07_2026-10-01,profit_protection,PROFIT_PROTECTION_202610,2026-09-18,1710,東聯,WATCH,未持有，今日未觸發進場條件,,,56.3,CAUTION,False,1,-1.8018018018017834,-3.603603603603589,0,,,
forward_2026-09-07_2026-10-01,profit_protection,PROFIT_PROTECTION_202610,2026-09-18,2303,聯電,WATCH,未持有，今日未觸發進場條件,,,76.6,CONTINUE,True,2,5.762711864406778,4.067796610169494,7,,,
forward_2026-09-07_2026-10-01,profit_protection,PROFIT_PROTECTION_202610,2026-09-18,2305,全友,WATCH,未持有，今日未觸發進場條件,,,90.8,CONTINUE,False,1,18.825910931174093,8.906882591093112,0,,,
forward_2026-09-07_2026-10-01,profit_protection,PROFIT_PROTECTION_202610,2026-09-18,2351,順德,WATCH,未持有，今日未觸發進場條件,,,82.9,CAUTION,False,1,3.205128205128216,0.6410256410256387,0,,,
forward_2026-09-07_2026-10-01,profit_protection,PROFIT_PROTECTION_202610,2026-09-18,2382,廣達,WATCH,未持有，今日未觸發進場條件,,,70.4,CAUTION,False,1,-0.29069767441860517,-1.1627906976744207,0,,,
forward_2026-09-07_2026-10-01,profit_protection,PROFIT_PROTECTION_202610,2026-09-18,2395,研華,WATCH,未持有，今日未觸發進場條件,,,70.3,CAUTION,False,1,0.5830903790087438,-0.5830903790087438,0,,,
forward_2026-09-07_2026-10-01,profit_protection,PROFIT_PROTECTION_202610,2026-09-18,2412,中華電,WATCH,未持有，今日未觸發進場條件,,,83.4,CONTINUE,True,1,0.0,-1.0309278350515427,5,,,
forward_2026-09-07_2026-10-01,profit_protection,PROFIT_PROTECTION_202610,2026-09-18,2449,京元電子,WATCH,未持有，今日未觸發進場條件,,,75.1,CONTINUE,True,2,10.000000000000009,3.396226415094339,7,,,
forward_2026-09-07_2026-10-01,profit_protection,PROFIT_PROTECTION_202610,2026-09-18,2468,華經,WATCH,未持有，今日未觸發進場條件,,,78.1,CONTINUE,False,1,6.0115606936416155,-4.739884393063576,0,,,
forward_2026-09-07_2026-10-01,profit_protection,PROFIT_PROTECTION_202610,2026-09-18,2481,強茂,WATCH,未持有，今日未觸發進場條件,,,68.3,,True,1,0.0,-2.077151335311578,7,,,
forward_2026-09-07_2026-10-01,profit_protection,PROFIT_PROTECTION_202610,2026-09-18,2637,慧洋-KY,WATCH,未持有，今日未觸發進場條件,,,45.5,STOP_OBSERVING,False,1,-0.4878048780487809,-1.9512195121951237,0,,,
forward_2026-09-07_2026-10-01,profit_protection,PROFIT_PROTECTION_202610,2026-09-18,2801,彰銀,WATCH,未持有，今日未觸發進場條件,,,72.7,STOP_OBSERVING,False,1,-2.195945945945954,-2.7027027027027084,0,,,
forward_2026-09-07_2026-10-01,profit_protection,PROFIT_PROTECTION_202610,2026-09-18,2880,華南金,WATCH,未持有，今日未觸發進場條件,,,74.0,CAUTION,False,2,1.5991471215351716,-1.3859275053304865,0,,,
forward_2026-09-07_2026-10-01,profit_protection,PROFIT_PROTECTION_202610,2026-09-18,2883,凱基金,WATCH,未持有，今日未觸發進場條件,,,73.2,CAUTION,False,1,-0.8827238335435084,-3.1525851197982346,0,,,
forward_2026-09-07_2026-10-01,profit_protection,PROFIT_PROTECTION_202610,2026-09-18,2884,玉山金,WATCH,未持有，今日未觸發進場條件,,,69.9,STOP_OBSERVING,False,1,-0.10764262648009781,-3.1216361679225035,0,,,
forward_2026-09-07_2026-10-01,profit_protection,PROFIT_PROTECTION_202610,2026-09-18,2887,台新新光金,WATCH,未持有，今日未觸發進場條件,,,68.2,CAUTION,False,1,4.1031652989449,-0.11723329425555873,0,,,
forward_2026-09-07_2026-10-01,profit_protection,PROFIT_PROTECTION_202610,2026-09-18,2890,永豐金,WATCH,未持有，今日未觸發進場條件,,,69.6,CAUTION,False,2,7.354685646500592,6.287069988137595,0,,,
forward_2026-09-07_2026-10-01,profit_protection,PROFIT_PROTECTION_202610,2026-09-18,3006,晶豪科,WATCH,未持有，今日未觸發進場條件,,,68.4,,True,1,0.0,-2.0618556701030966,6,,,
forward_2026-09-07_2026-10-01,profit_protection,PROFIT_PROTECTION_202610,2026-09-18,3045,台灣大,WATCH,未持有，今日未觸發進場條件,,,68.5,CAUTION,False,1,0.0,-0.8064516129032251,0,,,
forward_2026-09-07_2026-10-01,profit_protection,PROFIT_PROTECTION_202610,2026-09-18,3055,蔚華科,WATCH,未持有，今日未觸發進場條件,,,81.8,CONTINUE,True,2,4.268292682926833,-0.3048780487804881,7,,,
forward_2026-09-07_2026-10-01,profit_protection,PROFIT_PROTECTION_202610,2026-09-18,3094,聯傑,BUY,CONTINUATION_BREAKOUT_SURGE,2026-09-21,,77.5,,True,1,0.0,-5.996131528046423,7,D1_STARTER,1,
forward_2026-09-07_2026-10-01,profit_protection,PROFIT_PROTECTION_202610,2026-09-18,3711,日月光投控,BUY,PULLBACK_RECOVERY_ENTRY,2026-09-21,,69.2,CONTINUE,True,2,-0.31250000000000444,-2.0312499999999956,6,,,
forward_2026-09-07_2026-10-01,profit_protection,PROFIT_PROTECTION_202610,2026-09-18,3717,聯嘉投控,WATCH,未持有，今日未觸發進場條件,,,72.3,,True,1,0.0,-8.16733067729084,6,,,
forward_2026-09-07_2026-10-01,profit_protection,PROFIT_PROTECTION_202610,2026-09-18,4927,泰鼎-KY,WATCH,未持有，今日未觸發進場條件,,,80.4,CAUTION,False,1,3.8732394366197243,0.46948356807510194,0,,,
forward_2026-09-07_2026-10-01,profit_protection,PROFIT_PROTECTION_202610,2026-09-18,4961,天鈺,WATCH,未持有，今日未觸發進場條件,,,88.3,CONTINUE,False,1,3.08988764044944,0.8426966292134797,0,,,
forward_2026-09-07_2026-10-01,profit_protection,PROFIT_PROTECTION_202610,2026-09-18,5876,上海商銀,WATCH,未持有，今日未觸發進場條件,,,73.3,CAUTION,False,1,6.803455723542129,5.075593952483803,0,,,
forward_2026-09-07_2026-10-01,profit_protection,PROFIT_PROTECTION_202610,2026-09-18,6112,邁達特,HOLD,持有中，今日未觸發出場/確認條件,,5.252525252525264,87.6,CONTINUE,False,1,2.964426877470361,-4.150197628458496,0,,,
forward_2026-09-07_2026-10-01,profit_protection,PROFIT_PROTECTION_202610,2026-09-18,6168,宏齊,WATCH,未持有，今日未觸發進場條件,,,84.8,CONTINUE,False,1,20.839813374805605,11.508553654743391,0,,,
forward_2026-09-07_2026-10-01,profit_protection,PROFIT_PROTECTION_202610,2026-09-18,6196,帆宣,WATCH,未持有，今日未觸發進場條件,,,69.4,,True,1,0.0,-3.518518518518521,6,,,
forward_2026-09-07_2026-10-01,profit_protection,PROFIT_PROTECTION_202610,2026-09-18,6224,聚鼎,WATCH,未持有，今日未觸發進場條件,,,82.6,CAUTION,False,1,1.0192525481313774,-1.4722536806341946,0,,,
forward_2026-09-07_2026-10-01,profit_protection,PROFIT_PROTECTION_202610,2026-09-18,6226,光鼎,HOLD,持有中，今日未觸發出場/確認條件,,14.536340852130337,77.2,CONTINUE,False,1,25.89531680440773,16.528925619834723,0,CONFIRMED,,
forward_2026-09-07_2026-10-01,profit_protection,PROFIT_PROTECTION_202610,2026-09-18,6257,矽格,WATCH,未持有，今日未觸發進場條件,,,86.0,CONTINUE,False,1,9.887640449438194,2.2471910112359605,0,,,
forward_2026-09-07_2026-10-01,profit_protection,PROFIT_PROTECTION_202610,2026-09-18,6426,統新,WATCH,未持有，今日未觸發進場條件,,,86.4,CONTINUE,False,1,13.181818181818183,10.606060606060597,0,,,
forward_2026-09-07_2026-10-01,profit_protection,PROFIT_PROTECTION_202610,2026-09-18,6505,台塑化,WATCH,未持有，今日未觸發進場條件,,,79.8,CAUTION,False,1,0.34802784222738303,-2.436194895591659,0,,,
forward_2026-09-07_2026-10-01,profit_protection,PROFIT_PROTECTION_202610,2026-09-18,6526,達發,WATCH,未持有，今日未觸發進場條件,,,85.8,,True,1,0.0,-7.38060781476122,7,,,
forward_2026-09-07_2026-10-01,profit_protection,PROFIT_PROTECTION_202610,2026-09-18,6668,中揚光,WATCH,未持有，今日未觸發進場條件,,,75.6,CONTINUE,False,1,9.93303571428572,-0.8928571428571397,0,,,
forward_2026-09-07_2026-10-01,profit_protection,PROFIT_PROTECTION_202610,2026-09-18,6706,惠特,WATCH,未持有，今日未觸發進場條件,,,79.1,CAUTION,False,1,1.7006802721088343,-3.0612244897959218,0,,,
forward_2026-09-07_2026-10-01,profit_protection,PROFIT_PROTECTION_202610,2026-09-18,6770,力積電,WATCH,未持有，今日未觸發進場條件,,,76.0,,True,1,0.0,-1.75675675675675,6,,,
forward_2026-09-07_2026-10-01,profit_protection,PROFIT_PROTECTION_202610,2026-09-18,6830,汎銓,WATCH,未持有，今日未觸發進場條件,,,80.4,,True,1,0.0,-8.348134991119005,7,,,
forward_2026-09-07_2026-10-01,profit_protection,PROFIT_PROTECTION_202610,2026-09-18,6933,AMAX-KY,HOLD,持有中，今日未觸發出場/確認條件,,-1.0130246020260691,61.7,CAUTION,False,2,8.744038155802869,5.564387917329094,0,CONFIRMED,,
forward_2026-09-07_2026-10-01,profit_protection,PROFIT_PROTECTION_202610,2026-09-18,7711,永擎,WATCH,未持有，今日未觸發進場條件,,,75.2,CONTINUE,False,1,0.8849557522123908,-0.707964601769917,0,,,
forward_2026-09-07_2026-10-01,profit_protection,PROFIT_PROTECTION_202610,2026-09-18,7765,中華資安,WATCH,未持有，今日未觸發進場條件,,,77.5,CONTINUE,False,1,1.2499999999999956,-3.9583333333333304,0,,,
forward_2026-09-07_2026-10-01,profit_protection,PROFIT_PROTECTION_202610,2026-09-18,7799,禾榮科,WATCH,未持有，今日未觸發進場條件,,,70.5,,True,1,0.0,-3.1746031746031744,7,,,
forward_2026-09-07_2026-10-01,profit_protection,PROFIT_PROTECTION_202610,2026-09-21,1560,中砂,HOLD,持有中，今日未觸發出場/確認條件,,17.7835051546392,82.8,CONTINUE,True,2,12.147239263803677,5.644171779141094,7,CONFIRMED,,
forward_2026-09-07_2026-10-01,profit_protection,PROFIT_PROTECTION_202610,2026-09-21,1710,東聯,WATCH,未持有，今日未觸發進場條件,,,75.9,CAUTION,False,1,2.1021021021021102,-2.4024024024023927,0,,,
forward_2026-09-07_2026-10-01,profit_protection,PROFIT_PROTECTION_202610,2026-09-21,2303,聯電,WATCH,未持有，今日未觸發進場條件,,,82.5,CAUTION,True,3,6.440677966101704,3.7288135593220417,7,,,
forward_2026-09-07_2026-10-01,profit_protection,PROFIT_PROTECTION_202610,2026-09-21,2305,全友,WATCH,未持有，今日未觸發進場條件,,,89.3,CONTINUE,False,1,19.028340080971653,12.348178137651832,0,,,
forward_2026-09-07_2026-10-01,profit_protection,PROFIT_PROTECTION_202610,2026-09-21,2308,台達電,WATCH,未持有，今日未觸發進場條件,,,76.7,,True,1,0.0,-7.199999999999996,5,,,
forward_2026-09-07_2026-10-01,profit_protection,PROFIT_PROTECTION_202610,2026-09-21,2351,順德,WATCH,未持有，今日未觸發進場條件,,,71.6,STOP_OBSERVING,False,1,1.0683760683760646,0.8547008547008517,0,,,
forward_2026-09-07_2026-10-01,profit_protection,PROFIT_PROTECTION_202610,2026-09-21,2363,矽統,WATCH,未持有，今日未觸發進場條件,,,71.0,,True,1,0.0,-7.2881355932203356,6,,,
forward_2026-09-07_2026-10-01,profit_protection,PROFIT_PROTECTION_202610,2026-09-21,2382,廣達,WATCH,未持有，今日未觸發進場條件,,,64.8,CAUTION,False,1,0.14534883720929148,-1.4534883720930258,0,,,
forward_2026-09-07_2026-10-01,profit_protection,PROFIT_PROTECTION_202610,2026-09-21,2395,研華,WATCH,未持有，今日未觸發進場條件,,,75.9,CONTINUE,False,1,2.9154518950437414,0.291545189504383,0,,,
forward_2026-09-07_2026-10-01,profit_protection,PROFIT_PROTECTION_202610,2026-09-21,2409,友達,BUY,CONTINUATION_BREAKOUT_SURGE,2026-09-22,,78.5,,True,1,0.0,-4.647676161919046,7,D1_STARTER,1,
forward_2026-09-07_2026-10-01,profit_protection,PROFIT_PROTECTION_202610,2026-09-21,2412,中華電,WATCH,未持有，今日未觸發進場條件,,,75.4,CAUTION,False,1,-0.6872852233676952,-1.718213058419249,0,,,
forward_2026-09-07_2026-10-01,profit_protection,PROFIT_PROTECTION_202610,2026-09-21,2419,仲琦,WATCH,未持有，今日未觸發進場條件,,,82.8,,True,1,0.0,-9.298531810766718,7,,,
forward_2026-09-07_2026-10-01,profit_protection,PROFIT_PROTECTION_202610,2026-09-21,2449,京元電子,WATCH,未持有，今日未觸發進場條件,,,79.4,CONTINUE,True,3,13.773584905660385,11.886792452830196,7,,,
forward_2026-09-07_2026-10-01,profit_protection,PROFIT_PROTECTION_202610,2026-09-21,2468,華經,WATCH,未持有，今日未觸發進場條件,,,65.7,CAUTION,False,1,7.630057803468193,7.630057803468193,0,,,
forward_2026-09-07_2026-10-01,profit_protection,PROFIT_PROTECTION_202610,2026-09-21,2481,強茂,WATCH,未持有，今日未觸發進場條件,,,67.9,CAUTION,False,1,-0.29673590504450953,-1.4836795252225476,0,,,
forward_2026-09-07_2026-10-01,profit_protection,PROFIT_PROTECTION_202610,2026-09-21,2855,統一證,WATCH,未持有，今日未觸發進場條件,,,84.1,,True,1,0.0,-7.329842931937169,7,,,
forward_2026-09-07_2026-10-01,profit_protection,PROFIT_PROTECTION_202610,2026-09-21,2880,華南金,WATCH,未持有，今日未觸發進場條件,,,65.6,STOP_OBSERVING,False,2,-0.5330490405117239,-0.6396588486140664,0,,,
forward_2026-09-07_2026-10-01,profit_protection,PROFIT_PROTECTION_202610,2026-09-21,2883,凱基金,WATCH,未持有，今日未觸發進場條件,,,77.3,CAUTION,True,2,2.0176544766708826,-1.7654476670870056,7,,,
forward_2026-09-07_2026-10-01,profit_protection,PROFIT_PROTECTION_202610,2026-09-21,2887,台新新光金,WATCH,未持有，今日未觸發進場條件,,,63.5,CAUTION,False,1,2.696365767878084,0.11723329425556983,0,,,
forward_2026-09-07_2026-10-01,profit_protection,PROFIT_PROTECTION_202610,2026-09-21,2890,永豐金,WATCH,未持有，今日未觸發進場條件,,,68.9,CAUTION,False,2,8.422301304863588,6.168446026097274,0,,,
forward_2026-09-07_2026-10-01,profit_protection,PROFIT_PROTECTION_202610,2026-09-21,3006,晶豪科,WATCH,未持有，今日未觸發進場條件,,,52.0,STOP_OBSERVING,False,1,-2.0618556701030966,-4.123711340206182,0,,,
forward_2026-09-07_2026-10-01,profit_protection,PROFIT_PROTECTION_202610,2026-09-21,3016,嘉晶,WATCH,未持有，今日未觸發進場條件,,,69.9,,True,1,0.0,-4.149377593360992,6,,,
forward_2026-09-07_2026-10-01,profit_protection,PROFIT_PROTECTION_202610,2026-09-21,3035,智原,WATCH,未持有，今日未觸發進場條件,,,67.3,,True,1,0.0,-0.5235602094240788,5,,,
forward_2026-09-07_2026-10-01,profit_protection,PROFIT_PROTECTION_202610,2026-09-21,3045,台灣大,WATCH,未持有，今日未觸發進場條件,,,67.9,CAUTION,False,1,0.40322580645162365,-1.2096774193548376,0,,,
forward_2026-09-07_2026-10-01,profit_protection,PROFIT_PROTECTION_202610,2026-09-21,3055,蔚華科,WATCH,未持有，今日未觸發進場條件,,,74.9,CAUTION,True,3,14.634146341463406,1.8292682926829285,7,,,
forward_2026-09-07_2026-10-01,profit_protection,PROFIT_PROTECTION_202610,2026-09-21,3094,聯傑,HOLD,持有中，今日未觸發出場/確認條件,,2.220446049250313e-14,79.7,CONTINUE,True,2,9.864603481624744,5.415860735009659,7,CONFIRMED,,
forward_2026-09-07_2026-10-01,profit_protection,PROFIT_PROTECTION_202610,2026-09-21,3711,日月光投控,HOLD,持有中，今日未觸發出場/確認條件,,-1.6320474777448024,72.7,CAUTION,False,2,3.5937499999999956,2.34375,0,,,
forward_2026-09-07_2026-10-01,profit_protection,PROFIT_PROTECTION_202610,2026-09-21,3717,聯嘉投控,WATCH,未持有，今日未觸發進場條件,,,61.9,CAUTION,False,1,-0.7968127490039945,-1.195219123505975,0,,,
forward_2026-09-07_2026-10-01,profit_protection,PROFIT_PROTECTION_202610,2026-09-21,4927,泰鼎-KY,WATCH,未持有，今日未觸發進場條件,,,70.5,STOP_OBSERVING,False,1,-1.2910798122065859,-1.2910798122065859,0,,,
forward_2026-09-07_2026-10-01,profit_protection,PROFIT_PROTECTION_202610,2026-09-21,4961,天鈺,WATCH,未持有，今日未觸發進場條件,,,79.4,CAUTION,False,1,1.96629213483146,1.1235955056179803,0,,,
forward_2026-09-07_2026-10-01,profit_protection,PROFIT_PROTECTION_202610,2026-09-21,5876,上海商銀,WATCH,未持有，今日未觸發進場條件,,,66.0,CAUTION,False,1,6.3714902807775475,5.507559395248385,0,,,
forward_2026-09-07_2026-10-01,profit_protection,PROFIT_PROTECTION_202610,2026-09-21,6112,邁達特,SELL,P4_STOP,2026-09-22,-1.0101010101010055,63.7,STOP_OBSERVING,False,1,-3.1620553359683834,-3.1620553359683834,0,,,
forward_2026-09-07_2026-10-01,profit_protection,PROFIT_PROTECTION_202610,2026-09-21,6168,宏齊,WATCH,未持有，今日未觸發進場條件,,,87.9,CONTINUE,True,2,32.814930015552115,28.77138413685847,7,,,
forward_2026-09-07_2026-10-01,profit_protection,PROFIT_PROTECTION_202610,2026-09-21,6196,帆宣,WATCH,未持有，今日未觸發進場條件,,,65.7,STOP_OBSERVING,False,1,-0.92592592592593,-1.4814814814814836,0,,,
forward_2026-09-07_2026-10-01,profit_protection,PROFIT_PROTECTION_202610,2026-09-21,6224,聚鼎,WATCH,未持有，今日未觸發進場條件,,,79.2,CAUTION,False,1,1.0192525481313774,-0.22650056625141968,0,,,
forward_2026-09-07_2026-10-01,profit_protection,PROFIT_PROTECTION_202610,2026-09-21,6226,光鼎,HOLD,持有中，今日未觸發出場/確認條件,,11.528822055137855,85.3,CONTINUE,False,1,22.58953168044078,18.181818181818187,0,CONFIRMED,,
forward_2026-09-07_2026-10-01,profit_protection,PROFIT_PROTECTION_202610,2026-09-21,6257,矽格,WATCH,未持有，今日未觸發進場條件,,,77.0,CONTINUE,True,2,12.584269662921344,8.98876404494382,7,,,
forward_2026-09-07_2026-10-01,profit_protection,PROFIT_PROTECTION_202610,2026-09-21,6426,統新,WATCH,未持有，今日未觸發進場條件,,,82.3,CAUTION,False,1,13.33333333333333,7.424242424242422,0,,,
forward_2026-09-07_2026-10-01,profit_protection,PROFIT_PROTECTION_202610,2026-09-21,6491,晶碩,WATCH,未持有，今日未觸發進場條件,,,82.0,,True,1,0.0,-3.1941031941031928,6,,,
forward_2026-09-07_2026-10-01,profit_protection,PROFIT_PROTECTION_202610,2026-09-21,6505,台塑化,WATCH,未持有，今日未觸發進場條件,,,81.1,CAUTION,False,1,2.6682134570765736,-0.11600928074246841,0,,,
forward_2026-09-07_2026-10-01,profit_protection,PROFIT_PROTECTION_202610,2026-09-21,6526,達發,WATCH,未持有，今日未觸發進場條件,,,87.2,CAUTION,False,1,4.775687409551366,-0.434153400868309,0,,,
forward_2026-09-07_2026-10-01,profit_protection,PROFIT_PROTECTION_202610,2026-09-21,6668,中揚光,WATCH,未持有，今日未觸發進場條件,,,68.0,CONTINUE,False,1,12.27678571428572,8.147321428571441,0,,,
forward_2026-09-07_2026-10-01,profit_protection,PROFIT_PROTECTION_202610,2026-09-21,6706,惠特,WATCH,未持有，今日未觸發進場條件,,,90.5,CONTINUE,False,1,11.564625850340127,2.0408163265306145,0,,,
forward_2026-09-07_2026-10-01,profit_protection,PROFIT_PROTECTION_202610,2026-09-21,6770,力積電,WATCH,未持有，今日未觸發進場條件,,,61.7,CAUTION,False,1,-1.75675675675675,-2.0270270270270285,0,,,
forward_2026-09-07_2026-10-01,profit_protection,PROFIT_PROTECTION_202610,2026-09-21,6805,富世達,WATCH,未持有，今日未觸發進場條件,,,83.6,,True,1,0.0,-4.761904761904767,6,,,
forward_2026-09-07_2026-10-01,profit_protection,PROFIT_PROTECTION_202610,2026-09-21,6830,汎銓,WATCH,未持有，今日未觸發進場條件,,,75.1,STOP_OBSERVING,False,1,-1.7761989342806372,-2.6642984014209614,0,,,
forward_2026-09-07_2026-10-01,profit_protection,PROFIT_PROTECTION_202610,2026-09-21,6933,AMAX-KY,HOLD,持有中，今日未觸發出場/確認條件,,-8.10419681620841,56.7,CAUTION,False,2,0.9538950715421324,0.4769475357710551,0,CONFIRMED,,
forward_2026-09-07_2026-10-01,profit_protection,PROFIT_PROTECTION_202610,2026-09-21,6937,天虹,WATCH,未持有，今日未觸發進場條件,,,84.4,,True,1,0.0,-2.4958402662229595,6,,,
forward_2026-09-07_2026-10-01,profit_protection,PROFIT_PROTECTION_202610,2026-09-21,7711,永擎,WATCH,未持有，今日未觸發進場條件,,,73.7,CAUTION,False,1,-3.7168141592920367,-5.309734513274334,0,,,
forward_2026-09-07_2026-10-01,profit_protection,PROFIT_PROTECTION_202610,2026-09-21,7765,中華資安,WATCH,未持有，今日未觸發進場條件,,,59.2,CAUTION,False,1,0.0,-0.8333333333333304,0,,,
forward_2026-09-07_2026-10-01,profit_protection,PROFIT_PROTECTION_202610,2026-09-21,7799,禾榮科,WATCH,未持有，今日未觸發進場條件,,,79.3,CONTINUE,False,1,3.571428571428581,-2.9761904761904767,0,,,
forward_2026-09-07_2026-10-01,profit_protection,PROFIT_PROTECTION_202610,2026-09-21,8150,南茂,WATCH,未持有，今日未觸發進場條件,,,72.6,,True,1,0.0,-7.961165048543695,7,,,
forward_2026-09-07_2026-10-01,profit_protection,PROFIT_PROTECTION_202610,2026-09-22,1560,中砂,HOLD,持有中，今日未觸發出場/確認條件,,22.422680412371143,84.9,CONTINUE,False,2,16.564417177914102,13.987730061349701,0,CONFIRMED,,
forward_2026-09-07_2026-10-01,profit_protection,PROFIT_PROTECTION_202610,2026-09-22,1710,東聯,WATCH,未持有，今日未觸發進場條件,,,68.8,STOP_OBSERVING,False,1,0.6006006006006093,-1.501501501501501,0,,,
forward_2026-09-07_2026-10-01,profit_protection,PROFIT_PROTECTION_202610,2026-09-22,2254,巨鎧精密-創,WATCH,未持有，今日未觸發進場條件,,,87.8,,True,1,0.0,-3.654080389768577,7,,,
forward_2026-09-07_2026-10-01,profit_protection,PROFIT_PROTECTION_202610,2026-09-22,2303,聯電,WATCH,未持有，今日未觸發進場條件,,,85.5,CAUTION,False,3,8.47457627118644,8.47457627118644,0,,,
forward_2026-09-07_2026-10-01,profit_protection,PROFIT_PROTECTION_202610,2026-09-22,2305,全友,WATCH,未持有，今日未觸發進場條件,,,93.7,CONTINUE,False,1,21.457489878542525,14.979757085020239,0,,,
forward_2026-09-07_2026-10-01,profit_protection,PROFIT_PROTECTION_202610,2026-09-22,2308,台達電,WATCH,未持有，今日未觸發進場條件,,,74.8,CONTINUE,False,1,1.333333333333342,1.333333333333342,0,,,
forward_2026-09-07_2026-10-01,profit_protection,PROFIT_PROTECTION_202610,2026-09-22,2363,矽統,WATCH,未持有，今日未觸發進場條件,,,63.4,CAUTION,False,1,2.203389830508473,-1.6949152542372836,0,,,
forward_2026-09-07_2026-10-01,profit_protection,PROFIT_PROTECTION_202610,2026-09-22,2382,廣達,WATCH,未持有，今日未觸發進場條件,,,60.3,CAUTION,False,1,-0.5813953488372103,-1.1627906976744207,0,,,
forward_2026-09-07_2026-10-01,profit_protection,PROFIT_PROTECTION_202610,2026-09-22,2395,研華,WATCH,未持有，今日未觸發進場條件,,,70.7,CAUTION,False,1,2.478134110787167,2.3323615160349753,0,,,
forward_2026-09-07_2026-10-01,profit_protection,PROFIT_PROTECTION_202610,2026-09-22,2409,友達,HOLD,持有中，今日未觸發出場/確認條件,,0.0,80.9,CONTINUE,True,2,9.8950524737631,1.9490254872563728,7,CONFIRMED,,
forward_2026-09-07_2026-10-01,profit_protection,PROFIT_PROTECTION_202610,2026-09-22,2412,中華電,WATCH,未持有，今日未觸發進場條件,,,74.8,STOP_OBSERVING,False,1,-0.3436426116838476,-1.718213058419249,0,,,
forward_2026-09-07_2026-10-01,profit_protection,PROFIT_PROTECTION_202610,2026-09-22,2419,仲琦,WATCH,未持有，今日未觸發進場條件,,,73.9,STOP_OBSERVING,False,1,-4.567699836867856,-4.567699836867856,0,,,
forward_2026-09-07_2026-10-01,profit_protection,PROFIT_PROTECTION_202610,2026-09-22,2436,偉詮電,WATCH,未持有，今日未觸發進場條件,,,69.4,,True,1,0.0,-2.1126760563380254,6,,,
forward_2026-09-07_2026-10-01,profit_protection,PROFIT_PROTECTION_202610,2026-09-22,2449,京元電子,WATCH,未持有，今日未觸發進場條件,,,72.8,CONTINUE,False,3,19.622641509433958,17.73584905660377,0,,,
forward_2026-09-07_2026-10-01,profit_protection,PROFIT_PROTECTION_202610,2026-09-22,2468,華經,WATCH,未持有，今日未觸發進場條件,,,73.4,CAUTION,False,1,8.323699421965314,5.202312138728327,0,,,
forward_2026-09-07_2026-10-01,profit_protection,PROFIT_PROTECTION_202610,2026-09-22,2481,強茂,WATCH,未持有，今日未觸發進場條件,,,74.5,CAUTION,False,1,1.4836795252225476,0.8902077151335286,0,,,
forward_2026-09-07_2026-10-01,profit_protection,PROFIT_PROTECTION_202610,2026-09-22,2855,統一證,WATCH,未持有，今日未觸發進場條件,,,84.3,CAUTION,False,1,-0.698080279232105,-1.2216404886561838,0,,,
forward_2026-09-07_2026-10-01,profit_protection,PROFIT_PROTECTION_202610,2026-09-22,2883,凱基金,WATCH,未持有，今日未觸發進場條件,,,70.0,STOP_OBSERVING,False,2,-0.8827238335435084,-0.8827238335435084,0,,,
forward_2026-09-07_2026-10-01,profit_protection,PROFIT_PROTECTION_202610,2026-09-22,2887,台新新光金,WATCH,未持有，今日未觸發進場條件,,,58.9,CAUTION,False,1,0.5861664712778492,0.5861664712778492,0,,,
forward_2026-09-07_2026-10-01,profit_protection,PROFIT_PROTECTION_202610,2026-09-22,2890,永豐金,WATCH,未持有，今日未觸發進場條件,,,66.4,CAUTION,False,2,7.710557532621598,7.354685646500592,0,,,
forward_2026-09-07_2026-10-01,profit_protection,PROFIT_PROTECTION_202610,2026-09-22,3016,嘉晶,WATCH,未持有，今日未觸發進場條件,,,75.9,CONTINUE,False,1,9.958506224066399,3.319502074688807,0,,,
forward_2026-09-07_2026-10-01,profit_protection,PROFIT_PROTECTION_202610,2026-09-22,3035,智原,WATCH,未持有，今日未觸發進場條件,,,70.2,CONTINUE,True,2,6.282722513089012,2.3560209424083878,5,,,
forward_2026-09-07_2026-10-01,profit_protection,PROFIT_PROTECTION_202610,2026-09-22,3044,健鼎,WATCH,未持有，今日未觸發進場條件,,,80.2,,True,1,0.0,-1.1131725417439675,7,,,
forward_2026-09-07_2026-10-01,profit_protection,PROFIT_PROTECTION_202610,2026-09-22,3045,台灣大,WATCH,未持有，今日未觸發進場條件,,,55.5,STOP_OBSERVING,False,1,-0.8064516129032251,-1.2096774193548376,0,,,
forward_2026-09-07_2026-10-01,profit_protection,PROFIT_PROTECTION_202610,2026-09-22,3055,蔚華科,WATCH,未持有，今日未觸發進場條件,,,80.4,CONTINUE,True,4,25.914634146341452,15.54878048780488,7,,,
forward_2026-09-07_2026-10-01,profit_protection,PROFIT_PROTECTION_202610,2026-09-22,3094,聯傑,SELL,CONTINUATION_ROTATION,2026-09-23,-7.394366197183078,72.6,CAUTION,False,2,1.740812379110257,1.5473887814313247,0,CONFIRMED,,
forward_2026-09-07_2026-10-01,profit_protection,PROFIT_PROTECTION_202610,2026-09-22,3563,牧德,WATCH,未持有，今日未觸發進場條件,,,68.5,,True,1,0.0,-6.188466947960613,6,,,
forward_2026-09-07_2026-10-01,profit_protection,PROFIT_PROTECTION_202610,2026-09-22,3711,日月光投控,HOLD,持有中，今日未觸發出場/確認條件,,2.8189910979228516,72.6,CONTINUE,False,2,8.281249999999996,7.8125,0,,,
forward_2026-09-07_2026-10-01,profit_protection,PROFIT_PROTECTION_202610,2026-09-22,3717,聯嘉投控,WATCH,未持有，今日未觸發進場條件,,,73.4,CAUTION,False,1,0.5976095617529875,-0.5976095617529986,0,,,
forward_2026-09-07_2026-10-01,profit_protection,PROFIT_PROTECTION_202610,2026-09-22,4961,天鈺,WATCH,未持有，今日未觸發進場條件,,,81.1,STOP_OBSERVING,False,1,1.404494382022481,0.8426966292134797,0,,,
forward_2026-09-07_2026-10-01,profit_protection,PROFIT_PROTECTION_202610,2026-09-22,5876,上海商銀,WATCH,未持有，今日未觸發進場條件,,,70.7,STOP_OBSERVING,False,1,7.343412526997861,5.939524838012966,0,,,
forward_2026-09-07_2026-10-01,profit_protection,PROFIT_PROTECTION_202610,2026-09-22,6168,宏齊,WATCH,未持有，今日未觸發進場條件,,,78.6,CONTINUE,False,2,36.858475894245736,30.94867807153967,0,,,
forward_2026-09-07_2026-10-01,profit_protection,PROFIT_PROTECTION_202610,2026-09-22,6224,聚鼎,WATCH,未持有，今日未觸發進場條件,,,40.6,STOP_OBSERVING,False,1,-7.361268403171007,-8.607021517553793,0,,,
forward_2026-09-07_2026-10-01,profit_protection,PROFIT_PROTECTION_202610,2026-09-22,6226,光鼎,HOLD,持有中，今日未觸發出場/確認條件,,10.77694235588973,86.7,CONTINUE,False,1,21.763085399449047,19.834710743801654,0,CONFIRMED,,
forward_2026-09-07_2026-10-01,profit_protection,PROFIT_PROTECTION_202610,2026-09-22,6257,矽格,WATCH,未持有，今日未觸發進場條件,,,80.8,CAUTION,False,2,11.910112359550551,11.685393258426968,0,,,
forward_2026-09-07_2026-10-01,profit_protection,PROFIT_PROTECTION_202610,2026-09-22,6426,統新,WATCH,未持有，今日未觸發進場條件,,,80.5,STOP_OBSERVING,False,1,7.878787878787885,6.212121212121202,0,,,
forward_2026-09-07_2026-10-01,profit_protection,PROFIT_PROTECTION_202610,2026-09-22,6491,晶碩,WATCH,未持有，今日未觸發進場條件,,,80.0,CAUTION,False,1,-0.7371007371007376,-1.2285012285012331,0,,,
forward_2026-09-07_2026-10-01,profit_protection,PROFIT_PROTECTION_202610,2026-09-22,6505,台塑化,WATCH,未持有，今日未觸發進場條件,,,77.5,CAUTION,False,1,1.1600928074245953,0.11600928074244621,0,,,
forward_2026-09-07_2026-10-01,profit_protection,PROFIT_PROTECTION_202610,2026-09-22,6526,達發,WATCH,未持有，今日未觸發進場條件,,,88.5,CAUTION,True,2,10.56439942112879,6.078147612156304,7,,,
forward_2026-09-07_2026-10-01,profit_protection,PROFIT_PROTECTION_202610,2026-09-22,6668,中揚光,WATCH,未持有，今日未觸發進場條件,,,70.4,STOP_OBSERVING,False,1,10.267857142857139,9.263392857142861,0,,,
forward_2026-09-07_2026-10-01,profit_protection,PROFIT_PROTECTION_202610,2026-09-22,6706,惠特,WATCH,未持有，今日未觸發進場條件,,,75.1,STOP_OBSERVING,False,1,1.3605442176870763,0.6802721088435382,0,,,
forward_2026-09-07_2026-10-01,profit_protection,PROFIT_PROTECTION_202610,2026-09-22,6770,力積電,WATCH,未持有，今日未觸發進場條件,,,57.8,CAUTION,False,1,-2.972972972972976,-2.972972972972976,0,,,
forward_2026-09-07_2026-10-01,profit_protection,PROFIT_PROTECTION_202610,2026-09-22,6805,富世達,WATCH,未持有，今日未觸發進場條件,,,84.8,CONTINUE,False,1,3.5196687370600444,2.2774327122153215,0,,,
forward_2026-09-07_2026-10-01,profit_protection,PROFIT_PROTECTION_202610,2026-09-22,6902,GOGOLOOK-創,BUY,CONTINUATION_BREAKOUT_SURGE,2026-09-23,,83.6,,True,1,0.0,-4.71976401179941,7,D1_STARTER,1,
forward_2026-09-07_2026-10-01,profit_protection,PROFIT_PROTECTION_202610,2026-09-22,6933,AMAX-KY,HOLD,持有中，今日未觸發出場/確認條件,,-7.81476121562954,81.9,CAUTION,False,2,1.2718600953895098,0.7949125596184325,0,CONFIRMED,,
forward_2026-09-07_2026-10-01,profit_protection,PROFIT_PROTECTION_202610,2026-09-22,6937,天虹,WATCH,未持有，今日未觸發進場條件,,,78.5,CAUTION,False,1,0.33277870216306127,-0.8319467554076532,0,,,
forward_2026-09-07_2026-10-01,profit_protection,PROFIT_PROTECTION_202610,2026-09-22,6957,裕慶-KY,WATCH,未持有，今日未觸發進場條件,,,87.6,,True,1,0.0,-3.63036303630363,7,,,
forward_2026-09-07_2026-10-01,profit_protection,PROFIT_PROTECTION_202610,2026-09-22,7711,永擎,WATCH,未持有，今日未觸發進場條件,,,65.1,STOP_OBSERVING,False,1,-4.9557522123893865,-5.486725663716818,0,,,
forward_2026-09-07_2026-10-01,profit_protection,PROFIT_PROTECTION_202610,2026-09-22,7765,中華資安,WATCH,未持有，今日未觸發進場條件,,,74.9,CAUTION,False,1,0.4166666666666652,-1.041666666666663,0,,,
forward_2026-09-07_2026-10-01,profit_protection,PROFIT_PROTECTION_202610,2026-09-22,7799,禾榮科,WATCH,未持有，今日未觸發進場條件,,,78.9,STOP_OBSERVING,False,1,0.7936507936507908,-0.1984126984126977,0,,,
forward_2026-09-07_2026-10-01,profit_protection,PROFIT_PROTECTION_202610,2026-09-22,8150,南茂,WATCH,未持有，今日未觸發進場條件,,,68.9,CONTINUE,False,1,2.4271844660194164,-3.398058252427183,0,,,
forward_2026-09-07_2026-10-01,profit_protection,PROFIT_PROTECTION_202610,2026-09-23,1101,台泥,WATCH,未持有，今日未觸發進場條件,,,79.4,,True,1,0.0,-3.898635477582846,5,,,
forward_2026-09-07_2026-10-01,profit_protection,PROFIT_PROTECTION_202610,2026-09-23,1560,中砂,HOLD,持有中，今日未觸發出場/確認條件,,23.06701030927838,82.4,CAUTION,False,2,17.177914110429437,16.196319018404903,0,CONFIRMED,,
forward_2026-09-07_2026-10-01,profit_protection,PROFIT_PROTECTION_202610,2026-09-23,2254,巨鎧精密-創,WATCH,未持有，今日未觸發進場條件,,,82.1,CAUTION,False,1,5.4811205846528654,0.0,0,,,
forward_2026-09-07_2026-10-01,profit_protection,PROFIT_PROTECTION_202610,2026-09-23,2303,聯電,WATCH,未持有，今日未觸發進場條件,,,83.1,CAUTION,True,4,8.47457627118644,7.118644067796609,7,,,
forward_2026-09-07_2026-10-01,profit_protection,PROFIT_PROTECTION_202610,2026-09-23,2305,全友,WATCH,未持有，今日未觸發進場條件,,,88.0,CAUTION,False,1,28.744939271255078,22.267206477732792,0,,,
forward_2026-09-07_2026-10-01,profit_protection,PROFIT_PROTECTION_202610,2026-09-23,2308,台達電,WATCH,未持有，今日未觸發進場條件,,,76.5,CAUTION,False,1,1.333333333333342,0.8000000000000007,0,,,
forward_2026-09-07_2026-10-01,profit_protection,PROFIT_PROTECTION_202610,2026-09-23,2363,矽統,WATCH,未持有，今日未觸發進場條件,,,73.9,STOP_OBSERVING,False,1,0.3389830508474523,-0.6779661016949157,0,,,
forward_2026-09-07_2026-10-01,profit_protection,PROFIT_PROTECTION_202610,2026-09-23,2382,廣達,WATCH,未持有，今日未觸發進場條件,,,57.4,STOP_OBSERVING,False,1,-0.7267441860465129,-1.1627906976744207,0,,,
forward_2026-09-07_2026-10-01,profit_protection,PROFIT_PROTECTION_202610,2026-09-23,2395,研華,WATCH,未持有，今日未觸發進場條件,,,67.2,CAUTION,False,1,2.186588921282806,1.3119533527696792,0,,,
forward_2026-09-07_2026-10-01,profit_protection,PROFIT_PROTECTION_202610,2026-09-23,2404,漢唐,WATCH,未持有，今日未觸發進場條件,,,81.5,,True,1,0.0,-8.799999999999997,7,,,
forward_2026-09-07_2026-10-01,profit_protection,PROFIT_PROTECTION_202610,2026-09-23,2409,友達,HOLD,持有中，今日未觸發出場/確認條件,,-5.320600272851284,67.0,CAUTION,False,2,4.047976011994003,0.14992503748125774,0,CONFIRMED,,
forward_2026-09-07_2026-10-01,profit_protection,PROFIT_PROTECTION_202610,2026-09-23,2436,偉詮電,WATCH,未持有，今日未觸發進場條件,,,71.0,STOP_OBSERVING,False,1,-1.9718309859155014,-2.1126760563380254,0,,,
forward_2026-09-07_2026-10-01,profit_protection,PROFIT_PROTECTION_202610,2026-09-23,2449,京元電子,WATCH,未持有，今日未觸發進場條件,,,80.2,CAUTION,False,3,14.716981132075468,14.150943396226424,0,,,
forward_2026-09-07_2026-10-01,profit_protection,PROFIT_PROTECTION_202610,2026-09-23,2468,華經,WATCH,未持有，今日未觸發進場條件,,,77.1,CAUTION,False,1,5.086705202312136,3.5838150289017268,0,,,
forward_2026-09-07_2026-10-01,profit_protection,PROFIT_PROTECTION_202610,2026-09-23,2481,強茂,WATCH,未持有，今日未觸發進場條件,,,66.5,CAUTION,False,1,2.6706231454005858,2.0771513353115667,0,,,
forward_2026-09-07_2026-10-01,profit_protection,PROFIT_PROTECTION_202610,2026-09-23,2855,統一證,WATCH,未持有，今日未觸發進場條件,,,83.7,CAUTION,False,1,0.6980802792321272,-0.698080279232105,0,,,
forward_2026-09-07_2026-10-01,profit_protection,PROFIT_PROTECTION_202610,2026-09-23,2887,台新新光金,WATCH,未持有，今日未觸發進場條件,,,61.2,STOP_OBSERVING,False,1,0.703399765533419,-0.7033997655334079,0,,,
forward_2026-09-07_2026-10-01,profit_protection,PROFIT_PROTECTION_202610,2026-09-23,2890,永豐金,WATCH,未持有，今日未觸發進場條件,,,60.2,STOP_OBSERVING,False,2,6.880189798339265,5.9311981020166105,0,,,
forward_2026-09-07_2026-10-01,profit_protection,PROFIT_PROTECTION_202610,2026-09-23,3016,嘉晶,WATCH,未持有，今日未觸發進場條件,,,79.8,CONTINUE,True,2,20.746887966804973,17.427385892116188,6,,,
forward_2026-09-07_2026-10-01,profit_protection,PROFIT_PROTECTION_202610,2026-09-23,3035,智原,WATCH,未持有，今日未觸發進場條件,,,73.0,CAUTION,True,3,6.806282722513091,5.235602094240832,5,,,
forward_2026-09-07_2026-10-01,profit_protection,PROFIT_PROTECTION_202610,2026-09-23,3044,健鼎,WATCH,未持有，今日未觸發進場條件,,,75.9,CAUTION,False,1,0.7421150278293043,-2.5974025974025983,0,,,
forward_2026-09-07_2026-10-01,profit_protection,PROFIT_PROTECTION_202610,2026-09-23,3055,蔚華科,WATCH,未持有，今日未觸發進場條件,,,74.3,CAUTION,False,4,24.085365853658548,22.25609756097562,0,,,
forward_2026-09-07_2026-10-01,profit_protection,PROFIT_PROTECTION_202610,2026-09-23,3094,聯傑,WATCH,未持有，今日未觸發進場條件,,,69.6,CAUTION,False,2,5.0290135396518165,-0.19342359767892114,0,,,
forward_2026-09-07_2026-10-01,profit_protection,PROFIT_PROTECTION_202610,2026-09-23,3563,牧德,WATCH,未持有，今日未觸發進場條件,,,66.5,CAUTION,False,1,5.907172995780585,0.5625879043600568,0,,,
forward_2026-09-07_2026-10-01,profit_protection,PROFIT_PROTECTION_202610,2026-09-23,3711,日月光投控,HOLD,持有中，今日未觸發出場/確認條件,,2.8189910979228516,77.0,CAUTION,False,2,8.281249999999996,7.656250000000009,0,,,
forward_2026-09-07_2026-10-01,profit_protection,PROFIT_PROTECTION_202610,2026-09-23,3717,聯嘉投控,WATCH,未持有，今日未觸發進場條件,,,64.8,CAUTION,False,1,3.784860557768921,0.9960159362549792,0,,,
forward_2026-09-07_2026-10-01,profit_protection,PROFIT_PROTECTION_202610,2026-09-23,4770,上品,SKIPPED_PORTFOLIO_CAPACITY,符合 CONTINUATION_BREAKOUT_SURGE 但同時持股名額已滿,,,82.4,,True,1,0.0,-6.727272727272727,7,,1,
forward_2026-09-07_2026-10-01,profit_protection,PROFIT_PROTECTION_202610,2026-09-23,6168,宏齊,WATCH,未持有，今日未觸發進場條件,,,79.7,CAUTION,False,2,28.14930015552102,25.038880248833607,0,,,
forward_2026-09-07_2026-10-01,profit_protection,PROFIT_PROTECTION_202610,2026-09-23,6196,帆宣,WATCH,未持有，今日未觸發進場條件,,,76.8,,True,1,0.0,-2.732240437158473,7,,,
forward_2026-09-07_2026-10-01,profit_protection,PROFIT_PROTECTION_202610,2026-09-23,6226,光鼎,HOLD,持有中，今日未觸發出場/確認條件,,7.017543859649145,82.3,STOP_OBSERVING,False,1,17.63085399449038,16.528925619834723,0,CONFIRMED,,
forward_2026-09-07_2026-10-01,profit_protection,PROFIT_PROTECTION_202610,2026-09-23,6257,矽格,WATCH,未持有，今日未觸發進場條件,,,90.0,CAUTION,True,3,11.011235955056176,6.966292134831464,7,,,
forward_2026-09-07_2026-10-01,profit_protection,PROFIT_PROTECTION_202610,2026-09-23,6491,晶碩,WATCH,未持有，今日未觸發進場條件,,,81.2,CAUTION,False,1,0.12285012285011554,-1.7199017199017175,0,,,
forward_2026-09-07_2026-10-01,profit_protection,PROFIT_PROTECTION_202610,2026-09-23,6505,台塑化,WATCH,未持有，今日未觸發進場條件,,,80.6,CAUTION,False,1,1.2761020881670415,0.34802784222738303,0,,,
forward_2026-09-07_2026-10-01,profit_protection,PROFIT_PROTECTION_202610,2026-09-23,6526,達發,WATCH,未持有，今日未觸發進場條件,,,89.6,CAUTION,True,3,21.5629522431259,10.130246020260492,7,,,
forward_2026-09-07_2026-10-01,profit_protection,PROFIT_PROTECTION_202610,2026-09-23,6770,力積電,WATCH,未持有，今日未觸發進場條件,,,65.8,CAUTION,False,1,-1.216216216216226,-2.837837837837831,0,,,
forward_2026-09-07_2026-10-01,profit_protection,PROFIT_PROTECTION_202610,2026-09-23,6805,富世達,WATCH,未持有，今日未觸發進場條件,,,86.4,CONTINUE,True,2,7.660455486542439,2.4844720496894457,7,,,
forward_2026-09-07_2026-10-01,profit_protection,PROFIT_PROTECTION_202610,2026-09-23,6902,GOGOLOOK-創,HOLD,持有中，今日未觸發出場/確認條件,,-4.532577903682721,73.8,CONTINUE,False,1,-0.5899705014749235,-1.179941002949858,0,CONFIRMED,,
forward_2026-09-07_2026-10-01,profit_protection,PROFIT_PROTECTION_202610,2026-09-23,6933,AMAX-KY,HOLD,持有中，今日未觸發出場/確認條件,,1.3024602026048937,87.4,CAUTION,False,2,11.287758346581867,1.748807631160565,0,CONFIRMED,,
forward_2026-09-07_2026-10-01,profit_protection,PROFIT_PROTECTION_202610,2026-09-23,6937,天虹,WATCH,未持有，今日未觸發進場條件,,,77.8,STOP_OBSERVING,False,1,-0.16638935108153063,-0.9983361064891838,0,,,
forward_2026-09-07_2026-10-01,profit_protection,PROFIT_PROTECTION_202610,2026-09-23,6957,裕慶-KY,WATCH,未持有，今日未觸發進場條件,,,78.5,CAUTION,False,1,-2.4752475247524774,-2.640264026402639,0,,,
forward_2026-09-07_2026-10-01,profit_protection,PROFIT_PROTECTION_202610,2026-09-23,7765,中華資安,WATCH,未持有，今日未觸發進場條件,,,79.4,CAUTION,False,1,1.2499999999999956,0.0,0,,,
forward_2026-09-07_2026-10-01,profit_protection,PROFIT_PROTECTION_202610,2026-09-23,7799,禾榮科,WATCH,未持有，今日未觸發進場條件,,,83.4,,True,1,0.0,-4.331450094161959,7,,,
forward_2026-09-07_2026-10-01,profit_protection,PROFIT_PROTECTION_202610,2026-09-23,8150,南茂,WATCH,未持有，今日未觸發進場條件,,,69.1,CONTINUE,False,1,3.8834951456310662,1.9417475728155331,0,,,
forward_2026-09-07_2026-10-01,profit_protection,PROFIT_PROTECTION_202610,2026-09-24,1101,台泥,WATCH,未持有，今日未觸發進場條件,,,78.1,CAUTION,False,1,-1.5594541910331383,-2.1442495126705596,0,,,
forward_2026-09-07_2026-10-01,profit_protection,PROFIT_PROTECTION_202610,2026-09-24,1560,中砂,HOLD,持有中，今日未觸發出場/確認條件,,25.128865979381466,94.3,CAUTION,True,3,19.141104294478527,15.95092024539877,7,CONFIRMED,,
forward_2026-09-07_2026-10-01,profit_protection,PROFIT_PROTECTION_202610,2026-09-24,2034,允強,WATCH,未持有，今日未觸發進場條件,,,84.8,,True,1,0.0,-3.7280701754386025,6,,,
forward_2026-09-07_2026-10-01,profit_protection,PROFIT_PROTECTION_202610,2026-09-24,2254,巨鎧精密-創,WATCH,未持有，今日未觸發進場條件,,,81.8,CAUTION,False,1,8.160779537149821,4.9939098660170655,0,,,
forward_2026-09-07_2026-10-01,profit_protection,PROFIT_PROTECTION_202610,2026-09-24,2303,聯電,WATCH,未持有，今日未觸發進場條件,,,71.8,CAUTION,False,4,4.406779661016946,3.050847457627115,0,,,
forward_2026-09-07_2026-10-01,profit_protection,PROFIT_PROTECTION_202610,2026-09-24,2305,全友,WATCH,未持有，今日未觸發進場條件,,,86.2,CAUTION,False,1,27.327935222672075,26.315789473684205,0,,,
forward_2026-09-07_2026-10-01,profit_protection,PROFIT_PROTECTION_202610,2026-09-24,2308,台達電,WATCH,未持有，今日未觸發進場條件,,,77.2,CAUTION,False,1,1.866666666666661,0.0,0,,,
forward_2026-09-07_2026-10-01,profit_protection,PROFIT_PROTECTION_202610,2026-09-24,2360,致茂,BUY,CONTINUATION_EARLY_REACCEL,2026-09-29,,84.0,,True,1,0.0,-1.089324618736387,6,D1_STARTER,1,
forward_2026-09-07_2026-10-01,profit_protection,PROFIT_PROTECTION_202610,2026-09-24,2395,研華,WATCH,未持有，今日未觸發進場條件,,,80.0,CAUTION,False,1,5.247813411078717,2.3323615160349753,0,,,
forward_2026-09-07_2026-10-01,profit_protection,PROFIT_PROTECTION_202610,2026-09-24,2404,漢唐,WATCH,未持有，今日未觸發進場條件,,,82.2,CONTINUE,True,2,2.8000000000000025,-3.600000000000003,7,,,
forward_2026-09-07_2026-10-01,profit_protection,PROFIT_PROTECTION_202610,2026-09-24,2409,友達,SELL,CONTINUATION_ROTATION,2026-09-29,-6.6848567530695675,75.9,STOP_OBSERVING,False,2,2.5487256371814038,1.199400299850062,0,CONFIRMED,,
forward_2026-09-07_2026-10-01,profit_protection,PROFIT_PROTECTION_202610,2026-09-24,2449,京元電子,WATCH,未持有，今日未觸發進場條件,,,77.9,CAUTION,False,3,17.35849056603773,13.396226415094347,0,,,
forward_2026-09-07_2026-10-01,profit_protection,PROFIT_PROTECTION_202610,2026-09-24,2468,華經,WATCH,未持有，今日未觸發進場條件,,,,,False,1,6.936416184971095,5.895953757225425,0,,,
forward_2026-09-07_2026-10-01,profit_protection,PROFIT_PROTECTION_202610,2026-09-24,2481,強茂,WATCH,未持有，今日未觸發進場條件,,,65.0,CAUTION,False,1,3.5608308605341144,2.0771513353115667,0,,,
forward_2026-09-07_2026-10-01,profit_protection,PROFIT_PROTECTION_202610,2026-09-24,2855,統一證,WATCH,未持有，今日未觸發進場條件,,,83.6,CAUTION,False,1,0.8726003490401313,-1.3961605584642212,0,,,
forward_2026-09-07_2026-10-01,profit_protection,PROFIT_PROTECTION_202610,2026-09-24,3016,嘉晶,WATCH,未持有，今日未觸發進場條件,,,81.8,CONTINUE,True,3,32.780082987551864,21.99170124481329,6,,,
forward_2026-09-07_2026-10-01,profit_protection,PROFIT_PROTECTION_202610,2026-09-24,3035,智原,WATCH,未持有，今日未觸發進場條件,,,74.4,CAUTION,False,3,8.115183246073299,4.450261780104703,0,,,
forward_2026-09-07_2026-10-01,profit_protection,PROFIT_PROTECTION_202610,2026-09-24,3044,健鼎,WATCH,未持有，今日未觸發進場條件,,,67.5,CAUTION,False,1,-0.18552875695733162,-1.1131725417439675,0,,,
forward_2026-09-07_2026-10-01,profit_protection,PROFIT_PROTECTION_202610,2026-09-24,3055,蔚華科,WATCH,未持有，今日未觸發進場條件,,,79.5,CAUTION,False,4,21.34146341463414,19.20731707317074,0,,,
forward_2026-09-07_2026-10-01,profit_protection,PROFIT_PROTECTION_202610,2026-09-24,3094,聯傑,WATCH,未持有，今日未觸發進場條件,,,66.2,CAUTION,False,2,5.0290135396518165,3.4816247582204918,0,,,
forward_2026-09-07_2026-10-01,profit_protection,PROFIT_PROTECTION_202610,2026-09-24,3563,牧德,WATCH,未持有，今日未觸發進場條件,,,63.9,CAUTION,False,1,8.157524613220811,3.9381153305203975,0,,,
forward_2026-09-07_2026-10-01,profit_protection,PROFIT_PROTECTION_202610,2026-09-24,3711,日月光投控,HOLD,持有中，今日未觸發出場/確認條件,,3.70919881305638,70.6,CAUTION,False,2,9.218750000000009,6.25,0,,,
forward_2026-09-07_2026-10-01,profit_protection,PROFIT_PROTECTION_202610,2026-09-24,3717,聯嘉投控,WATCH,未持有，今日未觸發進場條件,,,58.9,CAUTION,False,1,0.9960159362549792,-2.390438247011961,0,,,
forward_2026-09-07_2026-10-01,profit_protection,PROFIT_PROTECTION_202610,2026-09-24,4770,上品,WATCH,未持有，今日未觸發進場條件,,,83.2,CONTINUE,False,1,2.3636363636363678,-1.0909090909090868,0,,,
forward_2026-09-07_2026-10-01,profit_protection,PROFIT_PROTECTION_202610,2026-09-24,6166,凌華,WATCH,未持有，今日未觸發進場條件,,,84.1,,True,1,0.0,-5.303030303030298,6,,,
forward_2026-09-07_2026-10-01,profit_protection,PROFIT_PROTECTION_202610,2026-09-24,6168,宏齊,WATCH,未持有，今日未觸發進場條件,,,87.3,CONTINUE,True,3,36.858475894245736,27.83825816485226,7,,,
forward_2026-09-07_2026-10-01,profit_protection,PROFIT_PROTECTION_202610,2026-09-24,6196,帆宣,WATCH,未持有，今日未觸發進場條件,,,82.0,CONTINUE,True,2,2.914389799635697,-1.4571948998178486,7,,,
forward_2026-09-07_2026-10-01,profit_protection,PROFIT_PROTECTION_202610,2026-09-24,6226,光鼎,HOLD,持有中，今日未觸發出場/確認條件,,10.275689223057638,,,False,1,21.212121212121215,16.528925619834723,0,CONFIRMED,,
forward_2026-09-07_2026-10-01,profit_protection,PROFIT_PROTECTION_202610,2026-09-24,6257,矽格,WATCH,未持有，今日未觸發進場條件,,,79.3,CAUTION,False,3,9.213483146067425,6.292134831460672,0,,,
forward_2026-09-07_2026-10-01,profit_protection,PROFIT_PROTECTION_202610,2026-09-24,6491,晶碩,WATCH,未持有，今日未觸發進場條件,,,79.0,CAUTION,False,1,-1.2285012285012331,-1.2285012285012331,0,,,
forward_2026-09-07_2026-10-01,profit_protection,PROFIT_PROTECTION_202610,2026-09-24,6505,台塑化,WATCH,未持有，今日未觸發進場條件,,,79.1,CAUTION,False,1,1.1600928074245953,0.9280742459396807,0,,,
forward_2026-09-07_2026-10-01,profit_protection,PROFIT_PROTECTION_202610,2026-09-24,6526,達發,WATCH,未持有，今日未觸發進場條件,,,89.8,CONTINUE,False,3,21.5629522431259,18.37916063675833,0,,,
forward_2026-09-07_2026-10-01,profit_protection,PROFIT_PROTECTION_202610,2026-09-24,6672,騰輝電子-KY,WATCH,未持有，今日未觸發進場條件,,,91.0,,True,1,0.0,-6.666666666666665,7,,,
forward_2026-09-07_2026-10-01,profit_protection,PROFIT_PROTECTION_202610,2026-09-24,6770,力積電,WATCH,未持有，今日未觸發進場條件,,,61.4,STOP_OBSERVING,False,1,-2.7027027027026973,-4.729729729729726,0,,,
forward_2026-09-07_2026-10-01,profit_protection,PROFIT_PROTECTION_202610,2026-09-24,6805,富世達,WATCH,未持有，今日未觸發進場條件,,,86.7,STOP_OBSERVING,False,2,4.761904761904767,3.7267080745341685,0,,,
forward_2026-09-07_2026-10-01,profit_protection,PROFIT_PROTECTION_202610,2026-09-24,6902,GOGOLOOK-創,HOLD,持有中，今日未觸發出場/確認條件,,0.0,82.6,CAUTION,False,1,4.129793510324475,-1.179941002949858,0,CONFIRMED,,
forward_2026-09-07_2026-10-01,profit_protection,PROFIT_PROTECTION_202610,2026-09-24,6933,AMAX-KY,HOLD,持有中，今日未觸發出場/確認條件,,11.432706222865384,81.0,CAUTION,False,2,22.416534181240056,12.877583465818754,0,CONFIRMED,,
forward_2026-09-07_2026-10-01,profit_protection,PROFIT_PROTECTION_202610,2026-09-24,6957,裕慶-KY,WATCH,未持有，今日未觸發進場條件,,,88.2,CONTINUE,False,1,1.320132013201314,-5.280528052805278,0,,,
forward_2026-09-07_2026-10-01,profit_protection,PROFIT_PROTECTION_202610,2026-09-24,7765,中華資安,WATCH,未持有，今日未觸發進場條件,,,76.5,CAUTION,False,1,0.4166666666666652,-0.6249999999999978,0,,,
forward_2026-09-07_2026-10-01,profit_protection,PROFIT_PROTECTION_202610,2026-09-24,7799,禾榮科,PULLBACK_WATCH,符合 PULLBACK_WATCH 條件（尚未回穩確認，不進場）,,,65.3,CAUTION,False,1,-6.214689265536721,-9.6045197740113,0,,,
forward_2026-09-07_2026-10-01,profit_protection,PROFIT_PROTECTION_202610,2026-09-24,8150,南茂,WATCH,未持有，今日未觸發進場條件,,,86.0,CONTINUE,True,2,8.737864077669899,1.9417475728155331,6,,,
forward_2026-09-07_2026-10-01,profit_protection,PROFIT_PROTECTION_202610,2026-09-29,1101,台泥,WATCH,未持有，今日未觸發進場條件,,,71.0,STOP_OBSERVING,False,1,-1.3645224171539905,-2.3391812865496964,0,,,
forward_2026-09-07_2026-10-01,profit_protection,PROFIT_PROTECTION_202610,2026-09-29,1560,中砂,HOLD,持有中，今日未觸發出場/確認條件,,23.19587628865982,93.7,CAUTION,True,4,17.300613496932506,17.177914110429437,7,CONFIRMED,,
forward_2026-09-07_2026-10-01,profit_protection,PROFIT_PROTECTION_202610,2026-09-29,1709,和益,WATCH,未持有，今日未觸發進場條件,,,80.9,,True,1,0.0,-1.8181818181818077,4,,,
forward_2026-09-07_2026-10-01,profit_protection,PROFIT_PROTECTION_202610,2026-09-29,2034,允強,WATCH,未持有，今日未觸發進場條件,,,72.4,CAUTION,False,1,2.631578947368407,0.21929824561404132,0,,,
forward_2026-09-07_2026-10-01,profit_protection,PROFIT_PROTECTION_202610,2026-09-29,2254,巨鎧精密-創,WATCH,未持有，今日未觸發進場條件,,,88.9,CONTINUE,False,1,11.814859926918398,8.647990255785643,0,,,
forward_2026-09-07_2026-10-01,profit_protection,PROFIT_PROTECTION_202610,2026-09-29,2303,聯電,WATCH,未持有，今日未觸發進場條件,,,65.6,STOP_OBSERVING,False,4,4.067796610169494,2.7118644067796627,0,,,
forward_2026-09-07_2026-10-01,profit_protection,PROFIT_PROTECTION_202610,2026-09-29,2305,全友,WATCH,未持有，今日未觸發進場條件,,,82.8,CAUTION,False,1,39.87854251012144,23.684210526315795,0,,,
forward_2026-09-07_2026-10-01,profit_protection,PROFIT_PROTECTION_202610,2026-09-29,2308,台達電,WATCH,未持有，今日未觸發進場條件,,,61.2,STOP_OBSERVING,False,1,-2.1333333333333315,-3.4666666666666623,0,,,
forward_2026-09-07_2026-10-01,profit_protection,PROFIT_PROTECTION_202610,2026-09-29,2340,台亞,WATCH,未持有，今日未觸發進場條件,,,84.2,,True,1,0.0,-9.473684210526322,6,,,
forward_2026-09-07_2026-10-01,profit_protection,PROFIT_PROTECTION_202610,2026-09-29,2360,致茂,HOLD,持有中，今日未觸發出場/確認條件,,-6.0215053763440824,75.4,STOP_OBSERVING,False,1,-4.793028322440085,-5.882352941176472,0,CONFIRMED,,
forward_2026-09-07_2026-10-01,profit_protection,PROFIT_PROTECTION_202610,2026-09-29,2395,研華,WATCH,未持有，今日未觸發進場條件,,,81.4,CAUTION,False,1,6.413994169096204,3.790087463556846,0,,,
forward_2026-09-07_2026-10-01,profit_protection,PROFIT_PROTECTION_202610,2026-09-29,2404,漢唐,WATCH,未持有，今日未觸發進場條件,,,76.3,CAUTION,False,2,-2.400000000000002,-5.600000000000005,0,,,
forward_2026-09-07_2026-10-01,profit_protection,PROFIT_PROTECTION_202610,2026-09-29,2449,京元電子,WATCH,未持有，今日未觸發進場條件,,,65.7,CAUTION,False,3,11.132075471698123,10.566037735849054,0,,,
forward_2026-09-07_2026-10-01,profit_protection,PROFIT_PROTECTION_202610,2026-09-29,2481,強茂,WATCH,未持有，今日未觸發進場條件,,,59.9,CAUTION,False,1,4.154302670623156,2.0771513353115667,0,,,
forward_2026-09-07_2026-10-01,profit_protection,PROFIT_PROTECTION_202610,2026-09-29,2855,統一證,WATCH,未持有，今日未觸發進場條件,,,74.0,STOP_OBSERVING,False,1,-3.141361256544495,-4.013961605584637,0,,,
forward_2026-09-07_2026-10-01,profit_protection,PROFIT_PROTECTION_202610,2026-09-29,3016,嘉晶,WATCH,未持有，今日未觸發進場條件,,,81.4,CONTINUE,False,3,43.15352697095436,34.02489626556016,0,,,
forward_2026-09-07_2026-10-01,profit_protection,PROFIT_PROTECTION_202610,2026-09-29,3035,智原,WATCH,未持有，今日未觸發進場條件,,,76.2,CAUTION,True,4,9.947643979057585,7.068062827225141,5,,,
forward_2026-09-07_2026-10-01,profit_protection,PROFIT_PROTECTION_202610,2026-09-29,3044,健鼎,WATCH,未持有，今日未觸發進場條件,,,57.7,CAUTION,False,1,-3.3395176252319136,-3.525046382189234,0,,,
forward_2026-09-07_2026-10-01,profit_protection,PROFIT_PROTECTION_202610,2026-09-29,3055,蔚華科,WATCH,未持有，今日未觸發進場條件,,,84.9,CAUTION,True,5,24.085365853658548,16.768292682926834,7,,,
forward_2026-09-07_2026-10-01,profit_protection,PROFIT_PROTECTION_202610,2026-09-29,3094,聯傑,WATCH,未持有，今日未觸發進場條件,,,72.0,CAUTION,False,2,15.473887814313336,1.934235976789167,0,,,
forward_2026-09-07_2026-10-01,profit_protection,PROFIT_PROTECTION_202610,2026-09-29,3189,景碩,WATCH,未持有，今日未觸發進場條件,,,78.3,CONTINUE,True,1,0.0,-1.675392670157072,6,,,
forward_2026-09-07_2026-10-01,profit_protection,PROFIT_PROTECTION_202610,2026-09-29,3563,牧德,WATCH,未持有，今日未觸發進場條件,,,68.3,CAUTION,False,1,11.673699015471172,8.72011251758087,0,,,
forward_2026-09-07_2026-10-01,profit_protection,PROFIT_PROTECTION_202610,2026-09-29,3591,艾笛森,WATCH,未持有，今日未觸發進場條件,,,72.7,,True,1,0.0,-7.765151515151503,6,,,
forward_2026-09-07_2026-10-01,profit_protection,PROFIT_PROTECTION_202610,2026-09-29,3711,日月光投控,HOLD,持有中，今日未觸發出場/確認條件,,1.928783382789323,61.8,CAUTION,False,2,7.343750000000004,5.937499999999996,0,,,
forward_2026-09-07_2026-10-01,profit_protection,PROFIT_PROTECTION_202610,2026-09-29,3717,聯嘉投控,WATCH,未持有，今日未觸發進場條件,,,76.4,CAUTION,False,1,10.956175298804771,2.9880478087649376,0,,,
forward_2026-09-07_2026-10-01,profit_protection,PROFIT_PROTECTION_202610,2026-09-29,4576,大銀微系統,WATCH,未持有，今日未觸發進場條件,,,74.4,,True,1,0.0,-6.846473029045641,6,,,
forward_2026-09-07_2026-10-01,profit_protection,PROFIT_PROTECTION_202610,2026-09-29,4770,上品,WATCH,未持有，今日未觸發進場條件,,,77.5,CAUTION,False,1,4.181818181818175,0.727272727272732,0,,,
forward_2026-09-07_2026-10-01,profit_protection,PROFIT_PROTECTION_202610,2026-09-29,6133,金橋,WATCH,未持有，今日未觸發進場條件,,,80.5,,True,1,0.0,-9.122807017543867,7,,,
forward_2026-09-07_2026-10-01,profit_protection,PROFIT_PROTECTION_202610,2026-09-29,6166,凌華,WATCH,未持有，今日未觸發進場條件,,,87.5,CONTINUE,False,1,2.2727272727272707,-1.5151515151515138,0,,,
forward_2026-09-07_2026-10-01,profit_protection,PROFIT_PROTECTION_202610,2026-09-29,6168,宏齊,WATCH,未持有，今日未觸發進場條件,,,92.3,CONTINUE,False,3,40.59097978227062,37.791601866251945,0,,,
forward_2026-09-07_2026-10-01,profit_protection,PROFIT_PROTECTION_202610,2026-09-29,6196,帆宣,WATCH,未持有，今日未觸發進場條件,,,71.6,CAUTION,False,2,-0.910746812386154,-2.1857923497267784,0,,,
forward_2026-09-07_2026-10-01,profit_protection,PROFIT_PROTECTION_202610,2026-09-29,6213,聯茂,WATCH,未持有，今日未觸發進場條件,,,80.7,CONTINUE,True,1,0.0,-5.161290322580648,7,,,
forward_2026-09-07_2026-10-01,profit_protection,PROFIT_PROTECTION_202610,2026-09-29,6226,光鼎,HOLD,持有中，今日未觸發出場/確認條件,,14.160401002506262,65.8,CAUTION,False,1,25.482093663911854,19.696969696969724,0,CONFIRMED,,
forward_2026-09-07_2026-10-01,profit_protection,PROFIT_PROTECTION_202610,2026-09-29,6257,矽格,WATCH,未持有，今日未觸發進場條件,,,64.4,CAUTION,False,3,6.292134831460672,5.617977528089879,0,,,
forward_2026-09-07_2026-10-01,profit_protection,PROFIT_PROTECTION_202610,2026-09-29,6438,迅得,WATCH,未持有，今日未觸發進場條件,,,79.4,,True,1,0.0,-3.703703703703709,6,,,
forward_2026-09-07_2026-10-01,profit_protection,PROFIT_PROTECTION_202610,2026-09-29,6456,GIS-KY,WATCH,未持有，今日未觸發進場條件,,,75.9,CONTINUE,True,1,0.0,-5.928411633109631,6,,,
forward_2026-09-07_2026-10-01,profit_protection,PROFIT_PROTECTION_202610,2026-09-29,6491,晶碩,WATCH,未持有，今日未觸發進場條件,,,80.9,CAUTION,False,1,-0.24570024570024218,-1.8427518427518441,0,,,
forward_2026-09-07_2026-10-01,profit_protection,PROFIT_PROTECTION_202610,2026-09-29,6505,台塑化,WATCH,未持有，今日未觸發進場條件,,,88.4,CAUTION,False,1,9.396751740139209,4.292343387470998,0,,,
forward_2026-09-07_2026-10-01,profit_protection,PROFIT_PROTECTION_202610,2026-09-29,6526,達發,WATCH,未持有，今日未觸發進場條件,,,94.4,CONTINUE,True,4,17.80028943560057,15.774240231548475,7,,,
forward_2026-09-07_2026-10-01,profit_protection,PROFIT_PROTECTION_202610,2026-09-29,6533,晶心科,WATCH,未持有，今日未觸發進場條件,,,75.5,,True,1,0.0,-11.696869851729819,6,,,
forward_2026-09-07_2026-10-01,profit_protection,PROFIT_PROTECTION_202610,2026-09-29,6672,騰輝電子-KY,WATCH,未持有，今日未觸發進場條件,,,89.5,CAUTION,False,1,-0.592592592592589,-4.8888888888888875,0,,,
forward_2026-09-07_2026-10-01,profit_protection,PROFIT_PROTECTION_202610,2026-09-29,6902,GOGOLOOK-創,HOLD,持有中，今日未觸發出場/確認條件,,-7.932011331444755,73.3,STOP_OBSERVING,False,1,-4.129793510324486,-4.424778761061942,0,CONFIRMED,,
forward_2026-09-07_2026-10-01,profit_protection,PROFIT_PROTECTION_202610,2026-09-29,6933,AMAX-KY,HOLD,持有中，今日未觸發出場/確認條件,,9.406657018813291,68.0,CAUTION,False,2,20.190779014308436,19.39586645468998,0,CONFIRMED,,
forward_2026-09-07_2026-10-01,profit_protection,PROFIT_PROTECTION_202610,2026-09-29,6957,裕慶-KY,WATCH,未持有，今日未觸發進場條件,,,89.7,CONTINUE,False,1,11.386138613861396,1.4851485148514865,0,,,
forward_2026-09-07_2026-10-01,profit_protection,PROFIT_PROTECTION_202610,2026-09-29,7765,中華資安,WATCH,未持有，今日未觸發進場條件,,,63.0,STOP_OBSERVING,False,1,-1.2499999999999956,-1.8750000000000044,0,,,
forward_2026-09-07_2026-10-01,profit_protection,PROFIT_PROTECTION_202610,2026-09-29,7799,禾榮科,PULLBACK_WATCH,符合 PULLBACK_WATCH 條件（尚未回穩確認，不進場）,,,70.7,CAUTION,False,1,-7.6271186440677985,-7.721280602636538,0,,,
forward_2026-09-07_2026-10-01,profit_protection,PROFIT_PROTECTION_202610,2026-09-29,8028,昇陽半導體,WATCH,未持有，今日未觸發進場條件,,,78.1,,True,1,0.0,-6.747404844290661,6,,,
forward_2026-09-07_2026-10-01,profit_protection,PROFIT_PROTECTION_202610,2026-09-29,8046,南電,WATCH,未持有，今日未觸發進場條件,,,76.7,,True,1,0.0,-5.511811023622048,6,,,
forward_2026-09-07_2026-10-01,profit_protection,PROFIT_PROTECTION_202610,2026-09-29,8150,南茂,WATCH,未持有，今日未觸發進場條件,,,77.1,STOP_OBSERVING,False,2,1.4563106796116498,1.4563106796116498,0,,,
forward_2026-09-07_2026-10-01,profit_protection,PROFIT_PROTECTION_202610,2026-09-30,1560,中砂,HOLD,持有中，今日未觸發出場/確認條件,,24.097938144329923,90.5,CONTINUE,False,4,18.159509202453993,16.932515337423304,0,CONFIRMED,,
forward_2026-09-07_2026-10-01,profit_protection,PROFIT_PROTECTION_202610,2026-09-30,1709,和益,WATCH,未持有，今日未觸發進場條件,,,90.0,CONTINUE,False,1,9.999999999999986,0.0,0,,,
forward_2026-09-07_2026-10-01,profit_protection,PROFIT_PROTECTION_202610,2026-09-30,2033,佳大,SKIPPED_PORTFOLIO_CAPACITY,符合 CONTINUATION_BREAKOUT_SURGE 但同時持股名額已滿,,,77.8,CAUTION,True,1,0.0,-8.736717827626928,7,,1,
forward_2026-09-07_2026-10-01,profit_protection,PROFIT_PROTECTION_202610,2026-09-30,2034,允強,WATCH,未持有，今日未觸發進場條件,,,75.2,CONTINUE,False,1,8.771929824561408,4.385964912280693,0,,,
forward_2026-09-07_2026-10-01,profit_protection,PROFIT_PROTECTION_202610,2026-09-30,2254,巨鎧精密-創,WATCH,未持有，今日未觸發進場條件,,,87.8,CONTINUE,False,1,12.78928136419002,12.180267965895242,0,,,
forward_2026-09-07_2026-10-01,profit_protection,PROFIT_PROTECTION_202610,2026-09-30,2305,全友,WATCH,未持有，今日未觸發進場條件,,,81.8,CAUTION,False,1,39.068825910931196,34.41295546558707,0,,,
forward_2026-09-07_2026-10-01,profit_protection,PROFIT_PROTECTION_202610,2026-09-30,2340,台亞,WATCH,未持有，今日未觸發進場條件,,,84.7,CONTINUE,False,1,7.36842105263158,-0.7894736842105177,0,,,
forward_2026-09-07_2026-10-01,profit_protection,PROFIT_PROTECTION_202610,2026-09-30,2360,致茂,HOLD,持有中，今日未觸發出場/確認條件,,-8.172043010752683,,,False,1,-6.971677559912859,-6.971677559912859,0,CONFIRMED,,
forward_2026-09-07_2026-10-01,profit_protection,PROFIT_PROTECTION_202610,2026-09-30,2395,研華,WATCH,未持有，今日未觸發進場條件,,,71.8,CAUTION,False,1,5.8309037900874605,5.8309037900874605,0,,,
forward_2026-09-07_2026-10-01,profit_protection,PROFIT_PROTECTION_202610,2026-09-30,2404,漢唐,WATCH,未持有，今日未觸發進場條件,,,80.4,CONTINUE,False,2,3.200000000000003,-1.6000000000000014,0,,,
forward_2026-09-07_2026-10-01,profit_protection,PROFIT_PROTECTION_202610,2026-09-30,2409,友達,WATCH,未持有，今日未觸發進場條件,,,84.6,,True,1,0.0,-7.522697795071331,7,,,
forward_2026-09-07_2026-10-01,profit_protection,PROFIT_PROTECTION_202610,2026-09-30,2449,京元電子,WATCH,未持有，今日未觸發進場條件,,,61.8,STOP_OBSERVING,False,3,11.132075471698123,10.943396226415093,0,,,
forward_2026-09-07_2026-10-01,profit_protection,PROFIT_PROTECTION_202610,2026-09-30,2481,強茂,WATCH,未持有，今日未觸發進場條件,,,56.1,STOP_OBSERVING,False,1,2.0771513353115667,0.8902077151335286,0,,,
forward_2026-09-07_2026-10-01,profit_protection,PROFIT_PROTECTION_202610,2026-09-30,3016,嘉晶,WATCH,未持有，今日未觸發進場條件,,,74.8,CAUTION,False,3,40.24896265560165,36.92946058091287,0,,,
forward_2026-09-07_2026-10-01,profit_protection,PROFIT_PROTECTION_202610,2026-09-30,3035,智原,WATCH,未持有，今日未觸發進場條件,,,73.9,CAUTION,False,4,10.209424083769637,8.900523560209429,0,,,
forward_2026-09-07_2026-10-01,profit_protection,PROFIT_PROTECTION_202610,2026-09-30,3044,健鼎,WATCH,未持有，今日未觸發進場條件,,,56.2,STOP_OBSERVING,False,1,-2.5974025974025983,-3.153988868274582,0,,,
forward_2026-09-07_2026-10-01,profit_protection,PROFIT_PROTECTION_202610,2026-09-30,3055,蔚華科,WATCH,未持有，今日未觸發進場條件,,,81.1,CAUTION,False,5,27.74390243902438,18.90243902439024,0,,,
forward_2026-09-07_2026-10-01,profit_protection,PROFIT_PROTECTION_202610,2026-09-30,3094,聯傑,WATCH,未持有，今日未觸發進場條件,,,71.5,CAUTION,False,2,19.14893617021276,14.119922630560922,0,,,
forward_2026-09-07_2026-10-01,profit_protection,PROFIT_PROTECTION_202610,2026-09-30,3189,景碩,WATCH,未持有，今日未觸發進場條件,,,79.6,CAUTION,False,1,1.5706806282722585,-1.8848167539266991,0,,,
forward_2026-09-07_2026-10-01,profit_protection,PROFIT_PROTECTION_202610,2026-09-30,3563,牧德,WATCH,未持有，今日未觸發進場條件,,,74.4,CONTINUE,True,2,13.502109704641342,10.26722925457102,7,,,
forward_2026-09-07_2026-10-01,profit_protection,PROFIT_PROTECTION_202610,2026-09-30,3591,艾笛森,WATCH,未持有，今日未觸發進場條件,,,72.6,CONTINUE,False,1,3.9772727272727293,0.18939393939394478,0,,,
forward_2026-09-07_2026-10-01,profit_protection,PROFIT_PROTECTION_202610,2026-09-30,3711,日月光投控,HOLD,持有中，今日未觸發出場/確認條件,,4.302670623145399,67.5,CAUTION,False,2,9.843749999999996,9.843749999999996,0,,,
forward_2026-09-07_2026-10-01,profit_protection,PROFIT_PROTECTION_202610,2026-09-30,3717,聯嘉投控,WATCH,未持有，今日未觸發進場條件,,,60.7,CAUTION,False,1,10.358565737051784,8.764940239043817,0,,,
forward_2026-09-07_2026-10-01,profit_protection,PROFIT_PROTECTION_202610,2026-09-30,4576,大銀微系統,WATCH,未持有，今日未觸發進場條件,,,68.3,CAUTION,False,1,-2.0746887966805017,-2.2821576763485507,0,,,
forward_2026-09-07_2026-10-01,profit_protection,PROFIT_PROTECTION_202610,2026-09-30,4770,上品,WATCH,未持有，今日未觸發進場條件,,,73.8,STOP_OBSERVING,False,1,2.5454545454545396,0.9090909090909038,0,,,
forward_2026-09-07_2026-10-01,profit_protection,PROFIT_PROTECTION_202610,2026-09-30,6133,金橋,WATCH,未持有，今日未觸發進場條件,,,72.1,CAUTION,False,1,3.8596491228070295,-1.0526315789473717,0,,,
forward_2026-09-07_2026-10-01,profit_protection,PROFIT_PROTECTION_202610,2026-09-30,6166,凌華,WATCH,未持有，今日未觸發進場條件,,,81.8,CAUTION,False,1,0.7575757575757569,0.37878787878788955,0,,,
forward_2026-09-07_2026-10-01,profit_protection,PROFIT_PROTECTION_202610,2026-09-30,6168,宏齊,WATCH,未持有，今日未觸發進場條件,,,91.6,CONTINUE,False,3,40.74650077760498,38.41368584758944,0,,,
forward_2026-09-07_2026-10-01,profit_protection,PROFIT_PROTECTION_202610,2026-09-30,6196,帆宣,WATCH,未持有，今日未觸發進場條件,,,81.7,CONTINUE,True,3,6.557377049180335,0.36429872495447047,7,,,
forward_2026-09-07_2026-10-01,profit_protection,PROFIT_PROTECTION_202610,2026-09-30,6213,聯茂,WATCH,未持有，今日未觸發進場條件,,,78.2,CAUTION,False,1,0.4838709677419395,0.3225806451612856,0,,,
forward_2026-09-07_2026-10-01,profit_protection,PROFIT_PROTECTION_202610,2026-09-30,6226,光鼎,HOLD,持有中，今日未觸發出場/確認條件,,13.032581453634084,61.7,STOP_OBSERVING,False,1,24.242424242424264,22.314049586776875,0,CONFIRMED,,
forward_2026-09-07_2026-10-01,profit_protection,PROFIT_PROTECTION_202610,2026-09-30,6257,矽格,WATCH,未持有，今日未觸發進場條件,,,78.7,CAUTION,False,3,14.157303370786511,7.191011235955047,0,,,
forward_2026-09-07_2026-10-01,profit_protection,PROFIT_PROTECTION_202610,2026-09-30,6438,迅得,WATCH,未持有，今日未觸發進場條件,,,74.8,CONTINUE,False,1,1.2345679012345734,0.0,0,,,
forward_2026-09-07_2026-10-01,profit_protection,PROFIT_PROTECTION_202610,2026-09-30,6456,GIS-KY,WATCH,未持有，今日未觸發進場條件,,,58.8,CAUTION,False,1,2.9082774049216997,0.11185682326622093,0,,,
forward_2026-09-07_2026-10-01,profit_protection,PROFIT_PROTECTION_202610,2026-09-30,6491,晶碩,WATCH,未持有，今日未觸發進場條件,,,61.7,CAUTION,False,1,1.4742014742014753,0.12285012285011554,0,,,
forward_2026-09-07_2026-10-01,profit_protection,PROFIT_PROTECTION_202610,2026-09-30,6505,台塑化,WATCH,未持有，今日未觸發進場條件,,,89.4,CAUTION,False,1,12.877030162412995,7.88863109048723,0,,,
forward_2026-09-07_2026-10-01,profit_protection,PROFIT_PROTECTION_202610,2026-09-30,6526,達發,WATCH,未持有，今日未觸發進場條件,,,91.6,CONTINUE,True,5,21.5629522431259,18.52387843704775,7,,,
forward_2026-09-07_2026-10-01,profit_protection,PROFIT_PROTECTION_202610,2026-09-30,6533,晶心科,WATCH,未持有，今日未觸發進場條件,,,73.7,CAUTION,False,1,9.8846787479407,-0.8237232289950547,0,,,
forward_2026-09-07_2026-10-01,profit_protection,PROFIT_PROTECTION_202610,2026-09-30,6672,騰輝電子-KY,WATCH,未持有，今日未觸發進場條件,,,82.4,CONTINUE,True,2,9.333333333333327,-0.592592592592589,7,,,
forward_2026-09-07_2026-10-01,profit_protection,PROFIT_PROTECTION_202610,2026-09-30,6691,洋基工程,WATCH,未持有，今日未觸發進場條件,,,86.1,CAUTION,True,1,0.0,-7.510431154381081,6,,,
forward_2026-09-07_2026-10-01,profit_protection,PROFIT_PROTECTION_202610,2026-09-30,6861,睿生光電,WATCH,未持有，今日未觸發進場條件,,,74.5,CAUTION,True,1,0.0,-6.2200956937799035,7,,,
forward_2026-09-07_2026-10-01,profit_protection,PROFIT_PROTECTION_202610,2026-09-30,6902,GOGOLOOK-創,HOLD,持有中，今日未觸發出場/確認條件,,-9.915014164305946,,,False,1,-6.194690265486724,-7.964601769911505,0,CONFIRMED,,
forward_2026-09-07_2026-10-01,profit_protection,PROFIT_PROTECTION_202610,2026-09-30,6933,AMAX-KY,HOLD,持有中，今日未觸發出場/確認條件,,7.3806078147611975,65.0,CAUTION,False,2,17.96502384737679,17.96502384737679,0,CONFIRMED,,
forward_2026-09-07_2026-10-01,profit_protection,PROFIT_PROTECTION_202610,2026-09-30,6957,裕慶-KY,WATCH,未持有，今日未觸發進場條件,,,80.0,CAUTION,False,1,22.442244224422446,17.491749174917494,0,,,
forward_2026-09-07_2026-10-01,profit_protection,PROFIT_PROTECTION_202610,2026-09-30,7799,禾榮科,SKIPPED_PORTFOLIO_CAPACITY,符合 PULLBACK_RECOVERY_ENTRY 但同時持股名額已滿,,,77.5,CAUTION,False,1,1.5065913370998052,-5.273069679849341,0,,,
forward_2026-09-07_2026-10-01,profit_protection,PROFIT_PROTECTION_202610,2026-09-30,8028,昇陽半導體,WATCH,未持有，今日未觸發進場條件,,,60.3,STOP_OBSERVING,False,1,-2.249134948096887,-2.768166089965396,0,,,
forward_2026-09-07_2026-10-01,profit_protection,PROFIT_PROTECTION_202610,2026-09-30,8046,南電,WATCH,未持有，今日未觸發進場條件,,,80.9,CONTINUE,False,1,5.5118110236220375,-1.5748031496062964,0,,,
forward_2026-09-07_2026-10-01,profit_protection,PROFIT_PROTECTION_202610,2026-09-30,8150,南茂,WATCH,未持有，今日未觸發進場條件,,,82.1,,True,1,0.0,-7.860262008733621,7,,,
forward_2026-09-07_2026-10-01,profit_protection,PROFIT_PROTECTION_202610,2026-10-01,1560,中砂,HOLD,持有中，今日未觸發出場/確認條件,,28.865979381443307,90.7,CONTINUE,True,5,22.699386503067487,18.159509202453993,7,CONFIRMED,,
forward_2026-09-07_2026-10-01,profit_protection,PROFIT_PROTECTION_202610,2026-10-01,1709,和益,WATCH,未持有，今日未觸發進場條件,,,88.0,CONTINUE,False,1,20.90909090909092,17.272727272727284,0,,,
forward_2026-09-07_2026-10-01,profit_protection,PROFIT_PROTECTION_202610,2026-10-01,2030,彰源,WATCH,未持有，今日未觸發進場條件,,,71.5,CAUTION,True,1,0.0,-4.249667994687922,7,,,
forward_2026-09-07_2026-10-01,profit_protection,PROFIT_PROTECTION_202610,2026-10-01,2033,佳大,WATCH,未持有，今日未觸發進場條件,,,76.9,CAUTION,False,1,9.917355371900815,3.8961038961038863,0,,,
forward_2026-09-07_2026-10-01,profit_protection,PROFIT_PROTECTION_202610,2026-10-01,2034,允強,WATCH,未持有，今日未觸發進場條件,,,70.1,CONTINUE,False,1,3.5087719298245723,2.631578947368407,0,,,
forward_2026-09-07_2026-10-01,profit_protection,PROFIT_PROTECTION_202610,2026-10-01,2254,巨鎧精密-創,WATCH,未持有，今日未觸發進場條件,,,85.9,CONTINUE,False,1,14.616321559074308,13.276492082825818,0,,,
forward_2026-09-07_2026-10-01,profit_protection,PROFIT_PROTECTION_202610,2026-10-01,2305,全友,WATCH,未持有，今日未觸發進場條件,,,75.4,STOP_OBSERVING,False,1,25.303643724696357,25.303643724696357,0,,,
forward_2026-09-07_2026-10-01,profit_protection,PROFIT_PROTECTION_202610,2026-10-01,2330,台積電,WATCH,未持有，今日未觸發進場條件,,,68.2,,True,1,0.0,-0.9960159362549792,5,,,
forward_2026-09-07_2026-10-01,profit_protection,PROFIT_PROTECTION_202610,2026-10-01,2340,台亞,WATCH,未持有，今日未觸發進場條件,,,87.7,CONTINUE,False,1,15.39473684210526,5.921052631578938,0,,,
forward_2026-09-07_2026-10-01,profit_protection,PROFIT_PROTECTION_202610,2026-10-01,2347,聯強,WATCH,未持有，今日未觸發進場條件,,,82.3,,True,1,0.0,-1.0482180293501009,7,,,
forward_2026-09-07_2026-10-01,profit_protection,PROFIT_PROTECTION_202610,2026-10-01,2360,致茂,HOLD,持有中，今日未觸發出場/確認條件,,-10.537634408602148,,,False,1,-9.368191721132902,-11.764705882352944,0,CONFIRMED,,
forward_2026-09-07_2026-10-01,profit_protection,PROFIT_PROTECTION_202610,2026-10-01,2363,矽統,WATCH,未持有，今日未觸發進場條件,,,77.9,,True,1,0.0,-2.4752475247524774,7,,,
forward_2026-09-07_2026-10-01,profit_protection,PROFIT_PROTECTION_202610,2026-10-01,2395,研華,WATCH,未持有，今日未觸發進場條件,,,66.6,CAUTION,False,1,5.393586005830908,4.664723032069973,0,,,
forward_2026-09-07_2026-10-01,profit_protection,PROFIT_PROTECTION_202610,2026-10-01,2404,漢唐,WATCH,未持有，今日未觸發進場條件,,,83.8,CONTINUE,True,3,4.400000000000004,1.6000000000000014,7,,,
forward_2026-09-07_2026-10-01,profit_protection,PROFIT_PROTECTION_202610,2026-10-01,2409,友達,WATCH,未持有，今日未觸發進場條件,,,71.2,CAUTION,False,1,-0.6485084306095956,-1.945525291828798,0,,,
forward_2026-09-07_2026-10-01,profit_protection,PROFIT_PROTECTION_202610,2026-10-01,3016,嘉晶,WATCH,未持有，今日未觸發進場條件,,,78.0,CAUTION,True,4,39.419087136929456,34.854771784232376,6,,,
forward_2026-09-07_2026-10-01,profit_protection,PROFIT_PROTECTION_202610,2026-10-01,3035,智原,WATCH,未持有，今日未觸發進場條件,,,73.4,CAUTION,False,4,11.518324607329845,9.162303664921456,0,,,
forward_2026-09-07_2026-10-01,profit_protection,PROFIT_PROTECTION_202610,2026-10-01,3055,蔚華科,WATCH,未持有，今日未觸發進場條件,,,81.7,CAUTION,False,5,28.04878048780488,23.17073170731707,0,,,
forward_2026-09-07_2026-10-01,profit_protection,PROFIT_PROTECTION_202610,2026-10-01,3094,聯傑,WATCH,未持有，今日未觸發進場條件,,,75.1,CAUTION,False,2,30.947775628626694,19.342359767891693,0,,,
forward_2026-09-07_2026-10-01,profit_protection,PROFIT_PROTECTION_202610,2026-10-01,3189,景碩,WATCH,未持有，今日未觸發進場條件,,,78.8,CAUTION,False,1,5.759162303664911,0.9424083769633551,0,,,
forward_2026-09-07_2026-10-01,profit_protection,PROFIT_PROTECTION_202610,2026-10-01,3231,緯創,WATCH,未持有，今日未觸發進場條件,,,77.1,,True,1,0.0,-2.6246719160105014,6,,,
forward_2026-09-07_2026-10-01,profit_protection,PROFIT_PROTECTION_202610,2026-10-01,3563,牧德,WATCH,未持有，今日未觸發進場條件,,,53.4,STOP_OBSERVING,False,2,6.047819971870605,5.485232067510548,0,,,
forward_2026-09-07_2026-10-01,profit_protection,PROFIT_PROTECTION_202610,2026-10-01,3591,艾笛森,WATCH,未持有，今日未觸發進場條件,,,71.8,STOP_OBSERVING,False,1,1.8939393939394034,1.1363636363636465,0,,,
forward_2026-09-07_2026-10-01,profit_protection,PROFIT_PROTECTION_202610,2026-10-01,3711,日月光投控,HOLD,持有中，今日未觸發出場/確認條件,,5.341246290801194,68.8,CAUTION,False,2,10.9375,8.281249999999996,0,,,
forward_2026-09-07_2026-10-01,profit_protection,PROFIT_PROTECTION_202610,2026-10-01,3717,聯嘉投控,WATCH,未持有，今日未觸發進場條件,,,71.9,CAUTION,False,1,8.964143426294813,7.768924302788838,0,,,
forward_2026-09-07_2026-10-01,profit_protection,PROFIT_PROTECTION_202610,2026-10-01,4576,大銀微系統,WATCH,未持有，今日未觸發進場條件,,,43.0,STOP_OBSERVING,False,1,-1.4522821576763434,-4.356846473029041,0,,,
forward_2026-09-07_2026-10-01,profit_protection,PROFIT_PROTECTION_202610,2026-10-01,4919,新唐,WATCH,未持有，今日未觸發進場條件,,,76.4,,True,1,0.0,-8.552631578947366,7,,,
forward_2026-09-07_2026-10-01,profit_protection,PROFIT_PROTECTION_202610,2026-10-01,4961,天鈺,WATCH,未持有，今日未觸發進場條件,,,81.3,,True,1,0.0,-3.4946236559139754,7,,,
forward_2026-09-07_2026-10-01,profit_protection,PROFIT_PROTECTION_202610,2026-10-01,6133,金橋,WATCH,未持有，今日未觸發進場條件,,,58.9,CAUTION,False,1,2.807017543859658,2.807017543859658,0,,,
forward_2026-09-07_2026-10-01,profit_protection,PROFIT_PROTECTION_202610,2026-10-01,6166,凌華,WATCH,未持有，今日未觸發進場條件,,,75.3,CAUTION,False,1,-1.5151515151515138,-2.651515151515149,0,,,
forward_2026-09-07_2026-10-01,profit_protection,PROFIT_PROTECTION_202610,2026-10-01,6168,宏齊,WATCH,未持有，今日未觸發進場條件,,,91.7,CONTINUE,True,4,46.18973561430795,42.14618973561433,7,,,
forward_2026-09-07_2026-10-01,profit_protection,PROFIT_PROTECTION_202610,2026-10-01,6196,帆宣,WATCH,未持有，今日未觸發進場條件,,,85.5,CONTINUE,True,4,9.653916211293257,5.464480874316946,7,,,
forward_2026-09-07_2026-10-01,profit_protection,PROFIT_PROTECTION_202610,2026-10-01,6213,聯茂,WATCH,未持有，今日未觸發進場條件,,,83.4,CAUTION,False,1,3.548387096774186,-1.4516129032258074,0,,,
forward_2026-09-07_2026-10-01,profit_protection,PROFIT_PROTECTION_202610,2026-10-01,6226,光鼎,HOLD,持有中，今日未觸發出場/確認條件,,20.30075187969924,,,False,1,32.231404958677686,22.72727272727273,0,CONFIRMED,,
forward_2026-09-07_2026-10-01,profit_protection,PROFIT_PROTECTION_202610,2026-10-01,6257,矽格,WATCH,未持有，今日未觸發進場條件,,,75.9,CAUTION,False,3,15.280898876404493,11.910112359550551,0,,,
forward_2026-09-07_2026-10-01,profit_protection,PROFIT_PROTECTION_202610,2026-10-01,6438,迅得,WATCH,未持有，今日未觸發進場條件,,,81.0,CONTINUE,False,1,1.5432098765432167,0.92592592592593,0,,,
forward_2026-09-07_2026-10-01,profit_protection,PROFIT_PROTECTION_202610,2026-10-01,6456,GIS-KY,WATCH,未持有，今日未觸發進場條件,,,62.4,CAUTION,False,1,-1.6778523489932917,-3.6912751677852462,0,,,
forward_2026-09-07_2026-10-01,profit_protection,PROFIT_PROTECTION_202610,2026-10-01,6491,晶碩,WATCH,未持有，今日未觸發進場條件,,,79.4,CAUTION,False,1,3.5626535626535727,0.49140049140048436,0,,,
forward_2026-09-07_2026-10-01,profit_protection,PROFIT_PROTECTION_202610,2026-10-01,6505,台塑化,WATCH,未持有，今日未觸發進場條件,,,81.9,CAUTION,False,1,9.280742459396762,7.656612529002316,0,,,
forward_2026-09-07_2026-10-01,profit_protection,PROFIT_PROTECTION_202610,2026-10-01,6526,達發,WATCH,未持有，今日未觸發進場條件,,,89.0,CONTINUE,True,6,19.971056439942103,18.37916063675833,7,,,
forward_2026-09-07_2026-10-01,profit_protection,PROFIT_PROTECTION_202610,2026-10-01,6533,晶心科,WATCH,未持有，今日未觸發進場條件,,,76.4,CONTINUE,False,1,20.757825370675455,11.037891268533762,0,,,
forward_2026-09-07_2026-10-01,profit_protection,PROFIT_PROTECTION_202610,2026-10-01,6672,騰輝電子-KY,WATCH,未持有，今日未觸發進場條件,,,86.9,CONTINUE,True,3,20.148148148148138,9.481481481481492,7,,,
forward_2026-09-07_2026-10-01,profit_protection,PROFIT_PROTECTION_202610,2026-10-01,6691,洋基工程,WATCH,未持有，今日未觸發進場條件,,,88.0,CONTINUE,True,2,1.9471488178025131,0.0,6,,,
forward_2026-09-07_2026-10-01,profit_protection,PROFIT_PROTECTION_202610,2026-10-01,6834,天二科技,WATCH,未持有，今日未觸發進場條件,,,78.1,CAUTION,True,1,0.0,-7.949790794979084,6,,,
forward_2026-09-07_2026-10-01,profit_protection,PROFIT_PROTECTION_202610,2026-10-01,6861,睿生光電,WATCH,未持有，今日未觸發進場條件,,,66.0,STOP_OBSERVING,False,1,-6.858054226475274,-8.133971291866027,0,,,
forward_2026-09-07_2026-10-01,profit_protection,PROFIT_PROTECTION_202610,2026-10-01,6902,GOGOLOOK-創,SELL,CONTINUATION_CONFIRMED_STOP,2026-10-02,-12.181303116147312,,,False,1,-8.55457227138643,-8.55457227138643,0,,,
forward_2026-09-07_2026-10-01,profit_protection,PROFIT_PROTECTION_202610,2026-10-01,6933,AMAX-KY,HOLD,持有中，今日未觸發出場/確認條件,,14.18234442836468,75.5,CAUTION,False,2,25.437201907790154,17.488076311605717,0,CONFIRMED,,
forward_2026-09-07_2026-10-01,profit_protection,PROFIT_PROTECTION_202610,2026-10-01,6957,裕慶-KY,WATCH,未持有，今日未觸發進場條件,,,69.1,CONTINUE,False,1,26.732673267326735,20.13201320132014,0,,,
forward_2026-09-07_2026-10-01,profit_protection,PROFIT_PROTECTION_202610,2026-10-01,7711,永擎,WATCH,未持有，今日未觸發進場條件,,,60.3,,True,1,0.0,-10.551948051948056,5,,,
forward_2026-09-07_2026-10-01,profit_protection,PROFIT_PROTECTION_202610,2026-10-01,7799,禾榮科,WATCH,未持有，今日未觸發進場條件,,,67.5,CAUTION,False,1,4.519774011299438,2.4482109227871973,0,,,
forward_2026-09-07_2026-10-01,profit_protection,PROFIT_PROTECTION_202610,2026-10-01,8046,南電,WATCH,未持有，今日未觸發進場條件,,,79.4,CONTINUE,True,2,11.811023622047244,7.874015748031504,6,,,
forward_2026-09-07_2026-10-01,profit_protection,PROFIT_PROTECTION_202610,2026-10-01,8150,南茂,WATCH,未持有，今日未觸發進場條件,,,81.7,CONTINUE,True,2,0.8733624454148492,-4.366812227074234,7,,,
